date;weekday;entryUtc;entryPrice;buyPips;buyCloseUtc;sellPips;sellCloseUtc;dayPips;ambiguousLegs;spreadAtEntryPips
2021-01-04;Mon;15:00;1.22896;-10;2021-01-04 15:08;35;2021-01-04 16:56;25;0;
2021-01-05;Tue;15:00;1.22620;35;2021-01-05 17:04;-10;2021-01-05 15:37;25;0;
2021-01-06;Wed;15:00;1.23074;-10;2021-01-06 15:43;-10;2021-01-06 15:15;-20;0;
2021-01-07;Thu;15:00;1.22581;-10;2021-01-07 15:19;-10;2021-01-07 16:06;-20;0;
2021-01-08;Fri;15:00;1.22473;-10;2021-01-08 15:16;-10;2021-01-08 15:59;-20;0;
2021-01-11;Mon;15:00;1.21365;35;2021-01-11 16:57;-10;2021-01-11 15:18;25;0;
2021-01-12;Tue;15:00;1.21502;35;2021-01-12 18:30;-10;2021-01-12 15:22;25;0;
2021-01-13;Wed;15:00;1.21645;-10;2021-01-13 16:19;-10;2021-01-13 15:21;-20;0;
2021-01-14;Thu;15:00;1.21171;35;2021-01-14 16:47;-10;2021-01-14 15:34;25;0;
2021-01-15;Fri;15:00;1.20980;-10;2021-01-15 15:06;35;2021-01-18 09:31;25;0;
2021-01-18;Mon;15:00;1.20717;35;2021-01-19 07:47;-10;2021-01-18 19:43;25;0;
2021-01-19;Tue;15:00;1.21266;-10;2021-01-19 16:32;-10;2021-01-19 23:13;-20;0;
2021-01-20;Wed;15:00;1.20827;35;2021-01-20 15:46;-10;2021-01-20 15:10;25;0;
2021-01-22;Fri;15:00;1.21741;-10;2021-01-22 15:53;-10;2021-01-22 15:14;-20;0;
2021-01-25;Mon;15:00;1.21196;-10;2021-01-26 07:56;-10;2021-01-25 15:57;-20;0;
2021-01-26;Tue;15:00;1.21584;-10;2021-01-26 16:52;-10;2021-01-26 15:17;-20;0;
2021-01-27;Wed;15:00;1.20688;35;2021-01-27 16:39;-10;2021-01-27 15:07;25;0;
2021-01-28;Thu;15:00;1.21296;-10;2021-01-28 16:01;-10;2021-01-28 15:12;-20;0;
2021-01-29;Fri;15:00;1.21474;-10;2021-01-29 15:20;35;2021-02-01 08:30;25;0;
2021-02-01;Mon;15:00;1.20887;-10;2021-02-01 16:12;35;2021-02-02 10:15;25;0;
2021-02-02;Tue;15:00;1.20260;-10;2021-02-02 17:24;-10;2021-02-02 20:54;-20;0;
2021-02-03;Wed;15:00;1.20267;-10;2021-02-03 15:24;-10;2021-02-03 21:42;-20;0;
2021-02-04;Thu;15:00;1.19805;-10;2021-02-04 15:27;-10;2021-02-05 12:30;-20;0;
2021-02-05;Fri;15:00;1.20198;35;2021-02-07 23:02;-10;2021-02-05 15:08;25;0;
2021-02-08;Mon;15:00;1.20564;-10;2021-02-08 15:59;-10;2021-02-09 02:12;-20;0;
2021-02-09;Tue;15:00;1.20927;35;2021-02-10 03:05;-10;2021-02-09 15:52;25;0;
2021-02-10;Wed;15:00;1.21251;-10;2021-02-11 00:36;-10;2021-02-10 15:09;-20;0;
2021-02-11;Thu;15:00;1.21353;-10;2021-02-11 16:34;35;2021-02-12 09:17;25;0;
2021-02-12;Fri;15:00;1.20925;35;2021-02-12 16:13;-10;2021-02-12 15:38;25;0;
2021-02-15;Mon;15:00;1.21241;35;2021-02-16 10:41;-10;2021-02-15 16:19;25;0;
2021-02-16;Tue;15:00;1.20989;-10;2021-02-16 23:12;-10;2021-02-16 15:08;-20;0;
2021-02-17;Wed;15:00;1.20390;-10;2021-02-17 15:31;-10;2021-02-18 00:44;-20;0;
2021-02-18;Thu;15:00;1.20721;-10;2021-02-18 15:16;-10;2021-02-18 15:49;-20;0;
2021-02-19;Fri;15:00;1.21248;-10;2021-02-19 18:20;-10;2021-02-19 16:29;-20;0;
2021-02-22;Mon;15:00;1.21468;-10;2021-02-22 15:56;-10;2021-02-22 17:06;-20;0;
2021-02-23;Tue;15:00;1.21396;-10;2021-02-24 13:49;-10;2021-02-23 15:10;-20;0;
2021-02-24;Wed;15:00;1.21328;-10;2021-02-24 15:04;-10;2021-02-24 16:59;-20;0;
2021-02-25;Thu;15:00;1.22404;-10;2021-02-25 15:05;35;2021-02-25 18:02;25;0;
2021-02-26;Fri;15:00;1.21213;-10;2021-02-26 15:09;-10;2021-02-26 15:39;-20;0;
2021-03-01;Mon;15:00;1.20389;-10;2021-03-01 15:13;-10;2021-03-01 15:56;-20;0;
2021-03-02;Tue;15:00;1.20427;35;2021-03-02 16:51;-10;2021-03-02 15:55;25;0;
2021-03-03;Wed;15:00;1.20566;-10;2021-03-03 23:21;-10;2021-03-03 15:50;-20;0;
2021-03-04;Thu;15:00;1.20363;-10;2021-03-04 15:19;-10;2021-03-04 16:18;-20;0;
2021-03-05;Fri;15:00;1.19128;-10;2021-03-08 02:46;-10;2021-03-05 15:07;-20;0;
2021-03-08;Mon;15:00;1.18792;-10;2021-03-08 15:43;35;2021-03-08 21:36;25;0;
2021-03-09;Tue;15:00;1.19025;-10;2021-03-09 15:47;-10;2021-03-10 13:59;-20;0;
2021-03-10;Wed;15:00;1.19116;-10;2021-03-10 15:26;-10;2021-03-10 18:12;-20;0;
2021-03-11;Thu;15:00;1.19379;-10;2021-03-11 15:24;-10;2021-03-11 15:43;-20;0;
2021-03-12;Fri;15:00;1.19301;-10;2021-03-12 15:22;-10;2021-03-12 16:12;-20;0;
2021-03-15;Mon;14:00;1.19210;-10;2021-03-15 15:37;-10;2021-03-15 15:04;-20;0;
2021-03-16;Tue;14:00;1.19026;-10;2021-03-16 15:19;-10;2021-03-16 14:25;-20;0;
2021-03-17;Wed;14:00;1.19040;35;2021-03-17 18:00;-10;2021-03-17 14:25;25;0;
2021-03-18;Thu;14:00;1.19132;-10;2021-03-19 01:22;-10;2021-03-18 14:06;-20;0;
2021-03-19;Fri;14:00;1.18802;35;2021-03-22 11:02;-10;2021-03-19 15:16;25;0;
2021-03-22;Mon;14:00;1.19170;-10;2021-03-23 07:50;-10;2021-03-22 14:51;-20;0;
2021-03-23;Tue;14:00;1.18730;-10;2021-03-23 14:06;35;2021-03-23 23:52;25;0;
2021-03-24;Wed;14:00;1.18246;-10;2021-03-24 19:57;-10;2021-03-24 15:44;-20;0;
2021-03-25;Thu;14:00;1.18087;-10;2021-03-25 14:15;35;2021-03-25 15:58;25;0;
2021-03-26;Fri;14:00;1.17842;-10;2021-03-29 05:52;-10;2021-03-26 15:35;-20;0;
2021-03-29;Mon;14:00;1.17753;-10;2021-03-29 14:55;-10;2021-03-29 14:38;-20;0;
2021-03-30;Tue;14:00;1.17187;-10;2021-03-31 02:25;-10;2021-03-30 14:31;-20;0;
2021-03-31;Wed;14:00;1.17367;-10;2021-03-31 18:58;-10;2021-03-31 14:31;-20;0;
2021-04-01;Thu;14:00;1.17534;-10;2021-04-01 14:09;-10;2021-04-01 14:52;-20;0;
2021-04-02;Fri;14:00;1.17670;-10;2021-04-02 14:11;-10;2021-04-05 12:39;-20;0;
2021-04-05;Mon;14:00;1.17979;35;2021-04-06 12:47;-10;2021-04-05 14:20;25;0;
2021-04-06;Tue;14:00;1.18401;35;2021-04-06 20:09;-10;2021-04-06 15:44;25;0;
2021-04-07;Wed;14:00;1.18898;-10;2021-04-07 18:05;-10;2021-04-07 14:11;-20;0;
2021-04-08;Thu;14:00;1.18965;-10;2021-04-09 06:32;-10;2021-04-08 14:05;-20;0;
2021-04-09;Fri;14:00;1.18847;-10;2021-04-12 07:29;-10;2021-04-09 14:35;-20;0;
2021-04-12;Mon;14:00;1.19054;-10;2021-04-13 03:22;-10;2021-04-12 14:20;-20;0;
2021-04-13;Tue;14:00;1.19361;-10;2021-04-13 14:58;-10;2021-04-13 18:24;-20;0;
2021-04-14;Wed;14:00;1.19581;35;2021-04-15 09:23;-10;2021-04-14 14:46;25;0;
2021-04-15;Thu;14:00;1.19767;-10;2021-04-15 14:52;-10;2021-04-16 07:58;-20;0;
2021-04-16;Fri;14:00;1.19786;-10;2021-04-18 23:31;-10;2021-04-16 14:17;-20;0;
2021-04-19;Mon;14:00;1.20250;-10;2021-04-19 14:16;-10;2021-04-19 14:36;-20;0;
2021-04-20;Tue;14:00;1.20425;-10;2021-04-20 15:37;-10;2021-04-20 14:29;-20;0;
2021-04-21;Wed;14:00;1.20106;35;2021-04-22 02:15;-10;2021-04-21 14:40;25;0;
2021-04-22;Thu;14:00;1.20288;-10;2021-04-22 14:13;35;2021-04-22 18:16;25;0;
2021-04-23;Fri;14:00;1.20611;-10;2021-04-23 14:17;-10;2021-04-23 16:02;-20;0;
2021-04-26;Mon;14:00;1.20672;-10;2021-04-27 08:14;-10;2021-04-26 14:34;-20;0;
2021-04-27;Tue;14:00;1.20839;-10;2021-04-27 16:12;-10;2021-04-28 14:21;-20;0;
2021-04-28;Wed;14:00;1.20708;35;2021-04-28 18:27;-10;2021-04-28 14:10;25;0;
2021-04-29;Thu;14:00;1.21046;-10;2021-04-30 08:01;-10;2021-04-29 14:09;-20;0;
2021-04-30;Fri;14:00;1.20750;-10;2021-04-30 14:06;35;2021-04-30 14:56;25;0;
2021-05-03;Mon;14:00;1.20594;-10;2021-05-04 01:26;-10;2021-05-03 14:15;-20;0;
2021-05-04;Tue;14:00;1.20215;-10;2021-05-04 15:11;-10;2021-05-04 14:57;-20;0;
2021-05-05;Wed;14:00;1.19976;35;2021-05-06 08:17;-10;2021-05-05 14:43;25;0;
2021-05-06;Thu;14:00;1.20628;-10;2021-05-06 15:08;-10;2021-05-07 07:14;-20;0;
2021-05-07;Fri;14:00;1.21218;35;2021-05-07 15:37;-10;2021-05-07 14:11;25;0;
2021-05-10;Mon;14:00;1.21605;-10;2021-05-10 17:20;-10;2021-05-10 14:14;-20;0;
2021-05-11;Tue;14:00;1.21710;-10;2021-05-11 14:46;35;2021-05-12 01:05;25;0;
2021-05-12;Wed;14:00;1.20994;-10;2021-05-12 14:02;35;2021-05-13 08:47;25;0;
2021-05-13;Thu;14:00;1.20983;-10;2021-05-13 14:20;35;2021-05-13 17:33;25;0;
2021-05-14;Fri;14:00;1.21390;-10;2021-05-17 02:31;-10;2021-05-16 22:17;-20;0;
2021-05-17;Mon;14:00;1.21448;35;2021-05-18 06:15;-10;2021-05-17 15:50;25;0;
2021-05-18;Tue;14:00;1.22121;-10;2021-05-18 15:34;-10;2021-05-18 14:57;-20;0;
2021-05-19;Wed;14:00;1.22270;-10;2021-05-19 14:44;35;2021-05-19 18:04;25;0;
2021-05-20;Thu;14:00;1.22117;-10;2021-05-21 11:57;-10;2021-05-20 15:43;-20;0;
2021-05-21;Fri;14:00;1.21847;-10;2021-05-21 14:18;-10;2021-05-24 06:54;-20;0;
2021-05-24;Mon;14:00;1.22237;-10;2021-05-24 14:57;-10;2021-05-25 06:20;-20;0;
2021-05-25;Tue;14:00;1.22456;-10;2021-05-25 15:26;-10;2021-05-25 18:43;-20;0;
2021-05-26;Wed;14:00;1.22275;-10;2021-05-26 14:59;-10;2021-05-26 14:20;-20;0;
2021-05-27;Thu;14:00;1.21947;-10;2021-05-28 00:35;-10;2021-05-27 14:17;-20;0;
2021-05-28;Fri;14:00;1.21651;35;2021-05-28 16:16;-10;2021-05-28 14:34;25;0;
2021-05-31;Mon;14:00;1.22040;35;2021-06-01 07:32;-10;2021-05-31 14:53;25;0;
2021-06-01;Tue;14:00;1.22439;-10;2021-06-01 16:35;-10;2021-06-01 14:30;-20;0;
2021-06-02;Wed;14:00;1.22029;-10;2021-06-03 06:08;-10;2021-06-02 15:14;-20;0;
2021-06-03;Thu;14:00;1.21425;-10;2021-06-03 14:16;35;2021-06-04 05:54;25;0;
2021-06-04;Fri;14:00;1.21796;-10;2021-06-04 14:18;-10;2021-06-07 14:56;-20;0;
2021-06-07;Mon;14:00;1.21795;-10;2021-06-08 07:19;-10;2021-06-07 14:56;-20;0;
2021-06-08;Tue;14:00;1.21819;-10;2021-06-08 19:52;-10;2021-06-08 14:53;-20;0;
2021-06-09;Wed;14:00;1.22141;-10;2021-06-09 14:09;35;2021-06-09 16:10;25;0;
2021-06-10;Thu;14:00;1.21814;-10;2021-06-10 14:53;-10;2021-06-11 06:08;-20;0;
2021-06-11;Fri;14:00;1.21234;-10;2021-06-11 14:11;-10;2021-06-15 06:29;-20;0;
2021-06-14;Mon;14:00;1.21210;-10;2021-06-15 11:26;-10;2021-06-15 06:29;-20;0;
2021-06-15;Tue;14:00;1.21274;-10;2021-06-15 14:44;35;2021-06-16 18:00;25;0;
2021-06-16;Wed;14:00;1.21211;-10;2021-06-16 18:00;35;2021-06-16 18:00;25;0;
2021-06-17;Thu;14:00;1.19304;-10;2021-06-17 15:20;-10;2021-06-17 14:53;-20;0;
2021-06-18;Fri;14:00;1.18670;-10;2021-06-18 14:25;-10;2021-06-18 14:42;-20;0;
2021-06-21;Mon;14:00;1.19107;-10;2021-06-22 01:12;-10;2021-06-21 16:41;-20;0;
2021-06-22;Tue;14:00;1.19022;35;2021-06-22 16:38;-10;2021-06-22 16:18;25;0;
2021-06-23;Wed;14:00;1.19684;-10;2021-06-23 14:28;35;2021-06-23 17:03;25;0;
2021-06-24;Thu;14:00;1.19487;-10;2021-06-24 14:33;-10;2021-06-25 12:31;-20;0;
2021-06-25;Fri;14:00;1.19722;-10;2021-06-25 14:11;35;2021-06-25 15:49;25;0;
2021-06-28;Mon;14:00;1.19253;-10;2021-06-29 02:00;-10;2021-06-28 14:48;-20;0;
2021-06-29;Tue;14:00;1.18878;-10;2021-06-30 12:29;-10;2021-06-29 14:41;-20;0;
2021-06-30;Wed;14:00;1.18731;-10;2021-06-30 14:14;35;2021-07-01 06:28;25;0;
2021-07-01;Thu;14:00;1.18745;-10;2021-07-01 14:12;35;2021-07-02 06:00;25;0;
2021-07-02;Fri;14:00;1.18435;-10;2021-07-02 14:05;-10;2021-07-02 17:24;-20;0;
2021-07-05;Mon;14:00;1.18641;-10;2021-07-06 08:17;-10;2021-07-06 03:28;-20;0;
2021-07-06;Tue;14:00;1.18337;-10;2021-07-06 14:30;35;2021-07-07 14:05;25;0;
2021-07-07;Wed;14:00;1.18035;-10;2021-07-07 14:14;-10;2021-07-07 18:02;-20;0;
2021-07-08;Thu;14:00;1.18579;-10;2021-07-08 15:21;-10;2021-07-09 12:48;-20;0;
2021-07-09;Fri;14:00;1.18657;-10;2021-07-09 15:30;-10;2021-07-09 18:09;-20;0;
2021-07-12;Mon;14:00;1.18654;-10;2021-07-12 15:40;35;2021-07-13 12:30;25;0;
2021-07-13;Tue;14:00;1.18206;-10;2021-07-13 15:17;-10;2021-07-13 14:27;-20;0;
2021-07-14;Wed;14:00;1.18216;-10;2021-07-15 11:33;-10;2021-07-14 16:21;-20;0;
2021-07-15;Thu;14:00;1.18151;-10;2021-07-15 15:59;35;2021-07-19 07:28;25;0;
2021-07-16;Fri;14:00;1.18024;-10;2021-07-19 07:05;-10;2021-07-16 16:10;-20;0;
2021-07-19;Mon;14:00;1.18219;-10;2021-07-19 14:08;35;2021-07-20 05:00;25;0;
2021-07-20;Tue;14:00;1.17659;-10;2021-07-20 14:52;-10;2021-07-20 14:21;-20;0;
2021-07-21;Wed;14:00;1.17860;-10;2021-07-22 12:03;-10;2021-07-21 14:44;-20;0;
2021-07-22;Thu;14:00;1.18146;-10;2021-07-22 14:09;35;2021-07-22 15:20;25;0;
2021-07-23;Fri;14:00;1.17643;35;2021-07-26 07:25;-10;2021-07-23 19:08;25;0;
2021-07-26;Mon;14:00;1.18058;-10;2021-07-27 06:13;-10;2021-07-26 14:18;-20;0;
2021-07-27;Tue;14:00;1.18128;-10;2021-07-28 08:35;-10;2021-07-27 14:57;-20;0;
2021-07-28;Wed;14:00;1.17865;-10;2021-07-28 18:00;-10;2021-07-28 14:43;-20;0;
2021-07-29;Thu;14:00;1.18844;-10;2021-07-30 14:16;-10;2021-07-30 07:29;-20;0;
2021-07-30;Fri;14:00;1.18788;-10;2021-07-30 14:20;-10;2021-08-02 09:53;-20;0;
2021-08-02;Mon;14:00;1.18827;-10;2021-08-02 15:59;-10;2021-08-03 11:26;-20;0;
2021-08-03;Tue;14:00;1.18688;-10;2021-08-03 14:57;-10;2021-08-04 06:58;-20;0;
2021-08-04;Wed;14:00;1.18877;-10;2021-08-04 14:02;35;2021-08-04 14:16;25;0;
2021-08-05;Thu;14:00;1.18368;-10;2021-08-06 00:33;-10;2021-08-05 14:11;-20;0;
2021-08-06;Fri;14:00;1.17733;-10;2021-08-06 14:21;35;2021-08-09 17:32;25;0;
2021-08-09;Mon;14:00;1.17613;-10;2021-08-09 14:18;35;2021-08-10 07:49;25;0;
2021-08-10;Tue;14:00;1.17156;35;2021-08-11 17:02;-10;2021-08-11 12:30;25;0;
2021-08-11;Wed;14:00;1.17337;-10;2021-08-12 13:54;-10;2021-08-11 16:39;-20;0;
2021-08-12;Thu;14:00;1.17298;35;2021-08-13 12:15;-10;2021-08-12 16:12;25;0;
2021-08-13;Fri;14:00;1.17673;35;2021-08-13 16:31;-10;2021-08-13 14:11;25;0;
2021-08-16;Mon;14:00;1.17739;-10;2021-08-17 06:28;-10;2021-08-16 14:37;-20;0;
2021-08-17;Tue;14:00;1.17375;-10;2021-08-17 14:15;35;2021-08-17 22:23;25;0;
2021-08-18;Wed;14:00;1.17174;-10;2021-08-18 14:29;-10;2021-08-18 18:04;-20;0;
2021-08-19;Thu;14:00;1.16983;-10;2021-08-19 14:50;-10;2021-08-23 01:24;-20;0;
2021-08-20;Fri;14:00;1.16776;35;2021-08-23 01:50;-10;2021-08-20 15:59;25;0;
2021-08-23;Mon;14:00;1.17292;35;2021-08-24 14:43;-10;2021-08-23 14:39;25;0;
2021-08-24;Tue;14:00;1.17479;-10;2021-08-25 01:38;-10;2021-08-24 14:37;-20;0;
2021-08-25;Wed;14:00;1.17476;-10;2021-08-27 13:11;-10;2021-08-25 15:52;-20;0;
2021-08-26;Thu;14:00;1.17531;-10;2021-08-27 00:39;-10;2021-08-26 14:13;-20;0;
2021-08-27;Fri;14:00;1.17652;35;2021-08-27 14:15;-10;2021-08-27 14:01;25;0;
2021-08-30;Mon;14:00;1.17880;35;2021-08-31 04:19;-10;2021-08-30 14:50;25;0;
2021-08-31;Tue;14:00;1.18230;-10;2021-08-31 14:55;-10;2021-09-01 12:41;-20;0;
2021-09-01;Wed;14:00;1.18417;35;2021-09-03 00:11;-10;2021-09-01 14:46;25;0;
2021-09-02;Thu;14:00;1.18575;35;2021-09-03 12:30;-10;2021-09-02 14:56;25;0;
2021-09-03;Fri;14:00;1.18861;-10;2021-09-03 14:06;-10;2021-09-03 17:20;-20;0;
2021-09-06;Mon;14:00;1.18666;-10;2021-09-07 12:50;-10;2021-09-07 00:14;-20;0;
2021-09-07;Tue;14:00;1.18563;-10;2021-09-07 14:13;35;2021-09-08 08:21;25;0;
2021-09-08;Wed;14:00;1.18173;-10;2021-09-08 14:29;-10;2021-09-08 16:25;-20;0;
2021-09-09;Thu;14:00;1.18152;-10;2021-09-09 14:34;-10;2021-09-09 15:41;-20;0;
2021-09-10;Fri;14:00;1.18343;-10;2021-09-10 15:41;35;2021-09-13 04:46;25;0;
2021-09-13;Mon;14:00;1.18003;35;2021-09-14 12:33;-10;2021-09-13 14:57;25;0;
2021-09-14;Tue;14:00;1.18253;-10;2021-09-14 18:28;35;2021-09-16 07:00;25;0;
2021-09-15;Wed;14:00;1.18185;-10;2021-09-15 14:54;35;2021-09-16 07:45;25;0;
2021-09-16;Thu;14:00;1.17562;-10;2021-09-17 14:13;-10;2021-09-16 14:41;-20;0;
2021-09-17;Fri;14:00;1.17543;-10;2021-09-17 14:16;35;2021-09-20 01:42;25;0;
2021-09-20;Mon;14:00;1.17173;-10;2021-09-22 18:00;-10;2021-09-20 14:48;-20;0;
2021-09-21;Tue;14:00;1.17299;-10;2021-09-21 14:23;-10;2021-09-22 14:14;-20;0;
2021-09-22;Wed;14:00;1.17304;-10;2021-09-22 18:00;-10;2021-09-22 14:15;-20;0;
2021-09-23;Thu;14:00;1.17387;-10;2021-09-24 10:41;-10;2021-09-23 14:13;-20;0;
2021-09-24;Fri;14:00;1.17116;-10;2021-09-27 07:45;-10;2021-09-24 16:21;-20;0;
2021-09-27;Mon;14:00;1.17017;-10;2021-09-28 00:33;35;2021-09-29 07:06;25;0;
2021-09-28;Tue;14:00;1.16796;-10;2021-09-28 15:02;-10;2021-09-28 14:15;-20;0;
2021-09-29;Wed;14:00;1.16392;-10;2021-09-29 14:10;35;2021-09-29 16:37;25;0;
2021-09-30;Thu;14:00;1.15827;-10;2021-09-30 15:47;-10;2021-09-30 14:33;-20;0;
2021-10-01;Fri;14:00;1.16001;-10;2021-10-01 14:04;-10;2021-10-03 22:30;-20;0;
2021-10-04;Mon;14:00;1.16292;-10;2021-10-04 15:14;-10;2021-10-04 14:11;-20;0;
2021-10-05;Tue;14:00;1.15918;-10;2021-10-05 14:18;-10;2021-10-05 15:09;-20;0;
2021-10-06;Wed;14:00;1.15401;35;2021-10-08 12:30;-10;2021-10-06 14:41;25;0;
2021-10-07;Thu;14:00;1.15569;-10;2021-10-08 05:07;-10;2021-10-07 14:33;-20;0;
2021-10-08;Fri;14:00;1.15643;-10;2021-10-11 09:37;-10;2021-10-08 14:36;-20;0;
2021-10-11;Mon;14:00;1.15765;-10;2021-10-11 16:40;35;2021-10-12 12:34;25;0;
2021-10-12;Tue;14:00;1.15429;-10;2021-10-12 16:46;-10;2021-10-13 02:06;-20;0;
2021-10-13;Wed;14:00;1.15646;35;2021-10-14 00:14;-10;2021-10-13 15:01;25;0;
2021-10-14;Thu;14:00;1.15971;-10;2021-10-14 14:44;-10;2021-10-15 02:42;-20;0;
2021-10-15;Fri;14:00;1.15956;-10;2021-10-18 00:48;-10;2021-10-15 14:47;-20;0;
2021-10-18;Mon;14:00;1.16012;35;2021-10-19 01:54;-10;2021-10-18 16:04;25;0;
2021-10-19;Tue;14:00;1.16558;-10;2021-10-19 14:32;35;2021-10-20 07:34;25;0;
2021-10-20;Wed;14:00;1.16463;-10;2021-10-21 07:15;-10;2021-10-20 16:36;-20;0;
2021-10-21;Thu;14:00;1.16434;-10;2021-10-21 17:03;-10;2021-10-22 15:07;-20;0;
2021-10-22;Fri;14:00;1.16447;-10;2021-10-22 15:17;-10;2021-10-22 15:09;-20;0;
2021-10-25;Mon;14:00;1.16101;-10;2021-10-26 00:21;-10;2021-10-26 10:46;-20;0;
2021-10-26;Tue;14:00;1.16104;-10;2021-10-26 14:51;-10;2021-10-27 12:27;-20;0;
2021-10-27;Wed;14:00;1.16171;-10;2021-10-27 14:36;35;2021-10-28 09:35;25;0;
2021-10-28;Thu;14:00;1.16583;-10;2021-10-29 09:06;-10;2021-10-28 14:06;-20;0;
2021-10-29;Fri;14:00;1.16175;-10;2021-10-29 14:03;35;2021-10-29 14:52;25;0;
2021-11-01;Mon;14:00;1.15694;35;2021-11-01 18:32;-10;2021-11-01 14:46;25;0;
2021-11-02;Tue;14:00;1.15910;-10;2021-11-02 15:57;-10;2021-11-03 18:00;-20;0;
2021-11-03;Wed;14:00;1.15686;35;2021-11-03 18:00;-10;2021-11-03 14:56;25;0;
2021-11-04;Thu;14:00;1.15544;-10;2021-11-04 14:42;35;2021-11-05 12:31;25;0;
2021-11-05;Fri;14:00;1.15200;35;2021-11-05 15:40;-10;2021-11-05 14:51;25;0;
2021-11-08;Mon;15:00;1.15745;-10;2021-11-10 07:31;-10;2021-11-08 15:12;-20;0;
2021-11-09;Tue;15:00;1.16006;-10;2021-11-09 15:02;35;2021-11-10 07:31;25;0;
2021-11-10;Wed;15:00;1.15591;-10;2021-11-10 15:10;35;2021-11-10 15:31;25;0;
2021-11-11;Thu;15:00;1.14685;-10;2021-11-11 17:23;35;2021-11-12 14:31;25;0;
2021-11-12;Fri;15:00;1.14378;-10;2021-11-15 15:30;-10;2021-11-12 15:02;-20;0;
2021-11-15;Mon;15:00;1.14379;-10;2021-11-15 15:30;35;2021-11-15 17:22;25;0;
2021-11-16;Tue;15:00;1.13432;-10;2021-11-16 16:51;-10;2021-11-16 15:14;-20;0;
2021-11-17;Wed;15:00;1.13167;-10;2021-11-17 15:13;-10;2021-11-18 01:21;-20;0;
2021-11-18;Thu;15:00;1.13406;-10;2021-11-19 08:39;-10;2021-11-18 15:21;-20;0;
2021-11-19;Fri;15:00;1.13085;-10;2021-11-19 17:40;-10;2021-11-19 15:39;-20;0;
2021-11-22;Mon;15:00;1.12563;-10;2021-11-22 15:09;-10;2021-11-23 08:31;-20;0;
2021-11-23;Tue;15:00;1.12501;-10;2021-11-24 01:00;-10;2021-11-23 15:47;-20;0;
2021-11-24;Wed;15:00;1.12074;-10;2021-11-24 15:17;-10;2021-11-25 03:20;-20;0;
2021-11-25;Thu;15:00;1.12164;-10;2021-11-25 17:29;-10;2021-11-26 03:04;-20;0;
2021-11-26;Fri;15:00;1.12931;-10;2021-11-28 23:12;-10;2021-11-26 15:29;-20;0;
2021-11-29;Mon;15:00;1.12631;35;2021-11-29 23:28;-10;2021-11-29 15:09;25;0;
2021-11-30;Tue;15:00;1.13795;-10;2021-11-30 15:05;35;2021-11-30 15:36;25;0;
2021-12-01;Wed;15:00;1.13489;-10;2021-12-01 15:16;35;2021-12-01 20:06;25;0;
2021-12-02;Thu;15:00;1.13368;-10;2021-12-02 15:27;35;2021-12-02 17:00;25;0;
2021-12-03;Fri;15:00;1.12881;-10;2021-12-03 15:14;-10;2021-12-03 16:30;-20;0;
2021-12-06;Mon;15:00;1.12889;-10;2021-12-06 15:39;35;2021-12-07 09:11;25;0;
2021-12-07;Tue;15:00;1.12439;35;2021-12-08 01:35;-10;2021-12-07 15:30;25;0;
2021-12-08;Wed;15:00;1.13045;35;2021-12-08 17:19;-10;2021-12-08 15:07;25;0;
2021-12-09;Thu;15:00;1.13030;-10;2021-12-09 15:04;35;2021-12-10 10:47;25;0;
2021-12-10;Fri;15:00;1.12874;35;2021-12-10 16:46;-10;2021-12-10 15:08;25;0;
2021-12-13;Mon;15:00;1.12854;-10;2021-12-13 15:16;-10;2021-12-13 16:32;-20;0;
2021-12-14;Tue;15:00;1.13001;-10;2021-12-14 15:24;35;2021-12-14 16:58;25;0;
2021-12-15;Wed;15:00;1.12589;-10;2021-12-15 15:55;35;2021-12-15 19:02;25;0;
2021-12-16;Thu;15:00;1.13307;-10;2021-12-16 15:21;-10;2021-12-17 05:16;-20;0;
2021-12-17;Fri;15:00;1.13063;-10;2021-12-17 15:21;35;2021-12-17 16:01;25;0;
2021-12-20;Mon;15:00;1.12973;-10;2021-12-20 15:50;35;2021-12-21 15:05;25;0;
2021-12-21;Tue;15:00;1.12724;-10;2021-12-21 15:05;-10;2021-12-21 15:41;-20;0;
2021-12-22;Wed;15:00;1.13080;-10;2021-12-23 13:48;-10;2021-12-22 15:38;-20;0;
2021-12-23;Thu;15:00;1.13107;-10;2021-12-28 14:49;-10;2021-12-23 15:07;-20;0;
2021-12-24;Fri;15:00;1.13243;-10;2021-12-24 15:56;-10;2021-12-27 08:01;-20;0;
2021-12-27;Mon;15:00;1.13289;-10;2021-12-27 15:51;35;2021-12-28 14:54;25;0;
2021-12-28;Tue;15:00;1.13053;-10;2021-12-28 15:09;-10;2021-12-28 16:26;-20;0;
2021-12-29;Wed;15:00;1.13483;-10;2021-12-29 16:56;-10;2021-12-29 15:13;-20;0;
2021-12-30;Thu;15:00;1.13337;-10;2021-12-30 15:27;-10;2021-12-31 13:52;-20;0;
2021-12-31;Fri;15:00;1.13418;35;2021-12-31 16:46;-10;2021-12-31 15:22;25;0;
2022-01-03;Mon;15:00;1.13059;-10;2022-01-03 15:27;-10;2022-01-04 15:29;-20;0;
2022-01-04;Tue;15:00;1.12867;35;2022-01-04 15:44;-10;2022-01-04 15:15;25;0;
2022-01-05;Wed;15:00;1.13363;-10;2022-01-05 16:23;-10;2022-01-05 17:21;-20;0;
2022-01-06;Thu;15:00;1.13236;-10;2022-01-06 15:07;35;2022-01-06 18:43;25;0;
2022-01-07;Fri;15:00;1.13302;-10;2022-01-10 12:32;-10;2022-01-07 15:11;-20;0;
2022-01-10;Mon;15:00;1.12955;35;2022-01-10 17:03;-10;2022-01-10 15:16;25;0;
2022-01-11;Tue;15:00;1.13242;35;2022-01-11 16:13;-10;2022-01-11 15:06;25;0;
2022-01-12;Wed;15:00;1.14184;35;2022-01-13 07:31;-10;2022-01-12 16:42;25;0;
2022-01-13;Thu;15:00;1.14730;-10;2022-01-13 15:22;35;2022-01-14 13:33;25;0;
2022-01-14;Fri;15:00;1.14388;-10;2022-01-14 15:02;35;2022-01-14 17:27;25;0;
2022-01-17;Mon;15:00;1.14102;-10;2022-01-17 15:24;-10;2022-01-18 01:22;-20;0;
2022-01-18;Tue;15:00;1.13637;-10;2022-01-18 15:04;35;2022-01-18 16:25;25;0;
2022-01-19;Wed;15:00;1.13435;-10;2022-01-20 11:21;-10;2022-01-19 16:27;-20;0;
2022-01-20;Thu;15:00;1.13433;-10;2022-01-20 15:15;35;2022-01-20 20:39;25;0;
2022-01-21;Fri;15:00;1.13512;-10;2022-01-21 15:37;35;2022-01-24 06:13;25;0;
2022-01-24;Mon;15:00;1.12971;35;2022-01-24 18:06;-10;2022-01-24 15:22;25;0;
2022-01-25;Tue;15:00;1.12740;35;2022-01-26 02:41;-10;2022-01-25 16:40;25;0;
2022-01-26;Wed;15:00;1.12843;-10;2022-01-26 15:41;-10;2022-01-26 18:36;-20;0;
2022-01-27;Thu;15:00;1.11608;-10;2022-01-27 15:14;35;2022-01-28 08:26;25;0;
2022-01-28;Fri;15:00;1.11567;-10;2022-01-28 15:11;-10;2022-01-28 15:57;-20;0;
2022-01-31;Mon;15:00;1.11885;35;2022-01-31 18:05;-10;2022-01-31 15:18;25;0;
2022-02-01;Tue;15:00;1.12591;-10;2022-02-01 15:43;-10;2022-02-01 20:44;-20;0;
2022-02-02;Wed;15:00;1.13064;-10;2022-02-02 15:14;35;2022-02-03 12:46;25;0;
2022-02-03;Thu;15:00;1.13914;35;2022-02-03 16:19;-10;2022-02-03 15:08;25;0;
2022-02-04;Fri;15:00;1.14169;35;2022-02-04 16:17;-10;2022-02-04 15:04;25;0;
2022-02-07;Mon;15:00;1.14380;-10;2022-02-07 16:19;-10;2022-02-07 15:19;-20;0;
2022-02-08;Tue;15:00;1.14084;35;2022-02-09 10:52;-10;2022-02-08 15:47;25;0;
2022-02-09;Wed;15:00;1.14321;-10;2022-02-09 20:17;-10;2022-02-09 17:30;-20;0;
2022-02-10;Thu;15:00;1.14105;35;2022-02-10 15:13;-10;2022-02-10 15:04;25;0;
2022-02-11;Fri;15:00;1.13912;-10;2022-02-11 18:36;-10;2022-02-11 15:25;-20;0;
2022-02-14;Mon;15:00;1.13178;-10;2022-02-14 15:12;35;2022-02-14 19:22;25;0;
2022-02-15;Tue;15:00;1.13240;35;2022-02-15 16:04;-10;2022-02-15 15:13;25;0;
2022-02-16;Wed;15:00;1.13657;-10;2022-02-17 03:55;-10;2022-02-16 16:34;-20;0;
2022-02-17;Thu;15:00;1.13603;-10;2022-02-18 11:29;-10;2022-02-17 15:03;-20;0;
2022-02-18;Fri;15:00;1.13458;-10;2022-02-18 15:40;-10;2022-02-21 01:47;-20;0;
2022-02-21;Mon;15:00;1.13331;-10;2022-02-21 18:15;-10;2022-02-21 15:09;-20;0;
2022-02-22;Tue;15:00;1.13451;-10;2022-02-22 15:28;-10;2022-02-23 09:58;-20;0;
2022-02-23;Wed;15:00;1.13337;-10;2022-02-23 15:19;35;2022-02-24 00:10;25;0;
2022-02-24;Thu;15:00;1.11481;-10;2022-02-24 15:16;35;2022-02-24 15:59;25;0;
2022-02-25;Fri;15:00;1.12341;35;2022-02-25 20:33;-10;2022-02-25 15:06;25;0;
2022-02-28;Mon;15:00;1.12235;-10;2022-02-28 15:28;-10;2022-02-28 15:05;-20;0;
2022-03-01;Tue;15:00;1.11487;-10;2022-03-01 15:03;35;2022-03-01 16:24;25;0;
2022-03-02;Wed;15:00;1.10934;-10;2022-03-02 15:14;35;2022-03-02 15:48;25;0;
2022-03-03;Thu;15:00;1.10818;-10;2022-03-03 15:22;35;2022-03-03 16:13;25;0;
2022-03-04;Fri;15:00;1.09104;-10;2022-03-06 23:03;-10;2022-03-04 15:53;-20;0;
2022-03-07;Mon;15:00;1.08892;-10;2022-03-07 15:12;35;2022-03-07 16:33;25;0;
2022-03-08;Tue;15:00;1.09027;-10;2022-03-08 15:02;-10;2022-03-08 17:16;-20;0;
2022-03-09;Wed;15:00;1.10304;-10;2022-03-09 15:23;-10;2022-03-09 15:40;-20;0;
2022-03-10;Thu;15:00;1.10163;-10;2022-03-10 15:25;35;2022-03-10 15:34;25;0;
2022-03-11;Fri;15:00;1.09780;-10;2022-03-11 15:01;35;2022-03-11 16:29;25;0;
2022-03-14;Mon;14:00;1.09418;35;2022-03-14 15:35;-10;2022-03-14 14:02;25;0;
2022-03-15;Tue;14:00;1.09976;-10;2022-03-15 14:22;35;2022-03-15 16:10;25;0;
2022-03-16;Wed;14:00;1.10008;35;2022-03-16 14:16;-10;2022-03-16 14:14;25;0;
2022-03-17;Thu;14:00;1.10711;35;2022-03-17 15:55;-10;2022-03-17 14:26;25;0;
2022-03-18;Fri;14:00;1.10263;35;2022-03-18 16:11;-10;2022-03-18 14:03;25;0;
2022-03-21;Mon;14:00;1.10315;-10;2022-03-21 17:18;-10;2022-03-21 14:06;-20;0;
2022-03-22;Tue;14:00;1.10433;-10;2022-03-22 14:15;35;2022-03-23 09:37;25;0;
2022-03-23;Wed;14:00;1.09667;35;2022-03-23 15:40;-10;2022-03-23 14:08;25;0;
2022-03-24;Thu;14:00;1.09756;35;2022-03-24 15:08;-10;2022-03-24 14:32;25;0;
2022-03-25;Fri;14:00;1.10148;-10;2022-03-25 15:12;35;2022-03-27 22:09;25;0;
2022-03-28;Mon;14:00;1.09663;35;2022-03-29 06:44;-10;2022-03-28 14:08;25;0;
2022-03-29;Tue;14:00;1.11294;-10;2022-03-29 14:04;35;2022-03-29 14:42;25;0;
2022-03-30;Wed;14:00;1.11604;-10;2022-03-30 17:11;-10;2022-03-30 14:52;-20;0;
2022-03-31;Thu;14:00;1.10900;-10;2022-03-31 14:09;-10;2022-03-31 14:55;-20;0;
2022-04-01;Fri;14:00;1.10440;-10;2022-04-01 14:24;-10;2022-04-04 01:37;-20;0;
2022-04-04;Mon;14:00;1.09887;-10;2022-04-04 16:30;-10;2022-04-04 15:03;-20;0;
2022-04-05;Tue;14:00;1.09686;-10;2022-04-05 14:13;35;2022-04-05 14:37;25;0;
2022-04-06;Wed;14:00;1.09124;-10;2022-04-06 17:58;-10;2022-04-06 14:55;-20;0;
2022-04-07;Thu;14:00;1.09117;-10;2022-04-07 14:03;-10;2022-04-07 14:34;-20;0;
2022-04-08;Fri;14:00;1.08407;35;2022-04-08 14:55;-10;2022-04-08 14:22;25;0;
2022-04-11;Mon;14:00;1.08808;-10;2022-04-12 00:50;-10;2022-04-11 14:10;-20;0;
2022-04-12;Tue;14:00;1.08714;-10;2022-04-12 15:15;-10;2022-04-12 14:05;-20;0;
2022-04-13;Wed;14:00;1.08170;35;2022-04-13 15:02;-10;2022-04-13 14:11;25;0;
2022-04-14;Thu;14:00;1.07714;35;2022-04-14 15:09;-10;2022-04-14 14:02;25;0;
2022-04-15;Fri;14:00;1.08114;-10;2022-04-18 00:40;-10;2022-04-17 23:30;-20;0;
2022-04-18;Mon;14:00;1.08004;-10;2022-04-18 15:00;35;2022-04-19 02:29;25;0;
2022-04-19;Tue;14:00;1.08043;-10;2022-04-19 14:15;-10;2022-04-20 03:26;-20;0;
2022-04-20;Wed;14:00;1.08435;-10;2022-04-21 00:53;-10;2022-04-20 14:10;-20;0;
2022-04-21;Thu;14:00;1.08700;-10;2022-04-21 14:47;35;2022-04-21 16:24;25;0;
2022-04-22;Fri;14:00;1.08055;-10;2022-04-22 14:31;-10;2022-04-22 14:06;-20;0;
2022-04-25;Mon;14:00;1.07211;-10;2022-04-25 14:22;-10;2022-04-26 00:59;-20;0;
2022-04-26;Tue;14:00;1.06730;-10;2022-04-26 14:12;35;2022-04-26 20:20;25;0;
2022-04-27;Wed;14:00;1.05498;-10;2022-04-27 14:11;35;2022-04-27 14:59;25;0;
2022-04-28;Thu;14:00;1.05061;-10;2022-04-28 14:34;-10;2022-04-28 14:06;-20;0;
2022-04-29;Fri;14:00;1.05334;-10;2022-04-29 14:29;-10;2022-04-29 14:50;-20;0;
2022-05-02;Mon;14:00;1.05279;-10;2022-05-02 14:06;-10;2022-05-02 14:31;-20;0;
2022-05-03;Tue;14:00;1.05550;-10;2022-05-03 14:05;35;2022-05-03 16:08;25;0;
2022-05-04;Wed;14:00;1.05323;35;2022-05-04 18:01;-10;2022-05-04 14:50;25;0;
2022-05-05;Thu;14:00;1.05518;-10;2022-05-05 14:09;35;2022-05-05 15:04;25;0;
2022-05-06;Fri;14:00;1.05731;-10;2022-05-06 14:37;-10;2022-05-06 14:02;-20;0;
2022-05-09;Mon;14:00;1.05312;-10;2022-05-09 14:38;-10;2022-05-09 15:39;-20;0;
2022-05-10;Tue;14:00;1.05464;-10;2022-05-10 14:02;-10;2022-05-11 07:14;-20;0;
2022-05-11;Wed;14:00;1.05592;-10;2022-05-11 14:55;-10;2022-05-11 14:05;-20;0;
2022-05-12;Thu;14:00;1.03968;-10;2022-05-12 14:02;-10;2022-05-12 14:12;-20;0;
2022-05-13;Fri;14:00;1.03666;35;2022-05-13 15:07;-10;2022-05-13 14:05;25;0;
2022-05-16;Mon;14:00;1.04039;-10;2022-05-16 14:49;-10;2022-05-16 14:11;-20;0;
2022-05-17;Tue;14:00;1.05405;-10;2022-05-17 14:07;-10;2022-05-17 16:27;-20;0;
2022-05-18;Wed;14:00;1.05190;-10;2022-05-18 14:28;35;2022-05-18 16:12;25;0;
2022-05-19;Thu;14:00;1.05613;35;2022-05-19 15:38;-10;2022-05-19 14:23;25;0;
2022-05-20;Fri;14:00;1.05625;-10;2022-05-20 14:05;-10;2022-05-22 22:18;-20;0;
2022-05-23;Mon;14:00;1.06654;-10;2022-05-23 14:04;-10;2022-05-23 14:52;-20;0;
2022-05-24;Tue;14:00;1.07352;-10;2022-05-24 14:10;-10;2022-05-24 14:03;-20;0;
2022-05-25;Wed;14:00;1.06661;-10;2022-05-25 16:05;-10;2022-05-25 14:22;-20;0;
2022-05-26;Thu;14:00;1.07170;-10;2022-05-26 14:34;-10;2022-05-26 15:24;-20;0;
2022-05-27;Fri;14:00;1.07441;-10;2022-05-27 14:28;35;2022-05-27 15:00;25;0;
2022-05-30;Mon;14:00;1.07715;-10;2022-05-31 00:22;-10;2022-05-30 14:55;-20;0;
2022-05-31;Tue;14:00;1.07108;-10;2022-05-31 14:04;-10;2022-05-31 14:47;-20;0;
2022-06-01;Wed;14:00;1.07016;-10;2022-06-01 14:01;35;2022-06-01 14:14;25;0;
2022-06-02;Thu;14:00;1.06987;35;2022-06-02 15:23;-10;2022-06-02 14:10;25;0;
2022-06-03;Fri;14:00;1.07443;-10;2022-06-03 14:21;35;2022-06-05 21:05;25;0;
2022-06-06;Mon;14:00;1.07148;-10;2022-06-06 14:20;35;2022-06-07 01:15;25;0;
2022-06-07;Tue;14:00;1.06874;-10;2022-06-07 14:11;-10;2022-06-07 14:34;-20;0;
2022-06-08;Wed;14:00;1.07402;-10;2022-06-08 14:56;35;2022-06-09 07:57;25;0;
2022-06-09;Thu;14:00;1.06840;-10;2022-06-09 14:04;35;2022-06-09 14:09;25;0;
2022-06-10;Fri;14:00;1.05244;-10;2022-06-10 14:03;-10;2022-06-10 14:54;-20;0;
2022-06-13;Mon;14:00;1.04379;-10;2022-06-13 14:17;-10;2022-06-13 16:12;-20;0;
2022-06-14;Tue;14:00;1.04401;-10;2022-06-14 14:10;35;2022-06-14 19:15;25;0;
2022-06-15;Wed;14:00;1.04261;-10;2022-06-15 14:42;35;2022-06-15 15:45;25;0;
2022-06-16;Thu;14:00;1.04502;-10;2022-06-16 14:12;-10;2022-06-16 14:21;-20;0;
2022-06-17;Fri;14:00;1.04851;-10;2022-06-17 14:01;35;2022-06-17 14:35;25;0;
2022-06-20;Mon;14:00;1.05188;-10;2022-06-20 17:54;-10;2022-06-20 14:11;-20;0;
2022-06-21;Tue;14:00;1.05591;-10;2022-06-21 14:15;35;2022-06-21 18:49;25;0;
2022-06-22;Wed;14:00;1.05591;35;2022-06-22 14:41;-10;2022-06-22 14:28;25;0;
2022-06-23;Thu;14:00;1.05472;-10;2022-06-23 14:08;35;2022-06-23 15:56;25;0;
2022-06-24;Fri;14:00;1.05436;35;2022-06-27 07:28;-10;2022-06-24 14:01;25;0;
2022-06-27;Mon;14:00;1.05835;-10;2022-06-27 14:07;-10;2022-06-27 14:48;-20;0;
2022-06-28;Tue;14:00;1.05321;-10;2022-06-28 14:03;35;2022-06-29 06:04;25;0;
2022-06-29;Wed;14:00;1.04788;-10;2022-06-29 14:34;-10;2022-06-29 14:07;-20;0;
2022-06-30;Thu;14:00;1.04163;35;2022-06-30 14:55;-10;2022-06-30 14:07;25;0;
2022-07-01;Fri;14:00;1.04004;-10;2022-07-01 14:03;-10;2022-07-01 15:39;-20;0;
2022-07-04;Mon;14:00;1.04453;-10;2022-07-04 14:14;35;2022-07-05 07:10;25;0;
2022-07-05;Tue;14:00;1.02594;-10;2022-07-05 14:35;-10;2022-07-05 18:44;-20;0;
2022-07-06;Wed;14:00;1.01749;-10;2022-07-06 14:17;-10;2022-07-06 14:12;-20;0;
2022-07-07;Thu;14:00;1.01830;-10;2022-07-07 14:21;35;2022-07-07 17:18;25;0;
2022-07-08;Fri;14:00;1.01399;35;2022-07-08 14:36;-10;2022-07-08 14:04;25;0;
2022-07-11;Mon;14:00;1.00686;-10;2022-07-11 19:14;-10;2022-07-11 14:10;-20;0;
2022-07-12;Tue;14:00;1.00488;-10;2022-07-12 19:36;-10;2022-07-12 14:12;-20;0;
2022-07-13;Wed;14:00;1.00205;35;2022-07-13 14:39;-10;2022-07-13 14:02;25;0;
2022-07-14;Thu;14:00;0.99767;-10;2022-07-14 14:02;-10;2022-07-14 14:30;-20;0;
2022-07-15;Fri;14:00;1.00581;35;2022-07-15 15:26;-10;2022-07-15 14:01;25;0;
2022-07-18;Mon;14:00;1.01569;35;2022-07-18 14:44;-10;2022-07-18 14:06;25;0;
2022-07-19;Tue;14:00;1.02418;-10;2022-07-19 14:05;-10;2022-07-19 14:13;-20;0;
2022-07-20;Wed;14:00;1.02168;-10;2022-07-20 14:41;35;2022-07-20 17:02;25;0;
2022-07-21;Thu;14:00;1.02115;-10;2022-07-21 14:04;35;2022-07-21 14:15;25;0;
2022-07-22;Fri;14:00;1.02357;-10;2022-07-22 14:31;-10;2022-07-22 14:02;-20;0;
2022-07-25;Mon;14:00;1.02497;-10;2022-07-25 14:26;35;2022-07-25 14:34;25;0;
2022-07-26;Tue;14:00;1.01438;-10;2022-07-26 14:03;35;2022-07-26 16:08;25;0;
2022-07-27;Wed;14:00;1.01363;-10;2022-07-27 14:07;35;2022-07-27 16:22;25;0;
2022-07-28;Thu;14:00;1.01429;35;2022-07-28 19:01;-10;2022-07-28 14:13;25;0;
2022-07-29;Fri;14:00;1.01628;-10;2022-07-29 14:21;-10;2022-07-29 14:39;-20;0;
2022-08-01;Mon;14:00;1.02489;35;2022-08-02 00:39;-10;2022-08-01 14:01;25;0;
2022-08-02;Tue;14:00;1.02065;-10;2022-08-02 14:02;35;2022-08-02 17:48;25;0;
2022-08-03;Wed;14:00;1.01601;-10;2022-08-03 14:01;35;2022-08-03 14:50;25;0;
2022-08-04;Thu;14:00;1.01901;35;2022-08-04 15:17;-10;2022-08-04 14:09;25;0;
2022-08-05;Fri;14:00;1.01709;-10;2022-08-05 14:51;-10;2022-08-05 14:14;-20;0;
2022-08-08;Mon;14:00;1.02019;-10;2022-08-08 18:16;-10;2022-08-08 14:26;-20;0;
2022-08-09;Tue;14:00;1.02388;-10;2022-08-09 14:28;35;2022-08-09 18:46;25;0;
2022-08-10;Wed;14:00;1.03208;35;2022-08-10 14:59;-10;2022-08-10 14:03;25;0;
2022-08-11;Thu;14:00;1.03594;-10;2022-08-11 14:12;35;2022-08-11 15:12;25;0;
2022-08-12;Fri;14:00;1.02720;-10;2022-08-12 14:04;35;2022-08-15 06:30;25;0;
2022-08-15;Mon;14:00;1.01982;-10;2022-08-15 14:34;35;2022-08-15 18:01;25;0;
2022-08-16;Tue;14:00;1.01752;-10;2022-08-16 14:05;-10;2022-08-16 14:29;-20;0;
2022-08-17;Wed;14:00;1.01680;-10;2022-08-18 06:46;-10;2022-08-17 14:04;-20;0;
2022-08-18;Thu;14:00;1.01202;-10;2022-08-18 16:02;-10;2022-08-18 14:50;-20;0;
2022-08-19;Fri;14:00;1.00524;-10;2022-08-19 14:09;35;2022-08-22 07:03;25;0;
2022-08-22;Mon;14:00;0.99693;-10;2022-08-22 15:09;35;2022-08-22 15:29;25;0;
2022-08-23;Tue;14:00;1.00039;-10;2022-08-23 14:17;-10;2022-08-23 14:01;-20;0;
2022-08-24;Wed;14:00;0.99194;35;2022-08-24 14:49;-10;2022-08-24 14:19;25;0;
2022-08-25;Thu;14:00;0.99632;35;2022-08-25 14:46;-10;2022-08-25 14:02;25;0;
2022-08-26;Fri;14:00;1.00568;-10;2022-08-26 14:01;35;2022-08-26 14:02;25;0;
2022-08-29;Mon;14:00;1.00102;-10;2022-08-29 14:39;-10;2022-08-29 14:06;-20;0;
2022-08-30;Tue;14:00;1.00233;-10;2022-08-30 14:03;35;2022-08-30 14:45;25;0;
2022-08-31;Wed;14:00;1.00036;35;2022-08-31 14:40;-10;2022-08-31 14:09;25;0;
2022-09-01;Thu;14:00;0.99710;-10;2022-09-01 14:01;35;2022-09-01 14:13;25;0;
2022-09-02;Fri;14:00;0.99996;-10;2022-09-02 14:02;-10;2022-09-02 14:32;-20;0;
2022-09-05;Mon;14:00;0.99256;35;2022-09-06 00:05;-10;2022-09-05 18:07;25;0;
2022-09-06;Tue;14:00;0.98776;-10;2022-09-06 14:02;-10;2022-09-06 14:19;-20;0;
2022-09-07;Wed;14:00;0.99025;35;2022-09-07 14:25;-10;2022-09-07 14:06;25;0;
2022-09-08;Thu;14:00;0.99614;-10;2022-09-08 14:03;-10;2022-09-08 14:31;-20;0;
2022-09-09;Fri;14:00;1.00485;-10;2022-09-09 14:33;-10;2022-09-09 14:03;-20;0;
2022-09-12;Mon;14:00;1.01229;-10;2022-09-12 18:29;-10;2022-09-12 14:08;-20;0;
2022-09-13;Tue;14:00;1.00325;-10;2022-09-13 14:04;35;2022-09-13 15:46;25;0;
2022-09-14;Wed;14:00;0.99920;-10;2022-09-14 14:03;-10;2022-09-14 15:04;-20;0;
2022-09-15;Thu;14:00;0.99998;-10;2022-09-15 14:27;-10;2022-09-15 17:01;-20;0;
2022-09-16;Fri;14:00;0.99761;35;2022-09-16 14:40;-10;2022-09-16 14:08;25;0;
2022-09-19;Mon;14:00;0.99854;35;2022-09-19 19:06;-10;2022-09-19 14:24;25;0;
2022-09-20;Tue;14:00;0.99813;-10;2022-09-20 17:15;-10;2022-09-20 14:50;-20;0;
2022-09-21;Wed;14:00;0.99069;-10;2022-09-21 14:30;35;2022-09-21 15:05;25;0;
2022-09-22;Thu;14:00;0.98367;-10;2022-09-22 14:42;-10;2022-09-22 14:09;-20;0;
2022-09-23;Fri;14:00;0.97315;-10;2022-09-23 14:40;-10;2022-09-23 14:18;-20;0;
2022-09-26;Mon;14:00;0.96744;-10;2022-09-26 14:03;35;2022-09-26 14:48;25;0;
2022-09-27;Tue;14:00;0.96169;-10;2022-09-27 14:01;-10;2022-09-27 14:51;-20;0;
2022-09-28;Wed;14:00;0.96092;-10;2022-09-28 14:02;-10;2022-09-28 14:31;-20;0;
2022-09-29;Thu;14:00;0.97414;-10;2022-09-29 14:14;-10;2022-09-29 14:09;-20;0;
2022-09-30;Fri;14:00;0.97750;-10;2022-09-30 14:12;-10;2022-09-30 14:37;-20;0;
2022-10-03;Mon;14:00;0.97759;35;2022-10-03 14:08;-10;2022-10-03 14:01;25;0;
2022-10-04;Tue;14:00;0.99353;35;2022-10-04 15:26;-10;2022-10-04 14:03;25;0;
2022-10-05;Wed;14:00;0.98646;-10;2022-10-05 14:01;-10;2022-10-05 16:12;-20;0;
2022-10-06;Thu;14:00;0.98278;-10;2022-10-06 15:42;-10;2022-10-06 14:23;-20;0;
2022-10-07;Fri;14:00;0.97497;35;2022-10-07 14:48;-10;2022-10-07 14:16;25;0;
2022-10-10;Mon;14:00;0.96999;35;2022-10-10 14:30;-10;2022-10-10 14:29;25;0;
2022-10-11;Tue;14:00;0.97006;35;2022-10-11 15:47;-10;2022-10-11 14:40;25;0;
2022-10-12;Wed;14:00;0.96926;-10;2022-10-12 14:22;-10;2022-10-12 14:54;-20;0;
2022-10-13;Thu;14:00;0.96938;-10;2022-10-13 14:24;-10;2022-10-13 14:46;-20;0;
2022-10-14;Fri;14:00;0.97207;35;2022-10-14 15:01;-10;2022-10-14 14:05;25;0;
2022-10-17;Mon;14:00;0.97844;35;2022-10-17 15:41;-10;2022-10-17 14:14;25;0;
2022-10-18;Tue;14:00;0.98533;-10;2022-10-18 14:15;-10;2022-10-18 20:49;-20;0;
2022-10-19;Wed;14:00;0.97729;-10;2022-10-19 17:02;-10;2022-10-19 14:14;-20;0;
2022-10-20;Thu;14:00;0.97875;35;2022-10-20 14:17;-10;2022-10-20 14:04;25;0;
2022-10-21;Fri;14:00;0.97965;-10;2022-10-21 14:24;-10;2022-10-21 14:06;-20;0;
2022-10-24;Mon;14:00;0.98741;-10;2022-10-24 14:05;-10;2022-10-24 14:35;-20;0;
2022-10-25;Tue;14:00;0.99666;-10;2022-10-25 14:07;-10;2022-10-25 15:29;-20;0;
2022-10-26;Wed;14:00;1.00231;35;2022-10-26 15:09;-10;2022-10-26 14:01;25;0;
2022-10-27;Thu;14:00;1.00106;-10;2022-10-27 14:48;-10;2022-10-27 14:03;-20;0;
2022-10-28;Fri;14:00;0.99749;-10;2022-10-28 14:03;35;2022-10-28 14:12;25;0;
2022-10-31;Mon;14:00;0.98921;-10;2022-10-31 14:38;-10;2022-10-31 14:15;-20;0;
2022-11-01;Tue;14:00;0.99285;-10;2022-11-01 14:01;35;2022-11-01 14:20;25;0;
2022-11-02;Wed;14:00;0.98930;-10;2022-11-02 14:15;-10;2022-11-02 18:00;-20;0;
2022-11-03;Thu;14:00;0.97473;35;2022-11-03 14:28;-10;2022-11-03 14:14;25;0;
2022-11-04;Fri;14:00;0.98657;35;2022-11-04 14:12;-10;2022-11-04 14:03;25;0;
2022-11-07;Mon;15:00;0.99893;35;2022-11-07 17:25;-10;2022-11-07 15:16;25;0;
2022-11-08;Tue;15:00;1.00130;35;2022-11-08 15:15;-10;2022-11-08 15:08;25;0;
2022-11-09;Wed;15:00;1.00248;35;2022-11-09 15:09;-10;2022-11-09 15:02;25;0;
2022-11-10;Thu;15:00;1.01645;-10;2022-11-10 15:05;-10;2022-11-10 15:30;-20;0;
2022-11-11;Fri;15:00;1.02856;35;2022-11-11 15:51;-10;2022-11-11 15:11;25;0;
2022-11-14;Mon;15:00;1.03185;35;2022-11-14 18:23;-10;2022-11-14 15:15;25;0;
2022-11-15;Tue;15:00;1.03999;-10;2022-11-15 15:14;35;2022-11-15 15:48;25;0;
2022-11-16;Wed;15:00;1.03897;-10;2022-11-16 15:09;-10;2022-11-16 15:55;-20;0;
2022-11-17;Thu;15:00;1.03349;-10;2022-11-17 15:48;-10;2022-11-17 15:27;-20;0;
2022-11-18;Fri;15:00;1.03311;35;2022-11-18 15:53;-10;2022-11-18 15:11;25;0;
2022-11-21;Mon;15:00;1.02589;-10;2022-11-21 15:12;35;2022-11-21 17:20;25;0;
2022-11-22;Tue;15:00;1.02663;35;2022-11-22 18:56;-10;2022-11-22 15:17;25;0;
2022-11-23;Wed;15:00;1.03660;-10;2022-11-23 15:09;-10;2022-11-23 15:43;-20;0;
2022-11-24;Thu;15:00;1.04219;-10;2022-11-24 15:10;35;2022-11-25 09:51;25;0;
2022-11-25;Fri;15:00;1.03816;-10;2022-11-27 22:31;-10;2022-11-25 15:30;-20;0;
2022-11-28;Mon;15:00;1.04289;-10;2022-11-28 15:22;35;2022-11-28 15:53;25;0;
2022-11-29;Tue;15:00;1.03431;-10;2022-11-29 16:13;-10;2022-11-29 15:06;-20;0;
2022-11-30;Wed;15:00;1.03805;-10;2022-11-30 15:05;35;2022-11-30 15:19;25;0;
2022-12-01;Thu;15:00;1.05277;-10;2022-12-01 15:10;35;2022-12-01 15:17;25;0;
2022-12-02;Fri;15:00;1.04730;-10;2022-12-02 15:05;-10;2022-12-02 16:10;-20;0;
2022-12-05;Mon;15:00;1.05307;-10;2022-12-05 15:01;35;2022-12-05 16:56;25;0;
2022-12-06;Tue;15:00;1.05025;-10;2022-12-06 15:04;-10;2022-12-06 16:06;-20;0;
2022-12-07;Wed;15:00;1.05167;-10;2022-12-07 15:10;-10;2022-12-07 15:06;-20;0;
2022-12-08;Thu;15:00;1.05381;35;2022-12-09 01:06;-10;2022-12-08 15:37;25;0;
2022-12-09;Fri;15:00;1.05413;-10;2022-12-09 15:06;-10;2022-12-09 16:32;-20;0;
2022-12-12;Mon;15:00;1.05577;-10;2022-12-12 15:37;-10;2022-12-12 15:09;-20;0;
2022-12-13;Tue;15:00;1.06467;-10;2022-12-13 15:06;-10;2022-12-13 16:29;-20;0;
2022-12-14;Wed;15:00;1.06429;35;2022-12-14 18:38;-10;2022-12-14 15:10;25;0;
2022-12-15;Thu;15:00;1.06994;-10;2022-12-15 15:04;35;2022-12-15 15:10;25;0;
2022-12-16;Fri;15:00;1.06420;-10;2022-12-16 15:04;35;2022-12-16 16:23;25;0;
2022-12-19;Mon;15:00;1.06038;-10;2022-12-19 15:45;-10;2022-12-19 15:21;-20;0;
2022-12-20;Tue;15:00;1.06331;-10;2022-12-20 16:25;-10;2022-12-20 15:05;-20;0;
2022-12-21;Wed;15:00;1.06006;-10;2022-12-21 17:13;-10;2022-12-21 15:04;-20;0;
2022-12-22;Thu;15:00;1.06091;-10;2022-12-22 15:08;35;2022-12-22 19:30;25;0;
2022-12-23;Fri;15:00;1.06160;-10;2022-12-23 18:45;-10;2022-12-23 15:30;-20;0;
2022-12-26;Mon;15:00;1.06222;35;2022-12-27 02:04;-10;2022-12-26 20:56;25;0;
2022-12-27;Tue;15:00;1.06252;35;2022-12-27 16:50;-10;2022-12-27 15:09;25;0;
2022-12-28;Wed;15:00;1.06563;-10;2022-12-28 15:07;35;2022-12-28 15:51;25;0;
2022-12-29;Thu;15:00;1.06426;35;2022-12-29 17:53;-10;2022-12-29 15:19;25;0;
2022-12-30;Fri;15:00;1.06859;-10;2022-12-30 15:05;-10;2022-12-30 16:58;-20;0;
2023-01-02;Mon;15:00;1.06723;-10;2023-01-02 15:57;-10;2023-01-02 23:04;-20;0;
2023-01-03;Tue;15:00;1.05761;-10;2023-01-03 15:12;35;2023-01-03 16:10;25;0;
2023-01-04;Wed;15:00;1.06161;-10;2023-01-04 15:03;35;2023-01-04 15:25;25;0;
2023-01-05;Thu;15:00;1.05382;-10;2023-01-05 15:10;-10;2023-01-05 15:08;-20;0;
2023-01-06;Fri;15:00;1.05260;35;2023-01-06 15:10;-10;2023-01-06 15:02;25;0;
2023-01-09;Mon;15:00;1.07297;-10;2023-01-10 12:42;-10;2023-01-09 15:16;-20;0;
2023-01-10;Tue;15:00;1.07395;-10;2023-01-10 15:30;-10;2023-01-10 15:12;-20;0;
2023-01-11;Wed;15:00;1.07697;-10;2023-01-11 15:52;-10;2023-01-12 13:28;-20;0;
2023-01-12;Thu;15:00;1.07684;35;2023-01-12 15:36;-10;2023-01-12 15:01;25;0;
2023-01-13;Fri;15:00;1.08185;-10;2023-01-13 16:38;-10;2023-01-13 15:05;-20;0;
2023-01-16;Mon;15:00;1.08231;-10;2023-01-16 17:44;-10;2023-01-17 00:11;-20;0;
2023-01-17;Tue;15:00;1.08504;-10;2023-01-17 15:01;35;2023-01-17 15:19;25;0;
2023-01-18;Wed;15:00;1.08624;-10;2023-01-18 15:04;35;2023-01-18 15:55;25;0;
2023-01-19;Thu;15:00;1.08097;-10;2023-01-19 15:31;-10;2023-01-19 17:08;-20;0;
2023-01-20;Fri;15:00;1.08201;35;2023-01-20 19:31;-10;2023-01-20 15:08;25;0;
2023-01-23;Mon;15:00;1.08609;-10;2023-01-23 15:04;-10;2023-01-23 16:03;-20;0;
2023-01-24;Tue;15:00;1.08407;35;2023-01-24 15:54;-10;2023-01-24 15:12;25;0;
2023-01-25;Wed;15:00;1.08949;-10;2023-01-25 16:08;-10;2023-01-25 15:04;-20;0;
2023-01-26;Thu;15:00;1.08866;-10;2023-01-26 15:34;35;2023-01-26 15:55;25;0;
2023-01-27;Fri;15:00;1.08653;-10;2023-01-27 15:40;-10;2023-01-27 15:07;-20;0;
2023-01-30;Mon;15:00;1.08919;-10;2023-01-30 15:31;35;2023-01-30 18:00;25;0;
2023-01-31;Tue;15:00;1.08492;-10;2023-01-31 15:11;-10;2023-01-31 15:41;-20;0;
2023-02-01;Wed;15:00;1.09006;-10;2023-02-01 15:03;-10;2023-02-01 15:46;-20;0;
2023-02-02;Thu;15:00;1.09059;-10;2023-02-02 15:08;-10;2023-02-02 15:33;-20;0;
2023-02-03;Fri;15:00;1.08439;-10;2023-02-03 15:01;-10;2023-02-03 15:18;-20;0;
2023-02-06;Mon;15:00;1.07441;-10;2023-02-06 15:21;35;2023-02-07 08:06;25;0;
2023-02-07;Tue;15:00;1.06813;-10;2023-02-07 15:13;-10;2023-02-07 15:50;-20;0;
2023-02-08;Wed;15:00;1.07219;-10;2023-02-08 20:28;-10;2023-02-08 16:18;-20;0;
2023-02-09;Thu;15:00;1.07779;-10;2023-02-09 15:31;-10;2023-02-09 15:09;-20;0;
2023-02-10;Fri;15:00;1.06920;-10;2023-02-10 15:47;-10;2023-02-10 15:11;-20;0;
2023-02-13;Mon;15:00;1.07055;35;2023-02-14 06:43;-10;2023-02-13 15:25;25;0;
2023-02-14;Tue;15:00;1.07522;-10;2023-02-14 15:39;-10;2023-02-14 15:11;-20;0;
2023-02-15;Wed;15:00;1.06711;-10;2023-02-15 18:05;-10;2023-02-15 15:18;-20;0;
2023-02-16;Thu;15:00;1.06620;35;2023-02-16 19:18;-10;2023-02-16 15:21;25;0;
2023-02-17;Fri;15:00;1.06424;35;2023-02-17 15:19;-10;2023-02-17 15:03;25;0;
2023-02-20;Mon;15:00;1.06890;-10;2023-02-21 00:09;35;2023-02-21 09:21;25;0;
2023-02-21;Tue;15:00;1.06474;35;2023-02-21 15:33;-10;2023-02-21 15:04;25;0;
2023-02-22;Wed;15:00;1.06521;-10;2023-02-22 15:11;35;2023-02-22 16:13;25;0;
2023-02-23;Thu;15:00;1.06065;-10;2023-02-23 15:06;35;2023-02-24 12:25;25;0;
2023-02-24;Fri;15:00;1.05471;-10;2023-02-27 06:21;-10;2023-02-24 15:25;-20;0;
2023-02-27;Mon;15:00;1.05884;35;2023-02-28 09:02;-10;2023-02-27 15:14;25;0;
2023-02-28;Tue;15:00;1.06392;-10;2023-02-28 15:36;35;2023-02-28 15:55;25;0;
2023-03-01;Wed;15:00;1.06672;-10;2023-03-01 15:04;-10;2023-03-01 15:46;-20;0;
2023-03-02;Thu;15:00;1.06008;-10;2023-03-02 17:10;-10;2023-03-02 15:50;-20;0;
2023-03-03;Fri;15:00;1.06111;-10;2023-03-03 15:02;-10;2023-03-03 17:12;-20;0;
2023-03-06;Mon;15:00;1.06663;-10;2023-03-07 09:57;-10;2023-03-06 15:05;-20;0;
2023-03-07;Tue;15:00;1.06366;-10;2023-03-07 15:01;35;2023-03-07 15:04;25;0;
2023-03-08;Wed;15:00;1.05455;-10;2023-03-08 15:01;-10;2023-03-08 15:23;-20;0;
2023-03-09;Thu;15:00;1.05748;-10;2023-03-09 16:08;-10;2023-03-09 15:10;-20;0;
2023-03-10;Fri;15:00;1.06701;-10;2023-03-10 16:30;-10;2023-03-10 15:04;-20;0;
2023-03-13;Mon;14:00;1.06992;35;2023-03-13 16:01;-10;2023-03-13 14:03;25;0;
2023-03-14;Tue;14:00;1.07080;35;2023-03-14 18:23;-10;2023-03-14 14:06;25;0;
2023-03-15;Wed;14:00;1.05431;-10;2023-03-15 14:05;-10;2023-03-15 14:13;-20;0;
2023-03-16;Thu;14:00;1.06020;-10;2023-03-16 14:03;-10;2023-03-16 15:52;-20;0;
2023-03-17;Fri;14:00;1.06350;-10;2023-03-17 14:26;-10;2023-03-17 15:52;-20;0;
2023-03-20;Mon;14:00;1.07259;-10;2023-03-20 14:12;-10;2023-03-21 08:23;-20;0;
2023-03-21;Tue;14:00;1.07778;-10;2023-03-21 14:05;-10;2023-03-22 09:08;-20;0;
2023-03-22;Wed;14:00;1.07817;35;2023-03-22 18:00;-10;2023-03-22 14:50;25;0;
2023-03-23;Thu;14:00;1.08868;-10;2023-03-23 17:25;-10;2023-03-23 15:13;-20;0;
2023-03-24;Fri;14:00;1.07570;-10;2023-03-24 15:01;-10;2023-03-24 14:11;-20;0;
2023-03-27;Mon;14:00;1.07840;35;2023-03-28 01:07;-10;2023-03-27 16:23;25;0;
2023-03-28;Tue;14:00;1.08223;35;2023-03-29 09:57;-10;2023-03-28 14:43;25;0;
2023-03-29;Wed;14:00;1.08460;-10;2023-03-29 14:29;-10;2023-03-30 07:56;-20;0;
2023-03-30;Thu;14:00;1.09178;-10;2023-03-30 14:10;35;2023-03-31 07:40;25;0;
2023-03-31;Fri;14:00;1.08931;-10;2023-03-31 14:27;35;2023-03-31 14:57;25;0;
2023-04-03;Mon;14:00;1.08933;-10;2023-04-03 15:06;-10;2023-04-03 14:21;-20;0;
2023-04-04;Tue;14:00;1.09157;35;2023-04-04 14:18;-10;2023-04-04 14:01;25;0;
2023-04-05;Wed;14:00;1.09509;-10;2023-04-05 14:06;-10;2023-04-05 14:01;-20;0;
2023-04-06;Thu;14:00;1.08960;35;2023-04-06 16:05;-10;2023-04-06 14:07;25;0;
2023-04-07;Fri;14:00;1.08990;-10;2023-04-10 11:30;-10;2023-04-07 14:21;-20;0;
2023-04-10;Mon;14:00;1.08349;35;2023-04-11 00:00;-10;2023-04-10 15:09;25;0;
2023-04-11;Tue;14:00;1.09222;-10;2023-04-11 14:46;-10;2023-04-12 05:51;-20;0;
2023-04-12;Wed;14:00;1.09737;35;2023-04-13 08:00;-10;2023-04-12 14:03;25;0;
2023-04-13;Thu;14:00;1.10645;-10;2023-04-13 14:06;-10;2023-04-14 02:09;-20;0;
2023-04-14;Fri;14:00;1.10182;-10;2023-04-14 14:06;35;2023-04-14 15:40;25;0;
2023-04-17;Mon;14:00;1.09331;-10;2023-04-17 14:04;-10;2023-04-18 05:57;-20;0;
2023-04-18;Tue;14:00;1.09581;-10;2023-04-19 06:24;-10;2023-04-18 14:24;-20;0;
2023-04-19;Wed;14:00;1.09614;-10;2023-04-19 15:51;-10;2023-04-19 14:04;-20;0;
2023-04-20;Thu;14:00;1.09752;-10;2023-04-20 16:28;-10;2023-04-20 14:07;-20;0;
2023-04-21;Fri;14:00;1.09534;-10;2023-04-21 14:06;-10;2023-04-21 14:17;-20;0;
2023-04-24;Mon;14:00;1.10235;35;2023-04-25 00:35;-10;2023-04-24 14:40;25;0;
2023-04-25;Tue;14:00;1.10008;-10;2023-04-25 14:10;35;2023-04-25 16:00;25;0;
2023-04-26;Wed;14:00;1.10846;-10;2023-04-26 14:10;35;2023-04-26 14:47;25;0;
2023-04-27;Thu;14:00;1.10110;-10;2023-04-28 07:13;-10;2023-04-27 14:16;-20;0;
2023-04-28;Fri;14:00;1.09966;35;2023-04-28 14:52;-10;2023-04-28 14:05;25;0;
2023-05-01;Mon;14:00;1.10114;-10;2023-05-01 14:01;35;2023-05-01 15:04;25;0;
2023-05-02;Tue;14:00;1.09530;35;2023-05-02 14:36;-10;2023-05-02 14:01;25;0;
2023-05-03;Wed;14:00;1.10346;35;2023-05-03 18:00;-10;2023-05-03 14:04;25;0;
2023-05-04;Thu;14:00;1.10231;-10;2023-05-04 14:10;-10;2023-05-04 14:31;-20;0;
2023-05-05;Fri;14:00;1.09908;35;2023-05-05 15:46;-10;2023-05-05 14:21;25;0;
2023-05-08;Mon;14:00;1.10434;-10;2023-05-08 14:12;35;2023-05-08 18:03;25;0;
2023-05-09;Tue;14:00;1.09620;-10;2023-05-09 15:35;-10;2023-05-09 18:32;-20;0;
2023-05-10;Wed;14:00;1.09845;-10;2023-05-10 14:42;-10;2023-05-10 14:16;-20;0;
2023-05-11;Thu;14:00;1.09022;-10;2023-05-12 11:19;-10;2023-05-11 14:34;-20;0;
2023-05-12;Fri;14:00;1.08857;-10;2023-05-12 14:36;-10;2023-05-12 14:03;-20;0;
2023-05-15;Mon;14:00;1.08802;-10;2023-05-15 14:19;-10;2023-05-16 07:51;-20;0;
2023-05-16;Tue;14:00;1.08745;-10;2023-05-16 14:10;35;2023-05-17 07:25;25;0;
2023-05-17;Wed;14:00;1.08165;-10;2023-05-18 10:32;-10;2023-05-17 14:25;-20;0;
2023-05-18;Thu;14:00;1.07782;-10;2023-05-18 14:52;-10;2023-05-19 06:23;-20;0;
2023-05-19;Fri;14:00;1.07943;-10;2023-05-19 14:47;-10;2023-05-19 15:16;-20;0;
2023-05-22;Mon;14:00;1.08113;-10;2023-05-22 14:27;-10;2023-05-22 14:08;-20;0;
2023-05-23;Tue;14:00;1.07816;-10;2023-05-23 15:31;-10;2023-05-23 14:03;-20;0;
2023-05-24;Wed;14:00;1.07713;-10;2023-05-24 14:50;35;2023-05-25 03:27;25;0;
2023-05-25;Thu;14:00;1.07147;35;2023-05-26 11:40;-10;2023-05-25 14:05;25;0;
2023-05-26;Fri;14:00;1.07257;-10;2023-05-26 14:38;-10;2023-05-26 14:08;-20;0;
2023-05-29;Mon;14:00;1.07097;-10;2023-05-30 05:22;-10;2023-05-30 01:25;-20;0;
2023-05-30;Tue;14:00;1.07289;-10;2023-05-30 16:04;-10;2023-05-30 14:36;-20;0;
2023-05-31;Wed;14:00;1.06803;-10;2023-05-31 14:04;35;2023-05-31 16:09;25;0;
2023-06-01;Thu;14:00;1.07333;-10;2023-06-01 14:06;-10;2023-06-01 15:32;-20;0;
2023-06-02;Fri;14:00;1.07432;-10;2023-06-02 14:22;35;2023-06-02 17:06;25;0;
2023-06-05;Mon;14:00;1.06958;35;2023-06-06 05:14;-10;2023-06-05 14:01;25;0;
2023-06-06;Tue;14:00;1.06725;35;2023-06-07 10:28;-10;2023-06-06 14:17;25;0;
2023-06-07;Wed;14:00;1.07358;-10;2023-06-07 14:09;35;2023-06-07 15:45;25;0;
2023-06-08;Thu;14:00;1.07665;-10;2023-06-09 10:01;-10;2023-06-08 15:15;-20;0;
2023-06-09;Fri;14:00;1.07708;-10;2023-06-09 14:33;35;2023-06-12 02:13;25;0;
2023-06-12;Mon;14:00;1.07529;35;2023-06-13 05:05;-10;2023-06-12 19:37;25;0;
2023-06-13;Tue;14:00;1.07922;-10;2023-06-13 14:11;-10;2023-06-13 14:48;-20;0;
2023-06-14;Wed;14:00;1.08442;-10;2023-06-14 18:00;-10;2023-06-14 14:53;-20;0;
2023-06-15;Thu;14:00;1.08996;35;2023-06-15 15:45;-10;2023-06-15 14:07;25;0;
2023-06-16;Fri;14:00;1.09551;-10;2023-06-16 14:12;-10;2023-06-16 14:04;-20;0;
2023-06-19;Mon;14:00;1.09187;-10;2023-06-20 13:04;-10;2023-06-19 15:26;-20;0;
2023-06-20;Tue;14:00;1.09160;-10;2023-06-20 14:23;-10;2023-06-21 08:15;-20;0;
2023-06-21;Wed;14:00;1.09252;35;2023-06-21 14:41;-10;2023-06-21 14:22;25;0;
2023-06-22;Thu;14:00;1.09799;-10;2023-06-22 14:34;35;2023-06-23 02:00;25;0;
2023-06-23;Fri;14:00;1.08823;35;2023-06-26 11:57;-10;2023-06-23 14:04;25;0;
2023-06-26;Mon;14:00;1.09120;-10;2023-06-26 16:30;-10;2023-06-27 01:47;-20;0;
2023-06-27;Tue;14:00;1.09625;-10;2023-06-27 14:06;35;2023-06-28 12:44;25;0;
2023-06-28;Wed;14:00;1.09341;-10;2023-06-28 14:11;35;2023-06-28 14:57;25;0;
2023-06-29;Thu;14:00;1.08709;-10;2023-06-30 01:55;-10;2023-06-29 14:13;-20;0;
2023-06-30;Fri;14:00;1.09162;-10;2023-07-02 23:56;-10;2023-06-30 14:14;-20;0;
2023-07-03;Mon;14:00;1.09220;-10;2023-07-03 14:16;-10;2023-07-03 14:01;-20;0;
2023-07-04;Tue;14:00;1.08996;-10;2023-07-04 18:57;35;2023-07-05 15:49;25;0;
2023-07-05;Wed;14:00;1.08914;-10;2023-07-05 14:26;35;2023-07-05 18:18;25;0;
2023-07-06;Thu;14:00;1.08716;-10;2023-07-06 14:06;35;2023-07-06 14:35;25;0;
2023-07-07;Fri;14:00;1.09160;35;2023-07-07 14:53;-10;2023-07-07 14:23;25;0;
2023-07-10;Mon;14:00;1.09677;35;2023-07-10 23:15;-10;2023-07-10 14:08;25;0;
2023-07-11;Tue;14:00;1.09866;35;2023-07-12 01:02;-10;2023-07-11 16:45;25;0;
2023-07-12;Wed;14:00;1.10949;35;2023-07-12 16:23;-10;2023-07-12 14:19;25;0;
2023-07-13;Thu;14:00;1.11927;-10;2023-07-13 14:24;-10;2023-07-13 16:07;-20;0;
2023-07-14;Fri;14:00;1.12308;-10;2023-07-14 14:01;-10;2023-07-14 14:56;-20;0;
2023-07-17;Mon;14:00;1.12211;35;2023-07-18 04:05;-10;2023-07-17 14:46;25;0;
2023-07-18;Tue;14:00;1.12274;-10;2023-07-18 16:44;-10;2023-07-18 14:10;-20;0;
2023-07-19;Wed;14:00;1.12120;-10;2023-07-19 14:09;35;2023-07-19 14:49;25;0;
2023-07-20;Thu;14:00;1.11835;-10;2023-07-20 14:08;35;2023-07-20 14:29;25;0;
2023-07-21;Fri;14:00;1.11173;-10;2023-07-24 07:30;-10;2023-07-21 17:44;-20;0;
2023-07-24;Mon;14:00;1.10875;-10;2023-07-24 14:18;35;2023-07-25 09:34;25;0;
2023-07-25;Tue;14:00;1.10324;-10;2023-07-25 14:33;-10;2023-07-25 14:53;-20;0;
2023-07-26;Wed;14:00;1.10636;35;2023-07-26 18:42;-10;2023-07-26 15:16;25;0;
2023-07-27;Thu;14:00;1.10078;-10;2023-07-27 14:04;35;2023-07-27 18:52;25;0;
2023-07-28;Fri;14:00;1.10215;-10;2023-07-30 21:01;-10;2023-07-28 14:01;-20;0;
2023-07-31;Mon;14:00;1.10389;-10;2023-07-31 14:47;35;2023-07-31 16:53;25;0;
2023-08-01;Tue;14:00;1.09802;-10;2023-08-01 14:08;-10;2023-08-01 21:23;-20;0;
2023-08-02;Wed;14:00;1.09493;-10;2023-08-02 14:11;35;2023-08-03 07:15;25;0;
2023-08-03;Thu;14:00;1.09228;35;2023-08-03 16:38;-10;2023-08-03 14:06;25;0;
2023-08-04;Fri;14:00;1.10090;-10;2023-08-07 01:26;-10;2023-08-04 14:19;-20;0;
2023-08-07;Mon;14:00;1.09905;-10;2023-08-08 01:37;-10;2023-08-07 14:16;-20;0;
2023-08-08;Tue;14:00;1.09377;35;2023-08-09 05:05;-10;2023-08-08 14:40;25;0;
2023-08-09;Wed;14:00;1.09802;-10;2023-08-10 00:20;-10;2023-08-09 14:04;-20;0;
2023-08-10;Thu;14:00;1.10400;-10;2023-08-10 14:09;35;2023-08-10 17:21;25;0;
2023-08-11;Fri;14:00;1.09695;-10;2023-08-11 14:11;-10;2023-08-11 14:24;-20;0;
2023-08-14;Mon;14:00;1.08823;35;2023-08-14 15:28;-10;2023-08-14 14:12;25;0;
2023-08-15;Tue;14:00;1.09401;-10;2023-08-15 14:09;35;2023-08-15 18:56;25;0;
2023-08-16;Wed;14:00;1.09080;-10;2023-08-16 14:48;-10;2023-08-16 14:05;-20;0;
2023-08-17;Thu;14:00;1.08983;-10;2023-08-17 14:28;35;2023-08-17 17:35;25;0;
2023-08-18;Fri;14:00;1.08714;35;2023-08-21 11:14;-10;2023-08-21 00:11;25;0;
2023-08-21;Mon;14:00;1.08880;-10;2023-08-21 14:27;-10;2023-08-21 16:30;-20;0;
2023-08-22;Tue;14:00;1.08446;-10;2023-08-22 14:41;-10;2023-08-22 15:12;-20;0;
2023-08-23;Wed;14:00;1.08377;35;2023-08-24 00:21;-10;2023-08-23 14:19;25;0;
2023-08-24;Thu;14:00;1.08428;-10;2023-08-24 15:19;35;2023-08-24 19:04;25;0;
2023-08-25;Fri;14:00;1.08081;-10;2023-08-25 14:02;-10;2023-08-25 14:03;-20;0;
2023-08-28;Mon;14:00;1.08072;-10;2023-08-29 12:12;-10;2023-08-28 19:41;-20;0;
2023-08-29;Tue;14:00;1.08160;35;2023-08-29 15:36;-10;2023-08-29 14:01;25;0;
2023-08-30;Wed;14:00;1.09425;-10;2023-08-30 14:24;35;2023-08-31 06:56;25;0;
2023-08-31;Thu;14:00;1.08482;-10;2023-08-31 15:44;-10;2023-08-31 15:00;-20;0;
2023-09-01;Fri;14:00;1.08412;-10;2023-09-01 14:01;35;2023-09-01 14:49;25;0;
2023-09-04;Mon;14:00;1.07946;-10;2023-09-04 14:52;35;2023-09-05 06:35;25;0;
2023-09-05;Tue;14:00;1.07272;-10;2023-09-05 14:17;-10;2023-09-06 05:37;-20;0;
2023-09-06;Wed;14:00;1.07153;-10;2023-09-06 14:01;-10;2023-09-06 17:10;-20;0;
2023-09-07;Thu;14:00;1.06918;35;2023-09-08 06:11;-10;2023-09-07 14:39;25;0;
2023-09-08;Fri;14:00;1.07283;-10;2023-09-08 14:53;-10;2023-09-08 14:07;-20;0;
2023-09-11;Mon;14:00;1.07361;-10;2023-09-12 07:11;-10;2023-09-11 14:08;-20;0;
2023-09-12;Tue;14:00;1.07173;35;2023-09-12 20:46;-10;2023-09-12 15:22;25;0;
2023-09-13;Wed;14:00;1.07375;-10;2023-09-13 14:05;-10;2023-09-13 17:42;-20;0;
2023-09-14;Thu;14:00;1.06649;-10;2023-09-14 14:16;-10;2023-09-14 15:19;-20;0;
2023-09-15;Fri;14:00;1.06689;-10;2023-09-15 20:04;-10;2023-09-15 14:01;-20;0;
2023-09-18;Mon;14:00;1.06620;35;2023-09-18 15:45;-10;2023-09-18 14:34;25;0;
2023-09-19;Tue;14:00;1.06915;-10;2023-09-19 15:23;-10;2023-09-20 10:01;-20;0;
2023-09-20;Wed;14:00;1.07166;-10;2023-09-20 18:00;-10;2023-09-20 14:02;-20;0;
2023-09-21;Thu;14:00;1.06421;-10;2023-09-22 07:15;-10;2023-09-21 14:16;-20;0;
2023-09-22;Fri;14:00;1.06618;-10;2023-09-22 17:55;35;2023-09-25 08:31;25;0;
2023-09-25;Mon;14:00;1.06041;-10;2023-09-25 14:07;35;2023-09-26 15:54;25;0;
2023-09-26;Tue;14:00;1.05941;-10;2023-09-26 14:14;35;2023-09-27 00:44;25;0;
2023-09-27;Wed;14:00;1.05211;-10;2023-09-27 14:12;-10;2023-09-28 09:40;-20;0;
2023-09-28;Thu;14:00;1.05513;35;2023-09-29 06:10;-10;2023-09-28 14:46;25;0;
2023-09-29;Fri;14:00;1.05800;-10;2023-09-29 14:24;-10;2023-09-29 14:47;-20;0;
2023-10-02;Mon;14:00;1.05175;-10;2023-10-02 14:07;35;2023-10-02 19:59;25;0;
2023-10-03;Tue;14:00;1.04671;-10;2023-10-03 14:01;-10;2023-10-03 14:12;-20;0;
2023-10-04;Wed;14:00;1.05043;-10;2023-10-04 14:03;-10;2023-10-04 15:25;-20;0;
2023-10-05;Thu;14:00;1.05228;-10;2023-10-05 14:06;-10;2023-10-05 14:27;-20;0;
2023-10-06;Fri;14:00;1.05140;35;2023-10-06 14:31;-10;2023-10-06 14:23;25;0;
2023-10-09;Mon;14:00;1.05547;-10;2023-10-09 14:13;-10;2023-10-09 17:45;-20;0;
2023-10-10;Tue;14:00;1.05966;-10;2023-10-11 12:30;-10;2023-10-10 15:33;-20;0;
2023-10-11;Wed;14:00;1.06280;-10;2023-10-11 15:11;35;2023-10-11 17:33;25;0;
2023-10-12;Thu;14:00;1.05499;-10;2023-10-12 17:08;-10;2023-10-12 14:07;-20;0;
2023-10-13;Fri;14:00;1.05192;-10;2023-10-13 14:16;-10;2023-10-16 05:31;-20;0;
2023-10-16;Mon;14:00;1.05302;35;2023-10-17 11:11;-10;2023-10-16 14:30;25;0;
2023-10-17;Tue;14:00;1.05497;35;2023-10-17 14:26;-10;2023-10-17 14:03;25;0;
2023-10-18;Wed;14:00;1.05502;-10;2023-10-18 14:33;-10;2023-10-19 11:36;-20;0;
2023-10-19;Thu;14:00;1.05758;-10;2023-10-19 14:34;-10;2023-10-19 16:01;-20;0;
2023-10-20;Fri;14:00;1.05800;35;2023-10-23 12:28;-10;2023-10-20 14:05;25;0;
2023-10-23;Mon;14:00;1.06065;35;2023-10-23 15:34;-10;2023-10-23 14:14;25;0;
2023-10-24;Tue;14:00;1.06133;-10;2023-10-24 14:04;35;2023-10-25 07:27;25;0;
2023-10-25;Wed;14:00;1.05766;-10;2023-10-25 17:32;-10;2023-10-25 14:38;-20;0;
2023-10-26;Thu;14:00;1.05464;-10;2023-10-26 14:03;-10;2023-10-26 18:16;-20;0;
2023-10-27;Fri;14:00;1.05749;-10;2023-10-27 17:38;-10;2023-10-27 14:05;-20;0;
2023-10-30;Mon;14:00;1.06091;-10;2023-10-30 14:13;-10;2023-10-30 15:10;-20;0;
2023-10-31;Tue;14:00;1.06002;-10;2023-10-31 15:06;-10;2023-10-31 14:12;-20;0;
2023-11-01;Wed;14:00;1.05419;-10;2023-11-01 17:08;-10;2023-11-01 14:20;-20;0;
2023-11-02;Thu;14:00;1.06456;-10;2023-11-02 14:09;35;2023-11-02 16:41;25;0;
2023-11-03;Fri;14:00;1.07224;-10;2023-11-03 14:01;-10;2023-11-03 15:53;-20;0;
2023-11-06;Mon;15:00;1.07392;-10;2023-11-06 15:11;35;2023-11-07 06:42;25;0;
2023-11-07;Tue;15:00;1.06763;-10;2023-11-08 09:12;-10;2023-11-07 15:36;-20;0;
2023-11-08;Wed;15:00;1.06894;35;2023-11-09 14:58;-10;2023-11-08 15:51;25;0;
2023-11-09;Thu;15:00;1.07225;-10;2023-11-09 15:04;35;2023-11-09 18:03;25;0;
2023-11-10;Fri;15:00;1.06694;35;2023-11-13 17:26;-10;2023-11-10 15:15;25;0;
2023-11-13;Mon;15:00;1.06773;35;2023-11-14 09:22;-10;2023-11-13 15:03;25;0;
2023-11-14;Tue;15:00;1.08314;35;2023-11-14 17:39;-10;2023-11-14 15:28;25;0;
2023-11-15;Wed;15:00;1.08360;35;2023-11-16 13:36;-10;2023-11-15 15:30;25;0;
2023-11-16;Thu;15:00;1.08788;-10;2023-11-16 16:19;-10;2023-11-16 15:13;-20;0;
2023-11-17;Fri;15:00;1.08700;35;2023-11-17 20:51;-10;2023-11-17 15:30;25;0;
2023-11-20;Mon;15:00;1.09402;-10;2023-11-20 15:22;-10;2023-11-20 17:06;-20;0;
2023-11-21;Tue;15:00;1.09543;-10;2023-11-21 15:26;35;2023-11-21 17:18;25;0;
2023-11-22;Wed;15:00;1.08677;-10;2023-11-22 15:05;-10;2023-11-22 17:19;-20;0;
2023-11-23;Thu;15:00;1.08971;35;2023-11-24 14:53;-10;2023-11-23 15:21;25;0;
2023-11-24;Fri;15:00;1.09371;-10;2023-11-27 01:00;-10;2023-11-24 18:41;-20;0;
2023-11-27;Mon;15:00;1.09286;35;2023-11-28 13:26;-10;2023-11-27 15:30;25;0;
2023-11-28;Tue;15:00;1.09778;35;2023-11-29 01:00;-10;2023-11-28 15:04;25;0;
2023-11-29;Wed;15:00;1.09786;-10;2023-11-29 15:10;-10;2023-11-29 15:03;-20;0;
2023-11-30;Thu;15:00;1.09080;-10;2023-11-30 15:50;-10;2023-11-30 15:06;-20;0;
2023-12-01;Fri;15:00;1.08505;-10;2023-12-01 15:35;-10;2023-12-01 15:02;-20;0;
2023-12-04;Mon;15:00;1.08406;-10;2023-12-04 15:11;35;2023-12-04 15:41;25;0;
2023-12-05;Tue;15:00;1.08222;-10;2023-12-05 15:37;-10;2023-12-05 15:01;-20;0;
2023-12-06;Wed;15:00;1.07924;-10;2023-12-06 17:49;35;2023-12-07 05:15;25;0;
2023-12-07;Thu;15:00;1.07693;35;2023-12-07 17:33;-10;2023-12-07 15:15;25;0;
2023-12-08;Fri;15:00;1.07569;-10;2023-12-08 16:52;-10;2023-12-08 15:11;-20;0;
2023-12-11;Mon;15:00;1.07525;-10;2023-12-11 15:42;-10;2023-12-11 18:51;-20;0;
2023-12-12;Tue;15:00;1.07719;35;2023-12-13 14:07;-10;2023-12-12 15:21;25;0;
2023-12-13;Wed;15:00;1.07908;-10;2023-12-13 18:05;-10;2023-12-13 19:00;-20;0;
2023-12-14;Thu;15:00;1.09916;-10;2023-12-14 15:28;-10;2023-12-14 16:32;-20;0;
2023-12-15;Fri;15:00;1.09203;-10;2023-12-15 15:06;-10;2023-12-18 14:29;-20;0;
2023-12-18;Mon;15:00;1.09291;-10;2023-12-18 15:12;-10;2023-12-19 07:19;-20;0;
2023-12-19;Tue;15:00;1.09783;-10;2023-12-20 01:39;35;2023-12-20 11:20;25;0;
2023-12-20;Wed;15:00;1.09669;-10;2023-12-20 15:24;35;2023-12-20 20:57;25;0;
2023-12-21;Thu;15:00;1.09903;-10;2023-12-21 15:06;-10;2023-12-21 19:45;-20;0;
2023-12-22;Fri;15:00;1.10358;-10;2023-12-22 15:25;35;2023-12-22 17:10;25;0;
2023-12-26;Tue;15:00;1.10260;35;2023-12-27 12:25;-10;2023-12-26 16:40;25;0;
2023-12-27;Wed;15:00;1.11038;35;2023-12-28 09:37;-10;2023-12-27 15:40;25;0;
2023-12-28;Thu;15:00;1.11035;-10;2023-12-28 16:07;35;2023-12-28 17:05;25;0;
2023-12-29;Fri;15:00;1.10701;-10;2023-12-29 15:49;35;2023-12-29 21:10;25;0;
2024-01-02;Tue;15:00;1.09646;-10;2024-01-02 15:15;35;2024-01-03 10:21;25;0;
2024-01-03;Wed;15:00;1.09216;-10;2024-01-03 15:15;-10;2024-01-03 15:02;-20;0;
2024-01-04;Thu;15:00;1.09462;-10;2024-01-05 05:06;-10;2024-01-04 15:03;-20;0;
2024-01-05;Fri;15:00;1.09621;35;2024-01-05 15:11;-10;2024-01-05 15:01;25;0;
2024-01-08;Mon;15:00;1.09601;-10;2024-01-08 18:41;-10;2024-01-08 15:18;-20;0;
2024-01-09;Tue;15:00;1.09454;-10;2024-01-09 15:28;35;2024-01-09 16:09;25;0;
2024-01-10;Wed;15:00;1.09402;35;2024-01-11 00:04;-10;2024-01-10 15:30;25;0;
2024-01-11;Thu;15:00;1.09520;-10;2024-01-11 15:04;-10;2024-01-11 15:44;-20;0;
2024-01-12;Fri;15:00;1.09736;-10;2024-01-12 15:50;-10;2024-01-12 15:07;-20;0;
2024-01-15;Mon;15:00;1.09434;-10;2024-01-16 00:40;-10;2024-01-15 19:00;-20;0;
2024-01-16;Tue;15:00;1.08732;-10;2024-01-16 16:01;-10;2024-01-16 15:23;-20;0;
2024-01-17;Wed;15:00;1.08496;35;2024-01-17 23:56;-10;2024-01-17 15:04;25;0;
2024-01-18;Thu;15:00;1.08605;-10;2024-01-18 15:55;-10;2024-01-18 21:12;-20;0;
2024-01-19;Fri;15:00;1.08846;-10;2024-01-19 15:08;-10;2024-01-19 18:21;-20;0;
2024-01-22;Mon;15:00;1.08886;-10;2024-01-22 23:47;-10;2024-01-22 17:31;-20;0;
2024-01-23;Tue;15:00;1.08544;-10;2024-01-23 15:23;-10;2024-01-24 04:43;-20;0;
2024-01-24;Wed;15:00;1.09032;-10;2024-01-24 15:54;35;2024-01-25 13:57;25;0;
2024-01-25;Thu;15:00;1.08588;-10;2024-01-25 15:06;35;2024-01-25 19:23;25;0;
2024-01-26;Fri;15:00;1.08710;-10;2024-01-26 15:16;35;2024-01-29 07:57;25;0;
2024-01-29;Mon;15:00;1.08060;-10;2024-01-29 16:02;-10;2024-01-29 19:10;-20;0;
2024-01-30;Tue;15:00;1.08445;-10;2024-01-30 15:02;35;2024-01-31 07:45;25;0;
2024-01-31;Wed;15:00;1.08795;-10;2024-01-31 15:24;35;2024-01-31 17:27;25;0;
2024-02-01;Thu;15:00;1.08146;35;2024-02-01 16:25;-10;2024-02-01 15:08;25;0;
2024-02-02;Fri;15:00;1.08074;-10;2024-02-02 15:02;35;2024-02-04 23:09;25;0;
2024-02-05;Mon;15:00;1.07323;35;2024-02-07 07:06;-10;2024-02-05 17:36;25;0;
2024-02-06;Tue;15:00;1.07400;35;2024-02-07 12:59;-10;2024-02-06 16:30;25;0;
2024-02-07;Wed;15:00;1.07700;-10;2024-02-07 15:55;-10;2024-02-08 02:01;-20;0;
2024-02-08;Thu;15:00;1.07657;-10;2024-02-08 15:12;-10;2024-02-08 17:38;-20;0;
2024-02-09;Fri;15:00;1.07808;-10;2024-02-12 09:43;-10;2024-02-09 18:34;-20;0;
2024-02-12;Mon;15:00;1.07711;-10;2024-02-12 15:16;-10;2024-02-12 17:58;-20;0;
2024-02-13;Tue;15:00;1.07172;-10;2024-02-13 15:09;-10;2024-02-14 16:11;-20;0;
2024-02-14;Wed;15:00;1.07156;35;2024-02-15 13:30;-10;2024-02-14 16:08;25;0;
2024-02-15;Thu;15:00;1.07765;-10;2024-02-15 15:41;35;2024-02-16 13:30;25;0;
2024-02-16;Fri;15:00;1.07509;35;2024-02-16 18:50;-10;2024-02-16 15:08;25;0;
2024-02-19;Mon;15:00;1.07658;35;2024-02-20 10:20;-10;2024-02-19 17:33;25;0;
2024-02-20;Tue;15:00;1.08280;-10;2024-02-20 15:35;35;2024-02-21 09:03;25;0;
2024-02-21;Wed;15:00;1.08132;-10;2024-02-21 16:04;-10;2024-02-21 19:04;-20;0;
2024-02-22;Thu;15:00;1.08147;-10;2024-02-22 15:05;-10;2024-02-22 18:33;-20;0;
2024-02-23;Fri;15:00;1.08242;-10;2024-02-23 15:46;-10;2024-02-26 07:36;-20;0;
2024-02-26;Mon;15:00;1.08457;-10;2024-02-27 15:05;-10;2024-02-27 07:11;-20;0;
2024-02-27;Tue;15:00;1.08410;-10;2024-02-28 05:22;-10;2024-02-27 15:57;-20;0;
2024-02-28;Wed;15:00;1.08305;-10;2024-02-29 15:53;-10;2024-02-28 16:58;-20;0;
2024-02-29;Thu;15:00;1.08502;-10;2024-02-29 15:32;35;2024-02-29 16:13;25;0;
2024-03-01;Fri;15:00;1.08117;35;2024-03-04 00:40;-10;2024-03-01 15:15;25;0;
2024-03-04;Mon;15:00;1.08600;-10;2024-03-05 01:22;-10;2024-03-05 15:00;-20;0;
2024-03-05;Tue;15:00;1.08585;-10;2024-03-06 01:11;-10;2024-03-05 15:01;-20;0;
2024-03-06;Wed;15:00;1.08855;-10;2024-03-07 13:15;-10;2024-03-06 15:42;-20;0;
2024-03-07;Thu;15:00;1.09152;35;2024-03-07 23:59;-10;2024-03-07 15:40;25;0;
2024-03-08;Fri;15:00;1.09586;-10;2024-03-08 15:16;35;2024-03-11 13:48;25;0;
2024-03-11;Mon;14:00;1.09201;-10;2024-03-12 12:30;-10;2024-03-11 17:20;-20;0;
2024-03-12;Tue;14:00;1.09121;35;2024-03-13 12:21;-10;2024-03-12 18:32;25;0;
2024-03-13;Wed;14:00;1.09374;-10;2024-03-14 12:30;-10;2024-03-13 16:54;-20;0;
2024-03-14;Thu;14:00;1.09097;-10;2024-03-14 14:49;35;2024-03-15 02:30;25;0;
2024-03-15;Fri;14:00;1.08884;-10;2024-03-18 16:08;-10;2024-03-18 09:33;-20;0;
2024-03-18;Mon;14:00;1.08894;-10;2024-03-18 16:03;35;2024-03-19 07:53;25;0;
2024-03-19;Tue;14:00;1.08548;-10;2024-03-20 09:08;-10;2024-03-19 14:26;-20;0;
2024-03-20;Wed;14:00;1.08444;35;2024-03-20 18:00;-10;2024-03-20 15:16;25;0;
2024-03-21;Thu;14:00;1.08843;-10;2024-03-21 14:25;35;2024-03-22 02:13;25;0;
2024-03-22;Fri;14:00;1.08303;-10;2024-03-22 14:17;-10;2024-03-25 14:16;-20;0;
2024-03-25;Mon;14:00;1.08352;-10;2024-03-26 15:57;-10;2024-03-26 01:22;-20;0;
2024-03-26;Tue;14:00;1.08526;-10;2024-03-26 14:25;35;2024-03-27 12:03;25;0;
2024-03-27;Wed;14:00;1.08166;-10;2024-03-28 07:18;-10;2024-03-27 19:57;-20;0;
2024-03-28;Thu;14:00;1.08142;-10;2024-03-28 14:17;35;2024-03-29 01:44;25;0;
2024-03-29;Fri;14:00;1.07971;-10;2024-03-29 16:44;35;2024-04-01 14:00;25;0;
2024-04-01;Mon;14:00;1.07649;-10;2024-04-01 14:02;35;2024-04-02 02:14;25;0;
2024-04-02;Tue;14:00;1.07646;35;2024-04-03 14:00;-10;2024-04-02 14:04;25;0;
2024-04-03;Wed;14:00;1.08035;35;2024-04-03 23:30;-10;2024-04-03 14:01;25;0;
2024-04-04;Thu;14:00;1.08708;-10;2024-04-04 16:38;35;2024-04-04 19:36;25;0;
2024-04-05;Fri;14:00;1.08013;35;2024-04-05 15:43;-10;2024-04-05 14:13;25;0;
2024-04-08;Mon;14:00;1.08506;-10;2024-04-10 12:30;-10;2024-04-08 18:26;-20;0;
2024-04-09;Tue;14:00;1.08794;-10;2024-04-09 14:28;35;2024-04-10 12:30;25;0;
2024-04-10;Wed;14:00;1.07509;-10;2024-04-10 15:40;-10;2024-04-10 14:19;-20;0;
2024-04-11;Thu;14:00;1.07315;-10;2024-04-11 14:17;35;2024-04-12 06:39;25;0;
2024-04-12;Fri;14:00;1.06409;-10;2024-04-12 14:10;-10;2024-04-12 15:58;-20;0;
2024-04-15;Mon;14:00;1.06365;-10;2024-04-15 14:10;-10;2024-04-15 16:04;-20;0;
2024-04-16;Tue;14:00;1.06287;-10;2024-04-16 16:36;-10;2024-04-16 14:09;-20;0;
2024-04-17;Wed;14:00;1.06432;-10;2024-04-17 14:51;-10;2024-04-17 16:31;-20;0;
2024-04-18;Thu;14:00;1.06507;-10;2024-04-18 22:41;-10;2024-04-18 14:37;-20;0;
2024-04-19;Fri;14:00;1.06656;-10;2024-04-19 15:53;-10;2024-04-19 14:28;-20;0;
2024-04-22;Mon;14:00;1.06341;35;2024-04-23 07:30;-10;2024-04-22 14:45;25;0;
2024-04-23;Tue;14:00;1.07014;-10;2024-04-23 14:05;-10;2024-04-24 01:20;-20;0;
2024-04-24;Wed;14:00;1.06933;-10;2024-04-24 15:43;-10;2024-04-24 19:23;-20;0;
2024-04-25;Thu;14:00;1.07001;35;2024-04-25 16:56;-10;2024-04-25 14:18;25;0;
2024-04-26;Fri;14:00;1.07065;-10;2024-04-26 14:21;-10;2024-04-29 02:20;-20;0;
2024-04-29;Mon;14:00;1.07008;-10;2024-04-30 06:20;-10;2024-04-29 14:07;-20;0;
2024-04-30;Tue;14:00;1.07074;-10;2024-04-30 14:50;-10;2024-04-30 14:06;-20;0;
2024-05-01;Wed;14:00;1.06839;-10;2024-05-01 16:15;-10;2024-05-01 18:02;-20;0;
2024-05-02;Thu;14:00;1.06852;-10;2024-05-02 14:09;-10;2024-05-02 15:15;-20;0;
2024-05-03;Fri;14:00;1.07832;-10;2024-05-03 14:01;35;2024-05-07 18:39;25;0;
2024-05-06;Mon;14:00;1.07859;-10;2024-05-06 15:12;35;2024-05-07 18:18;25;0;
2024-05-07;Tue;14:00;1.07805;-10;2024-05-07 15:41;35;2024-05-08 01:09;25;0;
2024-05-08;Wed;14:00;1.07514;-10;2024-05-08 17:36;-10;2024-05-09 12:44;-20;0;
2024-05-09;Thu;14:00;1.07641;35;2024-05-13 12:53;-10;2024-05-09 14:23;25;0;
2024-05-10;Fri;14:00;1.07863;-10;2024-05-10 14:11;-10;2024-05-13 12:06;-20;0;
2024-05-13;Mon;14:00;1.08036;-10;2024-05-13 15:04;35;2024-05-14 12:30;25;0;
2024-05-14;Tue;14:00;1.08189;35;2024-05-15 12:30;-10;2024-05-15 06:52;25;0;
2024-05-15;Wed;14:00;1.08363;35;2024-05-15 15:29;-10;2024-05-15 14:21;25;0;
2024-05-16;Thu;14:00;1.08561;-10;2024-05-17 08:33;-10;2024-05-16 14:42;-20;0;
2024-05-17;Fri;14:00;1.08560;-10;2024-05-21 13:00;-10;2024-05-17 14:33;-20;0;
2024-05-20;Mon;14:00;1.08646;-10;2024-05-21 02:02;-10;2024-05-21 09:28;-20;0;
2024-05-21;Tue;14:00;1.08501;-10;2024-05-22 10:29;-10;2024-05-21 14:39;-20;0;
2024-05-22;Wed;14:00;1.08363;-10;2024-05-22 18:18;-10;2024-05-22 17:06;-20;0;
2024-05-23;Thu;14:00;1.08378;-10;2024-05-23 14:49;-10;2024-05-24 12:38;-20;0;
2024-05-24;Fri;14:00;1.08457;35;2024-05-28 11:03;-10;2024-05-24 15:31;25;0;
2024-05-27;Mon;14:00;1.08547;-10;2024-05-29 04:11;-10;2024-05-28 00:20;-20;0;
2024-05-28;Tue;14:00;1.08622;-10;2024-05-28 23:23;-10;2024-05-28 14:47;-20;0;
2024-05-29;Wed;14:00;1.08391;-10;2024-05-29 14:21;35;2024-05-29 19:06;25;0;
2024-05-30;Thu;14:00;1.08299;-10;2024-05-31 02:00;-10;2024-05-30 14:34;-20;0;
2024-05-31;Fri;14:00;1.08682;-10;2024-05-31 14:41;35;2024-06-03 09:46;25;0;
2024-06-03;Mon;14:00;1.08609;35;2024-06-03 18:40;-10;2024-06-03 14:04;25;0;
2024-06-04;Tue;14:00;1.08711;-10;2024-06-05 11:30;-10;2024-06-04 14:56;-20;0;
2024-06-05;Wed;14:00;1.08813;-10;2024-06-05 14:03;-10;2024-06-06 01:30;-20;0;
2024-06-06;Thu;14:00;1.08856;-10;2024-06-06 14:16;-10;2024-06-07 01:56;-20;0;
2024-06-07;Fri;14:00;1.08195;-10;2024-06-07 15:06;35;2024-06-09 21:01;25;0;
2024-06-10;Mon;14:00;1.07386;-10;2024-06-11 11:14;-10;2024-06-10 15:56;-20;0;
2024-06-11;Tue;14:00;1.07247;35;2024-06-12 10:48;-10;2024-06-11 16:04;25;0;
2024-06-12;Wed;14:00;1.08348;-10;2024-06-12 14:04;-10;2024-06-12 14:31;-20;0;
2024-06-13;Thu;14:00;1.07867;-10;2024-06-13 14:26;35;2024-06-13 16:02;25;0;
2024-06-14;Fri;14:00;1.06696;35;2024-06-14 17:19;-10;2024-06-14 14:09;25;0;
2024-06-17;Mon;14:00;1.07171;35;2024-06-18 14:19;-10;2024-06-17 16:37;25;0;
2024-06-18;Tue;14:00;1.07470;-10;2024-06-18 14:52;-10;2024-06-18 14:26;-20;0;
2024-06-19;Wed;14:00;1.07435;-10;2024-06-20 06:10;35;2024-06-20 15:56;25;0;
2024-06-20;Thu;14:00;1.07248;-10;2024-06-20 15:12;35;2024-06-21 07:30;25;0;
2024-06-21;Fri;14:00;1.06837;35;2024-06-24 09:08;-10;2024-06-21 14:18;25;0;
2024-06-24;Mon;14:00;1.07416;-10;2024-06-24 14:46;35;2024-06-25 12:48;25;0;
2024-06-25;Tue;14:00;1.07016;-10;2024-06-25 14:09;-10;2024-06-25 17:43;-20;0;
2024-06-26;Wed;14:00;1.06752;35;2024-06-27 12:37;-10;2024-06-26 14:14;25;0;
2024-06-27;Thu;14:00;1.07202;-10;2024-06-27 14:28;-10;2024-06-30 21:01;-20;0;
2024-06-28;Fri;14:00;1.06989;35;2024-06-30 21:01;-10;2024-06-28 14:48;25;0;
2024-07-01;Mon;14:00;1.07645;-10;2024-07-01 14:07;35;2024-07-01 14:55;25;0;
2024-07-02;Tue;14:00;1.07384;-10;2024-07-02 14:09;-10;2024-07-02 22:01;-20;0;
2024-07-03;Wed;14:00;1.07995;-10;2024-07-03 17:07;-10;2024-07-03 14:08;-20;0;
2024-07-04;Thu;14:00;1.08015;35;2024-07-05 12:30;-10;2024-07-04 15:07;25;0;
2024-07-05;Fri;14:00;1.08176;-10;2024-07-07 21:01;-10;2024-07-05 15:23;-20;0;
2024-07-08;Mon;14:00;1.08412;-10;2024-07-08 15:04;35;2024-07-09 15:14;25;0;
2024-07-09;Tue;14:00;1.08237;-10;2024-07-09 14:05;-10;2024-07-10 23:13;-20;0;
2024-07-10;Wed;14:00;1.08219;35;2024-07-11 11:56;-10;2024-07-10 22:01;25;0;
2024-07-11;Thu;14:00;1.08867;-10;2024-07-11 14:17;-10;2024-07-12 13:15;-20;0;
2024-07-12;Fri;14:00;1.08942;-10;2024-07-14 21:01;-10;2024-07-12 14:40;-20;0;
2024-07-15;Mon;14:00;1.09155;-10;2024-07-15 16:05;35;2024-07-16 12:48;25;0;
2024-07-16;Tue;14:00;1.08836;-10;2024-07-16 14:46;-10;2024-07-16 18:34;-20;0;
2024-07-17;Wed;14:00;1.09376;-10;2024-07-17 15:14;35;2024-07-18 18:13;25;0;
2024-07-18;Thu;14:00;1.09110;-10;2024-07-18 18:14;35;2024-07-19 08:55;25;0;
2024-07-19;Fri;14:00;1.08803;-10;2024-07-23 08:07;-10;2024-07-19 16:11;-20;0;
2024-07-22;Mon;14:00;1.08802;-10;2024-07-23 08:07;-10;2024-07-22 17:12;-20;0;
2024-07-23;Tue;14:00;1.08503;-10;2024-07-24 07:30;-10;2024-07-24 13:09;-20;0;
2024-07-24;Wed;14:00;1.08546;-10;2024-07-24 18:02;-10;2024-07-24 14:15;-20;0;
2024-07-25;Thu;14:00;1.08381;-10;2024-07-29 09:13;-10;2024-07-25 14:26;-20;0;
2024-07-26;Fri;14:00;1.08655;-10;2024-07-26 14:26;35;2024-07-29 09:08;25;0;
2024-07-29;Mon;14:00;1.08118;-10;2024-07-30 12:59;-10;2024-07-29 15:05;-20;0;
2024-07-30;Tue;14:00;1.08071;35;2024-07-31 12:26;-10;2024-07-30 17:23;25;0;
2024-07-31;Wed;14:00;1.08441;-10;2024-07-31 14:41;35;2024-07-31 16:25;25;0;
2024-08-01;Thu;14:00;1.08091;-10;2024-08-01 14:23;-10;2024-08-02 09:07;-20;0;
2024-08-02;Fri;14:00;1.09062;-10;2024-08-05 06:08;-10;2024-08-02 14:28;-20;0;
2024-08-05;Mon;14:00;1.09720;-10;2024-08-05 14:05;-10;2024-08-05 15:02;-20;0;
2024-08-06;Tue;14:00;1.09169;-10;2024-08-07 05:39;-10;2024-08-06 14:21;-20;0;
2024-08-07;Wed;14:00;1.09190;-10;2024-08-08 12:32;-10;2024-08-07 14:40;-20;0;
2024-08-08;Thu;14:00;1.08931;35;2024-08-09 07:08;-10;2024-08-08 14:52;25;0;
2024-08-09;Fri;14:00;1.09220;-10;2024-08-11 22:17;-10;2024-08-12 13:45;-20;0;
2024-08-12;Mon;14:00;1.09240;-10;2024-08-13 09:06;-10;2024-08-12 15:08;-20;0;
2024-08-13;Tue;14:00;1.09575;35;2024-08-13 18:34;-10;2024-08-13 16:46;25;0;
2024-08-14;Wed;14:00;1.10361;-10;2024-08-14 15:15;-10;2024-08-14 14:32;-20;0;
2024-08-15;Thu;14:00;1.09689;35;2024-08-16 13:56;-10;2024-08-15 14:45;25;0;
2024-08-16;Fri;14:00;1.09995;-10;2024-08-16 14:20;-10;2024-08-16 17:25;-20;0;
2024-08-19;Mon;14:00;1.10446;35;2024-08-19 18:06;-10;2024-08-19 14:24;25;0;
2024-08-20;Tue;14:00;1.11011;35;2024-08-21 15:25;-10;2024-08-20 14:35;25;0;
2024-08-21;Wed;14:00;1.11080;35;2024-08-21 15:45;-10;2024-08-21 14:03;25;0;
2024-08-22;Thu;14:00;1.11164;-10;2024-08-22 14:07;-10;2024-08-23 01:48;-20;0;
2024-08-23;Fri;14:00;1.11219;35;2024-08-23 14:10;-10;2024-08-23 14:02;25;0;
2024-08-26;Mon;14:00;1.11568;-10;2024-08-28 05:18;-10;2024-08-26 14:17;-20;0;
2024-08-27;Tue;14:00;1.11674;-10;2024-08-28 05:05;-10;2024-08-27 17:16;-20;0;
2024-08-28;Wed;14:00;1.11125;-10;2024-08-29 08:02;-10;2024-08-28 14:18;-20;0;
2024-08-29;Thu;14:00;1.10815;-10;2024-08-29 14:08;-10;2024-08-30 08:28;-20;0;
2024-08-30;Fri;14:00;1.10753;-10;2024-08-30 14:22;35;2024-09-03 09:07;25;0;
2024-09-02;Mon;14:00;1.10683;-10;2024-09-03 03:18;35;2024-09-03 10:35;25;0;
2024-09-03;Tue;14:00;1.10593;-10;2024-09-03 14:13;-10;2024-09-04 14:00;-20;0;
2024-09-04;Wed;14:00;1.10671;35;2024-09-05 11:16;-10;2024-09-04 14:01;25;0;
2024-09-05;Thu;14:00;1.10980;-10;2024-09-05 14:02;-10;2024-09-05 18:01;-20;0;
2024-09-06;Fri;14:00;1.10829;-10;2024-09-06 14:09;-10;2024-09-06 14:22;-20;0;
2024-09-09;Mon;14:00;1.10460;-10;2024-09-09 14:13;35;2024-09-11 12:38;25;0;
2024-09-10;Tue;14:00;1.10187;35;2024-09-11 11:26;-10;2024-09-10 16:36;25;0;
2024-09-11;Wed;14:00;1.10107;35;2024-09-12 14:50;-10;2024-09-11 17:53;25;0;
2024-09-12;Thu;14:00;1.10353;35;2024-09-12 19:36;-10;2024-09-12 14:47;25;0;
2024-09-13;Fri;14:00;1.10920;-10;2024-09-13 15:59;-10;2024-09-16 03:47;-20;0;
2024-09-16;Mon;14:00;1.11270;-10;2024-09-16 15:38;-10;2024-09-17 07:52;-20;0;
2024-09-17;Tue;14:00;1.11154;35;2024-09-18 18:00;-10;2024-09-17 14:14;25;0;
2024-09-18;Wed;14:00;1.11342;-10;2024-09-18 14:17;-10;2024-09-18 18:00;-20;0;
2024-09-19;Thu;14:00;1.11231;35;2024-09-19 16:52;-10;2024-09-19 15:19;25;0;
2024-09-20;Fri;14:00;1.11508;-10;2024-09-20 14:21;-10;2024-09-20 16:00;-20;0;
2024-09-23;Mon;14:00;1.11285;-10;2024-09-23 14:08;-10;2024-09-23 14:32;-20;0;
2024-09-24;Tue;14:00;1.11408;35;2024-09-24 19:54;-10;2024-09-24 14:08;25;0;
2024-09-25;Wed;14:00;1.11922;-10;2024-09-25 14:16;35;2024-09-25 15:24;25;0;
2024-09-26;Thu;14:00;1.11402;-10;2024-09-26 14:05;-10;2024-09-26 14:20;-20;0;
2024-09-27;Fri;14:00;1.11842;-10;2024-09-27 14:25;35;2024-09-27 16:38;25;0;
2024-09-30;Mon;14:00;1.11676;-10;2024-09-30 14:25;35;2024-09-30 18:11;25;0;
2024-10-01;Tue;14:00;1.10699;-10;2024-10-01 15:33;-10;2024-10-01 14:05;-20;0;
2024-10-02;Wed;14:00;1.10504;-10;2024-10-02 14:35;35;2024-10-03 14:42;25;0;
2024-10-03;Thu;14:00;1.10285;-10;2024-10-03 14:04;-10;2024-10-03 14:07;-20;0;
2024-10-04;Fri;14:00;1.09737;-10;2024-10-04 15:20;-10;2024-10-07 14:02;-20;0;
2024-10-07;Mon;14:00;1.09809;-10;2024-10-07 14:35;-10;2024-10-08 07:44;-20;0;
2024-10-08;Tue;14:00;1.09774;-10;2024-10-08 14:33;35;2024-10-09 14:45;25;0;
2024-10-09;Wed;14:00;1.09524;-10;2024-10-09 14:45;35;2024-10-10 12:30;25;0;
2024-10-10;Thu;14:00;1.09388;-10;2024-10-10 14:23;35;2024-10-10 16:50;25;0;
2024-10-11;Fri;14:00;1.09391;-10;2024-10-13 22:01;-10;2024-10-11 15:18;-20;0;
2024-10-14;Mon;14:00;1.09175;-10;2024-10-14 14:37;35;2024-10-15 17:52;25;0;
2024-10-15;Tue;14:00;1.09094;-10;2024-10-15 14:40;35;2024-10-16 14:27;25;0;
2024-10-16;Wed;14:00;1.08889;-10;2024-10-16 14:22;35;2024-10-16 19:05;25;0;
2024-10-17;Thu;14:00;1.08329;-10;2024-10-17 14:06;-10;2024-10-18 05:58;-20;0;
2024-10-18;Fri;14:00;1.08568;-10;2024-10-21 07:57;-10;2024-10-18 16:55;-20;0;
2024-10-21;Mon;14:00;1.08468;-10;2024-10-21 14:34;35;2024-10-21 18:56;25;0;
2024-10-22;Tue;14:00;1.08071;-10;2024-10-22 19:01;35;2024-10-23 11:42;25;0;
2024-10-23;Wed;14:00;1.07753;35;2024-10-24 13:31;-10;2024-10-23 15:10;25;0;
2024-10-24;Thu;14:00;1.08000;35;2024-10-25 08:20;-10;2024-10-24 14:10;25;0;
2024-10-25;Fri;14:00;1.08352;-10;2024-10-25 15:19;35;2024-10-25 18:09;25;0;
2024-10-28;Mon;14:00;1.08203;-10;2024-10-28 18:20;35;2024-10-29 12:30;25;0;
2024-10-29;Tue;14:00;1.07962;-10;2024-10-29 15:13;-10;2024-10-29 14:04;-20;0;
2024-10-30;Wed;14:00;1.08434;35;2024-10-31 12:30;-10;2024-10-30 14:15;25;0;
2024-10-31;Thu;14:00;1.08601;-10;2024-10-31 15:45;-10;2024-10-31 14:28;-20;0;
2024-11-01;Fri;14:00;1.08707;-10;2024-11-01 14:03;35;2024-11-01 17:43;25;0;
2024-11-04;Mon;15:00;1.08994;-10;2024-11-04 16:18;-10;2024-11-05 14:23;-20;0;
2024-11-05;Tue;15:00;1.08995;35;2024-11-05 18:18;-10;2024-11-05 15:34;25;0;
2024-11-06;Wed;15:00;1.07220;35;2024-11-06 18:22;-10;2024-11-06 15:08;25;0;
2024-11-07;Thu;15:00;1.08078;-10;2024-11-07 16:10;-10;2024-11-07 15:15;-20;0;
2024-11-08;Fri;15:00;1.07492;-10;2024-11-08 16:06;35;2024-11-08 16:56;25;0;
2024-11-11;Mon;15:00;1.06454;-10;2024-11-12 06:02;-10;2024-11-11 17:16;-20;0;
2024-11-12;Tue;15:00;1.06170;-10;2024-11-12 15:10;-10;2024-11-13 01:36;-20;0;
2024-11-13;Wed;15:00;1.05861;-10;2024-11-13 15:06;35;2024-11-14 01:43;25;0;
2024-11-14;Thu;15:00;1.05537;-10;2024-11-14 19:45;-10;2024-11-14 15:08;-20;0;
2024-11-15;Fri;15:00;1.05312;-10;2024-11-15 20:31;-10;2024-11-15 15:08;-20;0;
2024-11-18;Mon;15:00;1.05692;35;2024-11-18 19:06;-10;2024-11-18 16:56;25;0;
2024-11-19;Tue;15:00;1.05702;35;2024-11-19 23:37;-10;2024-11-19 15:29;25;0;
2024-11-20;Wed;15:00;1.05271;-10;2024-11-20 15:51;-10;2024-11-20 15:30;-20;0;
2024-11-21;Thu;15:00;1.05351;-10;2024-11-21 15:48;35;2024-11-21 16:09;25;0;
2024-11-22;Fri;15:00;1.04073;-10;2024-11-22 15:02;-10;2024-11-22 15:08;-20;0;
2024-11-25;Mon;15:00;1.05076;-10;2024-11-25 15:03;-10;2024-11-25 15:32;-20;0;
2024-11-26;Tue;15:00;1.05051;-10;2024-11-26 15:22;35;2024-11-26 16:12;25;0;
2024-11-27;Wed;15:00;1.05527;-10;2024-11-27 15:02;-10;2024-11-27 15:47;-20;0;
2024-11-28;Thu;15:00;1.05488;35;2024-11-29 07:14;-10;2024-11-28 23:16;25;0;
2024-11-29;Fri;15:00;1.05518;-10;2024-11-29 16:44;-10;2024-11-29 15:11;-20;0;
2024-12-02;Mon;15:00;1.04749;-10;2024-12-02 15:01;-10;2024-12-02 16:22;-20;0;
2024-12-03;Tue;15:00;1.05152;-10;2024-12-03 15:10;-10;2024-12-03 17:57;-20;0;
2024-12-04;Wed;15:00;1.05038;35;2024-12-04 15:25;-10;2024-12-04 15:06;25;0;
2024-12-05;Thu;15:00;1.05748;-10;2024-12-05 15:13;-10;2024-12-05 19:48;-20;0;
2024-12-06;Fri;15:00;1.05727;-10;2024-12-06 15:10;35;2024-12-09 03:59;25;0;
2024-12-09;Mon;15:00;1.05770;-10;2024-12-09 17:09;-10;2024-12-09 15:55;-20;0;
2024-12-10;Tue;15:00;1.05217;-10;2024-12-10 15:03;-10;2024-12-11 00:01;-20;0;
2024-12-11;Wed;15:00;1.05020;-10;2024-12-11 15:02;-10;2024-12-12 06:55;-20;0;
2024-12-12;Thu;15:00;1.05195;-10;2024-12-12 15:04;35;2024-12-12 15:28;25;0;
2024-12-13;Fri;15:00;1.04880;35;2024-12-16 08:32;-10;2024-12-13 16:12;25;0;
2024-12-16;Mon;15:00;1.04839;35;2024-12-16 17:18;-10;2024-12-16 15:26;25;0;
2024-12-17;Tue;15:00;1.05053;-10;2024-12-17 16:22;-10;2024-12-17 17:07;-20;0;
2024-12-18;Wed;15:00;1.04960;-10;2024-12-18 15:19;35;2024-12-18 19:00;25;0;
2024-12-19;Thu;15:00;1.03953;-10;2024-12-19 15:47;35;2024-12-19 16:55;25;0;
2024-12-20;Fri;15:00;1.03941;35;2024-12-20 16:41;-10;2024-12-20 15:05;25;0;
2024-12-23;Mon;15:00;1.03915;35;2024-12-26 18:25;-10;2024-12-23 16:33;25;0;
2024-12-24;Tue;15:00;1.04060;-10;2024-12-24 15:24;-10;2024-12-26 16:29;-20;0;
2024-12-26;Thu;15:00;1.04007;35;2024-12-27 11:55;-10;2024-12-26 15:27;25;0;
2024-12-27;Fri;15:00;1.04253;-10;2024-12-27 17:22;-10;2024-12-27 15:50;-20;0;
2024-12-30;Mon;15:00;1.04034;-10;2024-12-30 15:14;-10;2024-12-31 02:03;-20;0;
2024-12-31;Tue;15:00;1.03742;-10;2024-12-31 15:39;-10;2024-12-31 15:10;-20;0;
2025-01-02;Thu;15:00;1.03049;-10;2025-01-02 15:27;35;2025-01-02 16:02;25;0;
2025-01-03;Fri;15:00;1.02976;-10;2025-01-03 15:17;-10;2025-01-03 21:03;-20;0;
2025-01-06;Mon;15:00;1.03939;-10;2025-01-06 15:04;-10;2025-01-07 06:09;-20;0;
2025-01-07;Tue;15:00;1.03831;-10;2025-01-07 15:01;35;2025-01-07 20:25;25;0;
2025-01-08;Wed;15:00;1.02933;-10;2025-01-10 06:14;-10;2025-01-08 15:05;-20;0;
2025-01-09;Thu;15:00;1.03081;-10;2025-01-09 15:43;35;2025-01-10 13:30;25;0;
2025-01-10;Fri;15:00;1.02474;-10;2025-01-10 15:01;-10;2025-01-10 15:15;-20;0;
2025-01-13;Mon;15:00;1.02077;-10;2025-01-13 15:13;-10;2025-01-13 17:34;-20;0;
2025-01-14;Tue;15:00;1.02695;35;2025-01-14 19:36;-10;2025-01-14 15:35;25;0;
2025-01-15;Wed;15:00;1.03243;-10;2025-01-15 15:05;35;2025-01-15 16:11;25;0;
2025-01-16;Thu;15:00;1.02780;35;2025-01-16 17:19;-10;2025-01-16 15:05;25;0;
2025-01-17;Fri;15:00;1.02995;-10;2025-01-17 16:05;-10;2025-01-17 15:03;-20;0;
2025-01-20;Mon;15:00;1.04128;-10;2025-01-20 15:27;-10;2025-01-20 15:05;-20;0;
2025-01-21;Tue;15:00;1.03876;35;2025-01-21 16:59;-10;2025-01-21 15:26;25;0;
2025-01-22;Wed;15:00;1.04221;-10;2025-01-22 16:21;35;2025-01-23 15:23;25;0;
2025-01-23;Thu;15:00;1.04090;-10;2025-01-23 15:05;35;2025-01-23 16:12;25;0;
2025-01-24;Fri;15:00;1.04923;-10;2025-01-26 22:01;-10;2025-01-24 15:06;-20;0;
2025-01-27;Mon;15:00;1.05074;-10;2025-01-27 15:37;35;2025-01-27 23:11;25;0;
2025-01-28;Tue;15:00;1.04333;-10;2025-01-28 15:57;-10;2025-01-29 06:04;-20;0;
2025-01-29;Wed;15:00;1.03998;-10;2025-01-29 19:36;-10;2025-01-29 15:18;-20;0;
2025-01-30;Thu;15:00;1.04295;-10;2025-01-30 16:48;-10;2025-01-30 15:06;-20;0;
2025-01-31;Fri;15:00;1.03664;35;2025-01-31 16:33;-10;2025-01-31 15:32;25;0;
2025-02-03;Mon;15:00;1.02483;35;2025-02-03 15:23;-10;2025-02-03 15:11;25;0;
2025-02-04;Tue;15:00;1.03665;35;2025-02-05 07:26;-10;2025-02-04 15:24;25;0;
2025-02-05;Wed;15:00;1.04310;-10;2025-02-05 15:07;35;2025-02-06 00:49;25;0;
2025-02-06;Thu;15:00;1.03617;35;2025-02-07 08:30;-10;2025-02-06 15:03;25;0;
2025-02-07;Fri;15:00;1.03807;-10;2025-02-07 15:24;35;2025-02-07 15:54;25;0;
2025-02-10;Mon;15:00;1.03117;-10;2025-02-10 23:15;-10;2025-02-11 09:11;-20;0;
2025-02-11;Tue;15:00;1.03324;35;2025-02-11 19:40;-10;2025-02-11 15:53;25;0;
2025-02-12;Wed;15:00;1.03483;-10;2025-02-12 15:18;-10;2025-02-12 15:24;-20;0;
2025-02-13;Thu;15:00;1.04006;35;2025-02-13 15:16;-10;2025-02-13 15:02;25;0;
2025-02-14;Fri;15:00;1.05064;-10;2025-02-14 15:13;35;2025-02-17 08:32;25;0;
2025-02-17;Mon;15:00;1.04783;-10;2025-02-18 01:22;35;2025-02-18 13:56;25;0;
2025-02-18;Tue;15:00;1.04532;-10;2025-02-18 17:40;-10;2025-02-18 15:57;-20;0;
2025-02-19;Wed;15:00;1.04342;-10;2025-02-19 15:52;-10;2025-02-20 11:01;-20;0;
2025-02-20;Thu;15:00;1.04457;35;2025-02-20 17:10;-10;2025-02-20 15:10;25;0;
2025-02-21;Fri;15:00;1.04828;-10;2025-02-21 15:08;-10;2025-02-24 00:20;-20;0;
2025-02-24;Mon;15:00;1.04614;35;2025-02-25 12:04;-10;2025-02-24 16:19;25;0;
2025-02-25;Tue;15:00;1.05042;-10;2025-02-25 17:02;-10;2025-02-25 15:16;-20;0;
2025-02-26;Wed;15:00;1.04894;-10;2025-02-26 15:23;-10;2025-02-26 15:33;-20;0;
2025-02-27;Thu;15:00;1.04220;-10;2025-02-27 15:10;35;2025-02-27 22:55;25;0;
2025-02-28;Fri;15:00;1.04104;-10;2025-02-28 15:57;35;2025-02-28 18:20;25;0;
2025-03-03;Mon;15:00;1.04851;-10;2025-03-03 19:54;-10;2025-03-03 15:02;-20;0;
2025-03-04;Tue;15:00;1.05183;-10;2025-03-04 15:18;-10;2025-03-04 16:01;-20;0;
2025-03-05;Wed;15:00;1.07619;-10;2025-03-05 15:02;-10;2025-03-05 16:04;-20;0;11.6
2025-03-06;Thu;15:00;1.08394;-10;2025-03-06 15:17;-10;2025-03-06 15:03;-20;0;1.1
2025-03-07;Fri;15:00;1.08553;-10;2025-03-07 15:08;-10;2025-03-07 15:49;-20;0;1.0
2025-03-10;Mon;14:00;1.08343;-10;2025-03-10 15:42;-10;2025-03-10 14:11;-20;0;1.5
2025-03-11;Tue;14:00;1.09145;-10;2025-03-11 14:12;-10;2025-03-11 15:53;-20;0;5.3
2025-03-12;Wed;14:00;1.08836;35;2025-03-12 15:10;-10;2025-03-12 14:28;25;0;1.2
2025-03-13;Thu;14:00;1.08487;-10;2025-03-14 02:20;-10;2025-03-13 14:02;-20;0;1.0
2025-03-14;Fri;14:00;1.08750;35;2025-03-17 11:03;-10;2025-03-14 14:08;25;0;3.0
2025-03-17;Mon;14:00;1.09059;35;2025-03-18 08:11;-10;2025-03-17 14:50;25;0;0.6
2025-03-18;Tue;14:00;1.09100;-10;2025-03-18 15:03;-10;2025-03-18 15:00;-20;0;1.6
2025-03-19;Wed;14:00;1.08944;-10;2025-03-19 14:52;-10;2025-03-19 18:41;-20;0;1.1
2025-03-20;Thu;14:00;1.08262;-10;2025-03-21 15:50;-10;2025-03-20 14:09;-20;0;1.0
2025-03-21;Fri;14:00;1.08325;-10;2025-03-21 14:30;35;2025-03-21 15:53;25;0;1.0
2025-03-24;Mon;14:00;1.07924;-10;2025-03-24 16:41;-10;2025-03-24 14:12;-20;0;1.2
2025-03-25;Tue;14:00;1.08189;-10;2025-03-25 14:07;35;2025-03-26 00:50;25;0;1.1
2025-03-26;Wed;14:00;1.07744;-10;2025-03-26 17:19;-10;2025-03-26 14:13;-20;0;0.9
2025-03-27;Thu;14:00;1.07804;35;2025-03-27 15:41;-10;2025-03-27 14:51;25;0;1.0
2025-03-28;Fri;14:00;1.08106;35;2025-03-31 02:45;-10;2025-03-28 14:09;25;0;0.9
2025-03-31;Mon;14:00;1.08074;-10;2025-03-31 14:05;-10;2025-03-31 17:57;-20;0;1.0
2025-04-01;Tue;14:00;1.07890;35;2025-04-02 13:15;-10;2025-04-01 14:02;25;0;2.7
2025-04-02;Wed;14:00;1.08254;35;2025-04-02 14:56;-10;2025-04-02 14:42;25;0;1.3
2025-04-03;Thu;14:00;1.10943;-10;2025-04-03 14:04;-10;2025-04-03 14:14;-20;0;7.7
2025-04-04;Fri;14:00;1.10043;-10;2025-04-04 14:04;-10;2025-04-04 14:17;-20;0;1.5
2025-04-07;Mon;14:00;1.09435;35;2025-04-07 14:11;-10;2025-04-07 14:10;25;0;1.0
2025-04-08;Tue;14:00;1.09330;-10;2025-04-08 14:02;35;2025-04-08 14:35;25;0;1.7
2025-04-09;Wed;14:00;1.10403;-10;2025-04-09 14:51;-10;2025-04-09 14:22;-20;0;1.9
2025-04-10;Thu;14:00;1.11292;35;2025-04-10 14:57;-10;2025-04-10 14:20;25;0;1.2
2025-04-11;Fri;14:00;1.13582;-10;2025-04-11 14:33;-10;2025-04-11 14:04;-20;0;2.4
2025-04-14;Mon;14:00;1.13278;35;2025-04-14 14:32;-10;2025-04-14 14:14;25;0;1.4
2025-04-15;Tue;14:00;1.13166;-10;2025-04-15 14:06;-10;2025-04-15 14:56;-20;0;0.8
2025-04-16;Wed;14:00;1.13678;-10;2025-04-16 14:20;-10;2025-04-16 14:02;-20;0;1.5
2025-04-17;Thu;14:00;1.13613;-10;2025-04-17 14:53;-10;2025-04-17 14:17;-20;0;1.2
2025-04-18;Fri;14:00;1.13796;35;2025-04-20 21:33;-10;2025-04-18 14:50;25;0;1.6
2025-04-21;Mon;14:00;1.15202;-10;2025-04-21 14:06;35;2025-04-21 15:08;25;0;1.2
2025-04-22;Tue;14:00;1.14731;-10;2025-04-22 14:11;-10;2025-04-22 14:37;-20;0;1.0
2025-04-23;Wed;14:00;1.13352;35;2025-04-23 14:15;-10;2025-04-23 14:02;25;0;2.9
2025-04-24;Thu;14:00;1.13764;-10;2025-04-24 14:52;-10;2025-04-24 14:11;-20;0;1.1
2025-04-25;Fri;14:00;1.13536;35;2025-04-25 16:11;-10;2025-04-25 14:12;25;0;1.0
2025-04-28;Mon;14:00;1.13644;35;2025-04-28 14:40;-10;2025-04-28 14:31;25;0;1.1
2025-04-29;Tue;14:00;1.14053;-10;2025-04-29 14:06;-10;2025-04-29 16:24;-20;0;3.6
2025-04-30;Wed;14:00;1.13668;-10;2025-04-30 14:04;-10;2025-04-30 14:51;-20;0;2.2
2025-05-01;Thu;14:00;1.13096;-10;2025-05-01 14:06;35;2025-05-01 14:53;25;0;3.4
2025-05-02;Fri;14:00;1.13739;-10;2025-05-02 14:15;35;2025-05-02 15:23;25;0;1.6
2025-05-05;Mon;14:00;1.13431;-10;2025-05-05 14:35;35;2025-05-05 16:07;25;0;7.2
2025-05-06;Tue;14:00;1.13536;-10;2025-05-06 14:04;-10;2025-05-06 14:16;-20;0;1.1
2025-05-07;Wed;14:00;1.13662;-10;2025-05-07 14:09;35;2025-05-07 18:45;25;0;1.1
2025-05-08;Thu;14:00;1.13076;-10;2025-05-08 14:25;35;2025-05-08 15:21;25;0;1.0
2025-05-09;Fri;14:00;1.12573;35;2025-05-09 14:27;-10;2025-05-09 14:08;25;0;0.9
2025-05-12;Mon;14:00;1.11173;-10;2025-05-12 14:54;-10;2025-05-12 14:08;-20;0;1.1
2025-05-13;Tue;14:00;1.11351;35;2025-05-13 15:22;-10;2025-05-13 14:21;25;0;1.1
2025-05-14;Wed;14:00;1.12176;-10;2025-05-14 14:18;35;2025-05-14 16:41;25;0;1.5
2025-05-15;Thu;14:00;1.12023;-10;2025-05-15 14:20;-10;2025-05-16 05:06;-20;0;0.9
2025-05-16;Fri;14:00;1.11988;-10;2025-05-16 14:02;35;2025-05-16 14:39;25;0;1.7
2025-05-19;Mon;14:00;1.12523;-10;2025-05-19 14:05;-10;2025-05-20 07:06;-20;0;1.0
2025-05-20;Tue;14:00;1.12489;35;2025-05-20 20:19;-10;2025-05-20 14:09;25;0;0.8
2025-05-21;Wed;14:00;1.13364;-10;2025-05-21 19:36;-10;2025-05-21 14:07;-20;0;0.8
2025-05-22;Thu;14:00;1.12828;-10;2025-05-22 15:07;-10;2025-05-22 14:03;-20;0;1.3
2025-05-23;Fri;14:00;1.13138;35;2025-05-23 15:42;-10;2025-05-23 14:05;25;0;1.1
2025-05-26;Mon;14:00;1.13814;-10;2025-05-27 05:08;-10;2025-05-26 22:02;-20;0;0.7
2025-05-27;Tue;14:00;1.13521;-10;2025-05-27 14:35;35;2025-05-28 01:10;25;0;4.4
2025-05-28;Wed;14:00;1.13099;-10;2025-05-28 15:13;-10;2025-05-28 14:10;-20;0;1.3
2025-05-29;Thu;14:00;1.13545;-10;2025-05-29 14:42;-10;2025-05-29 14:22;-20;0;1.2
2025-05-30;Fri;14:00;1.13183;35;2025-05-30 14:58;-10;2025-05-30 14:10;25;0;1.4
2025-06-02;Mon;14:00;1.14293;-10;2025-06-02 16:31;-10;2025-06-02 14:05;-20;0;5.0
2025-06-03;Tue;14:00;1.13836;-10;2025-06-03 14:06;-10;2025-06-04 07:28;-20;0;6.0
2025-06-04;Wed;14:00;1.14110;35;2025-06-05 12:30;-10;2025-06-04 14:06;25;0;2.9
2025-06-05;Thu;14:00;1.14794;-10;2025-06-05 14:05;35;2025-06-05 15:05;25;0;2.2
2025-06-06;Fri;14:00;1.13922;-10;2025-06-06 14:55;-10;2025-06-06 14:05;-20;0;1.2
2025-06-09;Mon;14:00;1.14025;-10;2025-06-10 02:00;-10;2025-06-09 15:04;-20;0;1.0
2025-06-10;Tue;14:00;1.14431;-10;2025-06-10 14:11;35;2025-06-11 01:56;25;0;0.9
2025-06-11;Wed;14:00;1.14708;35;2025-06-11 22:58;-10;2025-06-11 14:44;25;0;1.2
2025-06-12;Thu;14:00;1.15846;-10;2025-06-12 15:05;-10;2025-06-12 23:38;-20;0;1.0
2025-06-13;Fri;14:00;1.15235;35;2025-06-13 15:23;-10;2025-06-13 14:11;25;0;3.1
2025-06-16;Mon;14:00;1.16019;-10;2025-06-16 14:46;-10;2025-06-16 14:06;-20;0;1.7
2025-06-17;Tue;14:00;1.15589;-10;2025-06-17 14:15;35;2025-06-17 14:34;25;0;1.0
2025-06-18;Wed;14:00;1.14869;35;2025-06-18 14:04;-10;2025-06-18 14:03;25;0;1.4
2025-06-19;Thu;14:00;1.14733;-10;2025-06-19 14:49;-10;2025-06-19 18:05;-20;0;0.8
2025-06-20;Fri;14:00;1.15184;-10;2025-06-20 14:19;-10;2025-06-20 15:24;-20;0;0.9
2025-06-23;Mon;14:00;1.14959;35;2025-06-23 14:26;-10;2025-06-23 14:01;25;0;1.4
2025-06-24;Tue;14:00;1.15922;35;2025-06-24 14:24;-10;2025-06-24 14:09;25;0;1.2
2025-06-25;Wed;14:00;1.16017;35;2025-06-25 17:31;-10;2025-06-25 14:09;25;0;1.0
2025-06-26;Thu;14:00;1.17138;-10;2025-06-26 15:06;-10;2025-06-26 16:26;-20;0;1.1
2025-06-27;Fri;14:00;1.17278;-10;2025-06-27 14:37;-10;2025-06-27 14:06;-20;0;1.4
2025-06-30;Mon;14:00;1.17203;35;2025-06-30 15:46;-10;2025-06-30 14:21;25;0;1.4
2025-07-01;Tue;14:00;1.17945;-10;2025-07-01 14:03;-10;2025-07-01 20:43;-20;0;20.0
2025-07-02;Wed;14:00;1.17621;-10;2025-07-02 14:50;-10;2025-07-02 15:10;-20;0;0.9
2025-07-03;Thu;14:00;1.17801;-10;2025-07-03 14:03;35;2025-07-03 16:26;25;0;5.4
2025-07-04;Fri;14:00;1.17800;-10;2025-07-07 01:45;-10;2025-07-07 00:16;-20;0;0.7
2025-07-07;Mon;14:00;1.17354;-10;2025-07-07 16:21;35;2025-07-07 16:54;25;0;0.9
2025-07-08;Tue;14:00;1.17046;-10;2025-07-08 14:07;-10;2025-07-08 17:03;-20;0;1.1
2025-07-09;Wed;14:00;1.17045;35;2025-07-09 23:59;-10;2025-07-09 14:12;25;0;1.0
2025-07-10;Thu;14:00;1.16906;-10;2025-07-10 14:09;-10;2025-07-10 21:38;-20;0;0.9
2025-07-11;Fri;14:00;1.16876;-10;2025-07-11 14:15;-10;2025-07-11 15:30;-20;0;1.3
2025-07-14;Mon;14:00;1.16811;-10;2025-07-14 15:54;-10;2025-07-14 14:34;-20;0;0.9
2025-07-15;Tue;14:00;1.16387;-10;2025-07-15 14:02;35;2025-07-15 15:33;25;0;1.8
2025-07-16;Wed;14:00;1.15748;-10;2025-07-16 14:37;-10;2025-07-16 14:54;-20;0;1.2
2025-07-17;Thu;14:00;1.15850;35;2025-07-18 00:06;-10;2025-07-17 15:34;25;0;1.4
2025-07-18;Fri;14:00;1.16675;-10;2025-07-18 14:12;35;2025-07-18 16:23;25;0;1.8
2025-07-21;Mon;14:00;1.16659;35;2025-07-21 15:03;-10;2025-07-21 14:04;25;0;1.0
2025-07-22;Tue;14:00;1.17024;-10;2025-07-22 14:07;-10;2025-07-22 14:48;-20;0;1.1
2025-07-23;Wed;14:00;1.17266;35;2025-07-23 17:04;-10;2025-07-23 14:54;25;0;0.9
2025-07-24;Thu;14:00;1.17722;-10;2025-07-24 14:55;-10;2025-07-24 14:03;-20;0;1.5
2025-07-25;Fri;14:00;1.17231;35;2025-07-27 21:01;-10;2025-07-25 14:20;25;0;1.4
2025-07-28;Mon;14:00;1.16336;-10;2025-07-28 15:18;-10;2025-07-28 14:27;-20;0;1.0
2025-07-29;Tue;14:00;1.15457;-10;2025-07-29 14:04;-10;2025-07-29 17:17;-20;0;2.8
2025-07-30;Wed;14:00;1.14707;-10;2025-07-30 18:42;-10;2025-07-30 14:46;-20;0;1.4
2025-07-31;Thu;14:00;1.14101;35;2025-07-31 14:50;-10;2025-07-31 14:14;25;0;1.5
2025-08-01;Fri;14:00;1.15752;-10;2025-08-01 14:03;35;2025-08-01 15:27;25;0;2.6
2025-08-04;Mon;14:00;1.15782;-10;2025-08-04 14:10;35;2025-08-05 06:00;25;0;1.2
2025-08-05;Tue;14:00;1.15464;-10;2025-08-05 14:06;-10;2025-08-05 14:44;-20;0;8.8
2025-08-06;Wed;14:00;1.16322;-10;2025-08-06 14:02;-10;2025-08-06 15:16;-20;0;1.8
2025-08-07;Thu;14:00;1.16442;-10;2025-08-07 14:08;-10;2025-08-07 19:44;-20;0;0.8
2025-08-08;Fri;14:00;1.16488;-10;2025-08-08 19:27;-10;2025-08-08 14:06;-20;0;0.9
2025-08-11;Mon;14:00;1.16169;-10;2025-08-11 14:04;-10;2025-08-12 04:57;-20;0;1.5
2025-08-12;Tue;14:00;1.16541;-10;2025-08-12 14:16;-10;2025-08-12 15:04;-20;0;1.1
2025-08-13;Wed;14:00;1.17048;-10;2025-08-14 06:44;-10;2025-08-13 14:20;-20;0;0.7
2025-08-14;Thu;14:00;1.16512;-10;2025-08-14 14:07;-10;2025-08-14 14:20;-20;0;1.1
2025-08-15;Fri;14:00;1.17038;-10;2025-08-18 01:30;-10;2025-08-15 14:07;-20;0;3.5
2025-08-18;Mon;14:00;1.16767;-10;2025-08-18 14:47;35;2025-08-19 01:31;25;0;0.8
2025-08-19;Tue;14:00;1.16765;-10;2025-08-19 14:17;35;2025-08-19 23:23;25;0;0.8
2025-08-20;Wed;14:00;1.16580;-10;2025-08-20 15:54;-10;2025-08-20 14:47;-20;0;1.0
2025-08-21;Thu;14:00;1.16193;-10;2025-08-21 14:44;-10;2025-08-21 14:12;-20;0;1.2
2025-08-22;Fri;14:00;1.16302;35;2025-08-22 14:01;-10;2025-08-22 14:01;25;0;4.4
2025-08-25;Mon;14:00;1.17003;-10;2025-08-25 14:57;35;2025-08-25 15:53;25;0;1.7
2025-08-26;Tue;14:00;1.16488;-10;2025-08-26 17:58;-10;2025-08-26 14:22;-20;0;1.0
2025-08-27;Wed;14:00;1.15980;-10;2025-08-27 14:23;-10;2025-08-27 15:06;-20;0;0.8
2025-08-28;Thu;14:00;1.16703;-10;2025-08-29 01:39;-10;2025-08-28 14:09;-20;0;2.6
2025-08-29;Fri;14:00;1.16701;35;2025-08-29 15:01;-10;2025-08-29 14:10;25;0;1.0
2025-09-01;Mon;14:00;1.17069;-10;2025-09-01 16:00;-10;2025-09-01 23:48;-20;0;0.8
2025-09-02;Tue;14:00;1.16568;-10;2025-09-02 16:22;-10;2025-09-02 14:05;-20;0;2.0
2025-09-03;Wed;14:00;1.16555;-10;2025-09-04 07:22;-10;2025-09-03 14:01;-20;0;5.2
2025-09-04;Thu;14:00;1.16424;-10;2025-09-04 14:35;-10;2025-09-04 22:03;-20;0;11.9
2025-09-05;Fri;14:00;1.17481;-10;2025-09-05 14:23;-10;2025-09-05 14:03;-20;0;1.2
2025-09-08;Mon;14:00;1.17510;-10;2025-09-08 14:22;-10;2025-09-08 18:56;-20;0;1.2
2025-09-09;Tue;14:00;1.17498;-10;2025-09-09 14:02;35;2025-09-09 17:43;25;0;3.0
2025-09-10;Wed;14:00;1.17211;-10;2025-09-10 16:12;35;2025-09-11 06:15;25;0;0.8
2025-09-11;Thu;14:00;1.17381;-10;2025-09-11 14:54;35;2025-09-12 12:33;25;0;1.1
2025-09-12;Fri;14:00;1.17137;35;2025-09-15 09:30;-10;2025-09-12 14:04;25;0;2.2
2025-09-15;Mon;14:00;1.17567;35;2025-09-16 07:02;-10;2025-09-15 15:32;25;0;1.2
2025-09-16;Tue;14:00;1.18231;35;2025-09-16 16:18;-10;2025-09-16 14:05;25;0;1.1
2025-09-17;Wed;14:00;1.18487;35;2025-09-17 18:00;-10;2025-09-17 14:27;25;0;0.8
2025-09-18;Thu;14:00;1.17655;-10;2025-09-19 08:23;-10;2025-09-18 14:11;-20;0;1.0
2025-09-19;Fri;14:00;1.17589;-10;2025-09-19 15:15;-10;2025-09-22 08:36;-20;0;0.9
2025-09-22;Mon;14:00;1.17748;-10;2025-09-22 14:18;-10;2025-09-22 16:15;-20;0;0.9
2025-09-23;Tue;14:00;1.18015;-10;2025-09-23 15:15;-10;2025-09-23 17:27;-20;0;1.3
2025-09-24;Wed;14:00;1.17361;-10;2025-09-25 12:30;-10;2025-09-24 14:50;-20;0;1.7
2025-09-25;Thu;14:00;1.16846;-10;2025-09-25 14:52;35;2025-09-25 18:09;25;0;0.9
2025-09-26;Fri;14:00;1.16853;35;2025-09-29 00:42;-10;2025-09-26 14:07;25;0;1.1
2025-09-29;Mon;14:00;1.17416;-10;2025-09-29 14:35;-10;2025-09-30 08:31;-20;0;0.9
2025-09-30;Tue;14:00;1.17283;35;2025-10-01 05:00;-10;2025-09-30 14:08;25;0;2.9
2025-10-01;Wed;14:00;1.17545;-10;2025-10-01 14:12;35;2025-10-01 16:00;25;0;2.3
2025-10-02;Thu;14:00;1.17203;-10;2025-10-02 14:11;35;2025-10-02 15:51;25;0;1.0
2025-10-03;Fri;14:00;1.17425;-10;2025-10-03 17:53;-10;2025-10-03 14:05;-20;0;1.5
2025-10-06;Mon;14:00;1.16981;-10;2025-10-07 05:33;-10;2025-10-06 14:43;-20;0;1.0
2025-10-07;Tue;14:00;1.16579;-10;2025-10-07 19:43;-10;2025-10-07 15:08;-20;0;0.8
2025-10-08;Wed;14:00;1.16307;-10;2025-10-08 14:57;-10;2025-10-09 00:54;-20;0;1.1
2025-10-09;Thu;14:00;1.15989;-10;2025-10-09 14:22;35;2025-10-09 15:08;25;0;1.3
2025-10-10;Fri;14:00;1.15679;35;2025-10-10 15:06;-10;2025-10-10 14:56;25;0;1.0
2025-10-13;Mon;14:00;1.15740;-10;2025-10-13 14:14;-10;2025-10-14 04:18;-20;0;1.0
2025-10-14;Tue;14:00;1.15733;35;2025-10-14 16:00;-10;2025-10-14 14:26;25;0;1.1
2025-10-15;Wed;14:00;1.16284;-10;2025-10-15 15:06;-10;2025-10-15 15:40;-20;0;0.7
2025-10-16;Thu;14:00;1.16577;35;2025-10-16 17:28;-10;2025-10-16 14:18;25;0;1.0
2025-10-17;Fri;14:00;1.16712;-10;2025-10-17 14:06;35;2025-10-21 02:38;25;0;0.7
2025-10-20;Mon;14:00;1.16485;-10;2025-10-20 18:17;-10;2025-10-20 14:24;-20;0;1.0
2025-10-21;Tue;14:00;1.16127;-10;2025-10-21 14:43;-10;2025-10-21 16:01;-20;0;0.8
2025-10-22;Wed;14:00;1.15968;-10;2025-10-23 10:58;-10;2025-10-22 14:54;-20;0;0.9
2025-10-23;Thu;14:00;1.16076;35;2025-10-24 12:30;-10;2025-10-23 14:30;25;0;0.9
2025-10-24;Fri;14:00;1.16271;35;2025-10-28 01:15;-10;2025-10-27 00:51;25;0;1.2
2025-10-27;Mon;14:00;1.16359;-10;2025-10-28 13:14;-10;2025-10-27 18:48;-20;0;0.9
2025-10-28;Tue;14:00;1.16386;-10;2025-10-29 05:17;-10;2025-10-28 14:10;-20;0;0.8
2025-10-29;Wed;14:00;1.16381;-10;2025-10-29 18:35;-10;2025-10-29 14:57;-20;0;0.7
2025-10-30;Thu;14:00;1.15773;-10;2025-10-30 15:05;35;2025-10-31 13:40;25;0;1.7
2025-10-31;Fri;14:00;1.15403;-10;2025-10-31 14:20;35;2025-11-03 14:31;25;0;0.9
2025-11-03;Mon;15:00;1.15147;-10;2025-11-04 01:08;-10;2025-11-03 15:59;-20;0;2.5
2025-11-04;Tue;15:00;1.14802;-10;2025-11-05 14:03;-10;2025-11-04 15:53;-20;0;0.8
2025-11-05;Wed;15:00;1.14787;35;2025-11-06 08:04;-10;2025-11-05 20:04;25;0;11.5
2025-11-06;Thu;15:00;1.15210;35;2025-11-07 11:20;-10;2025-11-06 15:18;25;0;0.7
2025-11-07;Fri;15:00;1.15760;-10;2025-11-07 19:01;-10;2025-11-07 15:03;-20;0;1.1
2025-11-10;Mon;15:00;1.15643;-10;2025-11-10 15:32;-10;2025-11-11 10:40;-20;0;0.9
2025-11-11;Tue;15:00;1.16001;-10;2025-11-11 19:08;35;2025-11-12 10:34;25;0;0.8
2025-11-12;Wed;15:00;1.15769;35;2025-11-13 07:59;-10;2025-11-12 15:45;25;0;1.1
2025-11-13;Thu;15:00;1.16265;-10;2025-11-14 10:20;-10;2025-11-13 15:35;-20;0;0.9
2025-11-14;Fri;15:00;1.16208;-10;2025-11-14 15:45;35;2025-11-17 14:39;25;0;1.2
2025-11-17;Mon;15:00;1.15842;-10;2025-11-18 16:12;-10;2025-11-17 15:57;-20;0;0.9
2025-11-18;Tue;15:00;1.16008;-10;2025-11-18 15:55;35;2025-11-19 09:49;25;0;0.8
2025-11-19;Wed;15:00;1.15551;-10;2025-11-19 15:43;35;2025-11-19 19:07;25;0;0.9
2025-11-20;Thu;15:00;1.15340;-10;2025-11-20 15:32;-10;2025-11-21 06:23;-20;0;0.9
2025-11-21;Fri;15:00;1.15153;-10;2025-11-21 15:42;-10;2025-11-24 05:05;-20;0;0.9
2025-11-24;Mon;15:00;1.15267;-10;2025-11-24 15:11;-10;2025-11-25 10:10;-20;0;1.1
2025-11-25;Tue;15:00;1.15679;-10;2025-11-25 16:38;-10;2025-11-25 15:22;-20;0;0.9
2025-11-26;Wed;15:00;1.15801;-10;2025-11-28 08:31;-10;2025-11-26 15:06;-20;0;0.7
2025-11-27;Thu;15:00;1.15949;-10;2025-11-28 01:48;35;2025-11-28 10:51;25;0;0.7
2025-11-28;Fri;15:00;1.15839;35;2025-12-01 08:17;-10;2025-11-28 15:49;25;0;0.7
2025-12-01;Mon;15:00;1.16344;-10;2025-12-01 15:40;35;2025-12-02 10:20;25;0;4.9
2025-12-02;Tue;15:00;1.16175;-10;2025-12-02 15:08;-10;2025-12-02 23:40;-20;0;0.9
2025-12-03;Wed;15:00;1.16588;-10;2025-12-04 20:18;-10;2025-12-03 17:46;-20;0;4.0
2025-12-04;Thu;15:00;1.16693;-10;2025-12-04 15:07;35;2025-12-05 16:12;25;0;0.8
2025-12-05;Fri;15:00;1.16506;-10;2025-12-05 16:08;-10;2025-12-08 06:00;-20;0;1.4
2025-12-08;Mon;15:00;1.16383;-10;2025-12-08 15:15;-10;2025-12-09 03:31;-20;0;0.8
2025-12-09;Tue;15:00;1.16313;-10;2025-12-09 15:01;-10;2025-12-10 07:54;-20;0;5.8
2025-12-10;Wed;15:00;1.16438;35;2025-12-10 19:35;-10;2025-12-10 17:18;25;0;0.6
2025-12-11;Thu;15:00;1.17357;-10;2025-12-12 10:28;-10;2025-12-11 15:12;-20;0;0.9
2025-12-12;Fri;15:00;1.17417;-10;2025-12-12 15:24;-10;2025-12-15 12:10;-20;0;0.6
2025-12-15;Mon;15:00;1.17634;-10;2025-12-15 16:36;-10;2025-12-16 12:57;-20;0;0.8
2025-12-16;Tue;15:00;1.17995;-10;2025-12-16 15:12;35;2025-12-16 16:07;25;0;0.7
2025-12-17;Wed;15:00;1.17411;-10;2025-12-18 08:01;-10;2025-12-17 15:18;-20;0;1.0
2025-12-18;Thu;15:00;1.17338;-10;2025-12-18 15:18;-10;2025-12-18 16:14;-20;0;0.8
2025-12-19;Fri;15:00;1.17255;-10;2025-12-19 15:34;-10;2025-12-22 08:46;-20;0;1.0
2025-12-22;Mon;15:00;1.17605;-10;2025-12-22 16:49;-10;2025-12-23 01:14;-20;0;0.7
2025-12-23;Tue;15:00;1.17687;35;2025-12-24 01:35;-10;2025-12-23 15:10;25;0;1.3
2025-12-24;Wed;15:00;1.17794;-10;2025-12-26 08:01;-10;2025-12-26 13:07;-20;0;0.9
2025-12-26;Fri;15:00;1.17833;-10;2025-12-26 15:55;35;2025-12-30 15:41;25;0;1.2
2025-12-29;Mon;15:00;1.17838;-10;2025-12-29 15:38;35;2025-12-30 15:31;25;0;0.7
2025-12-30;Tue;15:00;1.17629;-10;2025-12-30 15:17;35;2025-12-31 08:27;25;0;0.7
2025-12-31;Wed;15:00;1.17280;35;2026-01-02 02:06;-10;2025-12-31 15:52;25;0;2.0
2026-01-02;Fri;15:00;1.17291;-10;2026-01-02 18:35;-10;2026-01-02 15:39;-20;0;0.8
2026-01-05;Mon;15:00;1.16874;35;2026-01-05 18:37;-10;2026-01-05 15:19;25;0;0.9
2026-01-06;Tue;15:00;1.17078;-10;2026-01-06 15:11;35;2026-01-07 08:27;25;0;1.1
2026-01-07;Wed;15:00;1.16910;-10;2026-01-07 15:22;35;2026-01-08 14:22;25;0;5.7
2026-01-08;Thu;15:00;1.16636;-10;2026-01-08 16:24;-10;2026-01-08 15:28;-20;0;0.6
2026-01-09;Fri;15:00;1.16349;-10;2026-01-09 15:10;-10;2026-01-12 00:19;-20;0;1.8
2026-01-12;Mon;15:00;1.16763;-10;2026-01-12 17:26;35;2026-01-13 16:09;25;0;0.9
2026-01-13;Tue;15:00;1.16632;-10;2026-01-13 15:15;35;2026-01-15 07:24;25;0;1.1
2026-01-14;Wed;15:00;1.16546;-10;2026-01-14 18:02;35;2026-01-15 13:01;25;0;0.7
2026-01-15;Thu;15:00;1.16010;-10;2026-01-16 15:40;-10;2026-01-15 17:27;-20;0;0.7
2026-01-16;Fri;15:00;1.16186;-10;2026-01-16 15:23;35;2026-01-18 22:01;25;0;1.0
2026-01-19;Mon;15:00;1.16398;35;2026-01-20 07:23;-10;2026-01-20 03:23;25;0;0.6
2026-01-20;Tue;15:00;1.17184;-10;2026-01-21 08:26;-10;2026-01-20 15:07;-20;0;0.7
2026-01-21;Wed;15:00;1.17236;-10;2026-01-21 15:18;35;2026-01-21 19:28;25;0;1.0
2026-01-22;Thu;15:00;1.17201;35;2026-01-22 21:57;-10;2026-01-22 15:43;25;0;1.0
2026-01-23;Fri;15:00;1.17464;35;2026-01-23 17:12;-10;2026-01-23 15:51;25;0;0.7
2026-01-26;Mon;15:00;1.18784;-10;2026-01-27 07:55;-10;2026-01-26 15:46;-20;0;0.7
2026-01-27;Tue;15:00;1.19467;35;2026-01-27 16:38;-10;2026-01-27 15:03;25;0;1.2
2026-01-28;Wed;15:00;1.19628;-10;2026-01-28 15:07;35;2026-01-28 15:08;25;0;0.9
2026-01-29;Thu;15:00;1.19690;-10;2026-01-29 15:04;35;2026-01-29 15:16;25;0;1.8
2026-01-30;Fri;15:00;1.19039;-10;2026-01-30 15:03;35;2026-01-30 17:18;25;0;1.0
2026-02-02;Mon;15:00;1.18160;-10;2026-02-02 15:02;35;2026-02-02 18:19;25;0;9.6
2026-02-03;Tue;15:00;1.17914;35;2026-02-03 17:16;-10;2026-02-03 15:22;25;0;0.8
2026-02-04;Wed;15:00;1.18168;-10;2026-02-04 15:27;35;2026-02-05 09:57;25;0;1.8
2026-02-05;Thu;15:00;1.18037;-10;2026-02-05 15:28;35;2026-02-06 00:18;25;0;4.1
2026-02-06;Fri;15:00;1.18200;-10;2026-02-06 15:23;-10;2026-02-09 00:03;-20;0;1.5
2026-02-09;Mon;15:00;1.19221;-10;2026-02-09 15:13;35;2026-02-10 19:10;25;0;0.9
2026-02-10;Tue;15:00;1.19135;-10;2026-02-10 15:14;-10;2026-02-11 06:07;-20;0;0.9
2026-02-11;Wed;15:00;1.18625;-10;2026-02-11 15:31;-10;2026-02-11 16:33;-20;0;1.0
2026-02-12;Thu;15:00;1.18833;-10;2026-02-12 16:13;35;2026-02-13 07:11;25;0;0.8
2026-02-13;Fri;15:00;1.18593;-10;2026-02-13 15:58;-10;2026-02-13 15:10;-20;0;1.1
2026-02-16;Mon;15:00;1.18558;-10;2026-02-17 00:41;35;2026-02-17 13:19;25;0;1.0
2026-02-17;Tue;15:00;1.18208;-10;2026-02-17 15:25;-10;2026-02-17 16:35;-20;0;1.1
2026-02-18;Wed;15:00;1.18145;-10;2026-02-18 17:38;-10;2026-02-18 15:04;-20;0;0.8
2026-02-19;Thu;15:00;1.17512;35;2026-02-20 15:01;-10;2026-02-19 15:02;25;0;1.7
2026-02-20;Fri;15:00;1.17683;-10;2026-02-20 15:05;-10;2026-02-20 15:01;-20;0;0.9
2026-02-23;Mon;15:00;1.18062;-10;2026-02-23 15:50;35;2026-02-24 04:25;25;0;0.9
2026-02-24;Tue;15:00;1.17727;35;2026-02-25 07:06;-10;2026-02-24 16:10;25;0;1.1
2026-02-25;Wed;15:00;1.17869;35;2026-02-26 01:17;-10;2026-02-25 15:13;25;0;0.7
2026-02-26;Thu;15:00;1.18129;-10;2026-02-26 15:16;35;2026-02-26 17:26;25;0;1.2
2026-02-27;Fri;15:00;1.17973;-10;2026-03-01 22:01;-10;2026-02-27 15:29;-20;0;1.1
2026-03-02;Mon;15:00;1.17147;-10;2026-03-02 15:15;35;2026-03-02 15:58;25;0;4.2
2026-03-03;Tue;15:00;1.15690;-10;2026-03-03 15:08;35;2026-03-03 15:18;25;0;1.0
2026-03-04;Wed;15:00;1.16223;-10;2026-03-05 03:29;-10;2026-03-04 15:20;-20;0;2.2
2026-03-05;Thu;15:00;1.16047;-10;2026-03-05 15:18;35;2026-03-05 15:38;25;0;0.9
2026-03-06;Fri;15:00;1.15789;35;2026-03-06 18:13;-10;2026-03-06 15:01;25;0;0.9
2026-03-09;Mon;14:00;1.15753;-10;2026-03-09 14:05;-10;2026-03-09 15:10;-20;0;1.2
2026-03-10;Tue;14:00;1.16302;35;2026-03-10 17:18;-10;2026-03-10 14:30;25;0;1.4
2026-03-11;Wed;14:00;1.15949;-10;2026-03-11 14:39;-10;2026-03-11 14:01;-20;0;1.4
2026-03-12;Thu;14:00;1.15286;-10;2026-03-12 14:38;35;2026-03-13 06:34;25;0;1.2
2026-03-13;Fri;14:00;1.14770;-10;2026-03-13 14:43;35;2026-03-13 15:36;25;0;1.0
2026-03-16;Mon;14:00;1.14992;-10;2026-03-16 14:34;-10;2026-03-16 18:23;-20;0;1.1
2026-03-17;Tue;14:00;1.15292;-10;2026-03-17 16:02;-10;2026-03-17 17:42;-20;0;1.0
2026-03-18;Wed;14:00;1.15151;-10;2026-03-18 14:26;-10;2026-03-18 14:05;-20;0;1.0
2026-03-19;Thu;14:00;1.15187;-10;2026-03-19 14:15;-10;2026-03-19 15:05;-20;0;1.1
2026-03-20;Fri;14:00;1.15408;-10;2026-03-20 14:20;-10;2026-03-20 15:23;-20;0;1.0
2026-03-23;Mon;14:00;1.15972;35;2026-03-23 14:32;-10;2026-03-23 14:02;25;0;1.3
2026-03-24;Tue;14:00;1.15796;-10;2026-03-24 17:05;-10;2026-03-24 14:09;-20;0;0.9
2026-03-25;Wed;14:00;1.15708;-10;2026-03-25 16:07;-10;2026-03-25 14:18;-20;0;1.2
2026-03-26;Thu;14:00;1.15424;-10;2026-03-26 15:43;-10;2026-03-26 14:32;-20;0;1.0
2026-03-27;Fri;14:00;1.15246;-10;2026-03-27 16:40;-10;2026-03-27 14:25;-20;0;1.0
2026-03-30;Mon;14:00;1.14640;-10;2026-03-30 15:09;-10;2026-03-31 00:53;-20;0;0.9
2026-03-31;Tue;14:00;1.15322;-10;2026-03-31 14:07;-10;2026-03-31 16:40;-20;0;1.5
2026-04-01;Wed;14:00;1.16089;-10;2026-04-01 17:34;-10;2026-04-01 14:42;-20;0;3.8
2026-04-02;Thu;14:00;1.15311;-10;2026-04-03 12:30;-10;2026-04-02 14:35;-20;0;1.0
2026-04-03;Fri;14:00;1.15354;-10;2026-04-03 14:25;-10;2026-04-06 07:39;-20;0;1.0
2026-04-06;Mon;14:00;1.15618;-10;2026-04-06 14:53;35;2026-04-07 02:07;25;0;1.8
2026-04-07;Tue;14:00;1.15636;35;2026-04-07 19:47;-10;2026-04-07 14:33;25;0;0.7
2026-04-08;Wed;14:00;1.16954;-10;2026-04-08 15:14;35;2026-04-08 18:39;25;0;0.7
2026-04-09;Thu;14:00;1.16812;35;2026-04-09 17:06;-10;2026-04-09 15:17;25;0;0.7
2026-04-10;Fri;14:00;1.17276;-10;2026-04-10 16:33;-10;2026-04-10 14:25;-20;0;1.0
2026-04-13;Mon;14:00;1.17060;35;2026-04-13 18:31;-10;2026-04-13 14:40;25;0;1.0
2026-04-14;Tue;14:00;1.17998;-10;2026-04-14 15:47;-10;2026-04-14 14:55;-20;0;0.7
2026-04-15;Wed;14:00;1.17873;35;2026-04-16 03:05;-10;2026-04-15 14:27;25;0;0.9
2026-04-16;Thu;14:00;1.17710;35;2026-04-17 12:25;-10;2026-04-16 14:48;25;0;2.6
2026-04-17;Fri;14:00;1.18323;-10;2026-04-17 14:12;35;2026-04-17 16:00;25;0;0.9
2026-04-20;Mon;14:00;1.17732;-10;2026-04-20 14:51;-10;2026-04-20 15:22;-20;0;0.7
2026-04-21;Tue;14:00;1.17665;-10;2026-04-21 14:56;35;2026-04-21 17:10;25;0;0.9
2026-04-22;Wed;14:00;1.17415;-10;2026-04-22 14:27;35;2026-04-22 19:01;25;0;0.7
2026-04-23;Thu;14:00;1.16899;-10;2026-04-23 17:16;-10;2026-04-23 14:15;-20;0;0.9
2026-04-24;Fri;14:00;1.17065;-10;2026-04-26 21:00;-10;2026-04-24 14:38;-20;0;0.7
2026-04-27;Mon;14:00;1.17379;-10;2026-04-27 16:48;-10;2026-04-27 14:48;-20;0;1.6
2026-04-28;Tue;14:00;1.16962;-10;2026-04-29 13:33;-10;2026-04-28 15:02;-20;0;1.0
2026-04-29;Wed;14:00;1.16869;-10;2026-04-29 18:00;-10;2026-04-29 14:53;-20;0;1.0
2026-04-30;Thu;14:00;1.16895;35;2026-04-30 14:51;-10;2026-04-30 14:02;25;0;2.0
2026-05-01;Fri;14:00;1.17628;-10;2026-05-01 16:01;-10;2026-05-01 14:04;-20;0;1.2
2026-05-04;Mon;14:00;1.17144;-10;2026-05-04 14:57;35;2026-05-05 04:55;25;0;0.9
2026-05-05;Tue;14:00;1.16981;35;2026-05-06 04:33;-10;2026-05-05 15:03;25;0;1.1
2026-05-06;Wed;14:00;1.17512;-10;2026-05-07 17:33;-10;2026-05-06 14:44;-20;0;0.7
2026-05-07;Thu;14:00;1.17682;-10;2026-05-07 16:15;35;2026-05-07 20:00;25;0;0.9
2026-05-08;Fri;14:00;1.17775;-10;2026-05-08 14:10;-10;2026-05-08 20:54;-20;0;0.8
2026-05-11;Mon;14:00;1.17853;-10;2026-05-11 16:41;35;2026-05-12 06:55;25;0;0.7
2026-05-12;Tue;14:00;1.17307;-10;2026-05-13 06:51;-10;2026-05-12 18:55;-20;0;0.8
2026-05-13;Wed;14:00;1.17095;-10;2026-05-14 11:43;-10;2026-05-14 06:48;-20;0;0.7
2026-05-14;Thu;14:00;1.16882;-10;2026-05-14 15:00;-10;2026-05-14 14:20;-20;0;1.0
2026-05-15;Fri;14:00;1.16234;-10;2026-05-17 23:40;-10;2026-05-15 14:17;-20;0;0.8
2026-05-18;Mon;14:00;1.16519;-10;2026-05-18 14:22;35;2026-05-19 09:13;25;0;0.7
2026-05-19;Tue;14:00;1.16125;-10;2026-05-19 14:21;-10;2026-05-20 14:31;-20;0;0.9
2026-05-20;Wed;14:00;1.15904;35;2026-05-20 15:15;-10;2026-05-20 14:16;25;0;0.7
2026-05-21;Thu;14:00;1.15934;-10;2026-05-21 15:07;-10;2026-05-21 17:15;-20;0;1.0
2026-05-22;Fri;14:00;1.15987;-10;2026-05-22 14:17;-10;2026-05-22 16:29;-20;0;1.4
2026-05-25;Mon;14:00;1.16386;-10;2026-05-26 05:04;-10;2026-05-27 06:47;-20;0;0.6
2026-05-26;Tue;14:00;1.16238;35;2026-05-27 12:22;-10;2026-05-26 23:15;25;0;1.1
2026-05-27;Wed;14:00;1.16413;-10;2026-05-27 14:55;-10;2026-05-27 14:19;-20;0;0.9
2026-05-28;Thu;14:00;1.16289;35;2026-05-29 14:51;-10;2026-05-28 14:12;25;0;1.3
2026-05-29;Fri;14:00;1.16469;35;2026-05-29 15:32;-10;2026-05-29 14:50;25;0;0.8
2026-06-01;Mon;14:00;1.16086;35;2026-06-02 06:11;-10;2026-06-01 15:02;25;0;1.9
2026-06-02;Tue;14:00;1.16402;-10;2026-06-02 16:29;35;2026-06-03 12:30;25;0;3.7
2026-06-03;Wed;14:00;1.16040;35;2026-06-04 11:17;-10;2026-06-04 06:35;25;0;1.3
2026-06-04;Thu;14:00;1.16375;-10;2026-06-04 15:05;35;2026-06-05 12:50;25;0;0.8
2026-06-05;Fri;14:00;1.15712;-10;2026-06-05 14:13;35;2026-06-05 15:37;25;0;0.8
2026-06-08;Mon;14:00;1.15417;-10;2026-06-08 14:21;-10;2026-06-09 06:17;-20;0;0.8
2026-06-09;Tue;14:00;1.15673;-10;2026-06-09 15:31;35;2026-06-09 16:40;25;0;1.2
2026-06-10;Wed;14:00;1.15615;-10;2026-06-10 14:55;35;2026-06-10 23:08;25;0;0.8
2026-06-11;Thu;14:00;1.15293;-10;2026-06-11 14:33;-10;2026-06-11 17:32;-20;0;1.3
2026-06-12;Fri;14:00;1.15702;35;2026-06-14 21:52;-10;2026-06-12 15:26;25;0;1.0
2026-06-15;Mon;14:00;1.16163;-10;2026-06-15 14:41;35;2026-06-16 04:12;25;0;0.6
2026-06-16;Tue;14:00;1.15942;-10;2026-06-17 14:47;-10;2026-06-16 14:55;-20;0;0.8
2026-06-17;Wed;14:00;1.15970;-10;2026-06-17 14:47;35;2026-06-17 18:00;25;0;1.3
2026-06-18;Thu;14:00;1.14714;-10;2026-06-18 18:00;-10;2026-06-18 14:57;-20;0;0.8
2026-06-19;Fri;14:00;1.14624;-10;2026-06-22 06:03;-10;2026-06-19 15:01;-20;0;0.8
2026-06-22;Mon;14:00;1.14283;-10;2026-06-23 07:41;-10;2026-06-22 14:08;-20;0;0.8
2026-06-23;Tue;14:00;1.13892;-10;2026-06-23 14:22;35;2026-06-24 07:08;25;0;1.0
2026-06-24;Wed;14:00;1.13441;-10;2026-06-25 11:38;-10;2026-06-24 15:19;-20;0;0.8
2026-06-25;Thu;14:00;1.13641;-10;2026-06-26 02:24;-10;2026-06-25 14:03;-20;0;0.8
2026-06-26;Fri;14:00;1.14246;-10;2026-06-26 14:34;35;2026-06-26 16:34;25;0;0.9
2026-06-29;Mon;14:00;1.14114;-10;2026-06-30 03:18;-10;2026-06-29 14:41;-20;0;0.9
2026-06-30;Tue;14:00;1.13947;35;2026-06-30 14:52;-10;2026-06-30 14:10;25;0;2.5
2026-07-01;Wed;14:00;1.13986;-10;2026-07-01 14:50;-10;2026-07-02 07:53;-20;0;1.7
2026-07-02;Thu;14:00;1.14503;-10;2026-07-02 14:33;-10;2026-07-03 06:34;-20;0;1.0
2026-07-03;Fri;14:00;1.14402;-10;2026-07-06 01:51;35;2026-07-07 21:24;25;0;0.7
2026-07-06;Mon;14:00;1.14118;35;2026-07-06 23:01;-10;2026-07-06 15:43;25;0;1.2
2026-07-07;Tue;14:00;1.14367;-10;2026-07-07 14:06;35;2026-07-07 21:36;25;0;0.7
2026-07-08;Wed;14:00;1.14098;-10;2026-07-08 15:16;-10;2026-07-08 17:07;-20;0;0.7
2026-07-09;Thu;14:00;1.14405;-10;2026-07-09 15:01;-10;2026-07-10 02:08;-20;0;0.8
2026-07-10;Fri;14:00;1.14193;-10;2026-07-12 21:00;-10;2026-07-10 15:15;-20;0;0.8
2026-07-13;Mon;14:00;1.14144;-10;2026-07-13 14:16;35;2026-07-13 20:14;25;0;0.7
2026-07-14;Tue;14:00;1.14514;-10;2026-07-14 14:32;35;2026-07-14 18:41;25;0;1.0
2026-07-15;Wed;14:00;1.14309;35;2026-07-15 17:36;-10;2026-07-15 14:49;25;0;0.9
2026-07-16;Thu;14:00;1.14498;-10;2026-07-16 14:54;35;2026-07-20 13:42;25;0;0.7
2026-07-17;Fri;14:00;1.14362;-10;2026-07-19 21:00;-10;2026-07-20 07:30;-20;0;1.1
2026-07-20;Mon;14:00;1.14150;-10;2026-07-20 14:55;-10;2026-07-21 07:03;-20;0;0.8
2026-07-21;Tue;14:00;1.14115;-10;2026-07-21 18:05;-10;2026-07-23 02:31;-20;0;0.6
2026-07-22;Wed;14:00;1.14142;-10;2026-07-23 10:45;-10;2026-07-23 02:36;-20;0;0.8
2026-07-23;Thu;14:00;1.13741;-10;2026-07-23 14:20;-10;2026-07-24 01:00;-20;0;0.9
2026-07-24;Fri;14:00;1.13778;-10;2026-07-24 17:51;-10;2026-07-24 15:11;-20;0;0.8
2026-07-27;Mon;14:00;1.13725;-10;2026-07-28 05:14;-10;2026-07-27 16:25;-20;0;0.7
2026-07-28;Tue;14:00;1.13720;35;2026-07-29 18:00;-10;2026-07-28 14:53;25;0;1.0
2026-07-29;Wed;14:00;1.13921;-10;2026-07-29 14:57;-10;2026-07-29 18:00;-20;0;0.7
2026-07-30;Thu;14:00;1.15250;-10;2026-07-30 14:37;-10;2026-07-30 14:04;-20;0;1.0
2026-07-31;Fri;14:00;1.14662;35;2026-07-31 14:53;-10;2026-07-31 14:16;25;0;1.0
2026-08-03;Mon;14:00;1.15229;-10;2026-08-03 14:41;-10;2026-08-04 18:57;-20;0;4.9
2026-08-04;Tue;14:00;1.15238;-10;2026-08-04 15:19;-10;2026-08-04 20:21;-20;0;1.6
2026-08-05;Wed;14:00;1.15450;-10;2026-08-06 14:09;-10;2026-08-05 14:07;-20;0;1.3
2026-08-06;Thu;14:00;1.15431;-10;2026-08-06 14:09;-10;2026-08-07 12:30;-20;0;0.6
2026-08-07;Fri;14:00;1.15573;-10;2026-08-10 12:26;-10;2026-08-07 19:01;-20;0;0.8
2026-08-10;Mon;14:00;1.15453;-10;2026-08-11 06:20;-10;2026-08-10 14:45;-20;0;0.6
2026-08-11;Tue;14:00;1.15428;-10;2026-08-12 04:16;-10;2026-08-12 12:30;-20;0;0.9
2026-08-12;Wed;14:00;1.15519;-10;2026-08-12 14:48;35;2026-08-13 06:30;25;0;0.9
2026-08-13;Thu;14:00;1.15359;-10;2026-08-13 16:19;-10;2026-08-14 07:02;-20;0;0.8
2026-08-14;Fri;14:00;1.15814;-10;2026-08-14 16:55;-10;2026-08-17 06:29;-20;0;0.9
2026-08-17;Mon;14:00;1.15935;-10;2026-08-17 15:05;-10;2026-08-19 08:10;-20;0;0.6
2026-08-18;Tue;14:00;1.15815;-10;2026-08-19 01:02;-10;2026-08-19 06:17;-20;0;0.7
2026-08-19;Wed;14:00;1.16565;35;2026-08-20 07:42;-10;2026-08-19 14:13;25;0;0.9
2026-08-20;Thu;14:00;1.16761;35;2026-08-21 09:10;-10;2026-08-20 15:01;25;0;0.7
2026-08-21;Fri;14:00;1.16816;-10;2026-08-21 14:34;35;2026-08-26 14:19;25;0;0.9
2026-08-24;Mon;14:00;1.16640;-10;2026-08-25 05:49;-10;2026-08-25 13:12;-20;0;0.8
2026-08-25;Tue;14:00;1.16728;-10;2026-08-26 04:15;35;2026-08-27 11:13;25;0;0.7
2026-08-26;Wed;14:00;1.16516;-10;2026-08-27 09:38;35;2026-08-28 14:05;25;0;0.9
2026-08-27;Thu;14:00;1.16533;-10;2026-08-28 05:11;35;2026-08-28 14:04;25;0;0.7
2026-08-28;Fri;14:00;1.16454;-10;2026-08-28 14:01;35;2026-08-28 14:07;25;0;3.4
2026-08-31;Mon;14:00;1.15975;-10;2026-09-01 16:17;-10;2026-08-31 14:45;-20;0;0.4
2026-09-01;Tue;14:00;1.16013;-10;2026-09-01 15:25;35;2026-09-02 07:06;25;0;1.2
2026-09-02;Wed;14:00;1.16025;-10;2026-09-02 14:18;-10;2026-09-03 07:02;-20;0;
2026-09-03;Thu;14:00;1.16233;-10;2026-09-03 14:45;-10;2026-09-03 16:25;-20;0;0.4
2026-09-04;Fri;14:00;1.16096;35;2026-09-09 06:18;-10;2026-09-04 14:33;25;0;0.4
2026-09-07;Mon;14:00;1.16290;-10;2026-09-08 07:11;-10;2026-09-09 06:12;-20;0;0.4
2026-09-08;Tue;14:00;1.16226;-10;2026-09-10 12:16;-10;2026-09-08 15:10;-20;0;0.4
2026-09-09;Wed;14:00;1.16475;-10;2026-09-09 15:04;35;2026-09-10 12:16;25;0;0.4
2026-09-10;Thu;14:00;1.16121;-10;2026-09-11 03:24;-10;2026-09-10 14:11;-20;0;0.4
2026-09-11;Fri;14:00;1.16112;-10;2026-09-11 15:41;35;2026-09-14 03:13;25;0;0.4
2026-09-14;Mon;14:00;1.15254;35;2026-09-14 16:47;-10;2026-09-14 14:14;25;0;0.4
