window;rank;xPips;yPips;stopLossPips;takeProfitPips;riskPercent;deposit;finalEquity;returnPercent;maxDrawdownPercent;entries;pips;legWinRate;wins;doubleWin;mixed;doubleLoss
2015;1;20;40;20;45;0.50;100000;115086;15.1;11.51;190;584.0;0.3421;130;0;130;60
2015;2;20;40;20;50;0.50;100000;108276;8.3;8.90;176;343.6;0.3097;109;0;109;67
2015;3;20;40;20;30;0.50;100000;107818;7.8;3.96;187;308.2;0.4305;161;0;161;26
2015;4;20;40;25;75;0.50;100000;107449;7.4;11.69;146;395.6;0.2705;79;0;79;67
2015;5;20;40;30;75;0.50;100000;107077;7.1;10.81;145;442.0;0.3069;89;0;89;56
2015;6;20;40;15;30;0.50;100000;107037;7.0;7.84;188;216.8;0.3617;136;0;136;52
2015;7;20;40;90;45;0.50;100000;106974;7.0;3.11;119;1228.4;0.7101;169;50;69;0
2015;8;20;40;50;75;0.50;100000;105045;5.0;3.34;138;506.8;0.4203;116;0;116;22
2015;9;20;40;60;40;0.50;100000;104872;4.9;3.78;155;583.0;0.6258;194;39;116;0
2015;10;20;40;90;40;0.50;100000;104622;4.6;3.39;123;827.8;0.7236;178;55;68;0
2015;11;20;40;30;80;0.50;100000;104304;4.3;7.98;144;288.4;0.2882;83;0;83;61
2015;12;20;40;35;45;0.50;100000;104186;4.2;3.80;183;293.8;0.4563;167;0;167;16
2015;13;20;40;100;35;0.50;100000;103731;3.7;2.13;127;747.2;0.7677;195;68;59;0
2015;14;20;40;90;25;0.50;100000;103388;3.4;2.91;138;611.8;0.8080;223;85;53;0
2015;15;20;40;100;45;0.50;100000;103105;3.1;2.86;120;627.0;0.7125;171;51;69;0
2015;16;20;40;30;70;0.50;100000;103099;3.1;12.68;161;214.6;0.3137;101;0;101;60
2015;17;20;40;40;75;0.50;100000;103096;3.1;5.73;138;266.8;0.3623;100;0;100;38
2015;18;20;40;60;45;0.50;100000;102999;3.0;5.09;157;365.2;0.5892;185;28;129;0
2015;19;20;40;85;25;0.50;100000;102960;3.0;3.14;144;508.4;0.7951;229;85;59;0
2015;20;20;40;70;85;0.50;100000;102738;2.7;2.43;108;383.8;0.4676;101;0;101;7
2015;21;20;40;90;100;0.50;100000;102691;2.7;1.51;100;480.0;0.4900;98;0;98;2
2015;22;20;40;95;25;0.50;100000;102655;2.7;3.33;129;509.4;0.8140;210;81;48;0
2015;23;20;40;80;65;0.50;100000;102586;2.6;3.34;116;417.6;0.5690;132;16;100;0
2015;24;20;40;85;100;0.50;100000;102480;2.5;3.23;99;421.4;0.4747;94;0;94;5
2015;25;20;40;50;95;0.50;100000;102367;2.4;10.31;109;257.4;0.3578;78;0;78;31
2015;26;20;40;60;50;0.50;100000;102305;2.3;4.47;149;281.4;0.5604;167;18;131;0
2015;27;20;40;95;30;0.50;100000;102285;2.3;4.92;127;442.2;0.7795;198;71;56;0
2015;28;20;40;55;95;0.50;100000;102285;2.3;7.90;108;268.8;0.3796;82;0;82;26
2015;29;20;40;100;60;0.50;100000;102159;2.2;2.80;113;441.8;0.6416;145;32;81;0
2015;30;20;40;55;85;0.50;100000;102035;2.0;5.85;116;237.6;0.4052;94;0;94;22
2015;31;20;40;55;75;0.50;100000;101975;2.0;4.01;131;226.6;0.4351;114;0;114;17
2015;32;20;40;95;40;0.50;100000;101931;1.9;2.84;113;376.8;0.7212;163;50;63;0
2015;33;20;40;60;35;0.50;100000;101923;1.9;5.36;160;241.0;0.6469;207;47;113;0
2015;34;20;40;75;85;0.50;100000;101863;1.9;1.55;107;280.2;0.4813;103;0;103;4
2015;35;20;40;100;55;0.50;100000;101860;1.9;3.24;112;383.2;0.6607;148;36;76;0
2015;36;20;40;65;45;0.50;100000;101796;1.8;6.06;148;242.8;0.6047;179;31;117;0
2015;37;20;40;95;45;0.50;100000;101795;1.8;4.57;113;351.8;0.6947;157;44;69;0
2015;38;20;40;100;30;0.50;100000;101768;1.8;2.84;126;363.6;0.7857;198;72;54;0
2015;39;20;40;100;25;0.50;100000;101647;1.6;3.14;133;338.8;0.8158;217;84;49;0
2015;40;20;40;30;45;0.50;100000;101635;1.6;10.10;179;109.4;0.4134;148;0;148;31
2015;41;20;40;65;85;0.50;100000;101531;1.5;3.02;116;207.6;0.4440;103;0;103;13
2015;42;20;40;90;30;0.50;100000;101528;1.5;4.41;138;286.8;0.7645;211;73;65;0
2015;43;20;40;50;80;0.50;100000;101501;1.5;3.62;124;166.4;0.3952;98;0;98;26
2015;44;20;40;70;65;0.50;100000;101427;1.4;2.48;137;203.2;0.5292;145;8;129;0
2015;45;20;40;95;60;0.50;100000;101229;1.2;2.58;104;244.4;0.6250;130;26;78;0
2015;46;20;40;100;50;0.50;100000;101127;1.1;3.46;115;239.0;0.6783;156;41;74;0
2015;47;20;40;80;40;0.50;100000;101043;1.0;5.25;129;179.4;0.6783;175;46;83;0
2015;48;20;40;75;95;0.50;100000;101014;1.0;5.61;100;160.0;0.4500;90;0;90;10
2015;49;20;40;20;60;0.50;100000;100966;1.0;9.99;176;73.6;0.2614;92;0;92;84
2015;50;20;40;75;90;0.50;100000;100951;1.0;5.03;108;148.8;0.4630;100;0;100;8
2015;51;20;40;80;60;0.50;100000;100920;0.9;4.48;117;156.2;0.5812;136;19;98;0
2015;52;20;40;85;10;0.50;100000;100913;0.9;2.46;167;161.2;0.9072;303;136;31;0
2015;53;20;40;90;95;0.50;100000;100911;0.9;1.51;97;164.2;0.4948;96;0;96;1
2015;54;20;40;95;100;0.50;100000;100867;0.9;1.51;100;165.0;0.4950;99;0;99;1
2015;55;20;40;55;30;0.50;100000;100858;0.9;5.21;157;105.2;0.6592;207;50;107;0
2015;56;20;40;90;55;0.50;100000;100837;0.8;3.13;119;163.4;0.6303;150;31;88;0
2015;57;20;40;70;60;0.50;100000;100787;0.8;3.42;138;116.8;0.5471;151;13;125;0
2015;58;20;40;60;85;0.50;100000;100758;0.8;5.67;115;104.0;0.4217;97;0;97;18
2015;59;20;40;55;25;0.50;100000;100750;0.7;7.60;155;93.0;0.7000;217;62;93;0
2015;60;20;40;65;40;0.50;100000;100744;0.7;7.19;151;108.6;0.6291;190;39;112;0
2015;61;20;40;15;40;0.45;100000;100703;0.7;13.65;193;44.8;0.2876;111;0;111;82
2015;62;20;40;40;45;0.50;100000;100626;0.6;1.95;180;53.0;0.4806;173;0;173;7
2015;63;20;40;55;40;0.50;100000;100576;0.6;6.21;152;72.2;0.5888;179;27;125;0
2015;64;20;40;75;65;0.50;100000;100573;0.6;3.64;127;92.2;0.5433;138;11;116;0
2015;65;20;40;95;70;0.50;100000;100507;0.5;3.47;96;105.6;0.5833;112;16;80;0
2015;66;20;40;90;10;0.50;100000;100490;0.5;2.60;161;94.6;0.9099;293;132;29;0
2015;67;20;40;65;60;0.50;100000;100471;0.5;2.74;146;65.6;0.5274;154;8;138;0
2015;68;20;40;60;25;0.50;100000;100445;0.4;5.91;164;65.4;0.7165;235;71;93;0
2015;69;20;40;80;10;0.50;100000;100363;0.4;3.33;168;64.8;0.8988;302;134;34;0
2015;70;20;40;100;65;0.50;100000;100358;0.4;2.37;111;84.6;0.6126;136;25;86;0
2015;71;20;40;80;85;0.50;100000;100358;0.4;1.49;108;58.8;0.4907;106;0;106;2
2015;72;20;40;80;100;0.50;100000;100318;0.3;5.77;100;60.0;0.4500;90;0;90;10
2015;73;20;40;25;65;0.35;100000;100290;0.3;8.24;162;43.2;0.2870;93;0;93;69
2015;74;20;40;70;100;0.50;100000;100289;0.3;4.45;97;54.2;0.4175;81;0;81;16
2015;75;20;40;30;65;0.25;100000;100119;0.1;5.07;162;28.2;0.3241;105;0;105;57
2015;76;20;40;90;85;0.50;100000;100102;0.1;2.22;106;21.6;0.5189;110;4;102;0
2015;77;20;40;85;40;0.50;100000;100089;0.1;4.84;126;28.6;0.6865;173;47;79;0
2015;78;20;40;70;25;0.45;100000;100068;0.1;6.54;149;21.4;0.7450;222;73;76;0
2015;79;20;40;70;40;0.40;100000;100054;0.1;4.62;150;20.0;0.6433;193;43;107;0
2015;80;20;40;85;45;0.35;100000;100041;0.0;2.62;122;19.2;0.6598;161;39;83;0
2015;81;20;40;90;65;0.25;100000;100016;0.0;1.92;117;11.2;0.5855;137;20;97;0
2015;82;20;40;25;45;0.10;100000;100013;0.0;2.67;181;6.6;0.3674;133;0;133;48
2015;83;20;40;65;50;0.10;100000;100003;0.0;1.10;140;4.0;0.5714;160;20;120;0
2015;84;20;40;85;35;0.05;100000;100001;0.0;0.38;140;4.0;0.7143;200;60;80;0
2015;85;20;40;65;35;0.05;100000;100000;0.0;0.75;156;1.6;0.6571;205;49;107;0
2015;86;20;40;20;55;0.05;100000;99997;-0.0;1.57;163;1.8;0.2761;90;0;90;73
2015;87;20;40;100;40;0.05;100000;99995;-0.0;0.31;121;-9.4;0.7190;174;53;68;0
2015;88;20;40;80;45;0.05;100000;99988;-0.0;0.42;131;-18.4;0.6450;169;38;93;0
2015;89;20;40;75;100;0.05;100000;99986;-0.0;0.68;103;-19.2;0.4320;89;0;89;14
2015;90;20;40;90;70;0.05;100000;99984;-0.0;0.35;106;-28.4;0.5660;120;14;92;0
2015;91;20;40;80;25;0.05;100000;99981;-0.0;0.47;142;-28.8;0.7676;218;76;66;0
2015;92;20;40;70;80;0.05;100000;99981;-0.0;0.29;119;-26.6;0.4706;112;0;112;7
2015;93;20;40;95;85;0.05;100000;99980;-0.0;0.23;98;-37.2;0.5306;104;6;92;0
2015;94;20;40;50;85;0.05;100000;99980;-0.0;0.47;120;-18.0;0.3750;90;0;90;30
2015;95;20;40;50;70;0.05;100000;99973;-0.0;0.51;147;-25.8;0.4218;124;0;124;23
2015;96;20;40;50;35;0.05;100000;99967;-0.0;0.36;173;-32.2;0.5954;206;33;140;0
2015;97;20;40;95;65;0.05;100000;99966;-0.0;0.41;109;-62.6;0.5963;130;21;88;0
2015;98;20;40;95;35;0.05;100000;99964;-0.0;0.58;126;-66.4;0.7341;185;59;67;0
2015;99;20;40;60;30;0.05;100000;99963;-0.0;0.53;159;-42.6;0.6730;214;55;104;0
2015;100;20;40;50;40;0.05;100000;99963;-0.0;0.37;169;-36.6;0.5621;190;21;148;0
2015;101;20;40;75;60;0.05;100000;99950;-0.0;0.46;128;-74.2;0.5586;143;15;113;0
2015;102;20;40;35;90;0.05;100000;99949;-0.1;0.94;137;-31.8;0.2847;78;0;78;59
2015;103;20;40;55;35;0.05;100000;99949;-0.1;0.53;154;-55.6;0.6169;190;36;118;0
2015;104;20;40;95;80;0.05;100000;99948;-0.1;0.29;102;-97.8;0.5441;111;9;93;0
2015;105;20;40;70;35;0.05;100000;99944;-0.1;0.77;155;-77.0;0.6710;208;53;102;0
2015;106;20;40;80;90;0.05;100000;99943;-0.1;0.43;108;-91.2;0.4722;102;0;102;6
2015;107;20;40;100;100;0.05;100000;99930;-0.1;0.07;100;-140.0;0.5000;100;0;100;0
2015;108;20;40;95;95;0.05;100000;99929;-0.1;0.07;97;-135.8;0.5000;97;0;97;0
2015;109;20;40;35;75;0.05;100000;99922;-0.1;1.16;144;-51.6;0.3229;93;0;93;51
2015;110;20;40;25;50;0.05;100000;99920;-0.1;1.07;170;-38.0;0.3412;116;0;116;54
2015;111;20;40;90;90;0.05;100000;99918;-0.1;0.08;106;-148.4;0.5000;106;0;106;0
2015;112;20;40;90;50;0.05;100000;99916;-0.1;0.43;122;-150.8;0.6434;157;35;87;0
2015;113;20;40;85;85;0.05;100000;99910;-0.1;0.09;109;-152.6;0.5000;109;0;109;0
2015;114;20;40;80;75;0.05;100000;99907;-0.1;0.28;120;-148.0;0.5167;124;4;116;0
2015;115;20;40;70;75;0.05;100000;99904;-0.1;0.32;124;-133.6;0.4839;120;0;120;4
2015;116;20;40;55;70;0.05;100000;99899;-0.1;0.56;139;-109.6;0.4424;123;0;123;16
2015;117;20;40;80;80;0.05;100000;99898;-0.1;0.10;117;-163.8;0.5000;117;0;117;0
2015;118;20;40;90;15;0.05;100000;99896;-0.1;0.30;155;-187.0;0.8581;266;111;44;0
2015;119;20;40;90;60;0.05;100000;99893;-0.1;0.46;116;-192.4;0.5991;139;23;93;0
2015;120;20;40;80;35;0.05;100000;99892;-0.1;0.41;140;-171.0;0.6964;195;55;85;0
2015;121;20;40;60;90;0.05;100000;99888;-0.1;0.62;116;-132.4;0.4009;93;0;93;23
2015;122;20;40;85;30;0.05;100000;99888;-0.1;0.60;142;-188.8;0.7394;210;68;74;0
2015;123;20;40;75;75;0.05;100000;99884;-0.1;0.12;124;-173.6;0.5000;124;0;124;0
2015;124;20;40;90;80;0.05;100000;99882;-0.1;0.30;108;-211.2;0.5278;114;6;102;0
2015;125;20;40;80;95;0.05;100000;99882;-0.1;0.54;102;-187.8;0.4559;93;0;93;9
2015;126;20;40;80;55;0.05;100000;99876;-0.1;0.54;120;-198.0;0.5917;142;22;98;0
2015;127;20;40;75;80;0.05;100000;99875;-0.1;0.27;120;-188.0;0.4833;116;0;116;4
2015;128;20;40;55;80;0.05;100000;99873;-0.1;0.57;120;-138.0;0.4083;98;0;98;22
2015;129;20;40;45;70;0.05;100000;99865;-0.1;0.68;146;-119.4;0.3938;115;0;115;31
2015;130;20;40;100;75;0.05;100000;99865;-0.1;0.46;103;-269.2;0.5680;117;14;89;0
2015;131;20;40;55;60;0.05;100000;99863;-0.1;0.51;150;-150.0;0.4800;144;0;144;6
2015;132;20;40;70;70;0.05;100000;99862;-0.1;0.14;138;-193.2;0.5000;138;0;138;0
2015;133;20;40;65;55;0.05;100000;99862;-0.1;0.38;142;-178.8;0.5423;154;12;130;0
2015;134;20;40;85;95;0.05;100000;99860;-0.1;0.47;98;-237.2;0.4694;92;0;92;6
2015;135;20;40;55;45;0.05;100000;99858;-0.1;0.71;154;-155.6;0.5519;170;16;138;0
2015;136;20;40;75;70;0.05;100000;99858;-0.1;0.29;124;-213.6;0.5161;128;4;120;0
2015;137;20;40;100;20;0.05;100000;99856;-0.1;0.42;148;-287.2;0.8311;246;98;50;0
2015;138;20;40;55;50;0.05;100000;99856;-0.1;0.60;156;-158.4;0.5256;164;8;148;0
2015;139;20;40;75;45;0.05;100000;99851;-0.1;0.49;137;-221.8;0.6241;171;34;103;0
2015;140;20;40;65;65;0.05;100000;99844;-0.2;0.16;145;-203.0;0.5000;145;0;145;0
2015;141;20;40;100;70;0.05;100000;99837;-0.2;0.34;97;-325.8;0.5825;113;16;81;0
2015;142;20;40;100;80;0.05;100000;99830;-0.2;0.38;100;-340.0;0.5500;110;10;90;0
2015;143;20;40;60;60;0.05;100000;99825;-0.2;0.17;150;-210.0;0.5000;150;0;150;0
2015;144;20;40;40;20;0.05;100000;99823;-0.2;0.91;186;-140.4;0.6720;250;64;122;0
2015;145;20;40;45;75;0.05;100000;99818;-0.2;0.62;137;-161.8;0.3759;103;0;103;34
2015;146;20;40;20;15;0.05;100000;99815;-0.2;0.52;192;-73.8;0.5859;225;33;159;0
2015;147;20;40;85;90;0.05;100000;99813;-0.2;0.42;106;-318.4;0.4811;102;0;102;4
2015;148;20;40;85;50;0.05;100000;99812;-0.2;0.57;120;-318.0;0.6250;150;30;90;0
2015;149;20;40;65;95;0.05;100000;99812;-0.2;0.76;109;-242.6;0.4037;88;0;88;21
2015;150;20;40;70;90;0.05;100000;99808;-0.2;0.59;106;-268.4;0.4340;92;0;92;14
2015;151;20;40;50;90;0.05;100000;99807;-0.2;1.01;122;-190.8;0.3566;87;0;87;35
2015;152;20;40;90;35;0.05;100000;99804;-0.2;0.47;137;-351.8;0.7153;196;59;78;0
2015;153;20;40;85;20;0.05;100000;99803;-0.2;0.54;160;-334.0;0.8063;258;98;62;0
2015;154;20;40;55;55;0.05;100000;99802;-0.2;0.20;156;-218.4;0.5000;156;0;156;0
2015;155;20;40;30;50;0.05;100000;99801;-0.2;1.12;170;-118.0;0.3794;129;0;129;41
2015;156;20;40;55;65;0.05;100000;99801;-0.2;0.35;142;-218.8;0.4577;130;0;130;12
2015;157;20;40;70;55;0.05;100000;99800;-0.2;0.53;139;-279.6;0.5576;155;16;123;0
2015;158;20;40;90;20;0.05;100000;99794;-0.2;0.57;150;-370.0;0.8133;244;94;56;0
2015;159;20;40;70;45;0.05;100000;99793;-0.2;0.62;146;-289.4;0.6062;177;31;115;0
2015;160;20;40;85;80;0.05;100000;99788;-0.2;0.35;108;-361.2;0.5093;110;2;106;0
2015;161;20;40;100;95;0.05;100000;99778;-0.2;0.27;100;-445.0;0.5050;101;1;99;0
2015;162;20;40;60;55;0.05;100000;99775;-0.2;0.38;150;-270.0;0.5200;156;6;144;0
2015;163;20;40;95;90;0.05;100000;99771;-0.2;0.28;97;-435.8;0.5052;98;1;96;0
2015;164;20;40;95;75;0.05;100000;99768;-0.2;0.38;100;-440.0;0.5500;110;10;90;0
2015;165;20;40;50;45;0.05;100000;99767;-0.2;0.43;170;-233.0;0.5265;179;9;161;0
2015;166;20;40;75;35;0.05;100000;99765;-0.2;0.76;144;-351.6;0.6771;195;51;93;0
2015;167;20;40;60;75;0.05;100000;99763;-0.2;0.56;128;-284.2;0.4414;113;0;113;15
2015;168;20;40;50;50;0.05;100000;99762;-0.2;0.24;170;-238.0;0.5000;170;0;170;0
2015;169;20;40;20;35;0.05;100000;99756;-0.2;1.00;183;-96.2;0.3716;136;0;136;47
2015;170;20;40;50;15;0.05;100000;99755;-0.2;0.51;171;-244.4;0.7690;263;92;79;0
2015;171;20;40;90;75;0.05;100000;99749;-0.3;0.37;108;-451.2;0.5370;116;8;100;0
2015;172;20;40;85;60;0.05;100000;99749;-0.3;0.69;115;-426.0;0.5783;133;18;97;0
2015;173;20;40;45;10;0.05;100000;99749;-0.3;0.54;186;-225.4;0.8199;305;119;67;0
2015;174;20;40;80;15;0.05;100000;99743;-0.3;0.43;165;-411.0;0.8364;276;111;54;0
2015;175;20;40;95;10;0.05;100000;99739;-0.3;0.42;154;-495.6;0.8961;276;122;32;0
2015;176;20;40;25;30;0.05;100000;99739;-0.3;0.47;193;-130.2;0.4611;178;0;178;15
2015;177;20;40;65;90;0.05;100000;99739;-0.3;0.75;117;-338.8;0.4145;97;0;97;20
2015;178;20;40;95;20;0.05;100000;99737;-0.3;0.54;142;-498.8;0.8169;232;90;52;0
2015;179;20;40;85;15;0.05;100000;99734;-0.3;0.51;166;-452.4;0.8434;280;114;52;0
2015;180;20;40;70;95;0.05;100000;99732;-0.3;0.74;96;-374.4;0.4167;80;0;80;16
2015;181;20;40;45;50;0.05;100000;99730;-0.3;0.42;170;-243.0;0.4735;161;0;161;9
2015;182;20;40;75;10;0.05;100000;99728;-0.3;0.72;170;-408.0;0.8765;298;128;42;0
2015;183;20;40;70;50;0.05;100000;99724;-0.3;0.65;147;-385.8;0.5782;170;23;124;0
2015;184;20;40;50;55;0.05;100000;99722;-0.3;0.48;156;-278.4;0.4744;148;0;148;8
2015;185;20;40;45;45;0.05;100000;99720;-0.3;0.28;180;-252.0;0.5000;180;0;180;0
2015;186;20;40;80;70;0.05;100000;99715;-0.3;0.50;119;-456.6;0.5252;125;6;113;0
2015;187;20;40;60;10;0.05;100000;99714;-0.3;0.65;166;-342.4;0.8524;283;117;49;0
2015;188;20;40;40;35;0.05;100000;99707;-0.3;0.49;189;-234.6;0.5344;202;13;176;0
2015;189;20;40;95;50;0.05;100000;99704;-0.3;0.47;109;-562.6;0.6422;140;31;78;0
2015;190;20;40;20;25;0.05;100000;99702;-0.3;0.69;192;-118.8;0.4531;174;0;174;18
2015;191;20;40;25;15;0.05;100000;99701;-0.3;0.67;185;-149.0;0.6324;234;49;136;0
2015;192;20;40;100;15;0.05;100000;99700;-0.3;0.44;160;-599.0;0.8594;275;115;45;0
2015;193;20;40;95;55;0.05;100000;99699;-0.3;0.48;108;-571.2;0.6204;134;26;82;0
2015;194;20;40;45;55;0.05;100000;99693;-0.3;0.58;154;-275.6;0.4481;138;0;138;16
2015;195;20;40;65;10;0.05;100000;99693;-0.3;0.75;164;-399.6;0.8598;282;118;46;0
2015;196;20;40;45;15;0.05;100000;99691;-0.3;0.65;177;-277.8;0.7486;265;88;89;0
2015;197;20;40;30;40;0.05;100000;99689;-0.3;0.74;190;-186.0;0.4316;164;0;164;26
2015;198;20;40;35;80;0.05;100000;99680;-0.3;0.95;140;-221.0;0.3036;85;0;85;55
2015;199;20;40;80;50;0.05;100000;99679;-0.3;0.56;124;-513.6;0.6048;150;26;98;0
2015;200;20;40;35;30;0.05;100000;99674;-0.3;0.56;188;-228.2;0.5399;203;16;171;1
2015;201;20;40;85;55;0.05;100000;99669;-0.3;0.58;116;-562.4;0.5948;138;22;94;0
2015;202;20;40;40;40;0.05;100000;99666;-0.3;0.33;191;-267.4;0.5000;191;0;191;0
2015;203;20;40;85;75;0.05;100000;99659;-0.3;0.48;107;-579.8;0.5187;111;4;103;0
2015;204;20;40;65;75;0.05;100000;99656;-0.3;0.60;127;-447.8;0.4567;116;0;116;11
2015;205;20;40;25;40;0.05;100000;99651;-0.3;0.75;188;-173.2;0.3883;146;0;146;42
2015;206;20;40;100;85;0.05;100000;99651;-0.3;0.39;99;-698.6;0.5253;104;5;94;0
2015;207;20;40;50;10;0.05;100000;99646;-0.4;0.46;181;-353.4;0.8287;300;119;62;0
2015;208;20;40;30;85;0.05;100000;99646;-0.4;1.07;142;-208.8;0.2606;74;0;74;68
2015;209;20;40;80;20;0.05;100000;99643;-0.4;0.71;151;-571.4;0.7881;238;87;64;0
2015;210;20;40;50;30;0.05;100000;99642;-0.4;0.60;170;-358.0;0.6206;211;41;129;0
2015;211;20;40;55;10;0.05;100000;99633;-0.4;0.76;167;-403.8;0.8383;280;113;54;0
2015;212;20;40;25;35;0.05;100000;99632;-0.4;0.71;188;-183.2;0.4202;158;0;158;30
2015;213;20;40;65;30;0.05;100000;99629;-0.4;0.86;162;-481.8;0.6759;219;57;105;0
2015;214;20;40;35;35;0.05;100000;99629;-0.4;0.37;186;-260.4;0.5000;186;0;186;0
2015;215;20;40;100;90;0.05;100000;99621;-0.4;0.43;100;-760.0;0.5100;102;2;98;0
2015;216;20;40;65;25;0.05;100000;99618;-0.4;0.78;162;-496.8;0.7130;231;69;93;0
2015;217;20;40;100;10;0.05;100000;99618;-0.4;0.53;154;-765.6;0.8929;275;121;33;0
2015;218;20;40;45;80;0.05;100000;99611;-0.4;0.63;131;-348.4;0.3550;93;0;93;38
2015;219;20;40;95;15;0.05;100000;99610;-0.4;0.52;151;-741.4;0.8477;256;105;46;0
2015;220;20;40;60;65;0.05;100000;99605;-0.4;0.51;146;-474.4;0.4726;138;0;138;8
2015;221;20;40;75;55;0.05;100000;99605;-0.4;0.65;131;-593.4;0.5649;148;17;114;0
2015;222;20;40;50;65;0.05;100000;99604;-0.4;0.50;140;-396.0;0.4286;120;0;120;20
2015;223;20;40;85;65;0.05;100000;99599;-0.4;0.68;116;-682.4;0.5517;128;12;104;0
2015;224;20;40;35;15;0.05;100000;99599;-0.4;0.73;179;-280.6;0.6983;250;71;108;0
2015;225;20;40;45;85;0.05;100000;99597;-0.4;0.69;122;-360.8;0.3402;83;0;83;39
2015;226;20;40;60;80;0.05;100000;99597;-0.4;0.53;117;-483.8;0.4188;98;0;98;19
2015;227;20;40;35;10;0.05;100000;99595;-0.4;0.60;188;-283.2;0.7766;292;104;84;0
2015;228;20;40;35;95;0.05;100000;99586;-0.4;1.57;126;-286.4;0.2659;67;0;67;59
2015;229;20;40;40;100;0.05;100000;99585;-0.4;0.77;121;-329.4;0.2810;68;0;68;53
2015;230;20;40;55;20;0.05;100000;99583;-0.4;1.07;163;-458.2;0.7239;236;73;90;0
2015;231;20;40;60;70;0.05;100000;99581;-0.4;0.66;138;-503.2;0.4529;125;0;125;13
2015;232;20;40;65;15;0.05;100000;99577;-0.4;0.64;171;-549.4;0.8012;274;103;68;0
2015;233;20;40;25;10;0.05;100000;99569;-0.4;0.47;186;-215.4;0.7177;267;81;105;0
2015;234;20;40;65;100;0.05;100000;99568;-0.4;0.68;111;-560.4;0.3829;85;0;85;26
2015;235;20;40;80;30;0.05;100000;99568;-0.4;0.70;144;-691.6;0.7118;205;61;83;0
2015;236;20;40;75;40;0.05;100000;99565;-0.4;0.86;138;-653.2;0.6377;176;38;100;0
2015;237;20;40;40;10;0.05;100000;99557;-0.4;0.57;196;-354.4;0.7959;312;116;80;0
2015;238;20;40;60;95;0.05;100000;99553;-0.4;0.85;104;-535.6;0.3750;78;0;78;26
2015;239;20;40;65;70;0.05;100000;99549;-0.5;0.54;137;-586.8;0.4708;129;0;129;8
2015;240;20;40;55;90;0.05;100000;99548;-0.5;1.15;119;-496.6;0.3697;88;0;88;31
2015;241;20;40;60;20;0.05;100000;99528;-0.5;0.95;176;-566.4;0.7386;260;84;92;0
2015;242;20;40;70;30;0.05;100000;99525;-0.5;1.02;161;-665.4;0.6863;221;60;101;0
2015;243;20;40;40;85;0.05;100000;99521;-0.5;0.93;126;-381.4;0.3135;79;0;79;47
2015;244;20;40;85;70;0.05;100000;99506;-0.5;0.63;108;-841.2;0.5278;114;6;102;0
2015;245;20;40;35;70;0.05;100000;99487;-0.5;1.23;155;-357.0;0.3290;102;0;102;53
2015;246;20;40;50;25;0.05;100000;99487;-0.5;0.59;170;-513.0;0.6559;223;53;117;0
2015;247;20;40;40;30;0.05;100000;99481;-0.5;0.90;190;-416.0;0.5658;215;25;165;0
2015;248;20;40;40;25;0.05;100000;99478;-0.5;0.94;188;-418.2;0.6090;229;41;147;0
2015;249;20;40;25;25;0.05;100000;99475;-0.5;0.53;188;-263.2;0.5000;188;0;188;0
2015;250;20;40;35;40;0.05;100000;99473;-0.5;0.77;189;-369.6;0.4630;175;0;175;14
2015;251;20;40;75;25;0.05;100000;99464;-0.5;1.11;146;-804.4;0.7295;213;67;79;0
2015;252;20;40;35;55;0.05;100000;99463;-0.5;0.76;154;-375.6;0.3831;118;0;118;36
2015;253;20;40;30;30;0.05;100000;99456;-0.5;0.54;191;-327.4;0.4974;190;0;190;1
2015;254;20;40;40;50;0.05;100000;99455;-0.5;0.75;169;-436.6;0.4379;148;0;148;21
2015;255;20;40;40;70;0.05;100000;99449;-0.6;0.92;150;-440.0;0.3567;107;0;107;43
2015;256;20;40;55;15;0.05;100000;99440;-0.6;0.87;162;-616.8;0.7685;249;87;75;0
2015;257;20;40;50;100;0.05;100000;99438;-0.6;1.13;115;-561.0;0.3217;74;0;74;41
2015;258;20;40;75;30;0.05;100000;99435;-0.6;0.95;145;-848.0;0.6931;201;56;89;0
2015;259;20;40;35;85;0.05;100000;99431;-0.6;1.04;140;-396.0;0.2857;80;0;80;60
2015;260;20;40;30;10;0.05;100000;99426;-0.6;0.70;175;-345.0;0.7429;260;85;90;0
2015;261;20;40;35;25;0.05;100000;99425;-0.6;0.77;188;-403.2;0.5771;217;29;159;0
2015;262;20;40;70;10;0.05;100000;99416;-0.6;0.97;171;-819.4;0.8538;292;121;50;0
2015;263;20;40;75;50;0.05;100000;99406;-0.6;0.84;138;-893.2;0.5797;160;22;116;0
2015;264;20;40;45;40;0.05;100000;99383;-0.6;0.67;180;-557.0;0.5194;187;7;173;0
2015;265;20;40;40;55;0.05;100000;99378;-0.6;0.64;152;-497.8;0.4112;125;0;125;27
2015;266;20;40;60;15;0.05;100000;99374;-0.6;0.73;173;-752.2;0.7803;270;97;76;0
2015;267;20;40;35;65;0.05;100000;99372;-0.6;1.23;156;-438.4;0.3429;107;0;107;49
2015;268;20;40;60;100;0.05;100000;99368;-0.6;0.92;113;-758.2;0.3584;81;0;81;32
2015;269;20;40;55;100;0.05;100000;99366;-0.6;1.30;112;-696.8;0.3393;76;0;76;36
2015;270;20;40;35;50;0.05;100000;99354;-0.6;1.15;173;-452.2;0.4046;140;0;140;33
2015;271;20;40;45;25;0.05;100000;99353;-0.6;0.87;181;-583.4;0.6298;228;47;134;0
2015;272;20;40;75;15;0.05;100000;99346;-0.7;0.86;167;-983.8;0.8084;270;103;64;0
2015;273;20;40;75;20;0.05;100000;99341;-0.7;0.97;154;-990.6;0.7630;235;81;73;0
2015;274;20;40;40;65;0.05;100000;99335;-0.7;0.84;151;-531.4;0.3709;112;0;112;39
2015;275;20;40;65;20;0.05;100000;99331;-0.7;1.09;169;-871.6;0.7426;251;82;87;0
2015;276;20;40;35;20;0.05;100000;99328;-0.7;1.00;183;-471.2;0.6257;229;46;137;0
2015;277;20;40;30;60;0.05;100000;99327;-0.7;1.14;159;-402.6;0.3270;104;0;104;55
2015;278;20;40;40;80;0.05;100000;99323;-0.7;1.22;129;-540.6;0.3217;83;0;83;46
2015;279;20;40;45;30;0.05;100000;99323;-0.7;0.89;179;-610.6;0.5866;210;31;148;0
2015;280;20;40;65;80;0.05;100000;99319;-0.7;0.72;116;-887.4;0.4267;99;0;99;17
2015;281;20;40;20;20;0.05;100000;99313;-0.7;0.69;197;-275.8;0.5000;197;0;197;0
2015;282;20;40;50;60;0.05;100000;99303;-0.7;0.85;149;-698.6;0.4396;131;0;131;18
2015;283;20;40;10;15;0.05;100000;99297;-0.7;1.35;204;-140.6;0.4142;169;0;169;35
2015;284;20;40;45;65;0.05;100000;99271;-0.7;0.73;148;-657.2;0.3953;117;0;117;31
2015;285;20;40;40;15;0.05;100000;99270;-0.7;0.96;193;-585.2;0.7124;275;82;111;0
2015;286;20;40;15;45;0.05;100000;99268;-0.7;1.66;177;-217.8;0.2514;89;0;89;88
2015;287;20;40;45;95;0.05;100000;99257;-0.7;1.36;113;-668.2;0.3053;69;0;69;44
2015;288;20;40;70;20;0.05;100000;99252;-0.7;1.12;164;-1049.6;0.7500;246;82;82;0
2015;289;20;40;70;15;0.05;100000;99245;-0.8;0.88;168;-1060.2;0.7946;267;99;69;0
2015;290;20;40;30;35;0.05;100000;99180;-0.8;0.97;188;-493.2;0.4521;170;0;170;18
2015;291;20;40;30;25;0.05;100000;99136;-0.9;1.03;193;-520.2;0.5337;206;14;178;1
2015;292;20;40;40;95;0.05;100000;99133;-0.9;1.40;113;-693.2;0.2788;63;0;63;50
2015;293;20;40;25;70;0.05;100000;99120;-0.9;1.64;149;-438.6;0.2550;76;0;76;73
2015;294;20;40;45;60;0.05;100000;99108;-0.9;1.02;157;-804.8;0.4108;129;0;129;28
2015;295;20;40;45;35;0.05;100000;99108;-0.9;0.96;183;-806.2;0.5437;199;16;167;0
2015;296;20;40;20;10;0.05;100000;99098;-0.9;0.98;187;-361.8;0.6578;246;59;128;0
2015;297;20;40;50;20;0.05;100000;99097;-0.9;1.09;176;-906.4;0.6875;242;66;110;0
2015;298;20;40;15;35;0.05;100000;99096;-0.9;1.53;179;-270.6;0.2989;107;0;107;72
2015;299;20;40;30;55;0.05;100000;99093;-0.9;1.17;157;-544.8;0.3408;107;0;107;50
2015;300;20;40;25;20;0.05;100000;99076;-0.9;1.08;192;-463.8;0.5443;209;17;175;0
2015;301;20;40;35;60;0.05;100000;99017;-1.0;1.28;160;-689.0;0.3531;113;0;113;47
2015;302;20;40;15;15;0.05;100000;98958;-1.0;1.04;203;-314.2;0.4975;202;0;202;1
2015;303;20;40;25;60;0.05;100000;98950;-1.0;1.63;164;-524.6;0.2835;93;0;93;71
2015;304;20;40;25;55;0.05;100000;98947;-1.1;1.71;155;-527.0;0.3000;93;0;93;62
2015;305;20;40;45;100;0.05;100000;98932;-1.1;1.44;120;-963.0;0.2875;69;0;69;51
2015;306;20;40;20;40;0.05;100000;98900;-1.1;1.38;186;-440.4;0.3253;121;0;121;65
2015;307;20;40;30;90;0.05;100000;98877;-1.1;1.77;138;-673.2;0.2355;65;0;65;73
2015;308;20;40;10;30;0.05;100000;98873;-1.1;2.04;175;-225.0;0.2514;88;0;88;87
2015;309;20;40;30;15;0.05;100000;98768;-1.2;1.46;188;-743.2;0.6383;240;52;136;0
2015;310;20;40;10;20;0.05;100000;98744;-1.3;1.99;187;-251.8;0.3342;125;0;125;62
2015;311;20;40;40;60;0.05;100000;98734;-1.3;1.27;155;-1017.0;0.3742;116;0;116;39
2015;312;20;40;45;20;0.05;100000;98695;-1.3;1.65;190;-1181.0;0.6553;249;59;131;0
2015;313;20;40;15;25;0.05;100000;98643;-1.4;1.61;185;-409.0;0.3649;135;0;135;50
2015;314;20;40;40;90;0.05;100000;98541;-1.5;1.85;123;-1172.2;0.2764;68;0;68;55
2015;315;20;40;30;20;0.05;100000;98458;-1.5;1.73;187;-931.8;0.5642;211;25;161;1
2015;316;20;40;35;100;0.05;100000;98431;-1.6;1.98;127;-1102.8;0.2323;59;0;59;68
2015;317;20;40;15;10;0.05;100000;98410;-1.6;1.74;204;-480.6;0.5809;237;34;169;1
2015;318;20;40;15;20;0.05;100000;98349;-1.7;1.82;192;-498.8;0.4115;158;0;158;34
2015;319;20;40;45;90;0.05;100000;98277;-1.7;1.91;119;-1561.6;0.2899;69;0;69;50
2015;320;20;40;10;10;0.05;100000;98238;-1.8;1.76;211;-355.4;0.4929;208;0;208;3
2015;321;20;40;10;25;0.05;100000;97962;-2.0;2.60;186;-410.4;0.2742;102;0;102;84
2016;1;20;40;35;90;0.50;100000;111609;11.6;6.49;73;787.8;0.3288;48;0;48;25
2016;2;20;40;25;50;0.50;100000;110684;10.7;6.74;111;519.6;0.3739;83;0;83;28
2016;3;20;40;30;90;0.50;100000;110351;10.4;8.63;76;613.6;0.2895;44;0;44;32
2016;4;20;40;25;55;0.50;100000;106756;6.8;4.47;93;339.8;0.3441;64;0;64;29
2016;5;20;40;25;65;0.50;100000;105204;5.2;11.48;98;272.8;0.3010;59;0;59;39
2016;6;20;40;65;85;0.50;100000;105052;5.1;1.51;75;645.0;0.4667;70;0;70;5
2016;7;20;40;40;100;0.50;100000;104753;4.8;4.78;76;393.6;0.3092;47;0;47;29
2016;8;20;40;80;45;0.50;100000;104598;4.6;3.31;83;728.8;0.6807;113;30;53;0
2016;9;20;40;65;45;0.50;100000;104518;4.5;2.51;91;582.6;0.6264;114;23;68;0
2016;10;20;40;80;50;0.50;100000;104428;4.4;1.98;77;702.2;0.6558;101;24;53;0
2016;11;20;40;80;40;0.50;100000;104105;4.1;4.21;77;652.2;0.7078;109;32;45;0
2016;12;20;40;65;95;0.50;100000;103953;4.0;3.20;57;510.2;0.4386;50;0;50;7
2016;13;20;40;30;65;0.50;100000;103928;3.9;5.00;95;247.0;0.3368;64;0;64;31
2016;14;20;40;60;85;0.50;100000;103890;3.9;2.12;75;465.0;0.4400;66;0;66;9
2016;15;20;40;50;90;0.50;100000;103797;3.8;2.76;68;384.8;0.3824;52;0;52;16
2016;16;20;40;55;85;0.50;100000;103713;3.7;3.23;78;410.8;0.4167;65;0;65;13
2016;17;20;40;70;55;0.50;100000;103251;3.3;2.47;79;454.4;0.5886;93;14;65;0
2016;18;20;40;55;100;0.50;100000;103205;3.2;4.31;58;358.8;0.3793;44;0;44;14
2016;19;20;40;45;50;0.50;100000;103188;3.2;1.52;105;283.0;0.4952;104;0;104;1
2016;20;20;40;30;15;0.50;100000;103094;3.1;3.34;123;187.8;0.6992;172;49;74;0
2016;21;20;40;25;75;0.50;100000;103078;3.1;10.18;90;174.0;0.2667;48;0;48;42
2016;22;20;40;70;95;0.50;100000;103050;3.0;2.67;60;426.0;0.4500;54;0;54;6
2016;23;20;40;65;15;0.50;100000;102832;2.8;2.55;108;368.8;0.8426;182;74;34;0
2016;24;20;40;85;95;0.50;100000;102821;2.8;0.50;55;473.0;0.5000;55;0;55;0
2016;25;20;40;25;15;0.50;100000;102765;2.8;2.87;128;140.8;0.6562;168;40;88;0
2016;26;20;40;25;10;0.50;100000;102643;2.6;2.76;122;134.2;0.7500;183;61;61;0
2016;27;20;40;55;95;0.50;100000;102631;2.6;5.98;66;297.6;0.3864;51;0;51;15
2016;28;20;40;80;95;0.50;100000;102593;2.6;1.51;56;411.6;0.4821;54;0;54;2
2016;29;20;40;80;30;0.50;100000;102560;2.6;3.50;84;412.4;0.7560;127;43;41;0
2016;30;20;40;60;95;0.50;100000;102548;2.5;4.88;60;311.0;0.4083;49;0;49;11
2016;31;20;40;30;10;0.50;100000;102498;2.5;2.27;120;152.0;0.7833;188;68;52;0
2016;32;20;40;45;95;0.50;100000;102459;2.5;6.61;74;236.4;0.3378;50;0;50;24
2016;33;20;40;30;55;0.50;100000;102429;2.4;4.73;93;154.8;0.3710;69;0;69;24
2016;34;20;40;100;35;0.50;100000;102429;2.4;4.33;76;488.6;0.7697;117;41;35;0
2016;35;20;40;60;100;0.50;100000;102275;2.3;3.96;57;280.2;0.3947;45;0;45;12
2016;36;20;40;60;45;0.50;100000;102221;2.2;3.40;86;269.6;0.5930;102;16;70;0
2016;37;20;40;70;30;0.50;100000;102221;2.2;3.58;89;315.4;0.7247;129;40;49;0
2016;38;20;40;85;30;0.50;100000;102217;2.2;4.00;85;381.0;0.7647;130;45;40;0
2016;39;20;40;80;75;0.50;100000;102206;2.2;1.89;66;352.6;0.5379;71;5;61;0
2016;40;20;40;65;20;0.50;100000;102140;2.1;3.11;102;282.2;0.7892;161;59;43;0
2016;41;20;40;35;85;0.50;100000;102117;2.1;6.45;75;165.0;0.3067;46;0;46;29
2016;42;20;40;65;40;0.50;100000;102081;2.1;3.72;89;275.4;0.6404;114;25;64;0
2016;43;20;40;25;40;0.50;100000;102059;2.1;3.93;118;109.8;0.4025;95;0;95;23
2016;44;20;40;70;15;0.50;100000;102004;2.0;1.50;108;283.8;0.8472;183;75;33;0
2016;45;20;40;40;60;0.50;100000;101957;2.0;3.16;84;162.4;0.4167;70;0;70;14
2016;46;20;40;25;70;0.50;100000;101932;1.9;9.46;92;116.2;0.2772;51;0;51;41
2016;47;20;40;80;55;0.50;100000;101924;1.9;2.89;70;312.0;0.6143;86;16;54;0
2016;48;20;40;80;15;0.50;100000;101885;1.9;1.56;97;304.2;0.8660;168;71;26;0
2016;49;20;40;50;10;0.50;100000;101836;1.8;2.03;110;186.0;0.8591;189;79;31;0
2016;50;20;40;70;85;0.50;100000;101736;1.7;1.51;75;245.0;0.4667;70;0;70;5
2016;51;20;40;80;100;0.50;100000;101651;1.7;1.51;53;265.8;0.4623;49;0;49;4
2016;52;20;40;60;50;0.50;100000;101638;1.6;3.15;79;199.4;0.5633;89;10;69;0
2016;53;20;40;75;20;0.50;100000;101632;1.6;1.84;100;250.0;0.8100;162;62;38;0
2016;54;20;40;30;50;0.50;100000;101626;1.6;5.40;96;105.6;0.3906;75;0;75;21
2016;55;20;40;30;20;0.50;100000;101563;1.6;4.95;123;97.8;0.6220;153;30;93;0
2016;56;20;40;50;95;0.50;100000;101530;1.5;7.10;67;166.2;0.3582;48;0;48;19
2016;57;20;40;50;70;0.50;100000;101436;1.4;4.12;79;149.4;0.4304;68;0;68;11
2016;58;20;40;85;45;0.50;100000;101431;1.4;3.97;85;251.0;0.6706;114;29;56;0
2016;59;20;40;80;70;0.50;100000;101415;1.4;1.98;72;229.2;0.5486;79;7;65;0
2016;60;20;40;70;35;0.50;100000;101396;1.4;3.90;81;201.6;0.6852;111;30;51;0
2016;61;20;40;35;95;0.50;100000;101382;1.4;9.74;73;117.8;0.2808;41;0;41;32
2016;62;20;40;100;95;0.50;100000;101353;1.4;1.55;49;271.4;0.5306;52;3;46;0
2016;63;20;40;85;15;0.50;100000;101335;1.3;2.50;106;231.6;0.8679;184;78;28;0
2016;64;20;40;20;55;0.50;100000;101299;1.3;8.72;107;70.2;0.2804;60;0;60;47
2016;65;20;40;90;15;0.50;100000;101282;1.3;1.77;100;235.0;0.8750;175;75;25;0
2016;66;20;40;30;75;0.50;100000;101237;1.2;8.23;84;92.4;0.2976;50;0;50;34
2016;67;20;40;40;75;0.50;100000;101213;1.2;7.80;82;110.2;0.3598;59;0;59;23
2016;68;20;40;70;40;0.50;100000;101205;1.2;3.92;82;175.2;0.6524;107;25;57;0
2016;69;20;40;80;35;0.50;100000;101194;1.2;4.22;80;198.0;0.7125;114;34;46;0
2016;70;20;40;45;90;0.50;100000;101177;1.2;6.72;74;121.4;0.3446;51;0;51;23
2016;71;20;40;40;55;0.50;100000;101153;1.2;3.20;91;97.6;0.4341;79;0;79;12
2016;72;20;40;90;95;0.50;100000;101106;1.1;0.50;55;198.0;0.5000;55;0;55;0
2016;73;20;40;40;95;0.50;100000;101064;1.1;12.93;75;105.0;0.3067;46;0;46;29
2016;74;20;40;35;60;0.50;100000;101026;1.0;6.52;88;81.8;0.3807;67;0;67;21
2016;75;20;40;45;35;0.50;100000;101002;1.0;2.75;97;94.2;0.5773;112;15;82;0
2016;76;20;40;75;100;0.50;100000;100993;1.0;2.20;51;153.6;0.4412;45;0;45;6
2016;77;20;40;50;15;0.50;100000;100985;1.0;4.14;115;104.0;0.7870;181;66;49;0
2016;78;20;40;80;65;0.50;100000;100954;1.0;2.74;70;157.0;0.5643;79;9;61;0
2016;79;20;40;75;45;0.50;100000;100937;0.9;3.69;87;148.2;0.6379;111;24;63;0
2016;80;20;40;25;35;0.50;100000;100827;0.8;5.54;117;46.2;0.4316;101;0;101;16
2016;81;20;40;95;30;0.50;100000;100824;0.8;4.49;86;164.6;0.7733;133;47;39;0
2016;82;20;40;100;90;0.50;100000;100823;0.8;1.57;52;167.2;0.5385;56;4;48;0
2016;83;20;40;65;10;0.50;100000;100714;0.7;2.13;106;96.6;0.8821;187;81;25;0
2016;84;20;40;35;55;0.50;100000;100690;0.7;4.30;95;57.0;0.4000;76;0;76;19
2016;85;20;40;65;100;0.50;100000;100685;0.7;3.23;52;97.2;0.4038;42;0;42;10
2016;86;20;40;90;75;0.50;100000;100653;0.7;2.92;63;121.8;0.5556;70;7;56;0
2016;87;20;40;90;60;0.50;100000;100641;0.6;2.78;63;121.8;0.6111;77;14;49;0
2016;88;20;40;85;40;0.50;100000;100636;0.6;5.25;81;116.6;0.6914;112;31;50;0
2016;89;20;40;65;50;0.50;100000;100610;0.6;2.75;86;84.6;0.5756;99;13;73;0
2016;90;20;40;55;90;0.50;100000;100593;0.6;4.09;67;76.2;0.3881;52;0;52;15
2016;91;20;40;55;15;0.50;100000;100548;0.5;3.07;110;66.0;0.8000;176;66;44;0
2016;92;20;40;70;45;0.50;100000;100539;0.5;2.66;84;82.4;0.6190;104;20;64;0
2016;93;20;40;70;65;0.50;100000;100504;0.5;1.59;73;72.8;0.5274;77;4;69;0
2016;94;20;40;75;15;0.50;100000;100429;0.4;2.14;100;70.0;0.8450;169;69;31;0
2016;95;20;40;25;45;0.50;100000;100401;0.4;4.87;107;30.2;0.3692;79;0;79;28
2016;96;20;40;75;95;0.50;100000;100358;0.4;4.15;58;58.8;0.4483;52;0;52;6
2016;97;20;40;75;35;0.50;100000;100326;0.3;4.58;81;56.6;0.6914;112;31;50;0
2016;98;20;40;35;65;0.50;100000;100255;0.3;5.13;92;31.2;0.3587;66;0;66;26
2016;99;20;40;85;90;0.50;100000;100215;0.2;1.51;59;37.4;0.4915;58;0;58;1
2016;100;20;40;20;15;0.50;100000;100214;0.2;3.78;124;11.4;0.5927;147;23;101;0
2016;101;20;40;30;35;0.50;100000;100187;0.2;2.54;112;13.2;0.4732;106;0;106;6
2016;102;20;40;20;40;0.35;100000;100146;0.1;3.30;117;16.2;0.3462;81;0;81;36
2016;103;20;40;85;50;0.50;100000;100141;0.1;3.45;77;32.2;0.6364;98;21;56;0
2016;104;20;40;55;75;0.50;100000;100127;0.1;4.48;71;20.6;0.4296;61;0;61;10
2016;105;20;40;90;70;0.50;100000;100123;0.1;2.85;66;27.6;0.5682;75;9;57;0
2016;106;20;40;40;45;0.50;100000;100093;0.1;3.12;97;9.2;0.4794;93;0;93;4
2016;107;20;40;45;10;0.50;100000;100092;0.1;3.78;116;12.6;0.8319;193;77;39;0
2016;108;20;40;85;75;0.50;100000;100058;0.1;2.55;69;13.4;0.5362;74;5;64;0
2016;109;20;40;90;80;0.50;100000;100025;0.0;2.38;59;7.4;0.5339;63;4;55;0
2016;110;20;40;50;100;0.15;100000;100013;0.0;1.66;65;9.0;0.3385;44;0;44;21
2016;111;20;40;60;15;0.15;100000;100003;0.0;1.29;105;3.0;0.8095;170;65;40;0
2016;112;20;40;20;45;0.05;100000;100001;0.0;0.75;113;1.8;0.3186;72;0;72;41
2016;113;20;40;75;70;0.05;100000;100000;-0.0;0.14;68;-0.2;0.5221;71;3;65;0
2016;114;20;40;85;25;0.05;100000;99999;-0.0;0.36;86;-0.4;0.7791;134;48;38;0
2016;115;20;40;60;20;0.05;100000;99989;-0.0;0.51;95;-13.0;0.7579;144;49;46;0
2016;116;20;40;85;100;0.05;100000;99988;-0.0;0.18;53;-19.2;0.4623;49;0;49;4
2016;117;20;40;65;90;0.05;100000;99987;-0.0;0.30;65;-16.0;0.4231;55;0;55;10
2016;118;20;40;100;45;0.05;100000;99987;-0.0;0.34;75;-25.0;0.6933;104;29;46;0
2016;119;20;40;30;60;0.05;100000;99985;-0.0;0.74;91;-7.4;0.3407;62;0;62;29
2016;120;20;40;15;40;0.05;100000;99980;-0.0;0.94;114;-4.6;0.2851;65;0;65;49
2016;121;20;40;55;45;0.05;100000;99976;-0.0;0.37;90;-26.0;0.5556;100;10;80;0
2016;122;20;40;95;25;0.05;100000;99975;-0.0;0.33;83;-46.2;0.7952;132;49;34;0
2016;123;20;40;100;100;0.05;100000;99966;-0.0;0.03;49;-68.6;0.5000;49;0;49;0
2016;124;20;40;100;70;0.05;100000;99964;-0.0;0.30;51;-71.4;0.5882;60;9;42;0
2016;125;20;40;95;95;0.05;100000;99959;-0.0;0.04;55;-77.0;0.5000;55;0;55;0
2016;126;20;40;90;20;0.05;100000;99956;-0.0;0.34;92;-78.8;0.8207;151;59;33;0
2016;127;20;40;40;10;0.05;100000;99955;-0.0;0.34;111;-35.4;0.8108;180;69;42;0
2016;128;20;40;90;90;0.05;100000;99954;-0.0;0.05;59;-82.6;0.5000;59;0;59;0
2016;129;20;40;80;25;0.05;100000;99952;-0.0;0.27;87;-76.8;0.7644;133;46;41;0
2016;130;20;40;65;60;0.05;100000;99951;-0.0;0.24;88;-63.2;0.5227;92;4;84;0
2016;131;20;40;80;85;0.05;100000;99951;-0.0;0.25;70;-78.0;0.4857;68;0;68;2
2016;132;20;40;60;25;0.05;100000;99951;-0.0;0.35;95;-58.0;0.7105;135;40;55;0
2016;133;20;40;40;50;0.05;100000;99949;-0.1;0.48;100;-40.0;0.4500;90;0;90;10
2016;134;20;40;70;10;0.05;100000;99949;-0.1;0.27;108;-71.2;0.8796;190;82;26;0
2016;135;20;40;70;100;0.05;100000;99948;-0.1;0.27;51;-71.4;0.4118;42;0;42;9
2016;136;20;40;75;60;0.05;100000;99943;-0.1;0.27;71;-84.4;0.5563;79;8;63;0
2016;137;20;40;80;80;0.05;100000;99943;-0.1;0.06;65;-91.0;0.5000;65;0;65;0
2016;138;20;40;75;10;0.05;100000;99942;-0.1;0.21;105;-87.0;0.8857;186;81;24;0
2016;139;20;40;90;25;0.05;100000;99941;-0.1;0.37;83;-106.2;0.7831;130;47;36;0
2016;140;20;40;60;55;0.05;100000;99941;-0.1;0.18;83;-71.2;0.5241;87;4;79;0
2016;141;20;40;85;85;0.05;100000;99940;-0.1;0.06;73;-102.2;0.5000;73;0;73;0
2016;142;20;40;50;35;0.05;100000;99939;-0.1;0.41;97;-60.8;0.5928;115;18;79;0
2016;143;20;40;75;75;0.05;100000;99936;-0.1;0.06;69;-96.6;0.5000;69;0;69;0
2016;144;20;40;100;85;0.05;100000;99935;-0.1;0.24;53;-129.2;0.5377;57;4;49;0
2016;145;20;40;75;65;0.05;100000;99934;-0.1;0.23;70;-98.0;0.5357;75;5;65;0
2016;146;20;40;60;80;0.05;100000;99933;-0.1;0.38;71;-79.4;0.4296;61;0;61;10
2016;147;20;40;85;80;0.05;100000;99931;-0.1;0.27;70;-118.0;0.5143;72;2;68;0
2016;148;20;40;70;70;0.05;100000;99927;-0.1;0.07;73;-102.2;0.5000;73;0;73;0
2016;149;20;40;80;60;0.05;100000;99925;-0.1;0.34;71;-119.4;0.5704;81;10;61;0
2016;150;20;40;65;75;0.05;100000;99924;-0.1;0.30;70;-98.0;0.4643;65;0;65;5
2016;151;20;40;90;40;0.05;100000;99924;-0.1;0.52;76;-136.4;0.6908;105;29;47;0
2016;152;20;40;70;60;0.05;100000;99922;-0.1;0.21;78;-109.2;0.5385;84;6;72;0
2016;153;20;40;40;30;0.05;100000;99921;-0.1;0.44;116;-62.4;0.5776;134;18;98;0
2016;154;20;40;65;55;0.05;100000;99918;-0.1;0.21;83;-106.2;0.5422;90;7;76;0
2016;155;20;40;50;75;0.05;100000;99918;-0.1;0.74;76;-81.4;0.4013;61;0;61;15
2016;156;20;40;80;10;0.05;100000;99917;-0.1;0.22;109;-132.6;0.8899;194;85;24;0
2016;157;20;40;25;20;0.05;100000;99917;-0.1;0.41;126;-41.4;0.5675;143;17;109;0
2016;158;20;40;75;50;0.05;100000;99912;-0.1;0.42;76;-131.4;0.5987;91;15;61;0
2016;159;20;40;25;30;0.05;100000;99910;-0.1;0.41;125;-45.0;0.4640;116;0;116;9
2016;160;20;40;60;70;0.05;100000;99909;-0.1;0.36;78;-109.2;0.4615;72;0;72;6
2016;161;20;40;90;65;0.05;100000;99908;-0.1;0.33;65;-166.0;0.5769;75;10;55;0
2016;162;20;40;60;75;0.05;100000;99904;-0.1;0.43;71;-114.4;0.4437;63;0;63;8
2016;163;20;40;65;65;0.05;100000;99904;-0.1;0.10;89;-124.6;0.5000;89;0;89;0
2016;164;20;40;100;50;0.05;100000;99904;-0.1;0.35;65;-191.0;0.6615;86;21;44;0
2016;165;20;40;40;90;0.05;100000;99902;-0.1;1.23;76;-76.4;0.3092;47;0;47;29
2016;166;20;40;60;60;0.05;100000;99902;-0.1;0.10;84;-117.6;0.5000;84;0;84;0
2016;167;20;40;50;55;0.05;100000;99900;-0.1;0.33;89;-99.6;0.4775;85;0;85;4
2016;168;20;40;45;15;0.05;100000;99898;-0.1;0.43;108;-91.2;0.7546;163;55;53;0
2016;169;20;40;80;20;0.05;100000;99892;-0.1;0.38;94;-171.6;0.7979;150;56;38;0
2016;170;20;40;80;90;0.05;100000;99892;-0.1;0.25;59;-172.6;0.4661;55;0;55;4
2016;171;20;40;50;20;0.05;100000;99888;-0.1;0.44;115;-111.0;0.7174;165;50;65;0
2016;172;20;40;90;85;0.05;100000;99887;-0.1;0.24;59;-202.6;0.5085;60;1;58;0
2016;173;20;40;55;55;0.05;100000;99887;-0.1;0.11;89;-124.6;0.5000;89;0;89;0
2016;174;20;40;100;30;0.05;100000;99886;-0.1;0.43;76;-226.4;0.7632;116;40;36;0
2016;175;20;40;55;65;0.05;100000;99885;-0.1;0.37;83;-126.2;0.4578;76;0;76;7
2016;176;20;40;95;75;0.05;100000;99883;-0.1;0.35;58;-221.2;0.5517;64;6;52;0
2016;177;20;40;100;20;0.05;100000;99881;-0.1;0.29;84;-237.6;0.8274;139;55;29;0
2016;178;20;40;100;65;0.05;100000;99878;-0.1;0.40;52;-242.8;0.5962;62;10;42;0
2016;179;20;40;85;10;0.05;100000;99875;-0.1;0.23;101;-211.4;0.8911;180;79;22;0
2016;180;20;40;40;35;0.05;100000;99870;-0.1;0.35;110;-104.0;0.5364;118;8;102;0
2016;181;20;40;70;75;0.05;100000;99864;-0.1;0.27;68;-190.2;0.4779;65;0;65;3
2016;182;20;40;55;50;0.05;100000;99864;-0.1;0.40;89;-149.6;0.5225;93;4;85;0
2016;183;20;40;75;85;0.05;100000;99862;-0.1;0.31;69;-206.6;0.4638;64;0;64;5
2016;184;20;40;75;55;0.05;100000;99854;-0.1;0.33;71;-219.4;0.5704;81;10;61;0
2016;185;20;40;55;60;0.05;100000;99853;-0.1;0.32;83;-161.2;0.4759;79;0;79;4
2016;186;20;40;90;55;0.05;100000;99853;-0.1;0.35;67;-263.8;0.6119;82;15;52;0
2016;187;20;40;50;50;0.05;100000;99853;-0.1;0.15;105;-147.0;0.5000;105;0;105;0
2016;188;20;40;100;75;0.05;100000;99852;-0.1;0.27;51;-296.4;0.5588;57;6;45;0
2016;189;20;40;45;45;0.05;100000;99851;-0.1;0.15;96;-134.4;0.5000;96;0;96;0
2016;190;20;40;55;10;0.05;100000;99851;-0.1;0.31;110;-164.0;0.8455;186;76;34;0
2016;191;20;40;70;90;0.05;100000;99848;-0.2;0.27;66;-212.4;0.4318;57;0;57;9
2016;192;20;40;60;65;0.05;100000;99847;-0.2;0.30;88;-183.2;0.4773;84;0;84;4
2016;193;20;40;100;25;0.05;100000;99843;-0.2;0.33;81;-313.4;0.7901;128;47;34;0
2016;194;20;40;95;40;0.05;100000;99834;-0.2;0.51;75;-315.0;0.6933;104;29;46;0
2016;195;20;40;95;35;0.05;100000;99830;-0.2;0.42;73;-322.2;0.7192;105;32;41;0
2016;196;20;40;90;100;0.05;100000;99826;-0.2;0.24;52;-312.8;0.4615;48;0;48;4
2016;197;20;40;45;30;0.05;100000;99826;-0.2;0.56;101;-156.4;0.5990;121;20;81;0
2016;198;20;40;100;10;0.05;100000;99821;-0.2;0.22;99;-358.6;0.8990;178;79;20;0
2016;199;20;40;90;45;0.05;100000;99817;-0.2;0.50;74;-328.6;0.6554;97;23;51;0
2016;200;20;40;40;40;0.05;100000;99816;-0.2;0.18;105;-147.0;0.5000;105;0;105;0
2016;201;20;40;95;90;0.05;100000;99815;-0.2;0.23;55;-352.0;0.5000;55;0;55;0
2016;202;20;40;95;50;0.05;100000;99814;-0.2;0.43;67;-353.8;0.6418;86;19;48;0
2016;203;20;40;20;10;0.05;100000;99812;-0.2;0.40;125;-75.0;0.6800;170;45;80;0
2016;204;20;40;95;15;0.05;100000;99811;-0.2;0.37;99;-358.6;0.8535;169;70;29;0
2016;205;20;40;70;20;0.05;100000;99809;-0.2;0.35;98;-267.2;0.7704;151;53;45;0
2016;206;20;40;75;90;0.05;100000;99801;-0.2;0.37;63;-298.2;0.4444;56;0;56;7
2016;207;20;40;60;30;0.05;100000;99793;-0.2;0.57;91;-247.4;0.6593;120;29;62;0
2016;208;20;40;100;80;0.05;100000;99793;-0.2;0.35;53;-414.2;0.5377;57;4;49;0
2016;209;20;40;45;100;0.05;100000;99792;-0.2;0.67;75;-185.0;0.3067;46;0;46;29
2016;210;20;40;30;45;0.05;100000;99788;-0.2;0.57;101;-126.4;0.4010;81;0;81;20
2016;211;20;40;65;70;0.05;100000;99787;-0.2;0.36;73;-277.2;0.4726;69;0;69;4
2016;212;20;40;95;100;0.05;100000;99785;-0.2;0.24;49;-408.6;0.4694;46;0;46;3
2016;213;20;40;60;10;0.05;100000;99783;-0.2;0.41;114;-259.6;0.8509;194;80;34;0
2016;214;20;40;75;30;0.05;100000;99781;-0.2;0.55;84;-327.6;0.7024;118;34;50;0
2016;215;20;40;35;35;0.05;100000;99780;-0.2;0.22;110;-154.0;0.5000;110;0;110;0
2016;216;20;40;100;60;0.05;100000;99780;-0.2;0.41;57;-439.8;0.6053;69;12;45;0
2016;217;20;40;85;35;0.05;100000;99779;-0.2;0.39;75;-375.0;0.6933;104;29;46;0
2016;218;20;40;65;35;0.05;100000;99778;-0.2;0.57;92;-288.8;0.6413;118;26;66;0
2016;219;20;40;75;40;0.05;100000;99773;-0.2;0.55;82;-339.8;0.6402;105;23;59;0
2016;220;20;40;95;20;0.05;100000;99770;-0.2;0.35;90;-436.0;0.8111;146;56;34;0
2016;221;20;40;95;45;0.05;100000;99766;-0.2;0.38;74;-443.6;0.6622;98;24;50;0
2016;222;20;40;50;40;0.05;100000;99760;-0.2;0.48;100;-240.0;0.5500;110;10;90;0
2016;223;20;40;50;85;0.05;100000;99751;-0.2;0.52;77;-247.8;0.3636;56;0;56;21
2016;224;20;40;60;90;0.05;100000;99751;-0.2;0.52;63;-298.2;0.3889;49;0;49;14
2016;225;20;40;15;35;0.05;100000;99750;-0.2;1.20;117;-73.8;0.3077;72;0;72;45
2016;226;20;40;35;10;0.05;100000;99750;-0.2;0.34;114;-174.6;0.7763;177;63;51;0
2016;227;20;40;45;55;0.05;100000;99749;-0.3;0.38;90;-226.0;0.4444;80;0;80;10
2016;228;20;40;95;60;0.05;100000;99748;-0.3;0.38;60;-479.0;0.5917;71;11;49;0
2016;229;20;40;95;55;0.05;100000;99746;-0.3;0.32;66;-482.4;0.6136;81;15;51;0
2016;230;20;40;100;55;0.05;100000;99739;-0.3;0.41;58;-521.2;0.6207;72;14;44;0
2016;231;20;40;70;50;0.05;100000;99735;-0.3;0.33;79;-370.6;0.5696;90;11;68;0
2016;232;20;40;70;25;0.05;100000;99733;-0.3;0.45;92;-373.8;0.7228;133;41;51;0
2016;233;20;40;85;70;0.05;100000;99733;-0.3;0.42;75;-455.0;0.5333;80;5;70;0
2016;234;20;40;65;80;0.05;100000;99728;-0.3;0.43;70;-353.0;0.4357;61;0;61;9
2016;235;20;40;60;35;0.05;100000;99726;-0.3;0.65;88;-328.2;0.6193;109;21;67;0
2016;236;20;40;90;10;0.05;100000;99721;-0.3;0.32;102;-502.8;0.8824;180;78;24;0
2016;237;20;40;75;25;0.05;100000;99716;-0.3;0.49;90;-426.0;0.7333;132;42;48;0
2016;238;20;40;20;35;0.05;100000;99712;-0.3;1.06;121;-114.4;0.3678;89;0;89;32
2016;239;20;40;30;30;0.05;100000;99711;-0.3;0.29;124;-173.6;0.5000;124;0;124;0
2016;240;20;40;35;40;0.05;100000;99709;-0.3;0.40;110;-204.0;0.4636;102;0;102;8
2016;241;20;40;55;35;0.05;100000;99706;-0.3;0.53;95;-323.0;0.6000;114;19;76;0
2016;242;20;40;95;80;0.05;100000;99701;-0.3;0.36;56;-568.4;0.5179;58;2;54;0
2016;243;20;40;35;50;0.05;100000;99698;-0.3;0.70;97;-210.8;0.4072;79;0;79;18
2016;244;20;40;100;40;0.05;100000;99697;-0.3;0.47;76;-606.4;0.6908;105;29;47;0
2016;245;20;40;70;80;0.05;100000;99692;-0.3;0.50;72;-430.8;0.4514;65;0;65;7
2016;246;20;40;45;40;0.05;100000;99688;-0.3;0.39;97;-280.8;0.5206;101;4;93;0
2016;247;20;40;95;70;0.05;100000;99688;-0.3;0.36;60;-594.0;0.5500;66;6;54;0
2016;248;20;40;90;50;0.05;100000;99681;-0.3;0.46;68;-575.2;0.6176;84;16;52;0
2016;249;20;40;55;40;0.05;100000;99680;-0.3;0.46;91;-352.4;0.5659;103;12;79;0
2016;250;20;40;35;20;0.05;100000;99679;-0.3;0.62;121;-224.4;0.6322;153;32;89;0
2016;251;20;40;100;15;0.05;100000;99677;-0.3;0.44;94;-646.6;0.8457;159;65;29;0
2016;252;20;40;50;65;0.05;100000;99674;-0.3;0.42;86;-325.4;0.4244;73;0;73;13
2016;253;20;40;95;85;0.05;100000;99671;-0.3;0.37;55;-627.0;0.5000;55;0;55;0
2016;254;20;40;60;40;0.05;100000;99669;-0.3;0.48;84;-397.6;0.5833;98;14;70;0
2016;255;20;40;55;20;0.05;100000;99664;-0.3;0.49;107;-369.8;0.7196;154;47;60;0
2016;256;20;40;95;65;0.05;100000;99648;-0.4;0.44;57;-669.8;0.5614;64;7;50;0
2016;257;20;40;25;25;0.05;100000;99648;-0.4;0.35;126;-176.4;0.5000;126;0;126;0
2016;258;20;40;45;70;0.05;100000;99646;-0.4;0.74;84;-317.6;0.3810;64;0;64;20
2016;259;20;40;45;20;0.05;100000;99646;-0.4;0.52;113;-318.2;0.6814;154;41;72;0
2016;260;20;40;75;80;0.05;100000;99642;-0.4;0.46;66;-537.4;0.4621;61;0;61;5
2016;261;20;40;35;15;0.05;100000;99637;-0.4;0.63;117;-253.8;0.6923;162;45;72;0
2016;262;20;40;45;25;0.05;100000;99634;-0.4;0.56;107;-329.8;0.6308;135;28;79;0
2016;263;20;40;85;55;0.05;100000;99630;-0.4;0.59;78;-629.2;0.5833;91;13;65;0
2016;264;20;40;50;30;0.05;100000;99626;-0.4;0.64;96;-374.4;0.6094;117;21;75;0
2016;265;20;40;85;20;0.05;100000;99625;-0.4;0.46;95;-638.0;0.7842;149;54;41;0
2016;266;20;40;55;30;0.05;100000;99623;-0.4;0.71;93;-415.2;0.6290;117;24;69;0
2016;267;20;40;40;15;0.05;100000;99607;-0.4;0.59;114;-314.6;0.7149;163;49;65;0
2016;268;20;40;65;30;0.05;100000;99606;-0.4;0.62;95;-513.0;0.6632;126;31;64;0
2016;269;20;40;85;60;0.05;100000;99603;-0.4;0.50;75;-675.0;0.5600;84;9;66;0
2016;270;20;40;35;75;0.05;100000;99594;-0.4;1.20;81;-283.4;0.3086;50;0;50;31
2016;271;20;40;25;60;0.05;100000;99582;-0.4;1.11;95;-208.0;0.2895;55;0;55;40
2016;272;20;40;50;60;0.05;100000;99580;-0.4;0.52;79;-420.6;0.4367;69;0;69;10
2016;273;20;40;65;25;0.05;100000;99579;-0.4;0.67;98;-547.2;0.6990;137;39;59;0
2016;274;20;40;40;20;0.05;100000;99570;-0.4;0.67;117;-343.8;0.6538;153;36;81;0
2016;275;20;40;40;85;0.05;100000;99569;-0.4;1.24;81;-343.4;0.3086;50;0;50;31
2016;276;20;40;45;75;0.05;100000;99564;-0.4;1.01;87;-391.8;0.3621;63;0;63;24
2016;277;20;40;20;20;0.05;100000;99563;-0.4;0.44;125;-175.0;0.5000;125;0;125;0
2016;278;20;40;30;40;0.05;100000;99563;-0.4;0.58;116;-262.4;0.4224;98;0;98;18
2016;279;20;40;90;30;0.05;100000;99542;-0.5;0.57;76;-826.4;0.7105;108;32;44;0
2016;280;20;40;55;80;0.05;100000;99538;-0.5;0.77;70;-508.0;0.3857;54;0;54;16
2016;281;20;40;35;30;0.05;100000;99534;-0.5;0.58;112;-326.8;0.5268;118;6;106;0
2016;282;20;40;95;10;0.05;100000;99517;-0.5;0.50;103;-919.2;0.8689;179;76;27;0
2016;283;20;40;15;10;0.05;100000;99501;-0.5;0.56;125;-150.0;0.6040;151;26;99;0
2016;284;20;40;85;65;0.05;100000;99498;-0.5;0.63;75;-855.0;0.5333;80;5;70;0
2016;285;20;40;40;70;0.05;100000;99494;-0.5;1.10;82;-404.8;0.3476;57;0;57;25
2016;286;20;40;30;25;0.05;100000;99493;-0.5;0.58;125;-305.0;0.5360;134;9;116;0
2016;287;20;40;35;45;0.05;100000;99478;-0.5;0.80;97;-365.8;0.4227;82;0;82;15
2016;288;20;40;20;50;0.05;100000;99470;-0.5;1.28;115;-211.0;0.2826;65;0;65;50
2016;289;20;40;35;25;0.05;100000;99467;-0.5;0.72;117;-373.8;0.5684;133;16;101;0
2016;290;20;40;45;85;0.05;100000;99456;-0.5;1.04;85;-489.0;0.3294;56;0;56;29
2016;291;20;40;55;25;0.05;100000;99455;-0.5;0.61;93;-600.2;0.6559;122;29;64;0
2016;292;20;40;40;25;0.05;100000;99451;-0.5;0.78;118;-440.2;0.5975;141;23;95;0
2016;293;20;40;90;35;0.05;100000;99450;-0.6;0.61;73;-992.2;0.6712;98;25;48;0
2016;294;20;40;45;60;0.05;100000;99434;-0.6;0.70;86;-510.4;0.4070;70;0;70;16
2016;295;20;40;50;45;0.05;100000;99425;-0.6;0.62;105;-577.0;0.5048;106;1;104;0
2016;296;20;40;15;15;0.05;100000;99418;-0.6;0.58;125;-175.0;0.5000;125;0;125;0
2016;297;20;40;35;80;0.05;100000;99396;-0.6;1.05;80;-422.0;0.2875;46;0;46;34
2016;298;20;40;35;70;0.05;100000;99388;-0.6;1.19;81;-428.4;0.3148;51;0;51;30
2016;299;20;40;55;70;0.05;100000;99387;-0.6;0.99;79;-675.6;0.4114;65;0;65;14
2016;300;20;40;20;60;0.05;100000;99365;-0.6;1.92;95;-253.0;0.2421;46;0;46;49
2016;301;20;40;40;65;0.05;100000;99345;-0.7;0.87;89;-524.6;0.3596;64;0;64;25
2016;302;20;40;15;45;0.05;100000;99293;-0.7;1.52;108;-211.2;0.2454;53;0;53;55
2016;303;20;40;20;25;0.05;100000;99224;-0.8;1.01;126;-311.4;0.4325;109;0;109;17
2016;304;20;40;50;25;0.05;100000;99172;-0.8;0.96;111;-830.4;0.6261;139;28;83;0
2016;305;20;40;10;10;0.05;100000;99122;-0.9;0.88;126;-176.4;0.5000;126;0;126;0
2016;306;20;40;50;80;0.05;100000;99085;-0.9;1.08;77;-917.8;0.3442;53;0;53;24
2016;307;20;40;45;65;0.05;100000;99073;-0.9;1.13;91;-837.4;0.3736;68;0;68;23
2016;308;20;40;30;70;0.05;100000;99060;-0.9;1.38;89;-564.6;0.2753;49;0;49;40
2016;309;20;40;10;15;0.05;100000;99003;-1.0;1.34;125;-200.0;0.3960;99;0;99;26
2016;310;20;40;35;100;0.05;100000;98999;-1.0;1.61;76;-701.4;0.2303;35;0;35;41
2016;311;20;40;30;85;0.05;100000;98970;-1.0;1.52;85;-619.0;0.2353;40;0;40;45
2016;312;20;40;45;80;0.05;100000;98936;-1.1;1.24;83;-961.2;0.3193;53;0;53;30
2016;313;20;40;30;80;0.05;100000;98923;-1.1;1.17;84;-647.6;0.2440;41;0;41;43
2016;314;20;40;40;80;0.05;100000;98919;-1.1;1.44;77;-867.8;0.2922;45;0;45;32
2016;315;20;40;20;30;0.05;100000;98899;-1.1;1.51;123;-442.2;0.3780;93;0;93;30
2016;316;20;40;15;20;0.05;100000;98810;-1.2;1.38;124;-358.6;0.4073;101;0;101;23
2016;317;20;40;10;20;0.05;100000;98631;-1.4;1.76;125;-275.0;0.3200;80;0;80;45
2016;318;20;40;15;25;0.05;100000;98347;-1.7;1.98;128;-499.2;0.3438;88;0;88;40
2016;319;20;40;15;30;0.05;100000;98238;-1.8;2.26;123;-532.2;0.3008;74;0;74;49
2016;320;20;40;10;25;0.05;100000;97644;-2.4;2.67;122;-475.8;0.2500;61;0;61;61
2016;321;20;40;10;30;0.05;100000;97584;-2.4;3.21;120;-488.0;0.2167;52;0;52;68
2017;1;20;40;25;75;0.50;100000;116404;16.4;6.62;55;773.0;0.3273;36;0;36;19
2017;2;20;40;35;70;0.50;100000;110436;10.4;3.72;49;701.4;0.4082;40;0;40;9
2017;3;20;40;35;80;0.50;100000;110127;10.1;4.89;50;685.0;0.3700;37;0;37;13
2017;4;20;40;20;55;0.50;100000;107492;7.5;5.94;58;298.8;0.3103;36;0;36;22
2017;5;20;40;20;60;0.50;100000;106186;6.2;6.69;50;250.0;0.2900;29;0;29;21
2017;6;20;40;30;70;0.50;100000;106170;6.2;7.08;51;368.6;0.3431;35;0;35;16
2017;7;20;40;25;70;0.50;100000;105922;5.9;6.96;57;300.2;0.2982;34;0;34;23
2017;8;20;40;55;80;0.50;100000;105448;5.4;1.51;42;586.2;0.4643;39;0;39;3
2017;9;20;40;50;80;0.50;100000;105151;5.2;2.39;45;507.0;0.4333;39;0;39;6
2017;10;20;40;45;70;0.50;100000;104721;4.7;2.75;47;419.2;0.4362;41;0;41;6
2017;11;20;40;40;80;0.50;100000;104240;4.2;3.57;43;339.8;0.3721;32;0;32;11
2017;12;20;40;95;65;0.50;100000;104211;4.2;1.31;36;789.6;0.6667;48;12;24;0
2017;13;20;40;35;85;0.50;100000;104101;4.1;4.51;48;292.8;0.3229;31;0;31;17
2017;14;20;40;95;60;0.50;100000;103995;4.0;1.45;39;750.4;0.6795;53;14;25;0
2017;15;20;40;35;75;0.50;100000;103867;3.9;3.98;47;274.2;0.3511;33;0;33;14
2017;16;20;40;30;90;0.50;100000;103796;3.8;6.52;45;237.0;0.2778;25;0;25;20
2017;17;20;40;20;45;0.50;100000;103648;3.6;4.44;67;151.2;0.3358;45;0;45;22
2017;18;20;40;35;45;0.50;100000;103618;3.6;2.41;57;250.2;0.4737;54;0;54;3
2017;19;20;40;50;70;0.50;100000;103606;3.6;3.14;45;357.0;0.4556;41;0;41;4
2017;20;20;40;95;35;0.50;100000;103570;3.6;0.82;42;671.2;0.7976;67;25;17;0
2017;21;20;40;65;80;0.50;100000;103217;3.2;1.51;41;412.6;0.4878;40;0;40;1
2017;22;20;40;50;75;0.50;100000;103205;3.2;3.05;40;319.0;0.4375;35;0;35;5
2017;23;20;40;60;80;0.50;100000;103195;3.2;2.36;43;379.8;0.4651;40;0;40;3
2017;24;20;40;95;55;0.50;100000;103007;3.0;1.58;37;568.2;0.6892;51;14;23;0
2017;25;20;40;100;35;0.50;100000;102960;3.0;1.16;44;588.4;0.7955;70;26;18;0
2017;26;20;40;30;80;0.50;100000;102864;2.9;5.50;49;181.4;0.2959;29;0;29;20
2017;27;20;40;35;50;0.50;100000;102617;2.6;2.96;51;183.6;0.4412;45;0;45;6
2017;28;20;40;90;85;0.50;100000;102552;2.6;0.93;38;456.8;0.5526;42;4;34;0
2017;29;20;40;70;80;0.50;100000;102487;2.5;0.51;40;344.0;0.5000;40;0;40;0
2017;30;20;40;15;45;0.50;100000;102414;2.4;7.78;70;82.0;0.2714;38;0;38;32
2017;31;20;40;95;50;0.50;100000;102414;2.4;1.95;37;458.2;0.7027;52;15;22;0
2017;32;20;40;40;65;0.50;100000;102310;2.3;2.52;48;187.8;0.4062;39;0;39;9
2017;33;20;40;25;55;0.50;100000;102281;2.3;4.98;63;121.8;0.3333;42;0;42;21
2017;34;20;40;70;90;0.50;100000;102155;2.2;1.86;42;301.2;0.4643;39;0;39;3
2017;35;20;40;50;65;0.50;100000;102060;2.1;2.38;49;206.4;0.4592;45;0;45;4
2017;36;20;40;55;75;0.50;100000;102031;2.0;2.18;40;224.0;0.4500;36;0;36;4
2017;37;20;40;25;20;0.50;100000;101946;1.9;1.78;62;98.2;0.5887;73;11;51;0
2017;38;20;40;100;25;0.50;100000;101942;1.9;1.34;44;388.4;0.8409;74;30;14;0
2017;39;20;40;100;40;0.50;100000;101936;1.9;1.77;37;388.2;0.7568;56;19;18;0
2017;40;20;40;40;20;0.50;100000;101928;1.9;3.55;60;156.0;0.7000;84;24;36;0
2017;41;20;40;100;75;0.50;100000;101897;1.9;1.47;32;380.2;0.6094;39;7;25;0
2017;42;20;40;55;65;0.50;100000;101889;1.9;2.36;52;207.2;0.4808;50;0;50;2
2017;43;20;40;95;80;0.50;100000;101842;1.8;1.19;32;350.2;0.5781;37;5;27;0
2017;44;20;40;95;85;0.50;100000;101809;1.8;1.51;33;343.8;0.5606;37;4;29;0
2017;45;20;40;50;60;0.50;100000;101759;1.8;1.67;46;175.6;0.4783;44;0;44;2
2017;46;20;40;65;75;0.50;100000;101710;1.7;1.51;42;221.2;0.4881;41;0;41;1
2017;47;20;40;95;45;0.50;100000;101693;1.7;1.84;40;324.0;0.7125;57;17;23;0
2017;48;20;40;10;20;0.50;100000;101675;1.7;4.93;67;36.2;0.3657;49;0;49;18
2017;49;20;40;100;30;0.50;100000;101605;1.6;1.31;41;322.6;0.8049;66;25;16;0
2017;50;20;40;60;65;0.50;100000;101542;1.5;0.51;51;183.6;0.5000;51;0;51;0
2017;51;20;40;95;75;0.50;100000;101531;1.5;1.52;34;292.4;0.5882;40;6;28;0
2017;52;20;40;30;75;0.50;100000;101464;1.5;5.68;48;97.8;0.3021;29;0;29;19
2017;53;20;40;20;50;0.50;100000;101401;1.4;5.51;61;64.6;0.3033;37;0;37;24
2017;54;20;40;60;75;0.50;100000;101376;1.4;1.51;42;166.2;0.4643;39;0;39;3
2017;55;20;40;95;70;0.50;100000;101343;1.3;1.98;34;257.4;0.6029;41;7;27;0
2017;56;20;40;100;50;0.50;100000;101254;1.3;2.03;33;253.8;0.6970;46;13;20;0
2017;57;20;40;85;45;0.50;100000;101254;1.3;2.57;45;217.0;0.6778;61;16;29;0
2017;58;20;40;40;10;0.50;100000;101252;1.3;2.17;70;102.0;0.8286;116;46;24;0
2017;59;20;40;55;70;0.50;100000;101249;1.2;2.27;47;139.2;0.4574;43;0;43;4
2017;60;20;40;55;90;0.50;100000;101216;1.2;2.51;43;139.8;0.3953;34;0;34;9
2017;61;20;40;40;50;0.50;100000;101181;1.2;2.42;53;95.8;0.4623;49;0;49;4
2017;62;20;40;35;60;0.50;100000;101167;1.2;6.20;52;87.2;0.3846;40;0;40;12
2017;63;20;40;35;55;0.50;100000;101165;1.2;3.96;53;85.8;0.4057;43;0;43;10
2017;64;20;40;90;65;0.50;100000;101152;1.2;2.28;39;210.4;0.6026;47;8;31;0
2017;65;20;40;40;75;0.50;100000;101146;1.1;3.69;44;98.4;0.3636;32;0;32;12
2017;66;20;40;30;65;0.50;100000;101125;1.1;8.48;56;76.6;0.3304;37;0;37;19
2017;67;20;40;40;60;0.50;100000;101114;1.1;3.83;48;92.8;0.4167;40;0;40;8
2017;68;20;40;65;85;0.50;100000;101089;1.1;2.68;40;144.0;0.4500;36;0;36;4
2017;69;20;40;70;75;0.50;100000;101060;1.1;0.51;41;147.6;0.5000;41;0;41;0
2017;70;20;40;45;50;0.50;100000;101024;1.0;1.52;52;92.2;0.4904;51;0;51;1
2017;71;20;40;95;40;0.50;100000;101011;1.0;1.92;42;196.2;0.7262;61;19;23;0
2017;72;20;40;75;80;0.50;100000;100965;1.0;0.50;40;144.0;0.5000;40;0;40;0
2017;73;20;40;55;100;0.50;100000;100960;1.0;2.73;31;111.6;0.3710;23;0;23;8
2017;74;20;40;100;65;0.50;100000;100942;0.9;2.03;31;191.6;0.6290;39;8;23;0
2017;75;20;40;25;15;0.50;100000;100912;0.9;3.86;66;47.6;0.6515;86;20;46;0
2017;76;20;40;45;55;0.50;100000;100887;0.9;2.27;56;81.6;0.4643;52;0;52;4
2017;77;20;40;95;90;0.50;100000;100830;0.8;1.20;33;158.8;0.5303;35;2;31;0
2017;78;20;40;50;55;0.50;100000;100784;0.8;1.52;51;78.6;0.4902;50;0;50;1
2017;79;20;40;70;85;0.50;100000;100744;0.7;1.98;42;106.2;0.4643;39;0;39;3
2017;80;20;40;85;40;0.50;100000;100652;0.7;3.14;46;115.6;0.6957;64;18;28;0
2017;81;20;40;65;25;0.50;100000;100562;0.6;4.08;59;77.4;0.7373;87;28;31;0
2017;82;20;40;55;60;0.50;100000;100489;0.5;1.51;47;54.2;0.4894;46;0;46;1
2017;83;20;40;85;25;0.50;100000;100472;0.5;3.09;47;84.2;0.7872;74;27;20;0
2017;84;20;40;90;50;0.50;100000;100425;0.4;3.02;42;81.2;0.6548;55;13;29;0
2017;85;20;40;75;90;0.50;100000;100401;0.4;2.15;41;62.6;0.4634;38;0;38;3
2017;86;20;40;90;45;0.50;100000;100397;0.4;1.67;42;76.2;0.6786;57;15;27;0
2017;87;20;40;90;40;0.50;100000;100395;0.4;2.00;39;75.4;0.7051;55;16;23;0
2017;88;20;40;40;45;0.50;100000;100385;0.4;1.52;56;31.6;0.4821;54;0;54;2
2017;89;20;40;90;80;0.50;100000;100352;0.4;1.63;39;65.4;0.5385;42;3;36;0
2017;90;20;40;90;60;0.50;100000;100324;0.3;1.92;41;62.6;0.6098;50;9;32;0
2017;91;20;40;75;45;0.50;100000;100322;0.3;4.06;48;52.8;0.6354;61;13;35;0
2017;92;20;40;30;20;0.50;100000;100301;0.3;2.94;64;20.4;0.6172;79;15;49;0
2017;93;20;40;100;10;0.50;100000;100254;0.3;2.65;62;53.2;0.9194;114;52;10;0
2017;94;20;40;40;70;0.50;100000;100218;0.2;7.25;47;24.2;0.3723;35;0;35;12
2017;95;20;40;30;10;0.50;100000;100162;0.2;2.72;63;11.8;0.7698;97;34;29;0
2017;96;20;40;40;15;0.50;100000;100155;0.2;4.37;64;15.4;0.7422;95;31;33;0
2017;97;20;40;80;45;0.50;100000;100118;0.1;3.09;44;23.4;0.6477;57;13;31;0
2017;98;20;40;35;65;0.50;100000;100116;0.1;7.23;53;15.8;0.3585;38;0;38;15
2017;99;20;40;30;60;0.45;100000;100110;0.1;7.02;54;14.4;0.3426;37;0;37;17
2017;100;20;40;100;20;0.50;100000;100075;0.1;2.83;44;18.4;0.8409;74;30;14;0
2017;101;20;40;75;20;0.50;100000;100074;0.1;3.42;57;15.2;0.7982;91;34;23;0
2017;102;20;40;85;75;0.50;100000;100062;0.1;1.96;41;12.6;0.5366;44;3;38;0
2017;103;20;40;65;10;0.50;100000;100049;0.0;2.25;65;9.0;0.8769;114;49;16;0
2017;104;20;40;35;10;0.50;100000;100035;0.0;3.16;68;4.8;0.7941;108;40;28;0
2017;105;20;40;60;25;0.10;100000;100001;0.0;0.93;56;1.6;0.7143;80;24;32;0
2017;106;20;40;100;45;0.05;100000;100000;-0.0;0.23;36;-0.4;0.6944;50;14;22;0
2017;107;20;40;85;60;0.05;100000;99999;-0.0;0.19;44;-1.6;0.5909;52;8;36;0
2017;108;20;40;100;60;0.05;100000;99998;-0.0;0.23;31;-3.4;0.6290;39;8;23;0
2017;109;20;40;85;30;0.05;100000;99998;-0.0;0.27;49;-3.6;0.7449;73;24;25;0
2017;110;20;40;70;60;0.05;100000;99997;-0.0;0.30;46;-4.4;0.5435;50;4;42;0
2017;111;20;40;85;50;0.05;100000;99995;-0.0;0.22;41;-7.4;0.6341;52;11;30;0
2017;112;20;40;70;65;0.05;100000;99992;-0.0;0.21;44;-11.6;0.5227;46;2;42;0
2017;113;20;40;30;25;0.05;100000;99991;-0.0;0.34;61;-5.4;0.5574;68;7;54;0
2017;114;20;40;95;25;0.05;100000;99990;-0.0;0.28;49;-18.6;0.7959;78;29;20;0
2017;115;20;40;25;35;0.05;100000;99986;-0.0;0.32;69;-6.6;0.4275;59;0;59;10
2017;116;20;40;80;85;0.05;100000;99982;-0.0;0.15;38;-28.2;0.4868;37;0;37;1
2017;117;20;40;45;60;0.05;100000;99980;-0.0;0.43;45;-18.0;0.4333;39;0;39;6
2017;118;20;40;95;95;0.05;100000;99975;-0.0;0.03;34;-47.6;0.5000;34;0;34;0
2017;119;20;40;35;90;0.05;100000;99975;-0.0;0.48;44;-16.6;0.2841;25;0;25;19
2017;120;20;40;55;85;0.05;100000;99972;-0.0;0.29;43;-30.2;0.3953;34;0;34;9
2017;121;20;40;90;90;0.05;100000;99969;-0.0;0.03;40;-56.0;0.5000;40;0;40;0
2017;122;20;40;85;85;0.05;100000;99969;-0.0;0.03;38;-53.2;0.5000;38;0;38;0
2017;123;20;40;25;10;0.05;100000;99968;-0.0;0.28;65;-16.0;0.7308;95;30;35;0
2017;124;20;40;40;55;0.05;100000;99968;-0.0;0.24;54;-25.6;0.4259;46;0;46;8
2017;125;20;40;80;80;0.05;100000;99965;-0.0;0.03;40;-56.0;0.5000;40;0;40;0
2017;126;20;40;35;30;0.05;100000;99963;-0.0;0.28;65;-26.0;0.5462;71;6;59;0
2017;127;20;40;75;75;0.05;100000;99962;-0.0;0.04;41;-57.4;0.5000;41;0;41;0
2017;128;20;40;70;70;0.05;100000;99954;-0.0;0.05;46;-64.4;0.5000;46;0;46;0
2017;129;20;40;85;80;0.05;100000;99954;-0.0;0.19;38;-78.2;0.5132;39;1;37;0
2017;130;20;40;70;10;0.05;100000;99949;-0.1;0.35;65;-71.0;0.8769;114;49;16;0
2017;131;20;40;85;55;0.05;100000;99947;-0.1;0.21;43;-90.2;0.6047;52;9;34;0
2017;132;20;40;60;60;0.05;100000;99945;-0.1;0.05;47;-65.8;0.5000;47;0;47;0
2017;133;20;40;65;65;0.05;100000;99945;-0.1;0.05;51;-71.4;0.5000;51;0;51;0
2017;134;20;40;90;35;0.05;100000;99941;-0.1;0.20;44;-106.6;0.7159;63;19;25;0
2017;135;20;40;65;45;0.05;100000;99938;-0.1;0.29;50;-80.0;0.5900;59;9;41;0
2017;136;20;40;55;55;0.05;100000;99934;-0.1;0.07;52;-72.8;0.5000;52;0;52;0
2017;137;20;40;50;25;0.05;100000;99934;-0.1;0.46;65;-66.0;0.6692;87;22;43;0
2017;138;20;40;45;65;0.05;100000;99933;-0.1;0.39;50;-60.0;0.4100;41;0;41;9
2017;139;20;40;40;30;0.05;100000;99932;-0.1;0.36;60;-54.0;0.5750;69;9;51;0
2017;140;20;40;30;50;0.05;100000;99930;-0.1;0.57;58;-41.2;0.3793;44;0;44;14
2017;141;20;40;60;100;0.05;100000;99930;-0.1;0.29;31;-83.4;0.3710;23;0;23;8
2017;142;20;40;50;50;0.05;100000;99927;-0.1;0.07;52;-72.8;0.5000;52;0;52;0
2017;143;20;40;45;30;0.05;100000;99925;-0.1;0.38;59;-67.6;0.6017;71;12;47;0
2017;144;20;40;55;30;0.05;100000;99921;-0.1;0.29;58;-86.2;0.6466;75;17;41;0
2017;145;20;40;70;20;0.05;100000;99918;-0.1;0.43;53;-114.2;0.7736;82;29;24;0
2017;146;20;40;45;45;0.05;100000;99916;-0.1;0.08;54;-75.6;0.5000;54;0;54;0
2017;147;20;40;75;85;0.05;100000;99915;-0.1;0.27;41;-127.4;0.4634;38;0;38;3
2017;148;20;40;65;70;0.05;100000;99914;-0.1;0.16;44;-111.6;0.4773;42;0;42;2
2017;149;20;40;60;45;0.05;100000;99910;-0.1;0.32;45;-108.0;0.5667;51;6;39;0
2017;150;20;40;95;30;0.05;100000;99909;-0.1;0.25;44;-171.6;0.7500;66;22;22;0
2017;151;20;40;40;25;0.05;100000;99906;-0.1;0.38;64;-74.6;0.6172;79;15;49;0
2017;152;20;40;35;40;0.05;100000;99906;-0.1;0.36;65;-66.0;0.4692;61;0;61;4
2017;153;20;40;90;75;0.05;100000;99901;-0.1;0.23;41;-177.4;0.5366;44;3;38;0
2017;154;20;40;100;55;0.05;100000;99901;-0.1;0.32;31;-198.4;0.6290;39;8;23;0
2017;155;20;40;35;15;0.05;100000;99900;-0.1;0.60;71;-69.4;0.7042;100;29;42;0
2017;156;20;40;30;15;0.05;100000;99900;-0.1;0.48;64;-59.6;0.6719;86;22;42;0
2017;157;20;40;60;85;0.05;100000;99898;-0.1;0.29;44;-121.6;0.4091;36;0;36;8
2017;158;20;40;60;70;0.05;100000;99896;-0.1;0.25;46;-124.4;0.4565;42;0;42;4
2017;159;20;40;50;85;0.05;100000;99892;-0.1;0.43;41;-107.4;0.3659;30;0;30;11
2017;160;20;40;80;90;0.05;100000;99891;-0.1;0.23;39;-174.6;0.4615;36;0;36;3
2017;161;20;40;70;40;0.05;100000;99888;-0.1;0.48;47;-155.8;0.6277;59;12;35;0
2017;162;20;40;40;40;0.05;100000;99888;-0.1;0.11;64;-89.6;0.5000;64;0;64;0
2017;163;20;40;25;45;0.05;100000;99888;-0.1;0.61;61;-55.4;0.3607;44;0;44;17
2017;164;20;40;45;100;0.05;100000;99887;-0.1;0.54;36;-100.4;0.3056;22;0;22;14
2017;165;20;40;55;40;0.05;100000;99886;-0.1;0.27;54;-125.6;0.5741;62;8;46;0
2017;166;20;40;50;30;0.05;100000;99879;-0.1;0.41;58;-121.2;0.6207;72;14;44;0
2017;167;20;40;85;15;0.05;100000;99875;-0.1;0.40;59;-212.6;0.8390;99;40;19;0
2017;168;20;40;65;35;0.05;100000;99873;-0.1;0.47;53;-164.2;0.6415;68;15;38;0
2017;169;20;40;30;55;0.05;100000;99872;-0.1;0.53;58;-76.2;0.3534;41;0;41;17
2017;170;20;40;45;25;0.05;100000;99871;-0.1;0.43;61;-115.4;0.6393;78;17;44;0
2017;171;20;40;85;70;0.05;100000;99868;-0.1;0.26;42;-223.8;0.5357;45;3;39;0
2017;172;20;40;60;30;0.05;100000;99862;-0.1;0.49;54;-165.6;0.6574;71;17;37;0
2017;173;20;40;90;95;0.05;100000;99860;-0.1;0.24;33;-251.2;0.4697;31;0;31;2
2017;174;20;40;30;30;0.05;100000;99860;-0.1;0.14;60;-84.0;0.5000;60;0;60;0
2017;175;20;40;35;20;0.05;100000;99859;-0.1;0.53;63;-98.2;0.6349;80;17;46;0
2017;176;20;40;90;55;0.05;100000;99855;-0.1;0.30;43;-260.2;0.6047;52;9;34;0
2017;177;20;40;40;35;0.05;100000;99855;-0.1;0.34;65;-116.0;0.5308;69;4;61;0
2017;178;20;40;35;35;0.05;100000;99854;-0.1;0.15;73;-102.2;0.5000;73;0;73;0
2017;179;20;40;95;10;0.05;100000;99853;-0.1;0.41;64;-279.6;0.8906;114;50;14;0
2017;180;20;40;75;40;0.05;100000;99852;-0.1;0.36;44;-221.6;0.6364;56;12;32;0
2017;181;20;40;60;90;0.05;100000;99852;-0.1;0.41;41;-177.4;0.3902;32;0;32;9
2017;182;20;40;85;65;0.05;100000;99849;-0.2;0.34;40;-256.0;0.5500;44;4;36;0
2017;183;20;40;60;55;0.05;100000;99845;-0.2;0.24;47;-185.8;0.5106;48;1;46;0
2017;184;20;40;75;30;0.05;100000;99845;-0.2;0.29;48;-232.2;0.6979;67;19;29;0
2017;185;20;40;65;20;0.05;100000;99844;-0.2;0.44;52;-202.8;0.7500;78;26;26;0
2017;186;20;40;80;75;0.05;100000;99840;-0.2;0.21;40;-256.0;0.5000;40;0;40;0
2017;187;20;40;100;15;0.05;100000;99838;-0.2;0.38;49;-323.6;0.8469;83;34;15;0
2017;188;20;40;30;45;0.05;100000;99837;-0.2;0.55;59;-97.6;0.3983;47;0;47;12
2017;189;20;40;45;80;0.05;100000;99836;-0.2;0.74;44;-146.6;0.3523;31;0;31;13
2017;190;20;40;80;20;0.05;100000;99831;-0.2;0.36;50;-270.0;0.7800;78;28;22;0
2017;191;20;40;90;25;0.05;100000;99826;-0.2;0.39;48;-312.2;0.7604;73;25;23;0
2017;192;20;40;75;70;0.05;100000;99825;-0.2;0.22;41;-262.4;0.5000;41;0;41;0
2017;193;20;40;55;10;0.05;100000;99824;-0.2;0.37;63;-193.2;0.8333;105;42;21;0
2017;194;20;40;25;25;0.05;100000;99821;-0.2;0.18;64;-89.6;0.5000;64;0;64;0
2017;195;20;40;65;30;0.05;100000;99820;-0.2;0.58;56;-233.4;0.6696;75;19;37;0
2017;196;20;40;60;15;0.05;100000;99820;-0.2;0.46;58;-216.2;0.7845;91;33;25;0
2017;197;20;40;20;15;0.05;100000;99819;-0.2;0.44;66;-72.4;0.5758;76;10;56;0
2017;198;20;40;45;10;0.05;100000;99816;-0.2;0.36;68;-165.2;0.8088;110;42;26;0
2017;199;20;40;75;60;0.05;100000;99811;-0.2;0.38;42;-283.8;0.5357;45;3;39;0
2017;200;20;40;60;40;0.05;100000;99811;-0.2;0.41;48;-227.2;0.5833;56;8;40;0
2017;201;20;40;30;40;0.05;100000;99810;-0.2;0.51;60;-114.0;0.4250;51;0;51;9
2017;202;20;40;70;55;0.05;100000;99807;-0.2;0.43;47;-270.8;0.5426;51;4;43;0
2017;203;20;40;60;35;0.05;100000;99806;-0.2;0.45;52;-232.8;0.6154;64;12;40;0
2017;204;20;40;95;20;0.05;100000;99805;-0.2;0.35;47;-370.8;0.7979;75;28;19;0
2017;205;20;40;20;35;0.05;100000;99804;-0.2;0.47;63;-78.2;0.3651;46;0;46;17
2017;206;20;40;80;30;0.05;100000;99801;-0.2;0.38;49;-318.6;0.7041;69;20;29;0
2017;207;20;40;50;90;0.05;100000;99801;-0.2;0.48;42;-198.8;0.3452;29;0;29;13
2017;208;20;40;15;10;0.05;100000;99799;-0.2;0.52;68;-60.2;0.6103;83;15;53;0
2017;209;20;40;55;50;0.05;100000;99799;-0.2;0.25;51;-221.4;0.5098;52;1;50;0
2017;210;20;40;95;15;0.05;100000;99799;-0.2;0.44;52;-382.8;0.8365;87;35;17;0
2017;211;20;40;90;30;0.05;100000;99798;-0.2;0.33;45;-363.0;0.7222;65;20;25;0
2017;212;20;40;75;10;0.05;100000;99793;-0.2;0.43;61;-310.4;0.8607;105;44;17;0
2017;213;20;40;85;20;0.05;100000;99793;-0.2;0.45;48;-352.2;0.7812;75;27;21;0
2017;214;20;40;45;75;0.05;100000;99791;-0.2;0.75;48;-187.2;0.3646;35;0;35;13
2017;215;20;40;45;40;0.05;100000;99791;-0.2;0.28;56;-188.4;0.5179;58;2;54;0
2017;216;20;40;25;40;0.05;100000;99790;-0.2;0.48;64;-104.6;0.3828;49;0;49;15
2017;217;20;40;55;35;0.05;100000;99787;-0.2;0.33;53;-234.2;0.5943;63;10;43;0
2017;218;20;40;65;100;0.05;100000;99786;-0.2;0.32;31;-278.4;0.3710;23;0;23;8
2017;219;20;40;45;90;0.05;100000;99784;-0.2;0.49;42;-193.8;0.3214;27;0;27;15
2017;220;20;40;55;45;0.05;100000;99783;-0.2;0.26;56;-238.4;0.5357;60;4;52;0
2017;221;20;40;20;20;0.05;100000;99776;-0.2;0.22;64;-89.6;0.5000;64;0;64;0
2017;222;20;40;75;55;0.05;100000;99776;-0.2;0.43;40;-336.0;0.5500;44;4;36;0
2017;223;20;40;30;85;0.05;100000;99775;-0.2;0.87;49;-133.6;0.2551;25;0;25;24
2017;224;20;40;75;65;0.05;100000;99774;-0.2;0.35;42;-338.8;0.5119;43;1;41;0
2017;225;20;40;40;90;0.05;100000;99768;-0.2;0.50;39;-184.6;0.2949;23;0;23;16
2017;226;20;40;70;15;0.05;100000;99768;-0.2;0.51;57;-324.8;0.7982;91;34;23;0
2017;227;20;40;90;70;0.05;100000;99767;-0.2;0.35;42;-418.8;0.5357;45;3;39;0
2017;228;20;40;75;15;0.05;100000;99767;-0.2;0.47;57;-349.8;0.8070;92;35;22;0
2017;229;20;40;25;50;0.05;100000;99767;-0.2;0.58;65;-116.0;0.3308;43;0;43;22
2017;230;20;40;50;20;0.05;100000;99765;-0.2;0.60;61;-235.4;0.6967;85;24;37;0
2017;231;20;40;50;45;0.05;100000;99762;-0.2;0.28;52;-237.8;0.5096;53;1;51;0
2017;232;20;40;50;40;0.05;100000;99756;-0.2;0.41;53;-244.2;0.5377;57;4;49;0
2017;233;20;40;65;90;0.05;100000;99754;-0.2;0.36;39;-319.6;0.3974;31;0;31;8
2017;234;20;40;65;40;0.05;100000;99752;-0.2;0.40;48;-322.2;0.5938;57;9;39;0
2017;235;20;40;65;60;0.05;100000;99749;-0.3;0.30;51;-326.4;0.5000;51;0;51;0
2017;236;20;40;85;35;0.05;100000;99749;-0.3;0.42;48;-427.2;0.6771;65;17;31;0
2017;237;20;40;70;95;0.05;100000;99748;-0.3;0.44;34;-352.6;0.3971;27;0;27;7
2017;238;20;40;80;25;0.05;100000;99747;-0.3;0.48;50;-405.0;0.7300;73;23;27;0
2017;239;20;40;60;50;0.05;100000;99747;-0.3;0.29;46;-304.4;0.5217;48;2;44;0
2017;240;20;40;50;10;0.05;100000;99746;-0.3;0.47;67;-253.8;0.8134;109;42;25;0
2017;241;20;40;50;15;0.05;100000;99745;-0.3;0.60;57;-254.8;0.7456;85;28;29;0
2017;242;20;40;85;95;0.05;100000;99744;-0.3;0.31;33;-436.2;0.4394;29;0;29;4
2017;243;20;40;75;95;0.05;100000;99742;-0.3;0.33;34;-387.6;0.4118;28;0;28;6
2017;244;20;40;30;35;0.05;100000;99740;-0.3;0.38;65;-156.0;0.4538;59;0;59;6
2017;245;20;40;60;10;0.05;100000;99736;-0.3;0.46;62;-316.8;0.8306;103;41;21;0
2017;246;20;40;65;50;0.05;100000;99736;-0.3;0.48;49;-343.6;0.5408;53;4;45;0
2017;247;20;40;35;25;0.05;100000;99733;-0.3;0.51;69;-186.6;0.5725;79;10;59;0
2017;248;20;40;75;35;0.05;100000;99730;-0.3;0.47;47;-405.8;0.6489;61;14;33;0
2017;249;20;40;55;25;0.05;100000;99729;-0.3;0.59;63;-298.2;0.6667;84;21;42;0
2017;250;20;40;65;55;0.05;100000;99729;-0.3;0.38;52;-352.8;0.5192;54;2;50;0
2017;251;20;40;80;95;0.05;100000;99725;-0.3;0.33;32;-439.8;0.4219;27;0;27;5
2017;252;20;40;90;10;0.05;100000;99717;-0.3;0.39;64;-509.6;0.8672;111;47;17;0
2017;253;20;40;80;70;0.05;100000;99715;-0.3;0.33;40;-456.0;0.5000;40;0;40;0
2017;254;20;40;75;50;0.05;100000;99713;-0.3;0.53;40;-431.0;0.5625;45;5;35;0
2017;255;20;40;80;40;0.05;100000;99713;-0.3;0.40;43;-460.2;0.6279;54;11;32;0
2017;256;20;40;90;20;0.05;100000;99707;-0.3;0.41;49;-528.6;0.7755;76;27;22;0
2017;257;20;40;40;85;0.05;100000;99694;-0.3;0.78;46;-244.4;0.3043;28;0;28;18
2017;258;20;40;45;15;0.05;100000;99691;-0.3;0.63;70;-278.0;0.7286;102;32;38;0
2017;259;20;40;80;60;0.05;100000;99688;-0.3;0.40;43;-500.2;0.5349;46;3;40;0
2017;260;20;40;75;100;0.05;100000;99687;-0.3;0.42;32;-469.8;0.3906;25;0;25;7
2017;261;20;40;25;60;0.05;100000;99682;-0.3;1.02;56;-158.4;0.2857;32;0;32;24
2017;262;20;40;65;15;0.05;100000;99676;-0.3;0.62;58;-421.2;0.7759;90;32;26;0
2017;263;20;40;60;20;0.05;100000;99675;-0.3;0.59;50;-390.0;0.7100;71;21;29;0
2017;264;20;40;50;35;0.05;100000;99674;-0.3;0.45;51;-326.4;0.5588;57;6;45;0
2017;265;20;40;70;25;0.05;100000;99672;-0.3;0.63;57;-459.8;0.7018;80;23;34;0
2017;266;20;40;80;65;0.05;100000;99671;-0.3;0.43;41;-527.4;0.5122;42;1;40;0
2017;267;20;40;25;30;0.05;100000;99669;-0.3;0.57;61;-165.4;0.4426;54;0;54;7
2017;268;20;40;85;90;0.05;100000;99669;-0.3;0.41;38;-563.2;0.4474;34;0;34;4
2017;269;20;40;85;10;0.05;100000;99662;-0.3;0.45;61;-575.4;0.8525;104;43;18;0
2017;270;20;40;70;50;0.05;100000;99655;-0.3;0.54;45;-483.0;0.5444;49;4;41;0
2017;271;20;40;50;100;0.05;100000;99653;-0.3;0.68;33;-346.2;0.3030;20;0;20;13
2017;272;20;40;15;15;0.05;100000;99651;-0.3;0.35;75;-105.0;0.5000;75;0;75;0
2017;273;20;40;55;15;0.05;100000;99640;-0.4;0.67;62;-396.8;0.7500;93;31;31;0
2017;274;20;40;70;30;0.05;100000;99635;-0.4;0.68;51;-511.4;0.6569;67;16;35;0
2017;275;20;40;15;20;0.05;100000;99625;-0.4;0.49;66;-112.4;0.4242;56;0;56;10
2017;276;20;40;45;20;0.05;100000;99624;-0.4;0.65;67;-338.8;0.6642;89;22;45;0
2017;277;20;40;45;85;0.05;100000;99619;-0.4;0.71;45;-343.0;0.3222;29;0;29;16
2017;278;20;40;80;15;0.05;100000;99612;-0.4;0.60;58;-621.2;0.7931;92;34;24;0
2017;279;20;40;70;45;0.05;100000;99607;-0.4;0.54;47;-550.8;0.5638;53;6;41;0
2017;280;20;40;40;95;0.05;100000;99607;-0.4;0.51;42;-313.8;0.2738;23;0;23;19
2017;281;20;40;80;50;0.05;100000;99605;-0.4;0.49;45;-633.0;0.5667;51;6;39;0
2017;282;20;40;15;30;0.05;100000;99600;-0.4;0.64;64;-119.6;0.3281;42;0;42;22
2017;283;20;40;55;20;0.05;100000;99581;-0.4;0.72;58;-461.2;0.6897;80;22;36;0
2017;284;20;40;90;15;0.05;100000;99581;-0.4;0.62;58;-756.2;0.8017;93;35;23;0
2017;285;20;40;80;10;0.05;100000;99573;-0.4;0.54;60;-684.0;0.8333;100;40;20;0
2017;286;20;40;15;35;0.05;100000;99567;-0.4;0.79;71;-129.4;0.2958;42;0;42;29
2017;287;20;40;80;55;0.05;100000;99561;-0.4;0.51;42;-703.8;0.5357;45;3;39;0
2017;288;20;40;45;35;0.05;100000;99546;-0.5;0.52;57;-409.8;0.5263;60;3;54;0
2017;289;20;40;45;95;0.05;100000;99516;-0.5;0.66;40;-436.0;0.2875;23;0;23;17
2017;290;20;40;25;65;0.05;100000;99514;-0.5;0.97;59;-242.6;0.2627;31;0;31;28
2017;291;20;40;20;30;0.05;100000;99501;-0.5;0.64;64;-199.6;0.3828;49;0;49;15
2017;292;20;40;80;35;0.05;100000;99485;-0.5;0.54;50;-825.0;0.6300;63;13;37;0
2017;293;20;40;10;10;0.05;100000;99462;-0.5;0.54;77;-107.8;0.5000;77;0;77;0
2017;294;20;40;20;10;0.05;100000;99442;-0.6;0.70;67;-223.8;0.6343;85;18;49;0
2017;295;20;40;50;95;0.05;100000;99439;-0.6;0.64;37;-561.8;0.2973;22;0;22;15
2017;296;20;40;70;35;0.05;100000;99403;-0.6;0.74;49;-838.6;0.5918;58;9;40;0
2017;297;20;40;55;95;0.05;100000;99390;-0.6;0.74;37;-671.8;0.3108;23;0;23;14
2017;298;20;40;40;100;0.05;100000;99386;-0.6;0.81;37;-491.8;0.2432;18;0;18;19
2017;299;20;40;75;25;0.05;100000;99384;-0.6;0.85;55;-927.0;0.6727;74;19;36;0
2017;300;20;40;15;40;0.05;100000;99351;-0.6;0.83;64;-194.6;0.2578;33;0;33;31
2017;301;20;40;10;15;0.05;100000;99350;-0.6;0.90;68;-130.2;0.3897;53;0;53;15
2017;302;20;40;20;25;0.05;100000;99322;-0.7;0.77;62;-271.8;0.4113;51;0;51;11
2017;303;20;40;65;95;0.05;100000;99317;-0.7;0.76;36;-890.4;0.3333;24;0;24;12
2017;304;20;40;60;95;0.05;100000;99285;-0.7;0.82;39;-859.6;0.3205;25;0;25;14
2017;305;20;40;15;25;0.05;100000;99227;-0.8;0.91;66;-232.4;0.3485;46;0;46;20
2017;306;20;40;20;40;0.05;100000;99192;-0.8;0.95;60;-324.0;0.3000;36;0;36;24
2017;307;20;40;10;25;0.05;100000;99171;-0.8;1.10;65;-166.0;0.2692;35;0;35;30
2017;308;20;40;10;30;0.05;100000;99060;-0.9;1.45;63;-188.2;0.2302;29;0;29;34
2017;309;20;40;35;100;0.05;100000;98987;-1.0;1.05;44;-711.6;0.2045;18;0;18;26
2017;310;20;40;35;95;0.05;100000;98878;-1.1;1.34;42;-788.8;0.2024;17;0;17;25
2018;1;20;40;15;45;0.50;100000;114270;14.3;5.31;71;410.6;0.3099;44;0;44;27
2018;2;20;40;15;40;0.50;100000;108517;8.5;4.15;69;253.4;0.3188;44;0;44;25
2018;3;20;40;20;50;0.50;100000;107058;7.1;4.57;76;283.6;0.3224;49;0;49;27
2018;4;20;40;15;30;0.50;100000;106934;6.9;4.76;88;206.8;0.3750;66;0;66;22
2018;5;20;40;10;30;0.50;100000;106857;6.9;7.89;85;141.0;0.2882;49;0;49;36
2018;6;20;40;90;40;0.50;100000;106116;6.1;1.77;60;1076.0;0.7667;92;32;28;0
2018;7;20;40;65;40;0.50;100000;105685;5.7;3.50;64;725.4;0.6797;87;23;41;0
2018;8;20;40;15;25;0.50;100000;105549;5.5;3.80;89;165.4;0.4157;74;0;74;15
2018;9;20;40;80;45;0.50;100000;105526;5.5;2.30;62;868.2;0.7016;87;25;37;0
2018;10;20;40;100;50;0.50;100000;105516;5.5;2.28;49;1081.4;0.7449;73;24;25;0
2018;11;20;40;90;45;0.50;100000;105423;5.4;2.11;55;958.0;0.7364;81;26;29;0
2018;12;20;40;30;45;0.50;100000;105005;5.0;2.54;77;297.2;0.4351;67;0;67;10
2018;13;20;40;85;40;0.50;100000;104937;4.9;3.00;63;826.8;0.7381;93;30;33;0
2018;14;20;40;90;50;0.50;100000;104670;4.7;1.41;51;828.6;0.7059;72;21;30;0
2018;15;20;40;80;50;0.50;100000;104503;4.5;2.61;56;711.6;0.6696;75;19;37;0
2018;16;20;40;10;25;0.50;100000;104418;4.4;7.04;84;92.4;0.3214;54;0;54;30
2018;17;20;40;95;40;0.50;100000;104265;4.3;2.91;60;801.0;0.7583;91;31;29;0
2018;18;20;40;60;25;0.50;100000;104103;4.1;1.51;66;487.6;0.7576;100;34;32;0
2018;19;20;40;80;40;0.50;100000;103952;4.0;2.04;66;627.6;0.7121;94;28;38;0
2018;20;20;40;100;45;0.50;100000;103612;3.6;2.45;49;716.4;0.7449;73;24;25;0
2018;21;20;40;20;45;0.50;100000;103603;3.6;6.58;78;150.8;0.3333;52;0;52;26
2018;22;20;40;90;30;0.50;100000;103580;3.6;2.25;58;638.8;0.8017;93;35;23;0
2018;23;20;40;55;35;0.50;100000;103576;3.6;3.74;70;392.0;0.6500;91;21;49;0
2018;24;20;40;20;40;0.50;100000;103488;3.5;5.23;69;143.4;0.3623;50;0;50;19
2018;25;20;40;90;55;0.50;100000;103400;3.4;2.30;51;608.6;0.6667;68;17;34;0
2018;26;20;40;90;65;0.50;100000;103313;3.3;1.54;48;592.8;0.6250;60;12;36;0
2018;27;20;40;60;30;0.50;100000;103096;3.1;2.64;77;372.2;0.7013;108;31;46;0
2018;28;20;40;55;25;0.50;100000;103003;3.0;2.25;71;330.6;0.7254;103;32;39;0
2018;29;20;40;90;35;0.50;100000;102913;2.9;1.99;55;523.0;0.7636;84;29;26;0
2018;30;20;40;30;40;0.50;100000;102893;2.9;4.00;69;173.4;0.4565;63;0;63;6
2018;31;20;40;95;35;0.50;100000;102871;2.9;2.80;61;544.6;0.7705;94;33;28;0
2018;32;20;40;95;50;0.50;100000;102811;2.8;2.43;51;533.6;0.6961;71;20;31;0
2018;33;20;40;85;30;0.50;100000;102789;2.8;2.11;65;474.0;0.7769;101;36;29;0
2018;34;20;40;60;45;0.50;100000;102763;2.8;2.47;63;331.8;0.6032;76;13;50;0
2018;35;20;40;95;45;0.50;100000;102486;2.5;2.71;48;472.8;0.7188;69;21;27;0
2018;36;20;40;75;25;0.50;100000;102406;2.4;2.35;63;361.8;0.7857;99;36;27;0
2018;37;20;40;100;40;0.50;100000;102315;2.3;2.16;54;464.4;0.7500;81;27;27;0
2018;38;20;40;65;45;0.50;100000;102307;2.3;3.41;63;301.8;0.6190;78;15;48;0
2018;39;20;40;55;45;0.50;100000;102134;2.1;2.95;67;236.2;0.5746;77;10;57;0
2018;40;20;40;60;100;0.50;100000;102111;2.1;2.93;44;258.4;0.3977;35;0;35;9
2018;41;20;40;50;45;0.50;100000;102034;2.0;2.08;72;204.2;0.5486;79;7;65;0
2018;42;20;40;95;70;0.50;100000;102004;2.0;2.42;48;382.8;0.6042;58;10;38;0
2018;43;20;40;95;55;0.50;100000;101853;1.9;2.65;53;355.8;0.6604;70;17;36;0
2018;44;20;40;75;60;0.50;100000;101832;1.8;2.01;49;276.4;0.5816;57;8;41;0
2018;45;20;40;75;15;0.50;100000;101776;1.8;1.73;66;267.6;0.8636;114;48;18;0
2018;46;20;40;75;40;0.50;100000;101758;1.8;2.82;59;267.4;0.6780;80;21;38;0
2018;47;20;40;85;20;0.50;100000;101713;1.7;1.20;62;293.2;0.8387;104;42;20;0
2018;48;20;40;80;55;0.50;100000;101707;1.7;2.41;56;276.6;0.6161;69;13;43;0
2018;49;20;40;80;70;0.50;100000;101697;1.7;1.70;55;273.0;0.5545;61;6;49;0
2018;50;20;40;70;100;0.50;100000;101678;1.7;3.49;44;238.4;0.4318;38;0;38;6
2018;51;20;40;80;75;0.50;100000;101671;1.7;1.57;55;268.0;0.5364;59;4;51;0
2018;52;20;40;35;40;0.50;100000;101665;1.7;1.52;74;116.4;0.4865;72;0;72;2
2018;53;20;40;80;95;0.50;100000;101639;1.6;1.51;45;262.0;0.4778;43;0;43;2
2018;54;20;40;90;25;0.50;100000;101619;1.6;2.32;51;293.6;0.8137;83;32;19;0
2018;55;20;40;80;65;0.50;100000;101597;1.6;2.44;55;258.0;0.5727;63;8;47;0
2018;56;20;40;60;40;0.50;100000;101533;1.5;3.88;66;187.6;0.6212;82;16;50;0
2018;57;20;40;85;35;0.50;100000;101494;1.5;3.57;65;259.0;0.7308;95;30;35;0
2018;58;20;40;35;80;0.50;100000;101484;1.5;4.69;66;117.6;0.3182;42;0;42;24
2018;59;20;40;10;20;0.50;100000;101448;1.4;5.16;77;32.2;0.3636;56;0;56;21
2018;60;20;40;60;20;0.50;100000;101427;1.4;1.97;75;175.0;0.7733;116;41;34;0
2018;61;20;40;55;65;0.50;100000;101411;1.4;2.28;60;156.0;0.4750;57;0;57;3
2018;62;20;40;70;50;0.50;100000;101395;1.4;2.94;58;198.8;0.6034;70;12;46;0
2018;63;20;40;90;60;0.50;100000;101389;1.4;2.99;54;254.4;0.6204;67;13;41;0
2018;64;20;40;80;100;0.50;100000;101383;1.4;2.50;41;222.6;0.4634;38;0;38;3
2018;65;20;40;70;15;0.50;100000;101341;1.3;1.89;78;190.8;0.8462;132;54;24;0
2018;66;20;40;50;40;0.50;100000;101321;1.3;2.43;75;135.0;0.5733;86;11;64;0
2018;67;20;40;85;75;0.50;100000;101274;1.3;1.90;51;218.6;0.5490;56;5;46;0
2018;68;20;40;65;15;0.50;100000;101268;1.3;2.72;73;167.8;0.8356;122;49;24;0
2018;69;20;40;75;45;0.50;100000;101258;1.3;2.40;55;193.0;0.6455;71;16;39;0
2018;70;20;40;80;60;0.50;100000;101236;1.2;2.54;56;201.6;0.5893;66;10;46;0
2018;71;20;40;70;25;0.50;100000;101195;1.2;2.38;70;172.0;0.7571;106;36;34;0
2018;72;20;40;65;100;0.50;100000;101172;1.2;3.97;44;158.4;0.4091;36;0;36;8
2018;73;20;40;85;55;0.50;100000;101157;1.2;3.42;56;201.6;0.6250;70;14;42;0
2018;74;20;40;60;50;0.50;100000;101135;1.1;2.60;65;139.0;0.5615;73;8;57;0
2018;75;20;40;75;90;0.50;100000;101132;1.1;1.51;49;171.4;0.4694;46;0;46;3
2018;76;20;40;35;60;0.50;100000;101104;1.1;5.25;68;84.8;0.3824;52;0;52;16
2018;77;20;40;75;100;0.50;100000;101064;1.1;2.54;44;163.4;0.4432;39;0;39;5
2018;78;20;40;75;30;0.50;100000;101008;1.0;2.03;60;156.0;0.7333;88;28;32;0
2018;79;20;40;55;75;0.50;100000;100993;1.0;2.68;48;112.8;0.4375;42;0;42;6
2018;80;20;40;70;40;0.50;100000;100984;1.0;3.91;69;143.4;0.6522;90;21;48;0
2018;81;20;40;55;30;0.50;100000;100982;1.0;4.67;73;112.8;0.6644;97;24;49;0
2018;82;20;40;90;15;0.50;100000;100979;1.0;1.98;65;179.0;0.8769;114;49;16;0
2018;83;20;40;85;60;0.50;100000;100969;1.0;2.95;54;169.4;0.6019;65;11;43;0
2018;84;20;40;70;65;0.50;100000;100964;1.0;1.18;63;136.8;0.5317;67;4;59;0
2018;85;20;40;80;10;0.50;100000;100946;0.9;1.16;76;153.6;0.9079;138;62;14;0
2018;86;20;40;75;70;0.50;100000;100885;0.9;1.35;47;134.2;0.5319;50;3;44;0
2018;87;20;40;55;70;0.50;100000;100815;0.8;2.15;62;93.2;0.4516;56;0;56;6
2018;88;20;40;30;50;0.50;100000;100778;0.8;6.17;76;53.6;0.3882;59;0;59;17
2018;89;20;40;55;50;0.50;100000;100740;0.7;2.30;69;83.4;0.5362;74;5;64;0
2018;90;20;40;100;10;0.50;100000;100727;0.7;1.31;73;147.8;0.9247;135;62;11;0
2018;91;20;40;15;20;0.50;100000;100700;0.7;2.89;84;22.4;0.4524;76;0;76;8
2018;92;20;40;95;20;0.50;100000;100677;0.7;2.87;69;133.4;0.8406;116;47;22;0
2018;93;20;40;85;15;0.50;100000;100663;0.7;2.17;67;116.2;0.8657;116;49;18;0
2018;94;20;40;100;35;0.50;100000;100630;0.6;3.09;59;132.4;0.7542;89;30;29;0
2018;95;20;40;55;100;0.50;100000;100615;0.6;3.67;48;77.8;0.3646;35;0;35;13
2018;96;20;40;90;70;0.50;100000;100613;0.6;1.63;47;114.2;0.5745;54;7;40;0
2018;97;20;40;95;75;0.50;100000;100609;0.6;3.17;50;120.0;0.5700;57;7;43;0
2018;98;20;40;35;25;0.50;100000;100601;0.6;2.91;75;45.0;0.6000;90;15;60;0
2018;99;20;40;70;10;0.50;100000;100587;0.6;1.63;82;85.2;0.8902;146;64;18;0
2018;100;20;40;45;70;0.50;100000;100585;0.6;4.89;61;59.6;0.4016;49;0;49;12
2018;101;20;40;70;60;0.50;100000;100583;0.6;1.55;61;84.6;0.5492;67;6;55;0
2018;102;20;40;25;45;0.50;100000;100581;0.6;4.16;81;36.6;0.3704;60;0;60;21
2018;103;20;40;80;90;0.50;100000;100553;0.6;1.55;50;90.0;0.4800;48;0;48;2
2018;104;20;40;95;90;0.50;100000;100491;0.5;1.10;43;94.8;0.5233;45;2;41;0
2018;105;20;40;65;35;0.50;100000;100456;0.5;2.67;68;64.8;0.6618;90;22;46;0
2018;106;20;40;85;70;0.50;100000;100433;0.4;1.74;52;77.2;0.5577;58;6;46;0
2018;107;20;40;85;25;0.50;100000;100299;0.3;2.79;60;56.0;0.7833;94;34;26;0
2018;108;20;40;85;65;0.50;100000;100235;0.2;2.73;54;44.4;0.5741;62;8;46;0
2018;109;20;40;85;50;0.50;100000;100186;0.2;4.91;62;38.2;0.6371;79;17;45;0
2018;110;20;40;90;85;0.50;100000;100158;0.2;1.28;50;30.0;0.5200;52;2;48;0
2018;111;20;40;85;95;0.50;100000;100148;0.1;1.61;45;27.0;0.4778;43;0;43;2
2018;112;20;40;65;25;0.50;100000;100139;0.1;2.95;69;23.4;0.7319;101;32;37;0
2018;113;20;40;25;20;0.50;100000;100135;0.1;3.15;90;9.0;0.5722;103;13;77;0
2018;114;20;40;80;85;0.50;100000;100134;0.1;1.51;52;22.2;0.4904;51;0;51;1
2018;115;20;40;55;60;0.50;100000;100091;0.1;1.51;67;11.2;0.4851;65;0;65;2
2018;116;20;40;30;80;0.25;100000;100078;0.1;3.68;66;17.6;0.2803;37;0;37;29
2018;117;20;40;45;85;0.30;100000;100050;0.0;3.00;61;14.6;0.3525;43;0;43;18
2018;118;20;40;55;40;0.50;100000;100040;0.0;3.00;69;8.4;0.5870;81;12;57;0
2018;119;20;40;45;40;0.50;100000;100024;0.0;1.70;79;4.4;0.5380;85;6;73;0
2018;120;20;40;20;55;0.05;100000;100006;0.0;0.88;76;3.6;0.2763;42;0;42;34
2018;121;20;40;85;100;0.25;100000;100004;0.0;1.26;41;2.6;0.4634;38;0;38;3
2018;122;20;40;75;50;0.10;100000;100002;0.0;0.73;52;2.2;0.6058;63;11;41;0
2018;123;20;40;65;50;0.10;100000;100002;0.0;0.78;63;1.8;0.5714;72;9;54;0
2018;124;20;40;70;30;0.10;100000;100001;0.0;0.58;70;2.0;0.7071;99;29;41;0
2018;125;20;40;90;100;0.05;100000;99999;-0.0;0.15;44;-1.6;0.4773;42;0;42;2
2018;126;20;40;65;60;0.05;100000;99998;-0.0;0.20;59;-2.6;0.5254;62;3;56;0
2018;127;20;40;80;15;0.05;100000;99992;-0.0;0.22;66;-12.4;0.8485;112;46;20;0
2018;128;20;40;65;30;0.05;100000;99991;-0.0;0.29;76;-11.4;0.6908;105;29;47;0
2018;129;20;40;100;30;0.05;100000;99986;-0.0;0.41;55;-27.0;0.7727;85;30;25;0
2018;130;20;40;75;10;0.05;100000;99986;-0.0;0.14;72;-20.8;0.8889;128;56;16;0
2018;131;20;40;95;60;0.05;100000;99982;-0.0;0.27;52;-32.8;0.6154;64;12;40;0
2018;132;20;40;65;75;0.05;100000;99981;-0.0;0.15;46;-24.4;0.4674;43;0;43;3
2018;133;20;40;95;65;0.05;100000;99981;-0.0;0.21;47;-35.8;0.5957;56;9;38;0
2018;134;20;40;95;100;0.05;100000;99981;-0.0;0.10;44;-36.6;0.4886;43;0;43;1
2018;135;20;40;65;20;0.05;100000;99980;-0.0;0.35;72;-25.8;0.7708;111;39;33;0
2018;136;20;40;95;30;0.05;100000;99977;-0.0;0.31;59;-42.6;0.7627;90;31;28;0
2018;137;20;40;85;10;0.05;100000;99970;-0.0;0.14;79;-50.6;0.8987;142;63;16;0
2018;138;20;40;100;100;0.05;100000;99969;-0.0;0.03;44;-61.6;0.5000;44;0;44;0
2018;139;20;40;55;15;0.05;100000;99968;-0.0;0.26;82;-34.8;0.7927;130;48;34;0
2018;140;20;40;95;95;0.05;100000;99967;-0.0;0.03;45;-63.0;0.5000;45;0;45;0
2018;141;20;40;95;10;0.05;100000;99967;-0.0;0.19;70;-63.0;0.9071;127;57;13;0
2018;142;20;40;90;90;0.05;100000;99964;-0.0;0.04;46;-64.4;0.5000;46;0;46;0
2018;143;20;40;15;35;0.05;100000;99962;-0.0;0.69;72;-10.8;0.3125;45;0;45;27
2018;144;20;40;100;95;0.05;100000;99957;-0.0;0.18;44;-86.6;0.5114;45;1;43;0
2018;145;20;40;85;85;0.05;100000;99956;-0.0;0.04;53;-74.2;0.5000;53;0;53;0
2018;146;20;40;75;75;0.05;100000;99954;-0.0;0.05;49;-68.6;0.5000;49;0;49;0
2018;147;20;40;70;35;0.05;100000;99954;-0.0;0.34;71;-64.4;0.6690;95;24;47;0
2018;148;20;40;80;80;0.05;100000;99952;-0.0;0.05;55;-77.0;0.5000;55;0;55;0
2018;149;20;40;35;75;0.05;100000;99952;-0.0;0.81;59;-32.6;0.3220;38;0;38;21
2018;150;20;40;100;85;0.05;100000;99941;-0.1;0.21;41;-117.4;0.5366;44;3;38;0
2018;151;20;40;100;25;0.05;100000;99940;-0.1;0.33;49;-118.6;0.7959;78;29;20;0
2018;152;20;40;70;70;0.05;100000;99940;-0.1;0.06;60;-84.0;0.5000;60;0;60;0
2018;153;20;40;100;90;0.05;100000;99939;-0.1;0.19;44;-121.6;0.5227;46;2;42;0
2018;154;20;40;30;35;0.05;100000;99938;-0.1;0.36;80;-37.0;0.4688;75;0;75;5
2018;155;20;40;65;65;0.05;100000;99936;-0.1;0.06;59;-82.6;0.5000;59;0;59;0
2018;156;20;40;65;10;0.05;100000;99934;-0.1;0.28;72;-85.8;0.8681;125;53;19;0
2018;157;20;40;90;10;0.05;100000;99931;-0.1;0.21;74;-123.6;0.8986;133;59;15;0
2018;158;20;40;75;65;0.05;100000;99930;-0.1;0.22;46;-104.4;0.5326;49;3;43;0
2018;159;20;40;35;45;0.05;100000;99929;-0.1;0.34;78;-49.2;0.4423;69;0;69;9
2018;160;20;40;75;20;0.05;100000;99927;-0.1;0.40;71;-109.4;0.7887;112;41;30;0
2018;161;20;40;25;40;0.05;100000;99926;-0.1;0.51;69;-36.6;0.3913;54;0;54;15
2018;162;20;40;65;95;0.05;100000;99926;-0.1;0.29;47;-95.8;0.4043;38;0;38;9
2018;163;20;40;50;25;0.05;100000;99925;-0.1;0.33;71;-74.4;0.6690;95;24;47;0
2018;164;20;40;35;20;0.05;100000;99924;-0.1;0.36;77;-52.8;0.6429;99;22;55;0
2018;165;20;40;60;60;0.05;100000;99920;-0.1;0.08;69;-96.6;0.5000;69;0;69;0
2018;166;20;40;95;85;0.05;100000;99919;-0.1;0.18;45;-153.0;0.5222;47;2;43;0
2018;167;20;40;55;55;0.05;100000;99913;-0.1;0.09;68;-95.2;0.5000;68;0;68;0
2018;168;20;40;75;35;0.05;100000;99911;-0.1;0.42;59;-132.6;0.6780;80;21;38;0
2018;169;20;40;60;95;0.05;100000;99905;-0.1;0.32;52;-112.8;0.3846;40;0;40;12
2018;170;20;40;85;80;0.05;100000;99901;-0.1;0.22;52;-167.8;0.5096;53;1;51;0
2018;171;20;40;50;50;0.05;100000;99901;-0.1;0.10;71;-99.4;0.5000;71;0;71;0
2018;172;20;40;80;20;0.05;100000;99900;-0.1;0.36;71;-159.4;0.7958;113;42;29;0
2018;173;20;40;85;90;0.05;100000;99900;-0.1;0.21;50;-170.0;0.4800;48;0;48;2
2018;174;20;40;35;50;0.05;100000;99897;-0.1;0.39;76;-71.4;0.4145;63;0;63;13
2018;175;20;40;100;20;0.05;100000;99896;-0.1;0.31;63;-208.2;0.8254;104;41;22;0
2018;176;20;40;90;20;0.05;100000;99894;-0.1;0.35;72;-190.8;0.8125;117;45;27;0
2018;177;20;40;100;55;0.05;100000;99894;-0.1;0.40;48;-212.2;0.6354;61;13;35;0
2018;178;20;40;85;45;0.05;100000;99891;-0.1;0.34;61;-185.4;0.6475;79;18;43;0
2018;179;20;40;60;15;0.05;100000;99883;-0.1;0.25;79;-140.6;0.7975;126;47;32;0
2018;180;20;40;90;95;0.05;100000;99880;-0.1;0.22;43;-215.2;0.4767;41;0;41;2
2018;181;20;40;100;15;0.05;100000;99880;-0.1;0.30;68;-240.2;0.8603;117;49;19;0
2018;182;20;40;45;45;0.05;100000;99879;-0.1;0.12;78;-109.2;0.5000;78;0;78;0
2018;183;20;40;80;30;0.05;100000;99873;-0.1;0.31;66;-202.4;0.7197;95;29;37;0
2018;184;20;40;90;80;0.05;100000;99872;-0.1;0.22;50;-230.0;0.5200;52;2;48;0
2018;185;20;40;40;40;0.05;100000;99869;-0.1;0.13;75;-105.0;0.5000;75;0;75;0
2018;186;20;40;60;65;0.05;100000;99864;-0.1;0.28;59;-162.6;0.4746;56;0;56;3
2018;187;20;40;100;65;0.05;100000;99859;-0.1;0.37;44;-281.6;0.5909;52;8;36;0
2018;188;20;40;50;35;0.05;100000;99858;-0.1;0.34;76;-141.4;0.5855;89;13;63;0
2018;189;20;40;100;75;0.05;100000;99857;-0.1;0.36;44;-286.6;0.5568;49;5;39;0
2018;190;20;40;50;75;0.05;100000;99852;-0.1;0.46;52;-147.8;0.3942;41;0;41;11
2018;191;20;40;65;85;0.05;100000;99849;-0.2;0.33;54;-195.6;0.4259;46;0;46;8
2018;192;20;40;35;35;0.05;100000;99842;-0.2;0.16;79;-110.6;0.5000;79;0;79;0
2018;193;20;40;70;85;0.05;100000;99841;-0.2;0.29;52;-222.8;0.4423;46;0;46;6
2018;194;20;40;60;10;0.05;100000;99840;-0.2;0.30;80;-192.0;0.8500;136;56;24;0
2018;195;20;40;70;45;0.05;100000;99835;-0.2;0.31;61;-230.4;0.5984;73;12;49;0
2018;196;20;40;75;55;0.05;100000;99835;-0.2;0.40;48;-247.2;0.5625;54;6;42;0
2018;197;20;40;60;55;0.05;100000;99834;-0.2;0.29;67;-198.8;0.5149;69;2;65;0
2018;198;20;40;100;80;0.05;100000;99831;-0.2;0.29;41;-337.4;0.5366;44;3;38;0
2018;199;20;40;90;75;0.05;100000;99829;-0.2;0.26;49;-308.6;0.5306;52;3;46;0
2018;200;20;40;95;25;0.05;100000;99828;-0.2;0.41;55;-327.0;0.7727;85;30;25;0
2018;201;20;40;30;25;0.05;100000;99827;-0.2;0.54;85;-104.0;0.5471;93;8;77;0
2018;202;20;40;75;95;0.05;100000;99826;-0.2;0.33;50;-260.0;0.4300;43;0;43;7
2018;203;20;40;70;90;0.05;100000;99824;-0.2;0.42;47;-245.8;0.4255;40;0;40;7
2018;204;20;40;50;65;0.05;100000;99821;-0.2;0.38;63;-178.2;0.4286;54;0;54;9
2018;205;20;40;100;70;0.05;100000;99819;-0.2;0.38;44;-361.6;0.5682;50;6;38;0
2018;206;20;40;45;35;0.05;100000;99812;-0.2;0.27;78;-169.2;0.5577;87;9;69;0
2018;207;20;40;80;35;0.05;100000;99811;-0.2;0.34;66;-302.4;0.6818;90;24;42;0
2018;208;20;40;70;75;0.05;100000;99810;-0.2;0.31;47;-265.8;0.4681;44;0;44;3
2018;209;20;40;70;55;0.05;100000;99809;-0.2;0.31;62;-266.8;0.5484;68;6;56;0
2018;210;20;40;100;60;0.05;100000;99809;-0.2;0.41;44;-381.6;0.6023;53;9;35;0
2018;211;20;40;35;70;0.05;100000;99806;-0.2;0.70;71;-134.4;0.3310;47;0;47;24
2018;212;20;40;40;25;0.05;100000;99804;-0.2;0.40;69;-156.6;0.6087;84;15;54;0
2018;213;20;40;55;20;0.05;100000;99803;-0.2;0.33;76;-216.4;0.7237;110;34;42;0
2018;214;20;40;30;30;0.05;100000;99802;-0.2;0.20;85;-119.0;0.5000;85;0;85;0
2018;215;20;40;30;20;0.05;100000;99801;-0.2;0.58;85;-119.0;0.6000;102;17;68;0
2018;216;20;40;95;80;0.05;100000;99796;-0.2;0.29;45;-388.0;0.5222;47;2;43;0
2018;217;20;40;95;15;0.05;100000;99793;-0.2;0.29;67;-393.8;0.8433;113;46;21;0
2018;218;20;40;50;15;0.05;100000;99789;-0.2;0.34;79;-210.6;0.7595;120;41;38;0
2018;219;20;40;50;85;0.05;100000;99787;-0.2;0.78;62;-211.8;0.3629;45;0;45;17
2018;220;20;40;60;70;0.05;100000;99787;-0.2;0.36;61;-255.4;0.4508;55;0;55;6
2018;221;20;40;60;35;0.05;100000;99771;-0.2;0.41;68;-275.2;0.6176;84;16;52;0
2018;222;20;40;70;20;0.05;100000;99763;-0.2;0.54;73;-332.2;0.7603;111;38;35;0
2018;223;20;40;65;70;0.05;100000;99759;-0.2;0.35;63;-313.2;0.4683;59;0;59;4
2018;224;20;40;75;85;0.05;100000;99759;-0.2;0.36;51;-361.4;0.4510;46;0;46;5
2018;225;20;40;25;25;0.05;100000;99754;-0.2;0.25;88;-123.2;0.5000;88;0;88;0
2018;226;20;40;65;55;0.05;100000;99751;-0.2;0.37;60;-324.0;0.5250;63;3;57;0
2018;227;20;40;25;50;0.05;100000;99750;-0.3;0.66;71;-124.4;0.3310;47;0;47;24
2018;228;20;40;40;55;0.05;100000;99748;-0.3;0.62;69;-201.6;0.4130;57;0;57;12
2018;229;20;40;35;10;0.05;100000;99736;-0.3;0.37;82;-184.8;0.7683;126;44;38;0
2018;230;20;40;50;30;0.05;100000;99734;-0.3;0.56;76;-266.4;0.6118;93;17;59;0
2018;231;20;40;35;30;0.05;100000;99733;-0.3;0.40;80;-187.0;0.5312;85;5;75;0
2018;232;20;40;60;85;0.05;100000;99733;-0.3;0.49;54;-320.6;0.3981;43;0;43;11
2018;233;20;40;55;10;0.05;100000;99732;-0.3;0.28;82;-294.8;0.8293;136;54;28;0
2018;234;20;40;25;30;0.05;100000;99732;-0.3;0.33;85;-134.0;0.4529;77;0;77;8
2018;235;20;40;35;15;0.05;100000;99727;-0.3;0.50;72;-190.8;0.6875;99;27;45;0
2018;236;20;40;20;20;0.05;100000;99724;-0.3;0.28;79;-110.6;0.5000;79;0;79;0
2018;237;20;40;50;55;0.05;100000;99724;-0.3;0.37;69;-276.6;0.4638;64;0;64;5
2018;238;20;40;75;80;0.05;100000;99719;-0.3;0.41;55;-422.0;0.4636;51;0;51;4
2018;239;20;40;40;45;0.05;100000;99718;-0.3;0.42;79;-225.6;0.4620;73;0;73;6
2018;240;20;40;45;25;0.05;100000;99707;-0.3;0.39;81;-263.4;0.6296;102;21;60;0
2018;241;20;40;20;30;0.05;100000;99702;-0.3;0.59;85;-119.0;0.4000;68;0;68;17
2018;242;20;40;60;80;0.05;100000;99701;-0.3;0.47;56;-358.4;0.4107;46;0;46;10
2018;243;20;40;70;80;0.05;100000;99695;-0.3;0.43;55;-427.0;0.4455;49;0;49;6
2018;244;20;40;65;80;0.05;100000;99683;-0.3;0.46;55;-412.0;0.4273;47;0;47;8
2018;245;20;40;50;60;0.05;100000;99679;-0.3;0.43;65;-321.0;0.4385;57;0;57;8
2018;246;20;40;80;25;0.05;100000;99678;-0.3;0.52;65;-516.0;0.7308;95;30;35;0
2018;247;20;40;55;85;0.05;100000;99674;-0.3;0.53;56;-358.4;0.3750;42;0;42;14
2018;248;20;40;30;70;0.05;100000;99668;-0.3;0.79;70;-198.0;0.2929;41;0;41;29
2018;249;20;40;30;65;0.05;100000;99663;-0.3;0.80;76;-201.4;0.3092;47;0;47;29
2018;250;20;40;60;90;0.05;100000;99662;-0.3;0.42;54;-405.6;0.3796;41;0;41;13
2018;251;20;40;60;75;0.05;100000;99655;-0.3;0.41;49;-413.6;0.4184;41;0;41;8
2018;252;20;40;15;10;0.05;100000;99642;-0.4;0.57;91;-107.4;0.6044;110;19;72;0
2018;253;20;40;50;70;0.05;100000;99639;-0.4;0.61;58;-361.2;0.3966;46;0;46;12
2018;254;20;40;50;10;0.05;100000;99638;-0.4;0.37;87;-361.8;0.8103;141;54;33;0
2018;255;20;40;35;65;0.05;100000;99635;-0.4;0.72;68;-255.2;0.3382;46;0;46;22
2018;256;20;40;70;95;0.05;100000;99631;-0.4;0.60;48;-517.2;0.3958;38;0;38;10
2018;257;20;40;45;75;0.05;100000;99614;-0.4;0.66;55;-347.0;0.3545;39;0;39;16
2018;258;20;40;55;80;0.05;100000;99606;-0.4;0.51;56;-433.4;0.3839;43;0;43;13
2018;259;20;40;40;35;0.05;100000;99596;-0.4;0.45;74;-323.6;0.5135;76;2;72;0
2018;260;20;40;20;35;0.05;100000;99592;-0.4;0.66;77;-162.8;0.3571;55;0;55;22
2018;261;20;40;45;20;0.05;100000;99590;-0.4;0.50;78;-369.2;0.6667;104;26;52;0
2018;262;20;40;40;20;0.05;100000;99580;-0.4;0.49;69;-336.6;0.6377;88;19;50;0
2018;263;20;40;40;70;0.05;100000;99579;-0.4;0.69;69;-336.6;0.3478;48;0;48;21
2018;264;20;40;35;100;0.05;100000;99573;-0.4;1.04;59;-297.6;0.2458;29;0;29;30
2018;265;20;40;40;50;0.05;100000;99569;-0.4;0.54;75;-345.0;0.4267;64;0;64;11
2018;266;20;40;25;65;0.05;100000;99565;-0.4;0.97;69;-216.6;0.2681;37;0;37;32
2018;267;20;40;15;15;0.05;100000;99553;-0.4;0.45;96;-134.4;0.5000;96;0;96;0
2018;268;20;40;45;50;0.05;100000;99550;-0.5;0.52;72;-405.8;0.4514;65;0;65;7
2018;269;20;40;40;30;0.05;100000;99543;-0.5;0.56;69;-366.6;0.5435;75;6;63;0
2018;270;20;40;55;95;0.05;100000;99542;-0.5;0.60;53;-504.2;0.3396;36;0;36;17
2018;271;20;40;40;60;0.05;100000;99535;-0.5;0.87;66;-372.4;0.3788;50;0;50;16
2018;272;20;40;45;55;0.05;100000;99530;-0.5;0.84;67;-423.8;0.4254;57;0;57;10
2018;273;20;40;50;20;0.05;100000;99504;-0.5;0.56;76;-496.4;0.6776;103;27;49;0
2018;274;20;40;25;35;0.05;100000;99490;-0.5;0.68;75;-255.0;0.4000;60;0;60;15
2018;275;20;40;30;55;0.05;100000;99471;-0.5;1.25;73;-317.2;0.3356;49;0;49;24
2018;276;20;40;45;65;0.05;100000;99469;-0.5;0.79;63;-478.2;0.3810;48;0;48;15
2018;277;20;40;40;75;0.05;100000;99459;-0.5;0.92;59;-432.6;0.3220;38;0;38;21
2018;278;20;40;30;75;0.05;100000;99459;-0.5;0.87;60;-324.0;0.2667;32;0;32;28
2018;279;20;40;40;15;0.05;100000;99443;-0.6;0.65;69;-446.6;0.6812;94;25;44;0
2018;280;20;40;65;90;0.05;100000;99442;-0.6;0.78;48;-727.2;0.3750;36;0;36;12
2018;281;20;40;45;60;0.05;100000;99436;-0.6;0.76;63;-508.2;0.3968;50;0;50;13
2018;282;20;40;45;30;0.05;100000;99432;-0.6;0.60;77;-512.8;0.5649;87;10;67;0
2018;283;20;40;40;10;0.05;100000;99401;-0.6;0.63;79;-480.6;0.7532;119;40;39;0
2018;284;20;40;45;10;0.05;100000;99394;-0.6;0.62;80;-547.0;0.7688;123;43;37;0
2018;285;20;40;20;10;0.05;100000;99382;-0.6;0.71;77;-247.8;0.6364;98;21;56;0
2018;286;20;40;30;10;0.05;100000;99370;-0.6;0.84;85;-379.0;0.7118;121;36;49;0
2018;287;20;40;35;85;0.05;100000;99370;-0.6;0.92;65;-441.0;0.2692;35;0;35;30
2018;288;20;40;20;15;0.05;100000;99358;-0.6;0.74;84;-257.6;0.5476;92;8;76;0
2018;289;20;40;10;10;0.05;100000;99351;-0.6;0.65;93;-130.2;0.5000;93;0;93;0
2018;290;20;40;20;25;0.05;100000;99349;-0.7;0.81;90;-261.0;0.4278;77;0;77;13
2018;291;20;40;25;10;0.05;100000;99346;-0.7;0.68;84;-327.6;0.6786;114;30;54;0
2018;292;20;40;45;95;0.05;100000;99326;-0.7;1.13;48;-607.2;0.2812;27;0;27;21
2018;293;20;40;45;15;0.05;100000;99325;-0.7;0.75;71;-609.4;0.6901;98;27;44;0
2018;294;20;40;50;95;0.05;100000;99325;-0.7;0.73;51;-676.4;0.3039;31;0;31;20
2018;295;20;40;55;90;0.05;100000;99318;-0.7;0.76;51;-751.4;0.3333;34;0;34;17
2018;296;20;40;10;15;0.05;100000;99265;-0.7;0.90;91;-147.4;0.3956;72;0;72;19
2018;297;20;40;25;70;0.05;100000;99264;-0.7;0.91;70;-368.0;0.2429;34;0;34;36
2018;298;20;40;30;15;0.05;100000;99247;-0.8;0.93;88;-453.2;0.6250;110;22;66;0
2018;299;20;40;40;100;0.05;100000;99231;-0.8;1.07;54;-615.6;0.2500;27;0;27;27
2018;300;20;40;25;15;0.05;100000;99174;-0.8;0.89;89;-414.6;0.5843;104;15;74;0
2018;301;20;40;35;55;0.05;100000;99162;-0.8;1.39;70;-588.0;0.3500;49;0;49;21
2018;302;20;40;50;80;0.05;100000;99134;-0.9;1.01;56;-868.4;0.3304;37;0;37;19
2018;303;20;40;45;100;0.05;100000;99054;-0.9;1.22;49;-853.6;0.2551;25;0;25;24
2018;304;20;40;20;60;0.05;100000;99038;-1.0;1.21;75;-385.0;0.2267;34;0;34;41
2018;305;20;40;35;90;0.05;100000;99035;-1.0;1.29;55;-677.0;0.2364;26;0;26;29
2018;306;20;40;50;90;0.05;100000;99032;-1.0;1.03;51;-971.4;0.2941;30;0;30;21
2018;307;20;40;30;60;0.05;100000;99023;-1.0;1.39;77;-587.8;0.2987;46;0;46;31
2018;308;20;40;40;80;0.05;100000;98988;-1.0;1.20;66;-812.4;0.2879;38;0;38;28
2018;309;20;40;35;95;0.05;100000;98981;-1.0;1.25;61;-715.4;0.2295;28;0;28;33
2018;310;20;40;25;55;0.05;100000;98944;-1.1;1.23;71;-529.4;0.2746;39;0;39;32
2018;311;20;40;25;75;0.05;100000;98926;-1.1;1.22;63;-538.2;0.2143;27;0;27;36
2018;312;20;40;30;85;0.05;100000;98910;-1.1;1.33;65;-656.0;0.2231;29;0;29;36
2018;313;20;40;40;65;0.05;100000;98874;-1.1;1.26;64;-904.6;0.3203;41;0;41;23
2018;314;20;40;45;80;0.05;100000;98848;-1.2;1.24;62;-1041.8;0.2984;37;0;37;25
2018;315;20;40;40;95;0.05;100000;98794;-1.2;1.49;60;-969.0;0.2417;29;0;29;31
2018;316;20;40;50;100;0.05;100000;98787;-1.2;1.23;49;-1218.6;0.2551;25;0;25;24
2018;317;20;40;45;90;0.05;100000;98770;-1.2;1.34;55;-1112.0;0.2636;29;0;29;26
2018;318;20;40;40;85;0.05;100000;98752;-1.2;1.57;63;-1003.2;0.2619;33;0;33;30
2018;319;20;40;30;90;0.05;100000;98671;-1.3;1.33;58;-801.2;0.1983;23;0;23;35
2018;320;20;40;25;60;0.05;100000;98662;-1.3;1.40;66;-672.4;0.2424;32;0;32;34
2018;321;20;40;40;90;0.05;100000;98455;-1.5;1.64;60;-1244.0;0.2333;28;0;28;32
2019;1;20;40;25;75;0.50;100000;107193;7.2;5.52;32;355.2;0.3125;20;0;20;12
2019;2;20;40;30;85;0.50;100000;104660;4.7;6.60;31;281.6;0.3065;19;0;19;12
2019;3;20;40;25;50;0.50;100000;104152;4.2;4.63;31;206.6;0.3871;24;0;24;7
2019;4;20;40;20;45;0.50;100000;103643;3.6;4.44;31;146.6;0.3548;22;0;22;9
2019;5;20;40;20;50;0.50;100000;103580;3.6;5.51;32;145.2;0.3281;21;0;21;11
2019;6;20;40;15;30;0.50;100000;103552;3.6;2.44;31;106.6;0.3871;24;0;24;7
2019;7;20;40;10;30;0.50;100000;103358;3.4;5.74;36;69.6;0.2917;21;0;21;15
2019;8;20;40;35;55;0.50;100000;103111;3.1;2.53;31;216.6;0.4355;27;0;27;4
2019;9;20;40;30;80;0.50;100000;103030;3.0;5.92;31;186.6;0.3065;19;0;19;12
2019;10;20;40;35;45;0.50;100000;102694;2.7;1.52;31;186.6;0.4839;30;0;30;1
2019;11;20;40;25;40;0.50;100000;101194;1.2;3.76;38;61.8;0.4079;31;0;31;7
2019;12;20;40;40;45;0.50;100000;100373;0.4;1.48;32;30.2;0.4844;31;0;31;1
2019;13;20;40;40;20;0.50;100000;100365;0.4;1.84;35;31.0;0.6857;48;13;22;0
2019;14;20;40;20;10;0.50;100000;100216;0.2;2.59;36;9.6;0.6944;50;14;22;0
2019;15;20;40;15;20;0.50;100000;100202;0.2;2.69;31;6.6;0.4516;28;0;28;3
2019;16;20;40;10;15;0.35;100000;100019;0.0;1.61;35;1.0;0.4286;30;0;30;5
2019;17;20;40;45;15;0.05;100000;99985;-0.0;0.24;31;-13.4;0.7581;47;16;15;0
2019;18;20;40;40;15;0.05;100000;99975;-0.0;0.21;32;-19.8;0.7344;47;15;17;0
2019;19;20;40;85;10;0.05;100000;99970;-0.0;0.23;33;-51.2;0.8939;59;26;7;0
2019;20;20;40;80;10;0.05;100000;99967;-0.0;0.24;31;-53.4;0.8871;55;24;7;0
2019;21;20;40;60;10;0.05;100000;99959;-0.0;0.25;35;-49.0;0.8571;60;25;10;0
2019;22;20;40;45;10;0.05;100000;99949;-0.1;0.29;33;-46.2;0.8182;54;21;12;0
2019;23;20;40;90;10;0.05;100000;99931;-0.1;0.27;31;-123.4;0.8871;55;24;7;0
2019;24;20;40;65;10;0.05;100000;99924;-0.1;0.23;31;-98.4;0.8548;53;22;9;0
2019;25;20;40;70;10;0.05;100000;99894;-0.1;0.25;35;-149.0;0.8571;60;25;10;0
2019;26;20;40;55;10;0.05;100000;99891;-0.1;0.37;32;-119.8;0.8281;53;21;11;0
2019;27;20;40;20;20;0.05;100000;99878;-0.1;0.12;35;-49.0;0.5000;35;0;35;0
2019;28;20;40;75;15;0.05;100000;99868;-0.1;0.23;34;-197.6;0.8088;55;21;13;0
2019;29;20;40;45;40;0.05;100000;99867;-0.1;0.18;32;-119.8;0.5156;33;1;31;0
2019;30;20;40;70;15;0.05;100000;99845;-0.2;0.31;34;-217.6;0.7941;54;20;14;0
2019;31;20;40;50;10;0.05;100000;99830;-0.2;0.37;36;-170.4;0.8056;58;22;14;0
2019;32;20;40;80;30;0.05;100000;99829;-0.2;0.35;31;-273.4;0.6935;43;12;19;0
2019;33;20;40;15;15;0.05;100000;99818;-0.2;0.18;39;-54.6;0.5000;39;0;39;0
2019;34;20;40;40;25;0.05;100000;99790;-0.2;0.38;38;-168.2;0.5921;45;7;31;0
2019;35;20;40;85;30;0.05;100000;99783;-0.2;0.41;31;-368.4;0.6935;43;12;19;0
2019;36;20;40;20;15;0.05;100000;99767;-0.2;0.27;31;-93.4;0.5484;34;3;28;0
2019;37;20;40;15;40;0.05;100000;99766;-0.2;0.52;32;-69.8;0.2656;17;0;17;15
2019;38;20;40;50;20;0.05;100000;99765;-0.2;0.47;32;-234.8;0.6719;43;11;21;0
2019;39;20;40;15;45;0.05;100000;99754;-0.2;0.63;31;-73.4;0.2419;15;0;15;16
2019;40;20;40;85;15;0.05;100000;99749;-0.3;0.37;34;-427.6;0.7941;54;20;14;0
2019;41;20;40;10;10;0.05;100000;99741;-0.3;0.26;37;-51.8;0.5000;37;0;37;0
2019;42;20;40;45;20;0.05;100000;99741;-0.3;0.39;31;-233.4;0.6452;40;9;22;0
2019;43;20;40;55;35;0.05;100000;99724;-0.3;0.38;31;-303.4;0.5645;35;4;27;0
2019;44;20;40;30;10;0.05;100000;99716;-0.3;0.35;36;-170.4;0.7083;51;15;21;0
2019;45;20;40;50;25;0.05;100000;99707;-0.3;0.48;31;-293.4;0.6129;38;7;24;0
2019;46;20;40;75;25;0.05;100000;99704;-0.3;0.44;32;-444.8;0.6875;44;12;20;0
2019;47;20;40;45;35;0.05;100000;99697;-0.3;0.34;31;-273.4;0.5161;32;1;30;0
2019;48;20;40;30;15;0.05;100000;99678;-0.3;0.39;31;-193.4;0.6129;38;7;24;0
2019;49;20;40;20;40;0.05;100000;99677;-0.3;0.50;35;-129.0;0.3143;22;0;22;13
2019;50;20;40;15;10;0.05;100000;99670;-0.3;0.36;35;-99.0;0.5714;40;5;30;0
2019;51;20;40;10;20;0.05;100000;99449;-0.6;0.73;36;-110.4;0.3056;22;0;22;14
2020;1;20;40;30;70;0.50;100000;115833;15.8;4.53;75;895.0;0.3667;55;0;55;20
2020;2;20;40;20;60;0.50;100000;112036;12.0;5.94;91;472.6;0.2912;53;0;53;38
2020;3;20;40;25;65;0.50;100000;111397;11.4;6.99;82;555.2;0.3232;53;0;53;29
2020;4;20;40;25;70;0.50;100000;110304;10.3;5.95;77;507.2;0.3052;47;0;47;30
2020;5;20;40;25;75;0.50;100000;108687;8.7;6.89;81;436.6;0.2840;46;0;46;35
2020;6;20;40;40;65;0.50;100000;108386;8.4;4.18;81;651.6;0.4259;69;0;69;12
2020;7;20;40;35;70;0.50;100000;108202;8.2;3.78;73;562.8;0.3767;55;0;55;18
2020;8;20;40;40;70;0.50;100000;107351;7.4;3.97;74;576.4;0.4054;60;0;60;14
2020;9;20;40;45;75;0.50;100000;106611;6.6;2.59;75;585.0;0.4133;62;0;62;13
2020;10;20;40;30;75;0.50;100000;106457;6.5;8.79;74;391.4;0.3176;47;0;47;27
2020;11;20;40;45;65;0.50;100000;106280;6.3;2.32;83;553.8;0.4458;74;0;74;9
2020;12;20;40;50;70;0.50;100000;106145;6.1;3.23;71;600.6;0.4577;65;0;65;6
2020;13;20;40;30;65;0.50;100000;105808;5.8;6.96;84;352.4;0.3452;58;0;58;26
2020;14;20;40;50;30;0.50;100000;105791;5.8;1.99;93;569.8;0.6720;125;32;61;0
2020;15;20;40;40;15;0.50;100000;105730;5.7;2.09;110;451.0;0.7773;171;61;49;0
2020;16;20;40;35;65;0.50;100000;105541;5.5;7.81;80;388.0;0.3812;61;0;61;19
2020;17;20;40;25;40;0.50;100000;105161;5.2;3.97;105;258.0;0.4143;87;0;87;18
2020;18;20;40;40;90;0.50;100000;104912;4.9;6.29;59;397.4;0.3390;40;0;40;19
2020;19;20;40;20;30;0.50;100000;104879;4.9;3.79;104;194.4;0.4327;90;0;90;14
2020;20;20;40;45;70;0.50;100000;104615;4.6;4.39;76;413.6;0.4211;64;0;64;12
2020;21;20;40;45;90;0.50;100000;104549;4.5;4.03;59;412.4;0.3644;43;0;43;16
2020;22;20;40;35;75;0.50;100000;104488;4.5;7.93;71;320.6;0.3451;49;0;49;22
2020;23;20;40;40;75;0.50;100000;104314;4.3;5.20;72;349.2;0.3750;54;0;54;18
2020;24;20;40;40;95;0.50;100000;104257;4.3;4.62;67;351.2;0.3209;43;0;43;24
2020;25;20;40;75;50;0.50;100000;104206;4.2;2.34;71;625.6;0.6408;91;20;51;0
2020;26;20;40;100;90;0.50;100000;104199;4.2;1.18;44;828.4;0.5795;51;7;37;0
2020;27;20;40;55;70;0.50;100000;104168;4.2;2.66;70;452.0;0.4714;66;0;66;4
2020;28;20;40;50;85;0.50;100000;103933;3.9;3.19;64;395.4;0.3984;51;0;51;13
2020;29;20;40;30;80;0.50;100000;103906;3.9;9.20;73;247.8;0.2945;43;0;43;30
2020;30;20;40;35;90;0.50;100000;103659;3.7;7.64;68;269.8;0.3015;41;0;41;27
2020;31;20;40;45;60;0.50;100000;103484;3.5;3.29;77;312.2;0.4545;70;0;70;7
2020;32;20;40;100;70;0.50;100000;103377;3.4;2.15;49;671.4;0.6327;62;13;36;0
2020;33;20;40;80;75;0.50;100000;103279;3.3;1.37;64;520.4;0.5469;70;6;58;0
2020;34;20;40;25;15;0.50;100000;103237;3.2;4.52;105;163.0;0.6619;139;34;71;0
2020;35;20;40;20;15;0.50;100000;103235;3.2;3.05;100;130.0;0.6100;122;22;78;0
2020;36;20;40;80;65;0.50;100000;103216;3.2;1.62;66;512.6;0.5833;77;11;55;0
2020;37;20;40;50;35;0.50;100000;103078;3.1;1.96;90;309.0;0.6167;111;21;69;0
2020;38;20;40;100;75;0.50;100000;103037;3.0;1.86;50;605.0;0.6100;61;11;39;0
2020;39;20;40;80;70;0.50;100000;102878;2.9;1.49;65;459.0;0.5615;73;8;57;0
2020;40;20;40;25;60;0.50;100000;102834;2.8;7.51;83;153.8;0.3133;52;0;52;31
2020;41;20;40;60;70;0.50;100000;102731;2.7;1.51;68;324.8;0.4853;66;0;66;2
2020;42;20;40;35;40;0.50;100000;102716;2.7;1.52;94;188.4;0.4894;92;0;92;2
2020;43;20;40;40;100;0.50;100000;102642;2.6;6.30;54;224.4;0.3056;33;0;33;21
2020;44;20;40;100;85;0.50;100000;102629;2.6;1.23;47;524.2;0.5745;54;7;40;0
2020;45;20;40;55;100;0.50;100000;102624;2.6;3.12;53;295.8;0.3774;40;0;40;13
2020;46;20;40;40;80;0.50;100000;102624;2.6;6.15;71;220.6;0.3521;50;0;50;21
2020;47;20;40;100;95;0.50;100000;102472;2.5;0.88;45;492.0;0.5444;49;4;41;0
2020;48;20;40;85;65;0.50;100000;102398;2.4;1.50;58;408.8;0.5948;69;11;47;0
2020;49;20;40;100;80;0.50;100000;102386;2.4;1.46;45;477.0;0.5889;53;8;37;0
2020;50;20;40;85;60;0.50;100000;102140;2.1;1.58;63;366.8;0.6111;77;14;49;0
2020;51;20;40;90;30;0.50;100000;102071;2.1;2.70;74;376.4;0.7770;115;41;33;0
2020;52;20;40;80;55;0.50;100000;102060;2.1;2.44;59;332.4;0.6186;73;14;45;0
2020;53;20;40;75;70;0.50;100000;101972;2.0;1.31;67;296.2;0.5373;72;5;62;0
2020;54;20;40;100;15;0.50;100000;101943;1.9;1.65;86;389.6;0.8953;154;68;18;0
2020;55;20;40;55;95;0.50;100000;101847;1.8;4.68;56;211.6;0.3839;43;0;43;13
2020;56;20;40;55;65;0.50;100000;101806;1.8;2.51;79;199.4;0.4747;75;0;75;4
2020;57;20;40;100;65;0.50;100000;101790;1.8;2.74;49;361.4;0.6327;62;13;36;0
2020;58;20;40;45;30;0.50;100000;101686;1.7;3.19;82;155.2;0.6220;102;20;62;0
2020;59;20;40;60;35;0.50;100000;101672;1.7;2.04;75;205.0;0.6533;98;23;52;0
2020;60;20;40;90;20;0.50;100000;101613;1.6;2.22;76;293.6;0.8421;128;52;24;0
2020;61;20;40;85;40;0.50;100000;101534;1.5;2.80;67;266.2;0.7015;94;27;40;0
2020;62;20;40;30;15;0.50;100000;101515;1.5;2.96;104;94.4;0.6923;144;40;64;0
2020;63;20;40;50;65;0.50;100000;101507;1.5;4.03;79;154.4;0.4494;71;0;71;8
2020;64;20;40;55;40;0.50;100000;101405;1.4;2.85;83;158.8;0.5964;99;16;67;0
2020;65;20;40;80;85;0.50;100000;101405;1.4;0.50;62;223.2;0.5000;62;0;62;0
2020;66;20;40;100;35;0.50;100000;101322;1.3;2.47;61;269.6;0.7623;93;32;29;0
2020;67;20;40;55;30;0.50;100000;101290;1.3;2.76;91;147.6;0.6648;121;30;61;0
2020;68;20;40;50;90;0.50;100000;101287;1.3;3.74;58;138.8;0.3707;43;0;43;15
2020;69;20;40;55;90;0.50;100000;101212;1.2;2.91;56;141.6;0.3929;44;0;44;12
2020;70;20;40;50;60;0.50;100000;101186;1.2;2.75;78;120.8;0.4679;73;0;73;5
2020;71;20;40;45;85;0.50;100000;101155;1.2;3.41;67;116.2;0.3582;48;0;48;19
2020;72;20;40;95;45;0.50;100000;101149;1.1;2.29;61;224.6;0.6967;85;24;37;0
2020;73;20;40;20;40;0.50;100000;101143;1.1;7.47;90;54.0;0.3500;63;0;63;27
2020;74;20;40;50;25;0.50;100000;101070;1.1;2.37;98;112.8;0.6837;134;36;62;0
2020;75;20;40;35;25;0.50;100000;101050;1.1;2.84;88;76.8;0.6023;106;18;70;0
2020;76;20;40;90;95;0.50;100000;101045;1.0;0.50;52;187.2;0.5000;52;0;52;0
2020;77;20;40;70;85;0.50;100000;100993;1.0;2.36;56;141.6;0.4643;52;0;52;4
2020;78;20;40;50;10;0.50;100000;100925;0.9;1.64;89;95.4;0.8539;152;63;26;0
2020;79;20;40;90;85;0.50;100000;100916;0.9;1.42;56;166.6;0.5268;59;3;53;0
2020;80;20;40;65;70;0.50;100000;100871;0.9;1.51;69;113.4;0.4928;68;0;68;1
2020;81;20;40;30;10;0.50;100000;100853;0.9;3.38;104;54.4;0.7740;161;57;47;0
2020;82;20;40;50;40;0.50;100000;100844;0.8;3.25;87;88.2;0.5690;99;12;75;0
2020;83;20;40;35;30;0.50;100000;100840;0.8;2.75;92;61.2;0.5543;102;10;82;0
2020;84;20;40;85;15;0.50;100000;100744;0.7;2.00;85;131.0;0.8647;147;62;23;0
2020;85;20;40;35;10;0.50;100000;100738;0.7;3.68;107;55.2;0.7991;171;64;43;0
2020;86;20;40;85;75;0.50;100000;100732;0.7;1.89;59;127.4;0.5424;64;5;54;0
2020;87;20;40;90;10;0.50;100000;100703;0.7;2.08;93;129.8;0.9140;170;77;16;0
2020;88;20;40;85;55;0.50;100000;100680;0.7;1.70;63;121.8;0.6190;78;15;48;0
2020;89;20;40;90;75;0.50;100000;100651;0.7;2.74;53;120.8;0.5566;59;6;47;0
2020;90;20;40;80;35;0.50;100000;100639;0.6;3.50;72;109.2;0.7083;102;30;42;0
2020;91;20;40;80;60;0.50;100000;100631;0.6;2.02;67;106.2;0.5821;78;11;56;0
2020;92;20;40;40;45;0.50;100000;100623;0.6;3.34;85;51.0;0.4824;82;0;82;3
2020;93;20;40;100;30;0.50;100000;100618;0.6;1.63;71;130.6;0.7817;111;40;31;0
2020;94;20;40;60;40;0.50;100000;100569;0.6;2.50;76;73.6;0.6118;93;17;59;0
2020;95;20;40;50;45;0.50;100000;100557;0.6;1.78;80;58.0;0.5375;86;6;74;0
2020;96;20;40;55;20;0.50;100000;100555;0.6;3.41;95;67.0;0.7474;142;47;48;0
2020;97;20;40;85;25;0.50;100000;100546;0.5;2.31;79;99.4;0.7848;124;45;34;0
2020;98;20;40;90;15;0.50;100000;100538;0.5;1.56;88;101.8;0.8693;153;65;23;0
2020;99;20;40;65;95;0.50;100000;100528;0.5;2.48;53;75.8;0.4151;44;0;44;9
2020;100;20;40;75;60;0.50;100000;100416;0.4;2.55;70;67.0;0.5643;79;9;61;0
2020;101;20;40;65;90;0.50;100000;100398;0.4;3.88;55;58.0;0.4273;47;0;47;8
2020;102;20;40;100;50;0.50;100000;100315;0.3;3.12;57;70.2;0.6754;77;20;37;0
2020;103;20;40;45;15;0.50;100000;100293;0.3;3.38;106;31.6;0.7642;162;56;50;0
2020;104;20;40;95;75;0.50;100000;100270;0.3;1.74;53;55.8;0.5660;60;7;46;0
2020;105;20;40;75;65;0.50;100000;100257;0.3;1.93;70;42.0;0.5429;76;6;64;0
2020;106;20;40;80;25;0.50;100000;100125;0.1;3.03;74;26.4;0.7703;114;40;34;0
2020;107;20;40;35;95;0.35;100000;100122;0.1;4.55;67;26.2;0.2761;37;0;37;30
2020;108;20;40;75;55;0.50;100000;100091;0.1;2.46;72;19.2;0.5833;84;12;60;0
2020;109;20;40;100;45;0.50;100000;100086;0.1;2.45;51;23.6;0.6961;71;20;31;0
2020;110;20;40;50;20;0.40;100000;100041;0.0;2.28;100;10.0;0.7250;145;45;55;0
2020;111;20;40;65;60;0.50;100000;100038;0.0;2.40;77;7.2;0.5260;81;4;73;0
2020;112;20;40;100;60;0.40;100000;100020;0.0;1.74;50;10.0;0.6300;63;13;37;0
2020;113;20;40;65;15;0.15;100000;100003;0.0;0.90;98;2.8;0.8214;161;63;35;0
2020;114;20;40;60;30;0.05;100000;99999;-0.0;0.37;86;-0.4;0.6744;116;30;56;0
2020;115;20;40;95;25;0.05;100000;99996;-0.0;0.24;69;-6.6;0.7971;110;41;28;0
2020;116;20;40;80;95;0.05;100000;99996;-0.0;0.28;51;-6.4;0.4608;47;0;47;4
2020;117;20;40;20;35;0.05;100000;99995;-0.0;0.50;101;-1.4;0.3762;76;0;76;25
2020;118;20;40;50;80;0.05;100000;99994;-0.0;0.55;68;-5.2;0.3897;53;0;53;15
2020;119;20;40;55;15;0.05;100000;99993;-0.0;0.27;105;-7.0;0.7952;167;62;43;0
2020;120;20;40;50;15;0.05;100000;99992;-0.0;0.34;102;-7.8;0.7794;159;57;45;0
2020;121;20;40;60;95;0.05;100000;99989;-0.0;0.39;55;-12.0;0.3909;43;0;43;12
2020;122;20;40;95;30;0.05;100000;99988;-0.0;0.21;70;-23.0;0.7643;107;37;33;0
2020;123;20;40;50;55;0.05;100000;99987;-0.0;0.25;84;-12.6;0.4821;81;0;81;3
2020;124;20;40;95;85;0.05;100000;99978;-0.0;0.19;51;-41.4;0.5294;54;3;48;0
2020;125;20;40;60;55;0.05;100000;99978;-0.0;0.17;76;-26.4;0.5263;80;4;72;0
2020;126;20;40;80;10;0.05;100000;99977;-0.0;0.22;90;-36.0;0.8944;161;71;19;0
2020;127;20;40;80;90;0.05;100000;99977;-0.0;0.16;55;-37.0;0.4727;52;0;52;3
2020;128;20;40;100;10;0.05;100000;99975;-0.0;0.25;92;-48.8;0.9130;168;76;16;0
2020;129;20;40;45;80;0.05;100000;99973;-0.0;0.64;70;-23.0;0.3643;51;0;51;19
2020;130;20;40;95;70;0.05;100000;99972;-0.0;0.26;52;-52.8;0.5769;60;8;44;0
2020;131;20;40;95;20;0.05;100000;99970;-0.0;0.23;79;-55.6;0.8291;131;52;27;0
2020;132;20;40;100;100;0.05;100000;99970;-0.0;0.03;43;-60.2;0.5000;43;0;43;0
2020;133;20;40;70;10;0.05;100000;99965;-0.0;0.25;92;-48.8;0.8804;162;70;22;0
2020;134;20;40;95;95;0.05;100000;99962;-0.0;0.04;52;-72.8;0.5000;52;0;52;0
2020;135;20;40;85;35;0.05;100000;99960;-0.0;0.25;69;-66.6;0.7101;98;29;40;0
2020;136;20;40;90;90;0.05;100000;99957;-0.0;0.04;55;-77.0;0.5000;55;0;55;0
2020;137;20;40;90;70;0.05;100000;99956;-0.0;0.35;56;-78.4;0.5625;63;7;49;0
2020;138;20;40;95;50;0.05;100000;99954;-0.0;0.31;55;-87.0;0.6545;72;17;38;0
2020;139;20;40;60;90;0.05;100000;99953;-0.0;0.69;61;-55.4;0.4016;49;0;49;12
2020;140;20;40;25;30;0.05;100000;99950;-0.1;0.41;100;-25.0;0.4650;93;0;93;7
2020;141;20;40;85;85;0.05;100000;99949;-0.1;0.05;62;-86.8;0.5000;62;0;62;0
2020;142;20;40;30;40;0.05;100000;99945;-0.1;0.82;102;-32.8;0.4363;89;0;89;13
2020;143;20;40;70;90;0.05;100000;99944;-0.1;0.44;56;-78.4;0.4375;49;0;49;7
2020;144;20;40;80;80;0.05;100000;99943;-0.1;0.06;65;-91.0;0.5000;65;0;65;0
2020;145;20;40;85;20;0.05;100000;99940;-0.1;0.23;79;-100.6;0.8101;128;49;30;0
2020;146;20;40;85;95;0.05;100000;99940;-0.1;0.24;51;-101.4;0.4706;48;0;48;3
2020;147;20;40;90;60;0.05;100000;99936;-0.1;0.42;61;-115.4;0.5984;73;12;49;0
2020;148;20;40;90;80;0.05;100000;99935;-0.1;0.27;55;-117.0;0.5273;58;3;52;0
2020;149;20;40;70;95;0.05;100000;99933;-0.1;0.25;52;-92.8;0.4231;44;0;44;8
2020;150;20;40;75;75;0.05;100000;99933;-0.1;0.07;72;-100.8;0.5000;72;0;72;0
2020;151;20;40;50;95;0.05;100000;99932;-0.1;0.48;55;-67.0;0.3455;38;0;38;17
2020;152;20;40;55;25;0.05;100000;99932;-0.1;0.35;89;-74.6;0.6910;123;34;55;0
2020;153;20;40;70;70;0.05;100000;99931;-0.1;0.07;69;-96.6;0.5000;69;0;69;0
2020;154;20;40;20;45;0.05;100000;99930;-0.1;0.94;87;-26.8;0.3161;55;0;55;32
2020;155;20;40;95;80;0.05;100000;99928;-0.1;0.26;51;-136.4;0.5392;55;4;47;0
2020;156;20;40;35;45;0.05;100000;99925;-0.1;0.42;87;-51.8;0.4425;77;0;77;10
2020;157;20;40;95;60;0.05;100000;99925;-0.1;0.33;55;-142.0;0.6091;67;12;43;0
2020;158;20;40;60;10;0.05;100000;99925;-0.1;0.35;93;-90.2;0.8602;160;67;26;0
2020;159;20;40;95;15;0.05;100000;99922;-0.1;0.31;91;-147.4;0.8626;157;66;25;0
2020;160;20;40;65;65;0.05;100000;99917;-0.1;0.08;77;-107.8;0.5000;77;0;77;0
2020;161;20;40;60;60;0.05;100000;99914;-0.1;0.09;74;-103.6;0.5000;74;0;74;0
2020;162;20;40;85;30;0.05;100000;99912;-0.1;0.44;74;-148.6;0.7365;109;35;39;0
2020;163;20;40;35;15;0.05;100000;99912;-0.1;0.44;108;-61.2;0.7083;153;45;63;0
2020;164;20;40;45;25;0.05;100000;99912;-0.1;0.37;92;-78.8;0.6467;119;27;65;0
2020;165;20;40;45;10;0.05;100000;99903;-0.1;0.44;87;-86.8;0.8218;143;56;31;0
2020;166;20;40;100;25;0.05;100000;99902;-0.1;0.37;68;-195.2;0.7941;108;40;28;0
2020;167;20;40;30;85;0.05;100000;99899;-0.1;1.31;74;-58.6;0.2635;39;0;39;35
2020;168;20;40;55;55;0.05;100000;99893;-0.1;0.11;84;-117.6;0.5000;84;0;84;0
2020;169;20;40;80;45;0.05;100000;99892;-0.1;0.34;70;-173.0;0.6357;89;19;51;0
2020;170;20;40;85;10;0.05;100000;99889;-0.1;0.23;92;-188.8;0.8913;164;72;20;0
2020;171;20;40;55;45;0.05;100000;99888;-0.1;0.46;81;-123.4;0.5494;89;8;73;0
2020;172;20;40;95;35;0.05;100000;99887;-0.1;0.27;67;-213.8;0.7239;97;30;37;0
2020;173;20;40;50;50;0.05;100000;99887;-0.1;0.11;81;-113.4;0.5000;81;0;81;0
2020;174;20;40;45;55;0.05;100000;99885;-0.1;0.53;81;-103.4;0.4506;73;0;73;8
2020;175;20;40;80;50;0.05;100000;99884;-0.1;0.31;68;-185.2;0.6103;83;15;53;0
2020;176;20;40;90;65;0.05;100000;99882;-0.1;0.37;55;-212.0;0.5727;63;8;47;0
2020;177;20;40;95;65;0.05;100000;99882;-0.1;0.29;53;-224.2;0.5849;62;9;44;0
2020;178;20;40;55;35;0.05;100000;99877;-0.1;0.41;82;-134.8;0.6098;100;18;64;0
2020;179;20;40;70;15;0.05;100000;99875;-0.1;0.37;89;-174.6;0.8202;146;57;32;0
2020;180;20;40;60;100;0.05;100000;99874;-0.1;0.41;50;-150.0;0.3700;37;0;37;13
2020;181;20;40;45;45;0.05;100000;99868;-0.1;0.13;85;-119.0;0.5000;85;0;85;0
2020;182;20;40;75;95;0.05;100000;99864;-0.1;0.28;53;-204.2;0.4340;46;0;46;7
2020;183;20;40;35;55;0.05;100000;99864;-0.1;0.61;82;-94.8;0.3902;64;0;64;18
2020;184;20;40;75;10;0.05;100000;99850;-0.2;0.26;93;-225.2;0.8763;163;70;23;0
2020;185;20;40;40;40;0.05;100000;99836;-0.2;0.16;94;-131.6;0.5000;94;0;94;0
2020;186;20;40;90;55;0.05;100000;99834;-0.2;0.28;56;-298.4;0.6071;68;12;44;0
2020;187;20;40;90;50;0.05;100000;99832;-0.2;0.43;58;-301.2;0.6293;73;15;43;0
2020;188;20;40;55;60;0.05;100000;99830;-0.2;0.29;76;-186.4;0.4737;72;0;72;4
2020;189;20;40;95;90;0.05;100000;99825;-0.2;0.22;52;-332.8;0.5000;52;0;52;0
2020;190;20;40;85;70;0.05;100000;99824;-0.2;0.25;56;-298.4;0.5357;60;4;52;0
2020;191;20;40;85;45;0.05;100000;99821;-0.2;0.29;67;-303.8;0.6418;86;19;48;0
2020;192;20;40;75;90;0.05;100000;99820;-0.2;0.39;53;-269.2;0.4434;47;0;47;6
2020;193;20;40;35;85;0.05;100000;99817;-0.2;0.73;69;-126.6;0.2899;40;0;40;29
2020;194;20;40;65;75;0.05;100000;99817;-0.2;0.34;70;-238.0;0.4571;64;0;64;6
2020;195;20;40;35;35;0.05;100000;99816;-0.2;0.18;92;-128.8;0.5000;92;0;92;0
2020;196;20;40;65;10;0.05;100000;99816;-0.2;0.39;96;-239.4;0.8594;165;69;27;0
2020;197;20;40;60;65;0.05;100000;99814;-0.2;0.44;77;-222.8;0.4740;73;0;73;4
2020;198;20;40;45;100;0.05;100000;99814;-0.2;0.71;51;-166.4;0.3039;31;0;31;20
2020;199;20;40;100;40;0.05;100000;99812;-0.2;0.45;54;-375.6;0.6944;75;21;33;0
2020;200;20;40;85;90;0.05;100000;99810;-0.2;0.30;56;-323.4;0.4732;53;0;53;3
2020;201;20;40;95;10;0.05;100000;99809;-0.2;0.43;99;-363.6;0.8939;177;78;21;0
2020;202;20;40;95;55;0.05;100000;99806;-0.2;0.41;56;-368.4;0.6161;69;13;43;0
2020;203;20;40;75;85;0.05;100000;99805;-0.2;0.49;59;-292.6;0.4576;54;0;54;5
2020;204;20;40;55;75;0.05;100000;99799;-0.2;0.47;72;-220.8;0.4167;60;0;60;12
2020;205;20;40;55;50;0.05;100000;99798;-0.2;0.34;84;-222.6;0.5179;87;3;81;0
2020;206;20;40;45;35;0.05;100000;99787;-0.2;0.35;87;-191.8;0.5575;97;10;77;0
2020;207;20;40;90;25;0.05;100000;99782;-0.2;0.38;70;-393.0;0.7643;107;37;33;0
2020;208;20;40;70;65;0.05;100000;99781;-0.2;0.34;69;-306.6;0.5072;70;1;68;0
2020;209;20;40;60;75;0.05;100000;99781;-0.2;0.52;70;-263.0;0.4357;61;0;61;9
2020;210;20;40;40;10;0.05;100000;99780;-0.2;0.41;90;-176.0;0.7944;143;53;37;0
2020;211;20;40;100;55;0.05;100000;99778;-0.2;0.31;53;-444.2;0.6226;66;13;40;0
2020;212;20;40;55;10;0.05;100000;99774;-0.2;0.51;95;-248.0;0.8368;159;64;31;0
2020;213;20;40;50;100;0.05;100000;99769;-0.2;0.53;57;-229.8;0.3246;37;0;37;20
2020;214;20;40;30;30;0.05;100000;99767;-0.2;0.23;100;-140.0;0.5000;100;0;100;0
2020;215;20;40;85;80;0.05;100000;99767;-0.2;0.28;62;-396.8;0.5000;62;0;62;0
2020;216;20;40;45;20;0.05;100000;99759;-0.2;0.44;87;-216.8;0.6839;119;32;55;0
2020;217;20;40;75;20;0.05;100000;99757;-0.2;0.33;89;-364.6;0.7753;138;49;40;0
2020;218;20;40;60;15;0.05;100000;99755;-0.2;0.36;92;-293.8;0.7880;145;53;39;0
2020;219;20;40;60;80;0.05;100000;99755;-0.2;0.56;67;-293.8;0.4179;56;0;56;11
2020;220;20;40;90;35;0.05;100000;99744;-0.3;0.41;68;-460.2;0.6985;95;27;41;0
2020;221;20;40;80;40;0.05;100000;99738;-0.3;0.34;71;-419.4;0.6479;92;21;50;0
2020;222;20;40;25;20;0.05;100000;99736;-0.3;0.45;105;-132.0;0.5571;117;12;93;0
2020;223;20;40;55;85;0.05;100000;99728;-0.3;0.58;63;-298.2;0.3810;48;0;48;15
2020;224;20;40;80;20;0.05;100000;99724;-0.3;0.31;87;-441.8;0.7816;136;49;38;0
2020;225;20;40;60;50;0.05;100000;99718;-0.3;0.40;78;-339.2;0.5321;83;5;73;0
2020;226;20;40;80;30;0.05;100000;99717;-0.3;0.44;73;-452.2;0.7055;103;30;43;0
2020;227;20;40;95;40;0.05;100000;99716;-0.3;0.41;67;-538.8;0.6791;91;24;43;0
2020;228;20;40;65;50;0.05;100000;99711;-0.3;0.43;79;-375.6;0.5506;87;8;71;0
2020;229;20;40;25;25;0.05;100000;99709;-0.3;0.29;104;-145.6;0.5000;104;0;104;0
2020;230;20;40;90;40;0.05;100000;99688;-0.3;0.50;59;-562.6;0.6610;78;19;40;0
2020;231;20;40;45;50;0.05;100000;99687;-0.3;0.41;80;-282.0;0.4625;74;0;74;6
2020;232;20;40;40;30;0.05;100000;99684;-0.3;0.55;102;-252.8;0.5637;115;13;89;0
2020;233;20;40;75;15;0.05;100000;99684;-0.3;0.47;103;-474.2;0.8155;168;65;38;0
2020;234;20;40;90;45;0.05;100000;99679;-0.3;0.44;59;-577.6;0.6356;75;16;43;0
2020;235;20;40;45;40;0.05;100000;99679;-0.3;0.53;85;-289.0;0.5176;88;3;82;0
2020;236;20;40;20;10;0.05;100000;99679;-0.3;0.57;106;-128.4;0.6698;142;36;70;0
2020;237;20;40;60;25;0.05;100000;99678;-0.3;0.46;83;-386.2;0.6867;114;31;52;0
2020;238;20;40;25;10;0.05;100000;99677;-0.3;0.55;108;-161.2;0.7130;154;46;62;0
2020;239;20;40;65;55;0.05;100000;99677;-0.3;0.39;79;-420.6;0.5253;83;4;75;0
2020;240;20;40;95;100;0.05;100000;99675;-0.3;0.40;45;-618.0;0.4556;41;0;41;4
2020;241;20;40;85;50;0.05;100000;99662;-0.3;0.37;64;-574.6;0.6016;77;13;51;0
2020;242;20;40;70;75;0.05;100000;99655;-0.3;0.44;67;-483.8;0.4627;62;0;62;5
2020;243;20;40;75;35;0.05;100000;99654;-0.3;0.43;71;-519.4;0.6549;93;22;49;0
2020;244;20;40;25;55;0.05;100000;99649;-0.4;0.64;89;-174.6;0.3090;55;0;55;34
2020;245;20;40;100;20;0.05;100000;99648;-0.4;0.47;75;-705.0;0.8000;120;45;30;0
2020;246;20;40;40;60;0.05;100000;99642;-0.4;0.59;76;-286.4;0.3882;59;0;59;17
2020;247;20;40;25;45;0.05;100000;99641;-0.4;0.65;92;-178.8;0.3533;65;0;65;27
2020;248;20;40;20;20;0.05;100000;99637;-0.4;0.36;104;-145.6;0.5000;104;0;104;0
2020;249;20;40;75;40;0.05;100000;99633;-0.4;0.45;72;-550.8;0.6250;90;18;54;0
2020;250;20;40;70;60;0.05;100000;99633;-0.4;0.48;68;-515.2;0.5147;70;2;66;0
2020;251;20;40;80;100;0.05;100000;99623;-0.4;0.52;45;-603.0;0.4111;37;0;37;8
2020;252;20;40;40;20;0.05;100000;99618;-0.4;0.56;90;-306.0;0.6500;117;27;63;0
2020;253;20;40;65;100;0.05;100000;99616;-0.4;0.49;49;-498.6;0.3673;36;0;36;13
2020;254;20;40;85;100;0.05;100000;99615;-0.4;0.52;47;-655.8;0.4255;40;0;40;7
2020;255;20;40;75;30;0.05;100000;99601;-0.4;0.57;74;-598.6;0.6824;101;27;47;0
2020;256;20;40;35;20;0.05;100000;99598;-0.4;0.59;101;-281.4;0.6238;126;25;76;0
2020;257;20;40;30;60;0.05;100000;99598;-0.4;1.16;86;-240.4;0.3256;56;0;56;30
2020;258;20;40;80;15;0.05;100000;99596;-0.4;0.51;87;-646.8;0.8103;141;54;33;0
2020;259;20;40;20;25;0.05;100000;99595;-0.4;0.59;105;-162.0;0.4429;93;0;93;12
2020;260;20;40;40;50;0.05;100000;99585;-0.4;0.58;87;-331.8;0.4310;75;0;75;12
2020;261;20;40;30;25;0.05;100000;99576;-0.4;0.80;100;-255.0;0.5350;107;7;93;0
2020;262;20;40;65;85;0.05;100000;99561;-0.4;0.62;58;-571.2;0.4052;47;0;47;11
2020;263;20;40;60;45;0.05;100000;99561;-0.4;0.63;77;-527.8;0.5455;84;7;70;0
2020;264;20;40;45;95;0.05;100000;99560;-0.4;0.78;61;-395.4;0.3033;37;0;37;24
2020;265;20;40;75;25;0.05;100000;99558;-0.4;0.55;81;-663.4;0.7160;116;35;46;0
2020;266;20;40;35;80;0.05;100000;99555;-0.4;1.50;72;-310.8;0.2917;42;0;42;30
2020;267;20;40;70;45;0.05;100000;99553;-0.4;0.56;76;-626.4;0.5789;88;12;64;0
2020;268;20;40;65;30;0.05;100000;99549;-0.5;0.57;84;-587.6;0.6548;110;26;58;0
2020;269;20;40;55;80;0.05;100000;99548;-0.5;0.74;59;-497.6;0.3814;45;0;45;14
2020;270;20;40;60;85;0.05;100000;99548;-0.5;0.71;63;-543.2;0.3889;49;0;49;14
2020;271;20;40;70;80;0.05;100000;99543;-0.5;0.62;65;-641.0;0.4385;57;0;57;8
2020;272;20;40;70;55;0.05;100000;99538;-0.5;0.54;70;-648.0;0.5286;74;4;66;0
2020;273;20;40;75;80;0.05;100000;99534;-0.5;0.61;64;-699.6;0.4531;58;0;58;6
2020;274;20;40;65;35;0.05;100000;99530;-0.5;0.55;80;-612.0;0.6188;99;19;61;0
2020;275;20;40;15;15;0.05;100000;99520;-0.5;0.48;103;-144.2;0.5000;103;0;103;0
2020;276;20;40;40;55;0.05;100000;99511;-0.5;0.67;83;-391.2;0.4036;67;0;67;16
2020;277;20;40;75;100;0.05;100000;99504;-0.5;0.57;50;-745.0;0.3900;39;0;39;11
2020;278;20;40;70;25;0.05;100000;99485;-0.5;0.61;77;-722.8;0.6948;107;30;47;0
2020;279;20;40;90;100;0.05;100000;99472;-0.5;0.64;44;-951.6;0.4205;37;0;37;7
2020;280;20;40;75;45;0.05;100000;99471;-0.5;0.63;75;-795.0;0.5867;88;13;62;0
2020;281;20;40;70;20;0.05;100000;99470;-0.5;0.57;81;-743.4;0.7346;119;38;43;0
2020;282;20;40;30;35;0.05;100000;99470;-0.5;0.69;92;-318.8;0.4457;82;0;82;10
2020;283;20;40;65;80;0.05;100000;99464;-0.5;0.68;66;-697.4;0.4167;55;0;55;11
2020;284;20;40;10;15;0.05;100000;99462;-0.5;0.74;109;-107.6;0.4083;89;0;89;20
2020;285;20;40;70;35;0.05;100000;99453;-0.5;0.57;73;-767.2;0.6233;91;18;55;0
2020;286;20;40;65;20;0.05;100000;99446;-0.6;0.65;87;-721.8;0.7241;126;39;48;0
2020;287;20;40;70;40;0.05;100000;99441;-0.6;0.59;74;-783.6;0.5946;88;14;60;0
2020;288;20;40;40;35;0.05;100000;99437;-0.6;0.61;94;-451.6;0.5106;96;2;92;0
2020;289;20;40;40;85;0.05;100000;99432;-0.6;1.09;67;-453.8;0.2985;40;0;40;27
2020;290;20;40;70;50;0.05;100000;99430;-0.6;0.63;71;-799.4;0.5423;77;6;65;0
2020;291;20;40;70;100;0.05;100000;99423;-0.6;0.66;49;-808.6;0.3673;36;0;36;13
2020;292;20;40;35;60;0.05;100000;99407;-0.6;0.81;75;-415.0;0.3467;52;0;52;23
2020;293;20;40;65;25;0.05;100000;99398;-0.6;0.83;82;-784.8;0.6768;111;29;53;0
2020;294;20;40;65;45;0.05;100000;99397;-0.6;0.64;83;-786.2;0.5542;92;9;74;0
2020;295;20;40;60;20;0.05;100000;99395;-0.6;0.62;91;-727.4;0.7088;129;38;53;0
2020;296;20;40;35;100;0.05;100000;99370;-0.6;0.94;61;-440.4;0.2377;29;0;29;32
2020;297;20;40;30;45;0.05;100000;99360;-0.6;1.00;82;-384.8;0.3780;62;0;62;20
2020;298;20;40;25;35;0.05;100000;99355;-0.6;0.78;88;-323.2;0.3977;70;0;70;18
2020;299;20;40;15;10;0.05;100000;99343;-0.7;0.75;109;-197.6;0.5917;129;20;89;0
2020;300;20;40;30;55;0.05;100000;99330;-0.7;1.12;91;-402.4;0.3352;61;0;61;30
2020;301;20;40;65;40;0.05;100000;99326;-0.7;0.70;81;-878.4;0.5741;93;12;69;0
2020;302;20;40;40;25;0.05;100000;99312;-0.7;0.78;105;-552.0;0.5857;123;18;87;0
2020;303;20;40;10;25;0.05;100000;99292;-0.7;0.98;108;-141.2;0.2870;62;0;62;46
2020;304;20;40;20;50;0.05;100000;99274;-0.7;1.33;100;-290.0;0.2750;55;0;55;45
2020;305;20;40;25;50;0.05;100000;99226;-0.8;1.17;98;-387.2;0.3163;62;0;62;36
2020;306;20;40;70;30;0.05;100000;99213;-0.8;0.81;75;-1105.0;0.6333;95;20;55;0
2020;307;20;40;35;50;0.05;100000;99201;-0.8;0.88;90;-561.0;0.3833;69;0;69;21
2020;308;20;40;15;35;0.05;100000;99196;-0.8;1.25;108;-241.2;0.2917;63;0;63;45
2020;309;20;40;30;20;0.05;100000;99193;-0.8;0.98;104;-485.6;0.5673;118;14;90;0
2020;310;20;40;10;10;0.05;100000;99182;-0.8;0.82;103;-164.2;0.4951;102;0;102;1
2020;311;20;40;50;75;0.05;100000;99178;-0.8;1.12;71;-824.4;0.3592;51;0;51;20
2020;312;20;40;20;55;0.05;100000;99167;-0.8;1.72;95;-333.0;0.2526;48;0;48;47
2020;313;20;40;10;20;0.05;100000;99159;-0.8;1.13;106;-168.4;0.3302;70;0;70;36
2020;314;20;40;30;90;0.05;100000;99028;-1.0;1.24;74;-583.6;0.2230;33;0;33;41
2020;315;20;40;15;45;0.05;100000;98906;-1.1;1.45;106;-328.4;0.2358;50;0;50;56
2020;316;20;40;15;30;0.05;100000;98720;-1.3;1.28;104;-385.6;0.3077;64;0;64;40
2020;317;20;40;15;20;0.05;100000;98641;-1.4;1.51;100;-410.0;0.3900;78;0;78;22
2020;318;20;40;30;50;0.05;100000;98624;-1.4;1.58;93;-830.2;0.3280;61;0;61;32
2020;319;20;40;15;25;0.05;100000;98486;-1.5;1.51;105;-457.0;0.3381;71;0;71;34
2020;320;20;40;10;30;0.05;100000;98282;-1.7;1.86;104;-345.6;0.2260;47;0;47;57
2020;321;20;40;15;40;0.05;100000;97497;-2.5;2.71;110;-759.0;0.2227;49;0;49;61
2021;1;20;40;15;40;0.50;100000;113257;13.3;2.59;44;378.4;0.3636;32;0;32;12
2021;2;20;40;10;20;0.50;100000;109395;9.4;3.28;56;181.6;0.4107;46;0;46;10
2021;3;20;40;30;65;0.50;100000;107689;7.7;4.35;36;449.6;0.3889;28;0;28;8
2021;4;20;40;10;25;0.50;100000;105287;5.3;4.19;49;106.4;0.3367;33;0;33;16
2021;5;20;40;40;50;0.50;100000;104841;4.8;0.51;44;378.4;0.5000;44;0;44;0
2021;6;20;40;15;25;0.50;100000;103575;3.6;2.59;45;107.0;0.4222;38;0;38;7
2021;7;20;40;70;20;0.50;100000;103540;3.5;1.96;43;489.8;0.8488;73;30;13;0
2021;8;20;40;85;50;0.50;100000;103506;3.5;2.40;32;590.2;0.7031;45;13;19;0
2021;9;20;40;95;35;0.50;100000;103380;3.4;1.14;32;635.2;0.8125;52;20;12;0
2021;10;20;40;85;25;0.50;100000;103365;3.4;0.86;32;565.2;0.8594;55;23;9;0
2021;11;20;40;75;20;0.50;100000;103365;3.4;2.36;40;499.0;0.8625;69;29;11;0
2021;12;20;40;70;25;0.50;100000;103348;3.3;1.16;33;463.8;0.8182;54;21;12;0
2021;13;20;40;30;50;0.50;100000;103276;3.3;2.33;45;197.0;0.4111;37;0;37;8
2021;14;20;40;45;70;0.50;100000;103033;3.0;1.75;31;271.6;0.4355;27;0;27;4
2021;15;20;40;25;60;0.50;100000;102991;3.0;5.52;40;154.0;0.3250;26;0;26;14
2021;16;20;40;90;25;0.50;100000;102814;2.8;0.87;34;502.4;0.8529;58;24;10;0
2021;17;20;40;90;30;0.50;100000;102746;2.7;1.20;35;491.0;0.8143;57;22;13;0
2021;18;20;40;95;30;0.50;100000;102607;2.6;1.06;34;492.4;0.8235;56;22;12;0
2021;19;20;40;100;30;0.50;100000;102601;2.6;1.28;31;516.6;0.8387;52;21;10;0
2021;20;20;40;70;30;0.50;100000;102515;2.5;1.26;35;351.0;0.7571;53;18;17;0
2021;21;20;40;95;20;0.50;100000;102499;2.5;1.69;45;472.0;0.8778;79;34;11;0
2021;22;20;40;80;50;0.50;100000;102466;2.5;1.67;33;393.8;0.6667;44;11;22;0
2021;23;20;40;45;65;0.50;100000;102344;2.3;2.52;35;211.0;0.4429;31;0;31;4
2021;24;20;40;10;30;0.50;100000;102278;2.3;6.03;50;50.0;0.2800;28;0;28;22
2021;25;20;40;85;30;0.50;100000;102255;2.3;1.44;34;382.4;0.7941;54;20;14;0
2021;26;20;40;90;10;0.50;100000;101947;1.9;0.65;51;348.6;0.9412;96;45;6;0
2021;27;20;40;35;50;0.50;100000;101879;1.9;2.53;41;132.6;0.4390;36;0;36;5
2021;28;20;40;15;30;0.50;100000;101865;1.9;2.74;44;58.4;0.3636;32;0;32;12
2021;29;20;40;40;65;0.50;100000;101834;1.8;4.91;33;148.8;0.4091;27;0;27;6
2021;30;20;40;45;50;0.50;100000;101775;1.8;0.51;44;158.4;0.5000;44;0;44;0
2021;31;20;40;45;75;0.50;100000;101754;1.8;2.96;35;161.0;0.4000;28;0;28;7
2021;32;20;40;20;25;0.50;100000;101712;1.7;1.60;44;68.4;0.4773;42;0;42;2
2021;33;20;40;80;25;0.50;100000;101693;1.7;1.40;38;271.8;0.8026;61;23;15;0
2021;34;20;40;50;25;0.50;100000;101691;1.7;2.07;39;170.4;0.7051;55;16;23;0
2021;35;20;40;30;55;0.50;100000;101653;1.7;3.86;44;103.4;0.3750;33;0;33;11
2021;36;20;40;95;15;0.50;100000;101649;1.6;0.63;34;312.4;0.9118;62;28;6;0
2021;37;20;40;15;45;0.50;100000;101638;1.6;4.12;46;55.6;0.2717;25;0;25;21
2021;38;20;40;80;45;0.50;100000;101629;1.6;2.20;34;262.4;0.6765;46;12;22;0
2021;39;20;40;95;25;0.50;100000;101626;1.6;1.25;36;309.6;0.8333;60;24;12;0
2021;40;20;40;15;20;0.50;100000;101560;1.6;2.48;52;47.2;0.4615;48;0;48;4
2021;41;20;40;75;30;0.50;100000;101533;1.5;2.18;38;231.8;0.7500;57;19;19;0
2021;42;20;40;55;10;0.50;100000;101528;1.5;1.34;51;168.6;0.8824;90;39;12;0
2021;43;20;40;85;10;0.50;100000;101450;1.5;1.18;49;246.4;0.9286;91;42;7;0
2021;44;20;40;50;15;0.50;100000;101443;1.4;2.02;46;145.6;0.8043;74;28;18;0
2021;45;20;40;55;15;0.50;100000;101364;1.4;1.72;42;151.2;0.8214;69;27;15;0
2021;46;20;40;45;25;0.50;100000;101359;1.4;2.32;40;124.0;0.6750;54;14;26;0
2021;47;20;40;15;35;0.50;100000;101349;1.3;4.33;40;44.0;0.3250;26;0;26;14
2021;48;20;40;60;50;0.50;100000;101344;1.3;1.44;34;162.4;0.5735;39;5;29;0
2021;49;20;40;100;25;0.50;100000;101240;1.2;1.64;36;249.6;0.8333;60;24;12;0
2021;50;20;40;90;20;0.50;100000;101236;1.2;1.86;40;224.0;0.8500;68;28;12;0
2021;51;20;40;35;60;0.50;100000;101230;1.2;2.89;36;89.6;0.3889;28;0;28;8
2021;52;20;40;50;65;0.50;100000;101162;1.2;1.58;34;117.4;0.4559;31;0;31;3
2021;53;20;40;100;15;0.50;100000;101124;1.1;0.65;32;225.2;0.9062;58;26;6;0
2021;54;20;40;100;20;0.50;100000;101112;1.1;1.92;40;224.0;0.8625;69;29;11;0
2021;55;20;40;40;25;0.50;100000;101108;1.1;2.34;46;90.6;0.6413;59;13;33;0
2021;56;20;40;65;10;0.50;100000;101091;1.1;1.94;48;142.8;0.8958;86;38;10;0
2021;57;20;40;45;30;0.50;100000;101045;1.0;2.99;49;96.4;0.6224;61;12;37;0
2021;58;20;40;50;75;0.50;100000;101038;1.0;3.35;31;106.6;0.4194;26;0;26;5
2021;59;20;40;80;20;0.50;100000;101031;1.0;1.59;38;166.8;0.8289;63;25;13;0
2021;60;20;40;60;65;0.50;100000;101025;1.0;0.51;34;122.4;0.5000;34;0;34;0
2021;61;20;40;95;10;0.50;100000;101022;1.0;0.86;50;195.0;0.9300;93;43;7;0
2021;62;20;40;60;10;0.50;100000;101014;1.0;1.47;48;122.8;0.8854;85;37;11;0
2021;63;20;40;75;35;0.50;100000;100962;1.0;1.96;31;146.6;0.7097;44;13;18;0
2021;64;20;40;80;60;0.50;100000;100956;1.0;1.56;32;155.2;0.5938;38;6;26;0
2021;65;20;40;75;15;0.50;100000;100825;0.8;2.34;39;125.4;0.8590;67;28;11;0
2021;66;20;40;20;45;0.50;100000;100732;0.7;4.59;40;34.0;0.3250;26;0;26;14
2021;67;20;40;75;10;0.50;100000;100719;0.7;2.25;47;109.2;0.9043;85;38;9;0
2021;68;20;40;50;20;0.50;100000;100718;0.7;2.53;40;74.0;0.7375;59;19;21;0
2021;69;20;40;55;25;0.50;100000;100636;0.6;2.05;41;72.6;0.7073;58;17;24;0
2021;70;20;40;45;35;0.50;100000;100628;0.6;2.01;44;58.4;0.5795;51;7;37;0
2021;71;20;40;80;55;0.50;100000;100609;0.6;1.65;32;100.2;0.6094;39;7;25;0
2021;72;20;40;40;60;0.50;100000;100600;0.6;4.81;35;51.0;0.4143;29;0;29;6
2021;73;20;40;45;60;0.50;100000;100600;0.6;3.07;35;56.0;0.4429;31;0;31;4
2021;74;20;40;55;45;0.50;100000;100591;0.6;1.73;38;66.8;0.5658;43;5;33;0
2021;75;20;40;60;15;0.50;100000;100590;0.6;1.63;34;72.4;0.8235;56;22;12;0
2021;76;20;40;30;60;0.50;100000;100575;0.6;3.38;36;39.6;0.3472;25;0;25;11
2021;77;20;40;100;10;0.50;100000;100513;0.5;1.23;47;104.2;0.9255;87;40;7;0
2021;78;20;40;55;75;0.50;100000;100491;0.5;2.52;31;56.6;0.4355;27;0;27;4
2021;79;20;40;80;30;0.50;100000;100380;0.4;1.42;33;63.8;0.7424;49;16;17;0
2021;80;20;40;35;25;0.50;100000;100360;0.4;2.28;45;27.0;0.6000;54;9;36;0
2021;81;20;40;65;15;0.50;100000;100344;0.3;1.42;38;46.8;0.8289;63;25;13;0
2021;82;20;40;75;65;0.50;100000;100281;0.3;2.30;33;43.8;0.5455;36;3;30;0
2021;83;20;40;70;15;0.50;100000;100258;0.3;1.90;37;38.2;0.8378;62;25;12;0
2021;84;20;40;70;10;0.50;100000;100252;0.3;1.85;45;37.0;0.8889;80;35;10;0
2021;85;20;40;50;10;0.50;100000;100238;0.2;1.82;53;25.8;0.8491;90;37;16;0
2021;86;20;40;60;75;0.50;100000;100235;0.2;2.40;32;30.2;0.4531;29;0;29;3
2021;87;20;40;20;30;0.50;100000;100234;0.2;2.57;42;11.2;0.4167;35;0;35;7
2021;88;20;40;10;15;0.50;100000;100206;0.2;4.03;57;5.2;0.4298;49;0;49;8
2021;89;20;40;60;20;0.50;100000;100129;0.1;3.58;44;18.4;0.7614;67;23;21;0
2021;90;20;40;75;40;0.50;100000;100124;0.1;1.87;31;21.6;0.6613;41;10;21;0
2021;91;20;40;55;20;0.50;100000;100064;0.1;2.12;43;9.8;0.7442;64;21;22;0
2021;92;20;40;55;40;0.50;100000;100060;0.1;2.27;40;9.0;0.5875;47;7;33;0
2021;93;20;40;90;15;0.50;100000;100033;0.0;1.03;37;8.2;0.8649;64;27;10;0
2021;94;20;40;40;70;0.35;100000;100030;0.0;3.61;31;6.6;0.3710;23;0;23;8
2021;95;20;40;35;65;0.05;100000;100001;0.0;0.62;35;1.0;0.3571;25;0;25;10
2021;96;20;40;55;60;0.10;100000;100000;0.0;0.30;32;0.2;0.4844;31;0;31;1
2021;97;20;40;75;25;0.05;100000;99999;-0.0;0.23;37;-1.8;0.7568;56;19;18;0
2021;98;20;40;80;40;0.05;100000;99997;-0.0;0.21;32;-4.8;0.6719;43;11;21;0
2021;99;20;40;65;55;0.05;100000;99996;-0.0;0.18;32;-4.8;0.5469;35;3;29;0
2021;100;20;40;85;20;0.05;100000;99982;-0.0;0.24;40;-31.0;0.8125;65;25;15;0
2021;101;20;40;70;75;0.05;100000;99981;-0.0;0.15;33;-26.2;0.4848;32;0;32;1
2021;102;20;40;85;35;0.05;100000;99980;-0.0;0.28;31;-33.4;0.7097;44;13;18;0
2021;103;20;40;35;30;0.05;100000;99978;-0.0;0.19;43;-15.2;0.5465;47;4;39;0
2021;104;20;40;45;40;0.05;100000;99977;-0.0;0.20;43;-20.2;0.5349;46;3;40;0
2021;105;20;40;80;35;0.05;100000;99977;-0.0;0.21;33;-36.2;0.6970;46;13;20;0
2021;106;20;40;55;50;0.05;100000;99976;-0.0;0.16;37;-26.8;0.5270;39;2;35;0
2021;107;20;40;85;15;0.05;100000;99975;-0.0;0.16;37;-41.8;0.8514;63;26;11;0
2021;108;20;40;35;10;0.05;100000;99974;-0.0;0.31;45;-18.0;0.7889;71;26;19;0
2021;109;20;40;75;75;0.05;100000;99969;-0.0;0.03;33;-46.2;0.5000;33;0;33;0
2021;110;20;40;65;65;0.05;100000;99963;-0.0;0.04;34;-47.6;0.5000;34;0;34;0
2021;111;20;40;55;35;0.05;100000;99962;-0.0;0.22;44;-41.6;0.6136;54;10;34;0
2021;112;20;40;60;60;0.05;100000;99960;-0.0;0.04;34;-47.6;0.5000;34;0;34;0
2021;113;20;40;75;70;0.05;100000;99956;-0.0;0.17;33;-66.2;0.5152;34;1;32;0
2021;114;20;40;55;55;0.05;100000;99954;-0.0;0.05;36;-50.4;0.5000;36;0;36;0
2021;115;20;40;25;65;0.05;100000;99949;-0.1;1.02;39;-24.6;0.2821;22;0;22;17
2021;116;20;40;80;10;0.05;100000;99939;-0.1;0.22;48;-97.2;0.8854;85;37;11;0
2021;117;20;40;50;50;0.05;100000;99938;-0.1;0.06;44;-61.6;0.5000;44;0;44;0
2021;118;20;40;65;25;0.05;100000;99935;-0.1;0.27;39;-84.6;0.7179;56;17;22;0
2021;119;20;40;70;40;0.05;100000;99933;-0.1;0.25;31;-93.4;0.6290;39;8;23;0
2021;120;20;40;45;45;0.05;100000;99930;-0.1;0.07;45;-63.0;0.5000;45;0;45;0
2021;121;20;40;60;55;0.05;100000;99925;-0.1;0.14;32;-89.8;0.5156;33;1;31;0
2021;122;20;40;80;15;0.05;100000;99925;-0.1;0.17;39;-119.6;0.8333;65;26;13;0
2021;123;20;40;65;35;0.05;100000;99924;-0.1;0.29;35;-99.0;0.6429;45;10;25;0
2021;124;20;40;50;55;0.05;100000;99923;-0.1;0.19;37;-76.8;0.4730;35;0;35;2
2021;125;20;40;55;65;0.05;100000;99923;-0.1;0.29;32;-84.8;0.4531;29;0;29;3
2021;126;20;40;35;85;0.05;100000;99923;-0.1;0.65;31;-53.4;0.2903;18;0;18;13
2021;127;20;40;40;40;0.05;100000;99921;-0.1;0.08;45;-63.0;0.5000;45;0;45;0
2021;128;20;40;40;35;0.05;100000;99921;-0.1;0.25;45;-63.0;0.5333;48;3;42;0
2021;129;20;40;75;60;0.05;100000;99920;-0.1;0.31;32;-119.8;0.5469;35;3;29;0
2021;130;20;40;35;20;0.05;100000;99920;-0.1;0.27;47;-55.8;0.6383;60;13;34;0
2021;131;20;40;35;80;0.05;100000;99919;-0.1;0.61;33;-56.2;0.3030;20;0;20;13
2021;132;20;40;30;40;0.05;100000;99916;-0.1;0.58;43;-50.2;0.4302;37;0;37;6
2021;133;20;40;40;20;0.05;100000;99916;-0.1;0.29;48;-67.2;0.6667;64;16;32;0
2021;134;20;40;40;30;0.05;100000;99912;-0.1;0.35;43;-70.2;0.5698;49;6;37;0
2021;135;20;40;35;35;0.05;100000;99912;-0.1;0.09;44;-61.6;0.5000;44;0;44;0
2021;136;20;40;35;40;0.05;100000;99910;-0.1;0.32;45;-63.0;0.4667;42;0;42;3
2021;137;20;40;30;25;0.05;100000;99908;-0.1;0.21;43;-55.2;0.5465;47;4;39;0
2021;138;20;40;30;30;0.05;100000;99907;-0.1;0.09;40;-56.0;0.5000;40;0;40;0
2021;139;20;40;75;55;0.05;100000;99904;-0.1;0.28;31;-143.4;0.5645;35;4;27;0
2021;140;20;40;65;75;0.05;100000;99895;-0.1;0.25;33;-136.2;0.4545;30;0;30;3
2021;141;20;40;40;80;0.05;100000;99893;-0.1;0.56;32;-84.8;0.3281;21;0;21;11
2021;142;20;40;35;55;0.05;100000;99883;-0.1;0.48;44;-81.6;0.3864;34;0;34;10
2021;143;20;40;60;30;0.05;100000;99883;-0.1;0.29;36;-140.4;0.6528;47;11;25;0
2021;144;20;40;25;25;0.05;100000;99877;-0.1;0.12;44;-61.6;0.5000;44;0;44;0
2021;145;20;40;60;40;0.05;100000;99876;-0.1;0.25;35;-149.0;0.5857;41;6;29;0
2021;146;20;40;40;45;0.05;100000;99875;-0.1;0.23;43;-100.2;0.4651;40;0;40;3
2021;147;20;40;60;45;0.05;100000;99872;-0.1;0.23;35;-154.0;0.5571;39;4;31;0
2021;148;20;40;75;50;0.05;100000;99871;-0.1;0.33;31;-193.4;0.5806;36;5;26;0
2021;149;20;40;25;30;0.05;100000;99869;-0.1;0.25;43;-65.2;0.4535;39;0;39;4
2021;150;20;40;40;75;0.05;100000;99864;-0.1;0.52;31;-108.4;0.3387;21;0;21;10
2021;151;20;40;40;55;0.05;100000;99848;-0.2;0.42;40;-121.0;0.4125;33;0;33;7
2021;152;20;40;60;35;0.05;100000;99841;-0.2;0.28;36;-190.4;0.6111;44;8;28;0
2021;153;20;40;45;20;0.05;100000;99838;-0.2;0.32;40;-146.0;0.6750;54;14;26;0
2021;154;20;40;65;50;0.05;100000;99836;-0.2;0.24;34;-212.6;0.5441;37;3;31;0
2021;155;20;40;65;60;0.05;100000;99833;-0.2;0.21;34;-217.6;0.5000;34;0;34;0
2021;156;20;40;20;40;0.05;100000;99831;-0.2;0.87;48;-67.2;0.3333;32;0;32;16
2021;157;20;40;75;45;0.05;100000;99827;-0.2;0.26;35;-259.0;0.6000;42;7;28;0
2021;158;20;40;55;80;0.05;100000;99827;-0.2;0.32;32;-189.8;0.3906;25;0;25;7
2021;159;20;40;30;35;0.05;100000;99825;-0.2;0.29;43;-105.2;0.4535;39;0;39;4
2021;160;20;40;65;40;0.05;100000;99814;-0.2;0.27;33;-241.2;0.5909;39;6;27;0
2021;161;20;40;20;20;0.05;100000;99811;-0.2;0.19;54;-75.6;0.5000;54;0;54;0
2021;162;20;40;20;35;0.05;100000;99810;-0.2;0.50;47;-75.8;0.3617;34;0;34;13
2021;163;20;40;45;55;0.05;100000;99807;-0.2;0.30;38;-173.2;0.4342;33;0;33;5
2021;164;20;40;60;80;0.05;100000;99796;-0.2;0.34;32;-244.8;0.4062;26;0;26;6
2021;165;20;40;45;15;0.05;100000;99795;-0.2;0.30;46;-184.4;0.7283;67;21;25;0
2021;166;20;40;25;75;0.05;100000;99795;-0.2;0.92;37;-101.8;0.2432;18;0;18;19
2021;167;20;40;55;30;0.05;100000;99794;-0.2;0.35;44;-226.6;0.6250;55;11;33;0
2021;168;20;40;30;20;0.05;100000;99785;-0.2;0.34;42;-128.8;0.5833;49;7;35;0
2021;169;20;40;60;25;0.05;100000;99778;-0.2;0.29;40;-266.0;0.6750;54;14;26;0
2021;170;20;40;35;15;0.05;100000;99777;-0.2;0.27;40;-156.0;0.6750;54;14;26;0
2021;171;20;40;65;20;0.05;100000;99773;-0.2;0.35;43;-295.2;0.7326;63;20;23;0
2021;172;20;40;45;10;0.05;100000;99772;-0.2;0.39;54;-205.6;0.7963;86;32;22;0
2021;173;20;40;65;45;0.05;100000;99762;-0.2;0.29;35;-309.0;0.5571;39;4;31;0
2021;174;20;40;15;15;0.05;100000;99758;-0.2;0.24;52;-72.8;0.5000;52;0;52;0
2021;175;20;40;50;35;0.05;100000;99753;-0.2;0.30;41;-247.4;0.5610;46;5;36;0
2021;176;20;40;70;45;0.05;100000;99744;-0.3;0.35;31;-358.4;0.5645;35;4;27;0
2021;177;20;40;50;60;0.05;100000;99742;-0.3;0.43;34;-257.6;0.4265;29;0;29;5
2021;178;20;40;35;45;0.05;100000;99741;-0.3;0.44;44;-181.6;0.4205;37;0;37;7
2021;179;20;40;30;80;0.05;100000;99739;-0.3;0.75;33;-156.2;0.2576;17;0;17;16
2021;180;20;40;50;45;0.05;100000;99719;-0.3;0.32;44;-281.6;0.5000;44;0;44;0
2021;181;20;40;40;10;0.05;100000;99702;-0.3;0.33;49;-238.6;0.7653;75;26;23;0
2021;182;20;40;30;15;0.05;100000;99698;-0.3;0.39;44;-181.6;0.6364;56;12;32;0
2021;183;20;40;25;35;0.05;100000;99694;-0.3;0.39;45;-153.0;0.4000;36;0;36;9
2021;184;20;40;30;10;0.05;100000;99684;-0.3;0.53;50;-190.0;0.7200;72;22;28;0
2021;185;20;40;50;30;0.05;100000;99677;-0.3;0.43;45;-323.0;0.5889;53;8;37;0
2021;186;20;40;20;55;0.05;100000;99673;-0.3;0.81;43;-130.2;0.2558;22;0;22;21
2021;187;20;40;35;75;0.05;100000;99666;-0.3;0.74;31;-233.4;0.2903;18;0;18;13
2021;188;20;40;20;60;0.05;100000;99644;-0.4;1.30;44;-141.6;0.2386;21;0;21;23
2021;189;20;40;10;10;0.05;100000;99630;-0.4;0.37;53;-74.2;0.5000;53;0;53;0
2021;190;20;40;25;55;0.05;100000;99625;-0.4;0.69;41;-187.4;0.2927;24;0;24;17
2021;191;20;40;25;20;0.05;100000;99617;-0.4;0.43;44;-191.6;0.5227;46;2;42;0
2021;192;20;40;30;45;0.05;100000;99611;-0.4;0.70;49;-233.6;0.3776;37;0;37;12
2021;193;20;40;45;80;0.05;100000;99603;-0.4;0.60;34;-357.6;0.3235;22;0;22;12
2021;194;20;40;65;30;0.05;100000;99577;-0.4;0.45;36;-550.4;0.6111;44;8;28;0
2021;195;20;40;25;40;0.05;100000;99561;-0.4;0.98;46;-219.4;0.3587;33;0;33;13
2021;196;20;40;25;15;0.05;100000;99535;-0.5;0.49;45;-233.0;0.5778;52;7;38;0
2021;197;20;40;20;50;0.05;100000;99535;-0.5;0.60;40;-186.0;0.2625;21;0;21;19
2021;198;20;40;25;45;0.05;100000;99528;-0.5;0.87;40;-236.0;0.3250;26;0;26;14
2021;199;20;40;20;15;0.05;100000;99519;-0.5;0.58;52;-192.8;0.5385;56;4;48;0
2021;200;20;40;50;80;0.05;100000;99514;-0.5;0.66;33;-486.2;0.3333;22;0;22;11
2021;201;20;40;25;10;0.05;100000;99514;-0.5;0.54;49;-243.6;0.6633;65;16;33;0
2021;202;20;40;50;40;0.05;100000;99500;-0.5;0.53;44;-501.6;0.5000;44;0;44;0
2021;203;20;40;15;10;0.05;100000;99452;-0.5;0.66;57;-164.8;0.5702;65;8;49;0
2021;204;20;40;25;50;0.05;100000;99441;-0.6;0.98;39;-279.6;0.2949;23;0;23;16
2021;205;20;40;30;75;0.05;100000;99436;-0.6;1.07;38;-338.2;0.2500;19;0;19;19
2021;206;20;40;40;15;0.05;100000;99375;-0.6;0.64;44;-501.6;0.6364;56;12;32;0
2021;207;20;40;50;85;0.05;100000;99322;-0.7;0.76;32;-679.8;0.2969;19;0;19;13
2021;208;20;40;30;70;0.05;100000;99253;-0.7;0.95;35;-449.0;0.2429;17;0;17;18
2021;209;20;40;30;85;0.05;100000;99206;-0.8;0.93;34;-477.6;0.2059;14;0;14;20
2021;210;20;40;20;10;0.05;100000;99157;-0.8;0.91;56;-338.4;0.5893;66;10;46;0
2021;211;20;40;30;90;0.05;100000;99021;-1.0;1.01;35;-589.0;0.1857;13;0;13;22
2021;212;20;40;35;95;0.05;100000;98968;-1.0;1.07;32;-724.8;0.1875;12;0;12;20
2021;213;20;40;25;70;0.05;100000;98892;-1.1;1.30;33;-556.2;0.1818;12;0;12;21
2022;1;20;40;70;25;0.50;100000;109687;9.7;1.79;105;1303.0;0.8095;170;65;40;0
2022;2;20;40;40;55;0.50;100000;108829;8.8;2.19;113;681.8;0.4602;104;0;104;9
2022;3;20;40;80;70;0.50;100000;108505;8.5;1.42;82;1315.2;0.5915;97;15;67;0
2022;4;20;40;95;25;0.50;100000;107501;7.5;1.34;105;1383.0;0.8524;179;74;31;0
2022;5;20;40;75;25;0.50;100000;107200;7.2;2.89;106;1051.6;0.8066;171;65;41;0
2022;6;20;40;100;25;0.50;100000;107142;7.1;1.64;98;1387.8;0.8622;169;71;27;0
2022;7;20;40;90;25;0.50;100000;107121;7.1;1.96;99;1246.4;0.8434;167;68;31;0
2022;8;20;40;80;50;0.50;100000;106870;6.9;2.77;90;1074.0;0.6667;120;30;60;0
2022;9;20;40;80;65;0.50;100000;106861;6.9;1.62;85;1071.0;0.6000;102;17;68;0
2022;10;20;40;35;25;0.50;100000;106578;6.6;2.59;134;452.4;0.6231;167;33;101;0
2022;11;20;40;95;70;0.50;100000;106504;6.5;1.81;73;1207.8;0.6301;92;19;54;0
2022;12;20;40;95;65;0.50;100000;106262;6.3;2.43;75;1165.0;0.6467;97;22;53;0
2022;13;20;40;75;50;0.50;100000;105796;5.8;3.10;86;854.6;0.6453;111;25;61;0
2022;14;20;40;100;80;0.50;100000;105645;5.6;1.67;66;1107.6;0.6061;80;14;52;0
2022;15;20;40;95;35;0.50;100000;105584;5.6;2.10;91;1042.6;0.7802;142;51;40;0
2022;16;20;40;85;65;0.50;100000;105527;5.5;2.36;76;923.6;0.6118;93;17;59;0
2022;17;20;40;30;25;0.50;100000;105402;5.4;2.51;139;320.4;0.5791;161;22;117;0
2022;18;20;40;85;30;0.50;100000;105395;5.4;2.02;88;901.8;0.7898;139;51;37;0
2022;19;20;40;45;55;0.50;100000;105350;5.3;1.77;113;471.8;0.4779;108;0;108;5
2022;20;20;40;50;25;0.50;100000;105346;5.3;3.78;122;529.2;0.7049;172;50;72;0
2022;21;20;40;60;25;0.50;100000;105248;5.2;2.80;116;622.6;0.7457;173;57;59;0
2022;22;20;40;80;30;0.50;100000;105018;5.0;3.65;98;792.8;0.7704;151;53;45;0
2022;23;20;40;75;10;0.50;100000;104874;4.9;1.21;130;718.0;0.9231;240;110;20;0
2022;24;20;40;85;45;0.50;100000;104765;4.8;3.55;78;800.8;0.6987;109;31;47;0
2022;25;20;40;100;30;0.50;100000;104757;4.8;2.11;87;938.2;0.8161;142;55;32;0
2022;26;20;40;80;25;0.50;100000;104686;4.7;2.74;106;741.6;0.8019;170;64;42;0
2022;27;20;40;100;70;0.50;100000;104582;4.6;1.50;74;906.4;0.6284;93;19;55;0
2022;28;20;40;70;50;0.50;100000;104525;4.5;2.44;94;628.4;0.6170;116;22;72;0
2022;29;20;40;60;10;0.50;100000;104496;4.5;1.86;134;532.4;0.8955;240;106;28;0
2022;30;20;40;90;40;0.50;100000;104367;4.4;3.36;86;779.6;0.7326;126;40;46;0
2022;31;20;40;40;70;0.50;100000;104357;4.4;3.27;97;354.2;0.3866;75;0;75;22
2022;32;20;40;60;50;0.50;100000;104346;4.3;3.52;109;517.4;0.5734;125;16;93;0
2022;33;20;40;55;25;0.50;100000;104327;4.3;5.05;125;475.0;0.7200;180;55;70;0
2022;34;20;40;100;40;0.50;100000;104263;4.3;2.34;82;845.2;0.7561;124;42;40;0
2022;35;20;40;75;30;0.50;100000;104242;4.2;3.24;95;632.0;0.7526;143;48;47;0
2022;36;20;40;80;60;0.50;100000;104142;4.1;1.83;87;658.2;0.6034;105;18;69;0
2022;37;20;40;85;55;0.50;100000;104108;4.1;3.08;76;693.6;0.6447;98;22;54;0
2022;38;20;40;95;30;0.50;100000;104064;4.1;2.57;92;766.2;0.7989;147;55;37;0
2022;39;20;40;40;25;0.50;100000;104040;4.0;2.73;119;323.4;0.6471;154;35;84;0
2022;40;20;40;90;45;0.50;100000;103888;3.9;3.34;81;696.6;0.7037;114;33;48;0
2022;41;20;40;80;55;0.50;100000;103875;3.9;2.58;84;617.4;0.6250;105;21;63;0
2022;42;20;40;90;50;0.50;100000;103855;3.9;2.82;78;690.8;0.6795;106;28;50;0
2022;43;20;40;80;10;0.50;100000;103548;3.5;1.28;127;562.2;0.9213;234;107;20;0
2022;44;20;40;100;35;0.50;100000;103517;3.5;3.11;85;701.0;0.7765;132;47;38;0
2022;45;20;40;100;10;0.50;100000;103508;3.5;2.10;126;693.6;0.9405;237;111;15;0
2022;46;20;40;90;65;0.50;100000;103503;3.5;2.98;76;628.6;0.6118;93;17;59;0
2022;47;20;40;60;30;0.50;100000;103413;3.4;4.09;113;411.8;0.6947;157;44;69;0
2022;48;20;40;45;25;0.50;100000;103392;3.4;5.13;123;307.8;0.6707;165;42;81;0
2022;49;20;40;75;35;0.50;100000;103383;3.4;3.67;94;508.4;0.7128;134;40;54;0
2022;50;20;40;15;30;0.50;100000;103346;3.3;6.18;137;108.2;0.3577;98;0;98;39
2022;51;20;40;85;35;0.50;100000;103342;3.3;3.58;87;568.2;0.7414;129;42;45;0
2022;52;20;40;40;30;0.50;100000;103292;3.3;2.61;118;264.8;0.5975;141;23;95;0
2022;53;20;40;85;60;0.50;100000;103241;3.2;2.80;78;550.8;0.6154;96;18;60;0
2022;54;20;40;100;50;0.50;100000;103201;3.2;2.14;78;640.8;0.6987;109;31;47;0
2022;55;20;40;70;10;0.50;100000;103133;3.1;1.80;131;436.6;0.9046;237;106;25;0
2022;56;20;40;100;45;0.50;100000;103054;3.1;2.55;74;611.4;0.7230;107;33;41;0
2022;57;20;40;100;75;0.50;100000;103011;3.0;2.32;70;602.0;0.6000;84;14;56;0
2022;58;20;40;90;35;0.50;100000;102972;3.0;3.28;88;536.8;0.7500;132;44;44;0
2022;59;20;40;65;25;0.50;100000;102752;2.8;3.93;113;361.8;0.7478;169;56;57;0
2022;60;20;40;85;25;0.50;100000;102749;2.7;2.46;107;470.2;0.7991;171;64;43;0
2022;61;20;40;20;15;0.50;100000;102690;2.7;3.30;136;109.6;0.6029;164;28;108;0
2022;62;20;40;60;40;0.50;100000;102669;2.7;3.32;111;324.6;0.6216;138;27;84;0
2022;63;20;40;95;80;0.50;100000;102504;2.5;1.95;67;476.2;0.5672;76;9;58;0
2022;64;20;40;80;75;0.50;100000;102497;2.5;1.41;83;398.8;0.5361;89;6;77;0
2022;65;20;40;75;40;0.50;100000;102456;2.5;3.42;94;373.4;0.6755;127;33;61;0
2022;66;20;40;85;50;0.50;100000;102419;2.4;3.26;85;416.0;0.6529;111;26;59;0
2022;67;20;40;65;50;0.50;100000;102396;2.4;3.24;100;315.0;0.5850;117;17;83;0
2022;68;20;40;100;65;0.50;100000;102369;2.4;2.46;73;477.8;0.6301;92;19;54;0
2022;69;20;40;75;70;0.50;100000;102301;2.3;1.85;82;345.2;0.5366;88;6;76;0
2022;70;20;40;90;30;0.50;100000;102284;2.3;2.88;89;415.4;0.7753;138;49;40;0
2022;71;20;40;45;10;0.50;100000;102187;2.2;2.41;129;199.4;0.8450;218;89;40;0
2022;72;20;40;100;90;0.50;100000;102164;2.2;1.40;62;433.2;0.5484;68;6;56;0
2022;73;20;40;80;45;0.50;100000;102144;2.1;3.31;90;349.0;0.6611;119;29;61;0
2022;74;20;40;75;45;0.50;100000;102133;2.1;2.77;89;325.4;0.6461;115;26;63;0
2022;75;20;40;70;60;0.50;100000;102104;2.1;2.35;88;296.8;0.5568;98;10;78;0
2022;76;20;40;60;45;0.50;100000;102100;2.1;3.06;106;256.6;0.5896;125;19;87;0
2022;77;20;40;60;55;0.50;100000;102054;2.1;3.07;105;248.0;0.5381;113;8;97;0
2022;78;20;40;55;10;0.50;100000;102036;2.0;2.67;131;226.6;0.8702;228;97;34;0
2022;79;20;40;50;55;0.50;100000;102013;2.0;2.20;114;200.4;0.4912;112;0;112;2
2022;80;20;40;70;35;0.50;100000;101964;2.0;2.39;99;281.4;0.6869;136;37;62;0
2022;81;20;40;50;20;0.50;100000;101961;2.0;3.18;134;202.4;0.7351;197;63;71;0
2022;82;20;40;70;55;0.50;100000;101928;1.9;2.91;90;274.0;0.5778;104;14;76;0
2022;83;20;40;45;35;0.50;100000;101897;1.9;4.70;118;174.8;0.5805;137;19;99;0
2022;84;20;40;60;65;0.50;100000;101880;1.9;1.51;97;224.2;0.4948;96;0;96;1
2022;85;20;40;85;70;0.50;100000;101863;1.9;2.59;75;320.0;0.5667;85;10;65;0
2022;86;20;40;95;90;0.50;100000;101839;1.8;1.07;61;349.6;0.5328;65;4;57;0
2022;87;20;40;50;95;0.50;100000;101808;1.8;5.04;81;196.6;0.3580;58;0;58;23
2022;88;20;40;65;35;0.50;100000;101793;1.8;4.53;107;240.2;0.6682;143;36;71;0
2022;89;20;40;65;30;0.50;100000;101748;1.7;3.80;111;234.6;0.7027;156;45;66;0
2022;90;20;40;95;20;0.50;100000;101737;1.7;2.09;107;335.2;0.8458;181;74;33;0
2022;91;20;40;90;60;0.50;100000;101709;1.7;3.61;76;313.6;0.6184;94;18;58;0
2022;92;20;40;75;55;0.50;100000;101706;1.7;2.47;85;261.0;0.5941;101;16;69;0
2022;93;20;40;35;55;0.50;100000;101605;1.6;5.34;113;121.8;0.4027;91;0;91;22
2022;94;20;40;20;55;0.50;100000;101570;1.6;8.83;132;85.2;0.2803;74;0;74;58
2022;95;20;40;95;55;0.50;100000;101560;1.6;3.77;76;303.6;0.6513;99;23;53;0
2022;96;20;40;65;10;0.50;100000;101558;1.6;3.23;128;205.8;0.8867;227;99;29;0
2022;97;20;40;90;20;0.50;100000;101524;1.5;2.07;107;280.2;0.8364;179;72;35;0
2022;98;20;40;85;90;0.50;100000;101472;1.5;0.50;69;248.4;0.5000;69;0;69;0
2022;99;20;40;100;85;0.50;100000;101457;1.5;1.80;61;294.6;0.5574;68;7;54;0
2022;100;20;40;95;40;0.50;100000;101428;1.4;2.73;86;279.6;0.7209;124;38;48;0
2022;101;20;40;85;40;0.50;100000;101292;1.3;4.52;84;227.4;0.6964;117;33;51;0
2022;102;20;40;80;35;0.50;100000;101286;1.3;3.78;97;214.2;0.7113;138;41;56;0
2022;103;20;40;95;10;0.50;100000;101264;1.3;2.96;126;243.6;0.9206;232;106;20;0
2022;104;20;40;45;40;0.50;100000;101234;1.2;4.99;115;114.0;0.5435;125;10;105;0
2022;105;20;40;20;25;0.50;100000;101208;1.2;3.62;139;50.4;0.4640;129;0;129;10
2022;106;20;40;100;20;0.50;100000;101030;1.0;3.22;105;213.0;0.8476;178;73;32;0
2022;107;20;40;35;20;0.50;100000;100898;0.9;4.17;140;69.0;0.6536;183;43;97;0
2022;108;20;40;95;60;0.50;100000;100897;0.9;3.84;76;178.6;0.6250;95;19;57;0
2022;109;20;40;45;95;0.50;100000;100874;0.9;6.10;74;96.4;0.3311;49;0;49;25
2022;110;20;40;100;60;0.50;100000;100816;0.8;2.41;77;172.2;0.6364;98;21;56;0
2022;111;20;40;70;65;0.50;100000;100780;0.8;2.04;88;111.8;0.5284;93;5;83;0
2022;112;20;40;45;20;0.50;100000;100652;0.7;4.30;128;65.8;0.7070;181;53;75;0
2022;113;20;40;80;90;0.50;100000;100614;0.6;2.45;71;100.6;0.4789;68;0;68;3
2022;114;20;40;100;55;0.50;100000;100611;0.6;3.16;74;131.4;0.6554;97;23;51;0
2022;115;20;40;70;20;0.50;100000;100609;0.6;2.95;119;93.4;0.7899;188;69;50;0
2022;116;20;40;85;75;0.50;100000;100595;0.6;2.16;75;105.0;0.5400;81;6;69;0
2022;117;20;40;50;40;0.50;100000;100437;0.4;2.64;122;49.2;0.5656;138;16;106;0
2022;118;20;40;85;10;0.50;100000;100357;0.4;2.20;121;65.6;0.9050;219;98;23;0
2022;119;20;40;90;10;0.50;100000;100317;0.3;3.17;127;62.2;0.9094;231;104;23;0
2022;120;20;40;75;65;0.50;100000;100274;0.3;2.82;82;45.2;0.5427;89;7;75;0
2022;121;20;40;95;75;0.50;100000;100250;0.3;2.63;69;53.4;0.5652;78;9;60;0
2022;122;20;40;85;80;0.50;100000;100188;0.2;1.55;72;34.2;0.5208;75;3;69;0
2022;123;20;40;50;10;0.50;100000;100186;0.2;4.12;140;24.0;0.8464;237;97;43;0
2022;124;20;40;95;85;0.50;100000;100113;0.1;1.59;61;24.6;0.5328;65;4;57;0
2022;125;20;40;30;20;0.50;100000;100101;0.1;3.84;135;11.0;0.6148;166;31;104;0
2022;126;20;40;70;45;0.50;100000;100100;0.1;3.87;95;22.0;0.6158;117;22;73;0
2022;127;20;40;90;55;0.50;100000;100093;0.1;3.73;75;25.0;0.6267;94;19;56;0
2022;128;20;40;50;45;0.50;100000;100079;0.1;3.52;117;11.2;0.5342;125;8;109;0
2022;129;20;40;90;70;0.50;100000;100057;0.1;3.50;74;16.4;0.5676;84;10;64;0
2022;130;20;40;20;10;0.25;100000;100028;0.0;1.56;147;4.2;0.6905;203;56;91;0
2022;131;20;40;70;15;0.15;100000;100004;0.0;0.91;122;4.2;0.8320;203;81;41;0
2022;132;20;40;100;95;0.05;100000;100000;-0.0;0.13;61;-0.4;0.5164;63;2;59;0
2022;133;20;40;70;30;0.05;100000;99995;-0.0;0.36;104;-5.6;0.7067;147;43;61;0
2022;134;20;40;75;90;0.05;100000;99992;-0.0;0.25;72;-10.8;0.4583;66;0;66;6
2022;135;20;40;50;30;0.05;100000;99991;-0.0;0.37;120;-8.0;0.6333;152;32;88;0
2022;136;20;40;65;40;0.05;100000;99988;-0.0;0.48;96;-14.4;0.6250;120;24;72;0
2022;137;20;40;60;15;0.05;100000;99988;-0.0;0.33;128;-14.2;0.8086;207;79;49;0
2022;138;20;40;40;80;0.05;100000;99985;-0.0;0.75;93;-10.2;0.3387;63;0;63;30
2022;139;20;40;75;60;0.05;100000;99970;-0.0;0.33;85;-44.0;0.5588;95;10;75;0
2022;140;20;40;75;20;0.05;100000;99968;-0.0;0.26;112;-46.8;0.7946;178;66;46;0
2022;141;20;40;45;15;0.05;100000;99965;-0.0;0.49;129;-30.6;0.7597;196;67;62;0
2022;142;20;40;35;50;0.05;100000;99960;-0.0;0.56;123;-27.2;0.4187;103;0;103;20
2022;143;20;40;100;100;0.05;100000;99957;-0.0;0.04;61;-85.4;0.5000;61;0;61;0
2022;144;20;40;95;95;0.05;100000;99954;-0.0;0.05;63;-88.2;0.5000;63;0;63;0
2022;145;20;40;95;15;0.05;100000;99951;-0.0;0.19;116;-92.4;0.8664;201;85;31;0
2022;146;20;40;45;30;0.05;100000;99951;-0.0;0.69;117;-43.8;0.6068;142;25;92;0
2022;147;20;40;90;90;0.05;100000;99946;-0.1;0.05;69;-96.6;0.5000;69;0;69;0
2022;148;20;40;60;35;0.05;100000;99945;-0.1;0.54;114;-64.6;0.6360;145;31;83;0
2022;149;20;40;85;85;0.05;100000;99942;-0.1;0.06;71;-99.4;0.5000;71;0;71;0
2022;150;20;40;80;15;0.05;100000;99936;-0.1;0.43;116;-102.4;0.8448;196;80;36;0
2022;151;20;40;65;20;0.05;100000;99931;-0.1;0.37;121;-89.4;0.7686;186;65;56;0
2022;152;20;40;40;15;0.05;100000;99928;-0.1;0.49;123;-57.2;0.7358;181;58;65;0
2022;153;20;40;80;80;0.05;100000;99927;-0.1;0.07;83;-116.2;0.5000;83;0;83;0
2022;154;20;40;55;30;0.05;100000;99925;-0.1;0.65;119;-81.6;0.6513;155;36;83;0
2022;155;20;40;80;20;0.05;100000;99923;-0.1;0.33;116;-122.4;0.8017;186;70;46;0
2022;156;20;40;75;75;0.05;100000;99922;-0.1;0.08;84;-117.6;0.5000;84;0;84;0
2022;157;20;40;40;10;0.05;100000;99920;-0.1;0.44;131;-63.4;0.8092;212;81;50;0
2022;158;20;40;60;20;0.05;100000;99919;-0.1;0.40;126;-96.4;0.7540;190;64;62;0
2022;159;20;40;65;15;0.05;100000;99914;-0.1;0.40;122;-110.8;0.8156;199;77;45;0
2022;160;20;40;95;100;0.05;100000;99910;-0.1;0.23;61;-170.4;0.4836;59;0;59;2
2022;161;20;40;65;45;0.05;100000;99909;-0.1;0.45;98;-117.2;0.5918;116;18;80;0
2022;162;20;40;70;70;0.05;100000;99909;-0.1;0.09;91;-127.4;0.5000;91;0;91;0
2022;163;20;40;10;25;0.05;100000;99909;-0.1;1.41;148;-17.2;0.3041;90;0;90;58
2022;164;20;40;40;20;0.05;100000;99907;-0.1;0.42;124;-73.6;0.6734;167;43;81;0
2022;165;20;40;10;30;0.05;100000;99906;-0.1;2.22;141;-17.4;0.2660;75;0;75;66
2022;166;20;40;35;15;0.05;100000;99902;-0.1;0.46;127;-67.8;0.7087;180;53;74;0
2022;167;20;40;65;55;0.05;100000;99896;-0.1;0.44;96;-134.4;0.5417;104;8;88;0
2022;168;20;40;65;65;0.05;100000;99896;-0.1;0.10;97;-135.8;0.5000;97;0;97;0
2022;169;20;40;90;75;0.05;100000;99894;-0.1;0.41;72;-190.8;0.5417;78;6;66;0
2022;170;20;40;100;15;0.05;100000;99891;-0.1;0.26;113;-218.2;0.8673;196;83;30;0
2022;171;20;40;85;95;0.05;100000;99885;-0.1;0.30;61;-195.4;0.4672;57;0;57;4
2022;172;20;40;55;65;0.05;100000;99877;-0.1;0.32;96;-134.4;0.4583;88;0;88;8
2022;173;20;40;60;60;0.05;100000;99876;-0.1;0.12;106;-148.4;0.5000;106;0;106;0
2022;174;20;40;55;55;0.05;100000;99855;-0.1;0.14;114;-159.6;0.5000;114;0;114;0
2022;175;20;40;80;85;0.05;100000;99853;-0.1;0.26;72;-235.8;0.4792;69;0;69;3
2022;176;20;40;15;25;0.05;100000;99849;-0.2;0.76;139;-44.6;0.3885;108;0;108;31
2022;177;20;40;80;40;0.05;100000;99843;-0.2;0.57;93;-250.2;0.6613;123;30;63;0
2022;178;20;40;95;45;0.05;100000;99840;-0.2;0.39;74;-303.6;0.6689;99;25;49;0
2022;179;20;40;70;90;0.05;100000;99840;-0.2;0.38;74;-223.6;0.4324;64;0;64;10
2022;180;20;40;60;75;0.05;100000;99838;-0.2;0.32;85;-194.0;0.4412;75;0;75;10
2022;181;20;40;40;35;0.05;100000;99836;-0.2;0.38;126;-131.4;0.5357;135;9;117;0
2022;182;20;40;75;95;0.05;100000;99835;-0.2;0.49;69;-246.6;0.4348;60;0;60;9
2022;183;20;40;50;50;0.05;100000;99835;-0.2;0.17;118;-165.2;0.5000;118;0;118;0
2022;184;20;40;90;80;0.05;100000;99834;-0.2;0.28;71;-299.4;0.5211;74;3;68;0
2022;185;20;40;45;65;0.05;100000;99824;-0.2;0.61;98;-157.2;0.4082;80;0;80;18
2022;186;20;40;45;45;0.05;100000;99824;-0.2;0.18;113;-158.2;0.5000;113;0;113;0
2022;187;20;40;50;15;0.05;100000;99823;-0.2;0.43;137;-176.8;0.7701;211;74;63;0
2022;188;20;40;35;30;0.05;100000;99796;-0.2;0.62;134;-142.6;0.5410;145;11;123;0
2022;189;20;40;75;85;0.05;100000;99790;-0.2;0.42;75;-315.0;0.4600;69;0;69;6
2022;190;20;40;65;75;0.05;100000;99788;-0.2;0.41;82;-274.8;0.4573;75;0;75;7
2022;191;20;40;55;90;0.05;100000;99785;-0.2;0.48;75;-235.0;0.3733;56;0;56;19
2022;192;20;40;40;40;0.05;100000;99780;-0.2;0.22;126;-176.4;0.5000;126;0;126;0
2022;193;20;40;95;50;0.05;100000;99777;-0.2;0.52;81;-423.4;0.6420;104;23;58;0
2022;194;20;40;85;20;0.05;100000;99767;-0.2;0.37;104;-395.6;0.7981;166;62;42;0
2022;195;20;40;90;85;0.05;100000;99755;-0.2;0.29;69;-441.6;0.5000;69;0;69;0
2022;196;20;40;75;15;0.05;100000;99752;-0.2;0.53;116;-372.4;0.8233;191;75;41;0
2022;197;20;40;35;35;0.05;100000;99744;-0.3;0.26;128;-179.2;0.5000;128;0;128;0
2022;198;20;40;85;15;0.05;100000;99741;-0.3;0.54;107;-439.8;0.8364;179;72;35;0
2022;199;20;40;85;100;0.05;100000;99726;-0.3;0.48;61;-465.4;0.4426;54;0;54;7
2022;200;20;40;65;70;0.05;100000;99725;-0.3;0.44;88;-358.2;0.4716;83;0;83;5
2022;201;20;40;90;95;0.05;100000;99711;-0.3;0.39;61;-520.4;0.4672;57;0;57;4
2022;202;20;40;55;15;0.05;100000;99706;-0.3;0.62;138;-323.2;0.7790;215;77;61;0
2022;203;20;40;35;10;0.05;100000;99692;-0.3;0.48;136;-215.4;0.7757;211;75;61;0
2022;204;20;40;55;100;0.05;100000;99691;-0.3;0.62;74;-338.6;0.3446;51;0;51;23
2022;205;20;40;35;40;0.05;100000;99684;-0.3;0.44;126;-221.4;0.4643;117;0;117;9
2022;206;20;40;50;35;0.05;100000;99683;-0.3;0.70;123;-317.2;0.5813;143;20;103;0
2022;207;20;40;40;65;0.05;100000;99681;-0.3;0.58;96;-254.4;0.3750;72;0;72;24
2022;208;20;40;45;70;0.05;100000;99679;-0.3;0.55;95;-288.0;0.3842;73;0;73;22
2022;209;20;40;30;30;0.05;100000;99676;-0.3;0.32;139;-194.6;0.5000;139;0;139;0
2022;210;20;40;60;100;0.05;100000;99676;-0.3;0.43;77;-387.8;0.3636;56;0;56;21
2022;211;20;40;60;95;0.05;100000;99673;-0.3;0.49;76;-391.4;0.3750;57;0;57;19
2022;212;20;40;90;100;0.05;100000;99663;-0.3;0.52;62;-606.8;0.4516;56;0;56;6
2022;213;20;40;35;60;0.05;100000;99635;-0.4;0.73;114;-254.6;0.3640;83;0;83;31
2022;214;20;40;45;50;0.05;100000;99624;-0.4;0.48;117;-338.8;0.4658;109;0;109;8
2022;215;20;40;70;85;0.05;100000;99622;-0.4;0.47;75;-530.0;0.4333;65;0;65;10
2022;216;20;40;65;60;0.05;100000;99619;-0.4;0.48;97;-495.8;0.5052;98;1;96;0
2022;217;20;40;30;35;0.05;100000;99612;-0.4;0.47;134;-232.6;0.4590;123;0;123;11
2022;218;20;40;25;25;0.05;100000;99609;-0.4;0.39;140;-196.0;0.5000;140;0;140;0
2022;219;20;40;55;35;0.05;100000;99602;-0.4;0.59;113;-438.2;0.5973;135;22;91;0
2022;220;20;40;90;15;0.05;100000;99600;-0.4;0.55;107;-719.8;0.8318;178;71;36;0
2022;221;20;40;70;75;0.05;100000;99590;-0.4;0.48;82;-574.8;0.4634;76;0;76;6
2022;222;20;40;55;20;0.05;100000;99587;-0.4;0.83;132;-454.8;0.7197;190;58;74;0
2022;223;20;40;80;95;0.05;100000;99586;-0.4;0.64;67;-663.8;0.4328;58;0;58;9
2022;224;20;40;75;80;0.05;100000;99580;-0.4;0.55;83;-631.2;0.4639;77;0;77;6
2022;225;20;40;30;55;0.05;100000;99579;-0.4;0.70;119;-251.6;0.3487;83;0;83;36
2022;226;20;40;60;90;0.05;100000;99561;-0.4;0.61;76;-526.4;0.3816;58;0;58;18
2022;227;20;40;70;40;0.05;100000;99553;-0.4;0.71;97;-625.8;0.6134;119;22;75;0
2022;228;20;40;60;70;0.05;100000;99548;-0.5;0.56;88;-543.2;0.4432;78;0;78;10
2022;229;20;40;55;75;0.05;100000;99546;-0.5;0.61;85;-499.0;0.4059;69;0;69;16
2022;230;20;40;55;95;0.05;100000;99530;-0.5;0.70;76;-516.4;0.3487;53;0;53;23
2022;231;20;40;55;50;0.05;100000;99529;-0.5;0.52;114;-519.6;0.5088;116;2;112;0
2022;232;20;40;30;45;0.05;100000;99527;-0.5;0.83;117;-283.8;0.3932;92;0;92;25
2022;233;20;40;55;70;0.05;100000;99522;-0.5;0.51;90;-526.0;0.4222;76;0;76;14
2022;234;20;40;30;70;0.05;100000;99522;-0.5;0.77;104;-285.6;0.2933;61;0;61;43
2022;235;20;40;20;20;0.05;100000;99518;-0.5;0.48;138;-193.2;0.5000;138;0;138;0
2022;236;20;40;40;50;0.05;100000;99512;-0.5;0.58;122;-390.8;0.4344;106;0;106;16
2022;237;20;40;55;60;0.05;100000;99508;-0.5;0.51;105;-542.0;0.4619;97;0;97;8
2022;238;20;40;65;100;0.05;100000;99475;-0.5;0.60;73;-682.2;0.3699;54;0;54;19
2022;239;20;40;75;100;0.05;100000;99469;-0.5;0.81;70;-798.0;0.4000;56;0;56;14
2022;240;20;40;40;45;0.05;100000;99456;-0.5;0.75;115;-436.0;0.4565;105;0;105;10
2022;241;20;40;30;50;0.05;100000;99453;-0.5;0.88;120;-328.0;0.3667;88;0;88;32
2022;242;20;40;40;85;0.05;100000;99421;-0.6;1.12;84;-462.6;0.3036;51;0;51;33
2022;243;20;40;50;65;0.05;100000;99406;-0.6;0.77;100;-595.0;0.4150;83;0;83;17
2022;244;20;40;45;60;0.05;100000;99386;-0.6;0.75;106;-553.4;0.4104;87;0;87;19
2022;245;20;40;45;75;0.05;100000;99362;-0.6;0.95;89;-574.6;0.3539;63;0;63;26
2022;246;20;40;60;85;0.05;100000;99360;-0.6;0.68;78;-769.2;0.3846;60;0;60;18
2022;247;20;40;20;60;0.05;100000;99355;-0.6;1.31;126;-256.4;0.2460;62;0;62;64
2022;248;20;40;65;90;0.05;100000;99354;-0.6;0.71;76;-841.4;0.3882;59;0;59;17
2022;249;20;40;40;95;0.05;100000;99349;-0.7;0.87;86;-520.4;0.2791;48;0;48;38
2022;250;20;40;50;85;0.05;100000;99346;-0.7;0.97;85;-654.0;0.3471;59;0;59;26
2022;251;20;40;45;80;0.05;100000;99333;-0.7;1.02;90;-601.0;0.3389;61;0;61;29
2022;252;20;40;20;40;0.05;100000;99315;-0.7;0.93;124;-273.6;0.3266;81;0;81;43
2022;253;20;40;25;15;0.05;100000;99312;-0.7;0.85;139;-344.6;0.6115;170;31;108;0
2022;254;20;40;15;15;0.05;100000;99312;-0.7;0.69;148;-207.2;0.5000;148;0;148;0
2022;255;20;40;30;10;0.05;100000;99306;-0.7;0.78;141;-417.4;0.7305;206;65;76;0
2022;256;20;40;35;80;0.05;100000;99305;-0.7;1.15;97;-485.8;0.2887;56;0;56;41
2022;257;20;40;55;45;0.05;100000;99286;-0.7;0.83;113;-788.2;0.5221;118;5;108;0
2022;258;20;40;35;45;0.05;100000;99280;-0.7;0.76;118;-505.2;0.4195;99;0;99;19
2022;259;20;40;60;80;0.05;100000;99250;-0.7;0.80;87;-901.8;0.3966;69;0;69;18
2022;260;20;40;35;65;0.05;100000;99229;-0.8;0.98;107;-539.8;0.3318;71;0;71;36
2022;261;20;40;55;80;0.05;100000;99227;-0.8;0.84;84;-852.6;0.3750;63;0;63;21
2022;262;20;40;40;60;0.05;100000;99207;-0.8;0.86;111;-635.4;0.3784;84;0;84;27
2022;263;20;40;70;100;0.05;100000;99207;-0.8;0.85;74;-1113.6;0.3716;55;0;55;19
2022;264;20;40;40;75;0.05;100000;99205;-0.8;1.15;94;-636.6;0.3245;61;0;61;33
2022;265;20;40;35;70;0.05;100000;99203;-0.8;0.89;99;-558.6;0.3131;62;0;62;37
2022;266;20;40;80;100;0.05;100000;99195;-0.8;0.94;66;-1292.4;0.3939;52;0;52;14
2022;267;20;40;30;15;0.05;100000;99183;-0.8;0.94;137;-491.8;0.6423;176;39;98;0
2022;268;20;40;50;60;0.05;100000;99180;-0.8;0.90;109;-822.6;0.4266;93;0;93;16
2022;269;20;40;55;85;0.05;100000;99178;-0.8;0.87;76;-906.4;0.3553;54;0;54;22
2022;270;20;40;50;100;0.05;100000;99142;-0.9;1.05;78;-859.2;0.3013;47;0;47;31
2022;271;20;40;25;10;0.05;100000;99138;-0.9;0.92;148;-432.2;0.6926;205;57;91;0
2022;272;20;40;65;85;0.05;100000;99129;-0.9;0.90;76;-1136.4;0.3882;59;0;59;17
2022;273;20;40;25;20;0.05;100000;99124;-0.9;0.98;139;-439.6;0.5360;149;10;129;0
2022;274;20;40;50;70;0.05;100000;99111;-0.9;0.99;94;-891.6;0.3830;72;0;72;22
2022;275;20;40;55;40;0.05;100000;99096;-0.9;1.00;113;-998.2;0.5398;122;9;104;0
2022;276;20;40;50;90;0.05;100000;99093;-0.9;1.19;78;-909.2;0.3205;50;0;50;28
2022;277;20;40;45;100;0.05;100000;99092;-0.9;1.39;74;-818.6;0.2770;41;0;41;33
2022;278;20;40;30;65;0.05;100000;99092;-0.9;1.02;111;-545.4;0.2973;66;0;66;45
2022;279;20;40;10;15;0.05;100000;99078;-0.9;1.31;157;-184.8;0.4045;127;0;127;30
2022;280;20;40;15;10;0.05;100000;99071;-0.9;0.96;157;-279.8;0.5924;186;29;128;0
2022;281;20;40;15;40;0.05;100000;99042;-1.0;1.27;123;-287.2;0.2642;65;0;65;58
2022;282;20;40;15;35;0.05;100000;99041;-1.0;1.18;127;-287.8;0.2913;74;0;74;53
2022;283;20;40;20;30;0.05;100000;99030;-1.0;1.28;135;-389.0;0.3852;104;0;104;31
2022;284;20;40;30;40;0.05;100000;99012;-1.0;1.08;118;-595.2;0.4025;95;0;95;23
2022;285;20;40;10;10;0.05;100000;99011;-1.0;0.99;142;-198.8;0.5000;142;0;142;0
2022;286;20;40;65;80;0.05;100000;98997;-1.0;1.04;85;-1309.0;0.4000;68;0;68;17
2022;287;20;40;70;95;0.05;100000;98995;-1.0;1.05;73;-1412.2;0.3699;54;0;54;19
2022;288;20;40;45;90;0.05;100000;98977;-1.0;1.42;81;-923.4;0.2963;48;0;48;33
2022;289;20;40;65;95;0.05;100000;98947;-1.1;1.12;75;-1375.0;0.3533;53;0;53;22
2022;290;20;40;20;45;0.05;100000;98941;-1.1;1.21;128;-424.2;0.2930;75;0;75;53
2022;291;20;40;50;75;0.05;100000;98909;-1.1;1.38;86;-1095.4;0.3547;61;0;61;25
2022;292;20;40;70;80;0.05;100000;98902;-1.1;1.18;82;-1544.8;0.4085;67;0;67;15
2022;293;20;40;35;75;0.05;100000;98901;-1.1;1.62;94;-771.6;0.2872;54;0;54;40
2022;294;20;40;15;45;0.05;100000;98898;-1.1;1.65;129;-330.6;0.2403;62;0;62;67
2022;295;20;40;30;90;0.05;100000;98894;-1.1;1.21;89;-664.6;0.2247;40;0;40;49
2022;296;20;40;35;90;0.05;100000;98884;-1.1;1.44;88;-783.2;0.2500;44;0;44;44
2022;297;20;40;45;85;0.05;100000;98872;-1.1;1.52;78;-1019.2;0.3013;47;0;47;31
2022;298;20;40;20;35;0.05;100000;98851;-1.1;1.54;140;-461.0;0.3464;97;0;97;43
2022;299;20;40;35;85;0.05;100000;98844;-1.2;1.52;87;-811.8;0.2586;45;0;45;42
2022;300;20;40;30;60;0.05;100000;98791;-1.2;1.21;113;-728.2;0.3053;69;0;69;44
2022;301;20;40;40;90;0.05;100000;98730;-1.3;1.39;86;-1020.4;0.2674;46;0;46;40
2022;302;20;40;25;45;0.05;100000;98701;-1.3;1.39;123;-652.2;0.3293;81;0;81;42
2022;303;20;40;25;40;0.05;100000;98693;-1.3;1.38;119;-656.6;0.3529;84;0;84;35
2022;304;20;40;50;80;0.05;100000;98681;-1.3;1.59;90;-1326.0;0.3333;60;0;60;30
2022;305;20;40;35;100;0.05;100000;98664;-1.3;1.70;85;-939.0;0.2235;38;0;38;47
2022;306;20;40;40;100;0.05;100000;98662;-1.3;1.48;82;-1074.8;0.2439;40;0;40;42
2022;307;20;40;25;65;0.05;100000;98648;-1.4;1.93;113;-678.2;0.2522;57;0;57;56
2022;308;20;40;25;30;0.05;100000;98590;-1.4;1.52;139;-709.6;0.4209;117;0;117;22
2022;309;20;40;20;50;0.05;100000;98561;-1.4;1.78;134;-577.6;0.2649;71;0;71;63
2022;310;20;40;30;75;0.05;100000;98511;-1.5;1.59;95;-898.0;0.2474;47;0;47;48
2022;311;20;40;15;20;0.05;100000;98377;-1.6;1.91;136;-490.4;0.3971;108;0;108;28
2022;312;20;40;25;55;0.05;100000;98360;-1.6;2.25;125;-825.0;0.2800;70;0;70;55
2022;313;20;40;25;35;0.05;100000;98357;-1.6;1.71;134;-827.6;0.3769;101;0;101;33
2022;314;20;40;25;50;0.05;100000;98270;-1.7;1.98;122;-870.8;0.2951;72;0;72;50
2022;315;20;40;30;80;0.05;100000;98233;-1.8;2.13;98;-1067.2;0.2296;45;0;45;53
2022;316;20;40;35;95;0.05;100000;98160;-1.8;2.09;91;-1297.4;0.2198;40;0;40;51
2022;317;20;40;25;60;0.05;100000;98119;-1.9;2.07;116;-947.4;0.2543;59;0;59;57
2022;318;20;40;30;85;0.05;100000;98100;-1.9;1.97;88;-1148.2;0.2102;37;0;37;51
2022;319;20;40;10;20;0.05;100000;97938;-2.1;2.45;147;-415.8;0.3095;91;0;91;56
2022;320;20;40;25;75;0.05;100000;97334;-2.7;2.71;106;-1348.4;0.1934;41;0;41;65
2022;321;20;40;25;70;0.05;100000;96852;-3.1;3.25;105;-1597.0;0.1905;40;0;40;65
2023;1;20;40;15;45;0.50;100000;114270;14.3;5.61;71;410.6;0.3099;44;0;44;27
2023;2;20;40;40;100;0.50;100000;111067;11.1;3.80;48;852.8;0.3542;34;0;34;14
2023;3;20;40;30;85;0.50;100000;110302;10.3;4.92;52;602.2;0.3173;33;0;33;19
2023;4;20;40;15;40;0.50;100000;107381;7.4;6.38;70;222.0;0.3143;44;0;44;26
2023;5;20;40;35;100;0.50;100000;106725;6.7;3.64;52;472.2;0.2981;31;0;31;21
2023;6;20;40;40;85;0.50;100000;106541;6.5;3.98;52;517.2;0.3654;38;0;38;14
2023;7;20;40;35;60;0.50;100000;105708;5.7;3.54;61;394.6;0.4098;50;0;50;11
2023;8;20;40;30;90;0.50;100000;105594;5.6;3.70;55;343.0;0.2818;31;0;31;24
2023;9;20;40;20;60;0.50;100000;105593;5.6;7.87;64;230.4;0.2812;36;0;36;28
2023;10;20;40;20;45;0.50;100000;105161;5.2;5.43;75;210.0;0.3400;51;0;51;24
2023;11;20;40;40;80;0.50;100000;105123;5.1;3.51;51;408.6;0.3725;38;0;38;13
2023;12;20;40;30;70;0.50;100000;104943;4.9;4.28;57;300.2;0.3333;38;0;38;19
2023;13;20;40;45;75;0.50;100000;104889;4.9;3.09;53;435.8;0.4151;44;0;44;9
2023;14;20;40;50;100;0.50;100000;104853;4.9;3.27;47;484.2;0.3723;35;0;35;12
2023;15;20;40;25;60;0.50;100000;104840;4.8;5.34;63;246.8;0.3254;41;0;41;22
2023;16;20;40;20;40;0.50;100000;104570;4.6;4.89;68;184.8;0.3676;50;0;50;18
2023;17;20;40;50;95;0.50;100000;104551;4.6;3.80;47;454.2;0.3830;36;0;36;11
2023;18;20;40;35;70;0.50;100000;104205;4.2;4.05;62;298.2;0.3629;45;0;45;17
2023;19;20;40;75;100;0.50;100000;104188;4.2;2.35;41;617.6;0.4756;39;0;39;2
2023;20;20;40;30;75;0.50;100000;104128;4.1;3.83;54;254.4;0.3148;34;0;34;20
2023;21;20;40;35;75;0.50;100000;104022;4.0;5.72;53;285.8;0.3491;37;0;37;16
2023;22;20;40;35;85;0.50;100000;103781;3.8;5.80;55;273.0;0.3182;35;0;35;20
2023;23;20;40;40;60;0.50;100000;103633;3.6;3.38;64;290.4;0.4297;55;0;55;9
2023;24;20;40;30;60;0.50;100000;103417;3.4;5.12;64;210.4;0.3594;46;0;46;18
2023;25;20;40;60;100;0.50;100000;102769;2.8;3.49;46;335.6;0.4022;37;0;37;9
2023;26;20;40;70;55;0.50;100000;102724;2.7;2.33;53;380.8;0.5943;63;10;43;0
2023;27;20;40;35;95;0.50;100000;102681;2.7;6.62;50;200.0;0.2900;29;0;29;21
2023;28;20;40;45;80;0.50;100000;102592;2.6;3.15;48;237.8;0.3854;37;0;37;11
2023;29;20;40;70;65;0.50;100000;102452;2.5;1.45;52;342.2;0.5481;57;5;47;0
2023;30;20;40;80;100;0.50;100000;102416;2.4;2.05;40;384.0;0.4750;38;0;38;2
2023;31;20;40;90;85;0.50;100000;102406;2.4;1.21;42;431.2;0.5476;46;4;38;0
2023;32;20;40;85;100;0.50;100000;102291;2.3;1.51;42;386.2;0.4881;41;0;41;1
2023;33;20;40;65;100;0.50;100000;102205;2.2;4.17;43;289.8;0.4186;36;0;36;7
2023;34;20;40;30;80;0.50;100000;102181;2.2;6.54;55;143.0;0.2909;32;0;32;23
2023;35;20;40;60;85;0.50;100000;102174;2.2;2.35;48;262.8;0.4375;42;0;42;6
2023;36;20;40;90;55;0.50;100000;102169;2.2;1.71;45;392.0;0.6556;59;14;31;0
2023;37;20;40;70;60;0.50;100000;102098;2.1;1.23;54;294.4;0.5648;61;7;47;0
2023;38;20;40;65;95;0.50;100000;102056;2.1;4.10;43;269.8;0.4302;37;0;37;6
2023;39;20;40;40;75;0.50;100000;102048;2.0;4.80;53;170.8;0.3679;39;0;39;14
2023;40;20;40;40;95;0.50;100000;101956;2.0;4.32;51;168.6;0.3137;32;0;32;19
2023;41;20;40;20;25;0.50;100000;101883;1.9;2.13;71;75.6;0.4718;67;0;67;4
2023;42;20;40;70;100;0.50;100000;101880;1.9;3.48;39;265.4;0.4359;34;0;34;5
2023;43;20;40;25;40;0.50;100000;101848;1.8;3.76;74;96.4;0.4054;60;0;60;14
2023;44;20;40;55;25;0.50;100000;101782;1.8;1.82;65;199.0;0.7154;93;28;37;0
2023;45;20;40;65;45;0.50;100000;101761;1.8;1.95;56;231.6;0.6161;69;13;43;0
2023;46;20;40;60;80;0.50;100000;101746;1.7;2.59;49;211.4;0.4490;44;0;44;5
2023;47;20;40;15;30;0.50;100000;101744;1.7;6.01;77;57.2;0.3571;55;0;55;22
2023;48;20;40;55;45;0.50;100000;101739;1.7;1.84;62;193.2;0.5726;71;9;53;0
2023;49;20;40;75;60;0.50;100000;101721;1.7;2.23;50;260.0;0.5800;58;8;42;0
2023;50;20;40;55;50;0.50;100000;101682;1.7;1.88;53;185.8;0.5472;58;5;48;0
2023;51;20;40;80;50;0.50;100000;101541;1.5;2.22;50;250.0;0.6400;64;14;36;0
2023;52;20;40;50;25;0.50;100000;101514;1.5;1.86;68;154.8;0.6912;94;26;42;0
2023;53;20;40;50;45;0.50;100000;101462;1.5;2.15;66;147.6;0.5455;72;6;60;0
2023;54;20;40;45;30;0.50;100000;101457;1.5;2.99;65;134.0;0.6231;81;16;49;0
2023;55;20;40;30;40;0.50;100000;101403;1.4;3.72;67;86.2;0.4478;60;0;60;7
2023;56;20;40;75;55;0.50;100000;101370;1.4;2.30;51;208.6;0.5980;61;10;41;0
2023;57;20;40;90;80;0.50;100000;101300;1.3;1.88;39;235.4;0.5513;43;4;35;0
2023;58;20;40;75;85;0.50;100000;101228;1.2;1.51;40;184.0;0.4875;39;0;39;1
2023;59;20;40;50;85;0.50;100000;101207;1.2;4.51;48;127.8;0.3854;37;0;37;11
2023;60;20;40;35;80;0.50;100000;101206;1.2;6.42;47;94.2;0.3191;30;0;30;17
2023;61;20;40;70;25;0.50;100000;101166;1.2;2.13;66;167.6;0.7576;100;34;32;0
2023;62;20;40;80;95;0.50;100000;101122;1.1;2.25;39;180.4;0.4744;37;0;37;2
2023;63;20;40;85;95;0.50;100000;101117;1.1;1.51;43;189.8;0.4884;42;0;42;1
2023;64;20;40;80;25;0.50;100000;101087;1.1;1.75;62;178.2;0.7823;97;35;27;0
2023;65;20;40;55;30;0.50;100000;101071;1.1;2.95;63;121.8;0.6667;84;21;42;0
2023;66;20;40;55;95;0.50;100000;101069;1.1;5.59;46;125.6;0.3804;35;0;35;11
2023;67;20;40;90;35;0.50;100000;101042;1.0;2.78;52;192.2;0.7404;77;25;27;0
2023;68;20;40;50;20;0.50;100000;101012;1.0;3.38;68;104.8;0.7353;100;32;36;0
2023;69;20;40;70;95;0.50;100000;100993;1.0;3.98;41;142.6;0.4390;36;0;36;5
2023;70;20;40;65;90;0.50;100000;100983;1.0;3.28;45;132.0;0.4333;39;0;39;6
2023;71;20;40;40;90;0.50;100000;100977;1.0;3.99;50;90.0;0.3200;32;0;32;18
2023;72;20;40;80;75;0.50;100000;100937;0.9;1.14;49;151.4;0.5306;52;3;46;0
2023;73;20;40;65;85;0.50;100000;100930;0.9;2.68;47;124.2;0.4468;42;0;42;5
2023;74;20;40;75;65;0.50;100000;100927;0.9;2.00;49;141.4;0.5510;54;5;44;0
2023;75;20;40;90;100;0.50;100000;100902;0.9;1.51;41;162.6;0.4878;40;0;40;1
2023;76;20;40;50;90;0.50;100000;100872;0.9;3.35;46;95.6;0.3696;34;0;34;12
2023;77;20;40;90;95;0.50;100000;100864;0.9;0.50;43;154.8;0.5000;43;0;43;0
2023;78;20;40;90;70;0.50;100000;100799;0.8;2.49;38;146.8;0.5789;44;6;32;0
2023;79;20;40;45;60;0.50;100000;100746;0.7;3.76;67;71.2;0.4403;59;0;59;8
2023;80;20;40;70;45;0.50;100000;100718;0.7;2.30;57;105.2;0.6228;71;14;43;0
2023;81;20;40;80;55;0.50;100000;100657;0.7;2.29;47;109.2;0.6064;57;10;37;0
2023;82;20;40;30;65;0.50;100000;100651;0.7;5.86;58;48.8;0.3276;38;0;38;20
2023;83;20;40;35;25;0.50;100000;100561;0.6;3.38;70;42.0;0.6000;84;14;56;0
2023;84;20;40;75;25;0.50;100000;100378;0.4;3.35;63;61.8;0.7619;96;33;30;0
2023;85;20;40;60;55;0.50;100000;100350;0.4;1.98;65;44.0;0.5308;69;4;61;0
2023;86;20;40;35;30;0.50;100000;100348;0.3;4.34;67;26.2;0.5522;74;7;60;0
2023;87;20;40;100;25;0.50;100000;100318;0.3;2.06;58;68.8;0.8103;94;36;22;0
2023;88;20;40;50;40;0.50;100000;100317;0.3;2.43;68;34.8;0.5662;77;9;59;0
2023;89;20;40;35;65;0.50;100000;100314;0.3;5.11;57;30.2;0.3596;41;0;41;16
2023;90;20;40;35;45;0.50;100000;100314;0.3;2.77;68;24.8;0.4485;61;0;61;7
2023;91;20;40;45;25;0.50;100000;100246;0.2;4.27;74;26.4;0.6554;97;23;51;0
2023;92;20;40;75;20;0.50;100000;100229;0.2;3.03;65;39.0;0.8000;104;39;26;0
2023;93;20;40;20;10;0.50;100000;100218;0.2;3.31;78;10.8;0.6923;108;30;48;0
2023;94;20;40;55;100;0.50;100000;100217;0.2;4.54;47;34.2;0.3617;34;0;34;13
2023;95;20;40;35;40;0.50;100000;100215;0.2;2.48;67;16.2;0.4776;64;0;64;3
2023;96;20;40;35;55;0.50;100000;100169;0.2;4.37;59;17.4;0.3983;47;0;47;12
2023;97;20;40;75;95;0.50;100000;100156;0.2;3.39;38;26.8;0.4474;34;0;34;4
2023;98;20;40;45;90;0.50;100000;100154;0.2;3.72;47;24.2;0.3404;32;0;32;15
2023;99;20;40;65;50;0.50;100000;100112;0.1;3.11;55;18.0;0.5727;63;8;47;0
2023;100;20;40;55;40;0.50;100000;100108;0.1;2.88;57;15.2;0.5877;67;10;47;0
2023;101;20;40;65;40;0.50;100000;100105;0.1;1.74;55;18.0;0.6273;69;14;41;0
2023;102;20;40;90;75;0.50;100000;100098;0.1;2.48;39;20.4;0.5513;43;4;35;0
2023;103;20;40;50;60;0.50;100000;100062;0.1;3.17;65;9.0;0.4615;60;0;60;5
2023;104;20;40;65;55;0.50;100000;100036;0.0;2.49;52;7.2;0.5481;57;5;47;0
2023;105;20;40;55;20;0.05;100000;99995;-0.0;0.29;64;-4.6;0.7422;95;31;33;0
2023;106;20;40;100;45;0.05;100000;99995;-0.0;0.32;49;-8.6;0.6939;68;19;30;0
2023;107;20;40;75;70;0.05;100000;99993;-0.0;0.16;47;-10.8;0.5213;49;2;45;0
2023;108;20;40;70;40;0.05;100000;99990;-0.0;0.30;60;-14.0;0.6417;77;17;43;0
2023;109;20;40;80;85;0.05;100000;99987;-0.0;0.15;40;-21.0;0.4875;39;0;39;1
2023;110;20;40;35;50;0.05;100000;99985;-0.0;0.50;68;-10.2;0.4191;57;0;57;11
2023;111;20;40;70;85;0.05;100000;99984;-0.0;0.26;44;-21.6;0.4545;40;0;40;4
2023;112;20;40;90;60;0.05;100000;99982;-0.0;0.18;44;-31.6;0.6023;53;9;35;0
2023;113;20;40;95;25;0.05;100000;99980;-0.0;0.20;56;-38.4;0.7946;89;33;23;0
2023;114;20;40;70;80;0.05;100000;99979;-0.0;0.21;49;-28.6;0.4694;46;0;46;3
2023;115;20;40;45;85;0.05;100000;99977;-0.0;0.55;50;-20.0;0.3500;35;0;35;15
2023;116;20;40;70;50;0.05;100000;99976;-0.0;0.29;52;-32.8;0.5865;61;9;43;0
2023;117;20;40;30;25;0.05;100000;99976;-0.0;0.26;71;-14.4;0.5563;79;8;63;0
2023;118;20;40;85;25;0.05;100000;99975;-0.0;0.22;58;-41.2;0.7759;90;32;26;0
2023;119;20;40;25;65;0.05;100000;99975;-0.0;0.59;65;-11.0;0.2846;37;0;37;28
2023;120;20;40;20;35;0.05;100000;99975;-0.0;0.48;64;-9.6;0.3750;48;0;48;16
2023;121;20;40;100;100;0.05;100000;99973;-0.0;0.03;38;-53.2;0.5000;38;0;38;0
2023;122;20;40;70;20;0.05;100000;99973;-0.0;0.36;62;-36.8;0.7823;97;35;27;0
2023;123;20;40;100;95;0.05;100000;99973;-0.0;0.11;39;-54.6;0.5128;40;1;38;0
2023;124;20;40;95;60;0.05;100000;99973;-0.0;0.38;44;-51.6;0.6136;54;10;34;0
2023;125;20;40;95;100;0.05;100000;99971;-0.0;0.15;39;-54.6;0.4872;38;0;38;1
2023;126;20;40;75;50;0.05;100000;99971;-0.0;0.26;49;-43.6;0.6020;59;10;39;0
2023;127;20;40;95;95;0.05;100000;99968;-0.0;0.03;43;-60.2;0.5000;43;0;43;0
2023;128;20;40;90;90;0.05;100000;99968;-0.0;0.03;41;-57.4;0.5000;41;0;41;0
2023;129;20;40;85;85;0.05;100000;99965;-0.0;0.03;42;-58.8;0.5000;42;0;42;0
2023;130;20;40;15;10;0.05;100000;99959;-0.0;0.53;80;-12.0;0.6250;100;20;60;0
2023;131;20;40;90;25;0.05;100000;99959;-0.0;0.20;60;-74.0;0.7833;94;34;26;0
2023;132;20;40;80;80;0.05;100000;99957;-0.0;0.04;49;-68.6;0.5000;49;0;49;0
2023;133;20;40;75;75;0.05;100000;99955;-0.0;0.04;48;-67.2;0.5000;48;0;48;0
2023;134;20;40;85;55;0.05;100000;99955;-0.0;0.28;47;-75.8;0.6064;57;10;37;0
2023;135;20;40;65;80;0.05;100000;99955;-0.0;0.33;49;-58.6;0.4490;44;0;44;5
2023;136;20;40;95;45;0.05;100000;99954;-0.0;0.20;48;-87.2;0.6771;65;17;31;0
2023;137;20;40;80;65;0.05;100000;99951;-0.0;0.27;49;-78.6;0.5510;54;5;44;0
2023;138;20;40;70;70;0.05;100000;99950;-0.0;0.05;50;-70.0;0.5000;50;0;50;0
2023;139;20;40;95;15;0.05;100000;99949;-0.1;0.27;62;-96.8;0.8629;107;45;17;0
2023;140;20;40;55;85;0.05;100000;99949;-0.1;0.40;47;-55.8;0.3936;37;0;37;10
2023;141;20;40;85;80;0.05;100000;99946;-0.1;0.14;40;-91.0;0.5125;41;1;39;0
2023;142;20;40;45;95;0.05;100000;99946;-0.1;0.49;48;-47.2;0.3229;31;0;31;17
2023;143;20;40;65;65;0.05;100000;99945;-0.1;0.05;51;-71.4;0.5000;51;0;51;0
2023;144;20;40;60;65;0.05;100000;99945;-0.1;0.19;51;-66.4;0.4804;49;0;49;2
2023;145;20;40;65;60;0.05;100000;99941;-0.1;0.20;51;-76.4;0.5196;53;2;49;0
2023;146;20;40;85;70;0.05;100000;99940;-0.1;0.20;44;-101.6;0.5455;48;4;40;0
2023;147;20;40;60;95;0.05;100000;99940;-0.1;0.61;44;-71.6;0.3864;34;0;34;10
2023;148;20;40;80;70;0.05;100000;99932;-0.1;0.16;49;-108.6;0.5306;52;3;46;0
2023;149;20;40;55;55;0.05;100000;99930;-0.1;0.07;55;-77.0;0.5000;55;0;55;0
2023;150;20;40;95;75;0.05;100000;99930;-0.1;0.23;38;-133.2;0.5526;42;4;34;0
2023;151;20;40;85;45;0.05;100000;99929;-0.1;0.31;50;-120.0;0.6500;65;15;35;0
2023;152;20;40;60;60;0.05;100000;99925;-0.1;0.07;64;-89.6;0.5000;64;0;64;0
2023;153;20;40;60;90;0.05;100000;99923;-0.1;0.32;44;-91.6;0.3977;35;0;35;9
2023;154;20;40;35;15;0.05;100000;99921;-0.1;0.34;68;-55.2;0.7059;96;28;40;0
2023;155;20;40;100;55;0.05;100000;99917;-0.1;0.29;47;-165.8;0.6383;60;13;34;0
2023;156;20;40;70;75;0.05;100000;99914;-0.1;0.23;47;-120.8;0.4787;45;0;45;2
2023;157;20;40;75;90;0.05;100000;99913;-0.1;0.37;39;-129.6;0.4487;35;0;35;4
2023;158;20;40;90;45;0.05;100000;99913;-0.1;0.25;47;-155.8;0.6596;62;15;32;0
2023;159;20;40;15;25;0.05;100000;99911;-0.1;0.41;76;-26.4;0.3882;59;0;59;17
2023;160;20;40;50;50;0.05;100000;99910;-0.1;0.09;64;-89.6;0.5000;64;0;64;0
2023;161;20;40;45;45;0.05;100000;99907;-0.1;0.09;60;-84.0;0.5000;60;0;60;0
2023;162;20;40;50;75;0.05;100000;99906;-0.1;0.40;49;-93.6;0.3980;39;0;39;10
2023;163;20;40;45;40;0.05;100000;99901;-0.1;0.25;67;-88.8;0.5299;71;4;63;0
2023;164;20;40;30;10;0.05;100000;99898;-0.1;0.32;72;-60.8;0.7569;109;37;35;0
2023;165;20;40;50;10;0.05;100000;99895;-0.1;0.20;75;-105.0;0.8333;125;50;25;0
2023;166;20;40;50;70;0.05;100000;99887;-0.1;0.44;52;-112.8;0.4135;43;0;43;9
2023;167;20;40;50;30;0.05;100000;99883;-0.1;0.40;69;-116.6;0.6232;86;17;52;0
2023;168;20;40;40;40;0.05;100000;99881;-0.1;0.12;68;-95.2;0.5000;68;0;68;0
2023;169;20;40;40;45;0.05;100000;99876;-0.1;0.30;67;-98.8;0.4701;63;0;63;4
2023;170;20;40;90;50;0.05;100000;99875;-0.1;0.28;46;-224.4;0.6304;58;12;34;0
2023;171;20;40;25;10;0.05;100000;99874;-0.1;0.31;70;-63.0;0.7214;101;31;39;0
2023;172;20;40;90;40;0.05;100000;99872;-0.1;0.22;50;-230.0;0.6800;68;18;32;0
2023;173;20;40;30;50;0.05;100000;99871;-0.1;0.77;69;-76.6;0.3768;52;0;52;17
2023;174;20;40;65;25;0.05;100000;99868;-0.1;0.34;65;-171.0;0.7154;93;28;37;0
2023;175;20;40;35;35;0.05;100000;99866;-0.1;0.13;67;-93.8;0.5000;67;0;67;0
2023;176;20;40;90;15;0.05;100000;99866;-0.1;0.35;65;-241.0;0.8462;110;45;20;0
2023;177;20;40;95;55;0.05;100000;99866;-0.1;0.42;46;-254.4;0.6196;57;11;35;0
2023;178;20;40;95;70;0.05;100000;99864;-0.1;0.30;41;-257.4;0.5610;46;5;36;0
2023;179;20;40;100;90;0.05;100000;99861;-0.1;0.19;41;-277.4;0.5122;42;1;40;0
2023;180;20;40;55;65;0.05;100000;99861;-0.1;0.32;52;-152.8;0.4519;47;0;47;5
2023;181;20;40;80;35;0.05;100000;99859;-0.1;0.40;47;-225.8;0.6809;64;17;30;0
2023;182;20;40;90;65;0.05;100000;99857;-0.1;0.31;45;-258.0;0.5667;51;6;39;0
2023;183;20;40;45;100;0.05;100000;99856;-0.1;0.80;49;-128.6;0.3061;30;0;30;19
2023;184;20;40;95;90;0.05;100000;99855;-0.1;0.19;43;-275.2;0.5000;43;0;43;0
2023;185;20;40;65;35;0.05;100000;99854;-0.1;0.29;57;-189.8;0.6404;73;16;41;0
2023;186;20;40;85;65;0.05;100000;99849;-0.2;0.31;47;-255.8;0.5532;52;5;42;0
2023;187;20;40;95;80;0.05;100000;99848;-0.2;0.20;39;-289.6;0.5256;41;2;37;0
2023;188;20;40;85;50;0.05;100000;99846;-0.2;0.40;48;-262.2;0.6146;59;11;37;0
2023;189;20;40;75;10;0.05;100000;99843;-0.2;0.26;65;-236.0;0.8692;113;48;17;0
2023;190;20;40;60;50;0.05;100000;99841;-0.2;0.32;65;-191.0;0.5385;70;5;60;0
2023;191;20;40;65;30;0.05;100000;99837;-0.2;0.38;58;-211.2;0.6724;78;20;38;0
2023;192;20;40;95;85;0.05;100000;99837;-0.2;0.21;43;-310.2;0.5116;44;1;42;0
2023;193;20;40;20;30;0.05;100000;99836;-0.2;0.72;68;-65.2;0.4044;55;0;55;13
2023;194;20;40;95;40;0.05;100000;99836;-0.2;0.28;51;-311.4;0.6863;70;19;32;0
2023;195;20;40;55;35;0.05;100000;99834;-0.2;0.25;59;-182.6;0.6017;71;12;47;0
2023;196;20;40;30;30;0.05;100000;99830;-0.2;0.17;73;-102.2;0.5000;73;0;73;0
2023;197;20;40;50;65;0.05;100000;99828;-0.2;0.50;55;-172.0;0.4273;47;0;47;8
2023;198;20;40;85;75;0.05;100000;99826;-0.2;0.22;40;-296.0;0.5125;41;1;39;0
2023;199;20;40;95;35;0.05;100000;99821;-0.2;0.31;50;-340.0;0.7100;71;21;29;0
2023;200;20;40;50;35;0.05;100000;99820;-0.2;0.34;68;-180.2;0.5809;79;11;57;0
2023;201;20;40;70;90;0.05;100000;99819;-0.2;0.50;38;-253.2;0.4211;32;0;32;6
2023;202;20;40;80;30;0.05;100000;99814;-0.2;0.47;55;-297.0;0.7091;78;23;32;0
2023;203;20;40;100;70;0.05;100000;99813;-0.2;0.23;39;-374.6;0.5641;44;5;34;0
2023;204;20;40;75;80;0.05;100000;99808;-0.2;0.30;49;-288.6;0.4694;46;0;46;3
2023;205;20;40;25;25;0.05;100000;99807;-0.2;0.19;69;-96.6;0.5000;69;0;69;0
2023;206;20;40;40;70;0.05;100000;99807;-0.2;0.57;60;-154.0;0.3583;43;0;43;17
2023;207;20;40;100;65;0.05;100000;99795;-0.2;0.40;43;-410.2;0.5814;50;7;36;0
2023;208;20;40;95;65;0.05;100000;99795;-0.2;0.36;43;-390.2;0.5698;49;6;37;0
2023;209;20;40;55;60;0.05;100000;99795;-0.2;0.35;65;-226.0;0.4692;61;0;61;4
2023;210;20;40;80;20;0.05;100000;99794;-0.2;0.43;64;-329.6;0.7812;100;36;28;0
2023;211;20;40;90;10;0.05;100000;99793;-0.2;0.31;66;-372.4;0.8788;116;50;16;0
2023;212;20;40;30;20;0.05;100000;99791;-0.2;0.33;68;-125.2;0.5956;81;13;55;0
2023;213;20;40;75;40;0.05;100000;99787;-0.2;0.44;53;-319.2;0.6321;67;14;39;0
2023;214;20;40;65;75;0.05;100000;99786;-0.2;0.30;49;-278.6;0.4490;44;0;44;5
2023;215;20;40;80;90;0.05;100000;99785;-0.2;0.40;39;-344.6;0.4487;35;0;35;4
2023;216;20;40;40;65;0.05;100000;99784;-0.2;0.50;55;-172.0;0.3727;41;0;41;14
2023;217;20;40;60;45;0.05;100000;99784;-0.2;0.33;67;-258.8;0.5597;75;8;59;0
2023;218;20;40;80;60;0.05;100000;99782;-0.2;0.40;49;-348.6;0.5510;54;5;44;0
2023;219;20;40;40;55;0.05;100000;99781;-0.2;0.51;57;-174.8;0.4123;47;0;47;10
2023;220;20;40;55;80;0.05;100000;99781;-0.2;0.45;47;-240.8;0.3936;37;0;37;10
2023;221;20;40;75;15;0.05;100000;99780;-0.2;0.38;64;-329.6;0.8125;104;40;24;0
2023;222;20;40;70;10;0.05;100000;99774;-0.2;0.35;69;-316.6;0.8551;118;49;20;0
2023;223;20;40;70;15;0.05;100000;99769;-0.2;0.38;63;-323.2;0.8016;101;38;25;0
2023;224;20;40;100;60;0.05;100000;99768;-0.2;0.40;46;-464.4;0.5978;55;9;37;0
2023;225;20;40;80;45;0.05;100000;99767;-0.2;0.35;48;-372.2;0.6146;59;11;37;0
2023;226;20;40;85;60;0.05;100000;99766;-0.2;0.39;48;-397.2;0.5625;54;6;42;0
2023;227;20;40;45;35;0.05;100000;99761;-0.2;0.38;68;-215.2;0.5515;75;7;61;0
2023;228;20;40;90;20;0.05;100000;99759;-0.2;0.41;60;-434.0;0.7917;95;35;25;0
2023;229;20;40;35;20;0.05;100000;99758;-0.2;0.41;64;-169.6;0.6250;80;16;48;0
2023;230;20;40;100;80;0.05;100000;99752;-0.2;0.29;40;-496.0;0.5250;42;2;38;0
2023;231;20;40;85;35;0.05;100000;99749;-0.3;0.45;55;-427.0;0.6818;75;20;35;0
2023;232;20;40;100;85;0.05;100000;99748;-0.3;0.29;42;-503.8;0.5119;43;1;41;0
2023;233;20;40;40;35;0.05;100000;99745;-0.3;0.30;67;-203.8;0.5224;70;3;64;0
2023;234;20;40;100;15;0.05;100000;99737;-0.3;0.45;58;-526.2;0.8362;97;39;19;0
2023;235;20;40;75;30;0.05;100000;99730;-0.3;0.45;54;-405.6;0.6852;74;20;34;0
2023;236;20;40;20;20;0.05;100000;99727;-0.3;0.27;78;-109.2;0.5000;78;0;78;0
2023;237;20;40;85;10;0.05;100000;99727;-0.3;0.38;67;-463.8;0.8657;116;49;18;0
2023;238;20;40;95;20;0.05;100000;99726;-0.3;0.43;58;-521.2;0.7931;92;34;24;0
2023;239;20;40;60;10;0.05;100000;99724;-0.3;0.33;65;-331.0;0.8308;108;43;22;0
2023;240;20;40;90;30;0.05;100000;99724;-0.3;0.39;55;-497.0;0.7182;79;24;31;0
2023;241;20;40;55;10;0.05;100000;99723;-0.3;0.33;71;-304.4;0.8239;117;46;25;0
2023;242;20;40;40;50;0.05;100000;99718;-0.3;0.45;68;-225.2;0.4338;59;0;59;9
2023;243;20;40;75;35;0.05;100000;99711;-0.3;0.53;53;-434.2;0.6509;69;16;37;0
2023;244;20;40;95;10;0.05;100000;99707;-0.3;0.34;66;-557.4;0.8712;115;49;17;0
2023;245;20;40;55;15;0.05;100000;99706;-0.3;0.43;67;-323.8;0.7612;102;35;32;0
2023;246;20;40;100;10;0.05;100000;99705;-0.3;0.34;57;-589.8;0.8684;99;42;15;0
2023;247;20;40;45;70;0.05;100000;99705;-0.3;0.52;57;-264.8;0.3772;43;0;43;14
2023;248;20;40;85;20;0.05;100000;99701;-0.3;0.50;63;-508.2;0.7778;98;35;28;0
2023;249;20;40;100;50;0.05;100000;99692;-0.3;0.45;47;-615.8;0.6277;59;12;35;0
2023;250;20;40;95;50;0.05;100000;99692;-0.3;0.48;47;-585.8;0.6170;58;11;36;0
2023;251;20;40;100;35;0.05;100000;99691;-0.3;0.43;52;-617.8;0.7019;73;21;31;0
2023;252;20;40;20;15;0.05;100000;99683;-0.3;0.51;80;-127.0;0.5687;91;11;69;0
2023;253;20;40;55;75;0.05;100000;99680;-0.3;0.56;51;-351.4;0.4020;41;0;41;10
2023;254;20;40;85;90;0.05;100000;99677;-0.3;0.42;42;-548.8;0.4524;38;0;38;4
2023;255;20;40;15;20;0.05;100000;99677;-0.3;0.48;80;-97.0;0.4313;69;0;69;11
2023;256;20;40;60;30;0.05;100000;99675;-0.3;0.37;64;-389.6;0.6406;82;18;46;0
2023;257;20;40;70;30;0.05;100000;99672;-0.3;0.50;57;-459.8;0.6667;76;19;38;0
2023;258;20;40;60;75;0.05;100000;99667;-0.3;0.42;50;-400.0;0.4200;42;0;42;8
2023;259;20;40;50;55;0.05;100000;99666;-0.3;0.44;53;-334.2;0.4528;48;0;48;5
2023;260;20;40;70;35;0.05;100000;99663;-0.3;0.53;62;-471.8;0.6371;79;17;45;0
2023;261;20;40;60;20;0.05;100000;99659;-0.3;0.57;64;-409.6;0.7188;92;28;36;0
2023;262;20;40;40;30;0.05;100000;99658;-0.3;0.48;67;-273.8;0.5522;74;7;60;0
2023;263;20;40;80;40;0.05;100000;99656;-0.3;0.49;51;-551.4;0.6275;64;13;38;0
2023;264;20;40;45;10;0.05;100000;99655;-0.3;0.46;72;-310.8;0.7917;114;42;30;0
2023;265;20;40;15;15;0.05;100000;99651;-0.3;0.35;75;-105.0;0.5000;75;0;75;0
2023;266;20;40;60;25;0.05;100000;99648;-0.4;0.52;63;-423.2;0.6746;85;22;41;0
2023;267;20;40;30;35;0.05;100000;99644;-0.4;0.63;67;-213.8;0.4478;60;0;60;7
2023;268;20;40;65;20;0.05;100000;99642;-0.4;0.59;65;-466.0;0.7308;95;30;35;0
2023;269;20;40;85;15;0.05;100000;99640;-0.4;0.54;66;-612.4;0.8106;107;41;25;0
2023;270;20;40;100;75;0.05;100000;99634;-0.4;0.40;41;-732.4;0.5244;43;2;39;0
2023;271;20;40;25;30;0.05;100000;99631;-0.4;0.61;71;-184.4;0.4437;63;0;63;8
2023;272;20;40;45;50;0.05;100000;99631;-0.4;0.46;66;-332.4;0.4545;60;0;60;6
2023;273;20;40;35;10;0.05;100000;99630;-0.4;0.59;78;-259.2;0.7564;118;40;38;0
2023;274;20;40;60;70;0.05;100000;99629;-0.4;0.49;54;-445.6;0.4352;47;0;47;7
2023;275;20;40;25;15;0.05;100000;99627;-0.4;0.46;76;-186.4;0.6118;93;17;59;0
2023;276;20;40;65;70;0.05;100000;99625;-0.4;0.46;52;-487.8;0.4519;47;0;47;5
2023;277;20;40;40;25;0.05;100000;99621;-0.4;0.53;74;-303.6;0.5946;88;14;60;0
2023;278;20;40;65;10;0.05;100000;99618;-0.4;0.50;66;-497.4;0.8258;109;43;23;0
2023;279;20;40;75;45;0.05;100000;99611;-0.4;0.55;53;-584.2;0.5849;62;9;44;0
2023;280;20;40;85;40;0.05;100000;99611;-0.4;0.50;52;-662.8;0.6346;66;14;38;0
2023;281;20;40;50;80;0.05;100000;99610;-0.4;0.71;50;-390.0;0.3600;36;0;36;14
2023;282;20;40;60;40;0.05;100000;99609;-0.4;0.47;64;-469.6;0.5703;73;9;55;0
2023;283;20;40;100;20;0.05;100000;99599;-0.4;0.53;60;-804.0;0.7833;94;34;26;0
2023;284;20;40;45;55;0.05;100000;99593;-0.4;0.63;62;-366.8;0.4274;53;0;53;9
2023;285;20;40;50;15;0.05;100000;99590;-0.4;0.62;72;-410.8;0.7361;106;34;38;0
2023;286;20;40;45;65;0.05;100000;99569;-0.4;0.59;56;-388.4;0.3839;43;0;43;13
2023;287;20;40;100;30;0.05;100000;99568;-0.4;0.53;54;-865.6;0.7130;77;23;31;0
2023;288;20;40;40;10;0.05;100000;99566;-0.4;0.53;70;-348.0;0.7643;107;37;33;0
2023;289;20;40;20;55;0.05;100000;99562;-0.4;0.97;64;-174.6;0.2578;33;0;33;31
2023;290;20;40;85;30;0.05;100000;99561;-0.4;0.56;52;-747.8;0.6827;71;19;33;0
2023;291;20;40;15;35;0.05;100000;99548;-0.5;0.73;68;-135.2;0.2941;40;0;40;28
2023;292;20;40;30;15;0.05;100000;99546;-0.5;0.57;77;-272.8;0.6429;99;22;55;0
2023;293;20;40;45;20;0.05;100000;99534;-0.5;0.63;75;-420.0;0.6600;99;24;51;0
2023;294;20;40;25;45;0.05;100000;99532;-0.5;1.13;74;-233.6;0.3446;51;0;51;23
2023;295;20;40;40;20;0.05;100000;99532;-0.5;0.58;68;-375.2;0.6324;86;18;50;0
2023;296;20;40;95;30;0.05;100000;99530;-0.5;0.58;53;-894.2;0.6981;74;21;32;0
2023;297;20;40;60;35;0.05;100000;99530;-0.5;0.50;61;-565.4;0.5902;72;11;50;0
2023;298;20;40;55;90;0.05;100000;99529;-0.5;0.71;45;-518.0;0.3444;31;0;31;14
2023;299;20;40;25;35;0.05;100000;99524;-0.5;0.63;70;-238.0;0.4000;56;0;56;14
2023;300;20;40;25;75;0.05;100000;99522;-0.5;1.11;63;-238.2;0.2381;30;0;30;33
2023;301;20;40;55;70;0.05;100000;99520;-0.5;0.70;53;-529.2;0.4057;43;0;43;10
2023;302;20;40;35;90;0.05;100000;99517;-0.5;1.14;52;-337.8;0.2596;27;0;27;25
2023;303;20;40;60;15;0.05;100000;99511;-0.5;0.58;66;-587.4;0.7500;99;33;33;0
2023;304;20;40;80;10;0.05;100000;99509;-0.5;0.56;69;-786.6;0.8333;115;46;23;0
2023;305;20;40;100;40;0.05;100000;99507;-0.5;0.56;48;-987.2;0.6458;62;14;34;0
2023;306;20;40;30;55;0.05;100000;99503;-0.5;0.80;63;-298.2;0.3333;42;0;42;21
2023;307;20;40;40;15;0.05;100000;99478;-0.5;0.68;70;-418.0;0.6857;96;26;44;0
2023;308;20;40;30;45;0.05;100000;99474;-0.5;0.89;65;-316.0;0.3769;49;0;49;16
2023;309;20;40;10;10;0.05;100000;99462;-0.5;0.54;77;-107.8;0.5000;77;0;77;0
2023;310;20;40;25;20;0.05;100000;99453;-0.5;0.62;71;-274.4;0.5282;75;4;67;0
2023;311;20;40;80;15;0.05;100000;99441;-0.6;0.72;65;-896.0;0.7769;101;36;29;0
2023;312;20;40;65;15;0.05;100000;99383;-0.6;0.74;67;-803.8;0.7463;100;33;34;0
2023;313;20;40;10;25;0.05;100000;99335;-0.7;1.06;70;-133.0;0.2786;39;0;39;31
2023;314;20;40;45;15;0.05;100000;99325;-0.7;0.84;71;-609.4;0.6901;98;27;44;0
2023;315;20;40;25;50;0.05;100000;99310;-0.7;0.97;68;-345.2;0.3088;42;0;42;26
2023;316;20;40;25;70;0.05;100000;99295;-0.7;0.97;66;-352.4;0.2424;32;0;32;34
2023;317;20;40;20;50;0.05;100000;99262;-0.7;1.00;68;-295.2;0.2647;36;0;36;32
2023;318;20;40;25;55;0.05;100000;99239;-0.8;1.06;65;-381.0;0.2846;37;0;37;28
2023;319;20;40;10;30;0.05;100000;99096;-0.9;1.35;72;-180.8;0.2361;34;0;34;38
2023;320;20;40;10;15;0.05;100000;98944;-1.1;1.20;80;-212.0;0.3750;60;0;60;20
2023;321;20;40;10;20;0.05;100000;98858;-1.1;1.41;78;-229.2;0.3077;48;0;48;30
2024;1;20;40;20;45;0.50;100000;107659;7.7;3.57;43;299.8;0.3721;32;0;32;11
2024;2;20;40;60;90;0.50;100000;106316;6.3;1.51;31;736.6;0.4839;30;0;30;1
2024;3;20;40;50;30;0.50;100000;106265;6.3;0.72;35;611.0;0.7429;52;17;18;0
2024;4;20;40;75;30;0.50;100000;105802;5.8;0.81;36;849.6;0.8333;60;24;12;0
2024;5;20;40;45;35;0.50;100000;105321;5.3;1.13;36;469.6;0.6528;47;11;25;0
2024;6;20;40;60;30;0.50;100000;104644;4.6;1.80;37;548.2;0.7568;56;19;18;0
2024;7;20;40;70;30;0.50;100000;104424;4.4;1.78;36;609.6;0.7917;57;21;15;0
2024;8;20;40;80;30;0.50;100000;104362;4.4;0.82;38;686.8;0.8158;62;24;14;0
2024;9;20;40;60;35;0.50;100000;103546;3.5;1.81;38;421.8;0.6974;53;15;23;0
2024;10;20;40;45;30;0.50;100000;103470;3.5;1.31;36;309.6;0.6667;48;12;24;0
2024;11;20;40;70;40;0.50;100000;103404;3.4;1.39;34;472.4;0.7059;48;14;20;0
2024;12;20;40;70;50;0.50;100000;103403;3.4;1.56;34;472.4;0.6471;44;10;24;0
2024;13;20;40;25;40;0.50;100000;103362;3.4;2.55;41;167.6;0.4268;35;0;35;6
2024;14;20;40;70;45;0.50;100000;103282;3.3;1.25;35;456.0;0.6714;47;12;23;0
2024;15;20;40;50;35;0.50;100000;103278;3.3;0.99;32;325.2;0.6562;42;10;22;0
2024;16;20;40;20;55;0.50;100000;103278;3.3;6.33;42;136.2;0.2976;25;0;25;17
2024;17;20;40;20;35;0.50;100000;103247;3.2;2.94;46;130.6;0.4022;37;0;37;9
2024;18;20;40;90;30;0.50;100000;103097;3.1;0.91;34;552.4;0.8235;56;22;12;0
2024;19;20;40;50;25;0.50;100000;102954;3.0;1.29;40;294.0;0.7250;58;18;22;0
2024;20;20;40;20;30;0.50;100000;102783;2.8;1.94;42;111.2;0.4405;37;0;37;5
2024;21;20;40;60;10;0.50;100000;102763;2.8;0.51;44;328.4;0.9205;81;37;7;0
2024;22;20;40;75;25;0.50;100000;102690;2.7;0.98;35;401.0;0.8143;57;22;13;0
2024;23;20;40;75;45;0.50;100000;102662;2.7;1.95;37;398.2;0.6757;50;13;24;0
2024;24;20;40;75;35;0.50;100000;102636;2.6;1.60;33;393.8;0.7424;49;16;17;0
2024;25;20;40;70;55;0.50;100000;102630;2.6;1.20;31;366.6;0.6129;38;7;24;0
2024;26;20;40;20;40;0.50;100000;102504;2.5;3.56;41;102.6;0.3659;30;0;30;11
2024;27;20;40;60;50;0.50;100000;102469;2.5;1.73;32;295.2;0.5938;38;6;26;0
2024;28;20;40;80;40;0.50;100000;102458;2.5;1.53;34;392.4;0.7206;49;15;19;0
2024;29;20;40;55;30;0.50;100000;102421;2.4;1.69;35;266.0;0.7000;49;14;21;0
2024;30;20;40;15;45;0.50;100000;102395;2.4;6.90;51;78.6;0.2745;28;0;28;23
2024;31;20;40;45;10;0.50;100000;102391;2.4;1.10;47;214.2;0.8723;82;35;12;0
2024;32;20;40;10;20;0.50;100000;102353;2.4;4.73;44;48.4;0.3750;33;0;33;11
2024;33;20;40;75;40;0.50;100000;102277;2.3;1.91;38;341.8;0.6974;53;15;23;0
2024;34;20;40;85;30;0.50;100000;102243;2.2;1.47;32;380.2;0.7969;51;19;13;0
2024;35;20;40;35;10;0.50;100000;102204;2.2;1.22;47;154.2;0.8298;78;31;16;0
2024;36;20;40;50;10;0.50;100000;102004;2.0;0.59;43;199.8;0.8837;76;33;10;0
2024;37;20;40;95;50;0.50;100000;101856;1.9;1.47;33;353.8;0.6970;46;13;20;0
2024;38;20;40;80;50;0.50;100000;101839;1.8;1.86;32;295.2;0.6562;42;10;22;0
2024;39;20;40;50;45;0.50;100000;101816;1.8;1.20;31;181.6;0.5645;35;4;27;0
2024;40;20;40;55;50;0.50;100000;101781;1.8;1.31;35;196.0;0.5571;39;4;31;0
2024;41;20;40;75;50;0.50;100000;101683;1.7;2.16;33;253.8;0.6364;42;9;24;0
2024;42;20;40;85;45;0.50;100000;101651;1.7;1.47;34;282.4;0.6912;47;13;21;0
2024;43;20;40;70;35;0.50;100000;101618;1.6;1.88;37;228.2;0.7027;52;15;22;0
2024;44;20;40;45;25;0.50;100000;101601;1.6;1.86;39;145.4;0.6795;53;14;25;0
2024;45;20;40;55;10;0.50;100000;101529;1.5;0.93;44;168.4;0.8864;78;34;10;0
2024;46;20;40;100;25;0.50;100000;101524;1.5;1.26;32;305.2;0.8438;54;22;10;0
2024;47;20;40;40;10;0.50;100000;101472;1.5;1.78;44;118.4;0.8409;74;30;14;0
2024;48;20;40;55;35;0.50;100000;101358;1.4;1.66;35;151.0;0.6429;45;10;25;0
2024;49;20;40;80;35;0.50;100000;101336;1.3;1.37;35;216.0;0.7286;51;16;19;0
2024;50;20;40;95;35;0.50;100000;101280;1.3;2.06;32;245.2;0.7656;49;17;15;0
2024;51;20;40;65;50;0.50;100000;101259;1.3;2.37;32;165.2;0.5938;38;6;26;0
2024;52;20;40;85;10;0.50;100000;101229;1.2;0.95;47;209.2;0.9255;87;40;7;0
2024;53;20;40;75;10;0.50;100000;101167;1.2;1.09;46;175.6;0.9130;84;38;8;0
2024;54;20;40;20;25;0.50;100000;101164;1.2;1.55;38;46.8;0.4737;36;0;36;2
2024;55;20;40;65;30;0.50;100000;101145;1.1;3.03;35;151.0;0.7143;50;15;20;0
2024;56;20;40;90;20;0.50;100000;100988;1.0;1.29;36;179.6;0.8472;61;25;11;0
2024;57;20;40;95;25;0.50;100000;100972;1.0;1.24;31;186.6;0.8226;51;20;11;0
2024;58;20;40;55;40;0.50;100000;100960;1.0;1.69;34;107.4;0.6029;41;7;27;0
2024;59;20;40;70;25;0.50;100000;100916;0.9;1.76;32;130.2;0.7656;49;17;15;0
2024;60;20;40;60;45;0.50;100000;100862;0.9;2.12;32;105.2;0.5938;38;6;26;0
2024;61;20;40;100;20;0.50;100000;100767;0.8;1.31;32;155.2;0.8594;55;23;9;0
2024;62;20;40;70;10;0.50;100000;100693;0.7;1.76;44;98.4;0.8977;79;35;9;0
2024;63;20;40;90;25;0.50;100000;100660;0.7;1.80;38;121.8;0.8026;61;23;15;0
2024;64;20;40;25;30;0.50;100000;100598;0.6;1.54;39;30.4;0.4744;37;0;37;2
2024;65;20;40;65;25;0.50;100000;100549;0.5;1.87;33;73.8;0.7424;49;16;17;0
2024;66;20;40;80;20;0.50;100000;100545;0.5;1.41;36;89.6;0.8194;59;23;13;0
2024;67;20;40;20;60;0.50;100000;100482;0.5;5.79;38;26.8;0.2632;20;0;20;18
2024;68;20;40;50;15;0.50;100000;100419;0.4;1.73;47;44.2;0.7872;74;27;20;0
2024;69;20;40;65;10;0.50;100000;100371;0.4;1.26;43;49.8;0.8837;76;33;10;0
2024;70;20;40;80;25;0.50;100000;100367;0.4;1.60;38;61.8;0.7763;59;21;17;0
2024;71;20;40;60;40;0.50;100000;100287;0.3;1.91;31;36.6;0.6129;38;7;24;0
2024;72;20;40;45;40;0.50;100000;100261;0.3;1.49;36;24.6;0.5417;39;3;33;0
2024;73;20;40;60;55;0.50;100000;100255;0.3;1.40;31;31.6;0.5323;33;2;29;0
2024;74;20;40;80;15;0.50;100000;100248;0.2;1.21;38;41.8;0.8553;65;27;11;0
2024;75;20;40;95;10;0.50;100000;100234;0.2;0.99;42;46.2;0.9167;77;35;7;0
2024;76;20;40;90;10;0.50;100000;100196;0.2;0.93;45;37.0;0.9111;82;37;8;0
2024;77;20;40;30;15;0.50;100000;100147;0.1;2.96;46;10.6;0.6848;63;17;29;0
2024;78;20;40;60;75;0.50;100000;100121;0.1;1.51;31;16.6;0.4516;28;0;28;3
2024;79;20;40;55;45;0.50;100000;100098;0.1;2.27;34;12.4;0.5588;38;4;30;0
2024;80;20;40;20;50;0.35;100000;100077;0.1;3.40;37;8.2;0.2973;22;0;22;15
2024;81;20;40;15;40;0.05;100000;100003;0.0;0.68;49;1.4;0.2857;28;0;28;21
2024;82;20;40;60;25;0.10;100000;100001;0.0;0.54;35;1.0;0.7143;50;15;20;0
2024;83;20;40;65;35;0.10;100000;100001;0.0;0.58;35;1.0;0.6571;46;11;24;0
2024;84;20;40;65;45;0.05;100000;99997;-0.0;0.28;31;-3.4;0.5968;37;6;25;0
2024;85;20;40;80;10;0.05;100000;99995;-0.0;0.15;48;-7.2;0.8958;86;38;10;0
2024;86;20;40;25;15;0.05;100000;99991;-0.0;0.22;39;-4.6;0.6410;50;11;28;0
2024;87;20;40;90;50;0.05;100000;99987;-0.0;0.25;31;-23.4;0.6452;40;9;22;0
2024;88;20;40;25;35;0.05;100000;99985;-0.0;0.39;48;-7.2;0.4271;41;0;41;7
2024;89;20;40;75;15;0.05;100000;99983;-0.0;0.16;40;-26.0;0.8375;67;27;13;0
2024;90;20;40;15;20;0.05;100000;99980;-0.0;0.27;47;-5.8;0.4468;42;0;42;5
2024;91;20;40;85;20;0.05;100000;99969;-0.0;0.16;34;-52.6;0.8088;55;21;13;0
2024;92;20;40;30;10;0.05;100000;99968;-0.0;0.19;42;-18.8;0.7619;64;22;20;0
2024;93;20;40;60;60;0.05;100000;99964;-0.0;0.04;31;-43.4;0.5000;31;0;31;0
2024;94;20;40;55;55;0.05;100000;99957;-0.0;0.04;34;-47.6;0.5000;34;0;34;0
2024;95;20;40;85;15;0.05;100000;99950;-0.0;0.18;39;-84.6;0.8462;66;27;12;0
2024;96;20;40;55;15;0.05;100000;99946;-0.1;0.20;42;-58.8;0.7857;66;24;18;0
2024;97;20;40;40;35;0.05;100000;99945;-0.1;0.24;42;-43.8;0.5357;45;3;39;0
2024;98;20;40;95;20;0.05;100000;99944;-0.1;0.21;36;-105.4;0.8194;59;23;13;0
2024;99;20;40;45;45;0.05;100000;99938;-0.1;0.06;40;-56.0;0.5000;40;0;40;0
2024;100;20;40;50;90;0.05;100000;99936;-0.1;0.36;31;-63.4;0.3548;22;0;22;9
2024;101;20;40;55;25;0.05;100000;99933;-0.1;0.22;38;-73.2;0.6842;52;14;24;0
2024;102;20;40;25;55;0.05;100000;99932;-0.1;0.59;38;-33.2;0.3158;24;0;24;14
2024;103;20;40;75;60;0.05;100000;99931;-0.1;0.18;31;-103.4;0.5484;34;3;28;0
2024;104;20;40;40;30;0.05;100000;99926;-0.1;0.32;42;-58.8;0.5714;48;6;36;0
2024;105;20;40;25;10;0.05;100000;99924;-0.1;0.32;45;-38.0;0.7222;65;20;25;0
2024;106;20;40;35;30;0.05;100000;99923;-0.1;0.19;49;-53.6;0.5408;53;4;45;0
2024;107;20;40;40;40;0.05;100000;99918;-0.1;0.08;47;-65.8;0.5000;47;0;47;0
2024;108;20;40;60;15;0.05;100000;99915;-0.1;0.30;41;-102.4;0.7927;65;24;17;0
2024;109;20;40;45;65;0.05;100000;99907;-0.1;0.35;31;-83.4;0.4032;25;0;25;6
2024;110;20;40;30;30;0.05;100000;99904;-0.1;0.10;41;-57.4;0.5000;41;0;41;0
2024;111;20;40;30;40;0.05;100000;99902;-0.1;0.34;42;-58.8;0.4286;36;0;36;6
2024;112;20;40;85;25;0.05;100000;99900;-0.1;0.21;35;-169.0;0.7571;53;18;17;0
2024;113;20;40;35;15;0.05;100000;99900;-0.1;0.43;50;-70.0;0.7000;70;20;30;0
2024;114;20;40;25;25;0.05;100000;99899;-0.1;0.10;36;-50.4;0.5000;36;0;36;0
2024;115;20;40;35;35;0.05;100000;99898;-0.1;0.10;51;-71.4;0.5000;51;0;51;0
2024;116;20;40;35;40;0.05;100000;99894;-0.1;0.25;42;-73.8;0.4643;39;0;39;3
2024;117;20;40;55;60;0.05;100000;99892;-0.1;0.22;31;-118.4;0.4677;29;0;29;2
2024;118;20;40;60;20;0.05;100000;99889;-0.1;0.28;38;-133.2;0.7368;56;18;20;0
2024;119;20;40;50;20;0.05;100000;99888;-0.1;0.22;37;-111.8;0.7027;52;15;22;0
2024;120;20;40;75;20;0.05;100000;99887;-0.1;0.22;35;-169.0;0.7714;54;19;16;0
2024;121;20;40;45;55;0.05;100000;99880;-0.1;0.35;34;-107.6;0.4412;30;0;30;4
2024;122;20;40;100;10;0.05;100000;99868;-0.1;0.21;45;-263.0;0.8889;80;35;10;0
2024;123;20;40;100;15;0.05;100000;99868;-0.1;0.25;35;-264.0;0.8429;59;24;11;0
2024;124;20;40;90;15;0.05;100000;99861;-0.1;0.26;39;-249.6;0.8333;65;26;13;0
2024;125;20;40;30;35;0.05;100000;99861;-0.1;0.30;49;-83.6;0.4592;45;0;45;4
2024;126;20;40;35;65;0.05;100000;99858;-0.1;0.52;35;-99.0;0.3429;24;0;24;11
2024;127;20;40;65;20;0.05;100000;99856;-0.1;0.25;37;-186.8;0.7432;55;18;19;0
2024;128;20;40;65;15;0.05;100000;99851;-0.1;0.31;38;-193.2;0.7895;60;22;16;0
2024;129;20;40;40;60;0.05;100000;99845;-0.2;0.41;31;-123.4;0.3871;24;0;24;7
2024;130;20;40;40;45;0.05;100000;99843;-0.2;0.30;36;-125.4;0.4583;33;0;33;3
2024;131;20;40;20;20;0.05;100000;99843;-0.2;0.16;45;-63.0;0.5000;45;0;45;0
2024;132;20;40;15;10;0.05;100000;99831;-0.2;0.28;47;-50.8;0.6064;57;10;37;0
2024;133;20;40;95;15;0.05;100000;99819;-0.2;0.29;38;-343.2;0.8289;63;25;13;0
2024;134;20;40;35;25;0.05;100000;99818;-0.2;0.48;48;-127.2;0.5729;55;7;41;0
2024;135;20;40;70;20;0.05;100000;99817;-0.2;0.31;33;-256.2;0.7424;49;16;17;0
2024;136;20;40;70;15;0.05;100000;99806;-0.2;0.35;44;-271.6;0.7955;70;26;18;0
2024;137;20;40;25;60;0.05;100000;99801;-0.2;0.47;35;-99.0;0.2857;20;0;20;15
2024;138;20;40;45;60;0.05;100000;99783;-0.2;0.36;32;-194.8;0.4062;26;0;26;6
2024;139;20;40;15;15;0.05;100000;99781;-0.2;0.22;47;-65.8;0.5000;47;0;47;0
2024;140;20;40;55;20;0.05;100000;99769;-0.2;0.33;42;-253.8;0.7024;59;17;25;0
2024;141;20;40;30;25;0.05;100000;99768;-0.2;0.33;39;-139.6;0.5256;41;2;37;0
2024;142;20;40;40;15;0.05;100000;99758;-0.2;0.48;49;-193.6;0.7041;69;20;29;0
2024;143;20;40;40;55;0.05;100000;99747;-0.3;0.52;34;-202.6;0.3971;27;0;27;7
2024;144;20;40;50;65;0.05;100000;99745;-0.3;0.36;32;-254.8;0.4062;26;0;26;6
2024;145;20;40;40;20;0.05;100000;99728;-0.3;0.34;41;-217.4;0.6341;52;11;30;0
2024;146;20;40;50;55;0.05;100000;99706;-0.3;0.40;35;-294.0;0.4429;31;0;31;4
2024;147;20;40;45;50;0.05;100000;99702;-0.3;0.38;31;-268.4;0.4355;27;0;27;4
2024;148;20;40;25;20;0.05;100000;99694;-0.3;0.34;38;-153.2;0.5263;40;2;36;0
2024;149;20;40;45;15;0.05;100000;99688;-0.3;0.51;51;-281.4;0.7157;73;22;29;0
2024;150;20;40;20;15;0.05;100000;99686;-0.3;0.44;47;-125.8;0.5532;52;5;42;0
2024;151;20;40;25;65;0.05;100000;99667;-0.3;0.54;33;-166.2;0.2576;17;0;17;16
2024;152;20;40;50;75;0.05;100000;99654;-0.3;0.50;33;-346.2;0.3636;24;0;24;9
2024;153;20;40;40;25;0.05;100000;99647;-0.4;0.44;41;-282.4;0.5732;47;6;35;0
2024;154;20;40;35;55;0.05;100000;99644;-0.4;0.59;35;-249.0;0.3571;25;0;25;10
2024;155;20;40;10;10;0.05;100000;99644;-0.4;0.36;51;-71.4;0.5000;51;0;51;0
2024;156;20;40;35;20;0.05;100000;99630;-0.4;0.47;46;-259.4;0.5978;55;9;37;0
2024;157;20;40;30;20;0.05;100000;99619;-0.4;0.47;42;-228.8;0.5595;47;5;37;0
2024;158;20;40;50;60;0.05;100000;99616;-0.4;0.47;32;-384.8;0.4062;26;0;26;6
2024;159;20;40;50;80;0.05;100000;99615;-0.4;0.58;32;-384.8;0.3438;22;0;22;10
2024;160;20;40;15;35;0.05;100000;99599;-0.4;0.70;50;-120.0;0.2900;29;0;29;21
2024;161;20;40;10;15;0.05;100000;99596;-0.4;0.56;47;-80.8;0.3936;37;0;37;10
2024;162;20;40;55;70;0.05;100000;99588;-0.4;0.51;31;-453.4;0.3871;24;0;24;7
2024;163;20;40;30;65;0.05;100000;99585;-0.4;0.80;35;-249.0;0.2857;20;0;20;15
2024;164;20;40;45;85;0.05;100000;99580;-0.4;0.68;34;-377.6;0.3088;21;0;21;13
2024;165;20;40;20;10;0.05;100000;99572;-0.4;0.64;44;-171.6;0.6250;55;11;33;0
2024;166;20;40;25;70;0.05;100000;99560;-0.4;0.58;32;-219.8;0.2344;15;0;15;17
2024;167;20;40;10;25;0.05;100000;99559;-0.4;0.63;45;-88.0;0.2778;25;0;25;20
2024;168;20;40;50;95;0.05;100000;99554;-0.4;0.67;33;-446.2;0.3030;20;0;20;13
2024;169;20;40;35;80;0.05;100000;99551;-0.4;0.75;35;-314.0;0.2714;19;0;19;16
2024;170;20;40;90;60;0.05;100000;99544;-0.5;0.49;31;-823.4;0.5161;32;1;30;0
2024;171;20;40;45;20;0.05;100000;99534;-0.5;0.50;43;-420.2;0.6279;54;11;32;0
2024;172;20;40;35;70;0.05;100000;99526;-0.5;0.58;37;-331.8;0.2973;22;0;22;15
2024;173;20;40;35;95;0.05;100000;99521;-0.5;0.72;32;-334.8;0.2344;15;0;15;17
2024;174;20;40;15;25;0.05;100000;99518;-0.5;0.59;39;-144.6;0.3462;27;0;27;12
2024;175;20;40;10;30;0.05;100000;99505;-0.5;0.78;42;-98.8;0.2381;20;0;20;22
2024;176;20;40;25;45;0.05;100000;99491;-0.5;0.67;39;-254.6;0.3205;25;0;25;14
2024;177;20;40;45;75;0.05;100000;99443;-0.6;0.78;37;-501.8;0.3243;24;0;24;13
2024;178;20;40;40;75;0.05;100000;99440;-0.6;0.64;38;-448.2;0.3026;23;0;23;15
2024;179;20;40;50;70;0.05;100000;99433;-0.6;0.58;34;-567.6;0.3529;24;0;24;10
2024;180;20;40;35;50;0.05;100000;99409;-0.6;0.70;32;-414.8;0.3438;22;0;22;10
2024;181;20;40;30;55;0.05;100000;99394;-0.6;0.93;35;-364.0;0.3000;21;0;21;14
2024;182;20;40;40;80;0.05;100000;99391;-0.6;0.90;34;-487.6;0.2794;19;0;19;15
2024;183;20;40;15;30;0.05;100000;99386;-0.6;1.06;46;-184.4;0.3043;28;0;28;18
2024;184;20;40;45;70;0.05;100000;99386;-0.6;0.67;35;-554.0;0.3286;23;0;23;12
2024;185;20;40;30;45;0.05;100000;99318;-0.7;0.78;36;-410.4;0.3333;24;0;24;12
2024;186;20;40;35;75;0.05;100000;99307;-0.7;0.75;33;-486.2;0.2576;17;0;17;16
2024;187;20;40;40;70;0.05;100000;99292;-0.7;0.76;34;-567.6;0.2941;20;0;20;14
2024;188;20;40;35;60;0.05;100000;99247;-0.8;0.87;38;-528.2;0.3026;23;0;23;15
2024;189;20;40;30;85;0.05;100000;99219;-0.8;0.92;32;-469.8;0.2031;13;0;13;19
2024;190;20;40;25;50;0.05;100000;99190;-0.8;0.86;40;-406.0;0.2750;22;0;22;18
2024;191;20;40;35;45;0.05;100000;99188;-0.8;0.89;36;-570.4;0.3472;25;0;25;11
2024;192;20;40;25;75;0.05;100000;99005;-1.0;0.99;35;-499.0;0.1857;13;0;13;22
2024;193;20;40;30;90;0.05;100000;98925;-1.1;1.22;34;-647.6;0.1765;12;0;12;22
2024;194;20;40;30;60;0.05;100000;98918;-1.1;1.23;37;-651.8;0.2432;18;0;18;19
2024;195;20;40;30;50;0.05;100000;98824;-1.2;1.29;35;-709.0;0.2571;18;0;18;17
2024;196;20;40;30;70;0.05;100000;98822;-1.2;1.19;36;-710.4;0.2083;15;0;15;21
2024;197;20;40;30;80;0.05;100000;98685;-1.3;1.45;38;-793.2;0.1842;14;0;14;24
2024;198;20;40;30;75;0.05;100000;98427;-1.6;1.59;36;-950.4;0.1667;12;0;12;24
2025;1;20;40;25;75;0.50;100000;109046;9.0;7.11;71;450.6;0.2887;41;0;41;30
2025;2;20;40;25;60;0.50;100000;108348;8.3;5.63;73;412.8;0.3356;49;0;49;24
2025;3;20;40;50;100;0.50;100000;107479;7.5;4.02;49;731.4;0.3878;38;0;38;11
2025;4;20;40;35;80;0.50;100000;106622;6.6;9.03;66;462.6;0.3409;45;0;45;21
2025;5;20;40;20;60;0.50;100000;106442;6.4;6.61;69;263.4;0.2826;39;0;39;30
2025;6;20;40;65;95;0.50;100000;104095;4.1;2.99;52;527.2;0.4423;46;0;46;6
2025;7;20;40;55;100;0.50;100000;104085;4.1;4.15;53;450.8;0.3868;41;0;41;12
2025;8;20;40;50;80;0.50;100000;104044;4.0;3.66;55;403.0;0.4182;46;0;46;9
2025;9;20;40;40;80;0.50;100000;103866;3.9;7.72;61;314.6;0.3607;44;0;44;17
2025;10;20;40;60;100;0.50;100000;103708;3.7;2.87;53;445.8;0.4057;43;0;43;10
2025;11;20;40;30;25;0.50;100000;103676;3.7;2.39;86;219.6;0.5814;100;14;72;0
2025;12;20;40;45;100;0.50;100000;103662;3.7;5.70;55;338.0;0.3364;37;0;37;18
2025;13;20;40;75;70;0.50;100000;103575;3.6;1.31;53;530.8;0.5566;59;6;47;0
2025;14;20;40;35;70;0.50;100000;103498;3.5;3.19;70;252.0;0.3571;50;0;50;20
2025;15;20;40;90;60;0.50;100000;103406;3.4;2.22;57;610.2;0.6404;73;16;41;0
2025;16;20;40;40;100;0.50;100000;103394;3.4;5.74;55;283.0;0.3091;34;0;34;21
2025;17;20;40;95;35;0.50;100000;103356;3.4;1.75;68;634.8;0.7721;105;37;31;0
2025;18;20;40;50;65;0.50;100000;103106;3.1;2.51;65;309.0;0.4615;60;0;60;5
2025;19;20;40;50;75;0.50;100000;102890;2.9;3.42;60;291.0;0.4250;51;0;51;9
2025;20;20;40;50;55;0.50;100000;102773;2.8;0.51;76;273.6;0.5000;76;0;76;0
2025;21;20;40;35;50;0.50;100000;102734;2.7;2.82;83;193.8;0.4337;72;0;72;11
2025;22;20;40;75;100;0.50;100000;102578;2.6;2.35;46;385.6;0.4565;42;0;42;4
2025;23;20;40;90;45;0.50;100000;102524;2.5;2.81;60;456.0;0.7000;84;24;36;0
2025;24;20;40;85;100;0.50;100000;102455;2.5;1.51;44;413.4;0.4886;43;0;43;1
2025;25;20;40;75;65;0.50;100000;102431;2.4;1.93;54;364.4;0.5648;61;7;47;0
2025;26;20;40;35;25;0.50;100000;102291;2.3;2.71;91;162.6;0.6099;111;20;71;0
2025;27;20;40;35;20;0.50;100000;102213;2.2;2.36;91;157.6;0.6648;121;30;61;0
2025;28;20;40;40;90;0.50;100000;102167;2.2;7.49;60;186.0;0.3250;39;0;39;21
2025;29;20;40;90;100;0.50;100000;102124;2.1;0.50;44;378.4;0.5000;44;0;44;0
2025;30;20;40;30;50;0.50;100000;102034;2.0;4.40;80;128.0;0.3937;63;0;63;17
2025;31;20;40;20;50;0.50;100000;102022;2.0;7.40;84;92.4;0.3036;51;0;51;33
2025;32;20;40;55;80;0.50;100000;101948;1.9;4.22;55;218.0;0.4273;47;0;47;8
2025;33;20;40;90;55;0.50;100000;101945;1.9;2.89;58;353.8;0.6466;75;17;41;0
2025;34;20;40;40;70;0.50;100000;101854;1.9;4.50;67;156.2;0.3806;51;0;51;16
2025;35;20;40;90;70;0.50;100000;101804;1.8;1.74;52;327.2;0.5865;61;9;43;0
2025;36;20;40;90;75;0.50;100000;101760;1.8;1.49;51;318.6;0.5686;58;7;44;0
2025;37;20;40;85;70;0.50;100000;101742;1.7;2.22;48;297.8;0.5729;55;7;41;0
2025;38;20;40;50;95;0.50;100000;101694;1.7;6.42;54;179.4;0.3611;39;0;39;15
2025;39;20;40;50;40;0.50;100000;101652;1.7;2.75;80;168.0;0.5750;92;12;68;0
2025;40;20;40;80;70;0.50;100000;101624;1.6;1.70;56;261.6;0.5536;62;6;50;0
2025;41;20;40;55;35;0.50;100000;101617;1.6;2.01;84;182.4;0.6310;106;22;62;0
2025;42;20;40;50;60;0.50;100000;101610;1.6;2.33;70;162.0;0.4714;66;0;66;4
2025;43;20;40;35;90;0.50;100000;101580;1.6;11.19;63;126.8;0.2937;37;0;37;26
2025;44;20;40;50;45;0.50;100000;101578;1.6;1.96;79;159.4;0.5443;86;7;72;0
2025;45;20;40;20;55;0.50;100000;101464;1.5;8.76;87;73.2;0.2816;49;0;49;38
2025;46;20;40;75;60;0.50;100000;101299;1.3;2.23;62;198.2;0.5726;71;9;53;0
2025;47;20;40;70;60;0.50;100000;101270;1.3;2.40;64;180.4;0.5547;71;7;57;0
2025;48;20;40;55;60;0.50;100000;101215;1.2;1.51;69;133.4;0.4928;68;0;68;1
2025;49;20;40;70;100;0.50;100000;101063;1.1;3.08;47;154.2;0.4255;40;0;40;7
2025;50;20;40;85;90;0.50;100000;101043;1.0;0.50;49;176.4;0.5000;49;0;49;0
2025;51;20;40;75;95;0.50;100000;101028;1.0;2.67;45;157.0;0.4556;41;0;41;4
2025;52;20;40;65;30;0.50;100000;100991;1.0;2.16;72;134.2;0.7014;101;29;43;0
2025;53;20;40;30;75;0.50;100000;100889;0.9;7.67;69;68.4;0.2971;41;0;41;28
2025;54;20;40;95;20;0.50;100000;100881;0.9;2.87;70;172.0;0.8429;118;48;22;0
2025;55;20;40;40;95;0.50;100000;100876;0.9;7.13;57;85.2;0.3070;35;0;35;22
2025;56;20;40;80;75;0.50;100000;100857;0.9;1.26;51;138.6;0.5294;54;3;48;0
2025;57;20;40;60;95;0.50;100000;100842;0.8;4.28;54;109.4;0.3981;43;0;43;11
2025;58;20;40;95;100;0.50;100000;100837;0.8;0.50;44;158.4;0.5000;44;0;44;0
2025;59;20;40;80;100;0.50;100000;100828;0.8;2.67;46;135.6;0.4565;42;0;42;4
2025;60;20;40;55;65;0.50;100000;100777;0.8;2.44;66;87.6;0.4697;62;0;62;4
2025;61;20;40;65;70;0.50;100000;100759;0.8;1.51;65;99.0;0.4923;64;0;64;1
2025;62;20;40;45;65;0.50;100000;100749;0.7;4.47;69;73.4;0.4203;58;0;58;11
2025;63;20;40;35;60;0.50;100000;100749;0.7;6.16;71;60.6;0.3803;54;0;54;17
2025;64;20;40;85;50;0.50;100000;100747;0.7;2.57;52;132.2;0.6442;67;15;37;0
2025;65;20;40;85;55;0.50;100000;100701;0.7;2.75;54;124.4;0.6204;67;13;41;0
2025;66;20;40;35;75;0.50;100000;100693;0.7;9.73;70;62.0;0.3286;46;0;46;24
2025;67;20;40;45;40;0.50;100000;100683;0.7;1.35;83;63.8;0.5422;90;7;76;0
2025;68;20;40;30;80;0.50;100000;100606;0.6;11.69;69;53.4;0.2826;39;0;39;30
2025;69;20;40;85;75;0.50;100000;100599;0.6;1.70;47;104.2;0.5426;51;4;43;0
2025;70;20;40;80;90;0.50;100000;100553;0.6;2.13;50;90.0;0.4800;48;0;48;2
2025;71;20;40;50;70;0.50;100000;100492;0.5;3.14;61;54.6;0.4262;52;0;52;9
2025;72;20;40;45;15;0.50;100000;100455;0.5;3.19;96;45.6;0.7656;147;51;45;0
2025;73;20;40;45;20;0.50;100000;100426;0.4;4.00;87;43.2;0.7069;123;36;51;0
2025;74;20;40;95;90;0.50;100000;100423;0.4;1.70;45;82.0;0.5222;47;2;43;0
2025;75;20;40;40;30;0.50;100000;100396;0.4;2.89;89;35.4;0.5843;104;15;74;0
2025;76;20;40;45;85;0.50;100000;100360;0.4;5.89;55;43.0;0.3545;39;0;39;16
2025;77;20;40;70;15;0.50;100000;100326;0.3;2.48;82;50.2;0.8354;137;55;27;0
2025;78;20;40;60;80;0.50;100000;100317;0.3;3.58;55;43.0;0.4364;48;0;48;7
2025;79;20;40;95;45;0.50;100000;100212;0.2;2.45;59;47.4;0.6864;81;22;37;0
2025;80;20;40;75;45;0.50;100000;100203;0.2;2.85;60;36.0;0.6333;76;16;44;0
2025;81;20;40;85;35;0.50;100000;100172;0.2;4.64;67;36.2;0.7164;96;29;38;0
2025;82;20;40;30;85;0.35;100000;100156;0.2;7.84;67;26.2;0.2687;36;0;36;31
2025;83;20;40;95;85;0.50;100000;100130;0.1;1.98;45;27.0;0.5333;48;3;42;0
2025;84;20;40;85;80;0.50;100000;100125;0.1;1.25;48;22.8;0.5208;50;2;46;0
2025;85;20;40;95;70;0.50;100000;100114;0.1;2.96;49;26.4;0.5816;57;8;41;0
2025;86;20;40;65;40;0.50;100000;100083;0.1;3.91;67;16.2;0.6269;84;17;50;0
2025;87;20;40;35;100;0.25;100000;100072;0.1;5.83;64;20.4;0.2656;34;0;34;30
2025;88;20;40;55;15;0.50;100000;100070;0.1;2.48;91;12.6;0.7967;145;54;37;0
2025;89;20;40;10;20;0.15;100000;100023;0.0;2.47;105;3.0;0.3571;75;0;75;30
2025;90;20;40;95;15;0.10;100000;100001;0.0;0.35;77;2.2;0.8701;134;57;20;0
2025;91;20;40;85;65;0.10;100000;100001;0.0;0.55;49;1.4;0.5714;56;7;42;0
2025;92;20;40;85;40;0.05;100000;99999;-0.0;0.39;62;-1.8;0.6855;85;23;39;0
2025;93;20;40;90;65;0.05;100000;99997;-0.0;0.21;53;-4.2;0.5849;62;9;44;0
2025;94;20;40;65;100;0.05;100000;99997;-0.0;0.55;49;-3.6;0.3980;39;0;39;10
2025;95;20;40;40;15;0.05;100000;99991;-0.0;0.42;94;-6.6;0.7394;139;45;49;0
2025;96;20;40;55;95;0.05;100000;99985;-0.0;0.71;54;-15.6;0.3704;40;0;40;14
2025;97;20;40;55;75;0.05;100000;99984;-0.0;0.37;62;-16.8;0.4274;53;0;53;9
2025;98;20;40;55;25;0.05;100000;99981;-0.0;0.25;72;-20.8;0.6944;100;28;44;0
2025;99;20;40;95;80;0.05;100000;99980;-0.0;0.21;45;-38.0;0.5444;49;4;41;0
2025;100;20;40;35;45;0.05;100000;99978;-0.0;0.36;82;-14.8;0.4451;73;0;73;9
2025;101;20;40;30;70;0.05;100000;99975;-0.0;0.59;67;-13.8;0.3060;41;0;41;26
2025;102;20;40;90;50;0.05;100000;99974;-0.0;0.29;62;-46.8;0.6452;80;18;44;0
2025;103;20;40;40;75;0.05;100000;99973;-0.0;0.62;61;-20.4;0.3525;43;0;43;18
2025;104;20;40;90;15;0.05;100000;99972;-0.0;0.23;79;-50.6;0.8608;136;57;22;0
2025;105;20;40;60;40;0.05;100000;99971;-0.0;0.25;67;-33.8;0.6045;81;14;53;0
2025;106;20;40;65;25;0.05;100000;99970;-0.0;0.26;77;-37.8;0.7273;112;35;42;0
2025;107;20;40;80;65;0.05;100000;99970;-0.0;0.22;56;-48.4;0.5536;62;6;50;0
2025;108;20;40;100;100;0.05;100000;99969;-0.0;0.03;44;-61.6;0.5000;44;0;44;0
2025;109;20;40;65;60;0.05;100000;99968;-0.0;0.19;65;-41.0;0.5231;68;3;62;0
2025;110;20;40;95;95;0.05;100000;99967;-0.0;0.03;45;-63.0;0.5000;45;0;45;0
2025;111;20;40;35;30;0.05;100000;99965;-0.0;0.30;85;-24.0;0.5471;93;8;77;0
2025;112;20;40;100;15;0.05;100000;99965;-0.0;0.23;78;-69.2;0.8718;136;58;20;0
2025;113;20;40;60;30;0.05;100000;99964;-0.0;0.28;73;-42.2;0.6712;98;25;48;0
2025;114;20;40;70;55;0.05;100000;99964;-0.0;0.32;64;-49.6;0.5625;72;8;56;0
2025;115;20;40;65;15;0.05;100000;99962;-0.0;0.25;85;-49.0;0.8176;139;54;31;0
2025;116;20;40;90;90;0.05;100000;99962;-0.0;0.04;49;-68.6;0.5000;49;0;49;0
2025;117;20;40;85;85;0.05;100000;99961;-0.0;0.04;47;-65.8;0.5000;47;0;47;0
2025;118;20;40;50;25;0.05;100000;99961;-0.0;0.32;81;-38.4;0.6728;109;28;53;0
2025;119;20;40;85;60;0.05;100000;99960;-0.0;0.26;52;-67.8;0.5865;61;9;43;0
2025;120;20;40;30;15;0.05;100000;99960;-0.0;0.45;92;-23.8;0.6793;125;33;59;0
2025;121;20;40;55;30;0.05;100000;99958;-0.0;0.31;79;-45.6;0.6519;103;24;55;0
2025;122;20;40;90;20;0.05;100000;99958;-0.0;0.29;75;-75.0;0.8200;123;48;27;0
2025;123;20;40;65;35;0.05;100000;99957;-0.0;0.30;75;-55.0;0.6533;98;23;52;0
2025;124;20;40;80;80;0.05;100000;99954;-0.0;0.05;53;-74.2;0.5000;53;0;53;0
2025;125;20;40;45;80;0.05;100000;99952;-0.0;0.64;62;-41.8;0.3629;45;0;45;17
2025;126;20;40;85;25;0.05;100000;99951;-0.0;0.21;73;-82.2;0.7740;113;40;33;0
2025;127;20;40;75;75;0.05;100000;99949;-0.1;0.05;55;-77.0;0.5000;55;0;55;0
2025;128;20;40;80;95;0.05;100000;99945;-0.1;0.29;45;-88.0;0.4556;41;0;41;4
2025;129;20;40;45;55;0.05;100000;99939;-0.1;0.33;75;-55.0;0.4533;68;0;68;7
2025;130;20;40;90;25;0.05;100000;99936;-0.1;0.24;71;-114.4;0.7817;111;40;31;0
2025;131;20;40;70;70;0.05;100000;99936;-0.1;0.06;64;-89.6;0.5000;64;0;64;0
2025;132;20;40;30;90;0.05;100000;99936;-0.1;1.03;69;-36.6;0.2536;35;0;35;34
2025;133;20;40;60;85;0.05;100000;99935;-0.1;0.36;52;-77.8;0.4135;43;0;43;9
2025;134;20;40;100;65;0.05;100000;99933;-0.1;0.31;49;-133.6;0.6020;59;10;39;0
2025;135;20;40;55;40;0.05;100000;99933;-0.1;0.27;74;-73.6;0.5811;86;12;62;0
2025;136;20;40;65;65;0.05;100000;99930;-0.1;0.07;65;-91.0;0.5000;65;0;65;0
2025;137;20;40;95;55;0.05;100000;99928;-0.1;0.30;54;-135.6;0.6296;68;14;40;0
2025;138;20;40;70;45;0.05;100000;99924;-0.1;0.34;65;-106.0;0.6077;79;14;51;0
2025;139;20;40;60;60;0.05;100000;99921;-0.1;0.08;68;-95.2;0.5000;68;0;68;0
2025;140;20;40;60;45;0.05;100000;99918;-0.1;0.27;70;-98.0;0.5714;80;10;60;0
2025;141;20;40;80;45;0.05;100000;99917;-0.1;0.42;62;-131.8;0.6371;79;17;45;0
2025;142;20;40;65;80;0.05;100000;99916;-0.1;0.31;56;-108.4;0.4464;50;0;50;6
2025;143;20;40;45;70;0.05;100000;99915;-0.1;0.49;65;-76.0;0.3923;51;0;51;14
2025;144;20;40;25;15;0.05;100000;99913;-0.1;0.56;95;-43.0;0.6368;121;26;69;0
2025;145;20;40;90;30;0.05;100000;99913;-0.1;0.34;69;-156.6;0.7464;103;34;35;0
2025;146;20;40;85;95;0.05;100000;99910;-0.1;0.30;45;-153.0;0.4667;42;0;42;3
2025;147;20;40;55;55;0.05;100000;99903;-0.1;0.10;76;-106.4;0.5000;76;0;76;0
2025;148;20;40;30;45;0.05;100000;99903;-0.1;0.53;84;-57.6;0.4048;68;0;68;16
2025;149;20;40;75;20;0.05;100000;99903;-0.1;0.31;75;-145.0;0.7867;118;43;32;0
2025;150;20;40;80;85;0.05;100000;99902;-0.1;0.24;48;-157.2;0.4792;46;0;46;2
2025;151;20;40;100;35;0.05;100000;99900;-0.1;0.37;64;-199.6;0.7344;94;30;34;0
2025;152;20;40;75;40;0.05;100000;99899;-0.1;0.34;61;-150.4;0.6475;79;18;43;0
2025;153;20;40;40;35;0.05;100000;99898;-0.1;0.19;83;-81.2;0.5361;89;6;77;0
2025;154;20;40;75;55;0.05;100000;99895;-0.1;0.26;62;-156.8;0.5726;71;9;53;0
2025;155;20;40;65;85;0.05;100000;99893;-0.1;0.35;49;-138.6;0.4286;42;0;42;7
2025;156;20;40;70;25;0.05;100000;99892;-0.1;0.38;79;-150.6;0.7342;116;37;42;0
2025;157;20;40;100;25;0.05;100000;99892;-0.1;0.21;65;-216.0;0.7923;103;38;27;0
2025;158;20;40;45;60;0.05;100000;99891;-0.1;0.36;70;-98.0;0.4286;60;0;60;10
2025;159;20;40;20;40;0.05;100000;99890;-0.1;1.30;88;-43.2;0.3409;60;0;60;28
2025;160;20;40;65;90;0.05;100000;99889;-0.1;0.34;53;-144.2;0.4151;44;0;44;9
2025;161;20;40;50;50;0.05;100000;99887;-0.1;0.11;81;-113.4;0.5000;81;0;81;0
2025;162;20;40;75;15;0.05;100000;99886;-0.1;0.20;79;-170.6;0.8291;131;52;27;0
2025;163;20;40;90;95;0.05;100000;99884;-0.1;0.25;45;-208.0;0.4778;43;0;43;2
2025;164;20;40;65;20;0.05;100000;99884;-0.1;0.31;82;-149.8;0.7622;125;43;39;0
2025;165;20;40;85;45;0.05;100000;99884;-0.1;0.41;55;-197.0;0.6455;71;16;39;0
2025;166;20;40;85;15;0.05;100000;99883;-0.1;0.30;77;-197.8;0.8442;130;53;24;0
2025;167;20;40;70;95;0.05;100000;99883;-0.1;0.55;49;-163.6;0.4184;41;0;41;8
2025;168;20;40;60;65;0.05;100000;99882;-0.1;0.29;65;-141.0;0.4769;62;0;62;3
2025;169;20;40;55;70;0.05;100000;99882;-0.1;0.29;64;-129.6;0.4375;56;0;56;8
2025;170;20;40;40;25;0.05;100000;99881;-0.1;0.32;89;-94.6;0.6180;110;21;68;0
2025;171;20;40;80;60;0.05;100000;99877;-0.1;0.28;55;-197.0;0.5636;62;7;48;0
2025;172;20;40;95;10;0.05;100000;99876;-0.1;0.24;89;-234.6;0.8989;160;71;18;0
2025;173;20;40;70;30;0.05;100000;99876;-0.1;0.26;67;-173.8;0.6940;93;26;41;0
2025;174;20;40;25;45;0.05;100000;99875;-0.1;0.54;87;-61.8;0.3621;63;0;63;24
2025;175;20;40;85;30;0.05;100000;99874;-0.1;0.41;67;-213.8;0.7313;98;31;36;0
2025;176;20;40;45;45;0.05;100000;99873;-0.1;0.13;82;-114.8;0.5000;82;0;82;0
2025;177;20;40;90;80;0.05;100000;99872;-0.1;0.18;50;-230.0;0.5200;52;2;48;0
2025;178;20;40;50;90;0.05;100000;99872;-0.1;0.48;62;-126.8;0.3548;44;0;44;18
2025;179;20;40;95;40;0.05;100000;99871;-0.1;0.23;57;-244.8;0.6930;79;22;35;0
2025;180;20;40;80;15;0.05;100000;99868;-0.1;0.29;79;-210.6;0.8354;132;53;26;0
2025;181;20;40;100;80;0.05;100000;99868;-0.1;0.26;46;-264.4;0.5435;50;4;42;0
2025;182;20;40;95;60;0.05;100000;99863;-0.1;0.29;54;-260.6;0.6019;65;11;43;0
2025;183;20;40;40;10;0.05;100000;99862;-0.1;0.55;107;-109.8;0.8037;172;65;42;0
2025;184;20;40;100;95;0.05;100000;99859;-0.1;0.19;44;-281.6;0.5000;44;0;44;0
2025;185;20;40;30;10;0.05;100000;99859;-0.1;0.46;103;-84.2;0.7573;156;53;50;0
2025;186;20;40;55;45;0.05;100000;99859;-0.1;0.24;75;-155.0;0.5467;82;7;68;0
2025;187;20;40;100;70;0.05;100000;99857;-0.1;0.28;47;-285.8;0.5745;54;7;40;0
2025;188;20;40;25;70;0.05;100000;99855;-0.1;0.94;79;-70.6;0.2658;42;0;42;37
2025;189;20;40;40;40;0.05;100000;99853;-0.1;0.15;84;-117.6;0.5000;84;0;84;0
2025;190;20;40;95;75;0.05;100000;99851;-0.1;0.27;45;-283.0;0.5444;49;4;41;0
2025;191;20;40;80;30;0.05;100000;99846;-0.2;0.46;69;-246.6;0.7174;99;30;39;0
2025;192;20;40;75;85;0.05;100000;99843;-0.2;0.32;47;-235.8;0.4574;43;0;43;4
2025;193;20;40;95;30;0.05;100000;99842;-0.2;0.32;61;-300.4;0.7459;91;30;31;0
2025;194;20;40;70;50;0.05;100000;99839;-0.2;0.43;61;-225.4;0.5738;70;9;52;0
2025;195;20;40;60;15;0.05;100000;99838;-0.2;0.32;85;-194.0;0.7941;135;50;35;0
2025;196;20;40;40;55;0.05;100000;99832;-0.2;0.39;74;-133.6;0.4189;62;0;62;12
2025;197;20;40;95;25;0.05;100000;99832;-0.2;0.31;70;-318.0;0.7786;109;39;31;0
2025;198;20;40;90;35;0.05;100000;99831;-0.2;0.52;63;-303.2;0.7063;89;26;37;0
2025;199;20;40;35;35;0.05;100000;99830;-0.2;0.17;85;-119.0;0.5000;85;0;85;0
2025;200;20;40;75;35;0.05;100000;99828;-0.2;0.41;70;-258.0;0.6714;94;24;46;0
2025;201;20;40;90;85;0.05;100000;99826;-0.2;0.22;49;-313.6;0.5000;49;0;49;0
2025;202;20;40;95;50;0.05;100000;99826;-0.2;0.27;54;-330.6;0.6389;69;15;39;0
2025;203;20;40;75;30;0.05;100000;99825;-0.2;0.33;69;-261.6;0.7029;97;28;41;0
2025;204;20;40;35;10;0.05;100000;99821;-0.2;0.52;107;-124.8;0.7804;167;60;47;0
2025;205;20;40;35;15;0.05;100000;99820;-0.2;0.49;97;-125.8;0.7010;136;39;58;0
2025;206;20;40;75;10;0.05;100000;99813;-0.2;0.36;90;-281.0;0.8722;157;67;23;0
2025;207;20;40;75;80;0.05;100000;99812;-0.2;0.27;51;-281.4;0.4706;48;0;48;3
2025;208;20;40;80;10;0.05;100000;99809;-0.2;0.30;90;-306.0;0.8778;158;68;22;0
2025;209;20;40;40;60;0.05;100000;99807;-0.2;0.52;67;-153.8;0.3955;53;0;53;14
2025;210;20;40;30;30;0.05;100000;99804;-0.2;0.20;84;-117.6;0.5000;84;0;84;0
2025;211;20;40;90;40;0.05;100000;99803;-0.2;0.43;60;-354.0;0.6750;81;21;39;0
2025;212;20;40;45;30;0.05;100000;99802;-0.2;0.46;84;-177.6;0.5952;100;16;68;0
2025;213;20;40;100;30;0.05;100000;99801;-0.2;0.29;62;-396.8;0.7500;93;31;31;0
2025;214;20;40;70;65;0.05;100000;99799;-0.2;0.24;65;-281.0;0.5077;66;1;64;0
2025;215;20;40;25;20;0.05;100000;99799;-0.2;0.28;93;-100.2;0.5591;104;11;82;0
2025;216;20;40;45;25;0.05;100000;99798;-0.2;0.44;87;-181.8;0.6379;111;24;63;0
2025;217;20;40;65;45;0.05;100000;99795;-0.2;0.43;69;-266.6;0.5797;80;11;58;0
2025;218;20;40;65;55;0.05;100000;99791;-0.2;0.35;66;-272.4;0.5303;70;4;62;0
2025;219;20;40;35;40;0.05;100000;99784;-0.2;0.42;83;-151.2;0.4639;77;0;77;6
2025;220;20;40;40;85;0.05;100000;99784;-0.2;0.97;62;-171.8;0.3145;39;0;39;23
2025;221;20;40;60;35;0.05;100000;99784;-0.2;0.46;71;-259.4;0.6197;88;17;54;0
2025;222;20;40;85;20;0.05;100000;99782;-0.2;0.49;72;-370.8;0.7917;114;42;30;0
2025;223;20;40;100;40;0.05;100000;99781;-0.2;0.27;55;-437.0;0.6909;76;21;34;0
2025;224;20;40;35;65;0.05;100000;99777;-0.2;0.60;75;-155.0;0.3467;52;0;52;23
2025;225;20;40;45;75;0.05;100000;99773;-0.2;0.66;60;-204.0;0.3667;44;0;44;16
2025;226;20;40;80;55;0.05;100000;99768;-0.2;0.34;55;-372.0;0.5727;63;8;47;0
2025;227;20;40;70;20;0.05;100000;99763;-0.2;0.33;80;-332.0;0.7625;122;42;38;0
2025;228;20;40;45;95;0.05;100000;99762;-0.2;0.69;59;-212.6;0.3136;37;0;37;22
2025;229;20;40;45;35;0.05;100000;99761;-0.2;0.44;82;-214.8;0.5549;91;9;73;0
2025;230;20;40;55;10;0.05;100000;99757;-0.2;0.36;87;-266.8;0.8333;145;58;29;0
2025;231;20;40;70;40;0.05;100000;99754;-0.2;0.37;67;-343.8;0.6194;83;16;51;0
2025;232;20;40;100;45;0.05;100000;99754;-0.2;0.48;55;-492.0;0.6636;73;18;37;0
2025;233;20;40;30;20;0.05;100000;99752;-0.2;0.38;92;-148.8;0.5978;110;18;74;0
2025;234;20;40;80;20;0.05;100000;99751;-0.2;0.46;70;-398.0;0.7786;109;39;31;0
2025;235;20;40;100;90;0.05;100000;99750;-0.3;0.30;44;-501.6;0.5000;44;0;44;0
2025;236;20;40;55;85;0.05;100000;99749;-0.3;0.45;54;-275.6;0.3796;41;0;41;13
2025;237;20;40;40;20;0.05;100000;99746;-0.3;0.41;88;-203.2;0.6591;116;28;60;0
2025;238;20;40;40;65;0.05;100000;99744;-0.3;0.56;67;-203.8;0.3731;50;0;50;17
2025;239;20;40;100;75;0.05;100000;99743;-0.3;0.35;46;-514.4;0.5435;50;4;42;0
2025;240;20;40;25;25;0.05;100000;99737;-0.3;0.26;94;-131.6;0.5000;94;0;94;0
2025;241;20;40;85;10;0.05;100000;99735;-0.3;0.31;83;-451.2;0.8735;145;62;21;0
2025;242;20;40;90;10;0.05;100000;99732;-0.3;0.28;87;-481.8;0.8793;153;66;21;0
2025;243;20;40;100;85;0.05;100000;99732;-0.3;0.34;44;-536.6;0.5114;45;1;43;0
2025;244;20;40;60;10;0.05;100000;99731;-0.3;0.35;88;-323.2;0.8409;148;60;28;0
2025;245;20;40;30;60;0.05;100000;99728;-0.3;0.94;73;-162.2;0.3288;48;0;48;25
2025;246;20;40;60;55;0.05;100000;99728;-0.3;0.31;69;-326.6;0.5072;70;1;68;0
2025;247;20;40;20;30;0.05;100000;99727;-0.3;0.65;92;-108.8;0.4022;74;0;74;18
2025;248;20;40;50;85;0.05;100000;99722;-0.3;0.49;52;-277.8;0.3558;37;0;37;15
2025;249;20;40;100;10;0.05;100000;99718;-0.3;0.33;82;-564.8;0.8841;145;63;19;0
2025;250;20;40;55;20;0.05;100000;99712;-0.3;0.39;87;-316.8;0.7184;125;38;49;0
2025;251;20;40;30;55;0.05;100000;99706;-0.3;0.83;79;-175.6;0.3481;55;0;55;24
2025;252;20;40;100;60;0.05;100000;99703;-0.3;0.36;53;-594.2;0.5943;63;10;43;0
2025;253;20;40;60;50;0.05;100000;99702;-0.3;0.38;70;-358.0;0.5286;74;4;66;0
2025;254;20;40;70;80;0.05;100000;99701;-0.3;0.42;56;-418.4;0.4464;50;0;50;6
2025;255;20;40;100;55;0.05;100000;99701;-0.3;0.33;53;-599.2;0.6132;65;12;41;0
2025;256;20;40;60;70;0.05;100000;99700;-0.3;0.38;64;-359.6;0.4453;57;0;57;7
2025;257;20;40;80;40;0.05;100000;99697;-0.3;0.50;61;-485.4;0.6393;78;17;44;0
2025;258;20;40;75;50;0.05;100000;99694;-0.3;0.38;60;-459.0;0.5750;69;9;51;0
2025;259;20;40;80;25;0.05;100000;99693;-0.3;0.48;72;-490.8;0.7361;106;34;38;0
2025;260;20;40;75;90;0.05;100000;99692;-0.3;0.40;51;-461.4;0.4314;44;0;44;7
2025;261;20;40;70;85;0.05;100000;99691;-0.3;0.55;48;-432.2;0.4271;41;0;41;7
2025;262;20;40;60;75;0.05;100000;99690;-0.3;0.52;62;-371.8;0.4274;53;0;53;9
2025;263;20;40;25;40;0.05;100000;99690;-0.3;0.88;89;-154.6;0.3820;68;0;68;21
2025;264;20;40;50;15;0.05;100000;99685;-0.3;0.51;89;-314.6;0.7528;134;45;44;0
2025;265;20;40;70;35;0.05;100000;99680;-0.3;0.39;70;-448.0;0.6429;90;20;50;0
2025;266;20;40;35;85;0.05;100000;99678;-0.3;1.42;67;-223.8;0.2836;38;0;38;29
2025;267;20;40;65;10;0.05;100000;99673;-0.3;0.41;90;-426.0;0.8444;152;62;28;0
2025;268;20;40;50;20;0.05;100000;99672;-0.3;0.60;84;-327.6;0.6964;117;33;51;0
2025;269;20;40;20;20;0.05;100000;99668;-0.3;0.33;95;-133.0;0.5000;95;0;95;0
2025;270;20;40;70;90;0.05;100000;99662;-0.3;0.47;52;-472.8;0.4135;43;0;43;9
2025;271;20;40;80;50;0.05;100000;99652;-0.3;0.47;55;-557.0;0.5818;64;9;46;0
2025;272;20;40;50;30;0.05;100000;99648;-0.4;0.46;80;-352.0;0.6062;97;17;63;0
2025;273;20;40;15;20;0.05;100000;99647;-0.4;0.54;97;-105.8;0.4330;84;0;84;13
2025;274;20;40;95;65;0.05;100000;99646;-0.4;0.41;52;-672.8;0.5577;58;6;46;0
2025;275;20;40;30;35;0.05;100000;99644;-0.4;0.54;85;-214.0;0.4529;77;0;77;8
2025;276;20;40;25;65;0.05;100000;99642;-0.4;0.95;77;-177.8;0.2727;42;0;42;35
2025;277;20;40;25;55;0.05;100000;99637;-0.4;0.76;72;-180.8;0.3056;44;0;44;28
2025;278;20;40;40;45;0.05;100000;99630;-0.4;0.43;83;-296.2;0.4578;76;0;76;7
2025;279;20;40;65;50;0.05;100000;99623;-0.4;0.45;65;-491.0;0.5385;70;5;60;0
2025;280;20;40;25;50;0.05;100000;99622;-0.4;0.96;81;-188.4;0.3272;53;0;53;28
2025;281;20;40;60;20;0.05;100000;99620;-0.4;0.48;69;-456.6;0.7174;99;30;39;0
2025;282;20;40;50;10;0.05;100000;99613;-0.4;0.47;105;-387.0;0.8143;171;66;39;0
2025;283;20;40;65;75;0.05;100000;99604;-0.4;0.53;54;-515.6;0.4352;47;0;47;7
2025;284;20;40;20;25;0.05;100000;99600;-0.4;0.64;93;-160.2;0.4409;82;0;82;11
2025;285;20;40;100;20;0.05;100000;99596;-0.4;0.45;63;-808.2;0.7857;99;36;27;0
2025;286;20;40;80;35;0.05;100000;99596;-0.4;0.59;66;-647.4;0.6591;87;21;45;0
2025;287;20;40;25;10;0.05;100000;99595;-0.4;0.65;102;-202.8;0.7059;144;42;60;0
2025;288;20;40;20;15;0.05;100000;99586;-0.4;0.65;97;-165.8;0.5670;110;13;84;0
2025;289;20;40;15;15;0.05;100000;99586;-0.4;0.41;89;-124.6;0.5000;89;0;89;0
2025;290;20;40;10;25;0.05;100000;99583;-0.4;1.33;102;-82.8;0.2941;60;0;60;42
2025;291;20;40;45;50;0.05;100000;99578;-0.4;0.55;79;-380.6;0.4557;72;0;72;7
2025;292;20;40;50;35;0.05;100000;99574;-0.4;0.49;83;-426.2;0.5663;94;11;72;0
2025;293;20;40;75;25;0.05;100000;99568;-0.4;0.45;71;-649.4;0.7113;101;30;41;0
2025;294;20;40;100;50;0.05;100000;99566;-0.4;0.50;49;-868.6;0.6122;60;11;38;0
2025;295;20;40;55;50;0.05;100000;99559;-0.4;0.48;76;-486.4;0.5000;76;0;76;0
2025;296;20;40;55;90;0.05;100000;99531;-0.5;0.59;58;-516.2;0.3534;41;0;41;17
2025;297;20;40;30;40;0.05;100000;99526;-0.5;0.89;89;-284.6;0.4157;74;0;74;15
2025;298;20;40;70;75;0.05;100000;99516;-0.5;0.60;53;-679.2;0.4434;47;0;47;6
2025;299;20;40;15;35;0.05;100000;99512;-0.5;1.36;97;-145.8;0.2990;58;0;58;39
2025;300;20;40;40;50;0.05;100000;99511;-0.5;0.64;80;-392.0;0.4250;68;0;68;12
2025;301;20;40;70;10;0.05;100000;99505;-0.5;0.60;96;-694.4;0.8385;161;65;31;0
2025;302;20;40;10;15;0.05;100000;99496;-0.5;0.66;97;-100.8;0.4072;79;0;79;18
2025;303;20;40;60;25;0.05;100000;99487;-0.5;0.59;73;-617.2;0.6644;97;24;49;0
2025;304;20;40;30;65;0.05;100000;99440;-0.6;1.02;72;-335.8;0.2986;43;0;43;29
2025;305;20;40;15;10;0.05;100000;99432;-0.6;0.79;97;-170.8;0.5928;115;18;79;0
2025;306;20;40;35;55;0.05;100000;99404;-0.6;0.84;84;-417.6;0.3690;62;0;62;22
2025;307;20;40;60;90;0.05;100000;99360;-0.6;0.71;57;-769.8;0.3596;41;0;41;16
2025;308;20;40;45;10;0.05;100000;99339;-0.7;0.69;101;-596.4;0.7772;157;56;45;0
2025;309;20;40;10;10;0.05;100000;99309;-0.7;0.69;99;-138.6;0.5000;99;0;99;0
2025;310;20;40;45;90;0.05;100000;99307;-0.7;1.08;60;-624.0;0.3000;36;0;36;24
2025;311;20;40;20;45;0.05;100000;99283;-0.7;1.06;87;-286.8;0.2931;51;0;51;36
2025;312;20;40;20;10;0.05;100000;99260;-0.7;1.06;105;-297.0;0.6429;135;30;75;0
2025;313;20;40;15;25;0.05;100000;99258;-0.7;1.50;95;-223.0;0.3632;69;0;69;26
2025;314;20;40;15;30;0.05;100000;99221;-0.8;1.36;92;-233.8;0.3207;59;0;59;33
2025;315;20;40;25;35;0.05;100000;99168;-0.8;1.02;91;-417.4;0.3901;71;0;71;20
2025;316;20;40;15;40;0.05;100000;99144;-0.9;1.84;94;-256.6;0.2606;49;0;49;45
2025;317;20;40;25;30;0.05;100000;99083;-0.9;1.03;86;-460.4;0.4186;72;0;72;14
2025;318;20;40;10;30;0.05;100000;98979;-1.0;1.93;103;-204.2;0.2427;50;0;50;53
2025;319;20;40;20;35;0.05;100000;98972;-1.0;1.45;91;-412.4;0.3352;61;0;61;30
2025;320;20;40;15;45;0.05;100000;98953;-1.0;1.50;96;-314.4;0.2344;45;0;45;51
2025;321;20;40;35;95;0.05;100000;98825;-1.2;1.67;68;-825.2;0.2279;31;0;31;37
2026;1;20;40;90;30;0.50;100000;104533;4.5;0.84;28;800.8;0.8750;49;21;7;0
2026;2;20;40;20;55;0.50;100000;104358;4.4;5.35;41;177.6;0.3049;25;0;25;16
2026;3;20;40;80;35;0.50;100000;103702;3.7;1.37;32;585.2;0.7812;50;18;14;0
2026;4;20;40;15;40;0.50;100000;103347;3.3;4.64;37;103.2;0.3108;23;0;23;14
2026;5;20;40;95;65;0.50;100000;103300;3.3;0.99;21;620.6;0.6905;29;8;13;0
2026;6;20;40;95;25;0.50;100000;103168;3.2;1.00;32;595.2;0.8750;56;24;8;0
2026;7;20;40;80;30;0.50;100000;103133;3.1;1.46;31;496.6;0.8065;50;19;12;0
2026;8;20;40;70;30;0.50;100000;103124;3.1;1.73;33;433.8;0.7727;51;18;15;0
2026;9;20;40;55;25;0.50;100000;102829;2.8;1.35;36;309.6;0.7500;54;18;18;0
2026;10;20;40;70;55;0.50;100000;102750;2.8;1.20;30;383.0;0.6167;37;7;23;0
2026;11;20;40;75;25;0.50;100000;102730;2.7;1.20;31;406.6;0.8226;51;20;11;0
2026;12;20;40;30;10;0.50;100000;102724;2.7;1.85;41;162.6;0.8171;67;26;15;0
2026;13;20;40;75;60;0.50;100000;102682;2.7;1.48;25;400.0;0.6200;31;6;19;0
2026;14;20;40;95;60;0.50;100000;102516;2.5;1.07;21;475.6;0.6905;29;8;13;0
2026;15;20;40;85;60;0.50;100000;102408;2.4;1.88;23;407.8;0.6522;30;7;16;0
2026;16;20;40;75;95;0.50;100000;102382;2.4;0.50;19;353.4;0.5000;19;0;19;0
2026;17;20;40;75;30;0.50;100000;102317;2.3;1.65;31;346.6;0.7742;48;17;14;0
2026;18;20;40;50;40;0.50;100000;102313;2.3;1.63;35;231.0;0.6000;42;7;28;0
2026;19;20;40;70;60;0.50;100000;102289;2.3;1.23;29;319.4;0.5862;34;5;24;0
2026;20;20;40;85;30;0.50;100000;102231;2.2;2.12;30;378.0;0.8000;48;18;12;0
2026;21;20;40;15;25;0.50;100000;102198;2.2;4.26;45;67.0;0.4111;37;0;37;8
2026;22;20;40;85;55;0.50;100000;102159;2.2;1.24;24;366.4;0.6667;32;8;16;0
2026;23;20;40;25;45;0.50;100000;102153;2.2;2.83;36;109.6;0.3889;28;0;28;8
2026;24;20;40;95;30;0.50;100000;102106;2.1;1.32;26;398.6;0.8269;43;17;9;0
2026;25;20;40;70;85;0.50;100000;102060;2.1;0.51;21;285.6;0.5000;21;0;21;0
2026;26;20;40;85;25;0.50;100000;102035;2.0;1.45;32;345.2;0.8281;53;21;11;0
2026;27;20;40;75;35;0.50;100000;101985;2.0;1.33;30;298.0;0.7333;44;14;16;0
2026;28;20;40;45;10;0.50;100000;101953;2.0;1.69;39;175.4;0.8718;68;29;10;0
2026;29;20;40;50;30;0.50;100000;101947;1.9;1.41;32;195.2;0.6719;43;11;21;0
2026;30;20;40;50;60;0.50;100000;101922;1.9;1.43;35;191.0;0.4857;34;0;34;1
2026;31;20;40;50;35;0.50;100000;101903;1.9;1.32;35;191.0;0.6286;44;9;26;0
2026;32;20;40;100;60;0.50;100000;101846;1.8;1.93;22;369.2;0.6818;30;8;14;0
2026;33;20;40;70;45;0.50;100000;101795;1.8;1.93;34;252.4;0.6471;44;10;24;0
2026;34;20;40;75;10;0.50;100000;101763;1.8;1.09;37;263.2;0.9324;69;32;5;0
2026;35;20;40;65;25;0.50;100000;101736;1.7;2.49;38;226.8;0.7632;58;20;18;0
2026;36;20;40;40;45;0.50;100000;101679;1.7;0.51;37;133.2;0.5000;37;0;37;0
2026;37;20;40;75;40;0.50;100000;101669;1.7;2.42;31;251.6;0.6935;43;12;19;0
2026;38;20;40;70;100;0.50;100000;101657;1.7;1.51;20;232.0;0.4500;18;0;18;2
2026;39;20;40;80;95;0.50;100000;101627;1.6;0.50;19;258.4;0.5000;19;0;19;0
2026;40;20;40;35;10;0.50;100000;101622;1.6;1.63;40;114.0;0.8250;66;26;14;0
2026;41;20;40;20;15;0.50;100000;101605;1.6;2.72;50;65.0;0.6100;61;11;39;0
2026;42;20;40;70;65;0.50;100000;101566;1.6;0.91;29;219.4;0.5517;32;3;26;0
2026;43;20;40;95;55;0.50;100000;101517;1.5;1.15;22;289.2;0.6818;30;8;14;0
2026;44;20;40;20;10;0.50;100000;101512;1.5;2.34;42;61.2;0.7143;60;18;24;0
2026;45;20;40;55;65;0.50;100000;101494;1.5;1.51;33;163.8;0.4848;32;0;32;1
2026;46;20;40;50;80;0.50;100000;101484;1.5;3.38;28;150.8;0.4107;23;0;23;5
2026;47;20;40;65;30;0.50;100000;101429;1.4;1.50;34;187.4;0.7206;49;15;19;0
2026;48;20;40;50;20;0.50;100000;101354;1.4;1.47;38;136.8;0.7500;57;19;19;0
2026;49;20;40;20;30;0.50;100000;101317;1.3;3.33;47;54.2;0.4255;40;0;40;7
2026;50;20;40;95;10;0.50;100000;101251;1.3;1.12;41;237.6;0.9390;77;36;5;0
2026;51;20;40;75;85;0.50;100000;101211;1.2;0.50;21;180.6;0.5000;21;0;21;0
2026;52;20;40;85;35;0.50;100000;101203;1.2;1.50;31;206.6;0.7419;46;15;16;0
2026;53;20;40;20;45;0.50;100000;101189;1.2;5.30;38;51.8;0.3289;25;0;25;13
2026;54;20;40;80;10;0.50;100000;101157;1.2;1.58;39;185.4;0.9231;72;33;6;0
2026;55;20;40;90;10;0.50;100000;101149;1.1;1.20;38;206.8;0.9342;71;33;5;0
2026;56;20;40;85;10;0.50;100000;101131;1.1;1.53;41;192.6;0.9268;76;35;6;0
2026;57;20;40;50;75;0.50;100000;101115;1.1;1.52;26;113.6;0.4231;22;0;22;4
2026;58;20;40;40;10;0.50;100000;101092;1.1;1.29;37;88.2;0.8378;62;25;12;0
2026;59;20;40;55;60;0.50;100000;101053;1.1;0.51;32;115.2;0.5000;32;0;32;0
2026;60;20;40;85;20;0.50;100000;100979;1.0;2.31;37;168.2;0.8378;62;25;12;0
2026;61;20;40;85;95;0.50;100000;100966;1.0;0.50;19;163.4;0.5000;19;0;19;0
2026;62;20;40;95;70;0.50;100000;100965;1.0;0.92;18;184.8;0.6111;22;4;14;0
2026;63;20;40;50;70;0.50;100000;100945;0.9;2.15;31;96.6;0.4355;27;0;27;4
2026;64;20;40;45;95;0.50;100000;100937;0.9;2.52;22;89.2;0.3409;15;0;15;7
2026;65;20;40;100;65;0.50;100000;100935;0.9;1.76;22;189.2;0.6364;28;6;16;0
2026;66;20;40;80;25;0.50;100000;100923;0.9;1.10;29;149.4;0.7931;46;17;12;0
2026;67;20;40;75;55;0.50;100000;100898;0.9;2.05;24;136.4;0.6042;29;5;19;0
2026;68;20;40;75;65;0.50;100000;100892;0.9;1.33;25;135.0;0.5600;28;3;22;0
2026;69;20;40;100;25;0.50;100000;100891;0.9;2.43;32;180.2;0.8281;53;21;11;0
2026;70;20;40;40;55;0.50;100000;100835;0.8;2.69;40;69.0;0.4375;35;0;35;5
2026;71;20;40;65;90;0.50;100000;100764;0.8;1.66;24;101.4;0.4375;21;0;21;3
2026;72;20;40;90;75;0.50;100000;100737;0.7;1.40;22;134.2;0.5682;25;3;19;0
2026;73;20;40;70;10;0.50;100000;100735;0.7;1.54;40;104.0;0.9000;72;32;8;0
2026;74;20;40;55;50;0.50;100000;100701;0.7;1.31;37;78.2;0.5405;40;3;34;0
2026;75;20;40;60;25;0.50;100000;100697;0.7;1.81;35;86.0;0.7286;51;16;19;0
2026;76;20;40;25;40;0.50;100000;100646;0.6;2.66;36;34.6;0.4028;29;0;29;7
2026;77;20;40;50;10;0.50;100000;100642;0.6;2.23;39;65.4;0.8590;67;28;11;0
2026;78;20;40;45;90;0.50;100000;100589;0.6;3.15;23;57.8;0.3478;16;0;16;7
2026;79;20;40;90;20;0.50;100000;100588;0.6;1.62;37;108.2;0.8378;62;25;12;0
2026;80;20;40;75;45;0.50;100000;100522;0.5;1.95;28;80.8;0.6429;36;8;20;0
2026;81;20;40;70;80;0.50;100000;100521;0.5;1.51;26;73.6;0.4808;25;0;25;1
2026;82;20;40;25;35;0.50;100000;100504;0.5;2.72;45;27.0;0.4333;39;0;39;6
2026;83;20;40;75;20;0.50;100000;100501;0.5;1.49;34;77.4;0.8088;55;21;13;0
2026;84;20;40;85;65;0.50;100000;100496;0.5;1.87;24;86.4;0.5833;28;4;20;0
2026;85;20;40;80;85;0.50;100000;100474;0.5;0.50;21;75.6;0.5000;21;0;21;0
2026;86;20;40;100;45;0.50;100000;100468;0.5;1.34;24;96.4;0.7083;34;10;14;0
2026;87;20;40;85;90;0.50;100000;100467;0.5;0.50;22;79.2;0.5000;22;0;22;0
2026;88;20;40;70;35;0.50;100000;100431;0.4;2.84;30;63.0;0.6833;41;11;19;0
2026;89;20;40;85;100;0.50;100000;100427;0.4;1.01;19;73.4;0.4737;18;0;18;1
2026;90;20;40;50;95;0.50;100000;100412;0.4;2.51;21;45.6;0.3571;15;0;15;6
2026;91;20;40;30;45;0.50;100000;100395;0.4;3.02;35;26.0;0.4143;29;0;29;6
2026;92;20;40;90;95;0.50;100000;100381;0.4;0.50;19;68.4;0.5000;19;0;19;0
2026;93;20;40;65;10;0.50;100000;100377;0.4;2.10;39;50.4;0.8846;69;30;9;0
2026;94;20;40;65;50;0.50;100000;100370;0.4;2.13;32;50.2;0.5781;37;5;27;0
2026;95;20;40;95;15;0.50;100000;100348;0.3;1.63;37;68.2;0.8784;65;28;9;0
2026;96;20;40;85;40;0.50;100000;100343;0.3;1.75;31;61.6;0.6935;43;12;19;0
2026;97;20;40;95;100;0.50;100000;100342;0.3;0.50;18;64.8;0.5000;18;0;18;0
2026;98;20;40;100;10;0.50;100000;100320;0.3;1.67;39;65.4;0.9231;72;33;6;0
2026;99;20;40;100;40;0.50;100000;100318;0.3;1.25;24;66.4;0.7292;35;11;13;0
2026;100;20;40;80;60;0.50;100000;100278;0.3;2.09;24;46.4;0.5833;28;4;20;0
2026;101;20;40;50;25;0.50;100000;100267;0.3;2.37;33;28.8;0.6818;45;12;21;0
2026;102;20;40;20;40;0.50;100000;100267;0.3;6.75;33;13.8;0.3485;23;0;23;10
2026;103;20;40;100;30;0.50;100000;100260;0.3;1.56;32;55.2;0.7812;50;18;14;0
2026;104;20;40;55;10;0.50;100000;100250;0.2;2.17;40;29.0;0.8625;69;29;11;0
2026;105;20;40;55;80;0.50;100000;100215;0.2;2.51;24;26.4;0.4167;20;0;20;4
2026;106;20;40;35;65;0.50;100000;100151;0.2;4.52;32;15.2;0.3594;23;0;23;9
2026;107;20;40;80;65;0.50;100000;100146;0.1;1.92;25;25.0;0.5600;28;3;22;0
2026;108;20;40;100;35;0.50;100000;100138;0.1;2.11;28;30.8;0.7500;42;14;14;0
2026;109;20;40;95;40;0.50;100000;100082;0.1;1.16;26;18.6;0.7115;37;11;15;0
2026;110;20;40;60;30;0.50;100000;100082;0.1;1.80;34;12.4;0.6765;46;12;22;0
2026;111;20;40;100;55;0.50;100000;100074;0.1;1.80;23;17.8;0.6522;30;7;16;0
2026;112;20;40;40;90;0.45;100000;100070;0.1;3.53;27;12.2;0.3148;17;0;17;10
2026;113;20;40;80;100;0.50;100000;100064;0.1;1.51;20;12.0;0.4500;18;0;18;2
2026;114;20;40;80;90;0.50;100000;100061;0.1;1.51;21;10.6;0.4762;20;0;20;1
2026;115;20;40;75;15;0.50;100000;100060;0.1;1.13;35;11.0;0.8429;59;24;11;0
2026;116;20;40;85;50;0.50;100000;100040;0.0;1.63;22;9.2;0.6364;28;6;16;0
2026;117;20;40;35;95;0.25;100000;100036;0.0;2.64;29;9.4;0.2759;16;0;16;13
2026;118;20;40;25;70;0.20;100000;100023;0.0;2.30;35;6.0;0.2714;19;0;19;16
2026;119;20;40;40;35;0.25;100000;100003;0.0;0.69;35;1.0;0.5429;38;3;32;0
2026;120;20;40;70;40;0.10;100000;100001;0.0;0.48;35;1.0;0.6429;45;10;25;0
2026;121;20;40;80;40;0.05;100000;99999;-0.0;0.21;29;-0.6;0.6724;39;10;19;0
2026;122;20;40;85;45;0.05;100000;99999;-0.0;0.17;22;-0.8;0.6591;29;7;15;0
2026;123;20;40;100;75;0.05;100000;99998;-0.0;0.17;20;-3.0;0.5750;23;3;17;0
2026;124;20;40;100;20;0.05;100000;99998;-0.0;0.18;31;-3.4;0.8387;52;21;10;0
2026;125;20;40;90;25;0.05;100000;99996;-0.0;0.12;33;-6.2;0.7879;52;19;14;0
2026;126;20;40;60;65;0.05;100000;99995;-0.0;0.15;33;-6.2;0.4848;32;0;32;1
2026;127;20;40;60;40;0.05;100000;99995;-0.0;0.28;33;-6.2;0.6061;40;7;26;0
2026;128;20;40;90;35;0.05;100000;99994;-0.0;0.16;29;-10.6;0.7241;42;13;16;0
2026;129;20;40;90;70;0.05;100000;99993;-0.0;0.19;23;-12.2;0.5652;26;3;20;0
2026;130;20;40;80;75;0.05;100000;99993;-0.0;0.11;26;-11.4;0.5192;27;1;25;0
2026;131;20;40;90;50;0.05;100000;99992;-0.0;0.18;24;-13.6;0.6458;31;7;17;0
2026;132;20;40;80;15;0.05;100000;99990;-0.0;0.12;36;-15.4;0.8472;61;25;11;0
2026;133;20;40;80;45;0.05;100000;99988;-0.0;0.20;28;-19.2;0.6429;36;8;20;0
2026;134;20;40;100;100;0.05;100000;99987;-0.0;0.01;18;-25.2;0.5000;18;0;18;0
2026;135;20;40;100;90;0.05;100000;99987;-0.0;0.15;19;-26.6;0.5263;20;1;18;0
2026;136;20;40;10;25;0.05;100000;99987;-0.0;0.60;41;-2.4;0.3049;25;0;25;16
2026;137;20;40;60;35;0.05;100000;99986;-0.0;0.22;33;-16.2;0.6364;42;9;24;0
2026;138;20;40;95;95;0.05;100000;99986;-0.0;0.01;19;-26.6;0.5000;19;0;19;0
2026;139;20;40;75;70;0.05;100000;99986;-0.0;0.10;26;-21.4;0.5192;27;1;25;0
2026;140;20;40;90;100;0.05;100000;99985;-0.0;0.10;19;-26.6;0.4737;18;0;18;1
2026;141;20;40;100;50;0.05;100000;99985;-0.0;0.21;21;-29.4;0.6667;28;7;14;0
2026;142;20;40;35;45;0.05;100000;99985;-0.0;0.25;36;-10.4;0.4444;32;0;32;4
2026;143;20;40;90;90;0.05;100000;99983;-0.0;0.02;22;-30.8;0.5000;22;0;22;0
2026;144;20;40;85;85;0.05;100000;99983;-0.0;0.02;21;-29.4;0.5000;21;0;21;0
2026;145;20;40;65;45;0.05;100000;99981;-0.0;0.28;32;-24.8;0.5938;38;6;26;0
2026;146;20;40;35;55;0.05;100000;99981;-0.0;0.28;38;-13.2;0.3947;30;0;30;8
2026;147;20;40;90;60;0.05;100000;99980;-0.0;0.20;25;-35.0;0.6000;30;5;20;0
2026;148;20;40;90;55;0.05;100000;99978;-0.0;0.19;25;-40.0;0.6200;31;6;19;0
2026;149;20;40;80;80;0.05;100000;99976;-0.0;0.02;27;-37.8;0.5000;27;0;27;0
2026;150;20;40;75;75;0.05;100000;99976;-0.0;0.02;26;-36.4;0.5000;26;0;26;0
2026;151;20;40;65;40;0.05;100000;99975;-0.0;0.34;37;-31.8;0.6216;46;9;28;0
2026;152;20;40;50;15;0.05;100000;99974;-0.0;0.27;40;-26.0;0.7750;62;22;18;0
2026;153;20;40;70;20;0.05;100000;99973;-0.0;0.18;34;-37.6;0.7794;53;19;15;0
2026;154;20;40;55;90;0.05;100000;99972;-0.0;0.32;25;-30.0;0.3800;19;0;19;6
2026;155;20;40;60;90;0.05;100000;99971;-0.0;0.25;25;-35.0;0.4000;20;0;20;5
2026;156;20;40;50;100;0.05;100000;99970;-0.0;0.26;21;-29.4;0.3333;14;0;14;7
2026;157;20;40;55;45;0.05;100000;99970;-0.0;0.20;38;-33.2;0.5526;42;4;34;0
2026;158;20;40;70;70;0.05;100000;99969;-0.0;0.03;31;-43.4;0.5000;31;0;31;0
2026;159;20;40;100;80;0.05;100000;99966;-0.0;0.15;20;-68.0;0.5500;22;2;18;0
2026;160;20;40;50;45;0.05;100000;99966;-0.0;0.22;35;-34.0;0.5286;37;2;33;0
2026;161;20;40;65;65;0.05;100000;99966;-0.0;0.03;32;-44.8;0.5000;32;0;32;0
2026;162;20;40;75;100;0.05;100000;99964;-0.0;0.25;20;-53.0;0.4250;17;0;17;3
2026;163;20;40;70;75;0.05;100000;99963;-0.0;0.15;26;-51.4;0.4808;25;0;25;1
2026;164;20;40;60;60;0.05;100000;99963;-0.0;0.04;32;-44.8;0.5000;32;0;32;0
2026;165;20;40;70;90;0.05;100000;99963;-0.0;0.19;23;-52.2;0.4348;20;0;20;3
2026;166;20;40;55;30;0.05;100000;99962;-0.0;0.21;37;-41.8;0.6486;48;11;26;0
2026;167;20;40;90;80;0.05;100000;99961;-0.0;0.11;21;-69.4;0.5238;22;1;20;0
2026;168;20;40;75;80;0.05;100000;99959;-0.0;0.15;26;-61.4;0.4808;25;0;25;1
2026;169;20;40;60;45;0.05;100000;99959;-0.0;0.23;35;-49.0;0.5714;40;5;30;0
2026;170;20;40;60;20;0.05;100000;99958;-0.0;0.24;36;-50.4;0.7500;54;18;18;0
2026;171;20;40;55;55;0.05;100000;99954;-0.0;0.05;36;-50.4;0.5000;36;0;36;0
2026;172;20;40;40;30;0.05;100000;99953;-0.0;0.21;34;-37.6;0.5735;39;5;29;0
2026;173;20;40;95;35;0.05;100000;99952;-0.0;0.18;29;-90.6;0.7241;42;13;16;0
2026;174;20;40;90;40;0.05;100000;99951;-0.0;0.16;27;-87.8;0.6852;37;10;17;0
2026;175;20;40;85;15;0.05;100000;99950;-0.0;0.15;39;-84.6;0.8462;66;27;12;0
2026;176;20;40;50;50;0.05;100000;99950;-0.1;0.05;36;-50.4;0.5000;36;0;36;0
2026;177;20;40;50;90;0.05;100000;99946;-0.1;0.22;24;-53.6;0.3542;17;0;17;7
2026;178;20;40;45;60;0.05;100000;99945;-0.1;0.38;35;-49.0;0.4286;30;0;30;5
2026;179;20;40;95;50;0.05;100000;99945;-0.1;0.19;21;-104.4;0.6429;27;6;15;0
2026;180;20;40;30;35;0.05;100000;99945;-0.1;0.20;45;-33.0;0.4667;42;0;42;3
2026;181;20;40;45;45;0.05;100000;99942;-0.1;0.06;37;-51.8;0.5000;37;0;37;0
2026;182;20;40;100;95;0.05;100000;99942;-0.1;0.10;18;-115.2;0.5000;18;0;18;0
2026;183;20;40;80;55;0.05;100000;99941;-0.1;0.25;24;-93.6;0.5833;28;4;20;0
2026;184;20;40;45;15;0.05;100000;99941;-0.1;0.25;38;-53.2;0.7500;57;19;19;0
2026;185;20;40;40;40;0.05;100000;99941;-0.1;0.06;34;-47.6;0.5000;34;0;34;0
2026;186;20;40;100;85;0.05;100000;99937;-0.1;0.19;19;-126.6;0.5263;20;1;18;0
2026;187;20;40;95;90;0.05;100000;99936;-0.1;0.11;19;-121.6;0.5000;19;0;19;0
2026;188;20;40;15;35;0.05;100000;99936;-0.1;0.73;42;-18.8;0.3095;26;0;26;16
2026;189;20;40;60;10;0.05;100000;99935;-0.1;0.26;41;-77.4;0.8537;70;29;12;0
2026;190;20;40;45;80;0.05;100000;99934;-0.1;0.32;28;-59.2;0.3571;20;0;20;8
2026;191;20;40;65;60;0.05;100000;99934;-0.1;0.20;33;-86.2;0.5152;34;1;32;0
2026;192;20;40;55;15;0.05;100000;99932;-0.1;0.31;39;-74.6;0.7821;61;22;17;0
2026;193;20;40;90;45;0.05;100000;99932;-0.1;0.16;23;-122.2;0.6522;30;7;16;0
2026;194;20;40;45;85;0.05;100000;99932;-0.1;0.32;22;-60.8;0.3409;15;0;15;7
2026;195;20;40;50;85;0.05;100000;99929;-0.1;0.19;22;-70.8;0.3636;16;0;16;6
2026;196;20;40;45;50;0.05;100000;99929;-0.1;0.15;35;-64.0;0.4714;33;0;33;2
2026;197;20;40;45;65;0.05;100000;99928;-0.1;0.26;32;-64.8;0.4062;26;0;26;6
2026;198;20;40;65;80;0.05;100000;99927;-0.1;0.31;25;-95.0;0.4400;22;0;22;3
2026;199;20;40;70;25;0.05;100000;99926;-0.1;0.21;35;-104.0;0.7286;51;16;19;0
2026;200;20;40;55;100;0.05;100000;99925;-0.1;0.26;23;-82.2;0.3478;16;0;16;7
2026;201;20;40;95;20;0.05;100000;99924;-0.1;0.31;32;-144.8;0.8125;52;20;12;0
2026;202;20;40;90;85;0.05;100000;99922;-0.1;0.12;22;-140.8;0.5000;22;0;22;0
2026;203;20;40;85;80;0.05;100000;99921;-0.1;0.13;21;-134.4;0.5000;21;0;21;0
2026;204;20;40;95;45;0.05;100000;99921;-0.1;0.23;22;-150.8;0.6591;29;7;15;0
2026;205;20;40;65;35;0.05;100000;99919;-0.1;0.34;32;-104.8;0.6406;41;9;23;0
2026;206;20;40;45;55;0.05;100000;99918;-0.1;0.30;38;-73.2;0.4474;34;0;34;4
2026;207;20;40;15;10;0.05;100000;99918;-0.1;0.42;39;-24.6;0.6154;48;9;30;0
2026;208;20;40;55;35;0.05;100000;99915;-0.1;0.29;38;-93.2;0.6053;46;8;30;0
2026;209;20;40;20;35;0.05;100000;99915;-0.1;0.61;42;-33.8;0.3690;31;0;31;11
2026;210;20;40;40;65;0.05;100000;99910;-0.1;0.40;37;-71.8;0.3784;28;0;28;9
2026;211;20;40;80;70;0.05;100000;99908;-0.1;0.15;26;-146.4;0.5192;27;1;25;0
2026;212;20;40;35;35;0.05;100000;99908;-0.1;0.09;46;-64.4;0.5000;46;0;46;0
2026;213;20;40;90;65;0.05;100000;99906;-0.1;0.24;24;-168.6;0.5625;27;3;21;0
2026;214;20;40;60;80;0.05;100000;99905;-0.1;0.25;24;-113.6;0.4167;20;0;20;4
2026;215;20;40;30;40;0.05;100000;99904;-0.1;0.30;34;-57.6;0.4265;29;0;29;5
2026;216;20;40;90;15;0.05;100000;99904;-0.1;0.23;38;-173.2;0.8421;64;26;12;0
2026;217;20;40;30;30;0.05;100000;99900;-0.1;0.10;43;-60.2;0.5000;43;0;43;0
2026;218;20;40;25;20;0.05;100000;99899;-0.1;0.33;43;-50.2;0.5581;48;5;38;0
2026;219;20;40;45;35;0.05;100000;99899;-0.1;0.23;36;-90.4;0.5556;40;4;32;0
2026;220;20;40;40;80;0.05;100000;99899;-0.1;0.47;29;-80.6;0.3276;19;0;19;10
2026;221;20;40;35;90;0.05;100000;99898;-0.1;0.59;29;-70.6;0.2759;16;0;16;13
2026;222;20;40;30;25;0.05;100000;99897;-0.1;0.31;44;-61.6;0.5455;48;4;40;0
2026;223;20;40;30;55;0.05;100000;99896;-0.1;0.40;37;-61.8;0.3514;26;0;26;11
2026;224;20;40;40;60;0.05;100000;99892;-0.1;0.47;33;-86.2;0.3939;26;0;26;7
2026;225;20;40;35;60;0.05;100000;99891;-0.1;0.34;33;-76.2;0.3636;24;0;24;9
2026;226;20;40;95;85;0.05;100000;99886;-0.1;0.16;19;-216.6;0.5000;19;0;19;0
2026;227;20;40;40;95;0.05;100000;99885;-0.1;0.43;26;-91.4;0.2885;15;0;15;11
2026;228;20;40;65;85;0.05;100000;99882;-0.1;0.38;24;-153.6;0.4167;20;0;20;4
2026;229;20;40;35;20;0.05;100000;99880;-0.1;0.33;42;-83.8;0.6310;53;11;31;0
2026;230;20;40;25;30;0.05;100000;99877;-0.1;0.32;44;-61.6;0.4545;40;0;40;4
2026;231;20;40;75;50;0.05;100000;99876;-0.1;0.29;26;-186.4;0.5769;30;4;22;0
2026;232;20;40;40;70;0.05;100000;99876;-0.1;0.45;35;-99.0;0.3571;25;0;25;10
2026;233;20;40;30;15;0.05;100000;99874;-0.1;0.31;43;-75.2;0.6628;57;14;29;0
2026;234;20;40;20;60;0.05;100000;99872;-0.1;0.82;36;-50.4;0.2500;18;0;18;18
2026;235;20;40;25;25;0.05;100000;99871;-0.1;0.13;46;-64.4;0.5000;46;0;46;0
2026;236;20;40;75;90;0.05;100000;99869;-0.1;0.23;22;-195.8;0.4318;19;0;19;3
2026;237;20;40;70;50;0.05;100000;99869;-0.1;0.24;31;-183.4;0.5645;35;4;27;0
2026;238;20;40;40;20;0.05;100000;99867;-0.1;0.38;33;-106.2;0.6515;43;10;23;0
2026;239;20;40;35;30;0.05;100000;99867;-0.1;0.23;45;-93.0;0.5333;48;3;42;0
2026;240;20;40;70;15;0.05;100000;99865;-0.1;0.27;38;-188.2;0.8026;61;23;15;0
2026;241;20;40;45;30;0.05;100000;99862;-0.1;0.21;35;-124.0;0.5857;41;6;29;0
2026;242;20;40;50;65;0.05;100000;99860;-0.1;0.27;32;-139.8;0.4219;27;0;27;5
2026;243;20;40;85;75;0.05;100000;99859;-0.1;0.18;21;-239.4;0.5000;21;0;21;0
2026;244;20;40;35;15;0.05;100000;99859;-0.1;0.32;42;-98.8;0.6905;58;16;26;0
2026;245;20;40;35;40;0.05;100000;99859;-0.1;0.26;35;-99.0;0.4571;32;0;32;3
2026;246;20;40;80;50;0.05;100000;99857;-0.1;0.25;28;-229.2;0.5893;33;5;23;0
2026;247;20;40;100;70;0.05;100000;99856;-0.1;0.22;20;-288.0;0.5500;22;2;18;0
2026;248;20;40;20;20;0.05;100000;99853;-0.1;0.15;42;-58.8;0.5000;42;0;42;0
2026;249;20;40;15;30;0.05;100000;99848;-0.2;0.60;43;-45.2;0.3372;29;0;29;14
2026;250;20;40;35;100;0.05;100000;99843;-0.2;0.56;28;-109.2;0.2500;14;0;14;14
2026;251;20;40;65;75;0.05;100000;99842;-0.2;0.30;25;-205.0;0.4400;22;0;22;3
2026;252;20;40;100;15;0.05;100000;99839;-0.2;0.22;37;-321.8;0.8378;62;25;12;0
2026;253;20;40;95;80;0.05;100000;99836;-0.2;0.21;19;-311.6;0.5000;19;0;19;0
2026;254;20;40;55;40;0.05;100000;99835;-0.2;0.38;40;-181.0;0.5625;45;5;35;0
2026;255;20;40;40;100;0.05;100000;99832;-0.2;0.37;24;-133.6;0.2708;13;0;13;11
2026;256;20;40;70;95;0.05;100000;99832;-0.2;0.32;18;-235.2;0.3889;14;0;14;4
2026;257;20;40;40;25;0.05;100000;99831;-0.2;0.28;36;-135.4;0.5972;43;7;29;0
2026;258;20;40;60;55;0.05;100000;99829;-0.2;0.22;32;-204.8;0.5000;32;0;32;0
2026;259;20;40;60;15;0.05;100000;99828;-0.2;0.34;40;-206.0;0.7750;62;22;18;0
2026;260;20;40;20;25;0.05;100000;99824;-0.2;0.50;43;-70.2;0.4419;38;0;38;5
2026;261;20;40;45;20;0.05;100000;99824;-0.2;0.36;38;-158.2;0.6711;51;13;25;0
2026;262;20;40;45;75;0.05;100000;99823;-0.2;0.41;28;-159.2;0.3571;20;0;20;8
2026;263;20;40;15;45;0.05;100000;99821;-0.2;0.84;38;-53.2;0.2500;19;0;19;19
2026;264;20;40;30;60;0.05;100000;99820;-0.2;0.65;34;-107.6;0.3235;22;0;22;12
2026;265;20;40;50;55;0.05;100000;99818;-0.2;0.29;37;-181.8;0.4595;34;0;34;3
2026;266;20;40;45;100;0.05;100000;99818;-0.2;0.39;24;-163.6;0.2917;14;0;14;10
2026;267;20;40;55;75;0.05;100000;99815;-0.2;0.25;24;-203.6;0.3958;19;0;19;5
2026;268;20;40;40;85;0.05;100000;99814;-0.2;0.48;31;-148.4;0.3065;19;0;19;12
2026;269;20;40;80;20;0.05;100000;99810;-0.2;0.31;31;-303.4;0.7581;47;16;15;0
2026;270;20;40;65;100;0.05;100000;99807;-0.2;0.25;22;-250.8;0.3636;16;0;16;6
2026;271;20;40;65;55;0.05;100000;99803;-0.2;0.32;33;-256.2;0.5152;34;1;32;0
2026;272;20;40;15;15;0.05;100000;99800;-0.2;0.20;43;-60.2;0.5000;43;0;43;0
2026;273;20;40;85;70;0.05;100000;99798;-0.2;0.24;21;-344.4;0.5000;21;0;21;0
2026;274;20;40;35;70;0.05;100000;99789;-0.2;0.58;30;-147.0;0.3167;19;0;19;11
2026;275;20;40;95;75;0.05;100000;99786;-0.2;0.25;19;-406.6;0.5000;19;0;19;0
2026;276;20;40;35;25;0.05;100000;99781;-0.2;0.34;45;-153.0;0.5667;51;6;39;0
2026;277;20;40;25;10;0.05;100000;99775;-0.2;0.34;41;-112.4;0.6951;57;16;25;0
2026;278;20;40;65;70;0.05;100000;99769;-0.2;0.26;29;-300.6;0.4483;26;0;26;3
2026;279;20;40;45;25;0.05;100000;99766;-0.2;0.36;36;-210.4;0.6111;44;8;28;0
2026;280;20;40;60;50;0.05;100000;99759;-0.2;0.28;35;-289.0;0.5143;36;1;34;0
2026;281;20;40;25;50;0.05;100000;99757;-0.2;0.53;33;-121.2;0.3182;21;0;21;12
2026;282;20;40;65;20;0.05;100000;99755;-0.2;0.31;38;-318.2;0.7237;55;17;21;0
2026;283;20;40;40;15;0.05;100000;99742;-0.3;0.33;37;-206.8;0.6892;51;14;23;0
2026;284;20;40;45;40;0.05;100000;99737;-0.3;0.31;37;-236.8;0.5000;37;0;37;0
2026;285;20;40;55;20;0.05;100000;99734;-0.3;0.37;41;-292.4;0.6951;57;16;25;0
2026;286;20;40;30;20;0.05;100000;99691;-0.3;0.40;47;-185.8;0.5745;54;7;40;0
2026;287;20;40;55;95;0.05;100000;99681;-0.3;0.38;22;-350.8;0.3182;14;0;14;8
2026;288;20;40;60;70;0.05;100000;99666;-0.3;0.35;29;-400.6;0.4138;24;0;24;5
2026;289;20;40;10;10;0.05;100000;99658;-0.3;0.34;49;-68.6;0.5000;49;0;49;0
2026;290;20;40;60;100;0.05;100000;99641;-0.4;0.43;22;-430.8;0.3182;14;0;14;8
2026;291;20;40;25;60;0.05;100000;99631;-0.4;0.70;35;-184.0;0.2714;19;0;19;16
2026;292;20;40;25;15;0.05;100000;99615;-0.4;0.48;45;-193.0;0.5889;53;8;37;0
2026;293;20;40;45;70;0.05;100000;99614;-0.4;0.50;34;-347.6;0.3529;24;0;24;10
2026;294;20;40;60;75;0.05;100000;99609;-0.4;0.39;25;-470.0;0.3800;19;0;19;6
2026;295;20;40;60;85;0.05;100000;99607;-0.4;0.48;23;-472.2;0.3478;16;0;16;7
2026;296;20;40;55;85;0.05;100000;99606;-0.4;0.40;24;-433.6;0.3333;16;0;16;8
2026;297;20;40;40;50;0.05;100000;99589;-0.4;0.46;35;-329.0;0.4000;28;0;28;7
2026;298;20;40;35;50;0.05;100000;99587;-0.4;0.51;35;-289.0;0.3714;26;0;26;9
2026;299;20;40;35;85;0.05;100000;99581;-0.4;0.57;31;-293.4;0.2581;16;0;16;15
2026;300;20;40;10;15;0.05;100000;99577;-0.4;0.60;39;-84.6;0.3846;30;0;30;9
2026;301;20;40;40;75;0.05;100000;99577;-0.4;0.70;31;-338.4;0.3065;19;0;19;12
2026;302;20;40;55;70;0.05;100000;99576;-0.4;0.42;30;-467.0;0.3833;23;0;23;7
2026;303;20;40;60;95;0.05;100000;99555;-0.4;0.58;21;-534.4;0.3095;13;0;13;8
2026;304;20;40;65;15;0.05;100000;99553;-0.4;0.50;44;-581.6;0.7386;65;21;23;0
2026;305;20;40;30;65;0.05;100000;99529;-0.5;0.60;34;-282.6;0.2794;19;0;19;15
2026;306;20;40;30;50;0.05;100000;99526;-0.5;0.61;32;-284.8;0.3281;21;0;21;11
2026;307;20;40;65;95;0.05;100000;99478;-0.5;0.61;21;-679.4;0.3095;13;0;13;8
2026;308;20;40;35;75;0.05;100000;99455;-0.5;0.66;30;-382.0;0.2667;16;0;16;14
2026;309;20;40;20;50;0.05;100000;99392;-0.6;0.96;38;-243.2;0.2500;19;0;19;19
2026;310;20;40;25;65;0.05;100000;99334;-0.7;0.97;38;-333.2;0.2368;18;0;18;20
2026;311;20;40;15;20;0.05;100000;99318;-0.7;0.81;50;-205.0;0.3900;39;0;39;11
2026;312;20;40;30;75;0.05;100000;99279;-0.7;0.76;31;-433.4;0.2258;14;0;14;17
2026;313;20;40;30;85;0.05;100000;99232;-0.8;1.07;30;-462.0;0.2000;12;0;12;18
2026;314;20;40;25;55;0.05;100000;99181;-0.8;1.00;36;-410.4;0.2500;18;0;18;18
2026;315;20;40;30;70;0.05;100000;99126;-0.9;0.88;33;-526.2;0.2273;15;0;15;18
2026;316;20;40;10;20;0.05;100000;99109;-0.9;1.26;42;-178.8;0.2857;24;0;24;18
2026;317;20;40;35;80;0.05;100000;99039;-1.0;1.11;32;-674.8;0.2188;14;0;14;18
2026;318;20;40;30;80;0.05;100000;99031;-1.0;1.04;31;-583.4;0.1935;12;0;12;19
2026;319;20;40;25;75;0.05;100000;99016;-1.0;0.98;31;-493.4;0.1774;11;0;11;20
2026;320;20;40;10;30;0.05;100000;98620;-1.4;1.60;41;-277.4;0.1829;15;0;15;26
2026;321;20;40;30;90;0.05;100000;98544;-1.5;1.46;28;-879.2;0.1250;7;0;7;21
