entryUtc;exitUtc;heldMinutes;entryPrice;cross;buy;sell;winner;pips;cumulativePips;equityAfterFirstLeg;equity
2011-02-10 21:25;2011-02-11 01:42;257;1.35955;down;sl;sl;none;-40.0;-40.0;99500.00;99000.00
2011-02-15 16:40;2011-02-15 19:30;170;1.35000;up;sl;sl;none;-40.0;-80.0;98505.00;98010.00
2011-02-16 16:10;2011-02-17 01:45;574;1.35116;down;tp;sl;buy;65.0;-15.0;97519.95;99602.66
2011-02-22 02:42;2011-02-22 10:35;473;1.35937;down;sl;sl;none;-40.0;-55.0;99104.65;98606.64
2011-02-23 07:20;2011-02-23 09:49;149;1.37138;up;sl;sl;none;-40.0;-95.0;98113.60;97620.57
2011-02-28 00:03;2011-02-28 04:15;250;1.37330;down;sl;sl;none;-40.0;-135.0;97132.47;96644.36
2011-02-28 20:13;2011-03-01 19:39;1403;1.38026;up;sl;sl;none;-40.0;-175.0;96161.14;95677.92
2011-03-02 02:01;2011-03-02 09:30;449;1.37719;up;sl;sl;none;-40.0;-215.0;95199.53;94721.14
2011-03-03 00:04;2011-03-03 11:29;685;1.38611;up;sl;sl;none;-40.0;-255.0;94247.54;93773.93
2011-03-08 02:13;2011-03-08 07:49;335;1.39618;down;sl;sl;none;-40.0;-295.0;93305.06;92836.19
2011-03-08 10:58;2011-03-10 07:10;2649;1.39238;down;sl;tp;sell;65.0;-230.0;92372.01;94344.78
2011-03-10 08:46;2011-03-10 13:41;295;1.38236;down;sl;sl;none;-40.0;-270.0;93873.05;93401.33
2011-03-13 22:05;2011-03-14 10:39;754;1.39529;up;sl;sl;none;-40.0;-310.0;92934.32;92467.32
2011-03-15 19:38;2011-03-16 13:40;1082;1.39969;down;sl;tp;sell;65.0;-245.0;92004.98;93969.91
2011-03-16 23:38;2011-03-17 05:10;332;1.39083;down;sl;sl;none;-40.0;-285.0;93500.06;93030.21
2011-03-17 19:00;2011-03-18 00:03;303;1.40069;up;sl;sl;none;-40.0;-325.0;92565.06;92099.91
2011-03-23 02:54;2011-03-23 11:50;535;1.41665;down;sl;sl;none;-40.0;-365.0;91639.41;91178.91
2011-03-25 00:19;2011-03-25 08:42;496;1.41695;up;sl;sl;none;-40.0;-405.0;90723.02;90267.12
2011-03-27 21:41;2011-03-28 02:39;294;1.40440;down;sl;sl;none;-40.0;-445.0;89815.79;89364.45
2011-03-29 03:56;2011-03-29 11:28;449;1.40840;up;sl;sl;none;-40.0;-485.0;88917.63;88470.81
2011-03-30 11:41;2011-03-30 16:24;283;1.40918;down;sl;sl;none;-40.0;-525.0;88028.45;87586.10
2011-03-30 19:32;2011-03-31 08:58;795;1.41277;up;tp;sl;buy;65.0;-460.0;87148.17;89009.37
2011-04-01 14:19;2011-04-01 15:13;54;1.40877;down;tp;sl;buy;65.0;-395.0;88564.33;90455.77
2011-04-04 03:03;2011-04-04 08:58;348;1.42199;up;sl;sl;none;-40.0;-435.0;90003.50;89551.22
2011-04-05 03:54;2011-04-05 15:07;672;1.41955;down;sl;sl;none;-40.0;-475.0;89103.46;88655.70
2011-04-06 06:46;2011-04-07 13:04;1799;1.42670;up;sl;sl;none;-40.0;-515.0;88212.43;87769.15
2011-04-07 19:57;2011-04-08 03:39;450;1.43039;down;tp;sl;buy;65.0;-450.0;87330.30;89195.40
2011-04-08 08:57;2011-04-08 20:41;704;1.43989;up;tp;sl;buy;65.0;-385.0;88749.42;90644.82
2011-04-12 02:57;2011-04-12 07:37;280;1.44090;down;sl;sl;none;-40.0;-425.0;90191.60;89738.37
2011-04-12 22:10;2011-04-13 06:39;503;1.44785;up;sl;sl;none;-40.0;-465.0;89289.68;88840.99
2011-04-13 21:49;2011-04-14 03:35;342;1.44409;down;sl;sl;none;-40.0;-505.0;88396.78;87952.58
2011-04-15 01:11;2011-04-15 13:30;733;1.44863;up;sl;tp;sell;65.0;-440.0;87512.82;89381.81
2011-04-15 15:24;2011-04-18 01:10;565;1.44383;up;sl;tp;sell;65.0;-375.0;88934.90;90834.26
2011-04-19 21:35;2011-04-20 06:54;558;1.43334;up;tp;sl;buy;65.0;-310.0;90380.09;92310.32
2011-04-22 12:24;2011-04-24 22:01;433;1.45528;down;sl;sl;none;-40.0;-350.0;91848.77;91387.22
2011-04-25 05:04;2011-04-25 15:18;614;1.45605;up;sl;sl;none;-40.0;-390.0;90930.28;90473.34
2011-04-25 16:22;2011-04-26 00:55;494;1.45793;down;sl;tp;sell;65.0;-325.0;90020.98;91943.54
2011-04-26 15:31;2011-04-26 22:32;412;1.46227;down;tp;sl;buy;65.0;-260.0;91483.82;93437.62
2011-04-29 09:44;2011-05-01 23:06;779;1.48673;down;sl;tp;sell;65.0;-195.0;92970.43;94955.98
2011-05-02 07:42;2011-05-02 14:30;408;1.47930;down;tp;sl;buy;65.0;-130.0;94481.20;96499.01
2011-05-03 03:30;2011-05-03 07:45;255;1.47991;up;sl;sl;none;-40.0;-170.0;96016.52;95534.02
2011-05-03 17:56;2011-05-04 07:25;799;1.48368;down;sl;sl;none;-40.0;-210.0;95056.35;94578.68
2011-05-05 15:25;2011-05-05 19:11;226;1.46023;down;sl;tp;sell;65.0;-145.0;94105.79;96115.59
2011-05-10 20:35;2011-05-11 13:17;980;1.44069;up;sl;tp;sell;65.0;-80.0;95635.01;97677.47
2011-05-11 20:04;2011-05-12 08:47;754;1.42012;down;sl;sl;none;-40.0;-120.0;97189.08;96700.69
2011-05-13 03:47;2011-05-13 07:25;218;1.41969;up;tp;sl;buy;65.0;-55.0;96217.19;98272.08
2011-05-15 23:07;2011-05-16 02:41;214;1.40781;down;sl;sl;none;-40.0;-95.0;97780.72;97289.36
2011-05-17 01:32;2011-05-17 04:03;151;1.41502;up;sl;sl;none;-40.0;-135.0;96802.91;96316.46
2011-05-17 22:21;2011-05-18 12:40;856;1.42349;down;sl;sl;none;-40.0;-175.0;95834.88;95353.30
2011-05-19 08:42;2011-05-19 16:31;469;1.42251;down;tp;sl;buy;65.0;-110.0;94876.53;96902.79
2011-05-22 21:44;2011-05-23 06:13;507;1.41343;down;sl;tp;sell;65.0;-45.0;96418.28;98477.46
2011-05-24 13:50;2011-05-25 00:29;622;1.40994;up;sl;sl;none;-40.0;-85.0;97985.07;97492.69
2011-05-25 16:13;2011-05-26 00:37;494;1.41045;down;sl;sl;none;-40.0;-125.0;97005.22;96517.76
2011-05-26 06:53;2011-05-26 14:01;428;1.41633;up;sl;sl;none;-40.0;-165.0;96035.17;95552.58
2011-06-02 03:54;2011-06-02 09:53;359;1.43559;down;tp;sl;buy;65.0;-100.0;95074.82;97105.31
2011-06-02 22:59;2011-06-03 06:07;423;1.44835;up;sl;sl;none;-40.0;-140.0;96619.78;96134.26
2011-06-07 02:42;2011-06-07 07:49;307;1.45788;down;tp;sl;buy;65.0;-75.0;95653.59;97696.44
2011-06-07 18:14;2011-06-08 12:14;1071;1.46910;up;sl;tp;sell;65.0;-10.0;97207.96;99284.01
2011-06-08 17:53;2011-06-09 00:23;382;1.45895;down;sl;sl;none;-40.0;-50.0;98787.59;98291.17
2011-06-14 01:18;2011-06-14 07:10;352;1.43845;up;tp;sl;buy;65.0;15.0;97799.71;99888.40
2011-06-15 11:56;2011-06-15 15:45;229;1.43017;down;sl;tp;sell;65.0;80.0;99388.96;101511.58
2011-06-17 11:22;2011-06-17 12:31;69;1.42730;up;sl;sl;none;-40.0;40.0;101004.03;100496.47
2011-06-20 20:34;2011-06-21 15:30;1126;1.43043;down;tp;sl;buy;65.0;105.0;99993.99;102129.54
2011-06-22 23:03;2011-06-23 10:23;678;1.43166;down;sl;tp;sell;65.0;170.0;101618.89;103789.14
2011-06-24 18:39;2011-06-26 23:42;280;1.41714;up;sl;sl;none;-40.0;130.0;103270.20;102751.25
2011-06-27 03:00;2011-06-27 10:09;429;1.41285;down;tp;sl;buy;65.0;195.0;102237.49;104420.96
2011-06-27 22:40;2011-06-28 00:13;93;1.43089;up;sl;sl;none;-40.0;155.0;103898.85;103376.75
2011-07-05 04:38;2011-07-05 12:14;456;1.44787;down;sl;sl;none;-40.0;115.0;102859.86;102342.98
2011-07-07 22:36;2011-07-08 09:33;656;1.43583;up;sl;tp;sell;65.0;180.0;101831.27;104006.05
2011-07-10 22:07;2011-07-11 07:23;555;1.42207;down;sl;tp;sell;65.0;245.0;103486.02;105696.15
2011-07-13 10:25;2011-07-13 14:05;220;1.40819;up;sl;sl;none;-40.0;205.0;105167.67;104639.19
2011-07-15 05:09;2011-07-18 00:16;1132;1.41696;down;sl;tp;sell;65.0;270.0;104115.99;106339.58
2011-07-19 09:44;2011-07-19 14:11;267;1.41816;up;sl;sl;none;-40.0;230.0;105807.88;105276.18
2011-07-25 01:55;2011-07-26 01:51;1415;1.43922;down;sl;sl;none;-40.0;190.0;104749.80;104223.42
2011-07-27 16:28;2011-07-28 09:52;1034;1.43455;down;sl;sl;none;-40.0;150.0;103702.30;103181.19
2011-07-29 18:20;2011-07-31 21:06;163;1.43785;up;sl;sl;none;-40.0;110.0;102665.28;102149.37
2011-08-01 22:44;2011-08-02 05:06;382;1.42564;down;sl;sl;none;-40.0;70.0;101638.63;101127.88
2011-08-03 14:18;2011-08-03 15:02;44;1.42945;up;sl;sl;none;-40.0;30.0;100622.24;100116.60
2011-08-04 17:30;2011-08-04 22:45;310;1.41472;down;sl;tp;sell;65.0;95.0;99616.02;101743.50
2011-08-07 23:17;2011-08-08 01:10;113;1.43283;up;sl;sl;none;-40.0;55.0;101234.78;100726.06
2011-08-09 01:41;2011-08-09 06:48;307;1.41669;down;tp;sl;buy;65.0;120.0;100222.43;102362.86
2011-08-09 20:55;2011-08-10 00:00;181;1.43675;up;sl;sl;none;-40.0;80.0;101851.05;101339.23
2011-08-11 01:52;2011-08-11 09:52;480;1.42147;down;sl;sl;none;-40.0;40.0;100832.54;100325.84
2011-08-12 00:39;2011-08-12 06:57;378;1.41983;up;sl;sl;none;-40.0;0.0;99824.21;99322.58
2011-08-12 11:23;2011-08-12 14:07;163;1.42600;down;sl;sl;none;-40.0;-40.0;98825.97;98329.35
2011-08-12 16:08;2011-08-15 06:26;854;1.42398;up;tp;sl;buy;65.0;25.0;97837.71;99927.21
2011-08-16 23:22;2011-08-17 04:54;332;1.43875;down;sl;sl;none;-40.0;-15.0;99427.57;98927.93
2011-08-17 14:14;2011-08-18 00:27;603;1.44940;up;sl;tp;sell;65.0;50.0;98433.29;100535.51
2011-08-18 16:05;2011-08-19 05:34;807;1.43097;down;sl;sl;none;-40.0;10.0;100032.84;99530.16
2011-08-21 21:20;2011-08-22 06:33;548;1.43715;up;sl;sl;none;-40.0;-30.0;99032.51;98534.86
2011-08-22 21:55;2011-08-23 07:45;587;1.43566;down;tp;sl;buy;65.0;35.0;98042.18;100136.05
2011-08-23 17:24;2011-08-24 02:53;564;1.44198;down;sl;sl;none;-40.0;-5.0;99635.37;99134.69
2011-08-24 15:30;2011-08-25 14:25;1372;1.43937;down;sl;sl;none;-40.0;-45.0;98639.01;98143.34
2011-08-25 14:40;2011-08-25 19:52;312;1.43681;down;sl;sl;none;-40.0;-85.0;97652.62;97161.91
2011-08-26 09:10;2011-08-26 14:17;307;1.44482;up;sl;tp;sell;65.0;-20.0;96676.10;98740.79
2011-08-26 20:15;2011-08-29 05:20;541;1.44959;up;sl;sl;none;-40.0;-60.0;98247.08;97753.38
2011-08-30 11:45;2011-08-31 17:46;1794;1.44077;down;sl;sl;none;-40.0;-100.0;97264.61;96775.85
2011-08-31 19:28;2011-09-01 08:39;787;1.43705;up;sl;tp;sell;65.0;-35.0;96291.97;98348.45
2011-09-07 22:36;2011-09-08 12:36;833;1.40824;up;sl;tp;sell;65.0;30.0;97856.71;99946.62
2011-09-08 14:40;2011-09-08 16:45;125;1.40031;down;sl;tp;sell;65.0;95.0;99446.88;101570.75
2011-09-13 05:41;2011-09-13 07:02;81;1.36568;up;sl;sl;none;-40.0;55.0;101062.90;100555.04
2011-09-14 08:15;2011-09-14 09:59;104;1.36684;down;sl;sl;none;-40.0;15.0;100052.27;99549.49
2011-09-14 10:45;2011-09-14 13:00;134;1.37160;up;sl;sl;none;-40.0;-25.0;99051.74;98554.00
2011-09-18 21:02;2011-09-19 13:30;986;1.36988;down;sl;tp;sell;65.0;40.0;98061.23;100155.50
2011-09-20 18:04;2011-09-21 08:31;864;1.36706;up;sl;sl;none;-40.0;0.0;99654.72;99153.94
2011-09-21 20:47;2011-09-22 01:18;271;1.35692;down;sl;sl;none;-40.0;-40.0;98658.17;98162.40
2011-09-23 17:21;2011-09-26 00:43;442;1.34748;up;sl;sl;none;-40.0;-80.0;97671.59;97180.78
2011-09-26 05:49;2011-09-26 07:27;98;1.34110;down;sl;sl;none;-40.0;-120.0;96694.88;96208.97
2011-09-27 06:47;2011-09-27 11:35;288;1.35546;up;sl;sl;none;-40.0;-160.0;95727.93;95246.88
2011-09-28 22:04;2011-09-29 04:00;352;1.35278;down;tp;sl;buy;65.0;-95.0;94770.65;96794.64
2011-09-29 06:44;2011-09-29 16:44;600;1.36103;up;sl;sl;none;-40.0;-135.0;96310.67;95826.70
2011-09-30 00:38;2011-09-30 06:46;368;1.35935;up;sl;tp;sell;65.0;-70.0;95347.56;97383.88
2011-09-30 11:23;2011-09-30 19:15;472;1.34924;down;sl;tp;sell;65.0;-5.0;96896.96;98966.37
2011-10-05 02:08;2011-10-05 18:06;958;1.32899;up;tp;sl;buy;65.0;60.0;98471.54;100574.57
2011-10-11 22:00;2011-10-12 06:41;514;1.36473;down;sl;sl;none;-40.0;20.0;100071.70;99568.83
2011-10-12 09:01;2011-10-13 08:34;1407;1.37695;up;sl;sl;none;-40.0;-20.0;99070.98;98573.14
2011-10-13 19:35;2011-10-14 06:08;624;1.37825;down;sl;sl;none;-40.0;-60.0;98080.27;97587.41
2011-10-14 15:23;2011-10-14 17:55;152;1.38591;up;sl;sl;none;-40.0;-100.0;97099.47;96611.53
2011-10-17 20:48;2011-10-18 07:14;617;1.37310;down;sl;sl;none;-40.0;-140.0;96128.48;95645.42
2011-10-19 12:27;2011-10-19 13:33;66;1.38202;up;sl;sl;none;-40.0;-180.0;95167.19;94688.96
2011-10-20 10:09;2011-10-20 13:06;177;1.38322;down;sl;tp;sell;65.0;-115.0;94215.52;96227.66
2011-10-21 06:34;2011-10-21 11:21;287;1.37698;up;sl;sl;none;-40.0;-155.0;95746.52;95265.38
2011-10-26 01:10;2011-10-26 07:10;358;1.39164;down;sl;sl;none;-40.0;-195.0;94789.06;94312.73
2011-10-26 08:28;2011-10-26 13:48;320;1.39261;up;sl;sl;none;-40.0;-235.0;93841.17;93369.60
2011-10-26 14:46;2011-10-26 15:43;57;1.38250;down;sl;sl;none;-40.0;-275.0;92902.75;92435.91
2011-10-27 05:46;2011-10-27 13:03;437;1.39912;up;tp;sl;buy;65.0;-210.0;91973.73;93937.99
2011-10-31 01:20;2011-10-31 01:53;33;1.41668;down;sl;tp;sell;65.0;-145.0;93468.30;95464.48
2011-11-02 17:03;2011-11-02 23:17;369;1.37224;up;sl;sl;none;-40.0;-185.0;94987.16;94509.84
2011-11-03 14:25;2011-11-03 17:10;165;1.37155;down;tp;sl;buy;65.0;-120.0;94037.29;96045.62
2011-11-04 02:44;2011-11-04 13:11;627;1.38033;up;sl;sl;none;-40.0;-160.0;95565.39;95085.17
2011-11-07 03:13;2011-11-07 10:12;419;1.37666;down;sl;tp;sell;65.0;-95.0;94609.74;96630.30
2011-11-08 13:01;2011-11-08 14:19;78;1.37986;up;sl;sl;none;-40.0;-135.0;96147.15;95664.00
2011-11-09 17:03;2011-11-10 06:59;835;1.35933;down;sl;tp;sell;65.0;-70.0;95185.68;97218.54
2011-11-11 01:37;2011-11-11 14:10;708;1.35864;up;tp;sl;buy;65.0;-5.0;96732.44;98798.34
2011-11-14 23:02;2011-11-15 09:24;622;1.36238;down;sl;tp;sell;65.0;60.0;98304.35;100403.81
2011-11-17 09:52;2011-11-17 15:09;317;1.34540;up;tp;sl;buy;65.0;125.0;99901.79;102035.37
2011-11-17 18:04;2011-11-18 09:25;920;1.34543;down;tp;sl;buy;65.0;190.0;101525.20;103693.45
2011-11-21 15:50;2011-11-22 08:30;994;1.34582;down;tp;sl;buy;65.0;255.0;103174.98;105378.47
2011-11-22 14:39;2011-11-22 17:21;162;1.35207;up;sl;sl;none;-40.0;215.0;104851.57;104324.68
2011-11-23 12:09;2011-11-23 15:00;171;1.33891;down;sl;sl;none;-40.0;175.0;103803.06;103281.44
2011-11-25 02:04;2011-11-25 10:50;522;1.33265;up;sl;tp;sell;65.0;240.0;102765.03;104959.76
2011-11-28 15:06;2011-11-29 00:11;542;1.33718;up;sl;tp;sell;65.0;305.0;104434.96;106665.35
2011-11-29 17:20;2011-11-30 07:13;830;1.33663;down;sl;tp;sell;65.0;370.0;106132.03;108398.67
2011-11-30 10:53;2011-11-30 13:00;126;1.32841;down;tp;sl;buy;65.0;435.0;107856.67;110160.14
2011-11-30 19:05;2011-12-01 13:18;1091;1.34269;up;tp;sl;buy;65.0;500.0;109609.34;111950.25
2011-12-02 17:19;2011-12-05 14:26;1263;1.33856;down;tp;sl;buy;65.0;565.0;111390.50;113769.44
2011-12-06 01:21;2011-12-06 10:26;545;1.33731;up;sl;sl;none;-40.0;525.0;113200.59;112631.74
2011-12-07 06:25;2011-12-07 14:15;470;1.34357;up;sl;tp;sell;65.0;590.0;112068.59;114462.01
2011-12-08 06:21;2011-12-08 10:59;278;1.34052;down;sl;sl;none;-40.0;550.0;113889.70;113317.39
2011-12-11 22:53;2011-12-12 09:33;639;1.33590;up;sl;tp;sell;65.0;615.0;112750.80;115158.80
2011-12-12 15:26;2011-12-13 15:40;1450;1.32192;down;sl;tp;sell;65.0;680.0;114583.00;117030.13
2011-12-15 21:07;2011-12-19 03:42;1826;1.30120;up;sl;sl;none;-40.0;640.0;116444.98;115859.83
2011-12-19 07:47;2011-12-20 13:43;1791;1.30073;down;tp;sl;buy;65.0;705.0;115280.53;117742.55
2011-12-21 21:43;2011-12-22 13:50;965;1.30439;down;sl;sl;none;-40.0;665.0;117153.84;116565.12
2011-12-23 00:44;2011-12-23 14:32;827;1.30578;up;sl;sl;none;-40.0;625.0;115982.30;115399.47
2011-12-23 20:54;2011-12-28 14:28;3197;1.30388;up;sl;sl;none;-40.0;585.0;114822.47;114245.48
2011-12-30 06:57;2011-12-30 13:21;384;1.29433;up;sl;sl;none;-40.0;545.0;113674.25;113103.02
2012-01-02 12:56;2012-01-03 09:54;1208;1.29317;down;tp;sl;buy;65.0;610.0;112537.51;114940.95
2012-01-03 11:50;2012-01-03 15:16;206;1.30404;up;sl;sl;none;-40.0;570.0;114366.24;113791.54
2012-01-04 19:08;2012-01-05 08:58;828;1.29404;down;sl;tp;sell;65.0;635.0;113222.58;115640.65
2012-01-10 00:33;2012-01-10 09:29;535;1.27764;up;sl;sl;none;-40.0;595.0;115062.45;114484.24
2012-01-11 09:11;2012-01-11 12:03;172;1.27756;down;sl;tp;sell;65.0;660.0;113911.82;116344.61
2012-01-12 18:58;2012-01-13 06:08;669;1.28337;up;sl;sl;none;-40.0;620.0;115762.89;115181.17
2012-01-13 21:41;2012-01-16 16:18;1116;1.26643;down;sl;sl;none;-40.0;580.0;114605.26;114029.35
2012-01-17 03:09;2012-01-17 14:30;679;1.27311;up;sl;sl;none;-40.0;540.0;113459.21;112889.06
2012-01-23 02:34;2012-01-23 11:01;506;1.28986;down;tp;sl;buy;65.0;605.0;112324.62;114723.51
2012-01-23 17:15;2012-01-24 02:48;573;1.30097;up;sl;sl;none;-40.0;565.0;114149.89;113576.27
2012-01-24 22:15;2012-01-25 11:45;808;1.30344;down;sl;tp;sell;65.0;630.0;113008.39;115421.89
2012-01-25 13:18;2012-01-25 17:34;256;1.29511;down;tp;sl;buy;65.0;695.0;114844.78;117297.49
2012-01-25 18:23;2012-01-25 20:42;139;1.30954;up;sl;sl;none;-40.0;655.0;116711.01;116124.52
2012-01-27 14:48;2012-01-27 16:16;88;1.31344;down;sl;sl;none;-40.0;615.0;115543.90;114963.27
2012-01-30 00:29;2012-01-30 12:36;727;1.31919;up;sl;tp;sell;65.0;680.0;114388.46;116831.43
2012-01-30 23:00;2012-01-31 15:04;964;1.31402;down;sl;sl;none;-40.0;640.0;116247.27;115663.11
2012-01-31 15:45;2012-02-01 09:42;1077;1.31018;up;sl;sl;none;-40.0;600.0;115084.80;114506.48
2012-02-01 23:37;2012-02-02 08:15;517;1.31646;up;sl;sl;none;-40.0;560.0;113933.95;113361.42
2012-02-02 20:58;2012-02-03 09:31;749;1.31450;down;sl;sl;none;-40.0;520.0;112794.61;112227.80
2012-02-03 18:01;2012-02-05 22:00;239;1.31372;up;sl;sl;none;-40.0;480.0;111666.66;111105.52
2012-02-06 00:16;2012-02-06 09:26;550;1.31151;down;sl;tp;sell;65.0;545.0;110550.00;112910.99
2012-02-07 10:09;2012-02-07 13:39;210;1.31515;up;sl;sl;none;-40.0;505.0;112346.43;111781.88
2012-02-09 16:26;2012-02-10 12:12;1186;1.32969;down;sl;tp;sell;65.0;570.0;111222.97;113598.33
2012-02-10 12:54;2012-02-12 22:23;569;1.31925;down;sl;sl;none;-40.0;530.0;113030.34;112462.35
2012-02-13 19:23;2012-02-14 17:55;1351;1.32044;up;sl;tp;sell;65.0;595.0;111900.04;114289.86
2012-02-17 04:48;2012-02-19 23:07;1099;1.31283;up;tp;sl;buy;65.0;660.0;113718.41;116147.07
2012-02-21 20:21;2012-02-22 07:39;677;1.32334;down;sl;sl;none;-40.0;620.0;115566.34;114985.60
2012-02-22 10:03;2012-02-23 09:00;1377;1.32314;down;tp;sl;buy;65.0;685.0;114410.68;116854.12
2012-02-27 21:46;2012-02-29 02:41;1734;1.33959;down;tp;sl;buy;65.0;750.0;116269.85;118753.00
2012-02-29 21:04;2012-03-01 12:49;943;1.33219;down;sl;sl;none;-40.0;710.0;118159.23;117565.47
2012-03-06 00:06;2012-03-06 10:21;605;1.32207;up;sl;tp;sell;65.0;775.0;116977.64;119475.91
2012-03-06 17:10;2012-03-07 15:27;1337;1.31164;down;sl;sl;none;-40.0;735.0;118878.53;118281.15
2012-03-07 21:46;2012-03-08 11:10;804;1.31466;up;tp;sl;buy;65.0;800.0;117689.74;120203.22
2012-03-09 19:37;2012-03-12 09:46;847;1.31125;down;sl;sl;none;-40.0;760.0;119602.20;119001.19
2012-03-13 01:02;2012-03-13 08:12;430;1.31636;up;sl;sl;none;-40.0;720.0;118406.18;117811.17
2012-03-13 22:33;2012-03-15 17:02;2545;1.30808;down;sl;sl;none;-40.0;680.0;117222.12;116633.06
2012-03-15 21:43;2012-03-16 12:31;888;1.30815;up;sl;sl;none;-40.0;640.0;116049.90;115466.73
2012-03-21 01:34;2012-03-21 11:13;579;1.32634;down;sl;sl;none;-40.0;600.0;114889.40;114312.06
2012-03-22 05:51;2012-03-22 08:37;166;1.32378;down;sl;tp;sell;65.0;665.0;113740.50;116169.64
2012-03-23 15:10;2012-03-26 12:20;1261;1.32722;up;sl;sl;none;-40.0;625.0;115588.79;115007.94
2012-03-28 02:18;2012-03-28 12:57;634;1.33258;down;sl;sl;none;-40.0;585.0;114432.90;113857.86
2012-03-30 14:31;2012-04-01 21:00;388;1.33356;up;sl;sl;none;-40.0;545.0;113288.57;112719.28
2012-04-02 11:13;2012-04-03 09:35;1339;1.33432;down;sl;sl;none;-40.0;505.0;112155.68;111592.09
2012-04-06 20:24;2012-04-09 16:39;1203;1.30963;up;sl;sl;none;-40.0;465.0;111034.13;110476.17
2012-04-09 22:14;2012-04-10 07:20;546;1.31061;down;sl;sl;none;-40.0;425.0;109923.79;109371.41
2012-04-11 00:41;2012-04-12 11:31;2090;1.30717;down;tp;sl;buy;65.0;490.0;108824.55;111148.69
2012-04-13 20:17;2012-04-16 06:39;619;1.30803;down;sl;tp;sell;65.0;555.0;110592.95;112954.86
2012-04-17 04:22;2012-04-17 07:28;186;1.31206;up;sl;sl;none;-40.0;515.0;112390.08;111825.31
2012-04-18 04:40;2012-04-19 07:55;1635;1.31222;down;sl;sl;none;-40.0;475.0;111266.18;110707.06
2012-04-19 13:28;2012-04-20 10:20;1252;1.31034;up;tp;sl;buy;65.0;540.0;110153.52;112506.05
2012-04-23 18:09;2012-04-25 08:09;2279;1.31361;down;tp;sl;buy;65.0;605.0;111943.51;114334.27
2012-04-27 05:41;2012-04-27 08:46;185;1.31850;down;sl;sl;none;-40.0;565.0;113762.60;113190.93
2012-04-30 02:44;2012-04-30 10:09;443;1.32398;up;sl;sl;none;-40.0;525.0;112624.97;112059.02
2012-04-30 20:31;2012-05-01 14:15;1062;1.32381;down;sl;sl;none;-40.0;485.0;111498.72;110938.43
2012-05-02 06:26;2012-05-02 12:12;346;1.32122;down;sl;tp;sell;65.0;550.0;110383.73;112741.18
2012-05-03 20:56;2012-05-04 13:36;996;1.31508;up;sl;sl;none;-40.0;510.0;112177.47;111613.76
2012-05-04 17:19;2012-05-06 22:16;296;1.30878;down;sl;tp;sell;65.0;575.0;111055.70;113427.49
2012-05-08 05:24;2012-05-09 12:14;1850;1.30327;up;sl;tp;sell;65.0;640.0;112860.35;115270.68
2012-05-10 23:52;2012-05-11 10:15;623;1.29353;up;sl;sl;none;-40.0;600.0;114694.33;114117.98
2012-05-17 09:57;2012-05-17 14:09;252;1.27127;up;sl;sl;none;-40.0;560.0;113547.39;112976.80
2012-05-17 18:26;2012-05-18 18:51;1465;1.27201;down;sl;sl;none;-40.0;520.0;112411.91;111847.03
2012-05-20 21:51;2012-05-21 01:32;221;1.27810;up;sl;sl;none;-40.0;480.0;111287.79;110728.56
2012-05-22 08:50;2012-05-22 19:30;640;1.27740;down;sl;tp;sell;65.0;545.0;110174.92;112527.90
2012-05-22 22:47;2012-05-23 14:24;937;1.26743;down;sl;tp;sell;65.0;610.0;111965.26;114356.48
2012-05-28 02:47;2012-05-28 08:10;323;1.25880;up;sl;sl;none;-40.0;570.0;113784.69;113212.91
2012-05-28 15:07;2012-05-29 07:04;943;1.25401;down;sl;sl;none;-40.0;530.0;112646.85;112080.78
2012-06-01 04:40;2012-06-01 13:21;521;1.23467;up;sl;sl;none;-40.0;490.0;111520.38;110959.98
2012-06-04 01:00;2012-06-04 13:25;745;1.23917;up;tp;sl;buy;65.0;555.0;110405.18;112763.07
2012-06-05 22:39;2012-06-06 08:05;566;1.24422;down;tp;sl;buy;65.0;620.0;112199.26;114595.47
2012-06-06 15:21;2012-06-07 11:00;1178;1.25123;up;tp;sl;buy;65.0;685.0;114022.50;116457.65
2012-06-08 04:27;2012-06-08 12:57;510;1.25259;down;sl;tp;sell;65.0;750.0;115875.36;118350.09
2012-06-11 08:14;2012-06-11 11:53;219;1.26147;up;sl;tp;sell;65.0;815.0;117758.34;120273.28
2012-06-12 03:23;2012-06-12 08:26;303;1.24886;down;sl;sl;none;-40.0;775.0;119671.91;119070.54
2012-06-13 02:10;2012-06-13 14:43;753;1.24856;up;tp;sl;buy;65.0;840.0;118475.19;121005.44
2012-06-19 01:00;2012-06-19 08:08;428;1.25975;down;sl;sl;none;-40.0;800.0;120400.41;119795.39
2012-06-19 19:42;2012-06-20 11:26;943;1.26897;up;sl;sl;none;-40.0;760.0;119196.41;118597.43
2012-06-21 01:42;2012-06-21 11:23;581;1.26734;down;sl;sl;none;-40.0;720.0;118004.44;117411.46
2012-06-21 14:14;2012-06-22 07:03;1009;1.26057;down;sl;tp;sell;65.0;785.0;116824.40;119319.39
2012-06-26 17:18;2012-06-28 03:25;2044;1.24886;up;sl;sl;none;-40.0;745.0;118722.80;118126.20
2012-06-29 12:56;2012-07-02 11:45;1365;1.26835;up;sl;tp;sell;65.0;810.0;117535.57;120045.75
2012-07-02 20:07;2012-07-03 12:24;976;1.25858;down;sl;sl;none;-40.0;770.0;119445.52;118845.29
2012-07-03 22:38;2012-07-04 14:54;976;1.26036;up;sl;tp;sell;65.0;835.0;118251.07;120776.53
2012-07-10 00:30;2012-07-10 09:32;542;1.23034;up;sl;sl;none;-40.0;795.0;120172.65;119568.76
2012-07-10 19:54;2012-07-11 15:14;1160;1.22561;down;sl;sl;none;-40.0;755.0;118970.92;118373.08
2012-07-12 01:35;2012-07-13 14:07;2190;1.22337;up;sl;sl;none;-40.0;715.0;117781.21;117189.35
2012-07-13 17:56;2012-07-16 08:45;884;1.22390;up;sl;sl;none;-40.0;675.0;116603.40;116017.45
2012-07-18 07:27;2012-07-19 07:12;1425;1.22871;down;sl;sl;none;-40.0;635.0;115437.36;114857.28
2012-07-19 14:33;2012-07-20 10:00;1166;1.22538;up;sl;sl;none;-40.0;595.0;114282.99;113708.70
2012-07-24 11:07;2012-07-25 07:21;1214;1.20971;up;sl;sl;none;-40.0;555.0;113140.16;112571.62
2012-07-25 19:34;2012-07-26 10:18;882;1.21499;up;sl;sl;none;-40.0;515.0;112008.76;111445.90
2012-07-30 17:55;2012-08-01 07:20;2243;1.22499;down;tp;sl;buy;65.0;580.0;110888.67;113256.90
2012-08-01 21:21;2012-08-02 12:02;881;1.22272;down;tp;sl;buy;65.0;645.0;112690.61;115097.32
2012-08-03 20:11;2012-08-06 07:21;669;1.23801;up;sl;sl;none;-40.0;605.0;114521.84;113946.35
2012-08-07 05:26;2012-08-08 06:57;1530;1.23873;down;sl;sl;none;-40.0;565.0;113376.62;112806.89
2012-08-08 12:20;2012-08-09 10:03;1303;1.23355;down;sl;sl;none;-40.0;525.0;112242.85;111678.82
2012-08-13 12:22;2012-08-14 14:33;1570;1.23419;up;sl;sl;none;-40.0;485.0;111120.42;110562.03
2012-08-14 21:35;2012-08-15 10:08;749;1.23204;down;sl;sl;none;-40.0;445.0;110009.22;109456.41
2012-08-16 19:01;2012-08-17 09:04;840;1.23611;up;sl;sl;none;-40.0;405.0;108909.13;108361.84
2012-08-19 23:40;2012-08-20 11:15;694;1.23296;down;sl;sl;none;-40.0;365.0;107820.03;107278.23
2012-08-20 21:41;2012-08-21 11:59;857;1.23431;up;tp;sl;buy;65.0;430.0;106741.83;109021.50
2012-08-24 16:21;2012-08-28 09:30;2460;1.25359;down;sl;sl;none;-40.0;390.0;108476.39;107931.28
2012-08-28 11:00;2012-08-29 14:21;1640;1.25399;up;sl;sl;none;-40.0;350.0;107391.63;106851.97
2012-08-29 20:26;2012-08-30 14:41;1094;1.25286;down;sl;sl;none;-40.0;310.0;106317.71;105783.45
2012-08-31 19:51;2012-09-04 13:04;2447;1.25798;up;sl;sl;none;-40.0;270.0;105254.53;104725.61
2012-09-05 00:09;2012-09-05 10:00;591;1.25304;down;sl;sl;none;-40.0;230.0;104201.99;103678.36
2012-09-06 01:26;2012-09-06 12:50;683;1.25972;up;sl;sl;none;-40.0;190.0;103159.97;102641.58
2012-09-11 00:16;2012-09-11 14:51;875;1.27666;down;tp;sl;buy;65.0;255.0;102128.37;104309.50
2012-09-11 15:39;2012-09-12 08:05;986;1.28636;up;sl;sl;none;-40.0;215.0;103787.95;103266.41
2012-09-17 22:46;2012-09-18 18:08;1161;1.31160;down;sl;tp;sell;65.0;280.0;102750.07;104944.48
2012-09-20 00:51;2012-09-20 06:58;367;1.30512;up;sl;tp;sell;65.0;345.0;104419.76;106649.83
2012-09-21 15:02;2012-09-24 08:23;1032;1.29963;up;sl;tp;sell;65.0;410.0;106116.58;108382.89
2012-09-24 09:36;2012-09-24 12:34;178;1.29126;down;sl;sl;none;-40.0;370.0;107840.98;107299.06
2012-09-25 16:34;2012-09-26 04:35;720;1.29493;up;sl;tp;sell;65.0;435.0;106762.57;109042.67
2012-09-27 15:48;2012-09-28 07:40;951;1.28596;up;tp;sl;buy;65.0;500.0;108497.46;110814.62
2012-10-01 01:33;2012-10-01 09:09;456;1.28196;down;tp;sl;buy;65.0;565.0;110260.54;112615.35
2012-10-02 00:52;2012-10-04 12:33;3577;1.28933;up;tp;sl;buy;65.0;630.0;112052.28;114445.35
2012-10-08 06:19;2012-10-09 14:57;1956;1.29788;down;sl;tp;sell;65.0;695.0;113873.13;116305.09
2012-10-11 06:36;2012-10-11 14:01;445;1.28640;up;tp;sl;buy;65.0;760.0;115723.57;118195.05
2012-10-15 13:53;2012-10-16 11:43;1310;1.29471;down;tp;sl;buy;65.0;825.0;117604.07;120115.72
2012-10-18 17:01;2012-10-19 15:55;1373;1.31029;down;sl;tp;sell;65.0;890.0;119515.14;122067.60
2012-10-22 20:01;2012-10-23 12:41;996;1.30574;up;sl;tp;sell;65.0;955.0;121457.26;124051.20
2012-10-23 14:00;2012-10-24 08:00;1079;1.29702;down;sl;sl;none;-40.0;915.0;123430.94;122810.68
2012-10-25 13:21;2012-10-26 10:43;1275;1.29820;up;sl;tp;sell;65.0;980.0;122196.63;124806.36
2012-10-30 14:51;2012-11-01 07:22;2408;1.29605;up;sl;sl;none;-40.0;940.0;124182.33;123558.29
2012-11-01 13:10;2012-11-02 08:59;1182;1.29712;down;sl;tp;sell;65.0;1005.0;122940.50;125566.12
2012-11-06 18:59;2012-11-07 03:49;525;1.28210;up;sl;sl;none;-40.0;965.0;124938.29;124310.46
2012-11-07 22:16;2012-11-09 13:04;2323;1.27790;down;sl;tp;sell;65.0;1030.0;123688.90;126330.50
2012-11-12 20:35;2012-11-14 07:48;2101;1.27113;up;sl;sl;none;-40.0;990.0;125698.85;125067.20
2012-11-16 18:46;2012-11-19 15:45;1257;1.27259;down;tp;sl;buy;65.0;1055.0;124441.86;127099.54
2012-11-19 15:58;2012-11-21 14:07;2759;1.28130;up;sl;sl;none;-40.0;1015.0;126464.04;125828.54
2012-11-21 14:17;2012-11-23 07:32;2459;1.28216;down;tp;sl;buy;65.0;1080.0;125199.40;127873.26
2012-11-27 02:29;2012-11-28 11:57;2002;1.29816;down;sl;tp;sell;65.0;1145.0;127233.89;129951.20
2012-11-29 09:59;2012-11-29 16:41;402;1.29837;up;sl;sl;none;-40.0;1105.0;129301.44;128651.68
2012-12-06 00:09;2012-12-06 15:02;893;1.30734;down;sl;tp;sell;65.0;1170.0;128008.43;130742.27
2012-12-11 04:19;2012-12-12 09:20;1736;1.29306;up;tp;sl;buy;65.0;1235.0;130088.56;132866.84
2012-12-18 04:19;2012-12-19 02:56;1349;1.31700;down;tp;sl;buy;65.0;1300.0;132202.50;135025.92
2012-12-20 13:24;2012-12-20 16:20;176;1.32475;down;sl;sl;none;-40.0;1260.0;134350.79;133675.66
2012-12-21 05:05;2012-12-21 14:40;575;1.31945;up;sl;sl;none;-40.0;1220.0;133007.29;132338.91
2012-12-21 14:41;2012-12-27 08:01;3854;1.31703;down;tp;sl;buy;65.0;1285.0;131677.21;134489.41
2012-12-28 12:38;2012-12-31 11:40;1376;1.31927;down;sl;sl;none;-40.0;1245.0;133816.97;133144.52
2012-12-31 18:00;2013-01-02 02:00;478;1.31984;up;tp;sl;buy;65.0;1310.0;132478.80;135308.12
2013-01-02 09:20;2013-01-02 16:18;418;1.32765;up;sl;tp;sell;65.0;1375.0;134631.58;137506.88
2013-01-03 06:49;2013-01-03 10:07;198;1.31453;down;sl;sl;none;-40.0;1335.0;136819.34;136131.81
2013-01-07 07:10;2013-01-07 15:09;479;1.30462;up;sl;sl;none;-40.0;1295.0;135451.15;134770.49
2013-01-09 02:08;2013-01-09 11:31;563;1.30756;down;sl;sl;none;-40.0;1255.0;134096.64;133422.78
2013-01-10 16:19;2013-01-11 13:18;1257;1.32133;up;tp;sl;buy;65.0;1320.0;132755.67;135590.90
2013-01-15 08:27;2013-01-15 18:57;630;1.33704;down;sl;tp;sell;65.0;1385.0;134912.95;137794.26
2013-01-17 10:20;2013-01-17 14:13;233;1.33558;up;sl;sl;none;-40.0;1345.0;137105.28;136416.31
2013-01-18 20:46;2013-01-22 09:05;2168;1.33183;down;sl;sl;none;-40.0;1305.0;135734.23;135052.15
2013-01-23 09:31;2013-01-23 15:30;359;1.33143;down;sl;sl;none;-40.0;1265.0;134376.89;133701.63
2013-01-23 23:07;2013-01-24 08:07;537;1.33066;up;sl;sl;none;-40.0;1225.0;133033.12;132364.61
2013-01-24 10:13;2013-01-25 07:06;1250;1.33219;up;tp;sl;buy;65.0;1290.0;131702.79;134515.54
2013-01-28 22:03;2013-01-29 14:28;981;1.34540;down;sl;sl;none;-40.0;1250.0;133842.96;133170.38
2013-01-29 15:26;2013-01-30 07:28;960;1.34925;up;sl;sl;none;-40.0;1210.0;132504.53;131838.68
2013-02-04 14:39;2013-02-05 06:37;958;1.35615;down;sl;tp;sell;65.0;1275.0;131179.48;133981.06
2013-02-06 01:40;2013-02-06 13:35;715;1.35853;up;sl;tp;sell;65.0;1340.0;133311.15;136158.25
2013-02-06 22:22;2013-02-07 13:45;920;1.35216;down;sl;sl;none;-40.0;1300.0;135477.46;134796.67
2013-02-11 22:50;2013-02-12 10:50;714;1.33978;up;sl;sl;none;-40.0;1260.0;134122.68;133448.70
2013-02-14 09:50;2013-02-20 00:10;5147;1.33790;down;sl;sl;none;-40.0;1220.0;132781.46;132114.21
2013-02-21 00:42;2013-02-21 08:46;484;1.32864;down;sl;tp;sell;65.0;1285.0;131453.64;134261.07
2013-02-25 03:34;2013-02-25 11:00;444;1.31854;up;tp;sl;buy;65.0;1350.0;133589.76;136442.81
2013-02-25 15:52;2013-02-25 18:35;163;1.32282;up;sl;tp;sell;65.0;1415.0;135760.60;138660.01
2013-02-26 03:04;2013-02-26 09:50;406;1.30828;down;sl;sl;none;-40.0;1375.0;137966.71;137273.41
2013-02-27 10:50;2013-02-27 13:27;157;1.30961;up;sl;sl;none;-40.0;1335.0;136587.04;135900.67
2013-02-27 17:37;2013-02-27 19:22;105;1.31036;down;sl;sl;none;-40.0;1295.0;135221.17;134541.67
2013-02-27 21:00;2013-02-28 09:11;730;1.31375;up;sl;sl;none;-40.0;1255.0;133868.96;133196.25
2013-03-01 01:47;2013-03-01 09:32;460;1.30700;down;sl;sl;none;-40.0;1215.0;132530.27;131864.29
2013-03-04 21:00;2013-03-06 15:06;2515;1.30183;up;sl;sl;none;-40.0;1175.0;131204.97;130545.64
2013-03-06 17:11;2013-03-07 08:07;893;1.29876;down;sl;sl;none;-40.0;1135.0;129892.92;129240.19
2013-03-07 20:58;2013-03-08 10:48;828;1.31050;up;sl;sl;none;-40.0;1095.0;128593.99;127947.79
2013-03-10 22:20;2013-03-11 07:11;527;1.29993;down;sl;sl;none;-40.0;1055.0;127308.05;126668.31
2013-03-12 00:05;2013-03-12 12:30;745;1.30270;up;sl;sl;none;-40.0;1015.0;126034.97;125401.62
2013-03-13 02:14;2013-03-13 08:57;402;1.30368;down;sl;sl;none;-40.0;975.0;124774.62;124147.61
2013-03-13 10:23;2013-03-13 13:48;205;1.30161;up;sl;tp;sell;65.0;1040.0;123526.87;126165.01
2013-03-13 17:08;2013-03-14 10:18;1025;1.29566;down;sl;sl;none;-40.0;1000.0;125534.18;124903.36
2013-03-14 22:51;2013-03-15 12:33;820;1.30094;up;tp;sl;buy;65.0;1065.0;124278.84;126933.04
2013-03-18 05:31;2013-03-18 08:57;206;1.28896;down;tp;sl;buy;65.0;1130.0;126298.37;128995.70
2013-03-19 07:51;2013-03-19 16:16;505;1.29457;up;sl;tp;sell;65.0;1195.0;128350.72;131091.88
2013-03-19 18:37;2013-03-19 19:14;37;1.28843;down;sl;sl;none;-40.0;1155.0;130436.42;129780.96
2013-03-20 23:29;2013-03-21 08:28;539;1.29328;up;sl;sl;none;-40.0;1115.0;129132.05;128483.15
2013-03-21 19:52;2013-03-22 14:14;1100;1.29042;down;tp;sl;buy;65.0;1180.0;127840.73;130571.00
2013-03-22 17:12;2013-03-24 22:00;228;1.29836;up;sl;sl;none;-40.0;1140.0;129918.15;129265.29
2013-03-25 22:24;2013-03-26 14:45;978;1.28528;down;sl;sl;none;-40.0;1100.0;128618.96;127972.64
2013-03-27 02:43;2013-03-27 11:59;556;1.28556;up;sl;tp;sell;65.0;1165.0;127332.78;130052.19
2013-03-28 19:31;2013-04-01 14:08;2513;1.28241;up;sl;sl;none;-40.0;1125.0;129401.93;128751.67
2013-04-01 22:55;2013-04-02 09:25;630;1.28461;up;sl;sl;none;-40.0;1085.0;128107.91;127464.16
2013-04-02 23:45;2013-04-03 12:15;750;1.28180;down;sl;sl;none;-40.0;1045.0;126826.83;126189.51
2013-04-04 00:00;2013-04-04 12:39;757;1.28490;up;sl;tp;sell;65.0;1110.0;125558.57;128240.09
2013-04-08 23:31;2013-04-09 18:51;1158;1.30173;down;tp;sl;buy;65.0;1175.0;127598.89;130323.99
2013-04-11 00:57;2013-04-11 10:15;557;1.30452;down;tp;sl;buy;65.0;1240.0;129672.37;132441.76
2013-04-11 20:47;2013-04-12 07:16;626;1.31041;up;sl;sl;none;-40.0;1200.0;131779.55;131117.34
2013-04-12 17:51;2013-04-15 02:46;529;1.30942;down;sl;sl;none;-40.0;1160.0;130461.76;129806.17
2013-04-15 15:20;2013-04-16 10:40;1160;1.30825;up;sl;sl;none;-40.0;1120.0;129157.14;128508.11
2013-04-16 15:04;2013-04-17 14:01;1376;1.31246;up;sl;sl;none;-40.0;1080.0;127865.57;127223.03
2013-04-17 21:33;2013-04-19 12:14;2315;1.30309;down;tp;sl;buy;65.0;1145.0;126586.91;129290.40
2013-04-22 13:05;2013-04-23 07:40;1109;1.30239;down;sl;sl;none;-40.0;1105.0;128643.95;127997.50
2013-04-24 18:58;2013-04-25 14:01;1142;1.30230;up;sl;sl;none;-40.0;1065.0;127357.51;126717.52
2013-04-26 08:31;2013-04-28 21:30;768;1.30375;down;sl;sl;none;-40.0;1025.0;126083.93;125450.35
2013-04-28 23:49;2013-04-30 13:38;2253;1.30423;up;tp;sl;buy;65.0;1090.0;124823.09;127488.91
2013-05-02 15:01;2013-05-03 06:39;924;1.30607;down;sl;sl;none;-40.0;1050.0;126851.47;126214.02
2013-05-05 23:29;2013-05-06 07:05;456;1.31192;up;sl;sl;none;-40.0;1010.0;125582.95;124951.88
2013-05-06 18:36;2013-05-08 12:30;2475;1.30772;down;tp;sl;buy;65.0;1075.0;124327.13;126982.35
2013-05-09 19:39;2013-05-10 15:10;1164;1.30352;down;sl;tp;sell;65.0;1140.0;126347.44;129045.82
2013-05-14 01:44;2013-05-14 17:16;930;1.30188;up;sl;tp;sell;65.0;1205.0;128400.59;131142.81
2013-05-14 22:07;2013-05-15 11:54;826;1.29347;down;sl;tp;sell;65.0;1270.0;130487.10;133273.88
2013-05-16 19:09;2013-05-17 13:27;1089;1.28946;up;sl;tp;sell;65.0;1335.0;132607.51;135439.58
2013-05-17 16:45;2013-05-21 15:40;2807;1.28297;down;tp;sl;buy;65.0;1400.0;134762.38;137640.47
2013-05-23 01:45;2013-05-23 15:12;807;1.28363;down;tp;sl;buy;65.0;1465.0;136952.27;139877.13
2013-05-24 00:10;2013-05-28 00:24;2865;1.29223;up;sl;sl;none;-40.0;1425.0;139177.75;138478.36
2013-05-28 03:32;2013-05-28 11:16;463;1.29179;down;sl;sl;none;-40.0;1385.0;137785.97;137093.58
2013-05-29 22:25;2013-05-30 13:28;901;1.29409;up;tp;sl;buy;65.0;1450.0;136408.11;139321.35
2013-06-02 21:44;2013-06-03 13:40;950;1.29873;down;sl;sl;none;-40.0;1410.0;138624.74;137928.13
2013-06-03 17:43;2013-06-05 12:18;2540;1.30917;up;sl;sl;none;-40.0;1370.0;137238.49;136548.85
2013-06-10 02:04;2013-06-10 15:43;819;1.32164;down;sl;sl;none;-40.0;1330.0;135866.11;135183.36
2013-06-11 00:27;2013-06-11 13:00;753;1.32534;up;sl;sl;none;-40.0;1290.0;134507.45;133831.53
2013-06-14 07:08;2013-06-17 13:31;1809;1.33384;down;sl;sl;none;-40.0;1250.0;133162.37;132493.22
2013-06-17 15:42;2013-06-19 18:38;3043;1.33331;up;sl;sl;none;-40.0;1210.0;131830.75;131168.28
2013-06-19 21:22;2013-06-20 08:31;669;1.32917;down;sl;tp;sell;65.0;1275.0;130512.44;133299.77
2013-06-21 19:20;2013-06-26 08:30;3654;1.31395;up;sl;tp;sell;65.0;1340.0;132633.27;135465.89
2013-06-27 20:44;2013-06-28 14:11;1039;1.30418;up;sl;sl;none;-40.0;1300.0;134788.56;134111.23
2013-07-01 03:51;2013-07-02 12:29;1950;1.30250;down;sl;sl;none;-40.0;1260.0;133440.67;132770.12
2013-07-02 19:55;2013-07-03 15:10;1148;1.29753;down;sl;sl;none;-40.0;1220.0;132106.27;131442.42
2013-07-04 04:34;2013-07-04 12:33;479;1.29935;up;sl;sl;none;-40.0;1180.0;130785.21;130127.99
2013-07-04 20:57;2013-07-05 12:30;922;1.29142;down;sl;tp;sell;65.0;1245.0;129477.35;132242.57
2013-07-08 22:42;2013-07-09 06:15;452;1.28690;up;sl;sl;none;-40.0;1205.0;131581.36;130920.15
2013-07-09 19:25;2013-07-10 07:35;720;1.27896;down;sl;sl;none;-40.0;1165.0;130265.55;129610.95
2013-07-10 22:15;2013-07-10 22:46;31;1.30172;up;tp;sl;buy;65.0;1230.0;128962.89;131717.12
2013-07-12 08:21;2013-07-12 13:00;279;1.30395;down;sl;sl;none;-40.0;1190.0;131058.54;130399.95
2013-07-12 16:57;2013-07-12 17:03;6;1.30587;up;sl;sl;none;-40.0;1150.0;129747.95;129095.95
2013-07-15 01:56;2013-07-16 05:29;1640;1.30627;down;sl;sl;none;-40.0;1110.0;128450.47;127804.99
2013-07-16 12:26;2013-07-16 15:28;182;1.31225;up;sl;sl;none;-40.0;1070.0;127165.97;126526.94
2013-07-17 23:58;2013-07-19 02:49;1602;1.31160;down;sl;sl;none;-40.0;1030.0;125894.31;125261.67
2013-07-19 10:09;2013-07-22 09:42;1404;1.31044;up;tp;sl;buy;65.0;1095.0;124635.37;127297.18
2013-07-25 01:09;2013-07-25 09:43;514;1.31945;down;sl;sl;none;-40.0;1055.0;126660.69;126024.20
2013-07-25 22:52;2013-07-30 11:42;3629;1.32809;up;sl;sl;none;-40.0;1015.0;125394.08;124763.96
2013-07-30 22:28;2013-07-31 07:55;562;1.32631;up;sl;sl;none;-40.0;975.0;124140.14;123516.32
2013-07-31 14:30;2013-08-01 07:19;1000;1.32614;down;sl;sl;none;-40.0;935.0;122898.74;122281.16
2013-08-01 19:57;2013-08-02 12:29;986;1.32062;down;sl;sl;none;-40.0;895.0;121669.75;121058.35
2013-08-04 21:15;2013-08-05 11:19;834;1.32793;up;sl;sl;none;-40.0;855.0;120453.06;119847.76
2013-08-05 23:56;2013-08-07 17:28;2481;1.32569;down;tp;sl;buy;65.0;920.0;119248.53;121795.29
2013-08-11 21:07;2013-08-13 14:04;2432;1.33293;down;sl;tp;sell;65.0;985.0;121186.31;123774.46
2013-08-14 23:37;2013-08-15 12:36;775;1.32595;up;sl;sl;none;-40.0;945.0;123155.59;122536.72
2013-08-19 04:39;2013-08-20 12:25;1885;1.33270;down;tp;sl;buy;65.0;1010.0;121924.04;124527.94
2013-08-21 20:00;2013-08-23 14:16;2502;1.33545;down;sl;sl;none;-40.0;970.0;123905.30;123282.66
2013-08-27 00:08;2013-08-27 13:45;813;1.33760;down;sl;sl;none;-40.0;930.0;122666.25;122049.84
2013-08-28 00:28;2013-08-29 06:32;1782;1.33860;up;sl;tp;sell;65.0;995.0;121439.59;124033.14
2013-09-04 17:50;2013-09-05 14:16;1210;1.32054;up;sl;tp;sell;65.0;1060.0;123412.98;126048.68
2013-09-05 20:10;2013-09-09 12:18;2359;1.31183;down;tp;sl;buy;65.0;1125.0;125418.44;128096.97
2013-09-11 10:30;2013-09-15 21:05;3485;1.32654;down;tp;sl;buy;65.0;1190.0;127456.49;130178.55
2013-09-16 03:08;2013-09-16 12:55;583;1.33646;up;sl;sl;none;-40.0;1150.0;129527.66;128876.76
2013-09-17 07:07;2013-09-18 18:00;2045;1.33544;down;tp;sl;buy;65.0;1215.0;128232.38;130971.01
2013-09-20 13:38;2013-09-22 21:05;442;1.35246;down;sl;sl;none;-40.0;1175.0;130316.16;129661.30
2013-09-23 03:08;2013-09-23 09:28;371;1.35225;up;sl;sl;none;-40.0;1135.0;129013.00;128364.69
2013-09-25 18:46;2013-09-27 11:57;2423;1.35223;up;sl;sl;none;-40.0;1095.0;127722.87;127081.04
2013-09-27 19:17;2013-09-30 12:41;1029;1.35190;up;sl;sl;none;-40.0;1055.0;126445.64;125810.23
2013-09-30 17:44;2013-10-02 00:20;1814;1.35342;down;sl;sl;none;-40.0;1015.0;125181.18;124552.13
2013-10-02 10:42;2013-10-03 02:02;901;1.35222;down;tp;sl;buy;65.0;1080.0;123929.37;126576.10
2013-10-04 19:56;2013-10-09 07:13;3515;1.35550;down;sl;sl;none;-40.0;1040.0;125943.22;125310.34
2013-10-10 20:06;2013-10-15 09:28;3625;1.35239;up;sl;sl;none;-40.0;1000.0;124683.79;124057.24
2013-10-15 11:13;2013-10-17 07:18;2616;1.34866;down;tp;sl;buy;65.0;1065.0;123436.95;126073.17
2013-10-21 15:14;2013-10-22 13:58;1339;1.36732;down;tp;sl;buy;65.0;1130.0;125442.80;128121.86
2013-10-24 01:14;2013-10-29 08:58;4679;1.37836;down;sl;sl;none;-40.0;1090.0;127481.25;126840.64
2013-11-04 23:53;2013-11-06 14:52;2322;1.35173;up;sl;sl;none;-40.0;1050.0;126206.43;125572.23
2013-11-06 17:33;2013-11-07 12:45;1137;1.35266;up;sl;tp;sell;65.0;1115.0;124944.37;127612.78
2013-11-07 15:02;2013-11-07 19:03;241;1.33578;down;tp;sl;buy;65.0;1180.0;126974.72;129686.49
2013-11-11 22:46;2013-11-12 13:06;855;1.34077;up;sl;sl;none;-40.0;1140.0;129038.06;128389.62
2013-11-15 03:44;2013-11-15 13:44;598;1.34544;down;sl;sl;none;-40.0;1100.0;127747.67;127105.73
2013-11-15 15:43;2013-11-19 23:14;3295;1.34788;up;tp;sl;buy;65.0;1165.0;126470.20;129171.19
2013-11-19 23:57;2013-11-20 15:23;924;1.35655;up;sl;tp;sell;65.0;1230.0;128525.34;131270.23
2013-11-20 22:31;2013-11-21 11:33;781;1.34376;down;sl;sl;none;-40.0;1190.0;130613.88;129957.52
2013-11-22 02:53;2013-11-22 21:39;1122;1.34702;up;tp;sl;buy;65.0;1255.0;129307.74;132069.33
2013-11-25 23:07;2013-11-27 09:44;2056;1.35226;down;tp;sl;buy;65.0;1320.0;131408.99;134215.46
2013-11-28 13:52;2013-11-29 21:09;1863;1.36009;down;sl;sl;none;-40.0;1280.0;133544.38;132873.31
2013-12-02 05:34;2013-12-05 06:27;4338;1.36034;down;sl;sl;none;-40.0;1240.0;132208.94;131544.57
2013-12-05 11:13;2013-12-05 13:55;162;1.35912;up;sl;sl;none;-40.0;1200.0;130886.85;130229.13
2013-12-12 21:27;2013-12-16 10:34;2203;1.37554;down;sl;sl;none;-40.0;1160.0;129577.98;128926.84
2013-12-16 15:23;2013-12-18 18:59;3065;1.37733;up;sl;sl;none;-40.0;1120.0;128282.20;127637.57
2013-12-18 19:14;2013-12-18 19:52;38;1.37711;up;sl;sl;none;-40.0;1080.0;126999.38;126361.19
2013-12-18 23:56;2013-12-20 15:37;2373;1.36819;down;sl;sl;none;-40.0;1040.0;125729.39;125097.58
2013-12-23 04:13;2013-12-27 06:42;3804;1.36745;up;tp;sl;buy;65.0;1105.0;124472.09;127130.42
2013-12-30 15:05;2013-12-31 08:14;1017;1.37987;down;sl;sl;none;-40.0;1065.0;126494.76;125859.11
2014-01-02 00:58;2014-01-02 12:03;661;1.37619;down;sl;tp;sell;65.0;1130.0;125229.82;127904.32
2014-01-07 01:05;2014-01-07 15:04;839;1.36241;up;sl;sl;none;-40.0;1090.0;127264.80;126625.28
2014-01-07 23:52;2014-01-10 13:30;3682;1.36153;down;sl;sl;none;-40.0;1050.0;125992.15;125359.03
2014-01-14 02:26;2014-01-15 01:43;1384;1.36595;down;sl;sl;none;-40.0;1010.0;124732.23;124105.44
2014-01-15 07:00;2014-01-17 16:53;3435;1.36395;down;sl;tp;sell;65.0;1075.0;123484.91;126122.15
2014-01-21 01:49;2014-01-21 11:59;608;1.35414;up;sl;sl;none;-40.0;1035.0;125491.54;124860.93
2014-01-21 17:43;2014-01-23 08:39;2315;1.35502;down;tp;sl;buy;65.0;1100.0;124236.62;126889.92
2014-01-23 12:02;2014-01-24 11:27;1395;1.36314;up;tp;sl;buy;65.0;1165.0;126255.47;128951.88
2014-01-27 02:52;2014-01-27 12:31;577;1.36865;down;sl;sl;none;-40.0;1125.0;128307.12;127662.36
2014-01-27 14:23;2014-01-28 10:04;1174;1.36634;up;sl;sl;none;-40.0;1085.0;127024.05;126385.74
2014-01-29 16:58;2014-01-30 13:01;1195;1.36624;up;sl;tp;sell;65.0;1150.0;125753.81;128439.50
2014-02-04 00:40;2014-02-05 13:06;2181;1.35219;up;sl;sl;none;-40.0;1110.0;127797.31;127155.11
2014-02-05 13:16;2014-02-06 13:35;1451;1.35373;up;sl;sl;none;-40.0;1070.0;126519.33;125883.56
2014-02-12 07:33;2014-02-13 09:22;1537;1.36334;down;sl;sl;none;-40.0;1030.0;125254.14;124624.72
2014-02-13 17:43;2014-02-18 14:07;4034;1.36687;up;tp;sl;buy;65.0;1095.0;124001.60;126649.88
2014-02-18 14:15;2014-02-26 14:51;8568;1.37666;up;sl;tp;sell;65.0;1160.0;126016.63;128707.94
2014-02-28 00:47;2014-02-28 10:03;553;1.37057;up;tp;sl;buy;65.0;1225.0;128064.40;130799.44
2014-03-03 20:04;2014-03-05 10:14;2247;1.37342;down;sl;sl;none;-40.0;1185.0;130145.44;129491.45
2014-03-05 12:52;2014-03-06 12:00;1365;1.37314;down;sl;sl;none;-40.0;1145.0;128843.99;128196.53
2014-03-06 14:05;2014-03-07 11:26;1267;1.38182;up;tp;sl;buy;65.0;1210.0;127555.55;130279.72
2014-03-10 17:22;2014-03-12 12:27;2535;1.38774;down;sl;sl;none;-40.0;1170.0;129628.33;128976.93
2014-03-12 14:41;2014-03-13 17:46;1610;1.38865;up;sl;sl;none;-40.0;1130.0;128332.04;127687.16
2014-03-14 05:09;2014-03-17 14:11;1906;1.38591;down;tp;sl;buy;65.0;1195.0;127048.72;129762.07
2014-03-19 00:21;2014-03-19 18:17;1065;1.39298;down;sl;tp;sell;65.0;1260.0;129113.26;131870.71
2014-03-19 22:08;2014-03-20 09:25;672;1.38222;down;sl;sl;none;-40.0;1220.0;131211.35;130552.00
2014-03-21 20:08;2014-03-24 09:18;706;1.37963;up;sl;sl;none;-40.0;1180.0;129899.24;129246.48
2014-03-26 03:11;2014-03-27 16:05;2203;1.38152;down;sl;tp;sell;65.0;1245.0;128600.25;131346.74
2014-03-31 02:59;2014-03-31 09:00;358;1.37477;up;sl;sl;none;-40.0;1205.0;130690.00;130033.27
2014-04-01 21:29;2014-04-02 14:05;987;1.37929;down;sl;sl;none;-40.0;1165.0;129383.10;128732.94
2014-04-02 18:08;2014-04-03 12:46;1104;1.37610;down;sl;sl;none;-40.0;1125.0;128089.27;127445.61
2014-04-07 14:21;2014-04-09 14:56;2886;1.37415;up;tp;sl;buy;65.0;1190.0;126808.38;129516.60
2014-04-14 01:22;2014-04-28 07:27;14586;1.38453;down;sl;sl;none;-40.0;1150.0;128869.01;128221.43
2014-04-29 16:18;2014-04-30 09:20;1015;1.38084;down;sl;sl;none;-40.0;1110.0;127580.32;126939.22
2014-04-30 21:36;2014-05-02 12:30;2295;1.38666;up;sl;sl;none;-40.0;1070.0;126304.52;125669.83
2014-05-05 07:42;2014-05-08 11:45;4521;1.38713;up;tp;sl;buy;65.0;1135.0;125041.48;127711.96
2014-05-13 02:08;2014-05-15 07:52;3189;1.37602;up;sl;tp;sell;65.0;1200.0;127073.40;129787.28
2014-05-15 10:19;2014-05-21 17:11;6129;1.36571;down;sl;sl;none;-40.0;1160.0;129138.34;128489.41
2014-05-22 22:14;2014-06-05 11:49;13628;1.36554;up;sl;tp;sell;65.0;1225.0;127846.96;130577.36
2014-06-05 23:39;2014-06-10 08:18;3302;1.36582;up;sl;tp;sell;65.0;1290.0;129924.47;132699.24
2014-06-12 08:44;2014-06-19 06:24;6933;1.35297;up;tp;sl;buy;65.0;1355.0;132035.75;134855.60
2014-06-20 14:46;2014-06-30 14:00;8317;1.35816;down;tp;sl;buy;65.0;1420.0;134181.33;137047.01
2014-07-02 02:05;2014-07-04 07:40;3103;1.36764;down;sl;tp;sell;65.0;1485.0;136361.77;139274.02
2014-07-07 19:14;2014-07-15 09:12;7751;1.36077;up;sl;sl;none;-40.0;1445.0;138577.65;137881.28
2014-07-15 15:15;2014-07-22 08:30;6626;1.35664;down;sl;tp;sell;65.0;1510.0;137191.87;140121.85
2014-07-24 12:16;2014-07-30 12:30;5610;1.34722;up;sl;tp;sell;65.0;1575.0;139421.24;142398.83
2014-07-31 20:06;2014-08-05 14:14;3840;1.33884;up;sl;sl;none;-40.0;1535.0;141686.84;140974.84
2014-08-07 08:07;2014-08-07 13:48;341;1.33687;up;sl;sl;none;-40.0;1495.0;140269.97;139565.10
2014-08-08 01:56;2014-08-19 12:33;10473;1.33481;down;sl;sl;none;-40.0;1455.0;138867.27;138169.44
2014-08-22 04:15;2014-08-24 21:00;1001;1.32843;up;sl;tp;sell;65.0;1520.0;137478.60;140414.70
2014-08-28 02:01;2014-08-31 21:00;2541;1.32148;up;sl;tp;sell;65.0;1585.0;139712.62;142696.44
2014-09-02 08:02;2014-09-04 11:45;3067;1.31276;up;sl;sl;none;-40.0;1545.0;141982.95;141269.47
2014-09-04 14:11;2014-09-04 15:55;104;1.30067;down;sl;tp;sell;65.0;1610.0;140563.13;143565.10
2014-09-08 02:42;2014-09-09 03:18;1461;1.29523;up;sl;tp;sell;65.0;1675.0;142847.28;145898.03
2014-09-10 03:56;2014-09-10 12:37;521;1.29321;up;sl;sl;none;-40.0;1635.0;145168.54;144439.05
2014-09-11 02:33;2014-09-16 16:29;5129;1.29084;down;tp;sl;buy;65.0;1700.0;143716.86;146786.19
2014-09-17 21:11;2014-09-18 06:36;564;1.28599;down;sl;sl;none;-40.0;1660.0;146052.26;145318.33
2014-09-19 03:56;2014-09-19 14:32;636;1.29195;up;sl;tp;sell;65.0;1725.0;144591.73;147679.75
2014-09-19 19:42;2014-09-24 13:08;3897;1.28353;down;sl;sl;none;-40.0;1685.0;146941.35;146202.95
2014-09-24 13:13;2014-09-25 07:51;1110;1.28062;down;sl;tp;sell;65.0;1750.0;145471.94;148578.75
2014-09-26 15:54;2014-09-29 12:53;1255;1.26884;up;sl;sl;none;-40.0;1710.0;147835.86;147092.96
2014-09-30 02:13;2014-09-30 09:25;431;1.26877;up;sl;tp;sell;65.0;1775.0;146357.50;149483.22
2014-09-30 12:14;2014-10-02 03:09;2314;1.25845;down;tp;sl;buy;65.0;1840.0;148735.81;151912.33
2014-10-02 10:00;2014-10-02 12:59;179;1.26376;up;sl;sl;none;-40.0;1800.0;151152.76;150393.20
2014-10-03 14:51;2014-10-06 15:47;1483;1.25018;down;tp;sl;buy;65.0;1865.0;149641.24;152837.09
2014-10-06 21:58;2014-10-07 19:17;1279;1.26530;up;sl;sl;none;-40.0;1825.0;152072.91;151308.72
2014-10-08 05:10;2014-10-08 18:04;774;1.26299;down;tp;sl;buy;65.0;1890.0;150552.18;153767.49
2014-10-10 04:30;2014-10-10 14:12;582;1.27000;down;sl;tp;sell;65.0;1955.0;152998.65;156266.21
2014-10-13 18:06;2014-10-13 20:45;159;1.26757;up;tp;sl;buy;65.0;2020.0;155484.88;158805.54
2014-10-15 00:30;2014-10-15 12:46;736;1.26433;down;tp;sl;buy;65.0;2085.0;158011.51;161386.12
2014-10-15 17:52;2014-10-16 09:58;948;1.27824;up;sl;sl;none;-40.0;2045.0;160579.19;159772.26
2014-10-17 03:27;2014-10-17 13:45;617;1.27988;down;sl;sl;none;-40.0;2005.0;158973.40;158174.54
2014-10-17 14:54;2014-10-20 16:57;1562;1.27757;up;sl;sl;none;-40.0;1965.0;157383.67;156592.80
2014-10-21 00:25;2014-10-21 09:41;555;1.27993;up;sl;sl;none;-40.0;1925.0;155809.83;155026.87
2014-10-21 21:35;2014-10-22 08:01;624;1.27147;down;sl;sl;none;-40.0;1885.0;154251.73;153476.60
2014-10-24 04:17;2014-10-28 12:32;3295;1.26531;up;tp;sl;buy;65.0;1950.0;152709.22;155970.59
2014-10-29 21:40;2014-10-30 12:30;879;1.26330;down;sl;tp;sell;65.0;2015.0;155190.74;158505.12
2014-11-04 08:24;2014-11-05 09:44;1497;1.25076;up;sl;sl;none;-40.0;1975.0;157712.59;156920.06
2014-11-05 20:30;2014-11-06 13:35;1015;1.24802;down;sl;sl;none;-40.0;1935.0;156135.46;155350.86
2014-11-10 02:08;2014-11-10 14:47;759;1.24720;up;sl;sl;none;-40.0;1895.0;154574.11;153797.36
2014-11-11 05:58;2014-11-11 16:13;615;1.24230;down;sl;sl;none;-40.0;1855.0;153028.37;152259.38
2014-11-12 01:20;2014-11-12 09:38;498;1.24587;up;sl;sl;none;-40.0;1815.0;151498.09;150736.79
2014-11-13 01:54;2014-11-14 13:30;2129;1.24452;down;sl;sl;none;-40.0;1775.0;149983.10;149229.42
2014-11-18 01:53;2014-11-19 13:44;2135;1.24686;down;tp;sl;buy;65.0;1840.0;148483.27;151654.40
2014-11-20 21:17;2014-11-21 08:38;671;1.25451;down;sl;sl;none;-40.0;1800.0;150896.13;150137.85
2014-11-24 23:53;2014-11-25 14:37;884;1.24318;up;sl;sl;none;-40.0;1760.0;149387.17;148636.48
2014-11-27 23:37;2014-11-28 12:06;747;1.24612;down;sl;sl;none;-40.0;1720.0;147893.29;147150.11
2014-12-01 12:25;2014-12-02 08:23;1192;1.24588;up;sl;sl;none;-40.0;1680.0;146414.36;145678.61
2014-12-02 17:22;2014-12-03 14:31;1260;1.23957;down;sl;tp;sell;65.0;1745.0;144950.22;148045.89
2014-12-04 20:05;2014-12-05 13:36;1041;1.23752;up;sl;tp;sell;65.0;1810.0;147305.66;150451.63
2014-12-05 20:56;2014-12-08 17:31;1227;1.22903;down;sl;sl;none;-40.0;1770.0;149699.37;148947.12
2014-12-09 02:32;2014-12-09 14:03;691;1.23112;up;tp;sl;buy;65.0;1835.0;148202.38;151367.51
2014-12-12 01:54;2014-12-12 16:58;897;1.23976;down;tp;sl;buy;65.0;1900.0;150610.67;153827.23
2014-12-12 21:20;2014-12-15 03:59;395;1.24549;up;sl;sl;none;-40.0;1860.0;153058.09;152288.96
2014-12-15 20:28;2014-12-16 10:00;807;1.24381;down;tp;sl;buy;65.0;1925.0;151527.51;154763.65
2014-12-16 12:16;2014-12-17 08:34;1214;1.25444;up;sl;tp;sell;65.0;1990.0;153989.83;157278.56
2014-12-17 16:45;2014-12-17 19:00;135;1.24089;down;sl;sl;none;-40.0;1950.0;155705.78;155705.78
2014-12-23 02:17;2014-12-29 18:15;4637;1.22309;up;sl;tp;sell;65.0;2015.0;154927.25;158236.00
2014-12-29 22:16;2014-12-30 08:07;575;1.21562;up;sl;sl;none;-40.0;1975.0;157444.82;156653.64
2014-12-31 06:07;2015-01-02 00:38;920;1.21588;up;sl;tp;sell;65.0;2040.0;155870.37;159199.26
2015-01-06 20:05;2015-01-07 11:53;944;1.19072;up;sl;tp;sell;65.0;2105.0;158403.26;161786.24
2015-01-09 16:21;2015-01-12 08:47;979;1.18355;up;sl;sl;none;-40.0;2065.0;160977.31;160168.38
2015-01-13 02:56;2015-01-13 14:39;703;1.18451;down;sl;tp;sell;65.0;2130.0;159367.54;162771.12
2015-01-13 19:24;2015-01-14 09:34;843;1.17762;up;sl;sl;none;-40.0;2090.0;161957.26;161143.41
2015-01-14 23:19;2015-01-15 09:33;613;1.17874;up;sl;tp;sell;65.0;2155.0;160337.69;163761.99
2015-01-15 10:08;2015-01-15 10:44;36;1.17636;down;sl;tp;sell;65.0;2220.0;162943.18;166423.12
2015-01-19 20:34;2015-01-21 13:54;2444;1.16048;up;sl;sl;none;-40.0;2180.0;165591.00;164758.89
2015-01-21 23:06;2015-01-22 06:02;416;1.16077;up;sl;sl;none;-40.0;2140.0;163935.09;163111.30
2015-01-22 17:56;2015-01-23 08:46;883;1.13917;down;sl;tp;sell;65.0;2205.0;162295.74;165761.86
2015-01-27 03:04;2015-01-27 08:52;348;1.12412;up;tp;sl;buy;65.0;2270.0;164933.05;168455.49
2015-01-28 23:25;2015-01-29 09:26;601;1.12857;down;sl;sl;none;-40.0;2230.0;167613.21;166770.93
2015-01-30 05:01;2015-01-30 09:36;275;1.13279;up;sl;sl;none;-40.0;2190.0;165937.08;165103.22
2015-02-02 05:12;2015-02-03 13:19;1919;1.13117;down;tp;sl;buy;65.0;2255.0;164277.71;167786.15
2015-02-04 23:51;2015-02-05 10:24;633;1.13145;down;tp;sl;buy;65.0;2320.0;166947.22;170512.68
2015-02-06 02:05;2015-02-06 13:31;684;1.14647;up;sl;tp;sell;65.0;2385.0;169660.11;173283.51
2015-02-06 21:46;2015-02-09 02:50;299;1.13185;down;sl;sl;none;-40.0;2345.0;172417.09;171550.67
2015-02-10 02:27;2015-02-12 09:24;3277;1.13327;up;sl;sl;none;-40.0;2305.0;170692.92;169835.17
2015-02-12 14:48;2015-02-16 16:55;2988;1.13836;up;sl;sl;none;-40.0;2265.0;168985.99;168136.81
2015-02-18 00:26;2015-02-19 02:07;1534;1.14023;up;sl;sl;none;-40.0;2225.0;167296.13;166455.45
2015-02-19 16:20;2015-02-20 09:11;998;1.13895;up;sl;tp;sell;65.0;2290.0;165623.17;169160.35
2015-02-23 14:20;2015-02-24 09:27;1139;1.13245;up;sl;sl;none;-40.0;2250.0;168314.55;167468.74
2015-02-24 18:03;2015-02-26 12:38;2535;1.13367;up;sl;sl;none;-40.0;2210.0;166631.40;165794.06
2015-02-26 13:59;2015-02-27 14:35;1465;1.12614;down;sl;tp;sell;65.0;2275.0;164965.09;168488.21
2015-03-02 02:58;2015-03-04 08:33;3198;1.11712;up;sl;sl;none;-40.0;2235.0;167645.77;166803.33
2015-03-10 03:01;2015-03-10 08:45;344;1.08255;up;sl;tp;sell;65.0;2300.0;165969.31;169513.88
2015-03-10 09:29;2015-03-10 12:44;195;1.07496;down;sl;sl;none;-40.0;2260.0;168666.31;167818.74
2015-03-12 22:16;2015-03-13 13:51;935;1.06189;up;sl;tp;sell;65.0;2325.0;166979.65;170545.80
2015-03-13 17:19;2015-03-16 01:15;411;1.04953;down;sl;sl;none;-40.0;2285.0;169693.07;168840.34
2015-03-16 23:26;2015-03-17 06:43;437;1.05733;up;sl;sl;none;-40.0;2245.0;167996.14;167151.94
2015-03-18 18:30;2015-03-18 18:46;16;1.07599;down;sl;sl;none;-40.0;2205.0;166316.18;165480.42
2015-03-18 18:53;2015-03-18 19:15;22;1.07395;up;tp;sl;buy;65.0;2270.0;164653.01;168169.47
2015-03-20 01:25;2015-03-20 12:49;683;1.06702;down;tp;sl;buy;65.0;2335.0;167328.63;170902.23
2015-03-20 18:10;2015-03-22 22:05;170;1.08282;up;sl;sl;none;-40.0;2295.0;170047.72;169193.21
2015-03-25 01:58;2015-03-25 07:56;357;1.09289;down;sl;sl;none;-40.0;2255.0;168347.24;167501.27
2015-03-25 08:51;2015-03-25 11:13;142;1.09695;up;sl;sl;none;-40.0;2215.0;166663.77;165826.26
2015-03-25 14:02;2015-03-25 15:58;116;1.09719;down;sl;sl;none;-40.0;2175.0;164997.13;164168.00
2015-03-25 21:35;2015-03-26 13:50;966;1.09702;up;sl;sl;none;-40.0;2135.0;163347.16;162526.32
2015-03-26 19:34;2015-03-27 16:10;1231;1.08835;down;sl;sl;none;-40.0;2095.0;161713.69;160901.05
2015-03-30 12:51;2015-03-30 13:34;43;1.08357;up;sl;sl;none;-40.0;2055.0;160096.55;159292.04
2015-03-30 20:34;2015-03-31 04:00;432;1.08214;down;sl;sl;none;-40.0;2015.0;158495.58;157699.12
2015-04-01 17:05;2015-04-02 06:21;784;1.07786;up;sl;sl;none;-40.0;1975.0;156910.63;156122.13
2015-04-07 00:37;2015-04-07 08:31;474;1.09360;down;sl;tp;sell;65.0;2040.0;155341.52;158659.12
2015-04-14 15:03;2015-04-15 07:27;979;1.06991;up;sl;tp;sell;65.0;2105.0;157865.82;161237.33
2015-04-15 22:01;2015-04-16 06:28;507;1.06791;down;sl;sl;none;-40.0;2065.0;160431.14;159624.95
2015-04-20 14:03;2015-04-21 05:22;912;1.07368;down;sl;sl;none;-40.0;2025.0;158826.83;158028.70
2015-04-22 10:31;2015-04-23 01:26;891;1.07824;up;sl;tp;sell;65.0;2090.0;157238.56;160596.67
2015-04-23 01:29;2015-04-23 07:02;333;1.06952;down;sl;sl;none;-40.0;2050.0;159793.69;158990.70
2015-04-23 21:17;2015-04-24 06:25;548;1.08224;up;sl;sl;none;-40.0;2010.0;158195.75;157400.80
2015-05-04 05:05;2015-05-04 07:02;117;1.11938;down;sl;sl;none;-40.0;1970.0;156613.79;155826.79
2015-05-06 01:27;2015-05-06 07:35;368;1.11791;up;tp;sl;buy;65.0;2035.0;155047.66;158358.97
2015-05-07 23:16;2015-05-08 12:29;793;1.12418;down;sl;sl;none;-40.0;1995.0;157567.18;156775.39
2015-05-12 10:08;2015-05-13 12:37;1583;1.12676;up;sl;sl;none;-40.0;1955.0;155991.51;155207.63
2015-05-15 14:36;2015-05-18 07:16;987;1.14246;down;sl;sl;none;-40.0;1915.0;154431.59;153655.56
2015-05-18 22:25;2015-05-19 07:05;520;1.13158;down;sl;tp;sell;65.0;1980.0;152887.28;156152.46
2015-05-21 15:01;2015-05-22 03:58;772;1.11270;up;sl;sl;none;-40.0;1940.0;155371.70;154590.93
2015-05-22 14:22;2015-05-24 21:38;431;1.10167;down;sl;sl;none;-40.0;1900.0;153817.98;153045.02
2015-05-28 00:21;2015-05-28 13:52;811;1.08925;up;sl;sl;none;-40.0;1860.0;152279.80;151514.57
2015-05-28 14:00;2015-05-28 21:10;426;1.08773;down;tp;sl;buy;65.0;1925.0;150757.00;153976.69
2015-06-01 14:15;2015-06-01 17:37;202;1.09142;down;sl;sl;none;-40.0;1885.0;153206.80;152436.92
2015-06-02 12:46;2015-06-02 13:06;20;1.10354;up;tp;sl;buy;65.0;1950.0;151674.73;154914.02
2015-06-05 03:59;2015-06-05 12:30;511;1.12105;down;sl;sl;none;-40.0;1910.0;154139.45;153364.88
2015-06-08 21:29;2015-06-09 07:20;591;1.12906;up;sl;sl;none;-40.0;1870.0;152598.05;151831.23
2015-06-10 05:38;2015-06-10 06:12;34;1.12960;down;sl;sl;none;-40.0;1830.0;151072.07;150312.92
2015-06-10 15:58;2015-06-10 20:00;242;1.13098;up;sl;sl;none;-40.0;1790.0;149561.35;148809.79
2015-06-11 11:48;2015-06-11 19:37;469;1.12514;down;sl;sl;none;-40.0;1750.0;148065.74;147321.69
2015-06-15 13:50;2015-06-16 07:06;1028;1.12373;up;tp;sl;buy;65.0;1815.0;146585.08;149715.67
2015-06-17 00:18;2015-06-17 18:00;1061;1.12410;down;sl;sl;none;-40.0;1775.0;148967.09;148218.51
2015-06-17 19:06;2015-06-18 08:22;791;1.13333;up;tp;sl;buy;65.0;1840.0;147477.42;150627.06
2015-06-19 13:03;2015-06-22 04:33;921;1.13129;down;tp;sl;buy;65.0;1905.0;149873.93;153074.75
2015-06-22 12:50;2015-06-22 17:46;296;1.13601;up;sl;sl;none;-40.0;1865.0;152309.38;151544.00
2015-06-23 03:41;2015-06-23 12:29;528;1.12711;down;sl;tp;sell;65.0;1930.0;150786.28;154006.59
2015-06-24 22:07;2015-06-25 09:18;671;1.11995;up;sl;sl;none;-40.0;1890.0;153236.56;152466.53
2015-06-25 15:30;2015-06-26 12:55;1277;1.11985;down;sl;sl;none;-40.0;1850.0;151704.20;150941.86
2015-06-30 02:20;2015-06-30 12:53;633;1.11939;up;sl;sl;none;-40.0;1810.0;150187.15;149432.44
2015-06-30 23:42;2015-07-01 08:59;556;1.11300;down;sl;sl;none;-40.0;1770.0;148685.28;147938.12
2015-07-03 00:07;2015-07-05 21:05;1250;1.10844;up;sl;sl;none;-40.0;1730.0;147198.43;146458.74
2015-07-05 23:33;2015-07-06 01:08;95;1.10224;down;sl;sl;none;-40.0;1690.0;145726.44;144994.15
2015-07-07 06:27;2015-07-07 10:33;246;1.10330;up;sl;tp;sell;65.0;1755.0;144269.18;147350.31
2015-07-07 11:18;2015-07-07 19:11;473;1.09656;down;sl;sl;none;-40.0;1715.0;146613.55;145876.80
2015-07-08 15:54;2015-07-08 17:15;81;1.10634;up;sl;sl;none;-40.0;1675.0;145147.42;144418.04
2015-07-09 23:37;2015-07-10 09:16;579;1.10646;down;tp;sl;buy;65.0;1740.0;143695.94;146764.83
2015-07-10 12:35;2015-07-10 13:40;65;1.11847;up;sl;sl;none;-40.0;1700.0;146031.00;145297.18
2015-07-13 14:59;2015-07-13 23:40;516;1.10100;down;sl;sl;none;-40.0;1660.0;144570.69;143844.21
2015-07-15 03:34;2015-07-15 12:31;537;1.10046;up;sl;sl;none;-40.0;1620.0;143124.99;142405.77
2015-07-15 15:01;2015-07-16 12:05;1260;1.09529;down;sl;tp;sell;65.0;1685.0;141693.74;144719.86
2015-07-21 06:50;2015-07-21 14:24;454;1.08287;up;tp;sl;buy;65.0;1750.0;143996.26;147071.56
2015-07-23 00:36;2015-07-23 12:15;699;1.09274;down;tp;sl;buy;65.0;1815.0;146336.20;149461.47
2015-07-23 14:27;2015-07-24 06:07;933;1.09839;up;sl;sl;none;-40.0;1775.0;148714.16;147966.86
2015-07-24 17:09;2015-07-27 07:15;830;1.09804;down;tp;sl;buy;65.0;1840.0;147227.02;150371.32
2015-07-27 08:54;2015-07-27 13:28;274;1.10781;up;sl;sl;none;-40.0;1800.0;149619.46;148867.60
2015-07-28 18:29;2015-07-29 07:11;754;1.10545;down;sl;sl;none;-40.0;1760.0;148123.27;147378.93
2015-07-29 17:07;2015-07-29 18:06;59;1.10389;up;sl;sl;none;-40.0;1720.0;146642.03;145905.14
2015-07-29 22:59;2015-07-30 16:22;1043;1.09883;down;sl;tp;sell;65.0;1785.0;145175.61;148276.10
2015-07-31 17:33;2015-08-04 17:48;2882;1.10090;up;sl;tp;sell;65.0;1850.0;147534.72;150685.58
2015-08-06 05:54;2015-08-06 07:27;93;1.09232;up;sl;sl;none;-40.0;1810.0;149932.16;149178.73
2015-08-13 18:46;2015-08-14 14:57;1207;1.11361;down;sl;sl;none;-40.0;1770.0;148432.83;147686.94
2015-08-17 01:20;2015-08-17 12:37;677;1.10988;down;sl;sl;none;-40.0;1730.0;146948.51;146210.07
2015-08-19 20:31;2015-08-20 14:30;1074;1.11222;up;tp;sl;buy;65.0;1795.0;145479.02;148585.98
2015-08-25 19:11;2015-08-25 20:28;77;1.14261;down;tp;sl;buy;65.0;1860.0;147843.05;151000.51
2015-08-31 23:24;2015-09-01 07:28;484;1.12171;up;tp;sl;buy;65.0;1925.0;150245.50;153454.27
2015-09-02 13:56;2015-09-03 12:40;1358;1.12395;down;sl;tp;sell;65.0;1990.0;152686.99;155947.90
2015-09-06 23:45;2015-09-07 06:09;384;1.11507;up;sl;sl;none;-40.0;1950.0;155168.16;154388.42
2015-09-09 10:13;2015-09-09 18:23;490;1.11681;down;sl;sl;none;-40.0;1910.0;153616.48;152844.53
2015-09-09 23:38;2015-09-10 04:54;316;1.12178;down;sl;sl;none;-40.0;1870.0;152080.31;151316.09
2015-09-10 09:36;2015-09-10 15:24;348;1.11899;up;tp;sl;buy;65.0;1935.0;150559.51;153774.97
2015-09-15 01:32;2015-09-15 06:58;326;1.13078;down;sl;sl;none;-40.0;1895.0;153006.10;152237.23
2015-09-17 01:19;2015-09-17 07:52;393;1.13053;up;sl;sl;none;-40.0;1855.0;151476.04;150714.85
2015-09-21 02:52;2015-09-21 14:21;687;1.13106;down;sl;tp;sell;65.0;1920.0;149961.28;153163.97
2015-09-23 22:12;2015-09-24 13:02;890;1.11837;up;tp;sl;buy;65.0;1985.0;152398.15;155652.88
2015-09-25 14:08;2015-09-25 15:29;81;1.11826;down;sl;sl;none;-40.0;1945.0;154874.62;154096.35
2015-09-28 08:44;2015-09-28 14:50;366;1.11926;up;sl;sl;none;-40.0;1905.0;153325.87;152555.39
2015-09-30 07:55;2015-10-01 05:50;1308;1.12249;down;sl;tp;sell;65.0;1970.0;151792.61;155034.42
2015-10-02 02:10;2015-10-02 12:30;620;1.12005;up;sl;sl;none;-40.0;1930.0;154259.24;153484.07
2015-10-05 20:24;2015-10-06 15:05;1115;1.11831;down;tp;sl;buy;65.0;1995.0;152716.65;155978.19
2015-10-06 22:03;2015-10-08 07:18;1984;1.12693;up;sl;sl;none;-40.0;1955.0;155198.30;154418.41
2015-10-08 14:07;2015-10-09 07:49;1056;1.12493;up;tp;sl;buy;65.0;2020.0;153646.31;156927.71
2015-10-13 09:17;2015-10-13 14:28;311;1.13787;down;sl;sl;none;-40.0;1980.0;156143.07;155358.43
2015-10-13 22:01;2015-10-14 18:18;1216;1.13808;up;tp;sl;buy;65.0;2045.0;154581.64;157883.00
2015-10-15 22:59;2015-10-22 12:28;6534;1.13762;down;sl;tp;sell;65.0;2110.0;157093.59;160448.60
2015-10-26 23:47;2015-10-27 12:28;760;1.10566;up;sl;sl;none;-40.0;2070.0;159646.36;158844.12
2015-10-28 02:10;2015-10-28 18:00;949;1.10285;down;sl;sl;none;-40.0;2030.0;158049.90;157255.67
2015-10-30 04:17;2015-10-30 14:06;588;1.09721;up;tp;sl;buy;65.0;2095.0;156469.40;159811.08
2015-11-02 21:11;2015-11-04 07:30;2045;1.10131;down;sl;tp;sell;65.0;2160.0;159012.02;162408.01
2015-11-06 01:01;2015-11-06 13:30;747;1.08829;up;sl;tp;sell;65.0;2225.0;161595.97;165047.14
2015-11-06 15:50;2015-11-09 03:02;667;1.07455;down;sl;sl;none;-40.0;2185.0;164221.90;163396.67
2015-11-10 00:29;2015-11-12 01:24;2924;1.07552;up;sl;sl;none;-40.0;2145.0;162579.68;161762.70
2015-11-12 09:44;2015-11-12 15:00;316;1.07201;down;tp;sl;buy;65.0;2210.0;160953.89;164391.35
2015-11-12 16:22;2015-11-13 14:02;1295;1.07530;up;sl;sl;none;-40.0;2170.0;163569.39;162747.43
2015-11-16 00:46;2015-11-16 17:22;993;1.07192;down;sl;sl;none;-40.0;2130.0;161933.69;161119.96
2015-11-19 00:40;2015-11-19 16:43;962;1.06767;up;tp;sl;buy;65.0;2195.0;160314.36;163738.16
2015-11-20 20:22;2015-11-24 14:05;2491;1.06504;down;sl;sl;none;-40.0;2155.0;162919.47;162100.78
2015-11-25 16:14;2015-11-27 09:51;2482;1.06076;down;sl;sl;none;-40.0;2115.0;161290.27;160479.77
2015-12-01 15:27;2015-12-03 12:06;2661;1.06282;up;sl;tp;sell;65.0;2180.0;159677.37;163087.56
2015-12-03 15:47;2015-12-03 16:38;51;1.08487;up;tp;sl;buy;65.0;2245.0;162272.13;165737.74
2015-12-07 01:58;2015-12-08 13:39;2136;1.08693;down;sl;sl;none;-40.0;2205.0;164909.05;164080.36
2015-12-08 14:58;2015-12-09 13:41;1358;1.08775;up;tp;sl;buy;65.0;2270.0;163259.96;166746.67
2015-12-10 23:44;2015-12-11 14:52;908;1.09439;down;tp;sl;buy;65.0;2335.0;165912.93;169456.30
2015-12-11 20:20;2015-12-14 15:12;1127;1.09958;up;sl;sl;none;-40.0;2295.0;168609.02;167761.74
2015-12-15 00:13;2015-12-15 13:42;809;1.09940;down;sl;sl;none;-40.0;2255.0;166922.93;166084.12
2015-12-15 21:10;2015-12-16 19:00;1305;1.09261;down;sl;sl;none;-40.0;2215.0;165253.70;164423.28
2015-12-20 22:22;2015-12-22 09:37;2110;1.08573;up;tp;sl;buy;65.0;2280.0;163601.16;167095.16
2015-12-23 18:50;2015-12-28 09:56;2152;1.08965;down;tp;sl;buy;65.0;2345.0;166259.68;169810.45
2015-12-29 14:49;2016-01-03 23:26;3194;1.09303;down;sl;tp;sell;65.0;2410.0;168961.40;172569.87
2016-01-06 21:29;2016-01-07 11:34;840;1.07862;up;tp;sl;buy;65.0;2475.0;171707.02;175374.13
2016-01-11 03:01;2016-01-12 13:14;2048;1.09201;down;sl;tp;sell;65.0;2540.0;174497.26;178223.96
2016-01-14 03:30;2016-01-14 08:45;315;1.08785;up;sl;sl;none;-40.0;2500.0;177332.84;176441.72
2016-01-15 06:32;2016-01-15 09:15;163;1.08866;down;sl;sl;none;-40.0;2460.0;175559.51;174677.30
2016-01-15 11:31;2016-01-15 13:49;138;1.08929;up;tp;sl;buy;65.0;2525.0;173803.92;177515.81
2016-01-15 21:02;2016-01-19 19:21;2718;1.09184;up;sl;sl;none;-40.0;2485.0;176628.23;175740.65
2016-01-19 23:23;2016-01-20 19:51;1228;1.09059;up;sl;sl;none;-40.0;2445.0;174861.95;173983.25
2016-01-21 04:04;2016-01-21 13:33;569;1.08866;down;sl;sl;none;-40.0;2405.0;173113.33;172243.41
2016-01-25 22:35;2016-01-26 10:53;737;1.08475;up;sl;sl;none;-40.0;2365.0;171382.20;170520.98
2016-01-29 19:31;2016-02-02 04:43;1975;1.08306;down;tp;sl;buy;65.0;2430.0;169668.37;173291.95
2016-02-05 21:01;2016-02-08 09:18;724;1.11542;down;sl;sl;none;-40.0;2390.0;172425.49;171559.03
2016-02-08 23:45;2016-02-09 08:06;500;1.11908;up;sl;sl;none;-40.0;2350.0;170701.23;169843.44
2016-02-10 22:49;2016-02-11 13:05;856;1.12820;down;tp;sl;buy;65.0;2415.0;168994.22;172603.39
2016-02-11 14:29;2016-02-11 16:49;140;1.13563;up;sl;sl;none;-40.0;2375.0;171740.37;170877.36
2016-02-12 16:11;2016-02-12 19:50;219;1.12351;down;sl;sl;none;-40.0;2335.0;170022.97;169168.58
2016-02-17 00:51;2016-02-17 14:15;803;1.11314;up;sl;sl;none;-40.0;2295.0;168322.74;167476.90
2016-02-18 03:02;2016-02-22 10:17;3303;1.11415;up;sl;tp;sell;65.0;2360.0;166639.51;170198.40
2016-02-23 23:31;2016-02-24 15:20;949;1.10167;up;sl;sl;none;-40.0;2320.0;169347.41;168496.41
2016-02-25 12:32;2016-02-26 03:14;876;1.10413;up;sl;sl;none;-40.0;2280.0;167653.93;166811.45
2016-02-26 16:36;2016-02-29 07:11;868;1.09318;down;sl;sl;none;-40.0;2240.0;165977.39;165143.34
2016-03-03 02:08;2016-03-03 16:36;867;1.08714;up;tp;sl;buy;65.0;2305.0;164317.62;167826.91
2016-03-07 21:35;2016-03-08 18:36;1252;1.10145;down;sl;sl;none;-40.0;2265.0;166987.78;166148.65
2016-03-09 04:50;2016-03-09 15:32;642;1.09740;down;sl;sl;none;-40.0;2225.0;165317.90;164487.16
2016-03-10 10:45;2016-03-10 12:46;121;1.09849;up;sl;tp;sell;65.0;2290.0;163664.72;167160.08
2016-03-14 02:00;2016-03-16 13:10;3513;1.11546;down;sl;tp;sell;65.0;2355.0;166324.27;169876.43
2016-03-16 19:35;2016-03-17 10:00;860;1.12230;up;tp;sl;buy;65.0;2420.0;169027.04;172636.92
2016-03-18 19:16;2016-03-23 07:21;3510;1.12653;down;sl;tp;sell;65.0;2485.0;171773.73;175442.27
2016-03-25 17:14;2016-03-29 16:22;2759;1.11658;up;tp;sl;buy;65.0;2550.0;174565.06;178293.21
2016-04-03 21:58;2016-04-06 15:38;3902;1.13947;down;sl;sl;none;-40.0;2510.0;177401.74;176510.27
2016-04-06 15:41;2016-04-07 07:41;949;1.14067;up;sl;sl;none;-40.0;2470.0;175627.72;174745.17
2016-04-07 23:29;2016-04-08 13:25;836;1.13741;down;sl;sl;none;-40.0;2430.0;173871.44;172997.72
2016-04-08 20:14;2016-04-11 07:51;680;1.13991;up;sl;sl;none;-40.0;2390.0;172132.73;171267.74
2016-04-12 20:07;2016-04-13 10:10;828;1.13885;down;sl;tp;sell;65.0;2455.0;170411.40;174050.84
2016-04-15 11:31;2016-04-19 13:31;2966;1.12837;up;tp;sl;buy;65.0;2520.0;173180.59;176879.17
2016-04-20 20:50;2016-04-21 12:44;943;1.12965;down;tp;sl;buy;65.0;2585.0;175994.77;179753.45
2016-04-22 05:51;2016-04-22 20:59;908;1.13021;up;sl;tp;sell;65.0;2650.0;178854.69;182674.45
2016-04-25 22:13;2016-04-27 18:06;2607;1.12674;up;tp;sl;buy;65.0;2715.0;181761.08;185642.91
2016-05-04 06:15;2016-05-05 07:53;1523;1.14837;down;sl;sl;none;-40.0;2675.0;184714.69;183786.48
2016-05-08 23:47;2016-05-10 10:58;2103;1.13895;up;sl;sl;none;-40.0;2635.0;182867.55;181948.61
2016-05-11 09:14;2016-05-13 06:08;2675;1.13849;up;sl;sl;none;-40.0;2595.0;181038.87;180129.13
2016-05-16 22:01;2016-05-18 01:57;1657;1.13157;up;sl;sl;none;-40.0;2555.0;179228.48;178327.84
2016-05-20 17:59;2016-05-23 08:31;857;1.12212;up;sl;sl;none;-40.0;2515.0;177436.20;176544.56
2016-05-23 17:22;2016-05-24 19:17;1543;1.12208;down;sl;tp;sell;65.0;2580.0;175661.84;179413.41
2016-05-26 00:40;2016-05-27 13:16;2186;1.11692;up;sl;sl;none;-40.0;2540.0;178516.34;177619.27
2016-05-27 17:02;2016-05-31 11:15;2497;1.11397;down;sl;sl;none;-40.0;2500.0;176731.18;175843.08
2016-06-01 04:02;2016-06-02 02:24;1327;1.11218;down;tp;sl;buy;65.0;2565.0;174963.87;178700.53
2016-06-03 02:16;2016-06-03 12:32;616;1.11501;down;tp;sl;buy;65.0;2630.0;177807.03;181604.41
2016-06-03 19:02;2016-06-09 13:00;5343;1.13426;up;sl;sl;none;-40.0;2590.0;180696.39;179788.37
2016-06-09 17:58;2016-06-12 23:47;1770;1.13240;down;sl;tp;sell;65.0;2655.0;178889.43;182709.93
2016-06-14 01:45;2016-06-14 09:50;485;1.12951;up;sl;tp;sell;65.0;2720.0;181796.38;185678.97
2016-06-14 17:49;2016-06-15 18:00;1445;1.12085;down;tp;sl;buy;65.0;2785.0;184750.57;188696.25
2016-06-15 20:04;2016-06-16 09:59;829;1.12607;up;sl;sl;none;-40.0;2745.0;187752.77;186809.29
2016-06-16 22:29;2016-06-19 21:05;1351;1.12281;down;tp;sl;buy;65.0;2810.0;185875.24;189844.94
2016-06-21 07:47;2016-06-21 13:43;356;1.13391;down;sl;tp;sell;65.0;2875.0;188895.71;192929.92
2016-06-22 22:46;2016-06-23 10:44;718;1.13306;up;tp;sl;buy;65.0;2940.0;191965.27;196065.03
2016-06-24 05:25;2016-06-24 06:11;46;1.09537;down;tp;sl;buy;65.0;3005.0;195084.71;199251.09
2016-06-28 08:43;2016-06-28 14:57;374;1.10716;up;sl;sl;none;-40.0;2965.0;198254.83;197258.58
2016-07-01 00:09;2016-07-01 11:00;648;1.11052;down;sl;sl;none;-40.0;2925.0;196272.28;195285.99
2016-07-01 20:32;2016-07-04 17:40;1256;1.11343;up;sl;sl;none;-40.0;2885.0;194309.56;193333.13
2016-07-05 20:29;2016-07-06 16:06;1167;1.10726;down;sl;sl;none;-40.0;2845.0;192366.47;191399.80
2016-07-07 04:02;2016-07-08 12:30;1935;1.10960;up;sl;tp;sell;65.0;2910.0;190442.80;194510.05
2016-07-12 00:03;2016-07-14 11:18;3534;1.10550;up;tp;sl;buy;65.0;2975.0;193537.50;197670.83
2016-07-15 16:55;2016-07-18 15:13;1330;1.10632;down;sl;sl;none;-40.0;2935.0;196682.48;195694.13
2016-07-19 01:40;2016-07-20 07:17;1764;1.10675;up;sl;tp;sell;65.0;3000.0;194715.66;198874.16
2016-07-21 09:48;2016-07-21 13:31;223;1.10284;up;sl;sl;none;-40.0;2960.0;197879.79;196885.41
2016-07-22 09:57;2016-07-27 19:05;4820;1.10270;down;sl;sl;none;-40.0;2920.0;195900.99;194916.56
2016-07-27 20:50;2016-07-29 12:46;2380;1.10600;up;tp;sl;buy;65.0;2985.0;193941.98;198083.95
2016-08-02 00:57;2016-08-03 17:31;2420;1.11716;down;sl;sl;none;-40.0;2945.0;197093.53;196103.12
2016-08-03 19:19;2016-08-05 13:27;2499;1.11489;down;sl;tp;sell;65.0;3010.0;195122.60;199289.79
2016-08-09 00:21;2016-08-10 09:19;1967;1.10880;up;tp;sl;buy;65.0;3075.0;198293.34;202528.25
2016-08-11 18:17;2016-08-16 06:31;3569;1.11409;down;tp;sl;buy;65.0;3140.0;201515.61;205819.33
2016-08-17 19:42;2016-08-18 19:57;1444;1.12793;down;tp;sl;buy;65.0;3205.0;204790.24;209163.90
2016-08-21 23:09;2016-08-23 03:16;1670;1.13156;down;sl;sl;none;-40.0;3165.0;208118.08;207072.26
2016-08-23 06:31;2016-08-23 15:42;551;1.13344;up;sl;sl;none;-40.0;3125.0;206036.90;205001.54
2016-08-24 04:24;2016-08-26 14:10;3433;1.12970;down;sl;sl;none;-40.0;3085.0;203976.53;202951.52
2016-08-26 17:31;2016-08-30 14:07;2655;1.12246;down;sl;tp;sell;65.0;3150.0;201936.76;206249.48
2016-09-01 00:18;2016-09-01 14:06;827;1.11580;up;sl;sl;none;-40.0;3110.0;205218.24;204186.99
2016-09-01 14:12;2016-09-05 13:00;2777;1.11678;up;sl;sl;none;-40.0;3070.0;203166.05;202145.12
2016-09-06 17:59;2016-09-08 08:32;2290;1.12565;up;sl;sl;none;-40.0;3030.0;201134.39;200123.67
2016-09-08 11:56;2016-09-08 12:45;49;1.12970;up;sl;sl;none;-40.0;2990.0;199123.05;198122.43
2016-09-09 15:27;2016-09-16 12:39;6986;1.12181;down;sl;sl;none;-40.0;2950.0;197131.82;196141.21
2016-09-20 00:04;2016-09-20 18:55;1130;1.11778;up;sl;sl;none;-40.0;2910.0;195160.50;194179.79
2016-09-20 22:47;2016-09-21 18:00;1153;1.11524;down;sl;sl;none;-40.0;2870.0;193208.90;192238.00
2016-09-22 02:51;2016-09-26 15:01;3586;1.11856;up;tp;sl;buy;65.0;2935.0;191276.81;195361.86
2016-09-27 17:25;2016-09-29 15:30;2747;1.12241;down;sl;sl;none;-40.0;2895.0;194385.05;193408.25
2016-09-30 07:03;2016-09-30 14:47;464;1.12108;down;sl;sl;none;-40.0;2855.0;192441.20;191474.16
2016-10-03 05:21;2016-10-04 14:15;1966;1.12351;up;sl;tp;sell;65.0;2920.0;190516.79;194585.62
2016-10-05 11:16;2016-10-06 23:15;2137;1.12246;up;sl;tp;sell;65.0;2985.0;193612.69;197747.63
2016-10-10 02:36;2016-10-11 07:28;1721;1.11920;up;sl;tp;sell;65.0;3050.0;196758.90;200961.03
2016-10-13 19:51;2016-10-17 00:37;1711;1.10498;up;sl;tp;sell;65.0;3115.0;199956.23;204226.65
2016-10-18 01:47;2016-10-20 13:23;3544;1.10205;up;sl;tp;sell;65.0;3180.0;203205.52;207545.33
2016-10-24 21:48;2016-10-25 15:33;1062;1.08758;up;sl;sl;none;-40.0;3140.0;206507.61;205469.88
2016-10-26 01:28;2016-10-28 17:22;3803;1.08816;up;tp;sl;buy;65.0;3205.0;204442.53;208808.77
2016-10-28 20:19;2016-11-01 11:14;2269;1.09863;up;sl;sl;none;-40.0;3165.0;207764.72;206720.68
2016-11-01 11:56;2016-11-02 14:39;1595;1.10264;up;tp;sl;buy;65.0;3230.0;205687.07;210079.89
2016-11-03 21:48;2016-11-04 16:01;1075;1.11062;down;sl;sl;none;-40.0;3190.0;209029.49;207979.09
2016-11-04 16:50;2016-11-06 22:05;250;1.11206;up;sl;sl;none;-40.0;3150.0;206939.19;205899.30
2016-11-07 03:50;2016-11-09 00:59;2687;1.10799;down;sl;tp;sell;65.0;3215.0;204869.80;209245.16
2016-11-09 03:02;2016-11-09 03:26;24;1.11280;up;tp;sl;buy;65.0;3280.0;208198.94;212645.40
2016-11-10 05:59;2016-11-11 10:01;1677;1.09413;down;sl;tp;sell;65.0;3345.0;211582.17;216100.88
2016-11-15 20:18;2016-11-16 10:47;863;1.07175;up;sl;sl;none;-40.0;3305.0;215020.38;213939.88
2016-11-21 10:57;2016-11-22 09:28;1344;1.06371;up;sl;sl;none;-40.0;3265.0;212870.18;211800.48
2016-11-22 17:11;2016-11-23 14:02;1239;1.06362;down;sl;tp;sell;65.0;3330.0;210741.47;215242.23
2016-11-25 02:03;2016-11-28 01:49;1414;1.05555;up;tp;sl;buy;65.0;3395.0;214166.02;218739.92
2016-11-29 06:52;2016-11-29 15:51;539;1.06061;down;sl;sl;none;-40.0;3355.0;217646.22;216552.52
2016-11-29 20:48;2016-11-30 09:05;730;1.06441;up;sl;sl;none;-40.0;3315.0;215469.76;214387.00
2016-12-01 01:17;2016-12-02 04:00;1595;1.05993;down;tp;sl;buy;65.0;3380.0;213315.06;217870.78
2016-12-05 03:46;2016-12-05 08:14;268;1.05451;down;tp;sl;buy;65.0;3445.0;216781.43;221411.19
2016-12-05 23:33;2016-12-06 08:16;521;1.07599;up;sl;sl;none;-40.0;3405.0;220304.13;219197.07
2016-12-07 01:10;2016-12-08 09:30;1929;1.07135;down;tp;sl;buy;65.0;3470.0;218101.09;222759.03
2016-12-08 20:12;2016-12-09 16:00;1182;1.06196;down;sl;tp;sell;65.0;3535.0;221645.23;226378.86
2016-12-12 20:40;2016-12-13 16:09;1164;1.06355;up;sl;sl;none;-40.0;3495.0;225246.97;224115.07
2016-12-14 03:04;2016-12-14 08:39;331;1.06354;down;sl;sl;none;-40.0;3455.0;222994.50;221873.92
2016-12-14 14:02;2016-12-14 19:00;298;1.06343;up;sl;sl;none;-40.0;3415.0;220764.55;219655.18
2016-12-14 23:00;2016-12-15 11:19;739;1.05256;down;sl;tp;sell;65.0;3480.0;218556.91;223224.58
2016-12-16 21:26;2016-12-19 11:56;862;1.04449;up;sl;sl;none;-40.0;3440.0;222108.46;220992.33
2016-12-19 21:42;2016-12-21 12:05;2291;1.04019;down;sl;sl;none;-40.0;3400.0;219887.37;218782.41
2016-12-21 14:07;2016-12-22 10:15;1202;1.04422;up;sl;sl;none;-40.0;3360.0;217688.50;216594.58
2016-12-23 15:35;2016-12-26 16:41;1063;1.04481;down;sl;sl;none;-40.0;3320.0;215511.61;214428.64
2016-12-27 11:12;2016-12-28 11:15;1434;1.04499;down;sl;sl;none;-40.0;3280.0;213356.50;212284.35
2016-12-28 16:35;2016-12-28 20:11;216;1.03949;down;sl;sl;none;-40.0;3240.0;211222.93;210161.51
2016-12-29 17:50;2016-12-29 23:39;341;1.04695;up;tp;sl;buy;65.0;3305.0;209110.70;213576.63
2017-01-02 11:13;2017-01-03 11:00;1394;1.04807;down;sl;tp;sell;65.0;3370.0;212508.75;217047.25
2017-01-04 18:03;2017-01-05 05:28;675;1.04713;up;tp;sl;buy;65.0;3435.0;215962.02;220574.27
2017-01-09 00:38;2017-01-10 02:46;1562;1.05259;down;tp;sl;buy;65.0;3500.0;219471.40;224158.60
2017-01-11 05:08;2017-01-11 15:15;606;1.05502;down;sl;tp;sell;65.0;3565.0;223037.81;227801.18
2017-01-12 06:48;2017-01-12 20:08;800;1.06309;up;sl;sl;none;-40.0;3525.0;226662.18;225523.17
2017-01-13 16:34;2017-01-16 08:09;927;1.06182;down;sl;sl;none;-40.0;3485.0;224395.55;223267.94
2017-01-16 13:44;2017-01-17 11:00;1269;1.05976;down;tp;sl;buy;65.0;3550.0;222151.60;226896.04
2017-01-17 11:57;2017-01-18 23:56;2148;1.07108;up;sl;tp;sell;65.0;3615.0;225761.56;230583.10
2017-01-20 05:00;2017-01-20 19:22;862;1.06800;up;sl;sl;none;-40.0;3575.0;229430.19;228277.27
2017-01-25 03:04;2017-01-25 09:54;410;1.07317;down;sl;sl;none;-40.0;3535.0;227135.88;225994.50
2017-01-26 03:17;2017-01-26 14:34;677;1.07605;up;sl;tp;sell;65.0;3600.0;224864.53;229666.91
2017-01-26 16:17;2017-01-30 12:11;2622;1.06625;down;sl;sl;none;-40.0;3560.0;228518.57;227370.24
2017-01-31 02:49;2017-01-31 14:52;723;1.07014;down;tp;sl;buy;65.0;3625.0;226233.39;231065.01
2017-01-31 16:10;2017-02-02 13:47;2722;1.08031;up;sl;sl;none;-40.0;3585.0;229909.68;228754.36
2017-02-02 18:25;2017-02-06 14:06;2607;1.07913;up;sl;tp;sell;65.0;3650.0;227610.58;232471.61
2017-02-06 21:23;2017-02-07 08:10;642;1.07536;down;sl;tp;sell;65.0;3715.0;231309.26;236249.28
2017-02-08 17:35;2017-02-10 13:56;2651;1.07025;up;sl;tp;sell;65.0;3780.0;235068.03;240088.33
2017-02-16 02:09;2017-02-16 09:11;422;1.06203;up;sl;sl;none;-40.0;3740.0;238887.89;237687.45
2017-02-19 22:51;2017-02-21 10:15;2114;1.06228;down;sl;tp;sell;65.0;3805.0;236499.01;241549.87
2017-02-23 11:38;2017-03-01 08:03;5507;1.05510;up;sl;sl;none;-40.0;3765.0;240342.12;239134.37
2017-03-03 18:28;2017-03-08 13:17;3986;1.05568;up;sl;sl;none;-40.0;3725.0;237938.70;236743.02
2017-03-09 20:38;2017-03-10 16:32;1187;1.05879;up;tp;sl;buy;65.0;3790.0;235559.31;240590.10
2017-03-14 03:01;2017-03-15 18:02;2334;1.06529;down;sl;sl;none;-40.0;3750.0;239387.15;238184.20
2017-03-15 22:22;2017-03-16 19:05;1243;1.07306;up;sl;sl;none;-40.0;3710.0;236993.28;235802.36
2017-03-20 05:50;2017-03-21 07:11;1509;1.07625;down;sl;sl;none;-40.0;3670.0;234623.34;233444.33
2017-03-21 11:08;2017-03-26 21:05;4882;1.08049;down;sl;sl;none;-40.0;3630.0;232277.11;231109.89
2017-03-28 16:46;2017-03-29 11:51;1135;1.08406;down;sl;tp;sell;65.0;3695.0;229954.34;234865.42
2017-04-04 19:40;2017-04-07 17:55;4179;1.06701;up;sl;tp;sell;65.0;3760.0;233691.10;238681.99
2017-04-11 04:41;2017-04-12 20:36;2379;1.05886;up;tp;sl;buy;65.0;3825.0;237488.58;242560.57
2017-04-12 22:17;2017-04-18 11:41;5048;1.06622;up;sl;sl;none;-40.0;3785.0;241347.77;240134.96
2017-04-20 02:41;2017-04-21 10:17;1866;1.07141;down;sl;sl;none;-40.0;3745.0;238934.29;237733.61
2017-04-21 13:00;2017-04-23 21:05;480;1.07008;down;tp;sl;buy;65.0;3810.0;236544.95;241596.79
2017-04-24 02:03;2017-04-25 14:20;2170;1.08397;up;tp;sl;buy;65.0;3875.0;240388.80;245522.73
2017-04-26 22:21;2017-04-27 12:35;853;1.09051;down;sl;sl;none;-40.0;3835.0;244295.12;243067.51
2017-04-27 19:19;2017-04-28 08:59;810;1.08791;up;sl;sl;none;-40.0;3795.0;241852.17;240636.83
2017-04-28 19:42;2017-05-04 16:15;5502;1.08928;up;tp;sl;buy;65.0;3860.0;239433.65;244547.18
2017-05-04 18:37;2017-05-05 15:40;1251;1.09773;up;sl;sl;none;-40.0;3820.0;243324.44;242101.71
2017-05-08 07:10;2017-05-09 10:46;1646;1.09731;down;sl;tp;sell;65.0;3885.0;240891.20;246035.86
2017-05-11 22:56;2017-05-15 08:32;1983;1.08639;up;tp;sl;buy;65.0;3950.0;244805.68;250033.94
2017-05-18 23:25;2017-05-19 17:29;1080;1.11127;down;tp;sl;buy;65.0;4015.0;248783.77;254096.99
2017-05-23 21:14;2017-05-26 13:13;3807;1.11828;down;sl;sl;none;-40.0;3975.0;252826.51;251556.02
2017-05-31 04:09;2017-06-02 12:34;3339;1.11767;up;tp;sl;buy;65.0;4040.0;250298.24;255643.81
2017-06-02 18:10;2017-06-08 23:31;6011;1.12766;up;sl;tp;sell;65.0;4105.0;254365.59;259798.02
2017-06-12 10:34;2017-06-14 12:31;2953;1.12156;up;sl;sl;none;-40.0;4065.0;258499.03;257200.04
2017-06-15 16:16;2017-06-20 15:25;4232;1.11407;down;sl;sl;none;-40.0;4025.0;255914.04;254628.04
2017-06-21 21:58;2017-06-23 13:59;2354;1.11681;up;sl;sl;none;-40.0;3985.0;253354.90;252081.76
2017-06-23 18:09;2017-06-26 12:51;1078;1.11997;up;sl;sl;none;-40.0;3945.0;250821.35;249560.94
2017-06-27 00:24;2017-06-27 11:11;644;1.11821;down;tp;sl;buy;65.0;4010.0;248313.14;253616.31
2017-07-03 00:14;2017-07-04 05:45;1750;1.14214;down;sl;tp;sell;65.0;4075.0;252348.23;257737.57
2017-07-06 15:08;2017-07-12 04:42;5082;1.13996;up;tp;sl;buy;65.0;4140.0;256448.89;261925.81
2017-07-13 01:38;2017-07-13 08:05;387;1.14309;down;sl;sl;none;-40.0;4100.0;260616.18;259306.55
2017-07-14 18:07;2017-07-18 01:02;1831;1.14680;up;sl;sl;none;-40.0;4060.0;258010.02;256713.49
2017-07-19 17:44;2017-07-20 12:47;1132;1.15206;down;sl;sl;none;-40.0;4020.0;255429.92;254146.35
2017-07-20 17:27;2017-07-26 19:00;5799;1.16310;up;tp;sl;buy;65.0;4085.0;252875.62;258276.23
2017-07-27 01:10;2017-07-27 10:49;579;1.17250;up;sl;sl;none;-40.0;4045.0;256984.85;255693.47
2017-07-28 04:03;2017-07-31 14:54;2082;1.16835;down;tp;sl;buy;65.0;4110.0;254415.00;259848.49
2017-08-02 02:16;2017-08-02 17:10;894;1.17997;down;tp;sl;buy;65.0;4175.0;258549.24;264071.02
2017-08-04 01:15;2017-08-04 13:53;757;1.18774;down;sl;tp;sell;65.0;4240.0;262750.67;268362.18
2017-08-04 19:14;2017-08-08 14:27;2560;1.17754;down;sl;sl;none;-40.0;4200.0;267020.37;265678.56
2017-08-08 18:13;2017-08-10 19:02;2913;1.17557;down;sl;sl;none;-40.0;4160.0;264350.16;263021.77
2017-08-11 02:12;2017-08-15 06:47;3129;1.17680;down;sl;sl;none;-40.0;4120.0;261706.66;260391.55
2017-08-16 21:32;2017-08-17 08:02;627;1.17697;up;sl;sl;none;-40.0;4080.0;259089.59;257787.64
2017-08-18 02:26;2017-08-21 14:57;2160;1.17336;down;tp;sl;buy;65.0;4145.0;256498.70;261976.69
2017-08-22 21:33;2017-08-23 07:58;614;1.17611;down;sl;sl;none;-40.0;4105.0;260666.80;259356.92
2017-08-23 17:47;2017-08-25 14:01;2624;1.18091;up;sl;sl;none;-40.0;4065.0;258060.13;256763.35
2017-08-30 12:28;2017-08-31 12:06;1411;1.19182;down;sl;tp;sell;65.0;4130.0;255479.53;260935.75
2017-09-01 07:18;2017-09-01 12:31;313;1.18870;up;tp;sl;buy;65.0;4195.0;259631.08;265175.96
2017-09-04 01:57;2017-09-07 08:47;4678;1.18846;down;tp;sl;buy;65.0;4260.0;263850.08;269485.07
2017-09-11 08:18;2017-09-12 11:02;1596;1.20157;down;sl;tp;sell;65.0;4325.0;268137.64;273864.20
2017-09-13 03:38;2017-09-13 15:27;709;1.19827;up;sl;tp;sell;65.0;4390.0;272494.88;278314.50
2017-09-13 21:50;2017-09-14 07:53;599;1.18876;down;sl;sl;none;-40.0;4350.0;276922.92;275531.35
2017-09-15 01:55;2017-09-19 06:10;3100;1.19075;up;tp;sl;buy;65.0;4415.0;274153.69;280008.74
2017-09-20 23:11;2017-09-22 05:59;1834;1.18819;down;tp;sl;buy;65.0;4480.0;278608.69;284558.88
2017-09-25 08:46;2017-09-26 07:19;1346;1.19079;down;sl;tp;sell;65.0;4545.0;283136.08;289182.96
2017-09-28 16:35;2017-10-02 05:35;2194;1.17806;up;sl;sl;none;-40.0;4505.0;287737.04;286291.13
2017-10-02 13:41;2017-10-04 00:46;2092;1.17574;down;sl;sl;none;-40.0;4465.0;284859.67;283428.22
2017-10-04 02:18;2017-10-06 04:05;2965;1.17751;up;sl;tp;sell;65.0;4530.0;282011.08;288033.93
2017-10-09 00:39;2017-10-10 17:40;2439;1.17390;up;tp;sl;buy;65.0;4595.0;286593.76;292714.48
2017-10-13 01:33;2017-10-13 12:32;657;1.18387;down;sl;sl;none;-40.0;4555.0;291250.91;289787.33
2017-10-18 17:19;2017-10-20 15:39;2757;1.17860;up;sl;sl;none;-40.0;4515.0;288338.40;286889.46
2017-10-20 18:13;2017-10-25 14:13;4045;1.17815;down;sl;sl;none;-40.0;4475.0;285455.01;284020.57
2017-10-26 19:51;2017-11-02 01:40;6028;1.16431;down;sl;sl;none;-40.0;4435.0;282600.46;281180.36
2017-11-02 12:47;2017-11-02 14:09;82;1.16600;up;sl;sl;none;-40.0;4395.0;279774.46;278368.56
2017-11-03 18:31;2017-11-06 14:15;1116;1.16028;down;sl;sl;none;-40.0;4355.0;276976.71;275584.87
2017-11-08 15:28;2017-11-14 07:18;5217;1.15946;up;tp;sl;buy;65.0;4420.0;274206.95;280063.12
2017-11-16 12:27;2017-11-19 23:13;2070;1.17661;down;sl;sl;none;-40.0;4380.0;278662.81;277262.49
2017-11-20 06:52;2017-11-21 09:38;1595;1.17378;down;sl;sl;none;-40.0;4340.0;275876.18;274489.87
2017-11-21 13:08;2017-11-22 19:01;1785;1.17184;down;tp;sl;buy;65.0;4405.0;273117.42;278950.33
2017-11-28 01:23;2017-11-29 13:26;2156;1.19030;down;sl;tp;sell;65.0;4470.0;277555.58;283483.27
2017-11-30 04:46;2017-11-30 14:33;586;1.18634;up;sl;sl;none;-40.0;4430.0;282065.86;280648.44
2017-11-30 16:21;2017-12-01 06:06;820;1.19122;up;sl;sl;none;-40.0;4390.0;279245.20;277841.95
2017-12-04 01:37;2017-12-06 14:57;3663;1.18726;down;sl;tp;sell;65.0;4455.0;276452.74;282356.89
2017-12-11 11:07;2017-12-13 19:58;3381;1.18018;up;sl;sl;none;-40.0;4415.0;280945.10;279533.32
2017-12-13 21:39;2017-12-14 14:02;977;1.18269;up;sl;sl;none;-40.0;4375.0;278135.65;276737.98
2017-12-15 04:47;2017-12-15 15:54;666;1.17838;down;sl;sl;none;-40.0;4335.0;275354.29;273970.60
2017-12-19 00:04;2017-12-20 15:08;2334;1.17834;up;tp;sl;buy;65.0;4400.0;272600.75;278422.63
2017-12-22 00:38;2017-12-28 05:19;4200;1.18401;down;tp;sl;buy;65.0;4465.0;277030.51;282946.99
2018-01-03 16:31;2018-01-04 09:49;1031;1.20227;down;sl;sl;none;-40.0;4425.0;281532.26;280117.52
2018-01-04 18:01;2018-01-08 08:44;2298;1.20749;up;sl;tp;sell;65.0;4490.0;278716.94;284669.43
2018-01-10 16:26;2018-01-11 12:34;1202;1.19675;up;sl;sl;none;-40.0;4450.0;283246.09;281822.74
2018-01-11 18:52;2018-01-12 08:47;829;1.20335;down;tp;sl;buy;65.0;4515.0;280413.63;286402.36
2018-01-16 18:49;2018-01-17 05:29;634;1.22643;down;sl;sl;none;-40.0;4475.0;284970.35;283538.34
2018-01-17 15:51;2018-01-17 20:16;265;1.22379;up;sl;sl;none;-40.0;4435.0;282120.64;280702.95
2018-01-18 00:37;2018-01-19 07:41;1859;1.21927;down;tp;sl;buy;65.0;4500.0;279299.44;285264.38
2018-01-22 08:32;2018-01-24 04:06;2595;1.22411;down;tp;sl;buy;65.0;4565.0;283838.05;289899.92
2018-01-26 19:37;2018-01-29 16:19;1235;1.24228;down;sl;tp;sell;65.0;4630.0;288450.42;294610.80
2018-01-30 19:51;2018-02-01 16:45;2676;1.24026;up;tp;sl;buy;65.0;4695.0;293137.74;299398.22
2018-02-01 23:16;2018-02-02 15:01;945;1.25086;up;sl;tp;sell;65.0;4760.0;297901.23;304263.44
2018-02-05 01:11;2018-02-05 21:49;1238;1.24563;down;sl;tp;sell;65.0;4825.0;302742.12;309207.72
2018-02-07 08:08;2018-02-07 10:07;119;1.23680;up;sl;sl;none;-40.0;4785.0;307661.68;306115.65
2018-02-07 12:01;2018-02-07 17:46;345;1.23444;down;sl;tp;sell;65.0;4850.0;304585.07;311090.02
2018-02-09 15:43;2018-02-12 01:02;550;1.22457;up;sl;sl;none;-40.0;4810.0;309534.57;307979.12
2018-02-12 04:07;2018-02-13 05:18;1500;1.22885;up;sl;sl;none;-40.0;4770.0;306439.23;304899.33
2018-02-19 00:06;2018-02-20 13:51;2248;1.24175;down;sl;tp;sell;65.0;4835.0;303374.84;309853.95
2018-02-23 03:57;2018-02-26 05:48;1539;1.23070;up;sl;sl;none;-40.0;4795.0;308304.68;306755.41
2018-02-26 12:09;2018-02-27 15:06;1612;1.23332;up;sl;tp;sell;65.0;4860.0;305221.63;311740.18
2018-03-02 01:40;2018-03-04 22:13;1228;1.22700;up;tp;sl;buy;65.0;4925.0;310181.48;316805.96
2018-03-06 02:46;2018-03-06 11:23;517;1.23505;down;sl;sl;none;-40.0;4885.0;315221.93;313637.90
2018-03-08 06:36;2018-03-08 12:49;373;1.24062;down;sl;sl;none;-40.0;4845.0;312069.71;310501.52
2018-03-12 05:11;2018-03-12 11:29;378;1.23207;up;sl;sl;none;-40.0;4805.0;308949.01;307396.51
2018-03-15 00:16;2018-03-16 13:37;2223;1.23740;down;sl;tp;sell;65.0;4870.0;305859.52;312391.70
2018-03-19 23:19;2018-03-20 16:50;1050;1.23376;up;sl;tp;sell;65.0;4935.0;310829.74;317468.07
2018-03-20 21:55;2018-03-21 18:58;1255;1.22446;down;tp;sl;buy;65.0;5000.0;315880.73;322626.92
2018-03-21 23:03;2018-03-22 10:05;662;1.23421;up;sl;sl;none;-40.0;4960.0;321013.79;319400.65
2018-03-23 05:23;2018-03-26 13:28;1900;1.23366;down;tp;sl;buy;65.0;5025.0;317803.65;324590.91
2018-03-27 22:06;2018-03-28 17:36;1168;1.24046;down;sl;tp;sell;65.0;5090.0;322967.96;329865.52
2018-03-30 05:48;2018-04-02 15:37;1893;1.23082;up;sl;sl;none;-40.0;5050.0;328216.19;326566.86
2018-04-02 17:38;2018-04-03 13:15;1160;1.22944;down;sl;sl;none;-40.0;5010.0;324934.03;323301.19
2018-04-04 21:57;2018-04-09 12:11;3712;1.22819;up;sl;sl;none;-40.0;4970.0;321684.69;320068.18
2018-04-12 12:52;2018-04-16 07:53;2545;1.23267;down;sl;sl;none;-40.0;4930.0;318467.84;316867.50
2018-04-17 22:44;2018-04-18 11:40;774;1.23710;down;sl;sl;none;-40.0;4890.0;315283.16;313698.82
2018-04-18 19:04;2018-04-19 09:23;848;1.23766;up;sl;sl;none;-40.0;4850.0;312130.33;310561.83
2018-04-19 18:17;2018-04-20 14:50;1215;1.23475;down;sl;tp;sell;65.0;4915.0;309009.03;315608.46
2018-04-25 00:55;2018-04-26 14:09;2224;1.22288;up;sl;tp;sell;65.0;4980.0;314030.42;320737.10
2018-04-30 05:34;2018-05-01 08:11;1588;1.21328;up;sl;tp;sell;65.0;5045.0;319133.42;325949.08
2018-05-04 00:07;2018-05-07 11:47;2123;1.19867;up;sl;tp;sell;65.0;5110.0;324319.33;331245.75
2018-05-10 08:49;2018-05-11 12:54;1678;1.18716;up;tp;sl;buy;65.0;5175.0;329589.52;336628.50
2018-05-15 07:47;2018-05-15 13:05;318;1.19261;down;sl;tp;sell;65.0;5240.0;334945.35;342098.71
2018-05-17 18:43;2018-05-18 09:53;894;1.17975;up;sl;sl;none;-40.0;5200.0;340388.22;338677.72
2018-05-22 06:00;2018-05-22 07:35;95;1.17825;up;sl;sl;none;-40.0;5160.0;336984.33;335290.94
2018-05-23 04:58;2018-05-23 17:20;742;1.17664;down;sl;tp;sell;65.0;5225.0;333614.49;340739.42
2018-05-24 19:21;2018-05-28 10:21;2320;1.17246;up;sl;tp;sell;65.0;5290.0;339035.73;346276.44
2018-05-30 17:11;2018-06-01 14:15;2690;1.16581;up;sl;sl;none;-40.0;5250.0;344545.06;342813.67
2018-06-01 14:37;2018-06-04 11:59;1255;1.16530;down;tp;sl;buy;65.0;5315.0;341099.61;348384.40
2018-06-04 12:24;2018-06-06 06:32;2507;1.17312;up;sl;sl;none;-40.0;5275.0;346642.47;344900.55
2018-06-08 12:29;2018-06-12 18:26;3196;1.17553;down;sl;sl;none;-40.0;5235.0;343176.05;341451.55
2018-06-14 01:44;2018-06-14 11:49;604;1.17978;up;sl;sl;none;-40.0;5195.0;339744.29;338037.03
2018-06-14 19:06;2018-06-15 09:18;834;1.15931;down;sl;sl;none;-40.0;5155.0;336346.85;334656.66
2018-06-18 04:46;2018-06-18 10:30;343;1.15916;up;sl;sl;none;-40.0;5115.0;332983.38;331310.09
2018-06-18 19:42;2018-06-19 06:35;642;1.16172;down;sl;sl;none;-40.0;5075.0;329653.54;327996.99
2018-06-19 17:18;2018-06-21 12:47;2577;1.15823;down;sl;sl;none;-40.0;5035.0;326357.01;324717.02
2018-06-21 15:32;2018-06-25 11:48;2625;1.16040;up;tp;sl;buy;65.0;5100.0;323093.44;329993.68
2018-06-26 22:15;2018-06-27 08:35;616;1.16478;down;sl;sl;none;-40.0;5060.0;328343.71;326693.74
2018-06-29 03:03;2018-06-29 08:01;298;1.16391;up;sl;sl;none;-40.0;5020.0;325060.27;323426.80
2018-07-02 19:07;2018-07-05 06:01;3454;1.16156;down;tp;sl;buy;65.0;5085.0;321809.67;328682.49
2018-07-05 13:23;2018-07-06 12:30;1373;1.17086;up;sl;sl;none;-40.0;5045.0;327039.07;325395.66
2018-07-10 09:23;2018-07-10 17:19;476;1.17210;down;sl;sl;none;-40.0;5005.0;323768.68;322141.70
2018-07-11 16:21;2018-07-13 07:11;2309;1.17192;up;sl;tp;sell;65.0;5070.0;320531.00;327376.51
2018-07-16 08:41;2018-07-17 15:58;1860;1.16930;up;sl;sl;none;-40.0;5030.0;325739.63;324102.74
2018-07-17 18:49;2018-07-19 12:30;2476;1.16622;down;sl;tp;sell;65.0;5095.0;322482.23;329369.41
2018-07-19 15:34;2018-07-20 12:43;1264;1.16015;up;tp;sl;buy;65.0;5160.0;327722.57;334721.67
2018-07-20 12:47;2018-07-24 04:57;2391;1.16962;up;sl;sl;none;-40.0;5120.0;333048.06;331374.45
2018-07-25 10:06;2018-07-25 19:42;576;1.17003;up;sl;sl;none;-40.0;5080.0;329717.58;328060.70
2018-07-25 23:24;2018-07-26 16:00;994;1.17346;up;sl;tp;sell;65.0;5145.0;326420.40;333391.69
2018-07-27 00:46;2018-07-27 19:50;1142;1.16434;down;sl;sl;none;-40.0;5105.0;331724.73;330057.77
2018-07-30 04:03;2018-07-31 11:12;1842;1.16544;up;tp;sl;buy;65.0;5170.0;328407.48;335421.21
2018-08-01 01:19;2018-08-02 11:53;2048;1.16859;down;sl;tp;sell;65.0;5235.0;333744.11;340871.81
2018-08-07 11:31;2018-08-08 12:45;1494;1.15939;up;sl;sl;none;-40.0;5195.0;339167.45;337463.09
2018-08-09 08:43;2018-08-09 15:12;389;1.15861;down;sl;sl;none;-40.0;5155.0;335775.77;334088.46
2018-08-09 18:42;2018-08-10 05:14;622;1.15534;up;sl;tp;sell;65.0;5220.0;332418.02;339517.40
2018-08-14 05:21;2018-08-14 09:04;223;1.14002;up;sl;sl;none;-40.0;5180.0;337819.81;336122.22
2018-08-14 18:45;2018-08-16 01:35;1824;1.13396;down;sl;sl;none;-40.0;5140.0;334441.61;332761.00
2018-08-16 06:54;2018-08-16 13:47;413;1.13778;up;sl;sl;none;-40.0;5100.0;331097.19;329433.39
2018-08-23 15:57;2018-08-24 11:40;1165;1.15719;down;sl;sl;none;-40.0;5060.0;327786.22;326139.06
2018-08-24 13:06;2018-08-27 16:24;1610;1.15976;up;tp;sl;buy;65.0;5125.0;324508.36;331438.82
2018-08-29 16:56;2018-08-31 15:18;2756;1.17063;down;sl;tp;sell;65.0;5190.0;329781.62;336824.70
2018-09-04 02:49;2018-09-05 13:08;2030;1.15978;up;sl;sl;none;-40.0;5150.0;335140.57;333456.45
2018-09-05 15:27;2018-09-07 12:30;2671;1.16123;up;sl;sl;none;-40.0;5110.0;331789.17;330121.88
2018-09-11 00:43;2018-09-11 12:03;673;1.15935;up;sl;sl;none;-40.0;5070.0;328471.28;326820.67
2018-09-12 00:27;2018-09-12 14:01;802;1.15941;down;sl;sl;none;-40.0;5030.0;325186.56;323552.46
2018-09-12 19:20;2018-09-14 07:32;2111;1.16258;up;tp;sl;buy;65.0;5095.0;321934.70;328810.19
2018-09-17 00:03;2018-09-18 06:10;1781;1.16244;down;tp;sl;buy;65.0;5160.0;327166.14;334153.35
2018-09-18 23:24;2018-09-19 07:32;477;1.16780;down;sl;sl;none;-40.0;5120.0;332482.59;330811.82
2018-09-19 08:09;2018-09-20 11:19;1611;1.17022;down;sl;sl;none;-40.0;5080.0;329157.76;327503.70
2018-09-24 01:19;2018-09-24 08:27;410;1.17456;down;sl;sl;none;-40.0;5040.0;325866.18;324228.66
2018-09-24 22:10;2018-09-26 13:36;2336;1.17465;up;sl;sl;none;-40.0;5000.0;322607.52;320986.38
2018-09-26 17:11;2018-09-26 18:43;92;1.17547;down;sl;sl;none;-40.0;4960.0;319381.44;317776.51
2018-10-01 18:24;2018-10-03 20:39;2964;1.15770;up;sl;tp;sell;65.0;5025.0;316187.63;322940.38
2018-10-03 23:23;2018-10-09 09:54;4885;1.14767;down;sl;sl;none;-40.0;4985.0;321325.68;319710.98
2018-10-09 18:55;2018-10-11 12:30;2463;1.14997;up;tp;sl;buy;65.0;5050.0;318112.42;324906.28
2018-10-15 00:25;2018-10-17 11:21;3496;1.15539;down;sl;sl;none;-40.0;5010.0;323281.75;321657.22
2018-10-22 01:17;2018-10-22 13:01;697;1.15029;up;sl;sl;none;-40.0;4970.0;320048.93;318440.65
2018-10-23 00:44;2018-10-23 09:58;551;1.14631;down;sl;sl;none;-40.0;4930.0;316848.44;315256.24
2018-10-24 03:18;2018-10-24 12:05;525;1.14730;up;sl;tp;sell;65.0;4995.0;313679.96;320379.15
2018-10-24 12:42;2018-10-25 12:36;1421;1.14053;down;sl;sl;none;-40.0;4955.0;318777.26;317175.36
2018-10-29 01:39;2018-10-29 09:17;457;1.13874;up;sl;sl;none;-40.0;4915.0;315589.48;314003.61
2018-10-30 02:03;2018-11-01 11:35;3420;1.13764;down;sl;sl;none;-40.0;4875.0;312433.59;310863.57
2018-11-01 15:10;2018-11-02 15:45;1459;1.14082;up;sl;sl;none;-40.0;4835.0;309309.25;307754.94
2018-11-05 04:50;2018-11-05 15:26;636;1.13857;down;sl;sl;none;-40.0;4795.0;306216.16;304677.39
2018-11-06 02:45;2018-11-07 10:05;1863;1.14093;up;tp;sl;buy;65.0;4860.0;303154.00;309628.39
2018-11-08 12:45;2018-11-08 17:31;286;1.14238;down;sl;sl;none;-40.0;4820.0;308080.25;306532.11
2018-11-14 00:29;2018-11-14 14:54;865;1.13135;up;sl;sl;none;-40.0;4780.0;304999.45;303466.79
2018-11-16 11:25;2018-11-16 14:33;188;1.13260;down;tp;sl;buy;65.0;4845.0;301949.46;308398.12
2018-11-20 20:49;2018-11-23 10:55;3644;1.13689;down;sl;sl;none;-40.0;4805.0;306856.13;305314.14
2018-11-23 14:06;2018-11-26 08:24;1063;1.13536;down;sl;sl;none;-40.0;4765.0;303787.57;302261.00
2018-11-26 23:26;2018-11-28 17:09;2479;1.13306;up;sl;sl;none;-40.0;4725.0;300749.70;299238.39
2018-11-28 23:27;2018-11-30 14:34;2324;1.13680;up;sl;sl;none;-40.0;4685.0;297742.20;296246.01
2018-11-30 17:09;2018-12-04 09:36;2404;1.13240;down;tp;sl;buy;65.0;4750.0;294764.78;301060.01
2018-12-05 08:31;2018-12-07 19:13;3501;1.13303;down;tp;sl;buy;65.0;4815.0;299554.71;305952.23
2018-12-11 01:43;2018-12-11 14:21;758;1.13624;down;sl;sl;none;-40.0;4775.0;304422.47;302892.71
2018-12-12 23:50;2018-12-14 09:00;1976;1.13749;up;sl;tp;sell;65.0;4840.0;301378.24;307814.71
2018-12-17 17:32;2018-12-19 14:56;2709;1.13464;up;tp;sl;buy;65.0;4905.0;306275.64;312816.70
2018-12-21 17:34;2018-12-24 10:20;990;1.13909;down;sl;sl;none;-40.0;4865.0;311252.62;309688.54
2018-12-26 09:23;2018-12-27 14:56;1763;1.13953;up;sl;sl;none;-40.0;4825.0;308140.09;306591.65
2018-12-27 21:31;2019-01-02 12:19;3183;1.14381;up;sl;sl;none;-40.0;4785.0;305058.69;303525.74
2019-01-02 13:39;2019-01-03 15:08;1523;1.13833;down;sl;sl;none;-40.0;4745.0;302008.11;300490.48
2019-01-03 23:32;2019-01-04 13:30;837;1.13939;up;sl;sl;none;-40.0;4705.0;298988.03;297485.57
2019-01-08 21:35;2019-01-09 14:56;1033;1.14401;down;tp;sl;buy;65.0;4770.0;295998.15;302319.71
2019-01-11 02:17;2019-01-11 14:13;712;1.15154;down;sl;sl;none;-40.0;4730.0;300808.12;299296.52
2019-01-15 03:06;2019-01-15 16:11;780;1.14839;up;sl;tp;sell;65.0;4795.0;297800.03;304160.08
2019-01-18 10:12;2019-01-24 13:34;5904;1.14041;up;sl;tp;sell;65.0;4860.0;302639.28;309102.69
2019-01-24 20:16;2019-01-25 14:56;1110;1.13023;down;tp;sl;buy;65.0;4925.0;307557.17;314125.60
2019-01-25 21:49;2019-01-30 19:37;4158;1.14076;up;tp;sl;buy;65.0;4990.0;312554.98;319230.15
2019-01-30 19:52;2019-01-31 16:10;1207;1.14836;up;sl;sl;none;-40.0;4950.0;317634.00;316037.84
2019-02-01 05:32;2019-02-05 08:06;2996;1.14400;down;sl;sl;none;-40.0;4910.0;314457.66;312877.47
2019-02-12 23:11;2019-02-15 13:26;3699;1.13340;up;sl;tp;sell;65.0;4975.0;311313.08;317961.72
2019-02-17 23:24;2019-02-26 13:50;9382;1.12900;down;tp;sl;buy;65.0;5040.0;316371.92;323128.60
2019-02-28 03:33;2019-02-28 15:31;715;1.13792;down;sl;sl;none;-40.0;5000.0;321512.96;319897.32
2019-02-28 23:28;2019-03-04 08:04;1924;1.13709;up;sl;sl;none;-40.0;4960.0;318297.83;316698.34
2019-03-07 02:36;2019-03-07 16:35;832;1.13058;up;sl;tp;sell;65.0;5025.0;315114.85;321844.69
2019-03-11 01:57;2019-03-13 16:05;3680;1.12291;up;tp;sl;buy;65.0;5090.0;320235.47;327074.67
2019-03-15 01:31;2019-03-20 18:03;5174;1.13109;down;tp;sl;buy;65.0;5155.0;325439.29;332389.63
2019-03-20 18:17;2019-03-21 10:37;971;1.14118;up;sl;sl;none;-40.0;5115.0;330727.68;329065.74
2019-03-22 02:39;2019-03-22 08:47;364;1.13735;down;sl;tp;sell;65.0;5180.0;327420.41;334413.05
2019-03-25 21:05;2019-03-28 11:41;3721;1.13108;up;sl;tp;sell;65.0;5245.0;332740.99;339847.27
2019-04-01 06:49;2019-04-08 12:43;7384;1.12365;up;sl;sl;none;-40.0;5205.0;338148.03;336448.79
2019-04-08 13:31;2019-04-12 00:52;4899;1.12694;up;sl;sl;none;-40.0;5165.0;334766.55;333084.30
2019-04-12 03:36;2019-04-18 07:30;5845;1.12918;down;sl;sl;none;-40.0;5125.0;331418.88;329753.46
2019-04-18 10:52;2019-04-24 16:26;5738;1.12563;down;sl;tp;sell;65.0;5190.0;328104.69;335111.96
2019-04-26 18:16;2019-05-01 14:01;3887;1.11576;up;tp;sl;buy;65.0;5255.0;333436.40;340557.52
2019-05-02 11:16;2019-05-09 13:56;7249;1.12055;down;sl;sl;none;-40.0;5215.0;338854.74;337151.95
2019-05-09 20:25;2019-05-15 07:14;4860;1.12181;up;sl;sl;none;-40.0;5175.0;335466.19;333780.43
2019-05-16 17:05;2019-05-24 06:14;7796;1.11769;up;sl;sl;none;-40.0;5135.0;332111.53;330442.63
2019-05-28 01:41;2019-06-03 13:46;6375;1.11837;down;sl;sl;none;-40.0;5095.0;328790.41;327138.20
2019-06-06 03:41;2019-06-06 11:46;479;1.12302;down;sl;sl;none;-40.0;5055.0;325502.51;323866.82
2019-06-07 00:09;2019-06-07 12:30;731;1.12749;up;sl;sl;none;-40.0;5015.0;322247.48;320628.15
2019-06-10 23:02;2019-06-12 16:42;2435;1.13146;down;sl;sl;none;-40.0;4975.0;319025.01;317421.87
2019-06-12 23:01;2019-06-14 16:29;2453;1.12926;down;sl;tp;sell;65.0;5040.0;315834.76;322579.97
2019-06-18 01:31;2019-06-19 18:04;2387;1.12280;up;sl;sl;none;-40.0;5000.0;320967.07;319354.17
2019-06-19 19:02;2019-06-20 01:03;338;1.12408;up;sl;sl;none;-40.0;4960.0;317757.40;316160.63
2019-06-25 20:49;2019-06-26 15:59;1139;1.13691;down;sl;sl;none;-40.0;4920.0;314579.83;312999.03
2019-06-27 07:17;2019-07-01 05:02;2695;1.13666;up;sl;sl;none;-40.0;4880.0;311434.03;309869.04
2019-07-01 05:46;2019-07-01 15:41;595;1.13272;down;sl;sl;none;-40.0;4840.0;308319.69;306770.34
2019-07-03 03:26;2019-07-03 14:24;653;1.12923;up;sl;sl;none;-40.0;4800.0;305236.49;303702.64
2019-07-03 15:13;2019-07-09 09:05;5157;1.12803;down;sl;tp;sell;65.0;4865.0;302184.13;308637.81
2019-07-10 13:49;2019-07-16 10:45;5449;1.12430;up;sl;sl;none;-40.0;4825.0;307094.62;305551.43
2019-07-17 23:10;2019-07-18 18:20;1132;1.12271;up;sl;sl;none;-40.0;4785.0;304023.67;302495.92
2019-07-22 01:19;2019-07-24 07:31;3162;1.12121;down;sl;tp;sell;65.0;4850.0;300983.44;307411.48
2019-07-26 02:17;2019-07-31 20:15;5285;1.11474;up;sl;tp;sell;65.0;4915.0;305874.42;312406.91
2019-08-02 07:15;2019-08-05 11:06;1658;1.10860;up;tp;sl;buy;65.0;4980.0;310844.88;317483.52
2019-08-07 03:22;2019-08-07 13:46;624;1.12109;down;sl;sl;none;-40.0;4940.0;315896.11;314308.69
2019-08-07 16:01;2019-08-14 14:11;6982;1.12324;up;sl;tp;sell;65.0;5005.0;312737.15;319416.21
2019-08-19 15:20;2019-08-23 15:04;5580;1.10950;up;sl;sl;none;-40.0;4965.0;317819.12;316222.04
2019-08-23 19:49;2019-08-29 13:13;5251;1.11481;up;sl;tp;sell;65.0;5030.0;314640.93;321360.65
2019-09-04 06:56;2019-09-05 13:23;1785;1.09835;up;tp;sl;buy;65.0;5095.0;319753.85;326582.76
2019-09-06 17:01;2019-09-11 10:30;3848;1.10351;down;sl;sl;none;-40.0;5055.0;324949.85;323316.93
2019-09-12 18:27;2019-09-16 10:05;2349;1.10689;up;sl;sl;none;-40.0;5015.0;321700.35;320083.77
2019-09-16 12:29;2019-09-17 15:02;1586;1.10308;down;sl;sl;none;-40.0;4975.0;318483.35;316882.93
2019-09-17 21:29;2019-09-23 07:31;4861;1.10690;up;sl;tp;sell;65.0;5040.0;315298.51;322032.27
2019-09-24 17:09;2019-09-26 10:09;2435;1.10132;up;sl;tp;sell;65.0;5105.0;320422.11;327265.30
2019-09-30 02:25;2019-10-02 15:10;3592;1.09347;up;sl;sl;none;-40.0;5065.0;325628.97;323992.65
2019-10-08 02:33;2019-10-10 06:48;3089;1.09767;down;sl;sl;none;-40.0;5025.0;322372.68;320752.72
2019-10-14 18:42;2019-10-16 06:15;2094;1.10307;down;sl;sl;none;-40.0;4985.0;319148.96;317545.19
2019-10-16 07:28;2019-10-17 09:37;1540;1.10389;up;tp;sl;buy;65.0;5050.0;315957.47;322705.30
2019-10-22 03:03;2019-10-31 08:56;10155;1.11516;down;sl;sl;none;-40.0;5010.0;321091.78;319478.25
2019-11-01 08:08;2019-11-05 15:01;3193;1.11652;down;sl;tp;sell;65.0;5075.0;317880.86;324669.77
2019-11-07 01:50;2019-11-07 15:51;830;1.10648;up;sl;sl;none;-40.0;5035.0;323046.42;321423.07
2019-11-11 22:48;2019-11-15 15:18;5215;1.10319;up;sl;sl;none;-40.0;4995.0;319815.96;318208.84
2019-11-20 03:37;2019-11-21 13:02;1934;1.10743;down;sl;sl;none;-40.0;4955.0;316617.80;315026.75
2019-11-21 13:08;2019-11-25 13:08;2779;1.10928;up;sl;tp;sell;65.0;5020.0;313451.62;320145.94
2019-11-26 20:56;2019-12-02 14:12;5186;1.10231;up;sl;sl;none;-40.0;4980.0;318545.21;316944.48
2019-12-04 23:12;2019-12-06 14:59;2318;1.10802;down;sl;sl;none;-40.0;4940.0;315359.76;313775.03
2019-12-06 20:08;2019-12-11 19:56;4205;1.10554;down;tp;sl;buy;65.0;5005.0;312206.16;318873.88
2019-12-16 06:11;2019-12-18 13:10;3264;1.11371;down;sl;sl;none;-40.0;4965.0;317279.51;315685.14
2019-12-18 14:01;2019-12-20 11:15;2665;1.11181;down;sl;sl;none;-40.0;4925.0;314106.71;312528.29
2019-12-24 00:23;2019-12-27 02:25;2343;1.10929;up;sl;sl;none;-40.0;4885.0;310965.65;309403.01
2020-01-02 19:29;2020-01-06 09:44;2244;1.11682;down;sl;sl;none;-40.0;4845.0;307855.99;306308.98
2020-01-06 13:58;2020-01-08 13:12;2789;1.11981;up;sl;tp;sell;65.0;4910.0;304777.43;311286.50
2020-01-10 21:55;2020-01-17 13:35;6490;1.11208;up;sl;sl;none;-40.0;4870.0;309730.06;308173.63
2020-01-21 15:45;2020-01-28 11:52;6797;1.10938;up;sl;tp;sell;65.0;4935.0;306632.76;313181.45
2020-01-29 21:50;2020-01-31 20:41;2724;1.10061;up;tp;sl;buy;65.0;5000.0;311615.55;318270.65
2020-02-04 01:05;2020-02-06 15:31;3612;1.10617;down;sl;tp;sell;65.0;5065.0;316679.30;323442.55
2020-02-12 04:22;2020-02-14 00:13;2585;1.09147;up;sl;tp;sell;65.0;5130.0;321825.34;328698.49
2020-02-17 06:06;2020-02-21 15:38;6226;1.08397;up;sl;sl;none;-40.0;5090.0;327055.00;325411.51
2020-02-24 23:55;2020-02-27 08:11;3354;1.08497;down;tp;sl;buy;65.0;5155.0;323784.45;330699.44
2020-03-04 00:19;2020-03-05 12:13;2139;1.11707;down;sl;sl;none;-40.0;5115.0;329045.95;327392.45
2020-03-05 17:57;2020-03-05 21:12;195;1.12141;up;sl;sl;none;-40.0;5075.0;325755.49;324118.52
2020-03-10 12:28;2020-03-10 16:53;265;1.13831;down;sl;tp;sell;65.0;5140.0;322497.93;329385.45
2020-03-12 03:40;2020-03-12 11:16;456;1.13118;up;sl;tp;sell;65.0;5205.0;327738.52;334737.96
2020-03-16 21:18;2020-03-17 07:10;585;1.11637;up;sl;sl;none;-40.0;5165.0;333064.27;331390.58
2020-03-17 13:35;2020-03-18 03:58;858;1.10065;down;sl;sl;none;-40.0;5125.0;329733.63;328076.68
2020-03-23 02:51;2020-03-23 07:52;301;1.07189;up;sl;sl;none;-40.0;5085.0;326436.29;324795.91
2020-03-23 11:17;2020-03-23 12:17;60;1.06785;down;tp;sl;buy;65.0;5150.0;323171.93;330073.85
2020-03-23 22:26;2020-03-24 06:48;502;1.07465;up;tp;sl;buy;65.0;5215.0;328423.48;335437.55
2020-03-25 12:50;2020-03-25 15:26;156;1.08077;down;sl;sl;none;-40.0;5175.0;333760.36;332083.17
2020-03-25 21:49;2020-03-26 11:02;788;1.08761;up;tp;sl;buy;65.0;5240.0;330422.75;337479.52
2020-03-31 01:11;2020-03-31 11:08;597;1.10173;down;sl;tp;sell;65.0;5305.0;335792.12;342963.56
2020-04-01 16:37;2020-04-01 19:27;170;1.09243;up;sl;sl;none;-40.0;5265.0;341248.75;339533.93
2020-04-01 22:52;2020-04-02 13:03;851;1.09534;down;sl;tp;sell;65.0;5330.0;337836.26;345051.35
2020-04-06 17:37;2020-04-07 07:18;812;1.07896;up;tp;sl;buy;65.0;5395.0;343326.10;350658.44
2020-04-07 12:23;2020-04-07 14:57;154;1.09025;up;sl;sl;none;-40.0;5355.0;348905.15;347151.85
2020-04-08 18:14;2020-04-09 09:57;930;1.08644;down;sl;sl;none;-40.0;5315.0;345416.09;343680.34
2020-04-09 12:21;2020-04-13 06:38;2474;1.08700;up;tp;sl;buy;65.0;5380.0;341961.93;349265.14
2020-04-13 13:30;2020-04-15 12:25;2789;1.09067;down;sl;sl;none;-40.0;5340.0;347518.82;345772.49
2020-04-15 19:22;2020-04-16 15:21;1182;1.09186;down;sl;tp;sell;65.0;5405.0;344043.63;351391.29
2020-04-19 23:20;2020-04-20 09:05;582;1.08681;up;sl;sl;none;-40.0;5365.0;349634.34;347877.38
2020-04-20 11:51;2020-04-21 02:12;844;1.08593;up;sl;sl;none;-40.0;5325.0;346137.99;344398.61
2020-04-22 09:35;2020-04-22 14:20;285;1.08628;up;sl;sl;none;-40.0;5285.0;342676.61;340954.62
2020-04-22 23:19;2020-04-23 14:24;902;1.08199;down;sl;sl;none;-40.0;5245.0;339249.85;337545.07
2020-04-27 03:29;2020-04-30 14:54;4961;1.08264;up;tp;sl;buy;65.0;5310.0;335857.35;343030.18
2020-05-04 14:27;2020-05-05 09:10;1102;1.09110;down;sl;tp;sell;65.0;5375.0;341315.03;348604.42
2020-05-08 01:06;2020-05-08 14:55;827;1.08485;up;sl;sl;none;-40.0;5335.0;346861.40;345118.38
2020-05-11 08:27;2020-05-12 11:23;1599;1.08250;down;sl;sl;none;-40.0;5295.0;343392.79;341667.19
2020-05-12 19:08;2020-05-13 11:28;963;1.08541;up;sl;sl;none;-40.0;5255.0;339958.86;338250.52
2020-05-13 20:15;2020-05-15 12:46;2405;1.08164;down;sl;sl;none;-40.0;5215.0;336559.27;334868.02
2020-05-15 15:45;2020-05-18 15:24;1405;1.08138;up;tp;sl;buy;65.0;5280.0;333193.68;340309.62
2020-05-21 21:47;2020-05-26 09:10;3492;1.09478;down;sl;sl;none;-40.0;5240.0;338608.07;336906.53
2020-06-01 17:49;2020-06-03 07:04;2200;1.11322;down;tp;sl;buy;65.0;5305.0;335221.99;342381.26
2020-06-08 01:26;2020-06-08 10:37;543;1.12914;down;sl;sl;none;-40.0;5265.0;340669.35;338957.44
2020-06-09 15:01;2020-06-10 08:23;1019;1.13542;up;sl;sl;none;-40.0;5225.0;337262.66;335567.87
2020-06-11 21:07;2020-06-12 14:38;1047;1.12908;down;sl;sl;none;-40.0;5185.0;333890.03;332212.19
2020-06-15 23:13;2020-06-16 11:35;742;1.13266;up;sl;sl;none;-40.0;5145.0;330551.13;328890.07
2020-06-17 02:02;2020-06-17 09:12;430;1.12648;down;sl;sl;none;-40.0;5105.0;327245.62;325601.17
2020-06-18 21:18;2020-06-19 14:46;1047;1.12044;up;sl;sl;none;-40.0;5065.0;323973.16;322345.16
2020-06-22 20:33;2020-06-23 01:20;278;1.12598;up;sl;sl;none;-40.0;5025.0;320733.43;319121.70
2020-06-24 18:38;2020-06-29 10:19;3782;1.12571;down;sl;sl;none;-40.0;4985.0;317526.10;315930.49
2020-06-30 11:38;2020-07-01 11:34;1421;1.12093;down;sl;sl;none;-40.0;4945.0;314350.84;312771.18
2020-07-01 14:07;2020-07-02 14:51;1473;1.12532;up;sl;sl;none;-40.0;4905.0;311207.33;309643.47
2020-07-03 02:22;2020-07-06 00:21;1290;1.12435;down;sl;sl;none;-40.0;4865.0;308095.25;306547.04
2020-07-06 01:47;2020-07-09 03:46;4392;1.12710;up;tp;sl;buy;65.0;4930.0;305014.30;311528.43
2020-07-10 00:10;2020-07-10 13:02;771;1.12824;down;sl;sl;none;-40.0;4890.0;309970.78;308413.14
2020-07-13 02:42;2020-07-13 13:31;649;1.13252;up;sl;sl;none;-40.0;4850.0;306871.08;305329.01
2020-07-16 14:11;2020-07-20 05:34;2332;1.14271;down;sl;sl;none;-40.0;4810.0;303802.37;302275.72
2020-07-21 14:56;2020-07-22 10:13;1149;1.14851;down;tp;sl;buy;65.0;4875.0;300764.34;307187.70
2020-07-28 20:47;2020-07-29 18:42;1296;1.17158;down;tp;sl;buy;65.0;4940.0;305651.76;312179.50
2020-08-03 03:35;2020-08-04 07:25;1657;1.17718;down;sl;sl;none;-40.0;4900.0;310618.60;309057.71
2020-08-04 15:41;2020-08-05 09:45;1065;1.17690;up;tp;sl;buy;65.0;4965.0;307512.42;314079.89
2020-08-06 20:32;2020-08-07 13:18;994;1.18787;down;sl;tp;sell;65.0;5030.0;312509.49;319183.69
2020-08-12 01:20;2020-08-12 08:27;427;1.17387;up;sl;sl;none;-40.0;4990.0;317587.77;315991.85
2020-08-12 14:10;2020-08-13 13:47;1398;1.17732;down;tp;sl;buy;65.0;5055.0;314411.90;321126.72
2020-08-14 13:52;2020-08-17 02:17;728;1.18339;down;sl;sl;none;-40.0;5015.0;319521.09;317915.46
2020-08-19 20:47;2020-08-20 08:28;689;1.18382;down;sl;sl;none;-40.0;4975.0;316325.88;314736.30
2020-08-21 05:15;2020-08-21 10:26;311;1.18783;up;sl;tp;sell;65.0;5040.0;313162.62;319850.77
2020-08-21 14:47;2020-08-23 23:18;496;1.17843;down;sl;sl;none;-40.0;5000.0;318251.51;316652.26
2020-08-24 18:41;2020-08-26 12:32;2473;1.17946;up;sl;sl;none;-40.0;4960.0;315069.00;313485.74
2020-08-26 17:32;2020-08-27 10:49;1023;1.18250;down;sl;sl;none;-40.0;4920.0;311918.31;310350.88
2020-08-27 10:50;2020-08-27 13:20;150;1.18054;up;tp;sl;buy;65.0;4985.0;308799.12;315394.08
2020-08-28 02:01;2020-08-28 08:33;392;1.18282;down;tp;sl;buy;65.0;5050.0;313817.11;320519.23
2020-08-28 09:34;2020-08-31 00:01;853;1.19044;up;sl;sl;none;-40.0;5010.0;318916.64;317314.04
2020-09-02 06:57;2020-09-03 04:14;1249;1.19023;down;sl;tp;sell;65.0;5075.0;315727.47;322470.39
2020-09-04 09:16;2020-09-08 13:45;3104;1.18567;up;sl;tp;sell;65.0;5140.0;320858.04;327710.54
2020-09-10 01:21;2020-09-10 12:37;674;1.18080;up;tp;sl;buy;65.0;5205.0;326071.99;333035.83
2020-09-11 17:46;2020-09-16 14:28;4033;1.18303;down;sl;sl;none;-40.0;5165.0;331370.66;329705.48
2020-09-18 04:47;2020-09-18 14:03;556;1.18486;up;sl;sl;none;-40.0;5125.0;328056.95;326408.42
2020-09-21 09:32;2020-09-22 14:46;1740;1.17914;down;sl;tp;sell;65.0;5190.0;324776.38;331712.56
2020-09-25 10:23;2020-09-28 10:29;1425;1.16441;up;sl;sl;none;-40.0;5150.0;330054.00;328395.43
2020-09-28 19:37;2020-09-30 01:29;1728;1.16634;up;tp;sl;buy;65.0;5215.0;326753.46;333731.86
2020-10-01 00:26;2020-10-02 04:56;1691;1.17243;down;sl;sl;none;-40.0;5175.0;332063.20;330394.54
2020-10-02 10:35;2020-10-05 08:05;1270;1.17184;down;sl;sl;none;-40.0;5135.0;328742.57;327090.59
2020-10-05 12:25;2020-10-06 18:55;1806;1.17624;up;sl;sl;none;-40.0;5095.0;325455.14;323819.69
2020-10-06 23:53;2020-10-09 14:47;3719;1.17364;down;tp;sl;buy;65.0;5160.0;322200.59;329081.76
2020-10-12 22:42;2020-10-14 07:18;1930;1.18148;down;sl;tp;sell;65.0;5225.0;327436.35;334429.34
2020-10-15 01:21;2020-10-19 11:32;3434;1.17541;up;sl;sl;none;-40.0;5185.0;332757.19;331085.04
2020-10-22 14:54;2020-10-23 09:26;1093;1.18294;down;sl;sl;none;-40.0;5145.0;329429.62;327774.19
2020-10-25 22:13;2020-10-28 06:58;3366;1.18496;up;sl;tp;sell;65.0;5210.0;326135.32;333100.52
2020-11-03 09:01;2020-11-04 00:12;899;1.16851;up;tp;sl;buy;65.0;5275.0;331435.02;338513.41
2020-11-04 19:22;2020-11-05 09:57;866;1.17168;down;tp;sl;buy;65.0;5340.0;336820.84;344014.25
2020-11-09 21:25;2020-11-10 10:08;756;1.18108;down;sl;sl;none;-40.0;5300.0;342294.18;340574.11
2020-11-11 03:42;2020-11-16 02:02;4169;1.18299;up;sl;sl;none;-40.0;5260.0;338871.24;337168.37
2020-11-18 17:49;2020-11-20 05:42;2111;1.18683;down;sl;sl;none;-40.0;5220.0;335482.52;333796.68
2020-11-20 06:22;2020-11-23 11:14;1717;1.18832;up;sl;sl;none;-40.0;5180.0;332127.70;330458.72
2020-11-23 19:44;2020-11-25 08:13;2148;1.18366;up;tp;sl;buy;65.0;5245.0;328806.42;335828.67
2020-11-27 04:25;2020-12-01 15:17;3493;1.19238;down;tp;sl;buy;65.0;5310.0;334149.53;341285.89
2020-12-01 21:37;2020-12-02 15:02;1031;1.20705;up;sl;sl;none;-40.0;5270.0;339579.46;337873.03
2020-12-06 23:54;2020-12-07 14:02;843;1.21220;down;sl;sl;none;-40.0;5230.0;336183.66;334494.30
2020-12-08 14:45;2020-12-10 14:58;2849;1.21301;up;sl;sl;none;-40.0;5190.0;332821.83;331149.35
2020-12-10 22:24;2020-12-11 08:17;581;1.21400;up;sl;sl;none;-40.0;5150.0;329493.61;327837.86
2020-12-14 03:21;2020-12-17 04:18;4311;1.21331;down;tp;sl;buy;65.0;5215.0;326198.67;333165.23
2020-12-20 23:32;2020-12-21 10:24;652;1.22173;down;sl;tp;sell;65.0;5280.0;331499.40;338579.16
2020-12-22 09:06;2020-12-22 15:02;356;1.22208;up;sl;sl;none;-40.0;5240.0;336886.26;335193.37
2020-12-22 23:52;2020-12-23 14:30;878;1.21839;down;sl;sl;none;-40.0;5200.0;333517.40;331841.44
2020-12-24 01:31;2020-12-28 06:05;1482;1.22057;up;sl;sl;none;-40.0;5160.0;330182.23;328523.02
2020-12-28 15:41;2020-12-30 14:01;2729;1.22176;down;tp;sl;buy;65.0;5225.0;326880.41;333861.52
2021-01-03 23:50;2021-01-06 07:42;3330;1.22504;down;tp;sl;buy;65.0;5290.0;332192.21;339286.77
2021-01-07 14:13;2021-01-08 18:46;1697;1.22789;down;sl;tp;sell;65.0;5355.0;337590.34;344800.18
2021-01-12 21:18;2021-01-14 13:03;2361;1.22056;up;sl;tp;sell;65.0;5420.0;343076.18;350403.18
2021-01-19 07:37;2021-01-22 08:37;4283;1.20932;up;tp;sl;buy;65.0;5485.0;348651.17;356097.23
2021-01-25 09:49;2021-01-26 15:09;1732;1.21473;down;sl;sl;none;-40.0;5445.0;354316.75;352536.26
2021-01-26 22:05;2021-01-27 14:36;965;1.21604;up;sl;tp;sell;65.0;5510.0;350773.58;358264.98
2021-01-27 19:50;2021-01-28 13:59;1067;1.21081;down;sl;sl;none;-40.0;5470.0;356473.65;354682.33
2021-01-28 21:16;2021-01-29 12:28;901;1.21247;up;sl;sl;none;-40.0;5430.0;352908.91;351135.50
2021-02-01 00:05;2021-02-02 10:16;2034;1.21227;down;sl;tp;sell;65.0;5495.0;349379.83;356841.46
2021-02-03 22:48;2021-02-07 23:02;2847;1.20341;up;sl;sl;none;-40.0;5455.0;355057.25;353273.04
2021-02-11 14:30;2021-02-16 08:58;3893;1.21361;down;sl;sl;none;-40.0;5415.0;351506.68;349740.31
2021-02-16 15:35;2021-02-17 15:31;1418;1.21153;down;sl;tp;sell;65.0;5480.0;347991.61;355423.59
2021-02-18 20:09;2021-02-23 00:52;3078;1.20865;up;tp;sl;buy;65.0;5545.0;353646.47;361199.22
2021-02-24 03:19;2021-02-25 04:22;1489;1.21555;down;sl;sl;none;-40.0;5505.0;359393.23;357587.23
2021-02-26 13:21;2021-02-26 16:21;180;1.21172;down;sl;sl;none;-40.0;5465.0;355799.30;354011.36
2021-03-03 01:12;2021-03-03 11:41;627;1.20884;up;sl;sl;none;-40.0;5425.0;352241.30;350471.25
2021-03-04 02:46;2021-03-04 18:57;971;1.20532;down;sl;tp;sell;65.0;5490.0;348718.89;356166.40
2021-03-09 20:40;2021-03-10 14:15;1036;1.19032;up;sl;sl;none;-40.0;5450.0;354385.57;352604.74
2021-03-10 19:06;2021-03-16 13:52;5363;1.19178;down;sl;sl;none;-40.0;5410.0;350841.72;349078.69
2021-03-17 23:12;2021-03-19 09:58;2065;1.19809;up;sl;tp;sell;65.0;5475.0;347333.30;354751.22
2021-03-22 19:26;2021-03-23 18:27;1354;1.19372;up;sl;tp;sell;65.0;5540.0;352977.46;360515.93
2021-03-23 19:20;2021-03-25 16:46;2687;1.18529;down;sl;tp;sell;65.0;5605.0;358713.35;366374.31
2021-03-29 01:24;2021-04-05 13:51;7711;1.17753;up;sl;sl;none;-40.0;5565.0;364542.44;362710.57
2021-04-05 20:22;2021-04-07 10:49;2220;1.18105;up;tp;sl;buy;65.0;5630.0;360897.02;368604.62
2021-04-08 18:09;2021-04-13 13:20;3935;1.19162;down;sl;sl;none;-40.0;5590.0;366761.59;364918.57
2021-04-16 01:56;2021-04-19 11:01;1941;1.19592;down;tp;sl;buy;65.0;5655.0;363093.98;370848.50
2021-04-21 07:53;2021-04-23 19:14;3478;1.20089;down;tp;sl;buy;65.0;5720.0;368994.25;376874.78
2021-04-23 19:29;2021-04-26 12:34;995;1.20968;up;sl;sl;none;-40.0;5680.0;374990.41;373106.04
2021-04-27 05:08;2021-04-30 14:54;4830;1.20722;down;sl;sl;none;-40.0;5640.0;371240.51;369374.98
2021-05-04 01:37;2021-05-06 13:52;3530;1.20505;up;sl;sl;none;-40.0;5600.0;367528.10;365681.23
2021-05-11 02:25;2021-05-12 03:27;1472;1.21418;down;sl;sl;none;-40.0;5560.0;363852.82;362024.41
2021-05-12 13:45;2021-05-14 08:17;2483;1.21020;down;sl;sl;none;-40.0;5520.0;360214.29;358404.17
2021-05-19 22:43;2021-05-25 07:07;4718;1.21744;down;tp;sl;buy;65.0;5585.0;356612.15;364228.24
2021-05-26 15:58;2021-05-31 14:56;4163;1.22041;down;sl;sl;none;-40.0;5545.0;362407.10;360585.96
2021-06-02 05:17;2021-06-03 14:17;1910;1.22161;down;sl;tp;sell;65.0;5610.0;358783.03;366445.48
2021-06-07 00:56;2021-06-07 14:41;825;1.21674;up;sl;sl;none;-40.0;5570.0;364613.25;362781.02
2021-06-08 23:36;2021-06-10 12:30;2155;1.21721;down;sl;sl;none;-40.0;5530.0;360967.12;359153.21
2021-06-11 08:06;2021-06-11 15:18;432;1.21806;up;sl;tp;sell;65.0;5595.0;357357.45;364989.45
2021-06-11 15:51;2021-06-16 18:00;4318;1.21008;down;sl;sl;none;-40.0;5555.0;363164.50;361339.56
2021-06-21 22:21;2021-06-22 16:38;1097;1.19183;up;sl;sl;none;-40.0;5515.0;359532.86;357726.16
2021-06-23 02:38;2021-06-28 12:01;4740;1.19237;down;sl;sl;none;-40.0;5475.0;355937.53;354148.90
2021-07-05 05:35;2021-07-06 09:16;1621;1.18585;up;sl;sl;none;-40.0;5435.0;352378.16;350607.41
2021-07-06 14:46;2021-07-08 12:29;2682;1.18287;down;sl;sl;none;-40.0;5395.0;348854.37;347101.34
2021-07-08 19:47;2021-07-13 12:30;3774;1.18427;up;sl;sl;none;-40.0;5355.0;345365.83;343630.32
2021-07-15 01:20;2021-07-29 02:38;14103;1.18330;up;sl;sl;none;-40.0;5315.0;341912.17;340194.02
2021-07-29 05:03;2021-08-04 15:11;6197;1.18557;up;sl;sl;none;-40.0;5275.0;338493.05;336792.08
2021-08-11 20:04;2021-08-17 14:30;5192;1.17419;up;sl;sl;none;-40.0;5235.0;335108.12;333424.16
2021-08-20 11:39;2021-08-24 14:37;2961;1.16733;up;tp;sl;buy;65.0;5300.0;331757.04;338842.30
2021-08-27 03:02;2021-08-27 14:00;656;1.17550;down;sl;sl;none;-40.0;5260.0;337148.09;335453.88
2021-08-27 20:11;2021-09-03 00:41;5699;1.17958;up;tp;sl;buy;65.0;5325.0;333776.61;340905.00
2021-09-06 09:53;2021-09-07 14:30;1676;1.18595;down;sl;sl;none;-40.0;5285.0;339200.48;337495.95
2021-09-07 21:07;2021-09-16 12:30;9211;1.18413;down;sl;tp;sell;65.0;5350.0;335808.47;342980.26
2021-09-16 12:36;2021-09-17 14:51;1545;1.17574;down;sl;sl;none;-40.0;5310.0;341265.36;339550.46
2021-09-21 08:47;2021-09-22 18:15;1972;1.17337;up;sl;sl;none;-40.0;5270.0;337852.71;336154.96
2021-09-24 02:01;2021-09-29 11:11;4709;1.17395;up;sl;tp;sell;65.0;5335.0;334474.18;341617.47
2021-10-03 21:32;2021-10-06 06:05;3290;1.15975;up;sl;sl;none;-40.0;5295.0;339909.39;338201.30
2021-10-07 17:36;2021-10-08 12:30;1104;1.15622;up;sl;sl;none;-40.0;5255.0;336510.29;334819.29
2021-10-10 23:12;2021-10-13 17:28;3878;1.15684;up;sl;sl;none;-40.0;5215.0;333145.19;331471.09
2021-10-13 19:46;2021-10-18 06:02;3356;1.15960;up;sl;sl;none;-40.0;5175.0;329813.74;328156.38
2021-10-18 07:44;2021-10-28 14:07;11575;1.15878;down;tp;sl;buy;65.0;5240.0;326515.60;333488.92
2021-10-31 22:48;2021-11-04 15:02;5186;1.15589;down;sl;sl;none;-40.0;5200.0;331821.48;330154.03
2021-11-07 23:02;2021-11-10 13:30;3708;1.15638;up;sl;sl;none;-40.0;5160.0;328503.26;326852.49
2021-11-15 06:11;2021-11-15 20:25;854;1.14587;up;sl;tp;sell;65.0;5225.0;325218.23;332163.85
2021-11-18 08:02;2021-11-19 09:06;1482;1.13325;up;sl;sl;none;-40.0;5185.0;330503.03;328842.21
2021-11-19 19:34;2021-11-24 10:01;3684;1.12888;down;sl;tp;sell;65.0;5250.0;327198.00;334185.89
2021-11-24 13:32;2021-11-25 10:15;1204;1.12078;down;sl;sl;none;-40.0;5210.0;332514.97;330844.04
2021-11-25 22:37;2021-11-26 11:31;771;1.12065;up;tp;sl;buy;65.0;5275.0;329189.82;336220.25
2021-11-29 21:01;2021-11-30 09:27;734;1.12811;down;tp;sl;buy;65.0;5340.0;334539.15;341683.83
2021-11-30 09:40;2021-11-30 15:52;372;1.13631;up;sl;tp;sell;65.0;5405.0;339975.41;347236.19
2021-12-01 15:31;2021-12-07 09:06;5269;1.13447;down;sl;tp;sell;65.0;5470.0;345500.01;352878.78
2021-12-08 16:51;2021-12-09 12:58;1186;1.13284;up;sl;sl;none;-40.0;5430.0;351114.39;349349.99
2021-12-09 23:52;2021-12-10 16:14;977;1.12932;down;sl;sl;none;-40.0;5390.0;347603.24;345856.49
2021-12-13 00:53;2021-12-15 19:02;3903;1.13096;up;sl;tp;sell;65.0;5455.0;344127.21;351476.66
2021-12-16 02:59;2021-12-17 16:11;2211;1.12887;up;sl;sl;none;-40.0;5415.0;349719.28;347961.89
2021-12-17 19:43;2021-12-20 13:30;1031;1.12582;down;sl;sl;none;-40.0;5375.0;346222.09;344482.28
2021-12-21 02:42;2021-12-22 11:19;1933;1.12842;up;sl;sl;none;-40.0;5335.0;342759.86;341037.45
2021-12-22 12:14;2021-12-29 08:26;6637;1.13016;down;sl;sl;none;-40.0;5295.0;339332.27;337627.08
2021-12-29 23:41;2021-12-31 15:45;2349;1.13510;up;sl;sl;none;-40.0;5255.0;335938.94;334250.81
2022-01-03 23:48;2022-01-04 15:33;945;1.12993;down;sl;sl;none;-40.0;5215.0;332579.55;330908.30
2022-01-05 15:55;2022-01-07 16:58;2903;1.13360;up;sl;sl;none;-40.0;5175.0;329253.76;327599.22
2022-01-07 17:13;2022-01-11 19:15;2948;1.13540;up;sl;sl;none;-40.0;5135.0;325961.22;324323.22
2022-01-14 17:10;2022-01-18 03:49;2022;1.14110;down;sl;sl;none;-40.0;5095.0;322701.61;321079.99
2022-01-18 05:01;2022-01-18 20:55;954;1.14009;up;sl;tp;sell;65.0;5160.0;319474.59;326297.54
2022-01-20 01:44;2022-01-25 11:29;4847;1.13624;up;sl;tp;sell;65.0;5225.0;324666.05;331599.88
2022-01-26 17:51;2022-01-27 07:54;834;1.12859;up;sl;tp;sell;65.0;5290.0;329941.88;336988.37
2022-01-31 02:13;2022-01-31 19:45;1050;1.11582;up;tp;sl;buy;65.0;5355.0;335303.43;342464.44
2022-02-07 09:20;2022-02-08 07:15;1299;1.14227;down;sl;sl;none;-40.0;5315.0;340752.11;339039.79
2022-02-09 13:28;2022-02-10 15:31;1535;1.14355;up;sl;sl;none;-40.0;5275.0;337344.59;335649.39
2022-02-10 21:46;2022-02-11 18:47;1245;1.14268;down;sl;tp;sell;65.0;5340.0;333971.15;341103.70
2022-02-15 17:57;2022-02-17 03:56;2010;1.13566;up;sl;sl;none;-40.0;5300.0;339398.18;337692.66
2022-02-17 16:24;2022-02-21 08:15;2355;1.13651;down;sl;sl;none;-40.0;5260.0;336004.20;334315.73
2022-02-22 00:37;2022-02-22 09:11;514;1.13145;up;sl;sl;none;-40.0;5220.0;332644.15;330972.58
2022-02-23 02:43;2022-02-23 18:30;945;1.13237;up;sl;sl;none;-40.0;5180.0;329317.71;327662.85
2022-02-23 18:50;2022-02-24 04:12;555;1.13089;down;sl;tp;sell;65.0;5245.0;326024.54;332987.37
2022-02-25 18:38;2022-02-27 22:05;202;1.12551;up;sl;tp;sell;65.0;5310.0;338398.42;338398.42
2022-02-28 08:11;2022-03-01 13:16;1732;1.11758;down;sl;sl;none;-40.0;5270.0;336706.42;335014.43
2022-03-01 18:41;2022-03-02 16:33;1293;1.11185;down;sl;sl;none;-40.0;5230.0;333339.36;331664.29
2022-03-03 18:31;2022-03-04 11:37;1019;1.10645;up;sl;tp;sell;65.0;5295.0;330005.97;337053.83
2022-03-08 10:32;2022-03-08 17:49;437;1.08694;up;tp;sl;buy;65.0;5360.0;335368.56;342530.96
2022-03-10 23:49;2022-03-11 11:25;696;1.10039;down;sl;sl;none;-40.0;5320.0;340818.30;339105.65
2022-03-15 01:08;2022-03-15 18:21;1033;1.09507;up;sl;sl;none;-40.0;5280.0;337410.12;335714.59
2022-03-16 12:25;2022-03-16 18:00;335;1.10006;down;sl;sl;none;-40.0;5240.0;334036.02;332357.44
2022-03-16 21:51;2022-03-17 00:58;187;1.10310;up;sl;sl;none;-40.0;5200.0;330695.66;329033.87
2022-03-20 22:27;2022-03-22 07:00;1935;1.10511;down;sl;tp;sell;65.0;5265.0;327388.70;334380.67
2022-03-23 05:40;2022-03-28 03:55;4149;1.10357;up;sl;tp;sell;65.0;5330.0;332708.77;339814.36
2022-03-28 04:42;2022-03-29 09:45;1724;1.09522;down;tp;sl;buy;65.0;5395.0;338115.28;345336.34
2022-03-31 18:53;2022-04-04 13:27;2506;1.10692;down;sl;tp;sell;65.0;5460.0;343609.66;350948.06
2022-04-07 05:49;2022-04-07 13:31;462;1.09155;up;sl;sl;none;-40.0;5420.0;349193.32;347438.57
2022-04-07 16:55;2022-04-10 21:05;1671;1.08802;down;sl;sl;none;-40.0;5380.0;345701.38;343964.19
2022-04-11 06:10;2022-04-12 01:14;1134;1.08900;up;sl;sl;none;-40.0;5340.0;342244.37;340524.55
2022-04-12 07:08;2022-04-12 16:36;568;1.08592;down;sl;sl;none;-40.0;5300.0;338821.92;337119.30
2022-04-14 01:19;2022-04-14 11:53;633;1.08899;up;sl;sl;none;-40.0;5260.0;335433.71;333748.11
2022-04-15 01:09;2022-04-20 08:35;4638;1.08078;down;sl;sl;none;-40.0;5220.0;332079.37;330410.63
2022-04-22 11:35;2022-04-22 14:23;168;1.08202;down;sl;sl;none;-40.0;5180.0;328758.57;327106.52
2022-04-29 15:06;2022-05-02 01:25;596;1.05454;up;sl;sl;none;-40.0;5140.0;325470.99;323835.46
2022-05-02 13:41;2022-05-02 17:48;247;1.05157;down;sl;sl;none;-40.0;5100.0;322216.28;320597.10
2022-05-03 22:06;2022-05-04 18:48;1239;1.05240;up;tp;sl;buy;65.0;5165.0;318994.12;325806.80
2022-05-06 02:06;2022-05-06 07:54;348;1.05235;down;sl;sl;none;-40.0;5125.0;324177.77;322548.74
2022-05-08 22:07;2022-05-09 12:05;838;1.05361;up;sl;sl;none;-40.0;5085.0;320935.99;319323.25
2022-05-09 15:06;2022-05-11 12:30;2693;1.05311;down;sl;sl;none;-40.0;5045.0;317726.63;316130.02
2022-05-12 01:52;2022-05-12 08:59;427;1.05273;up;sl;tp;sell;65.0;5110.0;314549.37;321267.13
2022-05-15 23:45;2022-05-17 08:47;1963;1.04042;up;tp;sl;buy;65.0;5175.0;319660.79;326487.72
2022-05-18 20:47;2022-05-19 13:04;958;1.04639;down;tp;sl;buy;65.0;5240.0;324855.28;331793.15
2022-05-19 20:15;2022-05-23 05:49;1965;1.05850;up;sl;sl;none;-40.0;5200.0;330134.18;328475.21
2022-05-23 08:42;2022-05-24 07:00;1313;1.06219;up;tp;sl;buy;65.0;5265.0;326832.84;333812.94
2022-05-25 17:23;2022-05-27 01:34;1892;1.06604;down;tp;sl;buy;65.0;5330.0;332143.87;339237.40
2022-05-30 06:54;2022-05-31 06:48;1412;1.07525;down;sl;sl;none;-40.0;5290.0;337541.21;335845.02
2022-05-31 14:18;2022-06-01 14:10;1413;1.06917;down;sl;sl;none;-40.0;5250.0;334165.80;332486.57
2022-06-02 21:56;2022-06-07 11:54;3675;1.07470;up;sl;tp;sell;65.0;5315.0;330824.14;337889.48
2022-06-08 06:38;2022-06-08 10:04;206;1.06922;up;sl;sl;none;-40.0;5275.0;336200.03;334510.58
2022-06-09 18:04;2022-06-10 12:30;1092;1.06416;down;sl;tp;sell;65.0;5340.0;332838.03;339946.38
2022-06-15 01:50;2022-06-15 12:15;625;1.04440;up;sl;sl;none;-40.0;5300.0;338246.65;336546.92
2022-06-15 15:06;2022-06-15 18:38;212;1.04085;down;sl;sl;none;-40.0;5260.0;334864.18;333181.45
2022-06-15 21:08;2022-06-16 06:32;550;1.04429;up;sl;sl;none;-40.0;5220.0;331515.54;329849.63
2022-06-16 10:18;2022-06-16 11:59;101;1.04054;down;sl;sl;none;-40.0;5180.0;328200.39;326551.14
2022-06-16 19:53;2022-06-17 14:02;1068;1.05564;up;sl;tp;sell;65.0;5245.0;324918.38;331857.59
2022-06-20 00:12;2022-06-21 08:40;1929;1.04861;down;tp;sl;buy;65.0;5310.0;330198.31;337250.28
2022-06-22 12:03;2022-06-22 14:53;170;1.05176;down;tp;sl;buy;65.0;5375.0;335564.03;342730.60
2022-06-23 02:15;2022-06-27 07:28;3160;1.05606;up;sl;sl;none;-40.0;5335.0;341016.94;339303.29
2022-06-28 17:20;2022-06-30 07:19;2248;1.05179;down;sl;tp;sell;65.0;5400.0;337606.77;344816.97
2022-07-01 02:43;2022-07-01 14:06;683;1.04636;up;sl;tp;sell;65.0;5465.0;343092.88;350420.24
2022-07-03 23:32;2022-07-05 07:09;1866;1.04342;down;sl;sl;none;-40.0;5425.0;348668.14;346916.04
2022-07-05 08:28;2022-07-05 14:35;367;1.03323;down;sl;tp;sell;65.0;5490.0;345181.46;352553.43
2022-07-07 23:21;2022-07-08 04:08;287;1.01632;up;sl;sl;none;-40.0;5450.0;350790.66;349027.89
2022-07-11 13:17;2022-07-11 19:42;385;1.00642;up;sl;sl;none;-40.0;5410.0;347282.75;345537.61
2022-07-13 08:24;2022-07-13 12:31;247;1.00313;up;sl;sl;none;-40.0;5370.0;343809.93;342082.24
2022-07-13 22:19;2022-07-14 13:24;905;1.00563;down;sl;tp;sell;65.0;5435.0;340371.83;347641.08
2022-07-14 14:59;2022-07-15 13:05;1316;0.99957;down;tp;sl;buy;65.0;5500.0;345902.87;353290.24
2022-07-15 15:08;2022-07-18 10:22;1135;1.00864;up;tp;sl;buy;65.0;5565.0;351523.79;359031.21
2022-07-20 18:07;2022-07-21 12:15;1071;1.01607;down;tp;sl;buy;65.0;5630.0;357236.05;364865.47
2022-07-21 23:02;2022-07-22 07:37;515;1.02248;up;sl;tp;sell;65.0;5695.0;363041.14;370794.53
2022-07-22 09:42;2022-07-22 13:57;255;1.01572;down;tp;sl;buy;65.0;5760.0;368940.56;376819.94
2022-07-22 19:17;2022-07-26 09:27;2244;1.01964;up;sl;sl;none;-40.0;5720.0;374935.84;373051.74
2022-07-26 14:36;2022-07-27 11:01;1218;1.01436;down;sl;sl;none;-40.0;5680.0;371186.48;369321.22
2022-07-27 21:10;2022-07-28 09:49;753;1.01941;up;sl;sl;none;-40.0;5640.0;367474.62;365628.01
2022-07-29 05:20;2022-07-29 09:21;241;1.02144;down;sl;sl;none;-40.0;5600.0;363799.87;361971.73
2022-07-29 15:44;2022-07-29 20:16;272;1.02065;up;sl;sl;none;-40.0;5560.0;360161.87;358352.01
2022-08-02 18:30;2022-08-03 11:29;1003;1.01849;down;sl;sl;none;-40.0;5520.0;356560.25;354768.49
2022-08-04 05:12;2022-08-04 18:56;824;1.01645;up;tp;sl;buy;65.0;5585.0;352994.65;360533.48
2022-08-07 23:32;2022-08-10 11:55;3586;1.01730;down;tp;sl;buy;65.0;5650.0;358730.82;366392.15
2022-08-11 23:57;2022-08-15 06:30;1809;1.03215;down;sl;tp;sell;65.0;5715.0;364560.19;372346.02
2022-08-17 04:56;2022-08-17 18:39;823;1.01829;up;sl;sl;none;-40.0;5675.0;370484.29;368622.56
2022-08-18 09:11;2022-08-18 13:33;262;1.01678;down;sl;sl;none;-40.0;5635.0;366779.45;364936.34
2022-08-18 13:52;2022-08-19 14:09;1443;1.01279;down;sl;tp;sell;65.0;5700.0;363111.66;370866.55
2022-08-24 01:36;2022-08-24 14:51;795;0.99490;up;sl;sl;none;-40.0;5660.0;369012.22;367157.89
2022-08-24 21:57;2022-08-26 06:54;1960;0.99671;down;sl;sl;none;-40.0;5620.0;365322.10;363486.31
2022-08-26 08:17;2022-08-26 13:29;312;0.99777;down;tp;sl;buy;65.0;5685.0;361668.88;369392.96
2022-08-26 20:05;2022-08-29 10:30;860;0.99664;up;sl;sl;none;-40.0;5645.0;367546.00;365699.03
2022-08-29 10:50;2022-08-29 12:25;95;0.99913;up;sl;sl;none;-40.0;5605.0;363870.54;362042.04
2022-08-29 12:44;2022-08-30 07:58;1134;1.00129;down;sl;sl;none;-40.0;5565.0;360231.83;358421.62
2022-08-31 17:30;2022-09-01 14:01;1224;1.00462;down;sl;tp;sell;65.0;5630.0;356629.51;364245.97
2022-09-01 20:02;2022-09-02 15:20;1145;0.99482;down;tp;sl;buy;65.0;5695.0;362424.74;370164.97
2022-09-04 22:44;2022-09-05 10:22;698;0.99219;up;sl;sl;none;-40.0;5655.0;368314.15;366463.32
2022-09-06 06:46;2022-09-06 09:12;146;0.99589;up;sl;sl;none;-40.0;5615.0;364631.00;362798.69
2022-09-07 01:20;2022-09-07 16:58;938;0.98889;down;tp;sl;buy;65.0;5680.0;360984.69;368694.17
2022-09-07 21:17;2022-09-08 11:46;864;1.00087;up;sl;sl;none;-40.0;5640.0;366850.69;365007.22
2022-09-13 15:06;2022-09-16 14:55;4277;1.00075;down;sl;sl;none;-40.0;5600.0;363182.19;361357.15
2022-09-16 20:46;2022-09-19 23:25;1576;1.00115;down;sl;sl;none;-40.0;5560.0;359550.37;357743.58
2022-09-20 01:41;2022-09-21 06:01;1693;1.00282;down;sl;tp;sell;65.0;5625.0;355954.86;363556.91
2022-09-23 06:03;2022-09-23 09:42;219;0.98323;up;sl;tp;sell;65.0;5690.0;361739.13;369464.71
2022-09-23 12:21;2022-09-23 18:32;371;0.97601;down;sl;tp;sell;65.0;5755.0;367617.39;375468.51
2022-09-28 22:42;2022-09-29 07:38;536;0.97234;up;sl;tp;sell;65.0;5820.0;373591.17;381569.88
2022-10-03 03:25;2022-10-03 05:52;147;0.98123;down;sl;sl;none;-40.0;5780.0;379662.03;377754.18
2022-10-03 17:08;2022-10-04 07:18;834;0.98059;up;tp;sl;buy;65.0;5845.0;375865.41;383892.68
2022-10-05 22:09;2022-10-06 11:43;814;0.98856;down;sl;sl;none;-40.0;5805.0;381973.22;380053.76
2022-10-11 17:38;2022-10-13 12:30;2551;0.97522;up;sl;tp;sell;65.0;5870.0;378153.49;386229.63
2022-10-13 17:54;2022-10-14 11:50;1067;0.97990;up;sl;tp;sell;65.0;5935.0;384298.48;392505.86
2022-10-17 01:00;2022-10-17 10:09;549;0.97443;down;sl;sl;none;-40.0;5895.0;390543.33;388580.80
2022-10-17 17:41;2022-10-18 10:46;1013;0.98413;up;sl;sl;none;-40.0;5855.0;386637.90;384695.00
2022-10-19 10:42;2022-10-20 11:07;1455;0.97911;down;sl;sl;none;-40.0;5815.0;382771.52;380848.05
2022-10-20 21:36;2022-10-21 13:58;982;0.97868;up;sl;sl;none;-40.0;5775.0;378943.81;377039.57
2022-10-21 15:01;2022-10-23 21:48;398;0.97975;down;tp;sl;buy;65.0;5840.0;375154.37;383166.46
2022-10-24 01:18;2022-10-24 09:29;491;0.98349;up;sl;sl;none;-40.0;5800.0;381250.63;379334.79
2022-10-27 22:17;2022-10-28 07:16;539;0.99695;down;sl;sl;none;-40.0;5760.0;377438.12;375541.45
2022-11-01 23:17;2022-11-02 18:31;1154;0.98749;up;tp;sl;buy;65.0;5825.0;373663.74;381643.99
2022-11-04 16:24;2022-11-07 09:03;932;0.99114;up;tp;sl;buy;65.0;5890.0;379735.77;387845.71
2022-11-10 00:27;2022-11-10 07:33;426;1.00221;down;sl;sl;none;-40.0;5850.0;385906.48;383967.25
2022-11-10 20:51;2022-11-11 01:31;274;1.01903;up;sl;sl;none;-40.0;5810.0;382047.42;380127.58
2022-11-15 00:24;2022-11-15 07:47;443;1.03220;down;tp;sl;buy;65.0;5875.0;378226.94;386304.65
2022-11-15 09:09;2022-11-15 14:48;339;1.04069;up;sl;sl;none;-40.0;5835.0;384373.13;382441.61
2022-11-16 16:26;2022-11-17 13:01;1223;1.04048;down;sl;tp;sell;65.0;5900.0;380529.40;388656.28
2022-11-17 14:13;2022-11-21 02:12;2133;1.03141;down;sl;sl;none;-40.0;5860.0;386713.00;384769.72
2022-11-21 02:55;2022-11-22 23:59;2681;1.02904;down;sl;sl;none;-40.0;5820.0;382845.87;380922.02
2022-11-25 08:43;2022-11-28 09:07;1456;1.04212;down;sl;sl;none;-40.0;5780.0;379017.41;377112.80
2022-11-28 18:42;2022-11-29 04:41;589;1.03635;up;sl;sl;none;-40.0;5740.0;375227.24;373341.67
2022-11-29 06:18;2022-11-30 15:57;2008;1.03832;up;sl;tp;sell;65.0;5805.0;371474.97;379408.48
2022-11-30 23:04;2022-12-01 07:58;534;1.04172;up;sl;sl;none;-40.0;5765.0;377511.43;375614.39
2022-12-06 04:55;2022-12-06 18:14;799;1.04947;down;sl;sl;none;-40.0;5725.0;373736.32;371858.25
2022-12-08 01:23;2022-12-09 05:22;1653;1.05009;up;tp;sl;buy;65.0;5790.0;369998.96;377900.94
2022-12-12 03:16;2022-12-13 13:30;2047;1.05133;down;tp;sl;buy;65.0;5855.0;376011.44;384041.84
2022-12-15 20:31;2022-12-16 15:56;1158;1.06282;down;sl;sl;none;-40.0;5815.0;382121.63;380201.42
2022-12-16 17:57;2022-12-19 06:40;754;1.06055;down;sl;sl;none;-40.0;5775.0;378300.41;376399.40
2022-12-20 01:53;2022-12-20 05:38;225;1.06005;up;sl;sl;none;-40.0;5735.0;374517.41;372635.41
2022-12-20 12:39;2022-12-20 15:05;146;1.06228;down;sl;sl;none;-40.0;5695.0;370772.23;368909.05
2022-12-20 20:37;2022-12-21 14:44;1076;1.06229;up;sl;sl;none;-40.0;5655.0;367064.51;365219.96
2022-12-21 18:34;2022-12-22 18:28;1424;1.06017;down;sl;sl;none;-40.0;5615.0;363393.86;361567.76
2022-12-22 21:22;2022-12-29 17:53;6468;1.05930;up;tp;sl;buy;65.0;5680.0;359759.93;367443.24
2022-12-29 21:31;2022-12-30 11:15;802;1.06628;up;sl;sl;none;-40.0;5640.0;365606.02;363768.81
2023-01-03 00:49;2023-01-03 08:14;445;1.06715;down;sl;tp;sell;65.0;5705.0;361949.96;369680.05
2023-01-04 17:51;2023-01-05 15:10;1270;1.06150;up;sl;tp;sell;65.0;5770.0;367831.65;375687.35
2023-01-05 17:17;2023-01-06 13:51;1217;1.05245;down;sl;sl;none;-40.0;5730.0;373808.92;371930.48
2023-01-08 23:58;2023-01-09 15:16;918;1.06568;up;tp;sl;buy;65.0;5795.0;370070.83;377974.35
2023-01-11 00:50;2023-01-12 13:55;2209;1.07422;down;tp;sl;buy;65.0;5860.0;376084.48;384116.43
2023-01-16 03:09;2023-01-17 17:45;2292;1.08634;down;sl;tp;sell;65.0;5925.0;382195.85;390358.32
2023-01-19 01:47;2023-01-23 00:11;2751;1.07864;up;tp;sl;buy;65.0;5990.0;388406.53;396701.65
2023-01-24 08:47;2023-01-25 01:05;960;1.08726;down;sl;sl;none;-40.0;5950.0;394718.14;392734.63
2023-01-25 12:50;2023-01-27 14:12;2916;1.08685;down;sl;sl;none;-40.0;5910.0;390770.96;388807.28
2023-01-30 20:39;2023-01-31 18:31;1297;1.08535;up;sl;sl;none;-40.0;5870.0;386863.25;384919.21
2023-02-01 06:17;2023-02-01 19:41;804;1.08721;up;tp;sl;buy;65.0;5935.0;382994.62;391174.15
2023-02-03 04:12;2023-02-03 13:30;558;1.08904;down;sl;sl;none;-40.0;5895.0;389218.28;387262.41
2023-02-08 16:05;2023-02-10 10:05;2502;1.07234;up;sl;sl;none;-40.0;5855.0;385326.09;383389.78
2023-02-10 13:47;2023-02-13 15:04;1504;1.06872;down;sl;sl;none;-40.0;5815.0;381472.83;379555.88
2023-02-13 23:03;2023-02-15 07:00;1901;1.07229;up;sl;sl;none;-40.0;5775.0;377658.11;375760.33
2023-02-15 11:54;2023-02-17 06:31;2534;1.07166;down;sl;tp;sell;65.0;5840.0;373881.52;381866.43
2023-02-20 07:44;2023-02-22 16:13;3352;1.07022;up;sl;tp;sell;65.0;5905.0;379957.10;388071.76
2023-02-27 21:33;2023-02-28 13:55;973;1.06078;up;sl;sl;none;-40.0;5865.0;386131.40;384191.04
2023-03-01 01:48;2023-03-01 10:57;549;1.05796;down;tp;sl;buy;65.0;5930.0;382270.09;390434.15
2023-03-02 17:35;2023-03-06 15:04;2706;1.05887;down;tp;sl;buy;65.0;5995.0;388481.98;396778.70
2023-03-07 21:02;2023-03-08 15:33;1093;1.05511;down;sl;sl;none;-40.0;5955.0;394794.81;392810.92
2023-03-09 08:31;2023-03-10 13:42;1740;1.05493;up;tp;sl;buy;65.0;6020.0;390846.86;399194.09
2023-03-14 11:48;2023-03-14 12:31;43;1.07242;down;sl;sl;none;-40.0;5980.0;397198.12;395202.15
2023-03-14 13:27;2023-03-15 02:08;736;1.07301;up;sl;sl;none;-40.0;5940.0;393226.14;391250.13
2023-03-15 06:40;2023-03-15 10:35;235;1.07326;up;sl;tp;sell;65.0;6005.0;389293.88;397607.95
2023-03-15 15:32;2023-03-16 05:27;822;1.05297;down;tp;sl;buy;65.0;6070.0;395619.91;404069.07
2023-03-16 20:43;2023-03-20 10:41;2204;1.06133;up;tp;sl;buy;65.0;6135.0;402048.73;410635.20
2023-03-24 06:14;2023-03-24 09:45;211;1.08344;down;sl;tp;sell;65.0;6200.0;408582.02;417308.02
2023-03-27 18:28;2023-03-30 10:41;3803;1.07943;up;tp;sl;buy;65.0;6265.0;415221.48;424089.27
2023-03-31 20:13;2023-04-03 10:24;836;1.08434;down;sl;sl;none;-40.0;6225.0;421968.83;419848.38
2023-04-04 02:16;2023-04-10 12:08;6237;1.08897;up;sl;sl;none;-40.0;6185.0;417749.14;415649.90
2023-04-11 19:02;2023-04-12 14:15;1136;1.09090;up;tp;sl;buy;65.0;6250.0;413571.65;422404.21
2023-04-16 21:40;2023-04-24 09:08;7767;1.09932;down;sl;sl;none;-40.0;6210.0;420292.19;418180.17
2023-04-25 22:14;2023-04-26 10:50;756;1.09775;down;tp;sl;buy;65.0;6275.0;416089.27;424975.59
2023-04-26 20:29;2023-04-27 12:34;953;1.10379;up;sl;sl;none;-40.0;6235.0;422850.72;420725.84
2023-04-27 18:08;2023-04-28 07:15;765;1.10193;down;sl;sl;none;-40.0;6195.0;418622.21;416518.58
2023-05-01 13:42;2023-05-03 08:08;2524;1.10242;up;sl;sl;none;-40.0;6155.0;414435.99;412353.39
2023-05-05 00:21;2023-05-05 12:30;729;1.10207;down;sl;sl;none;-40.0;6115.0;410291.63;408229.86
2023-05-08 00:27;2023-05-08 19:30;1143;1.10222;up;sl;sl;none;-40.0;6075.0;406188.71;404147.56
2023-05-09 05:10;2023-05-11 13:59;3374;1.09867;down;sl;tp;sell;65.0;6140.0;402126.82;410714.96
2023-05-16 00:03;2023-05-16 15:10;906;1.08760;up;sl;sl;none;-40.0;6100.0;408661.38;406607.81
2023-05-17 03:50;2023-05-18 13:48;2010;1.08671;down;sl;tp;sell;65.0;6165.0;404574.77;413215.19
2023-05-21 22:31;2023-05-25 04:46;4663;1.08189;up;sl;tp;sell;65.0;6230.0;411149.11;419929.93
2023-05-26 17:22;2023-05-30 11:59;2502;1.07235;up;sl;sl;none;-40.0;6190.0;417830.28;415730.63
2023-05-30 20:23;2023-05-31 16:09;1170;1.07326;up;sl;tp;sell;65.0;6255.0;413651.98;422486.26
2023-06-01 14:43;2023-06-02 16:26;1532;1.07305;up;sl;sl;none;-40.0;6215.0;420373.83;418261.39
2023-06-05 00:52;2023-06-05 14:06;794;1.06944;down;sl;sl;none;-40.0;6175.0;416170.09;414078.78
2023-06-06 05:12;2023-06-08 12:30;3286;1.07290;up;sl;sl;none;-40.0;6135.0;412008.39;409937.99
2023-06-11 23:35;2023-06-14 13:01;3671;1.07487;down;tp;sl;buy;65.0;6200.0;407888.30;416599.48
2023-06-19 03:08;2023-06-21 14:36;3542;1.09357;down;sl;sl;none;-40.0;6160.0;414516.49;412433.49
2023-06-21 19:01;2023-06-22 14:53;1184;1.09830;up;sl;sl;none;-40.0;6120.0;410371.32;408309.15
2023-06-23 02:44;2023-06-23 08:56;372;1.09375;down;sl;tp;sell;65.0;6185.0;406267.61;414944.18
2023-06-26 14:52;2023-06-29 04:55;3682;1.09040;up;sl;sl;none;-40.0;6145.0;412869.46;410794.74
2023-07-03 00:10;2023-07-03 14:00;830;1.09087;up;sl;sl;none;-40.0;6105.0;408740.76;406686.79
2023-07-03 23:43;2023-07-07 14:31;5184;1.09125;down;sl;sl;none;-40.0;6065.0;404653.36;402619.92
2023-07-12 10:24;2023-07-12 14:37;253;1.10237;down;tp;sl;buy;65.0;6130.0;400606.82;409162.50
2023-07-17 08:10;2023-07-18 05:45;1282;1.12415;down;sl;sl;none;-40.0;6090.0;407116.68;405070.87
2023-07-19 03:06;2023-07-20 15:43;2183;1.12216;down;sl;tp;sell;65.0;6155.0;403045.52;411653.27
2023-07-26 17:49;2023-07-27 13:03;1147;1.10659;up;sl;sl;none;-40.0;6115.0;409595.01;407536.74
2023-07-27 20:31;2023-07-28 10:44;840;1.09744;down;sl;sl;none;-40.0;6075.0;405499.06;403461.37
2023-07-31 00:44;2023-07-31 18:07;1043;1.10231;up;sl;sl;none;-40.0;6035.0;401444.07;399426.76
2023-07-31 22:26;2023-08-03 07:04;3370;1.10016;down;sl;tp;sell;65.0;6100.0;397429.62;405917.44
2023-08-04 06:34;2023-08-04 15:14;520;1.09491;up;tp;sl;buy;65.0;6165.0;403887.86;412513.60
2023-08-07 22:07;2023-08-10 08:23;3456;1.10012;down;sl;sl;none;-40.0;6125.0;410451.03;408388.47
2023-08-11 14:05;2023-08-14 13:33;1401;1.09696;down;sl;tp;sell;65.0;6190.0;406346.52;415024.78
2023-08-15 23:15;2023-08-16 18:02;1125;1.09028;up;sl;sl;none;-40.0;6150.0;412949.65;410874.53
2023-08-18 05:29;2023-08-21 09:44;1669;1.08778;up;sl;sl;none;-40.0;6110.0;408820.16;406765.79
2023-08-21 14:15;2023-08-22 13:00;1352;1.08833;up;sl;sl;none;-40.0;6070.0;404731.96;402698.13
2023-08-22 17:56;2023-08-24 00:21;1803;1.08520;down;sl;sl;none;-40.0;6030.0;400684.64;398671.15
2023-08-24 02:13;2023-08-25 07:50;1769;1.08613;up;sl;tp;sell;65.0;6095.0;396677.79;405149.55
2023-08-28 07:51;2023-08-29 12:18;1695;1.08142;up;sl;sl;none;-40.0;6055.0;403123.80;401098.06
2023-08-31 19:26;2023-09-01 12:31;1007;1.08484;down;sl;sl;none;-40.0;6015.0;399092.57;397087.08
2023-09-05 03:29;2023-09-07 12:24;3372;1.07865;up;sl;tp;sell;65.0;6080.0;395101.64;403539.74
2023-09-08 18:41;2023-09-14 12:30;5326;1.07007;up;sl;sl;none;-40.0;6040.0;401522.04;399504.34
2023-09-18 00:37;2023-09-20 20:09;3997;1.06701;up;sl;sl;none;-40.0;6000.0;397506.82;395509.30
2023-09-21 00:01;2023-09-21 14:33;872;1.06490;up;sl;sl;none;-40.0;5960.0;393531.75;391554.21
2023-09-22 06:58;2023-09-26 06:57;2835;1.06586;up;sl;tp;sell;65.0;6025.0;389596.44;397916.96
2023-09-28 21:58;2023-10-02 09:32;2104;1.05644;up;sl;sl;none;-40.0;5985.0;395927.38;393937.79
2023-10-02 11:22;2023-10-03 14:06;1587;1.05352;down;sl;tp;sell;65.0;6050.0;391968.10;400339.28
2023-10-04 09:43;2023-10-06 15:25;3200;1.04934;up;tp;sl;buy;65.0;6115.0;398337.59;406844.80
2023-10-09 21:40;2023-10-12 14:32;3868;1.05656;down;sl;sl;none;-40.0;6075.0;404810.57;402776.35
2023-10-12 17:55;2023-10-13 11:01;1019;1.05354;down;sl;sl;none;-40.0;6035.0;400762.47;398748.58
2023-10-16 19:34;2023-10-17 11:40;956;1.05591;up;sl;sl;none;-40.0;5995.0;396754.84;394761.10
2023-10-18 20:40;2023-10-23 14:18;3899;1.05350;down;tp;sl;buy;65.0;6060.0;392787.29;401175.97
2023-10-24 23:36;2023-10-30 13:01;5048;1.05929;down;sl;sl;none;-40.0;6020.0;399170.09;397164.21
2023-10-31 23:23;2023-11-02 00:33;1498;1.05783;down;sl;sl;none;-40.0;5980.0;395178.39;393192.56
2023-11-02 10:46;2023-11-02 16:41;355;1.06309;up;sl;sl;none;-40.0;5940.0;391226.60;389260.64
2023-11-07 07:14;2023-11-09 14:52;3319;1.06980;down;sl;sl;none;-40.0;5900.0;387314.34;385368.03
2023-11-10 00:57;2023-11-14 13:30;3602;1.06683;down;tp;sl;buy;65.0;5965.0;383441.19;391630.26
2023-11-16 02:17;2023-11-20 04:15;2975;1.08419;down;tp;sl;buy;65.0;6030.0;389672.11;397994.25
2023-11-22 01:19;2023-11-24 15:01;3617;1.09200;down;sl;sl;none;-40.0;5990.0;396004.28;394014.31
2023-11-24 18:42;2023-11-28 13:44;2561;1.09474;up;sl;sl;none;-40.0;5950.0;392044.24;390074.17
2023-11-30 02:00;2023-11-30 20:16;1096;1.09684;down;sl;tp;sell;65.0;6015.0;388123.80;396412.87
2023-12-08 02:04;2023-12-12 13:13;3517;1.07889;up;sl;sl;none;-40.0;5975.0;394430.81;392448.75
2023-12-13 17:46;2023-12-13 19:23;97;1.07836;down;tp;sl;buy;65.0;6040.0;390486.50;398826.04
2023-12-13 19:39;2023-12-14 14:11;1106;1.08751;up;tp;sl;buy;65.0;6105.0;396831.91;405306.96
2023-12-17 22:15;2023-12-19 14:53;2433;1.08953;down;tp;sl;buy;65.0;6170.0;403280.43;411893.20
2023-12-20 22:31;2023-12-22 11:27;2209;1.09415;down;tp;sl;buy;65.0;6235.0;409833.73;418586.46
2023-12-29 01:05;2024-01-02 11:14;2029;1.10762;down;sl;tp;sell;65.0;6300.0;416493.53;425388.49
2024-01-04 19:10;2024-01-05 15:00;1178;1.09451;up;sl;sl;none;-40.0;6260.0;423261.55;421134.61
2024-01-05 15:23;2024-01-16 08:36;9527;1.09847;down;sl;tp;sell;65.0;6325.0;419028.94;427978.05
2024-01-18 04:23;2024-01-23 06:55;4455;1.08927;up;sl;sl;none;-40.0;6285.0;425838.16;423698.27
2024-01-24 19:51;2024-01-29 14:47;3990;1.08894;up;sl;tp;sell;65.0;6350.0;421579.77;430583.36
2024-01-29 16:01;2024-01-31 14:55;2800;1.07970;down;tp;sl;buy;65.0;6415.0;428430.45;437580.34
2024-01-31 20:36;2024-02-02 07:13;2063;1.07976;down;tp;sl;buy;65.0;6480.0;435392.44;444691.02
2024-02-05 00:19;2024-02-09 13:31;6506;1.07738;down;sl;sl;none;-40.0;6440.0;442467.57;440244.11
2024-02-09 17:29;2024-02-12 13:50;1208;1.07820;up;sl;sl;none;-40.0;6400.0;438042.89;435841.67
2024-02-12 23:55;2024-02-13 13:30;813;1.07717;down;sl;sl;none;-40.0;6360.0;433662.46;431483.25
2024-02-15 01:24;2024-02-20 13:41;5014;1.07296;up;tp;sl;buy;65.0;6425.0;429325.84;438494.86
2024-02-20 15:24;2024-02-22 07:08;2374;1.08243;up;sl;sl;none;-40.0;6385.0;436302.38;434109.91
2024-02-23 11:20;2024-02-28 09:13;4153;1.08259;down;sl;sl;none;-40.0;6345.0;431939.36;429768.81
2024-02-29 12:19;2024-02-29 16:22;243;1.08292;up;sl;sl;none;-40.0;6305.0;427619.97;425471.12
2024-02-29 23:36;2024-03-06 14:42;5200;1.08030;down;tp;sl;buy;65.0;6370.0;423343.77;432385.03
2024-03-11 03:45;2024-03-13 17:13;3662;1.09436;down;sl;sl;none;-40.0;6330.0;430223.10;428061.18
2024-03-13 18:07;2024-03-18 16:24;4120;1.09564;up;sl;tp;sell;65.0;6395.0;425920.87;435017.17
2024-03-18 19:32;2024-03-20 18:05;2763;1.08724;down;sl;sl;none;-40.0;6355.0;432842.09;430667.00
2024-03-22 03:12;2024-03-26 10:13;3202;1.08378;down;sl;sl;none;-40.0;6315.0;428513.66;426360.33
2024-03-27 06:39;2024-04-01 14:30;4765;1.08281;down;sl;tp;sell;65.0;6380.0;424228.53;433288.68
2024-04-01 17:37;2024-04-03 15:21;2694;1.07409;down;tp;sl;buy;65.0;6445.0;431122.24;440329.63
2024-04-05 12:20;2024-04-09 09:30;2680;1.08443;down;sl;sl;none;-40.0;6405.0;438127.98;435926.33
2024-04-10 05:37;2024-04-10 13:10;453;1.08547;down;sl;tp;sell;65.0;6470.0;433746.70;443010.13
2024-04-10 13:11;2024-04-12 06:46;2465;1.07678;down;sl;tp;sell;65.0;6535.0;440795.08;450209.05
2024-04-15 22:12;2024-04-16 11:53;821;1.06259;up;sl;sl;none;-40.0;6495.0;447958.00;445706.96
2024-04-17 06:06;2024-04-23 13:45;6159;1.06103;up;tp;sl;buy;65.0;6560.0;443478.42;452949.69
2024-04-23 15:34;2024-04-25 06:29;2311;1.07019;up;sl;sl;none;-40.0;6520.0;450684.95;448420.20
2024-04-25 12:31;2024-04-25 16:46;255;1.07104;up;sl;sl;none;-40.0;6480.0;446178.10;443936.00
2024-04-28 23:08;2024-04-30 16:04;2443;1.07016;down;sl;sl;none;-40.0;6440.0;441716.32;439496.64
2024-05-02 02:17;2024-05-03 01:36;1391;1.07191;up;sl;sl;none;-40.0;6400.0;437299.15;435101.67
2024-05-07 00:36;2024-05-13 11:47;6365;1.07721;down;sl;sl;none;-40.0;6360.0;432926.16;430750.65
2024-05-13 18:18;2024-05-14 12:57;1099;1.07905;up;sl;sl;none;-40.0;6320.0;428596.90;426443.15
2024-05-17 02:29;2024-05-17 14:51;740;1.08558;down;sl;sl;none;-40.0;6280.0;424310.93;422178.71
2024-05-20 06:45;2024-05-30 00:12;10963;1.08822;up;sl;tp;sell;65.0;6345.0;420067.82;429039.12
2024-05-31 00:55;2024-05-31 11:05;609;1.08319;up;sl;sl;none;-40.0;6305.0;426893.92;424748.73
2024-06-05 01:50;2024-06-07 20:39;3975;1.08844;down;sl;tp;sell;65.0;6370.0;422624.98;431650.89
2024-06-11 15:00;2024-06-12 12:30;1269;1.07233;up;tp;sl;buy;65.0;6435.0;429492.64;438665.22
2024-06-12 16:26;2024-06-13 15:28;1369;1.08419;up;sl;tp;sell;65.0;6500.0;436471.90;445793.53
2024-06-13 20:23;2024-06-18 14:27;3925;1.07396;down;sl;sl;none;-40.0;6460.0;443564.56;441335.60
2024-06-19 04:37;2024-07-01 01:25;11129;1.07363;down;sl;sl;none;-40.0;6420.0;439128.92;436922.24
2024-07-01 01:28;2024-07-01 14:47;798;1.07557;up;sl;sl;none;-40.0;6380.0;434737.63;432553.02
2024-07-02 08:17;2024-07-03 14:00;1754;1.07166;down;tp;sl;buy;65.0;6445.0;430390.25;439582.00
2024-07-09 01:08;2024-07-11 08:48;3270;1.08265;down;sl;sl;none;-40.0;6405.0;437384.09;435186.18
2024-07-15 23:05;2024-07-17 08:30;1981;1.08959;down;sl;sl;none;-40.0;6365.0;433010.25;430834.32
2024-07-18 18:32;2024-07-29 13:08;9660;1.08988;down;sl;tp;sell;65.0;6430.0;428680.15;437835.38
2024-07-31 19:15;2024-08-02 12:30;2457;1.08303;up;sl;sl;none;-40.0;6390.0;435646.20;433457.03
2024-08-02 15:13;2024-08-05 06:07;891;1.09186;up;sl;sl;none;-40.0;6350.0;431289.74;429122.46
2024-08-06 16:35;2024-08-13 13:25;6965;1.09295;down;sl;sl;none;-40.0;6310.0;426976.84;424831.23
2024-08-15 16:25;2024-08-19 14:35;2754;1.09875;down;tp;sl;buy;65.0;6375.0;422707.08;431734.74
2024-08-22 22:36;2024-08-23 18:11;1175;1.11151;down;tp;sl;buy;65.0;6440.0;429576.07;438750.43
2024-08-23 19:39;2024-08-28 12:31;3877;1.11901;up;sl;tp;sell;65.0;6505.0;436556.68;445880.12
2024-09-03 00:59;2024-09-04 14:01;2217;1.10598;up;sl;sl;none;-40.0;6465.0;443650.72;441421.32
2024-09-04 15:41;2024-09-09 07:02;3751;1.10778;up;sl;sl;none;-40.0;6425.0;439214.22;437007.11
2024-09-11 22:10;2024-09-13 09:40;2104;1.10132;up;tp;sl;buy;65.0;6490.0;434822.07;444108.47
2024-09-18 01:04;2024-09-18 19:46;1117;1.11276;down;sl;sl;none;-40.0;6450.0;441887.93;439667.39
2024-09-18 22:20;2024-09-19 06:51;511;1.11225;up;sl;sl;none;-40.0;6410.0;437469.05;435270.72
2024-09-23 07:37;2024-09-23 13:16;339;1.11115;down;sl;sl;none;-40.0;6370.0;433094.36;430918.01
2024-09-24 16:56;2024-09-25 16:19;1375;1.11592;up;sl;sl;none;-40.0;6330.0;428763.42;426608.83
2024-09-26 03:05;2024-09-30 18:12;3771;1.11411;down;sl;sl;none;-40.0;6290.0;424475.78;422342.74
2024-09-30 20:28;2024-10-01 16:45;1210;1.11359;down;sl;tp;sell;65.0;6355.0;420231.03;429205.81
2024-10-08 00:15;2024-10-14 19:00;6842;1.09774;up;sl;tp;sell;65.0;6420.0;427059.78;436180.40
2024-10-18 20:44;2024-10-23 07:33;3497;1.08667;up;sl;tp;sell;65.0;6485.0;433999.50;443268.34
2024-10-24 16:15;2024-10-28 03:46;2121;1.08031;up;sl;sl;none;-40.0;6445.0;441051.99;438835.65
2024-10-29 01:49;2024-10-30 08:08;1805;1.08141;up;sl;sl;none;-40.0;6405.0;436641.47;434447.30
2024-10-30 09:39;2024-10-30 14:47;308;1.08358;up;sl;sl;none;-40.0;6365.0;432275.06;430102.82
2024-11-04 01:19;2024-11-06 00:32;2799;1.08825;down;sl;sl;none;-40.0;6325.0;427952.31;425801.79
2024-11-06 06:30;2024-11-06 12:29;359;1.07180;down;sl;sl;none;-40.0;6285.0;423672.79;421543.78
2024-11-07 16:17;2024-11-08 17:02;1479;1.07913;up;sl;tp;sell;65.0;6350.0;419436.06;428393.86
2024-11-08 19:38;2024-11-12 07:25;2130;1.07116;down;sl;tp;sell;65.0;6415.0;426251.89;435355.26
2024-11-15 13:39;2024-11-18 17:02;1640;1.05674;up;sl;sl;none;-40.0;6375.0;433178.49;431001.71
2024-11-18 22:53;2024-11-20 16:08;2467;1.05976;up;sl;tp;sell;65.0;6440.0;428846.70;438005.49
2024-11-20 20:22;2024-11-22 08:59;2182;1.05368;down;sl;tp;sell;65.0;6505.0;435815.46;445123.08
2024-11-25 14:51;2024-11-26 12:16;1280;1.05078;up;sl;sl;none;-40.0;6465.0;442897.46;440671.85
2024-11-26 19:08;2024-11-27 13:39;1106;1.04681;down;tp;sl;buy;65.0;6530.0;438468.49;447832.76
2024-11-28 23:42;2024-12-01 23:28;1422;1.05584;down;sl;sl;none;-40.0;6490.0;445593.60;443354.44
2024-12-02 05:59;2024-12-04 15:25;3434;1.05219;down;sl;sl;none;-40.0;6450.0;441137.66;438920.89
2024-12-04 16:52;2024-12-06 13:30;2671;1.05226;down;tp;sl;buy;65.0;6515.0;436726.29;446053.36
2024-12-09 01:30;2024-12-09 10:09;518;1.05561;down;sl;sl;none;-40.0;6475.0;443823.09;441592.82
2024-12-10 03:00;2024-12-12 15:39;3630;1.05538;up;sl;tp;sell;65.0;6540.0;439384.86;448768.71
2024-12-16 01:51;2024-12-18 19:03;3902;1.05188;up;sl;tp;sell;65.0;6605.0;446524.86;456061.20
2024-12-18 19:04;2024-12-18 20:18;74;1.04347;down;sl;tp;sell;65.0;6670.0;453780.89;463472.19
2024-12-20 06:26;2024-12-20 17:13;647;1.03554;up;tp;sl;buy;65.0;6735.0;461154.83;471003.62
2024-12-22 22:54;2024-12-30 12:13;5855;1.04370;up;sl;sl;none;-40.0;6695.0;468648.60;466293.58
2024-12-30 18:35;2024-12-31 14:10;1168;1.04007;down;sl;sl;none;-40.0;6655.0;463962.11;461630.64
2025-01-05 23:55;2025-01-06 11:15;680;1.03040;up;tp;sl;buy;65.0;6720.0;459322.49;469132.14
2025-01-07 21:33;2025-01-10 13:30;3825;1.03428;down;sl;tp;sell;65.0;6785.0;466786.48;476755.54
2025-01-14 11:02;2025-01-15 13:30;1578;1.02581;up;tp;sl;buy;65.0;6850.0;474371.76;484502.82
2025-01-16 04:34;2025-01-16 16:08;694;1.02908;down;sl;sl;none;-40.0;6810.0;482080.30;479657.79
2025-01-17 03:08;2025-01-17 15:05;716;1.03041;up;sl;sl;none;-40.0;6770.0;477259.50;474861.21
2025-01-20 00:31;2025-01-20 13:31;780;1.02833;down;tp;sl;buy;65.0;6835.0;472486.90;482577.71
2025-01-22 00:59;2025-01-22 09:57;538;1.04236;down;sl;sl;none;-40.0;6795.0;480164.82;477751.93
2025-01-23 03:15;2025-01-23 16:45;810;1.04052;down;sl;sl;none;-40.0;6755.0;475363.17;472974.41
2025-01-24 04:32;2025-01-27 23:35;2577;1.04483;up;sl;sl;none;-40.0;6715.0;470609.54;468244.66
2025-01-28 09:00;2025-01-30 13:57;3170;1.04264;up;sl;sl;none;-40.0;6675.0;465903.44;463562.22
2025-01-30 17:10;2025-01-31 17:12;1439;1.04136;up;sl;sl;none;-40.0;6635.0;461244.41;458926.60
2025-02-04 07:17;2025-02-05 06:23;1385;1.03053;up;tp;sl;buy;65.0;6700.0;456631.96;466384.15
2025-02-06 14:54;2025-02-07 15:54;1496;1.03659;down;sl;sl;none;-40.0;6660.0;464052.23;461720.31
2025-02-09 22:39;2025-02-12 11:19;3626;1.02971;down;tp;sl;buy;65.0;6725.0;459411.71;469223.27
2025-02-17 21:46;2025-02-20 23:10;4371;1.04834;down;sl;sl;none;-40.0;6685.0;466877.15;464531.03
2025-02-24 01:27;2025-02-24 07:45;378;1.05069;down;sl;sl;none;-40.0;6645.0;462208.38;459885.72
2025-02-24 16:53;2025-02-27 13:46;4115;1.04735;up;sl;sl;none;-40.0;6605.0;457586.29;455286.87
2025-03-03 06:35;2025-03-03 10:00;205;1.04125;up;sl;sl;none;-40.0;6565.0;453010.43;450734.00
2025-03-10 17:24;2025-03-11 13:23;1183;1.08372;down;tp;sl;buy;65.0;6630.0;448480.33;458058.43
2025-03-12 20:14;2025-03-14 10:46;2300;1.08880;down;sl;sl;none;-40.0;6590.0;455768.13;453477.84
2025-03-14 20:28;2025-03-19 17:30;4061;1.08842;up;sl;sl;none;-40.0;6550.0;451210.45;448943.06
2025-03-26 00:51;2025-03-27 15:31;2318;1.07838;up;sl;sl;none;-40.0;6510.0;446698.35;444453.63
2025-03-27 23:33;2025-03-28 14:05;872;1.07994;up;sl;sl;none;-40.0;6470.0;442231.36;440009.10
2025-04-01 00:43;2025-04-02 14:47;2277;1.08212;down;sl;sl;none;-40.0;6430.0;437809.05;435609.00
2025-04-02 17:18;2025-04-02 20:13;175;1.08548;up;sl;sl;none;-40.0;6390.0;433430.96;431252.91
2025-04-04 18:03;2025-04-06 21:01;177;1.09431;down;sl;sl;none;-40.0;6350.0;429096.65;426940.39
2025-04-08 04:29;2025-04-08 14:35;606;1.09783;up;sl;tp;sell;65.0;6415.0;424805.68;433878.17
2025-04-08 23:00;2025-04-09 04:26;326;1.09670;up;tp;sl;buy;65.0;6480.0;431708.78;440928.69
2025-04-10 09:11;2025-04-10 12:30;199;1.10412;down;tp;sl;buy;65.0;6545.0;438724.04;448093.78
2025-04-10 20:35;2025-04-11 00:21;218;1.11843;up;tp;sl;buy;65.0;6610.0;445853.31;455375.30
2025-04-14 17:58;2025-04-15 00:39;397;1.13370;down;sl;sl;none;-40.0;6570.0;453098.43;450821.55
2025-04-15 08:43;2025-04-15 16:43;480;1.13499;down;sl;tp;sell;65.0;6635.0;448567.44;458147.40
2025-04-16 18:39;2025-04-17 01:03;369;1.13806;up;sl;sl;none;-40.0;6595.0;455856.66;453565.93
2025-04-17 23:19;2025-04-20 23:48;1457;1.13675;down;tp;sl;buy;65.0;6660.0;451298.10;460936.37
2025-04-22 12:50;2025-04-22 16:20;210;1.14667;down;sl;sl;none;-40.0;6620.0;458631.69;456327.01
2025-04-24 23:23;2025-04-28 14:40;2348;1.13764;up;sl;sl;none;-40.0;6580.0;454045.37;451763.74
2025-04-30 00:45;2025-05-01 03:38;1608;1.13861;down;sl;tp;sell;65.0;6645.0;449504.92;459104.90
2025-05-02 19:57;2025-05-06 00:21;1695;1.13055;up;sl;sl;none;-40.0;6605.0;456809.37;454513.85
2025-05-06 00:55;2025-05-06 19:23;1108;1.12878;up;tp;sl;buy;65.0;6670.0;452241.28;461899.70
2025-05-06 22:26;2025-05-07 19:16;1250;1.13278;up;sl;sl;none;-40.0;6630.0;459590.20;457280.70
2025-05-07 23:10;2025-05-08 06:24;433;1.13035;down;sl;sl;none;-40.0;6590.0;454994.30;452707.90
2025-05-12 01:54;2025-05-12 07:22;328;1.12281;up;sl;tp;sell;65.0;6655.0;450444.36;460064.40
2025-05-12 11:09;2025-05-13 15:22;1691;1.10842;down;tp;sl;buy;65.0;6720.0;457764.08;467540.45
2025-05-13 19:09;2025-05-16 14:39;4032;1.11837;up;sl;sl;none;-40.0;6680.0;465202.74;462865.04
2025-05-19 00:46;2025-05-19 09:06;500;1.11832;up;tp;sl;buy;65.0;6745.0;460550.72;470386.60
2025-05-19 17:32;2025-05-21 02:09;1950;1.12313;up;tp;sl;buy;65.0;6810.0;468034.66;478030.38
2025-05-22 13:48;2025-05-23 01:44;711;1.12911;down;sl;sl;none;-40.0;6770.0;475640.23;473250.08
2025-05-23 17:19;2025-05-27 15:13;2714;1.13528;up;sl;sl;none;-40.0;6730.0;470883.83;468517.58
2025-05-29 22:56;2025-06-02 06:30;1889;1.13722;up;sl;sl;none;-40.0;6690.0;466174.99;463832.40
2025-06-02 10:16;2025-06-03 10:30;1446;1.14185;up;sl;sl;none;-40.0;6650.0;461513.24;459194.08
2025-06-03 18:00;2025-06-04 08:38;874;1.13770;down;sl;sl;none;-40.0;6610.0;456898.11;454602.13
2025-06-04 20:41;2025-06-06 12:30;2375;1.14201;up;sl;sl;none;-40.0;6570.0;452329.12;450056.11
2025-06-06 18:06;2025-06-10 07:11;2192;1.13954;down;sl;sl;none;-40.0;6530.0;447805.83;445555.55
2025-06-10 11:19;2025-06-11 12:30;1503;1.14286;down;sl;sl;none;-40.0;6490.0;443327.77;441100.00
2025-06-13 16:46;2025-06-16 07:23;875;1.15603;down;sl;sl;none;-40.0;6450.0;438894.50;436689.00
2025-06-16 11:53;2025-06-16 19:55;482;1.15761;up;sl;sl;none;-40.0;6410.0;434505.55;432322.11
2025-06-17 15:35;2025-06-23 15:26;5730;1.15264;down;sl;sl;none;-40.0;6370.0;430160.50;427998.89
2025-06-24 01:15;2025-06-24 14:23;788;1.16035;up;sl;sl;none;-40.0;6330.0;425858.89;423718.90
2025-06-27 18:01;2025-06-30 22:30;1698;1.17042;down;tp;sl;buy;65.0;6395.0;421600.30;430604.33
2025-07-02 13:37;2025-07-03 12:30;1366;1.17661;down;sl;sl;none;-40.0;6355.0;428451.31;426298.29
2025-07-03 13:37;2025-07-07 08:08;2535;1.17592;up;sl;sl;none;-40.0;6315.0;424166.79;422035.30
2025-07-07 10:35;2025-07-08 00:13;813;1.17266;down;sl;sl;none;-40.0;6275.0;419925.13;417814.95
2025-07-08 21:22;2025-07-09 23:59;1587;1.17195;up;sl;sl;none;-40.0;6235.0;415725.87;413636.80
2025-07-10 02:47;2025-07-15 13:34;4946;1.17385;down;sl;tp;sell;65.0;6300.0;411568.62;420358.40
2025-07-17 00:17;2025-07-18 12:09;2144;1.16300;up;sl;sl;none;-40.0;6260.0;418256.61;416154.81
2025-07-18 12:56;2025-07-18 16:24;208;1.16518;up;sl;sl;none;-40.0;6220.0;414074.04;411993.27
2025-07-25 02:48;2025-07-25 11:20;511;1.17372;down;sl;sl;none;-40.0;6180.0;409933.30;407873.33
2025-08-01 06:14;2025-08-01 12:30;376;1.14316;up;sl;sl;none;-40.0;6140.0;405833.97;403794.60
2025-08-01 16:48;2025-08-01 19:32;164;1.15437;up;sl;sl;none;-40.0;6100.0;401775.63;399756.65
2025-08-05 06:02;2025-08-06 13:14;1869;1.15470;down;tp;sl;buy;65.0;6165.0;397757.87;406252.70
2025-08-08 06:02;2025-08-11 11:53;1787;1.16435;down;sl;sl;none;-40.0;6125.0;404221.44;402190.17
2025-08-11 14:54;2025-08-12 15:27;1469;1.15947;up;tp;sl;buy;65.0;6190.0;400179.22;408725.76
2025-08-12 19:55;2025-08-14 12:30;2421;1.16722;up;sl;sl;none;-40.0;6150.0;406682.13;404638.51
2025-08-14 14:29;2025-08-15 07:55;1039;1.16620;down;sl;sl;none;-40.0;6110.0;402615.31;400592.12
2025-08-15 19:55;2025-08-21 13:57;5356;1.17018;up;sl;tp;sell;65.0;6175.0;398589.16;407101.74
2025-08-21 17:37;2025-08-22 14:00;1209;1.16144;down;sl;sl;none;-40.0;6135.0;405066.23;403030.72
2025-08-24 21:16;2025-08-25 18:11;1253;1.17230;up;sl;tp;sell;65.0;6200.0;401015.57;409579.97
2025-08-25 23:30;2025-08-27 08:10;1956;1.16142;down;sl;sl;none;-40.0;6160.0;407532.07;405484.17
2025-08-27 11:08;2025-08-28 10:27;1393;1.15805;down;tp;sl;buy;65.0;6225.0;403456.75;412073.29
2025-08-28 11:20;2025-09-02 07:57;4073;1.16666;up;sl;sl;none;-40.0;6185.0;410012.93;407952.56
2025-09-02 10:29;2025-09-05 12:30;4410;1.16278;down;tp;sl;buy;65.0;6250.0;405912.80;414581.79
2025-09-09 23:40;2025-09-11 09:45;2033;1.16987;down;sl;sl;none;-40.0;6210.0;412508.88;410435.97
2025-09-11 23:36;2025-09-15 10:21;2077;1.17368;up;sl;sl;none;-40.0;6170.0;408383.79;406331.61
2025-09-15 10:31;2025-09-16 14:17;1642;1.17618;up;tp;sl;buy;65.0;6235.0;404299.95;412934.50
2025-09-18 00:35;2025-09-18 09:36;541;1.18211;down;sl;sl;none;-40.0;6195.0;410869.83;408805.15
2025-09-22 19:24;2025-09-24 08:13;2175;1.17970;up;sl;sl;none;-40.0;6155.0;406761.13;404717.10
2025-09-28 23:47;2025-10-02 15:50;5255;1.17075;up;sl;sl;none;-40.0;6115.0;402693.52;400669.93
2025-10-05 21:34;2025-10-08 01:00;3072;1.17217;up;sl;tp;sell;65.0;6180.0;398666.58;407180.82
2025-10-09 11:45;2025-10-15 07:45;5489;1.16207;up;sl;sl;none;-40.0;6140.0;405144.91;403109.01
2025-10-20 02:44;2025-10-22 11:41;3396;1.16674;down;sl;tp;sell;65.0;6205.0;401093.47;409659.53
2025-10-23 05:33;2025-10-29 19:28;6498;1.15984;up;sl;sl;none;-40.0;6165.0;407611.23;405562.94
2025-11-06 00:05;2025-11-07 15:00;2333;1.14939;up;tp;sl;buy;65.0;6230.0;403535.12;412153.33
2025-11-10 20:56;2025-11-13 16:59;4068;1.15630;down;tp;sl;buy;65.0;6295.0;410092.57;418850.83
2025-11-16 22:34;2025-11-19 16:19;3932;1.16213;down;sl;tp;sell;65.0;6360.0;416756.57;425657.15
2025-11-21 07:25;2025-11-25 14:01;3261;1.15430;up;sl;sl;none;-40.0;6320.0;423528.87;421400.58
2025-11-25 16:45;2025-12-01 12:49;5468;1.15576;down;tp;sl;buy;65.0;6385.0;419293.58;428248.34
2025-12-02 16:52;2025-12-10 20:04;8785;1.15990;down;tp;sl;buy;65.0;6450.0;426107.10;435207.38
2025-12-10 21:11;2025-12-16 12:58;5250;1.16906;up;tp;sl;buy;65.0;6515.0;433031.34;442279.49
2025-12-17 07:56;2025-12-23 10:00;5851;1.17084;down;tp;sl;buy;65.0;6580.0;440068.10;449466.54
2025-12-26 15:24;2026-01-04 23:01;5978;1.17902;down;sl;tp;sell;65.0;6645.0;447219.20;456770.37
2026-01-06 07:46;2026-01-08 17:10;3421;1.17354;up;sl;tp;sell;65.0;6710.0;454486.52;464192.89
2026-01-12 12:14;2026-01-15 13:58;4401;1.16842;up;sl;tp;sell;65.0;6775.0;461871.92;471736.02
2026-01-19 01:33;2026-01-20 08:39;1833;1.16249;up;tp;sl;buy;65.0;6840.0;469377.34;479401.73
2026-01-21 19:02;2026-01-22 13:17;1089;1.16959;down;sl;sl;none;-40.0;6800.0;477004.72;474607.71
2026-01-23 00:22;2026-01-23 16:47;984;1.17509;up;sl;sl;none;-40.0;6760.0;472234.68;469861.64
2026-01-29 01:38;2026-01-29 10:58;560;1.19615;down;sl;sl;none;-40.0;6720.0;467512.33;465163.02
2026-01-29 21:56;2026-01-30 15:33;1052;1.19699;up;sl;tp;sell;65.0;6785.0;462837.21;472721.92
2026-02-04 00:20;2026-02-04 15:56;936;1.18133;up;sl;sl;none;-40.0;6745.0;470358.31;467994.70
2026-02-05 02:44;2026-02-05 21:39;1134;1.17954;down;sl;sl;none;-40.0;6705.0;465654.73;463314.75
2026-02-06 14:11;2026-02-09 13:24;1392;1.18128;up;tp;sl;buy;65.0;6770.0;460998.18;470843.62
2026-02-11 00:15;2026-02-11 13:30;795;1.18876;down;sl;sl;none;-40.0;6730.0;468489.40;466135.18
2026-02-16 11:06;2026-02-19 11:31;4272;1.18648;up;sl;tp;sell;65.0;6795.0;463804.51;473709.88
2026-02-22 22:18;2026-02-24 01:26;1623;1.17941;up;sl;sl;none;-40.0;6755.0;471341.33;468972.78
2026-02-24 05:30;2026-03-02 06:21;5790;1.17699;down;sl;sl;none;-40.0;6715.0;466627.92;464283.05
2026-03-02 07:07;2026-03-02 10:20;193;1.17251;down;sl;sl;none;-40.0;6675.0;461961.64;459640.22
2026-03-04 18:37;2026-03-05 04:29;588;1.16272;up;sl;sl;none;-40.0;6635.0;457342.02;455043.82
2026-03-05 17:04;2026-03-06 11:10;1080;1.15863;down;sl;sl;none;-40.0;6595.0;452768.60;450493.38
2026-03-08 22:26;2026-03-09 05:31;425;1.15415;up;sl;sl;none;-40.0;6555.0;448240.91;445988.45
2026-03-10 04:39;2026-03-11 09:04;1704;1.16110;up;sl;sl;none;-40.0;6515.0;443758.50;441528.56
2026-03-11 12:32;2026-03-12 15:10;1592;1.15968;down;sl;tp;sell;65.0;6580.0;439320.92;448703.40
2026-03-16 21:39;2026-03-17 13:00;919;1.15072;up;sl;sl;none;-40.0;6540.0;446459.88;444216.37
2026-03-18 21:51;2026-03-19 08:09;618;1.14646;down;sl;sl;none;-40.0;6500.0;441995.29;439774.20
2026-03-20 00:21;2026-03-23 10:03;1962;1.15752;up;sl;tp;sell;65.0;6565.0;437575.33;446920.53
2026-03-23 19:26;2026-03-26 11:42;3844;1.16201;up;sl;tp;sell;65.0;6630.0;444685.93;454182.99
2026-03-31 19:25;2026-04-02 06:12;2075;1.15423;up;sl;sl;none;-40.0;6590.0;451912.08;449641.16
2026-04-02 12:14;2026-04-05 22:11;1955;1.15258;down;sl;sl;none;-40.0;6550.0;447392.96;445144.75
2026-04-05 23:27;2026-04-07 19:45;2650;1.15100;down;tp;sl;buy;65.0;6615.0;442919.03;452378.35
2026-04-07 19:56;2026-04-07 23:21;203;1.15991;up;tp;sl;buy;65.0;6680.0;450116.46;459729.50
2026-04-09 10:21;2026-04-13 18:59;3390;1.16769;down;tp;sl;buy;65.0;6745.0;457430.85;467200.11
2026-04-14 02:34;2026-04-17 13:03;4926;1.17569;up;tp;sl;buy;65.0;6810.0;464864.11;474792.11
2026-04-17 17:20;2026-04-22 18:22;4364;1.17934;up;sl;tp;sell;65.0;6875.0;472418.15;482507.48
2026-04-26 21:00;2026-04-29 18:09;4104;1.16939;up;sl;sl;none;-40.0;6835.0;480094.94;477682.41
2026-04-29 22:12;2026-05-01 11:26;2229;1.16731;down;tp;sl;buy;65.0;6900.0;475293.99;485444.74
2026-05-04 13:17;2026-05-06 04:30;2325;1.17087;down;sl;sl;none;-40.0;6860.0;483017.52;480590.30
2026-05-07 19:05;2026-05-08 09:01;830;1.17475;down;sl;sl;none;-40.0;6820.0;478187.35;475784.39
2026-05-11 00:55;2026-05-14 14:58;5126;1.17678;up;sl;tp;sell;65.0;6885.0;473405.47;483515.89
2026-05-18 19:37;2026-05-29 14:55;12583;1.16503;up;sl;sl;none;-40.0;6845.0;481098.31;478680.73
2026-06-01 02:31;2026-06-01 13:31;660;1.16438;down;sl;sl;none;-40.0;6805.0;476287.33;473893.92
2026-06-01 19:44;2026-06-03 08:15;2164;1.16319;down;sl;sl;none;-40.0;6765.0;471524.45;469154.99
2026-06-03 08:38;2026-06-05 12:57;3124;1.16112;down;sl;sl;none;-40.0;6725.0;466809.21;464463.44
2026-06-05 15:55;2026-06-08 13:22;1279;1.15333;down;sl;sl;none;-40.0;6685.0;462141.12;459818.80
2026-06-09 02:03;2026-06-11 12:23;3482;1.15395;up;sl;sl;none;-40.0;6645.0;457519.71;455220.61
2026-06-12 02:19;2026-06-17 18:01;5244;1.15671;up;sl;sl;none;-40.0;6605.0;452944.51;450668.41
2026-06-17 19:40;2026-06-18 10:58;917;1.14800;down;sl;sl;none;-40.0;6565.0;448415.06;446161.72
2026-06-22 06:50;2026-06-24 02:58;2637;1.14544;up;sl;tp;sell;65.0;6630.0;443930.91;453411.85
2026-06-25 15:24;2026-06-26 08:44;1039;1.13827;up;sl;sl;none;-40.0;6590.0;451144.79;448877.73
2026-06-29 17:48;2026-07-02 12:33;3953;1.14242;down;sl;sl;none;-40.0;6550.0;446633.34;444388.95
2026-07-02 16:47;2026-07-06 06:36;2253;1.14403;up;sl;sl;none;-40.0;6510.0;442167.01;439945.07
2026-07-06 10:11;2026-07-08 15:41;3197;1.14123;down;sl;sl;none;-40.0;6470.0;437745.34;435545.61
2026-07-09 03:49;2026-07-12 21:00;2450;1.14263;up;sl;sl;none;-40.0;6430.0;433367.89;431190.16
2026-07-12 21:26;2026-07-13 07:53;620;1.14050;down;sl;sl;none;-40.0;6390.0;429034.21;426878.26
2026-07-14 07:37;2026-07-15 18:01;2057;1.13901;up;tp;sl;buy;65.0;6455.0;424743.87;433815.03
