date;minutes;confirmed;firstAvg;lastAvg;lo;hi;sumRange;sumAbsDelta
2011-02-08;903;466;136273;136254;135913;136879;32959;12441
2011-02-09;1440;719;136232;137188;136102;137436;43822;15756
2011-02-10;1440;999;137172;136021;135761;137274;44092;16077
2011-02-11;1320;795;136035;135478;134960;136203;41249;15445
2011-02-13;120;15;135088;135104;135008;135317;3307;1246
2011-02-14;1440;594;135116;134783;134270;135583;40836;15379
2011-02-15;1439;840;134800;134973;134601;135501;45670;16951
2011-02-16;1439;643;134954;135725;134615;135876;48179;17477
2011-02-17;1440;473;135740;136229;135355;136269;45356;16465
2011-02-18;1316;821;136214;136917;135447;137144;42118;15417
2011-02-20;119;60;136990;137108;136855;137141;2210;908
2011-02-21;1431;841;137089;136792;136462;137110;32144;11837
2011-02-22;1439;1094;136790;136713;135245;137031;50938;19567
2011-02-23;1440;699;136714;137595;136707;137862;46136;16619
2011-02-24;1410;647;137570;138180;137027;138225;46890;16796
2011-02-25;1319;730;138198;137509;137232;138376;37701;14339
2011-02-27;120;4;137557;137330;137294;137621;2191;907
2011-02-28;1435;996;137333;138196;137100;138551;40800;14881
2011-03-01;1439;414;138225;137685;137622;138534;43614;15798
2011-03-02;1440;614;137673;138648;137424;138898;39289;13595
2011-03-03;1439;595;138640;139559;138324;139747;39400;14129
2011-03-04;1318;631;139566;139862;139402;140068;33171;11756
2011-03-06;120;0;139895;139886;139859;139971;1815;603
2011-03-07;1439;836;139879;139623;139543;140353;33806;13266
2011-03-08;1438;837;139624;138955;138609;139881;34677;13499
2011-03-09;1439;630;138938;139019;138547;139409;35020;13279
2011-03-10;1439;828;139029;138004;137732;139238;40277;15683
2011-03-11;1318;985;138013;138999;137518;139137;40949;15658
2011-03-13;120;8;139692;139357;139271;139747;4987;2277
2011-03-14;1438;714;139328;139908;139042;140026;37803;14768
2011-03-15;1440;947;139895;139855;138543;140124;55263;21746
2011-03-16;1440;753;139845;138834;138657;140007;61858;23127
2011-03-17;1440;700;138856;140319;138761;140524;51363;19347
2011-03-18;1260;599;140296;141795;139797;141831;44990;17069
2011-03-20;116;0;141774;141686;141661;141824;2083;950
2011-03-21;1422;277;141672;142140;141384;142397;32184;14074
2011-03-22;1406;811;142166;141673;141623;142484;27191;11875
2011-03-23;1426;637;141703;141043;140766;142141;36537;16274
2011-03-24;1428;727;141060;141696;140532;142199;33315;14942
2011-03-25;1235;675;141693;140865;140549;141934;32061;14368
2011-03-27;167;90;140449;140350;140185;140531;3505;1727
2011-03-28;1416;370;140314;140726;140260;141153;28214;12998
2011-03-29;1409;779;140725;141204;140465;141485;31256;14455
2011-03-30;1427;779;141185;141264;140519;141470;36604;16531
2011-03-31;1431;1162;141250;141559;141155;142326;35089;15647
2011-04-01;1259;953;141568;142319;140540;142451;36422;15763
2011-04-03;167;3;142254;142349;142102;142423;4208;1585
2011-04-04;1416;694;142345;142073;141919;142680;29543;13764
2011-04-05;1425;807;142062;142317;141514;142454;34027;15431
2011-04-06;1420;1122;142310;143241;142278;143490;33372;14393
2011-04-07;1428;863;143245;142979;142420;143262;38899;16430
2011-04-08;1259;1083;142985;144816;142910;144868;33305;13615
2011-04-10;165;63;144641;144803;144493;144832;3291;1624
2011-04-11;1431;1135;144789;144225;144204;144825;32034;14120
2011-04-12;1428;657;144246;144821;143769;145192;41415;17125
2011-04-13;1428;498;144809;144504;144131;145200;36833;16511
2011-04-14;1421;1136;144540;145007;143648;145142;41521;18343
2011-04-15;1253;804;145010;144289;143901;145020;33937;15303
2011-04-17;160;160;144158;143962;143900;144203;2364;1186
2011-04-18;1434;865;143977;142364;141566;144049;47258;21991
2011-04-19;1430;1144;142374;143648;142047;143728;40129;17620
2011-04-20;1425;1106;143642;145179;143540;145478;40175;17195
2011-04-21;1396;922;145166;145583;145145;146483;39721;17657
2011-04-22;1107;438;145576;145596;145330;145882;16991;8362
2011-04-24;165;50;145527;145875;145328;145888;3855;2626
2011-04-25;1421;1058;145952;145502;145250;146267;30081;14372
2011-04-26;1431;943;145477;147044;144931;147133;41146;18475
2011-04-27;1429;605;147057;147864;146323;147958;43791;17873
2011-04-28;1427;786;147870;148402;147723;148816;40763;18378
2011-04-29;1252;526;148440;148046;148036;148776;28900;12770
2011-05-01;157;80;148106;148146;147801;148393;5839;3158
2011-05-02;1420;1039;148134;147935;147620;149017;40667;18061
2011-05-03;1428;867;147971;148365;147541;148897;42802;18928
2011-05-04;1432;930;148365;148270;147745;149399;49420;21075
2011-05-05;1431;843;148293;145591;145097;148990;55161;23598
2011-05-06;1260;641;145526;143160;143091;145873;66746;28838
2011-05-08;175;36;143550;143875;143256;143958;5391;2799
2011-05-09;1433;747;143871;143682;142542;144421;51837;22551
2011-05-10;1417;1033;143669;143992;142701;144183;51642;22445
2011-05-11;1430;607;143998;142060;141720;144233;52610;22170
2011-05-12;1424;981;142050;142293;141231;142762;55815;23891
2011-05-13;1260;887;142288;141143;140661;143391;55900;23413
2011-05-15;174;2;140895;140678;140627;140919;4230;1833
2011-05-16;1433;816;140655;141466;140478;142442;50038;21287
2011-05-17;1427;826;141460;142660;141196;142757;56111;23088
2011-05-18;1432;932;142639;142574;141946;142866;47396;19441
2011-05-19;1420;608;142591;143250;142060;143372;47617;19553
2011-05-20;1257;595;143236;141566;141327;143453;45564;19538
2011-05-22;172;116;141229;141171;140949;141454;5177;2550
2011-05-23;1429;874;141135;140105;139689;141348;51132;22482
2011-05-24;1423;808;140146;140920;140133;141329;47654;19724
2011-05-25;1430;674;140899;140698;140131;141179;50753;21529
2011-05-26;1426;822;140714;141438;140675;142061;49801;20722
2011-05-27;1258;744;141426;143165;141294;143235;49305;21131
2011-05-29;166;46;143191;142897;142775;143205;3625;1932
2011-05-30;1397;852;142868;143345;142564;143524;27364;11577
2011-05-31;1422;790;143345;144253;143250;144366;45366;19122
2011-06-01;1431;560;144233;143466;143066;144585;50285;20357
2011-06-02;1417;937;143445;144874;143253;145138;47136;19335
2011-06-03;1257;389;144849;146308;144504;146423;43859;17013
2011-06-05;136;82;146250;146504;146218;146571;3287;1460
2011-06-06;1420;809;146470;145909;145569;146579;42237;16923
2011-06-07;1431;893;145897;146794;145634;146963;40052;15593
2011-06-08;1431;866;146815;145916;145639;146889;42951;17253
2011-06-09;1425;239;145918;145368;144773;146526;44832;18068
2011-06-10;1257;793;145384;143457;143220;145506;42077;17313
2011-06-12;166;166;143148;143359;143122;143417;2889;1549
2011-06-13;1423;564;143411;144151;143217;144298;40271;17028
2011-06-14;1430;928;144152;144308;143780;144972;41177;16944
2011-06-15;1433;920;144339;141921;141560;144381;47590;19344
2011-06-16;1430;791;141890;142014;140728;142213;60227;25574
2011-06-17;1260;710;141993;143042;141268;143393;51724;22255
2011-06-19;172;134;142745;142596;142557;142971;6682;2609
2011-06-20;1432;919;142593;143624;141909;143839;45152;19871
2011-06-21;1431;641;143584;143768;143046;144333;49502;20638
2011-06-22;1432;910;143765;143305;143100;144415;46190;19646
2011-06-23;1428;1128;143284;142599;141260;143329;50240;21193
2011-06-24;1249;791;142616;141869;141413;143062;48424;20875
2011-06-26;167;166;141853;141575;141459;141972;4344;2062
2011-06-27;1432;930;141516;143103;141024;143293;48101;20091
2011-06-28;1428;601;143098;143561;142368;143968;48761;19983
2011-06-29;1426;1238;143554;144625;143186;144844;53442;22163
2011-06-30;1433;688;144620;144741;144475;145376;43663;18705
2011-07-01;1258;885;144763;145250;144362;145517;39403;15943
2011-07-03;169;43;145293;145651;145223;145773;5709;2290
2011-07-04;1397;673;145634;145419;144952;145674;29175;12537
2011-07-05;1426;721;145402;144342;143967;145415;41047;17034
2011-07-06;1422;693;144338;143336;142859;144663;42422;17622
2011-07-07;1425;921;143363;143591;142206;143743;42242;17902
2011-07-08;1259;884;143596;142609;142051;143679;46608;20257
2011-07-10;122;99;142132;142103;141973;142259;2896;1355
2011-07-11;1433;931;142175;140390;139861;142271;49461;21091
2011-07-12;1434;791;140383;139888;138371;140536;73077;31761
2011-07-13;1434;902;139920;142689;139621;142819;64818;28475
2011-07-14;1426;800;142666;141620;141150;142712;62014;25666
2011-07-15;1255;872;141599;141537;140919;141920;47703;19538
2011-07-17;170;150;141038;141258;140964;141342;5265;2288
2011-07-18;1431;900;141234;141263;140139;141361;49350;20353
2011-07-19;1433;737;141224;141700;140683;142170;52398;21768
2011-07-20;1439;797;141721;142605;141328;142740;46087;19090
2011-07-21;1431;785;142601;144094;141384;144365;57030;23017
2011-07-22;1258;623;144062;143561;143234;144373;40454;17151
2011-07-24;179;66;143839;143665;143646;144160;6596;3410
2011-07-25;1419;719;143659;143747;143247;144061;41587;17904
2011-07-26;1426;571;143722;145064;143568;145254;44836;17836
2011-07-27;1430;610;145067;143597;143383;145357;44952;18266
2011-07-28;1430;397;143627;143255;142531;144001;46516;18830
2011-07-29;1260;744;143270;143955;142291;144128;53763;21705
2011-07-31;174;134;143770;143558;142321;143820;9666;4508
2011-08-01;1434;925;143515;142723;141842;144532;54353;22778
2011-08-02;1434;764;142702;141821;141507;142827;58532;24667
2011-08-03;1431;820;141847;143487;141426;143715;60927;24842
2011-08-04;1435;899;143470;140778;140545;143678;73035;29362
2011-08-05;1260;635;140730;142744;140699;142975;73569;29728
2011-08-07;177;67;144153;143089;142883;144277;13287;5796
2011-08-08;1435;800;143032;141747;141288;144016;79532;32509
2011-08-09;1436;811;141780;143512;141519;143975;91388;35818
2011-08-10;1433;748;143490;141382;141223;144010;68560;27620
2011-08-11;1431;811;141488;142129;141034;142941;75900;30807
2011-08-12;1259;686;142100;142470;141491;142911;53830;21710
2011-08-14;176;168;142664;142819;142362;142837;4124;1843
2011-08-15;1417;906;142847;144373;142631;144768;43977;18236
2011-08-16;1433;982;144360;143807;143541;144717;51084;20593
2011-08-17;1430;851;143802;144267;143242;145170;49621;20059
2011-08-18;1413;745;144271;142948;142711;144519;52379;22589
2011-08-19;1260;647;142980;143944;142589;144525;51083;19884
2011-08-21;175;56;143773;143665;143606;143832;3062;1410
2011-08-22;1432;784;143662;143562;143470;144340;39169;15408
2011-08-23;1435;1046;143584;144370;143566;144997;44121;18930
2011-08-24;1437;349;144396;144075;143779;144812;43864;17941
2011-08-25;1433;1163;144067;143870;143275;144744;42596;17677
2011-08-26;1259;524;143898;144978;143285;145012;45587;18288
2011-08-28;176;49;144989;144805;144775;145029;3088;1438
2011-08-29;1415;745;144809;145156;144656;145486;33914;14461
2011-08-30;1433;704;145163;144385;143841;145327;40839;16338
2011-08-31;1436;835;144399;143633;143581;144688;37573;15360
2011-09-01;1434;873;143648;142683;142262;143775;40341;16627
2011-09-02;1260;740;142672;142031;141834;142878;40741;16705
2011-09-04;179;82;141606;141476;141360;141758;3869;1700
2011-09-05;1430;1063;141510;140688;140587;141731;36994;15494
2011-09-06;1437;911;140706;140089;139717;142849;60410;25677
2011-09-07;1429;975;140108;140799;140057;141493;45777;19551
2011-09-08;1438;724;140778;138906;138722;140888;47883;20298
2011-09-09;1259;949;138994;136538;136264;139362;52629;22734
2011-09-11;180;88;135857;135814;135526;136219;6494;3081
2011-09-12;1437;965;135934;136388;134987;136941;63807;29136
2011-09-13;1437;761;136390;136807;135573;137386;63598;28183
2011-09-14;1436;734;136792;137464;135909;137828;64947;27826
2011-09-15;1432;861;137457;138798;137030;139364;56388;23489
2011-09-16;1258;817;138774;137935;137532;138816;46529;19783
2011-09-18;179;122;136914;136818;136630;137127;5775;2632
2011-09-19;1436;863;136878;136221;135858;137207;53249;22111
2011-09-20;1437;597;136235;137063;135930;137441;55166;23136
2011-09-21;1440;985;137038;135755;135568;137962;65338;25903
2011-09-22;1437;813;135811;135062;133842;135898;72910;30455
2011-09-23;1257;672;135087;134958;134178;135666;63783;26037
2011-09-25;180;99;135142;135152;134875;135497;5957;2922
2011-09-26;1440;880;135165;134962;133617;135465;70213;29059
2011-09-27;1436;607;134937;135852;134784;136679;61695;27551
2011-09-28;1433;857;135819;135220;135191;136896;54090;22563
2011-09-29;1431;860;135231;135954;135194;136789;60838;24945
2011-09-30;1260;915;135939;133857;133830;136007;51746;21278
2011-10-02;180;35;133388;133566;133301;133684;4572;2154
2011-10-03;1436;727;133604;131882;131630;133807;59704;25234
2011-10-04;1438;802;131917;133167;131451;133684;66039;27156
2011-10-05;1432;658;133163;133449;132596;133834;58164;23666
2011-10-06;1433;636;133414;134267;132412;134505;59346;23923
2011-10-07;1260;832;134241;133780;133603;135244;51714;21337
2011-10-09;169;151;133804;133982;133764;134080;3264;1572
2011-10-10;1434;864;133966;136259;133920;136979;46792;20145
2011-10-11;1426;578;136273;136327;135647;136835;48386;20722
2011-10-12;1433;761;136308;137764;135820;138334;50916;20980
2011-10-13;1432;713;137781;137507;136848;138259;50517;21198
2011-10-14;1259;615;137536;138776;137229;138936;47514;20724
2011-10-16;175;83;138651;138709;138605;138870;3985;1586
2011-10-17;1432;605;138695;137439;137238;139139;48978;21728
2011-10-18;1434;990;137488;137320;136523;138170;59744;25870
2011-10-19;1428;798;137334;137670;137246;138688;54021;21876
2011-10-20;1424;725;137656;137925;136556;138431;64351;27119
2011-10-21;1260;644;137925;138889;137037;139010;49887;20644
2011-10-23;179;65;138413;138480;138289;138738;4240;1811
2011-10-24;1433;850;138480;139165;138214;139560;48600;20743
2011-10-25;1438;565;139206;138974;138480;139600;56286;23730
2011-10-26;1437;500;138978;138846;137970;139742;57803;22934
2011-10-27;1438;1050;138867;141969;138841;142462;58396;24166
2011-10-28;1260;595;141968;141452;141326;141973;42387;17644
2011-10-30;116;22;141515;141369;141361;141612;1868;1022
2011-10-31;1438;736;141371;138586;138273;141703;61509;27939
2011-11-01;1439;1098;138582;136512;136072;138700;70798;30622
2011-11-02;1435;1048;136539;136868;136519;138277;62052;27077
2011-11-03;1436;574;136851;138228;136554;138539;69378;30197
2011-11-04;1260;580;138214;137879;137096;138678;53096;21661
2011-11-06;118;112;138222;137855;137763;138295;3668;1613
2011-11-07;1436;737;137883;137577;136802;138122;55203;22660
2011-11-08;1438;495;137569;138244;137234;138461;47740;19887
2011-11-09;1438;1029;138241;135251;135204;138584;60035;24472
2011-11-10;1433;663;135268;136084;134832;136520;59532;24624
2011-11-11;1275;759;136100;137460;135775;137941;46248;19474
2011-11-13;119;119;138052;137842;137720;138077;3741;1714
2011-11-14;1433;1032;137838;136230;135907;137881;52434;21764
2011-11-15;1437;991;136251;135040;134954;136397;53161;22759
2011-11-16;1439;728;135060;134393;134206;135565;59281;25169
2011-11-17;1439;784;134391;134540;134223;135392;59959;24633
2011-11-18;1318;848;134522;135210;134458;136134;48875;20086
2011-11-20;120;67;135093;135315;135039;135354;2997;1266
2011-11-21;1436;873;135338;134823;134293;135400;48322;20697
2011-11-22;1430;745;134832;135182;134684;135680;47035;19774
2011-11-23;1433;1015;135152;133453;133193;135302;50741;21107
2011-11-24;1407;695;133434;133287;133150;134108;34685;14419
2011-11-25;1306;1003;133288;132337;132115;133325;39588;16311
2011-11-27;119;10;133199;133091;132879;133265;3872;1580
2011-11-28;1437;595;133094;133139;132718;133980;45914;20009
2011-11-29;1434;581;133095;133218;132849;134415;50331;21999
2011-11-30;1434;806;133228;134416;132585;135323;54110;25022
2011-12-01;1436;470;134411;134657;134164;135204;46680;20190
2011-12-02;1310;1113;134646;133904;133622;135483;41802;16708
2011-12-04;118;92;134150;134154;133944;134240;3099;1484
2011-12-05;1434;1081;134163;133852;133740;134857;42489;16811
2011-12-06;1436;735;133836;134086;133326;134272;41570;15966
2011-12-07;1436;554;134081;133986;133503;134525;39115;15329
2011-12-08;1438;388;133976;133441;132883;134588;45786;17353
2011-12-09;1320;875;133443;133824;132808;134332;44832;18421
2011-12-11;118;118;133768;133693;133574;133796;2144;893
2011-12-12;1435;1062;133685;131658;131600;133767;42202;16985
2011-12-13;1434;635;131638;130187;130080;132361;48335;20427
2011-12-14;1433;565;130198;129849;129442;130638;44922;18067
2011-12-15;1434;834;129860;130280;129565;130494;42647;17612
2011-12-16;1319;529;130280;130406;129943;130835;35342;14666
2011-12-18;118;109;130304;130348;130278;130422;1835;766
2011-12-19;1436;457;130350;130051;129820;130431;33704;12995
2011-12-20;1438;1346;130053;130854;129940;131310;30409;11941
2011-12-21;1436;1100;130854;130356;130242;131967;39774;16816
2011-12-22;1432;834;130357;130533;130162;131185;32100;13356
2011-12-23;1312;402;130540;130357;130251;130954;24863;10245
2011-12-26;875;561;130572;130457;130401;130816;12695;6493
2011-12-27;1401;1230;130501;130674;130417;130824;20100;7919
2011-12-28;1430;1327;130673;129233;129109;130796;28825;11926
2011-12-29;1434;874;129244;129522;128572;129644;35265;15206
2011-12-30;1318;399;129499;129473;129030;129980;30715;12632
2012-01-02;1016;638;129293;129359;129166;129698;14902;6844
2012-01-03;1426;861;129350;130529;129343;130761;33570;14007
2012-01-04;1434;824;130531;129295;128967;130721;33252;13680
2012-01-05;1435;780;129294;127913;127693;129428;41647;16363
2012-01-06;1318;875;127922;127164;126962;128119;33125;13302
2012-01-08;120;50;126935;126777;126655;127043;2398;1126
2012-01-09;1432;887;126797;127713;126762;127844;34351;14270
2012-01-10;1437;720;127714;127518;127419;128175;35493;14808
2012-01-11;1438;734;127525;127207;126607;127890;37238;15504
2012-01-12;1439;927;127206;128201;126984;128442;36604;15057
2012-01-13;1320;913;128198;126733;126228;128773;44143;18807
2012-01-15;119;81;126384;126468;126321;126551;2297;974
2012-01-16;1434;955;126486;126660;126253;126872;31021;12828
2012-01-17;1438;1060;126653;127445;126643;128085;36342;15566
2012-01-18;1438;771;127468;128634;127338;128677;43212;18854
2012-01-19;1437;734;128647;129611;128387;129714;38692;16690
2012-01-20;1319;503;129601;129306;128866;129857;32836;14655
2012-01-22;120;120;128811;128855;128757;128957;2139;1024
2012-01-23;1436;822;128876;130220;128822;130520;36685;15622
2012-01-24;1440;703;130249;130357;129531;130623;37373;16096
2012-01-25;1437;822;130351;131058;129306;131200;42299;18149
2012-01-26;1438;755;131067;130908;130876;131835;37114;16469
2012-01-27;1320;640;130890;132174;130771;132337;41366;18210
2012-01-29;120;120;132238;132060;132051;132262;1645;810
2012-01-30;1439;1220;132079;131377;130763;132100;35441;15200
2012-01-31;1440;887;131385;130756;130413;132136;38247;16791
2012-02-01;1439;562;130760;131693;130255;132178;42735;18715
2012-02-02;1437;723;131696;131357;130850;131960;40484;17857
2012-02-03;1316;790;131354;131565;130656;132025;38817;16471
2012-02-05;120;120;131201;131237;131112;131309;2350;1092
2012-02-06;1440;715;131250;131177;130274;131408;37781;17103
2012-02-07;1438;531;131164;132477;130888;132697;41805;17921
2012-02-08;1438;548;132478;132473;132148;132881;38563;16981
2012-02-09;1438;1041;132485;132756;132263;133210;42585;18091
2012-02-10;1320;800;132752;131971;131550;132904;34186;14249
2012-02-12;120;30;132083;132376;132011;132603;3676;1771
2012-02-13;1439;1009;132397;131530;131449;132837;33606;14587
2012-02-14;1440;764;131528;131284;130797;132156;37606;15836
2012-02-15;1440;964;131294;130551;130435;131903;42295;16785
2012-02-16;1415;842;130541;131274;129743;131588;40883;17303
2012-02-17;1320;978;131278;131407;131149;131975;31630;13159
2012-02-19;120;52;131777;132240;131728;132368;3757;1779
2012-02-20;1428;854;132191;132060;131818;132763;27444;12505
2012-02-21;1439;464;132099;132465;131865;132927;43925;19610
2012-02-22;1440;886;132472;132546;132109;132663;36411;14596
2012-02-23;1440;1111;132540;133731;132308;133781;34334;13789
2012-02-24;1317;1044;133735;134489;133568;134859;29648;12362
2012-02-26;120;118;134638;134679;134561;134792;3023;1185
2012-02-27;1440;1033;134668;134068;133659;134678;34160;14398
2012-02-28;1440;579;134085;134780;133888;134793;34093;14467
2012-02-29;1439;916;134778;133239;133144;134852;41204;16733
2012-03-01;1438;924;133253;133223;132816;133558;34942;14932
2012-03-02;1320;893;133233;131996;131867;133321;30237;12539
2012-03-04;120;0;131915;131848;131823;132047;1431;595
2012-03-05;1437;721;131862;132235;131597;132410;31687;13923
2012-03-06;1428;936;132228;131204;131029;132256;32575;13316
2012-03-07;1440;684;131182;131403;130960;131636;30700;13199
2012-03-08;1438;1059;131405;132716;131346;132907;34553;14683
2012-03-09;1320;884;132688;131215;130962;132720;32723;14195
2012-03-11;118;0;131142;131217;131136;131242;1140;507
2012-03-12;1439;784;131197;131680;130785;131723;29253;12683
2012-03-13;1440;1120;131679;130786;130516;131909;34630;14845
2012-03-14;1437;532;130790;130209;130107;130898;32805;15021
2012-03-15;1439;885;130193;130769;130036;131191;33584;15014
2012-03-16;1259;302;130746;131723;130487;131865;28665;12347
2012-03-18;120;0;131782;131758;131738;131864;1400;516
2012-03-19;1434;943;131748;132287;131414;132649;25467;11217
2012-03-20;1439;1156;132286;132377;131717;132516;28471;12671
2012-03-21;1439;783;132406;132169;131783;132846;31342;13525
2012-03-22;1438;1036;132176;132044;131334;132541;34344;14788
2012-03-23;1258;794;132044;132680;131896;132931;31596;12544
2012-03-25;172;172;132710;132827;132647;132842;2000;971
2012-03-26;1438;1058;132810;133570;131915;133673;31857;13118
2012-03-27;1440;336;133565;133281;133123;133851;28187;11958
2012-03-28;1429;428;133298;133246;132770;133732;33206;13566
2012-03-29;1440;912;133248;133134;132513;133451;34165;14190
2012-03-30;1259;189;133137;133401;133091;133759;31474;13438
2012-04-01;179;147;133599;133564;133549;133759;2605;1095
2012-04-02;1437;448;133544;133294;132779;133800;29614;12002
2012-04-03;1439;725;133303;132230;132129;133671;35349;14901
2012-04-04;1440;737;132222;131432;131068;132327;34714;14542
2012-04-05;1437;929;131435;130624;130348;131638;28400;11635
2012-04-06;1250;453;130628;130957;130486;131120;16791;7603
2012-04-08;171;108;131013;130840;130660;131039;2359;1331
2012-04-09;1440;626;130851;131099;130324;131333;20723;9254
2012-04-10;1440;945;131098;130726;130537;131439;34666;14742
2012-04-11;1440;979;130717;131177;130660;131566;33416;13808
2012-04-12;1438;836;131177;131887;131017;132121;33407;14270
2012-04-13;1258;1177;131887;130773;130690;132004;29256;11572
2012-04-15;178;177;130661;130438;130407;130747;2853;1411
2012-04-16;1440;678;130469;131256;129944;131473;35717;15005
2012-04-17;1439;795;131267;131343;130900;131721;31021;12960
2012-04-18;1440;791;131355;131174;130574;131406;31562;13209
2012-04-19;1440;919;131163;131430;130691;131649;34064;13661
2012-04-20;1259;915;131430;132170;131282;132268;27256;11434
2012-04-22;179;166;131834;132072;131820;132083;2601;1156
2012-04-23;1440;1058;132058;131492;131042;132099;27320;11450
2012-04-24;1440;764;131486;131952;131445;132178;26319;10354
2012-04-25;1423;173;131950;132308;131730;132332;29208;12410
2012-04-26;1440;562;132303;131904;131762;132624;27801;11413
2012-04-27;1260;385;131918;132505;131568;132696;28239;11949
2012-04-29;177;0;132387;132394;132362;132468;1491;657
2012-04-30;1437;522;132389;132382;132076;132663;23609;9437
2012-05-01;1436;631;132386;132378;132038;132834;19071;8950
2012-05-02;1435;1182;132376;131472;131216;132404;27532;11804
2012-05-03;1436;353;131479;131541;130948;131798;24535;9988
2012-05-04;1258;554;131535;130830;130797;131781;23688;9515
2012-05-06;180;140;130133;129633;129546;130322;6232;3166
2012-05-07;1440;1121;129619;130591;129609;130653;28111;11522
2012-05-08;1440;966;130585;129926;129822;130598;29349;12341
2012-05-09;1440;556;129933;129347;129111;130033;34543;13646
2012-05-10;1440;553;129334;129330;129240;129788;28908;11346
2012-05-11;1259;653;129322;129167;129046;129571;26966;10521
2012-05-13;180;174;129011;128985;128810;129029;3606;1440
2012-05-14;1439;786;128957;128297;128149;129039;28597;11296
2012-05-15;1440;935;128312;127344;127213;128688;30269;12184
2012-05-16;1440;429;127342;127307;126809;127585;37385;14921
2012-05-17;1440;975;127312;126976;126655;127488;36475;15046
2012-05-18;1259;801;126957;127784;126418;127939;35095;14047
2012-05-20;179;52;127636;127713;127480;127834;3028;1483
2012-05-21;1409;845;127704;128119;127247;128240;30893;13263
2012-05-22;1440;1136;128114;126606;126515;128140;32334;13618
2012-05-23;1440;791;126618;125603;125450;126871;42365;17371
2012-05-24;1440;812;125632;125349;125153;126196;38886;16711
2012-05-25;1259;967;125355;125163;124957;126021;31450;13000
2012-05-27;180;140;125745;125666;125599;125788;2701;1059
2012-05-28;1426;431;125649;125219;125162;126239;23727;10786
2012-05-29;1440;738;125200;124767;124608;125741;32600;13365
2012-05-30;1440;978;124779;123727;123606;124868;34390;14208
2012-05-31;1431;1135;123729;123606;123362;124281;35264;14757
2012-06-01;1258;649;123612;124293;122879;124595;41276;17497
2012-06-03;180;43;124159;123981;123956;124422;3953;2344
2012-06-04;1440;1030;123986;125225;123857;125272;31357;13123
2012-06-05;1439;1131;125249;124610;124096;125420;34232;14491
2012-06-06;1440;724;124610;125747;124406;125851;36861;15153
2012-06-07;1439;744;125756;125667;125397;126249;38823;16417
2012-06-08;1259;975;125677;125145;124350;125711;35793;14682
2012-06-10;180;148;126373;126440;126283;126683;5306;2419
2012-06-11;1440;1012;126416;124768;124500;126466;35326;14912
2012-06-12;1440;448;124774;125010;124422;125289;37710;15816
2012-06-13;1440;807;125020;125739;124732;126101;36634;15317
2012-06-14;1440;674;125728;126261;125417;126369;36307;15301
2012-06-15;1259;565;126251;126414;125917;126643;27716;11165
2012-06-17;180;110;126961;127042;126941;127472;4826;2225
2012-06-18;1440;918;127044;125956;125569;127274;36806;15586
2012-06-19;1439;477;125955;126787;125685;127301;33182;13484
2012-06-20;1440;803;126804;126804;126378;127428;37967;15112
2012-06-21;1440;507;126800;125478;125312;126986;38937;16148
2012-06-22;1258;405;125500;125708;125193;125830;31742;12998
2012-06-24;178;178;125458;125378;125348;125589;1722;906
2012-06-25;1438;449;125377;125023;124709;125443;26676;10958
2012-06-26;1438;655;125024;124853;124415;125302;32804;14011
2012-06-27;1439;869;124847;124696;124451;125079;26950;10167
2012-06-28;1440;1089;124699;124410;124072;125238;34465;13965
2012-06-29;1259;702;124410;126578;124323;126925;42322;18278
2012-07-01;177;177;126783;126544;126502;126801;2253;1137
2012-07-02;1439;244;126549;125792;125680;126672;29309;12511
2012-07-03;1439;664;125797;126047;125588;126272;24433;10046
2012-07-04;1438;1366;126046;125164;125083;126071;22146;9956
2012-07-05;1437;1252;125173;123909;123638;125387;32460;13354
2012-07-06;1258;770;123933;122893;122601;124015;28452;11354
2012-07-08;180;178;122645;122703;122560;122806;3345;1764
2012-07-09;1440;443;122711;123170;122695;123243;26559;11179
2012-07-10;1440;314;123186;122548;122354;123339;26607;11084
2012-07-11;1438;623;122554;122450;122129;122971;27816;11712
2012-07-12;1438;745;122434;121903;121674;122450;28725;12181
2012-07-13;1258;78;121880;122469;121626;122566;25743;10801
2012-07-15;177;177;122687;122471;122448;122726;1917;962
2012-07-16;1440;965;122470;122660;121755;122904;23959;10410
2012-07-17;1438;882;122662;122952;121890;123167;29836;13208
2012-07-18;1440;1037;122950;122769;122170;123063;28333;12487
2012-07-19;1439;705;122770;122765;122293;123244;30516;13187
2012-07-20;1258;944;122766;121616;121443;122829;27835;11730
2012-07-22;179;159;121219;121271;121123;121316;2982;1518
2012-07-23;1440;656;121295;121240;120673;121448;31712;13337
2012-07-24;1440;1202;121236;120614;120422;121380;31944;13122
2012-07-25;1438;670;120614;121397;120535;121706;34808;14735
2012-07-26;1440;474;121383;122778;121176;123295;35658;14679
2012-07-27;1259;428;122775;123196;122418;123899;37799;16105
2012-07-29;180;180;122982;123023;122960;123104;1859;941
2012-07-30;1439;1189;123038;122595;122254;123056;26907;11527
2012-07-31;1439;454;122600;122921;122490;123301;29346;12457
2012-08-01;1440;901;122922;122397;122180;123366;28704;12259
2012-08-02;1439;1319;122379;121789;121340;124056;41734;18624
2012-08-03;1259;1155;121785;123863;121665;123924;30108;13370
2012-08-05;180;101;123973;124266;123829;124434;3238;1551
2012-08-06;1440;706;124253;123883;123418;124297;27874;12592
2012-08-07;1439;956;123883;123851;123760;124419;26628;11258
2012-08-08;1440;658;123846;123721;123268;124024;25025;11001
2012-08-09;1440;1164;123718;122933;122671;123872;26793;11501
2012-08-10;1259;440;122926;122871;122415;123170;23239;10179
2012-08-12;177;6;122903;122751;122748;122918;1056;572
2012-08-13;1439;865;122753;123262;122609;123736;24067;10363
2012-08-14;1437;780;123259;123243;123163;123857;24367;10142
2012-08-15;1437;544;123243;122886;122641;123437;22333;9081
2012-08-16;1437;613;122886;123569;122561;123727;24735;10445
2012-08-17;1257;525;123563;123329;122890;123822;23386;9946
2012-08-19;177;1;123501;123321;123289;123518;2087;864
2012-08-20;1438;971;123306;123512;122953;123687;23424;9520
2012-08-21;1440;769;123503;124766;123464;124875;25011;9879
2012-08-22;1438;720;124759;125337;124313;125441;28315;11902
2012-08-23;1440;781;125337;125601;125245;125895;28310;11724
2012-08-24;1258;957;125584;125121;124815;125667;25113;10195
2012-08-26;179;66;125122;125049;125042;125237;1730;857
2012-08-27;1435;479;125048;125009;124902;125356;19464;8407
2012-08-28;1438;1111;125012;125701;124652;125767;24034;10119
2012-08-29;1439;675;125692;125304;125188;125734;22010;8766
2012-08-30;1438;1044;125303;125093;124872;125638;22423;9446
2012-08-31;1259;714;125103;125736;124937;126375;29926;12333
2012-09-02;176;71;125711;125744;125683;125854;1901;917
2012-09-03;1419;767;125734;125862;125603;126111;18230;7872
2012-09-04;1438;1190;125869;125339;125259;126278;25210;10488
2012-09-05;1437;662;125301;126003;125017;126245;28130;11478
2012-09-06;1439;771;126003;126306;125614;126513;31361;12911
2012-09-07;1259;920;126319;128157;126262;128172;26225;11064
2012-09-09;178;95;128087;127950;127912;128121;1357;631
2012-09-10;1440;327;127946;127614;127546;128036;22206;9180
2012-09-11;1440;608;127631;128512;127587;128712;26587;10811
2012-09-12;1437;324;128515;129019;128174;129365;31444;13730
2012-09-13;1439;1217;129027;129928;128540;130017;32849;13771
2012-09-14;1259;887;129918;131286;129846;131689;30870;13318
2012-09-16;177;0;131198;131141;131090;131289;2149;989
2012-09-17;1439;792;131131;131081;130834;131718;27780;12598
2012-09-18;1439;578;131084;130455;130293;131151;28434;12305
2012-09-19;1439;995;130474;130577;129934;130850;28906;12475
2012-09-20;1439;1141;130578;129734;129195;130590;33377;14594
2012-09-21;1259;802;129735;129789;129556;130478;32121;14480
2012-09-23;177;177;129776;129668;129661;129903;2020;1016
2012-09-24;1434;254;129672;129407;128912;129796;27016;12181
2012-09-25;1438;1164;129403;128984;128860;129708;29885;13023
2012-09-26;1439;386;128989;128786;128353;129128;27734;12049
2012-09-27;1439;401;128777;129121;128288;129282;30876;13096
2012-09-28;1259;508;129120;128570;128387;129597;30165;12754
2012-09-30;176;48;128448;128078;128037;128500;2738;1530
2012-10-01;1438;1109;128086;128873;128052;129389;29733;12547
2012-10-02;1438;619;128878;129113;128804;129679;27609;11987
2012-10-03;1438;855;129111;129229;128774;129370;26942;11722
2012-10-04;1440;934;129230;130130;129102;130314;30426;12728
2012-10-05;1258;894;130135;130336;129940;130715;24451;10099
2012-10-07;174;174;130242;130151;130116;130254;1446;739
2012-10-08;1439;730;130138;129751;129378;130161;23186;9995
2012-10-09;1438;695;129755;128583;128497;129910;28492;12384
2012-10-10;1440;698;128578;128587;128352;129133;29483;12995
2012-10-11;1439;1195;128597;129315;128256;129517;27433;12018
2012-10-12;1259;1040;129318;129535;129225;129916;24111;10265
2012-10-14;176;174;129538;129338;129309;129603;1630;986
2012-10-15;1440;1037;129336;129676;128907;129788;25290;11048
2012-10-16;1435;1128;129670;131065;129531;131243;27535;11971
2012-10-17;1437;808;131043;131122;130853;131396;25396;10669
2012-10-18;1438;865;131113;130685;130558;131287;26892;11622
2012-10-19;1258;848;130683;130213;130131;130768;22958;9782
2012-10-21;175;175;130210;130214;130156;130293;1923;1124
2012-10-22;1438;650;130223;130711;130202;130834;23656;10122
2012-10-23;1437;1055;130699;129733;129521;130704;24217;9996
2012-10-24;1438;1261;129740;129644;129205;129967;28040;12148
2012-10-25;1435;1004;129648;129379;129271;130231;27036;11455
2012-10-26;1257;651;129360;129411;128826;129561;27038;11117
2012-10-28;120;8;129430;129221;129187;129436;1084;623
2012-10-29;1434;785;129223;129069;128852;129361;19320;9150
2012-10-30;1427;987;129065;129615;128861;129835;20111;9450
2012-10-31;1429;1064;129618;129643;129466;130206;22420;9119
2012-11-01;1434;1004;129646;129462;129248;129826;23054;9758
2012-11-02;1258;1248;129461;128345;128214;129465;25768;10840
2012-11-04;120;102;128169;128235;128166;128346;1333;676
2012-11-05;1435;607;128235;127996;127675;128424;22474;9603
2012-11-06;1435;356;128009;128067;127636;128266;24150;9928
2012-11-07;1435;873;128055;127563;127365;128762;33765;13594
2012-11-08;1435;330;127561;127415;127168;127763;30007;12762
2012-11-09;1320;616;127419;127091;126899;127900;27961;11542
2012-11-11;119;52;127115;127215;127095;127363;1726;912
2012-11-12;1433;976;127206;127060;126976;127391;19279;8026
2012-11-13;1434;875;127066;127099;126610;127283;26925;10921
2012-11-14;1435;910;127089;127292;127034;127787;26096;11279
2012-11-15;1434;1040;127288;127822;127174;128020;24470;10460
2012-11-16;1320;1048;127811;127423;126905;127842;23807;10330
2012-11-18;120;120;127487;127581;127402;127611;1255;590
2012-11-19;1433;1047;127592;127675;127459;128202;23570;10725
2012-11-20;1435;657;127660;128126;127648;128294;25725;11438
2012-11-21;1431;1318;128116;128639;127362;128682;26449;11593
2012-11-22;1433;1109;128618;128742;128340;128989;22519;10018
2012-11-23;1319;902;128740;129707;128684;129908;21930;9849
2012-11-25;118;0;129677;129692;129635;129775;1341;667
2012-11-26;1435;400;129710;129873;129441;130071;23916;10955
2012-11-27;1435;1237;129862;129373;129155;130087;25401;10823
2012-11-28;1434;998;129383;129516;128802;129614;24367;10105
2012-11-29;1435;983;129509;129723;129392;130136;21981;9340
2012-11-30;1320;447;129713;129863;129682;130279;25215;11042
2012-12-02;120;120;129837;129955;129829;129980;1441;676
2012-12-03;1434;1267;129961;130639;129933;130758;23270;10240
2012-12-04;1434;695;130621;130986;130459;131084;22618;9639
2012-12-05;1435;1116;130988;130708;130602;131267;22872;9436
2012-12-06;1434;937;130725;129612;129504;130865;24461;10845
2012-12-07;1318;870;129631;129246;128767;129727;23259;10241
2012-12-09;120;109;128897;129049;128875;129073;1486;704
2012-12-10;1434;1224;129093;129371;128859;129464;19628;8540
2012-12-11;1435;1425;129368;130111;129288;130151;21303;9573
2012-12-12;1435;1064;130107;130655;129958;130975;21479;8946
2012-12-13;1433;796;130652;130768;130410;131003;22211;9938
2012-12-14;1320;859;130772;131614;130664;131732;23490;10688
2012-12-16;120;2;131776;131654;131630;131885;2972;1454
2012-12-17;1428;1393;131667;131620;131441;131789;21175;9899
2012-12-18;1432;1424;131615;132285;131564;132385;18006;8066
2012-12-19;1434;1116;132287;132129;131885;133081;23301;10800
2012-12-20;1437;1084;132140;132364;132032;132951;23952;11532
2012-12-21;1320;599;132374;131874;131587;132379;29014;13282
2012-12-23;116;116;131743;131808;131719;131850;1129;605
2012-12-24;1286;820;131796;131842;131713;132336;15058;7194
2012-12-25;107;107;131808;131795;131739;131835;911;499
2012-12-26;1435;1206;131801;132275;131703;132541;17973;8908
2012-12-27;1428;846;132301;132474;132015;132837;23607;11129
2012-12-28;1314;836;132482;132164;131660;132566;21953;10018
2012-12-30;118;56;132115;132258;132110;132324;1182;689
2012-12-31;1317;855;132261;131862;131722;132351;23166;11627
2013-01-01;118;91;132036;131970;131871;132191;2590;1396
2013-01-02;1439;988;131955;131830;131563;132993;34946;16257
2013-01-03;1433;919;131840;130240;130224;131890;28208;13260
2013-01-04;1317;514;130276;130680;129974;130895;26538;12006
2013-01-06;117;112;130742;130676;130654;130791;1167;708
2013-01-07;1439;614;130679;131229;130168;131282;27751;12808
2013-01-08;1438;686;131218;130825;130564;131398;27414;12527
2013-01-09;1438;538;130823;130536;130368;130960;26263;11833
2013-01-10;1439;1388;130540;132731;130388;132796;31248;13719
2013-01-11;1316;1039;132718;133413;132485;133658;30028;12669
2013-01-13;119;6;133608;133591;133502;133690;2493;1113
2013-01-14;1437;681;133572;133771;133363;134039;27409;12483
2013-01-15;1438;743;133781;133090;132637;133936;34026;15181
2013-01-16;1436;620;133087;132867;132566;133248;33302;14892
2013-01-17;1439;610;132845;133728;132698;133875;33125;14447
2013-01-18;1320;678;133743;133169;132804;133981;31965;13914
2013-01-20;119;97;133100;133181;133062;133238;1636;885
2013-01-21;1430;1133;133176;133101;133002;133322;20107;9391
2013-01-22;1436;661;133093;133128;132669;133715;33182;15147
2013-01-23;1438;550;133130;133066;132646;133546;27395;12648
2013-01-24;1434;634;133061;133675;132862;133926;32181;14202
2013-01-25;1320;689;133687;134590;133497;134789;32279;13275
2013-01-27;117;38;134656;134648;134531;134711;1893;906
2013-01-28;1433;94;134624;134468;134246;134772;25703;11330
2013-01-29;1438;757;134468;134885;134143;134972;27149;12013
2013-01-30;1437;876;134882;135682;134822;135874;27874;11078
2013-01-31;1437;990;135681;136111;135412;136179;25498;10816
2013-02-01;1320;1033;136092;136398;135862;137112;33388;14620
2013-02-03;119;119;136521;136466;136450;136597;1433;791
2013-02-04;1438;1321;136442;135110;134990;136490;29363;13360
2013-02-05;1437;760;135106;135832;134583;135974;34556;15496
2013-02-06;1438;912;135800;135227;134935;135960;33127;14455
2013-02-07;1435;821;135218;133853;133705;135776;35146;15187
2013-02-08;1318;732;133840;133638;133533;134291;29788;13196
2013-02-10;119;119;133671;133660;133635;133744;1819;709
2013-02-11;1433;683;133655;134021;133572;134274;28027;12512
2013-02-12;1434;724;134018;134525;133639;134756;30253;13281
2013-02-13;1433;1181;134515;134448;134263;135200;28543;12889
2013-02-14;1434;1010;134453;133505;133150;134556;28595;12314
2013-02-15;1316;229;133508;133593;133063;133932;31415;13515
2013-02-17;120;3;133490;133389;133373;133586;2063;899
2013-02-18;1418;546;133402;133479;133215;133792;21067;9053
2013-02-19;1435;708;133481;133949;133288;133963;25125;10536
2013-02-20;1414;1235;133945;132732;132707;134317;31272;13167
2013-02-21;1437;881;132728;131919;131610;132891;31376;13919
2013-02-22;1318;701;131915;131897;131452;132450;27534;11952
2013-02-24;118;98;132124;131928;131854;132146;2645;1288
2013-02-25;1437;1137;131918;130681;130475;133189;45670;20083
2013-02-26;1439;657;130673;130669;130182;131224;45475;19756
2013-02-27;1439;780;130682;131561;130413;131619;38261;15955
2013-02-28;1435;904;131541;130607;130532;131580;31028;13630
2013-03-01;1313;407;130601;130229;129666;131011;30918;13394
2013-03-03;120;0;130121;130155;130037;130311;1809;892
2013-03-04;1436;691;130151;130341;129822;130408;26824;12290
2013-03-05;1435;198;130342;130474;130102;130753;25626;10954
2013-03-06;1434;1009;130477;129778;129652;130706;24623;10625
2013-03-07;1437;562;129784;131088;129749;131185;30864;13590
2013-03-08;1318;383;131075;130028;129552;131343;30293;13965
2013-03-10;120;106;129967;129872;129793;130039;1530;871
2013-03-11;1434;984;129860;130318;129838;130537;21781;9676
2013-03-12;1435;349;130313;130289;129910;130744;25080;10786
2013-03-13;1434;493;130296;129587;129232;130647;25409;11397
2013-03-14;1438;999;129602;130120;129114;130326;27968;12818
2013-03-15;1259;888;130123;130749;130026;131071;27327;12562
2013-03-17;120;10;129130;128902;128885;129226;3819;2028
2013-03-18;1438;701;128903;129439;128820;129957;34743;15398
2013-03-19;1440;1025;129433;128639;128437;129699;40720;16944
2013-03-20;1438;948;128642;129395;128634;129784;34690;14613
2013-03-21;1438;962;129380;129030;128796;129551;32481;13644
2013-03-22;1260;588;129046;129880;128884;130099;28665;12218
2013-03-24;120;114;129654;130207;129617;130480;3450;1729
2013-03-25;1436;846;130194;128576;128295;130481;35278;15902
2013-03-26;1434;805;128581;128600;128281;128896;29321;13043
2013-03-27;1435;888;128614;127743;127514;128669;27648;12021
2013-03-28;1433;343;127757;128142;127554;128445;26418;11833
2013-03-29;1236;431;128148;128156;127930;128368;12592;6180
2013-03-31;173;0;128047;128051;128004;128123;1306;706
2013-04-01;1430;807;128053;128484;127713;128679;18335;9507
2013-04-02;1435;516;128474;128191;128089;128775;24848;10863
2013-04-03;1438;1110;128193;128495;127899;128647;23183;9700
2013-04-04;1437;765;128490;129260;127453;129489;34163;14884
2013-04-05;1259;532;129260;129926;129005;130397;30430;13036
2013-04-07;178;5;129730;129916;129718;130059;3943;1666
2013-04-08;1437;800;129921;130289;129684;130380;25912;11288
2013-04-09;1438;562;130295;130803;130049;131031;28534;12440
2013-04-10;1432;557;130800;130521;130510;131218;25888;10781
2013-04-11;1439;1134;130544;131153;130437;131383;26855;10887
2013-04-12;1256;654;131147;131101;130376;131269;26223;11260
2013-04-14;175;175;131137;130966;130956;131148;1868;931
2013-04-15;1440;618;130971;130533;130215;131077;36501;14588
2013-04-16;1440;871;130530;131778;130280;132015;34621;14324
2013-04-17;1437;835;131771;130332;130015;131998;35636;15699
2013-04-18;1436;731;130331;130524;130209;130962;33211;13601
2013-04-19;1259;829;130521;130513;130467;131287;28278;11886
2013-04-21;166;55;130766;130566;130535;130768;1691;912
2013-04-22;1430;529;130567;130593;130152;130841;25205;10738
2013-04-23;1435;287;130598;129940;129729;130840;29204;12480
2013-04-24;1437;758;129930;130163;129540;130340;27124;11809
2013-04-25;1438;780;130154;130048;129888;130934;28856;12236
2013-04-26;1259;694;130033;130275;129906;130476;28823;12166
2013-04-28;169;106;130489;130412;130391;130680;2180;953
2013-04-29;1427;454;130398;130949;130317;131164;22474;9771
2013-04-30;1430;870;130933;131676;130542;131859;26302;11657
2013-05-01;1430;1061;131677;131801;131604;132427;25991;11956
2013-05-02;1431;928;131799;130651;130374;132183;33860;14736
2013-05-03;1254;558;130657;131144;130334;131593;29326;13221
2013-05-05;165;41;131201;131206;131102;131262;1753;1019
2013-05-06;1421;1286;131201;130728;130536;131408;19266;8859
2013-05-07;1423;1197;130719;130755;130678;131320;21818;9468
2013-05-08;1430;1059;130758;131603;130717;131942;25121;10927
2013-05-09;1431;1258;131600;130322;130103;131771;30267;13414
2013-05-10;1259;779;130325;129894;129353;130509;33433;14013
2013-05-12;172;2;129709;129670;129596;129784;1877;1003
2013-05-13;1426;470;129682;129866;129417;129996;27544;12384
2013-05-14;1432;907;129844;129360;129115;130291;32118;14336
2013-05-15;1432;819;129361;128824;128431;129424;29603;13083
2013-05-16;1432;897;128819;128828;128463;129299;30943;13311
2013-05-17;1258;731;128815;128364;127964;128891;27119;11437
2013-05-19;180;109;128421;128321;128276;128487;2617;1400
2013-05-20;1433;780;128294;128907;128194;129041;24801;11037
2013-05-21;1431;741;128900;129189;128413;129335;27708;12135
2013-05-22;1432;742;129198;128412;128335;129980;38085;15478
2013-05-23;1435;744;128423;129229;128214;129566;38839;15558
2013-05-24;1260;869;129232;129299;129043;129932;30080;12445
2013-05-26;177;177;129324;129362;129324;129442;1601;790
2013-05-27;1414;941;129337;129346;129153;129485;14996;6887
2013-05-28;1430;547;129327;128443;128415;129497;29130;12968
2013-05-29;1433;1038;128456;129469;128379;129775;32489;13575
2013-05-30;1433;1001;129474;130425;129334;130614;35050;15419
2013-05-31;1259;887;130426;129947;129442;130486;30851;12633
2013-06-02;175;102;129939;129947;129846;130002;1937;982
2013-06-03;1433;428;129949;130706;129554;131075;30101;13613
2013-06-04;1431;429;130699;130719;130421;131014;28239;12358
2013-06-05;1434;953;130709;130891;130531;131160;32815;13774
2013-06-06;1433;630;130883;132425;130751;133054;38219;15608
2013-06-07;1260;101;132416;132154;131919;132848;37646;14694
2013-06-09;178;48;131894;132033;131860;132150;2760;1293
2013-06-10;1432;518;132025;132523;131774;132692;29104;11988
2013-06-11;1433;420;132527;133124;132322;133174;35989;14741
2013-06-12;1433;773;133139;133452;132656;133591;31680;13165
2013-06-13;1433;720;133452;133585;132786;133900;35333;14597
2013-06-14;1260;751;133589;133428;132947;133732;25761;10317
2013-06-16;167;0;133474;133542;133433;133576;1095;544
2013-06-17;1432;1040;133538;133621;133184;133814;22156;9751
2013-06-18;1434;520;133620;133929;133258;134156;27755;12141
2013-06-19;1435;666;133929;132810;132620;134164;30754;12563
2013-06-20;1435;728;132828;132279;131613;133004;42421;17899
2013-06-21;1260;991;132302;131218;130987;132541;31509;13180
2013-06-23;177;53;130914;131064;130908;131139;2354;1316
2013-06-24;1433;425;131065;131350;130588;131439;33449;14569
2013-06-25;1434;811;131351;130748;130650;131507;29752;12771
2013-06-26;1432;1151;130750;130161;129847;130872;29083;12199
2013-06-27;1431;668;130171;130365;130001;130571;26887;11624
2013-06-28;1258;733;130362;130090;129913;131027;26623;11426
2013-06-30;175;175;130105;130080;130052;130163;1816;849
2013-07-01;1433;822;130082;130679;130075;130711;22491;10037
2013-07-02;1433;1155;130678;129747;129637;130781;24154;10323
2013-07-03;1429;985;129753;130214;129231;130323;27471;12273
2013-07-04;1426;972;130188;128931;128831;130205;27387;12405
2013-07-05;1254;940;128933;128310;128061;129055;25316;10559
2013-07-07;179;179;128117;128132;128110;128324;2011;921
2013-07-08;1432;681;128140;128609;128117;128818;19706;8817
2013-07-09;1430;850;128607;127760;127554;128982;26060;12051
2013-07-10;1433;1384;127776;131173;127649;132064;43162;19615
2013-07-11;1434;956;131168;130879;130056;131468;48593;22369
2013-07-12;1259;821;130884;130666;129995;130999;29172;13088
2013-07-14;175;140;130758;130608;130517;130784;1723;1112
2013-07-15;1431;1113;130625;130583;129934;130789;27508;12694
2013-07-16;1431;606;130590;131483;130508;131743;30984;14281
2013-07-17;1429;555;131482;131165;130832;131779;32744;14699
2013-07-18;1431;502;131188;131100;130665;131256;25880;11268
2013-07-19;1259;795;131084;131412;130892;131547;22912;10350
2013-07-21;174;174;131369;131577;131345;131603;1616;924
2013-07-22;1427;703;131564;131902;131440;132180;21409;9580
2013-07-23;1429;341;131892;132211;131635;132387;22729;10239
2013-07-24;1434;527;132202;131894;131767;132562;27068;11386
2013-07-25;1432;621;131903;132738;131656;132958;27722;12015
2013-07-26;1259;280;132732;132772;132526;132969;23323;9780
2013-07-28;172;83;132806;132858;132750;132936;1765;882
2013-07-29;1429;524;132848;132632;132392;132951;22006;9700
2013-07-30;1430;250;132617;132660;132343;133018;21909;9463
2013-07-31;1431;852;132660;133003;132089;133446;34223;14101
2013-08-01;1432;600;133011;132115;131936;133110;29929;12638
2013-08-02;1257;275;132108;132803;131861;132940;27660;12571
2013-08-04;170;17;132789;132769;132736;132872;1462;762
2013-08-05;1426;804;132787;132573;132327;133003;21831;9578
2013-08-06;1433;711;132569;133077;132461;133230;22492;9896
2013-08-07;1429;939;133060;133400;132656;133454;24772;10440
2013-08-08;1422;1064;133385;133794;133279;134005;20978;8559
2013-08-09;1258;1253;133789;133399;133327;133904;16481;6938
2013-08-11;165;165;133286;133384;133263;133439;1187;678
2013-08-12;1427;1000;133386;132918;132774;133402;16748;7738
2013-08-13;1425;806;132911;132650;132334;133171;21884;9529
2013-08-14;1425;843;132654;132640;132389;132804;19715;8618
2013-08-15;1427;836;132649;133507;132057;133629;29559;13174
2013-08-16;1255;432;133505;133276;133109;133799;20181;8853
2013-08-18;173;141;133313;133291;133211;133424;1520;830
2013-08-19;1425;895;133289;133337;133152;133747;17833;7564
2013-08-20;1417;1116;133338;134207;133234;134519;22073;10119
2013-08-21;1432;1153;134200;133412;133353;134269;25658;11540
2013-08-22;1418;457;133416;133558;132981;133731;23175;11110
2013-08-23;1252;975;133553;133793;133333;134097;20688;9174
2013-08-25;173;173;133834;133861;133772;133915;1736;827
2013-08-26;1407;725;133870;133782;133565;133941;13672;6664
2013-08-27;1430;1206;133776;133913;133227;133988;21251;9709
2013-08-28;1423;1189;133902;133346;133050;133977;20583;9276
2013-08-29;1424;1245;133352;132364;132195;133399;22298;10164
2013-08-30;1255;1063;132379;132204;131743;132548;19290;8681
2013-09-01;173;109;132131;132071;131966;132147;1932;1142
2013-09-02;1410;1036;132071;131891;131835;132272;15940;7600
2013-09-03;1410;709;131894;131716;131384;131970;19164;8838
2013-09-04;1429;1088;131715;131996;131570;132179;17258;7711
2013-09-05;1416;858;131991;131192;131104;132230;22018;9879
2013-09-06;1243;841;131187;131778;131047;131894;20662;9431
2013-09-08;171;171;131674;131723;131649;131791;2035;1155
2013-09-09;1410;877;131712;132555;131667;132809;16475;7625
2013-09-10;1407;514;132554;132672;132301;132759;17315;7900
2013-09-11;1425;1053;132672;133135;132439;133245;19519;8999
2013-09-12;1431;659;133134;132983;132565;133248;20477;9561
2013-09-13;1255;558;132983;132960;132540;133212;18699;8821
2013-09-15;175;15;133671;133583;133570;133819;3837;1610
2013-09-16;1424;480;133580;133357;133299;133855;16535;7977
2013-09-17;1398;1094;133347;133564;133251;133694;14985;7397
2013-09-18;1415;1203;133564;135232;133382;135417;25939;11382
2013-09-19;1425;712;135217;135333;135094;135686;23325;10936
2013-09-20;1252;779;135334;135246;134980;135487;19133;9166
2013-09-22;164;164;135456;135336;135250;135459;1903;868
2013-09-23;1413;612;135334;134966;134794;135445;19081;9484
2013-09-24;1398;460;134954;134726;134645;135188;18169;8412
2013-09-25;1414;875;134726;135172;134619;135372;16781;7982
2013-09-26;1414;761;135158;134872;134721;135263;16220;7600
2013-09-27;1243;898;134875;135216;134743;135645;17032;8117
2013-09-29;175;175;134954;134945;134775;134973;2213;1015
2013-09-30;1425;1165;134937;135234;134777;135560;18486;9265
2013-10-01;1428;594;135240;135229;135162;135879;23215;11025
2013-10-02;1419;1206;135227;135898;135046;136069;22401;10181
2013-10-03;1416;704;135891;136225;135804;136461;21921;10262
2013-10-04;1249;1105;136224;135559;135385;136318;17512;8223
2013-10-06;173;0;135644;135684;135607;135715;1364;644
2013-10-07;1420;50;135683;135808;135427;135911;15561;7469
2013-10-08;1426;198;135806;135998;135575;136072;17557;8704
2013-10-09;1433;470;135996;135185;134855;136007;21506;9927
2013-10-10;1429;1169;135186;135264;134877;135467;19931;9802
2013-10-11;1259;716;135262;135384;135195;135816;16537;7788
2013-10-13;172;0;135586;135551;135509;135628;1188;589
2013-10-14;1410;679;135549;135564;135455;135977;13884;7453
2013-10-15;1421;1057;135565;135195;134794;135710;21341;9802
2013-10-16;1425;1022;135214;135219;134729;135675;22583;10823
2013-10-17;1425;1140;135199;136677;135156;136818;23848;11510
2013-10-18;1255;369;136696;136854;136593;137042;16563;8296
2013-10-20;167;0;136827;136814;136807;136880;1038;591
2013-10-21;1425;719;136804;136727;136510;136886;14886;7225
2013-10-22;1414;823;136728;137781;136624;137920;16528;8379
2013-10-23;1425;786;137779;137786;137416;137929;18802;8805
2013-10-24;1428;136;137789;138021;137645;138252;20748;10070
2013-10-25;1254;718;138014;138028;137743;138323;20700;9582
2013-10-27;114;114;138063;138046;138002;138108;614;419
2013-10-28;1420;809;138037;137879;137751;138175;15702;7814
2013-10-29;1430;263;137878;137424;137364;138133;21724;10276
2013-10-30;1423;574;137436;137234;136958;137847;22453;10136
2013-10-31;1432;1408;137253;135788;135751;137386;25139;11565
2013-11-01;1257;871;135789;134876;134801;135815;21377;9863
2013-11-03;113;72;134891;134919;134882;134971;1134;506
2013-11-04;1416;945;134907;135152;134420;135243;17867;9081
2013-11-05;1426;974;135140;134720;134490;135223;20733;9836
2013-11-06;1428;794;134722;135174;134676;135474;20055;10098
2013-11-07;1426;1169;135171;134087;132955;135287;32559;15104
2013-11-08;1316;599;134077;133668;133177;134380;26576;12233
2013-11-10;112;112;133578;133461;133446;133623;1061;457
2013-11-11;1414;655;133471;134077;133467;134163;17441;8274
2013-11-12;1432;391;134069;134376;133593;134562;23980;11283
2013-11-13;1431;564;134379;134852;133901;134974;26079;12095
2013-11-14;1430;574;134832;134462;134184;134942;26004;11974
2013-11-15;1314;842;134458;134950;134322;135060;18998;8716
2013-11-17;110;83;134974;134822;134801;134984;864;492
2013-11-18;1424;845;134818;135021;134744;135417;19290;9217
2013-11-19;1432;531;135013;135643;134878;135790;24825;11360
2013-11-20;1433;911;135623;134309;134155;135642;26979;11970
2013-11-21;1432;802;134323;134706;133994;134863;27294;12431
2013-11-22;1315;839;134705;135570;134623;135581;19648;8983
2013-11-24;109;109;135491;135510;135475;135600;713;429
2013-11-25;1425;975;135515;135321;134902;135564;19915;9354
2013-11-26;1423;973;135336;135668;135210;135748;19691;9034
2013-11-27;1430;445;135670;135731;135577;136129;21737;9731
2013-11-28;1425;576;135730;136026;135636;136186;16306;7494
2013-11-29;1317;1067;136027;135910;135799;136216;19410;8377
2013-12-01;114;0;135913;135848;135812;135924;1019;561
2013-12-02;1427;1003;135853;135419;135260;136156;21525;10100
2013-12-03;1428;954;135419;135908;135243;136138;19821;8845
2013-12-04;1429;1036;135914;135854;135285;136060;23375;9868
2013-12-05;1430;738;135868;136686;135431;136773;27534;12062
2013-12-06;1314;572;136683;137048;136197;137062;21726;9535
2013-12-08;114;93;137115;137068;137043;137213;1361;595
2013-12-09;1429;1428;137061;137378;136942;137457;15514;7077
2013-12-10;1432;869;137370;137640;137343;137947;18791;8450
2013-12-11;1426;874;137642;137851;137404;138108;20068;9257
2013-12-12;1431;785;137851;137496;137376;138032;23919;10431
2013-12-13;1319;689;137500;137402;137090;137691;19545;8908
2013-12-15;110;110;137294;137377;137287;137418;677;381
2013-12-16;1426;330;137384;137602;137365;137987;18796;8758
2013-12-17;1426;215;137617;137690;137231;137822;18732;8903
2013-12-18;1426;252;137692;136818;136679;138114;28920;13046
2013-12-19;1433;428;136830;136553;136493;136939;21854;9887
2013-12-20;1319;947;136555;136707;136251;137092;20677;9552
2013-12-22;109;59;136689;136776;136674;136777;898;451
2013-12-23;1421;111;136776;136973;136728;137166;16529;7897
2013-12-24;1129;365;136971;136727;136549;136981;9793;5050
2013-12-26;1102;1102;136757;136945;136753;137020;8925;4580
2013-12-27;1317;1128;136944;137460;136923;138932;25651;12386
2013-12-29;115;20;137561;137509;137461;137697;1306;700
2013-12-30;1427;1153;137510;138079;137283;138188;19976;9573
2013-12-31;1135;815;138063;137774;137597;138125;14624;7811
2014-01-01;114;78;137557;137659;137399;137727;2693;1240
2014-01-02;1428;1216;137649;136654;136296;137750;26600;12601
2014-01-03;1318;881;136653;135877;135823;136718;21964;10292
2014-01-05;111;3;135929;135956;135890;136004;1021;469
2014-01-06;1430;823;135939;136295;135713;136531;22210;10208
2014-01-07;1435;543;136294;136167;135967;136563;21544;9543
2014-01-08;1433;964;136162;135714;135533;136351;23522;10622
2014-01-09;1435;748;135714;136061;135483;136330;24522;10793
2014-01-10;1315;162;136065;136682;135726;136871;22627;9847
2014-01-12;110;0;136709;136721;136645;136765;996;606
2014-01-13;1428;263;136720;136688;136374;136846;19136;8938
2014-01-14;1427;855;136680;136668;136492;136993;19749;9196
2014-01-15;1431;816;136673;135993;135812;136731;20954;9626
2014-01-16;1425;464;135997;136158;135830;136495;20809;9827
2014-01-17;1304;1120;136142;135407;135169;136210;18600;8589
2014-01-19;115;23;135353;135273;135249;135371;1242;572
2014-01-20;1423;415;135273;135457;135075;135678;15747;7858
2014-01-21;1422;508;135453;135586;135165;135691;19800;9483
2014-01-22;1435;622;135568;135435;135346;135837;19634;9233
2014-01-23;1432;1109;135441;136881;135304;136982;25962;11498
2014-01-24;1316;295;136884;136762;136627;137396;25337;11166
2014-01-26;115;0;136754;136869;136743;136906;1283;473
2014-01-27;1431;698;136867;136740;136531;137165;22216;9829
2014-01-28;1434;687;136740;136539;136289;136884;19264;8601
2014-01-29;1428;863;136537;136574;136031;136847;26940;11955
2014-01-30;1431;1097;136571;135574;135435;136628;24056;10747
2014-01-31;1319;450;135559;134871;134791;135734;26111;11206
2014-02-02;114;114;134834;134872;134818;134912;1245;520
2014-02-03;1430;784;134861;135220;134771;135356;23687;10751
2014-02-04;1436;107;135234;135158;134934;135386;20659;9026
2014-02-05;1434;391;135156;135336;134987;135554;21849;9620
2014-02-06;1432;298;135343;135916;134829;136188;22970;10589
2014-02-07;1317;699;135899;136349;135518;136431;20807;9058
2014-02-09;110;110;136184;136189;136170;136268;1009;499
2014-02-10;1417;543;136188;136450;136185;136515;14247;7014
2014-02-11;1408;1163;136455;136364;136293;136831;18063;8317
2014-02-12;1422;1103;136366;135879;135621;136527;19063;8949
2014-02-13;1428;1414;135877;136762;135854;136920;19921;9101
2014-02-14;1314;1148;136777;136927;136736;137147;17277;8282
2014-02-16;109;109;137069;137016;136950;137083;727;379
2014-02-17;1401;1235;137033;137038;136921;137242;15406;7897
2014-02-18;1426;1189;137036;137603;136945;137702;17682;7989
2014-02-19;1418;1069;137595;137294;137244;137732;15336;7079
2014-02-20;1428;1117;137316;137206;136859;137624;18863;8558
2014-02-21;1309;886;137202;137383;137019;137585;15133;7155
2014-02-23;113;0;137350;137376;137344;137412;716;370
2014-02-24;1416;162;137376;137341;137083;137714;16184;7987
2014-02-25;1426;835;137339;137455;137153;137670;16462;7616
2014-02-26;1424;856;137459;136808;136616;137573;17090;7741
2014-02-27;1423;925;136814;137064;136432;137268;18132;8380
2014-02-28;1317;1035;137064;138005;136941;138245;22720;9853
2014-03-02;112;107;137719;137744;137676;137882;1777;957
2014-03-03;1431;1024;137747;137353;137262;137926;19866;9594
2014-03-04;1414;396;137354;137412;137205;137815;18191;8494
2014-03-05;1421;757;137415;137314;137074;137494;17715;8579
2014-03-06;1419;1317;137313;138639;137212;138728;23849;10172
2014-03-07;1311;583;138626;138749;138521;139151;18677;8715
2014-03-09;114;0;138753;138773;138726;138796;482;294
2014-03-10;1397;443;138772;138764;138615;138978;14395;6824
2014-03-11;1422;622;138759;138570;138337;138766;15424;7173
2014-03-12;1424;1415;138562;139025;138435;139143;17586;8071
2014-03-13;1431;1068;139023;138648;138455;139668;25252;11335
2014-03-14;1258;810;138646;139104;138475;139375;19694;9068
2014-03-16;113;0;139118;139093;139039;139155;1018;481
2014-03-17;1421;725;139079;139254;138791;139476;15893;7963
2014-03-18;1411;882;139254;139296;138796;139426;18641;8512
2014-03-19;1422;1220;139296;138178;138097;139323;19691;9250
2014-03-20;1423;1098;138191;137793;137492;138450;19364;9246
2014-03-21;1228;111;137795;137930;137656;138108;15302;7531
2014-03-23;109;0;137940;137968;137879;137974;587;360
2014-03-24;1424;900;137960;138367;137603;138758;18499;9349
2014-03-25;1426;1177;138360;138189;137493;138469;22557;10527
2014-03-26;1427;1294;138198;137845;137764;138233;19944;9453
2014-03-27;1429;771;137847;137405;137287;137968;20348;9404
2014-03-28;1257;293;137405;137521;137048;137730;16585;7638
2014-03-30;174;0;137616;137528;137449;137627;1319;620
2014-03-31;1429;82;137506;137738;137217;138087;21683;10012
2014-04-01;1422;158;137735;137933;137691;138155;16322;7564
2014-04-02;1424;658;137929;137670;137531;138202;14709;6903
2014-04-03;1429;118;137670;137226;136981;138067;21902;9646
2014-04-04;1253;408;137217;137026;136727;137313;18805;8561
2014-04-06;175;175;136984;137031;136899;137041;1902;853
2014-04-07;1419;1419;137034;137418;136972;137486;11218;5356
2014-04-08;1426;1267;137420;137928;137373;138115;15669;7028
2014-04-09;1432;1393;137925;138529;137798;138621;17400;8184
2014-04-10;1425;760;138521;138858;138359;138992;16130;7315
2014-04-11;1260;1126;138867;138846;138633;139056;13348;6115
2014-04-13;175;175;138561;138473;138419;138609;2005;870
2014-04-14;1427;471;138468;138157;138081;138629;16018;7737
2014-04-15;1431;881;138153;138109;137900;138332;15213;7174
2014-04-16;1425;268;138102;138237;138037;138509;15078;7133
2014-04-17;1420;346;138237;138106;138104;138644;13332;6377
2014-04-18;1242;0;138108;138104;138067;138223;6031;2748
2014-04-20;175;0;138145;138140;138105;138176;1362;529
2014-04-21;1420;527;138139;137916;137870;138306;7760;4201
2014-04-22;1423;1162;137917;138069;137850;138248;11867;5578
2014-04-23;1425;275;138069;138170;138003;138547;14900;6875
2014-04-24;1409;439;138168;138303;137914;138426;14320;6403
2014-04-25;1255;49;138300;138333;138268;138482;10433;5041
2014-04-27;172;0;138427;138389;138360;138433;1056;438
2014-04-28;1431;790;138380;138516;138147;138794;14203;6576
2014-04-29;1429;677;138521;138128;138056;138791;13989;6619
2014-04-30;1434;362;138130;138677;137741;138766;18491;8501
2014-05-01;1409;1342;138683;138698;138628;138891;8672;4355
2014-05-02;1253;698;138693;138691;138121;138815;14418;6648
2014-05-04;171;171;138819;138715;138710;138823;951;426
2014-05-05;1431;1431;138717;138749;138644;138861;9224;4468
2014-05-06;1422;614;138746;139291;138720;139512;13679;6097
2014-05-07;1426;861;139287;139104;139091;139385;13096;6191
2014-05-08;1431;1336;139105;138425;138330;139934;21111;9830
2014-05-09;1256;1140;138427;137585;137453;138435;14457;7120
2014-05-11;174;173;137544;137603;137528;137610;1187;511
2014-05-12;1429;1333;137608;137554;137493;137747;10858;5292
2014-05-13;1427;833;137552;137076;136891;137715;16842;7954
2014-05-14;1424;1250;137073;137174;136979;137308;14583;7019
2014-05-15;1427;905;137172;137168;136484;137326;19186;8460
2014-05-16;1257;467;137170;136938;136853;137270;13068;6200
2014-05-18;175;0;136955;137024;136948;137028;947;435
2014-05-19;1432;941;137023;137122;136986;137342;13428;6209
2014-05-20;1421;420;137119;137034;136780;137137;12581;5875
2014-05-21;1426;896;137033;136815;136344;137233;16103;7394
2014-05-22;1426;1329;136827;136533;136452;136871;15786;7328
2014-05-23;1256;218;136531;136294;136156;136533;12761;5569
2014-05-25;175;0;136189;136276;136162;136338;2018;731
2014-05-26;1431;160;136272;136521;136155;136543;9674;4569
2014-05-27;1428;1169;136515;136338;136126;136685;13302;6317
2014-05-28;1419;937;136342;135922;135885;136377;13842;6316
2014-05-29;1416;317;135923;136024;135861;136257;13944;6379
2014-05-30;1258;406;136027;136322;135984;136503;13443;6047
2014-06-01;172;94;136348;136280;136218;136355;1027;522
2014-06-02;1419;543;136280;135965;135882;136361;13696;6235
2014-06-03;1420;573;135967;136209;135856;136479;13600;5928
2014-06-04;1427;88;136205;136023;135964;136391;14516;6488
2014-06-05;1431;545;136022;136607;135031;136698;26795;11779
2014-06-06;1247;402;136597;136421;136210;136766;16961;7634
2014-06-08;159;0;136432;136476;136422;136481;642;356
2014-06-09;1387;1024;136473;135920;135825;136689;11876;5691
2014-06-10;1406;510;135924;135391;135334;136018;13899;6567
2014-06-11;1413;601;135392;135355;135215;135570;14398;6561
2014-06-12;1417;377;135361;135514;135122;135719;17533;7867
2014-06-13;1253;451;135504;135390;135210;135789;14885;6864
2014-06-15;175;24;135381;135357;135306;135398;1282;496
2014-06-16;1417;384;135362;135757;135129;135793;13701;6523
2014-06-17;1418;670;135757;135485;135363;135872;12683;6028
2014-06-18;1402;1052;135488;135894;135417;135995;17031;7430
2014-06-19;1398;860;135893;136102;135846;136433;15060;6747
2014-06-20;1249;768;136084;135997;135643;136339;11813;5893
2014-06-22;161;87;135954;135913;135906;135963;796;455
2014-06-23;1407;765;135907;136000;135740;136133;12591;6187
2014-06-24;1393;595;136000;136056;135833;136276;12679;6208
2014-06-25;1383;654;136058;136279;136004;136512;11510;5573
2014-06-26;1379;1027;136278;136113;135758;136413;12601;6339
2014-06-27;1249;1230;136108;136484;136099;136504;11441;5448
2014-06-29;156;156;136447;136433;136424;136474;588;350
2014-06-30;1401;991;136429;136919;136402;136976;12395;6062
2014-07-01;1410;1387;136914;136804;136754;137005;11354;5800
2014-07-02;1381;1377;136805;136528;136420;136811;10520;5271
2014-07-03;1395;743;136531;136087;135961;136643;13099;6274
2014-07-04;1212;710;136082;135943;135854;136111;6890;3689
2014-07-06;153;149;135955;135880;135840;135967;744;453
2014-07-07;1379;884;135886;136056;135759;136091;9087;4696
2014-07-08;1382;424;136057;136167;135880;136173;9132;4642
2014-07-09;1389;423;136168;136431;136022;136484;11862;5675
2014-07-10;1398;620;136429;136044;135891;136506;11728;5655
2014-07-11;1227;10;136037;136072;135919;136248;9497;4555
2014-07-13;164;0;136029;136022;136019;136078;681;389
2014-07-14;1388;976;136019;136215;135974;136402;9482;4880
2014-07-15;1415;1290;136219;135706;135619;136281;14136;6575
2014-07-16;1413;904;135707;135280;135208;135711;11156;5317
2014-07-17;1416;421;135274;135186;135125;135403;11856;5562
2014-07-18;1247;163;135179;135245;134908;135359;11875;5402
2014-07-20;163;122;135268;135303;135247;135317;782;381
2014-07-21;1381;1372;135303;135226;135129;135490;9403;4569
2014-07-22;1398;1352;135224;134665;134589;135295;13395;6289
2014-07-23;1399;544;134666;134610;134549;134741;10686;5264
2014-07-24;1403;958;134610;134645;134380;134847;12389;5815
2014-07-25;1226;1226;134653;134303;134212;134755;11759;5364
2014-07-27;172;172;134307;134284;134271;134343;690;373
2014-07-28;1399;1399;134287;134372;134268;134438;7590;3787
2014-07-29;1403;773;134375;134097;134042;134445;9913;4554
2014-07-30;1415;372;134101;133946;133668;134153;14106;6199
2014-07-31;1406;900;133945;133888;133715;134004;11976;5681
2014-08-01;1229;1024;133885;134227;133785;134447;15520;7330
2014-08-03;158;158;134318;134278;134231;134336;703;332
2014-08-04;1398;1398;134279;134216;134094;134311;8136;4113
2014-08-05;1404;795;134215;133713;133582;134247;10949;5234
2014-08-06;1408;353;133713;133797;133332;133876;14759;6972
2014-08-07;1424;673;133798;133572;133371;133937;16030;7214
2014-08-08;1259;827;133584;134088;133434;134327;15791;7696
2014-08-10;165;165;134087;134042;134028;134114;965;435
2014-08-11;1398;871;134038;133824;133804;134085;9137;4882
2014-08-12;1409;501;133819;133648;133360;133829;10612;5523
2014-08-13;1403;392;133655;133661;133422;134152;13331;6818
2014-08-14;1417;494;133660;133612;133486;134077;14090;6978
2014-08-15;1243;620;133609;133990;133587;134117;15171;7043
2014-08-17;162;162;133981;133893;133880;133984;846;464
2014-08-18;1396;1396;133899;133600;133529;133991;9514;4843
2014-08-19;1412;1412;133601;133204;133131;133604;12643;5999
2014-08-20;1428;1072;133203;132589;132553;133215;14233;6606
2014-08-21;1407;628;132590;132783;132420;132884;12832;6319
2014-08-22;1249;937;132782;132414;132207;132966;15975;7672
2014-08-24;176;15;131971;131971;131855;132044;1966;1052
2014-08-25;1427;450;131971;131860;131789;132103;11013;5767
2014-08-26;1431;689;131862;131692;131646;132146;13453;6762
2014-08-27;1418;409;131695;131911;131526;132100;15079;7398
2014-08-28;1420;1107;131923;131842;131597;132207;15901;7891
2014-08-29;1242;858;131838;131326;131317;131961;14274;7056
2014-08-31;175;0;131271;131267;131245;131347;784;522
2014-09-01;1396;61;131274;131309;131190;131453;8767;4605
2014-09-02;1426;0;131312;131311;131103;131366;13276;6415
2014-09-03;1425;916;131300;131481;131220;131599;15285;6979
2014-09-04;1422;1090;131481;129300;129200;131538;23566;11295
2014-09-05;1248;908;129298;129509;129248;129885;17335;8037
2014-09-07;174;174;129543;129520;129490;129584;1349;765
2014-09-08;1424;965;129513;128910;128814;129589;16715;8081
2014-09-09;1430;638;128910;129411;128594;129573;20991;10249
2014-09-10;1431;622;129396;129168;128836;129628;23346;10594
2014-09-11;1433;936;129171;129224;128971;129518;21445;10041
2014-09-12;1259;783;129232;129632;129088;129794;20350;9184
2014-09-14;177;177;129725;129598;129586;129735;1073;583
2014-09-15;1424;1009;129593;129385;129086;129690;16573;7922
2014-09-16;1431;703;129382;129578;129222;129949;20772;9442
2014-09-17;1429;428;129584;128486;128345;129813;26733;11814
2014-09-18;1432;1059;128497;129195;128486;129303;22422;10032
2014-09-19;1260;786;129197;128285;128278;129287;23404;10630
2014-09-21;177;120;128333;128400;128264;128443;1190;589
2014-09-22;1431;567;128399;128501;128162;128678;17805;8716
2014-09-23;1424;1027;128492;128490;128394;129012;18707;9098
2014-09-24;1431;1397;128487;127766;127741;128637;17624;8313
2014-09-25;1432;953;127776;127550;126971;127834;22436;10504
2014-09-26;1261;888;127541;126809;126768;127599;18359;8054
2014-09-28;177;0;126815;126740;126664;126834;1698;923
2014-09-29;1421;690;126757;126900;126635;127149;19033;8763
2014-09-30;1425;709;126896;126278;125710;127023;23806;11100
2014-10-01;1433;818;126283;126220;125835;126395;24970;10909
2014-10-02;1428;814;126229;126686;126138;126988;32933;14143
2014-10-03;1258;1180;126685;125148;125005;126692;21790;9845
2014-10-05;173;173;125120;125124;125088;125156;958;472
2014-10-06;1428;1355;125124;126443;125120;126748;23290;10515
2014-10-07;1436;540;126432;126649;125835;126834;33296;14275
2014-10-08;1435;931;126641;127408;126226;127547;33333;15099
2014-10-09;1435;582;127386;126880;126642;127913;35110;15280
2014-10-10;1260;891;126879;126268;126055;127158;25080;11323
2014-10-12;179;179;126299;126397;126202;126477;2100;1122
2014-10-13;1436;896;126391;127217;126336;127683;28036;13612
2014-10-14;1430;627;127218;126397;126316;127313;25932;11775
2014-10-15;1432;1173;126431;128208;126246;128870;47345;20887
2014-10-16;1421;668;128195;128042;127057;128447;44747;20689
2014-10-17;1260;228;128050;127589;127438;128367;27613;12399
2014-10-19;178;102;127510;127474;127365;127604;2267;1300
2014-10-20;1432;556;127482;127941;127312;128168;24026;10867
2014-10-21;1434;758;127934;127135;127061;128401;27178;11975
2014-10-22;1431;594;127128;126411;126372;127395;24858;11321
2014-10-23;1429;622;126429;126493;126137;126766;23157;10612
2014-10-24;1259;956;126492;126706;126347;126957;20201;8502
2014-10-26;115;115;126726;126749;126723;126857;779;453
2014-10-27;1428;544;126762;127021;126657;127233;19385;8639
2014-10-28;1426;425;127022;127374;126846;127647;20026;9110
2014-10-29;1426;576;127376;126315;126265;127705;22879;9753
2014-10-30;1426;939;126321;126090;125473;126329;27194;11797
2014-10-31;1259;865;126078;125224;124857;126091;33515;14346
2014-11-02;115;115;125091;125019;125017;125140;1218;578
2014-11-03;1434;913;125039;124923;124394;125113;30502;12776
2014-11-04;1416;1115;124911;125517;124899;125774;25100;10500
2014-11-05;1430;875;125512;124772;124571;125669;26989;12120
2014-11-06;1433;726;124776;123799;123642;125333;37090;15609
2014-11-07;1281;898;123780;124544;123577;124696;29788;13296
2014-11-09;110;0;124683;124602;124594;124798;1672;833
2014-11-10;1435;349;124609;124253;124187;125091;24495;10788
2014-11-11;1436;662;124266;124755;123941;124992;27627;11925
2014-11-12;1435;650;124761;124297;124190;124977;32147;13422
2014-11-13;1433;652;124288;124735;124274;124915;24662;10505
2014-11-14;1320;955;124729;125250;123984;125461;30372;13183
2014-11-16;115;103;125256;125200;125136;125312;1203;678
2014-11-17;1435;1168;125209;124490;124433;125773;26766;12043
2014-11-18;1425;909;124505;125319;124488;125453;24721;10378
2014-11-19;1433;995;125330;125397;125120;126002;27959;11589
2014-11-20;1430;277;125392;125429;125042;125752;31475;13523
2014-11-21;1319;893;125423;123898;123748;125680;31714;13495
2014-11-23;113;113;123668;123716;123625;123752;1565;816
2014-11-24;1432;619;123722;124336;123717;124446;22362;10098
2014-11-25;1432;232;124342;124792;124021;124870;23647;9912
2014-11-26;1429;693;124785;125045;124434;125315;24114;10422
2014-11-27;1393;795;125041;124596;124561;125235;16859;8057
2014-11-28;1303;417;124587;124512;124262;124901;20253;8895
2014-11-30;113;37;124480;124364;124316;124529;1302;670
2014-12-01;1434;693;124362;124694;124193;125065;26431;11614
2014-12-02;1431;1431;124691;123872;123768;124759;20341;9139
2014-12-03;1432;741;123872;123145;123011;123906;24147;10467
2014-12-04;1435;464;123126;123853;122788;124563;33313;14669
2014-12-05;1315;806;123855;122837;122709;123928;25602;11358
2014-12-07;113;13;122825;122935;122817;123027;1315;586
2014-12-08;1432;630;122933;123140;122472;123440;22682;10393
2014-12-09;1432;1206;123148;123877;122919;124477;31819;13981
2014-12-10;1421;929;123865;124823;123619;124868;29198;12764
2014-12-11;1430;758;124802;123929;123700;124949;35853;15595
2014-12-12;1314;754;123919;124613;123842;124851;31020;13310
2014-12-14;115;100;124698;124633;124563;124783;2023;961
2014-12-15;1434;768;124629;124408;124145;124786;28050;11983
2014-12-16;1436;1220;124402;125105;124353;125697;38900;15667
2014-12-17;1434;1046;125115;123361;123206;125155;39657;17496
2014-12-18;1433;1018;123366;122884;122659;123524;31809;13904
2014-12-19;1318;477;122883;122280;122200;123020;23387;10061
2014-12-21;106;59;122244;122243;122199;122263;546;315
2014-12-22;1430;922;122243;122231;122166;122724;17147;8762
2014-12-23;1421;865;122231;121744;121647;122455;17430;8415
2014-12-24;1127;140;121750;121999;121692;122199;11491;6043
2014-12-26;1025;254;122183;121779;121682;122206;7560;4410
2014-12-28;107;11;121797;121680;121669;121810;742;411
2014-12-29;1421;430;121693;121533;121428;122209;17989;9334
2014-12-30;1420;962;121531;121611;121238;121874;19505;9554
2014-12-31;1120;1115;121599;120999;120972;121696;12954;6402
2015-01-01;113;113;121036;120886;120782;121075;1701;796
2015-01-02;1312;1252;120873;120015;120004;120887;22806;10464
2015-01-04;115;2;119224;119459;119005;119541;4808;2083
2015-01-05;1433;487;119500;119372;118872;119762;28799;13448
2015-01-06;1436;786;119371;118732;118430;119686;30452;13961
2015-01-07;1432;655;118728;118333;118020;118964;31207;13765
2015-01-08;1436;833;118328;117923;117541;118472;24937;11521
2015-01-09;1318;292;117910;118410;117626;118458;28757;11960
2015-01-11;113;103;118489;118695;118458;118698;1404;804
2015-01-12;1430;750;118683;118311;117860;118707;23887;10652
2015-01-13;1433;613;118315;117768;117532;118597;28640;12527
2015-01-14;1432;899;117764;117840;117272;118463;33457;14218
2015-01-15;1430;906;117837;116360;115671;117907;63786;25177
2015-01-16;1320;1060;116363;115607;114598;116487;44807;18402
2015-01-18;111;111;115561;115622;115531;115734;2070;855
2015-01-19;1412;1022;115614;115949;115512;116388;27159;12613
2015-01-20;1424;547;115957;115454;115403;116150;27380;12621
2015-01-21;1435;955;115451;116133;115413;116799;37526;16666
2015-01-22;1434;791;116156;113447;113159;116510;53388;24239
2015-01-23;1319;1024;113464;112044;111142;113738;53299;23152
2015-01-25;115;35;111561;111377;110973;111569;3596;1720
2015-01-26;1434;888;111408;112491;111379;112951;43427;18979
2015-01-27;1432;1067;112493;113678;112234;114225;42315;18685
2015-01-28;1433;535;113669;112837;112721;113819;39343;16966
2015-01-29;1432;733;112822;113341;112615;113677;35065;15423
2015-01-30;1319;476;113351;112806;112772;113635;34931;15115
2015-02-01;114;89;113104;113073;113004;113193;2161;941
2015-02-02;1432;580;113050;113390;112921;113620;30158;13652
2015-02-03;1435;1032;113367;114569;113121;115335;38216;16474
2015-02-04;1435;723;114560;113168;113035;114847;38526;17512
2015-02-05;1432;1027;113165;114707;113156;114987;37356;17398
2015-02-06;1318;794;114702;113149;113116;114735;30627;13927
2015-02-08;115;46;112994;113133;112983;113251;1672;767
2015-02-09;1419;544;113133;113242;112699;113592;28072;13005
2015-02-10;1429;699;113238;113185;112727;113452;30373;13805
2015-02-11;1431;413;113180;113104;112797;113517;32285;14246
2015-02-12;1429;972;113086;114034;113033;114227;34470;15288
2015-02-13;1320;501;114030;113841;113798;114414;26813;11683
2015-02-15;111;0;113945;113975;113890;114006;1668;872
2015-02-16;1426;1056;113972;113320;113192;114288;23128;10678
2015-02-17;1431;1000;113327;114035;113217;114488;28932;12828
2015-02-18;1433;911;114033;113992;113337;114156;29378;12807
2015-02-19;1428;854;113992;113655;113551;114500;27882;11871
2015-02-20;1319;971;113653;113807;112788;114291;39704;16858
2015-02-22;111;111;113901;113800;113775;113919;1316;583
2015-02-23;1431;785;113789;113330;112950;113931;24970;11607
2015-02-24;1427;326;113329;113392;112879;113579;30040;12785
2015-02-25;1433;425;113394;113635;113355;113885;24889;10283
2015-02-26;1429;852;113632;112025;111833;113797;29154;11907
2015-02-27;1320;284;112020;111935;111760;112450;28407;11947
2015-03-01;112;47;111814;111605;111598;111868;1483;639
2015-03-02;1434;780;111632;111763;111608;112404;22695;9579
2015-03-03;1430;673;111765;111822;111545;112173;22870;9765
2015-03-04;1429;1032;111826;110789;110613;111854;25823;10743
2015-03-05;1434;986;110790;110315;109873;111144;32026;13551
2015-03-06;1319;743;110313;108405;108386;110322;32832;14056
2015-03-08;114;114;108317;108443;108228;108461;1485;686
2015-03-09;1433;1281;108441;108339;108293;109063;24037;10790
2015-03-10;1435;756;108356;107068;106673;108366;38237;16836
2015-03-11;1434;1052;107069;105473;105110;107166;41468;17794
2015-03-12;1432;900;105480;106251;104939;106839;45312;20319
2015-03-13;1260;754;106253;104959;104621;106346;37112;16290
2015-03-15;115;91;104886;104822;104793;105058;1919;1096
2015-03-16;1429;810;104847;105714;104832;106191;34951;15649
2015-03-17;1435;991;105708;105953;105510;106506;34965;14549
2015-03-18;1436;807;105945;108479;105797;110374;55912;24284
2015-03-19;1435;975;108455;106684;106126;109191;61510;26529
2015-03-20;1259;676;106704;108177;106552;108820;44270;19065
2015-03-22;115;115;108592;108245;108153;108629;3190;1471
2015-03-23;1432;597;108243;109456;107672;109711;52203;22817
2015-03-24;1435;750;109446;109039;108901;110290;47700;19843
2015-03-25;1427;978;109057;109619;109038;110142;39225;16318
2015-03-26;1435;1113;109639;108849;108561;110519;43598;17794
2015-03-27;1260;968;108845;108866;108009;109485;42199;17623
2015-03-29;174;174;108854;108826;108800;108947;2045;1048
2015-03-30;1426;822;108819;108290;108098;108840;35146;15571
2015-03-31;1434;1034;108283;107389;107128;108451;36167;15288
2015-04-01;1428;858;107401;107696;107185;107997;38445;16323
2015-04-02;1427;1005;107695;108695;107501;109051;34936;14714
2015-04-03;1247;933;108686;109661;108635;110266;24626;11491
2015-04-05;165;2;109936;109970;109873;110174;3243;1528
2015-04-06;1431;1056;109950;109336;109094;110354;24745;11762
2015-04-07;1434;868;109339;108217;108029;109545;35911;15458
2015-04-08;1425;1023;108214;107842;107630;108872;37068;15386
2015-04-09;1434;722;107842;106669;106375;107885;33954;14251
2015-04-10;1260;823;106666;105995;105676;106835;32105;13887
2015-04-12;158;97;105916;106066;105867;106169;1512;786
2015-04-13;1423;592;106067;105719;105203;106189;36070;15220
2015-04-14;1435;1101;105710;106465;105315;107072;39465;16413
2015-04-15;1436;822;106445;106760;105704;107018;44499;19053
2015-04-16;1435;897;106754;107567;106242;108175;49381;21703
2015-04-17;1260;359;107590;108029;107336;108484;43366;18215
2015-04-19;173;123;108182;108085;107885;108200;2482;1137
2015-04-20;1433;1004;108059;107490;107120;108182;34783;14739
2015-04-21;1436;941;107472;107381;106595;107810;33672;14033
2015-04-22;1436;1214;107374;107239;107082;108008;36109;14111
2015-04-23;1436;533;107232;108140;106659;108459;42089;17312
2015-04-24;1260;543;108130;108683;107843;108999;40542;15877
2015-04-26;175;16;108628;108652;108563;108743;2805;810
2015-04-27;1436;616;108660;108759;108191;109266;37324;15213
2015-04-28;1435;1019;108758;109671;108597;109908;36913;15093
2015-04-29;1431;971;109694;111118;109562;111878;47325;19718
2015-04-30;1431;681;111120;112125;110711;112661;51952;22789
2015-05-01;1252;614;112101;111954;111743;112896;37992;16769
2015-05-03;171;0;111913;111878;111819;112000;2060;1027
2015-05-04;1432;863;111880;111491;111225;112245;31684;13721
2015-05-05;1428;1013;111484;111813;110662;112230;37856;16765
2015-05-06;1430;689;111811;113394;111746;113699;43446;18287
2015-05-07;1436;985;113391;112446;112279;113916;44082;18637
2015-05-08;1260;789;112443;112037;111788;112889;44895;19212
2015-05-10;169;169;112000;111954;111918;112064;1546;872
2015-05-11;1433;684;111944;111454;111308;112023;36384;15894
2015-05-12;1434;984;111448;112189;111343;112788;35214;14943
2015-05-13;1436;814;112165;113472;112023;113825;37965;16827
2015-05-14;1435;955;113466;114019;113403;114445;40487;17645
2015-05-15;1260;721;114016;114475;113236;114666;38334;16665
2015-05-17;169;169;114486;114437;114370;114495;1271;697
2015-05-18;1434;1096;114432;113240;112984;114466;34273;14844
2015-05-19;1434;1003;113240;111438;111188;113256;40077;17648
2015-05-20;1436;766;111443;110999;110622;111519;45214;18968
2015-05-21;1435;509;111024;111099;110796;111810;39909;16863
2015-05-22;1260;1049;111088;110094;110019;112082;36170;15204
2015-05-24;174;147;110062;109909;109651;110095;3399;1767
2015-05-25;1432;1096;109902;109691;109588;110078;19650;9911
2015-05-26;1435;770;109657;108855;108630;109704;38429;15832
2015-05-27;1436;995;108855;108973;108190;109289;37269;15434
2015-05-28;1436;578;108976;109610;108667;109742;43535;18676
2015-05-29;1260;483;109595;109861;109255;110056;36212;15036
2015-05-31;167;167;109845;109575;109518;109881;2076;928
2015-06-01;1434;1102;109564;109215;108871;109788;36733;15671
2015-06-02;1435;951;109226;111481;109158;111938;44823;19183
2015-06-03;1435;334;111462;112599;110800;112850;46359;20283
2015-06-04;1434;767;112597;112069;111795;113794;47186;20202
2015-06-05;1260;591;112102;111122;110492;112798;44513;18264
2015-06-07;168;29;111019;111036;110955;111108;1714;799
2015-06-08;1434;1186;111031;112801;110839;113065;43786;18450
2015-06-09;1435;932;112793;112931;112139;113454;41681;17240
2015-06-10;1433;911;112916;113097;112599;113858;48731;19871
2015-06-11;1434;498;113086;112457;111820;113314;41216;17611
2015-06-12;1260;1130;112448;112662;111510;112962;40819;16732
2015-06-14;174;0;112151;112227;112124;112316;2481;1212
2015-06-15;1432;712;112205;112753;111891;112943;36226;15796
2015-06-16;1433;986;112744;112411;112048;113296;31217;13611
2015-06-17;1434;423;112409;113647;112052;113702;38952;14948
2015-06-18;1434;426;113623;113712;113382;114361;39933;17395
2015-06-19;1259;937;113702;113493;112918;113873;29311;12061
2015-06-21;171;0;113737;113615;113574;113752;1665;914
2015-06-22;1433;1048;113599;113454;113116;114103;34314;15463
2015-06-23;1426;1111;113448;111737;111349;113458;37023;16357
2015-06-24;1430;511;111746;112053;111595;112345;37300;15885
2015-06-25;1432;862;112057;112027;111536;112275;31582;13596
2015-06-26;1260;593;112030;111636;111299;112197;28559;12128
2015-06-28;175;68;110048;109744;109542;110159;7599;3510
2015-06-29;1436;967;109780;112184;109745;112776;54154;23658
2015-06-30;1435;882;112149;111334;111125;112440;41710;18149
2015-07-01;1435;577;111290;110370;110320;111710;32837;14566
2015-07-02;1432;399;110366;110855;110363;111211;30428;12787
2015-07-03;1257;691;110837;111008;110655;111175;23056;9985
2015-07-05;175;71;109823;109936;109692;110388;6620;3163
2015-07-06;1428;860;109949;110474;109936;110954;38239;16695
2015-07-07;1436;1080;110459;110073;109161;110517;39285;16820
2015-07-08;1436;995;110058;110698;109739;110925;40261;17064
2015-07-09;1436;872;110699;110590;109913;111248;39616;16953
2015-07-10;1260;764;110593;111527;110546;112158;39739;16634
2015-07-12;175;123;110997;111288;110973;111442;3240;1939
2015-07-13;1435;880;111290;109845;109809;111966;41764;18371
2015-07-14;1433;500;109834;110059;109657;110832;34227;14549
2015-07-15;1436;906;110059;109372;109296;110354;33473;14065
2015-07-16;1433;634;109382;108835;108553;109482;32005;13691
2015-07-17;1258;649;108833;108288;108283;109068;24729;10665
2015-07-19;174;0;108339;108310;108280;108437;1467;795
2015-07-20;1432;495;108317;108331;108085;108699;23994;10916
2015-07-21;1433;949;108336;109358;108115;109690;29452;12918
2015-07-22;1434;945;109362;109239;108695;109665;29289;13099
2015-07-23;1433;808;109241;109863;109215;110176;31393;14018
2015-07-24;1260;902;109878;109798;109251;109955;26641;11556
2015-07-26;164;164;109763;109719;109687;109810;1348;750
2015-07-27;1433;1092;109725;110883;109707;111290;32199;14134
2015-07-28;1434;670;110882;110645;110220;110993;26935;11047
2015-07-29;1434;885;110644;109820;109668;110837;30950;13718
2015-07-30;1436;1103;109802;109404;108929;109845;28385;12002
2015-07-31;1259;886;109407;109837;109209;111139;35314;15178
2015-08-02;174;74;109800;109673;109663;109830;1975;1073
2015-08-03;1433;513;109676;109509;109410;109957;26635;11293
2015-08-04;1435;667;109511;108849;108788;109873;27355;11676
2015-08-05;1432;866;108841;109031;108477;109379;28810;12314
2015-08-06;1434;543;109016;109229;108734;109436;25525;11063
2015-08-07;1260;544;109211;109635;108553;109781;28936;12724
2015-08-09;174;0;109631;109592;109578;109673;1210;621
2015-08-10;1432;810;109572;110152;109251;110412;25565;11398
2015-08-11;1435;1098;110168;110403;109603;110881;33829;14767
2015-08-12;1435;983;110419;111556;110241;112136;36950;15945
2015-08-13;1435;609;111549;111575;110798;111888;30375;13724
2015-08-14;1259;555;111568;111092;110976;111886;26629;11672
2015-08-16;175;108;111174;110930;110911;111199;2495;1272
2015-08-17;1436;743;110939;110752;110586;111246;25148;11085
2015-08-18;1433;994;110754;110295;110169;110935;22381;9653
2015-08-19;1434;628;110288;111182;110173;111342;30555;12794
2015-08-20;1435;922;111180;112347;111068;112445;31925;14101
2015-08-21;1260;974;112344;113826;112299;113884;34904;14506
2015-08-23;175;138;113754;113759;113696;113949;2663;1119
2015-08-24;1435;943;113758;115795;113692;117137;73426;31185
2015-08-25;1436;848;115807;115515;113964;115843;62313;26518
2015-08-26;1436;1011;115536;113389;112912;115610;56634;23575
2015-08-27;1436;888;113384;112447;112028;113642;40220;17461
2015-08-28;1260;966;112437;111830;111557;113095;34031;14635
2015-08-30;175;164;111745;112109;111693;112151;3501;1432
2015-08-31;1435;753;112108;112238;111802;112623;30256;13516
2015-09-01;1394;948;112236;112948;112229;113319;41099;17808
2015-09-02;1434;1086;112967;112124;112110;113003;34849;15077
2015-09-03;1436;977;112110;111248;110869;112431;33775;14416
2015-09-04;1259;738;111233;111407;110896;111885;34302;13756
2015-09-06;174;0;111627;111530;111420;111631;1729;933
2015-09-07;1434;982;111542;111599;111211;111774;22903;9935
2015-09-08;1436;848;111577;112064;111523;112292;29205;11873
2015-09-09;1436;724;112060;112182;111315;112244;31000;12712
2015-09-10;1435;590;112191;112826;111715;113019;37239;15485
2015-09-11;1259;355;112817;113327;112539;113492;28181;11884
2015-09-13;174;16;113291;113414;113279;113590;1985;1037
2015-09-14;1434;775;113421;113079;112835;113729;23397;9996
2015-09-15;1432;658;113085;112702;112587;113286;26735;11271
2015-09-16;1435;941;112701;112915;112139;113203;25526;10672
2015-09-17;1436;682;112906;114007;112843;114409;38393;16105
2015-09-18;1260;1025;114010;112903;112692;114601;32768;13959
2015-09-20;175;0;112824;112904;112811;112968;2124;1190
2015-09-21;1433;983;112876;111887;111809;113298;26929;11677
2015-09-22;1432;757;111876;111197;111130;112074;27050;11523
2015-09-23;1428;747;111208;111873;111049;112134;34176;15647
2015-09-24;1435;1171;111864;111797;111599;112957;38345;16375
2015-09-25;1260;669;111805;111939;111160;112128;32713;13992
2015-09-27;175;5;111934;111995;111842;112007;1701;771
2015-09-28;1436;392;111993;112292;111465;112474;31716;12979
2015-09-29;1434;760;112309;112532;111936;112812;33958;14347
2015-09-30;1434;816;112531;111700;111572;112611;29354;12347
2015-10-01;1434;622;111701;111917;111348;112090;26448;10960
2015-10-02;1260;582;111921;112020;111497;113183;32165;13547
2015-10-04;174;174;112199;112199;112071;112244;1881;928
2015-10-05;1433;1007;112188;111950;111733;112891;28611;11734
2015-10-06;1434;1204;111954;112670;111718;112794;25724;11172
2015-10-07;1430;969;112686;112377;112113;112841;28302;11853
2015-10-08;1436;1133;112391;112841;112376;113268;29452;12358
2015-10-09;1258;905;112848;113575;112668;113870;26669;11493
2015-10-11;175;115;113615;113676;113539;113691;1765;761
2015-10-12;1431;326;113652;113533;113517;113966;18052;8305
2015-10-13;1434;1049;113533;113830;113439;114109;24480;10705
2015-10-14;1435;1070;113844;114739;113831;114890;26006;11425
2015-10-15;1435;1003;114740;113672;113630;114951;31664;13578
2015-10-16;1258;557;113662;113489;113342;113950;24572;11025
2015-10-18;174;16;113561;113580;113512;113607;2025;875
2015-10-19;1433;1133;113584;113281;113057;113790;23621;10621
2015-10-20;1432;650;113290;113538;113239;113871;20504;8876
2015-10-21;1429;1211;113538;113463;113341;113774;21001;9489
2015-10-22;1435;1121;113457;110818;110718;113510;34918;15377
2015-10-23;1260;621;110821;110174;109966;111398;31824;14103
2015-10-25;129;129;110066;110189;110014;110245;1747;887
2015-10-26;1430;249;110176;110595;110038;110682;23950;10773
2015-10-27;1426;578;110584;110326;110302;110786;24649;10810
2015-10-28;1435;864;110330;109228;108969;110957;32557;14182
2015-10-29;1434;1022;109267;109902;109020;109978;30247;13151
2015-10-30;1259;1003;109869;110036;109655;110726;32817;13941
2015-11-01;115;19;110296;110233;110185;110381;1486;645
2015-11-02;1432;718;110226;110148;110000;110526;24261;10746
2015-11-03;1433;1285;110156;109617;109362;110300;23508;10417
2015-11-04;1434;874;109620;108637;108440;109656;27133;11205
2015-11-05;1433;514;108637;108835;108336;108974;27381;11352
2015-11-06;1318;1025;108832;107391;107054;108937;29052;12833
2015-11-08;115;115;107338;107304;107196;107362;1143;564
2015-11-09;1433;816;107285;107594;107266;107900;25955;10811
2015-11-10;1435;1216;107603;107365;106742;107640;26843;11422
2015-11-11;1434;461;107367;107632;107056;107737;26342;11175
2015-11-12;1435;1234;107631;108097;106909;108300;34809;15248
2015-11-13;1320;555;108084;107703;107140;108095;29521;12317
2015-11-15;115;79;107393;106999;106868;107451;2661;1380
2015-11-16;1432;923;107006;106873;106745;107580;25734;11299
2015-11-17;1435;257;106870;106430;106307;106906;26519;11738
2015-11-18;1432;803;106432;106703;106169;106924;24742;10507
2015-11-19;1434;819;106725;107259;106671;107629;28807;12480
2015-11-20;1320;1109;107249;106454;106398;107282;24817;10825
2015-11-22;114;3;106395;106377;106353;106460;1075;482
2015-11-23;1434;618;106379;106367;105926;106567;25727;11196
2015-11-24;1435;478;106361;106426;106195;106732;26175;11247
2015-11-25;1435;643;106423;106227;105658;106892;28631;12526
2015-11-26;1431;432;106227;106050;106000;106274;15391;6385
2015-11-27;1319;230;106058;105899;105685;106381;18491;7941
2015-11-29;115;0;105910;105825;105814;105939;915;449
2015-11-30;1429;774;105846;105697;105578;105950;20910;8853
2015-12-01;1434;913;105693;106258;105631;106371;22762;10007
2015-12-02;1428;904;106258;106104;105505;106321;25700;10602
2015-12-03;1421;929;106101;109169;104983;109810;53871;23588
2015-12-04;1315;834;109187;108811;108360;109561;40484;17948
2015-12-06;114;113;108666;108811;108620;108875;2010;827
2015-12-07;1435;1228;108806;108334;107960;108812;25617;11302
2015-12-08;1435;1195;108350;108922;108301;109023;25919;11438
2015-12-09;1435;1261;108924;110148;108791;110426;33241;13942
2015-12-10;1434;1029;110148;109467;109250;110214;27933;11635
2015-12-11;1320;724;109469;109854;109266;110306;32095;13595
2015-12-13;115;0;109864;109800;109673;109930;1824;832
2015-12-14;1435;965;109846;109908;109455;110486;31788;12984
2015-12-15;1435;749;109905;109343;109046;110595;30447;12124
2015-12-16;1435;354;109338;108730;108658;110112;43798;17430
2015-12-17;1435;707;108724;108426;108025;108872;30604;13180
2015-12-18;1320;764;108412;108659;108048;108745;31185;12685
2015-12-20;115;77;108519;108693;108514;108751;1579;790
2015-12-21;1435;993;108689;109109;108481;109389;25295;10448
2015-12-22;1435;1217;109106;109485;109023;109840;23488;9835
2015-12-23;1428;1217;109487;109078;108698;109526;22121;9887
2015-12-24;1140;516;109075;109631;109054;109675;15939;8160
2015-12-27;115;1;109395;109640;109207;109706;3311;1567
2015-12-28;1435;901;109639;109745;109558;109924;18026;8050
2015-12-29;1430;1149;109753;109255;108991;109915;20861;9076
2015-12-30;1432;1114;109255;109340;109019;109437;22307;9903
2015-12-31;1136;943;109351;108697;108528;109370;17867;8354
2016-01-03;115;0;108717;108519;108453;108724;1592;758
2016-01-04;1435;1166;108543;108238;107810;109463;33710;14257
2016-01-05;1434;760;108228;107500;107106;108388;26293;11710
2016-01-06;1435;835;107506;107762;107136;107995;30741;13376
2016-01-07;1435;744;107764;109255;107709;109401;36481;15689
2016-01-08;1320;953;109253;109244;108008;109303;38999;16179
2016-01-10;115;58;109203;109370;109177;109693;3230;1525
2016-01-11;1435;835;109363;108563;108479;109456;31238;14508
2016-01-12;1435;478;108563;108425;108196;109003;29529;13188
2016-01-13;1435;742;108435;108852;108048;108885;29650;12683
2016-01-14;1432;818;108846;108569;108345;109430;34472;14495
2016-01-15;1320;897;108575;109127;108564;109846;36981;15612
2016-01-17;115;115;109178;109179;109083;109276;1870;767
2016-01-18;1414;81;109176;108927;108687;109236;21255;9097
2016-01-19;1401;905;108917;109107;108593;109388;27355;12152
2016-01-20;1430;506;109105;108740;108732;109759;37109;15309
2016-01-21;1431;777;108744;108584;107776;109215;42754;17732
2016-01-22;1319;582;108574;107962;107891;108628;28079;11744
2016-01-24;112;112;107922;107966;107895;107975;978;454
2016-01-25;1434;1136;107966;108522;107897;108568;21907;9290
2016-01-26;1431;835;108522;108616;108188;108743;23917;10240
2016-01-27;1433;1007;108626;109033;108506;109164;30205;12571
2016-01-28;1433;957;109026;109354;108696;109675;27175;10966
2016-01-29;1320;914;109351;108306;108099;109487;34436;14405
2016-01-31;111;111;108322;108251;108145;108351;1120;557
2016-02-01;1432;1372;108257;108958;108244;109128;23831;10223
2016-02-02;1433;967;108959;109188;108922;109398;23669;10345
2016-02-03;1435;1020;109190;110926;109036;111455;38468;17068
2016-02-04;1435;771;110914;111992;110695;112387;40088;16954
2016-02-05;1320;600;111995;111568;111087;112459;36725;14975
2016-02-07;111;0;111448;111439;111419;111484;610;313
2016-02-08;1429;526;111434;111896;110865;112158;34487;14164
2016-02-09;1431;656;111880;112881;111621;113382;43361;17987
2016-02-10;1435;1258;112882;112825;111604;113114;44311;16877
2016-02-11;1431;972;112834;113163;112738;113764;52408;20237
2016-02-12;1320;890;113164;112542;112140;113337;35208;13174
2016-02-14;115;111;112423;112236;112155;112499;2009;901
2016-02-15;1434;966;112208;111772;111279;112390;23898;10242
2016-02-16;1433;382;111761;111428;111241;111931;29050;11799
2016-02-17;1434;712;111417;111206;111058;111790;29075;11735
2016-02-18;1435;783;111206;111080;110709;111495;27551;11754
2016-02-19;1318;814;111069;111297;110667;111392;26799;11048
2016-02-21;115;115;111177;111218;111118;111246;1445;637
2016-02-22;1435;750;111216;110255;110030;111237;24435;9937
2016-02-23;1433;939;110251;110232;109900;110527;27026;11209
2016-02-24;1435;652;110231;110140;109569;110466;30601;12817
2016-02-25;1434;106;110145;110227;109868;110500;27556;11512
2016-02-26;1320;839;110230;109303;109116;110681;26591;11259
2016-02-28;114;1;109187;109243;109116;109285;1581;796
2016-02-29;1432;810;109242;108853;108592;109626;26139;11021
2016-03-01;1435;645;108854;108755;108341;108935;28238;12217
2016-03-02;1435;617;108767;108690;108255;108810;24539;9747
2016-03-03;1434;991;108683;109459;108535;109729;25499;10800
2016-03-04;1319;681;109448;110049;109031;110435;33298;14127
2016-03-06;108;98;109929;109924;109881;109973;946;435
2016-03-07;1421;798;109914;110120;109400;110258;22675;10072
2016-03-08;1432;554;110127;110000;109936;110578;25874;11155
2016-03-09;1433;729;109998;109859;109460;110348;25035;10935
2016-03-10;1434;893;109861;111761;108222;112177;53810;23086
2016-03-11;1320;899;111776;111476;110803;112096;35480;15770
2016-03-13;115;105;111507;111654;111500;111761;1865;963
2016-03-14;1424;765;111634;111003;110775;111664;25813;11289
2016-03-15;1425;569;111005;111072;110718;111248;24079;10321
2016-03-16;1429;594;111070;112165;110578;112424;32671;13425
2016-03-17;1431;948;112153;113153;112052;113424;34455;14304
2016-03-18;1260;843;113144;112700;112559;113368;24804;10180
2016-03-20;112;112;112700;112747;112683;112810;1330;625
2016-03-21;1425;1073;112743;112348;112329;112847;23139;9701
2016-03-22;1430;1102;112345;112212;111882;112599;26936;11555
2016-03-23;1429;481;112206;111781;111594;112212;21047;8905
2016-03-24;1416;465;111775;111640;111443;111875;22716;9975
2016-03-25;1209;1196;111648;111626;111538;111758;9010;4664
2016-03-27;155;155;111631;111574;111558;111662;1501;799
2016-03-28;1412;769;111572;112010;111529;112200;14401;6846
2016-03-29;1427;835;111997;112892;111689;113034;27533;11661
2016-03-30;1423;860;112900;113332;112864;113653;27239;11282
2016-03-31;1428;1058;113326;113787;113101;114118;26534;10877
2016-04-01;1260;828;113783;113865;113348;114379;29177;12398
2016-04-03;169;91;113964;113942;113879;113993;1508;762
2016-04-04;1414;803;113951;113862;113573;114125;22642;9937
2016-04-05;1431;908;113861;113803;113356;114051;25322;10334
2016-04-06;1429;647;113795;114006;113266;114316;28160;11935
2016-04-07;1433;523;113994;113686;113374;114540;31838;13958
2016-04-08;1260;591;113667;113952;113489;114193;23252;10269
2016-04-10;165;0;114050;114041;113965;114129;1887;771
2016-04-11;1420;774;114036;114106;113720;114473;23967;10642
2016-04-12;1425;1203;114101;113831;113455;114646;27178;11908
2016-04-13;1431;900;113825;112778;112679;113910;27964;11885
2016-04-14;1427;670;112779;112662;112338;112947;25863;11709
2016-04-15;1257;1047;112650;112821;112456;113170;21428;9295
2016-04-17;170;46;112978;112967;112890;113012;2233;1061
2016-04-18;1422;1291;112973;113074;112737;113320;21813;9767
2016-04-19;1419;1000;113067;113581;113034;113844;20318;8744
2016-04-20;1431;625;113585;113023;112902;113878;22316;9870
2016-04-21;1417;1182;113026;112901;112698;113960;30512;12747
2016-04-22;1259;969;112898;112195;112155;113085;23562;10025
2016-04-24;172;172;112197;112313;112180;112338;1683;768
2016-04-25;1431;1423;112316;112666;112233;112782;21335;9472
2016-04-26;1415;974;112661;112960;112562;113395;22261;9569
2016-04-27;1427;273;112963;113269;112715;113612;27694;12142
2016-04-28;1429;789;113257;113572;112961;113678;29579;12601
2016-04-29;1260;1120;113566;114482;113561;114592;25985;11298
2016-05-01;168;168;114611;114607;114531;114660;1869;732
2016-05-02;1428;1206;114607;115234;114482;115356;22566;10023
2016-05-03;1424;976;115246;115009;114926;116161;28056;12189
2016-05-04;1431;697;115009;114904;114664;115295;29357;12439
2016-05-05;1426;1173;114905;114013;113859;114937;22123;9542
2016-05-06;1259;1044;114005;114040;113865;114789;25439;10777
2016-05-08;171;0;113972;113870;113839;114006;1751;1078
2016-05-09;1432;61;113854;113839;113754;114196;22281;10071
2016-05-10;1431;799;113832;113732;113586;114097;22699;9912
2016-05-11;1428;1218;113733;114241;113725;114465;19007;8308
2016-05-12;1431;1343;114238;113742;113705;114291;19616;8152
2016-05-13;1258;891;113737;113061;112830;113784;21618;8944
2016-05-15;172;0;113115;113170;113023;113195;1474;787
2016-05-16;1421;222;113167;113145;113031;113423;17706;7758
2016-05-17;1426;728;113152;113139;113020;113484;18818;7949
2016-05-18;1424;1017;113131;112197;112142;113160;22681;9586
2016-05-19;1426;301;112204;112023;111799;112299;22424;9707
2016-05-20;1259;159;112016;112224;111963;112372;16872;7030
2016-05-22;165;0;112129;112208;112112;112231;1203;585
2016-05-23;1428;937;112205;112127;111875;112427;18846;8074
2016-05-24;1429;1052;112138;111352;111324;112269;20494;8824
2016-05-25;1427;1120;111357;111553;111288;111668;19480;8266
2016-05-26;1432;613;111554;111911;111541;112166;20695;8729
2016-05-27;1258;1004;111931;111127;111107;112005;18335;7562
2016-05-29;169;169;111144;111085;111068;111153;1196;503
2016-05-30;1415;604;111081;111475;110978;111493;13284;5750
2016-05-31;1424;666;111483;111340;111222;111734;21438;9311
2016-06-01;1425;834;111340;111878;111140;111939;22985;10030
2016-06-02;1424;924;111890;111510;111453;112199;23551;9872
2016-06-03;1260;1130;111509;113664;111368;113736;26321;11469
2016-06-05;173;0;113578;113507;113447;113723;2763;1205
2016-06-06;1422;590;113500;113629;113258;113926;24397;9793
2016-06-07;1419;1019;113631;113559;113386;113804;19454;7864
2016-06-08;1435;661;113562;114029;113545;114106;20322;8349
2016-06-09;1428;1364;114030;113107;113055;114155;21295;9299
2016-06-10;1259;535;113105;112521;112453;113213;21443;9238
2016-06-12;170;166;112506;112383;112342;112530;1802;835
2016-06-13;1431;946;112392;112877;112320;113029;23475;9547
2016-06-14;1434;947;112871;112101;111888;112983;24669;10284
2016-06-15;1434;1000;112105;112611;111897;112987;27186;11696
2016-06-16;1431;1009;112609;112635;111310;112947;34678;15506
2016-06-17;1260;768;112693;112752;112228;112962;25855;11375
2016-06-19;174;113;113341;113465;113081;113579;3113;1536
2016-06-20;1427;533;113483;113218;113020;113825;27499;11855
2016-06-21;1432;994;113220;112493;112410;113494;26780;11555
2016-06-22;1433;1180;112491;113255;112365;113477;28716;12614
2016-06-23;1435;719;113266;113289;112687;114282;52587;22253
2016-06-24;1260;765;113300;110955;109102;113371;112398;50007
2016-06-26;174;82;110214;110367;110148;110747;7806;3051
2016-06-27;1432;885;110399;110133;109705;110832;49694;18706
2016-06-28;1434;840;110147;110749;110126;111113;34239;14624
2016-06-29;1435;776;110757;111212;110489;111302;34654;14697
2016-06-30;1434;604;111219;111037;110240;111543;41088;17712
2016-07-01;1257;420;111036;111369;110717;111693;27846;12041
2016-07-03;170;0;111343;111277;111249;111371;2343;1240
2016-07-04;1411;258;111280;111443;110977;111595;18227;8007
2016-07-05;1430;876;111443;110631;110579;111858;28395;12708
2016-07-06;1431;621;110639;110970;110288;111114;33517;14241
2016-07-07;1427;641;110954;110640;110523;111069;27111;11674
2016-07-08;1258;760;110636;110502;110019;111202;27583;12174
2016-07-10;164;0;110515;110440;110415;110530;1979;945
2016-07-11;1426;914;110432;110568;110156;110744;22462;9096
2016-07-12;1428;544;110571;110609;110518;111261;25864;10524
2016-07-13;1431;1001;110586;110947;110420;111197;25536;10431
2016-07-14;1432;606;110946;111056;110884;111648;27859;11372
2016-07-15;1260;754;111062;110315;110245;111487;25340;10651
2016-07-17;172;0;110492;110549;110450;110600;2434;991
2016-07-18;1429;740;110565;110689;110373;110840;21687;9360
2016-07-19;1428;714;110684;110131;109997;110802;22020;9403
2016-07-20;1431;703;110132;110163;109812;110300;22753;9719
2016-07-21;1432;348;110158;110318;109794;110604;29105;12044
2016-07-22;1260;1099;110316;109753;109554;110408;20827;8947
2016-07-24;158;153;109724;109685;109629;109749;1549;827
2016-07-25;1426;707;109690;109892;109518;109989;17716;7142
2016-07-26;1428;131;109886;109873;109783;110296;18830;7885
2016-07-27;1434;353;109870;110670;109615;110733;25288;10422
2016-07-28;1430;998;110701;110823;110589;111194;21173;8844
2016-07-29;1260;1101;110825;111734;110726;111973;25016;9811
2016-07-31;169;114;111732;111670;111658;111832;1820;840
2016-08-01;1426;1320;111668;111671;111550;111812;16371;7069
2016-08-02;1429;991;111674;112180;111621;112334;18030;7466
2016-08-03;1427;1427;112174;111508;111405;112191;15962;6450
2016-08-04;1427;459;111495;111341;111137;111561;18048;7638
2016-08-05;1253;633;111341;110867;110456;111611;17045;7734
2016-08-07;172;151;110858;110865;110800;110932;1676;757
2016-08-08;1425;1086;110866;110847;110719;111049;13438;6093
2016-08-09;1430;1425;110856;111174;110704;111225;14156;5988
2016-08-10;1428;750;111177;111852;111169;111916;18262;7885
2016-08-11;1424;760;111856;111382;111352;111902;15454;7100
2016-08-12;1254;1102;111380;111619;111311;112212;16329;7313
2016-08-14;167;167;111683;111644;111570;111689;1229;675
2016-08-15;1424;1378;111639;111820;111534;112037;13308;5997
2016-08-16;1429;660;111819;112759;111773;113224;22697;10124
2016-08-17;1429;376;112763;112979;112408;113160;21955;9658
2016-08-18;1432;892;112982;113477;112951;113662;24588;10817
2016-08-19;1260;880;113465;113233;113040;113488;18134;7792
2016-08-21;172;0;113154;112967;112944;113222;2270;1013
2016-08-22;1423;678;112981;113182;112710;113305;17728;7621
2016-08-23;1425;1066;113163;113014;112995;113551;17821;7767
2016-08-24;1431;727;113009;112609;112452;113114;18346;7942
2016-08-25;1423;186;112601;112870;112591;112975;15829;6845
2016-08-26;1253;752;112863;111938;111805;113409;24012;10427
2016-08-28;173;134;111836;111972;111798;112007;2267;1086
2016-08-29;1428;1192;111967;111910;111579;112077;18211;7745
2016-08-30;1427;393;111899;111498;111321;111907;18111;7737
2016-08-31;1432;412;111497;111566;111231;111654;19267;8105
2016-09-01;1428;421;111563;111987;111275;112051;19204;8122
2016-09-02;1259;345;111982;111546;111504;112520;22377;9142
2016-09-04;163;163;111573;111581;111527;111591;850;440
2016-09-05;1412;757;111580;111506;111395;111823;13045;6070
2016-09-06;1428;1136;111500;112478;111410;112630;19630;8288
2016-09-07;1430;1054;112459;112387;112288;112716;17536;7662
2016-09-08;1428;837;112382;112685;112345;113270;24995;11085
2016-09-09;1260;1074;112664;112321;111985;112850;20261;8611
2016-09-11;173;0;112326;112400;112296;112406;1992;856
2016-09-12;1429;250;112392;112404;112103;112683;23387;9738
2016-09-13;1434;421;112395;112186;112039;112603;21647;9115
2016-09-14;1432;876;112181;112453;112135;112738;19641;8780
2016-09-15;1428;780;112452;112453;112190;112834;22049;9163
2016-09-16;1258;1128;112461;111560;111494;112481;18001;7353
2016-09-18;173;173;111544;111577;111523;111604;1508;663
2016-09-19;1434;325;111570;111770;111507;111979;15127;6578
2016-09-20;1433;474;111768;111529;111495;112132;16603;6939
2016-09-21;1431;986;111530;111900;111230;111968;25784;10100
2016-09-22;1427;819;111906;112082;111847;112573;18707;8194
2016-09-23;1259;968;112073;112255;111939;112405;16650;7108
2016-09-25;168;42;112262;112377;112244;112411;1281;591
2016-09-26;1424;779;112378;112496;112210;112789;16644;7300
2016-09-27;1434;775;112497;112170;111908;112586;17998;7827
2016-09-28;1428;167;112150;112234;111817;112366;19038;8196
2016-09-29;1430;648;112232;112184;111967;112497;19626;8374
2016-09-30;1259;930;112187;112409;111532;112505;23195;10248
2016-10-02;172;172;112330;112327;112279;112443;2193;967
2016-10-03;1432;1432;112319;112092;112051;112415;15837;7143
2016-10-04;1433;508;112102;112084;111378;112387;23859;10326
2016-10-05;1428;1214;112089;112057;111895;112332;19669;8718
2016-10-06;1429;1074;112063;111407;111251;112102;20897;9084
2016-10-07;1260;688;111428;112003;111042;112047;28894;11733
2016-10-09;172;172;111939;111946;111799;112034;2426;1173
2016-10-10;1427;1427;111938;111400;111314;112003;15064;6624
2016-10-11;1431;1381;111392;110578;110489;111405;21722;9470
2016-10-12;1434;456;110579;110104;110044;110610;24499;11101
2016-10-13;1431;636;110108;110483;109855;110583;23802;10453
2016-10-14;1260;913;110463;109712;109706;110565;20705;9095
2016-10-16;174;174;109694;109655;109653;109730;1054;549
2016-10-17;1431;211;109659;110105;109638;110141;17645;7616
2016-10-18;1416;693;110097;109746;109700;110263;16994;7821
2016-10-19;1432;493;109740;109744;109549;110047;18327;8270
2016-10-20;1418;1209;109741;109293;109157;110392;21964;9830
2016-10-21;1258;581;109293;108834;108592;109295;17166;7771
2016-10-23;171;0;108814;108801;108734;108843;1275;675
2016-10-24;1426;288;108813;108719;108595;108996;16239;7234
2016-10-25;1427;659;108731;108863;108509;109048;18613;7784
2016-10-26;1427;428;108863;109096;108744;109464;18701;8123
2016-10-27;1425;720;109084;108971;108822;109421;20372;8919
2016-10-28;1257;1042;108960;109853;108951;109917;22630;9513
2016-10-30;123;24;109820;109824;109754;109900;1498;650
2016-10-31;1433;852;109819;109706;109358;109825;16551;7279
2016-11-01;1432;1431;109701;110551;109600;110689;18469;7678
2016-11-02;1429;691;110567;110940;110496;111230;22990;9537
2016-11-03;1426;651;110937;110995;110597;111258;21830;9614
2016-11-04;1255;233;110994;111401;110799;111416;18717;7773
2016-11-06;115;24;110854;110958;110780;110993;2680;1126
2016-11-07;1433;867;110952;110493;110275;111103;17879;8115
2016-11-08;1425;534;110487;110174;110048;110669;17540;7885
2016-11-09;1435;870;110196;109193;109071;112994;70995;31871
2016-11-10;1435;491;109190;108875;108648;109534;34255;13941
2016-11-11;1320;841;108877;108547;108303;109235;31808;12786
2016-11-13;115;115;108363;108226;108193;108418;1989;643
2016-11-14;1435;1053;108224;107464;107090;108259;35154;14706
2016-11-15;1434;743;107454;107244;107140;108166;29767;13142
2016-11-16;1435;796;107240;107062;106661;107594;30537;13058
2016-11-17;1434;897;107052;106216;106199;107454;31654;13688
2016-11-18;1320;504;106243;105883;105691;106429;32894;13972
2016-11-20;115;115;105915;105827;105787;105944;1266;570
2016-11-21;1435;651;105835;106377;105828;106491;29025;12772
2016-11-22;1432;590;106363;106328;105837;106579;26124;11705
2016-11-23;1424;691;106327;105420;105261;106435;28112;11671
2016-11-24;1426;685;105433;105597;105177;105853;27100;11430
2016-11-25;1317;478;105607;105776;105386;106274;28682;11911
2016-11-27;111;111;106046;106097;105947;106105;1422;655
2016-11-28;1433;841;106092;106186;105636;106860;29831;12842
2016-11-29;1433;417;106180;106473;105649;106544;25861;11267
2016-11-30;1435;817;106468;105903;105527;106666;32127;13875
2016-12-01;1432;560;105901;106620;105846;106687;29612;12207
2016-12-02;1320;853;106630;106644;106253;106899;26853;11482
2016-12-04;115;73;105975;105705;105058;106050;8014;3684
2016-12-05;1435;990;105655;107556;105374;107965;40861;17233
2016-12-06;1433;650;107568;107189;106985;107854;26241;11457
2016-12-07;1429;1371;107174;107595;107099;107684;21693;9457
2016-12-08;1435;1291;107589;106210;105973;108730;39880;16921
2016-12-09;1319;683;106196;105594;105310;106297;25626;10934
2016-12-11;113;70;105400;105462;105373;105505;1362;542
2016-12-12;1435;924;105435;106408;105253;106517;26986;11717
2016-12-13;1434;327;106419;106271;106038;106672;25133;10584
2016-12-14;1430;590;106275;105122;104961;106700;32710;14263
2016-12-15;1433;1013;105117;104167;103665;105228;39163;16818
2016-12-16;1318;336;104164;104501;104007;104742;29007;12633
2016-12-18;112;0;104385;104468;104378;104575;1321;711
2016-12-19;1434;920;104460;104034;103926;104795;27516;12008
2016-12-20;1434;937;104028;103906;103523;104180;25141;10558
2016-12-21;1434;1066;103911;104267;103825;104513;23663;10376
2016-12-22;1433;716;104263;104377;104254;104993;24022;10518
2016-12-23;1301;20;104369;104544;104265;104686;16103;7201
2016-12-26;1037;222;104617;104542;104242;104676;11401;7263
2016-12-27;1432;36;104543;104612;104325;104634;14576;6353
2016-12-28;1431;1148;104604;104145;103722;104800;20581;8661
2016-12-29;1432;1293;104154;105661;104139;106527;28783;12897
2016-12-30;1320;671;105700;105237;105058;105916;34585;14237
2017-01-01;85;85;105158;105212;105142;105294;818;892
2017-01-02;1328;770;105225;104579;104502;105258;13926;8616
2017-01-03;1430;891;104578;104177;103403;104902;28240;12573
2017-01-04;1430;1226;104156;104971;103899;105014;30206;12977
2017-01-05;1433;813;105006;106039;104824;106153;39730;16527
2017-01-06;1319;211;106037;105332;105250;106222;31110;12531
2017-01-08;114;62;105309;105297;105260;105360;1112;578
2017-01-09;1434;955;105308;105864;105108;105892;27664;11772
2017-01-10;1434;976;105865;105524;105509;106271;30922;12257
2017-01-11;1433;1134;105526;105945;104540;106228;40895;16573
2017-01-12;1435;987;105950;106159;105714;106847;39319;15333
2017-01-13;1319;726;106162;106429;105962;106745;29683;11995
2017-01-15;112;37;106283;106273;106142;106357;1784;968
2017-01-16;1433;958;106267;106023;105794;106346;25234;10298
2017-01-17;1434;1231;106030;106965;106008;107191;34898;13877
2017-01-18;1435;945;106970;106275;106242;107123;28525;10851
2017-01-19;1434;548;106284;106593;105892;106766;33111;12983
2017-01-20;1320;1055;106602;107023;106252;107095;30162;11419
2017-01-22;115;115;106981;107130;106932;107167;2085;889
2017-01-23;1435;269;107120;107592;107063;107724;28365;11960
2017-01-24;1435;447;107582;107282;107203;107747;24857;10216
2017-01-25;1435;401;107280;107521;107113;107696;24760;10221
2017-01-26;1435;987;107535;106833;106576;107657;27595;11516
2017-01-27;1320;640;106828;106966;106584;107250;23568;9720
2017-01-29;114;0;107156;107153;107080;107196;1612;769
2017-01-30;1433;1340;107178;107079;106203;107402;24611;10481
2017-01-31;1432;1189;107072;108014;106844;108122;31133;13216
2017-02-01;1433;980;107999;107675;107298;108074;27049;11012
2017-02-02;1435;613;107664;107616;107558;108289;26383;10584
2017-02-03;1319;421;107622;107875;107130;107977;25732;10429
2017-02-05;112;112;107899;107825;107781;107908;953;518
2017-02-06;1435;1138;107828;107431;107056;107888;22302;9177
2017-02-07;1435;716;107431;106785;106560;107445;22857;9810
2017-02-08;1435;664;106787;106916;106406;107140;23087;9727
2017-02-09;1435;1008;106917;106576;106509;107096;22796;9673
2017-02-10;1319;830;106568;106407;106077;106677;21134;8457
2017-02-12;113;0;106352;106189;106174;106370;1435;707
2017-02-13;1435;431;106189;105985;105920;106584;18775;7800
2017-02-14;1433;912;105989;105782;105608;106334;21366;9261
2017-02-15;1435;1038;105779;106050;105213;106093;22652;9693
2017-02-16;1435;951;106021;106714;105999;106794;22580;9755
2017-02-17;1320;994;106690;106149;106055;106766;18647;8057
2017-02-19;115;104;106087;106254;106084;106329;1387;675
2017-02-20;1430;1332;106251;106088;106031;106299;16679;7183
2017-02-21;1435;845;106093;105413;105258;106127;19286;8540
2017-02-22;1432;1027;105424;105508;104938;105739;26964;11014
2017-02-23;1434;674;105511;105840;105376;105952;22236;9515
2017-02-24;1320;375;105842;105611;105570;106178;20891;9269
2017-02-26;103;103;105631;105524;105519;105646;1130;433
2017-02-27;1434;672;105524;105839;105518;106307;20643;8595
2017-02-28;1430;530;105831;105686;105666;106300;22942;9693
2017-03-01;1435;728;105683;105356;105140;105891;24627;10401
2017-03-02;1430;549;105357;105069;104947;105454;19472;8408
2017-03-03;1320;1074;105074;106222;105021;106238;23613;9878
2017-03-05;115;3;106080;106203;106004;106214;2113;769
2017-03-06;1429;606;106190;105790;105744;106397;19280;8678
2017-03-07;1433;601;105796;105693;105581;106024;16829;6917
2017-03-08;1430;308;105687;105447;105347;105740;17846;7574
2017-03-09;1433;1283;105440;105786;105249;106150;24919;10576
2017-03-10;1319;997;105800;106732;105779;106989;23154;9842
2017-03-12;114;0;106839;106894;106783;106925;1014;557
2017-03-13;1428;1197;106882;106507;106449;107142;19375;7861
2017-03-14;1434;724;106507;106120;106000;106624;18651;7405
2017-03-15;1433;1000;106117;107374;106073;107397;24638;10599
2017-03-16;1435;652;107370;107717;107056;107743;23211;9509
2017-03-17;1260;630;107709;107375;107274;107821;18461;7734
2017-03-19;112;1;107390;107421;107381;107451;669;363
2017-03-20;1429;336;107427;107360;107191;107771;17019;7261
2017-03-21;1430;740;107363;108121;107352;108191;21528;9132
2017-03-22;1428;155;108114;107901;107759;108245;20187;8311
2017-03-23;1431;187;107892;107834;107680;108048;19948;7762
2017-03-24;1259;1218;107833;107990;107604;108179;17505;7259
2017-03-26;170;170;108298;108461;108275;108495;1998;819
2017-03-27;1431;1099;108455;108605;108378;109060;16959;7406
2017-03-28;1430;1304;108617;108162;107988;108726;18591;8233
2017-03-29;1431;1307;108165;107580;107398;108265;20763;9119
2017-03-30;1434;1199;107587;106872;106719;107678;19122;8495
2017-03-31;1260;728;106870;106548;106516;107018;18221;8040
2017-04-02;174;73;106625;106694;106595;106736;1710;709
2017-04-03;1420;620;106683;106696;106424;106810;15451;6681
2017-04-04;1427;445;106696;106782;106356;106850;15970;7040
2017-04-05;1430;1074;106790;106716;106345;106890;19075;8276
2017-04-06;1424;940;106720;106439;106290;106841;17330;7587
2017-04-07;1260;380;106432;105895;105806;106663;19402;8141
2017-04-09;165;165;105877;105813;105734;105891;1442;634
2017-04-10;1432;1179;105808;105970;105698;106066;14653;6322
2017-04-11;1423;975;105972;106105;105786;106299;14833;6413
2017-04-12;1432;940;106093;106702;105889;106749;18540;8001
2017-04-13;1422;906;106702;106151;106090;106775;16208;7209
2017-04-14;1232;890;106154;106106;106061;106297;10134;4392
2017-04-16;168;168;106144;106097;106027;106166;1878;707
2017-04-17;1424;1215;106104;106434;106086;106703;13345;6062
2017-04-18;1432;1066;106431;107277;106371;107359;17481;8012
2017-04-19;1430;882;107273;107149;106998;107368;16331;7320
2017-04-20;1413;779;107143;107141;107069;107775;17076;8036
2017-04-21;1256;589;107134;107252;106822;107380;17868;7996
2017-04-23;175;154;109000;108728;108648;109048;5056;2684
2017-04-24;1434;853;108739;108648;108208;108774;26676;11245
2017-04-25;1434;1071;108663;109275;108513;109499;20147;8956
2017-04-26;1432;652;109279;109082;108556;109507;23098;9787
2017-04-27;1432;623;109088;108648;108516;109327;23685;10468
2017-04-28;1258;856;108657;108955;108569;109473;20505;8722
2017-04-30;170;4;108953;109060;108908;109111;2003;1009
2017-05-01;1422;388;109059;109085;108841;109237;12388;6068
2017-05-02;1432;292;109088;109349;108882;109360;16547;7331
2017-05-03;1426;624;109353;108882;108815;109368;18324;7693
2017-05-04;1429;880;108879;109807;108749;109871;20163;8338
2017-05-05;1258;272;109808;109991;109493;109997;19329;7791
2017-05-07;175;164;110148;109654;109635;110168;2715;1398
2017-05-08;1430;1110;109661;109261;109163;109967;22938;9650
2017-05-09;1435;812;109265;108863;108634;109334;20642;9034
2017-05-10;1431;475;108862;108671;108532;108980;19308;8181
2017-05-11;1425;708;108664;108644;108391;108929;16659;7446
2017-05-12;1254;1254;108640;109308;108557;109342;16028;7014
2017-05-14;163;163;109326;109275;109226;109354;1254;589
2017-05-15;1410;1403;109275;109797;109226;109893;15480;6994
2017-05-16;1427;1421;109800;110936;109791;110972;19328;8608
2017-05-17;1435;885;110942;111551;110815;111702;23340;10275
2017-05-18;1431;1108;111535;111101;110757;111718;26853;11462
2017-05-19;1256;758;111103;112075;110995;112117;17264;7278
2017-05-21;174;0;112021;112033;111987;112098;1756;948
2017-05-22;1426;226;112021;112376;111614;112634;20584;9409
2017-05-23;1425;836;112374;111785;111751;112681;25003;11035
2017-05-24;1429;845;111793;112301;111685;112331;23223;10016
2017-05-25;1430;642;112304;112102;111937;112502;19223;8618
2017-05-26;1256;742;112097;111818;111605;112346;19329;8445
2017-05-28;158;158;111718;111758;111700;111848;1065;642
2017-05-29;1409;965;111750;111290;111276;111898;13341;6408
2017-05-30;1428;1068;111289;111726;111097;112054;21754;9797
2017-05-31;1425;751;111732;112394;111645;112520;21726;9692
2017-06-01;1422;725;112385;112129;112021;112567;18256;8338
2017-06-02;1242;1178;112131;112817;112050;112851;17197;7904
2017-06-04;170;170;112729;112786;112722;112839;1865;899
2017-06-05;1424;548;112762;112572;112342;112788;16497;7444
2017-06-06;1422;990;112577;112705;112403;112838;17543;7882
2017-06-07;1424;1229;112694;112556;112041;112819;22734;10584
2017-06-08;1430;799;112548;111884;111801;112690;28252;11808
2017-06-09;1260;823;111907;111959;111663;112157;22269;9238
2017-06-11;166;96;112073;112015;111970;112098;1083;606
2017-06-12;1425;631;112011;111978;111919;112320;16807;7401
2017-06-13;1413;1237;111979;112088;111853;112247;14879;6549
2017-06-14;1424;1202;112099;112130;111930;112958;24862;10599
2017-06-15;1428;1177;112143;111479;111321;112285;21633;8886
2017-06-16;1257;717;111478;111957;111384;112015;15312;6721
2017-06-18;168;168;112065;112043;111948;112088;1216;674
2017-06-19;1432;774;112037;111441;111408;112127;15516;6974
2017-06-20;1425;560;111443;111363;111188;111648;15650;6970
2017-06-21;1417;1090;111360;111667;111272;111690;15040;6617
2017-06-22;1411;615;111671;111495;111393;111779;14282;6396
2017-06-23;1247;827;111496;111936;111452;112089;12333;5594
2017-06-25;142;8;111941;111992;111894;111998;1118;619
2017-06-26;1419;825;111991;111827;111717;112198;16233;7300
2017-06-27;1431;1196;111815;113371;111801;113491;22555;10018
2017-06-28;1428;904;113367;113802;112917;113901;27350;11655
2017-06-29;1426;651;113783;114395;113767;114454;23489;10140
2017-06-30;1259;1080;114401;114245;113921;114442;20550;8624
2017-07-02;164;164;114180;114226;114166;114267;926;534
2017-07-03;1421;1197;114238;113721;113550;114249;17759;8247
2017-07-04;1418;364;113718;113595;113362;113770;15539;6749
2017-07-05;1424;855;113589;113463;113124;113685;19610;8362
2017-07-06;1428;898;113455;114225;113298;114256;19259;8192
2017-07-07;1259;236;114204;114001;113797;114397;18731;7833
2017-07-09;168;142;113977;114034;113924;114038;957;561
2017-07-10;1424;890;114031;113963;113817;114180;14249;6172
2017-07-11;1429;1123;113967;114738;113827;114795;17423;7269
2017-07-12;1428;494;114736;114186;113916;114894;23686;10070
2017-07-13;1424;826;114184;114037;113705;114558;22092;9465
2017-07-14;1253;916;114036;114677;113914;114718;18474;7767
2017-07-16;172;0;114689;114742;114657;114748;1589;661
2017-07-17;1426;1026;114737;114735;114348;114870;15482;6612
2017-07-18;1430;1142;114729;115481;114714;115830;24029;10074
2017-07-19;1424;665;115485;115282;115099;115533;17190;7329
2017-07-20;1429;724;115285;116281;114792;116573;27783;11612
2017-07-21;1259;759;116280;116629;116191;116828;20022;8365
2017-07-23;163;32;116622;116811;116610;116817;1320;751
2017-07-24;1425;729;116810;116385;116260;116842;19239;8363
2017-07-25;1428;801;116386;116440;116308;117120;21552;9106
2017-07-26;1435;649;116434;117300;116127;117474;27017;11604
2017-07-27;1429;1061;117303;116879;116500;117765;27965;11880
2017-07-28;1259;867;116898;117492;116710;117639;23576;10048
2017-07-30;173;0;117521;117467;117452;117615;1813;850
2017-07-31;1434;1005;117462;118221;117231;118454;22377;10449
2017-08-01;1429;476;118221;118113;117862;118383;23932;10746
2017-08-02;1433;887;118097;118505;117936;119094;24800;11108
2017-08-03;1424;702;118511;118822;118304;118929;22840;10317
2017-08-04;1259;1108;118825;117725;117281;118889;22376;10692
2017-08-06;166;39;117736;117773;117707;117927;1934;909
2017-08-07;1425;59;117777;117996;117765;118136;17793;8117
2017-08-08;1429;1229;117993;117540;117151;118236;21588;9891
2017-08-09;1431;661;117530;117624;116889;117697;26335;11900
2017-08-10;1426;742;117625;117697;117040;117847;24642;10748
2017-08-11;1259;807;117691;118212;117484;118460;24041;11037
2017-08-13;172;172;118222;118254;118188;118275;1523;754
2017-08-14;1424;1320;118254;117752;117683;118383;20975;9428
2017-08-15;1429;906;117758;117408;116872;117926;23472;10132
2017-08-16;1428;888;117390;117737;116817;117793;26265;11873
2017-08-17;1433;912;117736;117152;116625;117899;28786;12340
2017-08-18;1259;950;117166;117588;117103;117739;23914;10004
2017-08-20;153;4;117606;117558;117500;117610;1199;630
2017-08-21;1429;994;117564;118109;117312;118280;19092;8389
2017-08-22;1427;827;118115;117614;117452;118242;20055;8885
2017-08-23;1427;591;117608;118157;117403;118231;20594;8901
2017-08-24;1427;220;118155;117983;117842;118171;17045;7294
2017-08-25;1253;734;117973;119219;117732;119411;23410;10032
2017-08-27;161;0;119447;119509;119405;119596;1933;870
2017-08-28;1434;1109;119511;119637;119169;119858;19255;8406
2017-08-29;1430;1294;119646;119697;119466;120700;28366;11911
2017-08-30;1432;1299;119696;118901;118806;119841;26803;11377
2017-08-31;1435;676;118895;119096;118230;119227;28148;12063
2017-09-01;1259;853;119095;118606;118504;119795;26751;11673
2017-09-03;172;172;118797;118821;118735;118843;2019;1042
2017-09-04;1408;420;118824;118926;118777;119220;19661;8926
2017-09-05;1430;820;118936;119237;118682;119404;24970;10541
2017-09-06;1432;976;119232;119267;119029;119503;25106;10131
2017-09-07;1433;1007;119258;120283;119140;120595;34790;13201
2017-09-08;1259;1021;120281;120326;120148;120923;30746;12485
2017-09-10;156;156;120183;120169;120111;120258;1758;690
2017-09-11;1434;794;120155;119583;119478;120294;22162;9388
2017-09-12;1427;195;119586;119713;119262;119782;23126;9913
2017-09-13;1433;943;119704;118872;118729;119948;23605;10244
2017-09-14;1433;910;118894;119210;118379;119228;29682;12434
2017-09-15;1258;721;119222;119458;119010;119870;26425;10870
2017-09-17;163;50;119260;119378;119246;119502;1841;962
2017-09-18;1424;600;119370;119593;119149;119694;22950;9875
2017-09-19;1430;570;119591;119922;119535;120064;27108;11289
2017-09-20;1431;157;119922;118731;118608;120340;31290;12793
2017-09-21;1426;1313;118731;119445;118655;119536;25316;9944
2017-09-22;1260;914;119438;119451;119367;120043;24517;9297
2017-09-24;173;119;118993;119260;118976;119267;2145;895
2017-09-25;1432;1310;119260;118549;118314;119363;24578;9747
2017-09-26;1432;1138;118554;117841;117566;118612;25174;10197
2017-09-27;1432;593;117819;117484;117166;117951;25711;10405
2017-09-28;1429;867;117500;117811;117209;118039;25121;10219
2017-09-29;1255;703;117807;118132;117724;118323;22292;9113
2017-10-01;169;169;117950;118073;117932;118147;1816;801
2017-10-02;1432;667;118068;117321;117300;118075;21423;8471
2017-10-03;1434;485;117317;117477;116958;117733;20240;8284
2017-10-04;1433;895;117471;117564;117453;117876;20766;8593
2017-10-05;1425;505;117563;117128;116990;117788;19355;7699
2017-10-06;1259;545;117135;117328;116693;117387;23247;9321
2017-10-08;162;98;117350;117423;117325;117434;1561;699
2017-10-09;1417;1270;117423;117409;117194;117560;13764;6340
2017-10-10;1429;1345;117411;118137;117404;118254;21319;8940
2017-10-11;1433;740;118131;118644;117951;118691;22538;8999
2017-10-12;1428;637;118645;118309;118251;118797;19069;7820
2017-10-13;1258;647;118307;118166;118052;118750;21493;8791
2017-10-15;150;150;118124;118141;118056;118175;1195;645
2017-10-16;1427;1107;118144;117943;117803;118195;17957;7693
2017-10-17;1431;269;117938;117713;117360;117949;17551;7225
2017-10-18;1429;532;117718;117947;117300;118053;19613;7843
2017-10-19;1425;511;117940;118481;117679;118580;23343;9609
2017-10-20;1260;1145;118498;117790;117623;118579;21772;8804
2017-10-22;173;0;117650;117542;117513;117747;1745;818
2017-10-23;1424;673;117547;117548;117248;117774;18152;7549
2017-10-24;1432;1280;117547;117594;117427;117927;19078;7669
2017-10-25;1430;810;117596;118196;117530;118206;22415;8694
2017-10-26;1432;1357;118206;116373;116313;118367;28324;11715
2017-10-27;1259;1011;116380;116073;115737;116438;23819;9687
2017-10-29;158;158;116033;116052;115935;116140;1966;987
2017-10-30;1419;674;116061;116517;115976;116580;19305;7994
2017-10-31;1425;19;116507;116518;116245;116612;19363;8303
2017-11-01;1423;607;116509;116280;116063;116573;22144;9041
2017-11-02;1419;253;116283;116588;116260;116873;23720;9645
2017-11-03;1257;429;116591;116059;115991;116903;18393;7470
2017-11-05;112;112;116107;116144;116052;116179;997;559
2017-11-06;1434;1000;116153;116115;115802;116241;19116;8016
2017-11-07;1434;1256;116109;116009;115531;116154;19543;8190
2017-11-08;1430;1206;116022;115940;115788;116110;16798;7120
2017-11-09;1435;973;115951;116464;115856;116548;21221;8319
2017-11-10;1319;528;116456;116637;116227;116780;16184;6693
2017-11-12;106;5;116578;116606;116548;116647;1201;468
2017-11-13;1421;1399;116611;116646;116374;116752;15007;6323
2017-11-14;1427;1427;116645;117913;116625;118050;19111;8084
2017-11-15;1434;778;117912;117829;117678;118605;24352;10467
2017-11-16;1431;545;117830;117780;117565;118009;20718;9050
2017-11-17;1320;1106;117776;117896;117738;118216;21495;9444
2017-11-19;112;82;117844;117328;117223;117967;2682;1484
2017-11-20;1432;887;117331;117372;117250;118086;23758;9911
2017-11-21;1430;861;117379;117399;117127;117576;21175;9266
2017-11-22;1431;1275;117414;118142;117347;118270;20224;8592
2017-11-23;1418;1418;118147;118503;118132;118560;16696;7582
2017-11-24;1307;860;118503;119313;118367;119443;17482;7572
2017-11-26;113;0;119296;119271;119242;119361;1118;617
2017-11-27;1431;510;119282;119043;118956;119613;20544;8849
2017-11-28;1434;1009;119036;118480;118270;119200;24766;10626
2017-11-29;1431;319;118496;118520;118168;118828;22660;9702
2017-11-30;1434;765;118503;118979;118087;119315;25641;11138
2017-12-01;1320;714;118987;118979;118508;119403;31790;12774
2017-12-03;109;106;118651;118570;118561;118751;1649;799
2017-12-04;1430;802;118578;118678;118291;118785;22937;9504
2017-12-05;1433;886;118679;118305;118007;118766;21470;8894
2017-12-06;1435;987;118304;118040;117804;118479;22002;8506
2017-12-07;1425;536;118041;117724;117712;118145;19626;7979
2017-12-08;1317;579;117724;117730;117298;117748;19865;7614
2017-12-10;111;0;117657;117676;117630;117717;859;409
2017-12-11;1431;672;117683;117764;117640;118117;17093;7481
2017-12-12;1424;1081;117760;117421;117175;117926;17457;7529
2017-12-13;1427;919;117426;118357;117293;118403;21555;9035
2017-12-14;1433;229;118357;117749;117646;118625;25378;10536
2017-12-15;1318;474;117748;117499;117490;118123;19464;7937
2017-12-17;112;112;117439;117430;117376;117506;1805;653
2017-12-18;1433;1177;117432;117837;117421;118343;19498;7699
2017-12-19;1431;1351;117830;118375;117766;118487;19919;8099
2017-12-20;1434;1367;118366;118775;118288;119017;19752;8113
2017-12-21;1430;881;118774;118540;118492;118895;18528;7766
2017-12-22;1320;619;118515;118609;118168;118639;19765;7920
2017-12-26;1172;851;118709;118571;118461;118788;8971;4360
2017-12-27;1430;1396;118576;119003;118550;119100;16634;6883
2017-12-28;1431;1369;119000;119392;118970;119591;14888;6174
2017-12-29;1315;1161;119392;120042;119366;120254;15454;6564
2018-01-01;109;109;120040;120105;120019;120169;1348;711
2018-01-02;1430;988;120100;120620;120077;120811;19107;8442
2018-01-03;1432;716;120617;120104;120011;120639;19384;8407
2018-01-04;1430;1150;120103;120672;120042;120889;20591;9073
2018-01-05;1319;856;120662;120302;120205;120827;19116;7928
2018-01-07;108;76;120270;120370;120265;120390;854;474
2018-01-08;1432;1204;120370;119697;119555;120521;18470;8115
2018-01-09;1432;1199;119691;119286;119154;119754;19671;8501
2018-01-10;1433;862;119292;119558;119232;120181;27306;11398
2018-01-11;1434;1098;119555;120431;119291;120589;27904;11650
2018-01-12;1320;1165;120426;122023;120401;122183;32579;13407
2018-01-14;114;114;121968;121914;121907;122115;1999;864
2018-01-15;1425;1070;121923;122666;121875;122966;31248;12863
2018-01-16;1434;937;122664;122703;121951;122833;31309;12691
2018-01-17;1434;914;122698;121811;121646;123231;38315;15609
2018-01-18;1435;1056;121811;122350;121734;122648;30894;13265
2018-01-19;1320;559;122353;122180;122145;122954;30306;12583
2018-01-21;113;1;122638;122560;122339;122651;1994;950
2018-01-22;1434;556;122561;122560;122138;122670;25861;10473
2018-01-23;1427;892;122574;123095;122229;123152;27953;11769
2018-01-24;1435;1244;123097;123915;122906;124149;34512;14360
2018-01-25;1431;793;123941;123919;123639;125377;55404;22222
2018-01-26;1320;1004;123924;124300;123863;124934;39111;15330
2018-01-28;113;113;124230;124297;124130;124312;1771;821
2018-01-29;1435;662;124292;123803;123366;124322;32594;13263
2018-01-30;1435;685;123825;124088;123346;124540;34366;13903
2018-01-31;1427;514;124074;124170;123869;124748;38767;15160
2018-02-01;1430;723;124174;125097;123850;125228;34837;13785
2018-02-02;1320;818;125109;124569;124091;125182;34225;13504
2018-02-04;115;0;124339;124463;124243;124549;2638;924
2018-02-05;1434;946;124462;123663;123622;124749;36871;14065
2018-02-06;1435;755;123662;123803;123137;124346;41934;15963
2018-02-07;1432;867;123804;122692;122455;124061;32380;13056
2018-02-08;1431;377;122687;122603;122121;122950;39448;15526
2018-02-09;1320;623;122606;122519;122054;122872;33291;12737
2018-02-11;111;111;122435;122523;122428;122527;1054;492
2018-02-12;1429;748;122524;123014;122350;123073;26688;11804
2018-02-13;1433;712;123006;123537;122844;123710;27639;11419
2018-02-14;1433;1229;123529;124679;122756;124695;36416;15168
2018-02-15;1430;878;124667;125034;124479;125102;33475;14375
2018-02-16;1310;937;125047;124108;123927;125558;31418;12597
2018-02-18;108;59;124036;124118;124023;124206;1214;536
2018-02-19;1426;1159;124118;123993;123689;124350;23224;9801
2018-02-20;1428;953;123990;123351;123197;124105;28885;12049
2018-02-21;1433;195;123353;122813;122725;123600;30984;12418
2018-02-22;1434;820;122801;123254;122595;123521;29528;12017
2018-02-23;1320;516;123256;122955;122798;123315;24460;10275
2018-02-25;109;109;122924;122871;122809;122948;1276;643
2018-02-26;1434;400;122875;123153;122776;123549;26422;10920
2018-02-27;1433;1203;123156;122274;122212;123464;29504;12034
2018-02-28;1430;1009;122245;121917;121878;122416;27332;11632
2018-03-01;1428;523;121912;122705;121546;122747;31569;12865
2018-03-02;1320;611;122711;123198;122515;123359;26852;10799
2018-03-04;115;75;123332;123170;122994;123641;4264;1692
2018-03-05;1431;1143;123172;123364;122687;123487;28702;12098
2018-03-06;1432;491;123368;124157;123280;124287;29109;11695
2018-03-07;1432;173;124165;124124;123847;124457;26555;10411
2018-03-08;1435;393;124122;123065;122981;124459;32071;12831
2018-03-09;1319;216;123072;123051;122731;123341;25786;9657
2018-03-11;111;72;123110;123082;123060;123134;979;502
2018-03-12;1423;572;123081;123388;122904;123456;19907;8095
2018-03-13;1429;855;123388;123926;123144;124074;24027;9942
2018-03-14;1425;1056;123925;123747;123470;124126;23223;9662
2018-03-15;1424;1067;123747;123062;123001;123836;22640;9193
2018-03-16;1258;412;123055;122901;122601;123361;20968;8648
2018-03-18;110;0;122875;122804;122798;122920;875;409
2018-03-19;1426;1106;122803;123365;122579;123587;24024;9166
2018-03-20;1419;1110;123361;122484;122394;123546;22922;9353
2018-03-21;1426;624;122477;123467;122466;123499;28104;11384
2018-03-22;1423;615;123459;123244;122850;123885;29629;12423
2018-03-23;1260;1082;123245;123536;123167;123733;24124;9767
2018-03-25;155;155;123512;123541;123487;123674;1266;623
2018-03-26;1434;864;123537;124571;123517;124616;23268;9336
2018-03-27;1433;746;124558;124085;123721;124766;24376;9623
2018-03-28;1432;987;124075;123114;123000;124217;24557;10233
2018-03-29;1433;332;123120;123021;122839;123356;24612;9953
2018-03-30;1165;328;123015;123224;122898;123307;12399;5097
2018-04-01;143;0;123191;123128;123126;123243;1252;665
2018-04-02;1412;487;123124;122929;122815;123449;15803;6325
2018-04-03;1428;519;122928;122780;122536;123364;21959;9178
2018-04-04;1431;774;122786;122870;122569;123148;21411;9082
2018-04-05;1430;725;122870;122490;122183;122902;21781;9608
2018-04-06;1260;584;122496;122814;122150;122909;23399;9424
2018-04-08;171;152;122814;122710;122655;122827;1626;706
2018-04-09;1432;1236;122713;123208;122601;123307;22414;8999
2018-04-10;1430;723;123214;123627;123028;123777;24400;9977
2018-04-11;1429;796;123634;123716;123469;123962;22711;8944
2018-04-12;1434;893;123723;123294;122993;123800;22832;9203
2018-04-13;1256;732;123298;123296;123070;123459;18761;7526
2018-04-15;159;159;123261;123317;123251;123373;1589;758
2018-04-16;1417;608;123320;123838;123239;123946;18501;7576
2018-04-17;1425;381;123840;123727;123359;124135;19937;8257
2018-04-18;1428;429;123724;123786;123412;123972;21830;9062
2018-04-19;1423;969;123784;123442;123290;124002;22634;9138
2018-04-20;1259;1138;123432;122880;122493;123533;21438;8810
2018-04-22;160;160;122746;122739;122704;122889;1621;731
2018-04-23;1431;821;122737;122088;121975;122895;21541;9265
2018-04-24;1420;582;122103;122376;121817;122449;23409;9937
2018-04-25;1430;659;122360;121710;121599;122370;21764;8978
2018-04-26;1422;422;121703;121082;120961;122097;27797;11417
2018-04-27;1259;654;121075;121315;120552;121328;22973;9542
2018-04-29;165;165;121201;121223;121163;121291;1073;528
2018-04-30;1430;1137;121220;120810;120641;121386;25059;10124
2018-05-01;1432;869;120802;119908;119808;120828;21167;9106
2018-05-02;1427;728;119913;119504;119376;120315;30850;13109
2018-05-03;1428;645;119508;119886;119474;120086;29385;11552
2018-05-04;1259;608;119887;119619;119104;119952;24691;10698
2018-05-06;164;147;119590;119548;119544;119648;1431;612
2018-05-07;1418;1212;119544;119327;118973;119778;22508;9259
2018-05-08;1426;725;119329;118669;118379;119386;27910;11586
2018-05-09;1429;733;118661;118464;118225;118968;25482;10463
2018-05-10;1433;906;118470;119138;118436;119463;29783;12026
2018-05-11;1259;620;119138;119411;118909;119677;21927;8993
2018-05-13;162;90;119391;119517;119385;119554;1543;722
2018-05-14;1424;933;119515;119309;119231;119959;21478;8762
2018-05-15;1433;1143;119309;118194;118165;119381;27146;11007
2018-05-16;1432;393;118216;118145;117629;118541;29336;11745
2018-05-17;1426;506;118136;117907;117762;118373;26907;10949
2018-05-18;1258;997;117904;117707;117496;118219;21727;8791
2018-05-20;158;102;117709;117653;117601;117744;1409;614
2018-05-21;1425;668;117640;117897;117164;117971;22548;9539
2018-05-22;1425;1057;117891;117878;117564;118296;25017;10303
2018-05-23;1434;724;117880;117090;116753;117889;32957;13302
2018-05-24;1432;749;117079;117219;116906;117503;27965;10970
2018-05-25;1259;597;117224;116486;116453;117335;26373;10180
2018-05-27;169;7;116809;116880;116758;116919;2510;1059
2018-05-28;1402;1161;116877;116261;116071;117281;22242;8508
2018-05-29;1432;845;116267;115367;115098;116395;35555;14442
2018-05-30;1431;1114;115373;116646;115184;116761;35672;14397
2018-05-31;1435;727;116647;116924;116409;117243;35088;14415
2018-06-01;1258;616;116922;116593;116165;117180;29689;12227
2018-06-03;154;154;116582;116677;116566;116684;1271;463
2018-06-04;1431;708;116676;116995;116669;117445;23750;9837
2018-06-05;1428;741;117010;117259;116523;117321;26266;10801
2018-06-06;1431;1283;117263;117815;117138;117956;25810;10458
2018-06-07;1417;1000;117821;117928;117808;118399;24945;10059
2018-06-08;1260;943;117926;117689;117270;118102;23865;9757
2018-06-10;160;0;117734;117849;117710;117858;1061;467
2018-06-11;1420;432;117837;117726;117714;118205;22193;9367
2018-06-12;1427;791;117718;117476;117329;118090;26531;11174
2018-06-13;1431;791;117472;118033;117251;118047;26090;10691
2018-06-14;1422;700;118031;115641;115606;118519;32918;14146
2018-06-15;1259;263;115621;116072;115430;116269;28920;11861
2018-06-17;163;0;115883;115931;115854;116020;1253;570
2018-06-18;1425;235;115931;116300;115651;116408;23187;9203
2018-06-19;1423;912;116296;115878;115304;116445;30392;11998
2018-06-20;1426;782;115885;115778;115326;115999;26575;10259
2018-06-21;1425;1157;115772;116046;115079;116333;30883;12342
2018-06-22;1258;595;116055;116580;116007;116748;26175;10529
2018-06-24;165;0;116651;116605;116559;116726;1594;700
2018-06-25;1423;656;116602;117005;116284;117129;26199;11105
2018-06-26;1428;954;117010;116493;116347;117204;26674;10637
2018-06-27;1434;947;116483;115629;115405;116720;28909;11482
2018-06-28;1430;573;115620;115628;115271;116006;29879;11934
2018-06-29;1259;623;115638;116836;115631;116904;32904;13336
2018-07-01;172;172;116828;116778;116615;116865;2913;1266
2018-07-02;1428;1081;116777;116415;115912;116788;24838;10410
2018-07-03;1423;603;116406;116592;116204;116729;23206;9694
2018-07-04;1389;860;116588;116608;116305;116817;20488;8374
2018-07-05;1425;969;116599;116918;116499;117202;24162;9741
2018-07-06;1258;835;116931;117438;116799;117678;22323;8869
2018-07-08;173;0;117456;117514;117427;117540;1920;900
2018-07-09;1417;825;117514;117559;117325;117906;21505;8763
2018-07-10;1430;823;117564;117275;116902;117625;22149;9269
2018-07-11;1430;473;117292;116746;116652;117582;26502;10826
2018-07-12;1427;1010;116746;116639;116496;116955;22914;9715
2018-07-13;1259;1065;116636;116858;116128;116873;21592;8954
2018-07-15;165;165;116822;116784;116770;116916;1210;610
2018-07-16;1418;425;116784;117091;116755;117253;19326;8097
2018-07-17;1431;1054;117095;116527;116483;117446;21802;8888
2018-07-18;1423;875;116545;116451;116019;116647;21638;9244
2018-07-19;1435;978;116451;116551;115747;116784;28929;11958
2018-07-20;1259;579;116541;117209;116260;117387;27302;10818
2018-07-22;170;77;117274;117410;117230;117453;1624;722
2018-07-23;1432;788;117407;116934;116835;117514;21423;8923
2018-07-24;1424;446;116934;116844;116543;117167;22362;9564
2018-07-25;1429;629;116850;117379;116638;117387;24777;10385
2018-07-26;1423;831;117373;116431;116377;117435;22974;9564
2018-07-27;1257;778;116439;116570;116201;116642;19094;7747
2018-07-29;151;151;116538;116592;116530;116604;817;388
2018-07-30;1413;804;116593;117073;116480;117186;16547;6798
2018-07-31;1428;841;117076;116891;116837;117459;21582;9541
2018-08-01;1418;1279;116888;116635;116571;116996;18988;7691
2018-08-02;1423;1112;116631;115849;115816;116675;19122;7822
2018-08-03;1254;473;115851;115674;115600;116105;19274;8239
2018-08-05;158;0;115685;115616;115602;115711;947;515
2018-08-06;1421;812;115607;115579;115300;115703;16173;7032
2018-08-07;1413;473;115573;116027;115515;116081;15815;6864
2018-08-08;1412;765;116029;116097;115731;116281;17180;7662
2018-08-09;1424;1364;116097;115236;115162;116192;18894;8439
2018-08-10;1256;757;115247;114104;113880;115363;33668;14357
2018-08-12;172;34;113782;113938;113722;114115;3079;1454
2018-08-13;1422;591;113953;114002;113649;114328;29591;12285
2018-08-14;1420;612;113991;113458;113301;114293;24487;10501
2018-08-15;1429;766;113462;113415;113009;113548;25517;11187
2018-08-16;1421;619;113424;113713;113357;114090;26944;11131
2018-08-17;1256;990;113719;114386;113663;114448;21898;9319
2018-08-19;149;0;114383;114374;114352;114404;825;425
2018-08-20;1430;945;114376;114914;113943;114931;19119;8304
2018-08-21;1434;556;114902;115758;114856;116011;26319;11450
2018-08-22;1420;708;115757;115852;115531;116228;23307;9661
2018-08-23;1423;496;115859;115411;115297;115907;23789;10484
2018-08-24;1257;849;115418;116215;115380;116396;22950;9815
2018-08-26;155;4;116189;116463;116180;116537;1240;660
2018-08-27;1427;981;116443;116836;115943;116936;21878;9069
2018-08-28;1418;708;116833;116923;116624;117334;22584;9626
2018-08-29;1423;628;116927;117094;116516;117105;23968;9685
2018-08-30;1431;664;117090;116649;116415;117181;24943;10343
2018-08-31;1258;649;116654;116020;115844;116900;25620;10002
2018-09-02;159;0;115964;115983;115925;116040;1204;705
2018-09-03;1373;923;115978;116142;115891;116277;16196;7148
2018-09-04;1413;531;116129;115865;115301;116140;22797;9234
2018-09-05;1421;580;115870;116343;115425;116400;24550;10493
2018-09-06;1429;467;116347;116199;116053;116590;24241;9930
2018-09-07;1254;516;116202;115531;115505;116493;25145;9921
2018-09-09;161;0;115498;115601;115479;115607;1068;549
2018-09-10;1382;490;115595;115937;115259;116161;18272;7664
2018-09-11;1404;749;115927;115957;115653;116440;20378;9274
2018-09-12;1397;872;115954;116254;115699;116495;22305;9354
2018-09-13;1414;463;116258;116911;116089;117012;21951;9589
2018-09-14;1254;680;116906;116223;116205;117215;19839;8347
2018-09-16;157;157;116227;116246;116207;116327;1011;557
2018-09-17;1417;813;116231;116685;116178;116981;18298;7644
2018-09-18;1408;470;116685;116780;116519;117243;24011;10475
2018-09-19;1424;890;116780;116740;116499;117146;22882;9438
2018-09-20;1414;811;116734;117754;116718;117844;22652;9468
2018-09-21;1252;469;117758;117495;117327;118026;20830;8559
2018-09-23;165;25;117429;117488;117379;117514;1537;773
2018-09-24;1409;606;117482;117524;117239;118150;20257;8564
2018-09-25;1418;465;117527;117627;117307;117924;21576;9270
2018-09-26;1422;601;117625;117469;117258;117976;24121;9834
2018-09-27;1424;1365;117468;116362;116330;117570;26825;10998
2018-09-28;1257;958;116361;116040;115695;116511;21493;8845
2018-09-30;160;129;116160;116052;116028;116173;1058;562
2018-10-01;1417;883;116051;115769;115634;116247;19897;8594
2018-10-02;1412;737;115766;115506;115051;115801;22388;9574
2018-10-03;1430;1245;115497;114760;114641;115936;29031;11991
2018-10-04;1410;717;114766;115174;114632;115427;23853;9630
2018-10-05;1255;536;115170;115206;114839;115497;23362;9306
2018-10-07;164;164;115207;115233;115197;115271;1033;444
2018-10-08;1427;904;115244;114940;114598;115296;20297;8236
2018-10-09;1422;1170;114938;115047;114321;115087;23651;9321
2018-10-10;1426;856;115040;115334;114798;115452;23094;9402
2018-10-11;1429;686;115320;115901;115309;115990;28542;11139
2018-10-12;1259;686;115900;115594;115342;116104;21326;8502
2018-10-14;165;165;115422;115504;115371;115536;1441;684
2018-10-15;1419;526;115502;115827;115430;116061;18599;7861
2018-10-16;1423;728;115827;115761;115658;116211;19662;8170
2018-10-17;1429;1043;115762;115006;114952;115805;21466;9078
2018-10-18;1425;412;115005;114542;114489;115271;22614;9297
2018-10-19;1253;523;114543;115144;114329;115343;21943;9291
2018-10-21;152;0;115120;115098;115078;115178;1085;592
2018-10-22;1407;544;115108;114644;114556;115500;20240;8542
2018-10-23;1423;643;114645;114714;114391;114935;22286;9451
2018-10-24;1428;604;114719;113988;113787;114765;23123;9993
2018-10-25;1421;172;113987;113751;113561;114325;22923;9404
2018-10-26;1260;459;113747;114030;113356;114208;22121;9147
2018-10-28;111;111;114012;113982;113970;114039;787;336
2018-10-29;1416;801;113981;113756;113605;114163;21650;9363
2018-10-30;1423;882;113749;113454;113404;113876;19113;8073
2018-10-31;1427;649;113452;113153;113020;113599;21859;9535
2018-11-01;1424;1109;113138;114027;113126;114240;22977;9649
2018-11-02;1258;688;114025;113873;113720;114558;23269;9814
2018-11-04;114;0;113892;113973;113868;113993;1277;489
2018-11-05;1431;597;113971;114087;113532;114238;19201;8066
2018-11-06;1424;1072;114082;114397;113913;114417;19119;8011
2018-11-07;1434;1082;114408;114327;113945;114997;32116;13811
2018-11-08;1432;1068;114328;113678;113515;114465;23492;9956
2018-11-09;1319;1153;113680;113349;113162;113687;21837;9013
2018-11-11;113;113;113255;113238;113135;113280;1557;659
2018-11-12;1433;828;113234;112235;112154;113305;22775;9737
2018-11-13;1433;893;112240;113109;112217;113204;27082;11577
2018-11-14;1431;466;113115;113119;112630;113474;29468;12110
2018-11-15;1428;962;113126;113243;112703;113622;31490;13031
2018-11-16;1318;918;113246;114177;113215;114203;23562;9745
2018-11-18;106;31;114135;114140;114059;114210;1051;551
2018-11-19;1423;961;114111;114541;113938;114643;20507;8666
2018-11-20;1422;894;114546;113718;113586;114722;22346;9480
2018-11-21;1427;519;113721;113880;113654;114247;22597;9789
2018-11-22;1389;725;113885;114026;113852;114339;18391;7969
2018-11-23;1295;858;114020;113353;113275;114212;18766;7933
2018-11-25;104;7;113378;113372;113305;113399;1000;398
2018-11-26;1429;1067;113380;113329;113249;113836;19382;8295
2018-11-27;1421;800;113333;112976;112774;113436;21629;9325
2018-11-28;1420;596;112964;113672;112671;113876;24964;10698
2018-11-29;1423;632;113665;113924;113486;114016;22870;9987
2018-11-30;1315;1224;113920;113189;113054;114005;19698;7959
2018-12-02;113;72;113443;113421;113279;113472;1313;736
2018-12-03;1427;865;113417;113539;113192;113796;20943;9494
2018-12-04;1426;599;113538;113422;113183;114186;24004;10032
2018-12-05;1428;346;113427;113483;113106;113612;19895;8790
2018-12-06;1431;763;113475;113748;113209;114124;27297;10869
2018-12-07;1318;1011;113761;113908;113603;114235;23380;10041
2018-12-09;115;5;113945;113991;113913;114066;1466;570
2018-12-10;1427;840;114012;113557;113503;114426;24880;10175
2018-12-11;1431;808;113551;113220;113062;114002;22043;9421
2018-12-12;1434;887;113219;113726;113149;113871;23817;9991
2018-12-13;1429;866;113725;113628;113311;113933;22266;9357
2018-12-14;1317;1121;113629;113050;112695;113649;19686;7951
2018-12-16;114;114;113034;113048;112972;113083;928;372
2018-12-17;1428;1404;113053;113493;113024;113576;17163;7096
2018-12-18;1433;1021;113495;113754;113365;114021;20335;8407
2018-12-19;1424;960;113752;113862;113640;114392;25791;10614
2018-12-20;1429;1155;113866;114563;113772;114859;26111;11079
2018-12-21;1319;803;114568;113695;113559;114740;23419;10133
2018-12-23;106;106;113689;113725;113605;113738;777;410
2018-12-24;1137;598;113716;114181;113704;114384;16631;7015
2018-12-26;1187;737;114140;113603;113427;114146;15022;7119
2018-12-27;1433;903;113599;114303;113579;114541;26981;11620
2018-12-28;1320;225;114304;114415;114299;114726;23373;9959
2018-12-30;84;84;114354;114391;114351;114405;419;227
2018-12-31;1138;752;114388;114459;114214;114660;18031;7527
2019-01-02;1194;732;114452;113144;113034;114966;30551;11668
2019-01-03;1431;546;113141;113901;113097;114109;31133;12800
2019-01-04;1319;965;113905;113967;113456;114190;24913;9904
2019-01-06;113;113;113962;114101;113952;114128;1099;465
2019-01-07;1430;1029;114101;114789;114046;114825;20135;8356
2019-01-08;1430;880;114787;114562;114220;114845;22127;9961
2019-01-09;1434;690;114567;115542;114386;115578;26361;10883
2019-01-10;1424;824;115540;115075;114844;115697;24566;10605
2019-01-11;1316;920;115118;114685;114579;115402;21938;9335
2019-01-13;108;0;114595;114597;114585;114684;975;386
2019-01-14;1426;627;114612;114726;114505;114820;20144;8162
2019-01-15;1423;940;114724;114142;113818;114896;25274;10204
2019-01-16;1433;1070;114137;113987;113777;114248;20819;8516
2019-01-17;1425;651;113986;113919;113700;114059;19440;7799
2019-01-18;1317;853;113918;113639;113531;114101;16772;6605
2019-01-20;112;0;113609;113651;113605;113681;617;270
2019-01-21;1412;497;113652;113687;113567;113910;13143;5531
2019-01-22;1431;21;113687;113630;113359;113739;15872;6549
2019-01-23;1427;494;113631;113857;113507;113943;16077;6668
2019-01-24;1432;1114;113865;113126;112892;113913;26104;10911
2019-01-25;1318;1170;113104;114071;113048;114175;21188;8549
2019-01-27;112;48;114022;114126;114013;114133;724;304
2019-01-28;1430;509;114125;114294;113900;114436;17206;7069
2019-01-29;1429;357;114296;114347;114111;114501;18996;7677
2019-01-30;1433;340;114346;114852;114060;115014;21629;8854
2019-01-31;1423;819;114849;114478;114356;115141;20213;8285
2019-02-01;1319;582;114480;114556;114342;114884;17448;6812
2019-02-03;104;104;114533;114546;114516;114581;786;363
2019-02-04;1424;1424;114556;114350;114242;114603;14707;6150
2019-02-05;1424;1408;114350;114090;114011;114404;14889;6008
2019-02-06;1429;1429;114082;113656;113607;114090;14863;6038
2019-02-07;1420;1220;113657;113382;113240;113675;15502;6517
2019-02-08;1307;1211;113391;113219;113210;113507;12805;5300
2019-02-10;111;111;113191;113238;113145;113248;1008;473
2019-02-11;1425;1119;113237;112785;112671;113299;13592;6192
2019-02-12;1417;757;112783;113339;112576;113395;15235;6952
2019-02-13;1424;959;113327;112646;112492;113413;16909;7621
2019-02-14;1430;550;112639;112949;112497;113097;19513;8636
2019-02-15;1309;804;112940;112921;112340;113060;16733;7259
2019-02-17;105;103;112926;112947;112889;112959;527;285
2019-02-18;1400;154;112945;113114;112936;113338;12469;5649
2019-02-19;1424;416;113112;113398;112754;113574;17933;7990
2019-02-20;1423;203;113404;113460;113248;113710;18706;8328
2019-02-21;1429;564;113460;113398;113197;113663;19449;8298
2019-02-22;1315;677;113392;113326;113159;113553;14644;6396
2019-02-24;111;111;113282;113418;113277;113421;987;446
2019-02-25;1426;1224;113407;113647;113366;113674;15130;6498
2019-02-26;1415;888;113631;113928;113451;114026;17664;7429
2019-02-27;1424;188;113936;113794;113622;114035;16783;7202
2019-02-28;1419;210;113782;113730;113592;114195;19053;7830
2019-03-01;1311;369;113723;113650;113532;114084;16636;6913
2019-03-03;109;109;113772;113749;113721;113811;693;339
2019-03-04;1428;1332;113745;113365;113089;113748;14283;6040
2019-03-05;1420;1181;113369;113057;112895;113384;15846;6908
2019-03-06;1427;720;113052;113130;112855;113246;14251;6088
2019-03-07;1423;1234;113123;111979;111760;113202;19549;8240
2019-03-08;1320;1249;111974;112332;111851;112460;17031;6860
2019-03-10;110;110;112338;112318;112306;112374;495;264
2019-03-11;1428;1076;112309;112590;112217;112699;15416;6865
2019-03-12;1413;1217;112581;112863;112491;113048;17082;7600
2019-03-13;1417;1120;112864;113303;112772;113384;15541;6931
2019-03-14;1424;843;113313;113066;112941;113361;15611;6685
2019-03-15;1248;967;113069;113252;112999;113443;13453;5939
2019-03-17;108;108;113253;113193;113190;113277;472;272
2019-03-18;1422;1060;113194;113359;113192;113589;12503;5409
2019-03-19;1414;1243;113354;113538;113336;113615;12423;5452
2019-03-20;1422;1317;113538;114279;113354;114481;18612;8455
2019-03-21;1420;1089;114289;113740;113424;114374;19117;8131
2019-03-22;1256;513;113732;113010;112731;113906;20448;8948
2019-03-24;114;0;112977;112956;112937;112987;547;315
2019-03-25;1419;832;112951;113151;112887;113315;16722;7314
2019-03-26;1427;1379;113142;112736;112631;113258;16327;6750
2019-03-27;1430;967;112739;112515;112421;112855;19539;8372
2019-03-28;1427;727;112509;112298;112135;112611;19482;8703
2019-03-29;1258;156;112293;112175;112097;112464;17823;7712
2019-03-31;153;0;112264;112231;112196;112313;891;493
2019-04-01;1424;521;112230;112050;111981;112497;15953;6792
2019-04-02;1406;1111;112052;112032;111836;112160;14892;6790
2019-04-03;1422;441;112027;112446;112019;112546;14875;6531
2019-04-04;1403;726;112447;112224;112059;112475;12595;5467
2019-04-05;1243;967;112224;112156;112100;112482;12023;5038
2019-04-07;130;130;112121;112179;112086;112216;929;440
2019-04-08;1421;757;112183;112556;112148;112744;11681;5371
2019-04-09;1409;67;112556;112656;112554;112842;12239;5606
2019-04-10;1417;231;112650;112758;112294;112879;14859;6600
2019-04-11;1408;652;112756;112601;112498;112873;12836;5841
2019-04-12;1253;508;112593;112989;112572;113237;13152;5978
2019-04-14;141;36;113026;113029;112992;113071;729;375
2019-04-15;1404;948;113030;113043;112975;113208;11453;5229
2019-04-16;1413;336;113039;112846;112786;113138;15225;6953
2019-04-17;1408;1115;112846;112964;112813;113237;13653;6022
2019-04-18;1392;863;112968;112350;112261;113040;14796;6114
2019-04-19;1107;825;112350;112459;112322;112481;5449;2301
2019-04-21;137;96;112418;112441;112373;112457;649;407
2019-04-22;1359;1102;112440;112584;112357;112619;6670;3246
2019-04-23;1408;1318;112583;112237;111922;112612;12795;6038
2019-04-24;1425;1036;112239;111533;111405;112241;17923;8026
2019-04-25;1415;146;111533;111358;111177;111624;16383;7161
2019-04-26;1249;459;111357;111431;111107;111739;15776;6750
2019-04-28;153;153;111459;111493;111456;111515;591;334
2019-04-29;1391;1381;111488;111849;111450;111868;12068;5693
2019-04-30;1393;919;111841;112154;111756;112290;15749;6787
2019-05-01;1371;302;112155;112012;111871;112647;14846;6465
2019-05-02;1405;755;112015;111729;111708;112189;14546;6158
2019-05-03;1245;276;111724;112022;111347;112047;14623;6272
2019-05-05;173;70;111745;111849;111720;112002;2147;1098
2019-05-06;1414;162;111857;112010;111790;112091;14360;6203
2019-05-07;1421;627;112008;111897;111665;112178;16180;6913
2019-05-08;1424;364;111890;111978;111827;112136;17020;6952
2019-05-09;1433;635;111972;112183;111733;112508;18574;7855
2019-05-10;1258;76;112183;112333;112177;112534;15075;6216
2019-05-12;152;0;112330;112358;112298;112409;1076;604
2019-05-13;1411;653;112355;112321;112202;112633;14158;6022
2019-05-14;1414;1375;112320;112035;112011;112439;13309;5979
2019-05-15;1403;824;112033;112069;111778;112244;14879;6544
2019-05-16;1410;1406;112069;111729;111661;112238;12633;5410
2019-05-17;1256;741;111737;111573;111551;111842;12690;5262
2019-05-19;164;0;111605;111645;111596;111665;923;536
2019-05-20;1403;262;111648;111675;111505;111747;10822;4619
2019-05-21;1407;367;111673;111643;111419;111877;12442;5394
2019-05-22;1409;752;111640;111551;111485;111803;11415;5013
2019-05-23;1402;152;111548;111841;111070;111874;15665;6881
2019-05-24;1244;494;111835;112056;111772;112121;11827;5211
2019-05-26;148;148;112098;112079;112068;112114;524;347
2019-05-27;1301;1301;112063;111933;111868;112150;6944;3384
2019-05-28;1409;1150;111931;111679;111593;111983;13120;5954
2019-05-29;1411;518;111673;111367;111243;111721;13518;5686
2019-05-30;1412;920;111362;111300;111159;111433;11759;5228
2019-05-31;1251;1159;111295;111686;111250;111796;16311;7035
2019-06-02;171;171;111650;111735;111611;111740;1114;537
2019-06-03;1423;1125;111732;112457;111601;112619;16674;7109
2019-06-04;1408;639;112453;112536;112265;112772;18772;8325
2019-06-05;1418;249;112541;112286;112196;113066;19734;8663
2019-06-06;1411;123;112275;112757;112004;113089;20596;9236
2019-06-07;1250;979;112752;113329;112512;113476;16650;7079
2019-06-09;157;58;113237;113191;113141;113305;971;572
2019-06-10;1399;25;113187;113180;112900;113244;13147;5929
2019-06-11;1391;449;113180;113294;113010;113374;15198;6638
2019-06-12;1410;1367;113290;112929;112824;113434;15163;6421
2019-06-13;1416;1416;112922;112796;112682;113036;13397;5792
2019-06-14;1250;878;112792;112106;112023;112890;14829;6272
2019-06-16;151;0;112103;112159;112092;112172;658;392
2019-06-17;1398;272;112156;112240;112037;112470;11891;5406
2019-06-18;1402;1200;112241;111978;111812;112427;17637;7371
2019-06-19;1407;1376;111972;112357;111871;112541;16898;6793
2019-06-20;1425;1027;112355;112947;112351;113172;20555;8912
2019-06-21;1252;1012;112934;113694;112830;113777;18358;7834
2019-06-23;163;0;113699;113843;113669;113851;1336;742
2019-06-24;1421;555;113837;113993;113725;114039;14828;6504
2019-06-25;1426;1052;113994;113679;113440;114119;20021;8749
2019-06-26;1416;260;113678;113738;113474;113912;17354;7404
2019-06-27;1407;89;113739;113711;113477;113814;15421;6732
2019-06-28;1253;864;113712;113698;113505;113932;14958;6230
2019-06-30;165;165;113600;113603;113597;113710;1262;571
2019-07-01;1419;620;113601;112867;112801;113639;17488;7560
2019-07-02;1423;514;112865;112905;112751;113217;15584;6746
2019-07-03;1403;717;112899;112871;112685;113124;13989;6028
2019-07-04;1349;1349;112871;112852;112731;112950;7907;3775
2019-07-05;1229;793;112855;112260;112074;112860;12649;5483
2019-07-07;154;0;112226;112266;112208;112291;604;322
2019-07-08;1404;184;112269;112153;112069;112344;11170;5020
2019-07-09;1384;1183;112145;112044;111932;112186;10990;5105
2019-07-10;1410;733;112038;112583;112017;112642;15093;6595
2019-07-11;1417;619;112585;112496;112451;112857;15391;6529
2019-07-12;1252;642;112503;112705;112382;112748;12512;5412
2019-07-14;147;146;112664;112712;112630;112743;1003;540
2019-07-15;1401;1401;112711;112603;112531;112837;11057;5102
2019-07-16;1406;1099;112602;112117;112019;112633;13245;5973
2019-07-17;1410;1083;112115;112273;111996;112335;11353;5092
2019-07-18;1413;735;112274;112609;112051;112819;17552;7713
2019-07-19;1258;1257;112605;112210;112033;112683;14571;6399
2019-07-21;162;162;112143;112175;112139;112196;809;416
2019-07-22;1405;1405;112174;112047;112036;112252;11233;4969
2019-07-23;1392;1192;112043;111508;111457;112080;11910;5531
2019-07-24;1417;56;111507;111419;111268;111557;12270;5452
2019-07-25;1388;577;111419;111449;111012;111876;17486;7508
2019-07-26;1248;427;111446;111279;111119;111509;11997;5613
2019-07-28;155;0;111238;111295;111228;111324;466;281
2019-07-29;1402;333;111298;111423;111128;111509;10422;4923
2019-07-30;1421;1023;111418;111570;111319;111608;13024;5876
2019-07-31;1400;1215;111569;110713;110601;111619;19966;8344
2019-08-01;1431;1106;110716;110790;110267;110959;21951;9092
2019-08-02;1260;1047;110809;111061;110698;111163;20051;7706
2019-08-04;167;167;111043;111077;111023;111132;962;508
2019-08-05;1435;1123;111072;112426;111063;112452;22359;9342
2019-08-06;1428;427;112416;112049;111674;112496;19864;8741
2019-08-07;1435;503;112054;112038;111789;112418;22867;9568
2019-08-08;1425;261;112041;111863;111769;112325;19803;8372
2019-08-09;1247;88;111862;112005;111833;112229;14268;6275
2019-08-11;156;0;111987;112075;111971;112079;799;486
2019-08-12;1417;786;112067;112162;111619;112305;14894;6411
2019-08-13;1415;856;112155;111764;111697;112285;19290;8349
2019-08-14;1429;1163;111764;111425;111306;111907;17265;7557
2019-08-15;1426;1312;111436;111103;110913;111583;19287;7805
2019-08-16;1253;243;111108;110912;110662;111112;14574;6108
2019-08-18;155;0;110927;110920;110895;111012;1019;571
2019-08-19;1400;228;110919;110820;110760;111136;11562;5423
2019-08-20;1406;96;110821;110971;110655;111067;12648;5572
2019-08-21;1383;215;110974;110902;110799;111070;11638;5366
2019-08-22;1400;99;110896;110834;110634;111130;15884;6950
2019-08-23;1257;770;110825;111414;110514;111531;18166;7589
2019-08-25;157;152;111475;111430;111384;111638;2676;1119
2019-08-26;1411;1408;111428;111011;110939;111527;18605;7213
2019-08-27;1409;1409;111008;110895;110855;111157;14138;5751
2019-08-28;1415;1415;110901;110854;110730;110977;14449;5677
2019-08-29;1402;1201;110851;110587;110418;110934;14464;5896
2019-08-30;1252;1165;110589;109901;109629;110598;16581;6710
2019-09-01;150;150;109874;109905;109820;109966;1262;661
2019-09-02;1361;533;109900;109641;109577;109930;11557;5325
2019-09-03;1419;1298;109639;109725;109254;109786;19057;8298
2019-09-04;1402;1323;109727;110345;109715;110382;16199;6934
2019-09-05;1401;543;110342;110339;110166;110845;16979;7013
2019-09-06;1249;86;110342;110270;110201;110571;15494;6178
2019-09-08;144;0;110250;110200;110193;110270;556;248
2019-09-09;1414;638;110200;110473;110153;110679;14275;6053
2019-09-10;1423;1366;110461;110498;110303;110592;14168;5943
2019-09-11;1426;1205;110486;110131;109850;110554;14058;5899
2019-09-12;1425;708;110133;110556;109264;110871;26091;10565
2019-09-13;1257;820;110565;110717;110559;111093;17400;7422
2019-09-15;169;169;110727;110827;110667;110862;1473;610
2019-09-16;1434;1228;110835;110029;109929;110844;16360;6734
2019-09-17;1424;1067;110030;110740;109901;110755;17513;7482
2019-09-18;1431;821;110737;110290;110134;110745;17791;7489
2019-09-19;1424;587;110289;110446;110226;110733;15941;6211
2019-09-20;1258;1177;110445;110189;109961;110674;14374;6290
2019-09-22;163;163;110128;110183;110113;110198;751;389
2019-09-23;1405;490;110188;109937;109660;110254;14594;6591
2019-09-24;1423;488;109936;110137;109838;110240;14717;6539
2019-09-25;1428;1049;110139;109515;109374;110168;14433;6228
2019-09-26;1423;576;109517;109223;109085;109674;15570;7002
2019-09-27;1256;410;109225;109413;109044;109584;14271;6238
2019-09-29;155;155;109404;109421;109396;109461;675;387
2019-09-30;1411;817;109416;108992;108852;109478;13554;6284
2019-10-01;1419;845;108986;109340;108791;109427;16130;7292
2019-10-02;1417;940;109344;109603;109040;109635;14113;6291
2019-10-03;1422;660;109601;109745;109409;109992;16821;7734
2019-10-04;1254;1;109746;109788;109570;109997;14643;6396
2019-10-06;162;0;109809;109833;109758;109838;770;404
2019-10-07;1407;189;109833;109715;109619;110005;12554;5796
2019-10-08;1423;609;109722;109596;109406;109959;15849;6830
2019-10-09;1423;1406;109596;109847;109548;109903;13666;6127
2019-10-10;1418;809;109848;110106;109797;110339;17117;7050
2019-10-11;1246;544;110109;110361;110009;110626;18686;7606
2019-10-13;163;0;110326;110280;110250;110382;1272;546
2019-10-14;1425;1;110276;110257;110125;110427;12021;5477
2019-10-15;1419;721;110254;110341;109912;110460;17454;7929
2019-10-16;1420;1344;110334;110740;110224;110854;17777;7638
2019-10-17;1415;1361;110739;111247;110649;111394;17753;8054
2019-10-18;1254;737;111251;111701;111146;111724;12892;5808
2019-10-20;174;13;111610;111557;111500;111633;1580;825
2019-10-21;1415;1021;111556;111517;111385;111794;12118;5473
2019-10-22;1416;577;111515;111288;111177;111567;14038;6345
2019-10-23;1415;41;111291;111319;111061;111401;11317;5272
2019-10-24;1400;117;111320;111033;110930;111624;14763;6529
2019-10-25;1246;427;111036;110803;110729;111229;9780;4485
2019-10-27;104;104;110795;110839;110791;110840;285;196
2019-10-28;1390;725;110838;110984;110761;111065;9698;4470
2019-10-29;1419;508;110976;111122;110734;111183;11561;5194
2019-10-30;1414;25;111120;111517;110800;111553;15731;7273
2019-10-31;1422;762;111526;111562;111313;111755;15414;6860
2019-11-01;1247;918;111557;111650;111281;111718;12887;5811
2019-11-03;112;112;111684;111661;111641;111688;394;207
2019-11-04;1414;1413;111660;111280;111216;111753;11909;5450
2019-11-05;1419;1087;111278;110739;110634;111400;14461;6465
2019-11-06;1420;856;110739;110701;110646;110927;11633;5296
2019-11-07;1420;966;110697;110524;110358;110916;14898;6453
2019-11-08;1308;632;110523;110201;110165;110553;10767;4758
2019-11-10;109;0;110195;110219;110192;110227;276;144
2019-11-11;1393;50;110220;110347;110162;110430;8549;4063
2019-11-12;1407;123;110344;110119;110025;110384;11320;5013
2019-11-13;1418;693;110117;110096;109952;110203;11974;5407
2019-11-14;1415;1329;110089;110197;109890;110274;11097;5188
2019-11-15;1297;930;110198;110524;110145;110568;9004;4178
2019-11-17;92;0;110504;110540;110488;110545;328;188
2019-11-18;1375;214;110538;110722;110534;110898;9202;4272
2019-11-19;1392;681;110721;110779;110625;110838;8786;4188
2019-11-20;1391;149;110777;110781;110529;110812;10826;5150
2019-11-21;1386;655;110781;110654;110521;110968;10119;4479
2019-11-22;1265;572;110655;110186;110144;110872;10826;4995
2019-11-24;108;0;110183;110224;110172;110225;380;195
2019-11-25;1421;2;110224;110105;110035;110321;10298;4515
2019-11-26;1406;0;110104;110221;110070;110254;9735;4479
2019-11-27;1416;254;110218;110047;109923;110220;10580;4829
2019-11-28;1388;0;110057;110112;110003;110178;7202;3405
2019-11-29;1286;606;110111;110184;109811;110282;9017;4325
2019-12-01;108;104;110228;110182;110169;110236;374;182
2019-12-02;1404;892;110177;110760;110028;110907;11848;5467
2019-12-03;1413;0;110757;110818;110659;110934;11194;5111
2019-12-04;1408;104;110814;110826;110665;111158;13256;6266
2019-12-05;1399;819;110819;111041;110793;111080;10746;4966
2019-12-06;1296;1187;111039;110606;110398;111095;10252;4775
2019-12-08;106;106;110572;110582;110558;110604;380;236
2019-12-09;1402;1334;110580;110643;110532;110778;8223;4005
2019-12-10;1417;1050;110639;110923;110628;110976;9982;4746
2019-12-11;1397;879;110927;111326;110702;111447;12423;5797
2019-12-12;1423;480;111326;111842;111030;111992;18893;8406
2019-12-13;1317;1174;111827;111193;111120;111859;18533;8020
2019-12-15;113;15;111273;111239;111226;111308;832;356
2019-12-16;1419;40;111244;111362;111230;111580;12183;5646
2019-12-17;1423;793;111364;111513;111292;111745;12577;5721
2019-12-18;1422;748;111508;111153;111101;111512;11196;5299
2019-12-19;1412;1196;111154;111233;111071;111441;12262;5617
2019-12-20;1307;937;111230;110757;110662;111235;10834;5079
2019-12-22;100;100;110796;110801;110762;110814;440;239
2019-12-23;1394;989;110798;110918;110698;110959;9717;4664
2019-12-24;1115;983;110923;110854;110691;110939;7705;3715
2019-12-26;1103;1103;110901;111007;110822;111089;4660;3004
2019-12-27;1310;1309;111010;111750;110987;111880;12132;5522
2019-12-29;113;113;111738;111813;111713;111838;1083;461
2019-12-30;1414;131;111810;112014;111805;112207;13074;6210
2019-12-31;1123;459;112013;112234;111986;112391;10325;4727
2020-01-02;1183;676;112131;111707;111634;112142;11833;5504
2020-01-03;1308;406;111703;111587;111249;111798;13703;6182
2020-01-05;109;0;111640;111606;111586;111677;784;398
2020-01-06;1411;845;111613;111953;111571;112055;11351;5414
2020-01-07;1414;991;111953;111538;111335;111970;13711;6411
2020-01-08;1423;563;111535;111129;111018;111681;16154;7080
2020-01-09;1408;208;111134;111090;110928;111203;11825;5602
2020-01-10;1288;817;111088;111188;110850;111290;11060;5122
2020-01-12;110;110;111191;111160;111126;111209;535;265
2020-01-13;1389;414;111163;111344;111124;111468;10506;5207
2020-01-14;1390;222;111344;111275;111042;111444;11567;5199
2020-01-15;1411;235;111275;111523;111185;111633;10890;5316
2020-01-16;1391;1135;111524;111369;111279;111726;11080;5327
2020-01-17;1289;897;111365;110903;110861;111425;10350;4756
2020-01-19;99;0;110912;110943;110890;110947;397;199
2020-01-20;1368;123;110945;110962;110766;111023;7835;3875
2020-01-21;1403;656;110964;110852;110809;111179;10948;5070
2020-01-22;1407;388;110851;110957;110701;110983;10524;4944
2020-01-23;1416;843;110956;110549;110363;111086;14186;6353
2020-01-24;1294;563;110550;110264;110196;110614;10802;4862
2020-01-26;114;0;110298;110249;110245;110341;1321;489
2020-01-27;1403;28;110250;110194;110095;110375;10466;4826
2020-01-28;1383;395;110192;110220;109979;110252;9592;4528
2020-01-29;1392;1012;110223;110136;109922;110276;10608;5157
2020-01-30;1396;1376;110137;110287;110068;110393;11296;5228
2020-01-31;1294;1093;110282;110948;110168;110956;12005;5540
2020-02-02;112;112;110918;110890;110820;110929;1029;436
2020-02-03;1406;1391;110886;110622;110357;110889;11708;5332
2020-02-04;1393;1393;110623;110447;110327;110640;10572;4916
2020-02-05;1376;1376;110438;110001;109936;110478;10453;4727
2020-02-06;1375;1375;109999;109808;109644;110138;10455;5103
2020-02-07;1310;1141;109806;109454;109419;109849;12156;5594
2020-02-09;109;109;109436;109490;109428;109505;490;232
2020-02-10;1412;1412;109487;109103;109077;109574;9776;4664
2020-02-11;1401;1342;109101;109189;108913;109249;11219;5168
2020-02-12;1411;1346;109188;108753;108649;109256;12199;5585
2020-02-13;1418;1145;108758;108414;108340;108888;12235;5668
2020-02-14;1303;676;108414;108307;108272;108612;10959;5287
2020-02-16;110;110;108407;108412;108343;108416;770;343
2020-02-17;1406;1406;108403;108366;108290;108509;8438;4103
2020-02-18;1409;837;108365;107949;107856;108373;13253;6164
2020-02-19;1408;635;107944;108098;107821;108116;12229;5738
2020-02-20;1426;1046;108095;107877;107776;108211;15133;6890
2020-02-21;1304;1068;107876;108488;107871;108635;14158;6562
2020-02-23;115;0;108257;108384;108224;108419;1518;543
2020-02-24;1428;776;108382;108487;108049;108721;18688;8465
2020-02-25;1430;472;108486;108795;108300;108902;18527;8267
2020-02-26;1428;1070;108793;108855;108549;109088;20570;9144
2020-02-27;1435;1322;108857;109963;108846;110065;24555;10476
2020-02-28;1320;1052;109958;110276;109508;110530;30254;13164
2020-03-01;115;77;110430;110520;110393;110739;2227;1014
2020-03-02;1435;1005;110516;111438;110362;111848;34887;14786
2020-03-03;1433;713;111438;111767;110952;112134;36188;15403
2020-03-04;1431;889;111766;111382;110954;111876;25075;10792
2020-03-05;1426;1062;111384;112226;111196;112448;25141;11098
2020-03-06;1319;829;112228;112878;112114;113546;38583;15412
2020-03-08;115;54;113449;113867;113398;113963;5049;2002
2020-03-09;1432;979;113862;114000;113560;114962;75941;29600
2020-03-10;1435;829;113985;113153;112749;114253;53405;21256
2020-03-11;1435;634;113148;112615;112504;113667;38804;15687
2020-03-12;1434;701;112608;111824;110553;113335;71951;28946
2020-03-13;1260;755;111805;111063;110549;112213;55065;21646
2020-03-15;115;48;111865;111543;111394;111938;7201;2588
2020-03-16;1431;859;111581;111622;110849;112368;63702;25369
2020-03-17;1435;851;111628;110165;109551;111891;50173;20245
2020-03-18;1426;949;110165;109502;108016;110450;62266;25163
2020-03-19;1434;772;109425;106553;106544;109493;82260;32506
2020-03-20;1260;764;106559;106972;106375;108309;69168;26141
2020-03-22;115;68;106950;106913;106360;107034;5090;2203
2020-03-23;1428;824;106908;107639;106582;108279;65840;26251
2020-03-24;1430;645;107633;107983;107460;108880;60568;25198
2020-03-25;1433;775;107976;108886;107603;108941;47724;18704
2020-03-26;1433;1041;108879;110474;108745;110588;50007;20283
2020-03-27;1260;821;110459;111368;109532;111472;48455;19217
2020-03-29;167;38;111171;111378;111051;111441;4177;2035
2020-03-30;1426;821;111351;110292;110099;111382;44652;18261
2020-03-31;1429;1022;110284;110265;109267;110428;47876;18683
2020-04-01;1433;771;110265;109522;109027;110362;39379;16041
2020-04-02;1422;866;109512;108463;108207;109645;38890;16595
2020-04-03;1259;631;108444;108089;107726;108553;32559;12989
2020-04-05;167;6;108092;108059;107988;108218;3596;1273
2020-04-06;1432;711;108065;107999;107683;108355;31192;12630
2020-04-07;1429;1215;108001;108940;107904;109259;31547;13039
2020-04-08;1426;511;108933;108606;108300;108969;29151;11935
2020-04-09;1426;403;108602;109240;108409;109517;31835;13050
2020-04-10;1250;150;109232;109329;109196;109523;14112;4701
2020-04-12;143;0;109417;109318;109304;109468;1453;589
2020-04-13;1427;674;109312;109203;108926;109678;21541;9225
2020-04-14;1431;725;109193;109839;109150;109907;26362;10868
2020-04-15;1417;1203;109826;109036;108563;109873;24812;10820
2020-04-16;1435;489;109030;108580;108166;109072;31507;13544
2020-04-17;1260;749;108589;108739;108120;108925;26814;11446
2020-04-19;164;0;108669;108648;108636;108773;1590;755
2020-04-20;1423;396;108646;108643;108411;108966;23322;9739
2020-04-21;1407;438;108635;108564;108165;108802;25701;11219
2020-04-22;1420;758;108565;108062;108032;108852;21975;9707
2020-04-23;1431;890;108066;107743;107559;108467;29438;12583
2020-04-24;1257;794;107750;108241;107269;108297;25339;11093
2020-04-26;158;158;108213;108207;108146;108235;1254;574
2020-04-27;1429;603;108208;108244;108114;108601;23514;9878
2020-04-28;1428;1111;108238;108327;108095;108883;23636;10153
2020-04-29;1422;645;108320;108771;108307;108853;23973;10307
2020-04-30;1428;557;108764;109449;108329;109728;32038;13473
2020-05-01;1259;897;109443;109814;109344;110186;21957;9185
2020-05-03;167;167;109714;109601;109531;109758;1997;889
2020-05-04;1424;963;109588;109033;108955;109609;22125;9221
2020-05-05;1427;1049;109036;108384;108258;109258;24839;11044
2020-05-06;1427;535;108392;107981;107819;108437;23740;10567
2020-05-07;1422;322;107990;108362;107665;108407;25111;10642
2020-05-08;1256;402;108361;108381;108151;108756;19006;8030
2020-05-10;170;25;108256;108384;108254;108395;1621;792
2020-05-11;1422;465;108372;108091;108002;108504;20796;8891
2020-05-12;1423;723;108089;108459;107844;108851;22100;9142
2020-05-13;1432;469;108455;108212;108116;108963;23184;9707
2020-05-14;1423;704;108214;108062;107746;108238;21562;9084
2020-05-15;1259;873;108057;108202;107889;108507;20668;8587
2020-05-17;168;97;108106;108187;108089;108232;1679;719
2020-05-18;1431;1088;108188;109143;107998;109271;21890;9641
2020-05-19;1426;1025;109139;109261;109022;109760;22411;9572
2020-05-20;1413;804;109266;109797;109262;109990;19881;8547
2020-05-21;1426;797;109785;109492;109371;110083;20896;9507
2020-05-22;1260;464;109505;109021;108853;109536;18108;7732
2020-05-24;152;0;108966;109077;108956;109082;952;473
2020-05-25;1404;1159;109080;109015;108705;109144;11953;5391
2020-05-26;1422;700;109010;109785;108968;109957;19388;8737
2020-05-27;1425;664;109787;110165;109338;110307;28640;12806
2020-05-28;1430;1059;110155;110783;109917;110935;25841;10724
2020-05-29;1260;914;110776;111050;110699;111450;27980;11828
2020-05-31;168;168;111163;111164;111027;111196;1746;739
2020-06-01;1420;856;111150;111255;111004;111539;23369;9873
2020-06-02;1425;1227;111256;111856;111151;111960;26011;10994
2020-06-03;1423;502;111848;112348;111797;112576;29013;12086
2020-06-04;1433;686;112350;113360;111947;113623;33066;14060
2020-06-05;1259;608;113360;112915;112784;113837;29410;12695
2020-06-07;165;132;112969;113175;112935;113197;2270;974
2020-06-08;1417;578;113146;113045;112681;113185;23957;10561
2020-06-09;1418;830;113032;113319;112409;113637;26629;10943
2020-06-10;1425;477;113330;113658;113224;114223;32262;13618
2020-06-11;1431;678;113677;112881;112869;114036;37864;15834
2020-06-12;1260;645;112891;112561;112125;113405;31501;12772
2020-06-14;170;120;112360;112522;112264;112582;2875;1160
2020-06-15;1432;741;112523;113372;112267;113382;30404;12233
2020-06-16;1430;715;113383;112650;112278;113532;31089;12765
2020-06-17;1423;467;112645;112425;112074;112939;27236;11720
2020-06-18;1425;741;112417;112078;111854;112613;26107;11095
2020-06-19;1260;499;112070;111771;111681;112544;23648;9653
2020-06-21;165;165;111819;111767;111685;111875;1648;818
2020-06-22;1429;882;111776;112784;111738;112809;21602;8840
2020-06-23;1428;1201;112775;113125;112331;113487;25773;10826
2020-06-24;1431;1395;113132;112499;112483;113258;24409;9823
2020-06-25;1427;615;112505;112178;111904;112596;23865;9911
2020-06-26;1258;607;112187;112189;111951;112393;18595;8030
2020-06-28;165;165;112197;112221;112171;112281;1478;786
2020-06-29;1429;634;112231;112468;112193;112878;20054;8871
2020-06-30;1424;721;112465;112337;111908;112618;23089;10338
2020-07-01;1428;614;112331;112512;111850;112751;21742;9359
2020-07-02;1422;748;112518;112374;112233;113027;20628;9238
2020-07-03;1259;1017;112375;112463;112191;112525;16972;6970
2020-07-05;152;152;112432;112466;112419;112495;814;478
2020-07-06;1426;850;112474;113125;112465;113455;20436;8973
2020-07-07;1423;760;113111;112744;112587;113324;22260;9339
2020-07-08;1424;736;112735;113369;112622;113517;22021;9126
2020-07-09;1421;535;113368;112875;112800;113707;24588;10453
2020-07-10;1259;992;112870;112992;112547;113246;19269;7944
2020-07-12;158;158;113030;113092;113024;113172;1290;594
2020-07-13;1432;572;113084;113447;113009;113749;22029;9153
2020-07-14;1430;1172;113449;114099;113251;114123;22506;8642
2020-07-15;1419;533;114101;114170;113910;114519;21645;8919
2020-07-16;1422;612;114154;113883;113703;114418;23062;9485
2020-07-17;1260;690;113867;114278;113774;114436;17368;7485
2020-07-19;167;46;114102;114424;114049;114456;2539;1112
2020-07-20;1423;792;114401;114561;114021;114677;23735;10330
2020-07-21;1432;747;114570;115343;114227;115422;27089;11615
2020-07-22;1416;230;115350;115650;115067;116012;27901;11822
2020-07-23;1425;504;115656;115953;115402;116268;25675;10573
2020-07-24;1260;810;115948;116555;115812;116580;24957;10289
2020-07-26;163;163;116404;116506;116383;116555;2198;964
2020-07-27;1425;717;116508;117683;116495;117811;28717;11929
2020-07-28;1420;832;117671;117184;116987;117736;27906;11891
2020-07-29;1424;847;117189;117811;117140;118060;28644;12038
2020-07-30;1429;889;117819;118718;117307;118761;29863;12575
2020-07-31;1260;885;118727;117777;117613;119087;35502;14784
2020-08-02;161;133;117715;117816;117703;117967;2302;1121
2020-08-03;1427;724;117818;117603;116956;117888;30057;12375
2020-08-04;1421;889;117593;118138;117212;118147;26590;11051
2020-08-05;1427;954;118132;118722;117992;119047;26466;11408
2020-08-06;1427;603;118715;118748;118178;119161;33059;13907
2020-08-07;1259;783;118738;117857;117551;118818;29793;11731
2020-08-09;156;105;117873;117813;117734;117895;1572;746
2020-08-10;1428;755;117815;117361;117342;118006;21996;9066
2020-08-11;1424;638;117367;117356;117219;118081;28748;11733
2020-08-12;1421;1280;117360;117938;117110;118170;28096;11332
2020-08-13;1405;557;117950;118156;117934;118640;25902;10534
2020-08-14;1258;717;118154;118418;117814;118503;22167;9076
2020-08-16;165;140;118388;118518;118359;118528;1389;674
2020-08-17;1425;1055;118505;118746;118286;118810;21062;9001
2020-08-18;1427;1100;118747;119468;118742;119656;25242;10571
2020-08-19;1429;1056;119462;118436;118303;119527;28816;12140
2020-08-20;1415;241;118417;118697;118020;118711;27701;11460
2020-08-21;1260;1090;118700;117965;117541;118826;24838;10289
2020-08-23;165;96;117860;117976;117803;118066;2058;920
2020-08-24;1424;848;117985;117936;117841;118495;20731;8637
2020-08-25;1420;665;117937;118340;117841;118436;23295;9661
2020-08-26;1425;277;118329;118397;117722;118403;23020;9620
2020-08-27;1421;678;118402;118198;117621;119015;33649;14132
2020-08-28;1260;862;118199;119047;118110;119197;29555;11878
2020-08-30;166;20;119010;119179;118993;119201;2446;1127
2020-08-31;1417;1006;119175;119370;118840;119660;24311;9971
2020-09-01;1412;729;119378;119224;119011;120111;30570;12898
2020-09-02;1411;947;119226;118459;118220;119240;27781;11935
2020-09-03;1407;573;118459;118407;117887;118645;28753;12066
2020-09-04;1259;958;118425;118377;117806;118652;26782;10944
2020-09-06;160;160;118457;118341;118335;118466;1611;840
2020-09-07;1417;1387;118351;118185;118111;118485;15691;6404
2020-09-08;1421;524;118186;117666;117567;118272;28481;11926
2020-09-09;1417;902;117678;118035;117526;118340;25308;10433
2020-09-10;1420;1283;118035;118240;118005;119174;31643;12917
2020-09-11;1260;961;118254;118460;118236;118739;21303;8674
2020-09-13;154;154;118363;118400;118358;118474;1222;531
2020-09-14;1424;477;118416;118671;118320;118879;18144;7633
2020-09-15;1395;638;118665;118429;118394;119004;20288;8680
2020-09-16;1410;775;118417;118038;117873;118824;27647;11763
2020-09-17;1422;812;118036;118473;117371;118560;28346;11487
2020-09-18;1260;572;118492;118399;118258;118703;20964;8585
2020-09-20;161;0;118445;118454;118315;118498;1683;775
2020-09-21;1426;1126;118456;117636;117315;118717;25932;10734
2020-09-22;1422;1160;117618;117070;116917;117714;26921;11306
2020-09-23;1421;588;117066;116564;116508;117189;27458;11218
2020-09-24;1431;562;116591;116731;116264;116868;26730;11078
2020-09-25;1260;903;116735;116307;116120;116849;22923;9164
2020-09-27;161;129;116246;116344;116231;116377;1442;710
2020-09-28;1407;1215;116344;116772;116150;116799;20997;8974
2020-09-29;1407;1177;116766;117415;116651;117456;21665;9263
2020-09-30;1425;533;117429;117236;116845;117547;28083;11763
2020-10-01;1421;314;117238;117439;117170;117696;26128;10819
2020-10-02;1260;697;117436;117170;116958;117445;25933;9906
2020-10-04;161;161;117123;117196;117059;117199;1599;637
2020-10-05;1417;775;117198;117895;117176;117975;19272;8069
2020-10-06;1431;972;117890;117370;117300;118076;23854;9876
2020-10-07;1414;424;117367;117657;117248;117818;20868;8192
2020-10-08;1416;637;117649;117665;117324;117817;17841;7250
2020-10-09;1252;911;117664;118308;117576;118311;17025;6848
2020-10-11;168;168;118166;118157;118110;118247;1767;843
2020-10-12;1422;1356;118141;118131;117866;118266;16080;6676
2020-10-13;1418;848;118128;117419;117304;118139;18725;7995
2020-10-14;1425;689;117420;117444;117193;117710;18905;7648
2020-10-15;1416;1178;117460;117063;116882;117577;19574;8289
2020-10-16;1254;1047;117059;117171;116938;117461;17335;7086
2020-10-18;156;156;117178;117152;117112;117205;1243;450
2020-10-19;1417;1070;117154;117682;117031;117935;17504;7444
2020-10-20;1418;1277;117682;118290;117597;118406;17817;7810
2020-10-21;1426;655;118291;118521;118279;118805;21108;8994
2020-10-22;1421;338;118513;118144;118113;118667;18828;7843
2020-10-23;1258;898;118133;118604;117866;118646;18105;7677
2020-10-25;115;115;118543;118477;118393;118555;1570;572
2020-10-26;1421;727;118478;118086;118031;118504;17945;7596
2020-10-27;1421;1144;118088;117816;117693;118385;18245;7870
2020-10-28;1411;1132;117813;117484;117177;117878;21439;9049
2020-10-29;1422;887;117475;116772;116500;117586;24060;10231
2020-10-30;1258;335;116765;116476;116398;117040;21595;9239
2020-11-01;103;21;116472;116412;116384;116495;899;450
2020-11-02;1417;1057;116417;116402;116217;116556;18656;7673
2020-11-03;1424;1185;116401;117606;116370;117638;20314;9293
2020-11-04;1431;1037;117623;117323;116019;117708;52956;22284
2020-11-05;1430;842;117307;118170;117106;118595;32643;13817
2020-11-06;1320;668;118151;118742;117952;118908;28739;11745
2020-11-08;106;0;118886;118926;118830;118948;1077;478
2020-11-09;1433;244;118921;118240;117951;119199;36923;14865
2020-11-10;1428;875;118233;118184;117796;118431;31119;11829
2020-11-11;1422;1107;118189;117792;117454;118326;21529;9055
2020-11-12;1424;1074;117786;118038;117585;118230;21921;8864
2020-11-13;1319;1251;118044;118354;117988;118373;17311;7288
2020-11-15;104;1;118338;118451;118294;118487;1244;541
2020-11-16;1420;422;118445;118588;118140;118686;20263;8539
2020-11-17;1420;250;118594;118632;118424;118936;17296;7374
2020-11-18;1414;689;118636;118461;118448;118908;18709;7341
2020-11-19;1423;639;118428;118655;118161;118824;19369;7861
2020-11-20;1319;177;118662;118560;118496;118906;16768;6692
2020-11-22;112;12;118530;118655;118529;118660;903;367
2020-11-23;1412;707;118651;118427;117994;119058;19511;8458
2020-11-24;1422;1073;118424;118974;118383;118978;21134;9228
2020-11-25;1418;562;118973;119163;118817;119296;22856;9770
2020-11-26;1407;762;119168;119109;118850;119408;15271;6815
2020-11-27;1307;1033;119103;119622;119094;119629;15814;6561
2020-11-29;101;0;119610;119713;119592;119738;898;457
2020-11-30;1431;501;119709;119373;119231;120032;20873;8870
2020-12-01;1427;1222;119368;120709;119352;120764;22408;9465
2020-12-02;1429;882;120700;121140;120399;121182;23404;9976
2020-12-03;1430;644;121130;121446;121008;121744;22888;9992
2020-12-04;1317;728;121449;121212;121101;121772;23627;9695
2020-12-06;107;12;121214;121201;121168;121320;1301;645
2020-12-07;1418;775;121203;121105;120784;121661;21177;8876
2020-12-08;1410;36;121088;121092;120953;121340;20722;8664
2020-12-09;1424;939;121089;120783;120583;121474;21197;8952
2020-12-10;1411;942;120803;121431;120784;121588;24824;10202
2020-12-11;1318;922;121431;121125;121054;121628;20117;8566
2020-12-13;112;48;121331;121331;121310;121432;1371;568
2020-12-14;1417;488;121330;121483;121154;121766;19760;8835
2020-12-15;1413;682;121485;121540;121211;121688;20131;8499
2020-12-16;1424;1109;121536;121962;121248;122121;24524;10792
2020-12-17;1421;710;121959;122615;121896;122727;21710;9368
2020-12-18;1320;876;122616;122571;122254;122687;19301;8195
2020-12-20;99;99;122236;122123;122113;122353;1539;791
2020-12-21;1429;677;122100;122346;121294;122529;31025;12962
2020-12-22;1421;618;122346;121868;121521;122571;23493;9924
2020-12-23;1427;637;121857;121932;121539;122209;24427;10891
2020-12-24;1135;526;121945;121812;121767;122156;15032;6427
2020-12-27;76;41;121810;122038;121797;122073;1190;516
2020-12-28;1407;892;122059;122195;121810;122504;22480;9506
2020-12-29;1420;1312;122199;122522;122192;122749;20501;8989
2020-12-30;1428;481;122521;122991;122512;123099;23188;9918
2020-12-31;1139;1069;122982;122175;122147;123091;20823;9289
2021-01-03;108;108;122296;122495;122251;122528;1848;725
2021-01-04;1426;1151;122488;122522;122386;123096;26407;10546
2021-01-05;1432;889;122521;122985;122472;123056;23633;9540
2021-01-06;1428;909;122985;123382;122652;123493;34251;14139
2021-01-07;1424;1227;123375;122693;122449;123442;27616;10910
2021-01-08;1320;639;122680;122228;121925;122846;31915;13066
2021-01-10;81;81;122179;121868;121821;122196;1698;877
2021-01-11;1419;550;121861;121604;121320;121997;26585;11097
2021-01-12;1429;1071;121595;122084;121369;122094;25187;10809
2021-01-13;1427;1121;122091;121616;121398;122226;24046;9981
2021-01-14;1420;775;121611;121509;121109;121784;25984;10994
2021-01-15;1318;866;121507;120751;120749;121625;21871;8956
2021-01-17;94;12;120774;120667;120660;120862;1141;577
2021-01-18;1411;1055;120666;120776;120534;120867;17593;7212
2021-01-19;1419;544;120779;121387;120772;121448;19212;8308
2021-01-20;1416;1054;121371;121146;120766;121581;20576;9251
2021-01-21;1388;617;121140;121652;121092;121731;21231;9038
2021-01-22;1314;988;121654;121716;121514;121894;18229;7852
2021-01-24;102;102;121646;121675;121625;121709;1085;547
2021-01-25;1413;692;121680;121428;121158;121831;19773;8204
2021-01-26;1409;666;121421;121633;121076;121759;19184;8210
2021-01-27;1416;984;121629;121026;120582;121696;25369;10561
2021-01-28;1429;706;121030;121207;120806;121419;26169;10665
2021-01-29;1319;926;121206;121373;120943;121558;25356;10309
2021-01-31;112;112;121306;121224;121199;121330;1804;606
2021-02-01;1423;1047;121230;120676;120556;121365;22099;9096
2021-02-02;1430;994;120672;120372;120114;120878;21792;9514
2021-02-03;1411;1073;120373;120408;120039;120500;18602;8093
2021-02-04;1418;923;120411;119663;119572;120427;19859;8928
2021-02-05;1318;1079;119658;120489;119522;120498;18298;7893
2021-02-07;104;8;120382;120482;120364;120549;1360;518
2021-02-08;1408;1227;120487;120520;120196;120659;17118;7749
2021-02-09;1409;815;120517;121161;120492;121216;18197;7924
2021-02-10;1395;242;121163;121189;121088;121438;17703;7434
2021-02-11;1397;321;121190;121307;121135;121494;14018;6157
2021-02-12;1306;342;121303;121199;120815;121331;14422;6458
2021-02-14;100;1;121191;121208;121168;121252;778;275
2021-02-15;1410;26;121204;121319;121167;121449;12901;5593
2021-02-16;1421;833;121317;120894;120858;121694;18624;7997
2021-02-17;1427;1144;120874;120453;120231;120982;19778;8169
2021-02-18;1406;1357;120456;120911;120354;120957;17720;7463
2021-02-19;1310;525;120916;121173;120823;121443;16678;6961
2021-02-21;102;0;121183;121252;121149;121290;1435;521
2021-02-22;1415;435;121240;121641;120910;121692;19898;8775
2021-02-23;1421;554;121641;121510;121352;121800;19823;8259
2021-02-24;1428;816;121508;121697;121089;121745;22799;9339
2021-02-25;1424;1220;121687;121580;121558;122431;27733;11347
2021-02-26;1320;760;121600;120721;120619;121825;32981;13077
2021-02-28;109;49;120703;120900;120698;120918;1572;781
2021-03-01;1412;1089;120899;120484;120275;121012;22228;9181
2021-03-02;1426;557;120482;120848;119915;120941;22294;8974
2021-03-03;1411;707;120845;120475;120425;121130;22897;9608
2021-03-04;1423;1289;120478;119668;119606;120631;27837;11360
2021-03-05;1318;1118;119670;119119;118926;119685;27838;11109
2021-03-07;95;95;119180;119256;119166;119320;1361;634
2021-03-08;1408;784;119249;118508;118439;119321;22210;8619
2021-03-09;1421;666;118513;118973;118352;119155;22902;9436
2021-03-10;1420;1246;118965;119244;118687;119295;22078;9151
2021-03-11;1413;902;119242;119812;119154;119897;22745;9628
2021-03-12;1319;818;119812;119537;119098;119884;19733;8099
2021-03-14;113;74;119508;119498;119431;119544;1164;556
2021-03-15;1412;490;119502;119260;119108;119672;18636;8350
2021-03-16;1411;793;119265;119017;118818;119517;17935;7630
2021-03-17;1419;1286;119019;119824;118861;119872;20286;8927
2021-03-18;1420;681;119817;119181;119061;119887;23233;9724
2021-03-19;1257;274;119176;119044;118736;119371;18275;7362
2021-03-21;118;118;118802;118831;118756;118897;1333;575
2021-03-22;1409;905;118839;119323;118745;119468;18018;8148
2021-03-23;1428;1428;119329;118396;118360;119406;19607;8495
2021-03-24;1413;1329;118403;118127;118088;118508;18705;8296
2021-03-25;1419;932;118136;117756;117616;118275;20236;8820
2021-03-26;1249;518;117763;117931;117715;118049;15507;6934
2021-03-28;142;142;117902;117868;117856;117933;1056;520
2021-03-29;1402;1282;117874;117686;117605;117938;17824;7884
2021-03-30;1392;874;117681;117231;117111;117736;16005;7152
2021-03-31;1412;927;117229;117268;117040;117598;18597;8183
2021-04-01;1391;866;117276;117770;117124;117826;18131;8324
2021-04-02;1220;112;117777;117575;117489;117865;10632;4882
2021-04-04;162;32;117573;117675;117532;117677;1658;700
2021-04-05;1357;950;117664;118168;117378;118194;11905;5752
2021-04-06;1414;1335;118177;118737;117951;118775;16867;7430
2021-04-07;1405;866;118745;118724;118606;119146;18292;8153
2021-04-08;1411;861;118721;119156;118606;119272;16776;7475
2021-04-09;1248;271;119152;119008;118668;119200;16226;6940
2021-04-11;149;0;118972;118967;118929;119036;1413;715
2021-04-12;1411;404;118960;119119;118710;119189;16091;6867
2021-04-13;1420;1097;119116;119540;118774;119558;18831;8072
2021-04-14;1377;597;119547;119831;119509;119872;16372;7116
2021-04-15;1410;64;119824;119692;119560;119933;17412;7756
2021-04-16;1251;285;119697;119822;119504;119945;15237;6541
2021-04-18;149;0;119729;119692;119680;119771;971;555
2021-04-19;1416;643;119683;120422;119424;120479;18048;7867
2021-04-20;1402;518;120424;120322;120223;120797;19060;8160
2021-04-21;1385;440;120319;120369;119983;120435;15854;7202
2021-04-22;1415;629;120373;120141;119935;120695;19792;8242
2021-04-23;1255;934;120160;120973;120128;120999;15479;6629
2021-04-25;152;0;120934;120898;120886;120981;1035;548
2021-04-26;1399;416;120895;120798;120608;121168;17216;7819
2021-04-27;1411;622;120788;120893;120566;120927;16574;7107
2021-04-28;1420;728;120885;121349;120561;121353;21428;8854
2021-04-29;1412;1347;121351;121246;121020;121497;18330;7779
2021-04-30;1256;1106;121244;120200;120162;121264;17918;7510
2021-05-02;148;42;120271;120272;120238;120311;906;443
2021-05-03;1375;847;120261;120588;120129;120760;15146;6653
2021-05-04;1410;402;120593;120142;119988;120599;18678;7991
2021-05-05;1387;920;120143;120073;119858;120264;15803;6702
2021-05-06;1405;1378;120077;120654;119930;120716;16418;7019
2021-05-07;1255;840;120651;121635;120527;121714;20884;8770
2021-05-09;147;145;121607;121715;121602;121768;1423;746
2021-05-10;1414;492;121685;121395;121275;121781;19023;8558
2021-05-11;1410;866;121409;121441;121230;121816;20028;8642
2021-05-12;1412;759;121446;120775;120653;121521;24545;10839
2021-05-13;1403;714;120769;120767;120511;121060;21479;8756
2021-05-14;1255;1213;120768;121452;120708;121475;16812;6742
2021-05-16;142;38;121412;121499;121401;121510;787;465
2021-05-17;1404;1276;121484;121567;121260;121687;16146;6851
2021-05-18;1402;573;121555;122222;121534;122340;16538;7095
2021-05-19;1415;901;122228;121703;121597;122450;22826;9523
2021-05-20;1408;807;121701;122254;121688;122300;17586;7519
2021-05-21;1257;1024;122249;121806;121606;122396;18302;7821
2021-05-23;140;140;121787;121806;121711;121844;1031;603
2021-05-24;1413;1157;121805;122138;121748;122298;17148;7325
2021-05-25;1406;902;122135;122468;122114;122663;18851;8021
2021-05-26;1420;1058;122470;121914;121816;122627;18718;8052
2021-05-27;1405;915;121907;121926;121750;122149;19954;8717
2021-05-28;1255;1029;121923;121928;121324;122048;18471;7587
2021-05-30;150;150;121950;121893;121890;121999;989;521
2021-05-31;1326;841;121894;122324;121832;122342;12527;5814
2021-06-01;1393;636;122331;122172;122115;122543;17529;7531
2021-06-02;1369;1037;122174;122096;121639;122264;15813;6842
2021-06-03;1401;791;122094;121302;121181;122140;17352;7472
2021-06-04;1253;831;121292;121666;121038;121857;17502;7344
2021-06-06;141;99;121637;121668;121604;121676;753;421
2021-06-07;1402;612;121657;121904;121447;122017;13689;6315
2021-06-08;1403;7;121898;121724;121641;121941;14974;6314
2021-06-09;1385;602;121718;121784;121711;122179;12531;5576
2021-06-10;1398;499;121772;121725;121430;121946;18979;8099
2021-06-11;1254;838;121736;121085;120927;121929;14690;6531
2021-06-13;161;0;121034;121096;121019;121119;1296;678
2021-06-14;1383;62;121097;121216;120940;121304;13901;6197
2021-06-15;1392;902;121218;121246;121011;121472;14682;6302
2021-06-16;1420;1415;121247;119948;119866;121346;21254;8641
2021-06-17;1412;1282;119929;119127;118916;120063;24161;10454
2021-06-18;1260;771;119127;118629;118470;119248;22950;9902
2021-06-20;151;34;118567;118704;118567;118755;1841;849
2021-06-21;1403;612;118692;119115;118475;119214;22179;9127
2021-06-22;1409;595;119113;119365;118808;119525;20582;8716
2021-06-23;1401;401;119365;119292;119112;119700;18376;7783
2021-06-24;1382;259;119303;119280;119174;119562;17217;7103
2021-06-25;1257;497;119274;119356;119260;119750;15617;6400
2021-06-27;138;138;119359;119415;119342;119420;816;490
2021-06-28;1403;1123;119400;119284;119022;119445;16837;7470
2021-06-29;1394;1276;119287;119003;118775;119296;16939;7240
2021-06-30;1402;870;118995;118559;118449;119088;18453;8004
2021-07-01;1395;272;118556;118458;118372;118841;17668;7428
2021-07-02;1254;353;118458;118645;118069;118742;18070;7603
2021-07-04;140;0;118607;118556;118555;118682;1013;495
2021-07-05;1393;91;118557;118625;118512;118805;12991;5954
2021-07-06;1411;524;118617;118223;118059;118950;19932;7952
2021-07-07;1408;471;118211;117932;117812;118363;20652;8585
2021-07-08;1417;649;117929;118460;117834;118677;21704;8211
2021-07-09;1254;538;118465;118779;118249;118809;15958;6498
2021-07-11;151;151;118740;118723;118668;118767;1391;583
2021-07-12;1389;1150;118723;118628;118359;118801;15175;6829
2021-07-13;1409;1144;118636;117746;117719;118750;19385;8686
2021-07-14;1383;986;117742;118331;117718;118387;16824;6825
2021-07-15;1388;1080;118335;118116;117961;118505;17020;6995
2021-07-16;1258;992;118118;118055;117920;118222;15930;6577
2021-07-18;141;139;118076;118125;118033;118137;883;485
2021-07-19;1399;482;118117;117921;117638;118243;18468;7254
2021-07-20;1407;180;117909;117813;117556;118024;19430;8044
2021-07-21;1415;503;117816;117922;117517;118048;16203;6764
2021-07-22;1407;496;117923;117725;117573;118304;20682;8998
2021-07-23;1253;989;117727;117715;117543;117864;14719;6204
2021-07-25;135;135;117682;117727;117666;117743;599;411
2021-07-26;1408;594;117728;118051;117633;118171;15575;6551
2021-07-27;1403;544;118045;118203;117699;118409;16255;6930
2021-07-28;1412;536;118214;118456;117718;118493;20764;8776
2021-07-29;1384;586;118458;118902;118406;118942;14886;6542
2021-07-30;1257;379;118905;118676;118514;119086;15713;6789
2021-08-01;145;0;118650;118654;118609;118699;862;550
2021-08-02;1408;444;118653;118740;118589;118968;15402;6845
2021-08-03;1395;328;118741;118692;118536;118932;14446;6201
2021-08-04;1384;501;118689;118371;118325;118996;15293;6964
2021-08-05;1399;967;118376;118333;118279;118571;15234;6441
2021-08-06;1253;1246;118329;117612;117542;118332;14957;6241
2021-08-08;139;62;117627;117479;117422;117627;1555;678
2021-08-09;1387;677;117482;117362;117328;117688;14790;6290
2021-08-10;1387;797;117361;117199;117096;117426;12867;5626
2021-08-11;1388;1278;117195;117415;117058;117541;14282;6172
2021-08-12;1389;1248;117413;117356;117235;117482;12179;5555
2021-08-13;1248;1073;117357;117959;117301;118045;10984;4916
2021-08-15;126;126;117945;117934;117913;118006;725;377
2021-08-16;1368;1355;117948;117778;117672;118006;11816;5382
2021-08-17;1391;846;117776;117092;117017;117847;14689;6638
2021-08-18;1426;140;117090;117031;116936;117427;16639;7557
2021-08-19;1408;758;117031;116763;116656;117040;17120;7558
2021-08-20;1252;1061;116764;117000;116639;117044;13316;5722
2021-08-22;138;138;116976;116961;116886;116996;1209;599
2021-08-23;1405;1278;116980;117440;116951;117501;14668;6544
2021-08-24;1368;870;117442;117531;117270;117650;13073;6115
2021-08-25;1387;762;117537;117717;117260;117745;14525;6792
2021-08-26;1389;354;117712;117536;117459;117789;14957;6572
2021-08-27;1254;726;117530;117960;117346;118022;16167;6740
2021-08-29;129;129;117949;117981;117930;118005;637;392
2021-08-30;1374;1070;117987;117961;117825;118098;12200;5516
2021-08-31;1378;687;117964;118101;117951;118450;16068;6773
2021-09-01;1379;1346;118096;118405;117936;118571;14697;6337
2021-09-02;1353;851;118411;118736;118342;118760;12055;5257
2021-09-03;1252;485;118736;118782;118655;119086;15369;6800
2021-09-05;146;146;118785;118853;118754;118862;769;462
2021-09-06;1392;1037;118852;118733;118556;118858;10010;4627
2021-09-07;1381;1381;118733;118430;118372;118852;15202;6541
2021-09-08;1384;470;118432;118185;118018;118510;14986;6315
2021-09-09;1390;268;118180;118235;118050;118414;16250;7105
2021-09-10;1252;610;118237;118103;118085;118511;13410;5490
2021-09-12;140;0;118127;118111;118087;118155;674;442
2021-09-13;1398;421;118116;118096;117699;118169;13143;5526
2021-09-14;1389;408;118100;118023;117999;118456;14920;6485
2021-09-15;1392;954;118028;118188;117988;118318;14874;6602
2021-09-16;1408;663;118183;117649;117502;118204;15407;6536
2021-09-17;1257;683;117646;117250;117245;117888;14038;5888
2021-09-19;136;0;117259;117290;117230;117299;648;427
2021-09-20;1382;52;117289;117270;117000;117363;14002;5973
2021-09-21;1401;206;117258;117228;117146;117485;14815;6648
2021-09-22;1414;449;117227;116871;116841;117554;20598;8546
2021-09-23;1394;778;116876;117398;116832;117500;16706;6984
2021-09-24;1248;1232;117406;117210;117004;117475;12554;5478
2021-09-26;151;151;117235;117226;117167;117254;1090;671
2021-09-27;1366;1354;117220;116956;116844;117250;15230;6484
2021-09-28;1395;1093;116954;116857;116680;117032;18967;7899
2021-09-29;1385;943;116863;116012;115891;116900;18269;8055
2021-09-30;1400;561;116011;115739;115624;116096;20517;8656
2021-10-01;1253;694;115751;115929;115628;116073;16796;6890
2021-10-03;153;0;115954;116068;115928;116109;878;542
2021-10-04;1400;761;116066;116166;115876;116399;14646;6226
2021-10-05;1393;1250;116163;115955;115804;116199;14933;6514
2021-10-06;1416;716;115952;115550;115290;115978;17301;7288
2021-10-07;1408;0;115549;115589;115470;115720;14094;5980
2021-10-08;1255;142;115589;115739;115411;115860;14839;6180
2021-10-10;135;11;115694;115654;115636;115761;688;356
2021-10-11;1403;377;115653;115535;115472;115868;12951;5646
2021-10-12;1385;576;115530;115308;115234;115702;14225;5942
2021-10-13;1393;972;115303;115968;115298;115993;15786;6581
2021-10-14;1387;308;115976;115904;115838;116241;12857;5990
2021-10-15;1247;41;115904;115990;115880;116186;13830;6138
2021-10-17;151;0;115981;115968;115913;116051;1342;675
2021-10-18;1391;1290;115957;116134;115716;116223;14615;6385
2021-10-19;1418;511;116136;116315;116131;116692;14899;6855
2021-10-20;1394;493;116324;116527;116166;116585;14428;6267
2021-10-21;1401;465;116521;116250;116193;116671;14567;6391
2021-10-22;1253;65;116249;116452;116210;116556;14484;5969
2021-10-24;151;0;116434;116390;116356;116450;680;450
2021-10-25;1391;464;116399;116086;115904;116650;14281;6131
2021-10-26;1400;760;116093;115960;115847;116256;14587;6237
2021-10-27;1392;603;115964;115987;115846;116261;15931;6597
2021-10-28;1409;984;115985;116826;115819;116920;22058;9163
2021-10-29;1256;1210;116826;115612;115351;116898;18549;7866
2021-10-31;113;113;115587;115558;115551;115627;738;333
2021-11-01;1414;834;115577;115992;115458;116089;15933;7165
2021-11-02;1389;662;116003;115790;115750;116133;15590;6819
2021-11-03;1414;314;115788;116151;115621;116162;19701;8345
2021-11-04;1399;530;116154;115551;115281;116160;17385;7213
2021-11-05;1257;388;115554;115679;115132;115731;17444;7277
2021-11-07;111;0;115607;115683;115552;115698;1507;430
2021-11-08;1416;357;115679;115874;115503;115950;15022;6601
2021-11-09;1427;945;115878;115938;115697;116088;17468;7424
2021-11-10;1424;1288;115939;114854;114759;115952;22220;9587
2021-11-11;1426;1413;114851;114474;114429;114876;17821;8059
2021-11-12;1315;684;114475;114432;114326;114620;15506;6755
2021-11-14;102;7;114453;114411;114410;114468;332;184
2021-11-15;1428;1334;114414;113667;113560;114638;18715;8535
2021-11-16;1422;1370;113676;113180;113088;113854;20098;8670
2021-11-17;1433;1149;113168;113175;112635;113320;21525;9919
2021-11-18;1423;646;113176;113681;113136;113739;17756;7737
2021-11-19;1315;1101;113675;112813;112497;113692;22656;9826
2021-11-21;96;96;112881;112752;112716;112899;1007;559
2021-11-22;1426;781;112748;112413;112305;112903;23196;9673
2021-11-23;1415;733;112413;112444;112259;112749;21331;8789
2021-11-24;1407;1089;112440;112024;111858;112552;21933;9020
2021-11-25;1336;1287;112033;112087;112025;112294;13634;5854
2021-11-26;1281;868;112087;113206;112067;113267;27301;11089
2021-11-28;111;21;113038;112922;112802;113182;2511;870
2021-11-29;1429;828;112916;112927;112582;113003;20346;8153
2021-11-30;1432;846;112928;113302;112342;113827;29205;11864
2021-12-01;1418;167;113297;113189;113023;113595;24372;10108
2021-12-02;1403;515;113192;113054;112951;113475;19244;7984
2021-12-03;1317;351;113059;113111;112664;113333;22761;9748
2021-12-05;99;99;113059;113039;113015;113107;786;352
2021-12-06;1418;1018;113029;112834;112661;113101;17802;7507
2021-12-07;1407;1118;112836;112719;112273;112983;17918;7917
2021-12-08;1420;841;112728;113439;112668;113546;19006;8231
2021-12-09;1412;884;113438;112934;112783;113442;16635;7254
2021-12-10;1315;501;112934;113171;112650;113239;16675;7969
2021-12-12;95;95;113095;113109;113052;113192;731;494
2021-12-13;1411;294;113105;112835;112600;113139;15280;7336
2021-12-14;1410;478;112829;112574;112535;113237;15470;7127
2021-12-15;1420;469;112573;112902;112214;112991;20433;9015
2021-12-16;1421;916;112911;113335;112812;113601;20057;9046
2021-12-17;1317;891;113343;112368;112345;113487;16961;7449
2021-12-19;86;86;112383;112430;112345;112440;661;343
2021-12-20;1426;1063;112421;112770;112364;113037;18392;7999
2021-12-21;1418;769;112767;112869;112607;113026;17818;8198
2021-12-22;1416;916;112873;113265;112641;113421;17013;7648
2021-12-23;1413;963;113263;113227;112900;113421;16165;7694
2021-12-24;1129;768;113225;113218;113062;113435;9674;3383
2021-12-26;109;21;113086;113232;113036;113260;1414;750
2021-12-27;1386;529;113225;113291;113028;113345;12336;6308
2021-12-28;1416;621;113293;113129;112894;113332;13162;6640
2021-12-29;1401;516;113130;113596;112735;113687;15871;7606
2021-12-30;1420;703;113590;113221;112984;113596;15695;8115
2021-12-31;1103;799;113222;113844;113031;113863;15173;7536
2022-01-02;109;109;113667;113728;113662;113783;1232;669
2022-01-03;1418;683;113730;113007;112796;113756;19331;9095
2022-01-04;1414;743;113016;112828;112720;113223;19317;8872
2022-01-05;1418;780;112827;113108;112768;113463;19098;8665
2022-01-06;1424;683;113107;112952;112845;113318;21177;9397
2022-01-07;1314;1109;112949;113619;112899;113646;17163;7314
2022-01-09;102;102;113573;113534;113495;113608;857;557
2022-01-10;1410;917;113527;113298;112848;113580;17900;7861
2022-01-11;1409;744;113299;113658;113128;113752;17581;7701
2022-01-12;1411;953;113664;114396;113545;114526;18483;7836
2022-01-13;1430;454;114396;114565;114356;114814;19702;9021
2022-01-14;1319;1004;114560;114157;113984;114827;19150;8055
2022-01-16;110;19;114142;114109;114057;114164;796;375
2022-01-17;1393;1132;114105;114099;113917;114343;14455;6824
2022-01-18;1432;959;114099;113286;113145;114214;21924;9317
2022-01-19;1429;142;113292;113428;113188;113570;18018;7718
2022-01-20;1429;812;113437;113129;113028;113689;18780;7758
2022-01-21;1318;663;113139;113445;113008;113596;17681;7562
2022-01-23;106;106;113393;113408;113365;113449;689;375
2022-01-24;1410;1068;113406;113237;112904;113410;19739;8573
2022-01-25;1424;917;113235;113030;112631;113239;17418;7309
2022-01-26;1427;1182;113036;112406;112350;113106;19505;8380
2022-01-27;1431;827;112406;111439;111311;112432;22433;9727
2022-01-28;1316;800;111451;111480;111213;111736;19996;8761
2022-01-30;86;86;111432;111513;111381;111524;772;457
2022-01-31;1421;1188;111514;112292;111441;112477;19785;8844
2022-02-01;1420;955;112288;112728;112208;112786;19716;8768
2022-02-02;1423;663;112727;112993;112665;113300;16785;7466
2022-02-03;1428;482;112993;114354;112670;114513;26500;11535
2022-02-04;1316;666;114350;114503;114113;114836;25058;11271
2022-02-06;107;107;114582;114539;114513;114631;898;409
2022-02-07;1425;729;114542;114408;114151;114587;21740;10126
2022-02-08;1418;302;114407;114204;113961;114486;19297;8851
2022-02-09;1416;692;114206;114212;114024;114479;17665;7934
2022-02-10;1421;1004;114208;114122;113748;114948;27654;12426
2022-02-11;1318;579;114112;113480;113297;114180;30049;12602
2022-02-13;108;47;113396;113653;113387;113671;1502;707
2022-02-14;1426;832;113649;113058;112798;113691;26586;11049
2022-02-15;1427;587;113057;113555;113031;113681;22196;9448
2022-02-16;1425;685;113552;113727;113448;113957;20921;8999
2022-02-17;1424;769;113744;113646;113229;113859;27771;11560
2022-02-18;1319;907;113645;113224;113140;113770;19238;8035
2022-02-20;102;102;113194;113167;113131;113256;1052;505
2022-02-21;1427;679;113155;113084;112961;113905;20456;9183
2022-02-22;1427;771;113091;113289;112879;113668;25356;10992
2022-02-23;1431;941;113293;113053;113002;113589;18421;8192
2022-02-24;1429;848;113054;111902;111062;113061;45266;19094
2022-02-25;1320;704;111904;112723;111659;112737;31553;13291
2022-02-27;114;74;111382;111801;111367;111875;3622;1531
2022-02-28;1430;812;111805;112144;111420;112462;37261;15331
2022-03-01;1418;836;112141;111320;110893;112329;31329;13329
2022-03-02;1433;870;111313;111123;110573;111437;36694;15822
2022-03-03;1433;1363;111128;110659;110335;111153;26658;11051
2022-03-04;1320;973;110653;109334;108856;110668;35849;14615
2022-03-06;107;92;109273;108724;108635;109286;3301;1603
2022-03-07;1429;833;108728;108656;108058;109322;45741;19238
2022-03-08;1429;921;108651;108971;108490;109584;44755;18570
2022-03-09;1434;927;108989;110733;108965;110951;35815;15528
2022-03-10;1426;397;110731;110135;109761;111209;37732;16098
2022-03-11;1320;728;110125;109117;109019;110435;34077;14270
2022-03-13;115;0;109211;109325;109195;109387;2118;960
2022-03-14;1430;756;109319;109428;109004;109937;30811;12693
2022-03-15;1417;987;109438;109669;109261;110197;32234;13301
2022-03-16;1427;873;109665;110214;109501;110467;36657;15649
2022-03-17;1418;900;110216;110980;110202;111373;27647;11580
2022-03-18;1260;886;110983;110505;110030;111186;24041;9796
2022-03-20;115;22;110495;110426;110408;110573;1275;755
2022-03-21;1422;933;110418;110165;110101;110700;21857;9717
2022-03-22;1430;657;110164;110284;109608;110455;25763;11224
2022-03-23;1426;690;110290;110061;109640;110397;21044;9455
2022-03-24;1414;587;110055;110090;109658;110136;23217;9641
2022-03-25;1260;832;110085;109828;109808;110377;21904;9279
2022-03-27;154;0;109861;109822;109774;109869;1252;597
2022-03-28;1421;982;109821;109908;109446;109994;25496;10785
2022-03-29;1431;1042;109921;110917;109687;111372;34473;14734
2022-03-30;1423;666;110904;111610;110878;111710;27725;11488
2022-03-31;1417;1118;111605;110725;110609;111847;29494;12848
2022-04-01;1259;1165;110714;110481;110278;110759;23063;9959
2022-04-03;156;156;110392;110448;110369;110457;953;500
2022-04-04;1415;1343;110463;109746;109604;110543;19426;8465
2022-04-05;1428;860;109742;109060;108999;109886;20798;8606
2022-04-06;1418;276;109050;108978;108743;109379;25520;10566
2022-04-07;1427;386;108975;108644;108603;109383;24915;10343
2022-04-08;1259;535;108646;108756;108364;108918;20879;9008
2022-04-10;163;0;109082;108845;108841;109128;2766;1205
2022-04-11;1430;732;108847;108771;108726;109330;21813;9324
2022-04-12;1426;447;108779;108259;108209;109036;23938;10046
2022-04-13;1423;476;108259;108950;108087;108971;22286;9545
2022-04-14;1425;1163;108970;108198;107572;109230;29666;12694
2022-04-15;1200;395;108192;108126;107961;108230;10889;3908
2022-04-17;144;87;108042;108138;108028;108215;1819;808
2022-04-18;1421;259;108144;107801;107697;108157;16946;7981
2022-04-19;1427;1282;107793;107941;107609;108144;23419;9682
2022-04-20;1427;741;107947;108493;107839;108666;24764;10672
2022-04-21;1432;1329;108494;108348;108234;109361;28377;11922
2022-04-22;1260;601;108340;107990;107704;108513;24637;10352
2022-04-24;173;173;108045;108102;107955;108140;2533;1207
2022-04-25;1424;653;108088;107129;106966;108120;31600;13519
2022-04-26;1433;1400;107120;106423;106345;107384;26380;10863
2022-04-27;1427;1203;106435;105539;105142;106545;31757;13308
2022-04-28;1421;893;105524;105026;104710;105639;36781;16404
2022-04-29;1260;815;105052;105454;105017;105926;31084;13068
2022-05-01;157;8;105501;105351;105342;105586;2373;1054
2022-05-02;1417;609;105371;105092;104901;105683;25393;11305
2022-05-03;1424;854;105108;105254;104920;105775;26690;11686
2022-05-04;1414;744;105264;106207;105060;106308;33996;14431
2022-05-05;1424;1081;106205;105390;104924;106415;35906;15429
2022-05-06;1260;690;105398;105462;104826;105985;39138;15840
2022-05-08;162;0;105427;105316;105308;105442;1424;627
2022-05-09;1430;716;105323;105639;104952;105924;31414;13422
2022-05-10;1419;544;105619;105293;105253;105853;31127;12580
2022-05-11;1429;834;105283;105119;105016;105770;32892;13536
2022-05-12;1427;919;105119;103787;103538;105293;35391;15194
2022-05-13;1260;487;103778;104095;103494;104197;26520;11151
2022-05-15;174;164;104009;103982;103967;104139;2859;1091
2022-05-16;1421;966;104009;104392;103891;104429;23847;10633
2022-05-17;1416;967;104430;105482;104318;105556;28340;12692
2022-05-18;1421;934;105496;104726;104601;105637;25029;11162
2022-05-19;1423;894;104739;105790;104650;106071;32124;13903
2022-05-20;1260;460;105807;105623;105327;105991;25921;10752
2022-05-22;148;148;105612;105694;105554;105779;1465;872
2022-05-23;1415;885;105705;106834;105680;106973;27689;11697
2022-05-24;1414;971;106844;107329;106610;107484;28157;12087
2022-05-25;1428;926;107329;106863;106420;107366;27965;11624
2022-05-26;1413;592;106865;107322;106623;107345;24527;10695
2022-05-27;1259;867;107334;107351;106969;107650;22172;9803
2022-05-29;168;168;107342;107295;107261;107358;1440;563
2022-05-30;1418;769;107298;107727;107269;107868;18880;8665
2022-05-31;1421;1155;107726;107339;106789;107746;28139;12551
2022-06-01;1425;1015;107338;106510;106269;107391;24687;10790
2022-06-02;1425;1196;106499;107502;106448;107506;21586;9469
2022-06-03;1258;775;107495;107190;107039;107646;19261;8349
2022-06-05;160;0;107151;107257;107067;107296;1763;818
2022-06-06;1422;480;107260;106902;106839;107519;20765;9208
2022-06-07;1415;212;106902;106969;106521;107142;23603;9769
2022-06-08;1425;597;106982;107171;106715;107484;23164;9695
2022-06-09;1426;443;107168;106190;106107;107738;31438;13440
2022-06-10;1260;1129;106186;105179;105058;106421;27700;11689
2022-06-12;158;158;105155;104900;104865;105196;2626;1295
2022-06-13;1431;1097;104910;104147;103997;104955;33031;13869
2022-06-14;1426;917;104142;104375;103968;104848;35442;14549
2022-06-15;1421;787;104383;104568;103590;105078;46895;18063
2022-06-16;1419;1124;104607;105468;103809;106013;42373;17699
2022-06-17;1260;903;105479;104945;104444;105521;33818;13780
2022-06-19;168;168;104824;104898;104742;104947;2488;1266
2022-06-20;1421;666;104914;105185;104850;105458;24073;10325
2022-06-21;1415;1227;105187;105312;105131;105826;26478;11249
2022-06-22;1427;1009;105311;105640;104687;106057;29761;11927
2022-06-23;1429;1120;105655;105196;104826;105810;33932;14069
2022-06-24;1259;865;105205;105558;105121;105711;26280;10587
2022-06-26;159;100;105491;105660;105462;105747;2447;1061
2022-06-27;1428;578;105686;105796;105503;106149;25015;10180
2022-06-28;1422;981;105803;105223;105032;106063;26313;10754
2022-06-29;1427;781;105221;104459;104350;105355;28953;11672
2022-06-30;1430;1002;104451;104775;103824;104886;29931;12300
2022-07-01;1258;842;104764;104276;103655;104784;28991;12252
2022-07-03;168;0;104142;104326;104134;104372;2118;1054
2022-07-04;1409;400;104348;104323;104172;104627;19511;8577
2022-07-05;1422;1178;104329;102565;102351;104488;31936;13712
2022-07-06;1424;595;102556;101841;101614;102765;33908;14165
2022-07-07;1421;568;101830;101684;101441;102210;28418;12346
2022-07-08;1260;891;101688;101862;100718;101913;32494;13976
2022-07-10;172;172;101774;101662;101650;101833;2135;988
2022-07-11;1426;1059;101661;100461;100336;101674;29128;12814
2022-07-12;1422;567;100459;100298;99999;100737;32518;13545
2022-07-13;1420;844;100314;100329;99980;101221;39652;16731
2022-07-14;1430;872;100334;100254;99520;100504;36810;15136
2022-07-15;1260;925;100253;100882;100068;100978;29263;12177
2022-07-17;161;161;100827;100963;100782;100974;1762;838
2022-07-18;1422;528;100965;101454;100811;102012;28537;11955
2022-07-19;1426;556;101466;102301;101194;102691;34943;14423
2022-07-20;1423;736;102320;101809;101554;102730;34175;14559
2022-07-21;1425;747;101800;102199;101536;102779;40537;17063
2022-07-22;1260;768;102197;102150;101297;102551;33367;14629
2022-07-24;164;0;102126;101991;101985;102181;1828;871
2022-07-25;1410;489;102013;102226;101788;102578;29509;12323
2022-07-26;1433;820;102243;101285;101076;102502;29028;12982
2022-07-27;1429;268;101285;102046;100964;102204;34388;14589
2022-07-28;1429;889;102065;101914;101138;102343;37292;16053
2022-07-29;1260;819;101931;102258;101460;102544;34478;14671
2022-07-31;173;173;102151;102087;102051;102242;2313;1136
2022-08-01;1419;543;102106;102616;102076;102754;30683;12620
2022-08-02;1424;953;102636;101554;101541;102939;35470;14286
2022-08-03;1430;827;101572;101566;101225;102104;32446;13134
2022-08-04;1428;1102;101576;102471;101542;102537;28851;11055
2022-08-05;1260;1008;102467;101807;101414;102483;27409;11254
2022-08-07;161;161;101743;101714;101687;101802;1567;807
2022-08-08;1423;1250;101725;101972;101592;102217;22897;9543
2022-08-09;1420;948;101981;102075;101886;102473;20018;8102
2022-08-10;1430;888;102078;102983;102020;103685;27432;11741
2022-08-11;1425;1021;102997;103199;102754;103643;26015;11194
2022-08-12;1258;1245;103220;102592;102380;103251;22661;9440
2022-08-14;158;158;102564;102538;102531;102626;1414;630
2022-08-15;1425;840;102543;101609;101531;102683;23267;10032
2022-08-16;1429;330;101602;101693;101224;101947;23686;10279
2022-08-17;1427;377;101698;101769;101454;102029;26730;10919
2022-08-18;1426;1129;101774;100887;100795;101930;25415;10423
2022-08-19;1259;1190;100896;100391;100319;100955;22365;9159
2022-08-21;155;155;100389;100351;100297;100411;1544;750
2022-08-22;1429;883;100341;99379;99260;100465;24665;10554
2022-08-23;1426;966;99378;99659;99004;100178;29647;13229
2022-08-24;1431;682;99657;99673;99100;99987;27864;12324
2022-08-25;1424;424;99664;99699;99489;100334;27934;11969
2022-08-26;1260;821;99708;99648;99464;100895;30368;13412
2022-08-28;175;2;99648;99361;99343;99655;2502;981
2022-08-29;1420;1018;99378;100102;99140;100291;30202;12566
2022-08-30;1414;606;100103;100233;99819;100547;31652;13520
2022-08-31;1433;1136;100230;100381;99712;100791;33169;13801
2022-09-01;1427;908;100363;99514;99108;100486;31670;12579
2022-09-02;1260;898;99519;99533;99451;100336;31367;12794
2022-09-04;173;11;99261;99076;99020;99339;3904;1797
2022-09-05;1426;960;99094;99497;98778;99515;25836;10529
2022-09-06;1426;454;99506;98971;98635;99862;32968;13599
2022-09-07;1429;697;98975;99964;98754;100125;31199;12633
2022-09-08;1418;702;99979;100092;99307;100300;34760;13877
2022-09-09;1260;885;100096;100479;100084;101134;30111;12671
2022-09-11;174;103;100973;100706;100594;100986;3143;1399
2022-09-12;1426;1040;100720;101286;100630;101979;30783;12982
2022-09-13;1433;868;101285;99781;99551;101871;34235;14552
2022-09-14;1431;282;99768;99818;99594;100234;33080;13010
2022-09-15;1424;533;99806;99871;99558;100178;26560;10481
2022-09-16;1260;558;99871;100150;99450;100364;28251;11513
2022-09-18;168;69;100098;100219;100048;100283;1803;839
2022-09-19;1429;561;100233;100298;99659;100318;25444;9733
2022-09-20;1433;1265;100313;99706;99551;100505;29044;11863
2022-09-21;1435;976;99712;98302;98129;99752;39410;16644
2022-09-22;1428;1193;98307;98386;98079;99075;39245;15679
2022-09-23;1260;1034;98384;96941;96680;98518;37309;15603
2022-09-25;174;105;96722;96853;96591;97094;5639;2705
2022-09-26;1426;717;96856;96200;95507;97014;55865;22728
2022-09-27;1426;698;96208;95955;95691;96708;38668;15993
2022-09-28;1435;1015;95957;97061;95357;97510;50865;20784
2022-09-29;1430;843;97061;98290;96356;98436;46724;18521
2022-09-30;1260;440;98271;98022;97345;98537;44589;17759
2022-10-02;174;0;97951;97922;97861;98096;3670;1633
2022-10-03;1424;787;97934;98324;97528;98447;39714;15554
2022-10-04;1431;1074;98345;99833;98061;99995;39312;15026
2022-10-05;1431;729;99833;99113;98347;99949;36029;14276
2022-10-06;1426;1096;99111;97885;97861;99264;35216;14026
2022-10-07;1260;893;97910;97390;97260;98167;33444;13644
2022-10-09;161;92;97326;97341;97272;97393;2159;941
2022-10-10;1428;483;97357;97104;96816;97532;30020;11971
2022-10-11;1433;723;97110;97000;96709;97745;35580;14516
2022-10-12;1427;494;97008;97058;96679;97346;33970;13466
2022-10-13;1430;642;97031;97684;96316;98059;40861;17215
2022-10-14;1259;827;97673;97227;97071;98085;37708;15020
2022-10-16;173;153;97213;97398;97184;97432;2015;929
2022-10-17;1428;456;97392;98435;97200;98520;31394;12953
2022-10-18;1432;554;98464;98628;98126;98756;33383;14452
2022-10-19;1430;1128;98631;97653;97570;98668;30595;12500
2022-10-20;1429;1112;97658;97784;97546;98454;33111;13336
2022-10-21;1260;410;97798;98608;97049;98692;43186;17492
2022-10-23;171;60;98711;98611;98311;98990;6912;2886
2022-10-24;1433;318;98587;98844;98068;98935;38303;15211
2022-10-25;1431;702;98844;99624;98486;99768;31589;12932
2022-10-26;1433;1046;99633;100921;99434;100936;34912;14270
2022-10-27;1414;926;100904;99671;99575;100936;38612;15589
2022-10-28;1260;609;99658;99669;99265;99980;32484;13275
2022-10-30;115;115;99527;99540;99466;99620;1823;587
2022-10-31;1422;1209;99564;98855;98720;99657;26782;11403
2022-11-01;1432;869;98859;98774;98528;99539;30557;12359
2022-11-02;1428;377;98777;98145;98099;99759;35476;14678
2022-11-03;1419;1114;98141;97494;97300;98394;31304;12843
2022-11-04;1260;593;97486;99579;97473;99664;37071;15293
2022-11-06;113;104;99087;99287;99045;99448;3409;1232
2022-11-07;1430;912;99301;100177;99175;100339;32640;13930
2022-11-08;1435;849;100170;100802;99720;100962;29405;12520
2022-11-09;1431;631;100783;100195;99927;100882;33621;13880
2022-11-10;1434;816;100185;101922;99355;102213;45276;18765
2022-11-11;1320;908;101927;103540;101630;103640;40438;16147
2022-11-13;115;17;103340;103277;103144;103369;2785;1153
2022-11-14;1426;574;103272;103193;102714;103585;37373;15697
2022-11-15;1430;1160;103221;103584;102799;104799;49643;20847
2022-11-16;1428;967;103583;103939;103310;104384;41582;17174
2022-11-17;1431;494;103936;103609;103052;104065;35560;14447
2022-11-18;1320;740;103605;103246;103132;103959;30053;12807
2022-11-20;103;103;103218;103307;103212;103330;927;335
2022-11-21;1424;1069;103315;102444;102226;103329;30601;12989
2022-11-22;1433;1304;102441;103103;102419;103106;27072;10934
2022-11-23;1430;973;103123;104179;102965;104192;32219;13150
2022-11-24;1405;744;104180;104077;103817;104486;24438;11055
2022-11-25;1317;990;104073;103972;103547;104292;26239;11017
2022-11-27;115;0;103731;103664;103655;103810;1669;701
2022-11-28;1430;1116;103691;103434;103302;104968;33681;13993
2022-11-29;1429;826;103435;103232;103192;103943;33978;14683
2022-11-30;1435;780;103228;104233;102902;104300;39057;16143
2022-12-01;1434;546;104236;105278;103930;105393;41667;17204
2022-12-02;1320;828;105268;105404;104282;105449;35887;14348
2022-12-04;108;95;105330;105431;105308;105439;1466;601
2022-12-05;1433;537;105453;104967;104798;105945;32262;14040
2022-12-06;1424;343;104965;104676;104593;105328;29933;12525
2022-12-07;1429;770;104674;105120;104433;105498;32325;13124
2022-12-08;1414;714;105112;105560;104895;105648;28208;11654
2022-12-09;1320;723;105560;105323;105029;105883;29175;11709
2022-12-11;102;29;105289;105209;105181;105372;1118;468
2022-12-12;1433;1134;105214;105413;105058;105799;25122;11501
2022-12-13;1425;1067;105414;106245;105279;106732;34161;15057
2022-12-14;1428;830;106259;106760;106189;106950;35539;14095
2022-12-15;1433;767;106755;106383;105923;107360;36017;15074
2022-12-16;1320;637;106389;105856;105843;106629;28890;11927
2022-12-18;111;111;105866;105841;105826;105958;1442;617
2022-12-19;1430;472;105847;106122;105757;106579;26076;11141
2022-12-20;1429;394;106117;106249;105789;106585;36069;14644
2022-12-21;1430;341;106250;106077;105902;106453;25449;10477
2022-12-22;1428;919;106072;106013;105732;106593;25716;10753
2022-12-23;1320;1042;106012;106156;105866;106327;24220;9678
2022-12-26;1090;354;106201;106396;106148;106456;7426;3429
2022-12-27;1416;252;106381;106370;106115;106694;22189;9607
2022-12-28;1423;441;106378;106288;106062;106742;23304;9654
2022-12-29;1418;866;106274;106601;106111;106904;22370;9581
2022-12-30;1320;731;106612;107049;106384;107131;26318;11159
2023-01-01;90;76;106944;106975;106805;107058;1963;903
2023-01-02;1303;939;106978;106766;106500;107075;18078;8486
2023-01-03;1422;1075;106749;105456;105194;106802;34000;14407
2023-01-04;1431;766;105464;106067;105450;106352;32656;13007
2023-01-05;1423;797;106044;105206;105150;106312;30700;12270
2023-01-06;1320;635;105208;106451;104819;106478;30512;12399
2023-01-08;100;100;106404;106602;106375;106627;1298;650
2023-01-09;1433;850;106634;107331;106513;107605;29647;11863
2023-01-10;1413;922;107315;107383;107119;107592;28290;11046
2023-01-11;1424;1068;107381;107652;107254;107762;25279;10263
2023-01-12;1430;695;107654;108593;107253;108667;36062;14649
2023-01-13;1320;608;108590;108325;107802;108677;27454;11585
2023-01-15;109;21;108327;108224;108200;108349;1428;603
2023-01-16;1416;690;108224;108294;108013;108741;20124;8512
2023-01-17;1425;413;108282;107884;107743;108692;30581;12706
2023-01-18;1424;967;107887;107972;107658;108871;35911;14597
2023-01-19;1425;637;107965;108338;107822;108398;28862;12095
2023-01-20;1320;562;108331;108556;108021;108586;23682;9997
2023-01-22;102;102;108638;108644;108605;108695;1053;456
2023-01-23;1425;316;108649;108713;108461;109267;26302;11560
2023-01-24;1422;250;108716;108891;108349;108977;24861;10713
2023-01-25;1421;602;108895;109206;108571;109235;24343;10769
2023-01-26;1413;1005;109206;108929;108503;109293;24761;10841
2023-01-27;1318;394;108945;108688;108375;109000;21184;9135
2023-01-29;112;27;108607;108714;108600;108725;768;347
2023-01-30;1425;648;108719;108498;108389;109136;22836;9869
2023-01-31;1429;1025;108501;108606;108017;108747;23347;9887
2023-02-01;1431;1057;108600;110125;108520;110328;29597;11487
2023-02-02;1422;940;110139;109047;108854;110266;31752;13142
2023-02-03;1320;705;109041;107946;107921;109399;28868;12203
2023-02-05;114;114;107824;107892;107817;107983;1767;828
2023-02-06;1426;1244;107889;107286;107093;107988;24314;10315
2023-02-07;1425;1048;107293;107304;106691;107664;29626;12623
2023-02-08;1430;537;107299;107154;107088;107607;22494;9775
2023-02-09;1431;1128;107153;107393;107094;107906;22859;9538
2023-02-10;1320;452;107389;106774;106662;107528;22843;9355
2023-02-12;107;21;106814;106774;106711;106828;1153;454
2023-02-13;1418;1374;106768;107311;106553;107322;20273;8899
2023-02-14;1426;879;107305;107349;107066;108045;31020;13280
2023-02-15;1427;818;107347;106913;106604;107442;23763;10078
2023-02-16;1430;1133;106919;106654;106544;107222;24989;10557
2023-02-17;1320;525;106641;106941;106126;106982;22784;9644
2023-02-19;110;105;106853;106838;106824;106929;818;399
2023-02-20;1413;1114;106837;106827;106700;107045;14746;6600
2023-02-21;1430;512;106817;106515;106373;106980;24536;10510
2023-02-22;1425;1003;106501;106054;105987;106638;23838;10135
2023-02-23;1427;1047;106063;105975;105769;106275;21549;8870
2023-02-24;1320;1087;105976;105449;105360;106142;23632;9381
2023-02-26;108;81;105458;105536;105446;105551;678;354
2023-02-27;1430;861;105535;106092;105328;106197;21411;9021
2023-02-28;1431;680;106092;105766;105736;106450;23602;10022
2023-03-01;1428;1126;105766;106685;105652;106912;25609;10763
2023-03-02;1425;1102;106674;105984;105764;106726;23871;9788
2023-03-03;1319;659;105988;106344;105881;106384;20754;8448
2023-03-05;113;113;106256;106256;106228;106283;871;400
2023-03-06;1427;865;106258;106855;106221;106941;22498;9395
2023-03-07;1422;1037;106852;105482;105459;106943;25259;10416
2023-03-08;1408;1227;105487;105488;105242;105737;23607;9571
2023-03-09;1427;1373;105490;105852;105378;105910;21121;9284
2023-03-10;1320;907;105858;106395;105738;107006;32619;12855
2023-03-12;115;9;106997;106810;106764;107028;4282;1689
2023-03-13;1431;856;106815;107237;106501;107484;40826;16116
2023-03-14;1415;305;107219;107267;106787;107495;31764;12680
2023-03-15;1427;1103;107263;105821;105158;107596;39144;15616
2023-03-16;1431;880;105793;106134;105506;106354;37591;15049
2023-03-17;1260;518;106135;106664;106114;106849;24645;10187
2023-03-19;115;8;106866;106801;106658;106880;1489;753
2023-03-20;1427;952;106803;107183;106311;107306;26569;10918
2023-03-21;1427;1244;107189;107726;107038;107882;21188;8959
2023-03-22;1427;1354;107727;108687;107588;109120;27617;11882
2023-03-23;1430;816;108700;108345;108240;109296;27765;11863
2023-03-24;1260;1177;108335;107607;107128;108368;28252;12184
2023-03-26;165;0;107710;107770;107647;107797;1810;754
2023-03-27;1421;1129;107753;108066;107448;108076;20517;9185
2023-03-28;1428;889;108050;108387;108034;108484;19741;9051
2023-03-29;1421;792;108411;108426;108177;108696;19878;9141
2023-03-30;1427;830;108424;109041;108233;109263;20944;9181
2023-03-31;1260;1058;109050;108421;108364;109255;21921;9719
2023-04-02;165;62;108407;108023;108010;108441;2637;1364
2023-04-03;1425;1134;108038;109071;107881;109165;23136;10243
2023-04-04;1421;936;109067;109573;108826;109730;22291;10038
2023-04-05;1427;754;109573;109030;108909;109694;20450;9119
2023-04-06;1418;568;109035;109194;108843;109375;17310;7667
2023-04-07;1220;1189;109204;109050;108762;109238;9650;5262
2023-04-09;162;162;108978;109130;108961;109134;1391;688
2023-04-10;1417;1264;109136;108686;108311;109169;15135;7292
2023-04-11;1424;1302;108696;109163;108668;109278;17183;7755
2023-04-12;1423;1327;109171;109968;109145;110003;19927;9077
2023-04-13;1422;732;109961;110513;109765;110675;19003;8488
2023-04-14;1259;1107;110505;109934;109722;110756;19913;8533
2023-04-16;161;161;109907;109840;109831;109942;1342;747
2023-04-17;1395;1138;109842;109240;109091;109996;18009;8446
2023-04-18;1417;976;109252;109748;109221;109828;17406;7814
2023-04-19;1422;671;109757;109513;109171;109838;18803;8550
2023-04-20;1425;75;109522;109677;109333;109895;19790;8931
2023-04-21;1259;588;109671;109894;109379;109935;19227;8703
2023-04-23;169;0;109894;109918;109866;109960;874;494
2023-04-24;1428;743;109906;110569;109656;110569;18800;8107
2023-04-25;1433;1341;110571;109780;109641;110669;20966;8991
2023-04-26;1426;829;109784;110449;109683;110951;23892;10369
2023-04-27;1418;1068;110449;110314;109919;110633;22448;9999
2023-04-28;1258;701;110324;110177;109623;110448;25467;10877
2023-04-30;165;64;110211;110105;110099;110220;1337;620
2023-05-01;1425;118;110105;109685;109642;110354;17562;7636
2023-05-02;1433;833;109697;110106;109419;110136;22579;9731
2023-05-03;1433;838;110114;110686;110046;110914;26515;11178
2023-05-04;1425;610;110691;110227;109858;110916;28992;12288
2023-05-05;1260;777;110224;110181;109666;110477;21012;9249
2023-05-07;160;0;110174;110181;110141;110228;945;477
2023-05-08;1421;1224;110180;109959;109952;110536;16230;7161
2023-05-09;1422;579;109965;109644;109410;110006;17123;7447
2023-05-10;1424;590;109651;109827;109413;110066;19645;8742
2023-05-11;1427;1063;109828;109120;109000;109978;19491;8120
2023-05-12;1258;1095;109131;108491;108477;109353;15690;6810
2023-05-14;169;167;108536;108525;108450;108549;955;489
2023-05-15;1422;64;108531;108734;108481;108906;14233;6259
2023-05-16;1420;962;108741;108651;108547;109044;16657;7936
2023-05-17;1412;1159;108659;108377;108101;108734;17063;7666
2023-05-18;1423;1278;108377;107748;107623;108478;15868;7415
2023-05-19;1260;665;107756;108064;107598;108286;18400;8400
2023-05-21;150;109;108049;108221;108047;108240;901;542
2023-05-22;1431;1272;108225;108103;107954;108311;18590;8176
2023-05-23;1428;660;108108;107690;107600;108203;19622;8506
2023-05-24;1430;838;107695;107556;107421;108011;20921;9117
2023-05-25;1424;248;107546;107239;107072;107557;18350;7819
2023-05-26;1260;550;107242;107260;107016;107584;18177;8088
2023-05-28;155;35;107199;107220;107181;107290;994;559
2023-05-29;1410;457;107209;107068;107053;107434;9459;4733
2023-05-30;1427;973;107068;107313;106724;107464;19850;8945
2023-05-31;1427;696;107317;106932;106350;107354;22214;9683
2023-06-01;1429;796;106927;107602;106617;107681;20568;9065
2023-06-02;1259;948;107609;107075;107047;107788;18219;8052
2023-06-04;159;0;107076;106967;106937;107084;948;429
2023-06-05;1433;155;106957;107113;106744;107222;16695;7582
2023-06-06;1419;584;107111;106984;106668;107326;16766;7567
2023-06-07;1429;914;106991;107067;106683;107394;17328;7624
2023-06-08;1428;907;107069;107817;107007;107870;17082;7526
2023-06-09;1259;387;107820;107488;107427;107850;14963;6434
2023-06-11;170;170;107459;107499;107428;107512;952;528
2023-06-12;1434;1100;107486;107621;107330;107899;16221;7395
2023-06-13;1431;804;107623;107890;107592;108233;19281;8543
2023-06-14;1434;897;107897;108425;107734;108640;19468;8708
2023-06-15;1430;692;108425;109451;108036;109525;22696;9706
2023-06-16;1260;274;109458;109425;109175;109704;18801;7989
2023-06-18;171;24;109397;109395;109264;109431;1493;850
2023-06-19;1425;39;109399;109235;109070;109462;13552;6212
2023-06-20;1430;617;109233;109198;108918;109459;18681;8059
2023-06-21;1431;978;109193;109916;109054;109924;18612;7695
2023-06-22;1427;1047;109911;109553;109482;110121;18288;8004
2023-06-23;1260;1184;109550;108938;108442;109590;20461;8330
2023-06-25;179;179;109031;109060;108919;109070;1761;673
2023-06-26;1423;1311;109069;109095;108870;109200;17370;6716
2023-06-27;1432;1021;109082;109567;109018;109766;19562;7735
2023-06-28;1424;861;109567;109147;108966;109622;19582;7858
2023-06-29;1423;323;109153;108669;108599;109412;21666;8800
2023-06-30;1260;490;108678;109110;108350;109317;20022;7884
2023-07-02;171;0;109083;109067;109060;109128;868;408
2023-07-03;1433;791;109067;109122;108701;109336;18486;7561
2023-07-04;1431;1135;109115;108820;108764;109163;14032;5725
2023-07-05;1432;348;108837;108547;108507;109078;19022;7714
2023-07-06;1433;839;108553;108894;108332;109004;24278;10227
2023-07-07;1259;606;108889;109691;108668;109731;21854;8906
2023-07-09;178;38;109589;109665;109578;109692;1021;566
2023-07-10;1429;1032;109674;110049;109433;110053;18330;7193
2023-07-11;1429;731;110045;110133;109767;110270;18439;7300
2023-07-12;1436;1394;110130;111399;110118;111402;22509;8883
2023-07-13;1436;1185;111405;112226;111296;112291;22462;9173
2023-07-14;1259;295;112236;112278;112039;112448;21386;8404
2023-07-16;177;1;112306;112267;112226;112346;1249;627
2023-07-17;1427;145;112272;112367;112030;112487;18121;7333
2023-07-18;1432;769;112364;112277;112087;112756;23702;10365
2023-07-19;1426;775;112286;112043;111742;112399;20461;9031
2023-07-20;1429;1311;112056;111337;111183;112288;19112;8319
2023-07-21;1259;692;111323;111260;111077;111449;16806;7175
2023-07-23;164;116;111201;111238;111198;111317;1105;713
2023-07-24;1428;660;111237;110624;110593;111468;21285;9309
2023-07-25;1431;1036;110636;110495;110207;110867;17472;8173
2023-07-26;1432;1327;110503;110776;110377;111063;21412;8727
2023-07-27;1427;734;110780;109777;109658;111495;27330;11699
2023-07-28;1260;461;109787;110171;109434;110473;26302;11352
2023-07-30;172;27;110101;110233;110096;110278;1290;740
2023-07-31;1431;619;110236;109963;109928;110456;18671;8329
2023-08-01;1431;359;109965;110071;109522;110195;20384;9666
2023-08-02;1426;848;110061;109430;109178;110078;20677;9187
2023-08-03;1427;1038;109426;109505;109121;109627;22629;10275
2023-08-04;1259;1000;109509;110085;109350;110417;20572;9100
2023-08-06;170;170;110090;110019;110005;110152;1332;689
2023-08-07;1418;976;110033;110021;109653;110116;15477;7154
2023-08-08;1429;987;110034;109583;109290;110110;19116;8645
2023-08-09;1418;1322;109594;109768;109551;109952;16548;7774
2023-08-10;1424;836;109766;109811;109671;110650;22562;9939
2023-08-11;1258;1158;109808;109467;109427;110048;18186;8107
2023-08-13;174;169;109488;109431;109395;109521;1007;537
2023-08-14;1425;424;109435;109072;108745;109601;19137;8533
2023-08-15;1429;451;109075;109035;108968;109521;21610;9232
2023-08-16;1428;618;109027;108741;108714;109343;19986;8706
2023-08-17;1433;515;108739;108737;108563;109185;20574;8966
2023-08-18;1259;595;108740;108724;108448;108936;17326;7644
2023-08-20;157;157;108668;108742;108658;108780;782;484
2023-08-21;1425;251;108749;108973;108693;109137;16391;7406
2023-08-22;1422;713;108980;108459;108328;109302;16362;7483
2023-08-23;1436;1179;108465;108651;108022;108710;20364;9044
2023-08-24;1434;1040;108652;107983;107920;108764;18246;8161
2023-08-25;1258;658;107987;107954;107656;108416;20238;8771
2023-08-27;170;170;107958;107964;107928;108005;975;590
2023-08-28;1428;81;107976;108250;107959;108293;15300;7168
2023-08-29;1428;572;108260;108684;107819;108918;19863;9226
2023-08-30;1421;1325;108695;109288;108549;109451;19403;8425
2023-08-31;1420;761;109289;108424;108350;109394;19707;8815
2023-09-01;1254;198;108431;107753;107718;108817;19757;8582
2023-09-03;156;0;107761;107751;107710;107808;800;524
2023-09-04;1348;974;107754;107908;107731;108086;10408;5088
2023-09-05;1420;731;107910;107240;107061;107982;18175;8370
2023-09-06;1419;206;107246;107233;107023;107486;17837;7955
2023-09-07;1413;707;107235;106968;106859;107316;16057;7105
2023-09-08;1253;827;106974;107007;106939;107435;14855;6565
2023-09-10;175;172;107143;107159;107075;107199;1230;660
2023-09-11;1410;358;107168;107469;107098;107591;16106;7473
2023-09-12;1432;495;107470;107526;107053;107689;16230;7712
2023-09-13;1428;855;107548;107322;107107;107646;20609;8818
2023-09-14;1420;1169;107322;106347;106316;107519;20935;9017
2023-09-15;1258;1110;106351;106598;106330;106876;16893;7119
2023-09-17;168;168;106586;106673;106582;106686;802;505
2023-09-18;1411;1057;106678;106915;106544;106985;13890;6367
2023-09-19;1416;933;106932;106808;106749;107177;14682;6788
2023-09-20;1423;863;106813;106500;106471;107366;19366;8677
2023-09-21;1429;752;106492;106600;106168;106734;20933;9220
2023-09-22;1259;730;106608;106457;106148;106715;18094;8099
2023-09-24;168;168;106498;106474;106462;106534;688;476
2023-09-25;1411;1294;106486;105910;105750;106553;15490;7038
2023-09-26;1421;983;105913;105687;105618;106088;16151;7530
2023-09-27;1432;1225;105690;105049;104878;105739;19202;8955
2023-09-28;1424;1120;105055;105617;104909;105787;21738;9720
2023-09-29;1255;749;105627;105731;105579;106168;21308;9296
2023-10-01;169;0;105652;105632;105572;105721;1541;788
2023-10-02;1414;599;105636;104794;104747;105916;19327;8462
2023-10-03;1431;686;104786;104681;104481;104933;23235;10179
2023-10-04;1434;1167;104681;105061;104512;105321;21967;9630
2023-10-05;1424;581;105061;105457;104999;105516;20677;8998
2023-10-06;1260;692;105468;105866;104821;105997;23804;10040
2023-10-08;176;0;105493;105661;105492;105678;2497;1064
2023-10-09;1433;989;105667;105782;105193;105791;18870;8263
2023-10-10;1428;560;105796;106037;105541;106196;22546;9515
2023-10-11;1432;205;106050;106231;105807;106345;22429;9473
2023-10-12;1433;1022;106237;105355;105255;106395;20262;8630
2023-10-13;1260;634;105358;105085;104954;105583;19048;7919
2023-10-15;173;173;105048;105209;105048;105250;1906;1047
2023-10-16;1430;916;105215;105535;105153;105625;17105;7368
2023-10-17;1430;591;105549;105719;105328;105946;20167;8882
2023-10-18;1419;910;105726;105373;105229;105940;19665;8517
2023-10-19;1426;1201;105382;105855;105279;106163;23962;10113
2023-10-20;1260;827;105860;105938;105648;106034;18609;7946
2023-10-22;176;90;105936;105891;105881;105967;991;527
2023-10-23;1431;929;105895;106691;105712;106777;18905;8238
2023-10-24;1430;1265;106705;105945;105829;106941;20612;8904
2023-10-25;1435;839;105945;105660;105597;106065;17595;7431
2023-10-26;1432;485;105660;105634;105220;105690;20586;9020
2023-10-27;1259;300;105636;105650;105352;105969;18758;8150
2023-10-29;118;118;105662;105622;105585;105672;812;480
2023-10-30;1430;966;105614;106136;105469;106249;16942;7426
2023-10-31;1434;1230;106134;105776;105574;106747;21538;9450
2023-11-01;1429;910;105770;105858;105166;105863;22656;9632
2023-11-02;1431;1176;105880;106151;105836;106674;19798;8677
2023-11-03;1258;870;106163;107304;106147;107466;19376;8575
2023-11-05;113;0;107228;107311;107217;107329;624;357
2023-11-06;1423;1078;107304;107179;107159;107561;16258;7309
2023-11-07;1427;501;107179;106952;106640;107192;17413;7603
2023-11-08;1438;733;106955;107105;106592;107158;17602;7620
2023-11-09;1428;831;107117;106662;106599;107252;19471;8517
2023-11-10;1315;1143;106662;106859;106560;106925;17112;7697
2023-11-12;114;52;106825;106901;106806;106902;546;292
2023-11-13;1420;861;106900;107008;106648;107060;15596;6862
2023-11-14;1433;1108;107011;108773;106927;108869;21101;9400
2023-11-15;1429;406;108778;108532;108315;108855;20401;8892
2023-11-16;1423;565;108538;108525;108300;108954;19075;8543
2023-11-17;1319;888;108535;109139;108247;109153;18723;8156
2023-11-19;115;115;109081;109053;109050;109114;727;346
2023-11-20;1432;276;109047;109445;108974;109516;18907;8328
2023-11-21;1435;1386;109451;109165;109000;109650;19557;8454
2023-11-22;1421;1122;109170;108875;108522;109227;19643;8565
2023-11-23;1374;1000;108881;109035;108871;109308;13402;6182
2023-11-24;1316;1205;109046;109412;108949;109484;14534;6330
2023-11-26;117;110;109442;109395;109381;109471;712;357
2023-11-27;1427;761;109391;109583;109250;109591;17696;7682
2023-11-28;1429;694;109599;110033;109344;110089;20927;9222
2023-11-29;1434;1195;110037;109728;109601;110171;21785;9359
2023-11-30;1432;906;109730;108915;108791;109839;22753;10209
2023-12-01;1320;1145;108923;108801;108287;109127;22756;9488
2023-12-03;112;112;108755;108858;108748;108946;1568;655
2023-12-04;1431;1110;108856;108367;108040;108863;20901;9089
2023-12-05;1432;803;108374;107929;107781;108473;22403;9277
2023-12-06;1436;302;107937;107660;107582;108045;18983;8081
2023-12-07;1437;779;107666;107892;107551;108176;21135;9092
2023-12-08;1317;1126;107909;107618;107232;108006;22426;9415
2023-12-10;106;41;107555;107647;107555;107674;658;396
2023-12-11;1426;721;107668;107649;107415;107789;16994;7587
2023-12-12;1436;888;107652;107978;107611;108280;19390;8460
2023-12-13;1432;1315;107985;108821;107730;108964;22710;9654
2023-12-14;1435;1070;108836;109935;108791;110091;28778;12039
2023-12-15;1320;1061;109930;108948;108886;110037;24087;10168
2023-12-17;118;118;108948;108944;108916;108972;594;298
2023-12-18;1436;1427;108954;109229;108938;109311;17690;7513
2023-12-19;1427;920;109228;109792;109148;109873;18591;7892
2023-12-20;1437;387;109786;109430;109294;109794;18471;7870
2023-12-21;1433;1410;109428;110055;109351;110121;20289;8745
2023-12-22;1320;1059;110062;110134;109935;110401;18743;8208
2023-12-26;1180;1180;110273;110420;110086;110448;9393;4405
2023-12-27;1429;902;110420;111077;110284;111225;16033;7569
2023-12-28;1435;624;111080;110670;110550;111393;19702;9070
2023-12-29;1318;1102;110671;110364;110337;110842;19171;8707
2024-01-01;104;104;110422;110362;110353;110446;452;226
2024-01-02;1436;1200;110369;109410;109379;110433;21050;9097
2024-01-03;1435;939;109417;109253;108928;109654;23188;9816
2024-01-04;1430;951;109259;109462;109160;109721;20204;8489
2024-01-05;1317;633;109460;109426;108766;109983;24329;10286
2024-01-07;66;0;109429;109413;109344;109440;535;242
2024-01-08;1430;243;109413;109492;109226;109787;18523;7863
2024-01-09;1427;659;109499;109312;109104;109663;18994;7793
2024-01-10;1427;856;109324;109736;109227;109743;16583;7052
2024-01-11;1433;555;109742;109820;109301;109994;24310;10182
2024-01-12;1320;1008;109826;109501;109358;109868;18936;7959
2024-01-14;116;49;109460;109443;109436;109503;730;377
2024-01-15;1396;1317;109450;109446;109334;109675;13343;5846
2024-01-16;1429;566;109453;108781;108621;109462;22440;9162
2024-01-17;1437;408;108784;108852;108445;108856;20511;8666
2024-01-18;1434;572;108857;108792;108466;109067;20464;8837
2024-01-19;1319;23;108793;108978;108655;108983;16111;6911
2024-01-21;119;7;108898;108913;108859;108973;1298;575
2024-01-22;1433;534;108925;108770;108764;109094;15372;6875
2024-01-23;1433;898;108769;108570;108215;109160;16979;7857
2024-01-24;1432;1091;108570;108810;108513;109320;19117;8344
2024-01-25;1434;536;108805;108453;108215;109020;20724;8808
2024-01-26;1314;781;108453;108538;108129;108854;16621;7683
2024-01-28;117;7;108424;108418;108409;108489;1094;404
2024-01-29;1430;459;108425;108333;107958;108501;15034;6932
2024-01-30;1434;275;108341;108426;108118;108573;17096;7769
2024-01-31;1435;907;108432;108033;107944;108873;26099;10899
2024-02-01;1431;560;108035;108739;107799;108759;20909;8934
2024-02-02;1319;987;108745;107874;107804;108975;18637;8363
2024-02-04;116;102;107854;107794;107696;107862;1133;558
2024-02-05;1431;916;107766;107406;107232;107860;17066;7510
2024-02-06;1424;849;107416;107562;107226;107623;15860;7090
2024-02-07;1434;0;107566;107751;107557;107838;15980;6779
2024-02-08;1432;135;107751;107769;107415;107888;14664;6476
2024-02-09;1312;224;107779;107855;107621;107950;14441;6268
2024-02-11;113;60;107794;107972;107780;107978;789;402
2024-02-12;1425;656;107975;107715;107557;108055;12618;5708
2024-02-13;1435;532;107722;107080;107005;107971;17631;7620
2024-02-14;1430;1372;107083;107316;106948;107343;14993;6729
2024-02-15;1432;823;107321;107722;107246;107848;14530;6229
2024-02-16;1319;458;107729;107775;107319;107874;14277;6094
2024-02-18;118;103;107717;107836;107715;107846;639;391
2024-02-19;1407;1118;107840;107750;107620;107893;9800;4484
2024-02-20;1433;1083;107757;108098;107617;108388;14194;6333
2024-02-21;1438;1053;108086;108200;107898;108242;14317;6342
2024-02-22;1433;829;108202;108249;108024;108879;16997;7573
2024-02-23;1316;10;108256;108209;108118;108395;12958;5737
2024-02-25;116;0;108299;108186;108175;108299;887;457
2024-02-26;1419;692;108194;108500;108126;108597;11921;5352
2024-02-27;1426;1059;108504;108408;108328;108658;12797;5834
2024-02-28;1432;234;108413;108379;107965;108459;13803;5908
2024-02-29;1434;607;108382;108052;107958;108558;17974;7618
2024-03-01;1311;1145;108057;108397;107981;108431;14237;6242
2024-03-03;116;116;108362;108409;108357;108437;698;321
2024-03-04;1431;1366;108417;108538;108377;108666;12197;5277
2024-03-05;1437;1329;108537;108552;108407;108758;13002;5577
2024-03-06;1433;915;108554;108986;108421;109153;14432;5986
2024-03-07;1434;193;108994;109503;108678;109509;16519;7157
2024-03-08;1319;271;109509;109385;109186;109810;16311;7016
2024-03-10;117;0;109391;109426;109355;109432;631;273
2024-03-11;1434;71;109420;109302;109145;109480;12342;5474
2024-03-12;1421;112;109310;109263;109019;109439;14092;5923
2024-03-13;1434;475;109268;109525;109201;109637;12023;5417
2024-03-14;1423;1073;109534;108824;108806;109546;13198;5890
2024-03-15;1252;596;108827;108880;108730;108996;10426;4737
2024-03-17;118;55;108899;108829;108812;108908;513;236
2024-03-18;1420;828;108837;108728;108659;109061;9581;4499
2024-03-19;1427;409;108732;108613;108347;108765;12080;5357
2024-03-20;1431;733;108617;109368;108364;109370;14762;6657
2024-03-21;1427;1358;109354;108615;108553;109424;14804;6665
2024-03-22;1257;492;108624;108075;108017;108679;11719;5337
2024-03-24;113;113;108064;108068;108055;108093;447;274
2024-03-25;1413;218;108072;108365;108020;108424;9868;4813
2024-03-26;1416;1040;108372;108318;108242;108642;11233;5452
2024-03-27;1428;1428;108322;108119;108098;108390;11595;5429
2024-03-28;1435;1132;108130;107910;107749;108266;14039;6224
2024-03-29;1254;637;107902;107930;107679;108053;9119;3476
2024-03-31;176;176;107867;107920;107851;107967;1517;761
2024-04-01;1415;1367;107926;107366;107308;107988;10968;5262
2024-04-02;1413;1413;107360;107675;107245;107789;12357;5665
2024-04-03;1415;962;107677;108377;107639;108402;12633;6086
2024-04-04;1431;609;108385;108359;108317;108764;12512;5712
2024-04-05;1259;314;108360;108370;107913;108477;14187;6818
2024-04-07;176;119;108362;108291;108268;108375;869;449
2024-04-08;1423;635;108290;108615;108208;108630;11997;5323
2024-04-09;1414;798;108621;108583;108476;108849;11353;5208
2024-04-10;1433;1350;108587;107408;107287;108664;17810;8019
2024-04-11;1415;1101;107400;107257;106991;107564;17185;7583
2024-04-12;1259;707;107253;106415;106224;107281;15659;7144
2024-04-14;171;0;106326;106463;106297;106511;1779;775
2024-04-15;1436;550;106468;106241;106202;106651;17549;7631
2024-04-16;1434;866;106234;106202;106008;106536;20726;9246
2024-04-17;1431;767;106210;106683;106060;106796;18144;8213
2024-04-18;1420;750;106686;106422;106396;106899;15657;6906
2024-04-19;1259;356;106419;106566;106101;106776;20278;8423
2024-04-21;168;0;106515;106570;106500;106624;1268;671
2024-04-22;1426;715;106577;106531;106239;106706;13489;6146
2024-04-23;1426;735;106547;107021;106385;107113;16712;8192
2024-04-24;1429;942;107023;106992;106779;107141;14284;6651
2024-04-25;1424;164;107005;107261;106783;107397;16619;7522
2024-04-26;1260;348;107260;106931;106739;107528;15780;7011
2024-04-28;172;0;106897;107062;106887;107066;999;517
2024-04-29;1427;1003;107071;107141;106902;107337;15996;7070
2024-04-30;1433;570;107146;106654;106644;107352;17972;8248
2024-05-01;1433;1148;106664;107166;106493;107326;19284;8100
2024-05-02;1432;643;107157;107293;106741;107304;16766;7230
2024-05-03;1259;841;107286;107630;107244;108122;17867;7618
2024-05-05;164;0;107600;107576;107569;107650;714;460
2024-05-06;1425;361;107570;107667;107552;107907;11555;5297
2024-05-07;1428;206;107679;107495;107470;107871;13290;5974
2024-05-08;1421;469;107493;107463;107349;107573;11468;5186
2024-05-09;1421;809;107465;107812;107238;107854;12227;5359
2024-05-10;1253;1009;107819;107710;107602;107900;11422;4951
2024-05-12;173;173;107705;107698;107666;107747;891;383
2024-05-13;1423;701;107700;107917;107657;108067;9931;4575
2024-05-14;1412;1037;107911;108135;107671;108255;11922;5246
2024-05-15;1430;1161;108135;108881;108130;108896;14898;6854
2024-05-16;1419;1301;108877;108672;108543;108949;12170;5281
2024-05-17;1256;439;108678;108692;108355;108783;10125;4876
2024-05-19;170;170;108658;108719;108637;108737;619;383
2024-05-20;1423;1423;108718;108599;108542;108844;10154;4847
2024-05-21;1428;1070;108594;108538;108426;108746;11973;5242
2024-05-22;1431;636;108545;108248;108174;108634;12742;5647
2024-05-23;1429;570;108250;108114;108047;108609;15178;6582
2024-05-24;1256;669;108112;108453;108054;108578;11012;4815
2024-05-26;168;0;108442;108462;108395;108509;757;380
2024-05-27;1367;0;108469;108610;108405;108674;8168;3977
2024-05-28;1433;1318;108614;108508;108507;108890;12367;5320
2024-05-29;1420;1037;108509;108008;107992;108587;13763;6373
2024-05-30;1425;917;108006;108307;107882;108449;13046;5663
2024-05-31;1259;762;108315;108472;108111;108822;14491;6153
2024-06-02;174;39;108461;108521;108435;108540;1007;498
2024-06-03;1432;687;108521;109065;108277;109094;13579;5854
2024-06-04;1418;616;109081;108812;108588;109159;14366;6209
2024-06-05;1432;210;108806;108736;108541;108905;13421;5754
2024-06-06;1415;873;108744;108910;108618;109017;13525;6228
2024-06-07;1259;1259;108908;108017;107993;109018;13981;6281
2024-06-09;177;148;107744;107782;107620;107793;2548;1012
2024-06-10;1420;282;107789;107632;107327;107814;13836;6547
2024-06-11;1425;830;107639;107395;107194;107735;13535;6272
2024-06-12;1427;1338;107393;108122;107345;108522;18644;8375
2024-06-13;1432;1338;108126;107369;107328;108163;14962;7015
2024-06-14;1258;1003;107372;107042;106676;107446;15955;7082
2024-06-16;161;142;107030;107019;107000;107088;984;471
2024-06-17;1424;678;107029;107398;106863;107407;13991;6303
2024-06-18;1417;591;107396;107386;107098;107614;14418;6392
2024-06-19;1360;1289;107388;107468;107247;107533;9890;4876
2024-06-20;1431;785;107466;107058;107008;107480;13144;6162
2024-06-21;1250;792;107058;106924;106710;107205;13648;6274
2024-06-23;171;171;106835;106872;106820;106951;955;501
2024-06-24;1414;1065;106873;107318;106836;107462;12292;5491
2024-06-25;1422;745;107325;107087;106906;107440;11076;5314
2024-06-26;1424;781;107086;106793;106659;107179;13310;6247
2024-06-27;1415;1049;106796;107072;106770;107265;13590;5862
2024-06-28;1258;1208;107075;107135;106853;107246;15053;6666
2024-06-30;173;0;107369;107346;107319;107440;1568;793
2024-07-01;1428;339;107352;107359;107194;107763;15311;7027
2024-07-02;1424;1075;107369;107472;107098;107489;12421;5789
2024-07-03;1389;1257;107482;107908;107360;108166;12182;6156
2024-07-04;1357;1357;107917;108099;107835;108137;8280;4008
2024-07-05;1259;218;108104;108390;107996;108424;12984;5838
2024-07-07;179;86;108007;108251;107982;108326;1911;970
2024-07-08;1402;376;108261;108302;108145;108448;11979;5565
2024-07-09;1392;982;108309;108140;108053;108332;11299;5091
2024-07-10;1422;1422;108153;108329;108107;108362;10091;4598
2024-07-11;1430;1337;108328;108734;108321;108997;15354;6638
2024-07-12;1257;785;108723;109065;108616;109111;12853;5560
2024-07-14;178;163;108806;108854;108795;108931;1381;648
2024-07-15;1428;264;108860;108977;108832;109222;13345;5967
2024-07-16;1420;610;108974;109014;108714;109054;12365;5318
2024-07-17;1428;971;109021;109398;108950;109480;13707;5779
2024-07-18;1422;1422;109401;109001;108935;109404;12942;5466
2024-07-19;1254;955;108995;108840;108755;109002;11856;4955
2024-07-21;177;174;108834;108982;108807;109022;1141;556
2024-07-22;1422;1404;108983;108886;108728;108995;11647;5301
2024-07-23;1427;1313;108894;108488;108437;108966;11730;5230
2024-07-24;1430;303;108497;108376;108254;108663;12965;5529
2024-07-25;1426;445;108376;108509;108281;108698;15354;6411
2024-07-26;1258;1194;108518;108558;108419;108681;11051;4886
2024-07-28;168;168;108559;108524;108524;108601;846;373
2024-07-29;1430;667;108525;108186;108026;108697;10607;4879
2024-07-30;1426;171;108180;108150;107981;108355;12017;5408
2024-07-31;1426;308;108160;108233;108016;108493;17470;8043
2024-08-01;1436;1151;108245;107859;107773;108353;16873;7544
2024-08-02;1260;1060;107854;109113;107817;109265;18786;8223
2024-08-04;177;117;109233;109099;109025;109235;1598;764
2024-08-05;1429;902;109105;109500;108924;110086;33611;13701
2024-08-06;1435;500;109509;109248;109035;109628;21856;8779
2024-08-07;1435;54;109254;109270;109053;109364;17255;7084
2024-08-08;1422;1044;109273;109144;108813;109450;16501;7157
2024-08-09;1259;1257;109141;109159;109089;109311;11510;5242
2024-08-11;175;175;109142;109124;109097;109188;831;422
2024-08-12;1430;1380;109128;109356;109116;109392;11005;5264
2024-08-13;1434;1089;109355;109953;109135;109993;13241;6058
2024-08-14;1431;1062;109961;110111;109862;110473;14161;6678
2024-08-15;1428;1421;110118;109722;109494;110153;12649;6154
2024-08-16;1257;1251;109728;110282;109716;110293;10403;4624
2024-08-18;176;176;110267;110241;110223;110336;927;504
2024-08-19;1421;1421;110240;110851;110230;110870;12637;5901
2024-08-20;1438;1096;110856;111269;110717;111311;14112;6391
2024-08-21;1430;750;111273;111546;110991;111739;16984;7535
2024-08-22;1439;710;111548;111158;110979;111649;15366;7152
2024-08-23;1260;909;111150;111924;111053;112006;16784;7704
2024-08-25;178;178;111852;111886;111850;111952;1411;722
2024-08-26;1436;756;111894;111640;111499;112014;14542;6402
2024-08-27;1432;501;111638;111766;111499;111903;14152;6298
2024-08-28;1429;943;111758;111237;111048;111797;16673;7735
2024-08-29;1429;1298;111243;110797;110555;111398;18165;8220
2024-08-30;1256;541;110796;110474;110437;110948;16306;7282
2024-09-01;170;74;110443;110444;110437;110491;796;459
2024-09-02;1376;48;110443;110665;110418;110772;10707;5244
2024-09-03;1435;776;110669;110484;110262;110701;16924;7201
2024-09-04;1427;1380;110475;110798;110398;110950;16115;7367
2024-09-05;1427;748;110800;111105;110745;111194;16599;7197
2024-09-06;1258;429;111108;110851;110654;111554;20932;9643
2024-09-08;168;168;110793;110864;110793;110904;1059;549
2024-09-09;1419;558;110859;110346;110333;110909;14085;6353
2024-09-10;1422;242;110348;110198;110149;110495;12470;5724
2024-09-11;1434;756;110208;110099;110018;110547;17724;7703
2024-09-12;1417;1417;110104;110781;110054;110787;16022;7207
2024-09-13;1259;1135;110786;110759;110724;111017;14281;6365
2024-09-15;174;174;110761;110871;110744;110891;1139;560
2024-09-16;1436;1195;110875;111288;110865;111373;14040;6333
2024-09-17;1429;1030;111289;111219;111110;111460;15561;6776
2024-09-18;1428;942;111218;111137;110965;111889;22159;9929
2024-09-19;1434;761;111139;111589;110682;111787;22226;9522
2024-09-20;1260;948;111598;111635;111358;111816;16554;6793
2024-09-22;178;178;111548;111591;111543;111648;805;479
2024-09-23;1434;1132;111591;111102;110830;111671;17860;7863
2024-09-24;1426;1078;111111;111904;111031;111906;16660;7467
2024-09-25;1422;814;111909;111293;111213;112137;17011;7728
2024-09-26;1430;865;111295;111759;111255;111891;19905;8852
2024-09-27;1259;362;111764;111641;111245;112028;20191;8871
2024-09-29;176;17;111519;111684;111518;111719;1387;621
2024-09-30;1432;932;111693;111357;111134;112087;21100;9468
2024-10-01;1434;1326;111360;110639;110456;111439;21125;8903
2024-10-02;1432;1355;110654;110454;110325;110827;17221;7574
2024-10-03;1432;1332;110457;110349;110080;110465;18607;7542
2024-10-04;1260;780;110356;109751;109511;110394;18009;7655
2024-10-06;167;0;109613;109705;109594;109713;1470;756
2024-10-07;1431;292;109700;109738;109541;109867;16849;7022
2024-10-08;1429;1398;109747;109751;109608;109969;15270;6410
2024-10-09;1433;1433;109748;109409;109361;109786;14591;6305
2024-10-10;1431;783;109414;109331;108998;109548;17593;7483
2024-10-11;1260;1098;109338;109366;109259;109536;12436;5494
2024-10-13;166;166;109323;109228;109218;109331;866;445
2024-10-14;1423;1401;109232;109087;108880;109365;12692;6009
2024-10-15;1426;1186;109088;108828;108816;109165;13986;6194
2024-10-16;1424;1306;108834;108583;108531;109013;13363;5779
2024-10-17;1434;575;108589;108286;108109;108734;15194;6917
2024-10-18;1259;508;108289;108676;108272;108691;11409;5079
2024-10-20;161;161;108593;108677;108588;108712;829;422
2024-10-21;1433;1043;108681;108153;108109;108688;11190;4938
2024-10-22;1434;694;108157;107959;107925;108379;12454;5640
2024-10-23;1429;815;107960;107798;107610;108066;12425;5734
2024-10-24;1434;725;107805;108231;107703;108297;14519;6478
2024-10-25;1259;881;108242;107960;107928;108391;11320;5070
2024-10-27;177;7;107929;107959;107864;108012;1589;804
2024-10-28;1429;351;107963;108168;107820;108274;12914;5927
2024-10-29;1426;713;108169;108193;107687;108261;15929;7412
2024-10-30;1432;709;108197;108578;108078;108710;16186;7281
2024-10-31;1431;483;108581;108836;108439;108879;18044;8029
2024-11-01;1260;380;108836;108340;108315;109055;15121;6388
2024-11-03;117;117;108751;108729;108714;108818;1283;564
2024-11-04;1419;507;108727;108732;108697;109146;15586;7357
2024-11-05;1427;874;108737;109331;108724;109368;13543;6116
2024-11-06;1431;874;109320;107309;106823;109340;51122;22573
2024-11-07;1434;1215;107323;107953;107127;108246;26088;11492
2024-11-08;1320;1069;107949;107187;106866;107973;21745;9680
2024-11-10;117;114;107046;107128;107046;107165;1024;496
2024-11-11;1426;1352;107126;106625;106283;107277;18877;8903
2024-11-12;1434;488;106624;106161;105947;106630;21250;9437
2024-11-13;1435;655;106156;105649;105555;106543;25207;11075
2024-11-14;1435;921;105654;105283;104962;105823;26375;11955
2024-11-15;1320;649;105290;105396;105159;105927;24461;10598
2024-11-17;117;117;105285;105352;105285;105382;1084;499
2024-11-18;1436;1129;105348;105941;105301;106070;19814;8593
2024-11-19;1432;935;105943;106066;105231;106075;24244;10509
2024-11-20;1431;1158;106076;105453;105065;106096;20810;9369
2024-11-21;1434;1015;105454;104686;104620;105548;22814;10056
2024-11-22;1320;615;104695;104194;103325;104977;30046;13125
2024-11-24;119;17;104763;104792;104618;105007;3082;1437
2024-11-25;1435;665;104792;104478;104422;105300;28510;12324
2024-11-26;1435;1052;104417;104911;104249;105446;32446;13496
2024-11-27;1432;878;104923;105614;104742;105875;27354;11029
2024-11-28;1394;372;105609;105598;105274;105626;19157;8159
2024-11-29;1318;445;105605;105779;105414;105970;23467;9640
2024-12-01;118;118;105653;105442;105330;105703;1905;877
2024-12-02;1438;863;105447;105004;104605;105462;29544;12077
2024-12-03;1430;584;105007;105095;104804;105349;23016;9548
2024-12-04;1438;511;105095;105122;104721;105440;26622;11143
2024-12-05;1435;1101;105116;105856;105080;105894;22486;9778
2024-12-06;1320;654;105858;105680;105422;106297;23624;10036
2024-12-08;111;0;105541;105649;105535;105689;1035;538
2024-12-09;1436;890;105650;105540;105319;105942;19455;8572
2024-12-10;1435;1210;105531;105307;104982;105679;20233;8518
2024-12-11;1436;479;105312;105053;104801;105392;24650;10289
2024-12-12;1438;589;105053;104733;104636;105308;25822;10702
2024-12-13;1320;589;104729;105031;104530;105241;20800;8774
2024-12-15;119;0;104879;105089;104848;105104;1256;724
2024-12-16;1435;359;105101;105168;104744;105247;20336;8695
2024-12-17;1435;908;105172;104941;104790;105341;19019;7781
2024-12-18;1436;1339;104940;103495;103438;105125;25312;11207
2024-12-19;1437;558;103517;103639;103503;104222;26996;10816
2024-12-20;1320;922;103658;104297;103429;104474;23819;10157
2024-12-22;115;54;104274;104328;104268;104452;1567;816
2024-12-23;1435;778;104342;104040;103841;104452;18221;8252
2024-12-24;1135;1056;104042;103912;103833;104099;12123;5518
2024-12-26;1068;568;103976;104213;103903;104298;9686;4501
2024-12-27;1316;70;104217;104256;104049;104439;14906;6577
2024-12-29;115;0;104265;104291;104264;104341;879;492
2024-12-30;1422;264;104285;104053;103716;104582;18799;8700
2024-12-31;1138;825;104053;103532;103438;104242;16313;7159
2025-01-01;115;25;103515;103508;103460;103576;998;455
2025-01-02;1438;1329;103507;102673;102240;103756;24967;11534
2025-01-03;1320;1103;102674;103084;102645;103095;17264;7828
2025-01-05;119;119;103020;103045;102957;103076;788;379
2025-01-06;1439;897;103039;103828;102954;104366;29678;13219
2025-01-07;1439;1136;103828;103419;103387;104342;24163;10699
2025-01-08;1434;1104;103420;103133;102730;103574;23053;9755
2025-01-09;1436;1370;103139;102957;102834;103213;16915;7108
2025-01-10;1319;1120;102975;102446;102130;103117;23501;10109
2025-01-12;118;118;102303;102428;102295;102464;1004;525
2025-01-13;1439;1002;102434;102632;101776;102772;25681;10836
2025-01-14;1432;1149;102621;103057;102383;103084;24638;10724
2025-01-15;1435;806;103049;102947;102594;103543;23142;9862
2025-01-16;1435;163;102954;103009;102606;103150;23157;9803
2025-01-17;1319;371;103007;102710;102651;103305;20556;8769
2025-01-19;116;116;102757;102793;102660;102827;1075;572
2025-01-20;1438;1030;102816;104203;102780;104341;29712;13305
2025-01-21;1439;605;104209;104058;103417;104352;31332;13067
2025-01-22;1438;330;104070;104075;103997;104572;20871;8923
2025-01-23;1434;431;104081;104155;103716;104378;22057;9272
2025-01-24;1319;752;104148;104936;104114;105213;24535;10148
2025-01-26;118;39;104773;104668;104647;104849;1165;495
2025-01-27;1437;1226;104668;104387;104280;105330;26019;10703
2025-01-28;1436;640;104401;104274;104137;104564;22487;9555
2025-01-29;1438;606;104278;104241;103821;104434;24426;10433
2025-01-30;1436;664;104245;103969;103845;104675;25011;11092
2025-01-31;1320;572;103969;103596;103495;104338;27742;11867
2025-02-02;119;4;102418;102465;102346;102697;4603;1891
2025-02-03;1438;988;102453;103275;102107;103502;42032;17440
2025-02-04;1439;1130;103293;103709;102717;103872;24740;10228
2025-02-05;1436;1011;103728;103981;103695;104423;22260;9615
2025-02-06;1436;464;103994;103841;103523;104053;19224;8317
2025-02-07;1320;364;103852;103267;103050;104125;25081;10541
2025-02-09;119;117;102835;103100;102785;103131;1882;941
2025-02-10;1435;665;103103;103005;102981;103362;16661;7418
2025-02-11;1431;926;103007;103630;102920;103813;15718;7121
2025-02-12;1435;797;103632;103916;103169;104295;24403;10170
2025-02-13;1438;884;103921;104610;103723;104683;27845;12043
2025-02-14;1320;905;104616;104905;104472;105140;18437;7723
2025-02-16;112;85;104849;104884;104835;104936;989;457
2025-02-17;1418;1415;104881;104844;104668;105063;14565;6765
2025-02-18;1435;942;104848;104476;104350;104861;16629;7210
2025-02-19;1424;728;104471;104202;104005;104613;17170;7271
2025-02-20;1435;1116;104217;104999;104183;105053;18992;8486
2025-02-21;1319;699;104996;104624;104492;105048;18844;7838
2025-02-23;118;77;104690;104732;104598;104842;1688;814
2025-02-24;1434;1055;104733;104604;104526;105281;21483;9409
2025-02-25;1436;937;104615;105199;104561;105224;18942;8334
2025-02-26;1432;603;105201;104875;104749;105288;21082;9226
2025-02-27;1421;936;104865;103934;103870;104889;21126;8831
2025-02-28;1320;329;103940;103751;103598;104198;21535;8839
2025-03-02;118;66;104022;104118;103983;104206;1592;798
2025-03-03;1433;735;104107;104847;103883;105037;25505;10704
2025-03-04;1437;1069;104863;106233;104710;106367;31919;13616
2025-03-05;1433;1272;106215;107935;106018;107963;36364;15714
2025-03-06;1437;840;107950;107871;107655;108535;37441;16305
2025-03-07;1320;574;107875;108325;107812;108885;30854;13386
2025-03-09;119;58;108400;108594;108392;108650;2354;1160
2025-03-10;1424;741;108582;108388;108049;108745;28896;12692
2025-03-11;1435;923;108396;109142;108353;109470;29007;13022
2025-03-12;1434;713;109147;108854;108755;109313;25527;11049
2025-03-13;1434;715;108859;108543;108223;108971;24623;10764
2025-03-14;1260;1018;108549;108778;108304;109126;23647;10179
2025-03-16;119;119;108784;108792;108742;108849;1097;576
2025-03-17;1429;772;108811;109178;108683;109296;20059;8791
2025-03-18;1432;683;109182;109378;108923;109545;20476;9150
2025-03-19;1420;1074;109379;109112;108604;109450;23518;10395
2025-03-20;1433;1211;109117;108532;108145;109172;22640;10397
2025-03-21;1255;289;108549;108132;107970;108611;20183;9245
2025-03-23;119;0;108260;108357;108160;108365;1317;713
2025-03-24;1431;423;108349;108020;107815;108581;22426;10247
2025-03-25;1434;831;108009;107875;107767;108299;18877;8534
2025-03-26;1438;1123;107885;107408;107326;108026;21558;9371
2025-03-27;1427;522;107421;108004;107406;108210;21908;9921
2025-03-28;1260;408;107991;108294;107644;108445;20029;8827
2025-03-30;178;0;108210;108232;108051;108290;2561;1290
2025-03-31;1434;502;108242;108170;107839;108492;24336;10978
2025-04-01;1433;639;108179;107941;107782;108299;22603;9688
2025-04-02;1439;1133;107938;109050;107801;109241;34317;14984
2025-04-03;1435;1035;109025;110447;108796;111461;52964;22978
2025-04-04;1260;689;110454;109596;109242;111076;57536;22458
2025-04-06;179;153;108860;109856;108796;110007;8459;3166
2025-04-07;1433;765;109795;109139;109009;110498;58194;22208
2025-04-08;1435;845;109175;109769;108883;109919;43679;17536
2025-04-09;1430;919;109771;109501;109133;110949;70605;27908
2025-04-10;1432;1172;109515;112590;109503;112622;55995;22763
2025-04-11;1260;771;112591;113607;112463;114737;81415;33862
2025-04-13;176;160;113087;113417;113087;113544;4621;2164
2025-04-14;1436;675;113443;113368;112958;114244;48956;21033
2025-04-15;1438;929;113366;112920;112640;113789;39312;16282
2025-04-16;1425;771;112943;113954;112928;114127;41879;17357
2025-04-17;1435;588;113958;113723;113352;113967;37398;14615
2025-04-18;1251;1234;113725;113880;113578;113979;17079;5287
2025-04-20;177;166;113929;114478;113929;114580;6831;3137
2025-04-21;1432;646;114516;115128;114489;115732;37017;15608
2025-04-22;1439;1207;115114;113498;113076;115472;44440;18266
2025-04-23;1437;954;113551;113282;113104;114397;45889;18333
2025-04-24;1438;853;113279;113719;113213;113974;32518;13334
2025-04-25;1260;350;113705;113621;113155;113886;29303;12106
2025-04-27;171;19;113593;113449;113394;113648;1793;898
2025-04-28;1431;874;113462;114075;113294;114248;29861;12955
2025-04-29;1437;743;114084;113895;113699;114198;31215;13597
2025-04-30;1435;985;113901;113221;113171;113993;31367;13336
2025-05-01;1433;818;113239;112952;112656;113409;27421;12077
2025-05-02;1260;791;112973;112988;112742;113808;31317;13187
2025-05-04;174;148;112974;113212;112931;113273;2495;1360
2025-05-05;1437;259;113201;113117;112970;113647;27161;11692
2025-05-06;1437;837;113113;113397;112798;113810;33006;14616
2025-05-07;1432;725;113404;113036;112917;113780;33176;14202
2025-05-08;1435;550;113032;112260;112118;113360;32516;14504
2025-05-09;1260;731;112281;112495;111964;112927;22938;9820
2025-05-11;179;112;111937;112275;111884;112358;3632;1780
2025-05-12;1438;1122;112296;110952;110651;112428;37086;15620
2025-05-13;1433;1401;110964;111858;110951;111969;28088;11774
2025-05-14;1430;1011;111868;111814;111643;112656;32603;14008
2025-05-15;1439;262;111806;111917;111701;112279;28172;11711
2025-05-16;1260;1130;111919;111626;111310;112194;23905;9861
2025-05-18;179;170;111736;111880;111702;111936;2663;1160
2025-05-19;1437;902;111889;112316;111722;112880;27395;11409
2025-05-20;1436;926;112316;112880;112179;112896;24636;10296
2025-05-21;1436;532;112887;113316;112866;113626;31451;12967
2025-05-22;1435;998;113322;112815;112556;113448;28879;11519
2025-05-23;1260;965;112821;113613;112788;113749;28527;12418
2025-05-25;174;70;113618;113737;113606;113814;2958;1477
2025-05-26;1406;540;113772;113880;113687;114185;18862;8392
2025-05-27;1434;1122;113888;113363;113231;114072;23480;9987
2025-05-28;1435;1051;113378;112291;112099;113454;26984;11749
2025-05-29;1436;954;112284;113762;112230;113843;31566;13480
2025-05-30;1260;691;113777;113459;113126;113898;27396;11360
2025-06-01;175;175;113413;113526;113413;113598;1885;971
2025-06-02;1432;768;113539;114529;113524;114535;25860;11088
2025-06-03;1436;1013;114536;113835;113640;114546;24053;10563
2025-06-04;1433;1040;113849;114207;113570;114344;23175;9992
2025-06-05;1433;1295;114207;114533;114045;114948;28696;12696
2025-06-06;1259;713;114530;113924;113714;114572;23312;10152
2025-06-08;167;26;113917;114060;113894;114110;1125;701
2025-06-09;1421;493;114069;114258;113863;114390;18143;8227
2025-06-10;1432;665;114254;114365;113727;114475;23633;10391
2025-06-11;1430;1367;114367;115089;114052;115127;24544;10438
2025-06-12;1430;672;115108;116049;115014;116313;30046;13029
2025-06-13;1260;640;116064;115477;114887;116142;35531;15053
2025-06-15;178;173;115267;115370;115255;115475;2753;1369
2025-06-16;1436;893;115374;115525;115237;116146;26431;11393
2025-06-17;1437;706;115516;114814;114742;115796;26941;11440
2025-06-18;1434;288;114823;114765;114607;115302;29785;12932
2025-06-19;1430;853;114761;115114;114460;115123;22918;10593
2025-06-20;1260;536;115116;115214;114949;115438;21118;9290
2025-06-22;178;64;114537;114988;114523;115070;3873;1955
2025-06-23;1430;928;115017;115977;114535;116080;32308;14046
2025-06-24;1434;563;115989;116116;115799;116416;26522;11669
2025-06-25;1432;1005;116134;116832;115898;116843;21057;9002
2025-06-26;1435;712;116837;116920;116673;117447;29384;13197
2025-06-27;1259;654;116939;117177;116834;117539;25332;11002
2025-06-29;172;83;117287;117260;117192;117382;1844;1081
2025-06-30;1437;1025;117272;117861;117076;117904;24579;11045
2025-07-01;1435;597;117877;118050;117612;118297;25023;11097
2025-07-02;1433;859;118047;117987;117467;118099;22451;10030
2025-07-03;1429;740;117999;117695;117170;118098;22483;10504
2025-07-04;1259;930;117689;117787;117559;117874;15390;6648
2025-07-06;176;176;117789;117802;117732;117834;1305;813
2025-07-07;1435;840;117799;117361;116864;117901;23040;10078
2025-07-08;1433;423;117374;117227;116821;117652;21826;9387
2025-07-09;1433;22;117238;117371;116894;117395;19984;8665
2025-07-10;1435;1091;117367;117010;116624;117495;18661;8311
2025-07-11;1260;494;117027;116900;116646;117139;20958;8837
2025-07-13;171;27;116631;116821;116592;116841;3005;1496
2025-07-14;1433;758;116833;116648;116542;116975;18523;8123
2025-07-15;1435;757;116654;116068;115926;116927;19788;8986
2025-07-16;1437;1066;116077;116347;115621;117216;31152;13108
2025-07-17;1432;1076;116352;116145;115566;116361;21283;9677
2025-07-18;1259;772;116156;116236;116118;116718;18011;8010
2025-07-20;176;176;116248;116288;116206;116353;2145;986
2025-07-21;1432;1323;116300;116940;116145;117166;18429;8524
2025-07-22;1428;749;116931;117379;116787;117605;19705;8930
2025-07-23;1436;636;117377;117728;117107;117783;22777;9885
2025-07-24;1438;843;117724;117544;117303;117886;22262;9988
2025-07-25;1258;263;117559;117411;117028;117608;20103;8706
2025-07-27;178;178;117548;117549;117509;117680;2497;1181
2025-07-28;1434;1434;117570;115956;115850;117701;24649;11036
2025-07-29;1421;631;115958;115500;115187;115992;25458;11420
2025-07-30;1437;890;115516;114280;114004;115727;28671;12336
2025-07-31;1434;315;114306;114212;114057;114607;27148;12046
2025-08-01;1260;452;114206;115877;113913;115965;34519;15473
2025-08-03;176;176;115932;115866;115778;115959;2873;1284
2025-08-04;1438;360;115875;115837;115494;115888;27633;12254
2025-08-05;1437;1014;115847;115780;115277;115877;23203;10241
2025-08-06;1438;1051;115783;116621;115640;116684;21570;9870
2025-08-07;1431;554;116616;116763;116108;116987;25599;11173
2025-08-08;1260;588;116778;116399;116286;116792;18924;8483
2025-08-10;176;0;116419;116466;116419;116507;1315;719
2025-08-11;1436;1159;116467;116162;115899;116753;17714;8265
2025-08-12;1429;1072;116158;116768;115985;116970;24663;10504
2025-08-13;1437;1045;116777;117119;116703;117300;17936;7960
2025-08-14;1434;1207;117125;116498;116308;117149;20886;9427
2025-08-15;1259;797;116494;117027;116466;117150;16493;7297
2025-08-17;175;175;117097;117060;117033;117154;1202;599
2025-08-18;1420;842;117065;116674;116558;117105;17685;7951
2025-08-19;1430;665;116678;116413;116389;116927;17868;8049
2025-08-20;1430;668;116416;116504;116220;116734;19265;8586
2025-08-21;1425;741;116507;116120;116010;116626;18280;8247
2025-08-22;1260;933;116118;117211;115827;117424;20384;9329
2025-08-24;176;176;117205;117083;117070;117267;1179;576
2025-08-25;1431;974;117073;116136;116027;117204;18387;8105
2025-08-26;1436;833;116132;116371;116019;116652;24548;11087
2025-08-27;1434;1177;116370;116470;115739;116474;19071;9022
2025-08-28;1434;725;116477;116788;116289;116972;19097;8635
2025-08-29;1258;653;116788;116850;116506;117087;18536;8198
2025-08-31;162;0;116939;116897;116863;116955;965;512
2025-09-01;1422;1054;116899;117147;116879;117362;13747;6148
2025-09-02;1426;669;117147;116327;116127;117156;23788;10254
2025-09-03;1435;332;116331;116603;116080;116819;20328;8964
2025-09-04;1430;793;116605;116559;116297;116693;18691;8100
2025-09-05;1258;968;116570;117164;116522;117593;20971;9250
2025-09-07;167;167;117096;117122;117031;117199;1685;786
2025-09-08;1436;930;117102;117683;117047;117723;18557;7943
2025-09-09;1435;1012;117678;117020;116969;117798;20397;9146
2025-09-10;1428;372;117008;117024;116823;117303;19620;8414
2025-09-11;1438;42;117013;117328;116592;117459;22016;9561
2025-09-12;1260;514;117327;117343;117010;117475;15721;6866
2025-09-14;173;173;117242;117249;117239;117344;994;579
2025-09-15;1415;1413;117261;117627;117160;117743;15456;6662
2025-09-16;1421;897;117634;118708;117573;118782;21123;9406
2025-09-17;1430;785;118706;118248;118078;119185;24404;10420
2025-09-18;1430;933;118244;117884;117499;118482;23874;10708
2025-09-19;1260;441;117889;117458;117286;117924;19939;8853
2025-09-21;171;169;117335;117358;117295;117484;1163;569
2025-09-22;1427;778;117351;118000;117260;118035;18076;8195
2025-09-23;1420;916;117998;118142;117785;118198;19569;8794
2025-09-24;1429;1369;118149;117423;117280;118163;18563;8106
2025-09-25;1432;1195;117425;116614;116454;117538;20584;8629
2025-09-26;1260;1215;116611;117004;116578;117070;17765;7635
2025-09-28;167;167;116985;117043;116985;117093;880;416
2025-09-29;1425;1009;117060;117304;117043;117543;17848;7898
2025-09-30;1433;329;117287;117342;117120;117615;19628;8571
2025-10-01;1434;383;117336;117326;117153;117785;25566;10948
2025-10-02;1430;571;117325;117244;116829;117581;18743;8445
2025-10-03;1259;481;117240;117422;117147;117589;16719;7246
2025-10-05;177;134;117215;117112;117059;117266;2642;1021
2025-10-06;1436;1200;117119;117087;116516;117306;21186;9078
2025-10-07;1431;1324;117087;116526;116475;117109;17268;7717
2025-10-08;1433;515;116524;116289;115984;116529;20507;8697
2025-10-09;1431;1335;116286;115649;115419;116480;21031;9777
2025-10-10;1259;997;115648;116198;115590;116305;21084;9046
2025-10-12;176;42;116111;116013;115917;116149;2549;1066
2025-10-13;1432;544;116019;115655;115574;116296;19339;8700
2025-10-14;1431;1044;115649;116027;115423;116147;22902;9504
2025-10-15;1433;1247;116030;116454;116016;116515;18866;8054
2025-10-16;1435;847;116444;116988;116427;116991;20159;8554
2025-10-17;1259;1043;116990;116524;116501;117282;20621;8636
2025-10-19;176;114;116635;116574;116513;116655;1282;573
2025-10-20;1428;1428;116596;116440;116382;116753;15181;6604
2025-10-21;1431;425;116440;115993;115975;116551;18117;7815
2025-10-22;1430;376;115997;116067;115767;116223;16021;6720
2025-10-23;1424;1374;116066;116168;115852;116209;13781;6148
2025-10-24;1258;674;116172;116268;116007;116488;15935;7384
2025-10-26;119;0;116263;116307;116252;116351;1314;582
2025-10-27;1431;76;116311;116504;116175;116543;14063;6219
2025-10-28;1431;1314;116502;116557;116253;116686;15863;7115
2025-10-29;1439;416;116567;116026;115775;116658;21705;9249
2025-10-30;1433;1160;116024;115713;115469;116371;20286;8901
2025-10-31;1258;1249;115725;115367;115214;115773;15312;7140
2025-11-02;114;114;115285;115265;115248;115379;998;490
2025-11-03;1423;990;115279;115181;115049;115411;14043;6646
2025-11-04;1436;701;115168;114846;114728;115334;15736;7032
2025-11-05;1423;1019;114848;114952;114684;114979;15256;6890
2025-11-06;1438;1388;114949;115480;114930;115522;15194;6767
2025-11-07;1320;792;115480;115643;115294;115909;13679;6191
2025-11-09;111;111;115550;115428;115411;115580;909;380
2025-11-10;1435;925;115498;115562;115410;115829;15264;7154
2025-11-11;1436;854;115567;115863;115470;116056;14362;6626
2025-11-12;1432;1303;115864;115910;115628;115977;13792;6510
2025-11-13;1435;871;115913;116296;115788;116559;17091;7903
2025-11-14;1320;929;116300;116208;116061;116535;17595;7754
2025-11-16;117;117;116068;116139;116068;116240;1400;699
2025-11-17;1437;1332;116142;115896;115819;116147;13967;6196
2025-11-18;1430;1153;115895;115798;115713;116075;15573;6843
2025-11-19;1436;912;115796;115386;115177;115971;17137;7580
2025-11-20;1437;26;115378;115333;115010;115498;18735;8215
2025-11-21;1320;615;115325;115125;114909;115524;18337;8252
2025-11-23;118;118;115113;115067;115056;115143;832;370
2025-11-24;1427;1131;115076;115193;115018;115503;14768;6891
2025-11-25;1432;1017;115201;115642;115114;115857;18383;8457
2025-11-26;1435;97;115653;116015;115469;116017;19141;8640
2025-11-27;1402;102;116018;115991;115764;116132;11133;5239
2025-11-28;1317;762;115997;115982;115551;116073;19472;7529
2025-11-30;119;119;115936;116006;115908;116073;1108;548
2025-12-01;1419;805;116015;116064;115892;116522;17620;7567
2025-12-02;1435;1053;116068;116277;115911;116286;13974;6411
2025-12-03;1426;567;116280;116659;116276;116774;14429;6411
2025-12-04;1432;444;116658;116427;116406;116818;14474;6299
2025-12-05;1317;73;116439;116431;116279;116716;13979;6326
2025-12-07;114;1;116356;116398;116339;116461;977;436
2025-12-08;1434;197;116404;116400;116162;116718;15178;6828
2025-12-09;1437;562;116408;116275;116149;116571;14619;6553
2025-12-10;1437;1344;116279;117010;116215;117023;19136;8431
2025-12-11;1436;887;117008;117402;116821;117625;16360;7328
2025-12-12;1320;1127;117417;117398;117193;117496;13723;6335
2025-12-14;116;116;117332;117367;117274;117402;893;463
2025-12-15;1432;1204;117363;117532;117262;117686;14737;6597
2025-12-16;1437;765;117541;117489;117347;118039;18522;8628
2025-12-17;1424;419;117491;117412;117029;117580;16379;7379
2025-12-18;1431;315;117416;117246;117122;117626;18470;8386
2025-12-19;1318;1084;117249;117080;117025;117376;14818;6783
2025-12-21;119;119;117148;117094;117058;117182;1147;486
2025-12-22;1433;1138;117102;117639;117093;117691;14457;6753
2025-12-23;1434;464;117640;117945;117627;118018;15757;7271
2025-12-24;1137;1078;117957;117787;117725;118077;11680;5334
2025-12-26;960;549;117862;117716;117614;117966;10968;4912
2025-12-28;113;90;117595;117720;117595;117776;889;525
2025-12-29;1435;941;117731;117719;117492;117889;17043;7866
2025-12-30;1420;1402;117723;117455;117428;117796;13492;6522
2025-12-31;1133;240;117458;117351;117198;117592;13653;6123
2026-01-01;110;110;117463;117498;117455;117504;608;331
2026-01-02;1315;880;117507;117196;117131;117648;14558;6893
2026-01-04;115;79;117182;117051;116998;117211;1255;701
2026-01-05;1430;417;117056;117138;116589;117286;18014;7890
2026-01-06;1434;1316;117155;116869;116837;117426;16779;7796
2026-01-07;1426;1400;116878;116762;116727;117025;15076;6930
2026-01-08;1432;848;116767;116572;116425;116828;12972;6117
2026-01-09;1316;441;116572;116343;116179;116606;15632;6807
2026-01-11;116;116;116259;116230;116227;116332;723;375
2026-01-12;1437;993;116245;116670;116214;116983;17961;7841
2026-01-13;1433;1316;116670;116415;116340;116775;14723;6663
2026-01-14;1431;1284;116422;116450;116352;116615;13801;6038
2026-01-15;1431;776;116447;116084;115928;116454;14131;6349
2026-01-16;1315;147;116090;115982;115843;116272;13370;5990
2026-01-18;116;114;115815;116233;115770;116265;2365;1080
2026-01-19;1408;1288;116234;116387;116044;116486;13974;6747
2026-01-20;1437;984;116393;117268;116325;117688;21307;9747
2026-01-21;1434;584;117252;116725;116695;117429;20600;9109
2026-01-22;1433;1242;116732;117532;116726;117588;16643;7538
2026-01-23;1319;1105;117529;118286;117281;118332;18070;7917
2026-01-25;119;25;118647;118591;118502;118972;3705;1720
2026-01-26;1437;340;118565;118736;118348;119068;25393;11215
2026-01-27;1438;914;118733;120203;118501;120809;31907;14518
2026-01-28;1435;680;120214;119781;118954;120256;35825;16085
2026-01-29;1435;909;119777;119661;119060;119962;30156;13298
2026-01-30;1320;658;119670;118503;118495;119728;36277;15351
2026-02-01;117;1;118494;118464;118394;118568;1855;894
2026-02-02;1439;944;118501;117983;117758;118746;30087;12206
2026-02-03;1436;227;117987;118149;117799;118287;21745;9470
2026-02-04;1435;644;118149;118008;117903;118378;21874;9057
2026-02-05;1435;252;118020;117763;117744;118216;23114;9377
2026-02-06;1320;1320;117764;118152;117656;118260;16104;6862
2026-02-08;119;119;118098;118262;118094;118273;1321;552
2026-02-09;1433;1201;118258;119032;118159;119265;21060;9532
2026-02-10;1432;363;119042;118873;118863;119285;18930;8423
2026-02-11;1439;1089;118875;118746;118328;119272;22965;9925
2026-02-12;1435;1138;118751;118688;118522;118897;20663;8933
2026-02-13;1320;749;118685;118682;118470;118843;17525;7741
2026-02-15;111;111;118707;118660;118627;118752;803;397
2026-02-16;1395;1395;118663;118499;118461;118703;10745;5290
2026-02-17;1433;1034;118506;118505;118048;118570;16283;7019
2026-02-18;1418;1106;118514;117881;117817;118534;14852;6707
2026-02-19;1432;544;117881;117681;117418;118074;17787;7928
2026-02-20;1319;1042;117679;117811;117432;118074;21302;9330
2026-02-22;117;38;117921;118329;117898;118343;1967;906
2026-02-23;1437;592;118312;117927;117742;118344;19285;8345
2026-02-24;1433;684;117933;117733;117659;117961;16381;7346
2026-02-25;1434;340;117746;118146;117708;118158;16499;7334
2026-02-26;1434;622;118148;118026;117738;118287;16974;7548
2026-02-27;1319;618;118030;118160;117887;118267;17593;7646
2026-03-01;119;18;117661;117590;117564;117871;2835;1183
2026-03-02;1438;1076;117580;116947;116715;117956;28811;12447
2026-03-03;1439;942;116938;116107;115300;117068;34361;14075
2026-03-04;1436;1034;116100;116342;115745;116546;28669;11976
2026-03-05;1434;792;116340;116066;115587;116474;32109;13994
2026-03-06;1320;962;116069;116173;115458;116212;29455;12510
2026-03-08;119;17;115483;115233;115209;115503;3644;1390
2026-03-09;1438;987;115234;116158;115070;116452;39710;15816
2026-03-10;1439;524;116161;116107;116025;116671;29409;12158
2026-03-11;1434;1148;116119;115421;115393;116453;25952;10896
2026-03-12;1439;1118;115419;115210;115092;115661;22604;10117
2026-03-13;1260;734;115221;114162;114105;115296;22743;9765
2026-03-15;120;118;114314;114346;114186;114352;2209;892
2026-03-16;1433;559;114368;114979;114141;115248;22394;9813
2026-03-17;1429;585;114965;115386;114659;115471;21037;9495
2026-03-18;1440;933;115380;114630;114494;115551;25459;10754
2026-03-19;1433;928;114647;115761;114428;116160;35100;14320
2026-03-20;1260;820;115759;115707;115245;115806;24528;10224
2026-03-22;120;119;115436;115607;115420;115643;2142;873
2026-03-23;1435;979;115617;116070;114842;116396;44745;18247
2026-03-24;1437;284;116076;116135;115569;116282;33292;13231
2026-03-25;1436;1295;116135;115608;115551;116306;24691;9887
2026-03-26;1438;1095;115616;115339;115193;115722;22326;9475
2026-03-27;1260;843;115343;115073;115016;115477;19583;7886
2026-03-29;175;18;115008;114906;114869;115018;1979;866
2026-03-30;1438;1142;114915;114555;114430;115210;19815;8606
2026-03-31;1434;1369;114568;115736;114470;115741;26014;11460
2026-04-01;1434;913;115720;115896;115547;116270;25502;10776
2026-04-02;1424;310;115890;115411;115090;116054;25238;10481
2026-04-03;1207;328;115421;115168;115110;115489;8637;4457
2026-04-05;167;167;115215;115092;115047;115233;1666;785
2026-04-06;1432;856;115103;115403;115061;115713;16892;7352
2026-04-07;1438;1306;115403;116853;115241;116898;26092;10720
2026-04-08;1434;594;116880;116585;116433;117215;28455;12291
2026-04-09;1433;905;116582;116908;116502;117233;18113;7908
2026-04-10;1259;799;116900;117253;116772;117393;15794;6779
2026-04-12;180;180;116700;116740;116636;116803;2516;1130
2026-04-13;1437;1437;116734;117662;116709;117664;18043;7756
2026-04-14;1433;531;117649;117981;117560;118109;16638;7476
2026-04-15;1432;394;117979;118062;117718;118078;16367;7127
2026-04-16;1432;953;118072;117806;117669;118237;16324;7224
2026-04-17;1260;1152;117796;117637;117601;118489;18270;7863
2026-04-19;175;135;117366;117382;117286;117451;2124;902
2026-04-20;1434;656;117390;117837;117368;117905;17114;7223
2026-04-21;1433;1130;117839;117436;117188;117860;19250;8555
2026-04-22;1429;753;117446;117052;117029;117624;15636;7054
2026-04-23;1431;482;117050;116829;116690;117163;20539;8939
2026-04-24;1260;718;116834;117194;116727;117228;15633;6414
2026-04-26;170;33;116939;117052;116939;117119;1155;637
2026-04-27;1425;959;117066;117224;117054;117548;13976;6452
2026-04-28;1422;888;117229;117170;116772;117268;15865;6925
2026-04-29;1428;554;117182;116842;116610;117204;18257;7722
2026-04-30;1435;1144;116860;117282;116550;117415;23385;9946
2026-05-01;1260;705;117287;117194;117150;117851;17614;7469
2026-05-03;180;176;117460;117252;117245;117489;1916;952
2026-05-04;1427;683;117251;116914;116809;117388;19712;7991
2026-05-05;1425;1415;116915;117145;116763;117250;15571;6560
2026-05-06;1426;601;117145;117474;117111;117965;20109;8459
2026-05-07;1434;575;117484;117301;117225;117782;19366;8095
2026-05-08;1260;965;117311;117857;117243;117875;15177;6356
2026-05-10;180;14;117461;117667;117441;117696;2143;1008
2026-05-11;1431;1017;117670;117779;117485;117877;13177;5765
2026-05-12;1429;1414;117766;117345;117216;117783;15774;6697
2026-05-13;1423;1371;117352;117155;116952;117416;13427;5953
2026-05-14;1432;1432;117158;116613;116610;117213;13782;5937
2026-05-15;1259;442;116619;116249;116168;116634;16342;6924
2026-05-17;175;0;116217;116129;116115;116238;1264;596
2026-05-18;1432;703;116139;116544;116082;116611;17740;7491
2026-05-19;1433;559;116543;116061;115918;116558;16321;6888
2026-05-20;1430;529;116056;116243;115826;116451;18910;7997
2026-05-21;1432;433;116238;116172;115762;116353;21008;8968
2026-05-22;1260;695;116163;116024;115880;116190;14463;6473
2026-05-24;179;84;116370;116413;116301;116456;1761;789
2026-05-25;1410;769;116411;116354;116294;116526;10362;5117
2026-05-26;1423;71;116357;116359;116161;116450;13128;5796
2026-05-27;1435;429;116371;116170;116156;116613;15290;6549
2026-05-28;1431;637;116171;116520;115861;116610;16281;6981
2026-05-29;1260;441;116526;116607;116248;116857;14575;6249
2026-05-31;170;170;116519;116483;116480;116603;1102;568
2026-06-01;1419;691;116480;116349;116067;116646;14244;6331
2026-06-02;1434;1043;116350;116209;116133;116555;11815;5331
2026-06-03;1437;276;116211;116088;115942;116332;13605;6167
2026-06-04;1429;422;116091;116119;115983;116452;12854;5476
2026-06-05;1259;502;116123;115217;115178;116442;15541;6476
2026-06-07;172;160;115084;115216;115075;115224;1570;826
2026-06-08;1432;243;115213;115276;114996;115546;18891;8097
2026-06-09;1432;385;115274;115341;115268;115778;15803;6655
2026-06-10;1430;427;115344;115347;115252;115729;18484;7687
2026-06-11;1434;346;115365;115745;115027;115896;21147;8884
2026-06-12;1260;667;115744;115667;115569;115894;16484;6821
2026-06-14;178;130;115745;116025;115740;116170;2579;1264
2026-06-15;1434;881;116043;115908;115834;116218;14879;6663
2026-06-16;1434;774;115911;116093;115747;116196;13743;5930
2026-06-17;1435;1141;116095;115059;114778;116165;18741;8054
2026-06-18;1439;1085;115089;114576;114512;115282;19979;8601
2026-06-19;1247;781;114598;114688;114178;114806;14245;6262
2026-06-21;170;170;114597;114615;114556;114683;1641;786
2026-06-22;1436;1416;114629;114259;114188;114734;17363;7570
2026-06-23;1433;1433;114255;113788;113754;114390;15968;6737
2026-06-24;1429;515;113787;113534;113243;113820;18373;8137
2026-06-25;1438;626;113533;113609;113332;113878;18683;8070
2026-06-26;1260;671;113623;113835;113540;114338;17875;7614
2026-06-28;167;158;113876;113853;113794;113909;1184;707
2026-06-29;1430;726;113844;114188;113807;114305;14717;6276
2026-06-30;1429;582;114184;114124;113824;114365;17341;7626
2026-07-01;1410;632;114123;113770;113616;114139;16902;7221
2026-07-02;1438;884;113768;114219;113749;114726;20047;8729
2026-07-03;1259;698;114230;114356;114204;114621;12024;5248
2026-07-05;166;0;114371;114367;114307;114378;1065;552
2026-07-06;1432;258;114361;114410;114083;114476;13855;5895
2026-07-07;1435;303;114415;114007;113996;114472;14509;6368
2026-07-08;1434;584;114008;114209;113910;114315;18433;7519
2026-07-09;1419;52;114214;114323;114198;114491;13648;5785
2026-07-10;1260;812;114326;114142;114110;114605;14122;5840
2026-07-12;171;87;114007;114032;113881;114063;1519;781
2026-07-13;1434;896;114036;113827;113772;114456;17627;7253
2026-07-14;1433;1161;113832;114237;113779;114620;18555;7741
2026-07-15;1434;794;114246;114691;114058;114823;16383;6917
2026-07-16;1421;902;114698;114444;114310;114761;13541;5830
2026-07-17;1259;127;114450;114379;114243;114521;12317;5185
2026-07-19;173;0;114252;114266;114231;114309;1168;552
2026-07-20;1430;20;114269;114149;114023;114494;12243;5128
2026-07-21;1415;0;114163;114018;113953;114285;11202;5021
2026-07-22;1429;0;114017;114109;113986;114214;12385;5234
2026-07-23;494;0;114119;114210;114103;114355;4224;1821
