week;year;month;prev_gap_days;minutes;confirmed;share;target60;rest_minutes;rest_confirmed;rest_share;rest60;prev_minutes;prev_share;prev_range_pips;prev_net_pips;prev_absnet_pips;prev_trend_ratio;prev_avg_min_range_pips;prev_path_pips;prev_efficiency;mon_minutes;mon_range_pips;mon_net_pips;mon_absnet_pips;mon_trend_ratio;mon_avg_min_range_pips;mon_path_pips;mon_efficiency;weekend_gap_pips
2011-02-14;2011;2;7;7194;3386;0.47067;0;5634;2777;0.4929;0;5103;0.583774;247.6;-79.5;79.5;0.3211;3.177;5971.9;0.0133;1560;131.3;-30.5;30.5;0.2323;2.8297;1662.5;0.0183;39.0
2011-02-21;2011;2;7;7158;4071;0.568734;0;5608;3170;0.565264;0;7194;0.47067;287.4;182.9;182.9;0.6364;3.1341;8293.5;0.0221;1550;67.9;-19.8;19.8;0.2916;2.2164;1274.5;0.0155;7.3
2011-02-28;2011;2;7;7191;3254;0.45251;0;5636;2254;0.399929;0;7158;0.568734;313.1;51.9;51.9;0.1658;3.0179;8006.6;0.0065;1555;145.1;63.9;63.9;0.4404;2.7647;1578.8;0.0405;4.8
2011-03-07;2011;3;7;7193;4116;0.572223;0;5634;3280;0.58218;0;7191;0.45251;296.8;230.5;230.5;0.7766;2.7599;7106.6;0.0324;1559;81.0;-27.2;27.2;0.3358;2.2849;1386.9;0.0196;3.3
2011-03-14;2011;3;7;7138;3721;0.521294;0;5580;2999;0.537455;0;7193;0.572223;283.5;-89.6;89.6;0.316;2.5934;7198.8;0.0124;1558;98.4;21.6;21.6;0.2195;2.7465;1704.5;0.0127;69.3
2011-03-21;2011;3;7;7033;3127;0.444618;0;5495;2850;0.518653;0;7138;0.521294;328.8;210.3;210.3;0.6396;3.5901;9833.4;0.0214;1538;101.3;36.6;36.6;0.3613;2.228;1502.4;0.0244;2.1
2011-03-28;2011;3;7;7109;4133;0.581376;0;5526;3673;0.664676;1;7033;0.444618;195.2;-90.9;90.9;0.4657;2.3229;7248.3;0.0125;1583;96.8;27.7;27.7;0.2862;2.0037;1472.5;0.0188;41.6
2011-04-04;2011;4;7;7115;4572;0.642586;1;5532;3875;0.70047;1;7109;0.581376;226.6;187.0;187.0;0.8252;2.4067;7712.1;0.0242;1583;76.1;-18.1;18.1;0.2378;2.1321;1534.9;0.0118;6.5
2011-04-11;2011;4;7;7126;4293;0.602442;1;5530;3095;0.559675;0;7115;0.642586;335.4;256.2;256.2;0.7639;2.4365;7521.8;0.0341;1596;62.8;-41.6;41.6;0.6624;2.2133;1574.4;0.0264;17.5
2011-04-18;2011;4;7;6952;4635;0.666715;1;5358;3610;0.673759;1;7126;0.602442;155.2;-35.2;35.2;0.2268;2.6527;8302.6;0.0042;1594;263.7;-179.4;179.4;0.6803;3.113;2317.7;0.0774;13.1
2011-04-25;2011;4;7;7125;3968;0.556912;0;5539;2860;0.516339;0;6952;0.666715;491.7;143.8;143.8;0.2925;2.6847;8401.1;0.0171;1586;101.7;-2.5;2.5;0.0246;2.1397;1699.8;0.0015;6.9
2011-05-02;2011;5;7;7128;4400;0.617284;1;5551;3281;0.591065;0;7125;0.556912;388.5;251.9;251.9;0.6484;2.6461;8449.4;0.0298;1577;139.7;-17.1;17.1;0.1224;2.949;2121.9;0.0081;6.0
2011-05-09;2011;5;7;7139;4291;0.601065;1;5531;3508;0.634243;1;7128;0.617284;630.8;-494.6;494.6;0.7841;3.6565;11365.8;0.0435;1608;187.9;13.2;13.2;0.0703;3.559;2535.0;0.0052;39.0
2011-05-16;2011;5;7;7143;3779;0.529049;0;5536;2961;0.534863;0;7139;0.601065;376.0;-240.7;240.7;0.6402;3.8268;11726.9;0.0205;1607;196.4;57.1;57.1;0.2907;3.377;2312.0;0.0247;24.8
2011-05-23;2011;5;7;7138;4038;0.565705;0;5537;3048;0.550479;0;7143;0.529049;297.5;67.1;67.1;0.2255;3.5133;10474.0;0.0064;1601;176.5;-112.4;112.4;0.6368;3.5171;2503.2;0.0449;33.7
2011-05-30;2011;5;7;7090;3574;0.50409;0;5527;2676;0.484169;0;7138;0.565705;354.6;193.6;193.6;0.546;3.5559;10813.8;0.0179;1563;96.0;15.4;15.4;0.1604;1.9827;1350.9;0.0114;2.6
2011-06-06;2011;6;7;7100;3682;0.518592;0;5544;2791;0.503427;0;7090;0.50409;385.9;311.7;311.7;0.8077;3.0696;8933.6;0.0349;1556;101.0;-34.1;34.1;0.3376;2.9257;1838.3;0.0185;5.8
2011-06-13;2011;6;7;7142;4079;0.571129;0;5553;3349;0.603097;1;7100;0.518592;374.3;-279.3;279.3;0.7462;3.0343;8661.0;0.0322;1589;117.6;100.3;100.3;0.8529;2.7162;1857.7;0.054;30.9
2011-06-20;2011;6;7;7144;4523;0.633119;1;5540;3470;0.626354;1;7142;0.571129;424.4;-10.6;10.6;0.025;3.4147;10269.4;0.001;1604;193.0;87.9;87.9;0.4554;3.2315;2248.0;0.0391;29.7
2011-06-27;2011;6;7;7144;4508;0.631019;1;5545;3412;0.615329;1;7144;0.633119;315.5;-87.6;87.6;0.2777;3.4461;10483.2;0.0084;1599;226.9;125.0;125.0;0.5509;3.2799;2215.3;0.0564;1.6
2011-07-04;2011;7;7;7098;3935;0.554382;0;5532;3219;0.581887;0;7144;0.631019;449.3;339.7;339.7;0.7561;3.3275;9894.7;0.0343;1566;82.1;12.6;12.6;0.1535;2.2276;1482.7;0.0085;4.3
2011-07-11;2011;7;7;7104;4395;0.618666;1;5549;3365;0.606416;1;7098;0.554382;372.2;-268.4;268.4;0.7211;2.9192;8764.2;0.0306;1555;241.0;-174.2;174.2;0.7228;3.367;2244.6;0.0776;47.7
2011-07-18;2011;7;7;7162;3992;0.557386;0;5561;2942;0.529042;0;7104;0.618666;444.8;-59.5;59.5;0.1338;4.2225;12788.6;0.0047;1601;122.2;22.5;22.5;0.1841;3.4113;2264.1;0.0099;49.9
2011-07-25;2011;7;7;7144;3107;0.43491;0;5546;2322;0.41868;0;7162;0.557386;423.4;252.3;252.3;0.5959;3.4988;10366.7;0.0243;1598;91.3;-9.2;9.2;0.1008;3.0152;2131.4;0.0043;27.8
2011-08-01;2011;8;7;7168;4177;0.582729;0;5560;3118;0.560791;0;7144;0.43491;306.6;11.6;11.6;0.0378;3.335;9795.1;0.0012;1608;269.0;-104.7;104.7;0.3892;3.9813;2728.6;0.0384;18.5
2011-08-08;2011;8;7;7171;3923;0.547065;0;5559;3056;0.549739;0;7168;0.582729;398.7;-102.6;102.6;0.2573;4.6049;13588.5;0.0076;1612;298.9;-240.6;240.6;0.805;5.758;3830.5;0.0628;140.9
2011-08-15;2011;8;7;7129;4299;0.60303;1;5536;3225;0.582551;0;7171;0.547065;324.3;-168.3;168.3;0.519;5.3339;15426.0;0.0109;1593;240.6;170.9;170.9;0.7103;3.0195;2007.9;0.0851;19.4
2011-08-22;2011;8;7;7171;3922;0.546925;0;5564;3082;0.553918;0;7129;0.60303;280.8;128.0;128.0;0.4558;3.5386;10320.4;0.0124;1607;87.0;-21.1;21.1;0.2425;2.6279;1681.8;0.0125;17.1
2011-08-29;2011;8;7;7154;3946;0.55158;0;5563;3152;0.566601;0;7171;0.546925;173.7;120.5;120.5;0.6937;3.0456;8965.4;0.0134;1591;83.0;16.7;16.7;0.2012;2.3257;1589.9;0.0105;1.1
2011-09-05;2011;9;7;7172;4704;0.655884;1;5563;3559;0.639763;1;7154;0.55158;365.2;-295.8;295.8;0.81;2.7467;8092.9;0.0366;1609;117.1;-91.8;91.8;0.7839;2.5397;1719.4;0.0534;42.5
2011-09-12;2011;9;7;7180;4226;0.588579;0;5563;3173;0.570376;0;7172;0.655884;658.5;-506.8;506.8;0.7696;3.4518;10545.4;0.0481;1617;195.4;53.1;53.1;0.2718;4.3476;3221.7;0.0165;68.1
2011-09-19;2011;9;7;7186;4052;0.563874;0;5571;3067;0.55053;0;7180;0.588579;437.7;207.8;207.8;0.4748;4.2028;13149.8;0.0158;1615;134.9;-69.3;69.3;0.5137;3.6547;2474.3;0.028;102.1
2011-09-26;2011;9;7;7180;4218;0.587465;0;5560;3239;0.582554;0;7186;0.563874;412.0;-195.6;195.6;0.4748;4.4005;13027.4;0.015;1620;188.0;-18.0;18.0;0.0957;4.7019;3198.1;0.0056;18.4
2011-10-03;2011;10;7;7179;3690;0.513999;0;5563;2928;0.526335;0;7180;0.587465;327.9;-128.5;128.5;0.3919;4.2415;12831.8;0.01;1616;217.7;-150.6;150.6;0.6918;3.9775;2738.8;0.055;46.9
2011-10-10;2011;10;7;7153;3682;0.514749;0;5550;2667;0.480541;0;7179;0.513999;379.3;39.2;39.2;0.1033;4.1724;12347.0;0.0032;1603;321.5;245.5;245.5;0.7636;3.1226;2171.7;0.113;2.4
2011-10-17;2011;10;7;7153;3845;0.537537;0;5546;3157;0.569239;0;7153;0.514749;517.2;497.2;497.2;0.9613;3.4585;10534.1;0.0472;1607;190.1;-121.2;121.2;0.6376;3.2958;2331.4;0.052;12.5
2011-10-24;2011;10;7;7185;3625;0.504523;0;5573;2710;0.486273;0;7153;0.537537;261.6;23.8;23.8;0.091;3.9279;11882.3;0.002;1612;134.6;75.2;75.2;0.5587;3.2779;2255.4;0.0333;47.6
2011-10-31;2011;10;7;7124;4058;0.569624;0;5570;3300;0.59246;0;7185;0.504523;449.2;303.9;303.9;0.6765;3.726;11102.8;0.0274;1554;343.0;-292.9;292.9;0.8539;4.0783;2896.1;0.1011;6.3
2011-11-07;2011;11;7;7138;3795;0.531662;0;5584;2946;0.527579;0;7124;0.569624;563.1;-363.6;363.6;0.6457;4.4736;13851.8;0.0262;1554;149.3;-64.5;64.5;0.432;3.7884;2427.3;0.0266;34.3
2011-11-14;2011;11;7;7185;4502;0.626583;1;5633;3351;0.594887;0;7138;0.531662;375.2;-76.2;76.2;0.2031;3.8166;11273.0;0.0068;1552;217.0;-182.2;182.2;0.8396;3.6195;2347.8;0.0776;59.2
2011-11-21;2011;11;7;7132;4398;0.616657;1;5576;3458;0.620158;1;7185;0.626583;387.1;-284.2;284.2;0.7342;3.8615;11612.5;0.0245;1556;110.7;-27.0;27.0;0.2439;3.2981;2196.3;0.0123;11.7
2011-11-28;2011;11;7;7170;3575;0.498605;0;5614;2970;0.529035;0;7132;0.616657;356.5;-275.6;275.6;0.7731;3.1319;9357.4;0.0295;1556;126.2;-6.0;6.0;0.0475;3.1996;2158.9;0.0028;86.2
2011-12-05;2011;12;7;7182;3725;0.518658;0;5630;2552;0.453286;0;7170;0.498605;289.8;70.5;70.5;0.2433;3.3851;10550.8;0.0067;1552;111.7;-29.8;29.8;0.2668;2.9374;1829.5;0.0163;24.6
2011-12-12;2011;12;7;7173;3743;0.521818;0;5620;2563;0.45605;0;7182;0.518658;204.9;-32.6;32.6;0.1591;3.0199;8536.4;0.0038;1553;219.6;-211.0;211.0;0.9608;2.8555;1787.8;0.118;5.6
2011-12-19;2011;12;7;7172;4248;0.592303;0;5618;3682;0.655393;1;7173;0.521818;435.4;-336.2;336.2;0.7722;3.0056;8865.0;0.0379;1554;61.1;-25.3;25.3;0.4141;2.2869;1376.1;0.0184;10.2
2011-12-26;2011;12;7;6458;4391;0.679932;1;5583;3830;0.686011;1;7172;0.592303;214.7;5.3;5.3;0.0247;2.2683;6611.9;0.0008;875;41.5;-11.5;11.5;0.2771;1.4509;649.3;0.0177;21.5
2012-01-02;2012;1;7;6629;3978;0.600091;1;5613;3340;0.595047;0;6458;0.679932;225.2;-109.9;109.9;0.488;1.9758;5417.6;0.0203;1016;53.2;6.6;6.6;0.1241;1.4667;684.4;0.0096;18.0
2012-01-09;2012;1;7;7186;4231;0.588784;0;5634;3294;0.584665;0;6629;0.600091;379.9;-212.9;212.9;0.5604;2.3608;6419.6;0.0332;1552;118.9;77.8;77.8;0.6543;2.3678;1539.6;0.0505;22.9
2012-01-16;2012;1;7;7185;4104;0.57119;0;5632;3068;0.544744;0;7186;0.588784;254.5;-20.2;20.2;0.0794;2.6472;7957.2;0.0025;1553;61.9;27.6;27.6;0.4459;2.1454;1380.2;0.02;34.9
2012-01-23;2012;1;7;7191;3862;0.53706;0;5635;2920;0.51819;0;7185;0.57119;360.4;292.2;292.2;0.8108;2.5665;7956.7;0.0367;1556;176.3;140.9;140.9;0.7992;2.4951;1664.6;0.0846;49.5
2012-01-30;2012;1;7;7191;4302;0.598248;0;5632;2962;0.525923;0;7191;0.53706;358.0;336.3;336.3;0.9394;2.7392;8557.0;0.0393;1559;149.9;-86.1;86.1;0.5744;2.3788;1601.0;0.0538;6.4
2012-02-06;2012;2;7;7194;3755;0.521963;0;5634;2920;0.518282;0;7191;0.598248;200.7;-67.3;67.3;0.3353;2.7447;8584.4;0.0078;1560;113.4;-2.4;2.4;0.0212;2.5725;1819.5;0.0013;36.4
2012-02-13;2012;2;7;7174;4587;0.639392;1;5615;3548;0.631879;1;7194;0.521963;293.6;77.0;77.0;0.2623;2.7421;8543.7;0.009;1559;138.8;-55.3;55.3;0.3984;2.3914;1635.8;0.0338;11.2
2012-02-20;2012;2;7;7184;4411;0.614003;1;5636;3505;0.621895;1;7174;0.639392;309.4;-67.6;67.6;0.2185;2.6442;7944.1;0.0085;1548;103.5;28.3;28.3;0.2734;2.0156;1428.4;0.0198;37.0
2012-02-27;2012;2;7;7197;4463;0.620119;1;5637;3312;0.587547;0;7184;0.614003;313.1;271.2;271.2;0.8662;2.4432;7464.1;0.0363;1560;113.3;-57.0;57.0;0.5031;2.3835;1558.3;0.0366;14.9
2012-03-05;2012;3;7;7183;4284;0.596408;0;5626;3563;0.63331;1;7197;0.620119;298.5;-264.2;264.2;0.8851;2.4685;7425.4;0.0356;1557;81.3;32.0;32.0;0.3936;2.127;1451.8;0.022;8.1
2012-03-12;2012;3;7;7132;3623;0.507992;0;5575;2839;0.509238;0;7183;0.596408;194.7;-70.0;70.0;0.3595;2.2786;6991.1;0.01;1557;93.8;53.8;53.8;0.5736;1.952;1319.0;0.0408;7.3
2012-03-19;2012;3;7;7128;4712;0.661055;1;5574;3769;0.676175;1;7132;0.507992;187.3;58.1;58.1;0.3102;2.2445;7041.7;0.0083;1554;123.5;50.5;50.5;0.4089;1.7289;1173.3;0.043;5.9
2012-03-26;2012;3;7;7178;3095;0.431179;0;5568;1865;0.33495;0;7128;0.661055;159.7;89.8;89.8;0.5623;2.1411;6526.1;0.0138;1610;175.8;86.0;86.0;0.4892;2.1029;1408.9;0.061;3.0
2012-04-02;2012;4;7;7182;3439;0.478836;0;5566;2844;0.510959;0;7178;0.431179;193.6;69.1;69.1;0.3569;2.2414;6724.1;0.0103;1616;102.1;-30.5;30.5;0.2987;1.9938;1309.7;0.0233;19.8
2012-04-09;2012;4;7;7187;4671;0.649923;1;5576;3937;0.706062;1;7182;0.478836;345.2;-264.2;264.2;0.7654;2.0534;6177.8;0.0428;1611;100.9;8.6;8.6;0.0852;1.4328;1058.5;0.0081;5.6
2012-04-16;2012;4;7;7196;4275;0.59408;0;5578;3420;0.613123;1;7187;0.649923;179.7;-24.0;24.0;0.1336;2.1404;6497.7;0.0037;1618;152.9;59.5;59.5;0.3891;2.3838;1641.6;0.0362;11.2
2012-04-23;2012;4;7;7182;3108;0.432749;0;5563;1884;0.338666;0;7196;0.59408;232.4;150.9;150.9;0.6493;2.2578;6768.0;0.0223;1619;105.7;-34.2;34.2;0.3236;1.8481;1260.6;0.0271;33.6
2012-04-30;2012;4;7;7179;3242;0.451595;0;5565;2720;0.488769;0;7182;0.432749;165.4;67.1;67.1;0.4057;1.97;5873.2;0.0114;1614;58.7;-0.5;0.5;0.0085;1.5551;1009.4;0.0005;11.8
2012-05-07;2012;5;7;7199;3989;0.554105;0;5579;2728;0.488977;0;7179;0.451595;203.7;-155.7;155.7;0.7644;1.6705;5035.1;0.0309;1620;110.7;45.8;45.8;0.4137;2.1199;1468.8;0.0312;69.7
2012-05-14;2012;5;7;7198;4100;0.569603;0;5579;3140;0.562825;0;7199;0.554105;160.7;-96.6;96.6;0.6011;2.1407;6254.2;0.0154;1619;89.0;-71.4;71.4;0.8022;1.9891;1273.6;0.0561;15.6
2012-05-21;2012;5;7;7167;4603;0.642249;1;5579;3706;0.664277;1;7198;0.569603;262.1;-122.7;122.7;0.4681;2.3816;6893.4;0.0178;1588;99.3;48.3;48.3;0.4864;2.1361;1474.6;0.0328;14.8
2012-05-28;2012;5;7;7175;4071;0.567387;0;5569;3500;0.628479;1;7167;0.642249;328.3;-247.3;247.3;0.7533;2.4969;7544.6;0.0328;1606;107.7;-52.6;52.6;0.4884;1.6456;1184.5;0.0444;58.2
2012-06-04;2012;6;7;7197;4647;0.645686;1;5577;3574;0.640846;1;7175;0.567387;336.0;-145.2;145.2;0.4321;2.3688;7167.2;0.0203;1620;141.5;106.6;106.6;0.7534;2.1796;1546.7;0.0689;13.4
2012-06-11;2012;6;7;7199;3654;0.50757;0;5579;2494;0.447034;0;7197;0.645686;239.2;98.6;98.6;0.4122;2.5152;7621.0;0.0129;1620;218.3;-160.5;160.5;0.7352;2.5081;1733.1;0.0926;122.8
2012-06-18;2012;6;7;7197;3220;0.447409;0;5577;2192;0.393043;0;7199;0.50757;226.1;4.1;4.1;0.0181;2.4864;7493.0;0.0005;1620;190.3;-100.5;100.5;0.5281;2.5699;1781.1;0.0564;54.7
2012-06-25;2012;6;7;7192;3942;0.548109;0;5576;3315;0.594512;0;7197;0.447409;227.9;-125.3;125.3;0.5498;2.5491;7555.3;0.0166;1616;88.0;-43.5;43.5;0.4943;1.7573;1186.4;0.0367;25.0
2012-07-02;2012;7;7;7188;4473;0.622287;1;5572;4052;0.727207;1;7192;0.548109;285.3;112.0;112.0;0.3926;2.2934;6828.5;0.0164;1616;112.1;-99.1;99.1;0.884;1.9531;1364.8;0.0726;20.5
2012-07-09;2012;7;7;7194;2381;0.33097;0;5574;1760;0.315752;0;7188;0.622287;420.0;-389.0;389.0;0.9262;1.9345;5835.8;0.0667;1620;68.3;52.5;52.5;0.7687;1.8459;1294.3;0.0406;24.8
2012-07-16;2012;7;7;7192;4710;0.654894;1;5575;3568;0.64;1;7194;0.33097;171.3;-17.6;17.6;0.1027;1.9293;5872.1;0.003;1617;114.9;-2.7;2.7;0.0235;1.6002;1137.2;0.0024;21.8
2012-07-23;2012;7;7;7196;3589;0.498749;0;5577;2774;0.4974;0;7192;0.654894;180.1;-107.1;107.1;0.5947;1.9799;6198.4;0.0173;1619;77.5;2.1;2.1;0.0271;2.1429;1485.5;0.0014;39.7
2012-07-30;2012;7;7;7196;5198;0.722346;1;5577;3829;0.68657;1;7196;0.498749;347.7;197.7;197.7;0.5686;2.4306;7349.6;0.0269;1619;85.0;-38.7;38.7;0.4553;1.7768;1246.8;0.031;21.4
2012-08-06;2012;8;7;7198;4025;0.559183;0;5578;3218;0.576909;0;7196;0.722346;271.6;88.1;88.1;0.3244;2.2048;6917.8;0.0127;1620;101.6;-9.0;9.0;0.0886;1.9205;1414.3;0.0064;11.0
2012-08-13;2012;8;7;7184;3333;0.463948;0;5568;2462;0.44217;0;7198;0.559183;201.9;-110.2;110.2;0.5458;1.8449;5808.2;0.019;1616;112.7;35.9;35.9;0.3185;1.5546;1093.5;0.0328;3.2
2012-08-20;2012;8;7;7191;4199;0.583924;0;5576;3227;0.57873;0;7184;0.463948;129.6;42.6;42.6;0.3287;1.6696;5054.9;0.0084;1615;73.4;1.1;1.1;0.015;1.5796;1038.4;0.0011;17.2
2012-08-27;2012;8;7;7188;4089;0.568865;0;5574;3544;0.635809;1;7191;0.583924;294.2;162.0;162.0;0.5506;1.8392;5408.4;0.03;1614;45.4;-11.3;11.3;0.2489;1.3131;926.4;0.0122;0.1
2012-09-03;2012;9;7;7168;4381;0.611189;1;5573;3543;0.635744;1;7188;0.568865;172.3;61.4;61.4;0.3564;1.6637;4992.8;0.0123;1595;50.8;15.1;15.1;0.2972;1.2621;878.9;0.0172;2.5
2012-09-10;2012;9;7;7193;3458;0.480745;0;5575;3036;0.544574;0;7168;0.611189;315.5;244.6;244.6;0.7753;1.8284;5473.0;0.0447;1618;57.5;-47.3;47.3;0.8226;1.4563;981.1;0.0482;7.0
2012-09-17;2012;9;7;7192;4308;0.598999;0;5576;3516;0.63056;1;7193;0.480745;414.3;319.9;319.9;0.7721;2.0202;6144.1;0.0521;1616;88.4;-11.7;11.7;0.1324;1.852;1358.7;0.0086;8.8
2012-09-24;2012;9;7;7186;2890;0.402171;0;5575;2459;0.441076;0;7192;0.598999;252.3;-140.9;140.9;0.5585;2.1241;6744.1;0.0209;1611;99.1;-36.9;36.9;0.3724;1.8024;1319.7;0.028;1.3
2012-10-01;2012;10;7;7188;4459;0.620339;1;5574;3302;0.592393;0;7186;0.402171;161.5;-120.6;120.6;0.7467;2.0553;6411.9;0.0188;1614;135.2;42.5;42.5;0.3143;2.0118;1407.7;0.0302;12.2
2012-10-08;2012;10;7;7189;4532;0.630408;1;5576;3628;0.650646;1;7188;0.620339;267.8;188.8;188.8;0.705;1.9741;6061.3;0.0311;1613;87.6;-49.1;49.1;0.5605;1.5271;1073.4;0.0457;9.4
2012-10-15;2012;10;7;7184;4860;0.676503;1;5568;3649;0.655352;1;7189;0.630408;199.8;-70.7;70.7;0.3539;1.8661;5839.6;0.0121;1616;88.1;13.8;13.8;0.1566;1.6658;1203.4;0.0115;0.3
2012-10-22;2012;10;7;7180;4796;0.667967;1;5567;3971;0.713311;1;7184;0.676503;248.9;67.5;67.5;0.2712;1.8054;5607.8;0.012;1613;67.8;50.1;50.1;0.7389;1.5858;1124.6;0.0445;0.3
2012-10-29;2012;10;7;7102;5096;0.717544;1;5548;4303;0.775595;1;7180;0.667967;200.8;-79.9;79.9;0.3979;1.8372;5596.2;0.0143;1554;58.4;-36.1;36.1;0.6182;1.313;977.3;0.0369;1.9
2012-11-05;2012;11;7;7180;2884;0.401671;0;5625;2175;0.386667;0;7102;0.717544;199.2;-108.5;108.5;0.5447;1.5736;4894.0;0.0222;1555;74.9;-17.3;17.3;0.231;1.531;1027.9;0.0168;17.6
2012-11-12;2012;11;7;7175;4901;0.683066;1;5623;3873;0.688778;1;7180;0.401671;186.3;-107.8;107.8;0.5786;1.9455;5810.5;0.0186;1552;41.5;-5.5;5.5;0.1325;1.3534;893.8;0.0062;2.4
2012-11-19;2012;11;7;7171;5153;0.718589;1;5618;3986;0.709505;1;7175;0.683066;141.0;30.8;30.8;0.2184;1.7046;5192.8;0.0059;1553;80.0;18.8;18.8;0.235;1.5985;1131.5;0.0166;6.4
2012-11-26;2012;11;7;7177;4065;0.566393;0;5624;3665;0.651671;1;7171;0.718589;254.6;222.0;222.0;0.872;1.6936;5421.3;0.0409;1553;63.0;19.6;19.6;0.3111;1.6263;1162.2;0.0169;3.0
2012-12-03;2012;12;7;7175;5005;0.697561;1;5621;3618;0.643658;1;7177;0.566393;147.7;18.6;18.6;0.1259;1.703;5293.2;0.0035;1554;92.9;80.2;80.2;0.8633;1.5902;1091.6;0.0735;2.6
2012-12-10;2012;12;7;7177;5477;0.763132;1;5623;4144;0.736973;1;7175;0.697561;250.0;-59.1;59.1;0.2364;1.6435;5107.7;0.0116;1554;60.5;47.4;47.4;0.7835;1.3587;924.4;0.0513;34.9
2012-12-17;2012;12;7;7171;5618;0.783433;1;5623;4223;0.751023;1;7177;0.763132;287.3;271.7;271.7;0.9457;1.5271;4838.9;0.0561;1548;44.4;-15.6;15.6;0.3514;1.5599;1135.3;0.0137;16.2
2012-12-24;2012;12;7;5686;3931;0.691347;1;4284;2995;0.699113;1;7171;0.783433;164.0;9.8;9.8;0.0598;1.6514;5503.3;0.0018;1402;62.3;9.9;9.9;0.1589;1.1546;779.9;0.0127;13.1
2012-12-31;2012;12;7;5742;3423;0.596134;0;4307;2512;0.583237;0;5686;0.691347;117.7;42.1;42.1;0.3577;1.4181;3835.3;0.011;1435;62.9;-25.3;25.3;0.4022;1.6967;1231.6;0.0205;4.9
2013-01-07;2013;1;7;7187;4377;0.609016;1;5631;3651;0.648375;1;5742;0.596134;301.9;-143.5;143.5;0.4753;2.0312;5523.5;0.026;1556;111.4;48.7;48.7;0.4372;1.8585;1351.6;0.036;6.2
2013-01-14;2013;1;7;7189;3338;0.46432;0;5633;2651;0.47062;0;7187;0.609016;349.0;267.1;267.1;0.7653;2.0018;6426.4;0.0416;1556;67.6;16.3;16.3;0.2411;1.9217;1359.6;0.012;19.5
2013-01-21;2013;1;7;7177;3764;0.524453;0;5628;2534;0.450249;0;7189;0.46432;147.3;-43.9;43.9;0.298;2.2579;7203.0;0.0061;1549;32.0;0.1;0.1;0.0031;1.4037;1027.6;0.0001;6.9
2013-01-28;2013;1;7;7182;3788;0.52743;0;5632;3656;0.649148;1;7177;0.524453;214.3;149.0;149.0;0.6953;2.0451;6554.8;0.0227;1550;52.6;-18.8;18.8;0.3574;1.7804;1223.6;0.0154;6.6
2013-02-04;2013;2;7;7185;4665;0.649269;1;5628;3225;0.573028;0;7182;0.52743;296.9;174.2;174.2;0.5867;1.9703;6076.3;0.0287;1557;160.7;-141.1;141.1;0.878;1.9779;1415.1;0.0997;12.3
2013-02-11;2013;2;7;7169;3946;0.550425;0;5617;3144;0.559729;0;7185;0.649269;306.4;-288.3;288.3;0.9409;2.2744;7248.5;0.0398;1552;70.2;35.0;35.0;0.4986;1.9231;1322.1;0.0265;3.3
2013-02-18;2013;2;7;7142;4074;0.570428;0;5604;3525;0.629015;1;7169;0.550425;213.7;-7.8;7.8;0.0365;2.0735;6522.0;0.0012;1538;57.7;-1.1;1.1;0.0191;1.5039;995.2;0.0011;10.3
2013-02-25;2013;2;7;7181;3983;0.554658;0;5626;2748;0.488446;0;7142;0.570428;286.5;-159.3;159.3;0.556;1.9384;5952.6;0.0268;1555;271.4;-144.3;144.3;0.5317;3.1071;2137.1;0.0675;22.7
2013-03-04;2013;3;7;7180;2843;0.395961;0;5624;2152;0.382646;0;7181;0.554658;352.3;-189.5;189.5;0.5379;2.7015;8410.6;0.0225;1556;58.6;22.0;22.0;0.3754;1.8402;1318.2;0.0167;10.8
2013-03-11;2013;3;7;7120;3819;0.536376;0;5566;2729;0.490298;0;7180;0.395961;179.1;-9.3;9.3;0.0519;1.9504;6231.6;0.0015;1554;74.4;35.1;35.1;0.4718;1.5001;1054.7;0.0333;6.1
2013-03-18;2013;3;7;7134;4234;0.593496;0;5576;3523;0.631815;1;7120;0.536376;195.7;78.2;78.2;0.3996;1.8131;5811.0;0.0135;1558;113.7;30.9;30.9;0.2718;2.4751;1742.6;0.0177;161.9
2013-03-25;2013;3;7;7094;3427;0.483084;0;5538;2467;0.445468;0;7134;0.593496;166.2;75.0;75.0;0.4513;2.4547;7484.5;0.01;1556;218.6;-107.8;107.8;0.4931;2.4889;1763.1;0.0611;22.6
2013-04-01;2013;4;7;7172;3730;0.520078;0;5569;2923;0.52487;0;7094;0.483084;296.7;-149.8;149.8;0.5049;1.8989;6070.8;0.0247;1603;96.6;43.7;43.7;0.4524;1.2253;1021.3;0.0428;10.9
2013-04-08;2013;4;7;7180;3712;0.516992;0;5565;2907;0.522372;0;7172;0.520078;294.4;187.9;187.9;0.6382;1.8442;5869.6;0.032;1615;69.6;55.9;55.9;0.8032;1.8486;1295.4;0.0432;19.6
2013-04-15;2013;4;7;7187;4059;0.56477;0;5572;3266;0.586145;0;7180;0.516992;169.9;137.1;137.1;0.8069;1.913;5832.2;0.0235;1615;93.3;-60.4;60.4;0.6474;2.3758;1551.9;0.0389;3.6
2013-04-22;2013;4;7;7165;3103;0.433077;0;5569;2519;0.452325;0;7187;0.56477;200.0;-62.4;62.4;0.312;2.367;7102.9;0.0088;1596;68.9;-17.3;17.3;0.2511;1.6852;1165.0;0.0148;25.3
2013-04-29;2013;4;7;7141;3977;0.556925;0;5545;3417;0.616231;1;7165;0.433077;139.4;-49.1;49.1;0.3522;1.9665;6034.1;0.0081;1596;84.7;46.0;46.0;0.5431;1.5447;1072.4;0.0429;21.4
2013-05-06;2013;5;7;7129;5620;0.788329;1;5543;4293;0.77449;1;7141;0.556925;211.0;65.5;65.5;0.3104;1.9624;6229.4;0.0105;1586;87.2;-47.3;47.3;0.5424;1.3253;987.8;0.0479;5.7
2013-05-13;2013;5;7;7152;3826;0.534955;0;5554;3354;0.603889;1;7129;0.788329;258.9;-130.7;130.7;0.5048;1.8468;5770.0;0.0227;1598;57.9;15.7;15.7;0.2712;1.8411;1338.7;0.0117;18.5
2013-05-20;2013;5;7;7171;3985;0.555711;0;5558;3096;0.557035;0;7152;0.534955;232.7;-134.5;134.5;0.578;2.0862;6555.4;0.0205;1613;84.7;48.6;48.6;0.5738;1.6998;1243.7;0.0391;5.7
2013-05-27;2013;5;7;7146;4591;0.642457;1;5555;3473;0.625203;1;7171;0.555711;178.6;87.8;87.8;0.4916;2.2609;6805.3;0.0129;1591;33.2;2.2;2.2;0.0663;1.0432;767.7;0.0029;2.5
2013-06-03;2013;6;7;7166;2643;0.368825;0;5558;2113;0.380173;0;7146;0.642457;223.5;62.3;62.3;0.2787;2.0168;6227.2;0.01;1608;152.1;76.7;76.7;0.5043;1.9924;1459.5;0.0526;0.8
2013-06-10;2013;6;7;7169;3230;0.450551;0;5559;2664;0.479223;0;7166;0.368825;350.0;221.5;221.5;0.6329;2.3578;7102.9;0.0312;1610;91.8;62.9;62.9;0.6852;1.9791;1328.1;0.0474;26.0
2013-06-17;2013;6;7;7163;3945;0.550747;0;5564;2905;0.522106;0;7169;0.450551;212.6;153.4;153.4;0.7215;2.2406;6610.1;0.0232;1599;63.0;14.7;14.7;0.2333;1.4541;1029.5;0.0143;4.6
2013-06-24;2013;6;7;7165;3841;0.536078;0;5555;3363;0.605401;1;7163;0.550747;317.7;-225.6;225.6;0.7101;2.1735;6607.8;0.0341;1610;85.1;43.6;43.6;0.5123;2.2238;1588.5;0.0274;30.4
2013-07-01;2013;7;7;7150;5049;0.706154;1;5542;4052;0.731144;1;7165;0.536078;166.0;-82.4;82.4;0.4964;2.0677;6390.5;0.0129;1608;65.9;57.4;57.4;0.871;1.5116;1088.6;0.0527;1.5
2013-07-08;2013;7;7;7167;4871;0.679643;1;5556;4011;0.721922;1;7150;0.706154;272.0;-179.5;179.5;0.6599;1.7991;5644.6;0.0318;1611;70.8;49.2;49.2;0.6949;1.348;973.8;0.0505;19.3
2013-07-15;2013;7;7;7156;3711;0.518586;0;5550;2458;0.442883;0;7167;0.679643;451.0;254.9;254.9;0.5652;2.3539;7686.1;0.0332;1606;85.5;-17.5;17.5;0.2047;1.8201;1380.6;0.0127;9.2
2013-07-22;2013;7;7;7155;2646;0.369811;0;5554;1769;0.318509;0;7156;0.518586;184.5;65.4;65.4;0.3545;1.9809;6440.4;0.0102;1601;83.5;53.3;53.3;0.6383;1.4382;1050.4;0.0507;4.3
2013-07-29;2013;7;7;7151;2584;0.361348;0;5550;1977;0.356216;0;7155;0.369811;162.4;140.3;140.3;0.8639;1.7312;5392.4;0.026;1601;55.9;-17.4;17.4;0.3113;1.4848;1058.2;0.0164;3.4
2013-08-05;2013;8;7;7138;4788;0.670776;1;5542;3967;0.715807;1;7151;0.361348;158.5;-0.3;0.3;0.0019;1.9227;5935.5;0.0001;1596;67.6;-21.6;21.6;0.3195;1.4595;1034.0;0.0209;1.4
2013-08-12;2013;8;7;7124;4082;0.572993;0;5532;2917;0.527296;0;7138;0.670776;167.8;61.0;61.0;0.3635;1.5133;4617.3;0.0132;1592;66.5;-36.8;36.8;0.5534;1.1266;841.6;0.0437;11.3
2013-08-19;2013;8;7;7117;4737;0.665589;1;5519;3701;0.670592;1;7124;0.572993;174.2;-1.0;1.0;0.0057;1.5339;4859.0;0.0002;1598;59.5;2.4;2.4;0.0403;1.2111;839.4;0.0029;3.7
2013-08-26;2013;8;7;7112;5601;0.787542;1;5532;4703;0.850145;1;7117;0.665589;153.8;48.0;48.0;0.3121;1.5589;5033.7;0.0095;1580;37.6;-5.2;5.2;0.1383;0.9752;749.1;0.0069;4.1
2013-09-02;2013;9;7;7081;4641;0.655416;1;5498;3496;0.635868;1;7112;0.787542;224.5;-163.0;163.0;0.7261;1.3896;4532.1;0.036;1583;43.7;-24.0;24.0;0.5492;1.129;874.2;0.0275;7.3
2013-09-09;2013;9;7;7099;3832;0.539794;0;5518;2784;0.504531;0;7081;0.655416;122.5;-35.3;35.3;0.2882;1.3695;4460.1;0.0079;1581;116.0;88.1;88.1;0.7595;1.1708;878.0;0.1003;10.4
2013-09-16;2013;9;7;7089;4283;0.604175;1;5490;3788;0.689982;1;7099;0.539794;159.9;128.6;128.6;0.8043;1.3315;4406.1;0.0292;1599;55.6;-31.4;31.4;0.5647;1.274;958.7;0.0328;71.1
2013-09-23;2013;9;7;7046;3770;0.535055;0;5469;2994;0.547449;0;7089;0.604175;243.5;157.5;157.5;0.6468;1.4636;4846.8;0.0325;1577;66.5;-49.0;49.0;0.7368;1.3306;1035.2;0.0473;21.0
2013-09-30;2013;9;7;7112;4949;0.695866;1;5512;3609;0.654753;1;7046;0.535055;102.6;-24.0;24.0;0.2339;1.2658;4246.3;0.0057;1600;78.5;28.0;28.0;0.3567;1.2937;1028.0;0.0272;26.2
2013-10-07;2013;10;7;7140;2603;0.364566;0;5547;2553;0.460249;0;7112;0.695866;168.6;60.5;60.5;0.3588;1.4869;4997.1;0.0121;1593;48.4;16.4;16.4;0.3388;1.0625;811.3;0.0202;8.5
2013-10-14;2013;10;7;7108;4267;0.60031;1;5526;3588;0.649294;1;7140;0.364566;121.7;-26.0;26.0;0.2136;1.2949;4433.4;0.0059;1582;52.2;-2.2;2.2;0.0421;0.9527;804.2;0.0027;20.2
2013-10-21;2013;10;7;7113;3182;0.44735;0;5521;2463;0.446115;0;7108;0.60031;231.3;126.8;126.8;0.5482;1.3985;4847.3;0.0262;1592;37.6;-10.0;10.0;0.266;1.0003;781.6;0.0128;2.7
2013-10-28;2013;10;7;7076;4039;0.570803;0;5542;3116;0.562252;0;7113;0.44735;181.3;120.1;120.1;0.6624;1.3033;4465.2;0.0269;1534;42.4;-18.4;18.4;0.434;1.0636;823.3;0.0223;3.5
2013-11-04;2013;11;7;7125;4553;0.639018;1;5596;3536;0.63188;1;7076;0.570803;337.4;-318.7;318.7;0.9446;1.5123;5007.3;0.0636;1529;82.3;26.1;26.1;0.3171;1.2427;958.7;0.0272;1.5
2013-11-11;2013;11;7;7133;3138;0.439927;0;5607;2371;0.422864;0;7125;0.639018;251.9;-122.3;122.3;0.4855;1.6691;5685.8;0.0215;1526;71.7;49.9;49.9;0.696;1.2125;873.1;0.0572;9.0
2013-11-18;2013;11;7;7146;4011;0.561293;0;5612;3083;0.549359;0;7133;0.439927;161.4;137.2;137.2;0.8501;1.5921;5279.9;0.026;1534;67.3;4.7;4.7;0.0698;1.3138;970.9;0.0048;2.4
2013-11-25;2013;11;7;7129;4145;0.581428;0;5595;3061;0.547096;0;7146;0.561293;179.6;59.6;59.6;0.3318;1.6639;5445.3;0.0109;1534;69.8;-17.0;17.0;0.2436;1.3447;978.3;0.0174;7.9
2013-12-02;2013;12;7;7142;4303;0.602492;1;5601;3300;0.589181;0;7129;0.581428;131.4;41.9;41.9;0.3189;1.3715;4441.9;0.0094;1541;89.6;-49.4;49.4;0.5513;1.4629;1066.1;0.0463;0.3
2013-12-09;2013;12;7;7151;4738;0.662565;1;5608;3217;0.573645;0;7142;0.602492;181.9;113.5;113.5;0.624;1.6102;5097.1;0.0223;1543;51.5;26.3;26.3;0.5107;1.0936;767.2;0.0343;6.7
2013-12-16;2013;12;7;7140;2282;0.319608;0;5604;1842;0.328694;0;7151;0.662565;116.6;28.7;28.7;0.2461;1.3872;4471.8;0.0064;1536;70.0;30.8;30.8;0.44;1.2678;913.9;0.0337;10.8
2013-12-23;2013;12;7;5078;2765;0.544506;0;3548;2595;0.731398;1;7140;0.319608;186.3;-58.7;58.7;0.3151;1.5358;5052.7;0.0116;1530;49.2;28.4;28.4;0.5772;1.139;834.8;0.034;1.8
2013-12-30;2013;12;7;5537;4163;0.751851;1;3995;2990;0.748436;1;5078;0.544506;238.3;77.1;77.1;0.3235;1.2169;3036.4;0.0254;1542;90.5;51.8;51.8;0.5724;1.3802;1027.3;0.0504;10.1
2014-01-06;2014;1;7;7159;3243;0.452996;0;5618;2417;0.430224;0;5537;0.751851;236.5;-168.4;168.4;0.7121;1.5742;4221.7;0.0399;1541;81.8;36.6;36.6;0.4474;1.5075;1067.7;0.0343;5.2
2014-01-13;2014;1;7;7125;3518;0.493754;0;5587;3255;0.582602;0;7159;0.452996;138.8;75.3;75.3;0.5425;1.6126;5148.2;0.0146;1538;47.2;-2.1;2.1;0.0445;1.309;954.4;0.0022;2.7
2014-01-20;2014;1;7;7143;2972;0.416072;0;5605;2534;0.452096;0;7125;0.493754;182.4;-130.2;130.2;0.7138;1.4069;4678.2;0.0278;1538;60.3;10.4;10.4;0.1725;1.1046;843.0;0.0123;5.4
2014-01-27;2014;1;7;7158;3795;0.530176;0;5612;3097;0.551853;0;7143;0.416072;232.1;140.9;140.9;0.6071;1.5081;4981.0;0.0283;1546;63.4;-1.4;1.4;0.0221;1.52;1030.2;0.0014;0.8
2014-02-03;2014;2;7;7163;2393;0.334078;0;5619;1495;0.266062;0;7158;0.530176;237.4;-188.3;188.3;0.7932;1.6746;5281.1;0.0357;1544;58.5;38.6;38.6;0.6598;1.6148;1127.1;0.0342;3.7
2014-02-10;2014;2;7;7099;5481;0.772081;1;5572;4828;0.866475;1;7163;0.334078;166.0;151.5;151.5;0.9127;1.5527;4956.4;0.0306;1527;34.5;26.6;26.6;0.771;0.9991;751.3;0.0354;16.5
2014-02-17;2014;2;7;7091;5605;0.790439;1;5581;4261;0.763483;1;7099;0.772081;152.6;74.3;74.3;0.4869;1.2619;4216.2;0.0176;1510;32.1;-3.1;3.1;0.0966;1.0684;827.6;0.0037;14.2
2014-02-24;2014;2;7;7119;3813;0.535609;0;5590;3651;0.653131;1;7091;0.790439;87.3;31.4;31.4;0.3597;1.1726;3905.7;0.008;1529;63.1;-0.9;0.9;0.0143;1.1053;835.7;0.0011;3.3
2014-03-03;2014;3;7;7108;4184;0.588633;0;5565;3053;0.548607;0;7119;0.535609;181.3;65.5;65.5;0.3613;1.2825;4194.7;0.0156;1543;66.4;-36.6;36.6;0.5512;1.4027;1055.1;0.0347;28.6
2014-03-10;2014;3;7;7046;4358;0.618507;1;5535;3915;0.707317;1;7108;0.588633;207.7;103.0;103.0;0.4959;1.4079;4651.1;0.0221;1511;36.3;1.1;1.1;0.0303;0.9846;711.8;0.0015;0.4
2014-03-17;2014;3;7;7018;4036;0.575093;0;5484;3311;0.603756;1;7046;0.618507;133.1;35.1;35.1;0.2637;1.3175;4276.5;0.0082;1534;68.5;13.6;13.6;0.1985;1.1024;844.4;0.0161;1.4
2014-03-24;2014;3;7;7072;4435;0.627121;1;5539;3535;0.638202;1;7018;0.575093;198.4;-118.8;118.8;0.5988;1.2811;4298.3;0.0276;1533;115.5;42.7;42.7;0.3697;1.245;970.9;0.044;1.0
2014-03-31;2014;3;7;7131;1424;0.199691;0;5528;1342;0.242764;0;7072;0.627121;171.0;-41.9;41.9;0.245;1.3931;4673.1;0.009;1603;87.0;12.2;12.2;0.1402;1.4349;1063.2;0.0115;9.5
2014-04-07;2014;4;7;7137;6140;0.860305;1;5543;4546;0.820134;1;7131;0.199691;147.5;-59.0;59.0;0.4;1.3286;4330.6;0.0136;1594;58.7;43.4;43.4;0.7394;0.8231;620.9;0.0699;4.2
2014-04-14;2014;4;7;7120;2141;0.300702;0;5518;1495;0.270931;0;7137;0.860305;215.7;186.2;186.2;0.8632;1.0602;3485.1;0.0534;1602;54.8;-40.4;40.4;0.7372;1.125;860.7;0.0469;28.5
2014-04-21;2014;4;7;7107;2452;0.345012;0;5512;1925;0.349238;0;7120;0.300702;74.4;-45.7;45.7;0.6142;0.9505;3203.9;0.0143;1595;43.6;-22.9;22.9;0.5252;0.5719;473.0;0.0484;4.1
2014-04-28;2014;4;7;7128;3869;0.542789;0;5525;3079;0.557285;0;7107;0.345012;69.7;18.8;18.8;0.2697;0.8533;2862.7;0.0066;1603;64.7;8.9;8.9;0.1376;0.9519;701.4;0.0127;9.4
2014-05-05;2014;5;7;7137;5553;0.778058;1;5535;3951;0.713821;1;7128;0.542789;115.0;26.4;26.4;0.2296;0.9937;3313.7;0.008;1602;21.7;-7.0;7.0;0.3226;0.6351;489.4;0.0143;12.8
2014-05-12;2014;5;7;7138;4961;0.695013;1;5535;3455;0.62421;1;7137;0.778058;248.1;-123.4;123.4;0.4974;1.0161;3413.2;0.0362;1603;25.4;1.0;1.0;0.0394;0.7514;580.3;0.0017;4.1
2014-05-19;2014;5;7;7136;3804;0.533072;0;5529;2863;0.517815;0;7138;0.695013;126.3;-60.6;60.6;0.4798;1.0609;3543.6;0.0171;1607;39.4;16.7;16.7;0.4239;0.8945;664.4;0.0251;1.7
2014-05-26;2014;5;7;7127;2989;0.419391;0;5521;2829;0.512407;0;7136;0.533072;118.6;-66.1;66.1;0.5573;1.0034;3281.0;0.0201;1606;38.8;33.2;33.2;0.8557;0.728;530.0;0.0626;10.5
2014-06-02;2014;6;7;7116;2245;0.315486;0;5525;1608;0.291041;0;7127;0.419391;82.4;13.3;13.3;0.1614;0.9292;3035.9;0.0044;1591;47.9;-38.3;38.3;0.7996;0.9254;675.7;0.0567;2.6
2014-06-09;2014;6;7;7035;2963;0.42118;0;5489;1939;0.353252;0;7116;0.315486;173.5;7.3;7.3;0.0421;1.2169;3858.6;0.0019;1546;86.4;-51.2;51.2;0.5926;0.8097;604.7;0.0847;1.1
2014-06-16;2014;6;7;7059;3758;0.53237;0;5467;3350;0.612768;1;7035;0.42118;156.7;-104.2;104.2;0.665;1.041;3390.6;0.0307;1592;66.4;37.6;37.6;0.5663;0.9411;701.9;0.0536;0.9
2014-06-23;2014;6;7;6972;4358;0.625072;1;5404;3506;0.648779;1;7059;0.53237;130.4;61.6;61.6;0.4724;1.0139;3311.7;0.0186;1568;39.3;4.6;4.6;0.117;0.8538;664.2;0.0069;4.3
2014-06-30;2014;6;7;6955;5364;0.771244;1;5398;4217;0.781215;1;6972;0.625072;77.2;53.0;53.0;0.6865;0.8838;3021.0;0.0175;1557;57.4;47.2;47.2;0.8223;0.8338;641.2;0.0736;3.7
2014-07-07;2014;7;7;6928;2510;0.362298;0;5396;1477;0.273721;0;6955;0.771244;115.1;-50.4;50.4;0.4379;0.7886;2744.6;0.0184;1532;33.2;10.1;10.1;0.3042;0.6417;514.9;0.0196;1.2
2014-07-14;2014;7;7;7043;3754;0.533012;0;5491;2778;0.505919;0;6928;0.362298;74.7;11.7;11.7;0.1566;0.7513;2567.6;0.0046;1552;42.8;18.6;18.6;0.4346;0.6548;526.9;0.0353;4.3
2014-07-21;2014;7;7;6970;5574;0.799713;1;5426;4080;0.751935;1;7043;0.533012;149.4;-78.4;78.4;0.5248;0.8404;2812.5;0.0279;1544;36.1;-4.2;4.2;0.1163;0.6597;495.0;0.0085;2.3
2014-07-28;2014;7;7;7024;4640;0.660592;1;5453;3069;0.562809;0;6970;0.799713;127.8;-96.5;96.5;0.7551;0.8381;2768.2;0.0349;1571;17.0;6.5;6.5;0.3824;0.5271;416.0;0.0156;0.4
2014-08-04;2014;8;7;7051;4204;0.596227;0;5495;2648;0.481893;0;7024;0.660592;77.9;-8.0;8.0;0.1027;0.8513;2792.4;0.0029;1556;24.2;-10.2;10.2;0.4215;0.5681;444.5;0.0229;9.1
2014-08-11;2014;8;7;7035;3043;0.432552;0;5472;2007;0.366776;0;7051;0.596227;100.4;-23.0;23.0;0.2291;0.9413;3156.1;0.0073;1563;31.0;-26.3;26.3;0.8484;0.6463;531.7;0.0495;0.1
2014-08-18;2014;8;7;7054;5607;0.794868;1;5496;4049;0.736718;1;7035;0.432552;79.2;-9.7;9.7;0.1225;0.8999;3167.9;0.0031;1558;46.2;-38.1;38.1;0.8247;0.665;530.7;0.0718;0.9
2014-08-25;2014;8;7;7114;3528;0.495924;0;5511;3063;0.555797;0;7054;0.794868;178.4;-156.7;156.7;0.8784;0.9362;3190.3;0.0491;1603;31.4;-11.1;11.1;0.3535;0.8097;681.9;0.0163;44.3
2014-09-01;2014;9;7;7092;2975;0.419487;0;5521;2914;0.527803;0;7114;0.495924;89.0;-64.5;64.5;0.7247;1.0077;3592.6;0.018;1571;26.3;3.8;3.8;0.1445;0.608;512.7;0.0074;5.5
2014-09-08;2014;9;7;7151;4118;0.575864;0;5553;2979;0.536467;0;7092;0.419487;239.9;-176.2;176.2;0.7345;1.1141;3785.3;0.0465;1598;77.5;-63.3;63.3;0.8168;1.1304;884.6;0.0716;3.4
2014-09-15;2014;9;7;7153;4162;0.581854;0;5552;2976;0.536023;0;7151;0.575864;120.0;8.9;8.9;0.0742;1.4571;4891.4;0.0018;1601;64.9;-34.0;34.0;0.5239;1.1022;850.5;0.04;9.3
2014-09-22;2014;9;7;7156;4952;0.692007;1;5548;4265;0.768745;1;7153;0.581854;167.1;-144.0;144.0;0.8618;1.5515;5042.3;0.0286;1608;51.6;16.8;16.8;0.3256;1.1813;930.5;0.0181;4.8
2014-09-29;2014;9;7;7142;4211;0.589611;0;5544;3521;0.635101;1;7156;0.692007;224.4;-152.4;152.4;0.6791;1.3432;4527.4;0.0337;1598;51.4;8.5;8.5;0.1654;1.2973;968.6;0.0088;0.6
2014-10-06;2014;10;7;7167;4472;0.623971;1;5566;2944;0.528926;0;7142;0.589611;214.4;-166.7;166.7;0.7775;1.7394;5568.3;0.0299;1601;166.0;132.3;132.3;0.797;1.5146;1098.7;0.1204;2.8
2014-10-13;2014;10;7;7158;3771;0.526823;0;5543;2696;0.486379;0;7167;0.623971;282.5;114.8;114.8;0.4064;2.1078;6696.4;0.0171;1615;148.1;91.8;91.8;0.6199;1.866;1473.4;0.0623;3.1
2014-10-20;2014;10;7;7163;3588;0.500907;0;5553;2930;0.527643;0;7158;0.526823;266.8;129.0;129.0;0.4835;2.4556;8048.4;0.016;1610;85.6;43.1;43.1;0.5035;1.6331;1216.7;0.0354;7.9
2014-10-27;2014;10;7;7080;3464;0.489266;0;5537;2805;0.506592;0;7163;0.500907;226.4;-80.4;80.4;0.3551;1.6988;5457.7;0.0147;1543;57.6;29.5;29.5;0.5122;1.3068;909.2;0.0324;2.0
2014-11-03;2014;11;7;7109;4642;0.652975;1;5560;3614;0.65;1;7080;0.489266;284.8;-150.2;150.2;0.5274;1.7483;5409.8;0.0278;1549;74.6;-16.8;16.8;0.2252;2.0478;1335.4;0.0126;13.3
2014-11-10;2014;11;7;7169;3268;0.455852;0;5624;2919;0.519026;0;7109;0.652975;219.7;-54.7;54.7;0.249;2.1197;6487.9;0.0084;1545;90.4;-43.0;43.0;0.4757;1.6937;1162.1;0.037;13.9
2014-11-17;2014;11;7;7157;4345;0.607098;1;5607;3074;0.548243;0;7169;0.455852;152.0;56.7;56.7;0.373;1.9665;6065.6;0.0093;1550;134.0;-76.6;76.6;0.5716;1.8045;1272.1;0.0602;0.6
2014-11-24;2014;11;7;7102;2869;0.403971;0;5557;2137;0.38456;0;7157;0.607098;225.4;-135.8;135.8;0.6025;2.0098;6170.6;0.022;1545;82.1;66.8;66.8;0.8136;1.5487;1091.4;0.0612;23.0
2014-12-01;2014;12;7;7160;4172;0.582682;0;5613;3442;0.613219;1;7102;0.403971;169.0;84.4;84.4;0.4994;1.532;4820.0;0.0175;1547;87.2;21.4;21.4;0.2454;1.7927;1228.4;0.0174;3.2
2014-12-08;2014;12;7;7142;4290;0.600672;1;5597;3647;0.651599;1;7160;0.582682;235.6;-164.3;164.3;0.6974;1.8315;5791.7;0.0284;1545;96.8;31.5;31.5;0.3254;1.5532;1097.9;0.0287;1.2
2014-12-15;2014;12;7;7170;4629;0.645607;1;5621;3761;0.669098;1;7142;0.600672;247.7;178.8;178.8;0.7218;2.1267;6662.9;0.0268;1549;64.1;-29.0;29.0;0.4524;1.9414;1294.4;0.0224;8.5
2014-12-22;2014;12;7;5109;2240;0.438442;0;3573;1259;0.352365;0;7170;0.645607;349.7;-241.8;241.8;0.6914;2.2849;7007.2;0.0345;1536;55.8;-1.3;1.3;0.0233;1.1519;907.7;0.0014;3.6
2014-12-29;2014;12;7;5493;3883;0.7069;1;3965;3442;0.868096;1;5109;0.438442;107.7;-46.5;46.5;0.4318;1.0604;2794.5;0.0166;1528;78.1;-26.4;26.4;0.338;1.2259;974.5;0.0271;1.8
2015-01-05;2015;1;7;7170;3055;0.426081;0;5622;2566;0.456421;0;5493;0.7069;220.5;-178.2;178.2;0.8082;1.3781;3696.1;0.0482;1548;89.0;14.8;14.8;0.1663;2.171;1553.1;0.0095;79.1
2015-01-12;2015;1;7;7158;4331;0.605057;1;5615;3478;0.619412;1;7170;0.426081;222.1;-81.4;81.4;0.3665;2.0775;6673.8;0.0122;1543;84.7;-17.8;17.8;0.2102;1.6391;1145.6;0.0155;7.9
2015-01-19;2015;1;7;7135;4450;0.623686;1;5612;3317;0.591055;0;7158;0.605057;410.9;-288.2;288.2;0.7014;2.7379;8178.0;0.0352;1523;87.6;38.8;38.8;0.4429;1.9192;1346.8;0.0288;4.6
2015-01-26;2015;1;7;7165;3734;0.521144;0;5616;2811;0.500534;0;7135;0.623686;565.7;-351.7;351.7;0.6217;2.8146;9014.6;0.039;1549;197.8;93.0;93.0;0.4702;3.0357;2069.9;0.0449;48.3
2015-02-02;2015;2;7;7166;4245;0.592381;0;5620;3576;0.636299;1;7165;0.521144;325.2;124.5;124.5;0.3828;2.7729;8688.8;0.0143;1546;69.9;28.6;28.6;0.4092;2.0905;1459.3;0.0196;29.8
2015-02-09;2015;2;7;7143;3175;0.444491;0;5609;2585;0.460866;0;7166;0.592381;241.4;4.5;4.5;0.0186;2.4706;7990.4;0.0006;1534;89.3;24.8;24.8;0.2777;1.939;1377.2;0.018;15.5
2015-02-16;2015;2;7;7148;4792;0.670397;1;5611;3736;0.665835;1;7143;0.444491;171.5;84.7;84.7;0.4939;2.1515;6879.4;0.0123;1537;109.6;-62.5;62.5;0.5703;1.6133;1155.0;0.0541;10.4
2015-02-23;2015;2;7;7151;2783;0.389176;0;5609;1887;0.336424;0;7148;0.670397;171.2;-13.8;13.8;0.0806;2.1082;6591.4;0.0021;1542;98.1;-57.1;57.1;0.5821;1.7047;1219.0;0.0468;9.4
2015-03-02;2015;3;7;7158;4261;0.595278;0;5612;3434;0.611903;1;7151;0.389176;217.1;-196.6;196.6;0.9056;1.9407;5911.2;0.0333;1546;80.6;-5.1;5.1;0.0633;1.5639;1021.8;0.005;12.1
2015-03-09;2015;3;7;7108;4857;0.683315;1;5561;3462;0.62255;1;7158;0.595278;401.8;-340.9;340.9;0.8484;1.9241;5833.3;0.0584;1547;83.5;2.2;2.2;0.0263;1.6498;1147.6;0.0019;8.8
2015-03-16;2015;3;7;7109;4350;0.6119;1;5565;3449;0.619766;1;7108;0.683315;444.2;-335.8;335.8;0.756;2.64;8271.5;0.0406;1544;139.8;82.8;82.8;0.5923;2.388;1674.5;0.0494;7.3
2015-03-23;2015;3;7;7104;4521;0.636402;1;5557;3809;0.685442;1;7109;0.6119;558.1;329.1;329.1;0.5897;3.2849;10117.2;0.0325;1547;203.9;86.4;86.4;0.4237;3.5807;2428.8;0.0356;41.5
2015-03-30;2015;3;7;7136;4826;0.676289;1;5536;3830;0.691835;1;7104;0.636402;284.7;27.4;27.4;0.0962;3.2111;9586.6;0.0029;1600;84.9;-56.4;56.4;0.6643;2.3244;1661.9;0.0339;1.2
2015-04-06;2015;4;7;7149;4494;0.628619;1;5553;3436;0.618765;1;7136;0.676289;313.8;80.7;80.7;0.2572;2.4014;7443.5;0.0108;1596;126.0;-60.0;60.0;0.4762;1.7536;1329.0;0.0451;27.5
2015-04-13;2015;4;7;7147;3868;0.541206;0;5566;3179;0.571146;0;7149;0.628619;467.8;-394.1;394.1;0.8425;2.3364;7227.2;0.0545;1581;98.6;-19.7;19.7;0.1998;2.3771;1600.6;0.0123;7.9
2015-04-20;2015;4;7;7174;4358;0.607471;1;5568;3231;0.58028;0;7147;0.541206;328.1;211.3;211.3;0.644;2.9984;9139.0;0.0231;1606;108.0;-69.2;69.2;0.6407;2.3204;1587.6;0.0436;15.3
2015-04-27;2015;4;7;7160;3917;0.547067;0;5549;3285;0.591999;0;7174;0.607471;240.4;50.1;50.1;0.2084;2.644;7720.9;0.0065;1611;107.5;13.1;13.1;0.1219;2.4909;1602.3;0.0082;5.5
2015-05-04;2015;5;7;7157;4339;0.60626;1;5554;3476;0.625855;1;7160;0.547067;470.5;332.6;332.6;0.7069;2.9932;9039.2;0.0368;1603;102.0;-42.2;42.2;0.4137;2.1051;1474.8;0.0286;4.1
2015-05-11;2015;5;7;7167;4327;0.603739;1;5565;3474;0.624259;1;7157;0.60626;325.4;12.4;12.4;0.0381;2.8507;8764.9;0.0014;1602;75.6;-54.6;54.6;0.7222;2.3677;1676.6;0.0326;3.7
2015-05-18;2015;5;7;7168;4592;0.640625;1;5565;3327;0.597844;0;7167;0.603739;335.8;247.5;247.5;0.737;2.6501;8284.6;0.0299;1603;151.1;-124.6;124.6;0.8246;2.2173;1554.1;0.0802;1.1
2015-05-25;2015;5;7;7173;4069;0.567266;0;5567;2826;0.507634;0;7168;0.640625;447.6;-439.2;439.2;0.9812;2.7471;8422.4;0.0521;1606;50.7;-37.1;37.1;0.7318;1.4352;1167.8;0.0318;3.2
2015-06-01;2015;6;7;7165;3912;0.545987;0;5564;2643;0.475018;0;7173;0.567266;190.5;-20.1;20.1;0.1055;2.4884;7665.6;0.0026;1601;101.0;-63.0;63.0;0.6238;2.424;1659.9;0.038;1.6
2015-06-08;2015;6;7;7164;4686;0.654104;1;5562;3471;0.624056;1;7165;0.545987;492.3;127.7;127.7;0.2594;3.0941;9453.1;0.0135;1602;222.6;178.2;178.2;0.8005;2.8402;1924.9;0.0926;10.3
2015-06-15;2015;6;7;7166;3484;0.486185;0;5560;2772;0.498561;0;7164;0.654104;301.9;164.3;164.3;0.5442;3.0423;9070.3;0.0181;1606;105.2;60.2;60.2;0.5722;2.4101;1700.8;0.0354;51.1
2015-06-22;2015;6;7;7152;4125;0.576762;0;5548;3077;0.554614;0;7166;0.486185;247.0;134.2;134.2;0.5433;2.4856;7502.3;0.0179;1604;98.7;-28.3;28.3;0.2867;2.2431;1637.7;0.0173;24.4
2015-06-29;2015;6;7;7170;3584;0.499861;0;5559;2549;0.458536;0;7152;0.576762;280.4;-210.1;210.1;0.7493;2.3832;7434.3;0.0283;1611;323.4;213.6;213.6;0.6605;3.8332;2716.8;0.0786;158.8
2015-07-06;2015;7;7;7171;4642;0.64733;1;5568;3711;0.666487;1;7170;0.499861;323.4;96.0;96.0;0.2968;2.6469;8265.5;0.0116;1603;126.2;65.1;65.1;0.5158;2.7984;1985.8;0.0328;118.5
2015-07-13;2015;7;7;7170;3692;0.514923;0;5560;2689;0.483633;0;7171;0.64733;299.7;170.4;170.4;0.5686;2.8414;8732.9;0.0195;1610;215.7;-115.2;115.2;0.5341;2.7953;2031.0;0.0567;53.0
2015-07-20;2015;7;7;7166;4099;0.572007;0;5560;3604;0.648201;1;7170;0.514923;368.3;-270.9;270.9;0.7355;2.3632;7328.0;0.037;1606;61.4;-0.8;0.8;0.013;1.5854;1171.1;0.0007;5.1
2015-07-27;2015;7;7;7160;4800;0.670391;1;5563;3544;0.637066;1;7166;0.572007;209.1;145.9;145.9;0.6978;1.9849;6330.2;0.023;1597;160.3;112.0;112.0;0.6987;2.1006;1488.4;0.0752;3.5
2015-08-03;2015;8;7;7168;3207;0.447405;0;5561;2620;0.471138;0;7160;0.670391;236.1;7.4;7.4;0.0313;2.1666;6682.9;0.0011;1607;54.7;-29.1;29.1;0.532;1.7803;1236.6;0.0235;3.7
2015-08-10;2015;8;7;7170;4055;0.565551;0;5564;3245;0.583214;0;7168;0.447405;148.0;-16.5;16.5;0.1115;1.9425;6014.3;0.0027;1606;116.1;52.1;52.1;0.4488;1.6672;1201.9;0.0433;0.4
2015-08-17;2015;8;7;7173;4369;0.60909;1;5562;3518;0.632506;1;7170;0.565551;288.5;146.1;146.1;0.5064;2.1556;6812.7;0.0214;1611;66.0;-42.2;42.2;0.6394;1.7159;1235.7;0.0342;8.2
2015-08-24;2015;8;7;7178;4794;0.667874;1;5568;3713;0.666846;1;7173;0.60909;371.5;265.2;265.2;0.7139;2.055;6341.1;0.0418;1610;344.5;204.1;204.1;0.5925;4.726;3230.4;0.0632;7.2
2015-08-31;2015;8;7;7133;4666;0.654143;1;5523;3749;0.678798;1;7178;0.667874;558.0;-192.4;192.4;0.3448;3.7516;11449.3;0.0168;1610;93.0;49.3;49.3;0.5301;2.0967;1494.8;0.033;8.5
2015-09-07;2015;9;7;7174;3499;0.487733;0;5566;2517;0.45221;0;7133;0.654143;245.0;-33.8;33.8;0.138;2.4924;7600.5;0.0044;1608;56.3;-2.8;2.8;0.0497;1.5318;1086.8;0.0026;22.0
2015-09-14;2015;9;7;7171;4097;0.571329;0;5563;3306;0.594284;0;7174;0.487733;228.1;170.0;170.0;0.7453;2.0945;6282.2;0.0271;1608;89.4;-21.2;21.2;0.2371;1.5785;1103.3;0.0192;3.6
2015-09-21;2015;9;7;7163;4327;0.604077;1;5555;3344;0.60198;1;7171;0.571329;246.2;-38.8;38.8;0.1576;2.0751;6304.0;0.0062;1608;148.9;-93.7;93.7;0.6293;1.8068;1286.7;0.0728;7.9
2015-09-28;2015;9;7;7173;3177;0.442911;0;5562;2780;0.49982;0;7163;0.604077;224.9;-88.5;88.5;0.3935;2.2524;7040.4;0.0126;1611;100.9;35.8;35.8;0.3548;2.0743;1375.0;0.026;0.5
2015-10-05;2015;10;7;7165;5392;0.752547;1;5558;4211;0.757647;1;7173;0.442911;183.5;8.6;8.6;0.0469;2.1656;6495.1;0.0013;1607;115.8;-24.9;24.9;0.215;1.8974;1266.2;0.0197;17.9
2015-10-12;2015;10;7;7168;4120;0.574777;0;5562;3679;0.661453;1;7165;0.752547;215.2;137.6;137.6;0.6394;1.9629;5953.8;0.0231;1606;44.9;-8.2;8.2;0.1826;1.2339;906.6;0.009;4.0
2015-10-19;2015;10;7;7163;4752;0.663409;1;5556;3603;0.648488;1;7168;0.574777;160.9;-12.6;12.6;0.0783;1.7653;5579.9;0.0023;1607;73.3;-28.0;28.0;0.382;1.5959;1149.6;0.0244;7.2
2015-10-26;2015;10;7;7113;3845;0.54056;0;5554;3467;0.624235;1;7163;0.663409;390.5;-338.7;338.7;0.8673;1.8692;5934.1;0.0571;1559;66.8;52.9;52.9;0.7919;1.6483;1166.0;0.0454;10.8
2015-11-02;2015;11;7;7165;4435;0.618981;1;5618;3698;0.658241;1;7113;0.54056;198.8;-3.0;3.0;0.0151;2.0521;6374.4;0.0005;1547;52.6;-14.8;14.8;0.2814;1.6643;1139.1;0.013;26.0
2015-11-09;2015;11;7;7172;4397;0.613079;1;5624;3466;0.616287;1;7165;0.618981;347.2;-290.5;290.5;0.8367;1.8537;5719.8;0.0508;1548;70.4;25.6;25.6;0.3636;1.7505;1137.5;0.0225;5.3
2015-11-16;2015;11;7;7168;3990;0.556641;0;5621;2988;0.531578;0;7172;0.613079;155.8;36.5;36.5;0.2343;2.0164;6153.7;0.0059;1547;83.5;-52.0;52.0;0.6228;1.8355;1267.9;0.041;31.0
2015-11-23;2015;11;7;7168;2404;0.335379;0;5620;1783;0.31726;0;7168;0.556641;146.0;-93.9;93.9;0.6432;1.8594;5822.9;0.0161;1548;64.1;-2.8;2.8;0.0437;1.7314;1167.8;0.0024;5.9
2015-11-30;2015;11;7;7142;4354;0.609633;1;5598;3580;0.639514;1;7168;0.335379;123.4;-49.6;49.6;0.4019;1.6112;4977.7;0.01;1544;37.2;-21.3;21.3;0.5726;1.4135;930.2;0.0229;1.1
2015-12-07;2015;12;7;7173;5550;0.773735;1;5624;4209;0.7484;1;7142;0.609633;482.7;290.1;290.1;0.601;2.3053;7144.7;0.0406;1549;91.5;-33.2;33.2;0.3628;1.7835;1212.9;0.0274;14.5
2015-12-14;2015;12;7;7175;3539;0.49324;0;5625;2574;0.4576;0;7173;0.773735;246.6;118.8;118.8;0.4818;2.0468;6273.9;0.0189;1550;103.1;4.4;4.4;0.0427;2.1685;1381.6;0.0032;1.0
2015-12-21;2015;12;7;5553;4020;0.723933;1;4003;2950;0.736947;1;7175;0.49324;257.0;-120.5;120.5;0.4689;2.3644;6923.5;0.0174;1550;90.8;59.0;59.0;0.6498;1.7338;1123.8;0.0525;14.0
2015-12-28;2015;12;7;5548;4108;0.740447;1;3998;3206;0.801901;1;5553;0.723933;135.9;111.2;111.2;0.8182;1.5923;3912.0;0.0284;1550;71.7;35.0;35.0;0.4881;1.3766;961.7;0.0364;23.6
2016-01-04;2016;1;7;7174;4458;0.621411;1;5624;3292;0.585349;0;5548;0.740447;139.6;-69.8;69.8;0.5;1.4847;3695.0;0.0189;1550;165.3;-47.9;47.9;0.2898;2.2775;1501.5;0.0319;2.0
2016-01-11;2016;1;7;7172;3828;0.533742;0;5622;2935;0.522056;0;7174;0.621411;235.7;52.7;52.7;0.2236;2.3392;7196.9;0.0073;1550;121.4;-64.0;64.0;0.5272;2.2237;1603.3;0.0399;4.1
2016-01-18;2016;1;7;7110;2966;0.417159;0;5581;2770;0.496327;0;7172;0.533742;179.8;-7.6;7.6;0.0423;2.302;7201.1;0.0011;1529;58.9;-25.1;25.1;0.4261;1.5124;986.4;0.0254;5.1
2016-01-25;2016;1;7;7163;4961;0.692587;1;5617;3713;0.661029;1;7110;0.417159;198.3;-121.6;121.6;0.6132;2.2282;6680.1;0.0182;1546;67.3;60.0;60.0;0.8915;1.4803;974.4;0.0616;4.0
2016-02-01;2016;2;7;7166;4841;0.675551;1;5623;3358;0.59719;0;7163;0.692587;178.0;38.4;38.4;0.2157;1.9352;5792.6;0.0066;1543;98.3;63.6;63.6;0.647;1.617;1078.0;0.059;1.6
2016-02-08;2016;2;7;7157;4302;0.60109;1;5617;3776;0.672245;1;7166;0.675551;431.4;324.6;324.6;0.7524;2.2872;7012.2;0.0463;1540;129.3;44.8;44.8;0.3465;2.279;1447.7;0.0309;12.0
2016-02-15;2016;2;7;7169;3768;0.525596;0;5620;2691;0.478826;0;7157;0.60109;289.9;109.4;109.4;0.3774;2.9396;8275.2;0.0132;1549;122.0;-65.1;65.1;0.5336;1.6725;1114.3;0.0584;11.9
2016-02-22;2016;2;7;7172;3401;0.474205;0;5622;2536;0.451085;0;7169;0.525596;183.2;-112.6;112.6;0.6146;1.9303;5747.9;0.0196;1550;121.6;-92.2;92.2;0.7582;1.6697;1057.4;0.0872;12.0
2016-02-29;2016;2;7;7169;3745;0.522388;0;5623;2934;0.521786;0;7172;0.474205;213.0;-187.4;187.4;0.8798;1.9193;5737.1;0.0327;1546;103.4;-33.4;33.4;0.323;1.793;1181.7;0.0283;11.6
2016-03-07;2016;3;7;7148;3971;0.55554;0;5619;3075;0.54725;0;7169;0.522388;218.0;86.2;86.2;0.3954;1.943;5870.8;0.0147;1529;85.8;19.1;19.1;0.2226;1.5449;1050.7;0.0182;12.0
2016-03-14;2016;3;7;7084;3824;0.539808;0;5545;2954;0.532732;0;7148;0.55554;395.5;154.7;154.7;0.3912;2.2918;7145.3;0.0217;1539;98.6;-50.4;50.4;0.5112;1.7984;1225.2;0.0411;3.1
2016-03-21;2016;3;7;7021;4429;0.630822;1;5484;3244;0.591539;0;7084;0.539808;284.6;119.3;119.3;0.4192;2.0283;6048.2;0.0197;1537;51.8;-35.2;35.2;0.6795;1.592;1032.6;0.0341;0.0
2016-03-28;2016;3;7;7105;4505;0.634061;1;5538;3581;0.646623;1;7021;0.630822;140.4;-107.4;107.4;0.765;1.4838;4542.5;0.0236;1567;67.1;37.9;37.9;0.5648;1.0148;764.5;0.0496;0.5
2016-04-04;2016;4;7;7136;3563;0.499299;0;5553;2669;0.480641;0;7105;0.634061;285.0;223.4;223.4;0.7839;1.7788;5386.3;0.0415;1583;55.2;-10.2;10.2;0.1848;1.5256;1069.9;0.0095;9.9
2016-04-11;2016;4;7;7125;4594;0.644772;1;5540;3820;0.689531;1;7136;0.499299;127.4;-1.2;1.2;0.0094;1.8599;5719.5;0.0002;1585;75.3;5.6;5.6;0.0744;1.6312;1141.3;0.0049;9.8
2016-04-18;2016;4;7;7118;5113;0.71832;1;5526;3776;0.683315;1;7125;0.644772;230.8;-122.9;122.9;0.5325;1.8005;5621.0;0.0219;1592;58.3;9.6;9.6;0.1647;1.5104;1082.8;0.0089;15.7
2016-04-25;2016;4;7;7134;4751;0.665966;1;5531;3156;0.570602;0;7118;0.71832;180.5;-78.3;78.3;0.4338;1.6965;5221.4;0.015;1603;60.2;46.9;46.9;0.7791;1.4359;1024.0;0.0458;0.2
2016-05-02;2016;5;7;7136;5264;0.737668;1;5540;3890;0.702166;1;7134;0.665966;241.2;228.5;228.5;0.9473;1.8018;5585.0;0.0409;1596;87.4;62.3;62.3;0.7128;1.531;1075.5;0.0579;12.9
2016-05-09;2016;5;7;7151;4312;0.602993;1;5548;4251;0.766222;1;7136;0.737668;230.2;-57.1;57.1;0.248;1.8135;5570.2;0.0103;1603;44.2;-13.3;13.3;0.3009;1.4992;1114.9;0.0119;6.8
2016-05-16;2016;5;7;7128;2427;0.340488;0;5535;2205;0.398374;0;7151;0.602993;163.5;-91.1;91.1;0.5572;1.4959;4646.5;0.0196;1593;40.0;3.0;3.0;0.075;1.204;854.5;0.0035;5.4
2016-05-23;2016;5;7;7139;4726;0.661997;1;5546;3789;0.683195;1;7128;0.340488;168.5;-89.1;89.1;0.5288;1.4026;4281.7;0.0208;1593;55.2;-0.2;0.2;0.0036;1.2586;865.9;0.0002;9.5
2016-05-30;2016;5;7;7117;4327;0.607981;1;5533;3554;0.642328;1;7139;0.661997;132.0;-100.2;100.2;0.7591;1.3875;4204.0;0.0238;1584;51.5;33.1;33.1;0.6427;0.9141;625.3;0.0529;1.7
2016-06-06;2016;6;7;7136;4169;0.584221;0;5541;3579;0.645912;1;7117;0.607981;275.8;252.0;252.0;0.9137;1.5284;4693.5;0.0537;1595;66.8;5.1;5.1;0.0763;1.7028;1099.8;0.0046;8.6
2016-06-13;2016;6;7;7160;4836;0.675419;1;5559;3724;0.669905;1;7136;0.584221;170.2;-105.7;105.7;0.621;1.5369;4574.8;0.0231;1601;70.9;37.1;37.1;0.5233;1.5788;1038.2;0.0357;1.5
2016-06-20;2016;6;7;7161;4304;0.601033;1;5560;3658;0.657914;1;7160;0.675419;171.9;24.6;24.6;0.1431;1.9227;5924.3;0.0042;1601;80.5;-12.3;12.3;0.1528;1.9121;1339.1;0.0092;58.9
2016-06-27;2016;6;7;7166;3607;0.503349;0;5560;2640;0.47482;0;7161;0.601033;518.0;-238.6;238.6;0.4606;3.5064;10982.0;0.0217;1606;112.7;-8.1;8.1;0.0719;3.5803;2175.7;0.0037;74.1
2016-07-04;2016;7;7;7127;3156;0.442823;0;5546;2898;0.522539;0;7166;0.503349;198.8;115.5;115.5;0.581;2.7257;8083.1;0.0143;1581;61.8;10.0;10.0;0.1618;1.3011;924.7;0.0108;2.6
2016-07-11;2016;7;7;7141;3819;0.534799;0;5551;2905;0.523329;0;7127;0.442823;183.9;-84.1;84.1;0.4573;1.9247;6004.4;0.014;1590;58.8;5.3;5.3;0.0901;1.5372;1004.1;0.0053;1.3
2016-07-18;2016;7;7;7152;3604;0.503915;0;5551;2864;0.515943;0;7141;0.534799;149.2;-20.0;20.0;0.134;1.807;5301.9;0.0038;1601;46.7;19.7;19.7;0.4218;1.5066;1035.1;0.019;17.7
2016-07-25;2016;7;7;7136;3443;0.482483;0;5552;2583;0.465238;0;7152;0.503915;128.6;-73.9;73.9;0.5747;1.6614;5046.4;0.0146;1584;47.1;16.8;16.8;0.3567;1.2162;796.9;0.0211;2.9
2016-08-01;2016;8;7;7131;4944;0.693311;1;5536;3510;0.634032;1;7136;0.482483;245.5;201.0;201.0;0.8187;1.5355;4493.1;0.0447;1595;28.2;-6.1;6.1;0.2163;1.1405;790.9;0.0077;0.2
2016-08-08;2016;8;7;7133;5274;0.73938;1;5536;4037;0.729227;1;7131;0.693311;187.8;-86.5;86.5;0.4606;1.2239;3719.7;0.0233;1597;33.0;-1.1;1.1;0.0333;0.9464;685.0;0.0016;0.9
2016-08-15;2016;8;7;7141;4353;0.609578;1;5550;2808;0.505946;0;7133;0.73938;150.8;76.1;76.1;0.5046;1.1119;3513.6;0.0217;1591;50.3;13.7;13.7;0.2724;0.9137;667.2;0.0205;6.4
2016-08-22;2016;8;7;7127;3409;0.478322;0;5532;2731;0.493673;0;7141;0.609578;212.8;155.0;155.0;0.7284;1.4271;4506.3;0.0344;1595;59.5;2.8;2.8;0.0471;1.2538;863.4;0.0032;7.9
2016-08-29;2016;8;7;7147;2897;0.405345;0;5546;1571;0.283267;0;7127;0.478322;174.6;-121.6;121.6;0.6964;1.3471;4161.5;0.0292;1601;49.8;7.4;7.4;0.1486;1.2791;883.1;0.0084;10.2
2016-09-05;2016;9;7;7121;5021;0.705098;1;5546;4101;0.739452;1;7147;0.405345;128.9;-29.0;29.0;0.225;1.3913;4193.7;0.0069;1575;42.8;-6.7;6.7;0.1565;0.8822;651.0;0.0103;2.7
2016-09-12;2016;9;7;7154;3455;0.482947;0;5552;3205;0.577269;0;7121;0.705098;187.5;74.8;74.8;0.3989;1.3526;4215.6;0.0177;1602;58.0;7.8;7.8;0.1345;1.5842;1059.4;0.0074;0.5
2016-09-19;2016;9;7;7157;3745;0.523264;0;5550;3247;0.585045;0;7154;0.482947;134.0;-76.6;76.6;0.5716;1.4917;4500.5;0.017;1607;47.2;22.6;22.6;0.4788;1.0352;724.1;0.0312;1.6
2016-09-26;2016;9;7;7143;3341;0.467731;0;5551;2520;0.453972;0;7157;0.523264;134.3;71.1;71.1;0.5294;1.3187;3958.2;0.018;1592;57.9;23.4;23.4;0.4041;1.1259;789.1;0.0297;0.7
2016-10-03;2016;10;7;7154;5088;0.711211;1;5550;3484;0.627748;1;7143;0.467731;125.7;14.7;14.7;0.1169;1.3689;4253.6;0.0035;1604;39.2;-23.8;23.8;0.6071;1.1241;811.0;0.0293;7.9
2016-10-10;2016;10;7;7155;4985;0.696716;1;5556;3386;0.609431;1;7154;0.711211;140.1;-32.7;32.7;0.2334;1.5565;4797.1;0.0068;1599;72.0;-53.9;53.9;0.7486;1.0938;779.7;0.0691;6.4
2016-10-17;2016;10;7;7129;3361;0.471455;0;5524;2976;0.53874;0;7155;0.696716;232.8;-222.7;222.7;0.9566;1.5125;4791.6;0.0465;1605;50.3;41.1;41.1;0.8171;1.165;816.5;0.0503;1.8
2016-10-24;2016;10;7;7133;3137;0.439787;0;5536;2849;0.514632;0;7129;0.471455;180.0;-86.0;86.0;0.4778;1.3066;4185.7;0.0205;1597;40.1;-9.5;9.5;0.2369;1.0967;790.9;0.012;2.0
2016-10-31;2016;10;7;7098;3882;0.546915;0;5542;3006;0.542403;0;7133;0.439787;140.8;103.9;103.9;0.7379;1.3715;4224.8;0.0246;1556;54.2;-11.4;11.4;0.2103;1.16;792.9;0.0144;3.3
2016-11-07;2016;11;7;7163;3627;0.506352;0;5615;2736;0.487266;0;7098;0.546915;205.8;158.1;158.1;0.7682;1.4096;4253.1;0.0372;1548;82.8;-36.1;36.1;0.436;1.3281;924.1;0.0391;54.7
2016-11-14;2016;11;7;7173;4108;0.572703;0;5623;2940;0.522853;0;7163;0.506352;469.1;-230.7;230.7;0.4918;2.4453;7572.4;0.0305;1550;132.8;-89.9;89.9;0.677;2.3963;1534.9;0.0586;18.4
2016-11-21;2016;11;7;7149;3210;0.449014;0;5599;2444;0.436507;0;7173;0.572703;272.7;-248.0;248.0;0.9094;2.2584;6920.9;0.0358;1550;70.4;46.2;46.2;0.6562;1.9543;1334.2;0.0346;3.2
2016-11-28;2016;11;7;7164;3599;0.502373;0;5620;2647;0.470996;0;7149;0.449014;140.2;-13.9;13.9;0.0991;1.9626;6005.9;0.0023;1544;122.4;14.0;14.0;0.1144;2.0242;1349.7;0.0104;27.0
2016-12-05;2016;12;7;7166;5058;0.705833;1;5616;3995;0.71136;1;7164;0.502373;137.2;59.8;59.8;0.4359;2.0339;6232.8;0.0096;1550;290.7;158.1;158.1;0.5439;3.1532;2091.7;0.0756;66.9
2016-12-12;2016;12;7;7163;3260;0.455117;0;5615;2266;0.403562;0;7166;0.705833;367.2;-38.1;38.1;0.1038;2.2651;6968.6;0.0055;1548;126.4;100.8;100.8;0.7975;1.8313;1225.9;0.0822;19.4
2016-12-19;2016;12;7;7148;3659;0.511891;0;5602;2739;0.488933;0;7163;0.455117;303.5;-89.9;89.9;0.2962;2.155;6655.7;0.0135;1546;86.9;-35.1;35.1;0.4039;1.8653;1271.9;0.0276;11.6
2016-12-26;2016;12;7;6652;3370;0.506615;0;5615;3148;0.560641;0;7148;0.511891;147.0;15.9;15.9;0.1082;1.6475;5137.2;0.0031;1037;43.4;-7.5;7.5;0.1728;1.0994;726.3;0.0103;7.3
2017-01-02;2017;1;7;7025;3996;0.568826;0;5612;3141;0.559694;0;6652;0.506615;280.5;62.0;62.0;0.221;1.6525;4941.1;0.0125;1413;79.2;-57.9;57.9;0.7311;1.0435;950.8;0.0609;7.9
2017-01-09;2017;1;7;7169;4840;0.675129;1;5621;3823;0.680128;1;7025;0.568826;281.9;17.4;17.4;0.0617;2.0502;6411.6;0.0027;1548;78.4;55.5;55.5;0.7079;1.8589;1235.0;0.0449;2.3
2017-01-16;2017;1;7;7168;4774;0.666016;1;5623;3779;0.672061;1;7169;0.675129;230.7;112.0;112.0;0.4855;2.3657;6850.8;0.0163;1545;56.3;-26.0;26.0;0.4618;1.7487;1126.6;0.0231;14.6
2017-01-23;2017;1;7;7175;2859;0.398467;0;5625;2475;0.44;0;7168;0.666016;139.7;74.0;74.0;0.5297;2.1444;6039.6;0.0123;1550;79.2;61.1;61.1;0.7715;1.9645;1284.9;0.0476;4.2
2017-01-30;2017;1;7;7166;4543;0.633966;1;5619;3203;0.57003;0;7175;0.398467;117.1;-1.5;1.5;0.0128;1.829;5452.2;0.0003;1547;119.9;-7.7;7.7;0.0642;1.6951;1125.0;0.0068;19.0
2017-02-06;2017;2;7;7171;4468;0.623065;1;5624;3218;0.572191;0;7166;0.633966;208.6;71.9;71.9;0.3447;1.9051;5649.1;0.0127;1547;85.2;-46.8;46.8;0.5493;1.5032;969.5;0.0483;2.4
2017-02-13;2017;2;7;7171;4326;0.603263;1;5623;3895;0.692691;1;7171;0.623065;183.1;-149.2;149.2;0.8149;1.5776;4736.2;0.0315;1548;66.4;-36.7;36.7;0.5527;1.3056;850.7;0.0431;5.5
2017-02-20;2017;2;7;7166;4357;0.60801;1;5621;2921;0.519658;0;7171;0.603263;158.1;-20.3;20.3;0.1284;1.4706;4527.3;0.0045;1545;29.8;0.1;0.1;0.0034;1.1693;785.8;0.0001;6.2
2017-02-27;2017;2;7;7152;3656;0.511186;0;5615;2881;0.51309;0;7166;0.60801;139.1;-47.6;47.6;0.3422;1.4993;4619.6;0.0103;1537;78.9;20.8;20.8;0.2636;1.4166;902.8;0.023;2.0
2017-03-06;2017;3;7;7159;3798;0.530521;0;5615;3189;0.567943;0;7152;0.511186;136.0;59.1;59.1;0.4346;1.572;4740.8;0.0125;1544;65.3;-29.0;29.0;0.4441;1.3856;944.7;0.0307;14.2
2017-03-13;2017;3;7;7104;4203;0.591639;0;5562;3006;0.540453;0;7159;0.530521;174.0;65.2;65.2;0.3747;1.4547;4435.6;0.0147;1542;69.3;-33.2;33.2;0.4791;1.3222;841.8;0.0394;10.7
2017-03-20;2017;3;7;7089;2637;0.371985;0;5548;2300;0.414564;0;7104;0.591639;182.1;53.6;53.6;0.2943;1.483;4366.5;0.0123;1541;58.0;-3.0;3.0;0.0517;1.1478;762.4;0.0039;1.5
2017-03-27;2017;3;7;7156;5807;0.811487;1;5555;4538;0.816922;1;7089;0.371985;105.4;60.0;60.0;0.5693;1.3663;4008.8;0.015;1601;78.5;30.7;30.7;0.3911;1.1841;822.5;0.0373;30.8
2017-04-03;2017;4;7;7135;3532;0.495025;0;5541;2839;0.512362;0;7156;0.811487;254.4;-175.0;175.0;0.6879;1.3367;4211.2;0.0416;1594;38.6;7.1;7.1;0.1839;1.0766;739.0;0.0096;7.7
2017-04-10;2017;4;7;7106;5055;0.711371;1;5509;3711;0.673625;1;7135;0.495025;108.4;-73.0;73.0;0.6734;1.2465;3843.4;0.019;1597;36.8;9.3;9.3;0.2527;1.0078;695.6;0.0134;1.8
2017-04-17;2017;4;7;7123;4699;0.659694;1;5531;3316;0.59953;0;7106;0.711371;107.7;22.9;22.9;0.2126;1.0668;3297.1;0.0069;1592;67.6;29.0;29.0;0.429;0.9562;676.9;0.0428;3.8
2017-04-24;2017;4;7;7165;4209;0.587439;0;5556;3202;0.576314;0;7123;0.659694;174.8;110.8;110.8;0.6339;1.179;3813.3;0.0291;1609;84.0;-35.2;35.2;0.419;1.9722;1392.9;0.0253;174.8
2017-05-01;2017;5;7;7137;2460;0.344683;0;5545;2068;0.372949;0;7165;0.587439;129.9;-4.5;4.5;0.0346;1.6632;5186.2;0.0009;1592;39.6;13.2;13.2;0.3333;0.904;707.7;0.0187;0.2
2017-05-08;2017;5;7;7150;4523;0.632587;1;5545;3249;0.585933;0;7137;0.344683;124.8;103.8;103.8;0.8317;1.2436;3823.0;0.0272;1605;100.5;-88.7;88.7;0.8826;1.5983;1104.8;0.0803;15.7
2017-05-15;2017;5;7;7122;5738;0.805673;1;5549;4172;0.751847;1;7150;0.632587;177.7;-84.0;84.0;0.4727;1.3747;4272.3;0.0197;1573;66.7;47.1;47.1;0.7061;1.0638;758.3;0.0621;1.8
2017-05-22;2017;5;7;7140;3291;0.460924;0;5540;3065;0.553249;0;7122;0.805673;289.1;274.9;274.9;0.9509;1.4535;4520.6;0.0608;1600;102.0;35.5;35.5;0.348;1.3962;1035.7;0.0343;5.4
2017-05-29;2017;5;7;7084;4845;0.683936;1;5517;3722;0.674642;1;7140;0.460924;107.6;-20.3;20.3;0.1887;1.5283;4847.1;0.0042;1567;62.2;-42.8;42.8;0.6881;0.9193;705.0;0.0607;10.0
2017-06-05;2017;6;7;7130;4559;0.639411;1;5536;3841;0.693822;1;7084;0.683936;175.4;109.9;109.9;0.6266;1.3176;4278.1;0.0257;1594;49.7;-15.7;15.7;0.3159;1.1519;834.3;0.0188;8.8
2017-06-12;2017;6;7;7113;5060;0.711374;1;5522;4333;0.784679;1;7130;0.639411;117.6;-77.0;77.0;0.6548;1.531;4785.5;0.0161;1591;40.1;-9.5;9.5;0.2369;1.1245;800.7;0.0119;11.4
2017-06-19;2017;6;7;7100;4034;0.568169;0;5500;3092;0.562182;0;7113;0.711374;163.7;-11.6;11.6;0.0709;1.3296;4076.2;0.0028;1600;71.9;-62.4;62.4;0.8679;1.0457;764.8;0.0816;10.8
2017-06-26;2017;6;7;7105;4664;0.656439;1;5544;3831;0.691017;1;7100;0.568169;93.9;-12.9;12.9;0.1374;1.0428;3322.5;0.0039;1561;48.1;-11.4;11.4;0.237;1.1115;791.9;0.0144;0.5
2017-07-03;2017;7;7;7114;3714;0.522069;0;5529;2353;0.425574;0;7105;0.656439;273.7;230.4;230.4;0.8418;1.5664;4835.6;0.0476;1585;71.7;-45.9;45.9;0.6402;1.1789;878.1;0.0523;6.5
2017-07-10;2017;7;7;7126;4391;0.616194;1;5534;3359;0.606975;1;7114;0.522069;127.3;-17.9;17.9;0.1406;1.2908;3991.7;0.0045;1592;36.3;-1.4;1.4;0.0386;0.9552;673.3;0.0021;2.4
2017-07-17;2017;7;7;7140;4316;0.604482;1;5542;3290;0.593649;0;7126;0.616194;118.9;70.0;70.0;0.5887;1.3595;4130.4;0.0169;1598;52.2;4.6;4.6;0.0881;1.0683;727.3;0.0063;1.2
2017-07-24;2017;7;7;7139;4139;0.579773;0;5551;3378;0.608539;1;7140;0.604482;248.0;194.0;194.0;0.7823;1.4859;4465.3;0.0434;1588;58.2;-23.7;23.7;0.4072;1.2946;911.4;0.026;0.7
2017-07-31;2017;7;7;7152;4178;0.584172;0;5545;3173;0.572227;0;7139;0.579773;163.8;87.0;87.0;0.5311;1.6903;5175.2;0.0168;1607;122.3;70.0;70.0;0.5724;1.5053;1129.9;0.062;2.9
2017-08-07;2017;8;7;7136;3537;0.495656;0;5545;3439;0.620198;1;7152;0.584172;186.3;20.4;20.4;0.1095;1.6518;5416.2;0.0038;1591;42.9;26.0;26.0;0.6061;1.2399;902.6;0.0288;1.1
2017-08-14;2017;8;7;7145;5148;0.720504;1;5549;3656;0.658857;1;7136;0.495656;157.1;47.6;47.6;0.303;1.6302;5260.2;0.009;1596;70.0;-47.0;47.0;0.6714;1.4096;1018.2;0.0462;1.0
2017-08-21;2017;8;7;7116;3370;0.473581;0;5534;2372;0.428623;0;7145;0.720504;175.8;-63.4;63.4;0.3606;1.7486;5453.1;0.0116;1582;96.8;50.3;50.3;0.5196;1.2826;901.9;0.0558;1.8
2017-08-28;2017;8;7;7151;5231;0.731506;1;5556;4122;0.741901;1;7116;0.473581;209.9;161.3;161.3;0.7685;1.4249;4413.1;0.0366;1595;68.9;19.0;19.0;0.2758;1.3284;927.6;0.0205;22.8
2017-09-04;2017;9;7;7134;4416;0.619008;1;5554;3824;0.688513;1;7151;0.731506;247.0;-84.1;84.1;0.3405;1.8355;5630.0;0.0149;1580;48.5;12.9;12.9;0.266;1.3722;996.8;0.0129;19.1
2017-09-11;2017;9;7;7141;3719;0.520795;0;5551;2769;0.498829;0;7134;0.619008;224.1;152.9;152.9;0.6823;1.9245;5632.6;0.0271;1590;81.6;-60.0;60.0;0.7353;1.5044;1007.8;0.0595;14.3
2017-09-18;2017;9;7;7134;3604;0.505186;0;5547;2954;0.53254;0;7141;0.520795;191.5;-72.5;72.5;0.3786;1.7751;5353.9;0.0135;1587;54.5;33.3;33.3;0.611;1.5621;1083.7;0.0307;19.8
2017-09-25;2017;9;7;7153;4730;0.661261;1;5548;3301;0.594989;0;7134;0.505186;173.2;19.1;19.1;0.1103;1.8646;5416.0;0.0035;1605;104.9;-44.4;44.4;0.4233;1.665;1064.2;0.0417;45.8
2017-10-02;2017;10;7;7152;3266;0.456655;0;5551;2430;0.437759;0;7153;0.661261;219.7;-86.1;86.1;0.3919;1.7478;5057.6;0.017;1601;84.7;-62.9;62.9;0.7426;1.4515;927.2;0.0678;18.2
2017-10-09;2017;10;7;7127;4737;0.664656;1;5548;3369;0.607246;1;7152;0.456655;145.4;-62.2;62.2;0.4278;1.4939;4316.9;0.0144;1579;36.6;5.9;5.9;0.1612;0.9706;703.9;0.0084;2.2
2017-10-16;2017;10;7;7122;3714;0.521483;0;5545;2457;0.443102;0;7127;0.664656;160.3;81.6;81.6;0.509;1.3995;4158.9;0.0196;1577;39.2;-18.1;18.1;0.4617;1.2145;833.8;0.0217;4.2
2017-10-23;2017;10;7;7150;5131;0.717622;1;5553;4458;0.802809;1;7122;0.521483;128.0;-33.4;33.4;0.2609;1.4242;4181.9;0.008;1597;52.6;-10.2;10.2;0.1939;1.2459;836.7;0.0122;14.0
2017-10-30;2017;10;7;7101;2140;0.301366;0;5524;1308;0.236785;0;7150;0.717622;263.0;-157.7;157.7;0.5996;1.5879;4613.2;0.0342;1577;64.5;48.4;48.4;0.7504;1.3488;898.1;0.0539;4.0
2017-11-06;2017;11;7;7164;5075;0.708403;1;5618;3963;0.705411;1;7101;0.301366;96.8;2.6;2.6;0.0269;1.4771;4344.0;0.0006;1546;43.9;0.8;0.8;0.0182;1.301;857.5;0.0009;4.8
2017-11-13;2017;11;7;7139;5260;0.736798;1;5612;3856;0.687099;1;7164;0.708403;124.9;53.0;53.0;0.4243;1.3101;3889.7;0.0136;1527;37.8;6.8;6.8;0.1799;1.0614;679.1;0.01;5.9
2017-11-20;2017;11;7;7130;5383;0.754979;1;5586;4414;0.79019;1;7139;0.736798;223.1;131.8;131.8;0.5908;1.4271;4383.6;0.0301;1544;86.3;-47.2;47.2;0.5469;1.7124;1139.5;0.0414;5.2
2017-11-27;2017;11;7;7163;3317;0.463074;0;5619;2807;0.499555;0;7130;0.754979;231.6;146.9;146.9;0.6343;1.4308;4440.7;0.0331;1544;65.7;-25.3;25.3;0.3851;1.403;946.6;0.0267;1.7
2017-12-04;2017;12;7;7149;3896;0.544971;0;5610;2988;0.53262;0;7163;0.463074;152.6;-31.7;31.7;0.2077;1.7663;5370.6;0.0059;1539;49.4;2.7;2.7;0.0547;1.5975;1030.3;0.0026;32.8
2017-12-11;2017;12;7;7144;3375;0.472424;0;5602;2703;0.482506;0;7149;0.544971;148.7;-92.1;92.1;0.6194;1.5044;4329.6;0.0213;1542;48.7;10.7;10.7;0.2197;1.1642;789.0;0.0136;7.3
2017-12-18;2017;12;7;7160;5507;0.769134;1;5615;4218;0.751202;1;7144;0.472424;145.0;-15.8;15.8;0.109;1.4251;4292.7;0.0037;1545;96.7;39.8;39.8;0.4116;1.3788;835.2;0.0477;6.0
2018-01-01;2018;1;7;5720;3819;0.667657;1;5611;3710;0.661201;1;5348;0.893231;179.3;133.3;133.3;0.7434;1.0461;2398.1;0.0556;109;15.0;6.5;6.5;0.4333;1.2367;71.1;0.0914;0.2
2018-01-08;2018;1;7;7159;5604;0.782791;1;5619;4324;0.769532;1;5720;0.667657;87.8;26.2;26.2;0.2984;1.3907;3456.1;0.0076;1540;96.6;-57.3;57.3;0.5932;1.2548;858.9;0.0667;3.2
2018-01-15;2018;1;7;7162;4650;0.64926;1;5623;3466;0.616397;1;7159;0.782791;302.9;175.3;175.3;0.5787;1.771;5354.5;0.0327;1539;109.1;69.8;69.8;0.6398;2.1603;1372.7;0.0508;5.5
2018-01-22;2018;1;7;7160;4490;0.627095;1;5613;3933;0.700695;1;7162;0.64926;158.5;21.2;21.2;0.1338;2.2909;6787.5;0.0031;1547;53.2;-7.8;7.8;0.1466;1.8006;1142.3;0.0068;45.8
2018-01-29;2018;1;7;7160;3515;0.490922;0;5612;2740;0.488239;0;7160;0.627095;323.9;166.2;166.2;0.5131;2.5815;7510.4;0.0221;1548;95.6;-42.7;42.7;0.4467;2.22;1408.4;0.0303;7.0
2018-02-05;2018;2;7;7167;3568;0.497837;0;5618;2622;0.466714;0;7160;0.490922;188.2;33.9;33.9;0.1801;2.4659;7043.6;0.0048;1549;112.7;-67.6;67.6;0.5998;2.5506;1498.9;0.0451;23.0
2018-02-12;2018;2;7;7146;4615;0.645816;1;5606;3756;0.669996;1;7167;0.497837;269.5;-182.0;182.0;0.6753;2.6031;7227.1;0.0252;1540;72.3;57.9;57.9;0.8008;1.8014;1229.6;0.0471;8.4
2018-02-19;2018;2;7;7149;3702;0.517835;0;5615;2484;0.442386;0;7146;0.645816;320.8;167.3;167.3;0.5215;2.1927;6585.5;0.0254;1534;66.1;-4.3;4.3;0.0651;1.5931;1033.7;0.0042;7.2
2018-02-26;2018;2;7;7154;3855;0.538859;0;5611;3346;0.596329;0;7149;0.517835;175.5;-108.1;108.1;0.616;1.9345;5709.6;0.0189;1543;77.3;22.9;22.9;0.2962;1.7951;1156.3;0.0198;3.1
2018-03-05;2018;3;7;7164;2491;0.347711;0;5618;1273;0.226593;0;7154;0.538859;200.3;27.4;27.4;0.1368;1.9983;5889.3;0.0047;1546;95.4;3.2;3.2;0.0335;2.1323;1379.0;0.0023;13.4
2018-03-12;2018;3;7;7070;4034;0.57058;0;5536;3390;0.612355;1;7164;0.347711;177.2;-28.1;28.1;0.1586;2.0448;5838.4;0.0048;1534;55.2;27.8;27.8;0.5036;1.3615;859.7;0.0323;5.9
2018-03-19;2018;3;7;7064;4537;0.642271;1;5528;3431;0.620658;1;7070;0.57058;152.5;-20.9;20.9;0.137;1.5805;4604.2;0.0045;1536;100.8;49.0;49.0;0.4861;1.621;957.5;0.0512;2.6
2018-03-26;2018;3;7;7052;3412;0.483834;0;5463;2393;0.438038;0;7064;0.642271;149.1;66.1;66.1;0.4433;1.8358;5250.2;0.0126;1589;112.9;105.9;105.9;0.938;1.544;995.9;0.1063;2.4
2018-04-02;2018;4;7;7104;3089;0.434825;0;5549;2602;0.468913;0;7052;0.483834;192.7;-28.8;28.8;0.1495;1.5666;4486.5;0.0064;1555;63.4;-26.2;26.2;0.4132;1.0968;699.0;0.0375;3.3
2018-04-09;2018;4;7;7152;4532;0.633669;1;5549;3144;0.566589;0;7104;0.434825;129.9;-37.7;37.7;0.2902;1.4866;4428.2;0.0085;1603;70.6;39.4;39.4;0.5581;1.4997;970.5;0.0406;0.0
2018-04-16;2018;4;7;7111;3684;0.518071;0;5535;2917;0.52701;0;7152;0.633669;136.1;48.2;48.2;0.3542;1.5764;4535.5;0.0106;1576;70.7;57.7;57.7;0.8161;1.2747;833.4;0.0692;3.5
2018-04-23;2018;4;7;7122;3298;0.463072;0;5531;2317;0.418912;0;7111;0.518071;164.2;-38.1;38.1;0.232;1.4896;4360.1;0.0087;1591;92.0;-65.8;65.8;0.7152;1.4558;999.6;0.0658;13.4
2018-04-30;2018;4;7;7141;4152;0.581431;0;5546;2850;0.513884;0;7122;0.463072;234.3;-143.1;143.1;0.6108;1.6724;4987.0;0.0287;1595;74.5;-39.1;39.1;0.5248;1.6384;1065.2;0.0367;11.4
2018-05-07;2018;5;7;7129;4343;0.609202;1;5547;2984;0.537948;0;7141;0.581431;228.2;-158.2;158.2;0.6933;1.8516;5511.7;0.0287;1582;80.5;-26.3;26.3;0.3267;1.5132;987.1;0.0266;2.9
2018-05-14;2018;5;7;7135;4062;0.569306;0;5549;3039;0.547666;0;7129;0.609202;155.3;-17.9;17.9;0.1153;1.8101;5293.9;0.0034;1586;72.8;-8.2;8.2;0.1126;1.4515;948.4;0.0086;2.0
2018-05-21;2018;5;7;7133;3897;0.546334;0;5550;3127;0.563423;0;7135;0.569306;246.3;-168.4;168.4;0.6837;1.7959;5197.6;0.0324;1583;80.7;18.8;18.8;0.233;1.5134;1015.3;0.0185;0.2
2018-05-28;2018;5;7;7127;4470;0.627192;1;5556;3302;0.594312;0;7133;0.546334;184.3;-122.3;122.3;0.6636;1.9104;5490.8;0.0223;1571;121.0;-54.8;54.8;0.4529;1.5756;956.7;0.0573;32.3
2018-06-04;2018;6;7;7121;4829;0.678135;1;5536;3967;0.716582;1;7127;0.627192;218.3;-21.6;21.6;0.0989;2.2556;6504.8;0.0033;1585;87.9;41.3;41.3;0.4699;1.5786;1030.0;0.0401;1.1
2018-06-11;2018;6;7;7119;2977;0.418177;0;5539;2545;0.459469;0;7121;0.678135;187.6;110.7;110.7;0.5901;1.7681;5137.5;0.0215;1580;49.5;-0.8;0.8;0.0162;1.4718;983.4;0.0008;4.5
2018-06-18;2018;6;7;7120;3681;0.516994;0;5532;3446;0.622921;1;7119;0.418177;308.9;-166.2;166.2;0.538;1.9344;5770.6;0.0288;1588;75.7;41.7;41.7;0.5509;1.539;977.3;0.0427;18.9
2018-06-25;2018;6;7;7139;3753;0.525704;0;5551;3097;0.557917;0;7120;0.516994;166.9;69.7;69.7;0.4176;1.9447;5490.1;0.0127;1588;84.5;35.4;35.4;0.4189;1.7502;1180.5;0.03;7.1
2018-07-02;2018;7;7;7095;4520;0.637068;1;5495;3267;0.59454;0;7139;0.525704;193.3;18.5;18.5;0.0957;2.0473;5919.4;0.0031;1600;95.3;-41.3;41.3;0.4334;1.7344;1167.6;0.0354;0.8
2018-07-09;2018;7;7;7136;4196;0.588004;0;5546;3371;0.607825;1;7095;0.637068;176.6;61.0;61.0;0.3454;1.6622;4835.4;0.0126;1590;58.1;10.3;10.3;0.1773;1.4733;966.3;0.0107;1.8
2018-07-16;2018;7;7;7131;4076;0.571589;0;5548;3486;0.628335;1;7136;0.588004;177.8;-59.8;59.8;0.3363;1.6337;4842.7;0.0123;1583;49.8;26.9;26.9;0.5402;1.2973;870.7;0.0309;3.6
2018-07-23;2018;7;7;7135;3549;0.497407;0;5533;2684;0.485089;0;7131;0.571589;169.9;38.7;38.7;0.2278;1.6857;4961.5;0.0078;1602;67.9;-34.0;34.0;0.5007;1.4386;964.5;0.0353;6.5
2018-07-30;2018;7;7;7087;4660;0.657542;1;5523;3705;0.670831;1;7135;0.497407;131.3;-70.4;70.4;0.5362;1.5733;4690.5;0.015;1564;70.6;53.5;53.5;0.7578;1.1102;718.6;0.0745;3.2
2018-08-06;2018;8;7;7084;4171;0.588792;0;5505;3359;0.610173;1;7087;0.657542;185.9;-86.4;86.4;0.4648;1.3592;4047.9;0.0213;1579;41.1;-10.6;10.6;0.2579;1.0842;754.7;0.014;1.1
2018-08-13;2018;8;7;7120;3612;0.507303;0;5526;2987;0.540536;0;7084;0.588792;240.1;-158.1;158.1;0.6585;1.4494;4486.9;0.0352;1594;67.9;22.0;22.0;0.324;2.0496;1373.9;0.016;32.2
2018-08-20;2018;8;7;7113;3554;0.499649;0;5534;2609;0.471449;0;7120;0.507303;143.9;60.4;60.4;0.4197;1.8471;5587.7;0.0108;1579;98.8;53.1;53.1;0.5374;1.2631;872.9;0.0608;0.3
2018-08-27;2018;8;7;7112;3634;0.510967;0;5530;2649;0.479024;0;7113;0.499649;245.3;183.2;183.2;0.7468;1.6352;5013.9;0.0365;1582;99.3;64.7;64.7;0.6516;1.4613;972.9;0.0665;2.6
2018-09-03;2018;9;7;7049;3017;0.428004;0;5517;2094;0.379554;0;7112;0.510967;149.0;-16.9;16.9;0.1134;1.6906;4938.5;0.0034;1532;38.6;17.8;17.8;0.4611;1.1358;785.3;0.0227;5.6
2018-09-10;2018;9;7;7012;3254;0.464062;0;5469;2764;0.505394;0;7049;0.428004;128.9;-43.3;43.3;0.3359;1.6191;4743.1;0.0091;1543;90.2;43.9;43.9;0.4867;1.2534;821.3;0.0535;3.3
2018-09-17;2018;9;7;7072;3610;0.510464;0;5498;2640;0.480175;0;7012;0.464062;195.6;72.5;72.5;0.3707;1.4805;4477.7;0.0162;1574;80.3;45.8;45.8;0.5704;1.2267;820.1;0.0558;0.4
2018-09-24;2018;9;7;7095;4020;0.566596;0;5521;3389;0.613838;1;7072;0.510464;184.8;126.8;126.8;0.6861;1.551;4614.1;0.0275;1574;91.1;9.5;9.5;0.1043;1.3846;933.7;0.0102;6.6
2018-10-01;2018;10;7;7084;4247;0.59952;0;5507;3235;0.587434;0;7095;0.566596;245.5;-138.9;138.9;0.5658;1.6323;4828.4;0.0288;1577;61.3;-39.1;39.1;0.6378;1.3288;915.6;0.0427;12.0
2018-10-08;2018;10;7;7127;4466;0.626631;1;5536;3398;0.613801;1;7084;0.59952;161.5;-95.4;95.4;0.5907;1.6882;4965.7;0.0192;1591;69.8;-26.7;26.7;0.3825;1.3407;868.0;0.0308;0.1
2018-10-15;2018;10;7;7114;3397;0.477509;0;5530;2706;0.489331;0;7127;0.626631;178.3;38.7;38.7;0.217;1.6549;4704.4;0.0082;1584;69.0;40.5;40.5;0.587;1.2652;854.5;0.0474;17.2
2018-10-22;2018;10;7;7091;2422;0.34156;0;5532;1878;0.339479;0;7114;0.477509;188.2;-27.8;27.8;0.1477;1.4862;4438.1;0.0063;1559;94.4;-47.6;47.6;0.5042;1.3679;913.4;0.0521;2.4
2018-10-29;2018;10;7;7059;4240;0.600652;1;5532;3328;0.601591;1;7091;0.34156;214.4;-109.0;109.0;0.5084;1.5763;4712.9;0.0231;1527;55.8;-25.6;25.6;0.4588;1.4694;969.9;0.0264;1.8
2018-11-05;2018;11;7;7154;4972;0.694996;1;5609;4375;0.779996;1;7059;0.600652;153.8;-13.9;13.9;0.0904;1.5534;4677.0;0.003;1545;70.6;19.5;19.5;0.2762;1.3254;855.5;0.0228;1.9
2018-11-12;2018;11;7;7156;4180;0.584125;0;5610;3239;0.577362;0;7154;0.694996;183.5;-54.3;54.3;0.2959;1.636;4934.6;0.011;1546;115.1;-102.0;102.0;0.8862;1.5739;1039.6;0.0981;9.4
2018-11-19;2018;11;7;7062;3988;0.564713;0;5533;2996;0.541478;0;7156;0.584125;204.9;92.2;92.2;0.45;1.8996;5685.9;0.0162;1529;70.5;40.6;40.6;0.5759;1.4099;921.7;0.044;4.2
2018-11-26;2018;11;7;7112;4326;0.608268;1;5579;3252;0.5829;0;7062;0.564713;144.7;-78.2;78.2;0.5404;1.4678;4438.8;0.0176;1533;58.7;-4.9;4.9;0.0835;1.3295;869.3;0.0056;2.5
2018-12-03;2018;12;7;7143;3656;0.51183;0;5603;2719;0.485276;0;7112;0.608268;134.5;-18.9;18.9;0.1405;1.5403;4666.2;0.0041;1540;60.4;9.6;9.6;0.1589;1.4452;1023.0;0.0094;25.4
2018-12-10;2018;12;7;7153;4527;0.632881;1;5611;3682;0.656211;1;7143;0.51183;112.9;46.5;46.5;0.4119;1.6356;4996.2;0.0093;1542;92.3;-38.8;38.8;0.4204;1.7086;1074.5;0.0361;3.7
2018-12-17;2018;12;7;7147;5457;0.763537;1;5605;3939;0.702765;1;7153;0.632881;173.1;-89.5;89.5;0.517;1.5959;4746.5;0.0189;1542;60.4;45.9;45.9;0.7599;1.1732;746.8;0.0615;1.6
2018-12-24;2018;12;7;5183;2569;0.495659;0;3940;1865;0.47335;0;7147;0.763537;188.7;66.1;66.1;0.3503;1.5915;4770.1;0.0139;1243;77.9;49.2;49.2;0.6316;1.4005;742.5;0.0663;0.6
2018-12-31;2018;12;7;5166;3079;0.596012;0;3944;2243;0.568712;0;5183;0.495659;129.9;72.6;72.6;0.5589;1.5972;3612.3;0.0201;1222;44.6;10.5;10.5;0.2354;1.5098;775.4;0.0135;6.1
2019-01-07;2019;1;7;7147;4456;0.623478;1;5604;3314;0.591363;0;5166;0.596012;193.2;-38.7;38.7;0.2003;2.0334;4212.6;0.0092;1543;87.3;82.7;82.7;0.9473;1.3762;882.1;0.0938;0.5
2019-01-14;2019;1;7;7132;4141;0.580623;0;5598;3514;0.627724;1;7147;0.623478;174.5;72.3;72.3;0.4143;1.6262;4960.5;0.0146;1534;31.5;13.1;13.1;0.4159;1.3767;854.8;0.0153;9.0
2019-01-21;2019;1;7;7132;3296;0.462142;0;5608;2799;0.499108;0;7132;0.580623;136.5;-95.6;95.6;0.7004;1.4501;4167.2;0.0229;1524;34.3;7.8;7.8;0.2274;0.9029;580.1;0.0134;3.0
2019-01-28;2019;1;7;7146;2655;0.371537;0;5604;2098;0.374375;0;7132;0.462142;128.3;46.2;46.2;0.3601;1.304;3847.8;0.012;1542;53.6;27.2;27.2;0.5075;1.1628;737.3;0.0369;4.9
2019-02-04;2019;2;7;7108;6796;0.956106;1;5580;5268;0.944086;1;7146;0.371537;124.1;53.4;53.4;0.4303;1.3464;3900.1;0.0137;1528;36.1;-18.3;18.3;0.5069;1.0139;651.3;0.0281;2.3
2019-02-11;2019;2;7;7116;4300;0.604272;1;5580;3070;0.550179;0;7108;0.956106;139.3;-131.4;131.4;0.9433;1.0348;3037.6;0.0433;1536;62.8;-40.6;40.6;0.6465;0.9505;666.5;0.0609;2.8
2019-02-18;2019;2;7;7096;2117;0.298337;0;5591;1860;0.332678;0;7116;0.604272;107.3;-27.0;27.0;0.2516;1.1662;3713.3;0.0073;1505;44.9;18.8;18.8;0.4187;0.8635;593.4;0.0317;0.5
2019-02-25;2019;2;7;7106;2990;0.420771;0;5569;1655;0.297181;0;7096;0.298337;95.6;40.0;40.0;0.4184;1.1799;3694.6;0.0108;1537;39.7;36.5;36.5;0.9194;1.0486;694.4;0.0526;4.4
2019-03-04;2019;3;7;7127;5825;0.817314;1;5590;4384;0.784258;1;7106;0.420771;91.8;36.8;36.8;0.4009;1.2138;3631.8;0.0101;1537;72.2;-40.7;40.7;0.5637;0.9744;637.9;0.0638;12.2
2019-03-11;2019;3;7;7040;5333;0.757528;1;5502;4147;0.753726;1;7127;0.817314;205.1;-144.0;144.0;0.7021;1.1457;3447.5;0.0418;1538;48.2;25.2;25.2;0.5228;1.0345;712.9;0.0353;0.6
2019-03-18;2019;3;7;7042;5330;0.756887;1;5512;4162;0.75508;1;7040;0.757528;122.6;91.4;91.4;0.7455;1.1022;3428.4;0.0267;1530;39.9;10.6;10.6;0.2657;0.848;568.1;0.0187;0.1
2019-03-25;2019;3;7;7075;4061;0.573993;0;5542;3229;0.582642;0;7042;0.756887;175.0;-24.3;24.3;0.1389;1.1868;3666.7;0.0066;1533;42.8;17.4;17.4;0.4065;1.1265;762.9;0.0228;3.3
2019-04-01;2019;4;7;7051;3766;0.534109;0;5474;3245;0.592802;0;7075;0.573993;121.8;-80.2;80.2;0.6585;1.2783;3916.6;0.0205;1577;51.6;-21.4;21.4;0.4147;1.0681;728.5;0.0294;8.9
2019-04-08;2019;4;7;7038;2345;0.333191;0;5487;1458;0.265719;0;7051;0.534109;71.0;-10.8;10.8;0.1521;1.0102;3111.1;0.0035;1551;65.8;43.5;43.5;0.6611;0.813;581.1;0.0749;3.5
2019-04-15;2019;4;7;6865;4123;0.600583;1;5320;3139;0.590038;0;7038;0.333191;115.1;86.8;86.8;0.7541;0.9334;2983.6;0.0291;1545;23.3;1.7;1.7;0.073;0.7885;560.4;0.003;3.7
2019-04-22;2019;4;7;6993;4157;0.594452;0;5497;2959;0.538294;0;6865;0.600583;97.6;-56.7;56.7;0.5809;0.893;2699.4;0.021;1496;26.2;16.6;16.6;0.6336;0.4892;365.3;0.0454;4.1
2019-04-29;2019;4;7;6958;3786;0.544122;0;5414;2252;0.415959;0;6993;0.594452;151.2;-98.7;98.7;0.6528;1.0038;3162.8;0.0312;1544;41.8;39.0;39.0;0.933;0.8199;602.7;0.0647;2.8
2019-05-06;2019;5;7;7123;1934;0.271515;0;5536;1702;0.307442;0;6958;0.544122;130.0;56.3;56.3;0.4331;1.0409;3170.9;0.0178;1587;37.1;26.5;26.5;0.7143;1.0401;730.1;0.0363;27.7
2019-05-13;2019;5;7;7046;4999;0.709481;1;5483;4346;0.792632;1;7123;0.271515;86.9;58.8;58.8;0.6766;1.1702;3523.7;0.0167;1563;43.1;-0.9;0.9;0.0209;0.9747;662.6;0.0014;0.3
2019-05-20;2019;5;7;7029;2027;0.288377;0;5462;1765;0.323142;0;7046;0.709481;108.2;-75.7;75.7;0.6996;0.9757;2982.1;0.0254;1567;24.2;7.0;7.0;0.2893;0.7495;515.5;0.0136;3.2
2019-05-27;2019;5;7;6932;5196;0.749567;1;5483;3747;0.683385;1;7029;0.288377;105.1;45.1;45.1;0.4291;0.8976;2765.4;0.0163;1449;28.2;-16.5;16.5;0.5851;0.5154;373.1;0.0442;4.2
2019-06-03;2019;6;7;7081;3286;0.464059;0;5487;1990;0.362675;0;6932;0.749567;99.1;-41.2;41.2;0.4157;0.8969;2763.4;0.0149;1594;101.8;80.7;80.7;0.7927;1.1159;764.6;0.1055;3.6
2019-06-10;2019;6;7;7023;4193;0.597038;0;5467;4110;0.751783;1;7081;0.464059;187.5;167.9;167.9;0.8955;1.321;4094.9;0.041;1556;40.5;-5.7;5.7;0.1407;0.9073;650.1;0.0088;9.2
2019-06-17;2019;6;7;7035;4887;0.69467;1;5486;4615;0.841232;1;7023;0.597038;141.1;-113.1;113.1;0.8016;1.0352;3162.4;0.0358;1549;43.3;13.7;13.7;0.3164;0.8101;579.8;0.0236;0.3
2019-06-24;2019;6;7;7086;2820;0.397968;0;5502;2265;0.411668;0;7035;0.69467;196.5;159.1;159.1;0.8097;1.2224;3670.8;0.0433;1584;37.0;29.4;29.4;0.7946;1.0205;724.6;0.0406;0.5
2019-07-01;2019;7;7;6988;4158;0.59502;0;5404;3373;0.624167;1;7086;0.397968;67.9;-0.1;0.1;0.0015;1.1843;3636.1;0.0;1584;90.9;-73.3;73.3;0.8064;1.1837;813.1;0.0901;9.8
2019-07-08;2019;7;7;7021;3361;0.478707;0;5463;3177;0.581549;0;6988;0.59502;163.6;-134.0;134.0;0.8191;0.9857;3016.3;0.0444;1558;27.5;-7.3;7.3;0.2655;0.7557;534.2;0.0137;3.4
2019-07-15;2019;7;7;7035;5721;0.81322;1;5487;4174;0.760707;1;7021;0.478707;92.5;47.9;47.9;0.5178;0.9366;2898.3;0.0165;1548;30.6;-6.1;6.1;0.1993;0.7791;564.2;0.0108;4.1
2019-07-22;2019;7;7;7012;3819;0.544638;0;5445;2252;0.41359;0;7035;0.81322;84.1;-45.4;45.4;0.5398;0.9777;3081.9;0.0147;1567;21.6;-9.6;9.6;0.4444;0.7685;538.5;0.0178;6.7
2019-07-29;2019;7;7;7069;4724;0.66827;1;5512;4391;0.796626;1;7012;0.544638;124.0;-86.4;86.4;0.6968;0.937;2948.9;0.0293;1557;38.1;18.5;18.5;0.4856;0.6993;520.4;0.0355;4.1
2019-08-05;2019;8;7;7137;2569;0.359955;0;5535;1279;0.231075;0;7069;0.66827;135.2;-17.7;17.7;0.1309;1.2149;3622.2;0.0049;1602;142.9;138.3;138.3;0.9678;1.4557;985.0;0.1404;1.8
2019-08-12;2019;8;7;7096;4360;0.614431;1;5523;3574;0.647112;1;7137;0.359955;147.3;96.2;96.2;0.6531;1.4029;4280.6;0.0225;1573;68.6;17.5;17.5;0.2551;0.9976;689.7;0.0254;1.8
2019-08-19;2019;8;7;7001;1408;0.201114;0;5446;1180;0.216673;0;7096;0.614431;164.3;-107.5;107.5;0.6543;1.2135;3671.6;0.0293;1555;37.6;-10.7;10.7;0.2846;0.8091;599.4;0.0179;1.5
2019-08-26;2019;8;7;7046;6750;0.95799;1;5478;5190;0.947426;1;7001;0.201114;101.7;48.7;48.7;0.4789;1.013;3147.1;0.0155;1568;69.9;-46.4;46.4;0.6638;1.3572;833.2;0.0557;6.1
2019-09-02;2019;9;7;6982;3933;0.563306;0;5471;3250;0.594041;0;7046;0.95799;200.9;-157.4;157.4;0.7835;1.1484;3236.6;0.0486;1511;38.9;-23.3;23.3;0.599;0.8484;598.6;0.0389;2.7
2019-09-09;2019;9;7;7089;4737;0.668218;1;5531;4099;0.741096;1;6982;0.563306;159.1;39.6;39.6;0.2489;1.1537;3440.9;0.0115;1558;52.6;22.3;22.3;0.424;0.9519;630.1;0.0354;2.0
2019-09-16;2019;9;7;7140;5049;0.707143;1;5537;3652;0.659563;1;7089;0.668218;182.9;46.7;46.7;0.2553;1.2209;3613.0;0.0129;1603;93.3;-69.8;69.8;0.7481;1.1125;734.4;0.095;1.0
2019-09-23;2019;9;7;7098;3176;0.44745;0;5530;2523;0.456239;0;7140;0.707143;96.1;-53.8;53.8;0.5598;1.1688;3481.6;0.0155;1568;59.4;-19.1;19.1;0.3215;0.9786;698.0;0.0274;6.1
2019-09-30;2019;9;7;7078;3418;0.482905;0;5512;2446;0.443759;0;7098;0.44745;121.0;-71.5;71.5;0.5909;1.0473;3298.7;0.0217;1566;62.6;-41.2;41.2;0.6581;0.9086;667.1;0.0618;0.9
2019-10-07;2019;10;7;7079;3557;0.502472;0;5510;3368;0.611252;1;7078;0.482905;120.6;38.4;38.4;0.3184;1.0728;3438.4;0.0112;1569;38.6;-9.4;9.4;0.2435;0.8492;620.0;0.0152;2.1
2019-10-14;2019;10;7;7096;4164;0.586809;0;5508;4163;0.75581;1;7079;0.502472;122.0;55.2;55.2;0.4525;1.1109;3381.3;0.0163;1588;30.2;-6.9;6.9;0.2285;0.8371;602.3;0.0115;3.5
2019-10-21;2019;10;7;7066;2196;0.310784;0;5477;1162;0.21216;0;7096;0.586809;181.2;137.5;137.5;0.7588;1.1157;3545.2;0.0388;1589;40.9;-9.3;9.3;0.2274;0.8621;629.8;0.0148;9.1
2019-10-28;2019;10;7;6996;3042;0.43482;0;5502;2213;0.402217;0;7066;0.310784;106.5;-80.7;80.7;0.7577;0.9;2892.9;0.0279;1494;30.4;18.9;18.9;0.6217;0.6682;466.6;0.0405;0.8
2019-11-04;2019;11;7;7093;5066;0.714225;1;5567;3541;0.63607;1;6996;0.43482;102.1;85.5;85.5;0.8374;0.9373;2980.4;0.0287;1526;53.7;-40.4;40.4;0.7523;0.8062;565.7;0.0714;3.4
2019-11-11;2019;11;7;7039;3125;0.443955;0;5537;3075;0.555355;0;7093;0.714225;158.8;-148.3;148.3;0.9339;0.9032;2862.9;0.0518;1502;26.8;15.2;15.2;0.5672;0.5875;420.7;0.0361;0.6
2019-11-18;2019;11;7;6901;2271;0.329083;0;5434;2057;0.378543;0;7039;0.443955;67.8;32.9;32.9;0.4853;0.7419;2399.3;0.0137;1467;41.0;21.8;21.8;0.5317;0.6496;446.0;0.0489;2.0
2019-11-25;2019;11;7;7025;862;0.122705;0;5496;860;0.156477;0;6901;0.329083;82.4;-31.8;31.8;0.3859;0.7258;2327.2;0.0137;1529;28.6;-7.8;7.8;0.2727;0.6984;471.0;0.0166;0.3
2019-12-02;2019;12;7;7028;3106;0.441946;0;5516;2110;0.382524;0;7025;0.122705;51.0;0.1;0.1;0.002;0.6721;2174.8;0.0;1512;87.9;53.2;53.2;0.6052;0.8083;564.9;0.0942;4.4
2019-12-09;2019;12;7;7062;5023;0.711272;1;5554;3583;0.645121;1;7028;0.441946;113.0;37.8;37.8;0.3345;0.8206;2676.7;0.0141;1508;24.6;7.1;7.1;0.2886;0.5705;424.1;0.0167;3.4
2019-12-16;2019;12;7;7096;3729;0.525507;0;5564;3674;0.660316;1;7062;0.711272;146.0;62.1;62.1;0.4253;0.969;3121.0;0.0199;1532;35.4;8.9;8.9;0.2514;0.8495;600.2;0.0148;8.0
2019-12-23;2019;12;7;5022;4484;0.892871;1;3528;3395;0.962302;1;7096;0.525507;108.3;-51.6;51.6;0.4765;0.8439;2771.8;0.0186;1494;26.1;12.2;12.2;0.4674;0.6799;490.3;0.0249;3.9
2019-12-30;2019;12;7;5141;1785;0.347209;0;3614;1541;0.426397;0;5022;0.892871;118.9;95.4;95.4;0.8024;0.69;1714.4;0.0556;1527;49.4;27.6;27.6;0.5587;0.9271;667.1;0.0414;1.2
2020-01-06;2020;1;7;7053;3424;0.485467;0;5533;2579;0.466112;0;5141;0.347209;114.2;-15.1;15.1;0.1322;0.9729;2308.4;0.0065;1520;48.4;31.3;31.3;0.6467;0.7984;581.2;0.0539;5.3
2020-01-13;2020;1;7;6980;3013;0.431662;0;5481;2489;0.454114;0;7053;0.485467;120.5;-45.2;45.2;0.3751;0.92;3002.7;0.0151;1499;34.4;15.3;15.3;0.4448;0.7366;547.2;0.028;0.3
2020-01-20;2020;1;7;6987;2573;0.368255;0;5520;2450;0.443841;0;6980;0.431662;86.5;-28.8;28.8;0.3329;0.7869;2607.0;0.011;1467;25.7;5.0;5.0;0.1946;0.5611;407.4;0.0123;0.9
2020-01-27;2020;1;7;6982;3904;0.559152;0;5465;3876;0.709241;1;6987;0.368255;98.3;-64.8;64.8;0.6592;0.7828;2530.3;0.0256;1517;28.0;-10.4;10.4;0.3714;0.777;531.5;0.0196;3.4
2020-02-03;2020;2;7;6972;6788;0.973609;1;5454;5285;0.969014;1;6982;0.559152;103.4;65.0;65.0;0.6286;0.7919;2576.8;0.0252;1518;57.2;-29.6;29.6;0.5175;0.8391;576.8;0.0513;3.0
2020-02-10;2020;2;7;7054;6030;0.854834;1;5533;4509;0.814929;1;6972;0.973609;151.0;-146.4;146.4;0.9695;0.8086;2610.8;0.0561;1521;49.7;-33.3;33.3;0.67;0.675;489.6;0.068;1.8
2020-02-17;2020;2;7;7063;5102;0.722356;1;5547;3586;0.646476;1;7054;0.854834;130.2;-112.9;112.9;0.8671;0.8063;2660.4;0.0424;1516;21.9;-4.1;4.1;0.1872;0.6074;444.6;0.0092;10.0
2020-02-24;2020;2;7;7156;4692;0.655674;1;5613;3916;0.697666;1;7063;0.722356;85.9;8.1;8.1;0.0943;0.9059;2980.0;0.0027;1543;67.2;23.0;23.0;0.3423;1.3095;900.8;0.0255;23.1
2020-03-02;2020;3;7;7159;4575;0.639056;1;5609;3493;0.622749;1;7156;0.655674;248.1;201.9;201.9;0.8138;1.5946;5005.9;0.0403;1550;148.6;100.8;100.8;0.6783;2.3945;1580.0;0.0638;15.4
2020-03-09;2020;3;7;7111;3952;0.555759;0;5564;2919;0.524623;0;7159;0.639056;318.4;244.8;244.8;0.7688;2.2643;6850.5;0.0357;1547;156.4;55.1;55.1;0.3523;5.2353;3160.2;0.0174;57.1
2020-03-16;2020;3;7;7101;4243;0.597521;0;5555;3336;0.60054;1;7111;0.555759;441.3;-238.6;238.6;0.5407;4.2218;11913.7;0.02;1546;151.9;-24.3;24.3;0.16;4.5862;2795.7;0.0087;80.2
2020-03-23;2020;3;7;7099;4174;0.58797;0;5556;3282;0.590713;0;7101;0.597521;599.3;-489.3;489.3;0.8165;4.7144;13201.2;0.0371;1543;191.9;68.9;68.9;0.359;4.5969;2845.4;0.0242;2.2
2020-03-30;2020;3;7;7136;4149;0.581418;0;5543;3290;0.593541;0;7099;0.58797;511.2;441.8;441.8;0.8642;3.9116;11185.6;0.0395;1593;134.2;-87.9;87.9;0.655;3.0652;2029.6;0.0433;19.7
2020-04-06;2020;4;7;7130;2996;0.420196;0;5531;2279;0.412041;0;7136;0.581418;371.5;-308.2;308.2;0.8296;2.9083;8460.4;0.0364;1599;67.2;-9.3;9.3;0.1384;2.1756;1390.3;0.0067;0.3
2020-04-13;2020;4;7;7113;3840;0.539857;0;5543;3166;0.571171;0;7130;0.420196;184.0;123.7;123.7;0.6723;1.9836;5662.8;0.0218;1570;75.2;-21.4;21.4;0.2846;1.4646;981.4;0.0218;8.8
2020-04-20;2020;4;7;7102;3276;0.461279;0;5515;2880;0.522212;0;7113;0.539857;178.7;-67.8;67.8;0.3794;1.8626;5649.2;0.012;1587;55.5;-2.6;2.6;0.0468;1.5698;1049.4;0.0025;7.0
2020-04-27;2020;4;7;7124;3971;0.557412;0;5537;3210;0.579736;0;7102;0.461279;169.7;-42.8;42.8;0.2522;1.7934;5509.6;0.0078;1587;48.7;3.1;3.1;0.0637;1.5607;1045.2;0.003;2.8
2020-05-04;2020;5;7;7123;3438;0.482662;0;5532;2308;0.417209;0;7124;0.557412;209.1;160.1;160.1;0.7657;1.7739;5357.0;0.0299;1591;80.3;-68.1;68.1;0.8481;1.5162;1011.0;0.0674;10.0
2020-05-11;2020;5;7;7129;3259;0.457147;0;5537;2769;0.50009;0;7123;0.482662;209.3;-133.3;133.3;0.6369;1.64;5039.3;0.0265;1592;50.2;-16.5;16.5;0.3287;1.4081;968.3;0.017;12.5
2020-05-18;2020;5;7;7124;4275;0.600084;1;5525;3090;0.559276;0;7129;0.457147;121.7;-5.4;5.4;0.0444;1.542;4620.3;0.0012;1599;127.3;103.7;103.7;0.8146;1.474;1036.0;0.1001;9.6
2020-05-25;2020;5;7;7093;4496;0.633864;1;5537;3337;0.602673;1;7124;0.600084;208.5;91.5;91.5;0.4388;1.472;4571.8;0.02;1556;43.9;4.9;4.9;0.1116;0.8294;586.4;0.0084;5.5
2020-06-01;2020;6;7;7128;4047;0.567761;0;5540;3023;0.545668;0;7093;0.633864;274.5;208.4;208.4;0.7592;1.6178;4995.9;0.0417;1588;53.5;9.2;9.2;0.172;1.5815;1061.2;0.0087;11.3
2020-06-08;2020;6;7;7116;3340;0.469365;0;5534;2630;0.475244;0;7128;0.567761;283.3;175.2;175.2;0.6184;2.0008;6044.7;0.029;1582;51.6;7.6;7.6;0.1473;1.6578;1153.5;0.0066;5.4
2020-06-15;2020;6;7;7140;3283;0.459804;0;5538;2422;0.437342;0;7116;0.469365;209.8;-40.8;40.8;0.1945;2.1709;6470.2;0.0063;1602;111.8;101.2;101.2;0.9052;2.0773;1339.3;0.0756;20.1
2020-06-22;2020;6;7;7138;4865;0.681563;1;5544;3818;0.688672;1;7140;0.459804;185.1;-58.9;58.9;0.3182;1.9798;5862.6;0.01;1594;112.4;96.5;96.5;0.8585;1.4586;965.8;0.0999;4.8
2020-06-29;2020;6;7;7127;3899;0.547075;0;5533;3100;0.560275;0;7138;0.681563;180.2;37.0;37.0;0.2053;1.6236;4824.8;0.0077;1594;70.7;27.1;27.1;0.3833;1.3508;965.7;0.0281;0.8
2020-07-06;2020;7;7;7105;4025;0.566502;0;5527;3023;0.546951;0;7127;0.547075;117.7;26.6;26.6;0.226;1.4587;4556.2;0.0058;1578;103.6;69.3;69.3;0.6689;1.3466;945.1;0.0733;3.1
2020-07-13;2020;7;7;7121;3737;0.524786;0;5531;3007;0.543663;0;7105;0.566502;128.8;56.0;56.0;0.4348;1.5396;4631.3;0.0121;1590;74.0;41.7;41.7;0.5635;1.4666;974.7;0.0428;3.8
2020-07-20;2020;7;7;7123;3129;0.439281;0;5533;2291;0.414061;0;7121;0.524786;151.0;124.8;124.8;0.8265;1.5152;4427.8;0.0282;1590;65.6;45.9;45.9;0.6997;1.6525;1144.2;0.0401;17.6
2020-07-27;2020;7;7;7121;4333;0.608482;1;5533;3453;0.624074;1;7123;0.439281;255.9;245.3;245.3;0.9586;1.8517;5574.1;0.044;1588;142.8;127.9;127.9;0.8957;1.9468;1289.3;0.0992;15.1
2020-08-03;2020;8;7;7122;4086;0.573715;0;5534;3229;0.583484;0;7121;0.608482;270.4;137.3;137.3;0.5078;2.1462;6418.1;0.0214;1588;101.1;-11.2;11.2;0.1108;2.0377;1349.6;0.0083;6.2
2020-08-10;2020;8;7;7092;4052;0.571348;0;5508;3192;0.579521;0;7122;0.573715;220.5;14.2;14.2;0.0644;2.0818;6159.3;0.0023;1584;66.4;-51.2;51.2;0.7711;1.4879;981.2;0.0522;1.6
2020-08-17;2020;8;7;7121;4682;0.657492;1;5531;3487;0.630447;1;7092;0.571348;153.0;54.5;54.5;0.3562;1.8116;5248.7;0.0104;1590;52.4;35.8;35.8;0.6832;1.412;967.5;0.037;3.0
2020-08-24;2020;8;7;7115;3426;0.481518;0;5526;2482;0.449149;0;7121;0.657492;211.5;-42.3;42.3;0.2;1.8122;5413.5;0.0078;1589;69.2;7.6;7.6;0.1098;1.4342;955.7;0.008;10.5
2020-08-31;2020;8;7;7072;4233;0.598558;0;5489;3207;0.584259;0;7115;0.481518;157.6;118.7;118.7;0.7532;1.8596;5484.8;0.0216;1583;82.0;36.0;36.0;0.439;1.6903;1109.8;0.0324;3.7
2020-09-07;2020;9;7;7095;5217;0.735307;1;5518;3670;0.665096;1;7072;0.598558;230.5;-63.3;63.3;0.2746;1.9887;5894.1;0.0107;1577;37.4;-27.2;27.2;0.7273;1.0971;724.4;0.0375;8.0
2020-09-14;2020;9;7;7065;3428;0.485209;0;5487;2797;0.50975;0;7095;0.735307;164.8;0.3;0.3;0.0018;1.7482;5119.4;0.0001;1578;55.9;30.8;30.8;0.551;1.2272;816.4;0.0377;9.7
2020-09-21;2020;9;7;7121;4339;0.609325;1;5534;3213;0.580593;0;7065;0.485209;163.3;3.6;3.6;0.022;1.6505;4867.9;0.0007;1587;140.2;-80.9;80.9;0.577;1.7401;1150.9;0.0703;4.6
2020-09-28;2020;9;7;7081;4065;0.574071;0;5513;2721;0.493561;0;7121;0.609325;259.7;-213.8;213.8;0.8233;1.8487;5427.5;0.0394;1568;64.9;52.6;52.6;0.8105;1.4311;968.4;0.0543;6.1
2020-10-05;2020;10;7;7091;3880;0.547172;0;5513;2944;0.534011;0;7081;0.574071;154.6;92.4;92.4;0.5977;1.7547;5143.5;0.018;1578;91.6;77.2;77.2;0.8428;1.3226;870.6;0.0887;4.7
2020-10-12;2020;10;7;7103;5286;0.744193;1;5513;3762;0.682387;1;7091;0.547172;125.2;118.5;118.5;0.9465;1.4167;4087.2;0.029;1590;40.0;-3.5;3.5;0.0875;1.1225;751.9;0.0047;14.2
2020-10-19;2020;10;7;7096;4394;0.619222;1;5523;3168;0.573601;0;7103;0.744193;138.4;-99.5;99.5;0.7189;1.3007;3853.7;0.0258;1573;90.4;50.4;50.4;0.5575;1.1918;789.4;0.0638;0.7
2020-10-26;2020;10;7;7048;4340;0.615778;1;5512;3498;0.634615;1;7096;0.619222;177.4;142.6;142.6;0.8038;1.3332;4021.8;0.0355;1536;52.4;-45.7;45.7;0.8721;1.2705;816.8;0.056;6.1
2020-11-02;2020;11;7;7125;4810;0.675088;1;5605;3732;0.665834;1;7048;0.615778;215.7;-206.7;206.7;0.9583;1.4877;4455.7;0.0464;1520;33.9;-7.0;7.0;0.2065;1.2865;812.3;0.0086;0.4
2020-11-09;2020;11;7;7132;4551;0.63811;1;5593;4307;0.77007;1;7125;0.675088;288.9;227.0;227.0;0.7857;2.1643;6526.2;0.0348;1539;124.8;-64.6;64.6;0.5176;2.4691;1534.3;0.0421;14.4
2020-11-16;2020;11;7;7100;2178;0.306761;0;5576;1755;0.314742;0;7132;0.63811;174.5;-53.2;53.2;0.3049;1.8211;5237.9;0.0102;1524;54.6;25.0;25.0;0.4579;1.4112;908.0;0.0275;1.6
2020-11-23;2020;11;7;7078;4149;0.586183;0;5554;3430;0.617573;1;7100;0.306761;79.6;22.2;22.2;0.2789;1.319;3834.8;0.0058;1524;106.4;-10.3;10.3;0.0968;1.3395;882.5;0.0117;3.0
2020-11-30;2020;11;7;7135;3977;0.557393;0;5603;3476;0.620382;1;7078;0.586183;163.5;109.2;109.2;0.6679;1.3491;4119.9;0.0265;1532;80.1;-23.7;23.7;0.2959;1.4211;932.7;0.0254;1.2
2020-12-07;2020;12;7;7088;3626;0.511569;0;5563;2839;0.510336;0;7135;0.557393;254.1;160.2;160.2;0.6305;1.5991;4845.5;0.0331;1525;87.7;-10.9;10.9;0.1243;1.474;952.1;0.0114;0.2
2020-12-14;2020;12;7;7107;3913;0.550584;0;5578;3377;0.605414;1;7088;0.511569;107.8;-8.9;8.9;0.0826;1.5426;4590.5;0.0019;1529;61.2;15.2;15.2;0.2484;1.382;940.3;0.0162;20.6
2020-12-21;2020;12;7;5511;2557;0.463981;0;3983;1781;0.44715;0;7107;0.550584;157.3;124.0;124.0;0.7883;1.5027;4625.7;0.0268;1528;123.5;11.0;11.0;0.0891;2.1312;1375.3;0.008;33.5
2020-12-28;2020;12;7;5470;3795;0.693784;1;3987;2862;0.717833;1;5511;0.463981;127.7;-42.4;42.4;0.332;1.7332;4099.5;0.0103;1483;70.7;38.5;38.5;0.5446;1.5961;1002.2;0.0384;0.2
2021-01-04;2021;1;7;7138;4923;0.689689;1;5604;3664;0.653819;1;5470;0.693784;130.2;36.5;36.5;0.2803;1.6121;3821.8;0.0096;1534;84.5;22.6;22.6;0.2675;1.8419;1127.1;0.0201;12.1
2021-01-11;2021;1;7;7094;4464;0.629264;1;5594;3833;0.685198;1;7138;0.689689;156.8;-6.8;6.8;0.0434;2.0408;5892.6;0.0012;1500;87.6;-57.5;57.5;0.6564;1.8855;1197.4;0.048;4.9
2021-01-18;2021;1;7;7042;4270;0.606362;1;5537;3203;0.578472;0;7094;0.629264;147.7;-142.8;142.8;0.9668;1.7673;5271.4;0.0271;1505;33.3;0.2;0.2;0.006;1.2448;778.9;0.0003;2.3
2021-01-25;2021;1;7;7088;4076;0.575056;0;5573;3282;0.588911;0;7042;0.606362;136.0;94.2;94.2;0.6926;1.3914;4223.8;0.0223;1515;67.3;-21.8;21.8;0.3239;1.3768;875.1;0.0249;7.0
2021-02-01;2021;2;7;7112;5228;0.735096;1;5577;4069;0.729604;1;7088;0.575056;124.9;-27.3;27.3;0.2186;1.6498;4849.6;0.0056;1535;80.9;-63.0;63.0;0.7787;1.5572;970.2;0.0649;6.7
2021-02-08;2021;2;7;7019;2955;0.421;0;5507;1720;0.31233;0;7112;0.735096;184.3;-81.7;81.7;0.4433;1.4406;4413.0;0.0185;1512;46.3;13.8;13.8;0.2981;1.2221;826.7;0.0167;10.7
2021-02-15;2021;2;7;7074;3886;0.549336;0;5564;3859;0.693566;1;7019;0.421;129.8;81.7;81.7;0.6294;1.1799;3624.0;0.0225;1510;28.2;12.8;12.8;0.4539;0.9059;586.8;0.0218;0.8
2021-02-22;2021;2;7;7110;3785;0.532349;0;5593;3350;0.598963;0;7074;0.549336;146.3;-1.8;1.8;0.0123;1.2225;3645.8;0.0005;1517;78.2;45.8;45.8;0.5857;1.4063;929.6;0.0493;1.0
2021-03-01;2021;3;7;7099;4809;0.677419;1;5578;3671;0.658121;1;7110;0.532349;181.2;-46.2;46.2;0.255;1.7534;5131.8;0.009;1521;73.7;-21.9;21.9;0.2972;1.5648;996.2;0.022;1.8
2021-03-08;2021;3;7;7076;4511;0.637507;1;5573;3632;0.651714;1;7099;0.677419;220.4;-158.4;158.4;0.7187;1.7561;5101.3;0.0311;1503;88.2;-67.2;67.2;0.7619;1.5683;925.3;0.0726;6.1
2021-03-15;2021;3;7;7032;3598;0.511661;0;5507;3034;0.550935;0;7076;0.637507;154.5;35.7;35.7;0.2311;1.5691;4556.7;0.0078;1525;56.4;-24.8;24.8;0.4397;1.2984;890.6;0.0278;2.9
2021-03-22;2021;3;7;7036;5230;0.74332;1;5509;4207;0.763659;1;7032;0.511661;115.1;-46.4;46.4;0.4031;1.4154;4254.9;0.0109;1527;72.3;52.1;52.1;0.7206;1.2673;872.3;0.0597;24.2
2021-03-29;2021;3;7;6959;4203;0.603966;1;5415;2779;0.513204;0;7036;0.74332;185.2;-87.1;87.1;0.4703;1.3275;4126.8;0.0211;1544;33.3;-21.6;21.6;0.6486;1.2228;840.4;0.0257;2.9
2021-04-05;2021;4;7;6997;4315;0.616693;1;5478;3333;0.608434;1;6959;0.603966;89.8;-32.7;32.7;0.3641;1.1819;3694.5;0.0089;1519;81.6;59.5;59.5;0.7292;0.8929;645.2;0.0922;0.2
2021-04-12;2021;4;7;7018;2447;0.348675;0;5458;2043;0.374313;0;6997;0.616693;189.4;143.5;143.5;0.7577;1.168;3645.0;0.0394;1560;47.9;14.7;14.7;0.3069;1.1221;758.2;0.0194;3.6
2021-04-19;2021;4;7;7022;3164;0.450584;0;5457;2521;0.461975;0;7018;0.348675;123.5;85.0;85.0;0.6883;1.2162;3706.7;0.0229;1565;105.5;69.3;69.3;0.6569;1.2153;842.2;0.0823;9.3
2021-04-26;2021;4;7;7050;4219;0.59844;0;5499;3803;0.69158;1;7022;0.450584;157.5;124.4;124.4;0.7898;1.2704;3865.5;0.0322;1551;56.0;-13.6;13.6;0.2429;1.1767;836.7;0.0163;3.9
2021-05-03;2021;5;7;6980;4429;0.634527;1;5457;3540;0.648708;1;7050;0.59844;133.5;-73.4;73.4;0.5498;1.3121;3961.7;0.0185;1523;63.1;31.7;31.7;0.5024;1.054;709.6;0.0447;7.1
2021-05-10;2021;5;7;7041;4189;0.594944;0;5480;3552;0.648175;1;6980;0.634527;185.6;136.4;136.4;0.7349;1.2584;3757.8;0.0363;1561;50.6;-21.2;21.2;0.419;1.3098;930.4;0.0228;2.8
2021-05-17;2021;5;7;7028;4619;0.657228;1;5482;3305;0.602882;1;7041;0.594944;130.5;-15.5;15.5;0.1188;1.4673;4428.3;0.0035;1546;42.7;15.5;15.5;0.363;1.0953;731.6;0.0212;4.0
2021-05-24;2021;5;7;7039;5201;0.738883;1;5486;3904;0.71163;1;7028;0.657228;119.0;39.4;39.4;0.3311;1.3117;3927.4;0.01;1553;58.7;35.1;35.1;0.598;1.1706;792.8;0.0443;1.9
2021-05-31;2021;5;7;6892;4286;0.62188;1;5416;3295;0.608383;1;7039;0.738883;133.9;14.1;14.1;0.1053;1.3379;4030.5;0.0035;1476;51.0;37.4;37.4;0.7333;0.9157;633.5;0.059;2.2
2021-06-07;2021;6;7;6983;2657;0.380495;0;5440;1946;0.357721;0;6892;0.62188;150.5;-28.4;28.4;0.1887;1.1856;3552.4;0.008;1543;57.0;26.7;26.7;0.4684;0.936;673.6;0.0396;2.9
2021-06-14;2021;6;7;7028;4432;0.63062;1;5484;4370;0.796864;1;6983;0.380495;125.2;-55.2;55.2;0.4409;1.0829;3325.6;0.0166;1544;36.4;18.2;18.2;0.5;0.9843;687.5;0.0265;5.1
2021-06-21;2021;6;7;7003;2398;0.342425;0;5449;1752;0.321527;0;7028;0.63062;300.2;-240.5;240.5;0.8011;1.3979;4217.4;0.057;1554;73.9;54.8;54.8;0.7415;1.5457;997.6;0.0549;6.2
2021-06-28;2021;6;7;6986;4032;0.577154;0;5445;2771;0.508907;0;7003;0.342425;127.5;78.9;78.9;0.6188;1.3682;3997.8;0.0197;1541;42.3;-7.5;7.5;0.1773;1.1456;796.0;0.0094;0.3
2021-07-05;2021;7;7;7023;2273;0.323651;0;5490;2182;0.39745;0;6986;0.577154;137.6;-71.4;71.4;0.5189;1.2709;3823.5;0.0187;1533;29.3;1.8;1.8;0.0614;0.9135;644.9;0.0028;3.8
2021-07-12;2021;7;7;6978;5503;0.788621;1;5438;4202;0.772711;1;7023;0.323651;113.8;17.2;17.2;0.1511;1.3135;3769.5;0.0046;1540;44.2;-11.2;11.2;0.2534;1.0757;741.2;0.0151;3.9
2021-07-19;2021;7;7;7022;2789;0.39718;0;5482;2168;0.395476;0;6978;0.788621;108.3;-68.5;68.5;0.6325;1.2285;3649.5;0.0188;1540;60.5;-15.5;15.5;0.2562;1.2566;773.9;0.02;2.1
2021-07-26;2021;7;7;6999;2774;0.396342;0;5456;2045;0.374817;0;7022;0.39718;78.7;-36.1;36.1;0.4587;1.2872;3774.9;0.0096;1543;53.8;36.9;36.9;0.6859;1.0482;696.2;0.053;3.3
2021-08-02;2021;8;7;6984;3486;0.499141;0;5431;3042;0.560118;0;6999;0.396342;145.3;99.4;99.4;0.6841;1.1972;3599.9;0.0276;1553;37.9;9.0;9.0;0.2375;1.0473;739.5;0.0122;2.6
2021-08-09;2021;8;7;6938;5135;0.740127;1;5412;4396;0.812269;1;6984;0.499141;145.4;-103.8;103.8;0.7139;1.091;3324.2;0.0312;1526;36.0;-26.5;26.5;0.7361;1.0711;696.8;0.038;1.5
2021-08-16;2021;8;7;6971;4286;0.614833;1;5477;2805;0.512142;0;6938;0.740127;98.7;33.2;33.2;0.3364;0.9608;2923.7;0.0114;1494;33.4;-16.7;16.7;0.5;0.8394;575.9;0.029;1.4
2021-08-23;2021;8;7;6941;4128;0.594727;0;5398;2712;0.502408;0;6971;0.614833;136.7;-94.5;94.5;0.6913;1.0659;3323.4;0.0284;1543;61.5;46.4;46.4;0.7545;1.029;714.3;0.065;2.4
2021-08-30;2021;8;7;6865;4568;0.665404;1;5362;3369;0.62831;1;6941;0.594727;113.6;98.4;98.4;0.8662;1.0748;3336.2;0.0295;1503;27.3;1.2;1.2;0.044;0.8541;590.8;0.002;1.1
2021-09-06;2021;9;7;6945;3912;0.563283;0;5407;2729;0.504716;0;6865;0.665404;126.1;83.3;83.3;0.6606;1.0346;3107.5;0.0268;1538;30.6;-5.2;5.2;0.1699;0.7008;508.9;0.0102;0.3
2021-09-13;2021;9;7;6984;3129;0.448024;0;5446;2708;0.497246;0;6945;0.563283;84.4;-68.2;68.2;0.8081;1.0169;3054.0;0.0223;1538;47.0;-3.1;3.1;0.066;0.8984;596.8;0.0052;2.4
2021-09-20;2021;9;7;6975;2717;0.389534;0;5457;2665;0.488364;0;6984;0.448024;121.1;-87.7;87.7;0.7242;1.046;3147.9;0.0279;1518;36.3;1.1;1.1;0.0303;0.9651;640.0;0.0017;0.9
2021-09-27;2021;9;7;6950;4796;0.690072;1;5433;3291;0.605743;1;6975;0.389534;72.2;-4.9;4.9;0.0679;1.1372;3405.6;0.0014;1517;41.0;-27.9;27.9;0.6805;1.0758;715.5;0.039;2.5
2021-10-04;2021;10;7;7025;2869;0.408399;0;5472;2108;0.385234;0;6950;0.690072;163.0;-130.6;130.6;0.8012;1.3075;3865.5;0.0338;1553;52.3;21.2;21.2;0.4054;0.9996;676.8;0.0313;2.5
2021-10-11;2021;10;7;6950;2285;0.328777;0;5412;1897;0.350517;0;7025;0.408399;110.9;-21.5;21.5;0.1939;1.0917;3273.0;0.0066;1538;39.6;-15.9;15.9;0.4015;0.8868;600.2;0.0265;4.5
2021-10-18;2021;10;7;7008;2824;0.402968;0;5466;1534;0.280644;0;6950;0.328777;100.7;29.6;29.6;0.2939;1.012;3065.3;0.0097;1542;50.7;15.3;15.3;0.3018;1.0348;706.0;0.0217;0.9
2021-10-25;2021;10;7;6999;4021;0.574511;0;5457;3557;0.651823;1;7008;0.402968;97.6;47.1;47.1;0.4826;1.0607;3254.2;0.0145;1542;74.6;-34.8;34.8;0.4665;0.9702;658.1;0.0529;1.8
2021-11-01;2021;11;7;6986;2841;0.40667;0;5459;1894;0.34695;0;6999;0.574511;156.9;-82.2;82.2;0.5239;1.23;3644.4;0.0226;1527;63.1;40.5;40.5;0.6418;1.0917;749.8;0.054;2.5
2021-11-08;2021;11;7;7119;4687;0.658379;1;5592;4330;0.77432;1;6986;0.40667;103.0;9.2;9.2;0.0893;1.2424;3715.2;0.0025;1527;44.7;26.7;26.7;0.5973;1.0824;703.1;0.038;7.2
2021-11-15;2021;11;7;7123;5607;0.787168;1;5593;4266;0.762739;1;7119;0.658379;176.2;-117.5;117.5;0.6669;1.2578;3885.6;0.0302;1530;107.8;-78.6;78.6;0.7291;1.2449;871.9;0.0901;2.1
2021-11-22;2021;11;7;6961;4854;0.697314;1;5439;3977;0.731201;1;7123;0.787168;214.1;-164.0;164.0;0.766;1.4191;4487.1;0.0365;1522;59.8;-46.8;46.8;0.7826;1.5902;1023.2;0.0457;6.8
2021-11-29;2021;11;7;7110;2728;0.383685;0;5570;1879;0.337343;0;6961;0.697314;140.9;32.5;32.5;0.2307;1.5573;4498.4;0.0072;1540;60.0;-11.1;11.1;0.185;1.4842;902.3;0.0123;16.8
2021-12-06;2021;12;7;7071;4461;0.630887;1;5554;3344;0.602089;1;7110;0.383685;148.5;7.3;7.3;0.0492;1.6658;4872.7;0.0015;1517;44.6;-22.5;22.5;0.5045;1.2253;785.9;0.0286;5.2
2021-12-13;2021;12;7;7074;3143;0.444303;0;5568;2754;0.494612;0;7071;0.630887;127.3;11.2;11.2;0.088;1.2561;3923.0;0.0029;1506;59.2;-26.0;26.0;0.4392;1.0631;783.0;0.0332;7.6
2021-12-20;2021;12;7;6888;4565;0.662747;1;5376;3416;0.635417;1;7074;0.444303;138.7;-72.7;72.7;0.5242;1.2572;4046.7;0.018;1512;69.2;38.7;38.7;0.5592;1.2601;834.2;0.0464;1.5
2021-12-27;2021;12;7;6835;3189;0.466569;0;5340;2639;0.494195;0;6888;0.662747;109.0;83.5;83.5;0.7661;1.1574;3526.5;0.0237;1495;31.7;20.5;20.5;0.6467;0.9197;705.8;0.029;13.2
2022-01-03;2022;1;7;7097;4107;0.578695;0;5570;3315;0.595153;0;6835;0.466569;112.8;75.8;75.8;0.672;1.0776;3695.5;0.0205;1527;98.7;-66.0;66.0;0.6687;1.3466;976.4;0.0676;17.7
2022-01-10;2022;1;7;7081;4174;0.589465;0;5569;3155;0.566529;0;7097;0.578695;106.3;-4.8;4.8;0.0452;1.3713;4401.2;0.0011;1512;76.0;-27.5;27.5;0.3618;1.2405;841.8;0.0327;4.6
2022-01-17;2022;1;7;7111;3727;0.524118;0;5608;2576;0.459344;0;7081;0.589465;197.9;58.4;58.4;0.2951;1.3229;4103.1;0.0142;1503;42.6;-4.3;4.3;0.1009;1.0147;719.9;0.006;1.5
2022-01-24;2022;1;7;7114;4900;0.688783;1;5598;3726;0.665595;1;7111;0.524118;133.5;-69.7;69.7;0.5221;1.2889;3955.4;0.0176;1516;54.5;-15.6;15.6;0.2862;1.3475;894.8;0.0174;5.2
2022-01-31;2022;1;7;7094;4040;0.569495;0;5587;2766;0.495078;0;7114;0.688783;223.6;-191.3;191.3;0.8555;1.4026;4312.5;0.0444;1507;109.6;86.0;86.0;0.7847;1.3641;930.1;0.0925;4.8
2022-02-07;2022;2;7;7105;3413;0.480366;0;5573;2577;0.462408;0;7094;0.569495;345.5;307.1;307.1;0.8889;1.5311;4834.1;0.0635;1532;48.0;-17.4;17.4;0.3625;1.4777;1053.5;0.0165;7.9
2022-02-14;2022;2;7;7129;3827;0.536821;0;5595;2948;0.526899;0;7105;0.480366;165.1;-110.2;110.2;0.6675;1.651;5234.8;0.0211;1534;89.3;-33.8;33.8;0.3785;1.831;1175.6;0.0288;8.4
2022-02-21;2022;2;7;7136;4045;0.566844;0;5607;3264;0.582129;0;7129;0.536821;115.9;-17.2;17.2;0.1484;1.6582;4979.8;0.0035;1529;94.4;-11.0;11.0;0.1165;1.4067;968.8;0.0114;3.0
2022-02-28;2022;2;7;7148;4928;0.689424;1;5604;4042;0.721271;1;7136;0.566844;284.3;-47.1;47.1;0.1657;1.9914;6125.7;0.0077;1544;109.5;76.2;76.2;0.6959;2.6479;1686.2;0.0452;134.1
2022-03-07;2022;3;7;7145;3898;0.545556;0;5609;2973;0.530041;0;7148;0.689424;360.6;-204.8;204.8;0.5679;2.3981;7167.9;0.0286;1536;126.4;-61.7;61.7;0.4881;3.1928;2084.1;0.0296;6.1
2022-03-14;2022;3;7;7067;4402;0.622895;1;5522;3646;0.660268;1;7145;0.545556;315.1;-15.6;15.6;0.0495;2.819;8530.7;0.0018;1545;93.3;21.7;21.7;0.2326;2.1313;1365.3;0.0159;9.4
2022-03-21;2022;3;7;7067;3721;0.526532;0;5530;2766;0.500181;0;7067;0.622895;236.9;129.4;129.4;0.5462;2.1722;6397.9;0.0202;1537;59.9;-33.0;33.0;0.5509;1.505;1047.2;0.0315;1.0
2022-03-28;2022;3;7;7105;4973;0.69993;1;5530;3991;0.7217;1;7067;0.526532;109.2;-66.7;66.7;0.6108;1.6281;5007.1;0.0133;1575;54.8;4.7;4.7;0.0858;1.6983;1138.2;0.0041;3.3
2022-04-04;2022;4;7;7103;3556;0.500634;0;5532;2057;0.371837;0;7105;0.69993;240.1;62.0;62.0;0.2582;1.9916;6041.1;0.0103;1571;93.9;-64.6;64.6;0.688;1.2972;896.5;0.0721;8.9
2022-04-11;2022;4;7;7067;3213;0.454648;0;5474;2481;0.453233;0;7103;0.500634;217.9;-163.6;163.6;0.7508;1.5837;4748.8;0.0345;1593;60.4;-31.1;31.1;0.5149;1.5429;1052.9;0.0295;32.6
2022-04-18;2022;4;7;7111;4299;0.604556;1;5546;3953;0.712766;1;7067;0.454648;175.8;-95.6;95.6;0.5438;1.5757;4672.2;0.0205;1565;51.8;-24.1;24.1;0.4653;1.199;878.9;0.0274;8.4
2022-04-25;2022;4;7;7138;5137;0.719669;1;5541;4311;0.778018;1;7111;0.604556;175.2;-5.2;5.2;0.0297;1.687;5141.7;0.001;1597;117.4;-91.6;91.6;0.7802;2.1373;1472.6;0.0622;5.5
2022-05-02;2022;5;7;7096;3986;0.561725;0;5522;3369;0.610105;1;7138;0.719669;343.0;-259.1;259.1;0.7554;2.2434;6836.9;0.0379;1574;78.2;-40.9;40.9;0.523;1.764;1235.9;0.0331;4.7
2022-05-09;2022;5;7;7127;3500;0.49109;0;5535;2784;0.502981;0;7096;0.561725;158.9;-3.9;3.9;0.0245;2.3041;6974.5;0.0006;1592;97.2;21.2;21.2;0.2181;2.0627;1404.9;0.0151;3.5
2022-05-16;2022;5;7;7115;4385;0.616304;1;5520;3255;0.589674;0;7127;0.49109;243.0;-133.2;133.2;0.5481;2.2277;6651.0;0.02;1595;53.8;38.3;38.3;0.7119;1.6744;1172.4;0.0327;8.6
2022-05-23;2022;5;7;7077;4389;0.620178;1;5514;3356;0.608633;1;7115;0.616304;218.0;161.4;161.4;0.7404;1.9413;6023.3;0.0268;1563;141.9;122.2;122.2;0.8612;1.8653;1256.9;0.0972;1.1
2022-05-30;2022;5;7;7115;5078;0.713703;1;5529;4141;0.74896;1;7077;0.620178;209.6;173.9;173.9;0.8297;1.8648;5677.8;0.0306;1586;60.7;38.5;38.5;0.6343;1.2812;922.8;0.0417;0.9
2022-06-06;2022;6;7;7108;2861;0.402504;0;5526;2381;0.430872;0;7115;0.713703;159.9;-15.2;15.2;0.0951;1.6022;5038.7;0.003;1582;68.0;-24.9;24.9;0.3662;1.424;1002.6;0.0248;3.9
2022-06-13;2022;6;7;7115;4986;0.700773;1;5526;3731;0.675172;1;7108;0.402504;268.0;-197.2;197.2;0.7358;1.8069;5461.9;0.0361;1589;119.9;-100.8;100.8;0.8407;2.244;1516.4;0.0665;2.4
2022-06-20;2022;6;7;7119;5055;0.710072;1;5530;4221;0.763291;1;7115;0.700773;242.3;-21.0;21.0;0.0867;2.7292;7925.5;0.0026;1589;71.6;36.1;36.1;0.5042;1.6716;1159.1;0.0311;12.1
2022-06-27;2022;6;7;7124;4284;0.601348;1;5537;3606;0.651255;1;7119;0.710072;137.0;73.4;73.4;0.5358;2.0089;5942.3;0.0124;1587;68.7;30.5;30.5;0.444;1.7304;1124.1;0.0271;6.7
2022-07-04;2022;7;7;7104;3632;0.511261;0;5527;3232;0.584766;0;7124;0.601348;249.4;-121.5;121.5;0.4872;1.9883;5821.9;0.0209;1577;49.3;18.1;18.1;0.3671;1.3715;963.1;0.0188;13.4
2022-07-11;2022;7;7;7130;4439;0.622581;1;5532;3208;0.579899;0;7104;0.511261;390.9;-228.0;228.0;0.5833;2.0888;6383.0;0.0357;1598;149.7;-131.3;131.3;0.8771;1.9564;1380.2;0.0951;8.8
2022-07-18;2022;7;7;7117;3496;0.491218;0;5534;2807;0.507228;0;7130;0.622581;231.3;-89.2;89.2;0.3856;2.3774;7139.1;0.0125;1583;123.0;62.7;62.7;0.5098;1.914;1279.3;0.049;5.5
2022-07-25;2022;7;7;7125;3285;0.461053;0;5551;2796;0.503693;0;7117;0.491218;199.7;132.3;132.3;0.6625;2.4353;7346.7;0.018;1574;79.0;10.0;10.0;0.1266;1.9909;1319.4;0.0076;2.4
2022-08-01;2022;8;7;7134;4606;0.645641;1;5542;3890;0.701913;1;7125;0.461053;161.4;13.2;13.2;0.0818;2.3372;7148.9;0.0018;1592;70.3;46.5;46.5;0.6615;2.0726;1375.6;0.0338;10.7
2022-08-08;2022;8;7;7117;5513;0.774624;1;5533;4102;0.74137;1;7134;0.645641;171.4;-34.4;34.4;0.2007;2.2031;6348.5;0.0054;1584;62.5;22.9;22.9;0.3664;1.5444;1035.0;0.0221;6.4
2022-08-15;2022;8;7;7124;4024;0.564851;0;5541;3026;0.546111;0;7117;0.774624;209.3;84.9;84.9;0.4056;1.6944;5082.7;0.0167;1583;115.2;-95.5;95.5;0.829;1.5591;1066.2;0.0896;2.8
2022-08-22;2022;8;7;7125;3931;0.551719;0;5541;2893;0.522108;0;7124;0.564851;236.4;-217.3;217.3;0.9192;1.7248;5144.2;0.0422;1584;120.5;-101.0;101.0;0.8382;1.6546;1130.4;0.0893;0.2
2022-08-29;2022;8;7;7129;4568;0.640763;1;5534;3548;0.641128;1;7125;0.551719;189.1;-74.1;74.1;0.3919;1.9933;6223.8;0.0119;1595;115.1;45.4;45.4;0.3944;2.0504;1354.7;0.0335;0.0
2022-09-05;2022;9;7;7132;3709;0.52005;0;5533;2738;0.494849;0;7129;0.640763;168.3;-11.5;11.5;0.0683;2.2522;6624.1;0.0017;1599;73.7;23.6;23.6;0.3202;1.8599;1232.6;0.0191;27.2
2022-09-12;2022;9;7;7148;3384;0.473419;0;5548;2241;0.403929;0;7132;0.52005;249.9;121.8;121.8;0.4874;2.2263;6510.6;0.0187;1600;138.5;31.3;31.3;0.226;2.1204;1438.1;0.0218;49.4
2022-09-19;2022;9;7;7153;5098;0.712708;1;5556;4468;0.804176;1;7148;0.473419;252.9;-82.3;82.3;0.3254;2.1832;6393.7;0.0129;1597;65.9;20.0;20.0;0.3035;1.7061;1057.2;0.0189;5.2
2022-09-26;2022;9;7;7151;3818;0.533911;0;5551;2996;0.539723;0;7153;0.712708;382.5;-315.7;315.7;0.8254;2.4082;7036.1;0.0449;1600;158.7;-52.2;52.2;0.3289;3.844;2543.3;0.0205;21.9
2022-10-03;2022;10;7;7146;4579;0.640778;1;5548;3792;0.68349;1;7151;0.533911;318.0;130.0;130.0;0.4088;3.389;9849.0;0.0132;1598;91.9;37.3;37.3;0.4059;2.7149;1718.7;0.0217;7.1
2022-10-10;2022;10;7;7138;3261;0.456851;0;5549;2686;0.484051;0;7146;0.640778;273.5;-56.1;56.1;0.2051;2.6222;7415.9;0.0076;1589;71.6;-22.2;22.2;0.3101;2.0251;1291.2;0.0172;6.4
2022-10-17;2022;10;7;7152;3813;0.533138;0;5551;3204;0.577193;0;7138;0.456851;176.9;-9.9;9.9;0.056;2.5259;7312.9;0.0014;1601;133.6;122.2;122.2;0.9147;2.0868;1388.2;0.088;1.4
2022-10-24;2022;10;7;7142;3661;0.512602;0;5538;3283;0.592813;0;7152;0.533138;170.7;139.5;139.5;0.8172;2.4285;7166.2;0.0195;1604;92.2;13.3;13.3;0.1443;2.8189;1809.7;0.0073;10.3
2022-10-31;2022;10;7;7076;4277;0.604438;1;5539;2953;0.533129;0;7142;0.512602;286.8;95.8;95.8;0.334;2.5597;7416.3;0.0129;1537;93.7;-67.2;67.2;0.7172;1.8611;1199.0;0.056;14.2
2022-11-07;2022;11;7;7163;4220;0.589139;0;5620;3204;0.570107;0;7076;0.604438;245.9;5.2;5.2;0.0211;2.3037;6716.3;0.0008;1543;129.4;109.0;109.0;0.8423;2.3363;1516.2;0.0719;49.2
2022-11-14;2022;11;7;7150;3952;0.552727;0;5609;3361;0.599216;0;7163;0.589139;459.5;445.3;445.3;0.9691;2.5798;7647.4;0.0582;1541;87.1;-14.7;14.7;0.1688;2.606;1685.0;0.0087;20.0
2022-11-21;2022;11;7;7112;5183;0.728768;1;5585;4011;0.718174;1;7150;0.552727;208.5;-9.4;9.4;0.0451;2.7552;8212.5;0.0011;1527;110.4;-77.4;77.4;0.7011;2.0647;1332.4;0.0581;2.8
2022-11-28;2022;11;7;7163;4096;0.571827;0;5618;2980;0.530438;0;7112;0.728768;226.0;75.4;75.4;0.3336;1.9895;5948.0;0.0127;1545;166.6;-29.7;29.7;0.1783;2.288;1469.4;0.0202;24.1
2022-12-05;2022;12;7;7128;3182;0.446409;0;5587;2550;0.456417;0;7163;0.571827;254.7;167.3;167.3;0.6569;2.5958;7707.2;0.0217;1541;114.7;-36.3;36.3;0.3165;2.1887;1464.1;0.0248;7.4
2022-12-12;2022;12;7;7141;4464;0.625123;1;5606;3301;0.588833;0;7128;0.446409;151.2;-0.7;0.7;0.0046;2.1516;6365.3;0.0001;1535;74.1;12.4;12.4;0.1673;1.7094;1196.9;0.0104;3.4
2022-12-19;2022;12;7;7148;3279;0.45873;0;5607;2696;0.480828;0;7141;0.625123;230.2;56.7;56.7;0.2463;2.2524;6812.2;0.0083;1541;82.2;25.6;25.6;0.3114;1.7857;1175.8;0.0218;1.0
2022-12-26;2022;12;7;6667;2644;0.39658;0;5577;2290;0.410615;0;7148;0.45873;86.1;29.0;29.0;0.3368;1.9442;5731.0;0.0051;1090;30.8;19.5;19.5;0.6331;0.6813;342.9;0.0569;4.5
2023-01-02;2023;1;7;6989;4288;0.613536;1;5596;3273;0.584882;0;6667;0.39658;106.9;84.8;84.8;0.7933;1.524;4343.0;0.0195;1393;57.5;-17.8;17.8;0.3096;1.4387;938.9;0.019;10.5
2023-01-09;2023;1;7;7120;4243;0.595927;0;5587;3293;0.589404;0;6989;0.613536;225.6;-49.3;49.3;0.2185;2.1163;6147.2;0.008;1533;123.0;92.7;92.7;0.7537;2.0186;1251.3;0.0741;4.7
2023-01-16;2023;1;7;7119;3290;0.462144;0;5594;2579;0.46103;0;7120;0.595927;230.2;192.1;192.1;0.8345;2.0791;6005.6;0.032;1525;72.8;-3.3;3.3;0.0453;1.4132;911.5;0.0036;0.2
2023-01-23;2023;1;7;7101;2669;0.375863;0;5574;2251;0.403839;0;7119;0.462144;121.3;22.9;22.9;0.1888;1.9748;5851.0;0.0039;1527;80.6;7.5;7.5;0.0931;1.7914;1201.6;0.0062;8.2
2023-01-30;2023;1;7;7139;4402;0.616613;1;5602;3727;0.665298;1;7101;0.375863;94.4;5.0;5.0;0.053;1.7252;5347.4;0.0009;1537;74.7;-10.9;10.9;0.1459;1.5357;1021.6;0.0107;8.1
2023-02-06;2023;2;7;7146;4523;0.632942;1;5606;3165;0.564574;0;7139;0.616613;240.7;-66.1;66.1;0.2746;1.9214;5693.5;0.0116;1540;89.5;-53.8;53.8;0.6011;1.6936;1114.3;0.0483;12.2
2023-02-13;2023;2;7;7128;4750;0.666386;1;5603;3355;0.598786;0;7146;0.632942;132.6;-105.0;105.0;0.7919;1.7339;5243.4;0.02;1525;76.9;49.7;49.7;0.6463;1.405;935.3;0.0531;4.0
2023-02-20;2023;2;7;7125;4868;0.683228;1;5602;3649;0.651375;1;7128;0.666386;191.9;12.7;12.7;0.0662;1.7394;5291.2;0.0024;1523;34.5;-2.6;2.6;0.0754;1.0219;699.9;0.0037;8.8
2023-02-27;2023;2;7;7141;4509;0.631424;1;5603;3567;0.636623;1;7125;0.683228;168.5;-140.4;140.4;0.8332;1.5315;4589.5;0.0306;1538;86.9;63.4;63.4;0.7296;1.4362;937.5;0.0676;0.9
2023-03-06;2023;3;7;7117;5522;0.775889;1;5577;4544;0.814775;1;7141;0.631424;158.4;88.6;88.6;0.5593;1.6234;4839.6;0.0183;1540;72.0;59.9;59.9;0.8319;1.5175;979.5;0.0612;8.8
2023-03-13;2023;3;7;7079;3671;0.518576;0;5533;2806;0.507139;0;7117;0.775889;176.4;13.9;13.9;0.0788;1.7701;5192.1;0.0027;1546;98.3;24.0;24.0;0.2442;2.9177;1780.5;0.0135;60.2
2023-03-20;2023;3;7;7086;5551;0.783376;1;5544;4591;0.828102;1;7079;0.518576;243.8;-33.3;33.3;0.1366;2.518;7133.7;0.0047;1542;99.5;31.7;31.7;0.3186;1.8196;1167.1;0.0272;20.2
2023-03-27;2023;3;7;7122;4698;0.659646;1;5536;3569;0.644689;1;7086;0.783376;298.5;74.1;74.1;0.2482;1.8752;5655.9;0.0131;1586;62.8;35.6;35.6;0.5669;1.4078;993.9;0.0358;10.3
2023-04-03;2023;4;7;7076;4643;0.656162;1;5486;3447;0.628327;1;7122;0.659646;181.5;71.1;71.1;0.3917;1.4717;4703.1;0.0151;1590;128.4;66.4;66.4;0.5171;1.6209;1160.7;0.0572;1.4
2023-04-10;2023;4;7;7107;5894;0.829323;1;5528;4468;0.808249;1;7076;0.656162;184.9;64.3;64.3;0.3478;1.3493;4369.3;0.0147;1579;85.8;-29.2;29.2;0.3403;1.0466;798.0;0.0366;7.2
2023-04-17;2023;4;7;7079;3609;0.509818;0;5523;2310;0.418251;0;7107;0.829323;244.5;95.6;95.6;0.391;1.3023;4183.3;0.0229;1556;90.5;-66.7;66.7;0.737;1.2436;919.3;0.0726;2.7
2023-04-24;2023;4;7;7132;4682;0.656478;1;5535;3939;0.711653;1;7079;0.509818;90.5;-1.3;1.3;0.0144;1.336;4319.1;0.0003;1597;91.3;67.5;67.5;0.7393;1.2319;860.1;0.0785;0.0
2023-05-01;2023;5;7;7141;3240;0.453718;0;5551;3058;0.550892;0;7132;0.656478;132.8;28.3;28.3;0.2131;1.5767;4883.7;0.0058;1590;71.2;-52.6;52.6;0.7388;1.1886;825.6;0.0637;3.4
2023-05-08;2023;5;7;7112;4551;0.639904;1;5531;3327;0.601519;1;7141;0.453718;149.7;-3.0;3.0;0.02;1.6524;5070.2;0.0006;1581;58.4;-21.5;21.5;0.3682;1.0863;763.8;0.0281;0.7
2023-05-15;2023;5;7;7106;4295;0.604419;1;5515;4064;0.736899;1;7112;0.639904;205.9;-168.3;168.3;0.8174;1.2531;3875.7;0.0434;1591;45.6;19.8;19.8;0.4342;0.9546;674.8;0.0293;4.5
2023-05-22;2023;5;7;7123;3677;0.516215;0;5542;2296;0.414291;0;7106;0.604419;144.6;-47.2;47.2;0.3264;1.1705;3816.5;0.0124;1581;35.7;5.4;5.4;0.1513;1.2328;871.8;0.0062;1.5
2023-05-29;2023;5;7;7107;3905;0.549458;0;5542;3413;0.615843;1;7123;0.516215;129.5;-78.9;78.9;0.6093;1.3556;4224.8;0.0187;1565;38.1;-13.1;13.1;0.3438;0.6679;529.2;0.0248;6.1
2023-06-05;2023;6;7;7127;2947;0.413498;0;5535;2792;0.504426;0;7107;0.549458;143.8;-12.4;12.4;0.0862;1.2847;4103.7;0.003;1592;47.8;3.7;3.7;0.0774;1.1082;801.1;0.0046;0.1
2023-06-12;2023;6;7;7159;3937;0.549937;0;5555;2667;0.480108;0;7127;0.413498;120.2;41.2;41.2;0.3428;1.1756;3716.2;0.0111;1604;56.9;16.2;16.2;0.2847;1.0706;792.3;0.0204;2.9
2023-06-19;2023;6;7;7144;3889;0.544373;0;5548;3826;0.689618;1;7159;0.549937;237.4;196.6;196.6;0.8281;1.3608;4286.9;0.0459;1596;39.2;-16.2;16.2;0.4133;0.9427;706.2;0.0229;2.8
2023-06-26;2023;6;7;7141;4185;0.586052;0;5539;2695;0.48655;0;7144;0.544373;167.9;-45.9;45.9;0.2734;1.275;3915.0;0.0117;1602;33.0;6.4;6.4;0.1939;1.1942;738.9;0.0087;9.3
2023-07-03;2023;7;7;7159;3719;0.519486;0;5555;2928;0.527093;0;7141;0.586052;141.6;7.9;7.9;0.0558;1.3998;3966.6;0.002;1604;63.5;3.9;3.9;0.0614;1.2066;796.9;0.0049;2.7
2023-07-10;2023;7;7;7167;4675;0.652295;1;5560;3605;0.648381;1;7159;0.519486;139.9;60.8;60.8;0.4346;1.3764;4054.1;0.015;1607;62.0;46.0;46.0;0.7419;1.2042;775.9;0.0593;10.2
2023-07-17;2023;7;7;7150;3693;0.516503;0;5546;3547;0.63956;1;7167;0.652295;301.5;268.9;268.9;0.8919;1.4531;4151.9;0.0648;1604;45.7;6.1;6.1;0.1335;1.2076;796.0;0.0077;2.8
2023-07-24;2023;7;7;7142;4334;0.606833;1;5550;3558;0.641081;1;7150;0.516503;167.9;-104.6;104.6;0.623;1.3909;4285.0;0.0244;1592;87.5;-57.7;57.7;0.6594;1.4064;1002.2;0.0576;5.9
2023-07-31;2023;7;7;7146;3891;0.5445;0;5543;3245;0.585423;0;7142;0.606833;206.1;-103.0;103.0;0.4998;1.6089;4997.3;0.0206;1603;52.8;-13.8;13.8;0.2614;1.2452;906.9;0.0152;7.0
2023-08-07;2023;8;7;7117;5449;0.765632;1;5529;4303;0.77826;1;7146;0.5445;133.5;-1.6;1.6;0.012;1.4585;4729.7;0.0003;1588;49.9;-6.9;6.9;0.1383;1.0585;784.3;0.0088;0.5
2023-08-14;2023;8;7;7148;2772;0.387801;0;5549;2179;0.392683;0;7117;0.765632;136.0;-62.3;62.3;0.4581;1.3098;4230.8;0.0147;1599;85.6;-41.6;41.6;0.486;1.2598;907.0;0.0459;2.1
2023-08-21;2023;8;7;7132;3998;0.560572;0;5550;3590;0.646847;1;7148;0.387801;115.3;-76.4;76.4;0.6626;1.394;4361.8;0.0175;1582;47.9;30.5;30.5;0.6367;1.0855;789.0;0.0387;5.6
2023-08-28;2023;8;7;7121;3107;0.436315;0;5523;2856;0.51711;0;7132;0.560572;164.6;-71.4;71.4;0.4338;1.2953;4134.9;0.0173;1598;36.5;29.2;29.2;0.8;1.0185;775.8;0.0376;0.4
2023-09-04;2023;9;7;7009;3445;0.491511;0;5505;2471;0.448865;0;7121;0.436315;173.3;-20.5;20.5;0.1183;1.3342;4280.6;0.0048;1504;37.6;14.7;14.7;0.391;0.7452;561.2;0.0262;0.8
2023-09-11;2023;9;7;7123;4159;0.583883;0;5538;3629;0.655291;1;7009;0.491511;122.7;-75.4;75.4;0.6145;1.1147;3560.7;0.0212;1585;51.6;32.6;32.6;0.6318;1.0938;813.3;0.0401;13.6
2023-09-18;2023;9;7;7106;4503;0.63369;1;5527;3278;0.593088;0;7123;0.583883;137.3;-54.5;54.5;0.3969;1.2916;4079.9;0.0134;1579;44.1;32.9;32.9;0.746;0.9305;687.2;0.0479;1.2
2023-09-25;2023;9;7;7111;5539;0.778934;1;5532;4077;0.736985;1;7106;0.63369;121.8;-12.9;12.9;0.1059;1.2351;3965.6;0.0033;1579;80.3;-58.8;58.8;0.7323;1.0246;751.4;0.0783;4.1
2023-10-02;2023;10;7;7132;3725;0.522294;0;5549;3126;0.563345;0;7111;0.778934;167.5;-76.7;76.7;0.4579;1.33;4301.5;0.0178;1583;116.9;-85.8;85.8;0.734;1.3183;925.0;0.0928;7.9
2023-10-09;2023;10;7;7162;3410;0.476124;0;5553;2421;0.435981;0;7132;0.522294;151.6;21.4;21.4;0.1412;1.5501;4809.7;0.0044;1609;59.8;28.9;28.9;0.4833;1.328;932.7;0.031;37.3
2023-10-16;2023;10;7;7138;4618;0.64696;1;5535;3529;0.637579;1;7162;0.476124;144.1;-40.8;40.8;0.2831;1.4752;4486.4;0.0091;1603;57.7;48.7;48.7;0.844;1.186;841.5;0.0579;3.7
2023-10-23;2023;10;7;7163;3908;0.545581;0;5556;2889;0.519978;0;7138;0.64696;111.5;89.0;89.0;0.7982;1.4208;4387.3;0.0203;1607;106.5;75.5;75.5;0.7089;1.2381;876.5;0.0861;0.2
2023-10-30;2023;10;7;7100;5270;0.742254;1;5552;4186;0.753963;1;7163;0.545581;172.1;-28.6;28.6;0.1662;1.3604;4227.0;0.0068;1548;78.0;47.4;47.4;0.6077;1.1469;790.6;0.06;1.2
2023-11-06;2023;11;7;7144;4286;0.599944;0;5608;3208;0.57204;0;7100;0.742254;230.0;164.2;164.2;0.7139;1.4243;4424.0;0.0371;1536;40.2;-4.9;4.9;0.1219;1.0991;766.6;0.0064;7.6
2023-11-13;2023;11;7;7138;3880;0.54357;0;5604;2967;0.529443;0;7144;0.599944;100.1;-36.9;36.9;0.3686;1.2385;3910.3;0.0094;1534;41.2;18.3;18.3;0.4442;1.0523;715.4;0.0256;3.4
2023-11-20;2023;11;7;7093;5104;0.719583;1;5546;4713;0.849802;1;7138;0.54357;250.5;231.4;231.4;0.9238;1.3371;4214.5;0.0549;1547;54.2;36.4;36.4;0.6716;1.2692;867.4;0.042;5.8
2023-11-27;2023;11;7;7159;4811;0.672021;1;5615;3940;0.701692;1;7093;0.719583;112.8;33.1;33.1;0.2934;1.2233;3820.5;0.0087;1544;34.1;14.1;14.1;0.4135;1.1922;803.9;0.0175;3.0
2023-12-04;2023;12;7;7165;4232;0.590649;0;5622;3010;0.535397;0;7159;0.672021;188.4;-64.1;64.1;0.3402;1.4894;4631.7;0.0138;1543;90.6;-38.8;38.8;0.4283;1.4562;974.4;0.0398;4.6
2023-12-11;2023;12;7;7155;5096;0.712229;1;5623;4334;0.770763;1;7165;0.590649;171.4;-113.7;113.7;0.6634;1.4992;4560.9;0.0249;1532;37.4;9.4;9.4;0.2513;1.1522;798.3;0.0118;6.3
2023-12-18;2023;12;7;7171;5321;0.742016;1;5617;3776;0.672245;1;7155;0.712229;267.6;139.3;139.3;0.5206;1.574;4830.4;0.0288;1554;39.5;28.1;28.1;0.7114;1.1766;781.1;0.036;0.0
2024-01-01;2024;1;7;5722;3827;0.668822;1;5618;3723;0.662691;1;5362;0.710183;130.7;9.1;9.1;0.0696;1.1992;2975.1;0.0031;104;9.3;-6.0;6.0;0.6452;0.4346;22.6;0.2655;5.8
2024-01-08;2024;1;7;7103;3321;0.467549;0;5607;3078;0.548957;0;5722;0.668822;168.0;-99.6;99.6;0.5929;1.5593;3791.4;0.0263;1496;56.1;6.3;6.3;0.1123;1.2739;810.5;0.0078;0.3
2024-01-15;2024;1;7;7131;2935;0.411583;0;5619;1569;0.279231;0;7103;0.467549;89.0;7.2;7.2;0.0809;1.378;4109.1;0.0018;1512;34.1;-1.4;1.4;0.0411;0.9308;622.3;0.0022;4.1
2024-01-22;2024;1;7;7165;3847;0.536916;0;5613;3306;0.58899;0;7131;0.411583;123.0;-48.2;48.2;0.3919;1.3126;3979.9;0.0121;1552;33.0;-12.8;12.8;0.3879;1.0741;745.0;0.0172;8.0
2024-01-29;2024;1;7;7166;3195;0.445855;0;5619;2729;0.485674;0;7165;0.536916;119.1;-36.0;36.0;0.3023;1.2577;4014.2;0.009;1547;54.3;-9.1;9.1;0.1676;1.0425;733.6;0.0124;11.4
2024-02-05;2024;2;7;7149;2226;0.311372;0;5602;1208;0.215637;0;7166;0.445855;117.6;-55.0;55.0;0.4677;1.3797;4330.1;0.0127;1547;63.0;-44.8;44.8;0.7111;1.1764;806.8;0.0555;2.0
2024-02-12;2024;2;7;7154;3901;0.545289;0;5616;3185;0.56713;0;7149;0.311372;72.4;0.1;0.1;0.0014;1.1071;3468.1;0.0;1538;49.8;-7.9;7.9;0.1586;0.8717;611.0;0.0129;6.1
2024-02-19;2024;2;7;7145;4196;0.587264;0;5620;2975;0.529359;0;7154;0.545289;110.7;-1.9;1.9;0.0172;1.0461;3278.2;0.0006;1525;27.3;3.3;3.3;0.1209;0.6845;487.5;0.0068;5.8
2024-02-26;2024;2;7;7138;3737;0.523536;0;5603;3045;0.543459;0;7145;0.587264;126.2;49.2;49.2;0.3899;0.9644;3086.0;0.0159;1535;47.1;20.1;20.1;0.4268;0.8344;580.9;0.0346;9.0
2024-03-04;2024;3;7;7170;4190;0.584379;0;5623;2708;0.481593;0;7138;0.523536;70.0;9.8;9.8;0.14;1.0033;3141.1;0.0031;1547;30.9;17.6;17.6;0.5696;0.8335;559.8;0.0314;3.5
2024-03-11;2024;3;7;7081;2327;0.328626;0;5530;2256;0.407957;0;7170;0.584379;145.3;102.3;102.3;0.7041;1.0203;3133.4;0.0326;1551;33.5;-8.9;8.9;0.2657;0.8364;574.7;0.0155;0.6
2024-03-18;2024;3;7;7080;3875;0.547316;0;5542;2992;0.539877;0;7081;0.328626;90.7;-51.1;51.1;0.5634;0.8856;2771.4;0.0184;1538;40.2;-17.1;17.1;0.4254;0.6563;473.5;0.0361;1.9
2024-03-25;2024;3;7;7059;4568;0.647117;1;5533;4237;0.765769;1;7080;0.547316;140.7;-82.4;82.4;0.5856;0.8963;2875.1;0.0287;1526;40.4;30.1;30.1;0.745;0.676;508.7;0.0592;1.1
2024-04-01;2024;4;7;7109;4841;0.680968;1;5518;3298;0.59768;0;7059;0.647117;96.3;-13.4;13.4;0.1391;0.7976;2566.8;0.0052;1591;68.0;-50.1;50.1;0.7368;0.7847;602.3;0.0832;6.3
2024-04-08;2024;4;7;7120;4710;0.661517;1;5521;3956;0.716537;1;7109;0.680968;151.9;50.3;50.3;0.3311;0.9027;3030.4;0.0166;1599;42.2;25.3;25.3;0.5995;0.8046;577.2;0.0438;0.8
2024-04-15;2024;4;7;7151;3289;0.459936;0;5544;2739;0.494048;0;7120;0.661517;262.5;-194.7;194.7;0.7417;1.0516;3372.6;0.0577;1607;44.9;-8.5;8.5;0.1893;1.2027;840.6;0.0101;8.9
2024-04-22;2024;4;7;7133;2904;0.407122;0;5539;2189;0.395198;0;7151;0.459936;89.1;24.0;24.0;0.2694;1.3164;4119.4;0.0058;1594;46.7;1.6;1.6;0.0343;0.9258;681.7;0.0023;5.1
2024-04-29;2024;4;7;7156;4205;0.587619;0;5557;3202;0.57621;0;7133;0.407122;128.9;41.6;41.6;0.3227;1.0956;3619.3;0.0115;1599;45.0;24.4;24.4;0.5422;1.0629;758.7;0.0322;3.4
2024-05-06;2024;5;7;7112;2854;0.401294;0;5523;2493;0.451385;0;7156;0.587619;162.9;73.3;73.3;0.45;1.2421;3878.3;0.0189;1589;35.5;6.7;6.7;0.1887;0.7721;575.7;0.0116;3.0
2024-05-13;2024;5;7;7113;4812;0.676508;1;5517;3938;0.713794;1;7112;0.401294;66.9;11.0;11.0;0.1644;0.8531;2722.7;0.004;1596;41.0;21.2;21.2;0.5171;0.6781;495.8;0.0428;0.5
2024-05-20;2024;5;7;7137;4538;0.635841;1;5544;2945;0.531205;0;7113;0.676508;129.2;98.7;98.7;0.7639;0.8426;2721.5;0.0363;1593;30.2;-5.9;5.9;0.1954;0.6763;523.0;0.0113;3.4
2024-05-27;2024;5;7;7072;4034;0.570419;0;5537;4034;0.728553;1;7137;0.635841;79.7;-20.5;20.5;0.2572;0.8642;2751.6;0.0075;1535;27.9;16.8;16.8;0.6022;0.5814;435.7;0.0386;1.1
2024-06-03;2024;6;7;7130;3684;0.51669;0;5524;2958;0.535482;0;7072;0.570419;100.8;3.0;3.0;0.0298;0.8851;2786.6;0.0011;1606;81.7;60.4;60.4;0.7393;0.9082;635.2;0.0951;1.1
2024-06-10;2024;6;7;7139;4939;0.691834;1;5542;4509;0.813605;1;7130;0.51669;116.6;-44.4;44.4;0.3808;0.9801;3082.4;0.0144;1597;48.7;-11.2;11.2;0.23;1.0259;755.9;0.0148;27.3
2024-06-17;2024;6;7;7043;4277;0.60727;1;5458;3457;0.633382;1;7139;0.691834;184.6;-70.2;70.2;0.3803;1.1133;3630.3;0.0193;1585;54.4;36.8;36.8;0.6765;0.9448;677.4;0.0543;1.2
2024-06-24;2024;6;7;7104;5019;0.706503;1;5519;3783;0.68545;1;7043;0.60727;90.4;-10.6;10.6;0.1173;0.9382;3047.8;0.0035;1585;64.2;48.3;48.3;0.7523;0.8358;599.2;0.0806;8.9
2024-07-01;2024;7;7;7030;4246;0.603983;1;5429;3907;0.719654;1;7104;0.706503;80.3;30.0;30.0;0.3736;0.9329;3008.1;0.01;1601;56.9;-1.0;1.0;0.0176;1.0543;782.0;0.0013;23.4
2024-07-08;2024;7;7;7082;4988;0.704321;1;5501;4526;0.822759;1;7030;0.603983;132.6;102.1;102.1;0.77;0.8925;2961.1;0.0345;1581;46.6;29.5;29.5;0.633;0.8786;653.5;0.0451;38.3
2024-07-15;2024;7;7;7130;4385;0.615007;1;5524;3958;0.71651;1;7082;0.704321;112.9;105.8;105.8;0.9371;0.8965;2842.2;0.0372;1606;42.7;17.1;17.1;0.4005;0.9169;661.5;0.0259;25.9
2024-07-22;2024;7;7;7140;4833;0.676891;1;5541;3255;0.587439;0;7130;0.615007;76.6;3.4;3.4;0.0444;0.92;2813.3;0.0012;1599;29.4;5.2;5.2;0.1769;0.7997;585.7;0.0089;0.6
2024-07-29;2024;7;7;7146;3525;0.493283;0;5548;2690;0.484859;0;7140;0.676891;76.8;-27.6;27.6;0.3594;0.8948;2791.3;0.0099;1598;67.1;-37.3;37.3;0.5559;0.7167;525.2;0.071;0.1
2024-08-05;2024;8;7;7157;3874;0.541288;0;5551;2855;0.514322;0;7146;0.493283;149.2;55.4;55.4;0.3713;1.0719;3447.0;0.0161;1606;116.2;26.7;26.7;0.2298;2.1923;1446.5;0.0185;12.0
2024-08-12;2024;8;7;7155;6378;0.891405;1;5550;4823;0.869009;1;7157;0.541288;127.3;-7.4;7.4;0.0581;1.4298;4272.7;0.0017;1605;29.5;21.4;21.4;0.7254;0.7374;568.6;0.0376;1.7
2024-08-19;2024;8;7;7164;5062;0.706588;1;5567;3465;0.622418;1;7155;0.891405;137.6;114.0;114.0;0.8285;0.8706;2920.0;0.039;1597;64.7;58.4;58.4;0.9026;0.8493;640.5;0.0912;1.5
2024-08-26;2024;8;7;7160;4217;0.588966;0;5546;3283;0.591958;0;7164;0.706588;178.3;165.7;165.7;0.9293;1.0722;3518.7;0.0471;1614;51.5;-21.2;21.2;0.4117;0.9884;712.4;0.0298;7.2
2024-09-02;2024;9;7;7093;3455;0.4871;0;5547;3333;0.600865;1;7160;0.588966;157.7;-137.8;137.8;0.8738;1.1348;3665.9;0.0376;1546;35.4;22.2;22.2;0.6271;0.744;570.3;0.0389;3.1
2024-09-09;2024;9;7;7119;4276;0.600646;1;5532;3550;0.641721;1;7093;0.4871;129.2;40.8;40.8;0.3158;1.1571;3711.1;0.011;1587;57.6;-44.7;44.7;0.776;0.9543;690.2;0.0648;5.8
2024-09-16;2024;9;7;7161;5050;0.705209;1;5551;3681;0.663124;1;7119;0.600646;99.9;-3.4;3.4;0.034;1.0625;3390.1;0.001;1610;62.9;52.7;52.7;0.8378;0.9428;689.3;0.0765;0.2
2024-09-23;2024;9;7;7149;4429;0.619527;1;5537;3119;0.563301;0;7161;0.705209;120.7;87.4;87.4;0.7241;1.2803;3991.3;0.0219;1612;84.1;-44.6;44.6;0.5303;1.1579;834.2;0.0535;8.7
2024-09-30;2024;9;7;7166;5742;0.801284;1;5558;4793;0.862361;1;7149;0.619527;130.7;9.3;9.3;0.0712;1.2929;4126.0;0.0023;1608;95.3;-16.2;16.2;0.17;1.3984;1008.9;0.0161;12.2
2024-10-07;2024;10;7;7151;5004;0.699762;1;5553;4712;0.84855;1;7166;0.801284;257.6;-176.8;176.8;0.6863;1.3599;4176.3;0.0423;1598;32.6;12.5;12.5;0.3834;1.1464;777.8;0.0161;13.8
2024-10-14;2024;10;7;7132;5142;0.720976;1;5543;3575;0.644958;1;7151;0.699762;97.1;-24.7;24.7;0.2544;1.0937;3347.0;0.0074;1589;48.5;-23.6;23.6;0.4866;0.8532;645.4;0.0366;4.3
2024-10-21;2024;10;7;7150;4319;0.604056;1;5556;3115;0.560655;0;7132;0.720976;125.6;-64.7;64.7;0.5151;0.9466;3042.3;0.0213;1594;60.3;-44.0;44.0;0.7297;0.754;536.0;0.0821;8.3
2024-10-28;2024;10;7;7155;2643;0.369392;0;5549;2285;0.411786;0;7150;0.604056;110.2;-63.3;63.3;0.5744;0.8774;2828.2;0.0224;1606;45.4;23.9;23.9;0.5264;0.9031;673.1;0.0355;3.1
2024-11-04;2024;11;7;7148;4656;0.651371;1;5612;4032;0.71846;1;7155;0.369392;136.8;41.1;41.1;0.3004;1.1151;3584.1;0.0115;1536;44.9;-1.9;1.9;0.0423;1.0982;792.1;0.0024;41.1
2024-11-11;2024;11;7;7167;4179;0.583089;0;5624;2713;0.482397;0;7148;0.651371;254.5;-156.4;156.4;0.6145;1.8098;5778.2;0.0271;1543;99.4;-42.1;42.1;0.4235;1.2898;939.9;0.0448;14.1
2024-11-18;2024;11;7;7170;4969;0.693026;1;5617;3723;0.662809;1;7167;0.583089;231.5;-165.0;165.0;0.7127;1.6352;5246.4;0.0315;1553;78.5;65.6;65.6;0.8357;1.3457;909.2;0.0722;11.1
2024-11-25;2024;11;7;7133;3429;0.480723;0;5579;2747;0.492382;0;7170;0.693026;277.1;-109.1;109.1;0.3937;1.6571;5215.1;0.0209;1554;87.8;-28.5;28.5;0.3246;2.0329;1376.1;0.0207;56.9
2024-12-02;2024;12;7;7179;3831;0.53364;0;5623;2850;0.506847;0;7133;0.480723;172.1;101.6;101.6;0.5904;1.8788;5608.5;0.0181;1556;109.8;-64.9;64.9;0.5911;2.0211;1295.4;0.0501;12.6
2024-12-09;2024;12;7;7176;3757;0.523551;0;5629;2867;0.509327;0;7179;0.53364;169.2;2.7;2.7;0.016;1.7718;5345.9;0.0005;1547;62.3;-0.1;0.1;0.0016;1.3245;911.0;0.0001;13.9
2024-12-16;2024;12;7;7182;4086;0.568922;0;5628;3727;0.662225;1;7176;0.523551;141.2;-51.0;51.0;0.3612;1.5607;4739.3;0.0108;1554;50.3;28.9;28.9;0.5746;1.3894;941.9;0.0307;15.2
2024-12-23;2024;12;7;5069;2526;0.498323;0;3519;1694;0.481387;0;7182;0.568922;191.2;-58.2;58.2;0.3044;1.6254;4938.0;0.0118;1550;61.1;-23.4;23.4;0.383;1.2766;906.8;0.0258;2.3
2024-12-30;2024;12;7;5548;3546;0.639149;1;4011;3282;0.81825;1;5069;0.498323;61.9;-1.8;1.8;0.0291;1.1147;2566.4;0.0007;1537;86.6;-21.2;21.2;0.2448;1.2803;919.2;0.0231;0.9
2025-01-06;2025;1;7;7186;5746;0.79961;1;5628;4730;0.840441;1;5548;0.639149;234.2;-118.1;118.1;0.5043;1.4279;3616.8;0.0327;1558;141.2;80.8;80.8;0.5722;1.9555;1359.8;0.0594;6.4
2025-01-13;2025;1;7;7178;3609;0.502786;0;5621;2489;0.442804;0;7186;0.79961;223.6;-57.4;57.4;0.2567;1.6434;5126.9;0.0112;1557;99.6;32.9;32.9;0.3303;1.7139;1136.1;0.029;14.3
2025-01-20;2025;1;7;7184;3264;0.454343;0;5630;2118;0.376199;0;7178;0.502786;176.7;40.7;40.7;0.2303;1.6464;5051.9;0.0081;1554;168.1;144.6;144.6;0.8602;1.9811;1387.7;0.1042;4.7
2025-01-27;2025;1;7;7185;3747;0.521503;0;5630;2482;0.440853;0;7184;0.454343;255.3;217.9;217.9;0.8535;1.8038;5528.7;0.0394;1555;105.0;-38.6;38.6;0.3676;1.7482;1119.8;0.0345;16.3
2025-02-03;2025;2;7;7188;3961;0.551057;0;5631;2969;0.52726;0;7185;0.521503;183.5;-117.7;117.7;0.6414;1.7655;5414.5;0.0217;1557;139.5;85.7;85.7;0.6143;2.9952;1933.1;0.0443;117.8
2025-02-10;2025;2;7;7178;4294;0.598217;0;5624;3512;0.624467;1;7188;0.551057;231.6;84.9;84.9;0.3666;1.919;5803.2;0.0146;1554;57.7;17.0;17.0;0.2946;1.1932;835.9;0.0203;43.2
2025-02-17;2025;2;7;7143;4985;0.697886;1;5613;3485;0.62088;1;7178;0.598217;235.5;207.0;207.0;0.879;1.4621;4541.6;0.0456;1530;39.5;-0.5;0.5;0.0127;1.0166;722.2;0.0007;5.6
2025-02-24;2025;2;7;7161;3937;0.549784;0;5609;2805;0.500089;0;7143;0.697886;105.8;-22.5;22.5;0.2127;1.2206;3802.7;0.0059;1552;75.5;-8.6;8.6;0.1139;1.493;1022.3;0.0084;6.6
2025-03-03;2025;3;7;7178;4556;0.634717;1;5627;3755;0.667318;1;7161;0.549784;169.0;-93.9;93.9;0.5556;1.4782;4545.3;0.0207;1551;115.4;82.5;82.5;0.7149;1.7471;1150.2;0.0717;27.1
2025-03-10;2025;3;7;7106;4168;0.586547;0;5563;3369;0.605608;1;7178;0.634717;500.2;430.3;430.3;0.8603;2.2802;7052.3;0.061;1543;69.6;-1.2;1.2;0.0172;2.0253;1385.2;0.0009;7.5
2025-03-17;2025;3;7;7088;4148;0.585214;0;5540;3257;0.587906;0;7106;0.586547;142.1;37.8;37.8;0.266;1.8865;5886.6;0.0064;1548;61.3;39.4;39.4;0.6427;1.3667;936.7;0.0421;0.6
2025-03-24;2025;3;7;7109;3307;0.465185;0;5559;2884;0.518798;0;7088;0.585214;157.5;-65.2;65.2;0.414;1.5233;4855.4;0.0134;1550;76.6;-24.0;24.0;0.3133;1.5318;1096.0;0.0219;12.8
2025-03-31;2025;3;7;7179;3998;0.556902;0;5567;3496;0.627986;1;7109;0.465185;125.5;3.4;3.4;0.0271;1.4927;4761.3;0.0007;1612;65.3;-4.0;4.0;0.0613;1.6685;1226.8;0.0033;8.4
2025-04-07;2025;4;7;7169;4625;0.645139;1;5557;3707;0.667087;1;7179;0.556902;367.9;138.6;138.6;0.3767;2.7067;8237.6;0.0168;1612;170.2;27.9;27.9;0.1639;4.1348;2537.4;0.011;73.6
2025-04-14;2025;4;7;7161;4357;0.608435;1;5549;3522;0.634709;1;7169;0.645139;594.1;474.7;474.7;0.799;4.4406;12744.3;0.0372;1612;128.6;28.1;28.1;0.2185;3.3236;2319.7;0.0121;52.0
2025-04-21;2025;4;7;7183;4176;0.581373;0;5574;3364;0.603516;1;7161;0.608435;160.4;79.3;79.3;0.4944;2.6427;7673.8;0.0103;1609;180.3;119.9;119.9;0.665;2.7252;1874.5;0.064;4.9
2025-04-28;2025;4;7;7167;4230;0.590205;0;5565;3337;0.599641;0;7183;0.581373;265.6;-30.8;30.8;0.116;2.7286;8078.4;0.0038;1602;95.4;48.2;48.2;0.5052;1.9759;1385.3;0.0348;2.8
2025-05-05;2025;5;7;7175;3250;0.452962;0;5564;2843;0.510963;0;7167;0.590205;159.2;-60.5;60.5;0.38;2.1344;6605.0;0.0092;1611;71.6;14.3;14.3;0.1997;1.8408;1305.2;0.011;1.4
2025-05-12;2025;5;7;7179;5038;0.701769;1;5562;3804;0.683927;1;7175;0.452962;184.6;-47.9;47.9;0.2595;2.1086;6619.4;0.0072;1617;177.7;-98.5;98.5;0.5543;2.5181;1740.0;0.0566;55.8
2025-05-19;2025;5;7;7183;4493;0.625505;1;5567;3421;0.614514;1;7179;0.701769;200.5;-31.1;31.1;0.1551;2.138;6475.4;0.0048;1616;117.8;58.0;58.0;0.4924;1.86;1256.9;0.0461;11.0
2025-05-26;2025;5;7;7145;4428;0.619734;1;5565;3818;0.686074;1;7183;0.625505;204.7;187.7;187.7;0.917;1.9985;5976.9;0.0314;1580;57.9;26.2;26.2;0.4525;1.381;986.9;0.0265;0.5
2025-06-02;2025;6;7;7168;5004;0.698103;1;5561;4061;0.730264;1;7145;0.619734;208.6;-15.9;15.9;0.0762;1.8369;5644.5;0.0028;1607;112.2;111.6;111.6;0.9947;1.7265;1205.9;0.0925;4.6
2025-06-09;2025;6;7;7140;3863;0.541036;0;5552;3344;0.602305;1;7168;0.698103;153.5;51.1;51.1;0.3329;1.7715;5546.2;0.0092;1588;52.7;34.1;34.1;0.6471;1.2134;892.8;0.0382;0.7
2025-06-16;2025;6;7;7175;3449;0.480697;0;5561;2383;0.42852;0;7140;0.541036;258.6;156.0;156.0;0.6032;1.8631;5783.9;0.027;1614;90.9;25.8;25.8;0.2838;1.8082;1276.2;0.0202;21.0
2025-06-23;2025;6;7;7168;3926;0.547712;0;5560;2934;0.527698;0;7175;0.480697;168.6;-5.3;5.3;0.0314;1.8111;5701.7;0.0009;1608;155.7;144.0;144.0;0.9249;2.2501;1600.1;0.09;67.7
2025-06-30;2025;6;7;7165;4234;0.590928;0;5556;3126;0.562635;0;7168;0.547712;301.6;264.0;264.0;0.8753;1.9319;6087.1;0.0434;1609;82.8;57.4;57.4;0.6932;1.6422;1212.6;0.0473;11.0
2025-07-07;2025;7;7;7172;3046;0.424707;0;5561;2030;0.365042;0;7165;0.590928;122.1;50.0;50.0;0.4095;1.5599;5040.5;0.0099;1611;103.7;-42.8;42.8;0.4127;1.5112;1089.1;0.0393;0.2
2025-07-14;2025;7;7;7167;4456;0.621739;1;5563;3671;0.659896;1;7172;0.424707;127.7;-88.9;88.9;0.6962;1.4748;4609.1;0.0193;1604;43.3;1.7;1.7;0.0393;1.3421;961.9;0.0018;26.9
2025-07-21;2025;7;7;7168;3990;0.556641;0;5560;2491;0.448022;0;7167;0.621739;165.0;-39.5;39.5;0.2394;1.5594;4940.0;0.008;1608;102.1;69.2;69.2;0.6778;1.2795;951.0;0.0728;1.2
2025-07-28;2025;7;7;7164;3900;0.544389;0;5552;2288;0.412104;0;7168;0.556641;174.1;116.3;116.3;0.668;1.4707;4701.9;0.0247;1612;185.1;-159.2;159.2;0.8601;1.684;1221.7;0.1303;13.7
2025-08-04;2025;8;7;7180;3743;0.521309;0;5566;3207;0.576177;0;7164;0.544389;378.8;-167.1;167.1;0.4411;1.9953;6349.2;0.0263;1614;46.5;-9.5;9.5;0.2043;1.8901;1353.8;0.007;5.5
2025-08-11;2025;8;7;7171;5280;0.736299;1;5559;4121;0.74132;1;7180;0.521309;171.0;46.7;46.7;0.2731;1.6686;5330.5;0.0088;1612;85.4;-25.7;25.7;0.3009;1.1805;898.4;0.0286;2.0
2025-08-18;2025;8;7;7140;4024;0.563585;0;5545;3007;0.54229;0;7171;0.736299;140.1;60.8;60.8;0.434;1.3807;4417.2;0.0138;1595;59.6;-42.3;42.3;0.7097;1.1841;855.0;0.0495;7.0
2025-08-25;2025;8;7;7169;4538;0.633003;1;5562;3388;0.609133;1;7140;0.563585;159.7;11.4;11.4;0.0714;1.3261;4276.1;0.0027;1607;124.0;-106.9;106.9;0.8621;1.2175;868.1;0.1231;0.6
2025-09-01;2025;9;7;7133;3816;0.534978;0;5549;2762;0.497747;0;7169;0.633003;152.8;-35.5;35.5;0.2323;1.4063;4562.3;0.0078;1584;49.9;20.8;20.8;0.4168;0.9288;666.0;0.0312;8.9
2025-09-08;2025;9;7;7164;3037;0.423925;0;5561;1940;0.348858;0;7133;0.534978;151.3;22.5;22.5;0.1487;1.3808;4322.8;0.0052;1603;69.2;58.7;58.7;0.8483;1.2628;872.9;0.0672;6.8
2025-09-15;2025;9;7;7129;4642;0.651143;1;5541;3056;0.551525;0;7164;0.423925;120.6;24.7;24.7;0.2048;1.3679;4271.6;0.0058;1588;58.3;38.5;38.5;0.6604;1.0359;724.1;0.0532;10.1
2025-09-22;2025;9;7;7139;5642;0.790307;1;5541;4695;0.84732;1;7129;0.651143;202.5;21.6;21.6;0.1067;1.4839;4662.8;0.0046;1598;77.5;66.5;66.5;0.8581;1.2039;876.4;0.0759;12.3
2025-09-29;2025;9;7;7148;2940;0.411304;0;5556;1764;0.317495;0;7139;0.790307;174.4;-33.1;33.1;0.1898;1.3408;4192.8;0.0079;1592;55.8;31.9;31.9;0.5717;1.1764;831.4;0.0384;1.9
2025-10-06;2025;10;7;7167;5505;0.768104;1;5554;4171;0.75099;1;7148;0.411304;95.6;43.7;43.7;0.4571;1.3904;4352.4;0.01;1613;79.0;-12.8;12.8;0.162;1.4772;1009.9;0.0127;20.7
2025-10-13;2025;10;7;7166;4767;0.665225;1;5558;4181;0.752249;1;7167;0.768104;188.7;-101.7;101.7;0.539;1.4472;4533.6;0.0224;1608;72.2;-45.6;45.6;0.6316;1.3612;976.6;0.0467;8.7
2025-10-20;2025;10;7;7147;4391;0.614384;1;5543;2849;0.513982;0;7166;0.665225;185.9;41.3;41.3;0.2222;1.4574;4451.4;0.0093;1604;37.1;-19.5;19.5;0.5256;1.0264;717.7;0.0272;11.1
2025-10-27;2025;10;7;7111;4215;0.592744;0;5561;4139;0.744291;1;7147;0.614384;98.6;-36.7;36.7;0.3722;1.1238;3524.4;0.0104;1550;36.8;24.1;24.1;0.6549;0.9921;680.1;0.0354;0.5
2025-11-03;2025;11;7;7154;5004;0.699469;1;5617;3900;0.694321;1;7111;0.592744;147.2;-89.6;89.6;0.6087;1.2452;3920.6;0.0229;1537;36.2;-10.4;10.4;0.2873;0.9786;713.6;0.0146;8.2
2025-11-10;2025;11;7;7169;4993;0.696471;1;5623;3957;0.703717;1;7154;0.699469;122.5;35.8;35.8;0.2922;1.0471;3401.6;0.0105;1546;41.9;1.2;1.2;0.0286;1.0461;753.4;0.0016;9.3
2025-11-17;2025;11;7;7177;4155;0.578933;0;5623;2706;0.481238;0;7169;0.696471;114.9;65.8;65.8;0.5727;1.1021;3632.7;0.0181;1554;42.1;-17.2;17.2;0.4086;0.9889;689.5;0.0249;14.0
2025-11-24;2025;11;7;7131;3227;0.452531;0;5586;1978;0.3541;0;7177;0.578933;133.1;-94.3;94.3;0.7085;1.1864;3778.5;0.025;1545;48.5;8.0;8.0;0.1649;1.0097;726.1;0.011;1.2
2025-12-01;2025;12;7;7148;3061;0.428232;0;5610;2137;0.380927;0;7131;0.452531;111.4;86.9;86.9;0.7801;1.1742;3712.6;0.0234;1538;63.0;12.8;12.8;0.2032;1.2177;811.5;0.0158;4.6
2025-12-08;2025;12;7;7178;4118;0.573697;0;5630;3920;0.69627;1;7148;0.428232;92.6;49.5;49.5;0.5346;1.0574;3356.2;0.0147;1548;55.6;4.4;4.4;0.0791;1.0436;726.4;0.0061;7.5
2025-12-15;2025;12;7;7158;3903;0.545264;0;5610;2583;0.460428;0;7178;0.573697;147.6;104.2;104.2;0.706;1.1144;3591.1;0.029;1548;42.4;20.0;20.0;0.4717;1.0097;706.0;0.0283;6.6
2025-12-22;2025;12;7;5083;3348;0.658666;1;3531;2091;0.592184;0;7158;0.545264;101.4;-25.2;25.2;0.2485;1.171;3823.6;0.0066;1552;63.3;49.1;49.1;0.7757;1.0054;723.9;0.0678;6.8
2025-12-29;2025;12;7;5526;3663;0.662866;1;3978;2632;0.661639;1;5083;0.658666;101.9;56.8;56.8;0.5574;1.0625;2475.6;0.0229;1548;39.7;12.4;12.4;0.3123;1.1584;839.1;0.0148;12.1
2026-01-05;2026;1;7;7153;4501;0.629246;1;5608;4005;0.714158;1;5526;0.662866;75.8;-39.9;39.9;0.5264;1.0902;2826.0;0.0141;1545;69.7;-4.4;4.4;0.0631;1.2472;859.1;0.0051;1.4
2026-01-12;2026;1;7;7163;4632;0.646656;1;5610;3523;0.627986;1;7153;0.629246;124.7;-83.9;83.9;0.6728;1.1146;3624.1;0.0232;1553;76.9;41.1;41.1;0.5345;1.2031;821.6;0.05;8.4
2026-01-19;2026;1;7;7147;5317;0.743949;1;5623;3915;0.696248;1;7163;0.646656;114.0;-27.7;27.7;0.243;1.043;3325.6;0.0083;1524;71.6;57.2;57.2;0.7989;1.0721;782.7;0.0731;16.7
2026-01-26;2026;1;7;7184;3526;0.490813;0;5628;3161;0.561656;0;7147;0.743949;256.2;247.1;247.1;0.9645;1.3007;4213.8;0.0586;1556;72.0;8.9;8.9;0.1236;1.8701;1293.5;0.0069;36.1
2026-02-02;2026;2;7;7182;3388;0.471735;0;5626;2443;0.434234;0;7184;0.490813;246.1;-14.4;14.4;0.0585;2.2726;7218.7;0.002;1556;98.8;-51.1;51.1;0.5172;2.0528;1310.0;0.039;0.9
2026-02-09;2026;2;7;7178;4659;0.649067;1;5626;3339;0.593494;0;7182;0.471735;109.0;-34.2;34.2;0.3138;1.5981;4786.6;0.0071;1552;117.1;93.4;93.4;0.7976;1.4421;1008.4;0.0926;5.4
2026-02-16;2026;2;7;7108;5232;0.736072;1;5602;3726;0.66512;1;7178;0.649067;119.1;58.4;58.4;0.4903;1.4275;4510.6;0.0129;1506;29.1;-20.8;20.8;0.7148;0.7668;568.7;0.0366;2.5
2026-02-23;2026;2;7;7174;2894;0.403401;0;5620;2264;0.402847;0;7108;0.736072;133.4;-89.6;89.6;0.6717;1.1504;3667.1;0.0244;1554;60.2;0.6;0.6;0.01;1.3676;925.1;0.0006;11.0
2026-03-02;2026;3;7;7186;4824;0.671305;1;5629;3730;0.66264;1;7174;0.403401;68.5;23.9;23.9;0.3489;1.2364;3912.5;0.0061;1557;124.1;-71.4;71.4;0.5753;2.0325;1363.0;0.0524;49.9
2026-03-09;2026;3;7;7129;4528;0.635152;1;5572;3524;0.632448;1;7186;0.671305;265.6;-148.8;148.8;0.5602;2.1742;6618.5;0.0225;1557;138.2;67.5;67.5;0.4884;2.7845;1720.6;0.0392;69.0
2026-03-16;2026;3;7;7115;3943;0.554181;0;5562;3266;0.587199;0;7129;0.635152;256.6;-132.1;132.1;0.5148;2.0208;6014.2;0.022;1553;110.7;66.5;66.5;0.6007;1.5842;1070.5;0.0621;15.2
2026-03-23;2026;3;7;7126;4615;0.647628;1;5571;3517;0.631305;1;7115;0.554181;201.9;139.3;139.3;0.6899;1.8373;5549.8;0.0251;1555;155.4;63.4;63.4;0.408;3.0152;1912.0;0.0332;27.1
2026-03-30;2026;3;7;7112;4080;0.573678;0;5499;2920;0.531006;0;7126;0.647628;155.4;-36.3;36.3;0.2336;2.0598;5959.9;0.0061;1613;78.0;-45.3;45.3;0.5808;1.3511;947.2;0.0478;6.5
2026-04-06;2026;4;7;7163;4627;0.645958;1;5564;3604;0.647735;1;7112;0.573678;184.0;16.0;16.0;0.087;1.5071;4664.6;0.0034;1599;66.6;18.8;18.8;0.2823;1.1606;813.7;0.0231;4.7
2026-04-13;2026;4;7;7174;4647;0.647756;1;5557;3030;0.545258;0;7163;0.645958;234.6;203.8;203.8;0.8687;1.494;4583.5;0.0445;1617;102.8;96.2;96.2;0.9358;1.2714;888.6;0.1083;55.3
2026-04-20;2026;4;7;7162;3874;0.54091;0;5553;3083;0.555195;0;7174;0.647756;185.3;93.7;93.7;0.5057;1.2289;3857.6;0.0243;1609;61.9;47.1;47.1;0.7609;1.1956;812.5;0.058;27.1
2026-04-27;2026;4;7;7140;4283;0.59986;0;5545;3291;0.593508;0;7162;0.54091;121.5;-17.2;17.2;0.1416;1.2608;3908.7;0.0044;1595;60.9;28.5;28.5;0.468;0.9487;708.9;0.0402;25.5
2026-05-04;2026;5;7;7152;4415;0.61731;1;5545;3556;0.641298;1;7140;0.59986;130.1;25.5;25.5;0.196;1.264;3915.1;0.0065;1607;68.0;-54.6;54.6;0.8029;1.3459;894.3;0.0611;26.6
2026-05-11;2026;5;7;7154;5690;0.795359;1;5543;4659;0.84052;1;7152;0.61731;120.2;39.7;39.7;0.3303;1.2843;3841.3;0.0103;1611;43.6;31.8;31.8;0.7294;0.951;677.3;0.047;39.6
2026-05-18;2026;5;7;7162;2919;0.407568;0;5555;2216;0.39892;0;7154;0.795359;170.9;-121.2;121.2;0.7092;1.0434;3228.4;0.0375;1607;52.9;32.7;32.7;0.6181;1.1826;808.7;0.0404;3.2
2026-05-25;2026;5;7;7138;2431;0.340572;0;5549;1578;0.284376;0;7162;0.407568;84.9;-19.3;19.3;0.2273;1.2525;3841.3;0.005;1589;23.2;-1.6;1.6;0.069;0.7629;590.6;0.0027;34.6
2026-06-01;2026;6;7;7148;3104;0.434247;0;5559;2243;0.40349;0;7138;0.340572;99.6;23.7;23.7;0.238;1.0002;3148.1;0.0075;1589;57.9;-17.0;17.0;0.2936;0.9658;689.9;0.0246;8.8
2026-06-08;2026;6;7;7160;2228;0.311173;0;5556;1825;0.328474;0;7148;0.434247;146.8;-130.2;130.2;0.8869;0.9676;3034.9;0.0429;1604;55.0;19.2;19.2;0.3491;1.2756;892.3;0.0215;13.3
2026-06-15;2026;6;7;7167;4792;0.66862;1;5555;3781;0.680648;1;7160;0.311173;90.0;58.3;58.3;0.6478;1.2902;3897.0;0.015;1612;47.8;16.3;16.3;0.341;1.083;792.7;0.0206;7.8
2026-06-22;2026;6;7;7166;4831;0.674156;1;5560;3245;0.583633;0;7167;0.66862;204.0;-105.7;105.7;0.5181;1.1744;3677.4;0.0287;1606;54.6;-33.8;33.8;0.619;1.1833;835.6;0.0404;9.1
2026-06-29;2026;6;7;7133;3680;0.515912;0;5536;2796;0.505058;0;7166;0.674156;149.1;-76.2;76.2;0.5111;1.2546;3891.4;0.0196;1597;51.1;31.2;31.2;0.6106;0.9957;698.3;0.0447;4.1
2026-07-06;2026;7;7;7146;2009;0.281136;0;5548;1751;0.315609;0;7133;0.515912;111.0;48.0;48.0;0.4324;1.1526;3580.7;0.0134;1598;39.3;3.9;3.9;0.0992;0.9337;644.7;0.006;1.5
2026-07-13;2026;7;7;7152;3967;0.55467;0;5547;2984;0.537948;0;7146;0.281136;69.5;-22.9;22.9;0.3295;1.0584;3195.9;0.0072;1605;68.4;-18.0;18.0;0.2632;1.1929;803.4;0.0224;13.5
2026-07-20;2026;7;7;4941;20;0.004048;0;3338;0;0.0;0;7152;0.55467;105.1;37.2;37.2;0.3539;1.1178;3370.7;0.011;1603;47.1;-10.3;10.3;0.2187;0.8366;568.0;0.0181;12.7
