window;rank;xPips;yPips;stopLossPips;takeProfitPips;riskPercent;deposit;finalEquity;returnPercent;maxDrawdownPercent;entries;pips;legWinRate;wins;doubleWin;mixed;doubleLoss
2015;1;15;90;10;25;0.50;100000;127900;27.9;11.13;264;510.4;0.3333;176;0;176;88
2015;2;10;35;50;100;0.50;100000;127126;27.1;4.53;186;2439.6;0.3817;142;0;142;44
2015;3;20;75;30;85;0.50;100000;127050;27.1;7.24;152;1477.2;0.3092;94;0;94;58
2015;4;20;50;15;35;0.50;100000;126748;26.7;5.45;214;730.4;0.3481;149;0;149;65
2015;5;20;70;30;80;0.50;100000;126332;26.3;7.42;145;1437.0;0.3241;94;0;94;51
2015;6;20;65;30;80;0.50;100000;125950;26.0;6.47;156;1421.6;0.3205;100;0;100;56
2015;7;20;95;25;55;0.50;100000;124941;24.9;6.49;174;1136.4;0.3621;126;0;126;48
2015;8;15;55;15;45;0.50;100000;124733;24.7;17.37;308;708.8;0.2808;173;0;173;135
2015;9;30;95;35;100;0.50;100000;124688;24.7;4.62;82;1570.2;0.3354;55;0;55;27
2015;10;10;45;45;90;0.50;100000;123996;24.0;8.46;197;1974.2;0.3756;148;0;148;49
2015;11;10;65;30;90;0.50;100000;123903;23.9;8.68;232;1355.2;0.2802;130;0;130;102
2015;12;20;75;40;100;0.50;100000;123709;23.7;4.92;118;1734.8;0.3432;81;0;81;37
2015;13;25;55;15;40;0.50;100000;123151;23.2;6.40;132;640.2;0.3295;87;0;87;45
2015;14;15;65;30;90;0.50;100000;123042;23.0;5.66;186;1299.6;0.2849;106;0;106;80
2015;15;10;45;35;100;0.50;100000;122809;22.8;11.76;219;1508.4;0.2900;127;0;127;92
2015;16;30;95;35;95;0.50;100000;122727;22.7;4.69;87;1458.2;0.3391;59;0;59;28
2015;17;20;95;25;60;0.50;100000;122301;22.3;6.91;175;1035.0;0.3371;118;0;118;57
2015;18;20;70;35;85;0.50;100000;122051;22.1;5.43;138;1426.8;0.3406;94;0;94;44
2015;19;10;15;20;55;0.50;100000;121531;21.5;8.80;315;834.0;0.2937;185;0;185;130
2015;20;25;55;15;45;0.50;100000;121407;21.4;7.28;128;600.8;0.3008;77;0;77;51
2015;21;10;60;35;90;0.50;100000;121390;21.4;11.90;227;1417.2;0.3106;141;0;141;86
2015;22;20;70;30;85;0.50;100000;121121;21.1;7.42;138;1186.8;0.3043;84;0;84;54
2015;23;30;75;30;80;0.50;100000;120850;20.8;3.61;94;1158.4;0.3351;63;0;63;31
2015;24;20;95;35;100;0.50;100000;120762;20.8;5.48;119;1358.4;0.3067;73;0;73;46
2015;25;30;85;35;95;0.50;100000;120698;20.7;4.44;85;1341.0;0.3353;57;0;57;28
2015;26;10;40;25;75;0.50;100000;120536;20.5;12.39;313;1011.8;0.2732;171;0;171;142
2015;27;15;70;40;100;0.50;100000;120311;20.3;6.02;143;1519.8;0.3287;94;0;94;49
2015;28;35;65;30;90;0.50;100000;120292;20.3;3.64;54;1124.4;0.3426;37;0;37;17
2015;29;15;95;25;50;0.50;100000;120223;20.2;4.62;218;944.8;0.3716;162;0;162;56
2015;30;35;95;30;90;0.50;100000;120156;20.2;4.58;58;1118.8;0.3362;39;0;39;19
2015;31;25;55;15;35;0.50;100000;120083;20.1;7.26;135;561.0;0.3556;96;0;96;39
2015;32;10;85;30;80;0.50;100000;119998;20.0;10.65;241;1152.6;0.3008;145;0;145;96
2015;33;30;70;25;75;0.50;100000;119567;19.6;6.68;95;917.0;0.3053;58;0;58;37
2015;34;15;70;35;100;0.50;100000;119527;19.5;7.62;152;1297.2;0.2961;90;0;90;62
2015;35;20;65;35;80;0.50;100000;119506;19.5;7.32;148;1277.8;0.3480;103;0;103;45
2015;36;30;95;30;90;0.50;100000;119476;19.5;5.71;78;1090.8;0.3141;49;0;49;29
2015;37;15;55;55;95;0.50;100000;119369;19.4;6.93;156;1971.6;0.4135;129;0;129;27
2015;38;20;70;35;70;0.50;100000;119179;19.2;3.59;156;1251.6;0.3782;118;0;118;38
2015;39;30;55;30;75;0.50;100000;119122;19.1;4.99;75;1065.0;0.3600;54;0;54;21
2015;40;15;75;30;85;0.50;100000;119077;19.1;9.39;190;1099.0;0.2921;111;0;111;79
2015;41;10;75;30;90;0.50;100000;119043;19.0;12.30;232;1115.2;0.2759;128;0;128;104
2015;42;20;70;35;90;0.50;100000;119023;19.0;5.01;133;1253.8;0.3233;86;0;86;47
2015;43;25;95;20;60;0.50;100000;118871;18.9;8.17;118;714.8;0.2966;70;0;70;48
2015;44;20;60;35;85;0.50;100000;118779;18.8;9.72;144;1238.4;0.3333;96;0;96;48
2015;45;35;95;35;85;0.50;100000;118697;18.7;2.53;62;1213.2;0.3790;47;0;47;15
2015;46;15;55;40;95;0.50;100000;118353;18.4;8.52;167;1391.2;0.3323;111;0;111;56
2015;47;30;95;35;90;0.50;100000;118321;18.3;6.71;83;1198.8;0.3434;57;0;57;26
2015;48;35;60;15;45;0.50;100000;118156;18.2;3.10;45;507.0;0.3556;32;0;32;13
2015;49;10;15;20;50;0.50;100000;118128;18.1;9.55;326;713.6;0.3113;203;0;203;123
2015;50;15;90;25;75;0.50;100000;118101;18.1;6.80;193;879.8;0.2798;108;0;108;85
2015;51;15;55;45;95;0.50;100000;117984;18.0;7.43;161;1524.6;0.3602;116;0;116;45
2015;52;15;60;55;100;0.50;100000;117852;17.9;4.80;138;1831.8;0.4022;111;0;111;27
2015;53;10;90;25;70;0.50;100000;117825;17.8;7.76;262;878.2;0.2882;151;0;151;111
2015;54;20;60;35;80;0.50;100000;117810;17.8;4.27;151;1178.6;0.3444;104;0;104;47
2015;55;15;75;35;85;0.50;100000;117775;17.8;5.80;180;1188.0;0.3250;117;0;117;63
2015;56;20;95;20;60;0.50;100000;117736;17.7;12.44;167;686.2;0.2844;95;0;95;72
2015;57;30;95;30;85;0.50;100000;117678;17.7;5.05;83;998.8;0.3193;53;0;53;30
2015;58;40;80;25;70;0.50;100000;117646;17.6;2.87;45;822.0;0.3667;33;0;33;12
2015;59;25;70;35;90;0.50;100000;117615;17.6;7.91;108;1163.8;0.3287;71;0;71;37
2015;60;20;70;35;100;0.50;100000;117599;17.6;7.01;131;1176.6;0.2977;78;0;78;53
2015;61;10;60;50;90;0.50;100000;117514;17.5;5.19;195;1647.0;0.3923;153;0;153;42
2015;62;25;70;25;75;0.50;100000;117482;17.5;6.74;118;834.8;0.2924;69;0;69;49
2015;63;40;80;30;80;0.50;100000;117225;17.2;3.53;47;964.2;0.3723;35;0;35;12
2015;64;10;15;20;60;0.50;100000;117173;17.2;11.91;304;694.4;0.2730;166;0;166;138
2015;65;20;60;60;100;0.50;100000;117170;17.2;3.18;116;1917.6;0.4310;100;0;100;16
2015;66;15;70;45;85;0.50;100000;117148;17.1;7.28;169;1453.4;0.3846;130;0;130;39
2015;67;35;65;30;75;0.50;100000;117139;17.1;2.83;63;961.8;0.3651;46;0;46;17
2015;68;40;85;30;85;0.50;100000;116998;17.0;2.81;50;955.0;0.3500;35;0;35;15
2015;69;25;55;15;30;0.50;100000;116920;16.9;5.45;141;477.6;0.3865;109;0;109;32
2015;70;15;90;30;55;0.50;100000;116887;16.9;5.06;228;960.8;0.3860;176;0;176;52
2015;71;15;60;55;95;0.50;100000;116886;16.9;6.64;150;1740.0;0.4100;123;0;123;27
2015;72;15;60;65;95;0.50;100000;116861;16.9;3.33;144;2038.4;0.4549;131;0;131;13
2015;73;40;90;25;65;0.50;100000;116796;16.8;3.55;53;785.8;0.3679;39;0;39;14
2015;74;10;40;80;40;0.50;100000;116764;16.8;3.66;238;2506.8;0.7164;341;103;135;0
2015;75;20;95;25;45;0.50;100000;116760;16.8;4.03;159;787.4;0.4025;128;0;128;31
2015;76;15;85;25;65;0.50;100000;116746;16.7;9.22;217;816.2;0.3065;133;0;133;84
2015;77;35;90;30;85;0.50;100000;116736;16.7;2.94;67;946.2;0.3284;44;0;44;23
2015;78;20;50;40;95;0.50;100000;116713;16.7;5.80;132;1270.2;0.3371;89;0;89;43
2015;79;15;55;40;90;0.50;100000;116704;16.7;5.33;168;1274.8;0.3423;115;0;115;53
2015;80;20;55;50;95;0.50;100000;116653;16.7;3.08;129;1564.4;0.3915;101;0;101;28
2015;81;15;95;30;90;0.50;100000;116600;16.6;7.89;164;970.4;0.2805;92;0;92;72
2015;82;30;65;30;80;0.50;100000;116588;16.6;9.05;85;941.0;0.3294;56;0;56;29
2015;83;10;60;40;90;0.50;100000;116472;16.5;7.28;208;1268.8;0.3365;140;0;140;68
2015;84;30;85;20;60;0.50;100000;116423;16.4;6.69;95;627.0;0.3000;57;0;57;38
2015;85;20;60;55;100;0.50;100000;116400;16.4;6.35;117;1691.2;0.4060;95;0;95;22
2015;86;10;35;40;90;0.50;100000;116380;16.4;5.72;224;1266.4;0.3348;150;0;150;74
2015;87;10;65;30;85;0.50;100000;116255;16.3;7.37;252;972.2;0.2837;143;0;143;109
2015;88;30;70;30;75;0.50;100000;116254;16.3;5.50;91;922.6;0.3407;62;0;62;29
2015;89;10;90;10;30;0.50;100000;116208;16.2;18.86;440;344.0;0.2773;244;0;244;196
2015;90;15;95;35;100;0.50;100000;116187;16.2;8.40;151;1098.6;0.2914;88;0;88;63
2015;91;30;80;30;80;0.50;100000;116072;16.1;4.25;89;915.4;0.3258;58;0;58;31
2015;92;20;50;35;90;0.50;100000;116054;16.1;5.50;125;1075.0;0.3200;80;0;80;45
2015;93;20;70;40;100;0.50;100000;116006;16.0;8.47;126;1223.6;0.3254;82;0;82;44
2015;94;20;75;45;85;0.50;100000;115885;15.9;4.39;136;1349.6;0.3897;106;0;106;30
2015;95;15;55;60;95;0.50;100000;115854;15.9;5.75;150;1785.0;0.4300;129;0;129;21
2015;96;15;60;60;100;0.50;100000;115676;15.7;3.18;137;1768.2;0.4197;115;0;115;22
2015;97;20;90;25;60;0.50;100000;115632;15.6;7.33;159;752.4;0.3302;105;0;105;54
2015;98;25;55;50;100;0.50;100000;115631;15.6;6.95;92;1471.2;0.3913;72;0;72;20
2015;99;15;80;50;90;0.50;100000;115604;15.6;5.32;147;1474.2;0.3980;117;0;117;30
2015;100;20;95;20;50;0.50;100000;115564;15.6;7.90;163;601.8;0.3221;105;0;105;58
2015;101;35;65;30;85;0.50;100000;115479;15.5;3.94;55;878.0;0.3364;37;0;37;18
2015;102;15;30;10;25;0.50;100000;115461;15.5;9.57;311;309.6;0.3199;199;0;199;112
2015;103;35;65;35;85;0.50;100000;115428;15.4;3.18;53;1015.8;0.3774;40;0;40;13
2015;104;15;70;30;80;0.50;100000;115371;15.4;7.93;202;907.2;0.2995;121;0;121;81
2015;105;20;50;25;60;0.50;100000;115301;15.3;7.72;184;742.4;0.3261;120;0;120;64
2015;106;15;80;45;95;0.50;100000;115275;15.3;6.64;148;1312.8;0.3581;106;0;106;42
2015;107;20;50;35;95;0.50;100000;115274;15.3;6.74;133;1033.8;0.3045;81;0;81;52
2015;108;10;60;60;95;0.50;100000;115266;15.3;3.99;176;1728.6;0.4233;149;0;149;27
2015;109;20;70;40;90;0.50;100000;115265;15.3;6.05;131;1166.6;0.3473;91;0;91;40
2015;110;20;50;20;55;0.50;100000;115244;15.2;12.83;183;598.8;0.2978;109;0;109;74
2015;111;10;45;40;90;0.50;100000;115241;15.2;6.33;217;1186.2;0.3341;145;0;145;72
2015;112;20;80;30;80;0.50;100000;115162;15.2;5.78;154;884.4;0.3052;94;0;94;60
2015;113;25;95;30;65;0.50;100000;115155;15.2;3.53;102;862.2;0.3676;75;0;75;27
2015;114;20;30;20;45;0.50;100000;115125;15.1;3.75;107;575.2;0.3598;77;0;77;30
2015;115;20;40;20;45;0.50;100000;115086;15.1;11.51;190;584.0;0.3421;130;0;130;60
2015;116;30;100;10;30;0.50;100000;115070;15.1;8.16;93;289.8;0.3065;57;0;57;36
2015;117;30;60;30;80;0.50;100000;115070;15.1;7.83;72;859.2;0.3333;48;0;48;24
2015;118;30;90;25;70;0.50;100000;115057;15.1;5.17;95;722.0;0.3105;59;0;59;36
2015;119;15;55;65;95;0.50;100000;115015;15.0;3.12;148;1832.8;0.4493;133;0;133;15
2015;120;15;70;35;85;0.50;100000;114972;15.0;7.33;179;1019.4;0.3212;115;0;115;64
2015;121;10;25;25;75;0.50;100000;114970;15.0;14.97;335;781.0;0.2687;180;0;180;155
2015;122;15;55;45;90;0.50;100000;114956;15.0;6.77;172;1289.2;0.3663;126;0;126;46
2015;123;15;70;40;80;0.50;100000;114918;14.9;4.15;182;1145.2;0.3654;133;0;133;49
2015;124;10;40;60;35;0.50;100000;114914;14.9;4.30;328;1695.8;0.6662;437;109;219;0
2015;125;10;90;25;75;0.50;100000;114822;14.8;14.38;248;752.8;0.2722;135;0;135;113
2015;126;15;55;40;80;0.50;100000;114781;14.8;7.16;188;1136.8;0.3644;137;0;137;51
2015;127;15;45;30;75;0.50;100000;114773;14.8;8.07;203;870.8;0.3128;127;0;127;76
2015;128;35;90;30;80;0.50;100000;114745;14.7;2.97;58;838.8;0.3448;40;0;40;18
2015;129;30;90;30;85;0.50;100000;114739;14.7;4.65;78;845.8;0.3141;49;0;49;29
2015;130;15;70;45;95;0.50;100000;114720;14.7;5.35;150;1270.0;0.3567;107;0;107;43
2015;131;15;55;65;100;0.50;100000;114688;14.7;4.69;137;1798.2;0.4380;120;0;120;17
2015;132;40;85;30;90;0.50;100000;114651;14.7;2.65;47;834.2;0.3298;31;0;31;16
2015;133;15;55;15;40;0.50;100000;114618;14.6;8.28;329;449.4;0.2979;196;0;196;133
2015;134;15;70;40;90;0.50;100000;114603;14.6;4.79;165;1129.0;0.3394;112;0;112;53
2015;135;20;95;20;35;0.50;100000;114508;14.5;5.39;170;552.0;0.4059;138;0;138;32
2015;136;20;95;30;85;0.50;100000;114508;14.5;7.12;136;849.6;0.2941;80;0;80;56
2015;137;30;70;30;70;0.50;100000;114480;14.5;5.50;94;828.4;0.3511;66;0;66;28
2015;138;10;50;65;30;0.50;100000;114460;14.5;4.49;319;1783.4;0.7210;460;141;178;0
2015;139;20;50;35;100;0.50;100000;114451;14.5;6.73;128;985.8;0.2930;75;0;75;53
2015;140;10;15;20;45;0.50;100000;114434;14.4;9.08;333;578.8;0.3318;221;0;221;112
2015;141;45;85;35;95;0.50;100000;114423;14.4;2.72;34;952.4;0.3824;26;0;26;8
2015;142;10;70;40;70;0.50;100000;114324;14.3;5.71;254;1104.4;0.3898;198;0;198;56
2015;143;10;50;70;85;0.50;100000;114247;14.2;1.65;183;1868.8;0.4891;179;0;179;4
2015;144;10;45;35;80;0.50;100000;114242;14.2;8.21;268;989.8;0.3265;175;0;175;93
2015;145;15;65;20;45;0.50;100000;114167;14.2;7.08;280;563.0;0.3339;187;0;187;93
2015;146;10;85;40;80;0.50;100000;114162;14.2;5.92;215;1099.0;0.3605;155;0;155;60
2015;147;15;55;60;100;0.50;100000;114139;14.1;4.93;137;1608.2;0.4161;114;0;114;23
2015;148;20;35;35;80;0.50;100000;114109;14.1;4.48;122;949.2;0.3443;84;0;84;38
2015;149;15;60;65;100;0.50;100000;114098;14.1;4.16;135;1731.0;0.4370;118;0;118;17
2015;150;35;95;40;90;0.50;100000;114071;14.1;2.75;54;1064.4;0.3889;42;0;42;12
2015;151;20;30;20;55;0.50;100000;114070;14.1;8.80;101;543.6;0.3119;63;0;63;38
2015;152;40;80;35;95;0.50;100000;114062;14.1;2.72;47;934.2;0.3511;33;0;33;14
2015;153;10;90;35;85;0.50;100000;114000;14.0;7.99;215;969.0;0.3163;136;0;136;79
2015;154;25;55;45;100;0.50;100000;113971;14.0;5.70;90;1199.0;0.3611;65;0;65;25
2015;155;20;60;45;100;0.50;100000;113926;13.9;6.26;128;1205.8;0.3477;89;0;89;39
2015;156;40;80;30;85;0.50;100000;113918;13.9;3.53;47;794.2;0.3404;32;0;32;15
2015;157;25;60;35;100;0.50;100000;113902;13.9;5.83;104;944.4;0.2981;62;0;62;42
2015;158;20;70;25;75;0.50;100000;113870;13.9;10.24;152;687.2;0.2796;85;0;85;67
2015;159;25;70;35;95;0.50;100000;113868;13.9;10.14;107;940.2;0.3084;66;0;66;41
2015;160;30;90;25;60;0.50;100000;113832;13.8;3.66;88;661.8;0.3466;61;0;61;27
2015;161;30;90;25;55;0.50;100000;113828;13.8;4.00;93;659.8;0.3656;68;0;68;25
2015;162;15;60;35;85;0.50;100000;113828;13.8;9.49;185;951.0;0.3189;118;0;118;67
2015;163;35;95;30;85;0.50;100000;113821;13.8;3.53;62;793.2;0.3226;40;0;40;22
2015;164;15;95;25;65;0.50;100000;113809;13.8;10.11;209;687.4;0.3038;127;0;127;82
2015;165;20;60;65;100;0.50;100000;113728;13.7;4.19;114;1685.4;0.4430;101;0;101;13
2015;166;20;60;20;50;0.50;100000;113633;13.6;7.60;200;540.0;0.3150;126;0;126;74
2015;167;10;35;35;95;0.50;100000;113633;13.6;11.96;245;967.0;0.2898;142;0;142;103
2015;168;25;90;30;55;0.50;100000;113543;13.5;2.77;112;773.2;0.4018;90;0;90;22
2015;169;40;95;30;85;0.50;100000;113540;13.5;2.54;38;771.8;0.3553;27;0;27;11
2015;170;35;90;35;85;0.50;100000;113520;13.5;4.16;63;901.8;0.3571;45;0;45;18
2015;171;40;95;30;80;0.50;100000;113503;13.5;2.54;43;769.8;0.3605;31;0;31;12
2015;172;15;70;35;80;0.50;100000;113485;13.5;6.34;198;927.8;0.3308;131;0;131;67
2015;173;30;65;35;80;0.50;100000;113485;13.5;6.77;84;902.4;0.3571;60;0;60;24
2015;174;20;45;25;50;0.50;100000;113484;13.5;7.53;177;652.2;0.3672;130;0;130;47
2015;175;20;50;20;60;0.50;100000;113480;13.5;10.56;184;542.4;0.2772;102;0;102;82
2015;176;35;80;50;80;0.50;100000;113440;13.4;1.68;67;1266.2;0.4627;62;0;62;5
2015;177;35;90;35;65;0.50;100000;113407;13.4;2.53;66;887.6;0.4242;56;0;56;10
2015;178;25;70;35;85;0.50;100000;113399;13.4;6.69;110;906.0;0.3318;73;0;73;37
2015;179;15;70;35;70;0.50;100000;113390;13.4;6.24;199;911.4;0.3618;144;0;144;55
2015;180;20;95;30;65;0.50;100000;113376;13.4;8.05;139;775.4;0.3525;98;0;98;41
2015;181;25;55;50;95;0.50;100000;113364;13.4;2.66;89;1270.4;0.3989;71;0;71;18
2015;182;45;85;35;100;0.50;100000;113292;13.3;3.52;33;883.8;0.3636;24;0;24;9
2015;183;10;60;30;90;0.50;100000;113268;13.3;10.08;231;816.6;0.2706;125;0;125;106
2015;184;35;85;35;95;0.50;100000;113268;13.3;4.08;64;890.4;0.3281;42;0;42;22
2015;185;20;70;45;100;0.50;100000;113252;13.3;6.04;127;1152.2;0.3465;88;0;88;39
2015;186;10;75;35;95;0.50;100000;113251;13.3;14.01;200;930.0;0.2925;117;0;117;83
2015;187;30;65;30;85;0.50;100000;113092;13.1;8.09;85;761.0;0.3059;52;0;52;33
2015;188;15;90;25;55;0.50;100000;113085;13.1;6.22;224;646.4;0.3393;152;0;152;72
2015;189;15;55;40;85;0.50;100000;113014;13.0;7.79;181;1016.6;0.3481;126;0;126;55
2015;190;10;45;30;75;0.50;100000;113006;13.0;12.63;288;796.8;0.3056;176;0;176;112
2015;191;15;70;30;75;0.50;100000;112993;13.0;8.05;196;775.6;0.3112;122;0;122;74
2015;192;20;75;55;100;0.50;100000;112965;13.0;6.72;113;1361.8;0.3982;90;0;90;23
2015;193;35;95;10;30;0.50;100000;112931;12.9;5.74;78;250.8;0.3077;48;0;48;30
2015;194;10;45;55;90;0.50;100000;112928;12.9;5.25;183;1363.8;0.4098;150;0;150;33
2015;195;35;90;30;90;0.50;100000;112900;12.9;5.50;66;747.6;0.3030;40;0;40;26
2015;196;15;70;55;95;0.50;100000;112900;12.9;5.11;144;1358.4;0.4028;116;0;116;28
2015;197;35;65;35;80;0.50;100000;112896;12.9;6.82;54;859.4;0.3796;41;0;41;13
2015;198;30;60;30;85;0.50;100000;112874;12.9;5.05;74;746.4;0.3108;46;0;46;28
2015;199;35;65;35;90;0.50;100000;112842;12.8;3.29;51;858.6;0.3529;36;0;36;15
2015;200;15;100;25;75;0.50;100000;112822;12.8;9.59;180;648.0;0.2750;99;0;99;81
2015;201;25;70;35;70;0.50;100000;112821;12.8;4.64;110;861.0;0.3773;83;0;83;27
2015;202;10;60;25;45;0.50;100000;112787;12.8;10.28;388;636.8;0.3789;294;0;294;94
2015;203;10;80;40;90;0.50;100000;112785;12.8;6.29;200;1010.0;0.3325;133;0;133;67
2015;204;10;70;30;80;0.50;100000;112725;12.7;12.21;256;781.6;0.2930;150;0;150;106
2015;205;15;70;25;75;0.50;100000;112722;12.7;12.10;213;651.8;0.2723;116;0;116;97
2015;206;15;80;20;45;0.50;100000;112722;12.7;12.38;228;505.8;0.3355;153;0;153;75
2015;207;35;100;35;80;0.50;100000;112717;12.7;4.30;67;851.2;0.3657;49;0;49;18
2015;208;10;15;20;40;0.50;100000;112683;12.7;12.34;350;510.0;0.3571;250;0;250;100
2015;209;40;85;35;85;0.50;100000;112680;12.7;2.53;52;847.2;0.3654;38;0;38;14
2015;210;35;90;30;65;0.50;100000;112676;12.7;3.90;64;725.4;0.3828;49;0;49;15
2015;211;35;75;30;85;0.50;100000;112656;12.7;3.67;63;731.8;0.3175;40;0;40;23
2015;212;30;95;25;70;0.50;100000;112655;12.7;5.60;86;614.6;0.3081;53;0;53;33
2015;213;15;100;35;95;0.50;100000;112654;12.7;5.60;157;880.2;0.2962;93;0;93;64
2015;214;15;55;70;100;0.50;100000;112642;12.6;3.48;136;1679.6;0.4522;123;0;123;13
2015;215;40;95;30;70;0.50;100000;112642;12.6;2.04;42;721.2;0.3929;33;0;33;9
2015;216;15;60;35;90;0.50;100000;112641;12.6;11.87;175;880.0;0.3057;107;0;107;68
2015;217;30;95;20;55;0.50;100000;112636;12.6;5.75;95;492.0;0.3105;59;0;59;36
2015;218;10;100;85;30;0.50;100000;112617;12.6;2.76;237;2043.2;0.7827;371;134;103;0
2015;219;40;80;50;95;0.50;100000;112605;12.6;1.52;44;1193.4;0.4432;39;0;39;5
2015;220;15;60;60;95;0.50;100000;112574;12.6;5.63;149;1441.4;0.4228;126;0;126;23
2015;221;10;85;30;90;0.50;100000;112555;12.6;11.66;218;774.8;0.2706;118;0;118;100
2015;222;40;90;40;95;0.50;100000;112535;12.5;3.86;43;954.8;0.3837;33;0;33;10
2015;223;15;55;40;100;0.50;100000;112490;12.5;8.20;153;985.8;0.3137;96;0;96;57
2015;224;10;15;20;35;0.50;100000;112458;12.5;11.35;372;494.2;0.3884;289;0;289;83
2015;225;25;55;20;40;0.50;100000;112421;12.4;4.67;129;479.4;0.3760;97;0;97;32
2015;226;20;30;20;50;0.50;100000;112418;12.4;6.69;105;483.0;0.3286;69;0;69;36
2015;227;20;80;35;85;0.50;100000;112412;12.4;7.88;141;852.6;0.3227;91;0;91;50
2015;228;10;45;65;15;0.50;100000;112411;12.4;5.04;426;1543.6;0.8439;719;293;133;0
2015;229;20;30;20;60;0.50;100000;112395;12.4;9.92;108;488.8;0.2870;62;0;62;46
2015;230;45;85;30;85;0.50;100000;112378;12.4;2.54;39;710.4;0.3462;27;0;27;12
2015;231;10;100;40;95;0.50;100000;112358;12.4;7.37;182;980.2;0.3214;117;0;117;65
2015;232;25;55;20;45;0.50;100000;112349;12.3;6.87;125;480.0;0.3480;87;0;87;38
2015;233;35;80;30;80;0.50;100000;112318;12.3;3.75;69;713.4;0.3261;45;0;45;24
2015;234;10;80;35;95;0.50;100000;112310;12.3;10.26;199;871.4;0.2915;116;0;116;83
2015;235;15;45;60;90;0.50;100000;112307;12.3;4.80;170;1412.0;0.4324;147;0;147;23
2015;236;20;80;50;75;0.50;100000;112282;12.3;2.66;129;1169.4;0.4419;114;0;114;15
2015;237;20;30;20;40;0.50;100000;112279;12.3;3.34;119;473.4;0.3782;90;0;90;29
2015;238;15;70;40;85;0.50;100000;112257;12.3;4.50;174;961.4;0.3477;121;0;121;53
2015;239;45;85;45;95;0.50;100000;112226;12.2;1.52;33;1043.8;0.4394;29;0;29;4
2015;240;30;70;40;100;0.50;100000;112198;12.2;7.66;71;940.6;0.3380;48;0;48;23
2015;241;30;65;35;95;0.50;100000;112188;12.2;9.74;74;826.4;0.3176;47;0;47;27
2015;242;40;75;35;95;0.50;100000;112176;12.2;2.53;45;817.0;0.3444;31;0;31;14
2015;243;35;85;35;100;0.50;100000;112134;12.1;3.87;66;822.6;0.3106;41;0;41;25
2015;244;15;55;70;95;0.50;100000;112079;12.1;2.85;145;1607.0;0.4621;134;0;134;11
2015;245;10;45;60;85;0.50;100000;112063;12.1;3.15;200;1385.0;0.4425;177;0;177;23
2015;246;10;55;75;55;0.50;100000;112034;12.0;2.61;217;1726.2;0.6129;266;49;168;0
2015;247;10;45;35;95;0.50;100000;112032;12.0;10.65;221;860.6;0.2896;128;0;128;93
2015;248;15;85;30;60;0.50;100000;112031;12.0;12.67;220;712.0;0.3591;158;0;158;62
2015;249;35;90;30;60;0.50;100000;112026;12.0;3.61;65;689.0;0.4000;52;0;52;13
2015;250;10;95;30;15;0.50;100000;111991;12.0;5.58;361;694.6;0.7036;508;148;212;1
2015;251;15;55;35;85;0.50;100000;111975;12.0;10.37;200;840.0;0.3150;126;0;126;74
2015;252;15;70;50;100;0.50;100000;111971;12.0;4.99;135;1161.0;0.3667;99;0;99;36
2015;253;20;75;60;100;0.50;100000;111959;12.0;5.23;106;1371.6;0.4198;89;0;89;17
2015;254;10;70;45;80;0.50;100000;111952;12.0;8.46;221;1050.6;0.3846;170;0;170;51
2015;255;15;100;35;100;0.50;100000;111924;11.9;12.66;149;836.4;0.2852;85;0;85;64
2015;256;10;25;35;100;0.50;100000;111918;11.9;9.06;213;856.8;0.2793;119;0;119;94
2015;257;15;90;40;85;0.50;100000;111897;11.9;7.97;159;932.4;0.3491;111;0;111;48
2015;258;15;70;45;100;0.50;100000;111893;11.9;4.58;144;1048.4;0.3403;98;0;98;46
2015;259;15;60;70;95;0.50;100000;111890;11.9;2.68;144;1583.4;0.4618;133;0;133;11
2015;260;15;80;40;95;0.50;100000;111846;11.8;7.37;156;936.6;0.3237;101;0;101;55
2015;261;40;90;30;60;0.50;100000;111841;11.8;2.54;52;677.2;0.4135;43;0;43;9
2015;262;15;20;10;30;0.50;100000;111836;11.8;6.67;131;236.6;0.2901;76;0;76;55
2015;263;25;55;55;100;0.50;100000;111826;11.8;5.50;89;1245.4;0.4045;72;0;72;17
2015;264;25;80;50;80;0.50;100000;111794;11.8;3.38;103;1125.8;0.4320;89;0;89;14
2015;265;40;80;30;70;0.50;100000;111773;11.8;3.91;46;675.6;0.3804;35;0;35;11
2015;266;15;70;30;85;0.50;100000;111734;11.7;7.55;185;716.0;0.2838;105;0;105;80
2015;267;10;50;40;95;0.50;100000;111725;11.7;13.64;209;942.4;0.3182;133;0;133;76
2015;268;10;50;65;85;0.50;100000;111721;11.7;3.02;191;1452.6;0.4634;177;0;177;14
2015;269;20;60;40;80;0.50;100000;111713;11.7;6.49;148;912.8;0.3649;108;0;108;40
2015;270;20;60;50;100;0.50;100000;111706;11.7;6.33;119;1133.4;0.3697;88;0;88;31
2015;271;35;85;10;25;0.50;100000;111691;11.7;5.97;81;226.6;0.3457;56;0;56;25
2015;272;35;65;25;75;0.50;100000;111691;11.7;3.61;59;567.4;0.3051;36;0;36;23
2015;273;40;90;30;65;0.50;100000;111653;11.7;2.99;51;668.6;0.3922;40;0;40;11
2015;274;20;60;25;45;0.50;100000;111652;11.7;5.49;181;566.6;0.3895;141;0;141;40
2015;275;25;60;20;40;0.50;100000;111649;11.6;4.86;134;452.4;0.3731;100;0;100;34
2015;276;15;70;25;50;0.50;100000;111645;11.6;11.10;247;579.2;0.3583;177;0;177;70
2015;277;20;50;25;75;0.50;100000;111614;11.6;12.52;152;587.2;0.2763;84;0;84;68
2015;278;10;50;45;90;0.50;100000;111605;11.6;5.08;197;1029.2;0.3579;141;0;141;56
2015;279;20;60;35;90;0.50;100000;111601;11.6;7.25;148;807.8;0.3074;91;0;91;57
2015;280;20;45;20;45;0.50;100000;111598;11.6;6.58;182;460.2;0.3379;123;0;123;59
2015;281;20;45;25;75;0.50;100000;111541;11.5;9.47;154;584.4;0.2760;85;0;85;69
2015;282;25;85;20;45;0.50;100000;111538;11.5;8.09;121;450.6;0.3471;84;0;84;37
2015;283;20;50;15;30;0.50;100000;111506;11.5;6.65;217;341.2;0.3664;159;0;159;58
2015;284;25;95;35;95;0.50;100000;111482;11.5;6.62;100;790.0;0.3050;61;0;61;39
2015;285;35;95;30;75;0.50;100000;111478;11.5;3.72;61;664.6;0.3443;42;0;42;19
2015;286;25;75;30;80;0.50;100000;111460;11.5;12.40;109;677.4;0.3073;67;0;67;42
2015;287;30;40;30;65;0.50;100000;111456;11.5;3.45;45;657.0;0.4000;36;0;36;9
2015;288;30;55;50;100;0.50;100000;111453;11.5;4.06;72;1099.2;0.3889;56;0;56;16
2015;289;20;30;15;30;0.50;100000;111399;11.4;8.38;117;331.2;0.3803;89;0;89;28
2015;290;35;65;40;100;0.50;100000;111393;11.4;3.09;46;875.6;0.3587;33;0;33;13
2015;291;10;75;25;70;0.50;100000;111386;11.4;9.78;284;602.4;0.2817;160;0;160;124
2015;292;30;95;30;55;0.50;100000;111380;11.4;4.75;89;655.4;0.4045;72;0;72;17
2015;293;35;100;10;25;0.50;100000;111380;11.4;4.59;78;220.8;0.3462;54;0;54;24
2015;294;35;95;35;90;0.50;100000;111371;11.4;5.01;61;769.6;0.3361;41;0;41;20
2015;295;15;20;60;40;0.50;100000;111370;11.4;1.80;112;1303.2;0.6652;149;37;75;0
2015;296;15;25;10;30;0.50;100000;111364;11.4;10.05;230;238.0;0.2804;129;0;129;101
2015;297;20;50;45;95;0.50;100000;111358;11.4;5.40;130;998.0;0.3538;92;0;92;38
2015;298;20;75;45;100;0.50;100000;111356;11.4;7.15;116;997.6;0.3448;80;0;80;36
2015;299;10;30;70;55;0.50;100000;111343;11.3;2.86;250;1525.0;0.5900;295;45;205;0
2015;300;20;50;40;85;0.50;100000;111322;11.3;6.25;135;886.0;0.3519;95;0;95;40
2015;301;15;55;45;85;0.50;100000;111320;11.3;10.61;174;996.4;0.3736;130;0;130;44
2015;302;40;90;45;95;0.50;100000;111275;11.3;2.99;43;969.8;0.4070;35;0;35;8
2015;303;25;100;20;40;0.50;100000;111242;11.2;4.89;117;436.2;0.3761;88;0;88;29
2015;304;10;35;55;100;0.50;100000;111240;11.2;9.38;177;1207.2;0.3814;135;0;135;42
2015;305;40;70;30;85;0.50;100000;111228;11.2;3.53;40;649.0;0.3375;27;0;27;13
2015;306;20;90;30;55;0.50;100000;111204;11.2;5.34;161;654.6;0.3851;124;0;124;37
2015;307;15;30;60;100;0.50;100000;111184;11.2;4.83;133;1293.8;0.4098;109;0;109;24
2015;308;30;70;35;80;0.50;100000;111181;11.2;3.31;86;759.6;0.3488;60;0;60;26
2015;309;15;70;35;75;0.50;100000;111181;11.2;5.89;194;778.4;0.3428;133;0;133;61
2015;310;40;85;50;95;0.50;100000;111144;11.1;2.09;41;1062.6;0.4390;36;0;36;5
2015;311;10;100;85;50;0.50;100000;111141;11.1;2.47;180;1818.0;0.6722;242;62;118;0
2015;312;35;90;30;75;0.50;100000;111139;11.1;3.53;63;646.8;0.3413;43;0;43;20
2015;313;10;45;75;15;0.50;100000;111139;11.1;3.59;396;1605.6;0.8636;684;288;108;0
2015;314;20;85;55;100;0.50;100000;111127;11.1;5.12;116;1182.6;0.3922;91;0;91;25
2015;315;20;30;15;45;0.50;100000;111104;11.1;6.30;106;331.6;0.2877;61;0;61;45
2015;316;10;45;50;15;0.50;100000;111095;11.1;4.01;474;1076.4;0.7975;756;282;192;0
2015;317;35;95;35;80;0.50;100000;111085;11.1;3.91;62;748.2;0.3629;45;0;45;17
2015;318;10;80;65;95;0.50;100000;111073;11.1;3.84;149;1381.4;0.4396;131;0;131;18
2015;319;15;90;30;60;0.50;100000;111057;11.1;8.36;215;659.0;0.3581;154;0;154;61
2015;320;10;55;35;100;0.50;100000;111044;11.0;14.44;210;801.0;0.2786;117;0;117;93
2015;321;10;75;75;45;0.50;100000;111027;11.0;2.61;213;1591.8;0.6620;282;69;144;0
2015;322;25;95;35;60;0.50;100000;111027;11.0;4.54;112;743.2;0.4107;92;0;92;20
2015;323;20;55;60;90;0.50;100000;111023;11.0;3.85;123;1267.8;0.4390;108;0;108;15
2015;324;25;100;25;65;0.50;100000;110997;11.0;8.76;112;543.2;0.3125;70;0;70;42
2015;325;15;80;55;95;0.50;100000;110976;11.0;7.43;143;1169.8;0.3986;114;0;114;29
2015;326;30;95;35;85;0.50;100000;110957;11.0;7.04;87;748.2;0.3333;58;0;58;29
2015;327;25;55;20;30;0.50;100000;110939;10.9;5.47;136;419.6;0.4449;121;0;121;15
2015;328;10;85;30;60;0.50;100000;110931;10.9;8.29;297;664.2;0.3535;210;0;210;87
2015;329;35;65;25;65;0.50;100000;110915;10.9;3.81;58;528.8;0.3362;39;0;39;19
2015;330;35;55;15;40;0.50;100000;110898;10.9;4.67;46;315.6;0.3478;32;0;32;14
2015;331;15;60;65;90;0.50;100000;110888;10.9;3.84;156;1356.6;0.4519;141;0;141;15
2015;332;10;55;65;35;0.50;100000;110876;10.9;5.40;294;1368.4;0.6803;400;106;188;0
2015;333;20;95;35;60;0.50;100000;110872;10.9;6.55;148;737.8;0.4020;119;0;119;29
2015;334;20;50;50;95;0.50;100000;110871;10.9;5.60;124;1056.4;0.3790;94;0;94;30
2015;335;45;100;35;100;0.50;100000;110859;10.9;2.53;37;733.2;0.3378;25;0;25;12
2015;336;35;85;40;95;0.50;100000;110855;10.9;3.90;61;839.6;0.3525;43;0;43;18
2015;337;10;80;70;45;0.50;100000;110854;10.9;3.99;232;1465.2;0.6422;298;66;166;0
2015;338;15;80;50;95;0.50;100000;110844;10.8;6.41;144;1058.4;0.3750;108;0;108;36
2015;339;15;35;50;20;0.50;100000;110840;10.8;2.93;281;1046.6;0.7509;422;141;140;0
2015;340;25;70;40;95;0.50;100000;110828;10.8;9.05;104;849.4;0.3317;69;0;69;35
2015;341;20;35;35;85;0.50;100000;110783;10.8;5.43;124;746.4;0.3226;80;0;80;44
2015;342;25;95;25;60;0.50;100000;110781;10.8;8.84;117;531.2;0.3291;77;0;77;40
2015;343;20;60;55;80;0.50;100000;110777;10.8;2.82;134;1137.4;0.4440;119;0;119;15
2015;344;25;70;65;100;0.50;100000;110775;10.8;2.51;89;1340.4;0.4438;79;0;79;10
2015;345;30;100;25;60;0.50;100000;110759;10.8;5.34;89;525.4;0.3371;60;0;60;29
2015;346;20;90;30;60;0.50;100000;110753;10.8;5.71;148;632.8;0.3649;108;0;108;40
2015;347;45;85;40;95;0.50;100000;110742;10.7;3.51;33;823.8;0.3939;26;0;26;7
2015;348;20;35;40;95;0.50;100000;110735;10.7;6.88;114;845.4;0.3289;75;0;75;39
2015;349;40;95;35;100;0.50;100000;110725;10.7;4.51;39;725.4;0.3333;26;0;26;13
2015;350;15;55;30;80;0.50;100000;110720;10.7;8.87;206;661.6;0.2937;121;0;121;85
2015;351;15;80;50;80;0.50;100000;110717;10.7;4.91;159;1037.4;0.4151;132;0;132;27
2015;352;20;95;40;100;0.50;100000;110716;10.7;7.39;110;846.0;0.3182;70;0;70;40
2015;353;25;70;60;100;0.50;100000;110707;10.7;2.61;90;1234.0;0.4222;76;0;76;14
2015;354;10;60;25;75;0.50;100000;110705;10.7;9.19;298;582.8;0.2668;159;0;159;139
2015;355;20;65;25;45;0.50;100000;110683;10.7;5.72;190;524.0;0.3868;147;0;147;43
2015;356;35;90;35;95;0.50;100000;110682;10.7;3.58;59;727.4;0.3220;38;0;38;21
2015;357;25;90;30;75;0.50;100000;110680;10.7;9.65;106;631.6;0.3208;68;0;68;38
2015;358;10;30;65;45;0.50;100000;110680;10.7;5.07;297;1344.2;0.6178;367;70;227;0
2015;359;15;75;45;95;0.50;100000;110663;10.7;4.73;152;947.2;0.3487;106;0;106;46
2015;360;25;85;50;80;0.50;100000;110661;10.7;4.36;104;1024.4;0.4279;89;0;89;15
2015;361;15;60;40;85;0.50;100000;110655;10.7;11.34;180;848.0;0.3444;124;0;124;56
2015;362;30;95;30;65;0.50;100000;110642;10.6;7.10;92;621.2;0.3587;66;0;66;26
2015;363;20;35;30;80;0.50;100000;110632;10.6;8.11;124;636.4;0.3024;75;0;75;49
2015;364;10;80;60;95;0.50;100000;110616;10.6;5.39;152;1232.2;0.4178;127;0;127;25
2015;365;10;35;35;100;0.50;100000;110574;10.6;10.86;233;778.8;0.2768;129;0;129;104
2015;366;20;85;35;95;0.50;100000;110568;10.6;8.16;128;740.8;0.2969;76;0;76;52
2015;367;10;25;85;50;0.50;100000;110567;10.6;4.37;212;1733.2;0.6651;282;70;142;0
2015;368;35;80;55;95;0.50;100000;110560;10.6;3.16;56;1111.6;0.4375;49;0;49;7
2015;369;35;85;50;80;0.50;100000;110519;10.5;2.99;67;1006.2;0.4478;60;0;60;7
2015;370;35;85;50;75;0.50;100000;110506;10.5;1.52;69;1003.4;0.4638;64;0;64;5
2015;371;30;70;30;80;0.50;100000;110498;10.5;9.25;92;621.2;0.3098;57;0;57;35
2015;372;35;90;35;90;0.50;100000;110498;10.5;4.76;67;716.2;0.3284;44;0;44;23
2015;373;20;95;30;60;0.50;100000;110496;10.5;5.31;157;620.2;0.3631;114;0;114;43
2015;374;20;50;30;90;0.50;100000;110495;10.5;12.31;142;641.2;0.2746;78;0;78;64
2015;375;10;35;60;35;0.50;100000;110490;10.5;3.79;353;1225.8;0.6572;464;111;242;0
2015;376;25;55;65;100;0.50;100000;110471;10.5;2.51;83;1303.8;0.4458;74;0;74;9
2015;377;35;65;30;80;0.50;100000;110454;10.5;5.58;51;608.6;0.3333;34;0;34;17
2015;378;40;80;55;95;0.50;100000;110451;10.5;1.51;44;1098.4;0.4545;40;0;40;4
2015;379;20;55;25;50;0.50;100000;110439;10.4;8.91;184;517.4;0.3614;133;0;133;51
2015;380;15;40;60;35;0.50;100000;110433;10.4;8.53;242;1211.2;0.6653;322;80;162;0
2015;381;20;70;35;95;0.50;100000;110430;10.4;11.22;139;735.4;0.2950;82;0;82;57
2015;382;10;95;65;25;0.50;100000;110429;10.4;4.33;264;1310.4;0.7576;400;136;128;0
2015;383;20;70;30;65;0.50;100000;110417;10.4;7.10;157;620.2;0.3439;108;0;108;49
2015;384;20;30;15;35;0.50;100000;110404;10.4;6.39;116;307.6;0.3405;79;0;79;37
2015;385;40;65;30;90;0.50;100000;110404;10.4;2.59;39;605.4;0.3205;25;0;25;14
2015;386;35;95;35;100;0.50;100000;110390;10.4;4.85;60;711.0;0.3083;37;0;37;23
2015;387;10;70;30;90;0.50;100000;110388;10.4;11.41;216;657.6;0.2685;116;0;116;100
2015;388;25;55;60;40;0.50;100000;110386;10.4;1.86;103;1195.8;0.6650;137;34;69;0
2015;389;25;80;20;55;0.50;100000;110385;10.4;7.67;124;416.4;0.2984;74;0;74;50
2015;390;25;75;60;100;0.50;100000;110352;10.4;3.91;89;1195.4;0.4213;75;0;75;14
2015;391;10;80;75;45;0.50;100000;110331;10.3;3.18;216;1497.6;0.6597;285;69;147;0
2015;392;15;55;55;90;0.50;100000;110324;10.3;6.88;158;1103.8;0.4082;129;0;129;29
2015;393;35;100;10;20;0.50;100000;110318;10.3;3.07;79;199.4;0.3987;63;0;63;16
2015;394;10;80;40;85;0.50;100000;110307;10.3;6.34;214;830.4;0.3411;146;0;146;68
2015;395;20;55;60;95;0.50;100000;110252;10.3;3.54;123;1187.8;0.4228;104;0;104;19
2015;396;35;85;40;75;0.50;100000;110248;10.2;3.51;68;789.8;0.4044;55;0;55;13
2015;397;10;45;40;95;0.50;100000;110242;10.2;9.09;207;835.2;0.3164;131;0;131;76
2015;398;10;95;50;100;0.50;100000;110234;10.2;4.58;169;1013.4;0.3580;121;0;121;48
2015;399;10;30;60;40;0.50;100000;110228;10.2;3.94;346;1195.6;0.6243;432;86;260;0
2015;400;20;55;45;95;0.50;100000;110227;10.2;5.14;131;906.6;0.3511;92;0;92;39
2015;401;30;65;30;90;0.50;100000;110226;10.2;10.18;80;608.0;0.2875;46;0;46;34
2015;402;20;75;30;70;0.50;100000;110221;10.2;7.80;161;614.6;0.3261;105;0;105;56
2015;403;35;70;35;65;0.50;100000;110216;10.2;2.53;59;687.4;0.4153;49;0;49;10
2015;404;45;85;40;85;0.50;100000;110175;10.2;1.99;38;781.8;0.4079;31;0;31;7
2015;405;30;70;25;70;0.50;100000;110169;10.2;6.15;90;504.0;0.3000;54;0;54;36
2015;406;45;85;30;80;0.50;100000;110143;10.1;2.75;37;588.2;0.3514;26;0;26;11
2015;407;20;65;25;50;0.50;100000;110136;10.1;5.15;193;504.8;0.3601;139;0;139;54
2015;408;20;65;65;95;0.50;100000;110129;10.1;2.43;117;1266.2;0.4444;104;0;104;13
2015;409;35;95;15;45;0.50;100000;110128;10.1;5.02;65;299.0;0.3000;39;0;39;26
2015;410;20;95;30;45;0.50;100000;110124;10.1;4.11;159;587.4;0.4340;138;0;138;21
2015;411;35;95;50;85;0.50;100000;110117;10.1;2.20;57;970.2;0.4386;50;0;50;7
2015;412;10;80;40;80;0.50;100000;110115;10.1;7.94;220;812.0;0.3545;156;0;156;64
2015;413;35;85;50;85;0.50;100000;110103;10.1;3.22;61;969.6;0.4344;53;0;53;8
2015;414;35;80;25;70;0.50;100000;110075;10.1;3.71;68;494.8;0.3088;42;0;42;26
2015;415;20;60;15;45;0.50;100000;110063;10.1;16.77;221;320.6;0.2738;121;0;121;100
2015;416;10;65;60;85;0.50;100000;110061;10.1;4.01;197;1169.2;0.4391;173;0;173;24
2015;417;35;95;35;95;0.50;100000;110048;10.0;6.20;65;689.0;0.3154;41;0;41;24
2015;418;15;55;50;90;0.50;100000;110037;10.0;6.62;167;986.2;0.3832;128;0;128;39
2015;419;10;85;40;15;0.50;100000;110032;10.0;5.55;387;783.2;0.7584;587;200;187;0
2015;420;30;55;30;80;0.50;100000;110031;10.0;4.81;71;590.6;0.3169;45;0;45;26
2015;421;10;65;30;80;0.50;100000;110030;10.0;16.44;253;635.8;0.2905;147;0;147;106
2015;422;30;70;30;65;0.50;100000;110026;10.0;7.26;91;587.6;0.3571;65;0;65;26
2015;423;20;80;15;35;0.50;100000;110024;10.0;6.09;183;303.8;0.3306;121;0;121;62
2015;424;45;85;35;65;0.50;100000;110024;10.0;2.34;41;672.6;0.4390;36;0;36;5
2015;425;10;90;40;85;0.50;100000;110023;10.0;7.53;202;807.2;0.3416;138;0;138;64
2015;426;25;55;45;95;0.50;100000;110013;10.0;5.75;93;879.8;0.3602;67;0;67;26
2015;427;15;65;45;90;0.50;100000;110004;10.0;6.47;166;892.6;0.3584;119;0;119;47
2015;428;15;20;80;40;0.50;100000;110001;10.0;2.07;102;1537.2;0.7353;150;48;54;0
2015;429;10;60;65;95;0.50;100000;109982;10.0;4.62;167;1256.2;0.4341;145;0;145;22
2015;430;10;45;55;85;0.50;100000;109981;10.0;6.58;199;1071.4;0.4171;166;0;166;33
2015;431;25;55;60;95;0.50;100000;109973;10.0;3.57;85;1151.0;0.4353;74;0;74;11
2015;432;15;45;65;90;0.50;100000;109966;10.0;3.63;158;1248.8;0.4494;142;0;142;16
2015;433;15;65;60;35;0.50;100000;109962;10.0;3.36;226;1158.6;0.6659;301;75;151;0
2015;434;10;45;50;85;0.50;100000;109948;9.9;9.00;210;981.0;0.3929;165;0;165;45
2015;435;15;85;45;95;0.50;100000;109944;9.9;7.76;145;887.0;0.3483;101;0;101;44
2015;436;40;75;35;85;0.50;100000;109943;9.9;2.85;41;672.6;0.3659;30;0;30;11
2015;437;35;85;45;75;0.50;100000;109926;9.9;3.64;72;859.2;0.4306;62;0;62;10
2015;438;10;30;80;55;0.50;100000;109924;9.9;2.94;223;1537.8;0.6233;278;55;168;0
2015;439;10;50;65;15;0.50;100000;109923;9.9;4.89;399;1251.4;0.8409;671;272;127;0
2015;440;15;60;70;90;0.50;100000;109912;9.9;3.57;149;1331.4;0.4698;140;0;140;9
2015;441;10;25;35;80;0.50;100000;109889;9.9;9.20;275;720.0;0.3218;177;0;177;98
2015;442;15;95;35;60;0.50;100000;109889;9.9;5.24;202;682.2;0.3936;159;0;159;43
2015;443;15;60;50;90;0.50;100000;109887;9.9;10.67;163;971.8;0.3834;125;0;125;38
2015;444;25;70;35;65;0.50;100000;109881;9.9;7.82;118;674.8;0.3856;91;0;91;27
2015;445;15;80;55;90;0.50;100000;109879;9.9;5.83;148;1057.8;0.4088;121;0;121;27
2015;446;30;90;20;55;0.50;100000;109867;9.9;5.73;101;393.6;0.3020;61;0;61;40
2015;447;40;80;40;95;0.50;100000;109866;9.9;3.86;47;764.2;0.3617;34;0;34;13
2015;448;40;90;40;90;0.50;100000;109837;9.8;2.93;37;758.2;0.3919;29;0;29;8
2015;449;25;70;45;20;0.50;100000;109822;9.8;2.03;145;852.0;0.7483;217;72;73;0
2015;450;15;20;70;40;0.50;100000;109821;9.8;1.84;105;1323.0;0.7000;147;42;63;0
2015;451;20;90;30;80;0.50;100000;109809;9.8;6.15;139;595.4;0.2986;83;0;83;56
2015;452;30;80;50;80;0.50;100000;109803;9.8;2.67;83;943.8;0.4337;72;0;72;11
2015;453;15;80;35;100;0.50;100000;109785;9.8;9.23;149;701.4;0.2819;84;0;84;65
2015;454;15;30;35;80;0.50;100000;109778;9.8;5.60;190;694.0;0.3263;124;0;124;66
2015;455;25;65;30;85;0.50;100000;109774;9.8;10.51;114;590.4;0.2895;66;0;66;48
2015;456;25;80;30;85;0.50;100000;109774;9.8;6.29;114;590.4;0.2895;66;0;66;48
2015;457;20;30;25;60;0.50;100000;109768;9.8;8.67;108;483.8;0.3287;71;0;71;37
2015;458;10;70;60;100;0.50;100000;109766;9.8;4.88;154;1144.4;0.4026;124;0;124;30
2015;459;10;50;65;35;0.50;100000;109762;9.8;5.04;295;1237.0;0.6780;400;105;190;0
2015;460;45;85;45;100;0.50;100000;109762;9.8;2.52;32;845.2;0.4062;26;0;26;6
2015;461;10;25;55;95;0.50;100000;109758;9.8;4.62;175;1055.0;0.3914;137;0;137;38
2015;462;35;85;40;90;0.50;100000;109749;9.7;2.93;53;755.8;0.3679;39;0;39;14
2015;463;10;90;35;75;0.50;100000;109740;9.7;11.66;226;693.6;0.3385;153;0;153;73
2015;464;30;90;30;65;0.50;100000;109735;9.7;3.28;82;570.2;0.3598;59;0;59;23
2015;465;15;95;40;95;0.50;100000;109720;9.7;9.92;143;779.8;0.3217;92;0;92;51
2015;466;10;35;60;40;0.50;100000;109712;9.7;2.57;330;1138.0;0.6242;412;82;248;0
2015;467;35;85;40;80;0.50;100000;109711;9.7;3.05;63;751.8;0.3889;49;0;49;14
2015;468;15;70;60;100;0.50;100000;109706;9.7;3.75;133;1133.8;0.4060;108;0;108;25
2015;469;40;90;50;95;0.50;100000;109690;9.7;3.37;48;932.8;0.4167;40;0;40;8
2015;470;35;80;50;95;0.50;100000;109677;9.7;5.18;58;933.8;0.4052;47;0;47;11
2015;471;15;70;15;45;0.50;100000;109670;9.7;10.61;286;319.6;0.2710;155;0;155;131
2015;472;40;100;35;100;0.50;100000;109661;9.7;3.99;55;663.0;0.3091;34;0;34;21
2015;473;35;95;35;70;0.50;100000;109612;9.6;2.92;60;651.0;0.3917;47;0;47;13
2015;474;30;55;60;40;0.50;100000;109611;9.6;1.57;79;1109.4;0.6772;107;28;51;0
2015;475;30;95;30;70;0.50;100000;109601;9.6;6.35;82;565.2;0.3415;56;0;56;26
2015;476;40;90;40;65;0.50;100000;109598;9.6;1.52;49;736.4;0.4592;45;0;45;4
2015;477;35;90;50;100;0.50;100000;109583;9.6;3.08;53;925.8;0.3962;42;0;42;11
2015;478;30;90;30;55;0.50;100000;109542;9.5;4.56;92;556.2;0.3967;73;0;73;19
2015;479;20;70;45;85;0.50;100000;109541;9.5;6.91;133;843.8;0.3759;100;0;100;33
2015;480;15;20;60;35;0.50;100000;109521;9.5;1.59;113;1101.8;0.6903;156;43;70;0
2015;481;35;70;35;80;0.50;100000;109508;9.5;3.91;65;649.0;0.3538;46;0;46;19
2015;482;10;80;45;85;0.50;100000;109500;9.5;6.23;204;854.4;0.3676;150;0;150;54
2015;483;20;55;15;40;0.50;100000;109497;9.5;12.99;199;296.4;0.2990;119;0;119;80
2015;484;20;55;65;95;0.50;100000;109496;9.5;2.57;120;1192.0;0.4417;106;0;106;14
2015;485;15;60;50;100;0.50;100000;109495;9.5;6.23;149;941.4;0.3591;107;0;107;42
2015;486;10;65;70;85;0.50;100000;109488;9.5;3.44;185;1276.0;0.4784;177;0;177;8
2015;487;25;70;45;90;0.50;100000;109483;9.5;4.64;109;837.4;0.3670;80;0;80;29
2015;488;15;70;70;100;0.50;100000;109481;9.5;4.45;134;1282.4;0.4440;119;0;119;15
2015;489;10;75;40;90;0.50;100000;109464;9.5;9.51;187;768.2;0.3289;123;0;123;64
2015;490;10;35;55;40;0.50;100000;109461;9.5;4.45;355;1018.0;0.6014;427;72;283;0
2015;491;45;85;30;90;0.50;100000;109460;9.5;3.64;34;552.4;0.3235;22;0;22;12
2015;492;10;20;100;30;0.50;100000;109453;9.5;3.47;242;1831.2;0.8037;389;147;95;0
2015;493;10;55;70;95;0.50;100000;109447;9.4;2.84;159;1277.4;0.4528;144;0;144;15
2015;494;35;65;40;80;0.50;100000;109446;9.4;3.11;50;730.0;0.4000;40;0;40;10
2015;495;20;70;40;70;0.50;100000;109446;9.4;4.02;149;741.4;0.3926;117;0;117;32
2015;496;30;95;40;85;0.50;100000;109444;9.4;3.85;80;738.0;0.3625;58;0;58;22
2015;497;40;95;45;95;0.50;100000;109430;9.4;2.52;37;818.2;0.4054;30;0;30;7
2015;498;10;50;55;90;0.50;100000;109423;9.4;4.67;177;1017.2;0.4040;143;0;143;34
2015;499;20;35;40;75;0.50;100000;109418;9.4;3.90;135;741.0;0.3778;102;0;102;33
2015;500;10;65;60;95;0.50;100000;109414;9.4;4.91;162;1103.2;0.4136;134;0;134;28
2016;1;10;50;35;75;0.50;100000;132054;32.1;5.48;168;1974.8;0.3780;127;0;127;41
2016;2;10;20;40;90;0.50;100000;125043;25.0;5.01;131;1816.6;0.3664;96;0;96;35
2016;3;25;65;20;50;0.50;100000;124603;24.6;4.15;85;891.0;0.3706;63;0;63;22
2016;4;10;25;30;85;0.50;100000;121825;21.8;8.78;171;1230.6;0.2982;102;0;102;69
2016;5;25;65;25;50;0.50;100000;121566;21.6;2.36;83;983.8;0.4217;70;0;70;13
2016;6;25;50;20;50;0.50;100000;121294;21.3;3.15;64;780.4;0.3828;49;0;49;15
2016;7;30;70;25;60;0.50;100000;120719;20.7;1.89;51;948.6;0.4118;42;0;42;9
2016;8;15;100;30;65;0.50;100000;120487;20.5;6.14;130;1138.0;0.3692;96;0;96;34
2016;9;15;65;35;100;0.50;100000;120400;20.4;6.39;108;1333.8;0.3102;67;0;67;41
2016;10;20;95;30;65;0.50;100000;120238;20.2;3.53;87;1118.2;0.3908;68;0;68;19
2016;11;15;70;25;60;0.50;100000;119914;19.9;6.99;139;930.4;0.3417;95;0;95;44
2016;12;10;50;30;80;0.50;100000;119637;19.6;5.71;161;1114.6;0.3106;100;0;100;61
2016;13;15;65;35;75;0.50;100000;119553;19.6;5.13;127;1272.2;0.3701;94;0;94;33
2016;14;10;20;30;80;0.50;100000;119540;19.5;8.98;170;1112.0;0.3088;105;0;105;65
2016;15;15;60;40;95;0.50;100000;119376;19.4;5.17;105;1443.0;0.3524;74;0;74;31
2016;16;15;90;35;75;0.50;100000;119286;19.3;3.98;118;1254.8;0.3729;88;0;88;30
2016;17;15;90;45;100;0.50;100000;119229;19.2;2.77;84;1602.4;0.3810;64;0;64;20
2016;18;10;90;30;80;0.50;100000;119035;19.0;8.79;149;1081.4;0.3121;93;0;93;56
2016;19;15;95;30;75;0.50;100000;118991;19.0;5.39;116;1067.6;0.3362;78;0;78;38
2016;20;10;35;40;80;0.50;100000;118784;18.8;6.15;167;1406.2;0.3743;125;0;125;42
2016;21;10;100;40;80;0.50;100000;118781;18.8;6.49;117;1396.2;0.3889;91;0;91;26
2016;22;15;60;35;100;0.50;100000;118384;18.4;6.50;104;1214.4;0.3077;64;0;64;40
2016;23;15;60;30;90;0.50;100000;118197;18.2;7.57;116;1037.6;0.2931;68;0;68;48
2016;24;25;65;25;55;0.50;100000;118123;18.1;4.00;77;842.2;0.3896;60;0;60;17
2016;25;15;100;25;70;0.50;100000;117804;17.8;4.86;124;846.4;0.3065;76;0;76;48
2016;26;15;75;20;40;0.50;100000;117775;17.8;6.10;152;667.2;0.3816;116;0;116;36
2016;27;15;65;30;80;0.50;100000;117675;17.7;6.54;118;1004.8;0.3178;75;0;75;43
2016;28;20;75;25;70;0.50;100000;117459;17.5;4.86;93;824.8;0.3172;59;0;59;34
2016;29;20;75;30;70;0.50;100000;117313;17.3;4.52;90;974.0;0.3611;65;0;65;25
2016;30;25;50;50;100;0.50;100000;117280;17.3;2.04;67;1606.2;0.4179;56;0;56;11
2016;31;30;80;15;45;0.50;100000;117183;17.2;4.11;61;484.6;0.3279;40;0;40;21
2016;32;10;60;40;95;0.50;100000;117177;17.2;4.54;125;1300.0;0.3400;85;0;85;40
2016;33;10;50;35;90;0.50;100000;117163;17.2;8.61;145;1147.0;0.3172;92;0;92;53
2016;34;25;65;20;55;0.50;100000;117158;17.2;5.54;84;647.4;0.3274;55;0;55;29
2016;35;30;75;20;45;0.50;100000;117060;17.1;3.18;60;636.0;0.4000;48;0;48;12
2016;36;15;85;25;70;0.50;100000;117029;17.0;10.90;132;815.2;0.3030;80;0;80;52
2016;37;10;50;30;85;0.50;100000;117014;17.0;8.07;160;986.0;0.2938;94;0;94;66
2016;38;10;95;30;85;0.50;100000;116888;16.9;7.12;134;972.4;0.2985;80;0;80;54
2016;39;10;40;35;75;0.50;100000;116887;16.9;6.33;163;1121.8;0.3558;116;0;116;47
2016;40;15;65;50;100;0.50;100000;116874;16.9;3.50;88;1576.8;0.3977;70;0;70;18
2016;41;25;55;20;50;0.50;100000;116798;16.8;3.20;71;630.6;0.3592;51;0;51;20
2016;42;35;95;10;30;0.50;100000;116751;16.8;4.27;47;314.2;0.3511;33;0;33;14
2016;43;25;60;20;55;0.50;100000;116657;16.7;5.94;79;629.4;0.3291;52;0;52;27
2016;44;25;50;20;55;0.50;100000;116633;16.6;4.55;70;627.0;0.3357;47;0;47;23
2016;45;15;50;20;50;0.50;100000;116522;16.5;12.33;174;636.4;0.3218;112;0;112;62
2016;46;10;75;15;45;0.50;100000;116511;16.5;15.95;227;492.2;0.2797;127;0;127;100
2016;47;20;80;50;95;0.50;100000;116058;16.1;2.66;71;1500.6;0.4225;60;0;60;11
2016;48;10;20;35;90;0.50;100000;116025;16.0;10.03;132;1075.2;0.3182;84;0;84;48
2016;49;20;55;20;60;0.50;100000;115959;16.0;7.36;105;613.0;0.2952;62;0;62;43
2016;50;30;65;20;60;0.50;100000;115958;16.0;4.73;55;603.0;0.3273;36;0;36;19
2016;51;15;35;35;75;0.50;100000;115932;15.9;6.64;130;1058.0;0.3615;94;0;94;36
2016;52;30;50;30;80;0.50;100000;115862;15.9;4.73;41;892.6;0.3780;31;0;31;10
2016;53;15;35;30;85;0.50;100000;115630;15.6;6.37;122;904.2;0.2992;73;0;73;49
2016;54;15;75;25;70;0.50;100000;115585;15.6;9.76;124;751.4;0.3024;75;0;75;49
2016;55;20;45;15;35;0.50;100000;115575;15.6;4.75;118;444.8;0.3517;83;0;83;35
2016;56;15;65;35;80;0.50;100000;115502;15.5;6.22;116;1032.6;0.3491;81;0;81;35
2016;57;30;50;35;95;0.50;100000;115459;15.5;2.72;44;1018.4;0.3636;32;0;32;12
2016;58;10;50;35;80;0.50;100000;115452;15.5;6.59;161;1039.6;0.3385;109;0;109;52
2016;59;25;95;30;65;0.50;100000;115425;15.4;2.99;74;871.4;0.3851;57;0;57;17
2016;60;15;100;35;65;0.50;100000;115418;15.4;4.13;116;1017.6;0.4009;93;0;93;23
2016;61;20;70;30;60;0.50;100000;115369;15.4;4.67;87;868.2;0.3966;69;0;69;18
2016;62;15;90;20;50;0.50;100000;115368;15.4;7.55;148;592.8;0.3243;96;0;96;52
2016;63;30;55;20;50;0.50;100000;115197;15.2;2.57;42;571.2;0.3929;33;0;33;9
2016;64;15;65;40;100;0.50;100000;115173;15.2;8.86;101;1158.6;0.3317;67;0;67;34
2016;65;30;55;20;60;0.50;100000;115126;15.1;3.96;48;572.8;0.3333;32;0;32;16
2016;66;30;50;35;100;0.50;100000;115082;15.1;2.65;39;995.4;0.3590;28;0;28;11
2016;67;10;90;40;80;0.50;100000;114916;14.9;10.34;132;1135.2;0.3750;99;0;99;33
2016;68;25;50;25;50;0.50;100000;114888;14.9;4.27;71;700.6;0.4085;58;0;58;13
2016;69;15;40;60;100;0.50;100000;114872;14.9;2.51;89;1675.4;0.4382;78;0;78;11
2016;70;10;55;40;95;0.50;100000;114853;14.9;4.70;122;1139.2;0.3361;82;0;82;40
2016;71;15;75;35;65;0.50;100000;114708;14.7;4.54;118;974.8;0.3983;94;0;94;24
2016;72;10;65;20;30;0.50;100000;114638;14.6;4.71;274;556.4;0.4343;238;0;238;36
2016;73;10;30;35;75;0.50;100000;114600;14.6;7.49;168;984.8;0.3512;118;0;118;50
2016;74;10;15;35;90;0.50;100000;114597;14.6;8.82;121;985.6;0.3182;77;0;77;44
2016;75;10;15;40;95;0.50;100000;114591;14.6;4.50;109;1117.4;0.3394;74;0;74;35
2016;76;10;45;40;80;0.50;100000;114572;14.6;5.81;147;1114.2;0.3707;109;0;109;38
2016;77;15;75;30;50;0.50;100000;114540;14.5;4.42;126;823.6;0.4246;107;0;107;19
2016;78;25;75;25;75;0.50;100000;114525;14.5;5.65;74;696.4;0.3041;45;0;45;29
2016;79;15;70;30;60;0.50;100000;114490;14.5;5.34;136;829.6;0.3750;102;0;102;34
2016;80;10;50;40;75;0.50;100000;114485;14.5;6.77;163;1106.8;0.3834;125;0;125;38
2016;81;25;55;20;60;0.50;100000;114483;14.5;5.94;62;553.2;0.3145;39;0;39;23
2016;82;20;75;30;60;0.50;100000;114467;14.5;3.15;98;822.8;0.3878;76;0;76;22
2016;83;10;80;20;30;0.50;100000;114446;14.4;4.51;244;548.4;0.4365;213;0;213;31
2016;84;15;50;30;60;0.50;100000;114413;14.4;7.49;158;828.8;0.3703;117;0;117;41
2016;85;30;95;25;65;0.50;100000;114407;14.4;3.81;55;683.0;0.3545;39;0;39;16
2016;86;15;30;35;90;0.50;100000;114381;14.4;8.15;102;967.2;0.3235;66;0;66;36
2016;87;10;15;30;90;0.50;100000;114346;14.3;9.46;127;842.2;0.2835;72;0;72;55
2016;88;10;85;50;95;0.50;100000;114327;14.3;5.60;111;1359.6;0.3919;87;0;87;24
2016;89;25;65;30;55;0.50;100000;114251;14.3;2.15;81;806.6;0.4198;68;0;68;13
2016;90;30;50;25;70;0.50;100000;114244;14.2;3.55;46;675.6;0.3478;32;0;32;14
2016;91;10;90;50;100;0.50;100000;114232;14.2;5.04;105;1353.0;0.3810;80;0;80;25
2016;92;35;75;40;100;0.50;100000;114198;14.2;1.81;35;1071.0;0.4000;28;0;28;7
2016;93;10;15;35;95;0.50;100000;114163;14.2;8.69;114;960.4;0.3070;70;0;70;44
2016;94;10;60;35;65;0.50;100000;114120;14.1;5.53;180;948.0;0.3833;138;0;138;42
2016;95;30;50;40;95;0.50;100000;114096;14.1;2.87;40;1064.0;0.4000;32;0;32;8
2016;96;25;50;50;95;0.50;100000;114056;14.1;2.09;67;1326.2;0.4179;56;0;56;11
2016;97;10;100;30;85;0.50;100000;113969;14.0;7.12;129;819.4;0.2946;76;0;76;53
2016;98;20;75;20;60;0.50;100000;113844;13.8;9.55;101;538.6;0.2921;59;0;59;42
2016;99;15;100;25;75;0.50;100000;113821;13.8;7.64;123;677.8;0.2846;70;0;70;53
2016;100;15;60;30;85;0.50;100000;113811;13.8;6.10;131;811.6;0.2939;77;0;77;54
2016;101;10;75;30;75;0.50;100000;113808;13.8;10.20;151;808.6;0.3179;96;0;96;55
2016;102;25;85;40;100;0.50;100000;113689;13.7;4.50;56;1041.6;0.3571;40;0;40;16
2016;103;20;90;25;60;0.50;100000;113636;13.6;4.60;103;655.8;0.3398;70;0;70;33
2016;104;25;95;35;65;0.50;100000;113631;13.6;3.52;70;902.0;0.4214;59;0;59;11
2016;105;15;25;25;70;0.50;100000;113547;13.5;7.99;111;659.6;0.3018;67;0;67;44
2016;106;10;20;45;95;0.50;100000;113399;13.4;6.66;116;1157.6;0.3621;84;0;84;32
2016;107;15;50;30;50;0.50;100000;113389;13.4;6.75;153;765.8;0.4150;127;0;127;26
2016;108;10;30;30;90;0.50;100000;113378;13.4;8.53;157;800.2;0.2771;87;0;87;70
2016;109;35;100;25;75;0.50;100000;113374;13.4;3.61;44;638.4;0.3295;29;0;29;15
2016;110;15;100;10;20;0.50;100000;113351;13.4;7.56;173;257.8;0.3815;132;0;132;41
2016;111;10;90;60;100;0.50;100000;113345;13.3;3.60;89;1515.4;0.4326;77;0;77;12
2016;112;10;75;50;95;0.50;100000;113337;13.3;3.66;109;1272.4;0.3899;85;0;85;24
2016;113;15;30;30;60;0.50;100000;113319;13.3;5.26;137;768.2;0.3723;102;0;102;35
2016;114;15;45;40;75;0.50;100000;113244;13.2;6.90;126;1013.6;0.3889;98;0;98;28
2016;115;15;45;35;10;0.50;100000;113217;13.2;1.74;231;876.6;0.8355;386;155;76;0
2016;116;30;50;35;90;0.50;100000;113167;13.2;2.78;42;876.2;0.3690;31;0;31;11
2016;117;20;65;30;70;0.50;100000;113158;13.2;6.12;100;760.0;0.3450;69;0;69;31
2016;118;25;50;45;100;0.50;100000;113130;13.1;2.52;67;1126.2;0.3731;50;0;50;17
2016;119;20;95;35;65;0.50;100000;113129;13.1;3.73;90;874.0;0.4056;73;0;73;17
2016;120;10;95;30;75;0.50;100000;113072;13.1;8.30;138;766.8;0.3188;88;0;88;50
2016;121;25;75;20;45;0.50;100000;113006;13.0;4.96;90;499.0;0.3611;65;0;65;25
2016;122;15;65;55;100;0.50;100000;112970;13.0;3.12;88;1356.8;0.4091;72;0;72;16
2016;123;10;50;50;100;0.50;100000;112962;13.0;3.69;112;1243.2;0.3750;84;0;84;28
2016;124;30;95;25;55;0.50;100000;112892;12.9;4.00;55;613.0;0.3909;43;0;43;12
2016;125;10;25;35;85;0.50;100000;112872;12.9;9.23;154;884.4;0.3214;99;0;99;55
2016;126;20;50;30;75;0.50;100000;112851;12.9;4.70;99;746.4;0.3283;65;0;65;34
2016;127;10;95;40;100;0.50;100000;112841;12.8;10.97;103;995.8;0.3252;67;0;67;36
2016;128;30;50;35;80;0.50;100000;112831;12.8;2.92;38;851.8;0.4079;31;0;31;7
2016;129;10;85;10;30;0.50;100000;112823;12.8;14.03;266;267.6;0.2801;149;0;149;117
2016;130;15;65;30;65;0.50;100000;112777;12.8;4.91;121;740.6;0.3554;86;0;86;35
2016;131;30;50;50;95;0.50;100000;112772;12.8;1.52;41;1207.6;0.4512;37;0;37;4
2016;132;15;75;25;60;0.50;100000;112770;12.8;7.23;140;624.0;0.3286;92;0;92;48
2016;133;15;95;50;95;0.50;100000;112704;12.7;3.23;91;1212.6;0.3956;72;0;72;19
2016;134;10;85;45;75;0.50;100000;112659;12.7;4.11;143;1089.8;0.4126;118;0;118;25
2016;135;20;95;25;70;0.50;100000;112655;12.7;5.01;86;614.6;0.3081;53;0;53;33
2016;136;15;30;40;90;0.50;100000;112641;12.6;5.94;103;975.8;0.3495;72;0;72;31
2016;137;10;95;50;100;0.50;100000;112639;12.6;4.53;99;1211.4;0.3788;75;0;75;24
2016;138;30;90;30;70;0.50;100000;112628;12.6;5.02;55;723.0;0.3727;41;0;41;14
2016;139;10;20;50;90;0.50;100000;112626;12.6;3.37;122;1209.2;0.3975;97;0;97;25
2016;140;10;60;40;65;0.50;100000;112609;12.6;5.19;170;967.0;0.4147;141;0;141;29
2016;141;20;55;20;50;0.50;100000;112609;12.6;6.54;120;492.0;0.3250;78;0;78;42
2016;142;20;100;30;70;0.50;100000;112599;12.6;5.39;81;726.6;0.3519;57;0;57;24
2016;143;30;50;30;90;0.50;100000;112571;12.6;3.64;41;722.6;0.3293;27;0;27;14
2016;144;25;95;30;80;0.50;100000;112568;12.6;4.73;67;726.2;0.3284;44;0;44;23
2016;145;10;25;55;95;0.50;100000;112565;12.6;4.44;108;1318.8;0.4120;89;0;89;19
2016;146;15;40;50;95;0.50;100000;112536;12.5;5.46;94;1198.4;0.3936;74;0;74;20
2016;147;25;80;40;100;0.50;100000;112532;12.5;2.52;57;960.2;0.3509;40;0;40;17
2016;148;10;75;50;100;0.50;100000;112527;12.5;4.48;105;1203.0;0.3762;79;0;79;26
2016;149;20;80;40;100;0.50;100000;112527;12.5;3.51;69;963.4;0.3406;47;0;47;22
2016;150;15;95;20;45;0.50;100000;112453;12.5;6.71;139;485.4;0.3453;96;0;96;43
2016;151;10;60;25;75;0.50;100000;112451;12.5;14.76;190;634.0;0.2737;104;0;104;86
2016;152;20;95;50;95;0.50;100000;112396;12.4;3.24;77;1182.2;0.4026;62;0;62;15
2016;153;15;65;40;80;0.50;100000;112386;12.4;4.73;118;954.8;0.3729;88;0;88;30
2016;154;15;40;40;100;0.50;100000;112349;12.3;5.74;100;960.0;0.3250;65;0;65;35
2016;155;25;55;20;55;0.50;100000;112336;12.3;4.16;70;477.0;0.3214;45;0;45;25
2016;156;15;90;25;70;0.50;100000;112242;12.2;8.78;125;605.0;0.2960;74;0;74;51
2016;157;10;70;20;55;0.50;100000;112230;12.2;14.89;209;497.4;0.2919;122;0;122;87
2016;158;30;75;20;50;0.50;100000;112214;12.2;5.20;58;468.8;0.3534;41;0;41;17
2016;159;30;50;30;70;0.50;100000;112207;12.2;3.29;44;698.4;0.3864;34;0;34;10
2016;160;20;80;15;45;0.50;100000;112163;12.2;6.88;107;360.2;0.2897;62;0;62;45
2016;161;10;20;30;85;0.50;100000;112141;12.1;11.85;166;732.6;0.2861;95;0;95;71
2016;162;10;50;45;100;0.50;100000;112124;12.1;8.00;109;1057.4;0.3486;76;0;76;33
2016;163;10;55;50;80;0.50;100000;112120;12.1;4.36;136;1159.6;0.4228;115;0;115;21
2016;164;30;60;15;45;0.50;100000;112101;12.1;3.81;50;350.0;0.3200;32;0;32;18
2016;165;25;90;20;50;0.50;100000;112100;12.1;5.71;80;468.0;0.3375;54;0;54;26
2016;166;15;35;40;75;0.50;100000;112092;12.1;7.34;127;932.2;0.3858;98;0;98;29
2016;167;25;75;30;80;0.50;100000;112069;12.1;5.37;71;700.6;0.3239;46;0;46;25
2016;168;20;45;15;45;0.50;100000;112068;12.1;8.82;128;360.8;0.2852;73;0;73;55
2016;169;15;90;25;50;0.50;100000;112068;12.1;6.11;136;584.6;0.3713;101;0;101;35
2016;170;30;50;40;90;0.50;100000;112062;12.1;2.52;43;919.8;0.3953;34;0;34;9
2016;171;15;70;20;60;0.50;100000;112036;12.0;13.79;141;482.6;0.2801;79;0;79;62
2016;172;15;65;45;75;0.50;100000;111977;12.0;3.64;120;1032.0;0.4167;100;0;100;20
2016;173;10;30;35;80;0.50;100000;111955;12.0;8.95;164;825.4;0.3323;109;0;109;55
2016;174;10;15;60;95;0.50;100000;111947;11.9;2.51;96;1365.6;0.4375;84;0;84;12
2016;175;15;35;30;75;0.50;100000;111915;11.9;9.06;139;705.4;0.3165;88;0;88;51
2016;176;20;75;25;65;0.50;100000;111907;11.9;5.32;99;581.4;0.3182;63;0;63;36
2016;177;30;50;45;95;0.50;100000;111876;11.9;2.52;44;1018.4;0.4091;36;0;36;8
2016;178;10;55;60;95;0.50;100000;111861;11.9;2.95;105;1358.0;0.4333;91;0;91;14
2016;179;10;50;40;90;0.50;100000;111783;11.8;9.74;134;922.4;0.3396;91;0;91;43
2016;180;15;65;35;95;0.50;100000;111771;11.8;5.54;107;810.2;0.3037;65;0;65;42
2016;181;30;50;20;60;0.50;100000;111767;11.8;6.84;47;454.2;0.3191;30;0;30;17
2016;182;10;60;50;90;0.50;100000;111762;11.8;3.72;120;1132.0;0.3958;95;0;95;25
2016;183;15;70;40;90;0.50;100000;111750;11.7;4.17;99;911.4;0.3485;69;0;69;30
2016;184;10;75;20;55;0.50;100000;111750;11.7;18.39;204;479.4;0.2917;119;0;119;85
2016;185;10;65;55;95;0.50;100000;111743;11.7;4.08;102;1237.2;0.4118;84;0;84;18
2016;186;25;90;20;40;0.50;100000;111713;11.7;3.45;79;449.4;0.3924;62;0;62;17
2016;187;20;100;20;55;0.50;100000;111697;11.7;5.92;94;458.4;0.3085;58;0;58;36
2016;188;15;55;30;55;0.50;100000;111685;11.7;3.72;144;678.4;0.3889;112;0;112;32
2016;189;10;65;15;35;0.50;100000;111681;11.7;15.38;280;358.0;0.3268;183;0;183;97
2016;190;15;70;20;40;0.50;100000;111680;11.7;4.99;160;456.0;0.3688;118;0;118;42
2016;191;10;55;35;85;0.50;100000;111665;11.7;9.77;145;807.0;0.3207;93;0;93;52
2016;192;20;55;30;50;0.50;100000;111616;11.6;4.31;109;667.4;0.4220;92;0;92;17
2016;193;30;100;25;55;0.50;100000;111611;11.6;2.55;53;555.8;0.3868;41;0;41;12
2016;194;20;40;35;90;0.50;100000;111609;11.6;6.49;73;787.8;0.3288;48;0;48;25
2016;195;25;50;55;100;0.50;100000;111578;11.6;2.18;67;1216.2;0.4179;56;0;56;11
2016;196;15;35;45;100;0.50;100000;111564;11.6;5.07;100;1010.0;0.3500;70;0;70;30
2016;197;15;45;50;95;0.50;100000;111561;11.6;4.14;92;1111.2;0.3913;72;0;72;20
2016;198;10;60;55;100;0.50;100000;111508;11.5;4.75;99;1216.4;0.3990;79;0;79;20
2016;199;10;90;30;75;0.50;100000;111491;11.5;7.46;153;685.8;0.3137;96;0;96;57
2016;200;10;40;50;90;0.50;100000;111484;11.5;4.58;123;1107.8;0.3943;97;0;97;26
2016;201;10;85;40;75;0.50;100000;111474;11.5;7.68;136;889.6;0.3824;104;0;104;32
2016;202;25;85;30;70;0.50;100000;111461;11.5;4.89;69;663.4;0.3551;49;0;49;20
2016;203;15;90;30;45;0.50;100000;111421;11.4;3.22;142;656.2;0.4401;125;0;125;17
2016;204;30;75;25;60;0.50;100000;111418;11.4;5.63;67;551.2;0.3507;47;0;47;20
2016;205;15;95;45;100;0.50;100000;111400;11.4;4.90;78;990.8;0.3590;56;0;56;22
2016;206;15;40;55;100;0.50;100000;111385;11.4;4.10;88;1201.8;0.4034;71;0;71;17
2016;207;10;50;50;95;0.50;100000;111368;11.4;4.48;115;1099.0;0.3826;88;0;88;27
2016;208;15;75;30;60;0.50;100000;111356;11.4;7.04;127;662.2;0.3701;94;0;94;33
2016;209;25;80;25;75;0.50;100000;111323;11.3;4.30;69;553.4;0.2971;41;0;41;28
2016;210;25;90;25;75;0.50;100000;111323;11.3;5.77;69;553.4;0.2971;41;0;41;28
2016;211;20;90;45;100;0.50;100000;111318;11.3;3.35;67;981.2;0.3657;49;0;49;18
2016;212;10;85;45;100;0.50;100000;111274;11.3;9.17;105;988.0;0.3476;73;0;73;32
2016;213;15;80;50;95;0.50;100000;111243;11.2;3.80;88;1081.8;0.3920;69;0;69;19
2016;214;25;95;20;55;0.50;100000;111196;11.2;5.52;80;438.0;0.3125;50;0;50;30
2016;215;15;80;20;60;0.50;100000;111143;11.1;14.89;136;449.6;0.2794;76;0;76;60
2016;216;20;85;40;65;0.50;100000;111143;11.1;3.65;94;853.4;0.4309;81;0;81;13
2016;217;25;70;25;40;0.50;100000;111103;11.1;2.55;82;530.2;0.4451;73;0;73;9
2016;218;15;45;30;55;0.50;100000;111099;11.1;5.98;168;649.8;0.3839;129;0;129;39
2016;219;25;90;35;65;0.50;100000;111092;11.1;3.33;75;745.0;0.4067;61;0;61;14
2016;220;20;70;15;35;0.50;100000;111089;11.1;6.04;117;326.2;0.3419;80;0;80;37
2016;221;25;100;20;45;0.50;100000;111078;11.1;5.30;76;428.6;0.3618;55;0;55;21
2016;222;10;80;85;35;0.50;100000;110990;11.0;1.70;124;1786.4;0.7742;192;68;56;0
2016;223;15;50;30;55;0.50;100000;110977;11.0;7.41;146;640.6;0.3870;113;0;113;33
2016;224;25;85;35;95;0.50;100000;110969;11.0;5.48;66;747.6;0.3182;42;0;42;24
2016;225;15;65;30;50;0.50;100000;110959;11.0;4.70;146;635.6;0.4110;120;0;120;26
2016;226;15;70;25;65;0.50;100000;110917;10.9;9.17;133;543.8;0.3083;82;0;82;51
2016;227;10;75;55;100;0.50;100000;110881;10.9;4.48;94;1153.4;0.3989;75;0;75;19
2016;228;25;45;20;50;0.50;100000;110877;10.9;5.76;76;423.6;0.3355;51;0;51;25
2016;229;15;90;25;55;0.50;100000;110874;10.9;7.49;139;535.4;0.3453;96;0;96;43
2016;230;15;100;30;70;0.50;100000;110839;10.8;6.96;115;639.0;0.3348;77;0;77;38
2016;231;20;90;40;65;0.50;100000;110816;10.8;4.35;93;829.8;0.4301;80;0;80;13
2016;232;30;50;50;100;0.50;100000;110816;10.8;3.13;46;1035.6;0.4130;38;0;38;8
2016;233;10;55;50;100;0.50;100000;110793;10.8;6.10;108;1048.8;0.3704;80;0;80;28
2016;234;10;20;45;90;0.50;100000;110782;10.8;6.17;127;947.2;0.3661;93;0;93;34
2016;235;10;15;40;90;0.50;100000;110778;10.8;3.59;111;844.6;0.3423;76;0;76;35
2016;236;10;95;20;55;0.50;100000;110772;10.8;7.47;185;441.0;0.2919;108;0;108;77
2016;237;15;25;25;60;0.50;100000;110717;10.7;10.37;122;529.2;0.3279;80;0;80;42
2016;238;20;40;25;50;0.50;100000;110684;10.7;6.74;111;519.6;0.3739;83;0;83;28
2016;239;10;45;50;100;0.50;100000;110683;10.7;4.53;114;1040.4;0.3684;84;0;84;30
2016;240;25;85;30;65;0.50;100000;110674;10.7;3.53;75;620.0;0.3667;55;0;55;20
2016;241;10;45;55;25;0.50;100000;110644;10.6;3.45;229;1129.4;0.7271;333;104;125;0
2016;242;15;45;40;80;0.50;100000;110641;10.6;3.69;121;830.6;0.3678;89;0;89;32
2016;243;10;50;40;95;0.50;100000;110641;10.6;7.46;124;841.4;0.3266;81;0;81;43
2016;244;20;50;45;100;0.50;100000;110637;10.6;3.51;85;931.0;0.3529;60;0;60;25
2016;245;20;45;30;75;0.50;100000;110636;10.6;7.32;89;625.4;0.3258;58;0;58;31
2016;246;25;50;55;95;0.50;100000;110633;10.6;2.45;64;1120.4;0.4297;55;0;55;9
2016;247;15;35;30;80;0.50;100000;110632;10.6;10.06;124;636.4;0.3024;75;0;75;49
2016;248;20;65;30;55;0.50;100000;110630;10.6;5.31;109;617.4;0.3945;86;0;86;23
2016;249;30;55;20;55;0.50;100000;110628;10.6;2.76;39;410.4;0.3462;27;0;27;12
2016;250;25;95;25;65;0.50;100000;110596;10.6;5.55;67;516.2;0.3284;44;0;44;23
2016;251;10;35;20;50;0.50;100000;110591;10.6;15.85;270;442.0;0.3074;166;0;166;104
2016;252;20;95;30;70;0.50;100000;110586;10.6;5.39;86;619.6;0.3430;59;0;59;27
2016;253;20;90;30;70;0.50;100000;110586;10.6;4.28;86;619.6;0.3430;59;0;59;27
2016;254;30;80;20;45;0.50;100000;110523;10.5;3.44;53;405.8;0.3774;40;0;40;13
2016;255;25;80;15;40;0.50;100000;110503;10.5;3.87;76;308.6;0.3224;49;0;49;27
2016;256;30;85;15;45;0.50;100000;110470;10.5;6.11;59;307.4;0.3051;36;0;36;23
2016;257;15;85;45;100;0.50;100000;110453;10.5;4.17;82;915.2;0.3537;58;0;58;24
2016;258;20;65;30;75;0.50;100000;110426;10.4;6.64;96;615.6;0.3229;62;0;62;34
2016;259;15;50;25;50;0.50;100000;110424;10.4;8.66;168;514.8;0.3631;122;0;122;46
2016;260;10;40;65;30;0.50;100000;110423;10.4;2.54;199;1306.4;0.7261;289;90;109;0
2016;261;10;60;65;90;0.50;100000;110408;10.4;2.79;114;1295.4;0.4605;105;0;105;9
2016;262;10;100;30;80;0.50;100000;110386;10.4;12.67;126;623.6;0.3016;76;0;76;50
2016;263;10;50;50;10;0.50;100000;110385;10.4;2.62;315;999.0;0.8714;549;234;81;0
2016;264;20;75;35;65;0.50;100000;110382;10.4;4.94;91;702.6;0.3956;72;0;72;19
2016;265;10;50;55;100;0.50;100000;110379;10.4;3.45;100;1105.0;0.3950;79;0;79;21
2016;266;20;55;20;55;0.50;100000;110362;10.4;6.52;115;414.0;0.3000;69;0;69;46
2016;267;20;45;15;40;0.50;100000;110356;10.4;6.94;118;309.8;0.3093;73;0;73;45
2016;268;15;60;30;65;0.50;100000;110352;10.4;9.23;137;613.2;0.3467;95;0;95;42
2016;269;20;40;30;90;0.50;100000;110351;10.4;8.63;76;613.6;0.2895;44;0;44;32
2016;270;10;90;40;75;0.50;100000;110339;10.3;9.17;137;808.2;0.3796;104;0;104;33
2016;271;30;60;15;40;0.50;100000;110329;10.3;3.12;43;299.8;0.3488;30;0;30;13
2016;272;30;90;35;100;0.50;100000;110325;10.3;3.87;45;702.0;0.3222;29;0;29;16
2016;273;35;95;15;30;0.50;100000;110321;10.3;3.32;45;297.0;0.4222;38;0;38;7
2016;274;10;35;55;100;0.50;100000;110315;10.3;3.88;107;1100.2;0.3925;84;0;84;23
2016;275;10;85;50;100;0.50;100000;110311;10.3;4.53;104;1004.4;0.3702;77;0;77;27
2016;276;25;60;15;45;0.50;100000;110262;10.3;10.26;82;305.2;0.2927;48;0;48;34
2016;277;10;50;60;25;0.50;100000;110222;10.2;3.88;208;1183.8;0.7476;311;103;105;0
2016;278;20;85;25;70;0.50;100000;110216;10.2;10.54;101;508.6;0.2970;60;0;60;41
2016;279;30;95;20;50;0.50;100000;110202;10.2;3.89;53;395.8;0.3491;37;0;37;16
2016;280;30;95;30;70;0.50;100000;110201;10.2;3.66;49;591.4;0.3673;36;0;36;13
2016;281;15;50;30;75;0.50;100000;110179;10.2;9.48;132;610.2;0.3144;83;0;83;49
2016;282;10;80;25;75;0.50;100000;110176;10.2;13.21;161;524.6;0.2733;88;0;88;73
2016;283;30;95;30;60;0.50;100000;110171;10.2;3.15;52;587.2;0.4038;42;0;42;10
2016;284;15;90;50;100;0.50;100000;110159;10.2;4.53;82;985.2;0.3780;62;0;62;20
2016;285;15;100;50;100;0.50;100000;110159;10.2;4.06;82;985.2;0.3780;62;0;62;20
2016;286;40;100;20;55;0.50;100000;110155;10.2;2.76;34;392.4;0.3529;24;0;24;10
2016;287;25;70;50;95;0.50;100000;110155;10.2;5.04;59;977.4;0.4068;48;0;48;11
2016;288;25;80;50;95;0.50;100000;110155;10.2;4.62;59;977.4;0.4068;48;0;48;11
2016;289;30;95;30;90;0.50;100000;110154;10.2;3.70;47;594.2;0.3085;29;0;29;18
2016;290;20;45;30;70;0.50;100000;110145;10.1;6.35;101;598.6;0.3366;68;0;68;33
2016;291;10;95;55;80;0.50;100000;110126;10.1;3.50;114;1070.4;0.4474;102;0;102;12
2016;292;25;80;40;95;0.50;100000;110117;10.1;4.54;60;786.0;0.3500;42;0;42;18
2016;293;10;35;60;95;0.50;100000;110112;10.1;3.50;104;1169.4;0.4279;89;0;89;15
2016;294;15;85;50;100;0.50;100000;110104;10.1;5.13;85;981.0;0.3765;64;0;64;21
2016;295;15;90;20;45;0.50;100000;110089;10.1;6.71;152;402.2;0.3388;103;0;103;49
2016;296;30;90;30;60;0.50;100000;110086;10.1;3.07;55;583.0;0.4000;44;0;44;11
2016;297;15;55;60;95;0.50;100000;110084;10.1;2.58;90;1164.0;0.4333;78;0;78;12
2016;298;25;50;50;90;0.50;100000;110068;10.1;2.87;65;969.0;0.4154;54;0;54;11
2016;299;25;75;50;90;0.50;100000;110068;10.1;3.85;65;969.0;0.4154;54;0;54;11
2016;300;10;40;45;95;0.50;100000;110041;10.0;4.95;122;889.2;0.3525;86;0;86;36
2016;301;35;75;35;95;0.50;100000;110036;10.0;3.52;36;679.6;0.3472;25;0;25;11
2016;302;15;65;40;75;0.50;100000;110026;10.0;7.16;126;783.6;0.3810;96;0;96;30
2016;303;35;95;30;65;0.50;100000;110024;10.0;2.54;37;578.2;0.4054;30;0;30;7
2016;304;10;60;45;85;0.50;100000;110010;10.0;7.49;134;882.4;0.3769;101;0;101;33
2016;305;10;70;20;60;0.50;100000;109993;10.0;17.51;212;423.2;0.2712;115;0;115;97
2016;306;30;55;30;75;0.50;100000;109958;10.0;2.54;47;579.2;0.3511;33;0;33;14
2016;307;10;20;40;95;0.50;100000;109951;10.0;6.22;118;789.8;0.3263;77;0;77;41
2016;308;20;55;35;60;0.50;100000;109946;9.9;4.84;101;673.6;0.4109;83;0;83;18
2016;309;20;95;30;80;0.50;100000;109942;9.9;5.92;80;588.0;0.3125;50;0;50;30
2016;310;15;35;50;100;0.50;100000;109941;9.9;5.95;94;968.4;0.3723;70;0;70;24
2016;311;20;55;10;25;0.50;100000;109938;9.9;8.04;133;198.8;0.3271;87;0;87;46
2016;312;10;35;30;90;0.50;100000;109932;9.9;9.41;160;616.0;0.2719;87;0;87;73
2016;313;25;95;30;60;0.50;100000;109926;9.9;5.86;80;578.0;0.3812;61;0;61;19
2016;314;10;100;30;90;0.50;100000;109923;9.9;13.36;125;605.0;0.2760;69;0;69;56
2016;315;15;65;45;80;0.50;100000;109869;9.9;4.83;115;864.0;0.3957;91;0;91;24
2016;316;20;45;30;80;0.50;100000;109854;9.9;8.04;89;585.4;0.3090;55;0;55;34
2016;317;15;65;30;75;0.50;100000;109844;9.8;8.51;134;592.4;0.3134;84;0;84;50
2016;318;15;45;30;10;0.50;100000;109844;9.8;2.71;235;571.0;0.7979;375;140;95;0
2016;319;10;20;40;75;0.50;100000;109841;9.8;5.82;160;776.0;0.3750;120;0;120;40
2016;320;10;80;15;45;0.50;100000;109836;9.8;16.61;225;315.0;0.2733;123;0;123;102
2016;321;15;55;30;65;0.50;100000;109834;9.8;6.16;139;585.4;0.3453;96;0;96;43
2016;322;25;85;20;55;0.50;100000;109821;9.8;4.96;83;388.8;0.3072;51;0;51;32
2016;323;10;45;40;85;0.50;100000;109804;9.8;5.41;144;778.4;0.3472;100;0;100;44
2016;324;30;100;25;65;0.50;100000;109801;9.8;5.57;52;477.2;0.3365;35;0;35;17
2016;325;10;80;30;45;0.50;100000;109789;9.8;6.27;202;572.2;0.4282;173;0;173;29
2016;326;20;55;30;60;0.50;100000;109767;9.8;5.12;105;573.0;0.3714;78;0;78;27
2016;327;10;70;55;100;0.50;100000;109758;9.8;8.60;95;1042.0;0.3947;75;0;75;20
2016;328;25;70;25;50;0.50;100000;109732;9.7;6.31;90;474.0;0.3778;68;0;68;22
2016;329;15;45;30;25;0.50;100000;109731;9.7;2.51;204;564.4;0.5833;238;34;170;0
2016;330;15;25;30;85;0.50;100000;109715;9.7;7.94;101;583.6;0.2921;59;0;59;42
2016;331;30;50;40;80;0.50;100000;109710;9.7;3.05;38;746.8;0.4211;32;0;32;6
2016;332;20;50;55;100;0.50;100000;109700;9.7;2.35;77;1032.2;0.4026;62;0;62;15
2016;333;25;70;15;45;0.50;100000;109694;9.7;6.61;92;291.2;0.2880;53;0;53;39
2016;334;25;55;35;90;0.50;100000;109685;9.7;4.03;59;662.4;0.3305;39;0;39;20
2016;335;10;75;30;45;0.50;100000;109676;9.7;6.31;196;565.6;0.4286;168;0;168;28
2016;336;20;75;30;50;0.50;100000;109672;9.7;2.94;99;561.4;0.4192;83;0;83;16
2016;337;10;50;55;90;0.50;100000;109665;9.7;4.48;117;1031.2;0.4145;97;0;97;20
2016;338;25;65;30;50;0.50;100000;109662;9.7;2.33;86;559.6;0.4244;73;0;73;13
2016;339;25;55;20;40;0.50;100000;109659;9.7;3.34;75;375.0;0.3867;58;0;58;17
2016;340;20;70;20;55;0.50;100000;109643;9.6;7.41;103;385.8;0.3010;62;0;62;41
2016;341;10;80;15;40;0.50;100000;109621;9.6;10.34;246;305.6;0.2967;146;0;146;100
2016;342;20;75;30;65;0.50;100000;109607;9.6;4.18;96;565.6;0.3542;68;0;68;28
2016;343;25;100;20;50;0.50;100000;109606;9.6;3.89;67;376.2;0.3358;45;0;45;22
2016;344;20;65;40;100;0.50;100000;109605;9.6;4.64;75;755.0;0.3267;49;0;49;26
2016;345;25;80;30;90;0.50;100000;109594;9.6;6.52;65;569.0;0.2923;38;0;38;27
2016;346;15;70;20;45;0.50;100000;109593;9.6;5.47;154;384.4;0.3377;104;0;104;50
2016;347;30;55;25;50;0.50;100000;109589;9.6;3.18;45;462.0;0.4111;37;0;37;8
2016;348;25;60;20;45;0.50;100000;109582;9.6;3.79;82;375.2;0.3537;58;0;58;24
2016;349;15;100;40;65;0.50;100000;109572;9.6;3.21;116;742.6;0.4181;97;0;97;19
2016;350;25;90;35;95;0.50;100000;109553;9.6;6.20;60;656.0;0.3167;38;0;38;22
2016;351;10;35;55;90;0.50;100000;109552;9.6;5.06;121;1020.6;0.4132;100;0;100;21
2016;352;15;25;30;75;0.50;100000;109548;9.5;7.67;107;570.2;0.3178;68;0;68;39
2016;353;10;90;55;95;0.50;100000;109527;9.5;8.20;108;1018.8;0.4028;87;0;87;21
2016;354;35;80;15;45;0.50;100000;109520;9.5;4.01;37;278.2;0.3243;24;0;24;13
2016;355;15;75;50;100;0.50;100000;109518;9.5;5.87;87;928.2;0.3736;65;0;65;22
2016;356;25;55;25;50;0.50;100000;109517;9.5;3.08;80;463.0;0.3812;61;0;61;19
2016;357;10;20;55;100;0.50;100000;109509;9.5;3.94;98;1017.8;0.3929;77;0;77;21
2016;358;35;75;35;90;0.50;100000;109505;9.5;3.52;33;643.8;0.3636;24;0;24;9
2016;359;10;35;45;10;0.50;100000;109484;9.5;5.53;355;828.0;0.8521;605;250;105;0
2016;360;15;50;45;90;0.50;100000;109483;9.5;4.18;109;837.4;0.3670;80;0;80;29
2016;361;25;95;40;65;0.50;100000;109482;9.5;3.36;71;730.6;0.4366;62;0;62;9
2016;362;10;60;30;60;0.50;100000;109473;9.5;8.83;193;569.8;0.3575;138;0;138;55
2016;363;30;70;20;60;0.50;100000;109465;9.5;3.03;49;371.4;0.3061;30;0;30;19
2016;364;15;55;25;55;0.50;100000;109463;9.5;8.86;148;472.8;0.3412;101;0;101;47
2016;365;30;75;25;65;0.50;100000;109459;9.5;6.79;68;464.8;0.3235;44;0;44;24
2016;366;15;40;55;95;0.50;100000;109418;9.4;4.11;96;1005.6;0.4062;78;0;78;18
2016;367;15;65;45;100;0.50;100000;109412;9.4;6.35;94;833.4;0.3457;65;0;65;29
2016;368;15;45;40;95;0.50;100000;109404;9.4;5.25;97;744.2;0.3299;64;0;64;33
2016;369;25;70;45;95;0.50;100000;109395;9.4;4.38;63;821.8;0.3730;47;0;47;16
2016;370;15;45;35;75;0.50;100000;109372;9.4;7.12;128;650.8;0.3477;89;0;89;39
2016;371;15;100;30;75;0.50;100000;109340;9.3;5.10;114;560.4;0.3158;72;0;72;42
2016;372;25;50;30;50;0.50;100000;109313;9.3;2.54;72;539.2;0.4306;62;0;62;10
2016;373;10;15;10;25;0.50;100000;109310;9.3;13.64;246;195.6;0.3171;156;0;156;90
2016;374;10;90;45;100;0.50;100000;109310;9.3;7.06;102;827.2;0.3431;70;0;70;32
2016;375;30;70;25;45;0.50;100000;109302;9.3;2.83;58;448.8;0.4224;49;0;49;9
2016;376;35;75;45;100;0.50;100000;109294;9.3;2.52;34;807.4;0.3971;27;0;27;7
2016;377;35;75;50;90;0.50;100000;109292;9.3;1.52;34;892.4;0.4559;31;0;31;3
2016;378;25;55;40;95;0.50;100000;109292;9.3;5.84;69;728.4;0.3406;47;0;47;22
2016;379;25;85;45;100;0.50;100000;109272;9.3;5.55;53;810.8;0.3679;39;0;39;14
2016;380;15;100;20;50;0.50;100000;109272;9.3;10.65;133;373.8;0.3158;84;0;84;49
2016;381;25;60;35;100;0.50;100000;109264;9.3;9.23;61;639.6;0.3033;37;0;37;24
2016;382;15;45;35;85;0.50;100000;109261;9.3;6.69;122;649.2;0.3197;78;0;78;44
2016;383;15;70;50;70;0.50;100000;109256;9.3;3.50;106;891.6;0.4575;97;0;97;9
2016;384;20;80;15;40;0.50;100000;109249;9.2;7.17;105;278.0;0.3095;65;0;65;40
2016;385;10;40;60;30;0.50;100000;109247;9.2;3.37;215;1079.0;0.7023;302;87;128;0
2016;386;30;50;55;90;0.50;100000;109243;9.2;1.51;42;976.2;0.4643;39;0;39;3
2016;387;10;45;30;90;0.50;100000;109240;9.2;10.74;147;574.2;0.2721;80;0;80;67
2016;388;10;40;65;95;0.50;100000;109224;9.2;2.85;102;1157.2;0.4461;91;0;91;11
2016;389;30;50;30;60;0.50;100000;109213;9.2;3.91;47;534.2;0.4043;38;0;38;9
2016;390;15;60;20;60;0.50;100000;109203;9.2;7.87;155;383.0;0.2742;85;0;85;70
2016;391;30;90;30;55;0.50;100000;109199;9.2;2.77;55;533.0;0.4182;46;0;46;9
2016;392;15;90;65;95;0.50;100000;109192;9.2;2.51;85;1151.0;0.4529;77;0;77;8
2016;393;10;85;40;90;0.50;100000;109151;9.2;7.59;122;729.2;0.3361;82;0;82;40
2016;394;10;50;45;10;0.50;100000;109149;9.1;2.02;315;799.0;0.8540;538;223;92;0
2016;395;15;60;50;95;0.50;100000;109147;9.1;3.93;97;894.2;0.3814;74;0;74;23
2016;396;25;50;25;55;0.50;100000;109138;9.1;4.47;80;448.0;0.3563;57;0;57;23
2016;397;25;50;35;100;0.50;100000;109132;9.1;4.74;63;631.8;0.3016;38;0;38;25
2016;398;10;90;40;100;0.50;100000;109111;9.1;7.26;108;728.8;0.3148;68;0;68;40
2016;399;10;25;55;85;0.50;100000;109094;9.1;4.19;127;972.2;0.4252;108;0;108;19
2016;400;25;100;35;65;0.50;100000;109091;9.1;2.73;60;616.0;0.4083;49;0;49;11
2016;401;10;55;55;100;0.50;100000;109077;9.1;5.55;97;974.2;0.3918;76;0;76;21
2016;402;10;35;45;85;0.50;100000;109073;9.1;5.61;132;805.2;0.3750;99;0;99;33
2016;403;10;90;30;85;0.50;100000;109071;9.1;10.59;137;558.2;0.2847;78;0;78;59
2016;404;15;85;55;100;0.50;100000;109019;9.0;4.37;79;964.4;0.3987;63;0;63;16
2016;405;15;25;30;70;0.50;100000;109018;9.0;7.08;102;537.2;0.3333;68;0;68;34
2016;406;15;70;30;75;0.50;100000;109008;9.0;8.89;116;542.6;0.3147;73;0;73;43
2016;407;30;90;25;60;0.50;100000;108993;9.0;3.25;51;438.6;0.3529;36;0;36;15
2016;408;10;50;30;90;0.50;100000;108993;9.0;13.64;155;563.0;0.2710;84;0;84;71
2016;409;25;55;30;50;0.50;100000;108985;9.0;3.73;84;522.4;0.4226;71;0;71;13
2016;410;25;85;30;60;0.50;100000;108970;9.0;3.53;75;525.0;0.3800;57;0;57;18
2016;411;10;20;35;95;0.50;100000;108948;8.9;8.16;124;636.4;0.2944;73;0;73;51
2016;412;30;85;25;55;0.50;100000;108940;8.9;4.44;60;436.0;0.3667;44;0;44;16
2016;413;15;75;30;55;0.50;100000;108923;8.9;4.99;134;527.4;0.3843;103;0;103;31
2016;414;15;40;30;90;0.50;100000;108922;8.9;9.09;122;549.2;0.2746;67;0;67;55
2016;415;25;95;30;70;0.50;100000;108914;8.9;5.39;68;524.8;0.3456;47;0;47;21
2016;416;30;95;25;70;0.50;100000;108897;8.9;3.99;58;438.8;0.3103;36;0;36;22
2016;417;25;70;30;55;0.50;100000;108890;8.9;3.25;76;518.6;0.4013;61;0;61;15
2016;418;10;25;30;90;0.50;100000;108869;8.9;13.85;159;557.4;0.2704;86;0;86;73
2016;419;15;75;35;100;0.50;100000;108866;8.9;5.03;99;626.4;0.2879;57;0;57;42
2016;420;25;60;30;50;0.50;100000;108866;8.9;2.54;75;515.0;0.4267;64;0;64;11
2016;421;25;100;20;35;0.50;100000;108864;8.9;3.27;86;344.6;0.4128;71;0;71;15
2016;422;20;75;35;60;0.50;100000;108858;8.9;3.52;94;603.4;0.4096;77;0;77;17
2016;423;15;80;15;45;0.50;100000;108851;8.9;9.76;165;279.0;0.2758;91;0;91;74
2016;424;20;95;20;50;0.50;100000;108840;8.8;8.95;98;352.8;0.3214;63;0;63;35
2016;425;15;65;35;85;0.50;100000;108815;8.8;6.42;109;617.4;0.3211;70;0;70;39
2016;426;20;60;40;95;0.50;100000;108813;8.8;3.98;81;696.6;0.3333;54;0;54;27
2016;427;25;50;40;100;0.50;100000;108813;8.8;4.36;62;693.2;0.3306;41;0;41;21
2016;428;20;50;15;45;0.50;100000;108811;8.8;10.16;127;272.2;0.2795;71;0;71;56
2016;429;20;55;35;100;0.50;100000;108802;8.8;6.28;84;617.4;0.2917;49;0;49;35
2016;430;25;60;40;90;0.50;100000;108794;8.8;5.01;65;689.0;0.3538;46;0;46;19
2016;431;25;80;25;70;0.50;100000;108763;8.8;7.57;71;435.6;0.3028;43;0;43;28
2016;432;10;35;55;95;0.50;100000;108762;8.8;4.14;106;941.6;0.4009;85;0;85;21
2016;433;25;70;25;60;0.50;100000;108743;8.7;5.34;71;430.6;0.3380;48;0;48;23
2016;434;15;80;30;60;0.50;100000;108740;8.7;5.12;122;519.2;0.3648;89;0;89;33
2016;435;20;45;35;70;0.50;100000;108728;8.7;7.97;96;600.6;0.3698;71;0;71;25
2016;436;15;95;30;70;0.50;100000;108727;8.7;6.60;112;523.2;0.3304;74;0;74;38
2016;437;20;75;40;70;0.50;100000;108715;8.7;5.04;93;679.8;0.4032;75;0;75;18
2016;438;10;40;60;100;0.50;100000;108712;8.7;3.34;101;1018.6;0.4109;83;0;83;18
2016;439;30;50;30;75;0.50;100000;108708;8.7;3.83;43;509.8;0.3488;30;0;30;13
2016;440;30;65;20;50;0.50;100000;108704;8.7;4.89;56;341.6;0.3393;38;0;38;18
2016;441;10;75;40;90;0.50;100000;108696;8.7;8.22;124;696.4;0.3347;83;0;83;41
2016;442;15;65;40;70;0.50;100000;108691;8.7;4.75;120;682.0;0.3958;95;0;95;25
2016;443;10;70;30;75;0.50;100000;108682;8.7;11.96;164;535.4;0.3079;101;0;101;63
2016;444;30;65;25;65;0.50;100000;108672;8.7;2.81;53;425.8;0.3302;35;0;35;18
2016;445;10;75;45;80;0.50;100000;108665;8.7;5.70;127;767.2;0.3898;99;0;99;28
2016;446;25;100;20;55;0.50;100000;108662;8.7;5.52;75;345.0;0.3067;46;0;46;29
2016;447;30;50;25;60;0.50;100000;108660;8.7;5.00;48;422.8;0.3542;34;0;34;14
2016;448;25;80;35;95;0.50;100000;108643;8.6;5.60;59;597.4;0.3136;37;0;37;22
2016;449;25;90;20;45;0.50;100000;108643;8.6;4.01;75;340.0;0.3533;53;0;53;22
2016;450;10;20;35;75;0.50;100000;108630;8.6;6.75;164;610.4;0.3415;112;0;112;52
2016;451;10;85;40;35;0.50;100000;108626;8.6;1.93;200;670.0;0.5650;226;26;174;0
2016;452;30;95;30;55;0.50;100000;108609;8.6;3.77;50;500.0;0.4200;42;0;42;8
2016;453;10;35;60;90;0.50;100000;108600;8.6;3.50;119;1003.4;0.4328;103;0;103;16
2016;454;10;35;45;80;0.50;100000;108595;8.6;6.15;153;765.8;0.3856;118;0;118;35
2016;455;10;40;55;100;0.50;100000;108584;8.6;5.71;103;925.8;0.3883;80;0;80;23
2016;456;10;75;25;55;0.50;100000;108579;8.6;9.60;200;440.0;0.3350;134;0;134;66
2016;457;15;85;70;95;0.50;100000;108578;8.6;2.18;84;1157.4;0.4702;79;0;79;5
2016;458;15;100;30;80;0.50;100000;108554;8.6;6.75;108;518.8;0.3009;65;0;65;43
2016;459;10;55;65;80;0.50;100000;108545;8.5;1.79;132;1070.2;0.4811;127;0;127;5
2016;460;10;50;50;90;0.50;100000;108545;8.5;9.86;127;842.2;0.3858;98;0;98;29
2016;461;30;50;55;95;0.50;100000;108533;8.5;1.51;39;905.4;0.4487;35;0;35;4
2016;462;10;55;30;85;0.50;100000;108524;8.5;15.05;158;533.8;0.2816;89;0;89;69
2016;463;15;90;25;75;0.50;100000;108518;8.5;14.76;116;437.6;0.2759;64;0;64;52
2016;464;15;40;65;100;0.50;100000;108511;8.5;3.24;81;1071.6;0.4383;71;0;71;10
2016;465;10;35;50;35;0.50;100000;108510;8.5;4.11;224;831.4;0.6183;277;53;171;0
2016;466;10;80;30;60;0.50;100000;108509;8.5;6.46;169;513.4;0.3580;121;0;121;48
2016;467;30;100;30;70;0.50;100000;108507;8.5;3.91;57;500.2;0.3509;40;0;40;17
2016;468;30;65;30;55;0.50;100000;108507;8.5;2.54;57;495.2;0.4123;47;0;47;10
2016;469;10;85;45;85;0.50;100000;108500;8.5;4.80;124;756.4;0.3750;93;0;93;31
2016;470;10;50;35;10;0.50;100000;108498;8.5;4.21;341;582.6;0.8123;554;213;128;0
2016;471;30;50;30;65;0.50;100000;108483;8.5;3.65;43;494.8;0.3837;33;0;33;10
2016;472;10;25;60;100;0.50;100000;108479;8.5;3.18;92;991.2;0.4130;76;0;76;16
2016;473;25;55;25;60;0.50;100000;108473;8.5;4.07;63;416.8;0.3413;43;0;43;20
2016;474;15;40;35;100;0.50;100000;108472;8.5;6.16;105;603.0;0.2857;60;0;60;45
2016;475;25;85;30;90;0.50;100000;108472;8.5;5.87;66;507.6;0.2879;38;0;38;28
2016;476;15;100;20;40;0.50;100000;108462;8.5;4.24;131;336.6;0.3664;96;0;96;35
2016;477;15;25;30;90;0.50;100000;108420;8.4;9.77;103;515.8;0.2767;57;0;57;46
2016;478;10;50;55;95;0.50;100000;108418;8.4;6.25;109;907.4;0.3991;87;0;87;22
2016;479;30;50;25;65;0.50;100000;108411;8.4;4.56;48;412.8;0.3333;32;0;32;16
2016;480;25;95;30;90;0.50;100000;108411;8.4;6.62;68;504.8;0.2868;39;0;39;29
2016;481;10;60;90;30;0.50;100000;108402;8.4;2.88;152;1467.2;0.7961;242;90;62;0
2016;482;35;75;30;90;0.50;100000;108402;8.4;6.47;33;493.8;0.3182;21;0;21;12
2016;483;25;85;25;55;0.50;100000;108401;8.4;4.00;76;413.6;0.3553;54;0;54;22
2016;484;30;60;30;50;0.50;100000;108401;8.4;2.63;52;487.2;0.4423;46;0;46;6
2016;485;10;85;50;35;0.50;100000;108393;8.4;2.42;173;817.8;0.6243;216;43;130;0
2016;486;10;25;70;95;0.50;100000;108381;8.4;2.50;104;1134.4;0.4615;96;0;96;8
2016;487;10;15;30;80;0.50;100000;108379;8.4;9.91;126;513.6;0.2976;75;0;75;51
2016;488;10;15;45;90;0.50;100000;108372;8.4;5.82;110;746.0;0.3636;80;0;80;30
2016;489;15;25;35;85;0.50;100000;108371;8.4;6.42;96;585.6;0.3229;62;0;62;34
2016;490;10;55;50;85;0.50;100000;108370;8.4;6.77;133;823.8;0.3985;106;0;106;27
2016;491;10;75;30;90;0.50;100000;108367;8.4;20.52;140;524.0;0.2714;76;0;76;64
2016;492;30;50;25;50;0.50;100000;108363;8.4;2.73;49;406.4;0.3980;39;0;39;10
2016;493;15;90;60;100;0.50;100000;108362;8.4;3.91;75;975.0;0.4200;63;0;63;12
2016;494;25;55;40;75;0.50;100000;108361;8.4;2.83;57;650.2;0.4035;46;0;46;11
2016;495;10;35;65;85;0.50;100000;108360;8.4;2.38;121;1050.6;0.4669;113;0;113;8
2016;496;15;55;35;90;0.50;100000;108354;8.4;7.71;116;592.6;0.3060;71;0;71;45
2016;497;15;40;50;100;0.50;100000;108354;8.4;4.53;91;822.6;0.3681;67;0;67;24
2016;498;10;100;25;75;0.50;100000;108350;8.4;12.12;151;438.6;0.2715;82;0;82;69
2016;499;15;90;10;20;0.50;100000;108348;8.3;5.15;173;167.8;0.3728;129;0;129;44
2016;500;30;60;35;100;0.50;100000;108347;8.3;4.74;43;574.8;0.3140;27;0;27;16
2017;1;10;85;20;60;0.50;100000;134571;34.6;8.39;133;1213.8;0.3158;84;0;84;49
2017;2;10;100;30;80;0.50;100000;130924;30.9;5.92;88;1636.8;0.3636;64;0;64;24
2017;3;10;85;20;55;0.50;100000;130726;30.7;7.47;133;1093.8;0.3308;88;0;88;45
2017;4;10;40;15;40;0.50;100000;128103;28.1;10.06;212;768.2;0.3184;135;0;135;77
2017;5;10;40;15;45;0.50;100000;125653;25.7;8.16;197;714.2;0.2919;115;0;115;82
2017;6;15;40;25;70;0.50;100000;125385;25.4;3.71;83;1148.8;0.3434;57;0;57;26
2017;7;10;85;15;40;0.50;100000;125013;25.0;7.36;155;688.0;0.3258;101;0;101;54
2017;8;20;45;30;75;0.50;100000;124977;25.0;2.13;55;1348.0;0.4091;45;0;45;10
2017;9;10;35;20;60;0.50;100000;124819;24.8;7.80;171;920.6;0.2924;100;0;100;71
2017;10;10;30;20;55;0.50;100000;124711;24.7;5.13;170;912.0;0.3118;106;0;106;64
2017;11;20;45;25;75;0.50;100000;123605;23.6;4.54;55;1073.0;0.3545;39;0;39;16
2017;12;10;30;20;60;0.50;100000;123428;23.4;6.61;174;876.4;0.2902;101;0;101;73
2017;13;20;80;20;55;0.50;100000;123111;23.1;2.96;63;841.8;0.3651;46;0;46;17
2017;14;10;50;35;85;0.50;100000;123061;23.1;4.83;97;1474.2;0.3608;70;0;70;27
2017;15;15;55;20;60;0.50;100000;122346;22.3;4.88;96;825.6;0.3125;60;0;60;36
2017;16;10;25;20;40;0.50;100000;122004;22.0;7.38;205;813.0;0.3780;155;0;155;50
2017;17;10;50;20;50;0.50;100000;121542;21.5;6.84;175;805.0;0.3286;115;0;115;60
2017;18;15;25;25;75;0.50;100000;121529;21.5;5.90;76;993.6;0.3224;49;0;49;27
2017;19;10;25;20;45;0.50;100000;121509;21.5;11.19;202;802.2;0.3490;141;0;141;61
2017;20;10;80;15;40;0.50;100000;121454;21.5;9.14;156;601.6;0.3205;100;0;100;56
2017;21;10;90;20;50;0.50;100000;121322;21.3;8.96;128;790.8;0.3398;87;0;87;41
2017;22;15;35;30;80;0.50;100000;121314;21.3;6.67;74;1176.4;0.3514;52;0;52;22
2017;23;15;70;20;60;0.50;100000;121274;21.3;9.05;93;789.8;0.3118;58;0;58;35
2017;24;10;35;20;50;0.50;100000;121212;21.2;6.22;182;795.2;0.3269;119;0;119;63
2017;25;15;55;30;90;0.50;100000;120917;20.9;5.66;71;1160.6;0.3239;46;0;46;25
2017;26;10;90;35;85;0.50;100000;120442;20.4;5.09;79;1319.4;0.3671;58;0;58;21
2017;27;15;35;35;80;0.50;100000;120424;20.4;3.70;75;1315.0;0.3867;58;0;58;17
2017;28;15;100;35;80;0.50;100000;120389;20.4;2.53;67;1311.2;0.3955;53;0;53;14
2017;29;15;35;25;75;0.50;100000;120200;20.2;7.58;79;939.4;0.3165;50;0;50;29
2017;30;10;25;35;85;0.50;100000;120162;20.2;3.52;101;1308.6;0.3515;71;0;71;30
2017;31;15;35;30;65;0.50;100000;119674;19.7;2.54;89;1090.4;0.3876;69;0;69;20
2017;32;15;30;40;75;0.50;100000;119267;19.3;2.11;73;1417.8;0.4384;64;0;64;9
2017;33;15;35;30;70;0.50;100000;118986;19.0;4.41;87;1058.2;0.3678;64;0;64;23
2017;34;15;55;25;55;0.50;100000;118887;18.9;4.98;95;877.0;0.3789;72;0;72;23
2017;35;15;30;35;75;0.50;100000;118698;18.7;3.52;77;1212.2;0.3961;61;0;61;16
2017;36;15;55;25;70;0.50;100000;118629;18.6;7.72;81;871.6;0.3272;53;0;53;28
2017;37;15;35;25;65;0.50;100000;118465;18.5;4.54;90;864.0;0.3389;61;0;61;29
2017;38;10;100;30;85;0.50;100000;118234;18.2;5.58;90;1029.0;0.3167;57;0;57;33
2017;39;15;25;30;75;0.50;100000;118126;18.1;5.39;69;1013.4;0.3623;50;0;50;19
2017;40;10;25;20;50;0.50;100000;117940;17.9;9.20;188;686.8;0.3218;121;0;121;67
2017;41;25;70;20;55;0.50;100000;117803;17.8;3.57;51;663.6;0.3627;37;0;37;14
2017;42;10;65;15;40;0.50;100000;117654;17.7;7.11;166;507.6;0.3133;104;0;104;62
2017;43;10;45;25;55;0.50;100000;117635;17.6;7.98;155;833.0;0.3548;110;0;110;45
2017;44;10;55;20;60;0.50;100000;117547;17.5;10.85;146;675.6;0.2877;84;0;84;62
2017;45;15;55;20;55;0.50;100000;117447;17.4;6.52;100;660.0;0.3200;64;0;64;36
2017;46;15;100;15;40;0.50;100000;117310;17.3;5.16;93;489.8;0.3333;62;0;62;31
2017;47;10;55;35;95;0.50;100000;117042;17.0;4.08;88;1126.8;0.3239;57;0;57;31
2017;48;10;90;20;60;0.50;100000;116797;16.8;8.61;112;643.2;0.2946;66;0;66;46
2017;49;20;80;20;60;0.50;100000;116796;16.8;3.96;62;633.2;0.3226;40;0;40;22
2017;50;10;50;20;60;0.50;100000;116517;16.5;8.54;143;639.8;0.2867;82;0;82;61
2017;51;15;30;20;60;0.50;100000;116517;16.5;7.80;93;629.8;0.3011;56;0;56;37
2017;52;15;45;20;50;0.50;100000;116495;16.5;4.57;110;626.0;0.3364;74;0;74;36
2017;53;15;35;30;75;0.50;100000;116475;16.5;4.66;84;932.4;0.3452;58;0;58;26
2017;54;20;40;25;75;0.50;100000;116404;16.4;6.62;55;773.0;0.3273;36;0;36;19
2017;55;10;30;20;40;0.50;100000;116358;16.4;8.95;211;624.6;0.3697;156;0;156;55
2017;56;10;45;20;40;0.50;100000;116326;16.3;4.68;185;621.0;0.3730;138;0;138;47
2017;57;25;80;15;30;0.50;100000;116292;16.3;2.15;50;455.0;0.4500;45;0;45;5
2017;58;10;45;15;45;0.50;100000;116227;16.2;10.05;193;479.8;0.2824;109;0;109;84
2017;59;15;85;30;90;0.50;100000;116043;16.0;5.71;75;915.0;0.3067;46;0;46;29
2017;60;10;45;15;40;0.50;100000;115982;16.0;9.06;204;469.4;0.3064;125;0;125;79
2017;61;15;25;20;55;0.50;100000;115946;15.9;8.83;85;606.0;0.3235;55;0;55;30
2017;62;10;45;25;50;0.50;100000;115839;15.8;5.60;159;752.4;0.3742;119;0;119;40
2017;63;10;40;20;40;0.50;100000;115804;15.8;6.63;197;604.2;0.3706;146;0;146;51
2017;64;15;35;30;60;0.50;100000;115740;15.7;4.14;94;888.4;0.3936;74;0;74;20
2017;65;20;45;30;70;0.50;100000;115708;15.7;3.53;54;884.4;0.3889;42;0;42;12
2017;66;15;50;20;50;0.50;100000;115668;15.7;7.04;109;597.4;0.3349;73;0;73;36
2017;67;10;80;30;60;0.50;100000;115662;15.7;6.38;116;887.6;0.3836;89;0;89;27
2017;68;10;65;20;60;0.50;100000;115588;15.6;4.95;138;606.8;0.2862;79;0;79;59
2017;69;15;30;40;70;0.50;100000;115540;15.5;2.17;83;1163.8;0.4337;72;0;72;11
2017;70;15;85;20;50;0.50;100000;115537;15.5;4.57;99;591.4;0.3384;67;0;67;32
2017;71;15;25;35;80;0.50;100000;115518;15.5;3.47;63;1021.8;0.3810;48;0;48;15
2017;72;10;55;20;45;0.50;100000;115501;15.5;7.92;174;596.4;0.3448;120;0;120;54
2017;73;25;70;30;80;0.50;100000;115349;15.3;2.75;45;867.0;0.3667;33;0;33;12
2017;74;20;55;30;75;0.50;100000;115323;15.3;6.07;56;866.6;0.3661;41;0;41;15
2017;75;10;85;35;85;0.50;100000;115217;15.2;5.77;85;1011.0;0.3471;59;0;59;26
2017;76;15;50;25;45;0.50;100000;115207;15.2;5.57;110;716.0;0.4136;91;0;91;19
2017;77;15;35;40;80;0.50;100000;115190;15.2;2.58;70;1142.0;0.4071;57;0;57;13
2017;78;10;100;35;80;0.50;100000;115119;15.1;3.91;81;1001.6;0.3642;59;0;59;22
2017;79;10;20;25;50;0.50;100000;114994;15.0;7.36;183;718.8;0.3689;135;0;135;48
2017;80;15;50;30;90;0.50;100000;114986;15.0;4.52;72;859.2;0.3056;44;0;44;28
2017;81;20;45;30;65;0.50;100000;114916;14.9;2.45;59;842.4;0.3983;47;0;47;12
2017;82;10;50;25;70;0.50;100000;114824;14.8;7.91;132;720.2;0.2992;79;0;79;53
2017;83;15;95;40;85;0.50;100000;114816;14.8;2.99;60;1116.0;0.4000;48;0;48;12
2017;84;10;55;25;70;0.50;100000;114775;14.8;11.09;121;715.6;0.3017;73;0;73;48
2017;85;10;55;35;80;0.50;100000;114721;14.7;5.66;99;981.4;0.3535;70;0;70;29
2017;86;15;95;40;95;0.50;100000;114667;14.7;5.25;61;1109.6;0.3689;45;0;45;16
2017;87;20;45;35;85;0.50;100000;114603;14.6;2.85;47;964.2;0.3830;36;0;36;11
2017;88;10;30;30;55;0.50;100000;114518;14.5;4.93;154;829.4;0.3929;121;0;121;33
2017;89;10;35;20;40;0.50;100000;114476;14.5;6.10;201;558.6;0.3682;148;0;148;53
2017;90;10;45;20;45;0.50;100000;114461;14.5;9.11;178;560.8;0.3427;122;0;122;56
2017;91;20;30;25;70;0.50;100000;114433;14.4;4.54;44;683.4;0.3523;31;0;31;13
2017;92;10;100;35;85;0.50;100000;114423;14.4;4.83;84;962.4;0.3452;58;0;58;26
2017;93;15;50;30;75;0.50;100000;114320;14.3;6.36;79;819.4;0.3418;54;0;54;25
2017;94;10;20;20;60;0.50;100000;114300;14.3;9.19;166;567.6;0.2801;93;0;93;73
2017;95;10;85;50;85;0.50;100000;114212;14.2;3.19;80;1338.0;0.4375;70;0;70;10
2017;96;15;30;30;75;0.50;100000;114189;14.2;5.79;74;811.4;0.3446;51;0;51;23
2017;97;20;85;25;60;0.50;100000;114159;14.2;4.94;63;671.8;0.3651;46;0;46;17
2017;98;20;80;25;70;0.50;100000;114153;14.2;4.19;70;677.0;0.3214;45;0;45;25
2017;99;10;40;20;45;0.50;100000;114050;14.1;7.08;194;548.4;0.3402;132;0;132;62
2017;100;10;85;30;70;0.50;100000;114038;14.0;6.84;96;805.6;0.3490;67;0;67;29
2017;101;10;90;30;80;0.50;100000;113961;14.0;7.29;89;805.4;0.3202;57;0;57;32
2017;102;10;45;30;55;0.50;100000;113899;13.9;7.18;149;796.4;0.3926;117;0;117;32
2017;103;15;35;35;75;0.50;100000;113843;13.8;3.98;78;920.8;0.3782;59;0;59;19
2017;104;20;75;30;85;0.50;100000;113821;13.8;4.79;62;793.2;0.3226;40;0;40;22
2017;105;20;55;25;70;0.50;100000;113728;13.7;7.61;63;656.8;0.3254;41;0;41;22
2017;106;15;55;20;40;0.50;100000;113709;13.7;3.45;112;523.2;0.3839;86;0;86;26
2017;107;15;35;25;60;0.50;100000;113701;13.7;5.58;98;657.8;0.3418;67;0;67;31
2017;108;10;85;15;45;0.50;100000;113626;13.6;9.20;140;404.0;0.2857;80;0;80;60
2017;109;20;45;30;55;0.50;100000;113571;13.6;2.77;65;769.0;0.4308;56;0;56;9
2017;110;10;50;35;80;0.50;100000;113550;13.6;8.12;100;910.0;0.3500;70;0;70;30
2017;111;15;30;40;80;0.50;100000;113538;13.5;3.05;67;1026.2;0.4030;54;0;54;13
2017;112;10;85;30;85;0.50;100000;113468;13.5;7.37;94;783.4;0.3032;57;0;57;37
2017;113;20;30;25;75;0.50;100000;113449;13.4;4.54;42;641.2;0.3333;28;0;28;14
2017;114;10;50;30;80;0.50;100000;113365;13.4;7.91;102;777.2;0.3137;64;0;64;38
2017;115;15;50;35;70;0.50;100000;113356;13.4;4.11;89;890.4;0.3876;69;0;69;20
2017;116;10;55;35;85;0.50;100000;113313;13.3;4.46;95;897.0;0.3368;64;0;64;31
2017;117;20;65;10;30;0.50;100000;113299;13.3;5.27;87;258.2;0.3046;53;0;53;34
2017;118;10;100;40;80;0.50;100000;113266;13.3;4.15;79;1009.4;0.3924;62;0;62;17
2017;119;15;30;25;75;0.50;100000;113198;13.2;6.74;79;639.4;0.2975;47;0;47;32
2017;120;20;30;40;80;0.50;100000;113196;13.2;1.52;32;995.2;0.4688;30;0;30;2
2017;121;15;80;25;55;0.50;100000;113181;13.2;4.98;92;631.2;0.3641;67;0;67;25
2017;122;10;55;10;25;0.50;100000;113163;13.2;16.42;233;263.8;0.3219;150;0;150;83
2017;123;15;35;40;70;0.50;100000;113146;13.1;3.77;81;996.6;0.4259;69;0;69;12
2017;124;20;55;30;85;0.50;100000;113127;13.1;3.67;57;755.2;0.3246;37;0;37;20
2017;125;15;95;40;90;0.50;100000;113124;13.1;3.92;58;998.8;0.3793;44;0;44;14
2017;126;20;45;25;70;0.50;100000;113118;13.1;5.01;58;628.8;0.3276;38;0;38;20
2017;127;15;25;30;80;0.50;100000;113068;13.1;7.50;63;751.8;0.3333;42;0;42;21
2017;128;15;35;35;60;0.50;100000;113034;13.0;2.89;89;865.4;0.4270;76;0;76;13
2017;129;20;35;45;95;0.50;100000;113023;13.0;2.52;43;1109.8;0.4186;36;0;36;7
2017;130;10;85;30;50;0.50;100000;113017;13.0;5.49;126;743.6;0.4206;106;0;106;20
2017;131;20;30;25;65;0.50;100000;112986;13.0;5.52;44;618.4;0.3636;32;0;32;12
2017;132;10;100;20;60;0.50;100000;112936;12.9;6.84;121;510.6;0.2851;69;0;69;52
2017;133;20;55;20;60;0.50;100000;112936;12.9;7.36;71;500.6;0.3028;43;0;43;28
2017;134;20;50;25;65;0.50;100000;112932;12.9;2.81;58;618.8;0.3448;40;0;40;18
2017;135;20;30;30;70;0.50;100000;112929;12.9;3.53;45;737.0;0.3889;35;0;35;10
2017;136;20;60;25;60;0.50;100000;112921;12.9;4.54;69;618.4;0.3551;49;0;49;20
2017;137;10;40;35;80;0.50;100000;112880;12.9;5.25;107;870.2;0.3458;74;0;74;33
2017;138;20;80;25;55;0.50;100000;112854;12.9;5.32;69;613.4;0.3768;52;0;52;17
2017;139;20;55;20;55;0.50;100000;112795;12.8;6.31;66;492.6;0.3258;43;0;43;23
2017;140;15;85;15;40;0.50;100000;112752;12.8;7.61;102;372.2;0.3186;65;0;65;37
2017;141;20;45;25;55;0.50;100000;112733;12.7;4.00;66;607.6;0.3788;50;0;50;16
2017;142;15;50;35;80;0.50;100000;112717;12.7;3.70;67;851.2;0.3657;49;0;49;18
2017;143;15;35;40;85;0.50;100000;112709;12.7;3.39;71;970.6;0.3803;54;0;54;17
2017;144;15;55;30;55;0.50;100000;112700;12.7;4.61;92;726.2;0.4076;75;0;75;17
2017;145;15;35;20;60;0.50;100000;112665;12.7;6.39;102;497.2;0.2892;59;0;59;43
2017;146;15;60;30;90;0.50;100000;112645;12.6;5.66;74;736.4;0.2973;44;0;44;30
2017;147;15;55;30;65;0.50;100000;112643;12.6;5.42;81;726.6;0.3704;60;0;60;21
2017;148;10;40;40;95;0.50;100000;112555;12.6;3.90;81;966.6;0.3457;56;0;56;25
2017;149;20;100;35;90;0.50;100000;112547;12.5;5.50;53;840.8;0.3491;37;0;37;16
2017;150;20;85;40;100;0.50;100000;112538;12.5;4.50;45;957.0;0.3667;33;0;33;12
2017;151;15;50;25;55;0.50;100000;112537;12.5;5.01;91;602.6;0.3626;66;0;66;25
2017;152;25;45;20;60;0.50;100000;112485;12.5;3.57;31;476.6;0.3548;22;0;22;9
2017;153;15;85;20;60;0.50;100000;112395;12.4;6.84;83;483.8;0.2952;49;0;49;34
2017;154;15;35;40;95;0.50;100000;112393;12.4;2.87;58;948.8;0.3621;42;0;42;16
2017;155;10;40;30;80;0.50;100000;112363;12.4;9.66;110;726.0;0.3091;68;0;68;42
2017;156;10;40;20;50;0.50;100000;112330;12.3;8.35;191;492.6;0.3141;120;0;120;71
2017;157;10;90;30;50;0.50;100000;112320;12.3;3.82;124;706.4;0.4194;104;0;104;20
2017;158;15;30;30;80;0.50;100000;112318;12.3;4.60;69;713.4;0.3261;45;0;45;24
2017;159;20;50;20;55;0.50;100000;112312;12.3;3.77;61;474.6;0.3279;40;0;40;21
2017;160;20;35;50;95;0.50;100000;112283;12.3;2.09;40;1164.0;0.4500;36;0;36;4
2017;161;10;30;35;75;0.50;100000;112253;12.3;7.12;127;832.2;0.3543;90;0;90;37
2017;162;15;90;20;40;0.50;100000;112248;12.2;3.13;93;469.8;0.3871;72;0;72;21
2017;163;25;70;30;75;0.50;100000;112243;12.2;2.83;45;702.0;0.3667;33;0;33;12
2017;164;10;95;30;80;0.50;100000;112228;12.2;7.50;78;710.8;0.3205;50;0;50;28
2017;165;15;40;20;55;0.50;100000;112177;12.2;5.75;99;476.4;0.3081;61;0;61;38
2017;166;15;85;25;55;0.50;100000;112175;12.2;5.22;82;585.2;0.3659;60;0;60;22
2017;167;20;50;30;60;0.50;100000;112113;12.1;3.68;62;693.2;0.4032;50;0;50;12
2017;168;15;35;45;80;0.50;100000;112081;12.1;2.15;68;1034.8;0.4265;58;0;58;10
2017;169;10;45;20;50;0.50;100000;112076;12.1;7.65;171;480.6;0.3158;108;0;108;63
2017;170;10;80;50;80;0.50;100000;112064;12.1;3.11;81;1146.6;0.4444;72;0;72;9
2017;171;10;95;35;80;0.50;100000;112052;12.1;4.69;74;811.4;0.3581;53;0;53;21
2017;172;10;70;30;80;0.50;100000;112047;12.0;4.52;96;705.6;0.3125;60;0;60;36
2017;173;15;30;30;70;0.50;100000;112014;12.0;6.12;88;696.8;0.3466;61;0;61;27
2017;174;15;30;50;85;0.50;100000;111980;12.0;2.19;62;1138.2;0.4435;55;0;55;7
2017;175;15;30;45;85;0.50;100000;111951;12.0;3.09;67;1026.2;0.4104;55;0;55;12
2017;176;15;40;20;60;0.50;100000;111946;11.9;6.99;93;469.8;0.2903;54;0;54;39
2017;177;10;85;25;55;0.50;100000;111943;11.9;7.62;121;580.6;0.3512;85;0;85;36
2017;178;15;25;30;90;0.50;100000;111935;11.9;4.63;61;694.6;0.3033;37;0;37;24
2017;179;10;40;20;55;0.50;100000;111908;11.9;6.52;175;480.0;0.2943;103;0;103;72
2017;180;15;55;20;45;0.50;100000;111891;11.9;6.91;116;462.6;0.3491;81;0;81;35
2017;181;15;90;40;80;0.50;100000;111843;11.8;2.58;67;906.2;0.3955;53;0;53;14
2017;182;30;80;15;30;0.50;100000;111817;11.8;2.15;38;336.8;0.4474;34;0;34;4
2017;183;20;45;25;50;0.50;100000;111789;11.8;3.10;62;563.2;0.4032;50;0;50;12
2017;184;10;55;15;45;0.50;100000;111763;11.8;8.71;172;359.2;0.2791;96;0;96;76
2017;185;15;35;35;65;0.50;100000;111754;11.8;3.52;87;788.2;0.4023;70;0;70;17
2017;186;15;45;25;70;0.50;100000;111729;11.7;6.26;96;575.6;0.3021;58;0;58;38
2017;187;10;25;25;65;0.50;100000;111694;11.7;8.03;155;583.0;0.3065;95;0;95;60
2017;188;20;30;35;75;0.50;100000;111678;11.7;2.53;43;779.8;0.4070;35;0;35;8
2017;189;15;80;30;55;0.50;100000;111652;11.7;4.24;86;669.6;0.4070;70;0;70;16
2017;190;15;40;15;40;0.50;100000;111523;11.5;7.88;117;341.2;0.3120;73;0;73;44
2017;191;15;50;30;65;0.50;100000;111491;11.5;3.73;82;665.2;0.3659;60;0;60;22
2017;192;20;45;30;85;0.50;100000;111443;11.4;5.76;51;663.6;0.3235;33;0;33;18
2017;193;10;85;15;35;0.50;100000;111409;11.4;6.50;158;338.8;0.3354;106;0;106;52
2017;194;20;50;10;25;0.50;100000;111380;11.4;5.86;78;220.8;0.3462;54;0;54;24
2017;195;15;50;15;45;0.50;100000;111355;11.4;8.74;121;340.6;0.2851;69;0;69;52
2017;196;15;30;50;75;0.50;100000;111291;11.3;2.28;72;1074.2;0.4653;67;0;67;5
2017;197;10;90;50;80;0.50;100000;111289;11.3;3.54;74;1076.4;0.4459;66;0;66;8
2017;198;20;30;30;80;0.50;100000;111281;11.3;4.52;36;649.6;0.3611;26;0;26;10
2017;199;20;50;20;45;0.50;100000;111278;11.3;5.47;68;434.8;0.3676;50;0;50;18
2017;200;15;35;25;70;0.50;100000;111266;11.3;7.87;78;550.8;0.3077;48;0;48;30
2017;201;10;30;25;75;0.50;100000;111199;11.2;9.31;133;563.8;0.2782;74;0;74;59
2017;202;20;30;35;80;0.50;100000;111197;11.2;3.91;33;748.8;0.4091;27;0;27;6
2017;203;10;85;20;45;0.50;100000;111186;11.2;8.38;126;438.6;0.3452;87;0;87;39
2017;204;20;60;25;65;0.50;100000;111155;11.2;6.74;70;542.0;0.3286;46;0;46;24
2017;205;25;55;25;55;0.50;100000;111133;11.1;2.55;41;532.6;0.4024;33;0;33;8
2017;206;25;55;25;75;0.50;100000;111128;11.1;4.61;44;538.4;0.3182;28;0;28;16
2017;207;10;95;30;85;0.50;100000;111098;11.1;8.19;83;653.8;0.3012;50;0;50;33
2017;208;20;50;25;55;0.50;100000;111096;11.1;4.44;55;533.0;0.3818;42;0;42;13
2017;209;15;85;35;80;0.50;100000;111085;11.1;4.66;62;748.2;0.3629;45;0;45;17
2017;210;15;60;30;65;0.50;100000;111066;11.1;3.28;87;643.2;0.3621;63;0;63;24
2017;211;20;85;20;60;0.50;100000;111054;11.1;6.61;63;431.8;0.3016;38;0;38;25
2017;212;15;50;30;85;0.50;100000;111038;11.0;5.76;70;647.0;0.3071;43;0;43;27
2017;213;10;50;15;40;0.50;100000;110977;11.0;6.94;189;335.4;0.3016;114;0;114;75
2017;214;10;100;30;75;0.50;100000;110973;11.0;8.16;87;643.2;0.3276;57;0;57;30
2017;215;10;75;30;55;0.50;100000;110961;11.0;4.75;117;636.2;0.3932;92;0;92;25
2017;216;15;50;30;55;0.50;100000;110944;10.9;4.47;88;631.8;0.4034;71;0;71;17
2017;217;10;65;20;55;0.50;100000;110929;10.9;6.29;156;441.6;0.2949;92;0;92;64
2017;218;15;20;50;100;0.50;100000;110926;10.9;2.04;40;1044.0;0.4250;34;0;34;6
2017;219;15;50;15;40;0.50;100000;110925;10.9;6.88;121;325.6;0.3099;75;0;75;46
2017;220;25;70;40;85;0.50;100000;110918;10.9;1.99;45;837.0;0.4000;36;0;36;9
2017;221;30;55;15;45;0.50;100000;110907;10.9;2.59;32;315.2;0.3438;22;0;22;10
2017;222;25;45;25;55;0.50;100000;110894;10.9;3.55;35;521.0;0.4143;29;0;29;6
2017;223;10;20;25;60;0.50;100000;110887;10.9;7.28;168;544.8;0.3214;108;0;108;60
2017;224;20;60;20;60;0.50;100000;110876;10.9;9.48;67;426.2;0.2985;40;0;40;27
2017;225;30;70;15;35;0.50;100000;110859;10.9;5.86;41;312.6;0.3902;32;0;32;9
2017;226;15;30;35;65;0.50;100000;110859;10.9;2.73;78;730.8;0.4038;63;0;63;15
2017;227;15;25;15;45;0.50;100000;110854;10.9;7.78;91;322.6;0.2912;53;0;53;38
2017;228;20;30;30;65;0.50;100000;110836;10.8;3.53;44;623.4;0.3977;35;0;35;9
2017;229;15;50;25;65;0.50;100000;110809;10.8;6.04;86;529.6;0.3198;55;0;55;31
2017;230;20;80;30;70;0.50;100000;110748;10.7;4.41;68;624.8;0.3529;48;0;48;20
2017;231;20;55;30;65;0.50;100000;110706;10.7;2.54;58;618.8;0.3793;44;0;44;14
2017;232;10;85;25;50;0.50;100000;110699;10.7;6.31;127;522.2;0.3701;94;0;94;33
2017;233;10;65;35;95;0.50;100000;110693;10.7;5.42;88;736.8;0.3068;54;0;54;34
2017;234;20;50;25;75;0.50;100000;110689;10.7;5.52;56;521.6;0.3036;34;0;34;22
2017;235;25;45;15;45;0.50;100000;110678;10.7;3.71;36;309.6;0.3333;24;0;24;12
2017;236;10;30;25;60;0.50;100000;110675;10.7;8.11;155;533.0;0.3226;100;0;100;55
2017;237;20;60;35;65;0.50;100000;110653;10.7;3.33;67;716.2;0.4104;55;0;55;12
2017;238;20;30;30;75;0.50;100000;110630;10.6;3.53;43;614.8;0.3605;31;0;31;12
2017;239;10;65;25;45;0.50;100000;110612;10.6;5.59;152;517.2;0.3914;119;0;119;33
2017;240;15;30;30;90;0.50;100000;110601;10.6;4.74;68;624.8;0.2941;40;0;40;28
2017;241;15;55;30;85;0.50;100000;110575;10.6;6.29;76;623.6;0.3026;46;0;46;30
2017;242;15;85;20;40;0.50;100000;110572;10.6;3.57;93;409.8;0.3817;71;0;71;22
2017;243;10;30;20;45;0.50;100000;110545;10.5;6.32;197;424.2;0.3350;132;0;132;65
2017;244;10;30;15;30;0.50;100000;110544;10.5;9.83;255;318.0;0.3627;185;0;185;70
2017;245;10;80;25;40;0.50;100000;110542;10.5;5.17;157;510.2;0.4204;132;0;132;25
2017;246;30;70;30;55;0.50;100000;110537;10.5;3.01;40;604.0;0.4500;36;0;36;4
2017;247;10;80;25;60;0.50;100000;110505;10.5;7.21;109;517.4;0.3303;72;0;72;37
2017;248;20;30;40;75;0.50;100000;110489;10.5;1.70;41;802.6;0.4390;36;0;36;5
2017;249;10;45;30;65;0.50;100000;110481;10.5;7.18;123;617.8;0.3496;86;0;86;37
2017;250;15;95;30;90;0.50;100000;110476;10.5;5.61;72;619.2;0.2917;42;0;42;30
2017;251;20;100;20;55;0.50;100000;110472;10.5;4.36;68;409.8;0.3162;43;0;43;25
2017;252;20;35;35;65;0.50;100000;110447;10.4;3.52;56;701.6;0.4196;47;0;47;9
2017;253;20;40;35;70;0.50;100000;110436;10.4;3.72;49;701.4;0.4082;40;0;40;9
2017;254;10;80;15;25;0.50;100000;110436;10.4;4.99;203;305.8;0.4113;167;0;167;36
2017;255;20;45;20;60;0.50;100000;110433;10.4;5.64;52;407.2;0.3077;32;0;32;20
2017;256;20;60;20;45;0.50;100000;110427;10.4;5.04;75;405.0;0.3600;54;0;54;21
2017;257;15;25;25;55;0.50;100000;110391;10.4;5.22;82;505.2;0.3598;59;0;59;23
2017;258;30;75;30;55;0.50;100000;110372;10.4;1.77;36;594.6;0.4583;33;0;33;3
2017;259;10;85;50;90;0.50;100000;110369;10.4;2.76;73;997.8;0.4110;60;0;60;13
2017;260;20;90;20;60;0.50;100000;110345;10.3;4.57;54;404.4;0.3056;33;0;33;21
2017;261;20;30;30;90;0.50;100000;110342;10.3;5.50;41;602.6;0.3171;26;0;26;15
2017;262;20;30;35;85;0.50;100000;110338;10.3;2.53;44;698.4;0.3636;32;0;32;12
2017;263;20;35;35;95;0.50;100000;110321;10.3;4.69;43;699.8;0.3372;29;0;29;14
2017;264;25;65;10;30;0.50;100000;110306;10.3;4.87;56;201.6;0.3125;35;0;35;21
2017;265;10;25;50;95;0.50;100000;110292;10.3;3.65;76;993.6;0.3947;60;0;60;16
2017;266;10;20;15;40;0.50;100000;110285;10.3;12.40;221;320.6;0.2986;132;0;132;89
2017;267;10;90;30;85;0.50;100000;110268;10.3;4.65;80;608.0;0.3000;48;0;48;32
2017;268;10;20;45;80;0.50;100000;110262;10.3;3.59;101;893.6;0.4010;81;0;81;20
2017;269;10;90;35;80;0.50;100000;110254;10.3;6.22;82;700.2;0.3476;57;0;57;25
2017;270;20;30;40;85;0.50;100000;110246;10.2;2.52;41;787.6;0.4024;33;0;33;8
2017;271;20;45;50;75;0.50;100000;110239;10.2;1.52;52;977.2;0.4808;50;0;50;2
2017;272;10;20;50;80;0.50;100000;110209;10.2;2.51;98;982.8;0.4286;84;0;84;14
2017;273;10;90;20;45;0.50;100000;110186;10.2;7.67;130;403.0;0.3423;89;0;89;41
2017;274;10;95;35;90;0.50;100000;110181;10.2;5.98;76;698.6;0.3224;49;0;49;27
2017;275;15;35;45;70;0.50;100000;110151;10.2;2.26;81;876.6;0.4444;72;0;72;9
2017;276;15;50;40;65;0.50;100000;110147;10.1;2.52;82;780.2;0.4329;71;0;71;11
2017;277;15;25;25;60;0.50;100000;110146;10.1;6.08;78;495.8;0.3397;53;0;53;25
2017;278;15;35;35;70;0.50;100000;110145;10.1;4.64;83;688.8;0.3795;63;0;63;20
2017;279;10;100;30;50;0.50;100000;110133;10.1;3.24;109;587.4;0.4174;91;0;91;18
2017;280;20;40;35;80;0.50;100000;110127;10.1;4.89;50;685.0;0.3700;37;0;37;13
2017;281;20;35;30;65;0.50;100000;110090;10.1;8.56;57;585.2;0.3772;43;0;43;14
2017;282;15;90;20;60;0.50;100000;110080;10.1;5.86;85;401.0;0.2882;49;0;49;36
2017;283;20;80;35;70;0.50;100000;110064;10.1;3.59;64;680.4;0.3906;50;0;50;14
2017;284;20;35;30;80;0.50;100000;110054;10.1;6.20;46;585.6;0.3370;31;0;31;15
2017;285;20;30;40;90;0.50;100000;110044;10.0;3.33;40;774.0;0.3875;31;0;31;9
2017;286;20;35;40;80;0.50;100000;110041;10.0;2.64;48;772.8;0.4062;39;0;39;9
2017;287;20;60;20;55;0.50;100000;110023;10.0;6.69;72;394.2;0.3125;45;0;45;27
2017;288;10;30;20;50;0.50;100000;110016;10.0;6.12;193;409.8;0.3109;120;0;120;73
2017;289;20;35;35;85;0.50;100000;109970;10.0;5.14;46;675.6;0.3587;33;0;33;13
2017;290;10;25;55;95;0.50;100000;109970;10.0;2.82;74;1056.4;0.4189;62;0;62;12
2017;291;20;60;30;65;0.50;100000;109961;10.0;5.69;71;580.6;0.3662;52;0;52;19
2017;292;15;100;35;90;0.50;100000;109946;9.9;6.49;64;680.4;0.3281;42;0;42;22
2017;293;15;55;30;80;0.50;100000;109942;9.9;5.44;80;588.0;0.3125;50;0;50;30
2017;294;25;45;30;65;0.50;100000;109927;9.9;2.54;34;572.4;0.4118;28;0;28;6
2017;295;15;30;45;75;0.50;100000;109926;9.9;2.89;72;859.2;0.4306;62;0;62;10
2017;296;20;35;40;95;0.50;100000;109912;9.9;3.21;42;766.2;0.3690;31;0;31;11
2017;297;10;20;40;80;0.50;100000;109911;9.9;4.09;104;774.4;0.3702;77;0;77;27
2017;298;10;20;20;50;0.50;100000;109892;9.9;8.75;183;403.8;0.3115;114;0;114;69
2017;299;20;50;35;80;0.50;100000;109888;9.9;6.62;47;669.2;0.3723;35;0;35;12
2017;300;10;70;25;40;0.50;100000;109884;9.9;3.77;150;480.0;0.4200;126;0;126;24
2017;301;15;40;30;70;0.50;100000;109880;9.9;5.63;85;581.0;0.3412;58;0;58;27
2017;302;15;35;30;55;0.50;100000;109869;9.9;4.38;100;575.0;0.3950;79;0;79;21
2017;303;10;25;30;50;0.50;100000;109844;9.8;4.81;173;577.8;0.4046;140;0;140;33
2017;304;10;30;50;100;0.50;100000;109844;9.8;6.91;69;953.4;0.3841;53;0;53;16
2017;305;10;80;45;80;0.50;100000;109834;9.8;5.96;85;856.0;0.4059;69;0;69;16
2017;306;10;55;25;75;0.50;100000;109790;9.8;10.18;111;494.6;0.2793;62;0;62;49
2017;307;30;85;30;70;0.50;100000;109789;9.8;4.41;38;566.8;0.3816;29;0;29;9
2017;308;15;100;25;75;0.50;100000;109743;9.7;4.92;82;485.2;0.2866;47;0;47;35
2017;309;20;35;35;90;0.50;100000;109739;9.7;6.22;45;662.0;0.3444;31;0;31;14
2017;310;20;35;15;40;0.50;100000;109737;9.7;3.38;47;284.2;0.3404;32;0;32;15
2017;311;10;20;55;80;0.50;100000;109713;9.7;2.51;95;1027.0;0.4526;86;0;86;9
2017;312;15;85;25;70;0.50;100000;109712;9.7;6.45;72;479.2;0.3056;44;0;44;28
2017;313;15;50;35;75;0.50;100000;109708;9.7;4.82;77;662.2;0.3636;56;0;56;21
2017;314;15;55;40;85;0.50;100000;109687;9.7;5.80;66;752.6;0.3712;49;0;49;17
2017;315;15;40;25;65;0.50;100000;109670;9.7;5.55;87;478.2;0.3161;55;0;55;32
2017;316;10;55;30;90;0.50;100000;109665;9.7;8.84;98;582.8;0.2806;55;0;55;43
2017;317;15;45;40;90;0.50;100000;109662;9.7;2.97;69;753.4;0.3551;49;0;49;20
2017;318;15;45;25;40;0.50;100000;109657;9.7;4.28;106;466.6;0.4292;91;0;91;15
2017;319;20;45;30;60;0.50;100000;109648;9.6;3.53;51;558.6;0.4020;41;0;41;10
2017;320;10;60;20;50;0.50;100000;109644;9.6;10.97;163;391.8;0.3129;102;0;102;61
2017;321;15;50;20;55;0.50;100000;109643;9.6;7.86;103;385.8;0.3010;62;0;62;41
2017;322;15;85;20;55;0.50;100000;109621;9.6;5.73;94;383.4;0.3032;57;0;57;37
2017;323;10;75;20;40;0.50;100000;109611;9.6;14.47;143;379.8;0.3671;105;0;105;38
2017;324;10;50;25;45;0.50;100000;109598;9.6;8.05;176;473.6;0.3864;136;0;136;40
2017;325;30;80;10;30;0.50;100000;109590;9.6;3.32;38;186.8;0.3289;25;0;25;13
2017;326;15;25;45;90;0.50;100000;109553;9.6;3.51;50;830.0;0.4000;40;0;40;10
2017;327;20;35;45;85;0.50;100000;109546;9.5;2.52;45;827.0;0.4222;38;0;38;7
2017;328;15;85;25;50;0.50;100000;109532;9.5;7.10;96;465.6;0.3750;72;0;72;24
2017;329;25;65;10;25;0.50;100000;109526;9.5;4.46;60;186.0;0.3500;42;0;42;18
2017;330;25;55;20;55;0.50;100000;109506;9.5;5.75;49;371.4;0.3265;32;0;32;17
2017;331;30;85;30;80;0.50;100000;109500;9.5;3.61;34;552.4;0.3529;24;0;24;10
2017;332;10;100;35;95;0.50;100000;109491;9.5;5.05;80;658.0;0.3063;49;0;49;31
2017;333;10;15;50;80;0.50;100000;109490;9.5;2.55;82;915.2;0.4329;71;0;71;11
2017;334;10;75;20;55;0.50;100000;109489;9.5;9.74;132;385.2;0.2955;78;0;78;54
2017;335;20;90;25;65;0.50;100000;109485;9.5;3.83;61;464.6;0.3279;40;0;40;21
2017;336;15;30;30;55;0.50;100000;109438;9.4;4.00;99;551.4;0.3939;78;0;78;21
2017;337;15;35;45;75;0.50;100000;109427;9.4;2.89;79;819.4;0.4241;67;0;67;12
2017;338;10;100;40;90;0.50;100000;109412;9.4;7.03;74;736.4;0.3514;52;0;52;22
2017;339;10;45;35;70;0.50;100000;109404;9.4;9.46;113;646.8;0.3673;83;0;83;30
2017;340;10;55;30;50;0.50;100000;109374;9.4;3.52;150;550.0;0.4067;122;0;122;28
2017;341;15;35;50;95;0.50;100000;109363;9.4;2.09;54;904.4;0.4074;44;0;44;10
2017;342;10;100;30;45;0.50;100000;109330;9.3;4.21;117;541.2;0.4402;103;0;103;14
2017;343;15;60;10;25;0.50;100000;109325;9.3;7.00;127;187.2;0.3268;83;0;83;44
2017;344;15;100;35;85;0.50;100000;109322;9.3;7.62;65;639.0;0.3385;44;0;44;21
2017;345;20;50;35;65;0.50;100000;109320;9.3;3.34;57;630.2;0.4123;47;0;47;10
2017;346;15;25;30;55;0.50;100000;109319;9.3;3.63;77;542.2;0.4026;62;0;62;15
2017;347;10;75;50;85;0.50;100000;109311;9.3;3.52;75;900.0;0.4200;63;0;63;12
2017;348;10;80;30;70;0.50;100000;109295;9.3;6.73;105;553.0;0.3333;70;0;70;35
2017;349;15;35;30;85;0.50;100000;109292;9.3;6.47;79;554.4;0.2975;47;0;47;32
2017;350;10;25;50;85;0.50;100000;109283;9.3;4.54;83;898.8;0.4157;69;0;69;14
2017;351;15;100;40;90;0.50;100000;109249;9.2;5.86;63;721.8;0.3571;45;0;45;18
2017;352;20;60;20;50;0.50;100000;109247;9.2;3.57;69;363.4;0.3333;46;0;46;23
2017;353;15;30;25;70;0.50;100000;109216;9.2;7.72;89;460.4;0.2978;53;0;53;36
2017;354;10;95;35;95;0.50;100000;109208;9.2;4.81;73;637.8;0.3082;45;0;45;28
2017;355;15;65;20;40;0.50;100000;109197;9.2;6.63;113;361.8;0.3717;84;0;84;29
2017;356;10;95;25;75;0.50;100000;109165;9.2;8.71;98;462.8;0.2806;55;0;55;43
2017;357;20;30;45;80;0.50;100000;109161;9.2;1.79;31;791.6;0.4677;29;0;29;2
2017;358;15;20;55;100;0.50;100000;109151;9.2;1.74;40;969.0;0.4375;35;0;35;5
2017;359;15;100;30;80;0.50;100000;109147;9.1;8.24;70;542.0;0.3143;44;0;44;26
2017;360;20;75;20;50;0.50;100000;109123;9.1;5.76;59;357.4;0.3390;40;0;40;19
2017;361;15;25;40;80;0.50;100000;109118;9.1;4.15;65;709.0;0.3846;50;0;50;15
2017;362;15;45;95;55;0.50;100000;109102;9.1;1.45;54;1664.4;0.7407;80;26;28;0
2017;363;25;45;30;70;0.50;100000;109088;9.1;2.54;37;528.2;0.3784;28;0;28;9
2017;364;10;100;25;70;0.50;100000;109083;9.1;7.91;102;457.2;0.2941;60;0;60;42
2017;365;15;65;25;40;0.50;100000;109063;9.1;3.29;104;439.4;0.4279;89;0;89;15
2017;366;10;55;25;60;0.50;100000;109056;9.1;8.44;135;456.0;0.3222;87;0;87;48
2017;367;20;50;30;90;0.50;100000;109027;9.0;4.85;48;532.8;0.3021;29;0;29;19
2017;368;15;45;25;45;0.50;100000;109000;9.0;5.37;114;440.4;0.3947;90;0;90;24
2017;369;25;70;25;75;0.50;100000;108999;9.0;5.52;42;441.2;0.3095;26;0;26;16
2017;370;15;35;40;75;0.50;100000;108980;9.0;3.82;79;699.4;0.3924;62;0;62;17
2017;371;30;65;30;55;0.50;100000;108977;9.0;3.53;40;519.0;0.4375;35;0;35;5
2017;372;10;50;45;90;0.50;100000;108961;9.0;5.10;80;788.0;0.3750;60;0;60;20
2017;373;20;45;25;65;0.50;100000;108934;8.9;6.99;58;438.8;0.3276;38;0;38;20
2017;374;10;30;45;80;0.50;100000;108930;8.9;3.68;94;783.4;0.3989;75;0;75;19
2017;375;15;85;30;85;0.50;100000;108929;8.9;5.89;70;532.0;0.3000;42;0;42;28
2017;376;15;35;35;95;0.50;100000;108925;8.9;3.89;66;617.6;0.3106;41;0;41;25
2017;377;20;35;55;95;0.50;100000;108914;8.9;2.51;40;944.0;0.4500;36;0;36;4
2017;378;25;45;35;65;0.50;100000;108914;8.9;1.52;35;601.0;0.4429;31;0;31;4
2017;379;15;55;45;80;0.50;100000;108895;8.9;2.69;64;775.4;0.4141;53;0;53;11
2017;380;25;60;35;70;0.50;100000;108861;8.9;3.06;46;600.6;0.4022;37;0;37;9
2017;381;10;80;25;50;0.50;100000;108846;8.8;6.31;133;438.8;0.3647;97;0;97;36
2017;382;20;80;25;60;0.50;100000;108805;8.8;4.07;66;432.6;0.3409;45;0;45;21
2017;383;30;60;25;70;0.50;100000;108804;8.8;5.99;36;429.6;0.3333;24;0;24;12
2017;384;20;30;20;45;0.50;100000;108785;8.8;3.57;42;341.2;0.3810;32;0;32;10
2017;385;20;85;30;90;0.50;100000;108780;8.8;5.71;56;521.6;0.2946;33;0;33;23
2017;386;15;50;30;70;0.50;100000;108755;8.8;5.63;86;519.6;0.3372;58;0;58;28
2017;387;15;70;25;55;0.50;100000;108751;8.8;5.45;85;431.0;0.3529;60;0;60;25
2017;388;15;70;20;55;0.50;100000;108707;8.7;7.28;93;349.8;0.3011;56;0;56;37
2017;389;20;80;20;45;0.50;100000;108690;8.7;4.74;64;340.4;0.3594;46;0;46;18
2017;390;10;40;25;70;0.50;100000;108683;8.7;8.10;141;447.6;0.2872;81;0;81;60
2017;391;10;25;35;100;0.50;100000;108670;8.7;7.51;86;609.6;0.2907;50;0;50;36
2017;392;20;75;30;55;0.50;100000;108669;8.7;3.25;61;504.6;0.4098;50;0;50;11
2017;393;10;25;35;95;0.50;100000;108655;8.7;6.56;88;606.8;0.3011;53;0;53;35
2017;394;10;65;20;45;0.50;100000;108654;8.7;9.08;147;349.2;0.3367;99;0;99;48
2017;395;15;70;30;60;0.50;100000;108633;8.6;5.27;87;508.2;0.3736;65;0;65;22
2017;396;10;30;50;75;0.50;100000;108630;8.6;3.58;99;836.4;0.4394;87;0;87;12
2017;397;15;75;35;80;0.50;100000;108626;8.6;4.51;69;593.4;0.3478;48;0;48;21
2017;398;35;95;15;35;0.50;100000;108623;8.6;3.61;35;251.0;0.3857;27;0;27;8
2017;399;15;45;25;50;0.50;100000;108619;8.6;4.35;107;425.2;0.3692;79;0;79;28
2017;400;10;40;40;85;0.50;100000;108610;8.6;4.31;93;679.8;0.3548;66;0;66;27
2017;401;10;80;20;40;0.50;100000;108599;8.6;7.06;141;342.6;0.3652;103;0;103;38
2017;402;10;25;40;80;0.50;100000;108597;8.6;4.04;114;680.4;0.3640;83;0;83;31
2017;403;15;25;25;65;0.50;100000;108594;8.6;5.55;74;426.4;0.3176;47;0;47;27
2017;404;15;30;35;70;0.50;100000;108574;8.6;6.05;80;588.0;0.3750;60;0;60;20
2017;405;30;80;10;25;0.50;100000;108565;8.6;2.77;38;166.8;0.3684;28;0;28;10
2017;406;15;40;25;75;0.50;100000;108543;8.5;6.62;85;431.0;0.2824;48;0;48;37
2017;407;10;40;30;65;0.50;100000;108518;8.5;8.26;134;512.4;0.3433;92;0;92;42
2017;408;15;85;30;80;0.50;100000;108511;8.5;7.50;67;506.2;0.3134;42;0;42;25
2017;409;15;45;35;55;0.50;100000;108509;8.5;3.52;94;578.4;0.4309;81;0;81;13
2017;410;20;65;20;60;0.50;100000;108506;8.5;6.54;71;340.6;0.2887;41;0;41;30
2017;411;25;95;20;60;0.50;100000;108506;8.5;3.31;46;335.6;0.3043;28;0;28;18
2017;412;10;60;30;55;0.50;100000;108496;8.5;3.25;133;503.8;0.3835;102;0;102;31
2017;413;20;45;45;75;0.50;100000;108494;8.5;1.59;51;738.6;0.4412;45;0;45;6
2017;414;10;70;15;45;0.50;100000;108494;8.5;9.70;152;267.2;0.2763;84;0;84;68
2017;415;15;75;45;80;0.50;100000;108490;8.5;2.52;63;741.8;0.4127;52;0;52;11
2017;416;10;20;60;80;0.50;100000;108489;8.5;1.60;98;982.8;0.4694;92;0;92;6
2017;417;10;25;50;80;0.50;100000;108471;8.5;4.09;97;824.2;0.4227;82;0;82;15
2017;418;15;55;35;55;0.50;100000;108470;8.5;2.90;89;575.4;0.4326;77;0;77;12
2017;419;25;90;40;95;0.50;100000;108454;8.5;3.21;40;659.0;0.3625;29;0;29;11
2017;420;15;100;35;95;0.50;100000;108436;8.4;3.89;61;584.6;0.3115;38;0;38;23
2017;421;20;45;45;85;0.50;100000;108434;8.4;3.09;46;735.6;0.4130;38;0;38;8
2017;422;20;80;25;75;0.50;100000;108425;8.4;4.61;58;418.8;0.2931;34;0;34;24
2017;423;15;25;20;50;0.50;100000;108422;8.4;9.95;95;337.0;0.3211;61;0;61;34
2017;424;15;90;40;90;0.50;100000;108385;8.4;4.14;59;657.4;0.3559;42;0;42;17
2017;425;20;70;45;70;0.50;100000;108376;8.4;2.52;65;729.0;0.4462;58;0;58;7
2017;426;30;85;40;70;0.50;100000;108375;8.4;1.82;38;646.8;0.4474;34;0;34;4
2017;427;20;35;45;80;0.50;100000;108367;8.4;2.52;44;728.4;0.4318;38;0;38;6
2017;428;10;25;50;70;0.50;100000;108350;8.3;4.21;108;808.8;0.4537;98;0;98;10
2017;429;10;25;30;45;0.50;100000;108329;8.3;4.64;185;491.0;0.4270;158;0;158;27
2017;430;25;45;20;55;0.50;100000;108327;8.3;5.75;32;325.2;0.3438;22;0;22;10
2017;431;20;30;45;85;0.50;100000;108327;8.3;2.68;39;725.4;0.4231;33;0;33;6
2017;432;10;65;45;80;0.50;100000;108314;8.3;2.79;85;731.0;0.4000;68;0;68;17
2017;433;25;85;15;40;0.50;100000;108298;8.3;5.13;50;245.0;0.3300;33;0;33;17
2017;434;10;40;50;90;0.50;100000;108290;8.3;2.51;79;809.4;0.3987;63;0;63;16
2017;435;15;50;45;85;0.50;100000;108290;8.3;3.98;66;727.6;0.3939;52;0;52;14
2017;436;15;65;30;90;0.50;100000;108288;8.3;7.26;72;499.2;0.2847;41;0;41;31
2017;437;15;30;35;90;0.50;100000;108282;8.3;3.78;62;573.2;0.3226;40;0;40;22
2017;438;15;25;35;90;0.50;100000;108282;8.3;5.48;62;573.2;0.3226;40;0;40;22
2017;439;20;50;35;55;0.50;100000;108273;8.3;2.27;64;560.4;0.4453;57;0;57;7
2017;440;20;50;35;60;0.50;100000;108262;8.3;3.23;60;561.0;0.4250;51;0;51;9
2017;441;15;75;50;85;0.50;100000;108258;8.3;3.18;60;801.0;0.4250;51;0;51;9
2017;442;15;100;45;65;0.50;100000;108248;8.2;2.51;80;718.0;0.4562;73;0;73;7
2017;443;15;40;35;75;0.50;100000;108235;8.2;4.82;86;569.6;0.3547;61;0;61;25
2017;444;20;30;35;65;0.50;100000;108231;8.2;2.53;44;558.4;0.4205;37;0;37;7
2017;445;15;95;45;95;0.50;100000;108223;8.2;7.21;61;724.6;0.3689;45;0;45;16
2017;446;25;45;25;70;0.50;100000;108220;8.2;2.71;31;401.6;0.3387;21;0;21;10
2017;447;20;65;30;70;0.50;100000;108218;8.2;5.02;67;486.2;0.3433;46;0;46;21
2017;448;10;55;20;50;0.50;100000;108215;8.2;7.76;171;340.6;0.3099;106;0;106;65
2017;449;15;100;45;90;0.50;100000;108205;8.2;5.05;63;721.8;0.3810;48;0;48;15
2017;450;15;100;15;25;0.50;100000;108203;8.2;6.52;93;239.8;0.4247;79;0;79;14
2017;451;15;85;30;60;0.50;100000;108201;8.2;5.20;83;483.8;0.3735;62;0;62;21
2017;452;20;65;30;45;0.50;100000;108183;8.2;2.44;68;474.8;0.4559;62;0;62;6
2017;453;25;60;10;25;0.50;100000;108180;8.2;3.69;53;160.8;0.3491;37;0;37;16
2017;454;10;35;25;75;0.50;100000;108161;8.2;13.13;126;423.6;0.2738;69;0;69;57
2017;455;15;45;30;55;0.50;100000;108157;8.2;4.47;96;480.6;0.3906;75;0;75;21
2017;456;10;25;30;70;0.50;100000;108149;8.1;8.63;132;495.2;0.3258;86;0;86;46
2017;457;15;35;50;70;0.50;100000;108136;8.1;1.79;81;786.6;0.4630;75;0;75;6
2017;458;20;55;25;40;0.50;100000;108126;8.1;2.55;72;394.2;0.4375;63;0;63;9
2017;459;15;75;40;85;0.50;100000;108122;8.1;3.79;72;639.2;0.3611;52;0;52;20
2017;460;30;70;20;55;0.50;100000;108107;8.1;3.57;34;317.4;0.3382;23;0;23;11
2017;461;25;50;20;55;0.50;100000;108107;8.1;4.96;34;317.4;0.3382;23;0;23;11
2017;462;30;100;10;30;0.50;100000;108092;8.1;4.72;43;159.8;0.3140;27;0;27;16
2017;463;20;50;30;70;0.50;100000;108088;8.1;5.26;59;477.4;0.3475;41;0;41;18
2017;464;15;85;25;40;0.50;100000;108063;8.1;2.28;91;392.6;0.4286;78;0;78;13
2017;465;30;90;35;75;0.50;100000;108053;8.1;3.45;37;548.2;0.3919;29;0;29;8
2017;466;20;70;25;55;0.50;100000;108052;8.1;4.88;67;396.2;0.3582;48;0;48;19
2017;467;10;65;45;85;0.50;100000;108040;8.0;2.84;79;709.4;0.3861;61;0;61;18
2017;468;20;35;45;90;0.50;100000;108034;8.0;4.13;44;703.4;0.3977;35;0;35;9
2017;469;15;50;30;60;0.50;100000;108034;8.0;5.72;89;475.4;0.3708;66;0;66;23
2017;470;20;75;15;25;0.50;100000;108010;8.0;2.78;69;233.4;0.4348;60;0;60;9
2017;471;10;55;30;80;0.50;100000;108008;8.0;6.96;96;485.6;0.3021;58;0;58;38
2017;472;15;25;25;70;0.50;100000;108001;8.0;6.15;68;399.8;0.3015;41;0;41;27
2017;473;20;30;30;85;0.50;100000;107998;8.0;4.65;41;472.6;0.3171;26;0;26;15
2017;474;10;35;15;40;0.50;100000;107988;8.0;11.79;223;257.8;0.2960;132;0;132;91
2017;475;20;50;15;40;0.50;100000;107983;8.0;5.87;59;237.4;0.3220;38;0;38;21
2017;476;25;60;30;65;0.50;100000;107974;8.0;3.45;45;467.0;0.3778;34;0;34;11
2017;477;25;65;45;85;0.50;100000;107971;8.0;2.68;45;697.0;0.4111;37;0;37;8
2017;478;20;45;30;80;0.50;100000;107965;8.0;4.60;55;473.0;0.3182;35;0;35;20
2017;479;10;70;55;80;0.50;100000;107964;8.0;3.65;76;848.6;0.4539;69;0;69;7
2017;480;35;90;15;35;0.50;100000;107953;8.0;2.59;34;232.4;0.3824;26;0;26;8
2017;481;10;15;40;80;0.50;100000;107944;7.9;5.01;94;628.4;0.3670;69;0;69;25
2017;482;10;65;60;35;0.50;100000;107943;7.9;3.36;116;927.6;0.6810;158;42;74;0
2017;483;10;80;40;70;0.50;100000;107942;7.9;4.11;91;622.6;0.4011;73;0;73;18
2017;484;15;35;50;75;0.50;100000;107939;7.9;2.43;75;770.0;0.4467;67;0;67;8
2017;485;15;30;40;55;0.50;100000;107916;7.9;2.19;94;613.4;0.4628;87;0;87;7
2017;486;10;75;25;55;0.50;100000;107909;7.9;7.82;123;397.8;0.3415;84;0;84;39
2017;487;10;20;65;80;0.50;100000;107883;7.9;1.89;94;988.4;0.4894;92;0;92;2
2017;488;15;35;50;85;0.50;100000;107882;7.9;2.19;63;766.8;0.4206;53;0;53;10
2017;489;25;50;25;70;0.50;100000;107863;7.9;2.71;35;386.0;0.3286;23;0;23;12
2017;490;20;30;50;80;0.50;100000;107841;7.8;1.52;31;756.6;0.4839;30;0;30;1
2017;491;15;50;25;60;0.50;100000;107831;7.8;6.60;85;391.0;0.3294;56;0;56;29
2017;492;15;85;50;90;0.50;100000;107821;7.8;3.08;56;761.6;0.4107;46;0;46;10
2017;493;10;40;25;75;0.50;100000;107804;7.8;6.21;136;409.6;0.2721;74;0;74;62
2017;494;10;30;50;85;0.50;100000;107798;7.8;3.53;87;763.2;0.4080;71;0;71;16
2017;495;10;55;20;40;0.50;100000;107776;7.8;5.75;188;316.8;0.3590;135;0;135;53
2017;496;10;60;100;60;0.50;100000;107754;7.8;1.53;68;1504.8;0.6985;95;27;41;0
2017;497;30;65;30;60;0.50;100000;107749;7.7;3.53;41;452.6;0.4024;33;0;33;8
2017;498;10;95;55;85;0.50;100000;107742;7.7;2.51;73;827.8;0.4384;64;0;64;9
2017;499;15;25;45;85;0.50;100000;107721;7.7;3.16;58;678.8;0.3966;46;0;46;12
2017;500;15;50;20;40;0.50;100000;107702;7.7;5.77;123;307.8;0.3659;90;0;90;33
2018;1;15;30;15;45;0.50;100000;131116;31.1;9.88;134;832.4;0.3134;84;0;84;50
2018;2;10;70;35;90;0.50;100000;130313;30.3;5.03;98;1877.8;0.3622;71;0;71;27
2018;3;10;75;20;45;0.50;100000;128514;28.5;8.09;170;1022.0;0.3647;124;0;124;46
2018;4;10;55;15;40;0.50;100000;128018;28.0;7.63;233;768.8;0.3155;147;0;147;86
2018;5;15;25;15;40;0.50;100000;126108;26.1;6.88;128;710.8;0.3359;86;0;86;42
2018;6;10;50;15;45;0.50;100000;125959;26.0;13.39;231;726.6;0.2879;133;0;133;98
2018;7;25;95;20;60;0.50;100000;125519;25.5;3.65;57;920.2;0.3596;41;0;41;16
2018;8;20;85;15;40;0.50;100000;123924;23.9;7.13;100;655.0;0.3450;69;0;69;31
2018;9;10;90;30;85;0.50;100000;123267;23.3;5.05;99;1281.4;0.3232;64;0;64;35
2018;10;10;80;10;30;0.50;100000;122318;22.3;15.06;225;425.0;0.2911;131;0;131;94
2018;11;10;95;30;85;0.50;100000;122176;22.2;6.42;98;1227.8;0.3214;63;0;63;35
2018;12;10;35;35;100;0.50;100000;121787;21.8;6.56;105;1413.0;0.3143;66;0;66;39
2018;13;10;45;25;50;0.50;100000;121456;21.5;6.57;201;993.6;0.3756;151;0;151;50
2018;14;10;40;30;85;0.50;100000;119650;19.7;4.65;128;1110.8;0.3047;78;0;78;50
2018;15;10;80;30;85;0.50;100000;119521;19.5;5.50;102;1097.2;0.3137;64;0;64;38
2018;16;10;80;20;45;0.50;100000;119488;19.5;10.38;177;732.2;0.3503;124;0;124;53
2018;17;15;25;20;50;0.50;100000;119470;19.5;7.04;116;727.6;0.3405;79;0;79;37
2018;18;10;100;20;60;0.50;100000;119253;19.3;6.61;135;731.0;0.2926;79;0;79;56
2018;19;20;45;15;40;0.50;100000;118896;18.9;6.65;83;528.8;0.3434;57;0;57;26
2018;20;15;60;15;40;0.50;100000;118685;18.7;8.35;139;530.4;0.3201;89;0;89;50
2018;21;15;25;15;45;0.50;100000;118611;18.6;12.13;115;529.0;0.3000;69;0;69;46
2018;22;35;90;25;70;0.50;100000;118036;18.0;2.55;41;837.6;0.3780;31;0;31;10
2018;23;10;90;15;45;0.50;100000;117700;17.7;7.09;188;516.8;0.2846;107;0;107;81
2018;24;15;85;25;65;0.50;100000;117558;17.6;6.07;89;825.4;0.3371;60;0;60;29
2018;25;30;90;20;55;0.50;100000;117539;17.5;3.77;44;653.4;0.3750;33;0;33;11
2018;26;15;25;30;50;0.50;100000;117507;17.5;3.24;104;974.4;0.4423;92;0;92;12
2018;27;10;100;30;85;0.50;100000;117025;17.0;6.42;91;967.6;0.3132;57;0;57;34
2018;28;10;90;15;35;0.50;100000;116901;16.9;8.75;182;485.2;0.3407;124;0;124;58
2018;29;15;65;15;40;0.50;100000;116814;16.8;9.53;144;483.4;0.3160;91;0;91;53
2018;30;15;60;25;50;0.50;100000;116690;16.7;4.72;135;786.0;0.3815;103;0;103;32
2018;31;20;95;30;85;0.50;100000;116510;16.5;4.52;56;931.6;0.3393;38;0;38;18
2018;32;15;25;20;45;0.50;100000;116436;16.4;8.92;120;622.0;0.3583;86;0;86;34
2018;33;15;75;15;40;0.50;100000;116317;16.3;6.16;113;466.8;0.3230;73;0;73;40
2018;34;15;70;15;40;0.50;100000;116265;16.3;5.43;127;467.2;0.3189;81;0;81;46
2018;35;15;100;15;45;0.50;100000;116261;16.3;6.80;115;469.0;0.2957;68;0;68;47
2018;36;15;85;10;30;0.50;100000;116055;16.1;12.69;135;311.0;0.2963;80;0;80;55
2018;37;10;85;30;85;0.50;100000;116051;16.1;8.19;103;920.8;0.3058;63;0;63;40
2018;38;15;25;25;65;0.50;100000;116014;16.0;7.74;99;761.4;0.3283;65;0;65;34
2018;39;25;55;10;30;0.50;100000;115705;15.7;5.89;59;297.4;0.3305;39;0;39;20
2018;40;15;70;15;45;0.50;100000;115662;15.7;11.00;125;455.0;0.2920;73;0;73;52
2018;41;15;65;30;90;0.50;100000;115584;15.6;5.82;89;895.4;0.2978;53;0;53;36
2018;42;15;30;20;50;0.50;100000;115550;15.6;9.66;131;596.6;0.3282;86;0;86;45
2018;43;20;55;15;40;0.50;100000;115486;15.5;4.67;91;442.6;0.3297;60;0;60;31
2018;44;15;70;20;40;0.50;100000;115448;15.4;4.12;125;585.0;0.3840;96;0;96;29
2018;45;10;35;20;45;0.50;100000;115406;15.4;9.20;232;600.2;0.3384;157;0;157;75
2018;46;10;70;30;85;0.50;100000;115246;15.2;6.05;113;881.8;0.3009;68;0;68;45
2018;47;20;30;15;45;0.50;100000;115218;15.2;3.91;55;433.0;0.3273;36;0;36;19
2018;48;15;45;10;30;0.50;100000;115014;15.0;5.15;147;294.2;0.2925;86;0;86;61
2018;49;15;100;20;45;0.50;100000;114968;15.0;4.01;104;569.4;0.3606;75;0;75;29
2018;50;20;90;25;65;0.50;100000;114931;14.9;3.81;72;709.2;0.3403;49;0;49;23
2018;51;15;90;25;45;0.50;100000;114873;14.9;4.11;113;701.8;0.4115;93;0;93;20
2018;52;20;100;30;85;0.50;100000;114837;14.8;6.73;63;846.8;0.3254;41;0;41;22
2018;53;15;75;10;30;0.50;100000;114670;14.7;6.59;151;288.6;0.2914;88;0;88;63
2018;54;15;100;15;35;0.50;100000;114651;14.7;12.28;114;420.4;0.3509;80;0;80;34
2018;55;10;65;20;40;0.50;100000;114605;14.6;5.44;198;562.8;0.3687;146;0;146;52
2018;56;10;30;20;60;0.50;100000;114484;14.5;13.31;212;583.2;0.2759;117;0;117;95
2018;57;10;90;30;70;0.50;100000;114465;14.5;6.12;107;830.2;0.3458;74;0;74;33
2018;58;20;85;15;45;0.50;100000;114409;14.4;6.30;88;416.8;0.3011;53;0;53;35
2018;59;30;80;20;60;0.50;100000;114391;14.4;3.65;39;545.4;0.3462;27;0;27;12
2018;60;15;90;10;30;0.50;100000;114297;14.3;5.15;142;281.2;0.2923;83;0;83;59
2018;61;20;40;15;45;0.50;100000;114270;14.3;5.31;71;410.6;0.3099;44;0;44;27
2018;62;30;100;35;80;0.50;100000;114241;14.2;2.53;40;939.0;0.4125;33;0;33;7
2018;63;15;90;15;35;0.50;100000;114230;14.2;8.61;108;408.8;0.3519;76;0;76;32
2018;64;30;90;25;50;0.50;100000;114228;14.2;3.10;57;670.2;0.4211;48;0;48;9
2018;65;15;60;35;70;0.50;100000;114215;14.2;5.28;100;945.0;0.3850;77;0;77;23
2018;66;30;95;20;60;0.50;100000;114208;14.2;2.72;43;539.8;0.3372;29;0;29;14
2018;67;15;35;15;40;0.50;100000;114049;14.0;7.36;155;413.0;0.3097;96;0;96;59
2018;68;20;85;20;40;0.50;100000;113934;13.9;2.89;80;528.0;0.4000;64;0;64;16
2018;69;15;60;20;50;0.50;100000;113915;13.9;6.99;129;539.4;0.3256;84;0;84;45
2018;70;20;30;20;60;0.50;100000;113843;13.8;3.57;51;528.6;0.3235;33;0;33;18
2018;71;30;95;25;70;0.50;100000;113819;13.8;2.55;39;655.4;0.3590;28;0;28;11
2018;72;20;35;15;40;0.50;100000;113766;13.8;4.88;68;394.8;0.3382;46;0;46;22
2018;73;10;70;35;85;0.50;100000;113749;13.7;5.92;103;925.8;0.3350;69;0;69;34
2018;74;20;45;25;60;0.50;100000;113614;13.6;5.97;75;650.0;0.3533;53;0;53;22
2018;75;30;90;30;90;0.50;100000;113542;13.5;4.52;46;775.6;0.3261;30;0;30;16
2018;76;15;70;30;75;0.50;100000;113541;13.5;3.72;95;782.0;0.3316;63;0;63;32
2018;77;30;100;35;75;0.50;100000;113451;13.5;1.99;43;889.8;0.4186;36;0;36;7
2018;78;10;75;30;85;0.50;100000;113372;13.4;7.63;109;782.4;0.2982;65;0;65;44
2018;79;15;90;20;50;0.50;100000;113286;13.3;6.89;111;514.6;0.3288;73;0;73;38
2018;80;30;90;25;75;0.50;100000;113150;13.1;4.67;50;630.0;0.3200;32;0;32;18
2018;81;15;80;15;45;0.50;100000;113136;13.1;7.97;129;389.4;0.2868;74;0;74;55
2018;82;10;45;20;45;0.50;100000;113128;13.1;9.65;212;518.2;0.3373;143;0;143;69
2018;83;10;100;10;25;0.50;100000;113067;13.1;10.21;207;260.2;0.3237;134;0;134;73
2018;84;15;75;20;45;0.50;100000;113062;13.1;5.17;115;504.0;0.3522;81;0;81;34
2018;85;25;80;25;55;0.50;100000;113013;13.0;2.55;58;618.8;0.3879;45;0;45;13
2018;86;15;45;20;45;0.50;100000;112963;13.0;8.62;137;503.2;0.3467;95;0;95;42
2018;87;15;60;20;45;0.50;100000;112963;13.0;5.60;137;503.2;0.3467;95;0;95;42
2018;88;15;35;10;30;0.50;100000;112962;13.0;7.73;171;260.6;0.2865;98;0;98;73
2018;89;15;25;20;40;0.50;100000;112928;12.9;9.82;117;496.2;0.3803;89;0;89;28
2018;90;10;15;25;55;0.50;100000;112909;12.9;8.88;145;627.0;0.3483;101;0;101;44
2018;91;10;100;40;85;0.50;100000;112854;12.9;5.35;77;982.2;0.3766;58;0;58;19
2018;92;15;75;20;50;0.50;100000;112851;12.9;6.43;108;498.8;0.3287;71;0;71;37
2018;93;20;90;20;60;0.50;100000;112846;12.8;4.57;73;497.8;0.3014;44;0;44;29
2018;94;25;60;30;75;0.50;100000;112845;12.8;3.53;53;735.8;0.3585;38;0;38;15
2018;95;30;80;30;90;0.50;100000;112763;12.8;4.58;35;731.0;0.3429;24;0;24;11
2018;96;15;20;35;95;0.50;100000;112683;12.7;3.27;50;850.0;0.3400;34;0;34;16
2018;97;25;90;15;40;0.50;100000;112625;12.6;5.16;55;363.0;0.3455;38;0;38;17
2018;98;25;80;20;50;0.50;100000;112583;12.6;3.57;56;481.6;0.3571;40;0;40;16
2018;99;15;40;15;40;0.50;100000;112577;12.6;7.86;151;373.6;0.3079;93;0;93;58
2018;100;20;100;35;90;0.50;100000;112547;12.5;3.52;53;840.8;0.3491;37;0;37;16
2018;101;10;80;25;45;0.50;100000;112539;12.5;4.31;168;604.8;0.3929;132;0;132;36
2018;102;20;100;25;60;0.50;100000;112511;12.5;4.25;71;600.6;0.3521;50;0;50;21
2018;103;35;90;20;55;0.50;100000;112471;12.5;2.96;32;475.2;0.3750;24;0;24;8
2018;104;30;90;30;85;0.50;100000;112378;12.4;1.67;39;710.4;0.3462;27;0;27;12
2018;105;15;30;10;25;0.50;100000;112377;12.4;9.17;144;243.4;0.3299;95;0;95;49
2018;106;20;30;10;30;0.50;100000;112367;12.4;5.15;58;238.8;0.3190;37;0;37;21
2018;107;30;80;25;75;0.50;100000;112357;12.4;4.54;41;592.6;0.3293;27;0;27;14
2018;108;25;60;15;35;0.50;100000;112296;12.3;3.02;62;353.2;0.3710;46;0;46;16
2018;109;15;65;20;40;0.50;100000;112168;12.2;5.41;135;471.0;0.3741;101;0;101;34
2018;110;30;95;20;50;0.50;100000;112087;12.1;5.51;48;462.8;0.3646;35;0;35;13
2018;111;25;95;15;45;0.50;100000;111985;12.0;4.62;52;347.2;0.3173;33;0;33;19
2018;112;15;75;30;80;0.50;100000;111889;11.9;4.94;89;695.4;0.3146;56;0;56;33
2018;113;15;30;10;30;0.50;100000;111864;11.9;14.12;144;238.4;0.2882;83;0;83;61
2018;114;10;60;35;80;0.50;100000;111761;11.8;9.42;116;802.6;0.3405;79;0;79;37
2018;115;25;75;35;80;0.50;100000;111712;11.7;3.52;47;784.2;0.3830;36;0;36;11
2018;116;15;60;20;40;0.50;100000;111649;11.6;5.07;134;452.4;0.3731;100;0;100;34
2018;117;15;70;15;30;0.50;100000;111595;11.6;5.17;144;338.4;0.3750;108;0;108;36
2018;118;20;100;35;85;0.50;100000;111559;11.6;3.35;58;778.8;0.3534;41;0;41;17
2018;119;30;100;30;90;0.50;100000;111546;11.5;4.58;38;666.8;0.3289;25;0;25;13
2018;120;10;15;30;60;0.50;100000;111540;11.5;4.82;140;674.0;0.3679;103;0;103;37
2018;121;40;100;20;55;0.50;100000;111534;11.5;2.76;31;441.6;0.3710;23;0;23;8
2018;122;30;90;35;90;0.50;100000;111453;11.5;2.53;40;769.0;0.3625;29;0;29;11
2018;123;10;70;20;45;0.50;100000;111446;11.4;17.02;179;454.4;0.3380;121;0;121;58
2018;124;25;85;20;40;0.50;100000;111431;11.4;3.34;59;437.4;0.4068;48;0;48;11
2018;125;25;85;25;50;0.50;100000;111366;11.4;2.55;58;543.8;0.4052;47;0;47;11
2018;126;10;25;40;95;0.50;100000;111269;11.3;4.50;97;879.2;0.3351;65;0;65;32
2018;127;15;55;20;50;0.50;100000;111267;11.3;6.63;138;446.8;0.3188;88;0;88;50
2018;128;35;95;35;100;0.50;100000;111261;11.3;3.76;31;756.6;0.3548;22;0;22;9
2018;129;20;35;15;35;0.50;100000;111252;11.3;3.44;74;326.4;0.3581;53;0;53;21
2018;130;10;75;25;50;0.50;100000;111250;11.3;7.10;160;551.0;0.3656;117;0;117;43
2018;131;10;100;30;45;0.50;100000;111169;11.2;4.52;141;642.6;0.4397;124;0;124;17
2018;132;20;80;30;55;0.50;100000;111154;11.2;2.39;74;641.4;0.4122;61;0;61;13
2018;133;20;65;20;60;0.50;100000;111143;11.1;7.65;86;439.6;0.2907;50;0;50;36
2018;134;30;90;25;70;0.50;100000;111123;11.1;2.71;45;537.0;0.3333;30;0;30;15
2018;135;15;50;15;40;0.50;100000;111076;11.1;11.18;161;334.6;0.3043;98;0;98;63
2018;136;20;30;40;95;0.50;100000;111042;11.0;1.87;41;847.6;0.3780;31;0;31;10
2018;137;15;60;10;30;0.50;100000;111028;11.0;11.35;154;224.4;0.2857;88;0;88;66
2018;138;10;95;35;85;0.50;100000;110985;11.0;4.78;92;751.2;0.3315;61;0;61;31
2018;139;15;60;15;30;0.50;100000;110938;10.9;7.71;156;321.6;0.3718;116;0;116;40
2018;140;15;95;15;35;0.50;100000;110885;10.9;6.59;114;320.4;0.3421;78;0;78;36
2018;141;15;20;35;90;0.50;100000;110870;10.9;3.04;44;733.4;0.3523;31;0;31;13
2018;142;20;45;25;65;0.50;100000;110836;10.8;5.57;79;529.4;0.3228;51;0;51;28
2018;143;25;100;35;80;0.50;100000;110813;10.8;2.53;51;728.6;0.3725;38;0;38;13
2018;144;10;90;35;80;0.50;100000;110797;10.8;5.07;104;739.4;0.3413;71;0;71;33
2018;145;30;90;20;60;0.50;100000;110787;10.8;2.72;44;418.4;0.3182;28;0;28;16
2018;146;20;85;20;35;0.50;100000;110752;10.8;2.57;87;413.2;0.4195;73;0;73;14
2018;147;20;30;35;95;0.50;100000;110745;10.7;2.09;39;725.4;0.3462;27;0;27;12
2018;148;10;80;45;100;0.50;100000;110741;10.7;5.39;77;937.2;0.3571;55;0;55;22
2018;149;25;95;30;65;0.50;100000;110738;10.7;1.53;41;617.6;0.4024;33;0;33;8
2018;150;25;65;25;60;0.50;100000;110738;10.7;4.25;61;519.6;0.3525;43;0;43;18
2018;151;30;80;30;85;0.50;100000;110704;10.7;2.94;33;618.8;0.3485;23;0;23;10
2018;152;10;25;35;50;0.50;100000;110669;10.7;3.87;203;720.8;0.4409;179;0;179;24
2018;153;20;45;25;70;0.50;100000;110669;10.7;5.52;73;522.8;0.3082;45;0;45;28
2018;154;15;60;25;45;0.50;100000;110667;10.7;6.07;137;518.2;0.3942;108;0;108;29
2018;155;10;40;35;75;0.50;100000;110664;10.7;6.10;133;733.8;0.3496;93;0;93;40
2018;156;40;90;30;90;0.50;100000;110655;10.7;3.53;31;616.6;0.3387;21;0;21;10
2018;157;10;90;30;80;0.50;100000;110654;10.7;5.99;99;631.4;0.3081;61;0;61;38
2018;158;30;85;35;90;0.50;100000;110606;10.6;2.53;39;715.4;0.3590;28;0;28;11
2018;159;20;100;40;85;0.50;100000;110601;10.6;3.45;56;816.6;0.3839;43;0;43;13
2018;160;10;65;20;45;0.50;100000;110594;10.6;7.96;186;424.6;0.3360;125;0;125;61
2018;161;10;95;15;45;0.50;100000;110593;10.6;9.70;173;327.8;0.2775;96;0;96;77
2018;162;20;30;15;40;0.50;100000;110576;10.6;3.89;55;308.0;0.3364;37;0;37;18
2018;163;10;35;25;45;0.50;100000;110575;10.6;12.33;220;522.0;0.3841;169;0;169;51
2018;164;15;90;40;80;0.50;100000;110573;10.6;4.73;74;816.4;0.3851;57;0;57;17
2018;165;20;55;20;40;0.50;100000;110572;10.6;4.32;93;409.8;0.3817;71;0;71;22
2018;166;10;90;25;75;0.50;100000;110565;10.6;9.71;120;532.0;0.2792;67;0;67;53
2018;167;25;40;15;45;0.50;100000;110564;10.6;3.00;38;306.8;0.3289;25;0;25;13
2018;168;25;90;20;40;0.50;100000;110527;10.5;2.68;54;404.4;0.4074;44;0;44;10
2018;169;20;70;35;100;0.50;100000;110523;10.5;5.31;58;718.8;0.3103;36;0;36;22
2018;170;25;100;35;70;0.50;100000;110511;10.5;2.06;46;705.6;0.4130;38;0;38;8
2018;171;35;80;25;75;0.50;100000;110495;10.5;2.55;31;506.6;0.3387;21;0;21;10
2018;172;10;80;40;85;0.50;100000;110466;10.5;3.51;99;816.4;0.3586;71;0;71;28
2018;173;15;95;20;45;0.50;100000;110432;10.4;5.43;111;409.6;0.3468;77;0;77;34
2018;174;15;45;25;65;0.50;100000;110412;10.4;6.76;116;517.6;0.3103;72;0;72;44
2018;175;15;100;15;40;0.50;100000;110405;10.4;8.82;104;309.4;0.3125;65;0;65;39
2018;176;15;25;15;35;0.50;100000;110404;10.4;7.65;116;307.6;0.3405;79;0;79;37
2018;177;35;90;30;90;0.50;100000;110404;10.4;3.53;39;605.4;0.3205;25;0;25;14
2018;178;30;95;30;85;0.50;100000;110397;10.4;2.54;37;603.2;0.3378;25;0;25;12
2018;179;25;75;35;85;0.50;100000;110365;10.4;4.16;49;701.4;0.3571;35;0;35;14
2018;180;10;95;25;45;0.50;100000;110345;10.3;7.25;140;504.0;0.3929;110;0;110;30
2018;181;25;100;35;85;0.50;100000;110338;10.3;4.83;44;698.4;0.3636;32;0;32;12
2018;182;10;80;15;30;0.50;100000;110317;10.3;7.71;198;307.8;0.3662;145;0;145;53
2018;183;20;30;35;90;0.50;100000;110316;10.3;2.04;41;697.6;0.3537;29;0;29;12
2018;184;10;70;20;40;0.50;100000;110305;10.3;6.05;193;409.8;0.3627;140;0;140;53
2018;185;30;95;30;75;0.50;100000;110293;10.3;2.83;45;597.0;0.3556;32;0;32;13
2018;186;15;80;10;25;0.50;100000;110246;10.2;9.17;136;204.6;0.3272;89;0;89;47
2018;187;15;20;30;75;0.50;100000;110211;10.2;7.77;57;595.2;0.3421;39;0;39;18
2018;188;10;100;15;45;0.50;100000;110209;10.2;10.73;141;312.6;0.2801;79;0;79;62
2018;189;30;95;20;55;0.50;100000;110178;10.2;5.15;43;394.8;0.3372;29;0;29;14
2018;190;30;80;30;80;0.50;100000;110143;10.1;2.97;37;588.2;0.3514;26;0;26;11
2018;191;10;100;20;45;0.50;100000;110137;10.1;5.56;141;402.6;0.3404;96;0;96;45
2018;192;20;35;15;45;0.50;100000;110128;10.1;6.09;65;299.0;0.3000;39;0;39;26
2018;193;35;90;35;100;0.50;100000;110126;10.1;3.76;32;685.2;0.3438;22;0;22;10
2018;194;15;90;35;100;0.50;100000;110124;10.1;4.34;64;695.4;0.3047;39;0;39;25
2018;195;10;85;35;80;0.50;100000;110111;10.1;5.84;103;695.8;0.3398;70;0;70;33
2018;196;25;100;35;75;0.50;100000;110097;10.1;3.98;49;681.4;0.3878;38;0;38;11
2018;197;30;80;45;80;0.50;100000;110084;10.1;1.79;37;868.2;0.4595;34;0;34;3
2018;198;15;25;25;50;0.50;100000;110063;10.1;8.05;113;491.8;0.3717;84;0;84;29
2018;199;10;35;50;100;0.50;100000;110050;10.0;5.59;88;976.8;0.3750;66;0;66;22
2018;200;10;20;55;95;0.50;100000;110042;10.0;2.79;82;1065.2;0.4146;68;0;68;14
2018;201;10;65;15;30;0.50;100000;110024;10.0;6.99;234;302.4;0.3632;170;0;170;64
2018;202;20;30;35;75;0.50;100000;110015;10.0;1.99;46;675.6;0.3913;36;0;36;10
2018;203;20;35;30;90;0.50;100000;109967;10.0;4.52;53;585.8;0.3019;32;0;32;21
2018;204;15;30;30;45;0.50;100000;109940;9.9;4.52;125;575.0;0.4400;110;0;110;15
2018;205;35;90;25;60;0.50;100000;109914;9.9;3.25;37;478.2;0.3784;28;0;28;9
2018;206;20;90;15;40;0.50;100000;109911;9.9;5.90;80;293.0;0.3187;51;0;51;29
2018;207;35;80;35;85;0.50;100000;109887;9.9;2.03;31;666.6;0.3871;24;0;24;7
2018;208;10;35;55;30;0.50;100000;109863;9.9;2.62;176;1048.6;0.6903;243;67;109;0
2018;209;20;35;30;85;0.50;100000;109843;9.8;4.52;58;578.8;0.3103;36;0;36;22
2018;210;20;95;25;65;0.50;100000;109775;9.8;3.55;59;477.4;0.3305;39;0;39;20
2018;211;10;35;15;35;0.50;100000;109759;9.8;11.45;288;306.8;0.3247;187;0;187;101
2018;212;10;85;40;65;0.50;100000;109743;9.7;3.23;121;755.6;0.4174;101;0;101;20
2018;213;15;60;20;35;0.50;100000;109735;9.7;4.94;129;379.4;0.4031;104;0;104;25
2018;214;20;60;35;85;0.50;100000;109715;9.7;4.16;68;664.8;0.3382;46;0;46;22
2018;215;10;85;30;50;0.50;100000;109713;9.7;5.10;151;568.6;0.4073;123;0;123;28
2018;216;15;30;15;35;0.50;100000;109708;9.7;6.33;142;291.2;0.3345;95;0;95;47
2018;217;25;60;15;30;0.50;100000;109682;9.7;2.59;67;281.2;0.3955;53;0;53;14
2018;218;10;100;35;45;0.50;100000;109680;9.7;1.93;122;649.2;0.4795;117;0;117;5
2018;219;10;45;60;20;0.50;100000;109676;9.7;2.71;199;1121.4;0.7940;316;117;82;0
2018;220;15;20;35;75;0.50;100000;109657;9.7;3.98;54;654.4;0.3796;41;0;41;13
2018;221;25;65;10;30;0.50;100000;109646;9.6;5.89;64;190.4;0.3047;39;0;39;25
2018;222;10;70;45;95;0.50;100000;109642;9.6;4.49;75;845.0;0.3667;55;0;55;20
2018;223;40;95;25;55;0.50;100000;109637;9.6;3.55;33;463.8;0.4091;27;0;27;6
2018;224;35;100;35;75;0.50;100000;109605;9.6;1.99;31;646.6;0.4194;26;0;26;5
2018;225;15;90;30;85;0.50;100000;109596;9.6;4.20;75;570.0;0.3000;45;0;45;30
2018;226;10;75;65;100;0.50;100000;109582;9.6;1.51;70;1197.0;0.4500;63;0;63;7
2018;227;10;55;45;70;0.50;100000;109553;9.6;4.86;123;832.8;0.4268;105;0;105;18
2018;228;10;65;35;85;0.50;100000;109543;9.5;6.42;105;663.0;0.3238;68;0;68;37
2018;229;35;65;30;80;0.50;100000;109500;9.5;2.97;34;552.4;0.3529;24;0;24;10
2018;230;15;50;15;35;0.50;100000;109491;9.5;5.34;166;287.6;0.3313;110;0;110;56
2018;231;10;50;55;30;0.50;100000;109488;9.5;2.20;171;1010.6;0.6901;236;65;106;0
2018;232;15;60;20;60;0.50;100000;109466;9.5;8.10;124;386.4;0.2782;69;0;69;55
2018;233;25;90;35;90;0.50;100000;109451;9.5;4.03;47;644.2;0.3404;32;0;32;15
2018;234;10;75;40;100;0.50;100000;109442;9.4;6.02;82;745.2;0.3232;53;0;53;29
2018;235;10;20;40;95;0.50;100000;109404;9.4;5.66;97;744.2;0.3299;64;0;64;33
2018;236;10;20;40;20;0.50;100000;109391;9.4;4.58;235;731.0;0.7043;331;96;139;0
2018;237;20;100;40;80;0.50;100000;109381;9.4;4.04;53;725.8;0.3962;42;0;42;11
2018;238;10;25;30;60;0.50;100000;109376;9.4;8.85;177;562.2;0.3588;127;0;127;50
2018;239;20;70;30;75;0.50;100000;109334;9.3;2.83;68;549.8;0.3309;45;0;45;23
2018;240;10;20;50;95;0.50;100000;109323;9.3;4.07;84;907.4;0.3869;65;0;65;19
2018;241;20;80;25;50;0.50;100000;109303;9.3;3.73;70;452.0;0.3857;54;0;54;16
2018;242;10;25;95;30;0.50;100000;109288;9.3;2.26;125;1700.0;0.8200;205;80;45;0
2018;243;30;95;30;90;0.50;100000;109274;9.3;3.53;40;544.0;0.3125;25;0;25;15
2018;244;25;75;40;85;0.50;100000;109265;9.3;3.39;48;717.8;0.3854;37;0;37;11
2018;245;30;80;45;90;0.50;100000;109261;9.3;2.57;37;803.2;0.4189;31;0;31;6
2018;246;20;30;20;45;0.50;100000;109230;9.2;2.87;51;358.6;0.3725;38;0;38;13
2018;247;10;20;35;95;0.50;100000;109219;9.2;8.57;102;647.2;0.2990;61;0;61;41
2018;248;20;100;35;75;0.50;100000;109218;9.2;2.85;59;627.4;0.3729;44;0;44;15
2018;249;30;85;30;90;0.50;100000;109212;9.2;3.75;42;541.2;0.3095;26;0;26;16
2018;250;10;60;20;60;0.50;100000;109204;9.2;16.51;180;388.0;0.2722;98;0;98;82
2018;251;40;100;25;70;0.50;100000;109163;9.2;2.71;32;445.2;0.3438;22;0;22;10
2018;252;35;90;25;75;0.50;100000;109143;9.1;2.68;38;446.8;0.3158;24;0;24;14
2018;253;15;75;30;85;0.50;100000;109139;9.1;4.79;81;546.6;0.2963;48;0;48;33
2018;254;20;95;15;35;0.50;100000;109136;9.1;5.62;79;269.4;0.3481;55;0;55;24
2018;255;15;20;40;95;0.50;100000;109134;9.1;2.87;46;710.6;0.3587;33;0;33;13
2018;256;10;90;30;75;0.50;100000;109089;9.1;5.75;104;544.4;0.3173;66;0;66;38
2018;257;20;100;40;95;0.50;100000;109088;9.1;4.50;51;708.6;0.3529;36;0;36;15
2018;258;20;70;30;85;0.50;100000;109081;9.1;7.94;68;539.8;0.3015;41;0;41;27
2018;259;20;30;15;35;0.50;100000;109079;9.1;5.27;60;266.0;0.3583;43;0;43;17
2018;260;10;85;55;40;0.50;100000;109066;9.1;2.40;115;964.0;0.6304;145;30;85;0
2018;261;35;85;30;75;0.50;100000;109039;9.0;2.54;41;527.6;0.3537;29;0;29;12
2018;262;15;75;15;45;0.50;100000;109036;9.0;8.91;123;277.8;0.2805;69;0;69;54
2018;263;15;20;20;60;0.50;100000;109028;9.0;9.48;59;357.4;0.2966;35;0;35;24
2018;264;15;100;35;70;0.50;100000;109022;9.0;7.56;84;617.4;0.3750;63;0;63;21
2018;265;25;100;30;85;0.50;100000;108963;9.0;3.53;42;526.2;0.3214;27;0;27;15
2018;266;15;30;45;90;0.50;100000;108961;9.0;4.08;80;788.0;0.3750;60;0;60;20
2018;267;30;100;40;75;0.50;100000;108908;8.9;2.11;41;687.6;0.4268;35;0;35;6
2018;268;30;100;25;75;0.50;100000;108855;8.9;3.68;46;435.6;0.3043;28;0;28;18
2018;269;10;70;45;90;0.50;100000;108842;8.8;5.66;86;779.6;0.3721;64;0;64;22
2018;270;30;85;40;95;0.50;100000;108839;8.8;1.87;38;686.8;0.3684;28;0;28;10
2018;271;30;100;30;75;0.50;100000;108833;8.8;7.42;48;517.8;0.3438;33;0;33;15
2018;272;20;90;20;15;0.50;100000;108819;8.8;1.47;78;340.8;0.6538;102;24;54;0
2018;273;15;100;25;65;0.50;100000;108804;8.8;4.54;93;439.8;0.3118;58;0;58;35
2018;274;15;25;35;100;0.50;100000;108737;8.7;8.18;69;608.4;0.2971;41;0;41;28
2018;275;10;40;65;25;0.50;100000;108687;8.7;2.54;167;1096.2;0.7665;256;89;78;0
2018;276;15;35;30;45;0.50;100000;108681;8.7;3.32;131;506.6;0.4351;114;0;114;17
2018;277;15;70;20;35;0.50;100000;108648;8.6;4.61;122;339.2;0.4016;98;0;98;24
2018;278;15;20;20;55;0.50;100000;108639;8.6;4.94;66;342.6;0.3106;41;0;41;25
2018;279;15;95;35;85;0.50;100000;108623;8.6;5.46;74;596.4;0.3311;49;0;49;25
2018;280;10;65;60;45;0.50;100000;108606;8.6;2.12;131;1001.6;0.6145;161;30;101;0
2018;281;10;80;55;75;0.50;100000;108599;8.6;1.68;98;912.8;0.4643;91;0;91;7
2018;282;10;40;20;40;0.50;100000;108581;8.6;13.42;235;351.0;0.3574;168;0;168;67
2018;283;10;60;15;45;0.50;100000;108554;8.6;11.27;209;277.4;0.2727;114;0;114;95
2018;284;10;60;85;25;0.50;100000;108537;8.5;4.37;133;1403.8;0.8271;220;87;46;0
2018;285;20;40;15;40;0.50;100000;108517;8.5;4.15;69;253.4;0.3188;44;0;44;25
2018;286;20;35;35;85;0.50;100000;108514;8.5;4.31;54;584.4;0.3426;37;0;37;17
2018;287;25;90;85;60;0.50;100000;108505;8.5;1.12;46;1395.6;0.6957;64;18;28;0
2018;288;25;95;35;80;0.50;100000;108501;8.5;1.92;37;578.2;0.3784;28;0;28;9
2018;289;10;20;60;80;0.50;100000;108489;8.5;2.21;98;982.8;0.4694;92;0;92;6
2018;290;20;30;35;100;0.50;100000;108478;8.5;3.76;41;582.6;0.3171;26;0;26;15
2018;291;20;70;15;40;0.50;100000;108468;8.5;5.39;83;253.8;0.3133;52;0;52;31
2018;292;35;95;30;90;0.50;100000;108463;8.5;2.54;31;496.6;0.3226;20;0;20;11
2018;293;10;95;40;90;0.50;100000;108460;8.5;5.68;86;669.6;0.3430;59;0;59;27
2018;294;30;100;35;65;0.50;100000;108458;8.5;1.52;41;572.6;0.4268;35;0;35;6
2018;295;15;30;15;30;0.50;100000;108458;8.5;5.75;151;253.6;0.3675;111;0;111;40
2018;296;10;70;25;55;0.50;100000;108454;8.5;10.78;152;427.2;0.3388;103;0;103;49
2018;297;10;45;30;45;0.50;100000;108420;8.4;4.76;202;497.2;0.4257;172;0;172;30
2018;298;25;45;35;55;0.50;100000;108404;8.4;1.52;45;567.0;0.4667;42;0;42;3
2018;299;35;80;30;90;0.50;100000;108402;8.4;4.52;33;493.8;0.3182;21;0;21;12
2018;300;35;90;35;90;0.50;100000;108388;8.4;2.78;34;572.4;0.3529;24;0;24;10
2018;301;15;65;30;85;0.50;100000;108382;8.4;6.86;91;507.6;0.2912;53;0;53;38
2018;302;10;20;65;15;0.50;100000;108381;8.4;1.46;216;1057.6;0.8519;368;152;64;0
2018;303;30;75;30;80;0.50;100000;108380;8.4;3.53;35;491.0;0.3429;24;0;24;11
2018;304;10;75;50;95;0.50;100000;108376;8.4;4.77;82;820.2;0.3841;63;0;63;19
2018;305;10;75;35;80;0.50;100000;108376;8.4;7.00;119;588.4;0.3319;79;0;79;40
2018;306;20;30;15;30;0.50;100000;108364;8.4;3.18;61;244.6;0.3934;48;0;48;13
2018;307;35;90;25;50;0.50;100000;108349;8.3;3.27;33;403.8;0.4242;28;0;28;5
2018;308;10;30;30;60;0.50;100000;108341;8.3;8.13;175;505.0;0.3571;125;0;125;50
2018;309;30;100;30;85;0.50;100000;108299;8.3;5.76;37;488.2;0.3243;24;0;24;13
2018;310;10;55;50;80;0.50;100000;108295;8.3;4.13;101;808.6;0.4208;85;0;85;16
2018;311;20;90;25;60;0.50;100000;108286;8.3;3.61;78;410.8;0.3333;52;0;52;26
2018;312;25;90;15;45;0.50;100000;108281;8.3;5.72;59;247.4;0.2966;35;0;35;24
2018;313;35;95;35;80;0.50;100000;108266;8.3;2.53;34;562.4;0.3824;26;0;26;8
2018;314;15;100;35;85;0.50;100000;108262;8.3;3.97;76;573.6;0.3289;50;0;50;26
2018;315;10;35;60;95;0.50;100000;108253;8.3;2.58;84;962.4;0.4286;72;0;72;12
2018;316;20;65;25;40;0.50;100000;108241;8.2;3.24;82;400.2;0.4329;71;0;71;11
2018;317;25;90;35;65;0.50;100000;108218;8.2;1.94;51;558.6;0.4118;42;0;42;9
2018;318;35;95;35;95;0.50;100000;108217;8.2;4.08;34;562.4;0.3382;23;0;23;11
2018;319;15;25;25;55;0.50;100000;108213;8.2;8.34;101;408.6;0.3465;70;0;70;31
2018;320;10;80;55;30;0.50;100000;108192;8.2;2.85;131;876.6;0.6947;182;51;80;0
2018;321;10;60;90;35;0.50;100000;108192;8.2;2.23;101;1428.6;0.7822;158;57;44;0
2018;322;10;40;15;40;0.50;100000;108182;8.2;12.36;249;266.4;0.2952;147;0;147;102
2018;323;10;45;30;90;0.50;100000;108174;8.2;6.89;111;504.6;0.2748;61;0;61;50
2018;324;15;95;30;85;0.50;100000;108173;8.2;4.92;80;493.0;0.2938;47;0;47;33
2018;325;15;55;20;35;0.50;100000;108160;8.2;7.63;141;322.6;0.3972;112;0;112;29
2018;326;20;45;20;40;0.50;100000;108159;8.2;5.33;85;321.0;0.3765;64;0;64;21
2018;327;15;65;85;60;0.50;100000;108150;8.2;1.58;70;1342.0;0.6571;92;22;48;0
2018;328;10;50;40;75;0.50;100000;108142;8.1;6.42;115;644.0;0.3783;87;0;87;28
2018;329;10;95;15;40;0.50;100000;108132;8.1;9.81;181;256.6;0.2983;108;0;108;73
2018;330;10;65;60;30;0.50;100000;108131;8.1;2.20;136;949.6;0.7132;194;58;78;0
2018;331;15;20;35;85;0.50;100000;108125;8.1;3.18;51;558.6;0.3431;35;0;35;16
2018;332;10;85;55;25;0.50;100000;108124;8.1;2.17;143;869.8;0.7343;210;67;76;0
2018;333;10;35;75;100;0.50;100000;108117;8.1;1.51;72;1174.2;0.4792;69;0;69;3
2018;334;35;100;35;70;0.50;100000;108115;8.1;2.06;32;550.2;0.4219;27;0;27;5
2018;335;10;40;35;90;0.50;100000;108096;8.1;6.00;111;574.6;0.3063;68;0;68;43
2018;336;15;20;35;100;0.50;100000;108086;8.1;2.65;47;559.2;0.3085;29;0;29;18
2018;337;10;80;15;45;0.50;100000;108066;8.1;12.82;179;259.4;0.2737;98;0;98;81
2018;338;25;75;15;45;0.50;100000;108058;8.1;7.09;63;241.8;0.2937;37;0;37;26
2018;339;10;55;50;90;0.50;100000;108048;8.0;5.53;93;789.8;0.3925;73;0;73;20
2018;340;15;25;25;60;0.50;100000;108038;8.0;6.49;98;402.8;0.3265;64;0;64;34
2018;341;10;40;80;25;0.50;100000;108026;8.0;2.00;138;1246.8;0.8116;224;86;52;0
2018;342;10;55;90;45;0.50;100000;108023;8.0;1.80;92;1401.2;0.7283;134;42;50;0
2018;343;15;85;30;85;0.50;100000;108023;8.0;5.63;82;485.2;0.2927;48;0;48;34
2018;344;10;40;30;45;0.50;100000;108021;8.0;4.26;217;476.2;0.4240;184;0;184;33
2018;345;30;95;35;95;0.50;100000;108010;8.0;2.90;36;549.6;0.3333;24;0;24;12
2018;346;15;45;25;70;0.50;100000;108008;8.0;5.99;114;410.4;0.2895;66;0;66;48
2018;347;30;100;40;80;0.50;100000;108007;8.0;2.58;41;622.6;0.4024;33;0;33;8
2018;348;20;30;20;50;0.50;100000;107994;8.0;5.56;60;316.0;0.3333;40;0;40;20
2018;349;10;70;60;45;0.50;100000;107994;8.0;1.99;116;932.6;0.6164;143;27;89;0
2018;350;15;95;50;80;0.50;100000;107980;8.0;2.95;68;774.8;0.4338;59;0;59;9
2018;351;25;100;30;90;0.50;100000;107972;8.0;6.47;47;474.2;0.2979;28;0;28;19
2018;352;15;55;45;95;0.50;100000;107946;7.9;4.43;75;705.0;0.3600;54;0;54;21
2018;353;20;100;30;60;0.50;100000;107939;7.9;4.67;73;467.8;0.3767;55;0;55;18
2018;354;10;80;65;30;0.50;100000;107938;7.9;2.98;129;1004.4;0.7326;189;60;69;0
2018;355;25;65;25;55;0.50;100000;107936;7.9;6.09;64;390.4;0.3594;46;0;46;18
2018;356;25;40;10;30;0.50;100000;107930;7.9;6.03;45;157.0;0.3111;28;0;28;17
2018;357;15;35;20;45;0.50;100000;107869;7.9;7.33;143;319.8;0.3357;96;0;96;47
2018;358;15;75;20;35;0.50;100000;107865;7.9;7.65;128;310.8;0.3984;102;0;102;26
2018;359;10;85;65;35;0.50;100000;107860;7.9;2.48;118;994.8;0.6992;165;47;71;0
2018;360;15;50;40;100;0.50;100000;107856;7.9;3.80;80;628.0;0.3187;51;0;51;29
2018;361;15;35;40;100;0.50;100000;107856;7.9;6.98;80;628.0;0.3187;51;0;51;29
2018;362;15;40;85;45;0.50;100000;107855;7.9;2.19;88;1296.8;0.7159;126;38;50;0
2018;363;10;100;15;25;0.50;100000;107852;7.9;5.00;162;233.2;0.4105;133;0;133;29
2018;364;20;100;30;90;0.50;100000;107850;7.9;4.74;51;468.6;0.2941;30;0;30;21
2018;365;20;45;50;65;0.50;100000;107835;7.8;1.52;64;755.4;0.4922;63;0;63;1
2018;366;30;80;35;80;0.50;100000;107829;7.8;2.53;36;534.6;0.3750;27;0;27;9
2018;367;25;90;25;65;0.50;100000;107814;7.8;4.79;59;387.4;0.3220;38;0;38;21
2018;368;15;35;35;45;0.50;100000;107804;7.8;2.17;136;529.6;0.4706;128;0;128;8
2018;369;15;45;15;45;0.50;100000;107803;7.8;16.09;145;247.0;0.2759;80;0;80;65
2018;370;25;80;35;75;0.50;100000;107782;7.8;3.52;48;532.8;0.3750;36;0;36;12
2018;371;20;80;20;40;0.50;100000;107779;7.8;3.76;81;306.6;0.3765;61;0;61;20
2018;372;10;50;35;85;0.50;100000;107759;7.8;7.64;120;552.0;0.3167;76;0;76;44
2018;373;15;55;35;95;0.50;100000;107753;7.8;7.10;87;548.2;0.2989;52;0;52;35
2018;374;25;90;15;35;0.50;100000;107739;7.7;4.62;58;228.8;0.3534;41;0;41;17
2018;375;25;65;30;80;0.50;100000;107726;7.7;3.96;57;460.2;0.3158;36;0;36;21
2018;376;10;65;80;65;0.50;100000;107720;7.7;1.21;86;1199.6;0.6047;104;18;68;0
2018;377;25;95;30;75;0.50;100000;107719;7.7;4.32;49;456.4;0.3367;33;0;33;16
2018;378;25;55;65;25;0.50;100000;107710;7.7;1.08;57;970.2;0.8246;94;37;20;0
2018;379;20;35;40;85;0.50;100000;107705;7.7;3.02;54;604.4;0.3704;40;0;40;14
2018;380;35;90;30;70;0.50;100000;107698;7.7;2.54;35;451.0;0.3714;26;0;26;9
2018;381;20;100;35;80;0.50;100000;107689;7.7;4.02;57;530.2;0.3509;40;0;40;17
2018;382;25;90;25;50;0.50;100000;107656;7.7;5.25;54;374.4;0.3889;42;0;42;12
2018;383;10;50;15;40;0.50;100000;107651;7.7;16.12;239;250.4;0.2950;141;0;141;98
2018;384;20;80;25;70;0.50;100000;107645;7.6;6.45;72;384.2;0.2986;43;0;43;29
2018;385;15;70;15;35;0.50;100000;107637;7.6;10.25;120;232.0;0.3333;80;0;80;40
2018;386;10;30;80;50;0.50;100000;107636;7.6;2.77;107;1190.2;0.6636;142;35;72;0
2018;387;30;95;25;65;0.50;100000;107632;7.6;3.55;33;373.8;0.3485;23;0;23;10
2018;388;10;55;40;80;0.50;100000;107621;7.6;8.74;109;607.4;0.3624;79;0;79;30
2018;389;10;25;25;65;0.50;100000;107611;7.6;11.22;190;404.0;0.2974;113;0;113;77
2018;390;15;25;10;30;0.50;100000;107609;7.6;9.94;129;159.4;0.2829;73;0;73;56
2018;391;25;95;95;65;0.50;100000;107608;7.6;1.32;42;1401.2;0.7024;59;17;25;0
2018;392;10;60;45;100;0.50;100000;107580;7.6;4.49;83;678.8;0.3434;57;0;57;26
2018;393;10;25;35;55;0.50;100000;107571;7.6;5.20;188;526.8;0.4122;155;0;155;33
2018;394;15;35;100;65;0.50;100000;107544;7.5;1.94;64;1465.4;0.6797;87;23;41;0
2018;395;15;100;30;45;0.50;100000;107520;7.5;4.09;93;439.8;0.4409;82;0;82;11
2018;396;10;25;30;50;0.50;100000;107520;7.5;7.96;205;453.0;0.3976;163;0;163;42
2018;397;30;95;30;80;0.50;100000;107509;7.5;3.53;34;442.4;0.3382;23;0;23;11
2018;398;10;85;20;35;0.50;100000;107508;7.5;7.05;188;301.8;0.3910;147;0;147;41
2018;399;30;100;25;70;0.50;100000;107507;7.5;4.54;39;370.4;0.3205;25;0;25;14
2018;400;25;95;25;60;0.50;100000;107481;7.5;6.89;54;369.4;0.3426;37;0;37;17
2018;401;35;90;30;75;0.50;100000;107472;7.5;3.02;39;440.4;0.3462;27;0;27;12
2018;402;10;55;45;80;0.50;100000;107440;7.4;6.30;109;662.4;0.3899;85;0;85;24
2018;403;20;65;35;85;0.50;100000;107434;7.4;4.14;60;516.0;0.3333;40;0;40;20
2018;404;10;90;65;35;0.50;100000;107431;7.4;2.88;126;943.6;0.6944;175;49;77;0
2018;405;25;80;40;85;0.50;100000;107428;7.4;2.49;42;581.2;0.3810;32;0;32;10
2018;406;15;55;15;35;0.50;100000;107424;7.4;8.61;144;228.4;0.3299;95;0;95;49
2018;407;30;90;30;80;0.50;100000;107422;7.4;2.75;43;439.8;0.3256;28;0;28;15
2018;408;10;85;60;40;0.50;100000;107404;7.4;1.56;123;867.8;0.6423;158;35;88;0
2018;409;15;40;60;25;0.50;100000;107396;7.4;2.00;121;865.6;0.7562;183;62;59;0
2018;410;10;20;50;85;0.50;100000;107396;7.4;3.89;98;727.8;0.4031;79;0;79;19
2018;411;10;80;30;45;0.50;100000;107394;7.4;7.78;159;437.4;0.4277;136;0;136;23
2018;412;25;50;15;10;0.50;100000;107383;7.4;1.58;64;215.4;0.6953;89;25;39;0
2018;413;10;70;70;40;0.50;100000;107383;7.4;3.91;115;1009.0;0.6826;157;42;73;0
2018;414;20;100;15;40;0.50;100000;107381;7.4;4.39;70;222.0;0.3143;44;0;44;26
2018;415;15;65;15;45;0.50;100000;107338;7.3;10.52;134;232.4;0.2761;74;0;74;60
2018;416;15;25;80;60;0.50;100000;107328;7.3;1.96;71;1140.6;0.6338;90;19;52;0
2018;417;15;85;30;40;0.50;100000;107327;7.3;4.10;123;427.8;0.4634;114;0;114;9
2018;418;15;60;30;45;0.50;100000;107325;7.3;3.53;131;431.6;0.4313;113;0;113;18
2018;419;20;35;40;90;0.50;100000;107325;7.3;3.51;52;577.2;0.3558;37;0;37;15
2018;420;10;90;25;45;0.50;100000;107323;7.3;6.62;159;367.4;0.3836;122;0;122;37
2018;421;15;85;15;45;0.50;100000;107318;7.3;11.67;115;229.0;0.2783;64;0;64;51
2018;422;15;70;85;50;0.50;100000;107316;7.3;1.35;78;1210.8;0.6923;108;30;48;0
2018;423;10;70;40;90;0.50;100000;107313;7.3;7.72;95;587.0;0.3368;64;0;64;31
2018;424;10;40;50;100;0.50;100000;107308;7.3;5.59;89;725.4;0.3652;65;0;65;24
2018;425;35;85;35;85;0.50;100000;107299;7.3;4.16;35;501.0;0.3571;25;0;25;10
2018;426;25;100;40;80;0.50;100000;107295;7.3;3.11;49;571.4;0.3878;38;0;38;11
2018;427;35;85;30;90;0.50;100000;107292;7.3;2.59;34;432.4;0.3088;21;0;21;13
2018;428;15;35;50;95;0.50;100000;107290;7.3;3.23;73;717.8;0.3836;56;0;56;17
2018;429;15;100;10;30;0.50;100000;107286;7.3;8.69;133;153.8;0.2820;75;0;75;58
2018;430;10;15;30;55;0.50;100000;107285;7.3;7.57;141;437.6;0.3794;107;0;107;34
2018;431;25;40;10;25;0.50;100000;107276;7.3;4.08;44;143.4;0.3523;31;0;31;13
2018;432;25;60;25;65;0.50;100000;107271;7.3;3.81;56;361.6;0.3214;36;0;36;20
2018;433;10;20;40;90;0.50;100000;107271;7.3;3.99;103;585.8;0.3350;69;0;69;34
2018;434;10;15;40;60;0.50;100000;107249;7.2;3.74;122;569.2;0.4303;105;0;105;17
2018;435;10;70;35;80;0.50;100000;107240;7.2;7.57;112;513.2;0.3304;74;0;74;38
2018;436;10;45;70;30;0.50;100000;107223;7.2;3.91;150;990.0;0.7400;222;72;78;0
2018;437;15;55;45;80;0.50;100000;107214;7.2;4.75;86;639.6;0.3953;68;0;68;18
2018;438;30;95;25;60;0.50;100000;107214;7.2;3.61;46;355.6;0.3478;32;0;32;14
2018;439;10;70;60;40;0.50;100000;107213;7.2;3.37;124;846.4;0.6411;159;35;89;0
2018;440;15;45;70;35;0.50;100000;107208;7.2;3.53;97;984.2;0.7216;140;43;54;0
2018;441;30;90;25;45;0.50;100000;107205;7.2;3.47;49;351.4;0.4184;41;0;41;8
2018;442;30;100;45;75;0.50;100000;107200;7.2;1.52;43;629.8;0.4419;38;0;38;5
2018;443;30;70;35;80;0.50;100000;107193;7.2;3.91;43;494.8;0.3605;31;0;31;12
2018;444;30;80;20;45;0.50;100000;107174;7.2;4.01;45;282.0;0.3667;33;0;33;12
2018;445;10;30;60;75;0.50;100000;107170;7.2;2.07;121;835.6;0.4752;115;0;115;6
2018;446;20;65;15;45;0.50;100000;107168;7.2;7.19;79;219.4;0.2848;45;0;45;34
2018;447;15;80;20;55;0.50;100000;107167;7.2;9.94;107;295.2;0.2944;63;0;63;44
2018;448;15;30;15;40;0.50;100000;107167;7.2;10.84;133;223.8;0.3008;80;0;80;53
2018;449;25;85;20;50;0.50;100000;107166;7.2;3.57;54;284.4;0.3333;36;0;36;18
2018;450;30;85;40;90;0.50;100000;107165;7.2;2.52;41;562.6;0.3659;30;0;30;11
2018;451;30;65;15;40;0.50;100000;107164;7.2;5.64;51;213.6;0.3235;33;0;33;18
2018;452;10;45;45;95;0.50;100000;107151;7.2;4.71;91;642.6;0.3516;64;0;64;27
2018;453;10;25;40;50;0.50;100000;107148;7.1;3.26;201;558.6;0.4677;188;0;188;13
2018;454;10;25;40;55;0.50;100000;107136;7.1;4.51;181;561.6;0.4448;161;0;161;20
2018;455;15;25;15;30;0.50;100000;107133;7.1;5.18;125;215.0;0.3680;92;0;92;33
2018;456;25;100;35;65;0.50;100000;107127;7.1;2.34;45;487.0;0.4111;37;0;37;8
2018;457;20;85;25;35;0.50;100000;107102;7.1;2.22;82;345.2;0.4634;76;0;76;6
2018;458;10;60;30;45;0.50;100000;107089;7.1;3.43;191;422.6;0.4241;162;0;162;29
2018;459;10;90;50;20;0.50;100000;107088;7.1;2.40;154;694.4;0.7565;233;79;75;0
2018;460;20;75;30;50;0.50;100000;107087;7.1;3.53;74;416.4;0.4189;62;0;62;12
2018;461;20;95;15;40;0.50;100000;107069;7.1;6.61;79;214.4;0.3101;49;0;49;30
2018;462;15;30;20;35;0.50;100000;107064;7.1;6.30;138;281.8;0.3949;109;0;109;29
2018;463;30;65;15;30;0.50;100000;107061;7.1;5.47;55;208.0;0.3909;43;0;43;12
2018;464;20;40;20;50;0.50;100000;107058;7.1;4.57;76;283.6;0.3224;49;0;49;27
2018;465;10;15;25;50;0.50;100000;107039;7.0;11.98;155;358.0;0.3581;111;0;111;44
2018;466;10;90;30;50;0.50;100000;107030;7.0;3.63;143;419.8;0.4021;115;0;115;28
2018;467;30;60;30;75;0.50;100000;107022;7.0;3.83;36;414.6;0.3472;25;0;25;11
2018;468;15;30;30;50;0.50;100000;107010;7.0;5.98;117;416.2;0.4060;95;0;95;22
2018;469;20;100;20;50;0.50;100000;106997;7.0;6.79;71;280.6;0.3239;46;0;46;25
2018;470;30;90;20;40;0.50;100000;106995;7.0;2.79;47;274.2;0.3936;37;0;37;10
2018;471;15;65;30;80;0.50;100000;106989;7.0;7.29;88;426.8;0.3011;53;0;53;35
2018;472;30;95;25;75;0.50;100000;106981;7.0;4.67;38;346.8;0.3026;23;0;23;15
2018;473;15;25;35;45;0.50;100000;106973;7.0;2.29;111;474.6;0.4730;105;0;105;6
2018;474;15;55;30;45;0.50;100000;106972;7.0;2.88;124;411.4;0.4315;107;0;107;17
2018;475;10;95;90;55;0.50;100000;106958;7.0;1.71;74;1221.4;0.6824;101;27;47;0
2018;476;15;100;30;70;0.50;100000;106954;7.0;5.14;86;419.6;0.3314;57;0;57;29
2018;477;20;60;60;30;0.50;100000;106952;7.0;1.58;83;813.8;0.7289;121;38;45;0
2018;478;20;60;85;55;0.50;100000;106948;6.9;1.60;57;1150.2;0.6842;78;21;36;0
2018;479;30;70;10;30;0.50;100000;106936;6.9;5.15;44;138.4;0.3068;27;0;27;17
2018;480;20;40;15;30;0.50;100000;106934;6.9;4.76;88;206.8;0.3750;66;0;66;22
2018;481;20;60;50;100;0.50;100000;106906;6.9;4.99;51;678.6;0.3824;39;0;39;12
2018;482;20;95;95;65;0.50;100000;106898;6.9;1.80;46;1275.6;0.6848;63;17;29;0
2018;483;30;75;35;60;0.50;100000;106897;6.9;2.53;36;469.6;0.4444;32;0;32;4
2018;484;15;55;25;35;0.50;100000;106897;6.9;5.53;144;338.4;0.4479;129;0;129;15
2018;485;15;60;45;70;0.50;100000;106887;6.9;3.51;94;608.4;0.4255;80;0;80;14
2018;486;15;25;30;45;0.50;100000;106882;6.9;3.99;107;405.2;0.4346;93;0;93;14
2018;487;30;90;35;60;0.50;100000;106880;6.9;1.54;40;469.0;0.4375;35;0;35;5
2018;488;30;100;30;70;0.50;100000;106866;6.9;7.42;39;405.4;0.3590;28;0;28;11
2018;489;20;40;10;30;0.50;100000;106857;6.9;7.89;85;141.0;0.2882;49;0;49;36
2018;490;20;70;25;60;0.50;100000;106845;6.8;4.54;76;343.6;0.3289;50;0;50;26
2018;491;15;50;40;75;0.50;100000;106827;6.8;3.69;88;541.8;0.3807;67;0;67;21
2018;492;25;65;30;60;0.50;100000;106823;6.8;4.07;55;403.0;0.3818;42;0;42;13
2018;493;10;20;55;90;0.50;100000;106810;6.8;4.67;91;737.6;0.4121;75;0;75;16
2018;494;15;50;45;75;0.50;100000;106802;6.8;5.46;84;602.4;0.4107;69;0;69;15
2018;495;15;65;20;45;0.50;100000;106800;6.8;9.03;133;278.8;0.3346;89;0;89;44
2018;496;10;40;70;100;0.50;100000;106788;6.8;2.50;74;926.4;0.4527;67;0;67;7
2018;497;15;95;45;100;0.50;100000;106786;6.8;3.92;60;606.0;0.3500;42;0;42;18
2018;498;25;85;40;80;0.50;100000;106780;6.8;3.51;48;532.8;0.3854;37;0;37;11
2018;499;10;85;80;65;0.50;100000;106772;6.8;1.42;77;1057.2;0.6039;93;16;61;0
2018;500;15;50;90;60;0.50;100000;106769;6.8;1.92;72;1189.2;0.6597;95;23;49;0
2019;1;15;60;15;45;0.50;100000;122094;22.1;3.61;59;607.4;0.3475;41;0;41;18
2019;2;10;65;15;40;0.50;100000;121697;21.7;5.87;93;599.8;0.3441;64;0;64;29
2019;3;15;100;10;30;0.50;100000;121337;21.3;2.80;49;391.4;0.3673;36;0;36;13
2019;4;15;55;15;45;0.50;100000;119428;19.4;4.82;63;541.8;0.3333;42;0;42;21
2019;5;10;55;35;100;0.50;100000;119178;19.2;4.51;45;1242.0;0.3667;33;0;33;12
2019;6;15;60;20;45;0.50;100000;116901;16.9;4.01;57;630.2;0.4035;46;0;46;11
2019;7;15;70;10;25;0.50;100000;116879;16.9;3.81;67;316.2;0.3731;50;0;50;17
2019;8;15;25;20;60;0.50;100000;116610;16.6;2.72;41;622.6;0.3537;29;0;29;12
2019;9;15;80;15;45;0.50;100000;116437;16.4;5.02;54;464.4;0.3333;36;0;36;18
2019;10;15;75;10;30;0.50;100000;115358;15.4;4.27;63;291.8;0.3254;41;0;41;22
2019;11;10;40;15;45;0.50;100000;114786;14.8;10.74;101;428.6;0.2970;60;0;60;41
2019;12;10;75;25;60;0.50;100000;114575;14.6;3.55;61;689.6;0.3689;45;0;45;16
2019;13;15;65;25;70;0.50;100000;114482;14.5;4.50;55;688.0;0.3364;37;0;37;18
2019;14;15;70;15;35;0.50;100000;114188;14.2;2.66;62;403.2;0.3790;47;0;47;15
2019;15;15;85;30;80;0.50;100000;113847;13.8;1.97;32;785.2;0.3906;25;0;25;7
2019;16;15;95;25;70;0.50;100000;113631;13.6;3.03;41;647.6;0.3537;29;0;29;12
2019;17;20;55;15;40;0.50;100000;113586;13.6;1.56;35;386.0;0.3857;27;0;27;8
2019;18;15;75;20;50;0.50;100000;113388;13.4;4.52;57;510.2;0.3596;41;0;41;16
2019;19;15;60;15;40;0.50;100000;113181;13.2;4.90;65;379.0;0.3385;44;0;44;21
2019;20;20;60;15;45;0.50;100000;113032;13.0;2.70;34;372.4;0.3529;24;0;24;10
2019;21;10;45;10;30;0.50;100000;113017;13.0;8.03;117;256.2;0.2949;69;0;69;48
2019;22;20;60;30;90;0.50;100000;112827;12.8;3.59;33;733.8;0.3485;23;0;23;10
2019;23;15;90;15;35;0.50;100000;112371;12.4;4.62;54;354.4;0.3796;41;0;41;13
2019;24;15;65;15;30;0.50;100000;112346;12.3;2.74;59;352.4;0.4153;49;0;49;10
2019;25;20;60;35;90;0.50;100000;112334;12.3;4.03;34;822.4;0.3824;26;0;26;8
2019;26;10;65;30;90;0.50;100000;112316;12.3;8.53;49;711.4;0.3163;31;0;31;18
2019;27;20;50;20;55;0.50;100000;112242;12.2;2.57;34;467.4;0.3676;25;0;25;9
2019;28;15;90;30;80;0.50;100000;112183;12.2;2.75;37;698.2;0.3649;27;0;27;10
2019;29;15;55;35;95;0.50;100000;112101;12.1;2.53;36;809.6;0.3611;26;0;26;10
2019;30;15;75;15;40;0.50;100000;112022;12.0;5.87;59;347.4;0.3390;40;0;40;19
2019;31;10;55;25;70;0.50;100000;112003;12.0;4.54;70;582.0;0.3143;44;0;44;26
2019;32;15;55;35;100;0.50;100000;112001;12.0;4.51;36;804.6;0.3472;25;0;25;11
2019;33;15;65;15;35;0.50;100000;111884;11.9;4.86;56;341.6;0.3750;42;0;42;14
2019;34;15;45;20;50;0.50;100000;111847;11.8;4.89;60;456.0;0.3500;42;0;42;18
2019;35;10;95;30;85;0.50;100000;111754;11.8;4.79;47;679.2;0.3298;31;0;31;16
2019;36;15;60;25;55;0.50;100000;111731;11.7;3.55;56;561.6;0.3839;43;0;43;13
2019;37;10;75;20;55;0.50;100000;111651;11.7;5.75;76;453.6;0.3158;48;0;48;28
2019;38;20;65;25;75;0.50;100000;111569;11.6;8.41;32;555.2;0.3438;22;0;22;10
2019;39;15;45;15;30;0.50;100000;111509;11.5;3.76;64;330.4;0.4062;52;0;52;12
2019;40;20;95;25;75;0.50;100000;111496;11.5;5.59;34;552.4;0.3382;23;0;23;11
2019;41;20;65;35;75;0.50;100000;111345;11.3;2.53;31;756.6;0.4355;27;0;27;4
2019;42;10;40;25;75;0.50;100000;111323;11.3;3.74;69;553.4;0.2971;41;0;41;28
2019;43;20;65;20;60;0.50;100000;111320;11.3;2.57;32;435.2;0.3438;22;0;22;10
2019;44;20;95;25;65;0.50;100000;111288;11.3;3.56;35;541.0;0.3714;26;0;26;9
2019;45;20;100;20;45;0.50;100000;111273;11.3;1.99;32;430.2;0.4219;27;0;27;5
2019;46;10;60;35;60;0.50;100000;110843;10.8;3.54;67;726.2;0.4328;58;0;58;9
2019;47;15;100;30;75;0.50;100000;110840;10.8;2.83;36;624.6;0.3750;27;0;27;9
2019;48;10;25;35;95;0.50;100000;110820;10.8;7.16;48;732.8;0.3333;32;0;32;16
2019;49;10;65;15;25;0.50;100000;110812;10.8;3.61;106;311.6;0.4292;91;0;91;15
2019;50;10;75;30;65;0.50;100000;110804;10.8;2.99;61;624.6;0.3770;46;0;46;15
2019;51;15;95;20;60;0.50;100000;110787;10.8;6.76;44;418.4;0.3182;28;0;28;16
2019;52;10;95;15;35;0.50;100000;110770;10.8;5.27;76;313.6;0.3553;54;0;54;22
2019;53;10;95;25;60;0.50;100000;110738;10.7;4.60;61;519.6;0.3525;43;0;43;18
2019;54;10;95;15;45;0.50;100000;110698;10.7;5.72;55;313.0;0.3091;34;0;34;21
2019;55;20;45;15;45;0.50;100000;110678;10.7;5.62;36;309.6;0.3333;24;0;24;12
2019;56;20;70;15;30;0.50;100000;110647;10.6;2.08;39;305.4;0.4359;34;0;34;5
2019;57;15;55;20;50;0.50;100000;110627;10.6;4.89;56;411.6;0.3482;39;0;39;17
2019;58;25;55;10;25;0.50;100000;110616;10.6;5.10;33;203.8;0.3939;26;0;26;7
2019;59;15;85;30;85;0.50;100000;110550;10.6;4.65;35;611.0;0.3429;24;0;24;11
2019;60;15;100;25;70;0.50;100000;110527;10.5;2.55;40;509.0;0.3375;27;0;27;13
2019;61;15;90;35;95;0.50;100000;110459;10.5;2.90;32;705.2;0.3594;23;0;23;9
2019;62;15;95;30;80;0.50;100000;110387;10.4;3.18;35;601.0;0.3571;25;0;25;10
2019;63;20;50;20;40;0.50;100000;110387;10.4;2.68;44;398.4;0.4205;37;0;37;7
2019;64;10;40;30;65;0.50;100000;110381;10.4;4.97;66;602.6;0.3712;49;0;49;17
2019;65;10;45;30;60;0.50;100000;110268;10.3;5.65;68;594.8;0.3897;53;0;53;15
2019;66;15;85;35;95;0.50;100000;110247;10.2;3.89;34;692.4;0.3529;24;0;24;10
2019;67;15;85;50;85;0.50;100000;110202;10.2;1.52;33;973.8;0.4848;32;0;32;1
2019;68;20;55;20;60;0.50;100000;110168;10.2;3.03;33;393.8;0.3333;22;0;22;11
2019;69;20;50;25;70;0.50;100000;110115;10.1;2.71;33;488.8;0.3485;23;0;23;10
2019;70;15;95;25;55;0.50;100000;110109;10.1;4.00;45;487.0;0.3889;35;0;35;10
2019;71;10;55;40;100;0.50;100000;110101;10.1;5.13;42;781.2;0.3571;30;0;30;12
2019;72;20;50;20;60;0.50;100000;110080;10.1;2.64;35;391.0;0.3286;23;0;23;12
2019;73;10;85;30;80;0.50;100000;110054;10.1;3.75;46;585.6;0.3370;31;0;31;15
2019;74;15;100;15;30;0.50;100000;109996;10.0;2.59;51;288.6;0.4118;42;0;42;9
2019;75;15;90;20;55;0.50;100000;109954;10.0;5.56;45;387.0;0.3333;30;0;30;15
2019;76;20;65;25;70;0.50;100000;109934;9.9;4.54;35;481.0;0.3429;24;0;24;11
2019;77;20;50;25;50;0.50;100000;109890;9.9;1.63;36;474.6;0.4306;31;0;31;5
2019;78;10;80;35;100;0.50;100000;109861;9.9;4.02;36;669.6;0.3333;24;0;24;12
2019;79;20;95;30;65;0.50;100000;109830;9.8;1.99;31;566.6;0.4194;26;0;26;5
2019;80;15;25;25;65;0.50;100000;109827;9.8;3.05;45;477.0;0.3444;31;0;31;14
2019;81;10;35;40;100;0.50;100000;109779;9.8;2.81;44;758.4;0.3523;31;0;31;13
2019;82;15;85;20;55;0.50;100000;109730;9.7;3.57;47;379.2;0.3298;31;0;31;16
2019;83;15;55;40;95;0.50;100000;109615;9.6;2.87;34;742.4;0.3824;26;0;26;8
2019;84;20;65;25;65;0.50;100000;109589;9.6;4.54;33;463.8;0.3636;24;0;24;9
2019;85;10;90;40;80;0.50;100000;109578;9.6;2.52;44;738.4;0.4091;36;0;36;8
2019;86;10;75;35;85;0.50;100000;109577;9.6;3.15;43;649.8;0.3605;31;0;31;12
2019;87;10;85;35;75;0.50;100000;109493;9.5;3.45;48;642.8;0.3854;37;0;37;11
2019;88;10;60;40;100;0.50;100000;109457;9.5;3.51;46;735.6;0.3478;32;0;32;14
2019;89;15;65;20;35;0.50;100000;109404;9.4;3.60;59;362.4;0.4322;51;0;51;8
2019;90;15;65;20;40;0.50;100000;109383;9.4;2.79;55;363.0;0.4000;44;0;44;11
2019;91;10;80;35;60;0.50;100000;109360;9.4;2.54;63;631.8;0.4286;54;0;54;9
2019;92;20;95;25;60;0.50;100000;109243;9.2;2.55;31;446.6;0.3871;24;0;24;7
2019;93;15;40;10;25;0.50;100000;109221;9.2;3.04;57;180.2;0.3509;40;0;40;17
2019;94;20;100;20;50;0.50;100000;109172;9.2;2.51;32;355.2;0.3750;24;0;24;8
2019;95;10;40;60;90;0.50;100000;109137;9.1;1.51;42;1051.2;0.4881;41;0;41;1
2019;96;15;45;15;40;0.50;100000;109125;9.1;5.39;58;268.8;0.3276;38;0;38;20
2019;97;15;50;35;95;0.50;100000;109123;9.1;2.72;35;621.0;0.3429;24;0;24;11
2019;98;15;80;35;95;0.50;100000;109123;9.1;3.52;35;621.0;0.3429;24;0;24;11
2019;99;10;45;30;75;0.50;100000;109083;9.1;4.41;58;533.8;0.3362;39;0;39;19
2019;100;15;60;30;80;0.50;100000;109015;9.0;2.75;38;526.8;0.3421;26;0;26;12
2019;101;15;60;25;65;0.50;100000;108986;9.0;6.04;44;438.4;0.3409;30;0;30;14
2019;102;10;40;15;40;0.50;100000;108980;9.0;7.40;100;270.0;0.3100;62;0;62;38
2019;103;15;90;35;80;0.50;100000;108940;8.9;2.92;35;606.0;0.3857;27;0;27;8
2019;104;10;70;10;30;0.50;100000;108909;8.9;9.60;113;181.8;0.2876;65;0;65;48
2019;105;10;65;25;65;0.50;100000;108908;8.9;5.05;65;439.0;0.3231;42;0;42;23
2019;106;10;40;15;30;0.50;100000;108907;8.9;4.76;112;263.2;0.3750;84;0;84;28
2019;107;20;75;10;30;0.50;100000;108907;8.9;4.72;33;173.8;0.3333;22;0;22;11
2019;108;10;55;50;95;0.50;100000;108902;8.9;3.23;43;859.8;0.4186;36;0;36;7
2019;109;15;60;25;50;0.50;100000;108889;8.9;4.18;66;432.6;0.3864;51;0;51;15
2019;110;10;20;30;20;0.50;100000;108885;8.9;2.13;117;516.2;0.6581;154;37;80;0
2019;111;15;45;25;55;0.50;100000;108824;8.8;5.32;57;430.2;0.3684;42;0;42;15
2019;112;10;20;45;20;0.50;100000;108815;8.8;2.53;99;766.4;0.7626;151;52;47;0
2019;113;10;95;15;40;0.50;100000;108808;8.8;6.40;67;261.2;0.3209;43;0;43;24
2019;114;15;55;25;75;0.50;100000;108783;8.8;4.86;48;432.8;0.3021;29;0;29;19
2019;115;10;75;30;60;0.50;100000;108706;8.7;4.14;65;509.0;0.3846;50;0;50;15
2019;116;10;90;30;80;0.50;100000;108686;8.7;4.17;49;511.4;0.3265;32;0;32;17
2019;117;15;90;35;90;0.50;100000;108673;8.7;2.53;32;590.2;0.3594;23;0;23;9
2019;118;10;30;40;85;0.50;100000;108673;8.7;4.95;47;674.2;0.3830;36;0;36;11
2019;119;15;65;10;30;0.50;100000;108635;8.6;8.71;63;171.8;0.3016;38;0;38;25
2019;120;15;60;30;60;0.50;100000;108610;8.6;2.61;49;501.4;0.3980;39;0;39;10
2019;121;15;80;30;75;0.50;100000;108583;8.6;5.57;38;501.8;0.3553;27;0;27;11
2019;122;15;85;30;75;0.50;100000;108583;8.6;3.90;38;501.8;0.3553;27;0;27;11
2019;123;15;60;30;65;0.50;100000;108579;8.6;3.45;46;500.6;0.3804;35;0;35;11
2019;124;15;80;15;30;0.50;100000;108534;8.5;5.33;68;249.8;0.3897;53;0;53;15
2019;125;10;70;20;50;0.50;100000;108533;8.5;5.20;73;337.8;0.3288;48;0;48;25
2019;126;15;60;20;40;0.50;100000;108509;8.5;3.90;63;331.8;0.3889;49;0;49;14
2019;127;20;60;20;45;0.50;100000;108489;8.5;2.43;36;329.6;0.3889;28;0;28;8
2019;128;15;95;45;80;0.50;100000;108455;8.5;1.52;33;733.8;0.4545;30;0;30;3
2019;129;15;95;10;30;0.50;100000;108445;8.4;5.29;52;167.2;0.3077;32;0;32;20
2019;130;15;70;20;55;0.50;100000;108373;8.4;4.55;50;330.0;0.3200;32;0;32;18
2019;131;10;45;40;80;0.50;100000;108333;8.3;4.21;51;648.6;0.3922;40;0;40;11
2019;132;10;35;10;25;0.50;100000;108329;8.3;9.42;136;169.6;0.3235;88;0;88;48
2019;133;15;45;10;30;0.50;100000;108310;8.3;9.01;67;166.2;0.2985;40;0;40;27
2019;134;15;70;30;85;0.50;100000;108299;8.3;3.53;37;488.2;0.3243;24;0;24;13
2019;135;10;80;20;40;0.50;100000;108280;8.3;4.24;82;325.2;0.3780;62;0;62;20
2019;136;15;70;15;40;0.50;100000;108274;8.3;3.91;57;245.2;0.3246;37;0;37;20
2019;137;15;40;25;50;0.50;100000;108264;8.3;3.18;52;402.2;0.3942;41;0;41;11
2019;138;15;60;20;60;0.50;100000;108246;8.2;5.64;52;327.2;0.2981;31;0;31;21
2019;139;15;45;20;60;0.50;100000;108159;8.2;5.18;54;324.4;0.2963;32;0;32;22
2019;140;15;60;30;85;0.50;100000;108149;8.1;5.50;39;480.4;0.3205;25;0;25;14
2019;141;15;90;40;80;0.50;100000;108137;8.1;3.05;35;631.0;0.4143;29;0;29;6
2019;142;10;95;25;65;0.50;100000;108099;8.1;5.09;57;400.2;0.3246;37;0;37;20
2019;143;15;55;10;25;0.50;100000;108098;8.1;3.73;71;160.6;0.3380;48;0;48;23
2019;144;15;50;25;70;0.50;100000;108087;8.1;4.03;44;398.4;0.3182;28;0;28;16
2019;145;10;50;20;60;0.50;100000;108073;8.1;6.31;81;326.6;0.2840;46;0;46;35
2019;146;10;45;50;80;0.50;100000;108064;8.1;3.23;50;780.0;0.4500;45;0;45;5
2019;147;15;65;35;75;0.50;100000;108053;8.1;2.99;37;548.2;0.3919;29;0;29;8
2019;148;10;75;10;30;0.50;100000;108040;8.0;11.46;97;164.2;0.2887;56;0;56;41
2019;149;15;75;30;55;0.50;100000;108023;8.0;3.01;45;467.0;0.4222;38;0;38;7
2019;150;10;95;40;85;0.50;100000;108014;8.0;2.99;43;624.8;0.3837;33;0;33;10
2019;151;15;100;25;50;0.50;100000;107953;8.0;2.64;45;387.0;0.4000;36;0;36;9
2019;152;10;95;25;50;0.50;100000;107868;7.9;3.90;64;385.4;0.3828;49;0;49;15
2019;153;15;55;25;65;0.50;100000;107865;7.9;3.34;45;387.0;0.3333;30;0;30;15
2019;154;10;40;30;90;0.50;100000;107789;7.8;5.50;53;465.8;0.2925;31;0;31;22
2019;155;10;80;45;80;0.50;100000;107772;7.8;2.52;50;680.0;0.4200;42;0;42;8
2019;156;10;45;50;75;0.50;100000;107760;7.8;3.28;53;750.8;0.4623;49;0;49;4
2019;157;10;70;20;55;0.50;100000;107757;7.8;4.55;74;311.4;0.3041;45;0;45;29
2019;158;20;50;25;60;0.50;100000;107728;7.7;2.55;34;377.4;0.3676;25;0;25;9
2019;159;20;50;15;25;0.50;100000;107718;7.7;1.56;40;224.0;0.4625;37;0;37;3
2019;160;20;55;20;45;0.50;100000;107706;7.7;2.57;32;300.2;0.3906;25;0;25;7
2019;161;10;100;30;85;0.50;100000;107698;7.7;5.89;45;457.0;0.3111;28;0;28;17
2019;162;10;100;30;70;0.50;100000;107684;7.7;3.42;48;452.8;0.3542;34;0;34;14
2019;163;20;100;20;35;0.50;100000;107682;7.7;1.55;34;297.4;0.4559;31;0;31;3
2019;164;10;80;30;60;0.50;100000;107677;7.7;5.79;63;451.8;0.3810;48;0;48;15
2019;165;15;25;10;30;0.50;100000;107607;7.6;5.01;49;151.4;0.3061;30;0;30;19
2019;166;10;50;30;65;0.50;100000;107532;7.5;4.89;67;446.2;0.3582;48;0;48;19
2019;167;10;55;35;60;0.50;100000;107485;7.5;4.20;70;512.0;0.4143;58;0;58;12
2019;168;15;60;25;60;0.50;100000;107481;7.5;6.03;54;369.4;0.3426;37;0;37;17
2019;169;10;90;25;55;0.50;100000;107474;7.5;3.45;52;367.2;0.3654;38;0;38;14
2019;170;15;25;20;55;0.50;100000;107448;7.4;3.97;40;294.0;0.3250;26;0;26;14
2019;171;15;85;35;75;0.50;100000;107381;7.4;2.99;33;503.8;0.3939;26;0;26;7
2019;172;10;20;60;25;0.50;100000;107303;7.3;2.00;84;852.4;0.7738;130;46;38;0
2019;173;10;25;55;40;0.50;100000;107298;7.3;2.45;74;781.4;0.6419;95;21;53;0
2019;174;10;65;20;40;0.50;100000;107280;7.3;6.31;80;288.0;0.3750;60;0;60;20
2019;175;10;50;50;15;0.50;100000;107274;7.3;2.21;102;707.2;0.8333;170;68;34;0
2019;176;10;50;45;100;0.50;100000;107264;7.3;4.82;39;640.4;0.3718;29;0;29;10
2019;177;10;90;45;100;0.50;100000;107264;7.3;2.52;39;640.4;0.3718;29;0;29;10
2019;178;10;15;40;100;0.50;100000;107246;7.2;2.81;36;569.6;0.3472;25;0;25;11
2019;179;20;70;20;40;0.50;100000;107236;7.2;3.68;41;282.6;0.4024;33;0;33;8
2019;180;15;75;25;60;0.50;100000;107214;7.2;3.25;46;355.6;0.3478;32;0;32;14
2019;181;10;45;50;85;0.50;100000;107202;7.2;3.18;49;701.4;0.4286;42;0;42;7
2019;182;20;40;25;75;0.50;100000;107193;7.2;5.52;32;355.2;0.3125;20;0;20;12
2019;183;10;70;35;75;0.50;100000;107191;7.2;4.89;47;494.2;0.3723;35;0;35;12
2019;184;10;75;20;45;0.50;100000;107179;7.2;7.84;81;286.6;0.3457;56;0;56;25
2019;185;10;25;70;40;0.50;100000;107167;7.2;2.06;60;976.0;0.7167;86;26;34;0
2019;186;10;100;40;90;0.50;100000;107165;7.2;2.93;41;562.6;0.3659;30;0;30;11
2019;187;15;95;35;80;0.50;100000;107162;7.2;3.70;35;491.0;0.3714;26;0;26;9
2019;188;15;75;25;55;0.50;100000;107128;7.1;2.79;43;349.8;0.3721;32;0;32;11
2019;189;20;95;10;25;0.50;100000;107103;7.1;3.69;36;139.6;0.3611;26;0;26;10
2019;190;15;80;45;95;0.50;100000;107098;7.1;2.99;33;623.8;0.3939;26;0;26;7
2019;191;10;90;60;85;0.50;100000;107082;7.1;1.51;41;822.6;0.4878;40;0;40;1
2019;192;20;65;20;45;0.50;100000;107075;7.1;2.43;31;276.6;0.3871;24;0;24;7
2019;193;10;85;45;60;0.50;100000;107070;7.1;1.52;53;615.8;0.4906;52;0;52;1
2019;194;10;65;25;70;0.50;100000;107068;7.1;5.33;67;356.2;0.2985;40;0;40;27
2019;195;10;65;45;75;0.50;100000;107052;7.1;2.59;51;618.6;0.4314;44;0;44;7
2019;196;15;65;30;90;0.50;100000;107049;7.0;3.64;42;421.2;0.2976;25;0;25;17
2019;197;10;90;30;90;0.50;100000;107049;7.0;7.53;42;421.2;0.2976;25;0;25;17
2019;198;10;95;20;60;0.50;100000;107040;7.0;5.86;55;283.0;0.2909;32;0;32;23
2019;199;15;55;20;55;0.50;100000;107033;7.0;7.11;53;280.8;0.3113;33;0;33;20
2019;200;10;25;50;20;0.50;100000;107029;7.0;2.70;103;685.8;0.7718;159;56;47;0
2019;201;15;90;40;60;0.50;100000;107014;7.0;1.52;40;544.0;0.4750;38;0;38;2
2019;202;10;30;15;40;0.50;100000;106974;7.0;8.10;107;215.2;0.3037;65;0;65;42
2019;203;10;100;40;80;0.50;100000;106972;7.0;3.22;39;545.4;0.3974;31;0;31;8
2019;204;10;75;15;45;0.50;100000;106947;6.9;6.99;83;213.8;0.2831;47;0;47;36
2019;205;20;65;25;45;0.50;100000;106946;6.9;3.40;37;338.2;0.4324;32;0;32;5
2019;206;15;80;35;85;0.50;100000;106942;6.9;4.51;37;478.2;0.3514;26;0;26;11
2019;207;15;45;20;45;0.50;100000;106934;6.9;3.31;64;275.4;0.3516;45;0;45;19
2019;208;15;95;25;75;0.50;100000;106911;6.9;6.20;40;344.0;0.3000;24;0;24;16
2019;209;15;45;30;60;0.50;100000;106906;6.9;5.72;52;407.2;0.3846;40;0;40;12
2019;210;10;100;35;65;0.50;100000;106902;6.9;2.74;48;472.8;0.4062;39;0;39;9
2019;211;20;60;35;60;0.50;100000;106897;6.9;2.22;36;469.6;0.4444;32;0;32;4
2019;212;15;100;25;60;0.50;100000;106886;6.9;5.58;43;339.8;0.3488;30;0;30;13
2019;213;15;25;25;60;0.50;100000;106886;6.9;2.90;43;339.8;0.3488;30;0;30;13
2019;214;15;50;15;35;0.50;100000;106879;6.9;3.61;54;204.4;0.3519;38;0;38;16
2019;215;10;85;40;80;0.50;100000;106844;6.8;2.58;45;537.0;0.3889;35;0;35;10
2019;216;10;85;55;100;0.50;100000;106832;6.8;2.51;31;731.6;0.4355;27;0;27;4
2019;217;10;40;45;100;0.50;100000;106807;6.8;3.51;41;602.6;0.3659;30;0;30;11
2019;218;10;35;45;100;0.50;100000;106807;6.8;2.77;41;602.6;0.3659;30;0;30;11
2019;219;10;25;30;90;0.50;100000;106807;6.8;4.14;50;410.0;0.2900;29;0;29;21
2019;220;10;75;35;60;0.50;100000;106797;6.8;2.56;60;466.0;0.4167;50;0;50;10
2019;221;20;55;25;55;0.50;100000;106783;6.8;3.55;34;332.4;0.3824;26;0;26;8
2019;222;10;20;35;95;0.50;100000;106775;6.8;5.05;48;472.8;0.3125;30;0;30;18
2019;223;15;65;30;65;0.50;100000;106775;6.8;2.99;43;399.8;0.3721;32;0;32;11
2019;224;15;45;10;25;0.50;100000;106769;6.8;8.95;64;135.4;0.3359;43;0;43;21
2019;225;10;40;35;60;0.50;100000;106764;6.8;2.56;68;464.8;0.4118;56;0;56;12
2019;226;10;100;25;60;0.50;100000;106764;6.8;2.90;53;335.8;0.3396;36;0;36;17
2019;227;10;35;50;35;0.50;100000;106751;6.8;1.80;79;659.4;0.6456;102;23;56;0
2019;228;20;95;30;70;0.50;100000;106738;6.7;3.29;31;396.6;0.3710;23;0;23;8
2019;229;15;100;30;60;0.50;100000;106729;6.7;2.54;39;395.4;0.3974;31;0;31;8
2019;230;20;55;30;60;0.50;100000;106729;6.7;3.07;39;395.4;0.3974;31;0;31;8
2019;231;10;45;25;60;0.50;100000;106723;6.7;4.60;86;339.6;0.3256;56;0;56;30
2019;232;15;95;25;45;0.50;100000;106721;6.7;2.19;44;328.4;0.4205;37;0;37;7
2019;233;10;100;35;90;0.50;100000;106721;6.7;2.78;39;465.4;0.3333;26;0;26;13
2019;234;10;45;15;40;0.50;100000;106711;6.7;7.86;102;207.2;0.3039;62;0;62;40
2019;235;15;85;45;60;0.50;100000;106708;6.7;0.51;43;584.8;0.5000;43;0;43;0
2019;236;10;15;50;100;0.50;100000;106706;6.7;2.51;32;655.2;0.4062;26;0;26;6
2019;237;15;90;30;75;0.50;100000;106696;6.7;5.50;38;396.8;0.3421;26;0;26;12
2019;238;15;25;20;50;0.50;100000;106695;6.7;3.89;46;265.6;0.3370;31;0;31;15
2019;239;10;45;30;55;0.50;100000;106673;6.7;2.89;78;395.8;0.3910;61;0;61;17
2019;240;20;70;25;55;0.50;100000;106669;6.7;4.00;31;326.6;0.3871;24;0;24;7
2019;241;10;20;35;90;0.50;100000;106669;6.7;5.50;53;465.8;0.3208;34;0;34;19
2019;242;15;85;40;75;0.50;100000;106649;6.6;2.70;36;519.6;0.4167;30;0;30;6
2019;243;10;80;20;50;0.50;100000;106647;6.6;6.48;73;267.8;0.3219;47;0;47;26
2019;244;15;100;40;85;0.50;100000;106640;6.6;2.99;32;520.2;0.3906;25;0;25;7
2019;245;20;75;40;85;0.50;100000;106640;6.6;2.52;32;520.2;0.3906;25;0;25;7
2019;246;15;50;20;40;0.50;100000;106634;6.6;3.79;56;261.6;0.3839;43;0;43;13
2019;247;15;60;25;70;0.50;100000;106624;6.6;3.87;49;331.4;0.3061;30;0;30;19
2019;248;10;80;35;75;0.50;100000;106603;6.6;4.82;46;455.6;0.3696;34;0;34;12
2019;249;10;80;35;70;0.50;100000;106580;6.6;2.53;51;453.6;0.3824;39;0;39;12
2019;250;10;50;30;70;0.50;100000;106568;6.6;4.16;62;393.2;0.3387;42;0;42;20
2019;251;10;20;30;90;0.50;100000;106565;6.6;8.79;58;398.8;0.2845;33;0;33;25
2019;252;15;90;40;90;0.50;100000;106560;6.6;2.93;32;515.2;0.3750;24;0;24;8
2019;253;20;100;15;45;0.50;100000;106556;6.6;4.92;32;195.2;0.3125;20;0;20;12
2019;254;10;65;20;45;0.50;100000;106550;6.6;5.56;80;263.0;0.3438;55;0;55;25
2019;255;15;60;20;50;0.50;100000;106526;6.5;6.43;63;261.8;0.3254;41;0;41;22
2019;256;20;100;25;65;0.50;100000;106525;6.5;3.60;34;322.4;0.3382;23;0;23;11
2019;257;15;55;40;80;0.50;100000;106522;6.5;5.47;35;511.0;0.4000;28;0;28;7
2019;258;10;55;15;45;0.50;100000;106505;6.5;11.49;91;202.6;0.2802;51;0;51;40
2019;259;20;75;35;70;0.50;100000;106501;6.5;2.73;32;445.2;0.4062;26;0;26;6
2019;260;10;95;20;45;0.50;100000;106499;6.5;4.87;55;258.0;0.3545;39;0;39;16
2019;261;10;20;65;20;0.50;100000;106497;6.5;2.39;83;823.8;0.8313;138;55;28;0
2019;262;20;100;35;65;0.50;100000;106493;6.5;1.73;33;443.8;0.4242;28;0;28;5
2019;263;10;70;30;80;0.50;100000;106473;6.5;6.54;51;388.6;0.3137;32;0;32;19
2019;264;10;55;15;40;0.50;100000;106472;6.5;7.36;90;199.0;0.3056;55;0;55;35
2019;265;15;45;35;90;0.50;100000;106467;6.5;4.03;34;447.4;0.3382;23;0;23;11
2019;266;10;50;25;60;0.50;100000;106458;6.5;5.79;78;325.8;0.3269;51;0;51;27
2019;267;10;70;35;65;0.50;100000;106455;6.5;2.73;54;444.4;0.3981;43;0;43;11
2019;268;10;100;45;100;0.50;100000;106451;6.5;4.33;35;571.0;0.3714;26;0;26;9
2019;269;10;60;35;65;0.50;100000;106442;6.4;3.73;61;444.6;0.3934;48;0;48;13
2019;270;10;25;30;20;0.50;100000;106429;6.4;3.33;129;379.4;0.6434;166;37;92;0
2019;271;20;70;10;30;0.50;100000;106429;6.4;3.84;37;128.2;0.3108;23;0;23;14
2019;272;15;40;35;95;0.50;100000;106427;6.4;3.03;32;445.2;0.3281;21;0;21;11
2019;273;10;65;35;60;0.50;100000;106422;6.4;2.20;63;441.8;0.4127;52;0;52;11
2019;274;15;65;50;75;0.50;100000;106409;6.4;1.52;37;623.2;0.4730;35;0;35;2
2019;275;15;70;20;50;0.50;100000;106406;6.4;6.12;53;255.8;0.3302;35;0;35;18
2019;276;10;40;55;90;0.50;100000;106391;6.4;2.51;42;686.2;0.4405;37;0;37;5
2019;277;15;90;45;60;0.50;100000;106387;6.4;0.51;41;557.6;0.5000;41;0;41;0
2019;278;20;70;15;40;0.50;100000;106375;6.4;3.87;36;189.6;0.3333;24;0;24;12
2019;279;15;80;45;80;0.50;100000;106367;6.4;2.79;39;560.4;0.4231;33;0;33;6
2019;280;10;100;15;10;0.50;100000;106349;6.3;2.42;88;186.8;0.6705;118;30;58;0
2019;281;10;80;10;20;0.50;100000;106338;6.3;5.56;102;127.2;0.3775;77;0;77;25
2019;282;20;60;30;70;0.50;100000;106325;6.3;2.67;33;373.8;0.3636;24;0;24;9
2019;283;10;80;35;55;0.50;100000;106319;6.3;2.53;62;433.2;0.4355;54;0;54;8
2019;284;10;85;40;100;0.50;100000;106308;6.3;4.50;42;501.2;0.3333;28;0;28;14
2019;285;10;60;30;70;0.50;100000;106298;6.3;6.59;59;377.4;0.3390;40;0;40;19
2019;286;10;45;35;70;0.50;100000;106292;6.3;3.59;63;436.8;0.3730;47;0;47;16
2019;287;10;95;25;70;0.50;100000;106272;6.3;3.55;53;315.8;0.3019;32;0;32;21
2019;288;15;65;20;60;0.50;100000;106271;6.3;5.71;48;252.8;0.2917;28;0;28;20
2019;289;15;55;15;25;0.50;100000;106270;6.3;4.26;68;184.8;0.4265;58;0;58;10
2019;290;20;75;35;80;0.50;100000;106268;6.3;4.89;31;431.6;0.3710;23;0;23;8
2019;291;10;95;40;80;0.50;100000;106267;6.3;4.04;47;494.2;0.3830;36;0;36;11
2019;292;15;40;15;30;0.50;100000;106264;6.3;6.17;60;186.0;0.3833;46;0;46;14
2019;293;15;70;35;95;0.50;100000;106224;6.2;3.89;34;432.4;0.3235;22;0;22;12
2019;294;15;45;15;35;0.50;100000;106220;6.2;4.45;53;185.8;0.3491;37;0;37;16
2019;295;10;35;45;60;0.50;100000;106220;6.2;1.63;71;545.6;0.4718;67;0;67;4
2019;296;15;100;45;85;0.50;100000;106209;6.2;3.09;31;546.6;0.4194;26;0;26;5
2019;297;10;25;75;40;0.50;100000;106205;6.2;1.47;54;909.4;0.7315;79;25;29;0
2019;298;10;70;20;60;0.50;100000;106187;6.2;7.80;75;255.0;0.2800;42;0;42;33
2019;299;20;75;35;85;0.50;100000;106178;6.2;4.83;31;426.6;0.3548;22;0;22;9
2019;300;15;55;30;75;0.50;100000;106170;6.2;3.83;47;369.2;0.3298;31;0;31;16
2019;301;15;55;40;100;0.50;100000;106155;6.2;4.92;37;488.2;0.3378;25;0;25;12
2019;302;10;25;30;85;0.50;100000;106151;6.2;4.65;52;372.2;0.2981;31;0;31;21
2019;303;20;90;20;45;0.50;100000;106111;6.1;2.87;35;241.0;0.3714;26;0;26;9
2019;304;15;50;30;90;0.50;100000;106074;6.1;5.50;39;365.4;0.2949;23;0;23;16
2019;305;10;60;30;60;0.50;100000;106069;6.1;3.38;63;361.8;0.3730;47;0;47;16
2019;306;20;65;30;45;0.50;100000;106043;6.0;1.87;37;353.2;0.4730;35;0;35;2
2019;307;15;85;25;55;0.50;100000;106027;6.0;3.45;44;298.4;0.3636;32;0;32;12
2019;308;15;60;30;90;0.50;100000;106014;6.0;5.50;41;362.6;0.2927;24;0;24;17
2019;309;10;100;45;95;0.50;100000;106010;6.0;2.52;34;532.4;0.3824;26;0;26;8
2019;310;15;50;45;95;0.50;100000;106010;6.0;2.46;34;532.4;0.3824;26;0;26;8
2019;311;15;25;40;75;0.50;100000;106007;6.0;3.11;38;471.8;0.4079;31;0;31;7
2019;312;10;70;30;75;0.50;100000;105969;6.0;6.64;54;359.4;0.3241;35;0;35;19
2019;313;10;50;25;70;0.50;100000;105967;6.0;5.95;68;304.8;0.2941;40;0;40;28
2019;314;15;40;45;95;0.50;100000;105950;6.0;2.99;31;526.6;0.3871;24;0;24;7
2019;315;15;50;15;30;0.50;100000;105941;5.9;2.67;56;176.6;0.3839;43;0;43;13
2019;316;15;95;25;65;0.50;100000;105939;5.9;4.54;45;297.0;0.3222;29;0;29;16
2019;317;15;80;20;45;0.50;100000;105920;5.9;3.88;43;234.8;0.3605;31;0;31;12
2019;318;15;80;40;90;0.50;100000;105917;5.9;3.02;31;466.6;0.3710;23;0;23;8
2019;319;10;60;40;95;0.50;100000;105881;5.9;2.56;44;468.4;0.3409;30;0;30;14
2019;320;15;55;25;70;0.50;100000;105877;5.9;5.48;46;295.6;0.3043;28;0;28;18
2019;321;15;85;45;80;0.50;100000;105869;5.9;3.77;34;517.4;0.4265;29;0;29;5
2019;322;15;60;45;80;0.50;100000;105869;5.9;1.79;34;517.4;0.4265;29;0;29;5
2019;323;10;40;35;70;0.50;100000;105856;5.9;4.11;59;407.4;0.3729;44;0;44;15
2019;324;10;60;35;70;0.50;100000;105856;5.9;4.51;59;407.4;0.3729;44;0;44;15
2019;325;20;85;35;65;0.50;100000;105837;5.8;2.34;35;401.0;0.4143;29;0;29;6
2019;326;10;40;50;75;0.50;100000;105835;5.8;1.67;56;571.6;0.4464;50;0;50;6
2019;327;20;60;25;70;0.50;100000;105831;5.8;3.55;35;291.0;0.3143;22;0;22;13
2019;328;15;65;20;50;0.50;100000;105830;5.8;6.18;67;236.2;0.3209;43;0;43;24
2019;329;10;80;40;65;0.50;100000;105826;5.8;3.36;55;458.0;0.4273;47;0;47;8
2019;330;20;55;20;50;0.50;100000;105818;5.8;5.51;35;231.0;0.3429;24;0;24;11
2019;331;15;100;30;80;0.50;100000;105788;5.8;4.73;32;345.2;0.3281;21;0;21;11
2019;332;15;90;55;80;0.50;100000;105787;5.8;1.51;32;620.2;0.4844;31;0;31;1
2019;333;10;85;45;80;0.50;100000;105783;5.8;3.15;45;512.0;0.4111;37;0;37;8
2019;334;20;70;20;45;0.50;100000;105776;5.8;4.44;40;229.0;0.3625;29;0;29;11
2019;335;15;50;30;70;0.50;100000;105773;5.8;3.29;40;344.0;0.3500;28;0;28;12
2019;336;15;25;20;40;0.50;100000;105768;5.8;2.89;51;228.6;0.3824;39;0;39;12
2019;337;15;45;30;50;0.50;100000;105759;5.8;2.94;57;340.2;0.4211;48;0;48;9
2019;338;10;100;40;85;0.50;100000;105759;5.8;3.27;42;456.2;0.3690;31;0;31;11
2019;339;20;65;25;50;0.50;100000;105730;5.7;3.64;31;281.6;0.4032;25;0;25;6
2019;340;15;45;20;35;0.50;100000;105729;5.7;3.60;53;225.8;0.4151;44;0;44;9
2019;341;20;55;35;75;0.50;100000;105703;5.7;4.51;33;393.8;0.3788;25;0;25;8
2019;342;10;60;35;80;0.50;100000;105702;5.7;8.12;54;399.4;0.3426;37;0;37;17
2019;343;10;25;55;100;0.50;100000;105689;5.7;2.73;39;615.4;0.4103;32;0;32;7
2019;344;10;20;45;15;0.50;100000;105686;5.7;1.67;112;503.2;0.7991;179;67;45;0
2019;345;15;40;35;55;0.50;100000;105680;5.7;1.75;50;390.0;0.4400;44;0;44;6
2019;346;15;85;50;80;0.50;100000;105665;5.7;1.52;33;553.8;0.4545;30;0;30;3
2019;347;15;95;25;40;0.50;100000;105633;5.6;2.76;49;276.4;0.4388;43;0;43;6
2019;348;15;75;25;40;0.50;100000;105633;5.6;3.55;49;276.4;0.4388;43;0;43;6
2019;349;20;50;10;30;0.50;100000;105633;5.6;6.75;47;114.2;0.2979;28;0;28;19
2019;350;10;45;15;25;0.50;100000;105630;5.6;3.99;122;169.2;0.4098;100;0;100;22
2019;351;10;45;10;20;0.50;100000;105620;5.6;5.75;139;115.4;0.3705;103;0;103;36
2019;352;10;65;35;90;0.50;100000;105606;5.6;7.20;47;394.2;0.3191;30;0;30;17
2019;353;10;15;65;100;0.50;100000;105605;5.6;1.51;31;711.6;0.4677;29;0;29;2
2019;354;10;80;20;60;0.50;100000;105593;5.6;5.64;64;230.4;0.2812;36;0;36;28
2019;355;10;20;60;75;0.50;100000;105587;5.6;0.51;48;652.8;0.5000;48;0;48;0
2019;356;10;35;85;40;0.50;100000;105584;5.6;3.53;50;930.0;0.7600;76;26;24;0
2019;357;10;65;50;100;0.50;100000;105571;5.6;3.50;36;549.6;0.3889;28;0;28;8
2019;358;15;85;25;50;0.50;100000;105551;5.6;2.55;53;275.8;0.3774;40;0;40;13
2019;359;15;45;25;50;0.50;100000;105551;5.6;6.10;53;275.8;0.3774;40;0;40;13
2019;360;10;45;55;75;0.50;100000;105542;5.5;2.51;53;595.8;0.4717;50;0;50;3
2019;361;10;75;15;35;0.50;100000;105535;5.5;7.31;106;171.6;0.3302;70;0;70;36
2019;362;10;95;35;85;0.50;100000;105525;5.5;6.76;45;387.0;0.3333;30;0;30;15
2019;363;20;55;25;60;0.50;100000;105524;5.5;3.96;36;274.6;0.3472;25;0;25;11
2019;364;15;100;30;70;0.50;100000;105505;5.5;3.04;37;328.2;0.3514;26;0;26;11
2019;365;10;75;45;95;0.50;100000;105500;5.5;3.97;36;489.6;0.3750;27;0;27;9
2019;366;15;90;35;85;0.50;100000;105499;5.5;3.18;40;384.0;0.3375;27;0;27;13
2019;367;10;85;20;35;0.50;100000;105496;5.5;4.68;93;219.8;0.3978;74;0;74;19
2019;368;10;70;35;70;0.50;100000;105493;5.5;5.67;52;382.2;0.3750;39;0;39;13
2019;369;10;65;45;80;0.50;100000;105492;5.5;2.52;48;487.8;0.4062;39;0;39;9
2019;370;15;95;30;75;0.50;100000;105483;5.5;3.13;34;327.4;0.3382;23;0;23;11
2019;371;10;45;50;90;0.50;100000;105475;5.5;3.13;43;539.8;0.4070;35;0;35;8
2019;372;15;35;30;60;0.50;100000;105474;5.5;2.76;46;325.6;0.3804;35;0;35;11
2019;373;10;35;30;20;0.50;100000;105473;5.5;2.55;125;325.0;0.6400;160;35;90;0
2019;374;15;90;20;50;0.50;100000;105471;5.5;3.15;37;218.2;0.3378;25;0;25;12
2019;375;15;95;45;60;0.50;100000;105465;5.5;1.52;43;479.8;0.4884;42;0;42;1
2019;376;10;30;90;25;0.50;100000;105455;5.5;2.52;60;961.0;0.8583;103;43;17;0
2019;377;10;85;45;90;0.50;100000;105455;5.5;2.52;39;485.4;0.3846;30;0;30;9
2019;378;15;50;25;50;0.50;100000;105454;5.5;3.55;56;271.6;0.3750;42;0;42;14
2019;379;15;35;70;45;0.50;100000;105454;5.5;1.44;37;748.2;0.7027;52;15;22;0
2019;380;10;45;50;15;0.50;100000;105452;5.5;2.04;96;535.6;0.8229;158;62;34;0
2019;381;10;85;10;20;0.50;100000;105429;5.4;4.84;100;110.0;0.3750;75;0;75;25
2019;382;15;100;35;70;0.50;100000;105415;5.4;2.53;33;373.8;0.3939;26;0;26;7
2019;383;10;100;20;40;0.50;100000;105412;5.4;4.79;60;216.0;0.3750;45;0;45;15
2019;384;15;75;20;40;0.50;100000;105412;5.4;2.79;60;216.0;0.3750;45;0;45;15
2019;385;10;20;50;20;0.50;100000;105393;5.4;2.12;99;531.4;0.7626;151;52;47;0
2019;386;10;90;45;80;0.50;100000;105389;5.4;3.49;44;478.4;0.4091;36;0;36;8
2019;387;15;85;15;35;0.50;100000;105371;5.4;4.03;49;161.4;0.3469;34;0;34;15
2019;388;15;80;20;35;0.50;100000;105371;5.4;3.57;52;212.2;0.4135;43;0;43;9
2019;389;10;55;50;70;0.50;100000;105353;5.4;1.52;54;524.4;0.4630;50;0;50;4
2019;390;15;95;15;45;0.50;100000;105351;5.4;4.72;54;164.4;0.2870;31;0;31;23
2019;391;15;85;15;45;0.50;100000;105351;5.4;9.03;54;164.4;0.2870;31;0;31;23
2019;392;10;20;40;20;0.50;100000;105350;5.4;2.36;112;423.2;0.7098;159;47;65;0
2019;393;10;55;60;85;0.50;100000;105339;5.3;1.51;45;627.0;0.4667;42;0;42;3
2019;394;20;55;15;45;0.50;100000;105332;5.3;5.02;35;161.0;0.3000;21;0;21;14
2019;395;10;35;40;60;0.50;100000;105331;5.3;2.52;71;420.6;0.4366;62;0;62;9
2019;396;15;80;50;75;0.50;100000;105330;5.3;2.51;38;521.8;0.4605;35;0;35;3
2019;397;10;50;30;75;0.50;100000;105326;5.3;5.96;58;323.8;0.3190;37;0;37;21
2019;398;15;60;20;35;0.50;100000;105324;5.3;2.96;60;211.0;0.4083;49;0;49;11
2019;399;15;95;35;55;0.50;100000;105324;5.3;3.01;39;365.4;0.4487;35;0;35;4
2019;400;10;35;35;15;0.50;100000;105313;5.3;3.21;116;367.6;0.7457;173;57;59;0
2019;401;15;45;30;55;0.50;100000;105309;5.3;3.77;53;315.8;0.3962;42;0;42;11
2019;402;10;70;20;40;0.50;100000;105308;5.3;4.34;76;213.6;0.3684;56;0;56;20
2019;403;20;60;30;50;0.50;100000;105307;5.3;1.93;34;312.4;0.4412;30;0;30;4
2019;404;10;45;35;80;0.50;100000;105275;5.3;6.42;56;371.6;0.3393;38;0;38;18
2019;405;10;20;25;20;0.50;100000;105271;5.3;4.14;135;261.0;0.5926;160;25;110;0
2019;406;15;80;40;95;0.50;100000;105265;5.3;4.50;33;418.8;0.3485;23;0;23;10
2019;407;15;80;20;60;0.50;100000;105256;5.3;5.71;47;214.2;0.2872;27;0;27;20
2019;408;20;55;10;25;0.50;100000;105242;5.2;3.69;36;104.6;0.3472;25;0;25;11
2019;409;15;85;15;40;0.50;100000;105215;5.2;7.86;51;158.6;0.3137;32;0;32;19
2019;410;10;65;40;90;0.50;100000;105194;5.2;6.08;46;415.6;0.3478;32;0;32;14
2019;411;10;15;35;85;0.50;100000;105174;5.2;5.77;47;364.2;0.3298;31;0;31;16
2019;412;10;100;60;90;0.50;100000;105173;5.2;1.51;37;608.2;0.4595;34;0;34;3
2019;413;10;45;65;90;0.50;100000;105171;5.2;1.51;41;657.6;0.4756;39;0;39;2
2019;414;10;20;35;20;0.50;100000;105164;5.2;3.04;119;358.4;0.6765;161;42;77;0
2019;415;15;25;25;50;0.50;100000;105151;5.2;3.10;49;256.4;0.3776;37;0;37;12
2019;416;10;60;50;80;0.50;100000;105151;5.2;3.26;45;507.0;0.4333;39;0;39;6
2019;417;15;45;75;45;0.50;100000;105151;5.2;1.79;37;758.2;0.7162;53;16;21;0
2019;418;10;20;40;25;0.50;100000;105144;5.1;2.95;102;407.2;0.6569;134;32;70;0
2019;419;10;25;25;15;0.50;100000;105136;5.1;4.30;146;255.6;0.6644;194;48;98;0
2019;420;10;35;40;95;0.50;100000;105132;5.1;7.09;48;412.8;0.3333;32;0;32;16
2019;421;15;95;35;85;0.50;100000;105121;5.1;3.52;37;358.2;0.3378;25;0;25;12
2019;422;15;85;25;40;0.50;100000;105117;5.1;2.55;52;252.2;0.4327;45;0;45;7
2019;423;15;85;35;90;0.50;100000;105105;5.1;2.53;37;358.2;0.3243;24;0;24;13
2019;424;10;35;100;25;0.50;100000;105101;5.1;2.01;54;999.4;0.8796;95;41;13;0
2019;425;10;35;20;40;0.50;100000;105100;5.1;4.79;108;208.8;0.3611;78;0;78;30
2019;426;20;80;35;85;0.50;100000;105095;5.1;3.52;32;355.2;0.3438;22;0;22;10
2019;427;10;20;30;15;0.50;100000;105073;5.1;2.54;127;302.2;0.7087;180;53;74;0
2019;428;20;70;25;75;0.50;100000;105070;5.1;4.61;32;255.2;0.2969;19;0;19;13
2019;429;10;95;30;60;0.50;100000;105065;5.1;3.68;61;304.6;0.3689;45;0;45;16
2019;430;15;95;50;80;0.50;100000;105063;5.1;1.96;31;496.6;0.4516;28;0;28;3
2019;431;10;55;40;65;0.50;100000;105059;5.1;2.52;57;400.2;0.4211;48;0;48;9
2019;432;10;45;45;95;0.50;100000;105052;5.1;4.95;41;452.6;0.3659;30;0;30;11
2019;433;10;30;60;25;0.50;100000;105050;5.1;2.70;77;597.2;0.7597;117;40;37;0
2019;434;15;80;15;35;0.50;100000;105039;5.0;9.57;62;153.2;0.3387;42;0;42;20
2019;435;15;45;40;55;0.50;100000;105038;5.0;1.86;50;395.0;0.4700;47;0;47;3
2019;436;10;25;50;15;0.50;100000;105035;5.0;3.70;106;496.6;0.8160;173;67;39;0
2019;437;15;55;35;60;0.50;100000;105032;5.0;2.53;51;348.6;0.4118;42;0;42;9
2019;438;15;80;50;80;0.50;100000;105022;5.0;2.55;40;494.0;0.4375;35;0;35;5
2019;439;10;90;35;80;0.50;100000;105017;5.0;2.71;45;352.0;0.3444;31;0;31;14
2019;440;10;75;25;55;0.50;100000;105015;5.0;4.68;62;253.2;0.3468;43;0;43;19
2019;441;15;55;30;85;0.50;100000;105009;5.0;5.63;40;304.0;0.3000;24;0;24;16
2019;442;20;70;25;40;0.50;100000;105005;5.0;2.28;42;246.2;0.4405;37;0;37;5
2019;443;15;55;20;60;0.50;100000;105003;5.0;6.69;53;205.8;0.2830;30;0;30;23
2019;444;15;50;35;100;0.50;100000;105003;5.0;2.76;31;351.6;0.3065;19;0;19;12
2019;445;10;40;60;75;0.50;100000;104994;5.0;1.51;53;585.8;0.4906;52;0;52;1
2019;446;10;45;55;90;0.50;100000;104993;5.0;2.51;42;541.2;0.4286;36;0;36;6
2019;447;15;100;30;50;0.50;100000;104992;5.0;2.13;46;295.6;0.4239;39;0;39;7
2019;448;15;70;40;85;0.50;100000;104983;5.0;2.52;32;395.2;0.3750;24;0;24;8
2019;449;20;95;15;25;0.50;100000;104979;5.0;1.56;31;146.6;0.4516;28;0;28;3
2019;450;20;60;25;40;0.50;100000;104949;4.9;3.03;37;243.2;0.4459;33;0;33;4
2019;451;10;95;45;90;0.50;100000;104947;4.9;3.04;38;441.8;0.3816;29;0;29;9
2019;452;15;40;35;50;0.50;100000;104946;4.9;1.52;50;340.0;0.4600;46;0;46;4
2019;453;15;55;55;80;0.50;100000;104940;4.9;1.88;34;532.4;0.4706;32;0;32;2
2019;454;10;70;40;70;0.50;100000;104926;4.9;3.81;56;391.6;0.4018;45;0;45;11
2019;455;15;45;15;45;0.50;100000;104917;4.9;5.82;62;153.2;0.2823;35;0;35;27
2019;456;10;45;40;65;0.50;100000;104913;4.9;3.21;61;389.6;0.4180;51;0;51;10
2019;457;10;45;25;35;0.50;100000;104904;4.9;3.38;105;243.0;0.4476;94;0;94;11
2019;458;20;55;25;65;0.50;100000;104899;4.9;3.06;32;245.2;0.3281;21;0;21;11
2019;459;10;70;45;85;0.50;100000;104887;4.9;2.68;45;437.0;0.3889;35;0;35;10
2019;460;10;60;25;70;0.50;100000;104878;4.9;7.18;69;253.4;0.2899;40;0;40;29
2019;461;15;100;35;100;0.50;100000;104876;4.9;4.25;33;343.8;0.3030;20;0;20;13
2019;462;15;100;25;65;0.50;100000;104874;4.9;4.82;39;245.4;0.3205;25;0;25;14
2019;463;15;25;45;95;0.50;100000;104874;4.9;2.46;32;435.2;0.3750;24;0;24;8
2019;464;15;50;45;60;0.50;100000;104868;4.9;2.52;47;429.2;0.4787;45;0;45;2
2019;465;10;30;45;55;0.50;100000;104854;4.9;1.52;73;427.8;0.4863;71;0;71;2
2019;466;15;75;55;85;0.50;100000;104850;4.9;1.51;33;523.8;0.4545;30;0;30;3
2019;467;10;75;40;95;0.50;100000;104848;4.8;3.56;40;389.0;0.3375;27;0;27;13
2019;468;15;85;50;75;0.50;100000;104835;4.8;1.52;36;474.6;0.4583;33;0;33;3
2019;469;15;65;20;55;0.50;100000;104829;4.8;3.97;55;198.0;0.3000;33;0;33;22
2019;470;10;90;50;30;0.50;100000;104827;4.8;2.20;60;476.0;0.6833;82;22;38;0
2019;471;20;100;10;25;0.50;100000;104824;4.8;2.65;38;96.8;0.3421;26;0;26;12
2019;472;10;70;30;60;0.50;100000;104821;4.8;4.82;70;292.0;0.3643;51;0;51;19
2019;473;20;70;30;40;0.50;100000;104813;4.8;1.53;41;282.6;0.4878;40;0;40;1
2019;474;10;45;45;80;0.50;100000;104810;4.8;4.92;50;430.0;0.4000;40;0;40;10
2019;475;10;25;65;100;0.50;100000;104808;4.8;2.25;33;613.8;0.4545;30;0;30;3
2019;476;15;60;30;45;0.50;100000;104808;4.8;2.54;54;284.4;0.4444;48;0;48;6
2019;477;10;40;30;75;0.50;100000;104806;4.8;5.39;67;296.2;0.3134;42;0;42;25
2019;478;10;90;40;90;0.50;100000;104798;4.8;4.93;40;384.0;0.3500;28;0;28;12
2019;479;15;70;10;20;0.50;100000;104788;4.8;6.76;60;96.0;0.3833;46;0;46;14
2019;480;10;80;20;35;0.50;100000;104782;4.8;4.31;91;192.6;0.3956;72;0;72;19
2019;481;15;85;35;70;0.50;100000;104770;4.8;3.78;38;331.8;0.3816;29;0;29;9
2019;482;15;50;35;70;0.50;100000;104770;4.8;3.06;38;331.8;0.3816;29;0;29;9
2019;483;10;80;30;75;0.50;100000;104764;4.8;3.53;50;290.0;0.3200;32;0;32;18
2019;484;15;80;35;80;0.50;100000;104760;4.8;2.71;34;332.4;0.3529;24;0;24;10
2019;485;15;75;50;75;0.50;100000;104755;4.8;2.51;41;467.6;0.4512;37;0;37;4
2019;486;10;55;45;70;0.50;100000;104749;4.7;4.49;52;422.2;0.4327;45;0;45;7
2019;487;15;35;35;85;0.50;100000;104745;4.7;3.35;34;332.4;0.3382;23;0;23;11
2019;488;15;85;25;35;0.50;100000;104742;4.7;2.05;48;232.8;0.4688;45;0;45;3
2019;489;15;65;40;65;0.50;100000;104732;4.7;2.91;47;374.2;0.4255;40;0;40;7
2019;490;15;45;50;80;0.50;100000;104722;4.7;2.67;39;465.4;0.4359;34;0;34;5
2019;491;15;75;50;80;0.50;100000;104722;4.7;2.51;39;465.4;0.4359;34;0;34;5
2019;492;10;50;45;80;0.50;100000;104708;4.7;2.52;46;420.6;0.4022;37;0;37;9
2019;493;10;55;35;65;0.50;100000;104708;4.7;3.75;64;330.4;0.3828;49;0;49;15
2019;494;10;55;50;85;0.50;100000;104700;4.7;2.87;46;465.6;0.4130;38;0;38;8
2019;495;15;50;15;45;0.50;100000;104700;4.7;6.80;66;147.6;0.2803;37;0;37;29
2019;496;15;45;25;60;0.50;100000;104700;4.7;8.93;45;237.0;0.3333;30;0;30;15
2019;497;20;70;10;25;0.50;100000;104700;4.7;6.86;43;94.8;0.3372;29;0;29;14
2019;498;20;65;45;80;0.50;100000;104692;4.7;2.79;31;416.6;0.4194;26;0;26;5
2019;499;10;45;20;35;0.50;100000;104689;4.7;4.94;107;190.2;0.3925;84;0;84;23
2019;500;15;70;10;30;0.50;100000;104686;4.7;6.89;59;97.4;0.2881;34;0;34;25
2020;1;20;45;20;60;0.50;100000;130227;30.2;3.88;90;1074.0;0.3333;60;0;60;30
2020;2;25;70;30;90;0.50;100000;125131;25.1;3.64;56;1361.6;0.3571;40;0;40;16
2020;3;10;70;40;85;0.50;100000;123072;23.1;2.52;116;1682.6;0.3836;89;0;89;27
2020;4;25;45;25;65;0.50;100000;122989;23.0;2.81;48;1042.8;0.4062;39;0;39;9
2020;5;20;75;25;75;0.50;100000;122064;22.1;4.79;93;1019.8;0.3118;58;0;58;35
2020;6;15;65;30;75;0.50;100000;120222;20.2;4.37;115;1129.0;0.3391;78;0;78;37
2020;7;15;75;30;85;0.50;100000;119855;19.9;4.07;98;1112.8;0.3163;62;0;62;36
2020;8;15;20;25;65;0.50;100000;119781;19.8;3.55;68;914.8;0.3603;49;0;49;19
2020;9;15;50;30;85;0.50;100000;119189;19.2;6.02;106;1081.6;0.3113;66;0;66;40
2020;10;25;45;20;50;0.50;100000;118917;18.9;1.87;44;698.4;0.4091;36;0;36;8
2020;11;30;65;15;35;0.50;100000;118441;18.4;2.59;49;511.4;0.4184;41;0;41;8
2020;12;30;75;20;60;0.50;100000;118302;18.3;3.65;55;683.0;0.3364;37;0;37;18
2020;13;15;20;30;65;0.50;100000;118170;18.2;3.53;64;1010.4;0.4062;52;0;52;12
2020;14;30;85;25;75;0.50;100000;118002;18.0;2.61;44;838.4;0.3523;31;0;31;13
2020;15;35;85;30;85;0.50;100000;117815;17.8;2.54;40;994.0;0.3750;30;0;30;10
2020;16;20;45;20;55;0.50;100000;117686;17.7;6.71;98;667.8;0.3214;63;0;63;35
2020;17;25;40;25;70;0.50;100000;117646;17.6;2.71;45;822.0;0.3667;33;0;33;12
2020;18;15;85;15;45;0.50;100000;117391;17.4;6.98;135;501.0;0.2926;79;0;79;56
2020;19;15;75;45;85;0.50;100000;116962;17.0;4.24;84;1422.4;0.4167;70;0;70;14
2020;20;30;65;10;30;0.50;100000;116956;17.0;3.84;58;318.8;0.3362;39;0;39;19
2020;21;20;30;15;45;0.50;100000;116820;16.8;3.81;67;476.2;0.3209;43;0;43;24
2020;22;10;35;25;60;0.50;100000;116811;16.8;8.06;219;813.4;0.3242;142;0;142;77
2020;23;30;60;35;90;0.50;100000;116701;16.7;2.53;39;1090.4;0.3974;31;0;31;8
2020;24;25;40;25;75;0.50;100000;116635;16.6;4.61;49;781.4;0.3367;33;0;33;16
2020;25;20;85;40;95;0.50;100000;116573;16.6;4.58;66;1242.6;0.3712;49;0;49;17
2020;26;25;70;35;95;0.50;100000;116504;16.5;3.89;54;1084.4;0.3519;38;0;38;16
2020;27;10;35;20;50;0.50;100000;116496;16.5;9.73;265;649.0;0.3132;166;0;166;99
2020;28;20;65;30;70;0.50;100000;116408;16.4;5.28;94;928.4;0.3564;67;0;67;27
2020;29;20;30;15;30;0.50;100000;116303;16.3;2.59;60;456.0;0.4333;52;0;52;8
2020;30;25;90;30;85;0.50;100000;116186;16.2;4.65;60;916.0;0.3333;40;0;40;20
2020;31;20;75;35;85;0.50;100000;116017;16.0;6.95;86;1059.6;0.3488;60;0;60;26
2020;32;10;45;35;20;0.50;100000;115961;16.0;3.41;278;1050.8;0.6835;380;102;176;0
2020;33;30;60;35;95;0.50;100000;115902;15.9;2.90;40;1044.0;0.3750;30;0;30;10
2020;34;20;40;30;70;0.50;100000;115833;15.8;4.53;75;895.0;0.3667;55;0;55;20
2020;35;20;75;10;30;0.50;100000;115648;15.6;9.69;113;301.8;0.3009;68;0;68;45
2020;36;25;50;25;70;0.50;100000;115529;15.5;4.86;67;736.2;0.3284;44;0;44;23
2020;37;10;75;40;95;0.50;100000;115407;15.4;3.94;105;1173.0;0.3429;72;0;72;33
2020;38;15;65;35;75;0.50;100000;115328;15.3;3.55;109;1017.4;0.3670;80;0;80;29
2020;39;20;50;30;70;0.50;100000;115078;15.1;4.52;87;858.2;0.3563;62;0;62;25
2020;40;35;100;25;70;0.50;100000;115001;15.0;4.03;38;706.8;0.3684;28;0;28;10
2020;41;10;100;35;20;0.50;100000;114983;15.0;2.57;198;987.8;0.6944;275;77;121;0
2020;42;20;45;30;80;0.50;100000;114815;14.8;5.16;74;846.4;0.3311;49;0;49;25
2020;43;20;75;30;90;0.50;100000;114790;14.8;5.66;78;850.8;0.3013;47;0;47;31
2020;44;25;50;30;80;0.50;100000;114584;14.6;2.75;51;828.6;0.3529;36;0;36;15
2020;45;25;65;10;25;0.50;100000;114576;14.6;6.23;77;277.2;0.3571;55;0;55;22
2020;46;15;20;35;65;0.50;100000;114575;14.6;2.53;65;959.0;0.4308;56;0;56;9
2020;47;20;75;35;95;0.50;100000;114512;14.5;6.38;72;969.2;0.3264;47;0;47;25
2020;48;30;95;35;90;0.50;100000;114305;14.3;3.55;48;947.8;0.3646;35;0;35;13
2020;49;25;95;30;85;0.50;100000;114297;14.3;3.67;56;816.6;0.3304;37;0;37;19
2020;50;15;80;45;95;0.50;100000;114276;14.3;5.81;74;1216.4;0.3851;57;0;57;17
2020;51;15;85;30;90;0.50;100000;114271;14.3;5.71;94;828.4;0.2926;55;0;55;39
2020;52;30;85;25;70;0.50;100000;114244;14.2;3.71;46;675.6;0.3478;32;0;32;14
2020;53;10;70;30;90;0.50;100000;114216;14.2;11.05;131;836.6;0.2824;74;0;74;57
2020;54;15;70;30;85;0.50;100000;114164;14.2;6.55;99;821.4;0.3030;60;0;60;39
2020;55;20;95;30;80;0.50;100000;114145;14.1;3.61;71;810.6;0.3310;47;0;47;24
2020;56;30;85;35;65;0.50;100000;114136;14.1;1.73;50;930.0;0.4500;45;0;45;5
2020;57;30;90;30;80;0.50;100000;114076;14.1;4.52;55;803.0;0.3455;38;0;38;17
2020;58;10;50;45;75;0.50;100000;114051;14.1;3.60;130;1198.0;0.4192;109;0;109;21
2020;59;10;70;35;90;0.50;100000;114025;14.0;5.37;118;949.8;0.3178;75;0;75;43
2020;60;10;70;30;85;0.50;100000;113969;14.0;6.99;129;819.4;0.2946;76;0;76;53
2020;61;10;55;50;75;0.50;100000;113969;14.0;2.28;130;1318.0;0.4462;116;0;116;14
2020;62;25;45;20;60;0.50;100000;113934;13.9;4.04;49;531.4;0.3265;32;0;32;17
2020;63;25;40;30;90;0.50;100000;113864;13.9;3.59;36;789.6;0.3472;25;0;25;11
2020;64;30;50;40;100;0.50;100000;113864;13.9;3.09;37;1048.2;0.3919;29;0;29;8
2020;65;15;75;35;90;0.50;100000;113838;13.8;4.53;92;931.2;0.3261;60;0;60;32
2020;66;30;90;15;45;0.50;100000;113777;13.8;6.90;60;396.0;0.3167;38;0;38;22
2020;67;10;20;35;60;0.50;100000;113774;13.8;4.63;184;922.4;0.4022;148;0;148;36
2020;68;30;75;35;95;0.50;100000;113767;13.8;2.72;40;914.0;0.3625;29;0;29;11
2020;69;30;95;30;85;0.50;100000;113759;13.8;2.94;49;786.4;0.3367;33;0;33;16
2020;70;10;65;45;75;0.50;100000;113611;13.6;3.57;133;1163.8;0.4173;111;0;111;22
2020;71;30;100;15;40;0.50;100000;113511;13.5;4.64;56;386.6;0.3482;39;0;39;17
2020;72;25;75;35;85;0.50;100000;113491;13.5;5.14;58;898.8;0.3621;42;0;42;16
2020;73;15;80;30;75;0.50;100000;113456;13.5;5.24;107;780.2;0.3271;70;0;70;37
2020;74;30;75;35;85;0.50;100000;113405;13.4;2.85;43;889.8;0.3837;33;0;33;10
2020;75;30;65;15;30;0.50;100000;113356;13.4;2.15;51;378.6;0.4314;44;0;44;7
2020;76;10;75;70;15;0.50;100000;113254;13.3;2.05;195;1752.0;0.8846;345;150;45;0
2020;77;30;70;35;90;0.50;100000;113167;13.2;2.78;42;876.2;0.3690;31;0;31;11
2020;78;35;100;20;60;0.50;100000;113117;13.1;3.57;42;501.2;0.3333;28;0;28;14
2020;79;20;45;35;55;0.50;100000;113051;13.1;3.01;90;864.0;0.4500;81;0;81;9
2020;80;25;70;25;70;0.50;100000;112931;12.9;5.17;60;621.0;0.3250;39;0;39;21
2020;81;15;60;30;75;0.50;100000;112896;12.9;6.39;116;752.6;0.3233;75;0;75;41
2020;82;20;45;25;70;0.50;100000;112841;12.8;6.11;84;622.4;0.3095;52;0;52;32
2020;83;25;70;30;85;0.50;100000;112813;12.8;4.07;61;739.6;0.3197;39;0;39;22
2020;84;25;85;25;75;0.50;100000;112777;12.8;4.54;60;616.0;0.3083;37;0;37;23
2020;85;10;40;20;15;0.50;100000;112750;12.8;5.34;361;489.6;0.6108;441;80;281;0
2020;86;30;80;40;70;0.50;100000;112714;12.7;1.52;49;961.4;0.4592;45;0;45;4
2020;87;10;75;25;75;0.50;100000;112699;12.7;8.71;153;635.8;0.2778;85;0;85;68
2020;88;30;75;35;80;0.50;100000;112652;12.7;4.09;51;843.6;0.3824;39;0;39;12
2020;89;15;45;25;65;0.50;100000;112637;12.6;7.79;135;621.0;0.3111;84;0;84;51
2020;90;30;80;20;55;0.50;100000;112542;12.5;4.96;59;482.4;0.3305;39;0;39;20
2020;91;30;75;45;90;0.50;100000;112476;12.5;2.57;43;1064.8;0.4302;37;0;37;6
2020;92;25;40;15;45;0.50;100000;112449;12.4;5.62;44;358.4;0.3295;29;0;29;15
2020;93;30;90;30;85;0.50;100000;112438;12.4;3.94;52;717.2;0.3269;34;0;34;18
2020;94;25;40;30;80;0.50;100000;112432;12.4;3.96;35;711.0;0.3714;26;0;26;9
2020;95;35;65;30;65;0.50;100000;112410;12.4;2.54;38;706.8;0.4211;32;0;32;6
2020;96;10;40;30;15;0.50;100000;112335;12.3;2.94;338;711.8;0.7056;477;139;199;0
2020;97;10;35;65;40;0.50;100000;112290;12.3;2.31;169;1523.4;0.6686;226;57;112;0
2020;98;30;100;40;80;0.50;100000;112247;12.2;2.52;49;931.4;0.4184;41;0;41;8
2020;99;20;45;40;55;0.50;100000;112232;12.2;1.52;89;925.4;0.4831;86;0;86;3
2020;100;30;100;35;80;0.50;100000;112197;12.2;2.92;53;815.8;0.3774;40;0;40;13
2020;101;25;65;30;70;0.50;100000;112192;12.2;4.04;57;700.2;0.3684;42;0;42;15
2020;102;25;90;25;70;0.50;100000;112188;12.2;6.80;68;589.8;0.3162;43;0;43;25
2020;103;30;65;20;35;0.50;100000;112158;12.2;1.55;46;460.6;0.4674;43;0;43;3
2020;104;15;80;40;70;0.50;100000;112156;12.2;4.11;94;928.4;0.4149;78;0;78;16
2020;105;10;65;40;85;0.50;100000;112105;12.1;5.62;119;938.4;0.3571;85;0;85;34
2020;106;30;85;25;65;0.50;100000;112067;12.1;4.08;57;580.2;0.3421;39;0;39;18
2020;107;30;60;30;85;0.50;100000;112065;12.1;5.89;43;694.8;0.3372;29;0;29;14
2020;108;35;75;35;90;0.50;100000;112040;12.0;3.29;36;804.6;0.3750;27;0;27;9
2020;109;20;40;20;60;0.50;100000;112036;12.0;5.94;91;472.6;0.2912;53;0;53;38
2020;110;30;75;35;90;0.50;100000;111985;12.0;3.04;50;805.0;0.3500;35;0;35;15
2020;111;10;40;40;95;0.50;100000;111920;11.9;6.22;108;928.8;0.3333;72;0;72;36
2020;112;25;90;30;70;0.50;100000;111893;11.9;5.14;67;686.2;0.3582;48;0;48;19
2020;113;30;75;40;80;0.50;100000;111842;11.8;2.05;42;901.2;0.4286;36;0;36;6
2020;114;10;70;65;90;0.50;100000;111820;11.8;1.51;88;1456.8;0.4773;84;0;84;4
2020;115;10;70;35;95;0.50;100000;111771;11.8;6.56;107;810.2;0.3037;65;0;65;42
2020;116;20;45;30;90;0.50;100000;111745;11.7;5.61;67;686.2;0.2985;40;0;40;27
2020;117;30;85;35;70;0.50;100000;111650;11.6;3.59;45;777.0;0.4222;38;0;38;7
2020;118;15;35;20;55;0.50;100000;111610;11.6;7.28;150;465.0;0.2967;89;0;89;61
2020;119;20;100;40;95;0.50;100000;111598;11.6;4.88;62;893.2;0.3548;44;0;44;18
2020;120;10;75;45;70;0.50;100000;111580;11.6;3.46;130;998.0;0.4308;112;0;112;18
2020;121;10;75;35;95;0.50;100000;111557;11.6;6.14;109;797.4;0.3028;66;0;66;43
2020;122;35;85;30;90;0.50;100000;111546;11.5;2.59;38;666.8;0.3289;25;0;25;13
2020;123;15;20;30;80;0.50;100000;111506;11.5;3.75;59;667.4;0.3305;39;0;39;20
2020;124;20;45;30;65;0.50;100000;111491;11.5;6.66;82;665.2;0.3659;60;0;60;22
2020;125;15;20;25;60;0.50;100000;111482;11.5;3.55;62;553.2;0.3548;44;0;44;18
2020;126;15;85;40;95;0.50;100000;111457;11.5;3.51;77;887.2;0.3442;53;0;53;24
2020;127;30;60;30;90;0.50;100000;111419;11.4;7.42;42;661.2;0.3214;27;0;27;15
2020;128;20;30;15;35;0.50;100000;111399;11.4;4.27;58;328.8;0.3707;43;0;43;15
2020;129;20;40;25;65;0.50;100000;111397;11.4;6.99;82;555.2;0.3232;53;0;53;29
2020;130;30;50;35;95;0.50;100000;111383;11.4;2.53;33;763.8;0.3636;24;0;24;9
2020;131;25;50;30;75;0.50;100000;111350;11.4;4.41;56;656.6;0.3482;39;0;39;17
2020;132;20;85;35;90;0.50;100000;111344;11.3;6.07;68;769.8;0.3309;45;0;45;23
2020;133;15;20;40;95;0.50;100000;111343;11.3;2.91;49;871.4;0.3673;36;0;36;13
2020;134;30;100;35;95;0.50;100000;111320;11.3;3.52;53;765.8;0.3302;35;0;35;18
2020;135;15;80;30;85;0.50;100000;111313;11.3;9.21;94;668.4;0.2979;56;0;56;38
2020;136;30;60;30;75;0.50;100000;111306;11.3;3.13;39;650.4;0.3718;29;0;29;10
2020;137;10;20;40;65;0.50;100000;111290;11.3;3.93;166;872.6;0.4127;137;0;137;29
2020;138;30;75;30;90;0.50;100000;111230;11.2;5.06;48;652.8;0.3125;30;0;30;18
2020;139;25;45;30;85;0.50;100000;111228;11.2;3.53;40;649.0;0.3375;27;0;27;13
2020;140;30;90;25;60;0.50;100000;111205;11.2;2.90;54;539.4;0.3611;39;0;39;15
2020;141;30;60;40;90;0.50;100000;111175;11.2;2.75;39;855.4;0.3974;31;0;31;8
2020;142;30;100;30;90;0.50;100000;111167;11.2;3.70;50;650.0;0.3100;31;0;31;19
2020;143;10;70;45;95;0.50;100000;111142;11.1;8.21;92;971.2;0.3641;67;0;67;25
2020;144;25;50;30;65;0.50;100000;111130;11.1;2.54;53;640.8;0.3868;41;0;41;12
2020;145;15;80;25;75;0.50;100000;111077;11.1;8.83;106;551.6;0.2830;60;0;60;46
2020;146;20;45;30;75;0.50;100000;111056;11.1;3.83;75;645.0;0.3333;50;0;50;25
2020;147;25;45;25;75;0.50;100000;111055;11.1;4.92;46;535.6;0.3152;29;0;29;17
2020;148;20;65;25;65;0.50;100000;111050;11.0;10.17;98;542.8;0.3163;62;0;62;36
2020;149;25;70;15;35;0.50;100000;111047;11.0;4.03;71;320.6;0.3592;51;0;51;20
2020;150;20;95;50;90;0.50;100000;111044;11.0;2.00;60;1056.0;0.4250;51;0;51;9
2020;151;25;85;30;90;0.50;100000;111041;11.0;4.63;54;644.4;0.3056;33;0;33;21
2020;152;15;75;40;65;0.50;100000;111007;11.0;2.52;107;845.2;0.4252;91;0;91;16
2020;153;20;75;35;100;0.50;100000;110990;11.0;4.51;67;751.2;0.3060;41;0;41;26
2020;154;15;80;30;90;0.50;100000;110987;11.0;9.09;91;652.6;0.2857;52;0;52;39
2020;155;30;90;35;70;0.50;100000;110966;11.0;3.06;50;735.0;0.4100;41;0;41;9
2020;156;25;45;25;60;0.50;100000;110929;10.9;3.61;46;525.6;0.3696;34;0;34;12
2020;157;15;40;45;60;0.50;100000;110927;10.9;2.08;123;937.8;0.4715;116;0;116;7
2020;158;15;65;40;90;0.50;100000;110910;10.9;5.20;87;848.2;0.3506;61;0;61;26
2020;159;30;85;40;65;0.50;100000;110897;10.9;1.66;53;830.8;0.4623;49;0;49;4
2020;160;10;65;35;80;0.50;100000;110893;10.9;5.84;128;750.8;0.3359;86;0;86;42
2020;161;10;55;30;85;0.50;100000;110874;10.9;12.29;141;657.6;0.2872;81;0;81;60
2020;162;30;60;35;100;0.50;100000;110859;10.9;3.00;37;733.2;0.3378;25;0;25;12
2020;163;10;75;25;70;0.50;100000;110817;10.8;6.96;152;547.2;0.2895;88;0;88;64
2020;164;15;75;40;85;0.50;100000;110783;10.8;6.28;88;836.8;0.3636;64;0;64;24
2020;165;10;40;35;50;0.50;100000;110763;10.8;3.15;216;727.6;0.4398;190;0;190;26
2020;166;10;70;60;15;0.50;100000;110737;10.7;4.06;211;1234.6;0.8483;358;147;64;0
2020;167;20;95;25;70;0.50;100000;110716;10.7;5.33;84;527.4;0.3036;51;0;51;33
2020;168;30;100;35;75;0.50;100000;110704;10.7;3.98;50;720.0;0.3900;39;0;39;11
2020;169;30;80;25;65;0.50;100000;110675;10.7;4.06;46;515.6;0.3478;32;0;32;14
2020;170;10;75;40;55;0.50;100000;110673;10.7;3.86;158;818.8;0.4557;144;0;144;14
2020;171;30;50;30;90;0.50;100000;110655;10.7;2.65;31;616.6;0.3387;21;0;21;10
2020;172;10;50;50;75;0.50;100000;110621;10.6;2.82;128;1020.8;0.4375;112;0;112;16
2020;173;25;45;25;70;0.50;100000;110574;10.6;4.50;51;513.6;0.3235;33;0;33;18
2020;174;30;65;25;70;0.50;100000;110574;10.6;6.49;51;513.6;0.3235;33;0;33;18
2020;175;15;50;30;90;0.50;100000;110548;10.5;7.21;105;633.0;0.2810;59;0;59;46
2020;176;10;50;35;20;0.50;100000;110540;10.5;2.81;275;715.0;0.6727;370;95;180;0
2020;177;15;20;35;60;0.50;100000;110505;10.5;2.87;58;703.8;0.4397;51;0;51;7
2020;178;15;45;30;75;0.50;100000;110471;10.5;8.85;113;621.8;0.3186;72;0;72;41
2020;179;10;20;35;65;0.50;100000;110471;10.5;6.66;165;719.0;0.3788;125;0;125;40
2020;180;15;20;30;60;0.50;100000;110353;10.4;4.22;65;599.0;0.3923;51;0;51;14
2020;181;30;85;30;70;0.50;100000;110349;10.3;2.54;44;598.4;0.3750;33;0;33;11
2020;182;30;60;35;85;0.50;100000;110338;10.3;3.47;44;698.4;0.3636;32;0;32;12
2020;183;25;70;25;75;0.50;100000;110324;10.3;5.90;66;507.6;0.2955;39;0;39;27
2020;184;35;90;25;60;0.50;100000;110315;10.3;2.55;35;496.0;0.3857;27;0;27;8
2020;185;20;40;25;70;0.50;100000;110304;10.3;5.95;77;507.2;0.3052;47;0;47;30
2020;186;30;85;30;85;0.50;100000;110302;10.3;4.03;52;602.2;0.3173;33;0;33;19
2020;187;20;45;40;70;0.50;100000;110302;10.3;2.98;70;792.0;0.4214;59;0;59;11
2020;188;30;100;35;70;0.50;100000;110287;10.3;2.06;55;693.0;0.4000;44;0;44;11
2020;189;20;35;20;55;0.50;100000;110270;10.3;6.90;79;404.4;0.3101;49;0;49;30
2020;190;10;40;30;85;0.50;100000;110258;10.3;6.29;149;626.4;0.2852;85;0;85;64
2020;191;30;75;40;90;0.50;100000;110252;10.3;3.92;43;789.8;0.3837;33;0;33;10
2020;192;25;45;35;65;0.50;100000;110242;10.2;2.94;45;687.0;0.4333;39;0;39;6
2020;193;15;45;30;85;0.50;100000;110233;10.2;5.63;108;613.8;0.2917;63;0;63;45
2020;194;25;85;30;55;0.50;100000;110224;10.2;2.77;61;589.6;0.4180;51;0;51;10
2020;195;25;45;30;70;0.50;100000;110201;10.2;2.54;49;591.4;0.3673;36;0;36;13
2020;196;10;45;45;15;0.50;100000;110133;10.1;6.16;270;882.0;0.7889;426;156;114;0
2020;197;10;20;50;65;0.50;100000;110132;10.1;1.72;156;971.6;0.4679;146;0;146;10
2020;198;30;100;45;85;0.50;100000;110124;10.1;4.08;53;875.8;0.4151;44;0;44;9
2020;199;15;20;40;65;0.50;100000;110110;10.1;2.52;64;775.4;0.4453;57;0;57;7
2020;200;30;85;40;100;0.50;100000;110101;10.1;2.38;42;781.2;0.3571;30;0;30;12
2020;201;35;90;20;60;0.50;100000;110080;10.1;3.57;35;391.0;0.3286;23;0;23;12
2020;202;15;45;30;65;0.50;100000;110060;10.1;6.05;128;595.8;0.3477;89;0;89;39
2020;203;20;100;10;30;0.50;100000;110059;10.1;6.73;99;201.4;0.2929;58;0;58;41
2020;204;30;100;30;80;0.50;100000;110054;10.1;4.52;46;585.6;0.3370;31;0;31;15
2020;205;35;100;10;25;0.50;100000;110047;10.0;1.99;40;194.0;0.3750;30;0;30;10
2020;206;35;95;10;25;0.50;100000;110047;10.0;4.84;40;194.0;0.3750;30;0;30;10
2020;207;35;95;35;95;0.50;100000;110036;10.0;3.89;36;679.6;0.3472;25;0;25;11
2020;208;25;85;45;100;0.50;100000;110026;10.0;2.52;46;870.6;0.3804;35;0;35;11
2020;209;20;70;35;80;0.50;100000;110016;10.0;3.91;79;684.4;0.3481;55;0;55;24
2020;210;15;90;30;75;0.50;100000;110008;10.0;5.64;110;596.0;0.3182;70;0;70;40
2020;211;15;20;20;60;0.50;100000;109992;10.0;7.06;62;393.2;0.2984;37;0;37;25
2020;212;35;90;35;85;0.50;100000;109915;9.9;3.18;36;669.6;0.3750;27;0;27;9
2020;213;20;50;30;50;0.50;100000;109892;9.9;4.62;91;572.6;0.4231;77;0;77;14
2020;214;10;75;10;30;0.50;100000;109870;9.9;14.14;248;212.8;0.2782;138;0;138;110
2020;215;15;20;40;85;0.50;100000;109860;9.9;2.93;49;761.4;0.3878;38;0;38;11
2020;216;25;45;35;75;0.50;100000;109851;9.9;2.53;40;664.0;0.4000;32;0;32;8
2020;217;35;95;35;75;0.50;100000;109851;9.9;1.99;40;664.0;0.4000;32;0;32;8
2020;218;20;45;35;70;0.50;100000;109841;9.8;4.31;73;667.8;0.3836;56;0;56;17
2020;219;15;75;40;70;0.50;100000;109832;9.8;3.51;92;761.2;0.4076;75;0;75;17
2020;220;25;45;30;65;0.50;100000;109798;9.8;5.33;48;567.8;0.3854;37;0;37;11
2020;221;30;50;35;90;0.50;100000;109793;9.8;2.78;31;661.6;0.3710;23;0;23;8
2020;222;15;35;25;60;0.50;100000;109789;9.8;6.94;136;489.6;0.3235;88;0;88;48
2020;223;25;70;50;85;0.50;100000;109777;9.8;2.20;48;937.8;0.4479;43;0;43;5
2020;224;20;55;40;100;0.50;100000;109768;9.8;5.20;68;764.8;0.3309;45;0;45;23
2020;225;25;40;45;100;0.50;100000;109762;9.8;2.93;32;845.2;0.4062;26;0;26;6
2020;226;15;55;50;25;0.50;100000;109754;9.8;2.50;132;940.2;0.7235;191;59;73;0
2020;227;25;70;45;95;0.50;100000;109738;9.7;2.52;52;847.2;0.3846;40;0;40;12
2020;228;30;90;35;100;0.50;100000;109728;9.7;4.45;38;661.8;0.3289;25;0;25;13
2020;229;30;95;25;75;0.50;100000;109696;9.7;4.73;53;475.8;0.3019;32;0;32;21
2020;230;30;95;35;95;0.50;100000;109689;9.7;5.24;49;661.4;0.3265;32;0;32;17
2020;231;25;65;25;55;0.50;100000;109681;9.7;4.88;64;470.4;0.3672;47;0;47;17
2020;232;15;65;30;80;0.50;100000;109676;9.7;5.86;107;580.2;0.3037;65;0;65;42
2020;233;20;30;10;30;0.50;100000;109646;9.6;8.99;64;190.4;0.3047;39;0;39;25
2020;234;30;75;55;95;0.50;100000;109644;9.6;2.17;38;1016.8;0.4605;35;0;35;3
2020;235;30;90;30;50;0.50;100000;109631;9.6;1.93;47;554.2;0.4574;43;0;43;4
2020;236;10;70;40;60;0.50;100000;109612;9.6;3.65;153;745.8;0.4314;132;0;132;21
2020;237;35;90;40;85;0.50;100000;109578;9.6;2.99;37;738.2;0.4054;30;0;30;7
2020;238;10;55;35;95;0.50;100000;109576;9.6;9.85;118;674.8;0.2966;70;0;70;48
2020;239;35;65;25;70;0.50;100000;109571;9.6;2.87;39;465.4;0.3333;26;0;26;13
2020;240;30;70;40;95;0.50;100000;109569;9.6;4.50;39;740.4;0.3718;29;0;29;10
2020;241;10;90;45;20;0.50;100000;109544;9.5;3.38;195;832.0;0.7359;287;92;103;0
2020;242;30;95;10;25;0.50;100000;109526;9.5;7.71;60;186.0;0.3500;42;0;42;18
2020;243;15;80;35;75;0.50;100000;109514;9.5;3.55;91;652.6;0.3571;65;0;65;26
2020;244;20;45;25;45;0.50;100000;109513;9.5;3.47;85;461.0;0.4059;69;0;69;16
2020;245;25;85;40;90;0.50;100000;109499;9.5;3.33;58;738.8;0.3621;42;0;42;16
2020;246;15;40;30;90;0.50;100000;109479;9.5;5.22;104;574.4;0.2788;58;0;58;46
2020;247;15;60;30;90;0.50;100000;109479;9.5;7.89;104;574.4;0.2788;58;0;58;46
2020;248;35;65;40;100;0.50;100000;109463;9.5;2.10;34;732.4;0.3676;25;0;25;9
2020;249;10;65;20;45;0.50;100000;109407;9.4;14.62;234;387.4;0.3312;155;0;155;79
2020;250;10;40;45;70;0.50;100000;109384;9.4;4.21;142;821.2;0.4225;120;0;120;22
2020;251;20;50;25;65;0.50;100000;109381;9.4;7.28;89;465.4;0.3146;56;0;56;33
2020;252;20;35;20;50;0.50;100000;109370;9.4;6.12;79;369.4;0.3291;52;0;52;27
2020;253;15;100;40;75;0.50;100000;109346;9.3;4.35;97;729.2;0.3866;75;0;75;22
2020;254;35;80;45;100;0.50;100000;109294;9.3;1.94;34;807.4;0.3971;27;0;27;7
2020;255;10;40;35;25;0.50;100000;109277;9.3;3.55;276;633.6;0.6141;339;63;213;0
2020;256;30;95;35;85;0.50;100000;109267;9.3;4.48;55;633.0;0.3455;38;0;38;17
2020;257;10;65;65;90;0.50;100000;109253;9.3;1.51;95;1157.0;0.4632;88;0;88;7
2020;258;15;40;25;65;0.50;100000;109250;9.3;6.81;124;466.4;0.3065;76;0;76;48
2020;259;30;100;35;85;0.50;100000;109240;9.2;3.50;50;630.0;0.3500;35;0;35;15
2020;260;20;75;40;70;0.50;100000;109232;9.2;4.16;75;715.0;0.4133;62;0;62;13
2020;261;20;35;60;40;0.50;100000;109226;9.2;1.80;67;1066.2;0.6866;92;25;42;0
2020;262;20;45;20;50;0.50;100000;109198;9.2;4.89;96;365.6;0.3229;62;0;62;34
2020;263;25;45;35;80;0.50;100000;109177;9.2;2.53;38;621.8;0.3816;29;0;29;9
2020;264;10;40;35;90;0.50;100000;109156;9.2;6.74;124;646.4;0.3065;76;0;76;48
2020;265;15;80;30;70;0.50;100000;109149;9.1;6.61;110;546.0;0.3318;73;0;73;37
2020;266;15;85;45;100;0.50;100000;109149;9.1;4.49;80;808.0;0.3500;56;0;56;24
2020;267;35;65;25;75;0.50;100000;109143;9.1;3.55;38;446.8;0.3158;24;0;24;14
2020;268;25;85;25;60;0.50;100000;109139;9.1;4.54;69;448.4;0.3406;47;0;47;22
2020;269;15;65;40;85;0.50;100000;109131;9.1;4.92;91;717.6;0.3571;65;0;65;26
2020;270;20;70;40;100;0.50;100000;109127;9.1;6.02;72;719.2;0.3264;47;0;47;25
2020;271;30;55;25;60;0.50;100000;109118;9.1;2.90;41;442.6;0.3659;30;0;30;11
2020;272;15;75;35;85;0.50;100000;109096;9.1;6.09;92;631.2;0.3261;60;0;60;32
2020;273;10;30;15;40;0.50;100000;109084;9.1;17.54;318;299.8;0.2940;187;0;187;131
2020;274;10;45;60;20;0.50;100000;109084;9.1;4.37;216;1057.6;0.7894;341;125;91;0
2020;275;15;20;30;75;0.50;100000;109083;9.1;4.99;58;533.8;0.3362;39;0;39;19
2020;276;10;50;45;25;0.50;100000;109079;9.1;5.06;231;796.6;0.6775;313;82;149;0
2020;277;20;35;90;40;0.50;100000;109060;9.1;1.34;58;1568.8;0.8017;93;35;23;0
2020;278;25;40;30;75;0.50;100000;109039;9.0;6.36;41;527.6;0.3537;29;0;29;12
2020;279;15;85;30;80;0.50;100000;109037;9.0;6.28;104;544.4;0.3029;63;0;63;41
2020;280;10;55;40;20;0.50;100000;109035;9.0;4.22;253;705.8;0.7016;355;102;151;0
2020;281;20;75;30;70;0.50;100000;109032;9.0;4.78;89;535.4;0.3371;60;0;60;29
2020;282;30;80;30;90;0.50;100000;109027;9.0;5.12;48;532.8;0.3021;29;0;29;19
2020;283;10;90;35;20;0.50;100000;109015;9.0;4.16;204;614.4;0.6765;276;72;132;0
2020;284;10;70;40;80;0.50;100000;108990;9.0;4.78;121;710.6;0.3636;88;0;88;33
2020;285;10;80;70;100;0.50;100000;108989;9.0;2.31;84;1212.4;0.4583;77;0;77;7
2020;286;10;80;30;50;0.50;100000;108948;8.9;6.06;179;529.4;0.4022;144;0;144;35
2020;287;15;60;40;65;0.50;100000;108947;8.9;5.60;123;697.8;0.4146;102;0;102;21
2020;288;15;20;25;45;0.50;100000;108931;8.9;3.32;76;433.6;0.4079;62;0;62;14
2020;289;10;80;45;60;0.50;100000;108929;8.9;2.92;142;776.2;0.4613;131;0;131;11
2020;290;25;50;30;70;0.50;100000;108928;8.9;3.91;55;523.0;0.3545;39;0;39;16
2020;291;30;50;30;75;0.50;100000;108914;8.9;2.83;36;519.6;0.3611;26;0;26;10
2020;292;15;55;45;70;0.50;100000;108893;8.9;4.19;106;776.6;0.4292;91;0;91;15
2020;293;15;65;50;85;0.50;100000;108889;8.9;3.85;90;864.0;0.4111;74;0;74;16
2020;294;30;95;35;65;0.50;100000;108888;8.9;2.53;49;601.4;0.4184;41;0;41;8
2020;295;20;65;45;75;0.50;100000;108884;8.9;2.59;69;773.4;0.4275;59;0;59;10
2020;296;25;65;20;55;0.50;100000;108884;8.9;6.92;73;352.8;0.3082;45;0;45;28
2020;297;10;20;30;45;0.50;100000;108870;8.9;5.43;226;523.6;0.4248;192;0;192;34
2020;298;10;40;30;60;0.50;100000;108869;8.9;10.62;195;537.0;0.3564;139;0;139;56
2020;299;15;80;35;95;0.50;100000;108863;8.9;5.96;86;619.6;0.3023;52;0;52;34
2020;300;30;75;25;75;0.50;100000;108855;8.9;5.10;46;435.6;0.3043;28;0;28;18
2020;301;10;40;80;65;0.50;100000;108855;8.9;1.84;111;1369.6;0.5991;133;22;89;0
2020;302;10;95;35;20;0.50;100000;108848;8.8;2.34;208;603.8;0.6755;281;73;135;0
2020;303;15;55;65;25;0.50;100000;108844;8.8;4.39;134;1112.4;0.7761;208;74;60;0
2020;304;15;80;55;95;0.50;100000;108820;8.8;2.45;71;940.6;0.4155;59;0;59;12
2020;305;30;55;40;70;0.50;100000;108814;8.8;2.17;43;679.8;0.4419;38;0;38;5
2020;306;15;20;30;45;0.50;100000;108787;8.8;3.53;76;508.6;0.4539;69;0;69;7
2020;307;25;45;30;80;0.50;100000;108774;8.8;4.73;40;514.0;0.3375;27;0;27;13
2020;308;25;45;25;50;0.50;100000;108760;8.8;3.10;37;423.2;0.4189;31;0;31;6
2020;309;15;95;30;75;0.50;100000;108757;8.8;3.72;106;526.6;0.3160;67;0;67;39
2020;310;25;60;25;70;0.50;100000;108717;8.7;8.41;60;431.0;0.3083;37;0;37;23
2020;311;15;40;45;85;0.50;100000;108717;8.7;4.55;94;768.4;0.3830;72;0;72;22
2020;312;25;85;30;60;0.50;100000;108706;8.7;4.36;65;509.0;0.3846;50;0;50;15
2020;313;25;40;35;95;0.50;100000;108705;8.7;5.24;39;595.4;0.3333;26;0;26;13
2020;314;10;45;60;15;0.50;100000;108704;8.7;2.40;240;1014.0;0.8375;402;162;78;0
2020;315;25;95;40;95;0.50;100000;108702;8.7;3.86;53;680.8;0.3491;37;0;37;16
2020;316;25;70;40;95;0.50;100000;108702;8.7;5.17;53;680.8;0.3491;37;0;37;16
2020;317;10;45;80;35;0.50;100000;108693;8.7;2.69;137;1348.2;0.7445;204;67;70;0
2020;318;25;50;50;100;0.50;100000;108687;8.7;2.51;42;841.2;0.4048;34;0;34;8
2020;319;20;40;25;75;0.50;100000;108687;8.7;6.89;81;436.6;0.2840;46;0;46;35
2020;320;20;45;25;75;0.50;100000;108687;8.7;5.96;81;436.6;0.2840;46;0;46;35
2020;321;25;40;20;60;0.50;100000;108680;8.7;4.95;42;341.2;0.3095;26;0;26;16
2020;322;10;75;85;50;0.50;100000;108679;8.7;2.40;98;1427.8;0.6888;135;37;61;0
2020;323;35;90;35;90;0.50;100000;108673;8.7;3.52;32;590.2;0.3594;23;0;23;9
2020;324;30;75;40;85;0.50;100000;108673;8.7;2.99;47;674.2;0.3830;36;0;36;11
2020;325;15;25;50;65;0.50;100000;108644;8.6;2.38;95;832.0;0.4789;91;0;91;4
2020;326;30;65;25;75;0.50;100000;108640;8.6;9.41;52;427.2;0.2981;31;0;31;21
2020;327;30;90;35;90;0.50;100000;108620;8.6;6.00;46;590.6;0.3370;31;0;31;15
2020;328;30;95;20;55;0.50;100000;108617;8.6;4.77;57;340.2;0.3158;36;0;36;21
2020;329;15;40;35;10;0.50;100000;108615;8.6;2.33;179;584.4;0.8296;297;118;61;0
2020;330;15;50;45;85;0.50;100000;108610;8.6;4.08;87;758.2;0.3851;67;0;67;20
2020;331;30;75;10;30;0.50;100000;108608;8.6;4.87;50;170.0;0.3100;31;0;31;19
2020;332;20;60;30;80;0.50;100000;108576;8.6;6.20;83;513.8;0.3072;51;0;51;32
2020;333;25;90;35;95;0.50;100000;108570;8.6;5.66;50;590.0;0.3200;32;0;32;18
2020;334;15;20;45;95;0.50;100000;108563;8.6;2.52;50;750.0;0.3800;38;0;38;12
2020;335;15;100;50;25;0.50;100000;108551;8.6;2.67;122;829.2;0.7213;176;54;68;0
2020;336;10;75;45;55;0.50;100000;108548;8.5;1.52;156;741.6;0.4808;150;0;150;6
2020;337;15;45;30;45;0.50;100000;108547;8.5;3.65;136;499.6;0.4338;118;0;118;18
2020;338;20;95;40;90;0.50;100000;108546;8.5;3.55;70;672.0;0.3500;49;0;49;21
2020;339;15;20;35;75;0.50;100000;108538;8.5;3.98;55;583.0;0.3727;41;0;41;14
2020;340;15;100;70;100;0.50;100000;108528;8.5;2.50;64;1150.4;0.4688;60;0;60;4
2020;341;15;90;55;15;0.50;100000;108512;8.5;1.60;132;905.2;0.8447;223;91;41;0
2020;342;20;75;40;90;0.50;100000;108503;8.5;5.94;78;670.8;0.3462;54;0;54;24
2020;343;25;40;20;40;0.50;100000;108495;8.5;2.57;50;330.0;0.4000;40;0;40;10
2020;344;25;45;35;70;0.50;100000;108488;8.5;2.53;39;575.4;0.4103;32;0;32;7
2020;345;10;40;35;60;0.50;100000;108470;8.5;6.16;186;589.6;0.3925;146;0;146;40
2020;346;10;35;25;45;0.50;100000;108469;8.5;6.78;264;430.4;0.3788;200;0;200;64
2020;347;30;50;25;70;0.50;100000;108445;8.4;3.55;40;414.0;0.3250;26;0;26;14
2020;348;10;35;30;90;0.50;100000;108429;8.4;8.42;138;526.8;0.2717;75;0;75;63
2020;349;10;85;25;15;0.50;100000;108420;8.4;5.82;206;411.6;0.6675;275;69;137;0
2020;350;10;65;55;85;0.50;100000;108416;8.4;2.51;100;900.0;0.4300;86;0;86;14
2020;351;20;50;25;75;0.50;100000;108400;8.4;9.83;89;425.4;0.2809;50;0;50;39
2020;352;20;40;40;65;0.50;100000;108386;8.4;4.18;81;651.6;0.4259;69;0;69;12
2020;353;15;70;15;45;0.50;100000;108382;8.4;10.70;154;264.4;0.2760;85;0;85;69
2020;354;15;40;40;50;0.50;100000;108379;8.4;1.79;138;646.8;0.4783;132;0;132;6
2020;355;30;55;40;100;0.50;100000;108349;8.3;2.81;35;651.0;0.3571;25;0;25;10
2020;356;25;100;35;55;0.50;100000;108313;8.3;2.27;69;563.4;0.4420;61;0;61;8
2020;357;10;35;40;50;0.50;100000;108305;8.3;3.83;211;644.6;0.4692;198;0;198;13
2020;358;10;50;40;75;0.50;100000;108305;8.3;4.67;136;659.6;0.3750;102;0;102;34
2020;359;30;60;30;80;0.50;100000;108292;8.3;3.96;44;488.4;0.3295;29;0;29;15
2020;360;10;30;90;40;0.50;100000;108290;8.3;2.47;116;1447.6;0.7457;173;57;59;0
2020;361;20;85;45;95;0.50;100000;108284;8.3;8.21;64;730.4;0.3672;47;0;47;17
2020;362;25;100;25;75;0.50;100000;108282;8.3;7.58;62;413.2;0.2903;36;0;36;26
2020;363;15;100;35;20;0.50;100000;108279;8.3;3.78;140;564.0;0.6857;192;52;88;0
2020;364;30;55;30;90;0.50;100000;108279;8.3;4.52;37;488.2;0.3108;23;0;23;14
2020;365;10;30;75;55;0.50;100000;108268;8.3;1.77;132;1205.2;0.6174;163;31;101;0
2020;366;15;40;40;55;0.50;100000;108264;8.3;3.53;131;641.6;0.4542;119;0;119;12
2020;367;30;95;30;65;0.50;100000;108261;8.3;4.27;54;484.4;0.3704;40;0;40;14
2020;368;10;70;45;75;0.50;100000;108256;8.3;3.97;122;729.2;0.4057;99;0;99;23
2020;369;35;75;25;75;0.50;100000;108235;8.2;4.54;33;403.8;0.3182;21;0;21;12
2020;370;35;90;25;75;0.50;100000;108235;8.2;4.54;33;403.8;0.3182;21;0;21;12
2020;371;30;65;10;20;0.50;100000;108232;8.2;2.65;50;160.0;0.4100;41;0;41;9
2020;372;15;30;30;60;0.50;100000;108224;8.2;4.22;121;490.6;0.3636;88;0;88;33
2020;373;30;90;35;65;0.50;100000;108218;8.2;2.14;51;558.6;0.4118;42;0;42;9
2020;374;15;20;35;100;0.50;100000;108216;8.2;2.88;45;567.0;0.3111;28;0;28;17
2020;375;20;40;35;70;0.50;100000;108202;8.2;3.78;73;562.8;0.3767;55;0;55;18
2020;376;25;100;35;75;0.50;100000;108185;8.2;5.41;63;561.8;0.3651;46;0;46;17
2020;377;20;45;35;65;0.50;100000;108167;8.2;6.07;79;559.4;0.3924;62;0;62;17
2020;378;20;45;35;60;0.50;100000;108161;8.2;3.52;84;557.4;0.4107;69;0;69;15
2020;379;30;60;40;95;0.50;100000;108161;8.2;2.52;32;635.2;0.3750;24;0;24;8
2020;380;35;90;30;90;0.50;100000;108156;8.2;3.53;41;482.6;0.3049;25;0;25;16
2020;381;30;95;40;85;0.50;100000;108153;8.2;3.33;49;636.4;0.3776;37;0;37;12
2020;382;30;55;30;85;0.50;100000;108149;8.1;3.53;39;480.4;0.3205;25;0;25;14
2020;383;25;40;30;85;0.50;100000;108149;8.1;4.34;39;480.4;0.3205;25;0;25;14
2020;384;20;100;45;90;0.50;100000;108147;8.1;4.59;66;717.6;0.3788;50;0;50;16
2020;385;10;85;45;65;0.50;100000;108137;8.1;3.69;133;713.8;0.4398;117;0;117;16
2020;386;10;50;25;75;0.50;100000;108136;8.1;10.36;157;430.2;0.2707;85;0;85;72
2020;387;15;20;35;80;0.50;100000;108126;8.1;3.31;55;558.0;0.3545;39;0;39;16
2020;388;20;65;40;60;0.50;100000;108105;8.1;2.39;93;629.8;0.4409;82;0;82;11
2020;389;35;80;35;90;0.50;100000;108104;8.1;4.51;36;554.6;0.3472;25;0;25;11
2020;390;15;80;40;65;0.50;100000;108103;8.1;3.65;98;632.8;0.4184;82;0;82;16
2020;391;10;40;75;55;0.50;100000;108097;8.1;2.89;121;1180.6;0.6198;150;29;92;0
2020;392;15;20;30;70;0.50;100000;108088;8.1;4.52;59;477.4;0.3475;41;0;41;18
2020;393;15;85;55;25;0.50;100000;108046;8.0;2.20;128;860.8;0.7383;189;61;67;0
2020;394;30;50;35;85;0.50;100000;108044;8.0;2.85;36;549.6;0.3611;26;0;26;10
2020;395;15;45;35;85;0.50;100000;108037;8.0;7.50;103;565.8;0.3204;66;0;66;37
2020;396;35;80;50;90;0.50;100000;108036;8.0;1.52;31;776.6;0.4516;28;0;28;3
2020;397;10;70;70;95;0.50;100000;108031;8.0;1.51;81;1086.6;0.4691;76;0;76;5
2020;398;30;100;55;90;0.50;100000;108026;8.0;1.51;47;854.2;0.4468;42;0;42;5
2020;399;15;55;10;30;0.50;100000;108014;8.0;13.92;164;170.4;0.2805;92;0;92;72
2020;400;15;85;25;70;0.50;100000;108008;8.0;6.53;114;410.4;0.2895;66;0;66;48
2020;401;30;80;45;70;0.50;100000;108006;8.0;1.52;49;696.4;0.4592;45;0;45;4
2020;402;15;40;60;90;0.50;100000;107989;8.0;3.33;85;931.0;0.4412;75;0;75;10
2020;403;10;60;75;15;0.50;100000;107986;8.0;2.44;198;1162.8;0.8737;346;148;50;0
2020;404;10;100;80;35;0.50;100000;107982;8.0;2.39;117;1241.2;0.7479;175;58;59;0
2020;405;10;20;45;65;0.50;100000;107964;8.0;5.19;156;701.6;0.4359;136;0;136;20
2020;406;10;30;60;40;0.50;100000;107960;8.0;2.79;176;933.6;0.6335;223;47;129;0
2020;407;20;30;20;30;0.50;100000;107951;8.0;2.36;59;307.4;0.4661;55;0;55;4
2020;408;25;45;45;65;0.50;100000;107951;8.0;1.52;43;689.8;0.4884;42;0;42;1
2020;409;30;100;55;85;0.50;100000;107933;7.9;1.51;54;844.4;0.4537;49;0;49;5
2020;410;25;40;25;45;0.50;100000;107917;7.9;2.19;47;384.2;0.4255;40;0;40;7
2020;411;15;70;65;100;0.50;100000;107916;7.9;2.51;69;998.4;0.4420;61;0;61;8
2020;412;30;55;60;100;0.50;100000;107897;7.9;1.88;32;915.2;0.4688;30;0;30;2
2020;413;10;90;100;35;0.50;100000;107880;7.9;1.49;101;1528.6;0.8020;162;61;40;0
2020;414;25;45;25;55;0.50;100000;107856;7.9;3.45;47;384.2;0.3723;35;0;35;12
2020;415;15;65;70;95;0.50;100000;107854;7.9;1.85;73;1062.8;0.4726;69;0;69;4
2020;416;15;35;25;50;0.50;100000;107840;7.8;6.64;147;394.2;0.3605;106;0;106;41
2020;417;25;40;30;70;0.50;100000;107827;7.8;4.78;43;459.8;0.3605;31;0;31;12
2020;418;15;35;100;40;0.50;100000;107826;7.8;1.55;87;1518.2;0.7816;136;49;38;0
2020;419;10;50;50;10;0.50;100000;107815;7.8;3.63;270;762.0;0.8685;469;199;71;0
2020;420;30;75;45;95;0.50;100000;107797;7.8;2.46;40;684.0;0.3875;31;0;31;9
2020;421;25;70;35;85;0.50;100000;107793;7.8;4.14;58;538.8;0.3362;39;0;39;19
2020;422;15;20;30;90;0.50;100000;107789;7.8;4.74;53;465.8;0.2925;31;0;31;22
2020;423;30;95;30;90;0.50;100000;107789;7.8;3.70;53;465.8;0.2925;31;0;31;22
2020;424;25;90;30;90;0.50;100000;107789;7.8;5.98;53;465.8;0.2925;31;0;31;22
2020;425;15;20;40;90;0.50;100000;107773;7.8;4.71;50;610.0;0.3600;36;0;36;14
2020;426;10;75;35;85;0.50;100000;107759;7.8;7.88;120;552.0;0.3167;76;0;76;44
2020;427;30;85;45;65;0.50;100000;107753;7.8;1.52;54;674.4;0.4722;51;0;51;3
2020;428;15;35;35;55;0.50;100000;107753;7.8;5.13;140;534.0;0.4179;117;0;117;23
2020;429;20;45;40;65;0.50;100000;107749;7.7;4.89;79;604.4;0.4241;67;0;67;12
2020;430;10;25;80;55;0.50;100000;107746;7.7;2.45;123;1207.8;0.6341;156;33;90;0
2020;431;25;40;50;100;0.50;100000;107745;7.7;2.61;34;752.4;0.4118;28;0;28;6
2020;432;20;55;10;30;0.50;100000;107743;7.7;8.00;114;160.4;0.2851;65;0;65;49
2020;433;25;75;35;90;0.50;100000;107741;7.7;4.55;59;537.4;0.3220;38;0;38;21
2020;434;10;70;35;80;0.50;100000;107736;7.7;7.49;126;548.6;0.3294;83;0;83;43
2020;435;15;50;60;25;0.50;100000;107714;7.7;2.89;141;902.6;0.7518;212;71;70;0
2020;436;25;45;20;55;0.50;100000;107712;7.7;4.57;56;306.6;0.3125;35;0;35;21
2020;437;10;90;40;25;0.50;100000;107697;7.7;3.56;197;604.2;0.6497;256;59;138;0
2020;438;15;45;80;60;0.50;100000;107696;7.7;1.30;88;1196.8;0.6250;110;22;66;0
2020;439;10;50;35;25;0.50;100000;107690;7.7;4.80;264;530.4;0.6117;323;59;205;0
2020;440;25;45;45;85;0.50;100000;107687;7.7;3.67;41;672.6;0.4146;34;0;34;7
2020;441;40;75;15;45;0.50;100000;107683;7.7;6.61;31;226.6;0.3226;20;0;20;11
2020;442;25;45;40;65;0.50;100000;107678;7.7;3.36;43;594.8;0.4535;39;0;39;4
2020;443;10;60;70;95;0.50;100000;107663;7.7;2.50;86;1039.6;0.4651;80;0;80;6
2020;444;20;45;30;70;0.50;100000;107656;7.7;4.53;74;456.4;0.3378;50;0;50;24
2020;445;15;100;30;75;0.50;100000;107645;7.6;5.89;107;465.2;0.3131;67;0;67;40
2020;446;30;55;35;100;0.50;100000;107631;7.6;4.10;38;526.8;0.3158;24;0;24;14
2020;447;25;40;35;100;0.50;100000;107631;7.6;4.97;38;526.8;0.3158;24;0;24;14
2020;448;10;35;80;30;0.50;100000;107628;7.6;3.05;163;1191.8;0.7669;250;87;76;0
2020;449;15;45;80;55;0.50;100000;107626;7.6;1.65;88;1186.8;0.6477;114;26;62;0
2020;450;10;70;35;100;0.50;100000;107625;7.6;7.85;102;547.2;0.2843;58;0;58;44
2020;451;35;85;25;55;0.50;100000;107625;7.6;5.42;41;372.6;0.3780;31;0;31;10
2020;452;15;30;30;70;0.50;100000;107615;7.6;6.23;113;461.8;0.3274;74;0;74;39
2020;453;10;30;85;55;0.50;100000;107609;7.6;1.90;107;1260.2;0.6542;140;33;74;0
2020;454;20;85;60;85;0.50;100000;107603;7.6;2.54;62;883.2;0.4677;58;0;58;4
2020;455;10;95;45;20;0.50;100000;107595;7.6;2.08;179;669.4;0.7318;262;83;96;0
2020;456;25;40;25;65;0.50;100000;107581;7.6;7.97;47;374.2;0.3298;31;0;31;16
2020;457;10;60;50;35;0.50;100000;107566;7.6;1.91;188;741.8;0.6197;233;45;143;0
2020;458;10;50;80;30;0.50;100000;107550;7.6;2.56;144;1178.4;0.7708;222;78;66;0
2020;459;10;100;55;20;0.50;100000;107545;7.5;3.64;157;810.2;0.7771;244;87;70;0
2020;460;15;40;30;60;0.50;100000;107543;7.5;4.60;126;453.6;0.3611;91;0;91;35
2020;461;20;50;35;70;0.50;100000;107539;7.5;5.48;78;520.8;0.3718;58;0;58;20
2020;462;15;20;35;70;0.50;100000;107533;7.5;3.52;56;516.6;0.3839;43;0;43;13
2020;463;25;90;40;90;0.50;100000;107527;7.5;4.53;55;593.0;0.3545;39;0;39;16
2020;464;15;55;50;100;0.50;100000;107521;7.5;4.11;77;742.2;0.3701;57;0;57;20
2020;465;10;85;25;75;0.50;100000;107520;7.5;10.52;144;398.4;0.2708;78;0;78;66
2020;466;20;45;30;85;0.50;100000;107514;7.5;6.86;75;455.0;0.2933;44;0;44;31
2020;467;10;75;75;95;0.50;100000;107511;7.5;1.65;86;1089.6;0.4826;83;0;83;3
2020;468;20;95;35;65;0.50;100000;107501;7.5;4.13;81;516.6;0.3889;63;0;63;18
2020;469;10;65;40;15;0.50;100000;107469;7.5;2.53;234;587.4;0.7628;357;123;111;0
2020;470;10;60;70;15;0.50;100000;107464;7.5;4.22;208;1018.8;0.8606;358;150;58;0
2020;471;15;45;30;70;0.50;100000;107457;7.5;8.38;131;456.6;0.3244;85;0;85;46
2020;472;20;45;40;60;0.50;100000;107455;7.5;3.47;85;581.0;0.4412;75;0;75;10
2020;473;15;20;25;75;0.50;100000;107452;7.5;5.52;55;373.0;0.2909;32;0;32;23
2020;474;20;60;40;65;0.50;100000;107450;7.4;3.23;87;583.2;0.4195;73;0;73;14
2020;475;10;75;100;45;0.50;100000;107447;7.4;2.27;90;1449.0;0.7500;135;45;45;0
2020;476;10;30;100;30;0.50;100000;107446;7.4;1.69;129;1449.4;0.8178;211;82;47;0
2020;477;30;45;40;95;0.50;100000;107441;7.4;3.51;31;581.6;0.3710;23;0;23;8
2020;478;10;60;90;50;0.50;100000;107437;7.4;2.43;97;1304.2;0.6959;135;38;59;0
2020;479;10;70;40;90;0.50;100000;107430;7.4;7.95;114;600.4;0.3333;76;0;76;38
2020;480;15;60;100;50;0.50;100000;107416;7.4;1.77;77;1442.2;0.7338;113;36;41;0
2020;481;15;65;55;95;0.50;100000;107412;7.4;3.16;79;799.4;0.4051;64;0;64;15
2020;482;30;65;30;70;0.50;100000;107411;7.4;3.91;45;437.0;0.3556;32;0;32;13
2020;483;30;100;40;75;0.50;100000;107402;7.4;2.29;48;577.8;0.4062;39;0;39;9
2020;484;10;95;15;45;0.50;100000;107398;7.4;10.83;191;242.6;0.2723;104;0;104;87
2020;485;20;50;25;50;0.50;100000;107390;7.4;5.70;95;367.0;0.3684;70;0;70;25
2020;486;10;65;45;90;0.50;100000;107387;7.4;5.05;105;663.0;0.3619;76;0;76;29
2020;487;25;65;25;75;0.50;100000;107381;7.4;5.71;57;370.2;0.2895;33;0;33;24
2020;488;15;20;35;85;0.50;100000;107380;7.4;3.82;50;510.0;0.3400;34;0;34;16
2020;489;25;50;50;90;0.50;100000;107380;7.4;2.51;44;718.4;0.4205;37;0;37;7
2020;490;30;75;50;90;0.50;100000;107380;7.4;3.98;44;718.4;0.4205;37;0;37;7
2020;491;10;60;65;95;0.50;100000;107378;7.4;3.84;83;933.8;0.4458;74;0;74;9
2020;492;30;95;40;90;0.50;100000;107367;7.4;4.71;44;578.4;0.3636;32;0;32;12
2020;493;20;90;30;90;0.50;100000;107362;7.4;7.26;67;446.2;0.2836;38;0;38;29
2020;494;10;100;50;20;0.50;100000;107358;7.4;3.47;171;720.6;0.7544;258;87;84;0
2020;495;20;40;40;70;0.50;100000;107351;7.4;3.97;74;576.4;0.4054;60;0;60;14
2020;496;35;65;25;65;0.50;100000;107348;7.3;2.81;35;361.0;0.3429;24;0;24;11
2020;497;10;60;20;45;0.50;100000;107347;7.3;7.55;228;310.8;0.3289;150;0;150;78
2020;498;15;80;30;65;0.50;100000;107344;7.3;7.20;115;444.0;0.3435;79;0;79;36
2020;499;10;45;80;55;0.50;100000;107340;7.3;1.48;110;1146.0;0.6364;140;30;80;0
2020;500;10;80;65;10;0.50;100000;107312;7.3;1.53;211;924.6;0.9052;382;171;40;0
2021;1;10;55;10;30;0.50;100000;121552;21.6;8.71;140;404.0;0.3036;85;0;85;55
2021;2;25;85;15;45;0.50;100000;116656;16.7;2.08;31;466.6;0.3871;24;0;24;7
2021;3;20;60;10;25;0.50;100000;116553;16.6;2.77;64;310.4;0.3750;48;0;48;16
2021;4;10;25;30;70;0.50;100000;116268;16.3;5.02;86;919.6;0.3605;62;0;62;24
2021;5;10;65;30;80;0.50;100000;115325;15.3;3.53;70;872.0;0.3357;47;0;47;23
2021;6;10;25;40;85;0.50;100000;114890;14.9;2.52;63;1121.8;0.3968;50;0;50;13
2021;7;15;30;20;60;0.50;100000;114758;14.8;3.81;56;561.6;0.3214;36;0;36;20
2021;8;15;25;20;60;0.50;100000;114483;14.5;4.65;62;553.2;0.3145;39;0;39;23
2021;9;15;50;25;55;0.50;100000;114149;14.1;4.44;71;670.6;0.3803;54;0;54;17
2021;10;10;70;30;80;0.50;100000;114145;14.1;5.16;71;810.6;0.3310;47;0;47;24
2021;11;20;40;15;40;0.50;100000;113257;13.3;2.59;44;378.4;0.3636;32;0;32;12
2021;12;15;85;15;40;0.50;100000;113156;13.2;5.16;72;379.2;0.3333;48;0;48;24
2021;13;10;90;30;75;0.50;100000;112547;12.5;6.36;72;724.2;0.3403;49;0;49;23
2021;14;20;80;15;40;0.50;100000;112348;12.3;3.61;50;355.0;0.3500;35;0;35;15
2021;15;20;95;15;40;0.50;100000;112071;12.1;3.12;45;347.0;0.3556;32;0;32;13
2021;16;20;80;10;30;0.50;100000;111834;11.8;3.69;51;228.6;0.3235;33;0;33;18
2021;17;15;70;25;75;0.50;100000;111691;11.7;6.49;59;567.4;0.3051;36;0;36;23
2021;18;15;25;30;70;0.50;100000;111624;11.6;3.53;51;668.6;0.3725;38;0;38;13
2021;19;15;55;10;30;0.50;100000;111221;11.2;6.73;85;221.0;0.3000;51;0;51;34
2021;20;10;35;40;90;0.50;100000;111043;11.0;4.50;63;851.8;0.3651;46;0;46;17
2021;21;15;30;25;70;0.50;100000;110987;11.0;5.17;58;533.8;0.3190;37;0;37;21
2021;22;15;95;15;40;0.50;100000;110552;10.6;5.13;62;308.2;0.3306;41;0;41;21
2021;23;20;70;25;70;0.50;100000;110344;10.3;3.71;42;501.2;0.3333;28;0;28;14
2021;24;25;85;20;45;0.50;100000;110271;10.3;2.57;36;394.6;0.4028;29;0;29;7
2021;25;15;25;25;70;0.50;100000;110210;10.2;7.91;55;498.0;0.3182;35;0;35;20
2021;26;10;25;35;70;0.50;100000;110145;10.1;3.06;83;688.8;0.3795;63;0;63;20
2021;27;15;30;30;80;0.50;100000;110054;10.1;4.52;46;585.6;0.3370;31;0;31;15
2021;28;25;55;10;30;0.50;100000;109919;9.9;2.94;34;192.4;0.3382;23;0;23;11
2021;29;20;70;15;45;0.50;100000;109880;9.9;5.91;50;290.0;0.3100;31;0;31;19
2021;30;10;25;30;80;0.50;100000;109544;9.5;4.94;75;565.0;0.3133;47;0;47;28
2021;31;15;25;35;100;0.50;100000;109463;9.5;5.11;42;646.2;0.3214;27;0;27;15
2021;32;20;40;10;20;0.50;100000;109395;9.4;3.28;56;181.6;0.4107;46;0;46;10
2021;33;15;25;35;70;0.50;100000;109384;9.4;2.60;47;634.2;0.4043;38;0;38;9
2021;34;10;60;40;75;0.50;100000;109328;9.3;3.87;66;722.6;0.4015;53;0;53;13
2021;35;20;35;25;75;0.50;100000;109215;9.2;3.61;36;449.6;0.3194;23;0;23;13
2021;36;20;55;15;30;0.50;100000;109177;9.2;3.76;56;266.6;0.4018;45;0;45;11
2021;37;25;60;10;30;0.50;100000;108907;8.9;3.09;33;173.8;0.3333;22;0;22;11
2021;38;15;55;15;45;0.50;100000;108883;8.9;10.26;87;268.2;0.2874;50;0;50;37
2021;39;10;40;40;85;0.50;100000;108882;8.9;4.95;56;691.6;0.3750;42;0;42;14
2021;40;10;25;30;10;0.50;100000;108858;8.9;3.23;189;515.4;0.8016;303;114;75;0
2021;41;10;70;25;75;0.50;100000;108830;8.8;5.11;77;442.2;0.2857;44;0;44;33
2021;42;10;90;40;85;0.50;100000;108812;8.8;2.99;53;685.8;0.3774;40;0;40;13
2021;43;15;30;35;55;0.50;100000;108771;8.8;1.52;56;591.6;0.4554;51;0;51;5
2021;44;15;25;35;95;0.50;100000;108705;8.7;2.53;39;595.4;0.3333;26;0;26;13
2021;45;15;25;30;80;0.50;100000;108686;8.7;4.94;49;511.4;0.3265;32;0;32;17
2021;46;10;60;40;100;0.50;100000;108662;8.7;3.94;45;677.0;0.3444;31;0;31;14
2021;47;15;85;15;45;0.50;100000;108638;8.6;7.47;72;259.2;0.2917;42;0;42;30
2021;48;10;45;25;75;0.50;100000;108472;8.5;6.80;87;428.2;0.2816;49;0;49;38
2021;49;20;70;35;95;0.50;100000;108424;8.4;3.52;32;575.2;0.3438;22;0;22;10
2021;50;25;90;10;30;0.50;100000;108417;8.4;4.72;39;165.4;0.3205;25;0;25;14
2021;51;15;40;25;65;0.50;100000;108359;8.4;5.30;62;413.2;0.3226;40;0;40;22
2021;52;10;65;100;65;0.50;100000;108309;8.3;1.22;33;1603.8;0.7576;50;17;16;0
2021;53;10;55;50;20;0.50;100000;108239;8.2;2.30;115;799.0;0.7739;178;63;52;0
2021;54;15;30;30;70;0.50;100000;108232;8.2;4.16;54;484.4;0.3519;38;0;38;16
2021;55;25;70;25;70;0.50;100000;108220;8.2;2.87;31;401.6;0.3387;21;0;21;10
2021;56;10;55;40;75;0.50;100000;108215;8.2;4.85;67;641.2;0.3955;53;0;53;14
2021;57;15;70;10;20;0.50;100000;108212;8.2;4.72;71;160.6;0.3944;56;0;56;15
2021;58;10;25;30;45;0.50;100000;108211;8.2;4.09;118;479.8;0.4364;103;0;103;15
2021;59;20;80;15;30;0.50;100000;108194;8.2;4.19;54;239.4;0.3981;43;0;43;11
2021;60;15;25;40;70;0.50;100000;108144;8.1;1.82;49;631.4;0.4286;42;0;42;7
2021;61;15;25;25;60;0.50;100000;108141;8.1;3.31;60;401.0;0.3417;41;0;41;19
2021;62;10;85;35;95;0.50;100000;108082;8.1;3.89;45;557.0;0.3222;29;0;29;16
2021;63;20;85;35;95;0.50;100000;108010;8.0;3.89;36;549.6;0.3333;24;0;24;12
2021;64;15;25;30;90;0.50;100000;107972;8.0;6.52;47;474.2;0.2979;28;0;28;19
2021;65;30;90;15;35;0.50;100000;107953;8.0;4.62;34;232.4;0.3824;26;0;26;8
2021;66;10;60;65;30;0.50;100000;107913;7.9;1.61;77;997.2;0.7597;117;40;37;0
2021;67;15;35;45;100;0.50;100000;107903;7.9;2.52;40;694.0;0.3750;30;0;30;10
2021;68;10;15;40;85;0.50;100000;107844;7.8;3.33;60;616.0;0.3667;44;0;44;16
2021;69;10;30;35;80;0.50;100000;107720;7.7;4.51;65;534.0;0.3462;45;0;45;20
2021;70;15;95;35;55;0.50;100000;107700;7.7;2.27;62;523.2;0.4435;55;0;55;7
2021;71;20;40;30;65;0.50;100000;107689;7.7;4.35;36;449.6;0.3889;28;0;28;8
2021;72;15;90;20;45;0.50;100000;107565;7.6;4.18;65;299.0;0.3538;46;0;46;19
2021;73;10;25;40;75;0.50;100000;107564;7.6;4.10;69;593.4;0.3913;54;0;54;15
2021;74;20;80;10;20;0.50;100000;107541;7.5;2.24;45;147.0;0.4111;37;0;37;8
2021;75;15;65;30;70;0.50;100000;107540;7.5;6.59;53;445.8;0.3491;37;0;37;16
2021;76;25;60;10;25;0.50;100000;107531;7.5;3.04;34;147.4;0.3676;25;0;25;9
2021;77;15;95;35;25;0.50;100000;107503;7.5;2.59;71;510.6;0.6549;93;22;49;0
2021;78;10;15;35;90;0.50;100000;107485;7.5;3.52;54;519.4;0.3241;35;0;35;19
2021;79;10;100;35;85;0.50;100000;107380;7.4;3.82;50;510.0;0.3400;34;0;34;16
2021;80;10;45;35;55;0.50;100000;107363;7.4;2.27;90;504.0;0.4278;77;0;77;13
2021;81;10;50;15;35;0.50;100000;107297;7.3;8.34;133;223.8;0.3308;88;0;88;45
2021;82;10;50;80;25;0.50;100000;107297;7.3;1.75;73;1132.8;0.8425;123;50;23;0
2021;83;10;50;55;25;0.50;100000;107249;7.2;2.30;95;777.0;0.7474;142;47;48;0
2021;84;20;65;25;55;0.50;100000;107243;7.2;3.55;46;355.6;0.3696;34;0;34;12
2021;85;25;80;15;40;0.50;100000;107212;7.2;3.12;37;213.2;0.3378;25;0;25;12
2021;86;20;100;15;30;0.50;100000;107209;7.2;2.74;42;211.2;0.4048;34;0;34;8
2021;87;15;35;25;70;0.50;100000;107199;7.2;3.71;54;359.4;0.3056;33;0;33;21
2021;88;10;35;35;90;0.50;100000;107177;7.2;4.03;63;501.8;0.3175;40;0;40;23
2021;89;10;70;45;85;0.50;100000;107156;7.2;3.51;50;630.0;0.4000;40;0;40;10
2021;90;10;100;25;55;0.50;100000;107136;7.1;8.96;88;356.8;0.3466;61;0;61;27
2021;91;15;30;30;55;0.50;100000;107135;7.1;4.00;61;419.6;0.4016;49;0;49;12
2021;92;10;65;25;40;0.50;100000;107123;7.1;3.71;107;350.2;0.4206;90;0;90;17
2021;93;20;80;25;35;0.50;100000;107111;7.1;1.54;54;344.4;0.4815;52;0;52;2
2021;94;20;90;10;20;0.50;100000;107080;7.1;2.65;44;138.4;0.4091;36;0;36;8
2021;95;15;45;15;40;0.50;100000;107069;7.1;6.88;79;214.4;0.3101;49;0;49;30
2021;96;10;70;35;80;0.50;100000;107054;7.1;4.48;64;490.4;0.3438;44;0;44;20
2021;97;10;25;45;70;0.50;100000;107052;7.1;2.26;75;620.0;0.4333;65;0;65;10
2021;98;20;50;25;55;0.50;100000;107013;7.0;3.00;40;344.0;0.3750;30;0;30;10
2021;99;20;65;20;55;0.50;100000;107010;7.0;3.97;44;278.4;0.3182;28;0;28;16
2021;100;10;20;30;50;0.50;100000;107010;7.0;8.54;117;416.2;0.4060;95;0;95;22
2021;101;15;25;35;90;0.50;100000;107001;7.0;4.03;37;483.2;0.3378;25;0;25;12
2021;102;10;80;45;100;0.50;100000;106985;7.0;2.52;44;618.4;0.3636;32;0;32;12
2021;103;10;60;55;30;0.50;100000;106911;6.9;2.82;91;742.6;0.7033;128;37;54;0
2021;104;20;50;85;30;0.50;100000;106908;6.9;0.83;43;1139.8;0.8605;74;31;12;0
2021;105;20;35;25;55;0.50;100000;106898;6.9;3.00;37;338.2;0.3784;28;0;28;9
2021;106;15;65;30;80;0.50;100000;106860;6.9;3.53;56;411.6;0.3125;35;0;35;21
2021;107;10;15;35;100;0.50;100000;106854;6.9;4.57;50;480.0;0.3000;30;0;30;20
2021;108;10;65;15;25;0.50;100000;106839;6.8;5.19;140;204.0;0.4107;115;0;115;25
2021;109;15;35;25;40;0.50;100000;106838;6.8;5.63;82;335.2;0.4268;70;0;70;12
2021;110;30;80;15;35;0.50;100000;106823;6.8;4.03;35;201.0;0.3714;26;0;26;9
2021;111;10;85;35;80;0.50;100000;106822;6.8;5.84;61;474.6;0.3443;42;0;42;19
2021;112;10;50;100;70;0.50;100000;106810;6.8;1.74;39;1325.4;0.6923;54;15;24;0
2021;113;10;65;90;70;0.50;100000;106809;6.8;0.97;34;1192.4;0.6765;46;12;22;0
2021;114;20;55;90;25;0.50;100000;106802;6.8;0.87;41;1187.6;0.9146;75;34;7;0
2021;115;20;70;65;45;0.50;100000;106784;6.8;1.16;37;858.2;0.7027;52;15;22;0
2021;116;15;50;25;40;0.50;100000;106781;6.8;2.76;77;332.2;0.4286;66;0;66;11
2021;117;10;30;75;55;0.50;100000;106772;6.8;2.19;57;990.2;0.6491;74;17;40;0
2021;118;15;90;45;85;0.50;100000;106769;6.8;2.52;39;595.4;0.4103;32;0;32;7
2021;119;15;50;40;70;0.50;100000;106764;6.8;3.81;57;530.2;0.4123;47;0;47;10
2021;120;10;40;45;75;0.50;100000;106758;6.8;3.27;67;596.2;0.4179;56;0;56;11
2021;121;10;55;100;45;0.50;100000;106750;6.8;1.06;41;1312.6;0.8049;66;25;16;0
2021;122;15;25;30;60;0.50;100000;106740;6.7;3.53;58;398.8;0.3793;44;0;44;14
2021;123;10;25;25;50;0.50;100000;106704;6.7;7.71;116;337.6;0.3621;84;0;84;32
2021;124;10;65;35;85;0.50;100000;106693;6.7;2.85;59;467.4;0.3305;39;0;39;20
2021;125;20;100;15;45;0.50;100000;106686;6.7;4.92;49;201.4;0.2959;29;0;29;20
2021;126;20;60;30;80;0.50;100000;106645;6.6;5.50;33;393.8;0.3333;22;0;22;11
2021;127;10;20;70;25;0.50;100000;106641;6.6;2.75;91;907.6;0.7967;145;54;37;0
2021;128;10;25;40;90;0.50;100000;106634;6.6;3.92;59;527.4;0.3475;41;0;41;18
2021;129;15;25;20;55;0.50;100000;106597;6.6;6.14;57;265.2;0.3070;35;0;35;22
2021;130;10;55;35;100;0.50;100000;106596;6.6;7.85;54;464.4;0.2963;32;0;32;22
2021;131;10;70;15;35;0.50;100000;106581;6.6;7.08;113;201.8;0.3319;75;0;75;38
2021;132;10;55;50;95;0.50;100000;106546;6.5;4.77;48;642.8;0.3958;38;0;38;10
2021;133;10;90;50;30;0.50;100000;106535;6.5;3.07;86;639.6;0.6802;117;31;55;0
2021;134;20;35;25;65;0.50;100000;106525;6.5;4.56;34;322.4;0.3382;23;0;23;11
2021;135;20;75;70;45;0.50;100000;106523;6.5;1.07;36;889.6;0.7222;52;16;20;0
2021;136;15;100;20;40;0.50;100000;106514;6.5;2.79;59;257.4;0.3814;45;0;45;14
2021;137;10;75;35;25;0.50;100000;106496;6.5;2.91;103;445.8;0.6311;130;27;76;0
2021;138;15;80;55;25;0.50;100000;106483;6.5;2.60;67;696.2;0.7612;102;35;32;0
2021;139;15;25;25;50;0.50;100000;106452;6.5;3.18;58;318.8;0.3793;44;0;44;14
2021;140;10;95;35;90;0.50;100000;106415;6.4;6.69;48;447.8;0.3229;31;0;31;17
2021;141;10;75;80;55;0.50;100000;106413;6.4;1.16;49;1001.4;0.6735;66;17;32;0
2021;142;20;45;25;55;0.50;100000;106404;6.4;4.54;39;315.4;0.3718;29;0;29;10
2021;143;10;55;25;60;0.50;100000;106397;6.4;4.54;83;323.8;0.3253;54;0;54;29
2021;144;20;45;10;20;0.50;100000;106383;6.4;3.28;53;125.8;0.3962;42;0;42;11
2021;145;10;75;25;50;0.50;100000;106383;6.4;4.89;93;319.8;0.3656;68;0;68;25
2021;146;25;90;15;40;0.50;100000;106375;6.4;4.41;36;189.6;0.3333;24;0;24;12
2021;147;15;25;25;55;0.50;100000;106369;6.4;3.24;53;315.8;0.3585;38;0;38;15
2021;148;10;85;25;70;0.50;100000;106363;6.4;4.54;75;325.0;0.2933;44;0;44;31
2021;149;10;40;90;35;0.50;100000;106356;6.4;2.34;60;1116.0;0.8000;96;36;24;0
2021;150;10;95;50;20;0.50;100000;106350;6.3;1.95;85;621.0;0.7765;132;47;38;0
2021;151;10;25;55;10;0.50;100000;106348;6.3;3.00;159;682.4;0.8899;283;124;35;0
2021;152;10;30;15;20;0.50;100000;106329;6.3;3.93;188;186.8;0.4628;174;0;174;14
2021;153;10;50;85;45;0.50;100000;106328;6.3;1.23;50;1050.0;0.7400;74;24;26;0
2021;154;15;75;65;45;0.50;100000;106322;6.3;0.99;55;803.0;0.6636;73;18;37;0
2021;155;20;50;10;15;0.50;100000;106319;6.3;3.17;62;123.2;0.4677;58;0;58;4
2021;156;10;70;45;95;0.50;100000;106309;6.3;4.46;49;561.4;0.3673;36;0;36;13
2021;157;15;25;30;85;0.50;100000;106299;6.3;7.21;50;380.0;0.3000;30;0;30;20
2021;158;20;85;30;90;0.50;100000;106254;6.3;4.58;33;373.8;0.3030;20;0;20;13
2021;159;15;50;80;70;0.50;100000;106239;6.2;0.86;33;973.8;0.6364;42;9;24;0
2021;160;10;30;25;50;0.50;100000;106202;6.2;5.34;115;314.0;0.3609;83;0;83;32
2021;161;10;30;95;50;0.50;100000;106192;6.2;1.47;44;1148.4;0.7500;66;22;22;0
2021;162;10;25;40;95;0.50;100000;106168;6.2;5.80;52;492.2;0.3365;35;0;35;17
2021;163;10;65;40;85;0.50;100000;106168;6.2;4.95;60;491.0;0.3583;43;0;43;17
2021;164;25;90;15;35;0.50;100000;106165;6.2;3.26;34;182.4;0.3676;25;0;25;9
2021;165;10;95;35;80;0.50;100000;106161;6.2;3.91;60;431.0;0.3417;41;0;41;19
2021;166;15;70;75;35;0.50;100000;106144;6.1;1.87;50;900.0;0.7700;77;27;23;0
2021;167;20;60;10;30;0.50;100000;106137;6.1;7.73;54;124.4;0.2963;32;0;32;22
2021;168;10;70;40;95;0.50;100000;106124;6.1;4.88;57;490.2;0.3333;38;0;38;19
2021;169;10;20;30;45;0.50;100000;106117;6.1;4.81;126;363.6;0.4286;108;0;108;18
2021;170;10;90;80;10;0.50;100000;106111;6.1;0.83;85;951.0;0.9588;163;78;7;0
2021;171;20;80;60;30;0.50;100000;106106;6.1;1.54;46;715.6;0.7609;70;24;22;0
2021;172;30;65;15;30;0.50;100000;106077;6.1;2.15;33;178.8;0.4091;27;0;27;6
2021;173;25;80;15;30;0.50;100000;106077;6.1;2.59;33;178.8;0.4091;27;0;27;6
2021;174;10;60;75;15;0.50;100000;106069;6.1;1.84;94;888.4;0.8936;168;74;20;0
2021;175;10;40;60;15;0.50;100000;106048;6.0;1.72;114;710.4;0.8509;194;80;34;0
2021;176;10;25;60;10;0.50;100000;106038;6.0;3.25;151;708.6;0.9007;272;121;30;0
2021;177;20;55;15;35;0.50;100000;106025;6.0;3.61;50;180.0;0.3500;35;0;35;15
2021;178;10;100;30;55;0.50;100000;105997;6.0;4.75;80;358.0;0.3875;62;0;62;18
2021;179;15;55;90;70;0.50;100000;105993;6.0;1.33;33;1053.8;0.6667;44;11;22;0
2021;180;20;55;60;40;0.50;100000;105977;6.0;1.04;42;701.2;0.6905;58;16;26;0
2021;181;15;80;45;85;0.50;100000;105963;6.0;2.52;44;528.4;0.3977;35;0;35;9
2021;182;15;85;20;30;0.50;100000;105955;6.0;2.36;62;233.2;0.4516;56;0;56;6
2021;183;15;30;20;55;0.50;100000;105947;5.9;8.26;63;241.8;0.3016;38;0;38;25
2021;184;25;70;30;45;0.50;100000;105933;5.9;1.53;31;346.6;0.4839;30;0;30;1
2021;185;10;25;40;70;0.50;100000;105931;5.9;4.16;78;470.8;0.3974;62;0;62;16
2021;186;20;65;100;25;0.50;100000;105919;5.9;0.50;34;1152.4;0.9412;64;30;4;0
2021;187;20;60;30;70;0.50;100000;105914;5.9;4.89;35;351.0;0.3571;25;0;25;10
2021;188;20;35;15;45;0.50;100000;105897;5.9;5.62;44;178.4;0.2955;26;0;26;18
2021;189;15;65;85;35;0.50;100000;105893;5.9;1.10;44;978.4;0.8068;71;27;17;0
2021;190;20;70;25;75;0.50;100000;105881;5.9;3.74;39;295.4;0.2949;23;0;23;16
2021;191;25;80;20;50;0.50;100000;105877;5.9;4.20;40;234.0;0.3375;27;0;27;13
2021;192;10;40;65;45;0.50;100000;105862;5.9;1.95;73;747.8;0.6438;94;21;52;0
2021;193;20;50;80;30;0.50;100000;105853;5.9;1.37;40;914.0;0.8375;67;27;13;0
2021;194;20;90;25;45;0.50;100000;105847;5.8;2.55;38;286.8;0.4211;32;0;32;6
2021;195;10;100;40;100;0.50;100000;105845;5.8;4.78;39;465.4;0.3333;26;0;26;13
2021;196;15;50;95;50;0.50;100000;105842;5.8;1.23;36;1084.6;0.7639;55;19;17;0
2021;197;10;30;30;80;0.50;100000;105831;5.8;6.62;73;357.8;0.3014;44;0;44;29
2021;198;15;30;20;45;0.50;100000;105828;5.8;7.42;65;234.0;0.3462;45;0;45;20
2021;199;20;85;35;85;0.50;100000;105824;5.8;4.16;33;403.8;0.3485;23;0;23;10
2021;200;10;65;90;60;0.50;100000;105824;5.8;1.19;39;1025.4;0.6923;54;15;24;0
2021;201;15;30;40;80;0.50;100000;105820;5.8;3.51;43;459.8;0.3837;33;0;33;10
2021;202;10;40;85;50;0.50;100000;105812;5.8;3.03;55;968.0;0.7000;77;22;33;0
2021;203;10;95;45;85;0.50;100000;105789;5.8;3.09;47;514.2;0.3936;37;0;37;10
2021;204;10;55;90;40;0.50;100000;105784;5.8;1.63;51;1018.6;0.7745;79;28;23;0
2021;205;15;50;90;65;0.50;100000;105768;5.8;1.23;32;1015.2;0.6875;44;12;20;0
2021;206;20;95;85;30;0.50;100000;105760;5.8;1.49;32;955.2;0.8750;56;24;8;0
2021;207;20;70;15;40;0.50;100000;105758;5.8;4.88;54;174.4;0.3148;34;0;34;20
2021;208;20;70;85;40;0.50;100000;105746;5.7;1.48;36;954.6;0.7917;57;21;15;0
2021;209;15;60;100;40;0.50;100000;105745;5.7;1.11;41;1122.6;0.8171;67;26;15;0
2021;210;20;70;65;40;0.50;100000;105738;5.7;1.31;36;729.6;0.7222;52;16;20;0
2021;211;10;60;15;25;0.50;100000;105729;5.7;4.45;127;172.2;0.4094;104;0;104;23
2021;212;10;90;20;15;0.50;100000;105728;5.7;1.78;96;225.6;0.6250;120;24;72;0
2021;213;10;85;30;65;0.50;100000;105715;5.7;4.97;81;346.6;0.3457;56;0;56;25
2021;214;10;75;80;45;0.50;100000;105700;5.7;1.76;51;893.6;0.7157;73;22;29;0
2021;215;10;55;85;60;0.50;100000;105693;5.7;1.35;41;947.6;0.6707;55;14;27;0
2021;216;15;75;40;100;0.50;100000;105692;5.7;2.81;34;452.4;0.3382;23;0;23;11
2021;217;10;15;35;95;0.50;100000;105686;5.7;4.26;49;401.4;0.3061;30;0;30;19
2021;218;15;55;95;30;0.50;100000;105682;5.7;1.24;50;1055.0;0.8500;85;35;15;0
2021;219;15;40;30;55;0.50;100000;105681;5.7;3.77;72;339.2;0.3889;56;0;56;16
2021;220;15;30;20;35;0.50;100000;105659;5.7;2.94;65;224.0;0.4077;53;0;53;12
2021;221;15;100;90;35;0.50;100000;105650;5.7;1.44;40;994.0;0.8250;66;26;14;0
2021;222;15;60;95;30;0.50;100000;105638;5.6;1.49;52;1047.2;0.8462;88;36;16;0
2021;223;20;60;15;30;0.50;100000;105618;5.6;3.46;52;167.2;0.3846;40;0;40;12
2021;224;10;90;30;70;0.50;100000;105605;5.6;4.65;71;340.6;0.3310;47;0;47;24
2021;225;25;60;15;30;0.50;100000;105598;5.6;2.59;32;165.2;0.4062;26;0;26;6
2021;226;15;65;15;45;0.50;100000;105589;5.6;5.72;69;173.4;0.2826;39;0;39;30
2021;227;10;40;40;50;0.50;100000;105565;5.6;2.52;103;435.8;0.4757;98;0;98;5
2021;228;15;30;30;50;0.50;100000;105548;5.5;3.53;65;329.0;0.4154;54;0;54;11
2021;229;10;25;50;10;0.50;100000;105537;5.5;3.45;168;544.8;0.8720;293;125;43;0
2021;230;15;80;75;40;0.50;100000;105535;5.5;1.47;44;813.4;0.7386;65;21;23;0
2021;231;10;20;35;20;0.50;100000;105521;5.5;2.74;151;383.6;0.6722;203;52;99;0
2021;232;25;65;15;35;0.50;100000;105511;5.5;3.44;33;163.8;0.3636;24;0;24;9
2021;233;10;50;35;20;0.50;100000;105505;5.5;3.47;131;381.6;0.6756;177;46;85;0
2021;234;15;30;35;50;0.50;100000;105501;5.5;1.77;59;377.4;0.4576;54;0;54;5
2021;235;10;40;100;10;0.50;100000;105498;5.5;0.96;105;1073.0;0.9619;202;97;8;0
2021;236;10;50;90;40;0.50;100000;105496;5.5;2.02;57;970.2;0.7632;87;30;27;0
2021;237;15;100;85;30;0.50;100000;105496;5.5;1.49;47;914.2;0.8298;78;31;16;0
2021;238;20;70;25;45;0.50;100000;105488;5.5;2.47;56;271.6;0.4018;45;0;45;11
2021;239;20;35;30;75;0.50;100000;105483;5.5;3.13;34;327.4;0.3382;23;0;23;11
2021;240;15;85;75;35;0.50;100000;105471;5.5;1.60;47;804.2;0.7660;72;25;22;0
2021;241;10;85;25;45;0.50;100000;105470;5.5;4.54;90;274.0;0.3889;70;0;70;20
2021;242;10;80;50;100;0.50;100000;105467;5.5;4.14;42;541.2;0.3810;32;0;32;10
2021;243;15;30;25;75;0.50;100000;105463;5.5;6.33;51;278.6;0.2843;29;0;29;22
2021;244;20;90;50;85;0.50;100000;105459;5.5;1.53;32;535.2;0.4375;28;0;28;4
2021;245;15;55;95;60;0.50;100000;105450;5.5;1.45;36;1014.6;0.7083;51;15;21;0
2021;246;20;50;15;20;0.50;100000;105447;5.4;1.56;54;159.4;0.4907;53;0;53;1
2021;247;20;80;55;30;0.50;100000;105446;5.4;1.46;55;588.0;0.7182;79;24;31;0
2021;248;25;80;20;35;0.50;100000;105441;5.4;2.57;40;214.0;0.4250;34;0;34;6
2021;249;20;45;90;35;0.50;100000;105440;5.4;0.81;34;957.4;0.8382;57;23;11;0
2021;250;20;80;50;25;0.50;100000;105434;5.4;1.81;48;532.8;0.7500;72;24;24;0
2021;251;15;90;15;40;0.50;100000;105428;5.4;5.16;70;167.0;0.3071;43;0;43;27
2021;252;10;50;40;35;0.50;100000;105427;5.4;2.09;109;427.4;0.5688;124;15;94;0
2021;253;10;40;70;30;0.50;100000;105421;5.4;2.14;81;746.6;0.7531;122;41;40;0
2021;254;10;85;60;20;0.50;100000;105412;5.4;2.04;87;638.2;0.8046;140;53;34;0
2021;255;15;80;15;40;0.50;100000;105404;5.4;7.11;77;167.2;0.3052;47;0;47;30
2021;256;20;35;30;65;0.50;100000;105403;5.4;3.53;35;321.0;0.3714;26;0;26;9
2021;257;10;90;60;30;0.50;100000;105400;5.4;2.09;80;638.0;0.7188;115;35;45;0
2021;258;15;50;25;70;0.50;100000;105398;5.4;6.45;63;276.8;0.2937;37;0;37;26
2021;259;15;60;100;55;0.50;100000;105398;5.4;0.96;34;1057.4;0.7500;51;17;17;0
2021;260;10;25;25;55;0.50;100000;105397;5.4;5.96;102;277.2;0.3382;69;0;69;33
2021;261;10;90;40;90;0.50;100000;105392;5.4;6.25;49;431.4;0.3469;34;0;34;15
2021;262;15;80;100;30;0.50;100000;105372;5.4;1.92;49;1051.4;0.8571;84;35;14;0
2021;263;10;55;75;20;0.50;100000;105371;5.4;1.86;82;790.2;0.8476;139;57;25;0
2021;264;15;35;25;55;0.50;100000;105353;5.4;8.63;71;270.6;0.3451;49;0;49;22
2021;265;10;80;95;70;0.50;100000;105353;5.4;1.33;31;996.6;0.6774;42;11;20;0
2021;266;20;70;60;40;0.50;100000;105352;5.4;1.27;36;629.6;0.6944;50;14;22;0
2021;267;15;45;90;35;0.50;100000;105339;5.3;1.13;52;942.2;0.7981;83;31;21;0
2021;268;10;85;100;30;0.50;100000;105338;5.3;1.66;60;1046.0;0.8417;101;41;19;0
2021;269;15;25;35;45;0.50;100000;105331;5.3;2.17;61;364.6;0.4836;59;0;59;2
2021;270;15;55;85;70;0.50;100000;105321;5.3;1.27;31;886.6;0.6452;40;9;22;0
2021;271;10;35;55;20;0.50;100000;105320;5.3;3.07;116;577.6;0.7759;180;64;52;0
2021;272;20;100;45;25;0.50;100000;105307;5.3;0.98;37;468.2;0.7432;55;18;19;0
2021;273;10;30;50;65;0.50;100000;105301;5.3;2.25;72;519.2;0.4722;68;0;68;4
2021;274;20;90;20;45;0.50;100000;105299;5.3;4.92;42;211.2;0.3571;30;0;30;12
2021;275;15;45;10;25;0.50;100000;105297;5.3;5.33;93;109.8;0.3226;60;0;60;33
2021;276;15;40;55;70;0.50;100000;105296;5.3;1.51;51;568.6;0.4902;50;0;50;1
2021;277;15;100;55;40;0.50;100000;105295;5.3;1.28;52;572.2;0.6442;67;15;37;0
2021;278;20;75;60;40;0.50;100000;105287;5.3;1.27;41;622.6;0.6829;56;15;26;0
2021;279;20;40;10;25;0.50;100000;105287;5.3;4.19;49;106.4;0.3367;33;0;33;16
2021;280;10;55;100;65;0.50;100000;105282;5.3;1.22;35;1036.0;0.7000;49;14;21;0
2021;281;10;20;30;20;0.50;100000;105267;5.3;4.77;161;314.6;0.6335;204;43;118;0
2021;282;25;80;20;40;0.50;100000;105264;5.3;3.13;37;208.2;0.3919;29;0;29;8
2021;283;25;70;15;35;0.50;100000;105247;5.2;3.68;38;156.8;0.3553;27;0;27;11
2021;284;10;55;80;65;0.50;100000;105247;5.2;1.72;47;824.2;0.6170;58;11;36;0
2021;285;10;80;35;25;0.50;100000;105246;5.2;2.52;105;363.0;0.6238;131;26;79;0
2021;286;15;70;35;80;0.50;100000;105245;5.2;4.69;48;367.8;0.3438;33;0;33;15
2021;287;10;65;85;25;0.50;100000;105227;5.2;2.05;70;872.0;0.8357;117;47;23;0
2021;288;15;25;40;55;0.50;100000;105216;5.2;1.52;51;408.6;0.4706;48;0;48;3
2021;289;15;95;100;30;0.50;100000;105201;5.2;1.28;44;1018.4;0.8636;76;32;12;0
2021;290;15;40;10;15;0.50;100000;105199;5.2;3.52;98;102.8;0.4490;88;0;88;10
2021;291;15;35;35;55;0.50;100000;105197;5.2;2.53;58;358.8;0.4310;50;0;50;8
2021;292;25;95;50;30;0.50;100000;105194;5.2;1.26;36;509.6;0.7222;52;16;20;0
2021;293;20;50;10;25;0.50;100000;105162;5.2;5.10;54;104.4;0.3333;36;0;36;18
2021;294;15;25;35;65;0.50;100000;105161;5.2;2.73;51;358.6;0.3922;40;0;40;11
2021;295;20;55;95;25;0.50;100000;105157;5.2;0.88;37;958.2;0.9054;67;30;7;0
2021;296;10;60;55;35;0.50;100000;105155;5.2;1.66;79;559.4;0.6582;104;25;54;0
2021;297;25;90;25;65;0.50;100000;105152;5.2;4.31;37;258.2;0.3243;24;0;24;13
2021;298;20;65;75;45;0.50;100000;105151;5.2;1.54;37;758.2;0.7162;53;16;21;0
2021;299;15;30;15;40;0.50;100000;105145;5.1;7.63;72;159.2;0.3056;44;0;44;28
2021;300;10;15;40;75;0.50;100000;105139;5.1;3.61;67;411.2;0.3806;51;0;51;16
2021;301;10;35;100;30;0.50;100000;105132;5.1;1.34;66;1007.6;0.8333;110;44;22;0
2021;302;15;55;90;35;0.50;100000;105129;5.1;1.92;46;905.6;0.8043;74;28;18;0
2021;303;10;40;30;80;0.50;100000;105128;5.1;5.99;79;319.4;0.2975;47;0;47;32
2021;304;15;25;35;55;0.50;100000;105121;5.1;2.77;48;352.8;0.4375;42;0;42;6
2021;305;10;20;90;70;0.50;100000;105114;5.1;1.56;40;904.0;0.6375;51;11;29;0
2021;306;10;20;100;70;0.50;100000;105114;5.1;1.44;33;1003.8;0.6818;45;12;21;0
2021;307;15;25;30;50;0.50;100000;105107;5.1;4.03;55;303.0;0.4182;46;0;46;9
2021;308;15;45;60;40;0.50;100000;105094;5.1;1.62;56;601.6;0.6607;74;18;38;0
2021;309;10;50;100;65;0.50;100000;105091;5.1;1.40;36;999.6;0.6944;50;14;22;0
2021;310;10;95;40;100;0.50;100000;105075;5.1;5.05;38;406.8;0.3289;25;0;25;13
2021;311;10;50;100;55;0.50;100000;105071;5.1;1.58;42;996.2;0.7262;61;19;23;0
2021;312;15;60;100;30;0.50;100000;105065;5.1;1.56;48;992.8;0.8542;82;34;14;0
2021;313;10;55;45;25;0.50;100000;105064;5.1;4.36;113;451.8;0.6814;154;41;72;0
2021;314;10;50;50;70;0.50;100000;105063;5.1;1.79;59;497.4;0.4576;54;0;54;5
2021;315;15;85;65;45;0.50;100000;105060;5.1;2.41;52;647.2;0.6538;68;16;36;0
2021;316;10;80;25;55;0.50;100000;105057;5.1;3.55;93;259.8;0.3387;63;0;63;30
2021;317;10;80;85;55;0.50;100000;105054;5.1;1.24;40;844.0;0.6875;55;15;25;0
2021;318;10;60;75;50;0.50;100000;105046;5.0;1.38;57;745.2;0.6579;75;18;39;0
2021;319;20;50;100;30;0.50;100000;105031;5.0;0.92;39;985.4;0.8718;68;29;10;0
2021;320;10;40;75;10;0.50;100000;105024;5.0;1.91;122;739.2;0.9262;226;104;18;0
2021;321;10;70;85;20;0.50;100000;105018;5.0;1.99;87;838.2;0.8621;150;63;24;0
2021;322;25;80;95;25;0.50;100000;105016;5.0;0.88;34;932.4;0.9118;62;28;6;0
2021;323;10;30;20;40;0.50;100000;105011;5.0;7.38;137;208.2;0.3577;98;0;98;39
2021;324;15;50;85;65;0.50;100000;105010;5.0;1.62;38;836.8;0.6447;49;11;27;0
2021;325;15;60;35;30;0.50;100000;105003;5.0;1.86;68;344.8;0.5882;80;12;56;0
2021;326;10;60;35;20;0.50;100000;104994;5.0;2.74;113;346.8;0.6770;153;40;73;0
2021;327;15;70;95;30;0.50;100000;104989;5.0;1.93;50;930.0;0.8400;84;34;16;0
2021;328;10;100;25;50;0.50;100000;104987;5.0;6.88;87;253.2;0.3621;63;0;63;24
2021;329;10;65;100;25;0.50;100000;104984;5.0;1.71;69;978.4;0.8623;119;50;19;0
2021;330;10;50;65;45;0.50;100000;104972;5.0;2.27;73;637.8;0.6370;93;20;53;0
2021;331;15;80;65;35;0.50;100000;104970;5.0;1.46;53;635.8;0.7170;76;23;30;0
2021;332;15;40;60;20;0.50;100000;104968;5.0;1.60;67;586.2;0.8134;109;42;25;0
2021;333;15;85;55;35;0.50;100000;104958;5.0;2.01;59;537.4;0.6695;79;20;39;0
2021;334;10;70;100;70;0.50;100000;104949;4.9;2.51;34;972.4;0.6765;46;12;22;0
2021;335;20;35;25;50;0.50;100000;104945;4.9;4.63;39;245.4;0.3846;30;0;30;9
2021;336;15;85;95;30;0.50;100000;104945;4.9;1.58;52;922.2;0.8365;87;35;17;0
2021;337;10;40;45;25;0.50;100000;104933;4.9;2.26;107;440.2;0.6822;146;39;68;0
2021;338;10;25;30;20;0.50;100000;104919;4.9;3.06;154;294.4;0.6331;195;41;113;0
2021;339;10;15;40;100;0.50;100000;104919;4.9;3.38;45;397.0;0.3222;29;0;29;16
2021;340;20;35;45;70;0.50;100000;104911;4.9;2.52;33;433.8;0.4545;30;0;30;3
2021;341;15;80;15;35;0.50;100000;104900;4.9;6.56;78;150.8;0.3333;52;0;52;26
2021;342;10;40;100;30;0.50;100000;104894;4.9;0.92;63;961.8;0.8333;105;42;21;0
2021;343;10;65;60;85;0.50;100000;104890;4.9;2.32;49;576.4;0.4592;45;0;45;4
2021;344;10;85;40;85;0.50;100000;104885;4.9;3.39;52;392.2;0.3558;37;0;37;15
2021;345;15;65;85;65;0.50;100000;104880;4.9;1.50;32;815.2;0.6562;42;10;22;0
2021;346;15;50;30;65;0.50;100000;104878;4.9;3.45;54;294.4;0.3519;38;0;38;16
2021;347;20;100;40;25;0.50;100000;104870;4.9;1.73;44;383.4;0.6932;61;17;27;0
2021;348;10;40;60;20;0.50;100000;104869;4.9;3.00;102;577.2;0.7941;162;60;42;0
2021;349;15;25;15;10;0.50;100000;104866;4.9;2.67;79;144.4;0.6646;105;26;53;0
2021;350;15;45;80;50;0.50;100000;104862;4.9;1.64;46;765.6;0.6848;63;17;29;0
2021;351;20;80;20;30;0.50;100000;104859;4.9;2.15;63;191.8;0.4444;56;0;56;7
2021;352;10;50;85;70;0.50;100000;104856;4.9;1.27;45;812.0;0.6111;55;10;35;0
2021;353;15;55;40;55;0.50;100000;104852;4.9;1.86;63;381.8;0.4603;58;0;58;5
2021;354;20;65;85;25;0.50;100000;104851;4.9;1.22;37;808.2;0.8784;65;28;9;0
2021;355;20;95;60;25;0.50;100000;104851;4.9;1.61;45;572.0;0.7889;71;26;19;0
2021;356;10;80;45;20;0.50;100000;104844;4.8;2.29;92;431.2;0.7391;136;44;48;0
2021;357;20;55;95;35;0.50;100000;104842;4.8;1.14;34;902.4;0.8382;57;23;11;0
2021;358;20;40;40;50;0.50;100000;104841;4.8;0.51;44;378.4;0.5000;44;0;44;0
2021;359;15;55;85;35;0.50;100000;104827;4.8;2.40;52;807.2;0.7788;81;29;23;0
2021;360;15;30;60;80;0.50;100000;104827;4.8;1.51;38;566.8;0.4868;37;0;37;1
2021;361;15;90;100;30;0.50;100000;104826;4.8;1.69;45;947.0;0.8556;77;32;13;0
2021;362;20;60;90;40;0.50;100000;104824;4.8;1.07;34;852.4;0.7941;54;20;14;0
2021;363;10;100;40;85;0.50;100000;104818;4.8;3.45;49;386.4;0.3571;35;0;35;14
2021;364;10;80;35;20;0.50;100000;104817;4.8;2.13;97;334.2;0.6804;132;35;62;0
2021;365;10;80;45;80;0.50;100000;104810;4.8;2.15;50;430.0;0.4000;40;0;40;10
2021;366;10;75;70;45;0.50;100000;104801;4.8;1.81;62;663.2;0.6613;82;20;42;0
2021;367;10;40;35;70;0.50;100000;104783;4.8;4.18;82;340.2;0.3598;59;0;59;23
2021;368;10;20;95;70;0.50;100000;104768;4.8;1.33;35;891.0;0.6571;46;11;24;0
2021;369;10;90;40;100;0.50;100000;104768;4.8;4.08;40;384.0;0.3250;26;0;26;14
2021;370;15;90;30;75;0.50;100000;104764;4.8;4.77;50;290.0;0.3200;32;0;32;18
2021;371;15;100;55;25;0.50;100000;104759;4.8;1.64;60;516.0;0.7500;90;30;30;0
2021;372;10;45;30;60;0.50;100000;104751;4.8;5.12;92;291.2;0.3587;66;0;66;26
2021;373;20;50;40;10;0.50;100000;104751;4.8;0.90;55;373.0;0.8818;97;42;13;0
2021;374;15;75;90;25;0.50;100000;104742;4.7;1.63;48;837.8;0.8646;83;35;13;0
2021;375;10;70;30;45;0.50;100000;104726;4.7;5.55;98;282.8;0.4286;84;0;84;14
2021;376;10;100;50;20;0.50;100000;104723;4.7;1.99;81;466.6;0.7654;124;43;38;0
2021;377;20;70;70;45;0.50;100000;104723;4.7;1.07;32;650.2;0.7031;45;13;19;0
2021;378;15;75;50;95;0.50;100000;104720;4.7;2.09;34;467.4;0.3971;27;0;27;7
2021;379;10;60;75;20;0.50;100000;104705;4.7;2.19;82;695.2;0.8415;138;56;26;0
2021;380;20;100;85;30;0.50;100000;104698;4.7;1.16;33;783.8;0.8485;56;23;10;0
2021;381;20;50;80;40;0.50;100000;104698;4.7;1.81;43;739.8;0.7442;64;21;22;0
2021;382;20;35;15;40;0.50;100000;104698;4.7;5.13;41;142.6;0.3171;26;0;26;15
2021;383;10;20;95;55;0.50;100000;104695;4.7;2.86;44;878.4;0.7045;62;18;26;0
2021;384;10;100;45;15;0.50;100000;104690;4.7;2.76;88;416.8;0.8011;141;53;35;0
2021;385;10;95;70;60;0.50;100000;104685;4.7;1.31;46;645.6;0.5978;55;9;37;0
2021;386;10;20;30;85;0.50;100000;104684;4.7;5.50;72;294.2;0.2847;41;0;41;31
2021;387;20;90;15;45;0.50;100000;104681;4.7;5.62;47;144.2;0.2872;27;0;27;20
2021;388;10;25;35;95;0.50;100000;104678;4.7;6.02;59;337.4;0.2966;35;0;35;24
2021;389;15;55;30;70;0.50;100000;104677;4.7;5.99;54;284.4;0.3333;36;0;36;18
2021;390;20;55;100;35;0.50;100000;104676;4.7;1.81;37;918.2;0.8378;62;25;12;0
2021;391;15;85;20;50;0.50;100000;104675;4.7;4.89;63;191.8;0.3175;40;0;40;23
2021;392;20;75;55;20;0.50;100000;104667;4.7;1.78;50;505.0;0.8100;81;31;19;0
2021;393;15;60;95;25;0.50;100000;104663;4.7;1.74;50;870.0;0.8700;87;37;13;0
2021;394;25;85;65;55;0.50;100000;104655;4.7;0.76;32;595.2;0.6250;40;8;24;0
2021;395;15;45;80;70;0.50;100000;104653;4.7;1.00;41;732.6;0.5976;49;8;33;0
2021;396;10;50;95;60;0.50;100000;104645;4.6;1.83;40;869.0;0.6875;55;15;25;0
2021;397;10;40;30;20;0.50;100000;104622;4.6;3.68;138;276.8;0.6341;175;37;101;0
2021;398;15;95;40;100;0.50;100000;104617;4.6;3.09;35;371.0;0.3286;23;0;23;12
2021;399;10;20;45;10;0.50;100000;104614;4.6;2.46;170;412.0;0.8529;290;120;50;0
2021;400;10;65;65;45;0.50;100000;104606;4.6;2.61;70;592.0;0.6357;89;19;51;0
2021;401;20;90;25;65;0.50;100000;104598;4.6;3.06;41;232.6;0.3171;26;0;26;15
2021;402;15;25;20;45;0.50;100000;104590;4.6;5.81;63;186.8;0.3413;43;0;43;20
2021;403;20;55;55;85;0.50;100000;104578;4.6;1.51;32;495.2;0.4531;29;0;29;3
2021;404;10;45;45;15;0.50;100000;104578;4.6;3.50;136;409.6;0.7868;214;78;58;0
2021;405;20;70;60;20;0.50;100000;104577;4.6;0.97;43;539.8;0.8372;72;29;14;0
2021;406;20;95;75;45;0.50;100000;104575;4.6;1.33;32;675.2;0.7188;46;14;18;0
2021;407;25;65;25;35;0.50;100000;104567;4.6;1.54;33;223.8;0.4848;32;0;32;1
2021;408;20;55;100;40;0.50;100000;104563;4.6;1.11;31;896.6;0.8226;51;20;11;0
2021;409;10;45;100;70;0.50;100000;104555;4.6;1.90;31;896.6;0.6774;42;11;20;0
2021;410;15;90;70;25;0.50;100000;104550;4.6;1.49;52;627.2;0.8077;84;32;20;0
2021;411;20;60;100;45;0.50;100000;104545;4.5;0.90;33;893.8;0.7879;52;19;14;0
2021;412;10;25;35;10;0.50;100000;104545;4.5;3.22;184;317.4;0.8125;299;115;69;0
2021;413;10;65;75;45;0.50;100000;104544;4.5;2.97;55;673.0;0.6818;75;20;35;0
2021;414;10;75;90;25;0.50;100000;104543;4.5;2.19;71;805.6;0.8380;119;48;23;0
2021;415;15;80;95;30;0.50;100000;104534;4.5;1.93;55;848.0;0.8273;91;36;19;0
2021;416;15;40;25;55;0.50;100000;104529;4.5;4.54;64;230.4;0.3438;44;0;44;20
2021;417;15;75;50;35;0.50;100000;104527;4.5;2.26;66;447.6;0.6364;84;18;48;0
2021;418;10;80;30;70;0.50;100000;104524;4.5;3.53;72;279.2;0.3264;47;0;47;25
2021;419;10;100;45;80;0.50;100000;104522;4.5;3.15;53;405.8;0.3962;42;0;42;11
2021;420;15;90;65;45;0.50;100000;104521;4.5;2.13;50;580.0;0.6500;65;15;35;0
2021;421;10;85;30;45;0.50;100000;104510;4.5;4.23;86;269.6;0.4302;74;0;74;12
2021;422;10;45;40;20;0.50;100000;104507;4.5;2.98;115;359.0;0.7043;162;47;68;0
2021;423;10;30;40;75;0.50;100000;104507;4.5;5.20;69;363.4;0.3768;52;0;52;17
2021;424;15;100;95;35;0.50;100000;104504;4.5;1.14;35;841.0;0.8286;58;23;12;0
2021;425;20;70;65;50;0.50;100000;104498;4.5;1.50;35;576.0;0.6429;45;10;25;0
2021;426;10;70;75;60;0.50;100000;104495;4.5;1.37;50;665.0;0.6100;61;11;39;0
2021;427;10;45;40;65;0.50;100000;104493;4.5;3.23;82;360.2;0.4085;67;0;67;15
2021;428;15;55;90;75;0.50;100000;104487;4.5;1.85;32;795.2;0.6250;40;8;24;0
2021;429;10;75;30;50;0.50;100000;104487;4.5;2.92;92;271.2;0.4022;74;0;74;18
2021;430;10;30;35;95;0.50;100000;104478;4.5;5.60;61;324.6;0.2951;36;0;36;25
2021;431;15;50;55;75;0.50;100000;104477;4.5;1.51;47;484.2;0.4681;44;0;44;3
2021;432;20;60;85;25;0.50;100000;104472;4.5;1.37;38;746.8;0.8684;66;28;10;0
2021;433;15;75;35;20;0.50;100000;104470;4.5;3.11;75;310.0;0.6867;103;28;47;0
2021;434;20;70;15;25;0.50;100000;104468;4.5;2.04;48;132.8;0.4271;41;0;41;7
2021;435;15;40;90;55;0.50;100000;104464;4.5;1.11;38;791.8;0.6974;53;15;23;0
2021;436;15;75;55;20;0.50;100000;104458;4.5;3.36;65;484.0;0.7923;103;38;27;0
2021;437;20;80;100;25;0.50;100000;104456;4.5;0.64;36;874.6;0.9028;65;29;7;0
2021;438;20;65;80;25;0.50;100000;104450;4.5;1.20;36;699.6;0.8611;62;26;10;0
2021;439;20;45;80;25;0.50;100000;104450;4.5;1.55;36;699.6;0.8611;62;26;10;0
2021;440;10;100;75;30;0.50;100000;104448;4.4;1.95;65;659.0;0.7692;100;35;30;0
2021;441;15;25;25;75;0.50;100000;104448;4.4;5.59;50;230.0;0.2800;28;0;28;22
2021;442;15;35;30;55;0.50;100000;104444;4.4;4.09;69;268.4;0.3841;53;0;53;16
2021;443;20;70;20;50;0.50;100000;104439;4.4;3.20;43;179.8;0.3256;28;0;28;15
2021;444;15;70;85;30;0.50;100000;104437;4.4;2.46;48;742.8;0.8125;78;30;18;0
2021;445;10;40;50;75;0.50;100000;104435;4.4;3.16;61;439.6;0.4344;53;0;53;8
2021;446;10;50;45;25;0.50;100000;104435;4.4;1.86;109;397.4;0.6789;148;39;70;0
2021;447;10;40;95;35;0.50;100000;104434;4.4;1.32;50;830.0;0.8000;80;30;20;0
2021;448;15;60;45;80;0.50;100000;104420;4.4;2.79;49;396.4;0.3980;39;0;39;10
2021;449;25;80;90;25;0.50;100000;104418;4.4;0.97;35;781.0;0.8857;62;27;8;0
2021;450;15;35;35;70;0.50;100000;104417;4.4;2.60;53;310.8;0.3679;39;0;39;14
2021;451;15;30;35;70;0.50;100000;104417;4.4;4.70;53;310.8;0.3679;39;0;39;14
2021;452;20;60;50;25;0.50;100000;104416;4.4;1.64;46;435.6;0.7391;68;22;24;0
2021;453;20;45;30;65;0.50;100000;104416;4.4;3.90;39;265.4;0.3590;28;0;28;11
2021;454;10;80;45;75;0.50;100000;104413;4.4;3.27;60;396.0;0.4083;49;0;49;11
2021;455;10;45;35;75;0.50;100000;104410;4.4;4.51;68;314.8;0.3456;47;0;47;21
2021;456;15;45;85;70;0.50;100000;104410;4.4;1.55;40;739.0;0.6125;49;9;31;0
2021;457;15;45;90;50;0.50;100000;104401;4.4;0.96;42;781.2;0.7143;60;18;24;0
2021;458;15;35;35;80;0.50;100000;104397;4.4;4.30;52;312.2;0.3365;35;0;35;17
2021;459;15;50;95;35;0.50;100000;104396;4.4;1.71;48;822.8;0.8021;77;29;19;0
2021;460;20;75;15;40;0.50;100000;104394;4.4;5.39;50;135.0;0.3100;31;0;31;19
2021;461;10;75;100;70;0.50;100000;104391;4.4;1.44;32;865.2;0.6719;43;11;21;0
2021;462;15;30;35;45;0.50;100000;104385;4.4;1.52;63;301.8;0.4762;60;0;60;3
2021;463;15;55;80;35;0.50;100000;104384;4.4;2.22;52;692.2;0.7596;79;27;25;0
2021;464;10;70;40;85;0.50;100000;104384;4.4;3.51;54;354.4;0.3519;38;0;38;16
2021;465;10;85;40;50;0.50;100000;104383;4.4;2.52;82;345.2;0.4756;78;0;78;4
2021;466;15;40;50;70;0.50;100000;104379;4.4;2.60;49;431.4;0.4592;45;0;45;4
2021;467;10;55;60;20;0.50;100000;104376;4.4;2.31;86;519.6;0.7965;137;51;35;0
2021;468;10;45;90;60;0.50;100000;104356;4.4;1.75;47;774.2;0.6596;62;15;32;0
2021;469;10;25;65;10;0.50;100000;104354;4.4;4.12;147;559.2;0.9014;265;118;29;0
2021;470;10;50;85;65;0.50;100000;104351;4.4;1.62;43;729.8;0.6279;54;11;32;0
2021;471;20;50;80;25;0.50;100000;104346;4.3;1.20;40;684.0;0.8500;68;28;12;0
2021;472;20;80;50;20;0.50;100000;104345;4.3;1.75;51;428.6;0.7843;80;29;22;0
2021;473;15;50;95;30;0.50;100000;104345;4.3;1.32;48;812.8;0.8333;80;32;16;0
2021;474;20;65;100;40;0.50;100000;104331;4.3;1.33;34;852.4;0.8088;55;21;13;0
2021;475;10;65;50;85;0.50;100000;104323;4.3;3.50;53;430.8;0.4057;43;0;43;10
2021;476;15;70;100;30;0.50;100000;104316;4.3;1.98;50;850.0;0.8400;84;34;16;0
2021;477;20;60;90;20;0.50;100000;104315;4.3;0.90;34;762.4;0.9265;63;29;5;0
2021;478;20;60;90;25;0.50;100000;104314;4.3;1.33;37;763.2;0.8784;65;28;9;0
2021;479;15;65;25;75;0.50;100000;104310;4.3;7.70;54;224.4;0.2778;30;0;30;24
2021;480;20;65;70;20;0.50;100000;104304;4.3;1.23;41;592.6;0.8659;71;30;11;0
2021;481;10;75;100;45;0.50;100000;104289;4.3;1.18;39;845.4;0.7692;60;21;18;0
2021;482;15;55;95;25;0.50;100000;104284;4.3;1.49;56;801.6;0.8571;96;40;16;0
2021;483;15;100;90;25;0.50;100000;104283;4.3;0.97;44;758.4;0.8636;76;32;12;0
2021;484;15;30;40;65;0.50;100000;104279;4.3;2.94;50;340.0;0.4200;42;0;42;8
2021;485;10;30;55;20;0.50;100000;104278;4.3;3.07;119;468.4;0.7689;183;64;55;0
2021;486;10;25;40;50;0.50;100000;104267;4.3;2.52;102;337.2;0.4706;96;0;96;6
2021;487;10;85;35;25;0.50;100000;104267;4.3;2.40;95;297.0;0.6211;118;23;72;0
2021;488;10;50;45;20;0.50;100000;104264;4.3;2.32;116;382.6;0.7284;169;53;63;0
2021;489;10;55;35;25;0.50;100000;104263;4.3;2.64;116;297.6;0.6164;143;27;89;0
2021;490;15;80;65;20;0.50;100000;104255;4.3;2.10;67;546.2;0.8209;110;43;24;0
2021;491;15;30;20;30;0.50;100000;104255;4.3;4.68;72;169.2;0.4375;63;0;63;9
2021;492;25;80;85;25;0.50;100000;104254;4.3;2.01;35;711.0;0.8714;61;26;9;0
2021;493;15;95;50;40;0.50;100000;104252;4.3;1.63;50;420.0;0.6100;61;11;39;0
2021;494;25;65;35;50;0.50;100000;104248;4.2;1.52;34;292.4;0.4706;32;0;32;2
2021;495;15;75;10;30;0.50;100000;104242;4.2;6.17;78;90.8;0.2821;44;0;44;34
2021;496;20;50;45;15;0.50;100000;104234;4.2;1.92;53;375.8;0.8208;87;34;19;0
2021;497;10;65;30;45;0.50;100000;104233;4.2;3.32;107;255.2;0.4252;91;0;91;16
2021;498;10;15;35;80;0.50;100000;104232;4.2;4.07;65;304.0;0.3308;43;0;43;22
2021;499;25;80;15;45;0.50;100000;104229;4.2;5.72;36;129.6;0.2917;21;0;21;15
2021;500;10;60;100;70;0.50;100000;104227;4.2;1.74;33;833.8;0.6667;44;11;22;0
2022;1;10;15;35;100;0.50;100000;136323;36.3;5.48;126;2208.6;0.3294;83;0;83;43
2022;2;10;30;25;70;0.50;100000;135045;35.0;9.57;258;1558.8;0.3023;156;0;156;102
2022;3;10;20;30;60;0.50;100000;128897;28.9;4.82;240;1554.0;0.3771;181;0;181;59
2022;4;10;15;35;90;0.50;100000;128826;28.8;4.78;134;1807.4;0.3396;91;0;91;43
2022;5;10;30;35;90;0.50;100000;126450;26.5;6.97;155;1683.0;0.3290;102;0;102;53
2022;6;10;30;25;75;0.50;100000;124717;24.7;8.61;240;1164.0;0.2812;135;0;135;105
2022;7;10;15;30;75;0.50;100000;124281;24.3;6.07;168;1339.8;0.3304;111;0;111;57
2022;8;10;25;25;75;0.50;100000;123925;23.9;11.59;229;1129.4;0.2817;129;0;129;100
2022;9;10;15;40;100;0.50;100000;123531;23.5;4.36;113;1721.8;0.3451;78;0;78;35
2022;10;10;30;35;65;0.50;100000;123513;23.5;5.11;224;1506.4;0.3906;175;0;175;49
2022;11;10;15;40;90;0.50;100000;122560;22.6;3.74;125;1655.0;0.3640;91;0;91;34
2022;12;10;25;35;75;0.50;100000;121622;21.6;7.22;196;1405.6;0.3571;140;0;140;56
2022;13;10;15;35;75;0.50;100000;121384;21.4;5.90;167;1386.2;0.3623;121;0;121;46
2022;14;10;75;20;50;0.50;100000;121049;21.0;8.53;263;801.8;0.3175;167;0;167;96
2022;15;10;15;30;85;0.50;100000;120849;20.8;5.50;155;1178.0;0.3000;93;0;93;62
2022;16;10;20;30;75;0.50;100000;120831;20.8;9.10;198;1177.8;0.3207;127;0;127;71
2022;17;10;30;35;95;0.50;100000;120031;20.0;4.51;149;1321.4;0.3087;92;0;92;57
2022;18;10;30;35;70;0.50;100000;118872;18.9;8.39;212;1243.2;0.3679;156;0;156;56
2022;19;10;15;30;90;0.50;100000;118677;18.7;7.74;137;1068.2;0.2883;79;0;79;58
2022;20;10;20;40;75;0.50;100000;118448;18.4;5.02;178;1380.8;0.3876;138;0;138;40
2022;21;10;25;30;75;0.50;100000;118282;18.3;6.89;212;1053.2;0.3160;134;0;134;78
2022;22;10;80;30;50;0.50;100000;118218;18.2;5.87;227;1022.2;0.4119;187;0;187;40
2022;23;10;15;30;80;0.50;100000;117722;17.7;9.20;159;1017.4;0.3082;98;0;98;61
2022;24;10;30;40;75;0.50;100000;117577;17.6;4.00;190;1324.0;0.3842;146;0;146;44
2022;25;10;15;40;75;0.50;100000;117499;17.5;4.27;152;1312.2;0.3914;119;0;119;33
2022;26;10;35;35;90;0.50;100000;117385;17.4;8.65;164;1165.4;0.3140;103;0;103;61
2022;27;10;65;40;80;0.50;100000;117362;17.4;6.09;152;1307.2;0.3750;114;0;114;38
2022;28;10;35;40;60;0.50;100000;117290;17.3;4.10;247;1294.2;0.4332;214;0;214;33
2022;29;10;15;45;100;0.50;100000;116992;17.0;6.26;108;1438.8;0.3611;78;0;78;30
2022;30;10;15;35;95;0.50;100000;116909;16.9;8.04;128;1130.8;0.3086;79;0;79;49
2022;31;10;15;35;80;0.50;100000;116608;16.6;5.76;152;1107.2;0.3421;104;0;104;48
2022;32;10;15;30;60;0.50;100000;116544;16.5;5.34;203;945.8;0.3670;149;0;149;54
2022;33;10;20;25;60;0.50;100000;116343;16.3;7.54;254;799.4;0.3209;163;0;163;91
2022;34;10;45;35;60;0.50;100000;116324;16.3;5.55;227;1082.2;0.4009;182;0;182;45
2022;35;10;40;35;65;0.50;100000;116172;16.2;5.88;216;1077.6;0.3819;165;0;165;51
2022;36;35;95;10;25;0.50;100000;115903;15.9;2.65;58;298.8;0.3793;44;0;44;14
2022;37;10;30;40;70;0.50;100000;115605;15.6;4.16;203;1185.8;0.3966;161;0;161;42
2022;38;10;30;35;75;0.50;100000;115544;15.5;8.40;201;1048.6;0.3483;140;0;140;61
2022;39;20;80;10;30;0.50;100000;115360;15.4;6.40;143;299.8;0.2937;84;0;84;59
2022;40;10;100;45;85;0.50;100000;115163;15.2;3.57;121;1290.6;0.3926;95;0;95;26
2022;41;10;30;35;55;0.50;100000;115061;15.1;6.95;262;1003.2;0.4179;219;0;219;43
2022;42;10;35;65;95;0.50;100000;114949;14.9;1.65;114;1820.4;0.4605;105;0;105;9
2022;43;20;85;50;100;0.50;100000;114800;14.8;3.08;75;1395.0;0.4000;60;0;60;15
2022;44;20;60;55;25;0.50;100000;114458;14.5;2.20;118;1494.8;0.7754;183;65;53;0
2022;45;10;65;45;100;0.50;100000;114330;14.3;5.70;115;1234.0;0.3522;81;0;81;34
2022;46;35;100;15;45;0.50;100000;114130;14.1;3.61;54;404.4;0.3241;35;0;35;19
2022;47;20;35;15;35;0.50;100000;114004;14.0;3.61;132;405.2;0.3447;91;0;91;41
2022;48;10;15;35;65;0.50;100000;113881;13.9;5.88;183;933.8;0.3825;140;0;140;43
2022;49;10;45;35;80;0.50;100000;113879;13.9;5.63;180;948.0;0.3333;120;0;120;60
2022;50;10;15;35;60;0.50;100000;113704;13.7;4.58;200;920.0;0.4000;160;0;160;40
2022;51;10;30;40;85;0.50;100000;113663;13.7;5.74;159;1057.4;0.3522;112;0;112;47
2022;52;10;15;40;85;0.50;100000;113623;13.6;3.45;133;1048.8;0.3571;95;0;95;38
2022;53;10;15;30;65;0.50;100000;113611;13.6;10.63;182;795.2;0.3462;126;0;126;56
2022;54;15;25;20;60;0.50;100000;113571;13.6;10.56;157;540.2;0.2803;88;0;88;69
2022;55;10;70;60;25;0.50;100000;113505;13.5;2.80;203;1535.8;0.7586;308;105;98;0
2022;56;10;90;35;95;0.50;100000;113368;13.4;11.16;131;916.6;0.3015;79;0;79;52
2022;57;10;20;35;75;0.50;100000;113315;13.3;6.31;186;909.6;0.3468;129;0;129;57
2022;58;20;80;50;100;0.50;100000;113198;13.2;3.50;69;1253.4;0.3986;55;0;55;14
2022;59;10;55;60;25;0.50;100000;113032;13.0;3.78;237;1488.2;0.7511;356;119;118;0
2022;60;10;15;15;45;0.50;100000;112933;12.9;10.53;268;404.8;0.2743;147;0;147;121
2022;61;10;30;40;80;0.50;100000;112862;12.9;5.27;172;999.2;0.3634;125;0;125;47
2022;62;25;100;15;45;0.50;100000;112840;12.8;4.72;76;373.6;0.3026;46;0;46;30
2022;63;10;15;35;85;0.50;100000;112815;12.8;6.59;144;878.4;0.3229;93;0;93;51
2022;64;10;15;45;95;0.50;100000;112726;12.7;5.78;112;1103.2;0.3616;81;0;81;31
2022;65;10;15;40;95;0.50;100000;112622;12.6;4.48;114;980.4;0.3333;76;0;76;38
2022;66;10;60;65;100;0.50;100000;112541;12.5;2.00;105;1548.0;0.4429;93;0;93;12
2022;67;10;40;50;90;0.50;100000;112500;12.5;4.09;129;1199.4;0.3953;102;0;102;27
2022;68;10;20;35;60;0.50;100000;112422;12.4;4.86;229;844.4;0.3952;181;0;181;48
2022;69;10;95;35;85;0.50;100000;112355;12.4;5.14;131;846.6;0.3244;85;0;85;46
2022;70;10;55;35;20;0.50;100000;112350;12.3;6.14;345;832.0;0.6710;463;118;227;0
2022;71;10;30;35;60;0.50;100000;112335;12.3;8.43;249;841.4;0.3936;196;0;196;53
2022;72;10;35;50;95;0.50;100000;112327;12.3;5.18;127;1187.2;0.3819;97;0;97;30
2022;73;10;15;30;55;0.50;100000;112326;12.3;6.05;207;720.2;0.3816;158;0;158;49
2022;74;15;60;55;25;0.50;100000;112315;12.3;3.11;178;1290.8;0.7416;264;86;92;0
2022;75;10;45;25;70;0.50;100000;112303;12.3;16.54;228;630.8;0.2851;130;0;130;98
2022;76;10;15;35;70;0.50;100000;112303;12.3;6.06;175;840.0;0.3629;127;0;127;48
2022;77;20;75;55;25;0.50;100000;112284;12.3;2.60;112;1283.2;0.7679;172;60;52;0
2022;78;10;20;30;55;0.50;100000;112192;12.2;4.83;261;719.6;0.3774;197;0;197;64
2022;79;10;35;70;95;0.50;100000;112104;12.1;1.51;110;1606.0;0.4727;104;0;104;6
2022;80;10;15;50;100;0.50;100000;111983;12.0;5.04;104;1154.4;0.3750;78;0;78;26
2022;81;10;80;35;45;0.50;100000;111972;12.0;2.93;223;797.8;0.4686;209;0;209;14
2022;82;10;20;30;90;0.50;100000;111900;11.9;6.78;168;724.8;0.2738;92;0;92;76
2022;83;10;20;40;70;0.50;100000;111844;11.8;3.81;186;919.6;0.3925;146;0;146;40
2022;84;10;30;35;85;0.50;100000;111834;11.8;8.21;175;825.0;0.3171;111;0;111;64
2022;85;10;100;30;50;0.50;100000;111801;11.8;5.00;196;685.6;0.4056;159;0;159;37
2022;86;10;80;60;35;0.50;100000;111801;11.8;4.46;179;1354.4;0.6788;243;64;115;0
2022;87;10;55;40;50;0.50;100000;111791;11.8;2.31;251;898.6;0.4721;237;0;237;14
2022;88;15;40;30;65;0.50;100000;111756;11.8;8.29;162;693.2;0.3457;112;0;112;50
2022;89;10;25;80;60;0.50;100000;111541;11.5;1.95;140;1764.0;0.6214;174;34;106;0
2022;90;20;45;40;95;0.50;100000;111457;11.5;4.88;77;887.2;0.3442;53;0;53;24
2022;91;35;85;35;85;0.50;100000;111447;11.4;2.53;38;766.8;0.3816;29;0;29;9
2022;92;10;80;70;50;0.50;100000;111360;11.4;1.86;142;1521.2;0.6338;180;38;104;0
2022;93;10;65;40;95;0.50;100000;111336;11.3;7.37;130;893.0;0.3269;85;0;85;45
2022;94;10;60;35;70;0.50;100000;111314;11.3;5.48;192;781.2;0.3594;138;0;138;54
2022;95;10;15;40;65;0.50;100000;111308;11.3;4.48;175;875.0;0.4114;144;0;144;31
2022;96;10;15;40;60;0.50;100000;111299;11.3;3.97;192;871.2;0.4297;165;0;165;27
2022;97;10;35;25;65;0.50;100000;111295;11.3;10.88;260;586.0;0.2981;155;0;155;105
2022;98;10;30;30;85;0.50;100000;111268;11.3;8.75;191;692.6;0.2827;108;0;108;83
2022;99;10;40;40;65;0.50;100000;111227;11.2;6.14;215;874.0;0.4070;175;0;175;40
2022;100;10;60;55;25;0.50;100000;111214;11.2;4.02;245;1187.0;0.7265;356;111;134;0
2022;101;15;20;35;60;0.50;100000;111182;11.2;4.22;76;748.6;0.4276;65;0;65;11
2022;102;10;60;45;95;0.50;100000;111170;11.2;5.70;121;980.6;0.3554;86;0;86;35
2022;103;20;35;10;25;0.50;100000;111127;11.1;8.23;132;220.2;0.3295;87;0;87;45
2022;104;25;95;65;40;0.50;100000;111125;11.1;1.71;75;1380.0;0.7133;107;32;43;0
2022;105;15;80;45;95;0.50;100000;111080;11.1;4.49;89;965.4;0.3652;65;0;65;24
2022;106;10;15;30;70;0.50;100000;111050;11.0;8.05;183;663.8;0.3251;119;0;119;64
2022;107;20;60;35;15;0.50;100000;111044;11.0;2.32;136;739.6;0.7684;209;73;63;0
2022;108;10;35;35;70;0.50;100000;111014;11.0;8.15;204;764.4;0.3578;146;0;146;58
2022;109;10;35;35;55;0.50;100000;110945;10.9;5.72;258;748.8;0.4128;213;0;213;45
2022;110;10;65;25;75;0.50;100000;110928;10.9;10.06;201;568.6;0.2711;109;0;109;92
2022;111;15;60;50;25;0.50;100000;110924;10.9;3.86;179;1049.4;0.7151;256;77;102;0
2022;112;10;80;50;95;0.50;100000;110884;10.9;3.95;114;1055.4;0.3816;87;0;87;27
2022;113;10;20;40;65;0.50;100000;110882;10.9;5.14;205;848.0;0.4073;167;0;167;38
2022;114;10;40;80;25;0.50;100000;110878;10.9;2.64;231;1671.6;0.8030;371;140;91;0
2022;115;10;30;30;70;0.50;100000;110859;10.9;8.38;227;662.2;0.3216;146;0;146;81
2022;116;15;25;35;100;0.50;100000;110853;10.9;7.18;101;753.6;0.2921;59;0;59;42
2022;117;15;95;55;25;0.50;100000;110850;10.9;2.41;147;1144.2;0.7449;219;72;75;0
2022;118;10;20;40;60;0.50;100000;110778;10.8;5.43;217;836.2;0.4263;185;0;185;32
2022;119;20;45;50;100;0.50;100000;110749;10.7;3.13;80;1038.0;0.3812;61;0;61;19
2022;120;20;95;45;100;0.50;100000;110659;10.7;2.52;66;927.6;0.3636;48;0;48;18
2022;121;10;100;60;90;0.50;100000;110639;10.6;2.28;111;1224.6;0.4414;98;0;98;13
2022;122;20;75;35;95;0.50;100000;110619;10.6;6.20;79;729.4;0.3101;49;0;49;30
2022;123;15;25;15;45;0.50;100000;110613;10.6;10.83;192;331.2;0.2760;106;0;106;86
2022;124;10;45;35;65;0.50;100000;110611;10.6;6.48;211;734.6;0.3744;158;0;158;53
2022;125;10;55;30;20;0.50;100000;110597;10.6;7.21;358;618.8;0.6313;452;94;264;0
2022;126;15;55;60;25;0.50;100000;110574;10.6;2.80;165;1219.0;0.7576;250;85;80;0
2022;127;10;25;35;70;0.50;100000;110558;10.6;10.75;200;735.0;0.3575;143;0;143;57
2022;128;30;60;60;20;0.50;100000;110526;10.5;0.87;54;1204.4;0.8981;97;43;11;0
2022;129;10;15;40;70;0.50;100000;110441;10.4;6.03;167;816.2;0.3922;131;0;131;36
2022;130;15;85;40;80;0.50;100000;110441;10.4;5.64;105;813.0;0.3714;78;0;78;27
2022;131;15;70;65;50;0.50;100000;110429;10.4;1.75;124;1301.4;0.6169;153;29;95;0
2022;132;10;35;10;30;0.50;100000;110428;10.4;21.53;508;248.8;0.2736;278;0;278;230
2022;133;25;90;40;100;0.50;100000;110413;10.4;4.08;64;810.4;0.3359;43;0;43;21
2022;134;15;80;85;25;0.50;100000;110350;10.3;1.37;132;1685.2;0.8371;221;89;43;0
2022;135;20;60;65;15;0.50;100000;110327;10.3;2.03;126;1283.6;0.8849;223;97;29;0
2022;136;20;55;75;35;0.50;100000;110323;10.3;1.87;97;1484.2;0.7577;147;50;47;0
2022;137;10;80;55;100;0.50;100000;110315;10.3;7.40;107;1100.2;0.3925;84;0;84;23
2022;138;10;60;60;90;0.50;100000;110305;10.3;3.10;115;1189.0;0.4391;101;0;101;14
2022;139;10;30;40;55;0.50;100000;110239;10.2;4.99;261;794.6;0.4444;232;0;232;29
2022;140;15;80;20;35;0.50;100000;110239;10.2;4.25;171;400.6;0.3977;136;0;136;35
2022;141;30;60;55;20;0.50;100000;110168;10.2;0.83;51;1068.6;0.8824;90;39;12;0
2022;142;10;25;35;50;0.50;100000;110158;10.2;7.39;276;693.6;0.4348;240;0;240;36
2022;143;15;20;25;70;0.50;100000;110122;10.1;4.97;79;499.4;0.3038;48;0;48;31
2022;144;15;80;70;55;0.50;100000;110117;10.1;1.82;100;1360.0;0.6200;124;24;76;0
2022;145;10;15;25;65;0.50;100000;110096;10.1;12.16;200;520.0;0.3000;120;0;120;80
2022;146;15;50;45;100;0.50;100000;110063;10.1;4.33;95;887.0;0.3474;66;0;66;29
2022;147;10;55;40;20;0.50;100000;110008;10.0;4.98;328;780.8;0.6982;458;130;198;0
2022;148;15;35;30;80;0.50;100000;109964;10.0;7.59;146;605.6;0.2979;87;0;87;59
2022;149;20;90;40;100;0.50;100000;109926;9.9;5.06;73;777.8;0.3288;48;0;48;25
2022;150;10;60;35;90;0.50;100000;109911;9.9;10.55;146;700.6;0.3048;89;0;89;57
2022;151;10;95;25;60;0.50;100000;109894;9.9;7.58;187;503.2;0.3182;119;0;119;68
2022;152;15;70;60;95;0.50;100000;109889;9.9;4.11;94;1143.4;0.4309;81;0;81;13
2022;153;25;55;65;25;0.50;100000;109864;9.9;1.45;79;1229.4;0.8165;129;50;29;0
2022;154;15;80;75;25;0.50;100000;109858;9.9;1.90;128;1420.8;0.8125;208;80;48;0
2022;155;10;30;50;70;0.50;100000;109806;9.8;4.65;193;949.8;0.4430;171;0;171;22
2022;156;20;75;35;85;0.50;100000;109798;9.8;4.97;83;673.8;0.3313;55;0;55;28
2022;157;20;65;70;20;0.50;100000;109786;9.8;1.60;118;1314.8;0.8475;200;82;36;0
2022;158;20;45;60;100;0.50;100000;109763;9.8;2.51;79;1129.4;0.4241;67;0;67;12
2022;159;20;75;50;100;0.50;100000;109735;9.7;6.64;75;945.0;0.3800;57;0;57;18
2022;160;10;30;40;90;0.50;100000;109726;9.7;7.46;139;775.4;0.3345;93;0;93;46
2022;161;20;40;70;25;0.50;100000;109687;9.7;1.79;105;1303.0;0.8095;170;65;40;0
2022;162;15;50;40;90;0.50;100000;109650;9.7;6.73;112;763.2;0.3393;76;0;76;36
2022;163;10;15;40;80;0.50;100000;109648;9.6;5.69;141;762.6;0.3617;102;0;102;39
2022;164;25;65;70;30;0.50;100000;109634;9.6;1.38;75;1295.0;0.7933;119;44;31;0
2022;165;15;65;40;85;0.50;100000;109624;9.6;6.96;112;758.2;0.3527;79;0;79;33
2022;166;15;65;55;25;0.50;100000;109552;9.6;2.20;174;1016.4;0.7328;255;81;93;0
2022;167;30;60;80;20;0.50;100000;109544;9.5;0.89;56;1461.6;0.9375;105;49;7;0
2022;168;10;40;45;90;0.50;100000;109538;9.5;5.26;134;847.4;0.3619;97;0;97;37
2022;169;10;35;30;55;0.50;100000;109537;9.5;9.87;273;577.8;0.3736;204;0;204;69
2022;170;10;45;30;80;0.50;100000;109521;9.5;8.44;191;592.6;0.2932;112;0;112;79
2022;171;10;85;15;45;0.50;100000;109516;9.5;11.65;250;310.0;0.2720;136;0;136;114
2022;172;10;80;85;30;0.50;100000;109497;9.5;3.08;162;1558.2;0.7870;255;93;69;0
2022;173;25;55;70;25;0.50;100000;109480;9.5;1.49;79;1274.4;0.8291;131;52;27;0
2022;174;10;100;80;35;0.50;100000;109476;9.5;2.57;137;1463.2;0.7482;205;68;69;0
2022;175;10;80;80;30;0.50;100000;109470;9.5;2.09;162;1463.2;0.7747;251;89;73;0
2022;176;20;75;40;30;0.50;100000;109466;9.5;2.89;114;730.4;0.6272;143;29;85;0
2022;177;15;60;60;25;0.50;100000;109461;9.5;2.31;166;1097.6;0.7530;250;84;82;0
2022;178;15;20;30;60;0.50;100000;109405;9.4;4.36;79;549.4;0.3797;60;0;60;19
2022;179;10;50;20;45;0.50;100000;109370;9.4;13.60;317;396.2;0.3281;208;0;208;109
2022;180;20;65;45;30;0.50;100000;109369;9.4;3.01;115;814.0;0.6565;151;36;79;0
2022;181;25;60;55;25;0.50;100000;109338;9.3;1.61;73;987.8;0.7808;114;41;32;0
2022;182;10;90;35;20;0.50;100000;109323;9.3;4.90;263;636.8;0.6711;353;90;173;0
2022;183;15;70;50;90;0.50;100000;109304;9.3;3.85;96;905.6;0.3958;76;0;76;20
2022;184;25;80;95;35;0.50;100000;109290;9.3;2.27;74;1696.4;0.8243;122;48;26;0
2022;185;20;35;55;30;0.50;100000;109222;9.2;2.49;111;979.6;0.7072;157;46;65;0
2022;186;15;75;65;25;0.50;100000;109205;9.2;2.38;159;1157.4;0.7704;245;86;73;0
2022;187;15;55;15;35;0.50;100000;109186;9.2;9.40;225;285.0;0.3267;147;0;147;78
2022;188;10;30;45;75;0.50;100000;109156;9.2;6.04;171;810.6;0.4006;137;0;137;34
2022;189;10;20;45;75;0.50;100000;109156;9.2;5.89;171;810.6;0.4006;137;0;137;34
2022;190;10;20;50;80;0.50;100000;109147;9.1;5.14;154;894.4;0.4123;127;0;127;27
2022;191;10;75;50;95;0.50;100000;109134;9.1;3.44;107;895.2;0.3785;81;0;81;26
2022;192;15;75;65;95;0.50;100000;109133;9.1;1.65;96;1145.6;0.4479;86;0;86;10
2022;193;10;75;50;85;0.50;100000;109114;9.1;3.23;131;891.6;0.4008;105;0;105;26
2022;194;10;70;65;25;0.50;100000;109114;9.1;3.21;207;1150.2;0.7609;315;108;99;0
2022;195;10;55;40;100;0.50;100000;109106;9.1;7.12;120;732.0;0.3125;75;0;75;45
2022;196;10;75;70;45;0.50;100000;109089;9.1;4.19;158;1233.8;0.6487;205;47;111;0
2022;197;10;55;40;75;0.50;100000;109088;9.1;6.38;179;724.4;0.3715;133;0;133;46
2022;198;15;55;70;50;0.50;100000;109079;9.1;1.86;122;1229.2;0.6311;154;32;90;0
2022;199;30;80;50;90;0.50;100000;109047;9.0;2.76;48;872.8;0.4271;41;0;41;7
2022;200;20;60;50;20;0.50;100000;109042;9.0;3.41;126;873.6;0.7738;195;69;57;0
2022;201;15;25;50;90;0.50;100000;109032;9.0;4.09;99;881.4;0.3939;78;0;78;21
2022;202;20;100;85;35;0.50;100000;109012;9.0;1.31;88;1476.8;0.7841;138;50;38;0
2022;203;20;100;50;30;0.50;100000;108991;9.0;1.62;94;868.4;0.6915;130;36;58;0
2022;204;15;40;55;25;0.50;100000;108980;9.0;3.56;186;959.6;0.7285;271;85;101;0
2022;205;10;15;30;50;0.50;100000;108978;9.0;4.70;218;534.8;0.3991;174;0;174;44
2022;206;10;30;40;65;0.50;100000;108975;9.0;10.42;217;711.2;0.4032;175;0;175;42
2022;207;10;60;50;95;0.50;100000;108971;9.0;5.60;110;881.0;0.3773;83;0;83;27
2022;208;10;80;60;80;0.50;100000;108950;9.0;2.74;131;1036.6;0.4618;121;0;121;10
2022;209;25;65;95;20;0.50;100000;108947;8.9;1.10;87;1633.2;0.9138;159;72;15;0
2022;210;20;95;80;30;0.50;100000;108945;8.9;1.42;93;1379.8;0.8011;149;56;37;0
2022;211;10;75;15;40;0.50;100000;108937;8.9;9.27;278;290.8;0.2950;164;0;164;114
2022;212;25;95;80;35;0.50;100000;108930;8.9;1.08;67;1376.2;0.7910;106;39;28;0
2022;213;20;60;75;25;0.50;100000;108926;8.9;1.22;113;1291.8;0.8142;184;71;42;0
2022;214;25;55;75;25;0.50;100000;108919;8.9;1.70;80;1288.0;0.8375;134;54;26;0
2022;215;25;65;85;20;0.50;100000;108918;8.9;1.42;84;1457.4;0.8988;151;67;17;0
2022;216;20;35;50;30;0.50;100000;108906;8.9;2.52;113;861.8;0.6814;154;41;72;0
2022;217;15;90;30;45;0.50;100000;108906;8.9;3.53;143;519.8;0.4336;124;0;124;19
2022;218;20;95;45;25;0.50;100000;108896;8.9;2.84;111;774.6;0.7027;156;45;66;0
2022;219;15;65;60;100;0.50;100000;108886;8.9;2.93;89;1035.4;0.4157;74;0;74;15
2022;220;10;60;60;25;0.50;100000;108882;8.9;3.88;233;1038.8;0.7403;345;112;121;0
2022;221;15;60;75;50;0.50;100000;108857;8.9;3.66;117;1286.2;0.6496;152;35;82;0
2022;222;10;95;45;100;0.50;100000;108844;8.8;9.51;104;789.4;0.3413;71;0;71;33
2022;223;20;40;40;55;0.50;100000;108829;8.8;2.19;113;681.8;0.4602;104;0;104;9
2022;224;20;95;65;25;0.50;100000;108824;8.8;1.71;95;1107.0;0.7947;151;56;39;0
2022;225;10;100;20;45;0.50;100000;108813;8.8;6.87;222;364.2;0.3311;147;0;147;75
2022;226;20;100;65;45;0.50;100000;108800;8.8;2.29;82;1105.2;0.6585;108;26;56;0
2022;227;10;80;70;60;0.50;100000;108794;8.8;1.47;135;1191.0;0.5778;156;21;114;0
2022;228;10;30;60;90;0.50;100000;108788;8.8;2.57;125;1025.0;0.4320;108;0;108;17
2022;229;10;95;70;100;0.50;100000;108784;8.8;2.69;101;1188.6;0.4505;91;0;91;10
2022;230;10;25;40;100;0.50;100000;108782;8.8;6.84;134;712.4;0.3097;83;0;83;51
2022;231;15;65;60;95;0.50;100000;108777;8.8;3.40;95;1022.0;0.4263;81;0;81;14
2022;232;10;45;45;55;0.50;100000;108742;8.7;2.83;228;760.8;0.4737;216;0;216;12
2022;233;20;65;80;20;0.50;100000;108733;8.7;2.02;123;1347.8;0.8618;212;89;34;0
2022;234;30;65;45;20;0.50;100000;108716;8.7;1.56;60;756.0;0.8000;96;36;24;0
2022;235;20;85;50;95;0.50;100000;108700;8.7;3.65;76;848.6;0.3882;59;0;59;17
2022;236;10;35;30;75;0.50;100000;108688;8.7;10.85;210;546.0;0.3048;128;0;128;82
2022;237;10;35;40;70;0.50;100000;108672;8.7;5.09;205;693.0;0.3854;158;0;158;47
2022;238;10;70;70;50;0.50;100000;108667;8.7;2.46;158;1178.8;0.6203;196;38;120;0
2022;239;15;20;40;60;0.50;100000;108661;8.7;3.70;79;669.4;0.4494;71;0;71;8
2022;240;10;30;70;90;0.50;100000;108649;8.6;2.12;123;1167.8;0.4715;116;0;116;7
2022;241;30;60;75;20;0.50;100000;108648;8.6;0.88;52;1247.2;0.9231;96;44;8;0
2022;242;15;20;35;70;0.50;100000;108648;8.6;2.76;77;592.2;0.3766;58;0;58;19
2022;243;10;20;50;95;0.50;100000;108634;8.6;6.35;126;853.6;0.3730;94;0;94;32
2022;244;15;20;30;70;0.50;100000;108624;8.6;3.29;78;510.8;0.3397;53;0;53;25
2022;245;20;75;60;30;0.50;100000;108571;8.6;2.31;103;995.8;0.7282;150;47;56;0
2022;246;20;95;45;35;0.50;100000;108559;8.6;1.63;96;745.6;0.6198;119;23;73;0
2022;247;15;65;30;80;0.50;100000;108532;8.5;9.05;133;523.8;0.2970;79;0;79;54
2022;248;15;50;15;40;0.50;100000;108522;8.5;10.01;233;273.8;0.2961;138;0;138;95
2022;249;15;60;50;95;0.50;100000;108512;8.5;5.05;99;836.4;0.3788;75;0;75;24
2022;250;20;40;80;70;0.50;100000;108505;8.5;1.42;82;1315.2;0.5915;97;15;67;0
2022;251;35;100;40;95;0.50;100000;108499;8.5;2.87;35;661.0;0.3714;26;0;26;9
2022;252;10;25;40;75;0.50;100000;108486;8.5;8.36;188;681.8;0.3697;139;0;139;49
2022;253;25;35;15;35;0.50;100000;108479;8.5;3.61;51;248.6;0.3627;37;0;37;14
2022;254;20;25;70;25;0.50;100000;108470;8.5;0.83;45;1142.0;0.8778;79;34;11;0
2022;255;10;20;35;95;0.50;100000;108469;8.5;7.16;148;612.8;0.2905;86;0;86;62
2022;256;20;95;75;30;0.50;100000;108462;8.5;2.02;98;1227.8;0.7806;153;55;43;0
2022;257;20;50;95;30;0.50;100000;108452;8.5;1.24;99;1551.4;0.8283;164;65;34;0
2022;258;15;70;55;90;0.50;100000;108451;8.5;3.99;96;905.6;0.4167;80;0;80;16
2022;259;40;95;35;85;0.50;100000;108432;8.4;3.52;39;575.4;0.3590;28;0;28;11
2022;260;40;80;10;30;0.50;100000;108417;8.4;6.75;39;165.4;0.3205;25;0;25;14
2022;261;20;65;55;100;0.50;100000;108406;8.4;5.50;74;901.4;0.3986;59;0;59;15
2022;262;25;60;55;35;0.50;100000;108353;8.4;1.47;72;889.2;0.6875;99;27;45;0
2022;263;35;95;20;60;0.50;100000;108332;8.3;4.80;50;330.0;0.3000;30;0;30;20
2022;264;10;45;40;65;0.50;100000;108317;8.3;6.24;206;661.6;0.4029;166;0;166;40
2022;265;20;55;65;25;0.50;100000;108315;8.3;2.43;116;1047.6;0.7802;181;65;51;0
2022;266;25;40;90;50;0.50;100000;108285;8.3;1.64;43;1439.8;0.7674;66;23;20;0
2022;267;15;60;55;100;0.50;100000;108280;8.3;4.59;88;891.8;0.3920;69;0;69;19
2022;268;10;60;45;100;0.50;100000;108279;8.3;7.39;114;745.4;0.3377;77;0;77;37
2022;269;15;70;55;95;0.50;100000;108275;8.3;3.47;93;889.8;0.4032;75;0;75;18
2022;270;20;85;55;25;0.50;100000;108251;8.3;3.01;107;880.2;0.7477;160;53;54;0
2022;271;10;60;25;75;0.50;100000;108229;8.2;12.07;215;449.0;0.2674;115;0;115;100
2022;272;10;35;95;20;0.50;100000;108218;8.2;2.48;224;1516.4;0.8616;386;162;62;0
2022;273;15;90;35;100;0.50;100000;108211;8.2;6.78;109;587.4;0.2844;62;0;62;47
2022;274;15;50;40;65;0.50;100000;108210;8.2;5.45;152;647.2;0.4079;124;0;124;28
2022;275;20;60;50;30;0.50;100000;108208;8.2;2.04;116;797.6;0.6767;157;41;75;0
2022;276;25;65;45;20;0.50;100000;108205;8.2;3.18;96;715.6;0.7604;146;50;46;0
2022;277;15;20;10;30;0.50;100000;108202;8.2;9.28;95;167.0;0.2895;55;0;55;40
2022;278;15;20;35;65;0.50;100000;108180;8.2;2.63;72;559.2;0.3958;57;0;57;15
2022;279;15;90;45;20;0.50;100000;108166;8.2;4.59;160;716.0;0.7375;236;76;84;0
2022;280;20;60;45;20;0.50;100000;108158;8.2;2.61;133;713.8;0.7444;198;65;68;0
2022;281;20;55;65;35;0.50;100000;108152;8.2;2.37;101;1028.6;0.7079;143;42;59;0
2022;282;10;45;40;100;0.50;100000;108152;8.2;5.89;126;663.6;0.3095;78;0;78;48
2022;283;10;15;45;85;0.50;100000;108143;8.1;4.65;130;728.0;0.3731;97;0;97;33
2022;284;10;60;55;90;0.50;100000;108113;8.1;3.80;121;875.6;0.4091;99;0;99;22
2022;285;10;65;55;20;0.50;100000;108101;8.1;2.53;248;872.8;0.7661;380;132;116;0
2022;286;20;55;40;25;0.50;100000;108101;8.1;2.79;128;630.8;0.6641;170;42;86;0
2022;287;15;70;35;85;0.50;100000;108092;8.1;5.29;113;571.8;0.3186;72;0;72;41
2022;288;10;70;60;50;0.50;100000;108090;8.1;2.56;168;944.8;0.5774;194;26;142;0
2022;289;15;35;95;40;0.50;100000;108086;8.1;2.15;110;1491.0;0.7591;167;57;53;0
2022;290;20;75;35;100;0.50;100000;108083;8.1;5.60;79;569.4;0.2911;46;0;46;33
2022;291;25;40;60;25;0.50;100000;108076;8.1;1.31;56;936.6;0.8125;91;35;21;0
2022;292;15;40;20;45;0.50;100000;108074;8.1;8.29;207;335.2;0.3309;137;0;137;70
2022;293;15;60;45;25;0.50;100000;108049;8.0;3.34;173;707.8;0.6821;236;63;110;0
2022;294;25;80;100;35;0.50;100000;108048;8.0;1.49;64;1555.4;0.8359;107;43;21;0
2022;295;25;100;60;35;0.50;100000;108027;8.0;1.47;69;933.4;0.7101;98;29;40;0
2022;296;10;90;40;90;0.50;100000;107997;8.0;8.94;131;646.6;0.3321;87;0;87;44
2022;297;15;40;30;75;0.50;100000;107979;8.0;7.21;151;493.6;0.3079;93;0;93;58
2022;298;15;30;35;80;0.50;100000;107970;8.0;8.41;129;564.4;0.3295;85;0;85;44
2022;299;25;40;100;35;0.50;100000;107962;8.0;1.82;48;1537.8;0.8646;83;35;13;0
2022;300;25;65;65;20;0.50;100000;107956;8.0;1.57;92;1001.2;0.8370;154;62;30;0
2022;301;30;100;25;70;0.50;100000;107955;8.0;6.49;57;395.2;0.3070;35;0;35;22
2022;302;10;60;40;90;0.50;100000;107954;8.0;7.50;139;645.4;0.3309;92;0;92;47
2022;303;30;60;90;20;0.50;100000;107953;8.0;0.90;50;1380.0;0.9500;95;45;5;0
2022;304;15;30;35;55;0.50;100000;107948;7.9;5.40;165;549.0;0.4152;137;0;137;28
2022;305;10;40;45;70;0.50;100000;107938;7.9;5.68;181;706.6;0.4144;150;0;150;31
2022;306;15;60;55;95;0.50;100000;107932;7.9;4.72;96;855.6;0.4010;77;0;77;19
2022;307;20;55;65;20;0.50;100000;107927;7.9;3.21;125;1000.0;0.8200;205;80;45;0
2022;308;10;35;40;95;0.50;100000;107926;7.9;6.55;138;646.8;0.3188;88;0;88;50
2022;309;10;40;55;25;0.50;100000;107901;7.9;4.77;281;856.6;0.7153;402;121;160;0
2022;310;10;30;25;65;0.50;100000;107898;7.9;16.18;263;431.8;0.2947;155;0;155;108
2022;311;20;55;75;25;0.50;100000;107896;7.9;1.60;108;1148.8;0.8102;175;67;41;0
2022;312;15;100;65;80;0.50;100000;107883;7.9;1.69;94;988.4;0.4894;92;0;92;2
2022;313;15;50;80;65;0.50;100000;107876;7.9;2.22;111;1224.6;0.5946;132;21;90;0
2022;314;10;35;50;100;0.50;100000;107872;7.9;6.50;118;784.8;0.3602;85;0;85;33
2022;315;30;100;40;100;0.50;100000;107871;7.9;3.38;44;618.4;0.3409;30;0;30;14
2022;316;20;60;60;20;0.50;100000;107865;7.9;2.21;117;916.2;0.8077;189;72;45;0
2022;317;10;65;45;85;0.50;100000;107859;7.9;5.61;126;703.6;0.3730;94;0;94;32
2022;318;25;65;90;20;0.50;100000;107858;7.9;1.98;81;1366.6;0.9012;146;65;16;0
2022;319;25;70;15;45;0.50;100000;107855;7.9;8.06;86;239.6;0.2849;49;0;49;37
2022;320;15;25;35;90;0.50;100000;107839;7.8;6.78;106;556.6;0.3066;65;0;65;41
2022;321;10;40;60;95;0.50;100000;107813;7.8;3.03;115;919.0;0.4174;96;0;96;19
2022;322;15;70;55;15;0.50;100000;107811;7.8;2.91;181;836.6;0.8287;300;119;62;0
2022;323;20;55;85;35;0.50;100000;107804;7.8;2.49;101;1288.6;0.7673;155;54;47;0
2022;324;15;20;40;70;0.50;100000;107787;7.8;3.57;79;609.4;0.4051;64;0;64;15
2022;325;15;60;70;45;0.50;100000;107780;7.8;2.42;134;1062.4;0.6493;174;40;94;0
2022;326;10;35;40;75;0.50;100000;107779;7.8;6.59;183;628.8;0.3689;135;0;135;48
2022;327;15;80;80;30;0.50;100000;107771;7.8;3.23;122;1209.2;0.7787;190;68;54;0
2022;328;10;70;60;40;0.50;100000;107767;7.8;2.73;177;912.2;0.6328;224;47;130;0
2022;329;15;80;60;15;0.50;100000;107754;7.8;2.39;168;904.8;0.8452;284;116;52;0
2022;330;15;50;30;60;0.50;100000;107744;7.7;9.44;177;472.2;0.3559;126;0;126;51
2022;331;45;85;40;85;0.50;100000;107736;7.7;3.98;31;601.6;0.4032;25;0;25;6
2022;332;30;100;30;90;0.50;100000;107728;7.7;3.70;55;463.0;0.2909;32;0;32;23
2022;333;40;95;10;25;0.50;100000;107704;7.7;3.42;42;151.2;0.3571;30;0;30;12
2022;334;10;80;65;45;0.50;100000;107701;7.7;4.20;165;979.0;0.6242;206;41;124;0
2022;335;15;55;50;25;0.50;100000;107697;7.7;4.20;176;753.6;0.7045;248;72;104;0
2022;336;15;40;30;90;0.50;100000;107685;7.7;8.53;127;482.2;0.2717;69;0;69;58
2022;337;25;65;100;20;0.50;100000;107683;7.7;1.61;82;1485.2;0.9146;150;68;14;0
2022;338;10;80;40;95;0.50;100000;107680;7.7;7.62;125;625.0;0.3200;80;0;80;45
2022;339;25;65;80;15;0.50;100000;107674;7.7;1.15;88;1186.8;0.9205;162;74;14;0
2022;340;25;60;55;30;0.50;100000;107670;7.7;1.83;72;819.2;0.7222;104;32;40;0
2022;341;25;90;65;45;0.50;100000;107664;7.7;3.09;73;967.8;0.6575;96;23;50;0
2022;342;30;60;55;25;0.50;100000;107656;7.7;1.35;53;815.8;0.7925;84;31;22;0
2022;343;25;80;75;50;0.50;100000;107646;7.6;1.72;62;1113.2;0.6774;84;22;40;0
2022;344;20;70;60;30;0.50;100000;107641;7.6;1.94;112;893.2;0.7188;161;49;63;0
2022;345;20;60;80;20;0.50;100000;107641;7.6;2.02;124;1186.4;0.8548;212;88;36;0
2022;346;20;55;75;30;0.50;100000;107631;7.6;1.73;105;1113.0;0.7714;162;57;48;0
2022;347;20;70;80;45;0.50;100000;107630;7.6;1.98;91;1187.6;0.6978;127;36;55;0
2022;348;20;30;60;25;0.50;100000;107626;7.6;2.30;90;889.0;0.7722;139;49;41;0
2022;349;10;30;100;20;0.50;100000;107621;7.6;2.45;225;1485.0;0.8667;390;165;60;0
2022;350;10;80;75;35;0.50;100000;107619;7.6;3.44;159;1117.4;0.7201;229;70;89;0
2022;351;10;80;50;100;0.50;100000;107616;7.6;7.00;102;757.2;0.3627;74;0;74;28
2022;352;20;70;60;25;0.50;100000;107615;7.6;2.61;118;889.8;0.7585;179;61;57;0
2022;353;10;65;65;40;0.50;100000;107597;7.6;3.38;190;969.0;0.6500;247;57;133;0
2022;354;10;35;30;80;0.50;100000;107594;7.6;15.56;207;490.2;0.2899;120;0;120;87
2022;355;10;75;30;40;0.50;100000;107594;7.6;4.55;272;449.2;0.4504;245;0;245;27
2022;356;10;95;85;30;0.50;100000;107591;7.6;2.44;151;1258.6;0.7815;236;85;66;0
2022;357;20;60;60;80;0.50;100000;107580;7.6;1.75;85;881.0;0.4706;80;0;80;5
2022;358;15;20;25;60;0.50;100000;107563;7.6;4.89;77;377.2;0.3312;51;0;51;26
2022;359;25;40;95;50;0.50;100000;107560;7.6;1.47;45;1392.0;0.7667;69;24;21;0
2022;360;10;95;60;20;0.50;100000;107560;7.6;2.11;222;889.2;0.7838;348;126;96;0
2022;361;15;80;55;25;0.50;100000;107560;7.6;3.03;155;813.0;0.7290;226;71;84;0
2022;362;15;70;65;95;0.50;100000;107557;7.6;4.39;95;957.0;0.4421;84;0;84;11
2022;363;10;75;75;50;0.50;100000;107553;7.6;4.16;138;1106.8;0.6377;176;38;100;0
2022;364;20;85;55;100;0.50;100000;107551;7.6;4.43;72;814.2;0.3958;57;0;57;15
2022;365;25;55;40;25;0.50;100000;107534;7.5;2.36;95;587.0;0.6737;128;33;62;0
2022;366;10;70;65;80;0.50;100000;107529;7.5;2.39;123;947.8;0.4797;118;0;118;5
2022;367;25;95;50;15;0.50;100000;107510;7.5;1.62;80;728.0;0.8500;136;56;24;0
2022;368;20;60;75;35;0.50;100000;107509;7.5;3.07;109;1097.4;0.7339;160;51;58;0
2022;369;10;25;35;60;0.50;100000;107509;7.5;6.98;240;534.0;0.3875;186;0;186;54
2022;370;20;40;95;25;0.50;100000;107501;7.5;1.34;105;1383.0;0.8524;179;74;31;0
2022;371;20;50;95;65;0.50;100000;107500;7.5;1.47;68;1384.8;0.6618;90;22;46;0
2022;372;25;60;35;15;0.50;100000;107490;7.5;2.52;86;509.6;0.7733;133;47;39;0
2022;373;25;65;60;20;0.50;100000;107489;7.5;1.56;91;872.6;0.8187;149;58;33;0
2022;374;15;70;35;95;0.50;100000;107485;7.5;9.04;109;537.4;0.2936;64;0;64;45
2022;375;25;55;40;30;0.50;100000;107482;7.5;1.64;84;582.4;0.6310;106;22;62;0
2022;376;15;65;65;40;0.50;100000;107462;7.5;2.70;147;949.2;0.6565;193;46;101;0
2022;377;10;45;40;90;0.50;100000;107462;7.5;9.57;149;611.4;0.3289;98;0;98;51
2022;378;20;85;50;35;0.50;100000;107452;7.5;2.07;106;726.6;0.6368;135;29;77;0
2022;379;10;35;35;50;0.50;100000;107446;7.4;6.04;282;520.2;0.4309;243;0;243;39
2022;380;30;95;65;45;0.50;100000;107443;7.4;2.77;64;940.4;0.6641;85;21;43;0
2022;381;30;60;55;35;0.50;100000;107440;7.4;1.08;47;794.2;0.7128;67;20;27;0
2022;382;10;40;40;20;0.50;100000;107437;7.4;8.30;362;593.2;0.6920;501;139;223;0
2022;383;15;30;40;95;0.50;100000;107434;7.4;6.80;112;603.2;0.3214;72;0;72;40
2022;384;10;45;40;60;0.50;100000;107431;7.4;4.14;220;592.0;0.4205;185;0;185;35
2022;385;30;60;60;25;0.50;100000;107424;7.4;1.41;51;863.6;0.8137;83;32;19;0
2022;386;10;45;20;55;0.50;100000;107419;7.4;16.88;298;337.8;0.2836;169;0;169;129
2022;387;20;70;65;35;0.50;100000;107416;7.4;4.43;107;940.2;0.7009;150;43;64;0
2022;388;25;55;60;25;0.50;100000;107416;7.4;1.41;72;864.2;0.7847;113;41;31;0
2022;389;15;40;45;95;0.50;100000;107393;7.4;4.33;103;665.8;0.3495;72;0;72;31
2022;390;20;70;40;100;0.50;100000;107381;7.4;6.43;89;595.4;0.3146;56;0;56;33
2022;391;15;80;95;30;0.50;100000;107378;7.4;2.35;115;1364.0;0.8130;187;72;43;0
2022;392;20;55;55;35;0.50;100000;107376;7.4;2.20;106;791.6;0.6604;140;34;72;0
2022;393;15;70;40;100;0.50;100000;107370;7.4;7.65;113;601.8;0.3097;70;0;70;43
2022;394;40;90;15;30;0.50;100000;107367;7.4;3.32;39;215.4;0.4103;32;0;32;7
2022;395;20;90;65;15;0.50;100000;107362;7.4;2.07;108;928.8;0.8750;189;81;27;0
2022;396;40;85;50;90;0.50;100000;107354;7.4;3.13;33;713.8;0.4394;29;0;29;4
2022;397;10;25;50;100;0.50;100000;107350;7.3;5.73;117;736.2;0.3590;84;0;84;33
2022;398;40;100;25;65;0.50;100000;107348;7.3;2.55;35;361.0;0.3429;24;0;24;11
2022;399;20;60;85;25;0.50;100000;107347;7.3;1.93;111;1214.6;0.8288;184;73;38;0
2022;400;20;95;45;30;0.50;100000;107346;7.3;2.64;107;645.2;0.6495;139;32;75;0
2022;401;15;100;65;85;0.50;100000;107346;7.3;1.51;82;925.2;0.4756;78;0;78;4
2022;402;20;55;45;35;0.50;100000;107325;7.3;2.38;119;643.4;0.6050;144;25;94;0
2022;403;10;65;65;20;0.50;100000;107324;7.3;3.24;229;934.4;0.7969;365;136;93;0
2022;404;15;100;70;25;0.50;100000;107292;7.3;1.80;128;995.8;0.7852;201;73;55;0
2022;405;25;60;70;25;0.50;100000;107289;7.3;2.13;81;991.6;0.8086;131;50;31;0
2022;406;20;75;85;25;0.50;100000;107287;7.3;1.65;104;1204.4;0.8317;173;69;35;0
2022;407;25;40;95;45;0.50;100000;107278;7.3;1.38;42;1341.2;0.7976;67;25;17;0
2022;408;10;65;40;75;0.50;100000;107274;7.3;6.12;175;590.0;0.3686;129;0;129;46
2022;409;15;80;40;90;0.50;100000;107271;7.3;4.66;103;585.8;0.3350;69;0;69;34
2022;410;15;80;45;25;0.50;100000;107268;7.3;2.95;163;641.8;0.6810;222;59;104;0
2022;411;10;60;60;100;0.50;100000;107267;7.3;4.52;101;858.6;0.4059;82;0;82;19
2022;412;10;100;60;100;0.50;100000;107267;7.3;3.18;101;858.6;0.4059;82;0;82;19
2022;413;10;35;45;100;0.50;100000;107258;7.3;8.41;126;663.6;0.3333;84;0;84;42
2022;414;10;75;55;100;0.50;100000;107240;7.2;3.77;107;790.2;0.3832;82;0;82;25
2022;415;40;90;65;40;0.50;100000;107238;7.2;0.91;37;913.2;0.7432;55;18;19;0
2022;416;15;95;60;35;0.50;100000;107233;7.2;1.73;119;848.4;0.6765;161;42;77;0
2022;417;25;80;75;20;0.50;100000;107227;7.2;1.12;74;1051.4;0.8716;129;55;19;0
2022;418;20;50;95;60;0.50;100000;107223;7.2;2.02;74;1336.4;0.6757;100;26;48;0
2022;419;15;80;45;90;0.50;100000;107218;7.2;6.47;86;644.6;0.3663;63;0;63;23
2022;420;10;80;60;15;0.50;100000;107217;7.2;3.30;271;850.6;0.8303;450;179;92;0
2022;421;35;75;25;60;0.50;100000;107214;7.2;5.87;46;355.6;0.3478;32;0;32;14
2022;422;25;80;85;25;0.50;100000;107209;7.2;1.30;72;1189.2;0.8542;123;51;21;0
2022;423;15;25;70;90;0.50;100000;107207;7.2;1.94;87;978.2;0.4770;83;0;83;4
2022;424;20;40;75;25;0.50;100000;107200;7.2;2.89;106;1051.6;0.8066;171;65;41;0
2022;425;20;30;60;20;0.50;100000;107197;7.2;2.40;86;839.6;0.8198;141;55;31;0
2022;426;20;95;20;30;0.50;100000;107192;7.2;4.37;120;282.0;0.4375;105;0;105;15
2022;427;20;30;90;25;0.50;100000;107185;7.2;2.06;85;1256.0;0.8529;145;60;25;0
2022;428;10;35;55;100;0.50;100000;107178;7.2;5.98;114;785.4;0.3816;87;0;87;27
2022;429;15;40;55;95;0.50;100000;107178;7.2;5.05;94;778.4;0.3989;75;0;75;19
2022;430;10;20;50;90;0.50;100000;107177;7.2;6.87;131;716.6;0.3817;100;0;100;31
2022;431;25;40;85;35;0.50;100000;107176;7.2;2.29;54;1184.4;0.8056;87;33;21;0
2022;432;25;65;35;15;0.50;100000;107158;7.2;2.62;101;488.6;0.7624;154;53;48;0
2022;433;25;60;65;25;0.50;100000;107148;7.1;1.77;76;903.6;0.7961;121;45;31;0
2022;434;15;40;40;55;0.50;100000;107147;7.1;3.35;160;561.0;0.4469;143;0;143;17
2022;435;20;35;15;30;0.50;100000;107144;7.1;4.33;135;216.0;0.3667;99;0;99;36
2022;436;20;25;75;25;0.50;100000;107142;7.1;0.84;44;1038.4;0.8750;77;33;11;0
2022;437;20;40;100;25;0.50;100000;107142;7.1;1.64;98;1387.8;0.8622;169;71;27;0
2022;438;15;55;85;30;0.50;100000;107133;7.1;2.43;136;1184.6;0.7831;213;77;59;0
2022;439;10;90;60;90;0.50;100000;107129;7.1;3.33;108;838.8;0.4306;93;0;93;15
2022;440;20;50;90;25;0.50;100000;107121;7.1;1.33;99;1246.4;0.8434;167;68;31;0
2022;441;20;40;90;25;0.50;100000;107121;7.1;1.96;99;1246.4;0.8434;167;68;31;0
2022;442;15;35;35;70;0.50;100000;107118;7.1;5.16;140;504.0;0.3571;100;0;100;40
2022;443;10;80;45;95;0.50;100000;107117;7.1;5.30;117;646.2;0.3462;81;0;81;36
2022;444;25;85;40;25;0.50;100000;107115;7.1;2.13;89;555.4;0.6742;120;31;58;0
2022;445;10;75;35;50;0.50;100000;107109;7.1;5.58;205;493.0;0.4341;178;0;178;27
2022;446;10;50;35;55;0.50;100000;107105;7.1;9.54;235;501.0;0.4085;192;0;192;43
2022;447;25;90;45;30;0.50;100000;107105;7.1;1.59;90;624.0;0.6556;118;28;62;0
2022;448;25;80;80;50;0.50;100000;107103;7.1;2.25;60;1106.0;0.6917;83;23;37;0
2022;449;20;60;70;20;0.50;100000;107099;7.1;2.23;109;967.4;0.8349;182;73;36;0
2022;450;25;80;85;30;0.50;100000;107097;7.1;3.09;73;1172.8;0.8151;119;46;27;0
2022;451;20;80;40;30;0.50;100000;107095;7.1;2.04;111;554.6;0.6171;137;26;85;0
2022;452;25;75;85;40;0.50;100000;107093;7.1;1.94;69;1173.4;0.7536;104;35;34;0
2022;453;25;55;30;15;0.50;100000;107088;7.1;2.20;79;414.4;0.7405;117;38;41;0
2022;454;10;35;55;95;0.50;100000;107086;7.1;5.35;125;775.0;0.3920;98;0;98;27
2022;455;10;60;55;70;0.50;100000;107083;7.1;3.73;157;760.2;0.4650;146;0;146;11
2022;456;20;60;50;25;0.50;100000;107077;7.1;2.97;113;691.8;0.7168;162;49;64;0
2022;457;25;40;55;25;0.50;100000;107068;7.1;1.35;60;756.0;0.7750;93;33;27;0
2022;458;15;25;30;90;0.50;100000;107067;7.1;9.15;112;443.2;0.2723;61;0;61;51
2022;459;15;90;40;100;0.50;100000;107062;7.1;7.93;103;575.8;0.3107;64;0;64;39
2022;460;15;50;80;45;0.50;100000;107061;7.1;3.00;131;1106.6;0.6794;178;47;84;0
2022;461;25;100;45;35;0.50;100000;107061;7.1;1.51;79;619.4;0.6203;98;19;60;0
2022;462;20;85;40;30;0.50;100000;107059;7.1;1.78;99;551.4;0.6212;123;24;75;0
2022;463;10;75;45;95;0.50;100000;107057;7.1;6.45;114;640.4;0.3465;79;0;79;35
2022;464;20;35;45;35;0.50;100000;107053;7.1;2.13;121;620.6;0.6033;146;25;96;0
2022;465;15;100;60;95;0.50;100000;107049;7.0;4.98;80;828.0;0.4250;68;0;68;12
2022;466;20;70;55;25;0.50;100000;107046;7.0;2.86;116;757.6;0.7371;171;55;61;0
2022;467;20;60;70;30;0.50;100000;107044;7.0;2.82;112;963.2;0.7500;168;56;56;0
2022;468;20;100;70;25;0.50;100000;107043;7.0;2.11;96;960.6;0.7969;153;57;39;0
2022;469;15;20;10;25;0.50;100000;107033;7.0;9.46;98;142.8;0.3265;64;0;64;34
2022;470;10;85;65;95;0.50;100000;107027;7.0;3.07;104;894.4;0.4375;91;0;91;13
2022;471;20;55;80;20;0.50;100000;107019;7.0;2.49;119;1093.4;0.8529;203;84;35;0
2022;472;10;50;85;30;0.50;100000;107017;7.0;4.90;175;1170.0;0.7743;271;96;79;0
2022;473;10;70;35;75;0.50;100000;107012;7.0;8.21;167;506.2;0.3383;113;0;113;54
2022;474;10;75;70;40;0.50;100000;107007;7.0;3.48;148;962.8;0.6723;199;51;97;0
2022;475;20;85;35;10;0.50;100000;107001;7.0;2.68;137;478.2;0.8321;228;91;46;0
2022;476;30;85;100;30;0.50;100000;106995;7.0;1.40;52;1357.2;0.8750;91;39;13;0
2022;477;10;15;35;50;0.50;100000;106992;7.0;3.39;217;486.2;0.4332;188;0;188;29
2022;478;25;75;85;45;0.50;100000;106986;7.0;1.92;60;1156.0;0.7333;88;28;32;0
2022;479;20;35;65;20;0.50;100000;106981;7.0;2.34;111;884.6;0.8198;182;71;40;0
2022;480;20;100;75;25;0.50;100000;106981;7.0;1.94;93;1019.8;0.8118;151;58;35;0
2022;481;20;70;55;30;0.50;100000;106980;7.0;2.02;110;751.0;0.6955;153;43;67;0
2022;482;30;80;95;25;0.50;100000;106968;7.0;1.49;61;1284.6;0.8852;108;47;14;0
2022;483;15;40;35;90;0.50;100000;106967;7.0;6.58;119;503.4;0.3025;72;0;72;47
2022;484;25;80;90;30;0.50;100000;106966;7.0;2.24;72;1219.2;0.8264;119;47;25;0
2022;485;25;65;65;40;0.50;100000;106960;7.0;2.53;70;882.0;0.6857;96;26;44;0
2022;486;20;75;35;10;0.50;100000;106958;7.0;3.93;132;475.2;0.8333;220;88;44;0
2022;487;15;65;55;20;0.50;100000;106955;7.0;5.57;171;750.6;0.7719;264;93;78;0
2022;488;25;40;95;35;0.50;100000;106945;6.9;1.78;49;1281.4;0.8367;82;33;16;0
2022;489;25;40;65;35;0.50;100000;106944;6.9;1.94;58;878.8;0.7328;85;27;31;0
2022;490;15;60;60;90;0.50;100000;106943;6.9;2.99;102;817.2;0.4314;88;0;88;14
2022;491;20;30;85;25;0.50;100000;106942;6.9;2.44;87;1148.2;0.8391;146;59;28;0
2022;492;15;80;70;50;0.50;100000;106941;6.9;2.80;107;950.2;0.6262;134;27;80;0
2022;493;25;60;60;80;0.50;100000;106937;6.9;1.90;66;807.6;0.4773;63;0;63;3
2022;494;20;60;80;25;0.50;100000;106932;6.9;2.24;113;1081.8;0.8142;184;71;42;0
2022;495;10;95;65;100;0.50;100000;106932;6.9;2.94;100;885.0;0.4250;85;0;85;15
2022;496;25;60;60;20;0.50;100000;106932;6.9;1.65;79;809.4;0.8228;130;51;28;0
2022;497;10;35;45;70;0.50;100000;106928;6.9;4.21;197;624.2;0.4112;162;0;162;35
2022;498;30;90;40;95;0.50;100000;106925;6.9;3.60;48;547.8;0.3438;33;0;33;15
2022;499;10;50;40;25;0.50;100000;106925;6.9;6.64;323;552.8;0.6393;413;90;233;0
2022;500;25;65;70;35;0.50;100000;106924;6.9;2.05;75;945.0;0.7333;110;35;40;0
2023;1;10;20;25;65;0.50;100000;127109;27.1;7.52;139;1225.4;0.3345;93;0;93;46
2023;2;10;30;25;70;0.50;100000;123899;23.9;6.15;132;1100.2;0.3144;83;0;83;49
2023;3;10;25;25;65;0.50;100000;123853;23.9;9.67;145;1097.0;0.3276;95;0;95;50
2023;4;10;75;15;35;0.50;100000;123525;23.5;6.09;172;649.2;0.3517;121;0;121;51
2023;5;15;20;15;45;0.50;100000;122877;22.9;6.40;66;627.6;0.3409;45;0;45;21
2023;6;10;20;25;70;0.50;100000;121766;21.8;9.31;130;1013.0;0.3115;81;0;81;49
2023;7;10;50;25;65;0.50;100000;121698;21.7;5.55;131;1006.6;0.3282;86;0;86;45
2023;8;10;90;40;95;0.50;100000;121287;21.3;7.13;77;1562.2;0.3766;58;0;58;19
2023;9;15;40;30;85;0.50;100000;120627;20.6;3.35;75;1145.0;0.3333;50;0;50;25
2023;10;10;30;20;50;0.50;100000;120420;20.4;6.38;186;769.6;0.3253;121;0;121;65
2023;11;10;50;25;75;0.50;100000;119856;19.9;5.52;118;934.8;0.2966;70;0;70;48
2023;12;10;20;25;75;0.50;100000;119540;19.5;8.19;126;923.6;0.2937;74;0;74;52
2023;13;20;45;15;40;0.50;100000;119536;19.5;5.13;79;544.4;0.3481;55;0;55;24
2023;14;10;25;30;75;0.50;100000;119492;19.5;9.48;119;1093.4;0.3361;80;0;80;39
2023;15;10;55;30;70;0.50;100000;119099;19.1;4.52;121;1070.6;0.3512;85;0;85;36
2023;16;10;40;30;80;0.50;100000;118724;18.7;5.86;110;1056.0;0.3227;71;0;71;39
2023;17;10;25;20;60;0.50;100000;118587;18.6;8.97;149;711.4;0.2886;86;0;86;63
2023;18;10;95;40;95;0.50;100000;118510;18.5;3.56;71;1375.6;0.3732;53;0;53;18
2023;19;10;25;25;70;0.50;100000;118049;18.0;8.33;133;858.8;0.3045;81;0;81;52
2023;20;10;25;25;60;0.50;100000;117394;17.4;5.29;146;825.6;0.3356;98;0;98;48
2023;21;10;25;35;75;0.50;100000;117247;17.2;5.48;112;1133.2;0.3705;83;0;83;29
2023;22;10;90;30;85;0.50;100000;117025;17.0;4.92;91;967.6;0.3132;57;0;57;34
2023;23;10;100;15;30;0.50;100000;116575;16.6;4.60;147;469.2;0.3844;113;0;113;34
2023;24;15;50;15;45;0.50;100000;116502;16.5;8.93;111;474.6;0.2973;66;0;66;45
2023;25;20;75;15;45;0.50;100000;116338;16.3;4.92;75;465.0;0.3133;47;0;47;28
2023;26;10;50;15;40;0.50;100000;116319;16.3;12.40;195;477.0;0.3077;120;0;120;75
2023;27;15;20;20;45;0.50;100000;116165;16.2;4.01;67;606.2;0.3881;52;0;52;15
2023;28;10;65;35;80;0.50;100000;116120;16.1;4.30;93;1064.8;0.3602;67;0;67;26
2023;29;10;15;40;80;0.50;100000;115955;16.0;4.04;87;1198.2;0.3966;69;0;69;18
2023;30;10;25;30;70;0.50;100000;115928;15.9;5.02;122;909.2;0.3443;84;0;84;38
2023;31;10;35;35;90;0.50;100000;115863;15.9;5.26;99;1056.4;0.3283;65;0;65;34
2023;32;10;25;40;90;0.50;100000;115495;15.5;3.74;91;1172.6;0.3626;66;0;66;25
2023;33;10;60;30;90;0.50;100000;115453;15.5;6.19;93;889.8;0.2957;55;0;55;38
2023;34;15;85;15;45;0.50;100000;115380;15.4;6.99;91;442.6;0.3022;55;0;55;36
2023;35;10;35;30;80;0.50;100000;115372;15.4;7.83;111;884.6;0.3153;70;0;70;41
2023;36;15;20;25;65;0.50;100000;115290;15.3;4.79;56;721.6;0.3571;40;0;40;16
2023;37;10;40;35;80;0.50;100000;115219;15.2;5.48;105;1013.0;0.3524;74;0;74;31
2023;38;10;25;30;65;0.50;100000;115088;15.1;6.05;136;864.6;0.3566;97;0;97;39
2023;39;10;15;35;80;0.50;100000;114903;14.9;4.51;86;989.6;0.3605;62;0;62;24
2023;40;25;80;30;90;0.50;100000;114781;14.8;3.59;43;839.8;0.3372;29;0;29;14
2023;41;10;25;40;75;0.50;100000;114716;14.7;5.47;105;1113.0;0.4000;84;0;84;21
2023;42;10;25;25;75;0.50;100000;114700;14.7;7.52;130;718.0;0.2846;74;0;74;56
2023;43;15;20;35;85;0.50;100000;114632;14.6;5.80;52;967.2;0.3750;39;0;39;13
2023;44;15;90;15;40;0.50;100000;114533;14.5;4.39;104;419.4;0.3221;67;0;67;37
2023;45;10;30;30;75;0.50;100000;114412;14.4;7.10;113;831.8;0.3274;74;0;74;39
2023;46;10;75;45;85;0.50;100000;114373;14.4;3.51;72;1219.2;0.4167;60;0;60;12
2023;47;20;40;15;45;0.50;100000;114270;14.3;5.61;71;410.6;0.3099;44;0;44;27
2023;48;10;25;45;75;0.50;100000;114239;14.2;3.03;101;1208.6;0.4307;87;0;87;14
2023;49;10;30;25;50;0.50;100000;114125;14.1;5.87;175;680.0;0.3686;129;0;129;46
2023;50;10;55;25;65;0.50;100000;114108;14.1;9.13;132;685.2;0.3144;83;0;83;49
2023;51;15;20;15;40;0.50;100000;114072;14.1;7.13;66;402.6;0.3409;45;0;45;21
2023;52;10;50;20;40;0.50;100000;114059;14.1;7.82;184;542.4;0.3696;136;0;136;48
2023;53;15;25;15;45;0.50;100000;114055;14.1;5.82;94;408.4;0.2979;56;0;56;38
2023;54;20;60;25;75;0.50;100000;113873;13.9;5.65;61;664.6;0.3115;38;0;38;23
2023;55;15;85;50;95;0.50;100000;113744;13.7;2.09;53;1295.8;0.4340;46;0;46;7
2023;56;15;20;25;70;0.50;100000;113679;13.7;7.61;52;652.2;0.3365;35;0;35;17
2023;57;15;30;35;90;0.50;100000;113651;13.7;3.57;66;912.6;0.3409;45;0;45;21
2023;58;15;55;30;80;0.50;100000;113640;13.6;5.78;75;785.0;0.3267;49;0;49;26
2023;59;10;25;20;40;0.50;100000;113434;13.4;5.53;212;523.2;0.3656;155;0;155;57
2023;60;15;90;30;75;0.50;100000;113365;13.4;4.01;73;767.8;0.3425;50;0;50;23
2023;61;10;20;35;100;0.50;100000;113356;13.4;5.82;80;903.0;0.3063;49;0;49;31
2023;62;15;75;45;95;0.50;100000;113342;13.3;2.52;58;1138.8;0.3966;46;0;46;12
2023;63;10;70;50;100;0.50;100000;113310;13.3;2.51;63;1261.8;0.4048;51;0;51;12
2023;64;10;80;30;70;0.50;100000;113294;13.3;5.86;108;768.8;0.3426;74;0;74;34
2023;65;10;20;35;90;0.50;100000;113242;13.2;8.39;96;895.6;0.3229;62;0;62;34
2023;66;20;30;15;35;0.50;100000;113142;13.1;2.42;47;374.2;0.3936;37;0;37;10
2023;67;15;20;20;50;0.50;100000;113017;13.0;3.57;59;497.4;0.3559;42;0;42;17
2023;68;10;60;30;70;0.50;100000;112992;13.0;5.86;118;754.8;0.3390;80;0;80;38
2023;69;10;80;30;60;0.50;100000;112944;12.9;4.97;111;744.6;0.3784;84;0;84;27
2023;70;10;45;35;55;0.50;100000;112861;12.9;4.91;138;856.8;0.4312;119;0;119;19
2023;71;10;20;15;45;0.50;100000;112849;12.8;9.49;192;391.2;0.2786;107;0;107;85
2023;72;15;85;40;100;0.50;100000;112700;12.7;4.08;50;970.0;0.3600;36;0;36;14
2023;73;15;65;35;80;0.50;100000;112506;12.5;5.86;72;839.2;0.3611;52;0;52;20
2023;74;10;45;35;60;0.50;100000;112445;12.4;3.23;136;834.6;0.4081;111;0;111;25
2023;75;10;90;30;80;0.50;100000;112295;12.3;8.11;94;718.4;0.3138;59;0;59;35
2023;76;15;20;35;65;0.50;100000;112263;12.3;3.13;60;816.0;0.4250;51;0;51;9
2023;77;10;75;40;85;0.50;100000;112242;12.2;4.98;76;938.6;0.3750;57;0;57;19
2023;78;15;55;30;70;0.50;100000;112163;12.2;3.66;83;703.8;0.3494;58;0;58;25
2023;79;10;30;30;85;0.50;100000;112151;12.2;6.29;97;714.2;0.2990;58;0;58;39
2023;80;10;45;35;100;0.50;100000;112065;12.1;5.71;83;823.8;0.3012;50;0;50;33
2023;81;15;30;35;85;0.50;100000;112016;12.0;6.11;71;810.6;0.3451;49;0;49;22
2023;82;20;55;30;80;0.50;100000;111911;11.9;5.99;64;690.4;0.3281;42;0;42;22
2023;83;10;25;35;65;0.50;100000;111896;11.9;7.98;133;803.8;0.3872;103;0;103;30
2023;84;15;60;25;75;0.50;100000;111887;11.9;4.73;84;582.4;0.2917;49;0;49;35
2023;85;10;30;35;90;0.50;100000;111820;11.8;6.96;92;806.2;0.3207;59;0;59;33
2023;86;25;65;15;45;0.50;100000;111754;11.8;6.61;56;341.6;0.3125;35;0;35;21
2023;87;10;75;50;85;0.50;100000;111576;11.6;2.19;69;1103.4;0.4348;60;0;60;9
2023;88;20;100;40;100;0.50;100000;111559;11.6;3.51;39;885.4;0.3718;29;0;29;10
2023;89;10;45;15;45;0.50;100000;111552;11.6;8.25;195;357.0;0.2769;108;0;108;87
2023;90;15;20;35;90;0.50;100000;111426;11.4;5.01;47;769.2;0.3511;33;0;33;14
2023;91;10;20;20;55;0.50;100000;111406;11.4;9.02;161;459.6;0.2950;95;0;95;66
2023;92;10;40;35;85;0.50;100000;111384;11.4;4.83;95;777.0;0.3316;63;0;63;32
2023;93;20;95;20;40;0.50;100000;111321;11.3;4.22;75;435.0;0.3933;59;0;59;16
2023;94;15;95;40;95;0.50;100000;111296;11.3;3.51;54;869.4;0.3611;39;0;39;15
2023;95;25;50;10;25;0.50;100000;111284;11.3;5.74;52;217.2;0.3654;38;0;38;14
2023;96;10;20;40;100;0.50;100000;111216;11.2;5.33;77;872.2;0.3312;51;0;51;26
2023;97;15;20;35;100;0.50;100000;111193;11.2;5.60;48;757.8;0.3229;31;0;31;17
2023;98;10;95;15;40;0.50;100000;111150;11.1;7.38;140;334.0;0.3071;86;0;86;54
2023;99;20;75;40;90;0.50;100000;111131;11.1;4.14;47;854.2;0.3830;36;0;36;11
2023;100;25;70;25;70;0.50;100000;111123;11.1;3.55;45;537.0;0.3333;30;0;30;15
2023;101;20;40;40;100;0.50;100000;111067;11.1;3.80;48;852.8;0.3542;34;0;34;14
2023;102;25;85;40;95;0.50;100000;111042;11.0;2.52;41;847.6;0.3780;31;0;31;10
2023;103;10;60;35;65;0.50;100000;111013;11.0;5.69;117;746.2;0.3889;91;0;91;26
2023;104;10;25;30;80;0.50;100000;110967;11.0;10.11;113;651.8;0.3053;69;0;69;44
2023;105;20;85;20;45;0.50;100000;110927;10.9;5.43;73;422.8;0.3630;53;0;53;20
2023;106;25;70;25;75;0.50;100000;110908;10.9;6.49;50;530.0;0.3100;31;0;31;19
2023;107;10;25;40;85;0.50;100000;110854;10.9;4.44;91;842.6;0.3626;66;0;66;25
2023;108;15;75;15;40;0.50;100000;110702;10.7;5.41;102;317.2;0.3137;64;0;64;38
2023;109;25;40;15;45;0.50;100000;110564;10.6;2.80;38;306.8;0.3289;25;0;25;13
2023;110;25;65;30;85;0.50;100000;110456;10.5;4.79;50;610.0;0.3200;32;0;32;18
2023;111;20;55;35;75;0.50;100000;110426;10.4;5.48;61;704.6;0.3770;46;0;46;15
2023;112;15;60;35;100;0.50;100000;110390;10.4;4.10;60;711.0;0.3083;37;0;37;23
2023;113;20;85;20;50;0.50;100000;110389;10.4;4.89;68;404.8;0.3382;46;0;46;22
2023;114;25;60;35;85;0.50;100000;110365;10.4;5.48;49;701.4;0.3571;35;0;35;14
2023;115;15;20;35;70;0.50;100000;110362;10.4;4.57;52;697.2;0.4038;42;0;42;10
2023;116;10;20;55;90;0.50;100000;110349;10.3;2.31;80;1093.0;0.4313;69;0;69;11
2023;117;25;50;25;70;0.50;100000;110344;10.3;6.76;42;501.2;0.3333;28;0;28;14
2023;118;20;80;15;30;0.50;100000;110342;10.3;3.61;65;299.0;0.4000;52;0;52;13
2023;119;10;20;30;80;0.50;100000;110320;10.3;12.33;110;616.0;0.3045;67;0;67;43
2023;120;25;80;35;90;0.50;100000;110316;10.3;6.94;41;697.6;0.3537;29;0;29;12
2023;121;20;40;30;85;0.50;100000;110302;10.3;4.92;52;602.2;0.3173;33;0;33;19
2023;122;15;20;25;45;0.50;100000;110205;10.2;3.40;64;490.4;0.4219;54;0;54;10
2023;123;25;50;15;30;0.50;100000;110158;10.2;3.18;48;292.8;0.4167;40;0;40;8
2023;124;10;30;30;70;0.50;100000;110117;10.1;5.64;127;602.2;0.3307;84;0;84;43
2023;125;15;40;35;85;0.50;100000;110109;10.1;5.07;71;690.6;0.3380;48;0;48;23
2023;126;15;90;25;75;0.50;100000;110106;10.1;4.86;72;499.2;0.2917;42;0;42;30
2023;127;15;60;30;80;0.50;100000;110031;10.0;5.50;71;590.6;0.3169;45;0;45;26
2023;128;15;25;45;100;0.50;100000;110026;10.0;4.33;46;870.6;0.3804;35;0;35;11
2023;129;25;90;15;45;0.50;100000;109994;10.0;5.82;48;292.8;0.3125;30;0;30;18
2023;130;15;85;50;30;0.50;100000;109993;10.0;1.41;86;959.6;0.7035;121;35;51;0
2023;131;10;35;30;60;0.50;100000;109960;10.0;5.65;137;588.2;0.3650;100;0;100;37
2023;132;10;25;35;80;0.50;100000;109905;9.9;5.86;108;683.8;0.3380;73;0;73;35
2023;133;10;25;40;95;0.50;100000;109885;9.9;5.96;85;776.0;0.3353;57;0;57;28
2023;134;15;45;30;70;0.50;100000;109880;9.9;5.04;85;581.0;0.3412;58;0;58;27
2023;135;15;65;15;45;0.50;100000;109828;9.8;8.74;109;297.4;0.2844;62;0;62;47
2023;136;10;30;40;90;0.50;100000;109781;9.8;4.35;88;766.8;0.3466;61;0;61;27
2023;137;10;35;25;55;0.50;100000;109779;9.8;11.64;171;490.6;0.3392;116;0;116;55
2023;138;10;75;35;95;0.50;100000;109701;9.7;5.84;78;670.8;0.3077;48;0;48;30
2023;139;15;85;50;100;0.50;100000;109692;9.7;2.56;47;934.2;0.4043;38;0;38;9
2023;140;10;20;30;90;0.50;100000;109665;9.7;9.04;98;582.8;0.2806;55;0;55;43
2023;141;20;100;45;100;0.50;100000;109659;9.7;2.77;40;839.0;0.3875;31;0;31;9
2023;142;25;65;20;60;0.50;100000;109641;9.6;3.65;45;377.0;0.3111;28;0;28;17
2023;143;30;65;15;45;0.50;100000;109633;9.6;3.61;35;281.0;0.3286;23;0;23;12
2023;144;10;90;15;40;0.50;100000;109618;9.6;9.12;164;295.4;0.3018;99;0;99;65
2023;145;15;40;35;60;0.50;100000;109610;9.6;2.89;92;651.2;0.4130;76;0;76;16
2023;146;10;20;55;80;0.50;100000;109596;9.6;3.24;83;1013.8;0.4578;76;0;76;7
2023;147;15;70;50;30;0.50;100000;109586;9.6;2.10;84;922.4;0.7024;118;34;50;0
2023;148;20;80;40;95;0.50;100000;109522;9.5;3.56;44;738.4;0.3636;32;0;32;12
2023;149;15;20;20;40;0.50;100000;109521;9.5;3.79;65;369.0;0.3923;51;0;51;14
2023;150;10;70;40;85;0.50;100000;109515;9.5;3.51;83;743.8;0.3614;60;0;60;23
2023;151;10;90;30;40;0.50;100000;109501;9.5;3.72;137;548.2;0.4672;128;0;128;9
2023;152;10;20;20;45;0.50;100000;109497;9.5;9.61;176;383.6;0.3352;118;0;118;58
2023;153;10;25;50;75;0.50;100000;109484;9.5;2.51;97;914.2;0.4433;86;0;86;11
2023;154;20;65;35;90;0.50;100000;109451;9.5;4.03;47;644.2;0.3404;32;0;32;15
2023;155;20;80;35;90;0.50;100000;109424;9.4;5.50;54;644.4;0.3333;36;0;36;18
2023;156;15;50;20;30;0.50;100000;109409;9.4;4.48;112;363.2;0.4464;100;0;100;12
2023;157;25;100;45;95;0.50;100000;109368;9.4;1.99;34;812.4;0.4118;28;0;28;6
2023;158;20;45;10;30;0.50;100000;109345;9.3;6.59;81;186.6;0.2963;48;0;48;33
2023;159;15;30;35;95;0.50;100000;109343;9.3;7.58;62;643.2;0.3145;39;0;39;23
2023;160;15;90;35;60;0.50;100000;109310;9.3;3.52;75;630.0;0.4200;63;0;63;12
2023;161;10;50;30;70;0.50;100000;109281;9.3;6.35;118;554.8;0.3305;78;0;78;40
2023;162;20;55;35;95;0.50;100000;109270;9.3;4.08;53;635.8;0.3208;34;0;34;19
2023;163;15;20;25;50;0.50;100000;109188;9.2;3.64;57;445.2;0.3947;45;0;45;12
2023;164;15;30;35;70;0.50;100000;109169;9.2;4.77;78;625.8;0.3782;59;0;59;19
2023;165;15;40;30;90;0.50;100000;109160;9.2;5.55;79;549.4;0.2848;45;0;45;34
2023;166;30;100;20;35;0.50;100000;109154;9.2;1.90;38;351.8;0.4605;35;0;35;3
2023;167;15;35;35;100;0.50;100000;109132;9.1;7.35;63;631.8;0.3016;38;0;38;25
2023;168;10;25;20;45;0.50;100000;109104;9.1;7.00;192;371.2;0.3333;128;0;128;64
2023;169;35;90;15;35;0.50;100000;109095;9.1;1.99;33;263.8;0.3939;26;0;26;7
2023;170;15;35;40;55;0.50;100000;109022;9.0;1.86;100;695.0;0.4650;93;0;93;7
2023;171;15;25;30;45;0.50;100000;109012;9.0;1.87;88;521.8;0.4489;79;0;79;9
2023;172;15;35;40;80;0.50;100000;108987;9.0;4.09;71;700.6;0.3803;54;0;54;17
2023;173;10;30;40;70;0.50;100000;108975;9.0;5.33;113;701.8;0.3982;90;0;90;23
2023;174;30;95;10;20;0.50;100000;108947;8.9;2.86;34;172.4;0.4412;30;0;30;4
2023;175;10;75;50;100;0.50;100000;108945;8.9;2.61;58;868.8;0.3879;45;0;45;13
2023;176;10;65;60;100;0.50;100000;108943;8.9;3.18;60;1036.0;0.4333;52;0;52;8
2023;177;15;20;30;70;0.50;100000;108928;8.9;5.86;55;523.0;0.3545;39;0;39;16
2023;178;10;85;40;95;0.50;100000;108905;8.9;7.46;71;700.6;0.3380;48;0;48;23
2023;179;10;30;35;50;0.50;100000;108899;8.9;3.39;157;605.2;0.4427;139;0;139;18
2023;180;20;75;50;90;0.50;100000;108899;8.9;2.14;44;858.4;0.4318;38;0;38;6
2023;181;10;20;35;75;0.50;100000;108883;8.9;6.03;110;616.0;0.3500;77;0;77;33
2023;182;10;90;30;70;0.50;100000;108872;8.9;6.47;107;530.2;0.3318;71;0;71;36
2023;183;25;40;30;60;0.50;100000;108863;8.9;4.07;40;514.0;0.4125;33;0;33;7
2023;184;20;60;40;75;0.50;100000;108816;8.8;2.88;58;683.8;0.4052;47;0;47;11
2023;185;15;30;25;70;0.50;100000;108810;8.8;6.65;82;440.2;0.2988;49;0;49;33
2023;186;10;100;45;80;0.50;100000;108807;8.8;5.46;75;770.0;0.4067;61;0;61;14
2023;187;20;70;55;30;0.50;100000;108806;8.8;1.22;58;933.8;0.7500;87;29;29;0
2023;188;25;85;50;100;0.50;100000;108795;8.8;1.56;36;849.6;0.4167;30;0;30;6
2023;189;10;85;15;40;0.50;100000;108787;8.8;9.10;156;271.6;0.3013;94;0;94;62
2023;190;15;90;30;85;0.50;100000;108777;8.8;5.32;72;524.2;0.2986;43;0;43;29
2023;191;15;55;10;30;0.50;100000;108773;8.8;8.16;128;180.8;0.2852;73;0;73;55
2023;192;20;35;20;60;0.50;100000;108767;8.8;4.88;65;349.0;0.2923;38;0;38;27
2023;193;10;65;15;40;0.50;100000;108763;8.8;12.13;163;271.8;0.3006;98;0;98;65
2023;194;15;90;30;80;0.50;100000;108752;8.8;4.52;65;519.0;0.3154;41;0;41;24
2023;195;10;25;65;100;0.50;100000;108719;8.7;2.25;62;1093.2;0.4516;56;0;56;6
2023;196;10;25;35;90;0.50;100000;108718;8.7;6.05;93;609.8;0.3118;58;0;58;35
2023;197;25;85;30;75;0.50;100000;108708;8.7;3.13;43;509.8;0.3488;30;0;30;13
2023;198;10;30;25;55;0.50;100000;108687;8.7;8.21;158;438.8;0.3386;107;0;107;51
2023;199;20;55;45;80;0.50;100000;108684;8.7;5.27;56;756.6;0.4196;47;0;47;9
2023;200;10;40;15;45;0.50;100000;108666;8.7;11.95;207;280.2;0.2729;113;0;113;94
2023;201;15;40;30;80;0.50;100000;108664;8.7;7.03;74;516.4;0.3108;46;0;46;28
2023;202;15;100;40;100;0.50;100000;108662;8.7;4.64;45;677.0;0.3444;31;0;31;14
2023;203;15;90;25;40;0.50;100000;108651;8.7;3.66;93;419.8;0.4301;80;0;80;13
2023;204;15;80;55;95;0.50;100000;108641;8.6;2.51;51;918.6;0.4314;44;0;44;7
2023;205;15;95;35;65;0.50;100000;108635;8.6;3.52;66;587.6;0.4015;53;0;53;13
2023;206;15;40;30;75;0.50;100000;108589;8.6;7.03;84;512.4;0.3214;54;0;54;30
2023;207;10;55;35;80;0.50;100000;108517;8.5;7.75;98;592.8;0.3367;66;0;66;32
2023;208;15;80;40;100;0.50;100000;108500;8.5;4.08;52;667.2;0.3365;35;0;35;17
2023;209;10;30;40;50;0.50;100000;108491;8.5;2.52;160;656.0;0.4750;152;0;152;8
2023;210;10;15;55;80;0.50;100000;108486;8.5;2.30;84;902.4;0.4524;76;0;76;8
2023;211;10;55;45;25;0.50;100000;108485;8.5;3.08;155;743.0;0.6871;213;58;97;0
2023;212;10;95;25;40;0.50;100000;108466;8.5;6.05;126;413.6;0.4206;106;0;106;20
2023;213;10;35;40;80;0.50;100000;108465;8.5;4.09;95;667.0;0.3684;70;0;70;25
2023;214;25;40;35;95;0.50;100000;108424;8.4;4.51;32;575.2;0.3438;22;0;22;10
2023;215;15;90;30;90;0.50;100000;108411;8.4;5.87;68;504.8;0.2868;39;0;39;29
2023;216;10;65;15;35;0.50;100000;108401;8.4;8.40;186;259.6;0.3280;122;0;122;64
2023;217;15;50;35;50;0.50;100000;108380;8.4;2.53;98;567.8;0.4541;89;0;89;9
2023;218;25;100;40;100;0.50;100000;108349;8.3;3.80;35;651.0;0.3571;25;0;25;10
2023;219;15;70;20;35;0.50;100000;108327;8.3;4.68;113;326.8;0.4027;91;0;91;22
2023;220;10;75;45;80;0.50;100000;108314;8.3;4.21;85;731.0;0.4000;68;0;68;17
2023;221;10;70;30;70;0.50;100000;108307;8.3;5.50;114;500.4;0.3289;75;0;75;39
2023;222;10;35;40;75;0.50;100000;108287;8.3;3.69;105;653.0;0.3810;80;0;80;25
2023;223;10;90;15;45;0.50;100000;108250;8.2;10.55;137;258.2;0.2774;76;0;76;61
2023;224;20;55;50;80;0.50;100000;108198;8.2;3.38;55;793.0;0.4455;49;0;49;6
2023;225;10;25;60;100;0.50;100000;108188;8.2;3.18;62;953.2;0.4274;53;0;53;9
2023;226;15;95;40;100;0.50;100000;108183;8.2;4.36;54;644.4;0.3333;36;0;36;18
2023;227;15;80;40;90;0.50;100000;108181;8.2;3.51;56;641.6;0.3571;40;0;40;16
2023;228;30;80;15;30;0.50;100000;108173;8.2;2.15;34;237.4;0.4265;29;0;29;5
2023;229;10;90;35;95;0.50;100000;108166;8.2;7.34;83;573.8;0.3012;50;0;50;33
2023;230;25;85;25;50;0.50;100000;108165;8.2;4.18;55;398.0;0.3909;43;0;43;12
2023;231;10;20;60;90;0.50;100000;108128;8.1;2.63;75;945.0;0.4467;67;0;67;8
2023;232;35;95;20;55;0.50;100000;108107;8.1;3.57;34;317.4;0.3382;23;0;23;11
2023;233;15;85;45;95;0.50;100000;108101;8.1;3.45;55;713.0;0.3727;41;0;41;14
2023;234;10;90;40;90;0.50;100000;108094;8.1;6.11;72;639.2;0.3472;50;0;50;22
2023;235;30;70;25;75;0.50;100000;108092;8.1;4.67;37;398.2;0.3108;23;0;23;14
2023;236;15;25;30;75;0.50;100000;108091;8.1;5.68;64;480.4;0.3281;42;0;42;22
2023;237;10;40;40;85;0.50;100000;108091;8.1;6.82;95;642.0;0.3526;67;0;67;28
2023;238;15;20;35;95;0.50;100000;108082;8.1;5.42;45;557.0;0.3222;29;0;29;16
2023;239;15;30;35;75;0.50;100000;108074;8.1;4.29;80;558.0;0.3563;57;0;57;23
2023;240;25;70;30;90;0.50;100000;108034;8.0;4.68;45;477.0;0.3000;27;0;27;18
2023;241;25;65;15;40;0.50;100000;108007;8.0;5.63;52;237.2;0.3269;34;0;34;18
2023;242;25;55;25;45;0.50;100000;108004;8.0;2.19;51;388.6;0.4216;43;0;43;8
2023;243;25;80;30;85;0.50;100000;107998;8.0;4.52;41;472.6;0.3171;26;0;26;15
2023;244;10;35;35;70;0.50;100000;107996;8.0;5.28;126;558.6;0.3611;91;0;91;35
2023;245;15;75;45;80;0.50;100000;107982;8.0;2.52;58;698.8;0.4138;48;0;48;10
2023;246;15;25;25;50;0.50;100000;107981;8.0;3.73;77;392.2;0.3766;58;0;58;19
2023;247;15;100;40;95;0.50;100000;107978;8.0;3.51;52;627.2;0.3462;36;0;36;16
2023;248;20;85;40;90;0.50;100000;107977;8.0;4.53;53;625.8;0.3585;38;0;38;15
2023;249;15;95;30;85;0.50;100000;107964;8.0;6.99;69;478.4;0.2971;41;0;41;28
2023;250;20;60;35;100;0.50;100000;107955;8.0;6.78;49;551.4;0.3061;30;0;30;19
2023;251;10;80;35;90;0.50;100000;107945;7.9;6.96;78;555.8;0.3141;49;0;49;29
2023;252;15;40;40;80;0.50;100000;107943;7.9;4.04;69;623.4;0.3768;52;0;52;17
2023;253;25;100;30;90;0.50;100000;107911;7.9;4.79;49;471.4;0.2959;29;0;29;20
2023;254;30;65;20;60;0.50;100000;107900;7.9;4.57;35;311.0;0.3143;22;0;22;13
2023;255;10;45;40;55;0.50;100000;107893;7.9;3.19;136;614.6;0.4522;123;0;123;13
2023;256;25;50;15;35;0.50;100000;107882;7.9;4.03;42;231.2;0.3690;31;0;31;11
2023;257;10;25;40;70;0.50;100000;107867;7.9;4.31;114;620.4;0.3947;90;0;90;24
2023;258;10;20;40;70;0.50;100000;107867;7.9;6.92;114;620.4;0.3947;90;0;90;24
2023;259;20;95;35;15;0.50;100000;107823;7.8;1.42;71;530.6;0.7887;112;41;30;0
2023;260;10;50;35;100;0.50;100000;107822;7.8;6.05;83;553.8;0.2892;48;0;48;35
2023;261;15;25;30;65;0.50;100000;107817;7.8;4.63;76;463.6;0.3553;54;0;54;22
2023;262;15;80;20;45;0.50;100000;107811;7.8;4.74;82;310.2;0.3476;57;0;57;25
2023;263;10;70;30;90;0.50;100000;107798;7.8;9.56;88;476.8;0.2784;49;0;49;39
2023;264;10;25;45;90;0.50;100000;107796;7.8;5.77;84;692.4;0.3690;62;0;62;22
2023;265;25;40;15;40;0.50;100000;107765;7.8;3.64;40;229.0;0.3375;27;0;27;13
2023;266;10;25;35;95;0.50;100000;107753;7.8;7.75;87;548.2;0.2989;52;0;52;35
2023;267;10;50;35;55;0.50;100000;107753;7.8;4.22;140;534.0;0.4179;117;0;117;23
2023;268;10;75;30;90;0.50;100000;107737;7.7;10.29;90;474.0;0.2778;50;0;50;40
2023;269;15;95;40;90;0.50;100000;107730;7.7;4.14;58;608.8;0.3534;41;0;41;17
2023;270;20;90;20;60;0.50;100000;107727;7.7;5.41;64;310.4;0.2891;37;0;37;27
2023;271;20;70;15;45;0.50;100000;107723;7.7;5.91;69;233.4;0.2899;40;0;40;29
2023;272;25;40;30;70;0.50;100000;107698;7.7;2.91;35;451.0;0.3714;26;0;26;9
2023;273;20;90;25;60;0.50;100000;107687;7.7;8.06;67;381.2;0.3358;45;0;45;22
2023;274;20;55;40;80;0.50;100000;107683;7.7;5.07;56;601.6;0.3839;43;0;43;13
2023;275;20;45;25;50;0.50;100000;107671;7.7;5.08;70;377.0;0.3786;53;0;53;17
2023;276;10;35;20;40;0.50;100000;107670;7.7;9.80;204;314.4;0.3578;146;0;146;58
2023;277;10;85;40;90;0.50;100000;107645;7.6;5.33;74;606.4;0.3446;51;0;51;23
2023;278;10;40;30;60;0.50;100000;107638;7.6;7.71;142;461.2;0.3592;102;0;102;40
2023;279;10;100;55;95;0.50;100000;107612;7.6;5.35;60;816.0;0.4167;50;0;50;10
2023;280;25;100;10;30;0.50;100000;107607;7.6;4.13;49;151.4;0.3061;30;0;30;19
2023;281;15;30;40;65;0.50;100000;107599;7.6;3.21;83;593.8;0.4217;70;0;70;13
2023;282;25;85;35;95;0.50;100000;107596;7.6;3.71;40;524.0;0.3250;26;0;26;14
2023;283;10;80;45;20;0.50;100000;107579;7.6;3.90;125;665.0;0.7440;186;61;64;0
2023;284;10;100;45;90;0.50;100000;107567;7.6;4.75;68;669.8;0.3750;51;0;51;17
2023;285;10;25;35;60;0.50;100000;107564;7.6;10.03;139;525.4;0.3957;110;0;110;29
2023;286;25;50;30;70;0.50;100000;107554;7.6;4.90;40;444.0;0.3625;29;0;29;11
2023;287;15;85;40;95;0.50;100000;107551;7.6;4.54;59;597.4;0.3390;40;0;40;19
2023;288;10;45;40;60;0.50;100000;107546;7.5;4.59;134;592.4;0.4291;115;0;115;19
2023;289;10;15;40;100;0.50;100000;107546;7.5;4.36;70;602.0;0.3214;45;0;45;25
2023;290;15;85;55;95;0.50;100000;107541;7.5;2.48;52;807.2;0.4231;44;0;44;8
2023;291;35;80;10;25;0.50;100000;107531;7.5;3.81;34;147.4;0.3676;25;0;25;9
2023;292;20;90;25;65;0.50;100000;107529;7.5;5.82;61;374.6;0.3197;39;0;39;22
2023;293;20;90;25;75;0.50;100000;107523;7.5;7.05;53;375.8;0.2925;31;0;31;22
2023;294;15;30;35;80;0.50;100000;107518;7.5;6.59;70;522.0;0.3429;48;0;48;22
2023;295;20;55;35;80;0.50;100000;107487;7.5;5.45;62;518.2;0.3468;43;0;43;19
2023;296;30;90;15;35;0.50;100000;107486;7.5;2.59;36;219.6;0.3750;27;0;27;9
2023;297;15;40;35;75;0.50;100000;107481;7.5;4.36;79;519.4;0.3544;56;0;56;23
2023;298;15;95;35;60;0.50;100000;107469;7.5;3.55;74;511.4;0.4122;61;0;61;13
2023;299;20;35;30;45;0.50;100000;107451;7.5;2.44;65;434.0;0.4538;59;0;59;6
2023;300;10;55;40;85;0.50;100000;107436;7.4;5.35;91;592.6;0.3516;64;0;64;27
2023;301;20;60;35;85;0.50;100000;107434;7.4;5.48;60;516.0;0.3333;40;0;40;20
2023;302;10;100;45;100;0.50;100000;107422;7.4;3.35;61;659.6;0.3525;43;0;43;18
2023;303;15;55;60;45;0.50;100000;107420;7.4;2.12;88;866.8;0.6250;110;22;66;0
2023;304;25;100;40;90;0.50;100000;107410;7.4;3.92;36;579.6;0.3750;27;0;27;9
2023;305;25;80;40;95;0.50;100000;107395;7.4;3.21;36;579.6;0.3611;26;0;26;10
2023;306;15;95;45;30;0.50;100000;107387;7.4;1.77;84;647.4;0.6607;111;27;57;0
2023;307;20;35;20;40;0.50;100000;107386;7.4;4.13;64;290.4;0.3828;49;0;49;15
2023;308;20;40;15;40;0.50;100000;107381;7.4;6.38;70;222.0;0.3143;44;0;44;26
2023;309;25;80;20;40;0.50;100000;107372;7.4;2.57;51;288.6;0.3922;40;0;40;11
2023;310;20;100;40;90;0.50;100000;107367;7.4;3.92;44;578.4;0.3636;32;0;32;12
2023;311;15;70;55;25;0.50;100000;107364;7.4;1.77;87;788.2;0.7529;131;44;43;0
2023;312;10;20;40;80;0.50;100000;107362;7.4;4.90;96;585.6;0.3646;70;0;70;26
2023;313;25;40;30;90;0.50;100000;107353;7.4;5.50;32;435.2;0.3125;20;0;20;12
2023;314;25;65;35;65;0.50;100000;107352;7.4;2.13;42;501.2;0.4167;35;0;35;7
2023;315;15;70;40;25;0.50;100000;107346;7.3;1.53;84;572.4;0.6786;114;30;54;0
2023;316;35;100;25;60;0.50;100000;107337;7.3;2.31;36;359.6;0.3611;26;0;26;10
2023;317;25;55;40;70;0.50;100000;107323;7.3;2.52;43;569.8;0.4302;37;0;37;6
2023;318;15;85;65;95;0.50;100000;107316;7.3;2.29;49;921.4;0.4694;46;0;46;3
2023;319;15;20;10;30;0.50;100000;107312;7.3;5.15;66;147.6;0.2955;39;0;39;27
2023;320;15;25;20;40;0.50;100000;107295;7.3;4.44;93;289.8;0.3710;69;0;69;24
2023;321;15;35;35;45;0.50;100000;107282;7.3;2.05;104;494.4;0.4760;99;0;99;5
2023;322;15;30;35;65;0.50;100000;107276;7.3;7.42;84;502.4;0.3869;65;0;65;19
2023;323;15;25;40;65;0.50;100000;107265;7.3;4.50;73;567.8;0.4247;62;0;62;11
2023;324;10;75;55;20;0.50;100000;107261;7.3;2.09;129;779.4;0.7829;202;73;56;0
2023;325;25;85;20;55;0.50;100000;107251;7.3;3.77;51;288.6;0.3137;32;0;32;19
2023;326;20;75;25;40;0.50;100000;107249;7.2;2.02;69;353.4;0.4348;60;0;60;9
2023;327;20;30;20;35;0.50;100000;107246;7.2;1.57;45;282.0;0.4333;39;0;39;6
2023;328;10;90;75;50;0.50;100000;107244;7.2;1.72;83;1058.8;0.6566;109;26;57;0
2023;329;15;25;35;70;0.50;100000;107243;7.2;5.35;68;499.8;0.3750;51;0;51;17
2023;330;10;30;15;35;0.50;100000;107236;7.2;7.32;241;232.6;0.3237;156;0;156;85
2023;331;15;30;30;75;0.50;100000;107231;7.2;6.47;75;435.0;0.3200;48;0;48;27
2023;332;15;20;25;40;0.50;100000;107192;7.2;2.28;64;350.4;0.4375;56;0;56;8
2023;333;15;85;60;95;0.50;100000;107186;7.2;2.24;48;837.8;0.4479;43;0;43;5
2023;334;15;45;30;65;0.50;100000;107185;7.2;6.60;92;431.2;0.3478;64;0;64;28
2023;335;15;85;45;100;0.50;100000;107164;7.2;4.33;47;634.2;0.3617;34;0;34;13
2023;336;15;80;50;95;0.50;100000;107157;7.2;5.45;56;701.6;0.3929;44;0;44;12
2023;337;25;65;25;60;0.50;100000;107152;7.2;3.55;51;353.6;0.3431;35;0;35;16
2023;338;10;75;30;80;0.50;100000;107140;7.1;8.65;95;437.0;0.3000;57;0;57;38
2023;339;15;25;20;45;0.50;100000;107132;7.1;6.41;92;286.2;0.3424;63;0;63;29
2023;340;15;25;55;100;0.50;100000;107132;7.1;3.50;46;765.6;0.4130;38;0;38;8
2023;341;10;50;95;55;0.50;100000;107124;7.1;1.37;66;1317.6;0.7045;93;27;39;0
2023;342;10;25;65;95;0.50;100000;107112;7.1;1.51;65;899.0;0.4538;59;0;59;6
2023;343;25;60;30;90;0.50;100000;107110;7.1;5.82;40;424.0;0.3000;24;0;24;16
2023;344;20;50;35;65;0.50;100000;107102;7.1;4.72;59;487.4;0.3983;47;0;47;12
2023;345;15;20;30;85;0.50;100000;107100;7.1;7.24;53;425.8;0.3019;32;0;32;21
2023;346;25;50;15;25;0.50;100000;107095;7.1;2.78;52;207.2;0.4423;46;0;46;6
2023;347;10;40;25;60;0.50;100000;107091;7.1;10.73;145;367.0;0.3172;92;0;92;53
2023;348;15;35;90;60;0.50;100000;107089;7.1;1.54;56;1241.6;0.6786;76;20;36;0
2023;349;15;55;35;80;0.50;100000;107085;7.1;8.32;72;494.2;0.3403;49;0;49;23
2023;350;20;80;60;95;0.50;100000;107077;7.1;2.51;43;824.8;0.4535;39;0;39;4
2023;351;15;20;30;75;0.50;100000;107065;7.1;5.10;53;420.8;0.3302;35;0;35;18
2023;352;15;55;35;65;0.50;100000;107064;7.1;5.32;80;488.0;0.3875;62;0;62;18
2023;353;10;30;35;95;0.50;100000;107063;7.1;8.92;84;502.4;0.2976;50;0;50;34
2023;354;15;85;55;30;0.50;100000;107060;7.1;1.46;84;757.4;0.7083;119;35;49;0
2023;355;10;100;70;25;0.50;100000;107058;7.1;1.80;98;962.8;0.7959;156;58;40;0
2023;356;15;20;20;55;0.50;100000;107055;7.1;6.33;62;283.2;0.3065;38;0;38;24
2023;357;10;60;15;45;0.50;100000;107046;7.0;8.03;178;230.8;0.2725;97;0;97;81
2023;358;10;45;20;60;0.50;100000;107040;7.0;12.68;155;303.0;0.2710;84;0;84;71
2023;359;10;20;20;40;0.50;100000;107036;7.0;6.85;193;289.8;0.3575;138;0;138;55
2023;360;10;25;60;90;0.50;100000;107034;7.0;2.57;76;823.6;0.4408;67;0;67;9
2023;361;10;55;30;65;0.50;100000;107029;7.0;5.86;123;427.8;0.3415;84;0;84;39
2023;362;10;85;45;85;0.50;100000;107014;7.0;3.67;70;622.0;0.3857;54;0;54;16
2023;363;15;20;15;35;0.50;100000;107005;7.0;6.84;65;209.0;0.3462;45;0;45;20
2023;364;10;75;40;90;0.50;100000;106995;7.0;5.90;73;557.8;0.3425;50;0;50;23
2023;365;20;55;45;75;0.50;100000;106979;7.0;3.57;55;613.0;0.4273;47;0;47;8
2023;366;10;80;35;60;0.50;100000;106975;7.0;6.16;105;483.0;0.4000;84;0;84;21
2023;367;20;100;45;80;0.50;100000;106972;7.0;2.15;48;612.8;0.4167;40;0;40;8
2023;368;25;65;40;90;0.50;100000;106963;7.0;2.52;38;546.8;0.3684;28;0;28;10
2023;369;10;20;55;75;0.50;100000;106956;7.0;2.35;96;745.6;0.4583;88;0;88;8
2023;370;25;40;35;70;0.50;100000;106940;6.9;2.13;36;474.6;0.4028;29;0;29;7
2023;371;10;75;45;90;0.50;100000;106932;6.9;6.07;73;617.8;0.3699;54;0;54;19
2023;372;30;65;20;35;0.50;100000;106930;6.9;3.25;36;269.6;0.4444;32;0;32;4
2023;373;15;85;20;30;0.50;100000;106926;6.9;2.50;113;271.8;0.4381;99;0;99;14
2023;374;10;20;40;85;0.50;100000;106922;6.9;7.53;93;554.8;0.3495;65;0;65;28
2023;375;10;20;40;90;0.50;100000;106909;6.9;6.43;89;555.4;0.3371;60;0;60;29
2023;376;25;40;30;75;0.50;100000;106899;6.9;2.54;31;406.6;0.3548;22;0;22;9
2023;377;10;50;75;45;0.50;100000;106878;6.9;1.75;94;1008.4;0.6755;127;33;61;0
2023;378;20;30;20;40;0.50;100000;106875;6.9;2.68;50;270.0;0.3900;39;0;39;11
2023;379;10;30;30;20;0.50;100000;106871;6.9;4.91;223;407.8;0.6323;282;59;164;0
2023;380;15;20;20;60;0.50;100000;106868;6.9;5.86;59;277.4;0.2881;34;0;34;25
2023;381;10;65;40;60;0.50;100000;106852;6.9;3.70;115;539.0;0.4304;99;0;99;16
2023;382;10;50;20;55;0.50;100000;106842;6.8;6.12;156;291.6;0.2885;90;0;90;66
2023;383;20;35;15;40;0.50;100000;106829;6.8;6.40;67;206.2;0.3134;42;0;42;25
2023;384;10;100;35;85;0.50;100000;106828;6.8;8.63;84;482.4;0.3214;54;0;54;30
2023;385;10;30;30;50;0.50;100000;106826;6.8;5.69;164;410.4;0.3994;131;0;131;33
2023;386;15;20;30;90;0.50;100000;106807;6.8;5.77;50;410.0;0.2900;29;0;29;21
2023;387;25;65;35;70;0.50;100000;106796;6.8;3.13;42;466.2;0.3929;33;0;33;9
2023;388;15;20;35;80;0.50;100000;106791;6.8;5.86;53;470.8;0.3491;37;0;37;16
2023;389;15;45;90;55;0.50;100000;106767;6.8;1.70;59;1187.4;0.6949;82;23;36;0
2023;390;10;35;35;65;0.50;100000;106751;6.8;3.93;132;475.2;0.3750;99;0;99;33
2023;391;15;90;35;85;0.50;100000;106747;6.7;6.45;69;473.4;0.3261;45;0;45;24
2023;392;10;80;75;45;0.50;100000;106739;6.7;2.03;87;988.2;0.6782;118;31;56;0
2023;393;10;50;100;80;0.50;100000;106739;6.7;1.24;48;1312.8;0.6354;61;13;35;0
2023;394;15;90;35;75;0.50;100000;106733;6.7;5.06;72;469.2;0.3542;51;0;51;21
2023;395;20;40;35;100;0.50;100000;106725;6.7;3.64;52;472.2;0.2981;31;0;31;21
2023;396;20;55;35;100;0.50;100000;106725;6.7;4.91;52;472.2;0.2981;31;0;31;21
2023;397;20;95;40;90;0.50;100000;106719;6.7;2.93;43;529.8;0.3605;31;0;31;12
2023;398;10;100;50;100;0.50;100000;106694;6.7;3.65;63;661.8;0.3730;47;0;47;16
2023;399;15;20;35;75;0.50;100000;106683;6.7;4.51;49;461.4;0.3673;36;0;36;13
2023;400;10;95;35;20;0.50;100000;106671;6.7;3.19;133;458.8;0.6805;181;48;85;0
2023;401;20;55;35;90;0.50;100000;106669;6.7;4.05;53;465.8;0.3208;34;0;34;19
2023;402;10;65;30;80;0.50;100000;106666;6.7;10.13;99;411.4;0.2980;59;0;59;40
2023;403;15;80;35;95;0.50;100000;106643;6.6;6.02;59;467.4;0.3051;36;0;36;23
2023;404;15;60;35;90;0.50;100000;106642;6.6;5.26;60;466.0;0.3167;38;0;38;22
2023;405;15;95;85;75;0.50;100000;106633;6.6;1.23;44;1098.4;0.6136;54;10;34;0
2023;406;10;65;60;25;0.50;100000;106633;6.6;1.81;135;781.0;0.7481;202;67;68;0
2023;407;15;20;45;70;0.50;100000;106629;6.6;2.52;49;581.4;0.4490;44;0;44;5
2023;408;20;75;60;85;0.50;100000;106625;6.6;1.51;45;772.0;0.4778;43;0;43;2
2023;409;15;100;15;30;0.50;100000;106619;6.6;5.47;94;198.4;0.3723;70;0;70;24
2023;410;15;40;40;100;0.50;100000;106610;6.6;4.37;64;530.4;0.3203;41;0;41;23
2023;411;25;65;45;90;0.50;100000;106595;6.6;2.52;35;581.0;0.4000;28;0;28;7
2023;412;10;75;35;90;0.50;100000;106590;6.6;9.11;74;466.4;0.3108;46;0;46;28
2023;413;25;80;45;95;0.50;100000;106582;6.6;2.52;35;581.0;0.3857;27;0;27;8
2023;414;10;20;25;40;0.50;100000;106581;6.6;4.13;182;330.2;0.4093;149;0;149;33
2023;415;10;90;40;85;0.50;100000;106579;6.6;7.14;78;525.8;0.3526;55;0;55;23
2023;416;10;95;40;85;0.50;100000;106579;6.6;3.98;78;525.8;0.3526;55;0;55;23
2023;417;25;100;15;45;0.50;100000;106576;6.6;6.11;51;198.6;0.2941;30;0;30;21
2023;418;10;30;30;90;0.50;100000;106574;6.6;7.79;93;409.8;0.2742;51;0;51;42
2023;419;25;55;45;70;0.50;100000;106572;6.6;1.52;39;575.4;0.4615;36;0;36;3
2023;420;10;50;100;65;0.50;100000;106554;6.6;1.31;51;1278.6;0.6863;70;19;32;0
2023;421;25;65;20;55;0.50;100000;106553;6.6;3.97;39;260.4;0.3205;25;0;25;14
2023;422;30;85;20;45;0.50;100000;106545;6.5;2.57;44;258.4;0.3636;32;0;32;12
2023;423;20;40;40;85;0.50;100000;106541;6.5;3.98;52;517.2;0.3654;38;0;38;14
2023;424;15;40;30;70;0.50;100000;106541;6.5;4.42;88;396.8;0.3295;58;0;58;30
2023;425;10;40;30;85;0.50;100000;106529;6.5;8.45;102;407.2;0.2843;58;0;58;44
2023;426;10;20;35;70;0.50;100000;106527;6.5;7.46;120;462.0;0.3583;86;0;86;34
2023;427;20;60;25;60;0.50;100000;106519;6.5;4.82;73;327.8;0.3288;48;0;48;25
2023;428;15;55;30;65;0.50;100000;106495;6.5;6.52;88;391.8;0.3466;61;0;61;27
2023;429;10;70;35;85;0.50;100000;106472;6.5;6.06;86;459.6;0.3198;55;0;55;31
2023;430;15;75;55;80;0.50;100000;106470;6.5;1.67;58;693.8;0.4569;53;0;53;5
2023;431;15;80;40;75;0.50;100000;106470;6.5;5.02;70;512.0;0.3857;54;0;54;16
2023;432;25;75;15;45;0.50;100000;106466;6.5;5.21;53;195.8;0.2925;31;0;31;22
2023;433;10;30;20;55;0.50;100000;106452;6.5;11.60;178;280.8;0.2865;102;0;102;76
2023;434;15;100;50;100;0.50;100000;106442;6.4;2.51;47;634.2;0.3830;36;0;36;11
2023;435;10;50;100;50;0.50;100000;106438;6.4;1.34;66;1257.6;0.7348;97;31;35;0
2023;436;10;75;40;75;0.50;100000;106434;6.4;4.27;94;513.4;0.3777;71;0;71;23
2023;437;15;85;50;35;0.50;100000;106430;6.4;3.08;86;629.6;0.6395;110;24;62;0
2023;438;10;35;40;10;0.50;100000;106429;6.4;2.39;245;507.0;0.8347;409;164;81;0
2023;439;25;80;60;30;0.50;100000;106424;6.4;1.02;42;751.2;0.7738;65;23;19;0
2023;440;15;25;20;50;0.50;100000;106418;6.4;9.90;85;261.0;0.3176;54;0;54;31
2023;441;15;20;25;75;0.50;100000;106418;6.4;7.52;54;324.4;0.2870;31;0;31;23
2023;442;10;80;25;60;0.50;100000;106417;6.4;6.66;111;329.6;0.3198;71;0;71;40
2023;443;15;30;30;70;0.50;100000;106412;6.4;8.15;80;388.0;0.3312;53;0;53;27
2023;444;15;100;45;80;0.50;100000;106384;6.4;2.52;54;564.4;0.4074;44;0;44;10
2023;445;25;70;10;20;0.50;100000;106383;6.4;2.65;53;125.8;0.3962;42;0;42;11
2023;446;15;25;25;65;0.50;100000;106373;6.4;7.52;76;323.6;0.3092;47;0;47;29
2023;447;20;60;35;95;0.50;100000;106367;6.4;3.89;52;447.2;0.3077;32;0;32;20
2023;448;10;70;40;95;0.50;100000;106367;6.4;3.64;70;512.0;0.3286;46;0;46;24
2023;449;30;65;15;35;0.50;100000;106361;6.4;3.44;37;188.2;0.3649;27;0;27;10
2023;450;10;85;40;20;0.50;100000;106357;6.4;3.09;156;501.6;0.7051;220;64;92;0
2023;451;20;65;10;30;0.50;100000;106350;6.3;8.58;78;130.8;0.2885;45;0;45;33
2023;452;20;80;25;75;0.50;100000;106347;6.3;7.94;56;321.6;0.2857;32;0;32;24
2023;453;10;25;70;100;0.50;100000;106342;6.3;2.11;60;866.0;0.4583;55;0;55;5
2023;454;25;55;20;30;0.50;100000;106340;6.3;2.53;52;247.2;0.4615;48;0;48;4
2023;455;15;75;35;100;0.50;100000;106339;6.3;5.71;58;448.8;0.2931;34;0;34;24
2023;456;15;45;35;75;0.50;100000;106306;6.3;4.15;77;442.2;0.3506;54;0;54;23
2023;457;15;80;40;35;0.50;100000;106302;6.3;1.69;87;493.2;0.5805;101;14;73;0
2023;458;15;45;50;30;0.50;100000;106286;6.3;2.20;102;617.2;0.6716;137;35;67;0
2023;459;10;20;20;35;0.50;100000;106277;6.3;7.86;209;257.4;0.3876;162;0;162;47
2023;460;20;45;15;45;0.50;100000;106266;6.3;5.21;76;193.6;0.2829;43;0;43;33
2023;461;15;70;40;30;0.50;100000;106262;6.3;1.78;92;491.2;0.6196;114;22;70;0
2023;462;15;70;50;35;0.50;100000;106255;6.3;2.69;87;613.2;0.6379;111;24;63;0
2023;463;25;55;15;30;0.50;100000;106254;6.3;4.62;50;185.0;0.3900;39;0;39;11
2023;464;15;30;90;50;0.50;100000;106246;6.2;1.19;58;1098.8;0.7155;83;25;33;0
2023;465;25;70;25;50;0.50;100000;106244;6.2;3.55;48;307.8;0.3854;37;0;37;11
2023;466;20;55;55;80;0.50;100000;106242;6.2;1.88;57;670.2;0.4561;52;0;52;5
2023;467;10;40;25;70;0.50;100000;106239;6.2;9.27;134;332.4;0.2836;76;0;76;58
2023;468;15;20;30;80;0.50;100000;106237;6.2;5.58;53;375.8;0.3113;33;0;33;20
2023;469;10;45;40;95;0.50;100000;106232;6.2;8.76;85;506.0;0.3235;55;0;55;30
2023;470;20;60;45;75;0.50;100000;106229;6.2;1.97;57;550.2;0.4211;48;0;48;9
2023;471;20;30;25;70;0.50;100000;106227;6.2;5.64;42;311.2;0.3095;26;0;26;16
2023;472;25;65;25;65;0.50;100000;106219;6.2;5.55;43;309.8;0.3256;28;0;28;15
2023;473;25;40;35;75;0.50;100000;106206;6.2;1.99;31;426.6;0.3871;24;0;24;7
2023;474;10;90;55;95;0.50;100000;106184;6.2;3.13;64;670.4;0.4062;52;0;52;12
2023;475;25;65;30;70;0.50;100000;106183;6.2;3.53;38;366.8;0.3553;27;0;27;11
2023;476;25;70;40;70;0.50;100000;106181;6.2;2.52;40;484.0;0.4250;34;0;34;6
2023;477;15;20;35;50;0.50;100000;106175;6.2;1.77;56;421.6;0.4643;52;0;52;4
2023;478;30;85;65;40;0.50;100000;106168;6.2;1.52;34;782.4;0.7353;50;16;18;0
2023;479;10;30;45;70;0.50;100000;106164;6.2;2.95;111;549.6;0.4189;93;0;93;18
2023;480;25;85;35;90;0.50;100000;106162;6.2;4.57;43;429.8;0.3256;28;0;28;15
2023;481;20;85;25;70;0.50;100000;106142;6.1;5.52;66;312.6;0.2955;39;0;39;27
2023;482;10;40;40;80;0.50;100000;106142;6.1;5.81;103;495.8;0.3592;74;0;74;29
2023;483;15;100;50;30;0.50;100000;106142;6.1;1.78;84;602.4;0.6786;114;30;54;0
2023;484;10;20;45;90;0.50;100000;106129;6.1;6.22;87;553.2;0.3621;63;0;63;24
2023;485;15;70;40;95;0.50;100000;106124;6.1;4.88;57;490.2;0.3333;38;0;38;19
2023;486;10;60;50;30;0.50;100000;106121;6.1;3.67;140;604.0;0.6607;185;45;95;0
2023;487;10;45;75;50;0.50;100000;106117;6.1;2.46;89;900.4;0.6461;115;26;63;0
2023;488;30;80;15;40;0.50;100000;106113;6.1;5.13;31;181.6;0.3387;21;0;21;10
2023;489;30;85;20;55;0.50;100000;106097;6.1;2.76;34;242.4;0.3235;22;0;22;12
2023;490;10;100;45;95;0.50;100000;106096;6.1;5.91;66;547.6;0.3561;47;0;47;19
2023;491;15;40;20;40;0.50;100000;106094;6.1;6.06;123;247.8;0.3618;89;0;89;34
2023;492;10;30;25;75;0.50;100000;106088;6.1;11.11;124;326.4;0.2702;67;0;67;57
2023;493;15;95;55;75;0.50;100000;106078;6.1;1.51;56;651.6;0.4732;53;0;53;3
2023;494;15;30;40;75;0.50;100000;106078;6.1;3.42;76;483.6;0.3816;58;0;58;18
2023;495;15;80;55;30;0.50;100000;106075;6.1;2.40;75;655.0;0.7067;106;31;44;0
2023;496;10;90;30;55;0.50;100000;106071;6.1;4.33;120;367.0;0.3792;91;0;91;29
2023;497;20;90;25;50;0.50;100000;106063;6.1;4.18;70;302.0;0.3714;52;0;52;18
2023;498;20;55;30;85;0.50;100000;106061;6.1;6.02;67;371.2;0.2910;39;0;39;28
2023;499;15;80;75;50;0.50;100000;106058;6.1;1.77;61;889.6;0.6639;81;20;41;0
2023;500;10;15;45;100;0.50;100000;106055;6.1;5.14;67;546.2;0.3433;46;0;46;21
2024;1;15;45;20;50;0.50;100000;119321;19.3;4.52;74;716.4;0.3649;54;0;54;20
2024;2;10;80;25;50;0.50;100000;119064;19.1;2.64;69;878.4;0.4275;59;0;59;10
2024;3;10;45;25;60;0.50;100000;117708;17.7;5.29;93;829.8;0.3548;66;0;66;27
2024;4;20;85;20;35;0.50;100000;116873;16.9;1.55;50;625.0;0.4900;49;0;49;1
2024;5;20;65;20;45;0.50;100000;116216;16.2;4.44;56;606.6;0.4018;45;0;45;11
2024;6;10;25;20;50;0.50;100000;115864;15.9;8.06;124;606.4;0.3306;82;0;82;42
2024;7;10;80;30;70;0.50;100000;115848;15.8;3.91;62;893.2;0.3790;47;0;47;15
2024;8;10;80;25;55;0.50;100000;115335;15.3;2.55;70;722.0;0.3857;54;0;54;16
2024;9;10;85;25;70;0.50;100000;115289;15.3;4.86;58;723.8;0.3362;39;0;39;19
2024;10;10;90;25;65;0.50;100000;115263;15.3;5.80;63;721.8;0.3492;44;0;44;19
2024;11;10;90;25;75;0.50;100000;115056;15.1;5.65;60;716.0;0.3167;38;0;38;22
2024;12;10;85;30;70;0.50;100000;114815;14.8;3.91;58;838.8;0.3793;44;0;44;14
2024;13;20;65;20;50;0.50;100000;114574;14.6;4.52;56;551.6;0.3661;41;0;41;15
2024;14;20;75;20;50;0.50;100000;114444;14.4;2.89;46;545.6;0.3804;35;0;35;11
2024;15;15;75;25;70;0.50;100000;114433;14.4;3.71;44;683.4;0.3523;31;0;31;13
2024;16;20;85;20;45;0.50;100000;114388;14.4;2.57;45;542.0;0.4111;37;0;37;8
2024;17;10;85;30;65;0.50;100000;114175;14.2;3.53;55;803.0;0.4000;44;0;44;11
2024;18;10;70;30;50;0.50;100000;114154;14.2;2.54;86;799.6;0.4419;76;0;76;10
2024;19;15;30;20;50;0.50;100000;113954;14.0;3.20;70;532.0;0.3500;49;0;49;21
2024;20;10;75;10;20;0.50;100000;113654;13.7;5.56;114;260.4;0.3947;90;0;90;24
2024;21;10;65;10;20;0.50;100000;113640;13.6;5.95;128;260.8;0.3906;100;0;100;28
2024;22;10;60;25;70;0.50;100000;113402;13.4;6.65;78;645.8;0.3141;49;0;49;29
2024;23;10;80;25;65;0.50;100000;113204;13.2;5.32;63;631.8;0.3413;43;0;43;20
2024;24;10;80;30;60;0.50;100000;113184;13.2;2.54;64;750.4;0.4062;52;0;52;12
2024;25;10;90;30;65;0.50;100000;113107;13.1;3.53;59;747.4;0.3898;46;0;46;13
2024;26;10;80;30;65;0.50;100000;113107;13.1;2.91;59;747.4;0.3898;46;0;46;13
2024;27;10;85;30;75;0.50;100000;112975;13.0;4.12;58;743.8;0.3534;41;0;41;17
2024;28;15;75;15;35;0.50;100000;112918;12.9;4.45;71;370.6;0.3662;52;0;52;19
2024;29;15;100;10;30;0.50;100000;112902;12.9;6.81;65;249.0;0.3154;41;0;41;24
2024;30;15;30;15;35;0.50;100000;112843;12.8;4.45;79;369.4;0.3608;57;0;57;22
2024;31;20;60;20;50;0.50;100000;112519;12.5;3.89;51;478.6;0.3627;37;0;37;14
2024;32;15;80;15;35;0.50;100000;112503;12.5;3.86;65;359.0;0.3692;48;0;48;17
2024;33;30;85;10;30;0.50;100000;112310;12.3;3.98;32;235.2;0.3594;23;0;23;9
2024;34;20;70;20;55;0.50;100000;112013;12.0;2.76;36;459.6;0.3611;26;0;26;10
2024;35;10;80;35;70;0.50;100000;111959;12.0;2.60;55;798.0;0.4091;45;0;45;10
2024;36;10;75;25;70;0.50;100000;111955;12.0;3.71;59;577.4;0.3220;38;0;38;21
2024;37;25;75;20;50;0.50;100000;111897;11.9;2.19;33;453.8;0.3939;26;0;26;7
2024;38;20;70;20;60;0.50;100000;111856;11.9;4.65;45;457.0;0.3222;29;0;29;16
2024;39;10;30;30;90;0.50;100000;111808;11.8;4.85;65;689.0;0.3000;39;0;39;26
2024;40;15;85;25;65;0.50;100000;111798;11.8;5.05;52;567.2;0.3462;36;0;36;16
2024;41;10;90;25;70;0.50;100000;111586;11.6;5.33;63;561.8;0.3175;40;0;40;23
2024;42;10;95;25;75;0.50;100000;111544;11.5;6.49;63;561.8;0.3016;38;0;38;25
2024;43;10;80;30;50;0.50;100000;111473;11.5;2.54;74;656.4;0.4392;65;0;65;9
2024;44;10;80;25;75;0.50;100000;111470;11.5;5.59;65;559.0;0.3000;39;0;39;26
2024;45;10;80;30;75;0.50;100000;111350;11.4;3.83;56;656.6;0.3482;39;0;39;17
2024;46;20;100;10;30;0.50;100000;111303;11.3;5.74;44;218.4;0.3295;29;0;29;15
2024;47;10;75;35;70;0.50;100000;111273;11.3;2.60;60;756.0;0.4000;48;0;48;12
2024;48;15;30;25;50;0.50;100000;111061;11.1;4.09;67;531.2;0.3955;53;0;53;14
2024;49;15;50;10;20;0.50;100000;111027;11.0;5.56;84;212.4;0.3988;67;0;67;17
2024;50;10;90;30;50;0.50;100000;111018;11.0;3.03;77;632.2;0.4351;67;0;67;10
2024;51;10;75;10;25;0.50;100000;110948;10.9;4.76;124;216.4;0.3306;82;0;82;42
2024;52;15;85;25;70;0.50;100000;110940;10.9;3.87;47;529.2;0.3298;31;0;31;16
2024;53;15;95;25;55;0.50;100000;110858;10.9;3.00;49;521.4;0.3878;38;0;38;11
2024;54;10;75;35;60;0.50;100000;110843;10.8;3.69;67;726.2;0.4328;58;0;58;9
2024;55;10;85;25;75;0.50;100000;110762;10.8;5.65;54;524.4;0.3056;33;0;33;21
2024;56;20;70;20;45;0.50;100000;110722;10.7;3.62;45;412.0;0.3889;35;0;35;10
2024;57;10;50;25;65;0.50;100000;110543;10.5;7.70;81;516.6;0.3210;52;0;52;29
2024;58;10;55;25;60;0.50;100000;110484;10.5;4.01;81;511.6;0.3395;55;0;55;26
2024;59;15;65;25;50;0.50;100000;110337;10.3;4.63;72;499.2;0.3889;56;0;56;16
2024;60;15;95;10;30;0.50;100000;110306;10.3;5.44;56;201.6;0.3125;35;0;35;21
2024;61;25;95;15;35;0.50;100000;110249;10.2;2.93;32;295.2;0.4062;26;0;26;6
2024;62;15;30;15;45;0.50;100000;110128;10.1;4.82;65;299.0;0.3000;39;0;39;26
2024;63;15;30;20;45;0.50;100000;109977;10.0;5.00;66;387.6;0.3636;48;0;48;18
2024;64;10;75;30;70;0.50;100000;109908;9.9;3.53;59;577.4;0.3559;42;0;42;17
2024;65;10;75;25;60;0.50;100000;109873;9.9;4.25;70;482.0;0.3429;48;0;48;22
2024;66;20;95;30;50;0.50;100000;109851;9.9;1.53;39;565.4;0.4744;37;0;37;2
2024;67;10;75;45;60;0.50;100000;109814;9.8;0.51;62;843.2;0.5000;62;0;62;0
2024;68;15;95;30;70;0.50;100000;109789;9.8;3.91;38;566.8;0.3816;29;0;29;9
2024;69;15;65;25;75;0.50;100000;109768;9.8;5.65;51;478.6;0.3039;31;0;31;20
2024;70;10;85;35;65;0.50;100000;109767;9.8;2.94;58;658.8;0.4138;48;0;48;10
2024;71;20;80;15;45;0.50;100000;109766;9.8;5.72;52;287.2;0.3077;32;0;32;20
2024;72;15;100;10;25;0.50;100000;109703;9.7;5.10;68;189.8;0.3456;47;0;47;21
2024;73;20;85;15;30;0.50;100000;109661;9.7;4.47;47;279.2;0.4149;39;0;39;8
2024;74;15;40;20;60;0.50;100000;109641;9.6;3.65;70;382.0;0.2929;41;0;41;29
2024;75;25;95;20;50;0.50;100000;109593;9.6;3.52;35;371.0;0.3714;26;0;26;9
2024;76;10;20;30;50;0.50;100000;109562;9.6;3.93;103;555.8;0.4175;86;0;86;17
2024;77;15;90;25;65;0.50;100000;109537;9.5;5.77;47;464.2;0.3404;32;0;32;15
2024;78;15;30;30;50;0.50;100000;109532;9.5;3.53;64;550.4;0.4375;56;0;56;8
2024;79;15;90;15;30;0.50;100000;109521;9.5;5.32;70;277.0;0.3929;55;0;55;15
2024;80;10;75;25;50;0.50;100000;109517;9.5;3.27;80;463.0;0.3812;61;0;61;19
2024;81;10;75;25;40;0.50;100000;109482;9.5;2.71;91;457.6;0.4341;79;0;79;12
2024;82;10;75;25;45;0.50;100000;109425;9.4;3.75;81;456.6;0.4074;66;0;66;15
2024;83;10;95;35;65;0.50;100000;109308;9.3;2.53;64;630.4;0.4062;52;0;52;12
2024;84;15;95;25;65;0.50;100000;109248;9.2;3.57;49;451.4;0.3367;33;0;33;16
2024;85;20;85;20;50;0.50;100000;109234;9.2;1.87;37;358.2;0.3649;27;0;27;10
2024;86;10;55;25;55;0.50;100000;109219;9.2;4.00;97;454.2;0.3505;68;0;68;29
2024;87;20;70;25;70;0.50;100000;109210;9.2;3.87;43;449.8;0.3256;28;0;28;15
2024;88;10;90;30;70;0.50;100000;109205;9.2;3.91;58;538.8;0.3534;41;0;41;17
2024;89;10;75;25;65;0.50;100000;109196;9.2;3.55;63;451.8;0.3254;41;0;41;22
2024;90;25;90;15;30;0.50;100000;109156;9.2;1.71;36;264.6;0.4306;31;0;31;5
2024;91;15;25;10;20;0.50;100000;109151;9.2;3.70;66;177.6;0.4015;53;0;53;13
2024;92;10;80;15;25;0.50;100000;109128;9.1;4.53;110;266.0;0.4227;93;0;93;17
2024;93;10;55;30;50;0.50;100000;109104;9.1;4.23;93;529.8;0.4194;78;0;78;15
2024;94;10;90;35;65;0.50;100000;109091;9.1;3.55;60;616.0;0.4083;49;0;49;11
2024;95;10;90;25;60;0.50;100000;109076;9.1;4.30;74;446.4;0.3378;50;0;50;24
2024;96;15;95;35;70;0.50;100000;109008;9.0;2.60;40;609.0;0.4125;33;0;33;7
2024;97;20;95;10;30;0.50;100000;108934;8.9;4.27;46;175.6;0.3152;29;0;29;17
2024;98;10;55;25;50;0.50;100000;108917;8.9;5.95;98;437.8;0.3724;73;0;73;25
2024;99;15;40;20;40;0.50;100000;108906;8.9;4.89;80;348.0;0.3812;61;0;61;19
2024;100;15;65;25;70;0.50;100000;108897;8.9;5.48;58;438.8;0.3103;36;0;36;22
2024;101;20;50;15;35;0.50;100000;108879;8.9;4.03;57;260.2;0.3596;41;0;41;16
2024;102;20;100;20;50;0.50;100000;108877;8.9;2.89;39;345.4;0.3590;28;0;28;11
2024;103;15;45;15;35;0.50;100000;108791;8.8;4.69;92;261.2;0.3424;63;0;63;29
2024;104;20;95;25;50;0.50;100000;108760;8.8;2.55;37;423.2;0.4189;31;0;31;6
2024;105;25;85;10;30;0.50;100000;108743;8.7;3.69;35;171.0;0.3286;23;0;23;12
2024;106;10;70;25;50;0.50;100000;108704;8.7;6.31;88;426.8;0.3750;66;0;66;22
2024;107;20;95;20;50;0.50;100000;108643;8.6;3.39;51;338.6;0.3431;35;0;35;16
2024;108;10;90;30;75;0.50;100000;108627;8.6;5.10;55;508.0;0.3364;37;0;37;18
2024;109;10;35;30;55;0.50;100000;108582;8.6;4.33;97;504.2;0.3918;76;0;76;21
2024;110;15;90;15;35;0.50;100000;108535;8.5;4.03;70;252.0;0.3500;49;0;49;21
2024;111;15;35;15;45;0.50;100000;108526;8.5;4.01;74;256.4;0.2905;43;0;43;31
2024;112;15;70;25;70;0.50;100000;108491;8.5;4.86;51;418.6;0.3137;32;0;32;19
2024;113;25;80;10;20;0.50;100000;108474;8.5;2.65;40;164.0;0.4250;34;0;34;6
2024;114;15;25;10;30;0.50;100000;108472;8.5;5.44;65;169.0;0.3000;39;0;39;26
2024;115;10;50;30;50;0.50;100000;108431;8.4;3.03;91;492.6;0.4176;76;0;76;15
2024;116;10;75;35;65;0.50;100000;108420;8.4;3.33;62;573.2;0.4032;50;0;50;12
2024;117;15;100;20;60;0.50;100000;108419;8.4;5.86;48;332.8;0.3021;29;0;29;19
2024;118;15;70;20;55;0.50;100000;108395;8.4;4.57;59;332.4;0.3136;37;0;37;22
2024;119;15;85;30;45;0.50;100000;108338;8.3;1.53;52;482.2;0.4712;49;0;49;3
2024;120;10;55;25;65;0.50;100000;108282;8.3;4.79;83;413.8;0.3133;52;0;52;31
2024;121;20;85;15;45;0.50;100000;108261;8.3;5.91;40;244.0;0.3125;25;0;25;15
2024;122;20;55;20;45;0.50;100000;108247;8.2;2.57;55;323.0;0.3636;40;0;40;15
2024;123;20;55;20;50;0.50;100000;108226;8.2;4.20;48;322.8;0.3438;33;0;33;15
2024;124;10;90;10;25;0.50;100000;108191;8.2;3.81;97;164.2;0.3299;64;0;64;33
2024;125;15;45;25;50;0.50;100000;108179;8.2;3.82;71;400.6;0.3803;54;0;54;17
2024;126;10;90;30;45;0.50;100000;108162;8.2;2.54;79;474.4;0.4494;71;0;71;8
2024;127;15;95;35;55;0.50;100000;108156;8.2;1.52;49;551.4;0.4592;45;0;45;4
2024;128;15;75;25;65;0.50;100000;108151;8.2;5.05;43;399.8;0.3372;29;0;29;14
2024;129;10;55;35;50;0.50;100000;108111;8.1;3.95;103;550.8;0.4515;93;0;93;10
2024;130;30;85;20;60;0.50;100000;108072;8.1;2.06;31;316.6;0.3226;20;0;20;11
2024;131;10;25;60;45;0.50;100000;108045;8.0;2.12;71;935.6;0.6408;91;20;51;0
2024;132;15;55;10;30;0.50;100000;108040;8.0;9.69;97;164.2;0.2887;56;0;56;41
2024;133;10;60;55;45;0.50;100000;108034;8.0;1.53;74;856.4;0.6149;91;17;57;0
2024;134;10;25;30;50;0.50;100000;107998;8.0;3.33;107;470.2;0.4112;88;0;88;19
2024;135;10;35;60;35;0.50;100000;107971;8.0;2.24;80;928.0;0.7000;112;32;48;0
2024;136;10;50;85;55;0.50;100000;107963;8.0;1.05;43;1309.8;0.7209;62;19;24;0
2024;137;10;75;25;55;0.50;100000;107936;7.9;3.34;64;390.4;0.3594;46;0;46;18
2024;138;20;90;25;65;0.50;100000;107917;7.9;2.81;31;386.6;0.3548;22;0;22;9
2024;139;20;85;20;60;0.50;100000;107900;7.9;4.57;35;311.0;0.3143;22;0;22;13
2024;140;10;20;80;55;0.50;100000;107862;7.9;2.12;51;1218.6;0.6863;70;19;32;0
2024;141;10;75;40;60;0.50;100000;107859;7.9;2.30;65;609.0;0.4538;59;0;59;6
2024;142;10;20;30;45;0.50;100000;107855;7.9;3.00;111;459.6;0.4369;97;0;97;14
2024;143;10;35;95;35;0.50;100000;107798;7.8;0.82;55;1433.0;0.8364;92;37;18;0
2024;144;10;80;35;65;0.50;100000;107765;7.8;3.33;57;530.2;0.4035;46;0;46;11
2024;145;15;25;20;45;0.50;100000;107759;7.8;3.57;57;305.2;0.3596;41;0;41;16
2024;146;10;90;20;60;0.50;100000;107727;7.7;4.65;64;310.4;0.2891;37;0;37;27
2024;147;25;70;20;45;0.50;100000;107706;7.7;3.75;32;300.2;0.3906;25;0;25;7
2024;148;30;75;15;45;0.50;100000;107683;7.7;3.71;31;226.6;0.3226;20;0;20;11
2024;149;10;75;30;60;0.50;100000;107677;7.7;3.11;63;451.8;0.3810;48;0;48;15
2024;150;20;85;25;35;0.50;100000;107667;7.7;1.54;50;370.0;0.4900;49;0;49;1
2024;151;20;40;20;45;0.50;100000;107659;7.7;3.57;43;299.8;0.3721;32;0;32;11
2024;152;20;75;20;45;0.50;100000;107659;7.7;3.44;43;299.8;0.3721;32;0;32;11
2024;153;15;70;40;90;0.50;100000;107613;7.6;4.14;39;595.4;0.3718;29;0;29;10
2024;154;10;50;30;60;0.50;100000;107605;7.6;5.85;85;451.0;0.3706;63;0;63;22
2024;155;10;70;20;40;0.50;100000;107566;7.6;8.55;113;301.8;0.3673;83;0;83;30
2024;156;10;85;25;65;0.50;100000;107504;7.5;4.82;68;374.8;0.3162;43;0;43;25
2024;157;10;25;25;50;0.50;100000;107502;7.5;4.35;108;373.8;0.3657;79;0;79;29
2024;158;10;85;35;70;0.50;100000;107460;7.5;5.03;59;512.4;0.3814;45;0;45;14
2024;159;10;35;20;35;0.50;100000;107381;7.4;7.25;147;294.2;0.3946;116;0;116;31
2024;160;10;30;35;60;0.50;100000;107369;7.4;3.86;98;507.8;0.4031;79;0;79;19
2024;161;10;50;35;50;0.50;100000;107333;7.3;2.20;93;499.8;0.4516;84;0;84;9
2024;162;20;45;95;45;0.50;100000;107316;7.3;0.77;31;1346.6;0.8387;52;21;10;0
2024;163;10;75;20;40;0.50;100000;107310;7.3;8.01;106;291.6;0.3679;78;0;78;28
2024;164;15;45;70;50;0.50;100000;107289;7.3;0.96;49;991.4;0.6735;66;17;32;0
2024;165;15;75;30;70;0.50;100000;107267;7.3;4.16;50;430.0;0.3500;35;0;35;15
2024;166;10;100;25;65;0.50;100000;107220;7.2;4.31;70;362.0;0.3143;44;0;44;26
2024;167;15;70;30;45;0.50;100000;107208;7.2;1.87;64;420.4;0.4531;58;0;58;6
2024;168;10;20;20;50;0.50;100000;107191;7.2;5.09;118;294.8;0.3136;74;0;74;44
2024;169;10;30;20;55;0.50;100000;107189;7.2;4.96;116;297.6;0.2931;68;0;68;48
2024;170;10;15;25;75;0.50;100000;107169;7.2;7.82;63;361.8;0.2857;36;0;36;27
2024;171;15;95;25;70;0.50;100000;107153;7.2;4.37;43;354.8;0.3140;27;0;27;16
2024;172;10;40;55;35;0.50;100000;107135;7.1;2.61;82;765.2;0.6707;110;28;54;0
2024;173;15;75;10;25;0.50;100000;107114;7.1;7.45;80;143.0;0.3312;53;0;53;27
2024;174;10;20;25;45;0.50;100000;107082;7.1;3.83;113;351.8;0.3894;88;0;88;25
2024;175;15;30;20;55;0.50;100000;107077;7.1;8.65;71;285.6;0.3028;43;0;43;28
2024;176;20;55;15;35;0.50;100000;107075;7.1;5.51;57;210.2;0.3509;40;0;40;17
2024;177;15;40;20;35;0.50;100000;107032;7.0;5.26;81;276.6;0.4074;66;0;66;15
2024;178;10;25;100;65;0.50;100000;107030;7.0;0.68;35;1366.0;0.7286;51;16;19;0
2024;179;20;100;15;45;0.50;100000;107017;7.0;3.91;43;209.8;0.3023;26;0;26;17
2024;180;15;80;25;65;0.50;100000;107013;7.0;4.55;51;348.6;0.3235;33;0;33;18
2024;181;15;90;25;70;0.50;100000;106976;7.0;5.01;45;347.0;0.3111;28;0;28;17
2024;182;20;80;25;40;0.50;100000;106964;7.0;1.54;44;338.4;0.4545;40;0;40;4
2024;183;10;65;25;75;0.50;100000;106957;7.0;4.86;69;353.4;0.2826;39;0;39;30
2024;184;20;80;25;50;0.50;100000;106941;6.9;3.64;43;339.8;0.3953;34;0;34;9
2024;185;15;60;75;35;0.50;100000;106939;6.9;1.33;42;1011.2;0.7976;67;25;17;0
2024;186;15;45;95;40;0.50;100000;106916;6.9;1.68;42;1276.2;0.8214;69;27;15;0
2024;187;20;65;25;75;0.50;100000;106911;6.9;4.61;40;344.0;0.3000;24;0;24;16
2024;188;20;90;15;40;0.50;100000;106900;6.9;4.64;46;205.6;0.3261;30;0;30;16
2024;189;15;80;30;85;0.50;100000;106893;6.9;3.67;42;411.2;0.3095;26;0;26;16
2024;190;20;65;15;35;0.50;100000;106879;6.9;4.86;54;204.4;0.3519;38;0;38;16
2024;191;10;45;15;45;0.50;100000;106876;6.9;7.09;123;217.8;0.2764;68;0;68;55
2024;192;10;40;85;10;0.50;100000;106862;6.9;1.18;117;1131.2;0.9530;223;106;11;0
2024;193;30;65;10;20;0.50;100000;106860;6.9;1.60;33;133.8;0.4242;28;0;28;5
2024;194;15;25;15;40;0.50;100000;106853;6.9;6.65;60;206.0;0.3167;38;0;38;22
2024;195;10;20;35;45;0.50;100000;106842;6.8;2.05;110;466.0;0.4727;104;0;104;6
2024;196;10;75;40;55;0.50;100000;106837;6.8;2.19;60;531.0;0.4750;57;0;57;3
2024;197;15;65;25;55;0.50;100000;106827;6.8;4.34;65;339.0;0.3538;46;0;46;19
2024;198;10;50;90;45;0.50;100000;106792;6.8;1.27;50;1190.0;0.7600;76;26;24;0
2024;199;10;90;35;60;0.50;100000;106764;6.8;2.37;68;464.8;0.4118;56;0;56;12
2024;200;10;50;100;15;0.50;100000;106753;6.8;0.79;82;1310.2;0.9451;155;73;9;0
2024;201;15;90;30;45;0.50;100000;106745;6.7;1.53;51;393.6;0.4608;47;0;47;4
2024;202;10;75;30;65;0.50;100000;106744;6.7;4.48;60;401.0;0.3583;43;0;43;17
2024;203;10;25;100;60;0.50;100000;106714;6.7;0.91;38;1306.8;0.7368;56;18;20;0
2024;204;20;55;80;55;0.50;100000;106714;6.7;0.83;32;1045.2;0.7188;46;14;18;0
2024;205;10;60;80;30;0.50;100000;106707;6.7;1.46;61;1044.6;0.8115;99;38;23;0
2024;206;15;70;100;50;0.50;100000;106706;6.7;1.01;33;1303.8;0.8030;53;20;13;0
2024;207;20;90;20;50;0.50;100000;106695;6.7;4.08;46;265.6;0.3370;31;0;31;15
2024;208;15;45;75;40;0.50;100000;106683;6.7;1.43;49;976.4;0.7449;73;24;25;0
2024;209;15;75;100;50;0.50;100000;106681;6.7;0.78;36;1299.6;0.7917;57;21;15;0
2024;210;20;50;70;50;0.50;100000;106673;6.7;1.26;36;909.6;0.6944;50;14;22;0
2024;211;10;90;30;60;0.50;100000;106658;6.7;3.61;61;394.6;0.3770;46;0;46;15
2024;212;10;75;30;50;0.50;100000;106649;6.6;3.43;77;392.2;0.4156;64;0;64;13
2024;213;20;100;15;40;0.50;100000;106637;6.6;4.88;41;197.6;0.3293;27;0;27;14
2024;214;25;100;15;35;0.50;100000;106627;6.6;6.61;32;195.2;0.3750;24;0;24;8
2024;215;15;25;25;70;0.50;100000;106624;6.6;5.01;49;331.4;0.3061;30;0;30;19
2024;216;15;65;70;55;0.50;100000;106622;6.6;1.20;44;903.4;0.6477;57;13;31;0
2024;217;15;40;15;45;0.50;100000;106615;6.6;7.97;89;205.4;0.2809;50;0;50;39
2024;218;10;20;35;50;0.50;100000;106593;6.6;3.07;102;452.2;0.4461;91;0;91;11
2024;219;15;65;75;15;0.50;100000;106583;6.6;0.53;65;959.0;0.9231;120;55;10;0
2024;220;10;25;90;55;0.50;100000;106575;6.6;1.10;44;1153.4;0.7159;63;19;25;0
2024;221;10;25;35;50;0.50;100000;106535;6.5;3.39;108;448.8;0.4444;96;0;96;12
2024;222;10;80;15;45;0.50;100000;106505;6.5;5.72;91;202.6;0.2802;51;0;51;40
2024;223;20;70;25;65;0.50;100000;106500;6.5;2.81;41;322.6;0.3293;27;0;27;14
2024;224;10;100;25;70;0.50;100000;106493;6.5;5.68;62;328.2;0.2984;37;0;37;25
2024;225;20;100;20;35;0.50;100000;106473;6.5;4.25;51;253.6;0.4216;43;0;43;8
2024;226;15;85;35;65;0.50;100000;106467;6.5;3.23;47;444.2;0.4043;38;0;38;9
2024;227;10;75;35;45;0.50;100000;106456;6.5;1.52;79;439.4;0.4810;76;0;76;3
2024;228;10;60;40;10;0.50;100000;106420;6.4;2.32;148;502.8;0.8480;251;103;45;0
2024;229;10;65;15;45;0.50;100000;106415;6.4;7.76;112;203.2;0.2768;62;0;62;50
2024;230;10;85;35;60;0.50;100000;106406;6.4;3.52;67;441.2;0.4104;55;0;55;12
2024;231;15;50;70;45;0.50;100000;106396;6.4;1.87;54;874.4;0.6852;74;20;34;0
2024;232;15;80;30;65;0.50;100000;106368;6.4;3.53;48;377.8;0.3646;35;0;35;13
2024;233;15;70;30;65;0.50;100000;106368;6.4;4.97;48;377.8;0.3646;35;0;35;13
2024;234;15;95;20;55;0.50;100000;106358;6.4;4.77;50;255.0;0.3100;31;0;31;19
2024;235;15;80;20;55;0.50;100000;106358;6.4;5.15;50;255.0;0.3100;31;0;31;19
2024;236;20;80;25;45;0.50;100000;106326;6.3;2.55;43;309.8;0.4186;36;0;36;7
2024;237;20;45;75;50;0.50;100000;106320;6.3;1.38;36;924.6;0.7083;51;15;21;0
2024;238;20;40;60;90;0.50;100000;106316;6.3;1.51;31;736.6;0.4839;30;0;30;1
2024;239;10;30;40;70;0.50;100000;106310;6.3;3.51;79;499.4;0.3987;63;0;63;16
2024;240;15;40;20;50;0.50;100000;106298;6.3;4.93;75;255.0;0.3200;48;0;48;27
2024;241;20;95;15;25;0.50;100000;106278;6.3;2.59;54;184.4;0.4352;47;0;47;7
2024;242;10;35;100;60;0.50;100000;106273;6.3;1.38;40;1224.0;0.7250;58;18;22;0
2024;243;20;40;50;30;0.50;100000;106265;6.3;0.72;35;611.0;0.7429;52;17;18;0
2024;244;10;15;35;75;0.50;100000;106256;6.3;5.34;54;434.4;0.3611;39;0;39;15
2024;245;20;95;20;45;0.50;100000;106255;6.3;4.57;38;246.8;0.3684;28;0;28;10
2024;246;15;30;25;60;0.50;100000;106254;6.3;3.90;65;314.0;0.3308;43;0;43;22
2024;247;10;25;90;45;0.50;100000;106243;6.2;1.29;52;1097.2;0.7500;78;26;26;0
2024;248;20;100;15;35;0.50;100000;106220;6.2;4.62;53;185.8;0.3491;37;0;37;16
2024;249;15;80;20;60;0.50;100000;106186;6.2;5.86;50;250.0;0.2900;29;0;29;21
2024;250;15;40;20;55;0.50;100000;106185;6.2;4.36;70;252.0;0.3000;42;0;42;28
2024;251;20;95;30;70;0.50;100000;106183;6.2;3.66;38;366.8;0.3553;27;0;27;11
2024;252;20;75;100;50;0.50;100000;106182;6.2;0.78;32;1205.2;0.7969;51;19;13;0
2024;253;25;85;25;70;0.50;100000;106181;6.2;3.55;31;306.6;0.3226;20;0;20;11
2024;254;10;25;85;40;0.50;100000;106181;6.2;1.58;56;1026.6;0.7589;85;29;27;0
2024;255;10;70;30;45;0.50;100000;106179;6.2;4.03;93;364.8;0.4355;81;0;81;12
2024;256;10;75;40;65;0.50;100000;106156;6.2;3.23;65;484.0;0.4231;55;0;55;10
2024;257;20;85;25;45;0.50;100000;106155;6.2;3.47;35;301.0;0.4286;30;0;30;5
2024;258;15;50;75;45;0.50;100000;106131;6.1;2.16;44;898.4;0.7159;63;19;25;0
2024;259;20;30;20;45;0.50;100000;106111;6.1;2.57;35;241.0;0.3714;26;0;26;9
2024;260;10;75;95;30;0.50;100000;106098;6.1;0.85;47;1129.2;0.8617;81;34;13;0
2024;261;15;40;70;40;0.50;100000;106095;6.1;1.39;54;834.4;0.7130;77;23;31;0
2024;262;15;50;95;40;0.50;100000;106089;6.1;1.16;47;1129.2;0.7979;75;28;19;0
2024;263;15;50;80;45;0.50;100000;106080;6.1;1.76;46;950.6;0.7283;67;21;25;0
2024;264;15;40;70;30;0.50;100000;106071;6.1;1.68;50;830.0;0.7900;79;29;21;0
2024;265;10;60;25;65;0.50;100000;106067;6.1;5.05;85;311.0;0.3059;52;0;52;33
2024;266;10;35;100;65;0.50;100000;106060;6.1;1.22;40;1184.0;0.7000;56;16;24;0
2024;267;15;85;30;70;0.50;100000;106042;6.0;3.91;43;359.8;0.3488;30;0;30;13
2024;268;15;65;30;55;0.50;100000;106039;6.0;4.61;62;358.2;0.3952;49;0;49;13
2024;269;20;95;25;45;0.50;100000;106017;6.0;2.55;46;295.6;0.4130;38;0;38;8
2024;270;10;70;95;30;0.50;100000;106008;6.0;1.54;51;1113.6;0.8529;87;36;15;0
2024;271;20;95;15;45;0.50;100000;106007;6.0;4.72;42;181.2;0.2976;25;0;25;17
2024;272;10;80;20;55;0.50;100000;105991;6.0;9.02;81;246.6;0.2963;48;0;48;33
2024;273;10;20;95;55;0.50;100000;105984;6.0;1.88;42;1111.2;0.7262;61;19;23;0
2024;274;10;25;95;55;0.50;100000;105984;6.0;1.66;42;1111.2;0.7262;61;19;23;0
2024;275;25;90;15;35;0.50;100000;105970;6.0;3.02;31;176.6;0.3710;23;0;23;8
2024;276;10;85;70;15;0.50;100000;105961;6.0;1.90;79;814.4;0.8924;141;62;17;0
2024;277;10;30;90;40;0.50;100000;105957;6.0;1.92;58;1048.8;0.7672;89;31;27;0
2024;278;10;90;25;55;0.50;100000;105956;6.0;4.23;72;299.2;0.3472;50;0;50;22
2024;279;15;95;25;50;0.50;100000;105952;6.0;3.73;57;295.2;0.3772;43;0;43;14
2024;280;10;40;60;35;0.50;100000;105948;5.9;3.40;85;701.0;0.6824;116;31;54;0
2024;281;15;35;15;35;0.50;100000;105939;5.9;6.44;85;181.0;0.3353;57;0;57;28
2024;282;20;65;25;65;0.50;100000;105939;5.9;4.82;45;297.0;0.3222;29;0;29;16
2024;283;15;25;25;65;0.50;100000;105913;5.9;5.05;52;297.2;0.3173;33;0;33;19
2024;284;10;75;85;30;0.50;100000;105910;5.9;1.49;56;981.6;0.8214;92;36;20;0
2024;285;15;40;95;50;0.50;100000;105903;5.9;1.23;42;1096.2;0.7500;63;21;21;0
2024;286;15;45;80;50;0.50;100000;105897;5.9;1.28;41;922.6;0.7073;58;17;24;0
2024;287;15;80;30;45;0.50;100000;105892;5.9;2.54;53;345.8;0.4528;48;0;48;5
2024;288;10;25;100;55;0.50;100000;105887;5.9;1.65;42;1151.2;0.7381;62;20;22;0
2024;289;10;40;25;55;0.50;100000;105886;5.9;4.23;100;300.0;0.3400;68;0;68;32
2024;290;15;80;25;70;0.50;100000;105877;5.9;4.21;46;295.6;0.3043;28;0;28;18
2024;291;10;95;80;45;0.50;100000;105875;5.9;1.53;40;919.0;0.7375;59;19;21;0
2024;292;10;65;70;55;0.50;100000;105875;5.9;1.32;50;805.0;0.6300;63;13;37;0
2024;293;20;50;95;40;0.50;100000;105862;5.9;0.80;31;1086.6;0.8387;52;21;10;0
2024;294;15;45;70;45;0.50;100000;105858;5.9;1.25;48;802.8;0.6875;66;18;30;0
2024;295;10;55;40;50;0.50;100000;105851;5.9;1.52;95;457.0;0.4789;91;0;91;4
2024;296;15;65;95;55;0.50;100000;105843;5.8;1.37;39;1085.4;0.7308;57;18;21;0
2024;297;15;45;100;40;0.50;100000;105835;5.8;1.42;43;1139.8;0.8140;70;27;16;0
2024;298;20;35;20;50;0.50;100000;105818;5.8;2.57;35;231.0;0.3429;24;0;24;11
2024;299;15;65;80;60;0.50;100000;105813;5.8;1.17;36;909.6;0.6667;48;12;24;0
2024;300;15;40;70;35;0.50;100000;105810;5.8;1.50;56;796.6;0.7411;83;27;29;0
2024;301;10;60;100;35;0.50;100000;105809;5.8;1.13;50;1135.0;0.8300;83;33;17;0
2024;302;25;55;15;40;0.50;100000;105805;5.8;3.61;40;174.0;0.3250;26;0;26;14
2024;303;20;40;75;30;0.50;100000;105802;5.8;0.81;36;849.6;0.8333;60;24;12;0
2024;304;10;55;90;15;0.50;100000;105797;5.8;1.61;87;1018.2;0.9195;160;73;14;0
2024;305;10;80;35;50;0.50;100000;105795;5.8;2.82;73;397.8;0.4521;66;0;66;7
2024;306;15;70;20;40;0.50;100000;105783;5.8;5.88;64;230.4;0.3750;48;0;48;16
2024;307;10;35;30;45;0.50;100000;105768;5.8;3.34;119;343.4;0.4286;102;0;102;17
2024;308;10;40;80;10;0.50;100000;105767;5.8;1.22;121;900.6;0.9380;227;106;15;0
2024;309;10;45;25;65;0.50;100000;105762;5.8;8.47;94;298.4;0.3032;57;0;57;37
2024;310;15;90;35;60;0.50;100000;105757;5.8;2.39;49;396.4;0.4184;41;0;41;8
2024;311;20;60;85;55;0.50;100000;105746;5.7;1.24;32;955.2;0.7188;46;14;18;0
2024;312;15;90;25;75;0.50;100000;105742;5.7;4.54;43;289.8;0.2907;25;0;25;18
2024;313;10;30;30;70;0.50;100000;105732;5.7;6.00;79;349.4;0.3291;52;0;52;27
2024;314;10;65;80;50;0.50;100000;105715;5.7;2.25;46;895.6;0.6957;64;18;28;0
2024;315;10;45;95;40;0.50;100000;105704;5.7;1.68;53;1060.8;0.7830;83;30;23;0
2024;316;10;75;35;50;0.50;100000;105680;5.7;3.39;85;391.0;0.4471;76;0;76;9
2024;317;10;45;100;15;0.50;100000;105677;5.7;1.08;87;1108.2;0.9310;162;75;12;0
2024;318;10;100;35;45;0.50;100000;105674;5.7;1.57;73;387.8;0.4795;70;0;70;3
2024;319;25;60;95;30;0.50;100000;105669;5.7;0.89;35;1051.0;0.8857;62;27;8;0
2024;320;20;60;60;40;0.50;100000;105664;5.7;1.56;39;665.4;0.6923;54;15;24;0
2024;321;15;55;80;55;0.50;100000;105662;5.7;1.48;38;886.8;0.6842;52;14;24;0
2024;322;10;95;30;60;0.50;100000;105648;5.6;5.05;59;337.4;0.3729;44;0;44;15
2024;323;15;30;30;45;0.50;100000;105632;5.6;2.66;63;331.8;0.4444;56;0;56;7
2024;324;10;40;70;40;0.50;100000;105616;5.6;2.39;63;771.8;0.6984;88;25;38;0
2024;325;10;70;95;55;0.50;100000;105612;5.6;1.37;40;1044.0;0.7250;58;18;22;0
2024;326;15;45;25;65;0.50;100000;105609;5.6;4.81;61;284.6;0.3115;38;0;38;23
2024;327;25;85;15;30;0.50;100000;105598;5.6;2.74;32;165.2;0.4062;26;0;26;6
2024;328;20;75;20;60;0.50;100000;105593;5.6;3.65;39;225.4;0.2949;23;0;23;16
2024;329;20;50;75;45;0.50;100000;105592;5.6;1.37;35;821.0;0.7286;51;16;19;0
2024;330;10;55;100;50;0.50;100000;105589;5.6;0.78;40;1094.0;0.7625;61;21;19;0
2024;331;10;80;100;50;0.50;100000;105589;5.6;1.27;40;1094.0;0.7625;61;21;19;0
2024;332;10;40;50;35;0.50;100000;105588;5.6;2.29;96;550.6;0.6302;121;25;71;0
2024;333;10;30;30;50;0.50;100000;105578;5.6;3.33;104;334.4;0.4038;84;0;84;20
2024;334;20;60;15;35;0.50;100000;105566;5.6;3.68;52;167.2;0.3462;36;0;36;16
2024;335;10;65;100;50;0.50;100000;105565;5.6;1.06;43;1089.8;0.7558;65;22;21;0
2024;336;15;75;95;55;0.50;100000;105560;5.6;1.66;33;1033.8;0.7424;49;16;17;0
2024;337;10;95;90;45;0.50;100000;105556;5.6;1.27;40;979.0;0.7625;61;21;19;0
2024;338;15;55;90;45;0.50;100000;105556;5.6;1.52;40;979.0;0.7625;61;21;19;0
2024;339;10;20;75;20;0.50;100000;105515;5.5;1.74;85;811.0;0.8471;144;59;26;0
2024;340;10;80;100;45;0.50;100000;105512;5.5;1.06;40;1079.0;0.7875;63;23;17;0
2024;341;20;65;15;40;0.50;100000;105498;5.5;4.62;49;166.4;0.3163;31;0;31;18
2024;342;15;45;80;45;0.50;100000;105496;5.5;1.18;45;862.0;0.7222;65;20;25;0
2024;343;15;30;30;70;0.50;100000;105491;5.5;4.52;50;330.0;0.3400;34;0;34;16
2024;344;10;90;80;55;0.50;100000;105487;5.5;1.16;39;860.4;0.6795;53;14;25;0
2024;345;20;45;55;30;0.50;100000;105485;5.5;1.69;42;591.2;0.7381;62;20;22;0
2024;346;10;25;60;35;0.50;100000;105483;5.5;3.10;87;648.2;0.6782;118;31;56;0
2024;347;10;20;90;35;0.50;100000;105480;5.5;1.68;56;966.6;0.7946;89;33;23;0
2024;348;10;75;50;60;0.50;100000;105474;5.5;0.51;62;533.2;0.5000;62;0;62;0
2024;349;20;85;10;20;0.50;100000;105474;5.5;3.29;51;108.6;0.3922;40;0;40;11
2024;350;10;35;30;50;0.50;100000;105472;5.5;3.62;108;328.8;0.4028;87;0;87;21
2024;351;15;50;70;50;0.50;100000;105471;5.5;1.93;49;751.4;0.6531;64;15;34;0
2024;352;20;65;80;55;0.50;100000;105470;5.5;1.16;34;857.4;0.6912;47;13;21;0
2024;353;10;95;30;55;0.50;100000;105466;5.5;2.77;57;325.2;0.3947;45;0;45;12
2024;354;15;60;70;45;0.50;100000;105459;5.5;1.44;50;750.0;0.6800;68;18;32;0
2024;355;20;45;55;35;0.50;100000;105455;5.5;1.47;44;588.4;0.6932;61;17;27;0
2024;356;10;30;20;50;0.50;100000;105448;5.4;4.52;128;230.8;0.3086;79;0;79;49
2024;357;10;40;90;10;0.50;100000;105445;5.4;1.30;116;957.6;0.9483;220;104;12;0
2024;358;10;55;25;70;0.50;100000;105444;5.4;10.09;74;281.4;0.2905;43;0;43;31
2024;359;15;65;80;10;0.50;100000;105441;5.4;0.50;65;849.0;0.9692;126;61;4;0
2024;360;20;70;25;50;0.50;100000;105441;5.4;3.64;40;269.0;0.3875;31;0;31;9
2024;361;15;40;25;45;0.50;100000;105436;5.4;3.55;71;270.6;0.3944;56;0;56;15
2024;362;20;50;80;45;0.50;100000;105430;5.4;1.63;35;851.0;0.7429;52;17;18;0
2024;363;15;50;65;50;0.50;100000;105420;5.4;2.00;49;691.4;0.6327;62;13;36;0
2024;364;20;90;20;35;0.50;100000;105418;5.4;2.57;44;213.4;0.4205;37;0;37;7
2024;365;10;25;95;50;0.50;100000;105416;5.4;1.47;47;1009.2;0.7340;69;22;25;0
2024;366;10;35;100;30;0.50;100000;105406;5.4;0.92;58;1058.8;0.8448;98;40;18;0
2024;367;10;25;85;65;0.50;100000;105406;5.4;1.13;42;901.2;0.6429;54;12;30;0
2024;368;10;80;25;70;0.50;100000;105398;5.4;6.57;63;276.8;0.2937;37;0;37;26
2024;369;10;40;90;50;0.50;100000;105395;5.4;1.87;48;952.8;0.7188;69;21;27;0
2024;370;15;40;70;45;0.50;100000;105391;5.4;1.44;46;740.6;0.6848;63;17;29;0
2024;371;15;90;100;50;0.50;100000;105390;5.4;1.01;32;1055.2;0.7812;50;18;14;0
2024;372;15;25;25;55;0.50;100000;105389;5.4;4.13;57;270.2;0.3509;40;0;40;17
2024;373;15;60;95;70;0.50;100000;105386;5.4;1.33;37;1003.2;0.6622;49;12;25;0
2024;374;10;100;35;50;0.50;100000;105386;5.4;3.95;71;370.6;0.4507;64;0;64;7
2024;375;10;75;100;45;0.50;100000;105383;5.4;1.06;43;1054.8;0.7791;67;24;19;0
2024;376;10;85;100;30;0.50;100000;105372;5.4;1.21;49;1051.4;0.8571;84;35;14;0
2024;377;20;45;95;30;0.50;100000;105344;5.3;0.85;34;992.4;0.8824;60;26;8;0
2024;378;20;55;20;60;0.50;100000;105340;5.3;3.65;45;217.0;0.2889;26;0;26;19
2024;379;10;95;35;50;0.50;100000;105328;5.3;2.20;77;367.2;0.4481;69;0;69;8
2024;380;10;45;80;50;0.50;100000;105327;5.3;1.64;52;837.2;0.6827;71;19;33;0
2024;381;10;70;80;15;0.50;100000;105326;5.3;1.74;69;833.4;0.9130;126;57;12;0
2024;382;15;75;95;50;0.50;100000;105326;5.3;1.23;38;991.8;0.7500;57;19;19;0
2024;383;10;25;80;60;0.50;100000;105321;5.3;1.56;46;835.6;0.6413;59;13;33;0
2024;384;20;40;45;35;0.50;100000;105321;5.3;1.13;36;469.6;0.6528;47;11;25;0
2024;385;10;70;25;55;0.50;100000;105318;5.3;5.86;85;271.0;0.3412;58;0;58;27
2024;386;15;55;90;55;0.50;100000;105313;5.3;1.10;34;937.4;0.7206;49;15;19;0
2024;387;10;60;70;50;0.50;100000;105309;5.3;2.16;50;730.0;0.6500;65;15;35;0
2024;388;15;45;90;65;0.50;100000;105303;5.3;1.37;35;936.0;0.6714;47;12;23;0
2024;389;10;20;95;60;0.50;100000;105298;5.3;1.78;41;987.6;0.6951;57;16;25;0
2024;390;10;40;100;50;0.50;100000;105293;5.3;1.54;44;1038.4;0.7500;66;22;22;0
2024;391;20;90;10;25;0.50;100000;105287;5.3;6.23;49;106.4;0.3367;33;0;33;16
2024;392;10;95;40;60;0.50;100000;105284;5.3;2.84;60;416.0;0.4417;53;0;53;7
2024;393;20;55;90;40;0.50;100000;105281;5.3;0.92;35;931.0;0.8000;56;21;14;0
2024;394;10;25;95;40;0.50;100000;105269;5.3;1.68;52;982.2;0.7788;81;29;23;0
2024;395;20;55;90;25;0.50;100000;105267;5.3;0.60;38;926.8;0.8947;68;30;8;0
2024;396;15;65;95;65;0.50;100000;105264;5.3;1.32;35;981.0;0.6857;48;13;22;0
2024;397;10;25;85;45;0.50;100000;105263;5.3;1.47;51;878.6;0.7255;74;23;28;0
2024;398;20;60;95;35;0.50;100000;105260;5.3;0.82;37;978.2;0.8378;62;25;12;0
2024;399;20;65;20;55;0.50;100000;105257;5.3;6.50;51;213.6;0.3039;31;0;31;20
2024;400;10;95;80;50;0.50;100000;105248;5.2;1.09;40;824.0;0.7000;56;16;24;0
2024;401;15;60;95;55;0.50;100000;105241;5.2;2.22;38;976.8;0.7237;55;17;21;0
2024;402;10;85;15;25;0.50;100000;105239;5.2;4.72;102;157.2;0.4118;84;0;84;18
2024;403;10;75;15;25;0.50;100000;105231;5.2;3.16;116;157.6;0.4095;95;0;95;21
2024;404;10;50;30;55;0.50;100000;105225;5.2;4.00;89;315.4;0.3820;68;0;68;21
2024;405;10;65;40;65;0.50;100000;105222;5.2;4.21;62;413.2;0.4194;52;0;52;10
2024;406;15;70;30;50;0.50;100000;105222;5.2;3.82;64;310.4;0.4141;53;0;53;11
2024;407;15;50;15;35;0.50;100000;105217;5.2;8.45;92;161.2;0.3315;61;0;61;31
2024;408;10;85;100;45;0.50;100000;105215;5.2;1.06;41;1022.6;0.7805;64;23;18;0
2024;409;15;45;75;50;0.50;100000;105202;5.2;1.20;42;766.2;0.6786;57;15;27;0
2024;410;15;45;85;40;0.50;100000;105188;5.2;1.30;46;865.6;0.7609;70;24;22;0
2024;411;15;70;40;85;0.50;100000;105186;5.2;4.50;41;412.6;0.3659;30;0;30;11
2024;412;15;95;100;65;0.50;100000;105183;5.2;0.86;31;1016.6;0.7097;44;13;18;0
2024;413;15;70;35;65;0.50;100000;105173;5.2;2.53;44;358.4;0.3977;35;0;35;9
2024;414;20;95;30;75;0.50;100000;105163;5.2;2.83;36;309.6;0.3333;24;0;24;12
2024;415;10;65;90;10;0.50;100000;105161;5.2;1.17;108;908.8;0.9491;205;97;11;0
2024;416;10;85;95;15;0.50;100000;105161;5.2;1.21;72;959.2;0.9306;134;62;10;0
2024;417;20;50;85;50;0.50;100000;105160;5.2;1.77;32;860.2;0.7344;47;15;17;0
2024;418;10;25;90;50;0.50;100000;105153;5.2;1.78;49;911.4;0.7143;70;21;28;0
2024;419;10;80;45;65;0.50;100000;105152;5.2;4.29;60;456.0;0.4500;54;0;54;6
2024;420;15;25;15;30;0.50;100000;105152;5.2;3.32;61;154.6;0.3770;46;0;46;15
2024;421;25;55;100;25;0.50;100000;105150;5.2;0.88;31;1006.6;0.9355;58;27;4;0
2024;422;10;40;100;20;0.50;100000;105150;5.1;1.97;79;1009.4;0.8924;141;62;17;0
2024;423;10;100;30;25;0.50;100000;105138;5.1;3.27;90;304.0;0.5889;106;16;74;0
2024;424;20;60;100;45;0.50;100000;105137;5.1;1.62;31;1006.6;0.8065;50;19;12;0
2024;425;10;30;45;70;0.50;100000;105136;5.1;3.23;73;457.8;0.4247;62;0;62;11
2024;426;15;80;35;70;0.50;100000;105131;5.1;2.13;45;357.0;0.3778;34;0;34;11
2024;427;20;80;20;50;0.50;100000;105126;5.1;4.57;39;205.4;0.3333;26;0;26;13
2024;428;20;60;75;50;0.50;100000;105121;5.1;1.20;33;753.8;0.6970;46;13;20;0
2024;429;20;90;100;50;0.50;100000;105119;5.1;1.01;33;1003.8;0.7727;51;18;15;0
2024;430;10;90;20;45;0.50;100000;105115;5.1;6.41;86;209.6;0.3372;58;0;58;28
2024;431;20;50;20;45;0.50;100000;105110;5.1;5.00;50;205.0;0.3500;35;0;35;15
2024;432;10;85;25;60;0.50;100000;105101;5.1;5.79;71;260.6;0.3239;46;0;46;25
2024;433;10;95;70;15;0.50;100000;105100;5.1;1.50;75;700.0;0.8867;133;58;17;0
2024;434;15;85;100;50;0.50;100000;105095;5.1;1.01;36;999.6;0.7639;55;19;17;0
2024;435;15;70;90;30;0.50;100000;105093;5.1;1.23;44;898.4;0.8409;74;30;14;0
2024;436;20;55;80;45;0.50;100000;105089;5.1;0.96;33;798.8;0.7424;49;16;17;0
2024;437;10;45;15;30;0.50;100000;105088;5.1;5.32;154;159.4;0.3604;111;0;111;43
2024;438;10;85;25;35;0.50;100000;105087;5.1;3.05;99;251.4;0.4495;89;0;89;10
2024;439;10;30;100;55;0.50;100000;105071;5.1;1.88;42;996.2;0.7262;61;19;23;0
2024;440;25;55;55;25;0.50;100000;105070;5.1;1.35;31;546.6;0.8065;50;19;12;0
2024;441;10;70;35;50;0.50;100000;105066;5.1;2.46;82;350.2;0.4451;73;0;73;9
2024;442;15;60;70;65;0.50;100000;105061;5.1;0.87;39;695.4;0.5897;46;7;32;0
2024;443;20;50;80;40;0.50;100000;105058;5.1;1.05;33;793.8;0.7727;51;18;15;0
2024;444;15;65;70;35;0.50;100000;105054;5.1;2.11;53;695.8;0.7358;78;25;28;0
2024;445;15;30;10;30;0.50;100000;105054;5.1;5.74;81;106.6;0.2840;46;0;46;35
2024;446;15;50;85;55;0.50;100000;105054;5.1;2.33;40;844.0;0.6875;55;15;25;0
2024;447;10;25;95;20;0.50;100000;105051;5.1;2.28;81;941.6;0.8827;143;62;19;0
2024;448;10;35;100;50;0.50;100000;105047;5.0;1.06;42;991.2;0.7500;63;21;21;0
2024;449;20;60;20;55;0.50;100000;105042;5.0;5.52;53;205.8;0.3019;32;0;32;21
2024;450;20;45;80;30;0.50;100000;105035;5.0;1.14;36;789.6;0.8333;60;24;12;0
2024;451;20;55;100;35;0.50;100000;105035;5.0;1.16;38;986.8;0.8421;64;26;12;0
2024;452;15;35;65;30;0.50;100000;105034;5.0;2.11;58;643.8;0.7500;87;29;29;0
2024;453;15;100;70;50;0.50;100000;105026;5.0;1.56;35;691.0;0.6714;47;12;23;0
2024;454;15;30;75;40;0.50;100000;105023;5.0;1.94;46;740.6;0.7283;67;21;25;0
2024;455;15;55;95;45;0.50;100000;105016;5.0;1.12;39;935.4;0.7692;60;21;18;0
2024;456;20;55;100;45;0.50;100000;105008;5.0;1.06;34;982.4;0.7941;54;20;14;0
2024;457;15;50;100;40;0.50;100000;105008;5.0;1.11;41;982.6;0.8049;66;25;16;0
2024;458;10;95;25;70;0.50;100000;105006;5.0;6.49;56;256.6;0.2946;33;0;33;23
2024;459;25;60;20;55;0.50;100000;104999;5.0;5.75;35;201.0;0.3143;22;0;22;13
2024;460;15;100;65;45;0.50;100000;104997;5.0;0.99;37;638.2;0.6757;50;13;24;0
2024;461;10;50;90;20;0.50;100000;104993;5.0;1.65;77;882.2;0.8766;135;58;19;0
2024;462;10;95;100;65;0.50;100000;104992;5.0;0.86;32;980.2;0.7031;45;13;19;0
2024;463;10;60;80;55;0.50;100000;104983;5.0;1.97;47;784.2;0.6596;62;15;32;0
2024;464;10;55;80;55;0.50;100000;104983;5.0;1.32;47;784.2;0.6596;62;15;32;0
2024;465;10;40;20;10;0.50;100000;104982;5.0;3.59;172;199.2;0.7093;244;72;100;0
2024;466;20;30;25;45;0.50;100000;104979;5.0;2.55;32;245.2;0.4219;27;0;27;5
2024;467;20;90;15;30;0.50;100000;104977;5.0;2.88;44;148.4;0.3864;34;0;34;10
2024;468;15;55;85;55;0.50;100000;104967;5.0;1.42;36;829.6;0.6944;50;14;22;0
2024;469;20;50;20;35;0.50;100000;104944;4.9;2.59;63;196.8;0.4048;51;0;51;12
2024;470;20;90;80;30;0.50;100000;104943;4.9;0.82;32;775.2;0.8438;54;22;10;0
2024;471;10;100;80;40;0.50;100000;104940;4.9;1.27;45;777.0;0.7444;67;22;23;0
2024;472;20;60;95;30;0.50;100000;104931;4.9;0.85;37;918.2;0.8649;64;27;10;0
2024;473;10;55;100;15;0.50;100000;104925;4.9;1.09;82;965.2;0.9268;152;70;12;0
2024;474;10;15;35;50;0.50;100000;104920;4.9;2.58;75;340.0;0.4467;67;0;67;8
2024;475;10;95;30;80;0.50;100000;104917;4.9;4.94;56;301.6;0.3036;34;0;34;22
2024;476;10;60;100;55;0.50;100000;104910;4.9;2.56;36;964.6;0.7361;53;17;19;0
2024;477;10;50;75;45;0.50;100000;104900;4.9;1.75;61;724.6;0.6803;83;22;39;0
2024;478;10;100;40;50;0.50;100000;104891;4.9;2.10;76;383.6;0.4803;73;0;73;3
2024;479;15;50;75;35;0.50;100000;104890;4.9;1.33;49;721.4;0.7551;74;25;24;0
2024;480;10;75;90;50;0.50;100000;104883;4.9;1.64;40;864.0;0.7250;58;18;22;0
2024;481;15;85;100;45;0.50;100000;104879;4.9;1.06;37;958.2;0.7838;58;21;16;0
2024;482;15;55;95;55;0.50;100000;104872;4.9;1.37;36;909.6;0.7222;52;16;20;0
2024;483;10;75;95;55;0.50;100000;104872;4.9;1.58;36;909.6;0.7222;52;16;20;0
2024;484;10;65;90;40;0.50;100000;104866;4.9;1.63;49;861.4;0.7653;75;26;23;0
2024;485;15;80;70;50;0.50;100000;104865;4.9;1.56;36;669.6;0.6667;48;12;24;0
2024;486;10;30;75;50;0.50;100000;104862;4.9;1.38;58;718.8;0.6552;76;18;40;0
2024;487;10;25;75;50;0.50;100000;104862;4.9;1.60;58;718.8;0.6552;76;18;40;0
2024;488;25;60;100;30;0.50;100000;104860;4.9;1.28;34;952.4;0.8824;60;26;8;0
2024;489;10;100;55;100;0.50;100000;104856;4.9;2.12;37;528.2;0.4054;30;0;30;7
2024;490;15;50;65;40;0.50;100000;104852;4.9;2.31;56;621.6;0.6786;76;20;36;0
2024;491;10;20;100;70;0.50;100000;104850;4.8;1.28;40;954.0;0.6625;53;13;27;0
2024;492;10;65;85;30;0.50;100000;104847;4.8;1.81;57;810.2;0.8070;92;35;22;0
2024;493;15;45;25;60;0.50;100000;104840;4.8;4.54;63;246.8;0.3254;41;0;41;22
2024;494;10;30;35;50;0.50;100000;104836;4.8;2.71;106;336.6;0.4387;93;0;93;13
2024;495;15;65;80;50;0.50;100000;104836;4.8;1.48;42;761.2;0.6905;58;16;26;0
2024;496;20;70;25;55;0.50;100000;104824;4.8;3.55;42;241.2;0.3571;30;0;30;12
2024;497;25;60;90;30;0.50;100000;104821;4.8;1.21;35;851.0;0.8571;60;25;10;0
2024;498;10;35;100;75;0.50;100000;104821;4.8;1.03;37;948.2;0.6486;48;11;26;0
2024;499;15;65;75;65;0.50;100000;104813;4.8;1.18;36;709.6;0.6111;44;8;28;0
2024;500;10;75;95;50;0.50;100000;104812;4.8;1.23;40;899.0;0.7375;59;19;21;0
2025;1;20;75;25;75;0.50;100000;121770;21.8;5.83;70;1002.0;0.3286;46;0;46;24
2025;2;10;80;15;40;0.50;100000;120076;20.1;9.34;185;571.0;0.3135;116;0;116;69
2025;3;10;95;20;40;0.50;100000;119863;19.9;6.20;172;739.2;0.3808;131;0;131;41
2025;4;10;20;15;30;0.50;100000;119590;19.6;9.21;299;556.4;0.3696;221;0;221;78
2025;5;10;15;15;30;0.50;100000;118411;18.4;7.99;207;520.2;0.3768;156;0;156;51
2025;6;20;75;30;75;0.50;100000;116074;16.1;4.12;69;908.4;0.3551;49;0;49;20
2025;7;10;80;20;40;0.50;100000;115788;15.8;8.54;184;602.4;0.3723;137;0;137;47
2025;8;10;35;55;25;0.50;100000;115381;15.4;4.39;194;1588.4;0.7474;290;96;98;0
2025;9;15;55;25;65;0.50;100000;115016;15.0;6.07;126;723.6;0.3175;80;0;80;46
2025;10;15;100;10;30;0.50;100000;114956;15.0;10.77;121;290.6;0.2975;72;0;72;49
2025;11;10;40;55;30;0.50;100000;114851;14.9;5.05;180;1538.0;0.7056;254;74;106;0
2025;12;15;95;20;35;0.50;100000;114787;14.8;4.03;126;558.6;0.4167;105;0;105;21
2025;13;25;65;10;20;0.50;100000;114676;14.7;2.66;74;276.4;0.4189;62;0;62;12
2025;14;10;55;45;100;0.50;100000;114650;14.7;7.21;91;1252.6;0.3626;66;0;66;25
2025;15;25;75;30;75;0.50;100000;114491;14.5;4.12;55;823.0;0.3636;40;0;40;15
2025;16;25;95;20;60;0.50;100000;114391;14.4;9.99;64;550.4;0.3125;40;0;40;24
2025;17;20;60;25;75;0.50;100000;114374;14.4;4.61;78;690.8;0.3013;47;0;47;31
2025;18;25;75;35;75;0.50;100000;114247;14.2;2.53;50;940.0;0.4100;41;0;41;9
2025;19;20;90;30;60;0.50;100000;113196;13.2;4.29;83;753.8;0.3916;65;0;65;18
2025;20;25;85;30;80;0.50;100000;113160;13.2;4.52;54;754.4;0.3426;37;0;37;17
2025;21;35;100;30;80;0.50;100000;112682;12.7;3.75;33;723.8;0.3788;25;0;25;8
2025;22;25;75;35;70;0.50;100000;112648;12.6;3.06;50;840.0;0.4200;42;0;42;8
2025;23;10;60;15;40;0.50;100000;112630;12.6;8.43;219;383.4;0.3014;132;0;132;87
2025;24;25;100;25;70;0.50;100000;112511;12.5;5.68;53;600.8;0.3302;35;0;35;18
2025;25;15;45;40;90;0.50;100000;112474;12.5;5.37;92;961.2;0.3533;65;0;65;27
2025;26;25;80;30;80;0.50;100000;112250;12.3;3.96;53;705.8;0.3396;36;0;36;17
2025;27;10;95;15;35;0.50;100000;112216;12.2;9.13;197;364.2;0.3325;131;0;131;66
2025;28;15;90;20;55;0.50;100000;112201;12.2;5.56;108;478.8;0.3056;66;0;66;42
2025;29;10;40;20;40;0.50;100000;112180;12.2;6.18;255;483.0;0.3608;184;0;184;71
2025;30;30;95;30;75;0.50;100000;112115;12.1;2.83;40;694.0;0.3750;30;0;30;10
2025;31;10;50;60;95;0.50;100000;111719;11.7;3.50;86;1339.6;0.4419;76;0;76;10
2025;32;30;65;35;70;0.50;100000;111650;11.6;3.19;45;777.0;0.4222;38;0;38;7
2025;33;20;100;25;60;0.50;100000;111482;11.5;6.26;62;553.2;0.3548;44;0;44;18
2025;34;10;80;55;40;0.50;100000;111382;11.4;2.42;124;1196.4;0.6371;158;34;90;0
2025;35;15;40;45;95;0.50;100000;111365;11.4;4.84;75;985.0;0.3733;56;0;56;19
2025;36;20;65;15;40;0.50;100000;111347;11.3;5.92;84;332.4;0.3214;54;0;54;30
2025;37;35;100;20;60;0.50;100000;111320;11.3;3.15;32;435.2;0.3438;22;0;22;10
2025;38;25;90;35;70;0.50;100000;111273;11.3;2.66;60;756.0;0.4000;48;0;48;12
2025;39;10;65;55;30;0.50;100000;111135;11.1;2.49;168;1174.8;0.6964;234;66;102;0
2025;40;15;35;85;35;0.50;100000;111008;11.0;2.20;89;1785.4;0.7978;142;53;36;0
2025;41;25;55;50;95;0.50;100000;110979;11.0;2.66;44;1048.4;0.4318;38;0;38;6
2025;42;10;20;45;30;0.50;100000;110944;10.9;3.21;212;948.2;0.6392;271;59;153;0
2025;43;10;55;80;35;0.50;100000;110942;10.9;1.65;125;1675.0;0.7600;190;65;60;0
2025;44;10;55;40;95;0.50;100000;110875;10.9;7.08;99;851.4;0.3333;66;0;66;33
2025;45;10;50;65;95;0.50;100000;110793;10.8;2.51;86;1339.6;0.4593;79;0;79;7
2025;46;10;35;75;35;0.50;100000;110663;10.7;3.24;133;1533.8;0.7406;197;64;69;0
2025;47;10;50;35;95;0.50;100000;110631;10.6;5.48;108;738.8;0.3009;65;0;65;43
2025;48;15;90;20;40;0.50;100000;110603;10.6;5.06;119;413.4;0.3739;89;0;89;30
2025;49;10;45;45;30;0.50;100000;110540;10.5;3.50;214;915.4;0.6379;273;59;155;0
2025;50;10;45;90;25;0.50;100000;110510;10.5;1.96;139;1810.4;0.8453;235;96;43;0
2025;51;15;85;10;30;0.50;100000;110501;10.5;5.15;147;214.2;0.2857;84;0;84;63
2025;52;10;55;45;95;0.50;100000;110483;10.5;8.39;88;916.8;0.3636;64;0;64;24
2025;53;10;85;20;40;0.50;100000;110414;10.4;8.02;177;412.2;0.3644;129;0;129;48
2025;54;15;45;80;30;0.50;100000;110404;10.4;1.73;91;1592.6;0.8132;148;57;34;0
2025;55;30;95;30;90;0.50;100000;110404;10.4;5.66;39;605.4;0.3205;25;0;25;14
2025;56;15;65;20;45;0.50;100000;110336;10.3;7.25;133;408.8;0.3421;91;0;91;42
2025;57;10;80;70;40;0.50;100000;110315;10.3;3.48;103;1385.8;0.7039;145;42;61;0
2025;58;15;35;55;25;0.50;100000;110310;10.3;2.05;136;1089.6;0.7463;203;67;69;0
2025;59;35;100;35;80;0.50;100000;110302;10.3;3.91;37;693.2;0.3919;29;0;29;8
2025;60;15;40;50;95;0.50;100000;110292;10.3;4.48;76;993.6;0.3947;60;0;60;16
2025;61;30;90;45;85;0.50;100000;110198;10.2;2.52;43;879.8;0.4302;37;0;37;6
2025;62;10;30;45;30;0.50;100000;110161;10.2;4.03;225;885.0;0.6356;286;61;164;0
2025;63;15;65;90;35;0.50;100000;110154;10.2;1.74;82;1750.2;0.8110;133;51;31;0
2025;64;10;45;95;30;0.50;100000;110103;10.1;2.05;121;1840.6;0.8264;200;79;42;0
2025;65;15;70;70;40;0.50;100000;110071;10.1;2.17;97;1354.2;0.7062;137;40;57;0
2025;66;10;70;55;30;0.50;100000;110057;10.1;2.20;156;1066.6;0.6955;217;61;95;0
2025;67;15;85;15;35;0.50;100000;110056;10.1;4.69;129;299.4;0.3372;87;0;87;42
2025;68;20;85;35;60;0.50;100000;110048;10.0;4.54;77;677.2;0.4221;65;0;65;12
2025;69;10;15;15;25;0.50;100000;110001;10.0;11.33;225;295.0;0.4089;184;0;184;41
2025;70;10;40;80;35;0.50;100000;109980;10.0;1.65;128;1535.8;0.7539;193;65;63;0
2025;71;10;15;40;85;0.50;100000;109938;9.9;4.50;101;778.6;0.3564;72;0;72;29
2025;72;10;40;75;35;0.50;100000;109856;9.9;2.23;133;1423.8;0.7368;196;63;70;0
2025;73;30;65;45;90;0.50;100000;109790;9.8;2.62;38;846.8;0.4211;32;0;32;6
2025;74;10;40;60;40;0.50;100000;109775;9.8;3.67;162;1133.2;0.6420;208;46;116;0
2025;75;25;80;30;75;0.50;100000;109750;9.7;4.12;54;569.4;0.3426;37;0;37;17
2025;76;15;25;55;35;0.50;100000;109742;9.7;2.80;99;1031.4;0.6768;134;35;64;0
2025;77;15;85;20;45;0.50;100000;109736;9.7;6.28;121;385.6;0.3430;83;0;83;38
2025;78;10;70;15;40;0.50;100000;109694;9.7;7.86;225;305.0;0.2978;134;0;134;91
2025;79;10;35;95;35;0.50;100000;109659;9.7;1.78;111;1764.6;0.7973;177;66;45;0
2025;80;10;60;50;40;0.50;100000;109635;9.6;3.30;171;930.6;0.5936;203;32;139;0
2025;81;25;75;25;75;0.50;100000;109623;9.6;4.73;55;473.0;0.3000;33;0;33;22
2025;82;25;85;50;80;0.50;100000;109619;9.6;2.24;55;923.0;0.4545;50;0;50;5
2025;83;35;65;35;75;0.50;100000;109605;9.6;1.99;31;646.6;0.4194;26;0;26;5
2025;84;10;90;85;30;0.50;100000;109590;9.6;1.49;119;1568.4;0.8025;191;72;47;0
2025;85;15;40;55;95;0.50;100000;109585;9.6;4.11;73;1017.8;0.4178;61;0;61;12
2025;86;15;25;60;35;0.50;100000;109578;9.6;1.99;102;1107.2;0.6961;142;40;62;0
2025;87;20;70;85;35;0.50;100000;109575;9.6;1.10;63;1561.8;0.8175;103;40;23;0
2025;88;35;100;30;85;0.50;100000;109572;9.6;4.52;34;557.4;0.3382;23;0;23;11
2025;89;10;15;55;30;0.50;100000;109570;9.6;3.82;145;1017.0;0.6966;202;57;88;0
2025;90;10;75;50;25;0.50;100000;109563;9.6;4.41;161;924.6;0.7143;230;69;92;0
2025;91;15;45;75;30;0.50;100000;109562;9.6;2.64;97;1379.2;0.7887;153;56;41;0
2025;92;30;95;20;60;0.50;100000;109553;9.6;5.71;47;374.2;0.3085;29;0;29;18
2025;93;30;100;35;75;0.50;100000;109493;9.5;2.99;48;642.8;0.3854;37;0;37;11
2025;94;15;45;45;90;0.50;100000;109488;9.5;4.13;81;831.6;0.3765;61;0;61;20
2025;95;15;85;15;40;0.50;100000;109470;9.5;8.41;124;286.4;0.3065;76;0;76;48
2025;96;10;60;45;95;0.50;100000;109423;9.4;3.51;92;831.2;0.3587;66;0;66;26
2025;97;10;45;55;30;0.50;100000;109392;9.4;3.05;181;1001.6;0.6878;249;68;113;0
2025;98;10;90;90;25;0.50;100000;109390;9.4;1.24;121;1625.6;0.8471;205;84;37;0
2025;99;25;65;40;70;0.50;100000;109360;9.4;2.52;56;721.6;0.4286;48;0;48;8
2025;100;10;45;75;30;0.50;100000;109281;9.3;3.07;143;1344.8;0.7657;219;76;67;0
2025;101;10;90;65;40;0.50;100000;109278;9.3;2.31;111;1164.6;0.6757;150;39;72;0
2025;102;35;95;30;80;0.50;100000;109258;9.3;3.53;36;539.6;0.3472;25;0;25;11
2025;103;15;55;70;30;0.50;100000;109228;9.2;2.14;110;1246.0;0.7636;168;58;52;0
2025;104;30;75;25;75;0.50;100000;109215;9.2;3.68;36;449.6;0.3194;23;0;23;13
2025;105;20;100;30;75;0.50;100000;109209;9.2;4.99;63;541.8;0.3333;42;0;42;21
2025;106;10;80;55;95;0.50;100000;109202;9.2;5.05;72;979.2;0.4167;60;0;60;12
2025;107;10;30;65;50;0.50;100000;109183;9.2;2.49;126;1153.6;0.6111;154;28;98;0
2025;108;15;25;70;35;0.50;100000;109180;9.2;1.85;90;1239.0;0.7389;133;43;47;0
2025;109;10;85;80;15;0.50;100000;109170;9.2;2.09;139;1410.4;0.9029;251;112;27;0
2025;110;10;70;75;60;0.50;100000;109168;9.2;2.10;92;1326.2;0.6141;113;21;71;0
2025;111;15;45;70;35;0.50;100000;109110;9.1;2.36;96;1230.6;0.7344;141;45;51;0
2025;112;10;45;80;30;0.50;100000;109103;9.1;2.01;131;1406.6;0.7824;205;74;57;0
2025;113;10;95;55;30;0.50;100000;109086;9.1;2.49;134;967.4;0.6978;187;53;81;0
2025;114;15;60;15;45;0.50;100000;109056;9.1;9.79;142;281.2;0.2782;79;0;79;63
2025;115;20;40;25;75;0.50;100000;109046;9.0;7.11;71;450.6;0.2887;41;0;41;30
2025;116;10;75;60;25;0.50;100000;109020;9.0;2.61;165;1049.0;0.7515;248;83;82;0
2025;117;15;25;70;30;0.50;100000;109004;9.0;1.78;89;1215.4;0.7753;138;49;40;0
2025;118;15;55;20;40;0.50;100000;108996;9.0;4.68;158;358.8;0.3639;115;0;115;43
2025;119;25;90;15;45;0.50;100000;108975;9.0;10.07;66;267.6;0.2955;39;0;39;27
2025;120;10;75;55;40;0.50;100000;108954;9.0;3.88;133;953.8;0.6241;166;33;100;0
2025;121;15;85;20;40;0.50;100000;108951;9.0;5.50;119;353.4;0.3697;88;0;88;31
2025;122;20;60;35;75;0.50;100000;108944;8.9;4.96;70;612.0;0.3643;51;0;51;19
2025;123;10;25;35;85;0.50;100000;108897;8.9;7.64;124;626.4;0.3185;79;0;79;45
2025;124;15;55;75;30;0.50;100000;108897;8.9;1.73;108;1288.8;0.7778;168;60;48;0
2025;125;10;45;85;30;0.50;100000;108889;8.9;1.79;125;1460.0;0.7960;199;74;51;0
2025;126;10;40;85;40;0.50;100000;108864;8.9;2.12;106;1456.6;0.7406;157;51;55;0
2025;127;10;60;80;30;0.50;100000;108848;8.8;3.03;136;1369.6;0.7794;212;76;60;0
2025;128;15;65;20;40;0.50;100000;108844;8.8;5.55;135;351.0;0.3667;99;0;99;36
2025;129;10;90;50;20;0.50;100000;108828;8.8;2.66;160;856.0;0.7625;244;84;76;0
2025;130;15;20;20;50;0.50;100000;108828;8.8;6.84;66;347.6;0.3333;44;0;44;22
2025;131;10;30;55;100;0.50;100000;108772;8.8;3.94;82;940.2;0.3963;65;0;65;17
2025;132;15;60;75;40;0.50;100000;108767;8.8;1.23;82;1270.2;0.7256;119;37;45;0
2025;133;10;100;100;40;0.50;100000;108733;8.7;1.42;82;1685.2;0.7927;130;48;34;0
2025;134;10;30;70;25;0.50;100000;108682;8.7;3.75;165;1179.0;0.7818;258;93;72;0
2025;135;15;45;65;95;0.50;100000;108682;8.7;2.08;66;1087.6;0.4621;61;0;61;5
2025;136;10;35;85;10;0.50;100000;108674;8.7;1.42;245;1422.0;0.9327;457;212;33;0
2025;137;10;50;65;90;0.50;100000;108660;8.7;2.37;92;1086.2;0.4620;85;0;85;7
2025;138;10;25;55;25;0.50;100000;108658;8.7;4.57;215;929.0;0.7233;311;96;119;0
2025;139;15;35;65;35;0.50;100000;108645;8.6;2.41;115;1089.0;0.7043;162;47;68;0
2025;140;10;20;45;85;0.50;100000;108644;8.6;5.99;104;764.4;0.3798;79;0;79;25
2025;141;15;45;65;40;0.50;100000;108644;8.6;2.73;98;1087.8;0.6786;133;35;63;0
2025;142;10;35;100;35;0.50;100000;108643;8.6;2.47;107;1670.2;0.8037;172;65;42;0
2025;143;10;35;70;40;0.50;100000;108582;8.6;2.83;138;1166.8;0.6812;188;50;88;0
2025;144;15;25;60;40;0.50;100000;108571;8.6;1.39;89;995.4;0.6629;118;29;60;0
2025;145;10;45;50;25;0.50;100000;108557;8.6;3.86;207;835.2;0.7029;291;84;123;0
2025;146;15;30;70;35;0.50;100000;108544;8.5;3.53;98;1157.8;0.7296;143;45;53;0
2025;147;10;35;80;40;0.50;100000;108524;8.5;2.63;113;1321.8;0.7212;163;50;63;0
2025;148;15;40;20;40;0.50;100000;108492;8.5;8.02;157;340.2;0.3631;114;0;114;43
2025;149;15;45;70;40;0.50;100000;108481;8.5;1.73;93;1149.8;0.6989;130;37;56;0
2025;150;10;85;80;45;0.50;100000;108473;8.5;1.76;91;1312.6;0.7033;128;37;54;0
2025;151;10;45;80;35;0.50;100000;108411;8.4;3.88;128;1305.8;0.7461;191;63;65;0
2025;152;10;20;15;35;0.50;100000;108410;8.4;11.90;286;269.6;0.3234;185;0;185;101
2025;153;10;45;100;45;0.50;100000;108401;8.4;1.34;92;1626.2;0.7554;139;47;45;0
2025;154;30;75;35;90;0.50;100000;108388;8.4;2.53;34;572.4;0.3529;24;0;24;10
2025;155;10;75;60;15;0.50;100000;108364;8.4;1.81;173;972.8;0.8468;293;120;53;0
2025;156;10;90;95;35;0.50;100000;108361;8.4;2.76;102;1537.2;0.7941;162;60;42;0
2025;157;20;40;25;60;0.50;100000;108348;8.3;5.63;73;412.8;0.3356;49;0;49;24
2025;158;10;100;85;40;0.50;100000;108345;8.3;2.39;97;1374.2;0.7423;144;47;50;0
2025;159;15;100;30;20;0.50;100000;108343;8.3;2.38;124;486.4;0.6532;162;38;86;0
2025;160;25;85;35;80;0.50;100000;108329;8.3;5.07;50;570.0;0.3600;36;0;36;14
2025;161;15;40;45;85;0.50;100000;108324;8.3;3.09;83;733.8;0.3855;64;0;64;19
2025;162;10;65;85;20;0.50;100000;108324;8.3;1.38;147;1369.2;0.8605;253;106;41;0
2025;163;10;30;70;60;0.50;100000;108289;8.3;1.95;118;1124.8;0.5805;137;19;99;0
2025;164;15;80;60;30;0.50;100000;108287;8.3;1.58;104;964.4;0.7260;151;47;57;0
2025;165;10;65;80;20;0.50;100000;108272;8.3;2.16;142;1281.2;0.8521;242;100;42;0
2025;166;20;35;30;20;0.50;100000;108271;8.3;1.64;85;481.0;0.6706;114;29;56;0
2025;167;10;20;65;90;0.50;100000;108267;8.3;2.79;90;1039.0;0.4611;83;0;83;7
2025;168;30;75;35;80;0.50;100000;108266;8.3;2.92;34;562.4;0.3824;26;0;26;8
2025;169;10;65;40;30;0.50;100000;108252;8.3;2.75;183;643.8;0.6066;222;39;144;0
2025;170;10;30;80;25;0.50;100000;108251;8.3;2.64;156;1281.6;0.8077;252;96;60;0
2025;171;10;35;45;95;0.50;100000;108250;8.3;7.81;90;734.0;0.3556;64;0;64;26
2025;172;10;90;85;40;0.50;100000;108234;8.2;1.85;92;1356.2;0.7446;137;45;47;0
2025;173;10;75;70;40;0.50;100000;108228;8.2;4.02;115;1119.0;0.6870;158;43;72;0
2025;174;10;30;50;25;0.50;100000;108223;8.2;3.91;211;804.6;0.7014;296;85;126;0
2025;175;10;65;50;95;0.50;100000;108215;8.2;5.05;85;806.0;0.3824;65;0;65;20
2025;176;10;75;40;25;0.50;100000;108172;8.2;4.16;183;638.8;0.6530;239;56;127;0
2025;177;20;90;35;65;0.50;100000;108167;8.2;3.13;79;559.4;0.3924;62;0;62;17
2025;178;30;65;30;90;0.50;100000;108156;8.2;2.76;41;482.6;0.3049;25;0;25;16
2025;179;30;100;30;80;0.50;100000;108139;8.1;3.75;37;478.2;0.3378;25;0;25;12
2025;180;15;55;85;35;0.50;100000;108134;8.1;1.81;93;1339.8;0.7742;144;51;42;0
2025;181;30;95;25;65;0.50;100000;108125;8.1;4.06;50;400.0;0.3300;33;0;33;17
2025;182;20;45;15;35;0.50;100000;108121;8.1;7.42;91;242.6;0.3407;62;0;62;29
2025;183;30;90;10;30;0.50;100000;108092;8.1;4.72;43;159.8;0.3140;27;0;27;16
2025;184;25;65;35;100;0.50;100000;108086;8.1;5.71;47;559.2;0.3085;29;0;29;18
2025;185;20;50;75;40;0.50;100000;108081;8.1;1.70;72;1174.2;0.7292;105;33;39;0
2025;186;20;55;20;60;0.50;100000;108073;8.1;6.01;81;326.6;0.2840;46;0;46;35
2025;187;15;55;50;95;0.50;100000;108067;8.1;6.69;78;790.8;0.3846;60;0;60;18
2025;188;15;100;20;40;0.50;100000;108067;8.1;6.51;114;320.4;0.3684;84;0;84;30
2025;189;30;100;35;80;0.50;100000;108063;8.1;3.91;39;550.4;0.3718;29;0;29;10
2025;190;10;40;65;35;0.50;100000;108059;8.1;2.83;149;1021.4;0.6913;206;57;92;0
2025;191;25;55;30;85;0.50;100000;108056;8.1;8.88;54;479.4;0.3056;33;0;33;21
2025;192;10;70;85;40;0.50;100000;108049;8.0;2.65;98;1327.8;0.7398;145;47;51;0
2025;193;30;75;40;100;0.50;100000;108032;8.0;4.08;37;628.2;0.3514;26;0;26;11
2025;194;15;55;85;40;0.50;100000;108012;8.0;1.65;82;1320.2;0.7500;123;41;41;0
2025;195;10;75;60;20;0.50;100000;108004;8.0;2.59;161;934.6;0.7950;256;95;66;0
2025;196;15;45;10;25;0.50;100000;107991;8.0;8.47;164;165.4;0.3201;105;0;105;59
2025;197;20;70;80;40;0.50;100000;107980;8.0;1.53;60;1236.0;0.7583;91;31;29;0
2025;198;35;100;35;75;0.50;100000;107973;8.0;2.53;34;542.4;0.3971;27;0;27;7
2025;199;10;50;75;45;0.50;100000;107973;8.0;2.36;112;1163.2;0.6741;151;39;73;0
2025;200;10;70;80;30;0.50;100000;107960;8.0;1.78;130;1238.0;0.7769;202;72;58;0
2025;201;10;50;40;95;0.50;100000;107952;8.0;6.51;95;637.0;0.3263;62;0;62;33
2025;202;15;95;95;55;0.50;100000;107918;7.9;1.37;59;1457.4;0.7203;85;26;33;0
2025;203;15;40;45;90;0.50;100000;107912;7.9;4.64;78;700.8;0.3718;58;0;58;20
2025;204;10;40;100;35;0.50;100000;107912;7.9;2.09;107;1535.2;0.7991;171;64;43;0
2025;205;15;35;90;40;0.50;100000;107893;7.9;2.75;87;1378.2;0.7586;132;45;42;0
2025;206;35;85;35;75;0.50;100000;107892;7.9;2.53;31;536.6;0.4032;25;0;25;6
2025;207;15;75;60;30;0.50;100000;107884;7.9;2.13;114;920.4;0.7193;164;50;64;0
2025;208;20;70;15;45;0.50;100000;107875;7.9;9.60;105;243.0;0.2810;59;0;59;46
2025;209;30;85;15;30;0.50;100000;107864;7.9;3.90;50;230.0;0.4000;40;0;40;10
2025;210;10;30;75;30;0.50;100000;107849;7.8;3.61;145;1147.0;0.7586;220;75;70;0
2025;211;15;30;70;25;0.50;100000;107834;7.8;2.07;104;1064.4;0.7981;166;62;42;0
2025;212;15;30;75;40;0.50;100000;107834;7.8;2.86;95;1142.0;0.7105;135;40;55;0
2025;213;15;30;60;25;0.50;100000;107831;7.8;2.89;122;914.2;0.7582;185;63;59;0
2025;214;10;20;55;30;0.50;100000;107826;7.8;4.11;187;843.2;0.6818;255;68;119;0
2025;215;10;25;55;30;0.50;100000;107826;7.8;4.07;187;843.2;0.6818;255;68;119;0
2025;216;10;60;35;95;0.50;100000;107825;7.8;6.68;96;555.6;0.2969;57;0;57;39
2025;217;10;65;55;95;0.50;100000;107825;7.8;4.44;84;842.4;0.4048;68;0;68;16
2025;218;15;50;45;25;0.50;100000;107822;7.8;3.76;138;686.8;0.6884;190;52;86;0
2025;219;10;65;55;35;0.50;100000;107820;7.8;4.12;150;840.0;0.6500;195;45;105;0
2025;220;10;15;60;25;0.50;100000;107820;7.8;3.09;150;915.0;0.7500;225;75;75;0
2025;221;10;75;65;25;0.50;100000;107814;7.8;1.97;150;990.0;0.7667;230;80;70;0
2025;222;25;95;25;60;0.50;100000;107811;7.8;6.03;57;385.2;0.3421;39;0;39;18
2025;223;15;25;65;35;0.50;100000;107799;7.8;3.07;96;985.6;0.7083;136;40;56;0
2025;224;15;25;55;40;0.50;100000;107794;7.8;2.12;94;833.4;0.6330;119;25;69;0
2025;225;30;65;35;65;0.50;100000;107791;7.8;2.13;43;529.8;0.4186;36;0;36;7
2025;226;10;70;55;40;0.50;100000;107786;7.8;3.00;146;835.6;0.6164;180;34;112;0
2025;227;15;35;90;35;0.50;100000;107761;7.8;2.36;89;1355.4;0.7865;140;51;38;0
2025;228;10;55;75;30;0.50;100000;107751;7.8;2.34;134;1132.4;0.7612;204;70;64;0
2025;229;10;65;55;40;0.50;100000;107749;7.7;3.61;152;832.2;0.6151;187;35;117;0
2025;230;10;55;80;40;0.50;100000;107744;7.7;2.54;110;1206.0;0.7182;158;48;62;0
2025;231;30;85;15;40;0.50;100000;107741;7.7;6.40;47;229.2;0.3298;31;0;31;16
2025;232;10;35;95;20;0.50;100000;107718;7.7;2.09;165;1424.0;0.8697;287;122;43;0
2025;233;10;100;15;45;0.50;100000;107712;7.7;8.61;166;247.6;0.2741;91;0;91;75
2025;234;30;95;15;45;0.50;100000;107703;7.7;7.87;50;230.0;0.3000;30;0;30;20
2025;235;20;55;50;15;0.50;100000;107699;7.7;2.10;92;746.2;0.8424;155;63;29;0
2025;236;10;35;70;15;0.50;100000;107693;7.7;3.27;215;1049.0;0.8605;370;155;60;0
2025;237;10;90;75;45;0.50;100000;107692;7.7;2.48;98;1122.8;0.6786;133;35;63;0
2025;238;20;50;75;35;0.50;100000;107683;7.7;1.15;66;1117.6;0.7652;101;35;31;0
2025;239;10;40;70;35;0.50;100000;107676;7.7;2.89;150;1050.0;0.7067;212;62;88;0
2025;240;30;95;20;55;0.50;100000;107667;7.7;4.77;38;301.8;0.3289;25;0;25;13
2025;241;15;25;60;20;0.50;100000;107651;7.7;1.92;106;891.6;0.8113;172;66;40;0
2025;242;15;80;95;30;0.50;100000;107636;7.6;1.45;88;1406.8;0.8295;146;58;30;0
2025;243;20;65;50;95;0.50;100000;107624;7.6;2.51;57;745.2;0.3947;45;0;45;12
2025;244;10;15;80;25;0.50;100000;107587;7.6;1.55;128;1180.8;0.8125;208;80;48;0
2025;245;15;100;65;40;0.50;100000;107584;7.6;2.12;83;958.8;0.6807;113;30;53;0
2025;246;15;80;20;40;0.50;100000;107581;7.6;9.61;126;303.6;0.3651;92;0;92;34
2025;247;10;90;90;50;0.50;100000;107563;7.6;2.46;83;1323.8;0.7048;117;34;49;0
2025;248;10;35;70;50;0.50;100000;107559;7.6;2.65;120;1032.0;0.6250;150;30;90;0
2025;249;25;65;35;65;0.50;100000;107552;7.6;2.53;53;515.8;0.4057;43;0;43;10
2025;250;15;55;20;45;0.50;100000;107529;7.5;5.73;148;307.8;0.3345;99;0;99;49
2025;251;10;90;55;30;0.50;100000;107524;7.5;3.05;140;809.0;0.6893;193;53;87;0
2025;252;10;55;80;30;0.50;100000;107519;7.5;1.92;127;1172.2;0.7756;197;70;57;0
2025;253;10;25;55;45;0.50;100000;107516;7.5;2.07;166;807.6;0.5813;193;27;139;0
2025;254;20;75;65;20;0.50;100000;107514;7.5;1.39;84;947.4;0.8393;141;57;27;0
2025;255;20;90;90;45;0.50;100000;107514;7.5;1.52;59;1312.4;0.7542;89;30;29;0
2025;256;20;90;30;55;0.50;100000;107514;7.5;3.77;80;443.0;0.3937;63;0;63;17
2025;257;10;20;35;70;0.50;100000;107486;7.5;6.89;147;529.2;0.3571;105;0;105;42
2025;258;25;75;35;90;0.50;100000;107485;7.5;8.13;54;519.4;0.3241;35;0;35;19
2025;259;10;50;55;95;0.50;100000;107483;7.5;4.14;87;808.2;0.4023;70;0;70;17
2025;260;20;40;50;100;0.50;100000;107479;7.5;4.02;49;731.4;0.3878;38;0;38;11
2025;261;25;90;40;75;0.50;100000;107456;7.5;4.10;55;583.0;0.4000;44;0;44;11
2025;262;25;85;55;30;0.50;100000;107452;7.5;1.97;60;796.0;0.7333;88;28;32;0
2025;263;15;90;90;50;0.50;100000;107442;7.4;1.19;70;1302.0;0.7143;100;30;40;0
2025;264;15;45;60;95;0.50;100000;107431;7.4;2.68;72;869.2;0.4306;62;0;62;10
2025;265;15;80;70;45;0.50;100000;107421;7.4;1.99;88;1011.8;0.6648;117;29;59;0
2025;266;15;20;20;45;0.50;100000;107419;7.4;4.48;62;293.2;0.3548;44;0;44;18
2025;267;30;75;45;85;0.50;100000;107404;7.4;2.42;37;648.2;0.4189;31;0;31;6
2025;268;20;85;25;55;0.50;100000;107402;7.4;8.01;80;368.0;0.3500;56;0;56;24
2025;269;10;85;60;25;0.50;100000;107382;7.4;4.07;156;866.6;0.7468;233;77;79;0
2025;270;25;60;55;100;0.50;100000;107375;7.4;3.50;43;789.8;0.4186;36;0;36;7
2025;271;25;40;35;65;0.50;100000;107352;7.4;2.53;42;501.2;0.4167;35;0;35;7
2025;272;10;75;60;45;0.50;100000;107349;7.3;1.99;114;860.4;0.6140;140;26;88;0
2025;273;35;100;30;75;0.50;100000;107348;7.3;2.83;34;432.4;0.3529;24;0;24;10
2025;274;25;100;30;80;0.50;100000;107335;7.3;8.57;52;437.2;0.3173;33;0;33;19
2025;275;30;85;20;45;0.50;100000;107320;7.3;3.49;48;287.8;0.3646;35;0;35;13
2025;276;10;35;55;40;0.50;100000;107319;7.3;3.24;172;789.2;0.6105;210;38;134;0
2025;277;15;45;70;95;0.50;100000;107316;7.3;1.51;63;991.8;0.4762;60;0;60;3
2025;278;10;40;80;30;0.50;100000;107315;7.3;2.59;134;1142.4;0.7724;207;73;61;0
2025;279;20;90;35;20;0.50;100000;107304;7.3;1.97;87;498.2;0.7011;122;35;52;0
2025;280;15;75;20;60;0.50;100000;107297;7.3;16.44;124;306.4;0.2742;68;0;68;56
2025;281;15;45;80;35;0.50;100000;107293;7.3;1.67;92;1136.2;0.7554;139;47;45;0
2025;282;20;80;30;15;0.50;100000;107290;7.3;1.66;92;426.2;0.7337;135;43;49;0
2025;283;10;15;60;30;0.50;100000;107285;7.3;3.18;139;855.4;0.7086;197;58;81;0
2025;284;10;80;80;40;0.50;100000;107278;7.3;2.54;103;1135.8;0.7184;148;45;58;0
2025;285;25;40;35;55;0.50;100000;107259;7.3;2.27;41;492.6;0.4634;38;0;38;3
2025;286;10;85;80;55;0.50;100000;107254;7.3;1.81;85;1131.0;0.6471;110;25;60;0
2025;287;10;45;45;25;0.50;100000;107251;7.3;3.25;212;643.2;0.6745;286;74;138;0
2025;288;15;20;30;85;0.50;100000;107249;7.2;4.34;51;433.6;0.3039;31;0;31;20
2025;289;20;95;40;65;0.50;100000;107247;7.2;2.94;64;565.4;0.4297;55;0;55;9
2025;290;10;55;55;100;0.50;100000;107246;7.2;9.27;82;785.2;0.3902;64;0;64;18
2025;291;10;90;80;55;0.50;100000;107237;7.2;1.81;80;1128.0;0.6500;104;24;56;0
2025;292;15;45;65;30;0.50;100000;107203;7.2;2.71;108;913.8;0.7361;159;51;57;0
2025;293;10;90;100;45;0.50;100000;107197;7.2;1.34;78;1400.8;0.7564;118;40;38;0
2025;294;25;100;10;25;0.50;100000;107195;7.2;4.72;62;143.2;0.3387;42;0;42;20
2025;295;25;60;35;60;0.50;100000;107191;7.2;2.56;53;490.8;0.4245;45;0;45;8
2025;296;10;70;70;10;0.50;100000;107167;7.2;1.68;203;975.8;0.9138;371;168;35;0
2025;297;20;60;30;80;0.50;100000;107162;7.2;4.25;70;432.0;0.3071;43;0;43;27
2025;298;10;40;85;35;0.50;100000;107147;7.1;2.29;117;1186.2;0.7564;177;60;57;0
2025;299;10;35;85;35;0.50;100000;107143;7.1;2.79;124;1186.4;0.7540;187;63;61;0
2025;300;35;90;45;85;0.50;100000;107122;7.1;2.68;33;623.8;0.4242;28;0;28;5
2025;301;10;50;70;95;0.50;100000;107120;7.1;2.01;83;968.8;0.4639;77;0;77;6
2025;302;25;60;35;100;0.50;100000;107112;7.1;7.35;46;495.6;0.3043;28;0;28;18
2025;303;10;85;70;60;0.50;100000;107111;7.1;1.39;86;969.6;0.5872;101;15;71;0
2025;304;10;15;40;90;0.50;100000;107111;7.1;5.47;92;571.2;0.3370;62;0;62;30
2025;305;20;90;30;70;0.50;100000;107111;7.1;5.26;68;424.8;0.3382;46;0;46;22
2025;306;10;40;80;25;0.50;100000;107106;7.1;1.60;146;1110.6;0.8048;235;89;57;0
2025;307;10;85;75;45;0.50;100000;107102;7.1;1.95;93;1039.8;0.6774;126;33;60;0
2025;308;10;90;75;40;0.50;100000;107090;7.1;2.66;101;1038.6;0.7030;142;41;60;0
2025;309;10;40;45;10;0.50;100000;107075;7.1;3.59;282;625.2;0.8511;480;198;84;0
2025;310;10;70;65;40;0.50;100000;107072;7.1;3.51;125;900.0;0.6600;165;40;85;0
2025;311;10;55;85;30;0.50;100000;107070;7.1;2.75;126;1173.6;0.7857;198;72;54;0
2025;312;10;90;85;60;0.50;100000;107068;7.1;1.58;71;1170.6;0.6479;92;21;50;0
2025;313;10;15;10;25;0.50;100000;107065;7.1;10.21;230;153.0;0.3152;145;0;145;85
2025;314;15;25;65;80;0.50;100000;107065;7.1;1.51;76;888.6;0.4934;75;0;75;1
2025;315;25;85;10;20;0.50;100000;107060;7.1;5.35;65;139.0;0.3923;51;0;51;14
2025;316;30;95;45;85;0.50;100000;107050;7.1;2.84;43;619.8;0.4070;35;0;35;8
2025;317;20;35;45;20;0.50;100000;107049;7.0;1.98;80;618.0;0.7625;122;42;38;0
2025;318;20;35;35;20;0.50;100000;107045;7.0;1.82;78;480.8;0.7051;110;32;46;0
2025;319;15;100;20;45;0.50;100000;107039;7.0;5.26;114;285.4;0.3377;77;0;77;37
2025;320;25;60;60;100;0.50;100000;107035;7.0;3.50;42;821.2;0.4405;37;0;37;5
2025;321;20;100;30;55;0.50;100000;107034;7.0;3.77;68;414.8;0.3971;54;0;54;14
2025;322;30;90;20;55;0.50;100000;107033;7.0;4.16;53;280.8;0.3113;33;0;33;20
2025;323;10;25;90;40;0.50;100000;107015;7.0;2.46;105;1233.0;0.7429;156;51;54;0
2025;324;10;20;60;40;0.50;100000;107011;7.0;3.94;153;825.8;0.6340;194;41;112;0
2025;325;10;90;95;45;0.50;100000;107001;7.0;1.38;81;1296.6;0.7407;120;39;42;0
2025;326;20;30;70;45;0.50;100000;107000;7.0;1.44;51;953.6;0.6961;71;20;31;0
2025;327;25;75;40;70;0.50;100000;106992;7.0;2.52;46;545.6;0.4239;39;0;39;7
2025;328;25;65;45;100;0.50;100000;106985;7.0;2.77;44;618.4;0.3636;32;0;32;12
2025;329;20;35;50;20;0.50;100000;106979;7.0;1.44;72;679.2;0.7917;114;42;30;0
2025;330;10;45;75;35;0.50;100000;106978;7.0;4.04;132;1025.2;0.7235;191;59;73;0
2025;331;10;90;90;30;0.50;100000;106975;7.0;1.90;111;1224.6;0.8018;178;67;44;0
2025;332;25;85;45;80;0.50;100000;106972;7.0;2.96;48;612.8;0.4167;40;0;40;8
2025;333;10;20;80;30;0.50;100000;106970;7.0;3.13;135;1091.0;0.7704;208;73;62;0
2025;334;30;85;25;40;0.50;100000;106964;7.0;2.71;44;338.4;0.4545;40;0;40;4
2025;335;15;65;20;50;0.50;100000;106961;7.0;6.02;130;288.0;0.3115;81;0;81;49
2025;336;15;35;95;35;0.50;100000;106959;7.0;2.42;87;1288.2;0.7931;138;51;36;0
2025;337;25;85;35;90;0.50;100000;106949;6.9;6.00;51;483.6;0.3235;33;0;33;18
2025;338;10;90;100;50;0.50;100000;106938;6.9;1.57;70;1352.0;0.7357;103;33;37;0
2025;339;35;100;25;70;0.50;100000;106931;6.9;4.70;34;342.4;0.3235;22;0;22;12
2025;340;35;95;35;80;0.50;100000;106930;6.9;2.53;32;475.2;0.3750;24;0;24;8
2025;341;15;25;65;40;0.50;100000;106930;6.9;2.51;86;879.6;0.6744;116;30;56;0
2025;342;10;55;55;30;0.50;100000;106929;6.9;3.28;168;749.8;0.6815;229;61;107;0
2025;343;30;95;40;85;0.50;100000;106915;6.9;3.98;44;543.4;0.3750;33;0;33;11
2025;344;30;65;40;80;0.50;100000;106908;6.9;2.52;42;541.2;0.3929;33;0;33;9
2025;345;30;85;15;45;0.50;100000;106907;6.9;4.21;45;207.0;0.3000;27;0;27;18
2025;346;15;35;80;40;0.50;100000;106904;6.9;2.35;87;1078.2;0.7241;126;39;48;0
2025;347;10;60;75;35;0.50;100000;106903;6.9;3.61;119;1013.4;0.7269;173;54;65;0
2025;348;25;55;30;15;0.50;100000;106902;6.9;1.59;55;403.0;0.7636;84;29;26;0
2025;349;10;45;60;20;0.50;100000;106894;6.9;1.68;191;812.6;0.7853;300;109;82;0
2025;350;10;25;70;25;0.50;100000;106893;6.9;5.62;170;947.0;0.7735;263;93;77;0
2025;351;10;25;55;20;0.50;100000;106891;6.9;3.78;237;748.2;0.7637;362;125;112;0
2025;352;10;45;50;30;0.50;100000;106889;6.9;4.36;200;680.0;0.6550;262;62;138;0
2025;353;10;75;50;30;0.50;100000;106889;6.9;2.46;159;677.4;0.6604;210;51;108;0
2025;354;10;65;90;30;0.50;100000;106886;6.9;2.19;121;1210.6;0.7975;193;72;49;0
2025;355;40;95;30;80;0.50;100000;106882;6.9;3.53;31;406.6;0.3387;21;0;21;10
2025;356;10;40;100;40;0.50;100000;106870;6.9;1.99;99;1341.4;0.7677;152;53;46;0
2025;357;30;90;45;80;0.50;100000;106868;6.9;2.79;44;603.4;0.4205;37;0;37;7
2025;358;10;90;40;10;0.50;100000;106856;6.9;2.50;174;536.4;0.8448;294;120;54;0
2025;359;10;35;75;40;0.50;100000;106845;6.8;3.49;124;1006.4;0.6935;172;48;76;0
2025;360;25;85;35;75;0.50;100000;106842;6.8;5.41;55;473.0;0.3636;40;0;40;15
2025;361;15;40;60;40;0.50;100000;106836;6.8;2.50;112;803.2;0.6429;144;32;80;0
2025;362;30;65;20;45;0.50;100000;106836;6.8;3.44;50;270.0;0.3600;36;0;36;14
2025;363;10;25;65;20;0.50;100000;106830;6.8;2.85;212;873.2;0.7972;338;126;86;0
2025;364;10;45;75;55;0.50;100000;106829;6.8;2.33;99;1001.4;0.6212;123;24;75;0
2025;365;30;75;45;70;0.50;100000;106823;6.8;1.75;35;596.0;0.4714;33;0;33;2
2025;366;20;85;40;60;0.50;100000;106809;6.8;3.16;77;532.2;0.4416;68;0;68;9
2025;367;15;25;90;35;0.50;100000;106802;6.8;1.44;83;1193.8;0.7831;130;47;36;0
2025;368;20;80;60;90;0.50;100000;106802;6.8;1.64;54;794.4;0.4537;49;0;49;5
2025;369;20;70;50;100;0.50;100000;106800;6.8;5.23;57;670.2;0.3772;43;0;43;14
2025;370;20;50;50;100;0.50;100000;106800;6.8;3.79;57;670.2;0.3772;43;0;43;14
2025;371;15;25;70;40;0.50;100000;106796;6.8;1.51;86;929.6;0.6919;119;33;53;0
2025;372;10;95;70;40;0.50;100000;106789;6.8;3.04;100;930.0;0.6850;137;37;63;0
2025;373;10;35;100;40;0.50;100000;106780;6.8;3.48;97;1324.2;0.7680;149;52;45;0
2025;374;25;70;35;95;0.50;100000;106775;6.8;4.81;48;472.8;0.3125;30;0;30;18
2025;375;25;90;40;70;0.50;100000;106764;6.8;3.81;57;530.2;0.4123;47;0;47;10
2025;376;20;50;75;30;0.50;100000;106761;6.8;1.42;76;988.6;0.7829;119;43;33;0
2025;377;30;90;25;65;0.50;100000;106756;6.8;2.81;46;335.6;0.3261;30;0;30;16
2025;378;15;45;75;40;0.50;100000;106752;6.8;2.62;96;990.6;0.7031;135;39;57;0
2025;379;10;35;75;45;0.50;100000;106751;6.8;2.57;106;991.6;0.6698;142;36;70;0
2025;380;20;80;35;60;0.50;100000;106748;6.7;3.55;72;464.2;0.4097;59;0;59;13
2025;381;15;30;75;35;0.50;100000;106738;6.7;3.84;101;988.6;0.7327;148;47;54;0
2025;382;25;95;25;65;0.50;100000;106731;6.7;5.52;53;335.8;0.3208;34;0;34;19
2025;383;10;85;60;45;0.50;100000;106708;6.7;2.74;112;788.2;0.6116;137;25;87;0
2025;384;25;55;50;25;0.50;100000;106696;6.7;1.64;52;652.2;0.7596;79;27;25;0
2025;385;10;70;80;40;0.50;100000;106693;6.7;2.80;108;1048.8;0.7130;154;46;62;0
2025;386;25;90;30;90;0.50;100000;106686;6.7;7.05;54;404.4;0.2870;31;0;31;23
2025;387;10;45;70;20;0.50;100000;106685;6.7;2.23;173;917.8;0.8150;282;109;64;0
2025;388;15;30;100;35;0.50;100000;106683;6.7;1.82;80;1303.0;0.8063;129;49;31;0
2025;389;25;100;45;80;0.50;100000;106678;6.7;2.15;51;588.6;0.4118;42;0;42;9
2025;390;15;25;55;45;0.50;100000;106669;6.7;1.63;95;717.0;0.5947;113;18;77;0
2025;391;10;25;45;100;0.50;100000;106665;6.7;4.58;87;603.2;0.3391;59;0;59;28
2025;392;10;55;45;30;0.50;100000;106662;6.7;2.92;188;591.8;0.6303;237;49;139;0
2025;393;15;65;70;30;0.50;100000;106654;6.7;2.12;106;911.6;0.7500;159;53;53;0
2025;394;25;60;30;85;0.50;100000;106653;6.7;9.69;59;402.4;0.2966;35;0;35;24
2025;395;25;40;50;100;0.50;100000;106653;6.7;2.56;35;651.0;0.4000;28;0;28;7
2025;396;10;85;85;30;0.50;100000;106652;6.7;1.78;117;1106.2;0.7863;184;67;50;0
2025;397;10;60;55;30;0.50;100000;106632;6.6;2.35;182;720.2;0.6786;247;65;117;0
2025;398;25;75;45;70;0.50;100000;106629;6.6;2.52;49;581.4;0.4490;44;0;44;5
2025;399;10;35;40;90;0.50;100000;106623;6.6;5.37;102;537.2;0.3333;68;0;68;34
2025;400;20;40;35;80;0.50;100000;106622;6.6;9.03;66;462.6;0.3409;45;0;45;21
2025;401;15;95;95;60;0.50;100000;106612;6.6;1.97;60;1226.0;0.6833;82;22;38;0
2025;402;10;45;55;20;0.50;100000;106609;6.6;2.35;209;717.4;0.7656;320;111;98;0
2025;403;20;55;10;25;0.50;100000;106608;6.6;9.09;100;135.0;0.3250;65;0;65;35
2025;404;20;75;55;85;0.50;100000;106607;6.6;3.23;64;710.4;0.4375;56;0;56;8
2025;405;30;90;45;70;0.50;100000;106601;6.6;2.01;44;578.4;0.4545;40;0;40;4
2025;406;15;60;35;60;0.50;100000;106599;6.6;3.88;108;458.8;0.3981;86;0;86;22
2025;407;10;25;75;20;0.50;100000;106598;6.6;3.29;195;972.0;0.8231;321;126;69;0
2025;408;10;25;65;90;0.50;100000;106591;6.6;2.72;88;836.8;0.4545;80;0;80;8
2025;409;20;55;55;30;0.50;100000;106586;6.6;1.78;73;707.8;0.7123;104;31;42;0
2025;410;30;75;40;80;0.50;100000;106586;6.6;1.52;32;515.2;0.4062;26;0;26;6
2025;411;15;100;55;25;0.50;100000;106586;6.6;1.92;87;708.2;0.7471;130;43;44;0
2025;412;10;20;65;100;0.50;100000;106585;6.6;2.49;79;839.4;0.4304;68;0;68;11
2025;413;15;95;55;30;0.50;100000;106561;6.6;2.35;102;707.2;0.6961;142;40;62;0
2025;414;15;45;75;35;0.50;100000;106560;6.6;3.23;91;962.6;0.7363;134;43;48;0
2025;415;25;55;50;100;0.50;100000;106547;6.5;3.18;41;642.6;0.3902;32;0;32;9
2025;416;15;75;100;55;0.50;100000;106542;6.5;2.56;66;1277.6;0.7121;94;28;38;0
2025;417;15;30;95;35;0.50;100000;106536;6.5;2.90;84;1212.4;0.7917;133;49;35;0
2025;418;25;50;20;60;0.50;100000;106527;6.5;5.79;67;266.2;0.2836;38;0;38;29
2025;419;10;40;65;95;0.50;100000;106527;6.5;2.85;85;831.0;0.4412;75;0;75;10
2025;420;15;50;60;30;0.50;100000;106519;6.5;2.35;116;767.6;0.7112;165;49;67;0
2025;421;25;55;45;30;0.50;100000;106516;6.5;1.41;52;572.2;0.6827;71;19;33;0
2025;422;15;25;70;20;0.50;100000;106510;6.5;2.23;107;890.2;0.8318;178;71;36;0
2025;423;10;75;85;25;0.50;100000;106510;6.5;1.90;140;1084.0;0.8143;228;88;52;0
2025;424;15;30;75;25;0.50;100000;106509;6.5;2.27;104;954.4;0.8029;167;63;41;0
2025;425;10;80;90;40;0.50;100000;106506;6.5;2.57;89;1145.4;0.7472;133;44;45;0
2025;426;30;80;55;90;0.50;100000;106501;6.5;1.91;38;696.8;0.4474;34;0;34;4
2025;427;15;50;20;40;0.50;100000;106497;6.5;7.91;153;265.8;0.3595;110;0;110;43
2025;428;15;90;25;10;0.50;100000;106495;6.5;2.73;147;319.2;0.7653;225;78;69;0
2025;429;10;100;75;40;0.50;100000;106493;6.5;2.38;97;954.2;0.7010;136;39;58;0
2025;430;15;50;75;50;0.50;100000;106491;6.5;2.56;87;953.2;0.6494;113;26;61;0
2025;431;10;40;90;30;0.50;100000;106486;6.5;2.25;126;1143.6;0.7937;200;74;52;0
2025;432;10;80;70;45;0.50;100000;106481;6.5;3.52;97;889.2;0.6546;127;30;67;0
2025;433;25;75;40;90;0.50;100000;106476;6.5;5.72;48;512.8;0.3542;34;0;34;14
2025;434;25;95;40;85;0.50;100000;106472;6.5;3.51;49;511.4;0.3673;36;0;36;13
2025;435;10;75;60;35;0.50;100000;106471;6.5;2.08;133;763.8;0.6692;178;45;88;0
2025;436;15;90;40;15;0.50;100000;106459;6.5;1.81;110;506.0;0.7818;172;62;48;0
2025;437;15;50;90;30;0.50;100000;106459;6.5;2.43;89;1135.4;0.8090;144;55;34;0
2025;438;20;70;80;50;0.50;100000;106447;6.4;1.67;59;1007.4;0.6864;81;22;37;0
2025;439;10;65;70;30;0.50;100000;106444;6.4;3.33;138;886.8;0.7391;204;66;72;0
2025;440;20;40;20;60;0.50;100000;106442;6.4;6.61;69;263.4;0.2826;39;0;39;30
2025;441;10;35;40;20;0.50;100000;106438;6.4;4.17;262;513.2;0.6947;364;102;160;0
2025;442;15;35;85;40;0.50;100000;106436;6.4;1.84;82;1070.2;0.7378;121;39;43;0
2025;443;10;65;100;35;0.50;100000;106434;6.4;2.11;101;1258.6;0.7921;160;59;42;0
2025;444;20;65;90;60;0.50;100000;106432;6.4;1.71;50;1130.0;0.6800;68;18;32;0
2025;445;10;30;80;30;0.50;100000;106424;6.4;4.19;143;1009.8;0.7657;219;76;67;0
2025;446;20;35;85;35;0.50;100000;106423;6.4;1.50;54;1064.4;0.7963;86;32;22;0
2025;447;15;45;85;55;0.50;100000;106422;6.4;2.81;73;1067.8;0.6644;97;24;49;0
2025;448;15;75;95;40;0.50;100000;106422;6.4;1.86;77;1192.2;0.7662;118;41;36;0
2025;449;10;30;70;40;0.50;100000;106413;6.4;3.15;140;884.0;0.6714;188;48;92;0
2025;450;20;35;95;35;0.50;100000;106411;6.4;1.46;59;1187.4;0.8136;96;37;22;0
2025;451;10;25;85;25;0.50;100000;106407;6.4;3.31;151;1068.6;0.8113;245;94;57;0
2025;452;10;50;70;90;0.50;100000;106407;6.4;3.10;90;874.0;0.4722;85;0;85;5
2025;453;25;85;50;15;0.50;100000;106405;6.4;1.59;65;624.0;0.8538;111;46;19;0
2025;454;20;70;85;40;0.50;100000;106400;6.4;1.32;66;1062.6;0.7500;99;33;33;0
2025;455;10;45;85;35;0.50;100000;106393;6.4;4.83;117;1066.2;0.7521;176;59;58;0
2025;456;10;60;85;30;0.50;100000;106386;6.4;2.44;132;1065.2;0.7803;206;74;58;0
2025;457;30;85;15;25;0.50;100000;106385;6.4;1.75;45;187.0;0.4444;40;0;40;5
2025;458;20;90;30;90;0.50;100000;106384;6.4;7.31;64;390.4;0.2812;36;0;36;28
2025;459;15;75;45;85;0.50;100000;106381;6.4;3.98;72;569.2;0.3819;55;0;55;17
2025;460;10;70;65;30;0.50;100000;106379;6.4;2.55;142;816.2;0.7218;205;63;79;0
2025;461;10;30;60;30;0.50;100000;106375;6.4;4.98;188;756.8;0.6968;262;74;114;0
2025;462;10;15;45;35;0.50;100000;106371;6.4;2.87;161;564.6;0.5932;191;30;131;0
2025;463;10;50;85;25;0.50;100000;106368;6.4;2.44;135;1061.0;0.8148;220;85;50;0
2025;464;10;35;25;10;0.50;100000;106365;6.4;4.03;354;319.4;0.7472;529;175;179;0
2025;465;25;75;40;75;0.50;100000;106363;6.4;4.85;56;501.6;0.3929;44;0;44;12
2025;466;20;80;25;70;0.50;100000;106363;6.4;6.15;75;325.0;0.2933;44;0;44;31
2025;467;25;65;35;55;0.50;100000;106358;6.4;2.53;67;436.2;0.4328;58;0;58;9
2025;468;20;70;35;60;0.50;100000;106356;6.4;3.58;79;439.4;0.4051;64;0;64;15
2025;469;10;95;65;55;0.50;100000;106356;6.4;1.93;87;808.2;0.5862;102;15;72;0
2025;470;10;95;95;40;0.50;100000;106351;6.4;2.57;82;1180.2;0.7622;125;43;39;0
2025;471;15;25;45;20;0.50;100000;106349;6.3;3.10;124;561.4;0.7379;183;59;65;0
2025;472;15;95;90;55;0.50;100000;106341;6.3;1.70;57;1115.2;0.6930;79;22;35;0
2025;473;20;50;35;85;0.50;100000;106338;6.3;7.38;61;444.6;0.3279;40;0;40;21
2025;474;15;25;70;25;0.50;100000;106334;6.3;2.09;98;867.8;0.7908;155;57;41;0
2025;475;10;40;70;30;0.50;100000;106331;6.3;5.92;148;872.8;0.7365;218;70;78;0
2025;476;10;60;95;50;0.50;100000;106327;6.3;2.85;84;1177.4;0.7083;119;35;49;0
2025;477;10;85;80;40;0.50;100000;106321;6.3;2.35;92;991.2;0.7174;132;40;52;0
2025;478;10;15;45;25;0.50;100000;106318;6.3;2.49;170;562.0;0.6765;230;60;110;0
2025;479;30;85;30;70;0.50;100000;106311;6.3;4.89;46;375.6;0.3478;32;0;32;14
2025;480;10;100;95;35;0.50;100000;106308;6.3;1.96;91;1172.6;0.7857;143;52;39;0
2025;481;15;70;55;35;0.50;100000;106296;6.3;2.05;107;680.2;0.6542;140;33;74;0
2025;482;30;75;10;30;0.50;100000;106296;6.3;5.01;52;127.2;0.2981;31;0;31;21
2025;483;10;40;70;40;0.50;100000;106295;6.3;3.59;137;868.2;0.6715;184;47;90;0
2025;484;10;70;80;25;0.50;100000;106295;6.3;2.73;137;988.2;0.8029;220;83;54;0
2025;485;20;85;30;25;0.50;100000;106279;6.3;1.46;97;369.2;0.5928;115;18;79;0
2025;486;15;20;20;40;0.50;100000;106275;6.3;5.55;65;249.0;0.3769;49;0;49;16
2025;487;25;85;45;95;0.50;100000;106249;6.2;5.40;46;555.6;0.3696;34;0;34;12
2025;488;20;55;50;95;0.50;100000;106228;6.2;2.80;54;614.4;0.3889;42;0;42;12
2025;489;10;40;25;40;0.50;100000;106223;6.2;6.72;224;316.4;0.4062;182;0;182;42
2025;490;15;85;60;25;0.50;100000;106214;6.2;2.31;106;731.6;0.7547;160;54;52;0
2025;491;15;20;40;95;0.50;100000;106213;6.2;4.24;47;494.2;0.3404;32;0;32;15
2025;492;15;55;35;60;0.50;100000;106208;6.2;4.60;115;434.0;0.3957;91;0;91;24
2025;493;35;90;35;85;0.50;100000;106204;6.2;4.46;36;429.6;0.3472;25;0;25;11
2025;494;35;100;40;75;0.50;100000;106203;6.2;3.51;35;486.0;0.4143;29;0;29;6
2025;495;15;40;65;30;0.50;100000;106187;6.2;2.65;114;790.4;0.7281;166;52;62;0
2025;496;20;100;20;60;0.50;100000;106187;6.2;8.02;75;255.0;0.2800;42;0;42;33
2025;497;20;50;65;25;0.50;100000;106185;6.2;1.77;81;786.6;0.7840;127;46;35;0
2025;498;30;75;45;65;0.50;100000;106182;6.2;1.52;35;541.0;0.4857;34;0;34;1
2025;499;10;55;85;20;0.50;100000;106182;6.2;2.29;160;1031.0;0.8469;271;111;49;0
2025;500;10;50;35;90;0.50;100000;106180;6.2;6.71;111;449.6;0.3018;67;0;67;44
2026;1;10;80;30;90;0.50;100000;117233;17.2;2.70;39;965.4;0.3590;28;0;28;11
2026;2;15;65;20;55;0.50;100000;113463;13.5;3.36;51;513.6;0.3431;35;0;35;16
2026;3;15;50;15;45;0.50;100000;112470;12.5;6.90;63;361.8;0.3095;39;0;39;24
2026;4;15;45;15;45;0.50;100000;112122;12.1;4.92;69;353.4;0.3043;42;0;42;27
2026;5;10;15;35;80;0.50;100000;111922;11.9;1.92;42;796.2;0.3929;33;0;33;9
2026;6;15;60;30;90;0.50;100000;111672;11.7;3.59;34;672.4;0.3382;23;0;23;11
2026;7;20;65;20;55;0.50;100000;111307;11.3;3.16;33;433.8;0.3636;24;0;24;9
2026;8;20;55;20;60;0.50;100000;110965;11.0;3.57;40;424.0;0.3250;26;0;26;14
2026;9;10;25;10;20;0.50;100000;110959;11.0;6.36;154;214.4;0.3799;117;0;117;37
2026;10;15;75;20;55;0.50;100000;110651;10.7;3.36;48;412.8;0.3333;32;0;32;16
2026;11;15;80;40;90;0.50;100000;110548;10.5;2.93;30;808.0;0.4167;25;0;25;5
2026;12;10;100;30;90;0.50;100000;110529;10.5;2.70;35;611.0;0.3286;23;0;23;12
2026;13;20;80;40;95;0.50;100000;110489;10.5;1.52;20;802.0;0.4500;18;0;18;2
2026;14;10;55;30;75;0.50;100000;110420;10.4;4.88;50;605.0;0.3500;35;0;35;15
2026;15;10;35;30;90;0.50;100000;110092;10.1;3.59;49;591.4;0.3061;30;0;30;19
2026;16;10;80;35;75;0.50;100000;109933;9.9;2.53;43;669.8;0.3953;34;0;34;9
2026;17;10;20;20;55;0.50;100000;109821;9.8;9.41;83;388.8;0.3072;51;0;51;32
2026;18;15;60;30;80;0.50;100000;109655;9.7;4.03;41;562.6;0.3415;28;0;28;13
2026;19;10;70;30;80;0.50;100000;109412;9.4;5.71;43;549.8;0.3372;29;0;29;14
2026;20;15;85;40;95;0.50;100000;109318;9.3;2.52;26;718.6;0.4038;21;0;21;5
2026;21;10;90;30;90;0.50;100000;109274;9.3;7.16;40;544.0;0.3125;25;0;25;15
2026;22;20;35;30;70;0.50;100000;109233;9.2;3.91;32;535.2;0.3906;25;0;25;7
2026;23;10;100;30;70;0.50;100000;109219;9.2;3.53;45;537.0;0.3667;33;0;33;12
2026;24;10;45;35;85;0.50;100000;109212;9.2;3.50;45;627.0;0.3556;32;0;32;13
2026;25;10;95;20;60;0.50;100000;109028;9.0;4.73;59;357.4;0.2966;35;0;35;24
2026;26;10;60;30;85;0.50;100000;108963;9.0;3.67;42;526.2;0.3214;27;0;27;15
2026;27;25;50;10;25;0.50;100000;108951;9.0;1.99;23;172.8;0.4130;19;0;19;4
2026;28;20;65;20;45;0.50;100000;108933;8.9;3.31;45;347.0;0.3778;34;0;34;11
2026;29;10;90;40;95;0.50;100000;108931;8.9;3.51;28;690.8;0.3929;22;0;22;6
2026;30;10;75;30;80;0.50;100000;108927;8.9;2.97;47;524.2;0.3298;31;0;31;16
2026;31;10;65;30;75;0.50;100000;108833;8.8;4.12;48;517.8;0.3438;33;0;33;15
2026;32;10;95;40;100;0.50;100000;108829;8.8;4.50;26;683.6;0.3846;20;0;20;6
2026;33;15;100;30;65;0.50;100000;108802;8.8;1.99;35;511.0;0.4000;28;0;28;7
2026;34;10;20;25;55;0.50;100000;108787;8.8;4.23;71;430.6;0.3592;51;0;51;20
2026;35;15;65;30;85;0.50;100000;108753;8.8;2.81;31;511.6;0.3387;21;0;21;10
2026;36;10;95;10;25;0.50;100000;108704;8.7;5.22;77;172.2;0.3377;52;0;52;25
2026;37;15;65;20;60;0.50;100000;108680;8.7;3.81;42;341.2;0.3095;26;0;26;16
2026;38;10;15;25;40;0.50;100000;108657;8.7;2.23;69;418.4;0.4420;61;0;61;8
2026;39;20;65;15;40;0.50;100000;108613;8.6;5.87;41;252.6;0.3415;28;0;28;13
2026;40;10;15;25;60;0.50;100000;108597;8.6;4.60;53;420.8;0.3491;37;0;37;16
2026;41;10;50;30;85;0.50;100000;108509;8.5;4.20;48;502.8;0.3125;30;0;30;18
2026;42;10;95;35;80;0.50;100000;108501;8.5;3.52;37;578.2;0.3784;28;0;28;9
2026;43;20;35;20;50;0.50;100000;108459;8.5;2.89;36;329.6;0.3611;26;0;26;10
2026;44;15;85;35;100;0.50;100000;108414;8.4;2.76;26;573.6;0.3462;18;0;18;8
2026;45;10;85;35;90;0.50;100000;108388;8.4;3.55;34;572.4;0.3529;24;0;24;10
2026;46;10;85;45;75;0.50;100000;108375;8.4;1.52;38;726.8;0.4605;35;0;35;3
2026;47;15;95;40;85;0.50;100000;108184;8.2;2.52;26;633.6;0.4231;22;0;22;4
2026;48;10;20;20;40;0.50;100000;108173;8.2;5.98;98;322.8;0.3724;73;0;73;25
2026;49;10;30;35;20;0.50;100000;108166;8.2;1.82;107;555.2;0.6963;149;42;65;0
2026;50;15;100;25;50;0.50;100000;108150;8.2;3.10;39;395.4;0.4103;32;0;32;7
2026;51;20;60;35;95;0.50;100000;108144;8.1;3.71;25;555.0;0.3600;18;0;18;7
2026;52;15;80;35;90;0.50;100000;108130;8.1;2.78;29;554.4;0.3621;21;0;21;8
2026;53;15;75;10;25;0.50;100000;107878;7.9;3.42;50;155.0;0.3500;35;0;35;15
2026;54;15;90;40;95;0.50;100000;107868;7.9;2.52;24;611.4;0.3958;19;0;19;5
2026;55;10;85;20;60;0.50;100000;107813;7.8;5.79;62;313.2;0.2903;36;0;36;26
2026;56;10;65;30;20;0.50;100000;107731;7.7;2.01;92;451.2;0.6630;122;30;62;0
2026;57;15;50;40;100;0.50;100000;107721;7.7;2.81;27;602.2;0.3704;20;0;20;7
2026;58;20;70;15;45;0.50;100000;107683;7.7;3.61;31;226.6;0.3226;20;0;20;11
2026;59;10;85;35;85;0.50;100000;107657;7.7;3.52;33;523.8;0.3636;24;0;24;9
2026;60;25;55;35;75;0.50;100000;107651;7.7;1.99;22;519.2;0.4318;19;0;19;3
2026;61;10;95;45;100;0.50;100000;107644;7.6;1.94;26;668.6;0.4038;21;0;21;5
2026;62;15;75;20;60;0.50;100000;107641;7.6;3.81;41;302.6;0.3049;25;0;25;16
2026;63;10;60;40;100;0.50;100000;107561;7.6;2.81;34;592.4;0.3529;24;0;24;10
2026;64;10;15;25;65;0.50;100000;107555;7.6;5.32;54;374.4;0.3241;35;0;35;19
2026;65;20;35;15;40;0.50;100000;107500;7.5;3.87;35;221.0;0.3429;24;0;24;11
2026;66;20;100;20;40;0.50;100000;107478;7.5;3.13;35;291.0;0.4143;29;0;29;6
2026;67;15;85;10;30;0.50;100000;107446;7.4;6.17;51;148.6;0.3039;31;0;31;20
2026;68;15;55;30;90;0.50;100000;107414;7.4;4.52;30;438.0;0.3167;19;0;19;11
2026;69;10;90;40;100;0.50;100000;107406;7.4;3.38;29;579.4;0.3621;21;0;21;8
2026;70;15;75;40;100;0.50;100000;107406;7.4;2.52;29;579.4;0.3621;21;0;21;8
2026;71;20;35;15;45;0.50;100000;107350;7.3;3.81;37;218.2;0.3108;23;0;23;14
2026;72;10;30;35;75;0.50;100000;107271;7.3;2.53;50;500.0;0.3700;37;0;37;13
2026;73;20;90;15;40;0.50;100000;107235;7.2;2.86;30;213.0;0.3500;21;0;21;9
2026;74;10;60;30;80;0.50;100000;107184;7.2;3.96;45;427.0;0.3222;29;0;29;16
2026;75;20;65;25;55;0.50;100000;107164;7.2;1.99;29;349.4;0.3966;23;0;23;6
2026;76;15;40;30;70;0.50;100000;107138;7.1;2.54;42;421.2;0.3571;30;0;30;12
2026;77;25;55;10;20;0.50;100000;107093;7.1;2.23;30;138.0;0.4333;26;0;26;4
2026;78;15;70;40;100;0.50;100000;107092;7.1;3.80;31;556.6;0.3548;22;0;22;9
2026;79;10;30;10;25;0.50;100000;107089;7.1;11.66;155;148.0;0.3194;99;0;99;56
2026;80;10;15;15;40;0.50;100000;107069;7.1;4.88;79;214.4;0.3101;49;0;49;30
2026;81;10;70;55;35;0.50;100000;107062;7.1;1.66;53;755.8;0.6981;74;21;32;0
2026;82;15;45;45;80;0.50;100000;107059;7.1;2.52;37;618.2;0.4324;32;0;32;5
2026;83;10;40;25;45;0.50;100000;107048;7.0;7.77;94;348.4;0.3936;74;0;74;20
2026;84;15;65;30;80;0.50;100000;107033;7.0;3.96;38;416.8;0.3289;25;0;25;13
2026;85;10;70;35;90;0.50;100000;107001;7.0;3.52;37;483.2;0.3378;25;0;25;12
2026;86;20;55;20;50;0.50;100000;106985;7.0;3.20;39;275.4;0.3462;27;0;27;12
2026;87;25;85;20;55;0.50;100000;106966;7.0;2.76;26;273.6;0.3462;18;0;18;8
2026;88;15;80;50;90;0.50;100000;106795;6.8;2.14;28;660.8;0.4464;25;0;25;3
2026;89;10;50;35;100;0.50;100000;106791;6.8;3.52;35;471.0;0.3143;22;0;22;13
2026;90;15;85;15;25;0.50;100000;106789;6.8;2.59;51;198.6;0.4412;45;0;45;6
2026;91;25;65;40;100;0.50;100000;106784;6.8;4.50;21;530.6;0.3810;16;0;16;5
2026;92;10;80;40;90;0.50;100000;106762;6.8;3.92;35;531.0;0.3714;26;0;26;9
2026;93;20;30;20;50;0.50;100000;106743;6.7;2.57;19;263.4;0.3947;15;0;15;4
2026;94;20;60;35;100;0.50;100000;106728;6.7;4.51;20;462.0;0.3500;14;0;14;6
2026;95;10;15;25;75;0.50;100000;106699;6.7;6.80;46;335.6;0.2935;27;0;27;19
2026;96;10;70;30;75;0.50;100000;106617;6.6;4.81;50;395.0;0.3300;33;0;33;17
2026;97;20;60;40;90;0.50;100000;106603;6.6;3.51;24;516.4;0.3958;19;0;19;5
2026;98;10;65;30;85;0.50;100000;106596;6.6;3.94;46;395.6;0.3043;28;0;28;18
2026;99;15;100;30;70;0.50;100000;106595;6.6;3.29;36;389.6;0.3611;26;0;26;10
2026;100;15;85;40;90;0.50;100000;106560;6.6;3.55;32;515.2;0.3750;24;0;24;8
2026;101;10;60;30;65;0.50;100000;106556;6.6;4.27;54;389.4;0.3611;39;0;39;15
2026;102;15;95;10;25;0.50;100000;106552;6.6;3.69;43;129.8;0.3488;30;0;30;13
2026;103;10;75;15;20;0.50;100000;106551;6.6;2.13;92;191.2;0.4783;88;0;88;4
2026;104;10;30;55;35;0.50;100000;106519;6.5;1.47;64;700.4;0.6797;87;23;41;0
2026;105;10;30;35;15;0.50;100000;106501;6.5;1.73;117;446.2;0.7521;176;59;58;0
2026;106;10;75;30;75;0.50;100000;106494;6.5;3.72;45;387.0;0.3333;30;0;30;15
2026;107;10;65;20;60;0.50;100000;106442;6.4;10.20;69;263.4;0.2826;39;0;39;30
2026;108;15;85;20;60;0.50;100000;106442;6.4;5.56;44;258.4;0.2955;26;0;26;18
2026;109;10;40;70;20;0.50;100000;106421;6.4;1.42;81;876.6;0.8457;137;56;25;0
2026;110;15;100;25;55;0.50;100000;106404;6.4;3.00;39;315.4;0.3718;29;0;29;10
2026;111;15;85;45;95;0.50;100000;106402;6.4;2.46;26;563.6;0.4038;21;0;21;5
2026;112;10;95;45;95;0.50;100000;106402;6.4;2.99;26;563.6;0.4038;21;0;21;5
2026;113;10;80;15;45;0.50;100000;106375;6.4;6.90;74;196.4;0.2838;42;0;42;32
2026;114;10;95;30;75;0.50;100000;106372;6.4;3.42;40;379.0;0.3375;27;0;27;13
2026;115;25;100;20;40;0.50;100000;106351;6.4;2.11;23;247.8;0.4348;20;0;20;3
2026;116;15;40;35;80;0.50;100000;106299;6.3;4.69;39;435.4;0.3590;28;0;28;11
2026;117;20;70;15;25;0.50;100000;106286;6.3;1.56;40;184.0;0.4500;36;0;36;4
2026;118;10;80;50;30;0.50;100000;106286;6.3;1.20;61;614.6;0.6967;85;24;37;0
2026;119;10;15;25;50;0.50;100000;106258;6.3;5.16;64;310.4;0.3750;48;0;48;16
2026;120;20;70;25;65;0.50;100000;106244;6.2;3.55;36;309.6;0.3333;24;0;24;12
2026;121;25;45;10;30;0.50;100000;106242;6.2;3.38;26;123.6;0.3269;17;0;17;9
2026;122;25;45;10;25;0.50;100000;106209;6.2;3.04;27;122.2;0.3704;20;0;20;7
2026;123;10;45;35;75;0.50;100000;106177;6.2;2.99;51;428.6;0.3627;37;0;37;14
2026;124;10;25;40;15;0.50;100000;106164;6.2;3.64;115;484.0;0.7783;179;64;51;0
2026;125;15;95;40;100;0.50;100000;106160;6.2;4.50;25;485.0;0.3600;18;0;18;7
2026;126;10;40;40;100;0.50;100000;106155;6.2;3.38;37;488.2;0.3378;25;0;25;12
2026;127;15;95;35;85;0.50;100000;106151;6.2;2.85;26;423.6;0.3654;19;0;19;7
2026;128;15;55;70;40;0.50;100000;106101;6.1;0.95;40;834.0;0.7375;59;19;21;0
2026;129;10;85;30;85;0.50;100000;106094;6.1;4.03;39;365.4;0.3077;24;0;24;15
2026;130;10;90;10;25;0.50;100000;106093;6.1;8.66;76;123.6;0.3289;50;0;50;26
2026;131;15;70;35;100;0.50;100000;106085;6.1;3.52;30;423.0;0.3167;19;0;19;11
2026;132;10;55;50;75;0.50;100000;106077;6.1;2.28;41;592.6;0.4634;38;0;38;3
2026;133;10;75;30;90;0.50;100000;106074;6.1;3.53;39;365.4;0.2949;23;0;23;16
2026;134;15;65;25;50;0.50;100000;106049;6.0;3.64;54;299.4;0.3796;41;0;41;13
2026;135;10;15;30;90;0.50;100000;106014;6.0;8.47;41;362.6;0.2927;24;0;24;17
2026;136;10;35;35;20;0.50;100000;105984;6.0;2.12;109;412.4;0.6835;149;40;69;0
2026;137;10;60;30;45;0.50;100000;105981;6.0;3.10;70;352.0;0.4429;62;0;62;8
2026;138;10;40;30;75;0.50;100000;105969;6.0;4.30;54;359.4;0.3241;35;0;35;19
2026;139;15;45;50;80;0.50;100000;105967;6.0;1.52;34;582.4;0.4559;31;0;31;3
2026;140;20;50;55;30;0.50;100000;105939;5.9;1.93;37;638.2;0.7568;56;19;18;0
2026;141;15;90;35;90;0.50;100000;105936;5.9;4.53;31;411.6;0.3387;21;0;21;10
2026;142;15;90;45;85;0.50;100000;105930;5.9;3.09;27;522.2;0.4259;23;0;23;4
2026;143;10;100;30;75;0.50;100000;105927;5.9;2.83;37;353.2;0.3378;25;0;25;12
2026;144;10;20;25;40;0.50;100000;105909;5.9;4.44;98;292.8;0.4184;82;0;82;16
2026;145;20;70;50;30;0.50;100000;105873;5.9;0.93;33;573.8;0.7424;49;16;17;0
2026;146;10;95;35;75;0.50;100000;105860;5.9;3.52;39;405.4;0.3718;29;0;29;10
2026;147;25;60;40;85;0.50;100000;105858;5.9;2.93;22;459.2;0.4091;18;0;18;4
2026;148;25;100;45;90;0.50;100000;105856;5.9;1.52;18;514.8;0.4444;16;0;16;2
2026;149;15;50;45;75;0.50;100000;105848;5.8;2.21;39;515.4;0.4359;34;0;34;5
2026;150;25;80;40;80;0.50;100000;105819;5.8;2.02;18;454.8;0.4444;16;0;16;2
2026;151;15;45;40;75;0.50;100000;105812;5.8;3.11;41;457.6;0.4024;33;0;33;8
2026;152;10;60;35;55;0.50;100000;105795;5.8;2.53;65;399.0;0.4308;56;0;56;9
2026;153;10;25;25;15;0.50;100000;105738;5.7;4.41;133;283.8;0.6692;178;45;88;0
2026;154;15;45;30;80;0.50;100000;105703;5.7;4.39;41;342.6;0.3171;26;0;26;15
2026;155;25;60;40;75;0.50;100000;105653;5.7;1.52;20;442.0;0.4500;18;0;18;2
2026;156;15;50;20;50;0.50;100000;105650;5.7;4.57;52;227.2;0.3269;34;0;34;18
2026;157;10;40;30;60;0.50;100000;105648;5.6;4.14;59;337.4;0.3729;44;0;44;15
2026;158;10;65;35;15;0.50;100000;105642;5.6;2.52;87;388.2;0.7586;132;45;42;0
2026;159;15;90;35;100;0.50;100000;105639;5.6;3.87;21;390.6;0.3333;14;0;14;7
2026;160;10;35;30;80;0.50;100000;105617;5.6;4.04;50;340.0;0.3100;31;0;31;19
2026;161;10;100;50;20;0.50;100000;105600;5.6;1.47;65;549.0;0.7846;102;37;28;0
2026;162;10;95;30;65;0.50;100000;105559;5.6;3.45;58;333.8;0.3534;41;0;41;17
2026;163;20;55;35;15;0.50;100000;105544;5.5;1.92;43;379.8;0.8023;69;26;17;0
2026;164;20;95;10;25;0.50;100000;105537;5.5;5.10;39;110.4;0.3462;27;0;27;12
2026;165;20;30;20;45;0.50;100000;105535;5.5;2.57;23;217.8;0.3913;18;0;18;5
2026;166;10;20;30;75;0.50;100000;105526;5.5;3.72;51;333.6;0.3235;33;0;33;18
2026;167;10;90;25;40;0.50;100000;105515;5.5;3.24;63;271.8;0.4286;54;0;54;9
2026;168;20;80;50;95;0.50;100000;105504;5.5;1.52;19;538.4;0.4474;17;0;17;2
2026;169;15;70;15;40;0.50;100000;105474;5.5;4.41;56;166.6;0.3125;35;0;35;21
2026;170;15;45;30;60;0.50;100000;105474;5.5;4.22;46;325.6;0.3804;35;0;35;11
2026;171;20;75;35;95;0.50;100000;105473;5.5;3.71;22;379.2;0.3409;15;0;15;7
2026;172;25;60;35;95;0.50;100000;105473;5.5;3.40;22;379.2;0.3409;15;0;15;7
2026;173;10;85;30;80;0.50;100000;105469;5.5;3.53;43;329.8;0.3140;27;0;27;16
2026;174;10;85;30;65;0.50;100000;105466;5.5;3.82;55;328.0;0.3545;39;0;39;16
2026;175;25;60;15;30;0.50;100000;105442;5.4;4.33;35;161.0;0.4000;28;0;28;7
2026;176;10;15;35;75;0.50;100000;105437;5.4;3.31;44;378.4;0.3636;32;0;32;12
2026;177;20;100;20;55;0.50;100000;105428;5.4;3.77;31;216.6;0.3226;20;0;20;11
2026;178;20;100;45;25;0.50;100000;105426;5.4;0.98;30;478.0;0.7667;46;16;14;0
2026;179;15;90;40;85;0.50;100000;105419;5.4;3.91;27;427.2;0.3889;21;0;21;6
2026;180;25;55;25;75;0.50;100000;105417;5.4;2.61;22;269.2;0.3182;14;0;14;8
2026;181;15;85;35;90;0.50;100000;105407;5.4;3.29;28;375.8;0.3393;19;0;19;9
2026;182;15;90;55;100;0.50;100000;105394;5.4;1.51;24;581.4;0.4375;21;0;21;3
2026;183;25;45;30;85;0.50;100000;105391;5.4;4.52;21;320.6;0.3333;14;0;14;7
2026;184;25;55;30;85;0.50;100000;105391;5.4;4.52;21;320.6;0.3333;14;0;14;7
2026;185;20;45;40;100;0.50;100000;105388;5.4;4.36;24;426.4;0.3542;17;0;17;7
2026;186;10;90;25;65;0.50;100000;105380;5.4;3.57;49;271.4;0.3163;31;0;31;18
2026;187;15;90;65;25;0.50;100000;105376;5.4;1.45;40;684.0;0.8250;66;26;14;0
2026;188;20;35;65;35;0.50;100000;105374;5.4;1.70;26;683.6;0.7885;41;15;11;0
2026;189;15;50;90;35;0.50;100000;105369;5.4;0.81;32;945.2;0.8438;54;22;10;0
2026;190;10;15;40;75;0.50;100000;105369;5.4;2.52;40;424.0;0.4000;32;0;32;8
2026;191;10;45;45;75;0.50;100000;105368;5.4;3.20;46;475.6;0.4239;39;0;39;7
2026;192;10;15;25;45;0.50;100000;105351;5.4;3.04;67;266.2;0.3955;53;0;53;14
2026;193;10;55;45;20;0.50;100000;105347;5.3;1.83;83;473.8;0.7470;124;41;42;0
2026;194;25;90;20;60;0.50;100000;105340;5.3;3.57;20;212.0;0.3250;13;0;13;7
2026;195;10;15;30;40;0.50;100000;105333;5.3;2.98;69;313.4;0.4710;65;0;65;4
2026;196;10;50;25;75;0.50;100000;105324;5.3;4.98;55;273.0;0.2818;31;0;31;24
2026;197;10;35;30;60;0.50;100000;105321;5.3;4.36;71;320.6;0.3662;52;0;52;19
2026;198;10;95;30;80;0.50;100000;105320;5.3;3.53;36;319.6;0.3194;23;0;23;13
2026;199;20;85;40;90;0.50;100000;105319;5.3;2.93;22;419.2;0.3864;17;0;17;5
2026;200;15;100;30;90;0.50;100000;105286;5.3;5.50;30;318.0;0.3000;18;0;18;12
2026;201;15;60;55;30;0.50;100000;105285;5.3;1.41;46;570.6;0.7283;67;21;25;0
2026;202;10;75;40;95;0.50;100000;105265;5.3;4.54;33;418.8;0.3485;23;0;23;10
2026;203;20;70;45;95;0.50;100000;105262;5.3;3.45;24;466.4;0.3958;19;0;19;5
2026;204;20;85;10;20;0.50;100000;105258;5.3;2.45;40;104.0;0.4000;32;0;32;8
2026;205;25;70;35;20;0.50;100000;105252;5.3;1.21;25;360.0;0.7800;39;14;11;0
2026;206;15;100;20;55;0.50;100000;105235;5.2;4.57;42;211.2;0.3095;26;0;26;16
2026;207;10;55;30;60;0.50;100000;105229;5.2;5.42;55;313.0;0.3727;41;0;41;14
2026;208;15;70;35;75;0.50;100000;105201;5.2;3.24;35;361.0;0.3714;26;0;26;9
2026;209;10;90;50;20;0.50;100000;105194;5.2;1.44;64;510.4;0.7812;100;36;28;0
2026;210;10;20;25;75;0.50;100000;105185;5.2;6.74;59;267.4;0.2797;33;0;33;26
2026;211;15;35;65;50;0.50;100000;105158;5.2;1.25;37;658.2;0.6486;48;11;26;0
2026;212;15;20;25;15;0.50;100000;105146;5.1;1.42;27;252.2;0.7593;41;14;13;0
2026;213;20;70;55;35;0.50;100000;105131;5.1;1.08;33;553.8;0.7121;47;14;19;0
2026;214;10;95;35;90;0.50;100000;105131;5.1;2.78;30;358.0;0.3333;20;0;20;10
2026;215;20;65;20;50;0.50;100000;105126;5.1;4.83;39;205.4;0.3333;26;0;26;13
2026;216;20;45;45;100;0.50;100000;105117;5.1;2.52;22;454.2;0.3864;17;0;17;5
2026;217;10;95;25;65;0.50;100000;105102;5.1;5.52;51;258.6;0.3137;32;0;32;19
2026;218;10;20;30;40;0.50;100000;105100;5.1;2.84;92;301.2;0.4620;85;0;85;7
2026;219;10;30;20;40;0.50;100000;105100;5.1;7.47;108;208.8;0.3611;78;0;78;30
2026;220;10;15;15;35;0.50;100000;105093;5.1;6.26;81;156.6;0.3333;54;0;54;27
2026;221;10;85;50;75;0.50;100000;105082;5.1;2.05;37;498.2;0.4595;34;0;34;3
2026;222;15;80;40;100;0.50;100000;105080;5.1;2.52;26;403.6;0.3462;18;0;18;8
2026;223;10;25;60;15;0.50;100000;105077;5.1;2.53;97;599.2;0.8505;165;68;29;0
2026;224;25;85;45;30;0.50;100000;105075;5.1;0.87;23;447.8;0.7391;34;11;12;0
2026;225;10;15;40;85;0.50;100000;105051;5.1;2.86;35;401.0;0.3714;26;0;26;9
2026;226;10;95;40;85;0.50;100000;105051;5.1;2.99;35;401.0;0.3714;26;0;26;9
2026;227;25;100;15;40;0.50;100000;105049;5.0;2.86;18;149.8;0.3611;13;0;13;5
2026;228;15;50;70;40;0.50;100000;105039;5.0;1.17;34;692.4;0.7353;50;16;18;0
2026;229;25;60;40;95;0.50;100000;105025;5.0;2.56;20;397.0;0.3750;15;0;15;5
2026;230;15;80;20;55;0.50;100000;105021;5.0;4.57;44;203.4;0.3068;27;0;27;17
2026;231;10;60;70;25;0.50;100000;105020;5.0;1.79;67;691.2;0.7985;107;40;27;0
2026;232;15;50;45;100;0.50;100000;105019;5.0;3.92;30;448.0;0.3667;22;0;22;8
2026;233;25;100;50;90;0.50;100000;105018;5.0;1.52;20;492.0;0.4500;18;0;18;2
2026;234;10;60;35;75;0.50;100000;105015;5.0;3.77;49;351.4;0.3571;35;0;35;14
2026;235;10;65;65;35;0.50;100000;105014;5.0;2.84;56;641.6;0.7143;80;24;32;0
2026;236;10;90;30;85;0.50;100000;105009;5.0;3.21;40;304.0;0.3000;24;0;24;16
2026;237;20;65;15;45;0.50;100000;105006;5.0;5.21;41;152.6;0.2927;24;0;24;17
2026;238;15;55;20;60;0.50;100000;105003;5.0;4.65;53;205.8;0.2830;30;0;30;23
2026;239;10;95;40;60;0.50;100000;104993;5.0;2.30;48;392.8;0.4479;43;0;43;5
2026;240;10;65;30;90;0.50;100000;104988;5.0;5.06;40;304.0;0.2875;23;0;23;17
2026;241;10;85;30;90;0.50;100000;104988;5.0;6.14;40;304.0;0.2875;23;0;23;17
2026;242;10;55;70;50;0.50;100000;104959;5.0;1.17;41;682.6;0.6585;54;13;28;0
2026;243;10;15;45;85;0.50;100000;104957;5.0;2.52;35;441.0;0.4000;28;0;28;7
2026;244;20;70;65;95;0.50;100000;104953;5.0;0.51;22;629.2;0.5000;22;0;22;0
2026;245;20;90;45;100;0.50;100000;104942;4.9;2.52;19;438.4;0.3947;15;0;15;4
2026;246;10;80;35;95;0.50;100000;104939;4.9;3.52;37;348.2;0.3108;23;0;23;14
2026;247;10;55;35;75;0.50;100000;104937;4.9;5.20;46;345.6;0.3587;33;0;33;13
2026;248;10;85;35;75;0.50;100000;104937;4.9;3.98;46;345.6;0.3587;33;0;33;13
2026;249;15;55;65;25;0.50;100000;104933;4.9;2.13;50;630.0;0.8000;80;30;20;0
2026;250;20;95;75;35;0.50;100000;104931;4.9;0.87;25;725.0;0.8200;41;16;9;0
2026;251;10;60;30;90;0.50;100000;104929;4.9;3.75;42;301.2;0.2857;24;0;24;18
2026;252;10;30;65;90;0.50;100000;104905;4.9;1.51;33;623.8;0.4848;32;0;32;1
2026;253;30;50;10;25;0.50;100000;104903;4.9;2.38;20;97.0;0.3750;15;0;15;5
2026;254;10;70;55;20;0.50;100000;104884;4.9;2.03;72;529.2;0.7917;114;42;30;0
2026;255;20;80;35;90;0.50;100000;104881;4.9;4.53;25;340.0;0.3400;17;0;17;8
2026;256;10;100;30;65;0.50;100000;104878;4.9;3.28;54;294.4;0.3519;38;0;38;16
2026;257;10;85;35;100;0.50;100000;104876;4.9;3.99;33;343.8;0.3030;20;0;20;13
2026;258;15;70;40;75;0.50;100000;104876;4.9;2.11;32;385.2;0.4062;26;0;26;6
2026;259;10;85;45;95;0.50;100000;104874;4.9;2.46;32;435.2;0.3750;24;0;24;8
2026;260;10;80;30;85;0.50;100000;104862;4.9;4.20;42;296.2;0.2976;25;0;25;17
2026;261;15;55;70;45;0.50;100000;104859;4.9;1.07;40;669.0;0.6875;55;15;25;0
2026;262;15;85;45;100;0.50;100000;104844;4.8;2.93;27;432.2;0.3704;20;0;20;7
2026;263;10;25;50;15;0.50;100000;104819;4.8;2.18;103;475.8;0.8155;168;65;38;0
2026;264;25;70;50;35;0.50;100000;104815;4.8;0.99;23;472.8;0.7174;33;10;13;0
2026;265;25;60;35;100;0.50;100000;104815;4.8;2.65;18;334.8;0.3333;12;0;12;6
2026;266;10;15;40;80;0.50;100000;104806;4.8;3.11;41;382.6;0.3780;31;0;31;10
2026;267;20;60;75;65;0.50;100000;104795;4.8;0.73;24;706.4;0.6458;31;7;17;0
2026;268;25;55;30;80;0.50;100000;104790;4.8;3.04;24;286.4;0.3333;16;0;16;8
2026;269;15;35;45;35;0.50;100000;104787;4.8;1.26;47;424.2;0.6277;59;12;35;0
2026;270;25;55;45;80;0.50;100000;104777;4.8;1.52;20;422.0;0.4500;18;0;18;2
2026;271;25;50;35;60;0.50;100000;104776;4.8;2.03;26;328.6;0.4423;23;0;23;3
2026;272;10;70;45;75;0.50;100000;104773;4.8;3.57;40;424.0;0.4250;34;0;34;6
2026;273;20;100;35;65;0.50;100000;104770;4.8;1.52;29;329.4;0.4138;24;0;24;5
2026;274;10;35;65;50;0.50;100000;104757;4.8;1.63;54;609.4;0.6204;67;13;41;0
2026;275;15;80;45;95;0.50;100000;104756;4.8;2.52;26;423.6;0.3846;20;0;20;6
2026;276;25;55;40;80;0.50;100000;104742;4.7;2.55;19;373.4;0.4211;16;0;16;3
2026;277;10;100;40;75;0.50;100000;104735;4.7;4.05;42;376.2;0.3929;33;0;33;9
2026;278;10;75;40;75;0.50;100000;104735;4.7;3.06;42;376.2;0.3929;33;0;33;9
2026;279;25;60;45;75;0.50;100000;104730;4.7;1.52;23;417.8;0.4565;21;0;21;2
2026;280;15;25;25;20;0.50;100000;104726;4.7;1.65;48;232.8;0.6250;60;12;36;0
2026;281;20;60;20;50;0.50;100000;104722;4.7;3.57;36;189.6;0.3333;24;0;24;12
2026;282;20;75;15;40;0.50;100000;104721;4.7;3.12;34;142.4;0.3235;22;0;22;12
2026;283;10;35;30;85;0.50;100000;104716;4.7;7.94;44;288.4;0.2955;26;0;26;18
2026;284;10;75;15;35;0.50;100000;104707;4.7;5.10;75;145.0;0.3333;50;0;50;25
2026;285;15;70;35;70;0.50;100000;104699;4.7;3.13;41;327.6;0.3780;31;0;31;10
2026;286;20;90;25;70;0.50;100000;104699;4.7;2.87;25;235.0;0.3200;16;0;16;9
2026;287;20;80;45;95;0.50;100000;104697;4.7;2.52;23;417.8;0.3913;18;0;18;5
2026;288;10;45;35;15;0.50;100000;104673;4.7;2.62;104;324.4;0.7452;155;51;53;0
2026;289;20;60;45;100;0.50;100000;104669;4.7;3.51;24;416.4;0.3750;18;0;18;6
2026;290;15;100;20;60;0.50;100000;104668;4.7;7.58;36;189.6;0.2917;21;0;21;15
2026;291;20;55;45;90;0.50;100000;104667;4.7;2.52;25;415.0;0.4000;20;0;20;5
2026;292;15;55;45;90;0.50;100000;104667;4.7;2.05;25;415.0;0.4000;20;0;20;5
2026;293;25;55;15;45;0.50;100000;104661;4.7;3.81;28;140.8;0.3036;17;0;17;11
2026;294;10;55;55;75;0.50;100000;104658;4.7;1.51;41;502.6;0.4756;39;0;39;2
2026;295;20;85;25;65;0.50;100000;104648;4.6;2.57;27;232.2;0.3333;18;0;18;9
2026;296;10;100;40;90;0.50;100000;104642;4.6;3.51;29;369.4;0.3621;21;0;21;8
2026;297;25;45;35;90;0.50;100000;104632;4.6;3.52;20;322.0;0.3500;14;0;14;6
2026;298;20;60;85;70;0.50;100000;104630;4.6;1.17;19;773.4;0.6842;26;7;12;0
2026;299;10;65;40;20;0.50;100000;104629;4.6;2.09;81;366.6;0.7160;116;35;46;0
2026;300;20;95;45;25;0.50;100000;104610;4.6;2.38;30;408.0;0.7500;45;15;15;0
2026;301;15;80;40;95;0.50;100000;104609;4.6;4.54;27;367.2;0.3519;19;0;19;8
2026;302;15;75;30;65;0.50;100000;104601;4.6;3.19;45;277.0;0.3556;32;0;32;13
2026;303;15;35;15;35;0.50;100000;104584;4.6;4.45;64;140.4;0.3359;43;0;43;21
2026;304;20;65;45;85;0.50;100000;104578;4.6;3.25;24;406.4;0.4167;20;0;20;4
2026;305;15;80;50;95;0.50;100000;104577;4.6;2.66;27;452.2;0.4074;22;0;22;5
2026;306;25;100;55;90;0.50;100000;104573;4.6;1.51;19;493.4;0.4737;18;0;18;1
2026;307;15;20;40;15;0.50;100000;104568;4.6;0.84;26;358.6;0.8654;45;19;7;0
2026;308;10;35;30;75;0.50;100000;104566;4.6;5.64;57;280.2;0.3158;36;0;36;21
2026;309;10;85;35;70;0.50;100000;104558;4.6;2.53;47;319.2;0.3723;35;0;35;12
2026;310;15;65;65;35;0.50;100000;104538;4.5;1.94;42;581.2;0.7262;61;19;23;0
2026;311;20;40;90;30;0.50;100000;104533;4.5;0.84;28;800.8;0.8750;49;21;7;0
2026;312;20;70;50;35;0.50;100000;104528;4.5;1.64;35;446.0;0.6714;47;12;23;0
2026;313;15;45;45;85;0.50;100000;104509;4.5;2.10;34;402.4;0.3971;27;0;27;7
2026;314;10;65;45;85;0.50;100000;104509;4.5;2.10;34;402.4;0.3971;27;0;27;7
2026;315;20;75;75;25;0.50;100000;104509;4.5;0.84;26;663.6;0.8846;46;20;6;0
2026;316;10;70;50;75;0.50;100000;104508;4.5;2.28;40;444.0;0.4500;36;0;36;4
2026;317;20;45;70;35;0.50;100000;104503;4.5;1.53;32;620.2;0.7656;49;17;15;0
2026;318;10;45;30;20;0.50;100000;104503;4.5;2.69;108;268.8;0.6389;138;30;78;0
2026;319;15;35;45;40;0.50;100000;104493;4.5;1.28;44;398.4;0.5909;52;8;36;0
2026;320;15;95;45;25;0.50;100000;104492;4.5;1.73;37;398.2;0.7297;54;17;20;0
2026;321;15;55;70;25;0.50;100000;104489;4.5;1.80;44;618.4;0.8182;72;28;16;0
2026;322;10;20;15;40;0.50;100000;104489;4.5;8.80;104;144.4;0.2981;62;0;62;42
2026;323;30;95;15;40;0.50;100000;104486;4.5;2.59;22;134.2;0.3409;15;0;15;7
2026;324;25;50;40;90;0.50;100000;104486;4.5;3.51;18;354.8;0.3889;14;0;14;4
2026;325;25;45;15;30;0.50;100000;104483;4.5;2.30;23;132.8;0.4130;19;0;19;4
2026;326;10;90;40;85;0.50;100000;104481;4.5;2.99;34;357.4;0.3676;25;0;25;9
2026;327;25;60;40;70;0.50;100000;104475;4.5;1.52;20;352.0;0.4500;18;0;18;2
2026;328;10;40;30;40;0.50;100000;104473;4.5;2.47;96;265.6;0.4583;88;0;88;8
2026;329;25;45;40;100;0.50;100000;104471;4.5;2.31;18;354.8;0.3611;13;0;13;5
2026;330;10;25;80;15;0.50;100000;104457;4.5;1.80;81;701.6;0.8951;145;64;17;0
2026;331;20;35;25;50;0.50;100000;104452;4.5;2.64;38;221.8;0.3816;29;0;29;9
2026;332;15;40;20;45;0.50;100000;104448;4.4;4.48;60;181.0;0.3417;41;0;41;19
2026;333;10;85;30;45;0.50;100000;104443;4.4;3.10;58;263.8;0.4397;51;0;51;7
2026;334;10;30;35;45;0.50;100000;104423;4.4;2.41;82;305.2;0.4695;77;0;77;5
2026;335;20;30;25;45;0.50;100000;104421;4.4;1.54;23;217.8;0.4348;20;0;20;3
2026;336;10;55;20;60;0.50;100000;104417;4.4;7.40;67;186.2;0.2761;37;0;37;30
2026;337;15;85;55;25;0.50;100000;104410;4.4;1.07;51;478.6;0.7549;77;26;25;0
2026;338;20;35;20;40;0.50;100000;104410;4.4;2.68;32;175.2;0.3906;25;0;25;7
2026;339;10;50;40;90;0.50;100000;104403;4.4;4.89;34;352.4;0.3529;24;0;24;10
2026;340;25;60;55;20;0.50;100000;104391;4.4;0.51;22;474.2;0.8864;39;17;5;0
2026;341;20;60;30;90;0.50;100000;104386;4.4;4.74;25;265.0;0.3000;15;0;15;10
2026;342;15;45;55;30;0.50;100000;104384;4.4;1.93;56;476.6;0.7054;79;23;33;0
2026;343;20;35;20;35;0.50;100000;104373;4.4;1.57;37;173.2;0.4189;31;0;31;6
2026;344;10;80;40;80;0.50;100000;104366;4.4;3.17;37;348.2;0.3784;28;0;28;9
2026;345;20;40;20;55;0.50;100000;104358;4.4;5.35;41;177.6;0.3049;25;0;25;16
2026;346;10;45;100;50;0.50;100000;104358;4.4;1.01;30;858.0;0.7667;46;16;14;0
2026;347;15;70;65;95;0.50;100000;104350;4.4;1.51;25;555.0;0.4800;24;0;24;1
2026;348;15;55;50;75;0.50;100000;104341;4.3;1.52;34;427.4;0.4559;31;0;31;3
2026;349;20;95;15;45;0.50;100000;104337;4.3;3.81;34;132.4;0.2941;20;0;20;14
2026;350;15;25;30;20;0.50;100000;104337;4.3;1.45;52;257.2;0.6635;69;17;35;0
2026;351;15;75;30;40;0.50;100000;104336;4.3;1.53;46;255.6;0.4783;44;0;44;2
2026;352;10;90;35;60;0.50;100000;104327;4.3;2.54;49;301.4;0.4082;40;0;40;9
2026;353;15;25;60;25;0.50;100000;104326;4.3;1.11;35;511.0;0.8000;56;21;14;0
2026;354;25;80;45;20;0.50;100000;104320;4.3;0.80;20;382.0;0.8500;34;14;6;0
2026;355;20;60;40;100;0.50;100000;104316;4.3;5.47;25;345.0;0.3400;17;0;17;8
2026;356;20;60;30;85;0.50;100000;104313;4.3;2.81;22;259.2;0.3182;14;0;14;8
2026;357;10;70;45;95;0.50;100000;104311;4.3;3.40;31;386.6;0.3710;23;0;23;8
2026;358;10;65;25;75;0.50;100000;104310;4.3;6.62;54;224.4;0.2778;30;0;30;24
2026;359;35;80;25;70;0.50;100000;104309;4.3;2.05;18;214.8;0.3333;12;0;12;6
2026;360;10;45;30;25;0.50;100000;104306;4.3;1.67;106;256.6;0.5802;123;17;89;0
2026;361;10;40;30;80;0.50;100000;104305;4.3;5.02;53;265.8;0.3019;32;0;32;21
2026;362;10;70;40;75;0.50;100000;104297;4.3;3.82;41;342.6;0.3902;32;0;32;9
2026;363;10;60;95;60;0.50;100000;104297;4.3;1.07;29;804.4;0.7069;41;12;17;0
2026;364;15;40;25;65;0.50;100000;104297;4.3;4.08;50;220.0;0.3100;31;0;31;19
2026;365;25;65;10;30;0.50;100000;104293;4.3;2.65;24;86.4;0.3125;15;0;15;9
2026;366;25;50;10;30;0.50;100000;104293;4.3;3.84;24;86.4;0.3125;15;0;15;9
2026;367;15;50;70;50;0.50;100000;104291;4.3;1.11;34;592.4;0.6618;45;11;23;0
2026;368;25;45;15;35;0.50;100000;104284;4.3;4.27;23;127.8;0.3696;17;0;17;6
2026;369;15;55;30;25;0.50;100000;104280;4.3;1.99;72;254.2;0.5903;85;13;59;0
2026;370;25;60;40;25;0.50;100000;104279;4.3;1.12;27;337.2;0.7222;39;12;15;0
2026;371;10;100;15;45;0.50;100000;104268;4.3;5.98;74;136.4;0.2770;41;0;41;33
2026;372;10;100;50;75;0.50;100000;104262;4.3;2.28;39;420.4;0.4487;35;0;35;4
2026;373;15;50;95;60;0.50;100000;104248;4.2;1.26;25;795.0;0.7200;36;11;14;0
2026;374;15;55;95;25;0.50;100000;104242;4.2;1.37;41;792.6;0.8780;72;31;10;0
2026;375;20;50;80;25;0.50;100000;104238;4.2;1.40;31;666.6;0.8710;54;23;8;0
2026;376;15;95;40;25;0.50;100000;104227;4.2;1.54;47;334.2;0.6809;64;17;30;0
2026;377;15;95;35;55;0.50;100000;104212;4.2;2.53;35;291.0;0.4429;31;0;31;4
2026;378;10;75;20;55;0.50;100000;104211;4.2;5.13;70;177.0;0.2929;41;0;41;29
2026;379;15;80;30;90;0.50;100000;104209;4.2;4.68;31;256.6;0.2903;18;0;18;13
2026;380;10;15;30;75;0.50;100000;104206;4.2;6.64;42;256.2;0.3214;27;0;27;15
2026;381;20;60;50;100;0.50;100000;104202;4.2;3.13;24;416.4;0.3958;19;0;19;5
2026;382;10;95;25;60;0.50;100000;104200;4.2;4.30;57;215.2;0.3246;37;0;37;20
2026;383;30;70;10;25;0.50;100000;104195;4.2;2.65;19;83.4;0.3684;14;0;14;5
2026;384;10;85;40;95;0.50;100000;104194;4.2;5.51;34;337.4;0.3382;23;0;23;11
2026;385;10;80;40;95;0.50;100000;104194;4.2;3.51;34;337.4;0.3382;23;0;23;11
2026;386;10;45;50;75;0.50;100000;104182;4.2;2.36;44;413.4;0.4432;39;0;39;5
2026;387;10;95;45;75;0.50;100000;104182;4.2;2.89;34;372.4;0.4265;29;0;29;5
2026;388;20;35;25;70;0.50;100000;104181;4.2;4.03;31;211.6;0.3065;19;0;19;12
2026;389;10;25;60;50;0.50;100000;104181;4.2;1.26;53;495.8;0.5943;63;10;43;0
2026;390;10;20;65;45;0.50;100000;104178;4.2;1.48;52;537.2;0.6442;67;15;37;0
2026;391;25;70;40;100;0.50;100000;104166;4.2;2.81;20;332.0;0.3500;14;0;14;6
2026;392;10;65;30;45;0.50;100000;104166;4.2;3.13;79;249.4;0.4304;68;0;68;11
2026;393;20;50;45;90;0.50;100000;104163;4.2;2.05;24;371.4;0.3958;19;0;19;5
2026;394;15;85;30;70;0.50;100000;104160;4.2;3.91;35;251.0;0.3429;24;0;24;11
2026;395;20;60;30;10;0.50;100000;104153;4.2;0.96;39;245.4;0.8462;66;27;12;0
2026;396;25;80;60;35;0.50;100000;104152;4.2;1.59;21;490.6;0.7619;32;11;10;0
2026;397;10;85;30;70;0.50;100000;104147;4.1;4.52;48;252.8;0.3333;32;0;32;16
2026;398;10;80;65;90;0.50;100000;104146;4.1;1.51;29;529.4;0.4828;28;0;28;1
2026;399;10;55;30;50;0.50;100000;104145;4.1;7.89;65;249.0;0.4077;53;0;53;12
2026;400;10;90;35;80;0.50;100000;104141;4.1;4.09;41;292.6;0.3415;28;0;28;13
2026;401;20;50;45;95;0.50;100000;104135;4.1;2.99;22;369.2;0.3864;17;0;17;5
2026;402;10;70;30;40;0.50;100000;104133;4.1;2.70;61;244.6;0.4672;57;0;57;4
2026;403;15;40;50;40;0.50;100000;104133;4.1;1.54;51;408.6;0.6078;62;11;40;0
2026;404;10;90;35;70;0.50;100000;104129;4.1;2.60;43;289.8;0.3721;32;0;32;11
2026;405;10;95;35;70;0.50;100000;104129;4.1;3.52;43;289.8;0.3721;32;0;32;11
2026;406;25;80;70;35;0.50;100000;104126;4.1;1.02;19;568.4;0.8158;31;12;7;0
2026;407;15;95;50;20;0.50;100000;104124;4.1;1.44;45;407.0;0.7889;71;26;19;0
2026;408;10;40;35;100;0.50;100000;104119;4.1;3.52;45;297.0;0.2889;26;0;26;19
2026;409;10;90;45;75;0.50;100000;104111;4.1;3.88;38;366.8;0.4211;32;0;32;6
2026;410;10;80;45;75;0.50;100000;104111;4.1;3.27;38;366.8;0.4211;32;0;32;6
2026;411;15;80;45;90;0.50;100000;104106;4.1;3.09;27;367.2;0.3889;21;0;21;6
2026;412;25;90;20;55;0.50;100000;104102;4.1;2.26;25;165.0;0.3200;16;0;16;9
2026;413;25;65;20;55;0.50;100000;104102;4.1;2.57;25;165.0;0.3200;16;0;16;9
2026;414;15;70;85;35;0.50;100000;104100;4.1;1.21;31;686.6;0.8065;50;19;12;0
2026;415;20;65;25;65;0.50;100000;104096;4.1;3.55;31;206.6;0.3226;20;0;20;11
2026;416;10;95;50;75;0.50;100000;104096;4.1;1.52;33;403.8;0.4545;30;0;30;3
2026;417;15;80;20;60;0.50;100000;104083;4.1;6.61;50;170.0;0.2800;28;0;28;22
2026;418;25;90;15;25;0.50;100000;104081;4.1;2.59;28;120.8;0.4464;25;0;25;3
2026;419;25;60;50;85;0.50;100000;104081;4.1;1.53;20;402.0;0.4500;18;0;18;2
2026;420;25;95;45;95;0.50;100000;104076;4.1;2.52;19;363.4;0.3947;15;0;15;4
2026;421;10;35;35;85;0.50;100000;104075;4.1;6.11;43;289.8;0.3256;28;0;28;15
2026;422;15;25;25;15;0.50;100000;104069;4.1;1.87;56;201.6;0.6875;77;21;35;0
2026;423;10;95;25;15;0.50;100000;104067;4.1;2.09;84;202.4;0.6726;113;29;55;0
2026;424;25;75;80;50;0.50;100000;104063;4.1;1.09;21;640.6;0.7381;31;10;11;0
2026;425;15;65;35;100;0.50;100000;104058;4.1;2.65;30;288.0;0.3000;18;0;18;12
2026;426;10;40;80;20;0.50;100000;104054;4.1;1.22;71;640.6;0.8521;121;50;21;0
2026;427;15;90;35;75;0.50;100000;104051;4.1;2.53;33;283.8;0.3636;24;0;24;9
2026;428;20;70;45;100;0.50;100000;104050;4.0;1.94;23;362.8;0.3696;17;0;17;6
2026;429;25;90;50;25;0.50;100000;104047;4.0;0.77;19;398.4;0.8158;31;12;7;0
2026;430;25;65;20;40;0.50;100000;104044;4.0;3.13;28;160.8;0.3929;22;0;22;6
2026;431;10;20;30;50;0.50;100000;104041;4.0;4.10;69;243.4;0.4058;56;0;56;13
2026;432;10;20;60;40;0.50;100000;104038;4.0;1.74;57;480.2;0.6491;74;17;40;0
2026;433;15;70;55;85;0.50;100000;104037;4.0;1.51;30;438.0;0.4500;27;0;27;3
2026;434;15;30;55;40;0.50;100000;104032;4.0;1.39;37;438.2;0.6486;48;11;26;0
2026;435;15;100;35;60;0.50;100000;104025;4.0;2.20;36;279.6;0.4167;30;0;30;6
2026;436;10;95;35;85;0.50;100000;104023;4.0;5.43;33;283.8;0.3333;22;0;22;11
2026;437;20;35;30;85;0.50;100000;104023;4.0;6.86;26;243.6;0.3077;16;0;16;10
2026;438;15;20;65;55;0.50;100000;104017;4.0;1.11;18;514.8;0.6667;24;6;12;0
2026;439;25;75;35;20;0.50;100000;104017;4.0;0.97;20;277.0;0.7750;31;11;9;0
2026;440;10;80;50;40;0.50;100000;104014;4.0;1.97;52;397.2;0.6058;63;11;41;0
2026;441;10;15;25;35;0.50;100000;104013;4.0;3.22;79;199.4;0.4494;71;0;71;8
2026;442;10;25;100;20;0.50;100000;104009;4.0;1.33;64;790.4;0.8906;114;50;14;0
2026;443;10;60;30;75;0.50;100000;104009;4.0;5.57;49;246.4;0.3163;31;0;31;18
2026;444;15;65;25;60;0.50;100000;104001;4.0;5.29;44;203.4;0.3295;29;0;29;15
2026;445;10;65;30;10;0.50;100000;104000;4.0;2.37;101;238.6;0.7970;161;60;41;0
2026;446;20;70;20;35;0.50;100000;103996;4.0;2.92;40;159.0;0.4125;33;0;33;7
2026;447;15;35;60;90;0.50;100000;103995;4.0;1.51;27;472.2;0.4630;25;0;25;2
2026;448;15;80;45;35;0.50;100000;103994;4.0;1.76;46;355.6;0.6196;57;11;35;0
2026;449;10;85;65;25;0.50;100000;103990;4.0;1.92;55;513.0;0.7818;86;31;24;0
2026;450;25;60;45;20;0.50;100000;103987;4.0;0.80;26;353.6;0.8077;42;16;10;0
2026;451;10;30;50;35;0.50;100000;103985;4.0;1.75;64;395.4;0.6328;81;17;47;0
2026;452;10;35;55;20;0.50;100000;103983;4.0;2.55;89;435.4;0.7753;138;49;40;0
2026;453;15;50;35;25;0.50;100000;103976;4.0;2.36;60;276.0;0.6333;76;16;44;0
2026;454;25;80;70;30;0.50;100000;103973;4.0;1.09;23;547.8;0.8261;38;15;8;0
2026;455;10;15;40;90;0.50;100000;103968;4.0;4.32;36;319.6;0.3472;25;0;25;11
2026;456;15;80;15;25;0.50;100000;103968;4.0;2.59;51;118.6;0.4216;43;0;43;8
2026;457;15;45;95;30;0.50;100000;103967;4.0;1.20;34;742.4;0.8529;58;24;10;0
2026;458;25;50;25;70;0.50;100000;103965;4.0;3.71;22;199.2;0.3182;14;0;14;8
2026;459;15;60;55;40;0.50;100000;103961;4.0;1.98;49;431.4;0.6327;62;13;36;0
2026;460;25;95;65;30;0.50;100000;103960;4.0;1.06;20;507.0;0.8250;33;13;7;0
2026;461;15;35;90;50;0.50;100000;103954;4.0;1.19;27;702.2;0.7407;40;13;14;0
2026;462;10;70;70;25;0.50;100000;103949;3.9;1.49;66;547.6;0.7879;104;38;28;0
2026;463;20;30;25;50;0.50;100000;103948;3.9;2.64;21;195.6;0.4048;17;0;17;4
2026;464;15;55;70;60;0.50;100000;103944;3.9;1.39;32;545.2;0.6094;39;7;25;0
2026;465;10;45;35;60;0.50;100000;103928;3.9;6.17;60;276.0;0.4000;48;0;48;12
2026;466;10;50;35;60;0.50;100000;103928;3.9;2.93;60;276.0;0.4000;48;0;48;12
2026;467;15;20;30;15;0.50;100000;103924;3.9;1.59;27;232.2;0.7778;42;15;12;0
2026;468;25;80;40;20;0.50;100000;103922;3.9;1.15;22;309.2;0.7955;35;13;9;0
2026;469;10;100;70;20;0.50;100000;103917;3.9;1.96;56;541.6;0.8393;94;38;18;0
2026;470;10;100;20;60;0.50;100000;103917;3.9;7.10;54;164.4;0.2778;30;0;30;24
2026;471;25;85;20;60;0.50;100000;103916;3.9;4.57;29;159.4;0.2931;17;0;17;12
2026;472;10;85;35;80;0.50;100000;103916;3.9;5.28;38;276.8;0.3421;26;0;26;12
2026;473;10;45;40;75;0.50;100000;103913;3.9;4.98;47;314.2;0.3830;36;0;36;11
2026;474;15;95;40;95;0.50;100000;103913;3.9;3.51;26;313.6;0.3462;18;0;18;8
2026;475;30;100;20;40;0.50;100000;103912;3.9;1.55;18;154.8;0.4167;15;0;15;3
2026;476;10;45;30;60;0.50;100000;103910;3.9;5.94;65;239.0;0.3615;47;0;47;18
2026;477;10;30;30;20;0.50;100000;103908;3.9;2.29;111;234.6;0.6351;141;30;81;0
2026;478;20;100;15;40;0.50;100000;103903;3.9;3.87;33;118.8;0.3182;21;0;21;12
2026;479;10;50;45;85;0.50;100000;103891;3.9;3.09;36;349.6;0.3889;28;0;28;8
2026;480;10;80;30;75;0.50;100000;103889;3.9;4.41;44;238.4;0.3182;28;0;28;16
2026;481;10;50;85;50;0.50;100000;103883;3.9;1.77;34;652.4;0.7059;48;14;20;0
2026;482;25;65;45;100;0.50;100000;103876;3.9;2.93;20;347.0;0.3750;15;0;15;5
2026;483;25;70;45;100;0.50;100000;103876;3.9;2.52;20;347.0;0.3750;15;0;15;5
2026;484;10;45;40;60;0.50;100000;103874;3.9;2.93;65;309.0;0.4308;56;0;56;9
2026;485;15;85;15;20;0.50;100000;103872;3.9;1.66;61;114.6;0.4754;58;0;58;3
2026;486;10;35;30;70;0.50;100000;103869;3.9;5.03;58;238.8;0.3276;38;0;38;20
2026;487;20;35;45;35;0.50;100000;103865;3.9;1.76;33;343.8;0.6364;42;9;24;0
2026;488;25;60;30;65;0.50;100000;103865;3.9;2.04;21;230.6;0.3810;16;0;16;5
2026;489;10;30;50;75;0.50;100000;103858;3.9;2.36;48;382.8;0.4375;42;0;42;6
2026;490;10;70;40;100;0.50;100000;103856;3.9;3.80;34;312.4;0.3235;22;0;22;12
2026;491;25;55;35;80;0.50;100000;103856;3.9;5.38;22;269.2;0.3636;16;0;16;6
2026;492;25;95;70;35;0.50;100000;103855;3.9;0.76;20;532.0;0.8000;32;12;8;0
2026;493;15;75;45;75;0.50;100000;103852;3.9;2.21;33;343.8;0.4242;28;0;28;5
2026;494;10;55;95;60;0.50;100000;103849;3.8;0.88;27;722.2;0.7037;38;11;16;0
2026;495;10;80;30;45;0.50;100000;103843;3.8;2.66;61;229.6;0.4344;53;0;53;8
2026;496;25;80;50;40;0.50;100000;103841;3.8;0.96;22;379.2;0.6591;29;7;15;0
2026;497;15;95;15;40;0.50;100000;103834;3.8;6.88;54;119.4;0.3056;33;0;33;21
2026;498;20;65;20;60;0.50;100000;103833;3.8;3.57;31;156.6;0.2903;18;0;18;13
2026;499;15;60;35;15;0.50;100000;103832;3.8;1.42;60;266.0;0.7583;91;31;29;0
2026;500;20;60;50;95;0.50;100000;103826;3.8;2.38;22;379.2;0.4091;18;0;18;4
