startDay;endDay;sim;score;rho;zoom;shiftHours;mirror;overlapPoints
2019-10-24;2019-10-28;0.9126;0.9126;0.9555;0.60;0;0;288
2021-03-12;2021-03-16;0.8683;0.8683;0.9352;0.60;9;0;288
2021-10-25;2021-10-27;0.8588;0.8603;0.9280;0.60;1;0;287
2024-02-15;2024-02-19;0.8551;0.8551;0.9247;0.60;0;1;288
2019-05-16;2019-05-20;0.8526;0.8526;0.9234;0.60;-1;0;288
2019-03-18;2019-03-20;0.8465;0.8524;0.9233;0.93;10;1;284
2014-03-14;2014-03-18;0.8433;0.8492;0.9502;0.60;2;1;284
2026-02-11;2026-02-13;0.8395;0.8395;0.9162;0.63;-1;0;288
2019-10-10;2019-10-14;0.8390;0.8390;0.9318;0.60;6;1;288
2022-02-07;2022-02-09;0.8265;0.8265;0.9091;0.78;10;0;288
2021-07-26;2021-07-28;0.8230;0.8258;0.9088;0.61;2;1;286
2020-01-08;2020-01-10;0.8189;0.8189;0.9057;0.60;4;0;288
2017-05-09;2017-05-11;0.8188;0.8188;0.9309;0.60;3;0;288
2024-06-17;2024-06-19;0.8186;0.8186;0.9047;0.71;-1;1;288
2014-03-03;2014-03-05;0.8131;0.8131;0.9051;0.60;-2;0;288
2021-06-04;2021-06-08;0.8108;0.8122;0.9708;0.60;0;1;287
2026-06-26;2026-06-30;0.8095;0.8095;0.8998;0.60;5;1;288
2014-05-27;2014-05-29;0.8089;0.8089;0.9168;0.60;2;0;288
2014-08-29;2014-09-02;0.8067;0.8067;0.9112;0.60;-5;0;288
2019-03-15;2019-03-19;0.8049;0.8105;0.9003;0.88;-12;1;284
2019-10-02;2019-10-04;0.8030;0.8030;0.9026;0.60;-2;1;288
2016-05-06;2016-05-10;0.8028;0.8028;0.8960;0.67;-7;0;288
2019-04-12;2019-04-16;0.8014;0.8042;0.8996;0.60;11;1;286
2024-07-29;2024-07-31;0.7979;0.7979;0.8933;0.62;3;0;288
2020-02-24;2020-02-26;0.7977;0.7977;0.9206;0.60;-1;1;288
2019-04-11;2019-04-15;0.7974;0.8002;0.8979;0.60;-12;1;286
2020-01-10;2020-01-14;0.7923;0.7923;0.8901;0.80;-3;1;288
2022-02-04;2022-02-08;0.7902;0.7902;0.8889;0.70;-12;0;288
2024-10-09;2024-10-11;0.7873;0.7873;0.8873;0.62;5;0;288
2024-08-29;2024-09-02;0.7856;0.7856;0.9522;0.60;1;0;288
2020-02-13;2020-02-17;0.7843;0.7843;0.8856;0.73;-2;0;288
2019-03-14;2019-03-18;0.7835;0.7890;0.8883;0.64;-12;1;284
2019-11-22;2019-11-26;0.7832;0.7832;0.8945;0.60;-1;0;288
2014-03-31;2014-04-02;0.7824;0.7879;0.8896;0.60;5;1;284
2020-12-04;2020-12-08;0.7814;0.7814;0.8862;0.60;-5;0;288
2019-11-15;2019-11-19;0.7812;0.7826;0.8959;0.60;-1;1;287
2025-08-18;2025-08-20;0.7697;0.7697;0.8909;0.60;-2;0;288
2020-01-24;2020-01-28;0.7679;0.7679;0.8763;0.70;5;0;288
2024-02-06;2024-02-08;0.7627;0.7627;0.8733;0.75;-7;1;288
2019-05-23;2019-05-27;0.7617;0.7630;0.9221;0.60;-3;1;287
2019-11-12;2019-11-14;0.7610;0.7610;0.8724;0.86;4;0;288
2014-07-16;2014-07-18;0.7609;0.7609;0.8725;0.60;4;0;288
2022-01-24;2022-01-26;0.7608;0.7608;0.8937;0.60;11;0;288
2023-08-16;2023-08-18;0.7603;0.7616;0.8741;0.60;-3;0;287
2019-10-30;2019-11-01;0.7600;0.7654;0.8794;0.60;-7;1;284
2025-02-18;2025-02-20;0.7598;0.7598;0.8807;0.60;7;0;288
2022-12-23;2022-12-27;0.7588;0.7911;0.8894;0.79;-8;1;265
2013-12-20;2013-12-24;0.7586;0.7694;0.8825;0.60;1;1;280
2024-06-04;2024-06-06;0.7578;0.7578;0.8705;0.82;5;0;288
2024-06-25;2024-06-27;0.7553;0.7553;0.8771;0.60;3;0;288
2019-03-12;2019-03-14;0.7515;0.7515;0.9029;0.60;0;1;288
2019-10-03;2019-10-07;0.7493;0.7493;0.8656;0.99;-1;1;288
2024-07-12;2024-07-16;0.7474;0.7474;0.8645;0.70;7;1;288
2019-05-09;2019-05-13;0.7470;0.7483;0.8667;0.60;0;1;287
2024-05-03;2024-05-07;0.7444;0.7444;0.8628;0.60;3;1;288
2014-08-11;2014-08-13;0.7436;0.7436;0.8758;0.60;10;0;288
2019-08-26;2019-08-28;0.7429;0.7442;0.8839;0.60;3;0;287
2020-01-17;2020-01-21;0.7427;0.7440;0.8673;0.60;4;0;287
2019-11-07;2019-11-11;0.7417;0.7417;0.8644;0.60;-1;0;288
2024-09-09;2024-09-11;0.7412;0.7412;0.8903;0.60;5;0;288
2022-01-21;2022-01-25;0.7408;0.7408;0.8829;0.60;-12;0;288
2024-03-01;2024-03-05;0.7391;0.7391;0.8597;0.61;-2;1;288
2021-07-08;2021-07-12;0.7376;0.7389;0.9704;0.60;3;1;287
2017-04-28;2017-05-02;0.7375;0.7375;0.8589;0.60;5;1;288
2020-11-13;2020-11-17;0.7369;0.7369;0.8633;0.60;-8;1;288
2016-07-07;2016-07-11;0.7362;0.7362;0.8665;0.60;2;0;288
2011-12-26;2011-12-28;0.7307;0.7751;0.8804;1.03;10;1;256
2023-08-09;2023-08-11;0.7305;0.7305;0.8779;0.60;10;1;288
2021-10-01;2021-10-05;0.7283;0.7296;0.8542;0.62;5;1;287
2016-03-23;2016-03-25;0.7282;0.7282;0.8710;0.60;8;0;288
2019-05-03;2019-05-07;0.7277;0.7277;0.8531;0.72;-3;1;288
2019-01-18;2019-01-22;0.7247;0.7247;0.8513;0.70;-1;0;288
2021-03-15;2021-03-17;0.7244;0.7244;0.8556;0.60;5;0;288
2024-05-30;2024-06-03;0.7228;0.7228;0.8853;0.60;5;1;288
2026-05-28;2026-06-01;0.7178;0.7178;0.8509;0.60;1;1;288
2026-01-12;2026-01-14;0.7164;0.7164;0.8464;0.71;-5;0;288
2024-07-23;2024-07-25;0.7151;0.7151;0.8499;0.60;3;0;288
2025-10-24;2025-10-28;0.7147;0.7147;0.8465;0.60;-1;1;288
2021-08-23;2021-08-25;0.7141;0.7166;0.8476;0.60;4;1;286
2021-10-13;2021-10-15;0.7117;0.7130;0.8474;0.60;-6;1;287
2023-06-30;2023-07-04;0.7108;0.7108;0.8570;0.60;0;1;288
2024-12-10;2024-12-12;0.7103;0.7103;0.8846;0.60;4;0;288
2017-06-19;2017-06-21;0.7100;0.7100;0.9038;0.60;-1;0;288
2021-12-02;2021-12-06;0.7088;0.7100;0.8426;0.64;-7;0;287
2021-09-07;2021-09-09;0.7071;0.7071;0.8763;0.60;2;0;288
2023-12-05;2023-12-07;0.7071;0.7071;0.8922;0.60;-2;0;288
2019-02-19;2019-02-21;0.7035;0.7035;0.8463;0.60;-1;1;288
2014-07-29;2014-07-31;0.7034;0.7034;0.8533;0.60;3;0;288
2019-03-04;2019-03-06;0.7033;0.7033;0.8974;0.60;3;0;288
2019-12-09;2019-12-11;0.7024;0.7024;0.8381;0.73;4;1;288
2014-08-08;2014-08-12;0.7020;0.7020;0.8527;0.60;-12;0;288
2013-08-22;2013-08-26;0.7019;0.7019;0.8439;0.60;-2;1;288
2024-08-20;2024-08-22;0.7016;0.7016;0.9091;0.60;-1;1;288
2024-09-16;2024-09-18;0.7014;0.7014;0.8407;0.60;9;1;288
2024-05-06;2024-05-08;0.6978;0.6978;0.8354;0.77;-8;0;288
2026-06-11;2026-06-15;0.6975;0.6975;0.9403;0.60;-7;1;288
2021-08-03;2021-08-05;0.6975;0.6975;0.8381;0.60;-2;0;288
2024-07-04;2024-07-08;0.6972;0.6972;0.8350;0.60;0;1;288
2017-05-25;2017-05-29;0.6959;0.6959;0.8870;0.60;1;0;288
2025-12-11;2025-12-15;0.6946;0.6946;0.8464;0.60;0;1;288
2021-05-04;2021-05-06;0.6942;0.6942;0.8742;0.60;11;0;288
2017-11-09;2017-11-13;0.6930;0.6930;0.8972;0.60;2;1;288
2018-04-02;2018-04-04;0.6929;0.6929;0.8547;0.60;-1;0;288
2021-08-27;2021-08-31;0.6926;0.6962;0.8542;0.60;-6;1;285
2021-06-30;2021-07-02;0.6911;0.6936;0.8676;0.60;-2;0;286
2023-09-15;2023-09-19;0.6911;0.6911;0.8329;0.60;4;1;288
2024-05-24;2024-05-28;0.6906;0.6906;0.8658;0.60;1;1;288
2023-09-20;2023-09-22;0.6900;0.6900;0.8832;0.60;-9;0;288
2019-10-21;2019-10-23;0.6874;0.6874;0.8291;0.63;-5;0;288
2020-06-17;2020-06-19;0.6872;0.6872;0.8932;0.60;3;0;288
2025-11-14;2025-11-18;0.6870;0.6870;0.8371;0.60;0;0;288
2012-06-25;2012-06-27;0.6869;0.6869;0.9078;0.60;8;0;288
2023-07-04;2023-07-06;0.6863;0.6863;0.8352;0.60;-3;0;288
2025-07-07;2025-07-09;0.6860;0.6860;0.9054;0.60;5;0;288
2025-11-03;2025-11-05;0.6859;0.6907;0.8462;0.60;3;0;284
2020-11-24;2020-11-26;0.6847;0.6847;0.8428;0.60;-8;1;288
2021-11-05;2021-11-09;0.6833;0.6881;0.8436;0.60;-6;1;284
2023-08-08;2023-08-10;0.6803;0.6803;0.8553;0.60;-12;1;288
2023-10-16;2023-10-18;0.6793;0.6793;0.8530;0.60;3;1;288
2024-10-30;2024-11-01;0.6775;0.6775;0.8453;0.60;-1;1;288
2018-07-23;2018-07-25;0.6770;0.6770;0.8333;0.60;3;0;288
2019-07-01;2019-07-03;0.6766;0.6766;0.8359;0.60;-6;0;288
2021-05-03;2021-05-05;0.6754;0.6754;0.8672;0.60;-12;0;288
2024-09-04;2024-09-06;0.6741;0.6741;0.8524;0.60;-3;1;288
2025-11-25;2025-11-27;0.6739;0.6739;0.9288;0.60;-2;1;288
2016-09-09;2016-09-13;0.6728;0.6728;0.8263;0.60;2;0;288
2013-11-12;2013-11-14;0.6713;0.6713;0.9422;0.60;-1;1;288
2023-01-26;2023-01-30;0.6704;0.6704;0.8294;0.60;5;0;288
2025-10-23;2025-10-27;0.6701;0.6701;0.8186;0.61;-1;1;288
2025-07-10;2025-07-14;0.6700;0.6700;0.8605;0.60;0;0;288
2019-03-28;2019-04-01;0.6699;0.6758;0.8221;0.83;4;0;283
2021-08-24;2021-08-26;0.6696;0.6696;0.8183;0.84;-1;1;288
2017-04-10;2017-04-12;0.6680;0.6680;0.8173;0.79;3;1;288
2019-04-08;2019-04-10;0.6669;0.6704;0.8534;0.60;7;1;285
2020-12-11;2020-12-15;0.6666;0.6666;0.8165;0.63;-10;1;288
2019-04-19;2019-04-23;0.6664;0.6688;0.8178;1.21;8;1;286
2011-12-23;2011-12-27;0.6656;0.7060;0.8402;1.06;-12;1;256
2021-12-22;2021-12-24;0.6636;0.6778;0.8500;0.60;0;1;276
2014-07-22;2014-07-24;0.6611;0.6611;0.8820;0.60;3;0;288
2014-07-07;2014-07-09;0.6610;0.6633;0.8145;0.75;2;1;286
2021-09-02;2021-09-06;0.6610;0.6622;0.8137;0.60;2;1;287
2024-07-18;2024-07-22;0.6578;0.6578;0.8178;0.60;-4;0;288
2014-04-22;2014-04-24;0.6572;0.6572;0.8107;0.69;8;1;288
2019-07-23;2019-07-25;0.6545;0.6545;0.8374;0.60;-2;0;288
2022-12-29;2023-01-02;0.6542;0.6564;0.9023;0.60;1;1;286
2019-02-25;2019-02-27;0.6539;0.6539;0.8104;0.60;1;1;288
2021-08-18;2021-08-20;0.6536;0.6559;0.8099;0.60;-3;0;286
2024-09-13;2024-09-17;0.6531;0.6531;0.8167;0.60;-12;1;288
2026-04-22;2026-04-24;0.6520;0.6520;0.8514;0.60;-3;0;288
2025-10-21;2025-10-23;0.6519;0.6519;0.8233;0.60;7;0;288
2013-10-10;2013-10-14;0.6518;0.6518;0.8139;0.60;-12;1;288
2013-10-11;2013-10-15;0.6518;0.6518;0.8139;0.60;12;1;288
2020-02-18;2020-02-20;0.6515;0.6515;0.8072;0.64;2;0;288
2013-12-13;2013-12-17;0.6513;0.6513;0.8070;0.61;-10;1;288
2022-08-08;2022-08-10;0.6509;0.6509;0.8212;0.60;10;1;288
2014-05-29;2014-06-02;0.6505;0.6505;0.8065;0.73;6;1;288
2016-08-30;2016-09-01;0.6495;0.6495;0.8059;0.62;8;0;288
2014-06-10;2014-06-12;0.6495;0.6495;0.8572;0.60;3;0;288
2021-03-11;2021-03-15;0.6484;0.6484;0.8290;0.60;-12;0;288
2023-06-19;2023-06-21;0.6484;0.6484;0.8052;1.02;6;0;288
2026-05-12;2026-05-14;0.6477;0.6477;0.9139;0.60;8;0;288
2019-06-07;2019-06-11;0.6476;0.6487;0.8479;0.60;0;1;287
2013-09-23;2013-09-25;0.6469;0.6469;0.8273;0.60;5;0;288
2016-03-22;2016-03-24;0.6461;0.6461;0.8459;0.60;-12;0;288
2024-10-16;2024-10-18;0.6456;0.6468;0.8412;0.60;-1;0;287
2024-07-05;2024-07-09;0.6454;0.6454;0.8034;1.06;9;1;288
2014-07-30;2014-08-01;0.6453;0.6453;0.8033;0.88;8;0;288
2021-07-19;2021-07-21;0.6452;0.6474;0.8046;0.65;7;0;286
2025-07-22;2025-07-24;0.6451;0.6451;0.9512;0.60;-3;1;288
2024-08-05;2024-08-07;0.6444;0.6444;0.8075;0.60;-11;0;288
2019-05-28;2019-05-30;0.6439;0.6439;0.8425;0.60;-4;0;288
2025-03-21;2025-03-25;0.6435;0.6480;0.8161;0.60;3;0;284
2014-02-13;2014-02-17;0.6426;0.6426;0.8016;0.60;-11;1;288
2025-09-29;2025-10-01;0.6424;0.6424;0.8085;0.60;9;1;288
2022-02-15;2022-02-17;0.6397;0.6397;0.9031;0.60;6;1;288
2025-09-26;2025-09-30;0.6397;0.6397;0.8446;0.60;-9;1;288
2024-12-11;2024-12-13;0.6394;0.6394;0.8252;0.60;3;0;288
2012-11-08;2012-11-12;0.6393;0.6393;0.8318;0.60;5;0;288
2016-08-29;2016-08-31;0.6392;0.6392;0.8373;0.60;2;0;288
2021-08-09;2021-08-11;0.6388;0.6388;0.7997;0.60;-1;0;288
2024-06-20;2024-06-24;0.6374;0.6374;0.8364;0.60;7;0;288
2016-08-05;2016-08-09;0.6369;0.6369;0.8507;0.60;1;0;288
2019-10-28;2019-10-30;0.6362;0.6362;0.7976;0.71;3;1;288
2024-12-23;2024-12-25;0.6357;0.7629;0.8734;0.60;5;0;200
2012-11-14;2012-11-16;0.6347;0.6347;0.8780;0.60;7;1;288
2014-05-22;2014-05-26;0.6339;0.6339;0.8322;0.60;5;0;288
2013-07-22;2013-07-24;0.6329;0.6329;0.8813;0.60;-1;1;288
2017-03-06;2017-03-08;0.6320;0.6320;0.8113;0.60;3;0;288
2014-02-14;2014-02-18;0.6319;0.6319;0.7949;0.62;12;1;288
2023-05-04;2023-05-08;0.6315;0.6326;0.8444;0.60;3;0;287
2014-04-17;2014-04-21;0.6315;0.6315;0.7947;0.60;-3;0;288
2022-06-20;2022-06-22;0.6307;0.6307;0.8501;0.60;12;1;288
2022-06-17;2022-06-21;0.6307;0.6307;0.8501;0.60;-12;1;288
2021-06-25;2021-06-29;0.6303;0.6325;0.8028;0.60;-11;0;286
2017-07-07;2017-07-11;0.6298;0.6298;0.7936;0.92;6;0;288
2026-01-06;2026-01-08;0.6294;0.6294;0.8316;0.60;3;0;288
2016-02-17;2016-02-19;0.6289;0.6289;0.8162;0.60;3;0;288
2015-12-24;2015-12-28;0.6282;0.7947;0.8914;1.09;-11;1;180
2025-12-16;2025-12-18;0.6281;0.6281;0.7955;0.60;-10;0;288
2024-08-06;2024-08-08;0.6263;0.6263;0.7970;0.60;12;0;288
2021-06-28;2021-06-30;0.6263;0.6284;0.8013;0.60;12;0;286
2017-10-30;2017-11-01;0.6221;0.6232;0.7895;0.60;4;1;287
2016-09-23;2016-09-27;0.6219;0.6219;0.8097;0.60;4;1;288
2022-12-15;2022-12-19;0.6190;0.6190;0.8590;0.60;6;0;288
2026-02-16;2026-02-18;0.6187;0.6187;0.7866;0.68;10;0;288
2014-07-03;2014-07-07;0.6185;0.6206;0.8609;0.60;-2;0;286
2021-02-09;2021-02-11;0.6180;0.6180;0.7861;0.88;-11;1;288
2015-12-25;2015-12-29;0.6177;0.7813;0.8839;1.05;12;1;180
2017-12-14;2017-12-18;0.6176;0.6176;0.8857;0.60;-1;0;288
2025-03-31;2025-04-02;0.6176;0.6220;0.7886;0.61;6;0;284
2024-12-13;2024-12-17;0.6169;0.6169;0.7905;0.60;2;1;288
2020-02-03;2020-02-05;0.6153;0.6153;0.8024;0.60;8;0;288
2019-05-29;2019-05-31;0.6151;0.6151;0.7843;0.65;6;0;288
2013-12-10;2013-12-12;0.6131;0.6131;0.7960;0.60;5;1;288
2025-11-06;2025-11-10;0.6122;0.6122;0.8768;0.60;2;1;288
2021-05-28;2021-06-01;0.6101;0.6112;0.8307;0.60;-4;1;287
2019-11-05;2019-11-07;0.6097;0.6097;0.8816;0.60;-1;0;288
2014-02-19;2014-02-21;0.6095;0.6095;0.8321;0.60;5;0;288
2022-04-15;2022-04-19;0.6089;0.6121;0.7824;0.77;-4;0;285
2013-12-16;2013-12-18;0.6089;0.6089;0.7804;0.60;12;1;288
2021-07-15;2021-07-19;0.6084;0.6105;0.7814;0.60;0;0;286
2022-12-26;2022-12-28;0.6080;0.6338;0.7961;0.72;12;1;265
2021-12-01;2021-12-03;0.6073;0.6083;0.7800;0.62;-4;0;287
2013-10-23;2013-10-25;0.6071;0.6071;0.7807;0.60;-6;1;288
2024-03-27;2024-03-29;0.6065;0.6107;0.7917;0.60;-7;0;284
2019-03-27;2019-03-29;0.6064;0.6064;0.7856;0.60;1;0;288
2025-11-17;2025-11-19;0.6056;0.6056;0.7782;0.67;8;0;288
2018-08-02;2018-08-06;0.6044;0.6055;0.8462;0.60;-10;0;287
2021-11-04;2021-11-08;0.6042;0.6084;0.8314;0.60;8;0;284
2021-06-21;2021-06-23;0.6029;0.6040;0.8919;0.60;0;1;287
2019-12-02;2019-12-04;0.6026;0.6026;0.8820;0.60;-2;1;288
2017-02-22;2017-02-24;0.6009;0.6009;0.8722;0.60;-4;1;288
2014-02-03;2014-02-05;0.6007;0.6007;0.7751;0.70;4;1;288
2014-02-21;2014-02-25;0.6006;0.6006;0.7750;0.75;-4;1;288
2021-05-26;2021-05-28;0.6000;0.6010;0.8607;0.60;-3;0;287
2025-12-18;2025-12-22;0.5986;0.5986;0.7737;0.82;10;0;288
2014-08-14;2014-08-18;0.5981;0.5981;0.7734;0.70;5;1;288
2020-08-24;2020-08-26;0.5979;0.5979;0.7868;0.60;11;1;288
2014-12-26;2014-12-30;0.5974;0.6182;0.8185;0.60;-1;0;269
2014-05-20;2014-05-22;0.5966;0.5966;0.7815;0.60;6;0;288
2020-12-14;2020-12-16;0.5962;0.5962;0.7764;0.60;12;1;288
2014-09-11;2014-09-15;0.5958;0.5958;0.7738;0.60;2;1;288
2021-02-10;2021-02-12;0.5936;0.5936;0.7704;0.89;12;1;288
2024-10-14;2024-10-16;0.5934;0.5934;0.7875;0.60;-1;0;288
2020-08-21;2020-08-25;0.5929;0.5929;0.7841;0.60;-12;1;288
2026-02-04;2026-02-06;0.5916;0.5916;0.7692;0.63;1;0;288
2019-07-05;2019-07-09;0.5910;0.5920;0.8949;0.60;0;0;287
2019-10-09;2019-10-11;0.5908;0.5908;0.8442;0.60;-12;1;288
2020-11-16;2020-11-18;0.5906;0.5906;0.7792;0.60;12;1;288
2021-12-06;2021-12-08;0.5896;0.5906;0.7742;0.60;9;0;287
2021-06-14;2021-06-16;0.5891;0.5891;0.7675;0.96;5;1;288
2014-07-10;2014-07-14;0.5889;0.5889;0.7705;0.60;3;0;288
2016-12-21;2016-12-23;0.5889;0.5889;0.8199;0.60;6;1;288
2023-08-15;2023-08-17;0.5887;0.5887;0.8303;0.60;-5;0;288
2025-02-17;2025-02-19;0.5864;0.5864;0.8117;0.60;-12;0;288
2026-02-13;2026-02-17;0.5861;0.5861;0.7656;0.67;-12;0;288
2022-02-18;2022-02-22;0.5861;0.5861;0.8258;0.60;0;0;288
2019-02-06;2019-02-08;0.5859;0.5859;0.8239;0.60;-8;0;288
2016-04-08;2016-04-12;0.5855;0.5855;0.7848;0.60;1;1;288
2024-03-07;2024-03-11;0.5842;0.5842;0.7874;0.60;-1;1;288
2017-05-01;2017-05-03;0.5838;0.5838;0.7640;0.77;1;1;288
2026-04-14;2026-04-16;0.5833;0.5833;0.7642;0.60;3;1;288
2019-01-31;2019-02-04;0.5829;0.5829;0.8150;0.60;-3;0;288
2012-11-09;2012-11-13;0.5823;0.5823;0.8441;0.60;2;0;288
2014-01-27;2014-01-29;0.5814;0.5814;0.7625;0.73;4;0;288
2026-07-14;2026-07-16;0.5803;0.5803;0.9000;0.60;-1;1;288
2016-10-18;2016-10-20;0.5802;0.5802;0.8076;0.60;3;0;288
2020-02-17;2020-02-19;0.5794;0.5794;0.7845;0.60;-2;0;288
2016-03-24;2016-03-28;0.5788;0.5849;0.7648;1.12;12;0;282
2021-09-27;2021-09-29;0.5785;0.5795;0.7735;0.60;9;0;287
2023-01-24;2023-01-26;0.5781;0.5781;0.7663;0.60;-3;1;288
2023-02-07;2023-02-09;0.5781;0.5781;0.7785;0.60;-11;1;288
2021-09-24;2021-09-28;0.5778;0.5788;0.8117;0.60;4;0;287
2022-12-16;2022-12-20;0.5769;0.5769;0.7598;0.60;1;0;288
2024-10-22;2024-10-24;0.5763;0.5763;0.7620;0.60;4;0;288
2014-11-25;2014-11-27;0.5743;0.5743;0.9186;0.60;0;1;288
2021-10-06;2021-10-08;0.5741;0.5741;0.7758;0.60;6;0;288
2021-10-11;2021-10-13;0.5741;0.5761;0.7590;0.65;4;0;286
2025-12-17;2025-12-19;0.5737;0.5737;0.7655;0.60;12;0;288
2019-09-20;2019-09-24;0.5737;0.5737;0.8557;0.60;2;0;288
2026-06-30;2026-07-02;0.5728;0.5728;0.7575;0.60;10;0;288
2019-05-14;2019-05-16;0.5722;0.5722;0.7583;0.60;3;0;288
2016-09-26;2016-09-28;0.5722;0.5722;0.7808;0.60;-12;0;288
2016-09-27;2016-09-29;0.5722;0.5722;0.7808;0.60;12;0;288
2022-06-03;2022-06-07;0.5707;0.5717;0.8857;0.60;-1;0;287
2024-05-09;2024-05-13;0.5705;0.5705;0.7663;0.60;-3;1;288
2023-01-13;2023-01-17;0.5700;0.5700;0.7550;0.63;5;0;288
2023-08-07;2023-08-09;0.5699;0.5699;0.8213;0.60;8;0;288
2025-03-27;2025-03-31;0.5698;0.5738;0.8217;0.60;-2;1;284
2020-02-07;2020-02-11;0.5698;0.5698;0.8680;0.60;0;0;288
2024-02-20;2024-02-22;0.5677;0.5677;0.8275;0.60;1;1;288
2020-05-19;2020-05-21;0.5674;0.5674;0.8535;0.60;4;1;288
2017-02-10;2017-02-14;0.5673;0.5673;0.8201;0.60;5;0;288
2021-03-25;2021-03-29;0.5670;0.5730;0.7602;0.60;0;0;282
2019-12-30;2020-01-01;0.5653;0.6528;0.8086;0.60;9;1;216
2017-07-04;2017-07-06;0.5650;0.5650;0.7516;0.70;9;0;288
2026-02-24;2026-02-26;0.5642;0.5642;0.7511;0.62;-3;1;288
2026-06-25;2026-06-29;0.5639;0.5639;0.7834;0.60;8;1;288
2020-09-07;2020-09-09;0.5614;0.5614;0.8278;0.60;0;0;288
2019-11-11;2019-11-13;0.5610;0.5610;0.7490;0.69;-12;0;288
2022-08-23;2022-08-25;0.5608;0.5608;0.8117;0.60;-2;1;288
2024-03-25;2024-03-27;0.5605;0.5644;0.7513;0.64;11;1;284
2021-03-24;2021-03-26;0.5594;0.5594;0.8624;0.60;1;0;288
2012-12-28;2013-01-01;0.5593;0.6459;0.8135;0.60;6;0;216
2017-05-26;2017-05-30;0.5582;0.5582;0.8316;0.60;-3;0;288
2018-06-11;2018-06-13;0.5579;0.5579;0.7827;0.60;-2;0;288
2025-12-03;2025-12-05;0.5541;0.5541;0.7845;0.60;11;1;288
2023-07-24;2023-07-26;0.5540;0.5540;0.9263;0.60;4;0;288
2024-04-23;2024-04-25;0.5526;0.5526;0.8151;0.60;-1;1;288
2020-01-27;2020-01-29;0.5526;0.5526;0.7434;0.94;7;0;288
2017-11-06;2017-11-08;0.5524;0.5524;0.7432;0.61;7;0;288
2014-07-25;2014-07-29;0.5523;0.5523;0.7437;0.60;4;0;288
2025-12-02;2025-12-04;0.5519;0.5519;0.7912;0.60;-12;1;288
2016-12-22;2016-12-26;0.5515;0.5750;0.7583;0.95;9;1;265
2024-10-11;2024-10-15;0.5512;0.5512;0.7724;0.60;-9;0;288
2015-02-27;2015-03-03;0.5511;0.5511;0.7536;0.60;-3;0;288
2024-05-07;2024-05-09;0.5500;0.5500;0.7416;0.65;12;0;288
2013-10-24;2013-10-28;0.5499;0.5499;0.7416;0.72;9;1;288
2018-12-05;2018-12-07;0.5498;0.5498;0.7844;0.60;4;1;288
2026-02-10;2026-02-12;0.5495;0.5495;0.7553;0.60;1;0;288
2019-09-25;2019-09-27;0.5493;0.5503;0.8824;0.60;-4;0;287
2024-03-22;2024-03-26;0.5489;0.5527;0.7435;0.64;-12;1;284
2020-04-27;2020-04-29;0.5484;0.5493;0.7883;0.60;10;1;287
2025-10-20;2025-10-22;0.5484;0.5484;0.7994;0.60;-12;0;288
2013-10-04;2013-10-08;0.5474;0.5474;0.8061;0.60;1;0;288
2024-03-11;2024-03-13;0.5471;0.5471;0.7396;1.09;6;0;288
2019-11-18;2019-11-20;0.5469;0.5479;0.7402;0.87;8;1;287
2023-02-08;2023-02-10;0.5460;0.5460;0.7612;0.60;12;1;288
2019-07-02;2019-07-04;0.5453;0.5453;0.7385;1.48;-7;0;288
2019-05-01;2019-05-03;0.5451;0.5451;0.8351;0.60;-7;0;288
2024-01-18;2024-01-22;0.5451;0.5451;0.7383;0.75;-10;1;288
2024-05-22;2024-05-24;0.5450;0.5450;0.7440;0.60;2;0;288
2016-10-25;2016-10-27;0.5446;0.5446;0.7512;0.60;8;1;288
2019-10-22;2019-10-24;0.5444;0.5444;0.7378;0.75;7;0;288
2026-05-22;2026-05-26;0.5438;0.5438;0.7376;0.60;-8;1;288
2015-06-24;2015-06-26;0.5431;0.5431;0.7369;0.66;9;1;288
2018-07-02;2018-07-04;0.5423;0.5423;0.7489;0.60;-9;1;288
2016-03-31;2016-04-04;0.5422;0.5422;0.8719;0.60;3;1;288
2024-03-28;2024-04-01;0.5416;0.5454;0.7448;0.60;12;0;284
2020-01-23;2020-01-27;0.5413;0.5413;0.8496;0.60;-2;0;288
2017-10-27;2017-10-31;0.5412;0.5422;0.7590;0.60;-12;1;287
2017-03-07;2017-03-09;0.5401;0.5401;0.7445;0.60;5;0;288
2014-04-23;2014-04-25;0.5399;0.5399;0.7348;0.78;11;1;288
2017-02-13;2017-02-15;0.5396;0.5396;0.8624;0.60;-1;0;288
2022-09-15;2022-09-19;0.5391;0.5391;0.7343;0.60;1;1;288
2016-09-02;2016-09-06;0.5390;0.5390;0.7647;0.60;7;0;288
2021-02-19;2021-02-23;0.5385;0.5385;0.8767;0.60;3;1;288
2023-09-06;2023-09-08;0.5375;0.5375;0.7331;0.72;0;0;288
2026-05-11;2026-05-13;0.5372;0.5372;0.8775;0.60;-12;0;288
2023-09-08;2023-09-12;0.5365;0.5365;0.7478;0.60;11;1;288
2014-02-07;2014-02-11;0.5363;0.5363;0.9127;0.60;-5;1;288
2021-07-16;2021-07-20;0.5357;0.5375;0.7332;0.60;-12;0;286
2026-04-09;2026-04-13;0.5354;0.5354;0.7795;0.60;5;1;288
2025-04-25;2025-04-29;0.5353;0.5353;0.8180;0.60;-1;1;288
2019-02-14;2019-02-18;0.5353;0.5353;0.7475;0.60;-4;1;288
2015-10-16;2015-10-20;0.5353;0.5353;0.7803;0.60;4;0;288
2018-08-03;2018-08-07;0.5348;0.5357;0.7899;0.60;12;0;287
2025-12-08;2025-12-10;0.5342;0.5342;0.7309;0.88;3;0;288
2025-12-22;2025-12-24;0.5337;0.5846;0.7926;0.60;-9;1;240
2012-04-24;2012-04-26;0.5335;0.5335;0.7874;0.60;-7;1;288
2025-02-14;2025-02-18;0.5333;0.5333;0.7626;0.60;-12;0;288
2014-12-23;2014-12-25;0.5331;0.6819;0.9091;0.60;-1;0;176
2023-05-24;2023-05-26;0.5330;0.5339;0.7877;0.60;-2;0;287
2015-11-26;2015-11-30;0.5317;0.5317;0.7393;0.60;5;0;288
2022-12-19;2022-12-21;0.5316;0.5316;0.7291;0.85;7;1;288
2024-05-08;2024-05-10;0.5314;0.5314;0.7422;0.60;0;1;288
2015-11-25;2015-11-27;0.5312;0.5312;0.8162;0.60;4;0;288
2019-12-19;2019-12-23;0.5312;0.5321;0.7887;0.60;0;0;287
2026-05-01;2026-05-05;0.5311;0.5311;0.8062;0.60;-6;0;288
2023-06-16;2023-06-20;0.5307;0.5307;0.7285;0.69;-3;0;288
2019-04-05;2019-04-09;0.5306;0.5334;0.7955;0.60;-12;1;285
2026-06-08;2026-06-10;0.5303;0.5303;0.7282;0.62;6;1;288
2016-05-09;2016-05-11;0.5292;0.5292;0.7279;0.60;12;0;288
2019-09-10;2019-09-12;0.5291;0.5291;0.7647;0.60;6;0;288
2020-11-12;2020-11-16;0.5288;0.5288;0.8480;0.60;2;1;288
2024-03-08;2024-03-12;0.5280;0.5280;0.7266;0.92;5;0;288
2013-11-26;2013-11-28;0.5279;0.5279;0.7789;0.60;-12;1;288
2013-11-27;2013-11-29;0.5279;0.5279;0.7789;0.60;12;1;288
2019-12-18;2019-12-20;0.5273;0.5273;0.7261;0.63;10;0;288
2013-06-12;2013-06-14;0.5268;0.5268;0.8016;0.60;-4;1;288
2023-09-07;2023-09-11;0.5256;0.5256;0.7420;0.60;-12;1;288
2024-04-05;2024-04-09;0.5253;0.5253;0.7263;0.60;-3;1;288
2026-06-29;2026-07-01;0.5250;0.5250;0.7269;0.60;-12;0;288
2013-12-12;2013-12-16;0.5241;0.5241;0.7824;0.60;4;0;288
2014-04-25;2014-04-29;0.5235;0.5235;0.7265;0.60;9;1;288
2021-04-07;2021-04-09;0.5234;0.5234;0.7322;0.60;3;1;288
2019-12-20;2019-12-24;0.5227;0.5273;0.7308;0.60;2;0;283
2011-12-15;2011-12-19;0.5223;0.5223;0.7717;0.60;10;1;288
2025-12-30;2026-01-01;0.5216;0.6598;0.8134;0.60;-1;0;180
2022-04-06;2022-04-08;0.5213;0.5213;0.7553;0.60;-6;0;288
2023-11-21;2023-11-23;0.5209;0.5209;0.8391;0.60;1;0;288
2026-05-08;2026-05-12;0.5208;0.5208;0.7369;0.60;6;1;288
2019-04-18;2019-04-22;0.5206;0.5224;0.8101;0.60;4;0;286
2019-08-15;2019-08-19;0.5201;0.5210;0.8134;0.60;0;0;287
2026-02-23;2026-02-25;0.5193;0.5193;0.7222;0.60;3;0;288
2018-01-01;2018-01-03;0.5193;0.6360;0.8354;0.60;9;1;192
2026-07-10;2026-07-14;0.5180;0.5180;0.7788;0.60;0;0;288
2019-07-17;2019-07-19;0.5170;0.5170;0.7445;0.60;-2;1;288
2024-05-21;2024-05-23;0.5154;0.5154;0.7205;0.60;2;0;288
2023-10-25;2023-10-27;0.5152;0.5152;0.7569;0.60;6;0;288
2019-09-04;2019-09-06;0.5148;0.5148;0.8880;0.60;4;1;288
2023-06-12;2023-06-14;0.5143;0.5143;0.7877;0.60;9;1;288
2025-10-01;2025-10-03;0.5141;0.5141;0.7170;0.72;-1;0;288
2013-11-11;2013-11-13;0.5139;0.5139;0.9205;0.60;4;1;288
2014-06-24;2014-06-26;0.5127;0.5127;0.7162;0.60;6;1;288
2017-07-12;2017-07-14;0.5122;0.5122;0.8783;0.60;5;0;288
2025-11-10;2025-11-12;0.5113;0.5113;0.7150;0.65;5;1;288
2019-12-17;2019-12-19;0.5109;0.5109;0.7148;0.61;-12;0;288
2019-06-25;2019-06-27;0.5108;0.5108;0.7147;0.76;-7;0;288
2014-07-01;2014-07-03;0.5091;0.5091;0.7280;0.60;8;0;288
2024-10-08;2024-10-10;0.5089;0.5089;0.7532;0.60;-12;0;288
2017-04-26;2017-04-28;0.5087;0.5087;0.8244;0.60;4;0;288
2012-05-09;2012-05-11;0.5083;0.5083;0.7703;0.60;0;0;288
2023-08-14;2023-08-16;0.5082;0.5082;0.7230;0.60;0;0;288
2024-05-20;2024-05-22;0.5071;0.5071;0.7121;0.68;2;0;288
2016-07-25;2016-07-27;0.5068;0.5077;0.7125;0.67;6;1;287
2018-10-08;2018-10-10;0.5063;0.5063;0.7587;0.60;9;0;288
2021-12-23;2021-12-27;0.5063;0.5171;0.7191;0.98;3;0;276
2017-10-13;2017-10-17;0.5047;0.5056;0.8838;0.60;-10;0;287
2024-07-11;2024-07-15;0.5040;0.5040;0.8664;0.60;2;1;288
2014-07-11;2014-07-15;0.5036;0.5036;0.7096;0.95;8;1;288
2016-05-25;2016-05-27;0.5029;0.5029;0.7449;0.60;8;1;288
2021-02-22;2021-02-24;0.5028;0.5028;0.7203;0.60;-1;1;288
2023-05-25;2023-05-29;0.5027;0.5035;0.7096;0.67;6;0;287
2014-01-10;2014-01-14;0.5026;0.5026;0.8438;0.60;-3;1;288
2019-12-27;2019-12-31;0.5024;0.5647;0.7866;0.60;-12;1;228
2013-08-30;2013-09-03;0.5023;0.5023;0.8437;0.60;-1;0;288
2021-03-31;2021-04-02;0.5017;0.5017;0.8185;0.60;2;1;288
2023-01-20;2023-01-24;0.5011;0.5011;0.7899;0.60;-7;1;288
2015-11-27;2015-12-01;0.5010;0.5010;0.7147;0.60;6;0;288
2017-03-21;2017-03-23;0.5008;0.5008;0.7077;0.65;-11;0;288
2019-08-27;2019-08-29;0.5005;0.5005;0.7077;0.60;0;0;288
2026-06-02;2026-06-04;0.4995;0.4995;0.7097;0.60;-2;0;288
2013-09-20;2013-09-24;0.4989;0.4989;0.7419;0.60;3;0;288
2019-05-10;2019-05-14;0.4983;0.4992;0.7065;1.14;8;1;287
2013-09-02;2013-09-04;0.4978;0.4978;0.7339;0.60;6;0;288
2024-01-11;2024-01-15;0.4975;0.4975;0.7053;0.70;2;0;288
2020-02-21;2020-02-25;0.4968;0.4968;0.8670;0.60;3;1;288
2020-07-17;2020-07-21;0.4966;0.4966;0.8412;0.60;6;1;288
2013-10-28;2013-10-30;0.4963;0.4963;0.8284;0.60;3;0;288
2026-06-24;2026-06-26;0.4962;0.4962;0.7542;0.60;-12;1;288
2019-02-22;2019-02-26;0.4960;0.4960;0.7043;0.79;8;1;288
2017-03-22;2017-03-24;0.4958;0.4958;0.7041;0.64;12;0;288
2024-01-19;2024-01-23;0.4958;0.4958;0.7041;0.71;12;1;288
2014-07-08;2014-07-10;0.4946;0.4946;0.7117;0.60;-1;1;288
2019-02-07;2019-02-11;0.4942;0.4942;0.7640;0.60;12;0;288
2018-08-07;2018-08-09;0.4933;0.4933;0.7596;0.60;6;1;288
2024-10-02;2024-10-04;0.4925;0.4925;0.7260;0.60;9;0;288
2014-04-18;2014-04-22;0.4925;0.4925;0.7018;0.84;-1;0;288
2025-07-02;2025-07-04;0.4914;0.4914;0.7118;0.60;4;0;288
2026-05-21;2026-05-25;0.4903;0.4903;0.7210;0.60;-8;1;288
2018-05-16;2018-05-18;0.4900;0.4900;0.7503;0.60;4;0;288
2021-08-30;2021-09-01;0.4896;0.4922;0.7144;0.60;12;1;285
2017-03-16;2017-03-20;0.4892;0.4926;0.7101;0.60;-5;1;284
2024-01-10;2024-01-12;0.4891;0.4891;0.7058;0.60;-2;1;288
2014-04-21;2014-04-23;0.4890;0.4890;0.6993;0.60;-12;1;288
2023-10-05;2023-10-09;0.4883;0.4883;0.7593;0.60;-1;1;288
2013-04-18;2013-04-22;0.4880;0.4880;0.7179;0.60;7;1;288
2026-04-28;2026-04-30;0.4865;0.4865;0.7197;0.60;6;0;288
2021-10-19;2021-10-21;0.4859;0.4859;0.7087;0.60;9;1;288
2016-12-20;2016-12-22;0.4852;0.4852;0.8501;0.60;-12;1;288
2019-12-16;2019-12-18;0.4849;0.4849;0.6964;0.76;8;1;288
2014-04-24;2014-04-28;0.4843;0.4843;0.7026;0.60;-12;1;288
2024-02-23;2024-02-27;0.4842;0.4842;0.6966;0.60;8;1;288
2021-04-13;2021-04-15;0.4842;0.4842;0.9283;0.60;-2;1;288
2026-01-07;2026-01-09;0.4835;0.4835;0.7334;0.60;-9;0;288
2014-02-20;2014-02-24;0.4810;0.4810;0.6946;0.60;-9;1;288
2014-08-25;2014-08-27;0.4809;0.4809;0.6935;0.64;-2;0;288
2015-12-23;2015-12-25;0.4792;0.6061;0.9210;0.60;-12;1;180
2017-01-12;2017-01-16;0.4790;0.4790;0.7335;0.60;-8;0;288
2023-12-08;2023-12-12;0.4789;0.4789;0.6944;0.60;10;0;288
2016-02-29;2016-03-02;0.4788;0.4788;0.8715;0.60;1;0;288
2021-07-06;2021-07-08;0.4781;0.4781;0.8490;0.60;2;0;288
2023-05-22;2023-05-24;0.4775;0.4783;0.7503;0.60;5;0;287
2017-06-02;2017-06-06;0.4773;0.4773;0.7511;0.60;-2;1;288
2019-10-29;2019-10-31;0.4770;0.4770;0.8722;0.60;-4;1;288
2020-11-10;2020-11-12;0.4770;0.4770;0.7883;0.60;5;0;288
2019-05-13;2019-05-15;0.4769;0.4769;0.7017;0.60;-9;0;288
2026-01-14;2026-01-16;0.4761;0.4761;0.7289;0.60;-5;0;288
2024-02-07;2024-02-09;0.4758;0.4758;0.6898;0.62;12;1;288
2021-09-01;2021-09-03;0.4758;0.4758;0.8945;0.60;0;1;288
2016-10-26;2016-10-28;0.4758;0.4758;0.6898;0.62;7;1;288
2018-09-24;2018-09-26;0.4757;0.4757;0.6897;0.62;6;1;288
2017-07-03;2017-07-05;0.4746;0.4746;0.8939;0.60;6;0;288
2014-07-24;2014-07-28;0.4746;0.4746;0.7006;0.60;-6;0;288
2025-12-23;2025-12-25;0.4741;0.5328;0.7376;0.60;12;1;228
2026-07-02;2026-07-06;0.4734;0.4734;0.8259;0.60;7;1;288
2017-09-04;2017-09-06;0.4726;0.4726;0.7046;0.60;1;1;288
2024-02-14;2024-02-16;0.4719;0.4719;0.8377;0.60;0;1;288
2021-12-03;2021-12-07;0.4712;0.4720;0.7101;0.60;-12;0;287
2011-06-30;2011-07-04;0.4709;0.4709;0.7934;0.60;-4;1;288
2016-03-01;2016-03-03;0.4709;0.4709;0.6862;0.70;10;0;288
2025-01-08;2025-01-10;0.4695;0.4695;0.8122;0.60;6;0;288
2019-07-29;2019-07-31;0.4691;0.4699;0.6855;0.70;4;1;287
2020-09-29;2020-10-01;0.4684;0.4684;0.8214;0.60;-2;1;288
2024-06-19;2024-06-21;0.4683;0.4683;0.7770;0.60;-12;0;288
2025-06-04;2025-06-06;0.4681;0.4681;0.8336;0.60;2;1;288
2017-02-07;2017-02-09;0.4670;0.4670;0.8468;0.60;10;0;288
2023-11-06;2023-11-08;0.4668;0.4668;0.7635;0.60;-11;0;288
2019-12-06;2019-12-10;0.4663;0.4663;0.7164;0.60;2;0;288
2017-10-16;2017-10-18;0.4663;0.4671;0.8685;0.60;12;0;287
2025-12-04;2025-12-08;0.4662;0.4662;0.6828;0.75;-3;0;288
2013-07-17;2013-07-19;0.4661;0.4661;0.7395;0.60;8;0;288
2024-08-09;2024-08-13;0.4658;0.4658;0.6825;1.04;10;1;288
2021-08-31;2021-09-02;0.4655;0.4655;0.7349;0.60;7;1;288
2025-03-24;2025-03-26;0.4653;0.4653;0.7682;0.60;0;0;288
2025-03-17;2025-03-19;0.4647;0.4679;0.7789;0.60;6;1;284
2024-03-14;2024-03-18;0.4637;0.4669;0.8044;0.60;-2;0;284
2016-10-21;2016-10-25;0.4623;0.4623;0.6970;0.60;2;0;288
2019-05-15;2019-05-17;0.4621;0.4621;0.7034;0.60;2;0;288
2017-03-31;2017-04-04;0.4618;0.4618;0.6795;0.76;-8;0;288
2021-04-08;2021-04-12;0.4615;0.4631;0.6910;0.60;0;1;286
2023-11-24;2023-11-28;0.4613;0.4613;0.7540;0.60;7;1;288
2019-03-13;2019-03-15;0.4611;0.4644;0.6815;0.60;-4;1;284
2011-12-14;2011-12-16;0.4611;0.4611;0.7426;0.60;-12;1;288
2020-02-10;2020-02-12;0.4604;0.4604;0.7133;0.60;4;0;288
2014-08-12;2014-08-14;0.4603;0.4603;0.6784;0.66;12;0;288
2019-03-29;2019-04-02;0.4595;0.4636;0.6842;0.60;-2;0;283
2014-03-27;2014-03-31;0.4595;0.4627;0.7470;0.60;12;0;284
2014-03-26;2014-03-28;0.4595;0.4627;0.7470;0.60;-12;0;284
2020-02-12;2020-02-14;0.4592;0.4592;0.9043;0.60;-3;0;288
2016-07-01;2016-07-05;0.4591;0.4591;0.7558;0.60;4;1;288
2024-09-26;2024-09-30;0.4588;0.4588;0.6927;0.60;4;1;288
2021-10-07;2021-10-11;0.4581;0.4597;0.6780;0.98;4;1;286
2019-10-01;2019-10-03;0.4578;0.4578;0.8940;0.60;-1;1;288
2016-11-18;2016-11-22;0.4576;0.4576;0.6779;0.60;-12;1;288
2016-11-21;2016-11-23;0.4576;0.4576;0.6779;0.60;12;1;288
2013-09-10;2013-09-12;0.4574;0.4574;0.8028;0.60;-3;1;288
2019-11-27;2019-11-29;0.4571;0.4571;0.6761;1.29;9;0;288
2023-11-07;2023-11-09;0.4568;0.4568;0.7482;0.60;12;0;288
2024-05-31;2024-06-04;0.4560;0.4560;0.8701;0.60;0;1;288
2024-04-08;2024-04-10;0.4558;0.4558;0.6780;0.60;10;1;288
2019-04-30;2019-05-02;0.4557;0.4557;0.7213;0.60;7;1;288
2019-04-15;2019-04-17;0.4555;0.4555;0.6749;0.95;-1;0;288
2025-05-02;2025-05-06;0.4554;0.4554;0.7212;0.60;10;1;288
2023-12-28;2024-01-01;0.4548;0.5570;0.8840;0.60;0;0;192
2019-10-18;2019-10-22;0.4544;0.4544;0.6850;0.60;10;1;288
2021-09-30;2021-10-04;0.4541;0.4549;0.6946;0.60;-12;1;287
2014-07-28;2014-07-30;0.4525;0.4525;0.7366;0.60;-12;0;288
2014-08-05;2014-08-07;0.4524;0.4524;0.7868;0.60;6;0;288
2023-10-19;2023-10-23;0.4522;0.4522;0.8054;0.60;6;1;288
2024-07-19;2024-07-23;0.4520;0.4520;0.6723;0.63;12;0;288
2019-03-05;2019-03-07;0.4518;0.4518;0.6723;0.60;10;0;288
2021-06-07;2021-06-09;0.4517;0.4517;0.6721;0.72;-1;1;288
2020-01-28;2020-01-30;0.4510;0.4510;0.6715;1.11;10;0;288
2023-09-21;2023-09-25;0.4505;0.4505;0.7742;0.60;12;0;288
2014-04-15;2014-04-17;0.4497;0.4497;0.6723;0.60;-9;1;288
2014-01-20;2014-01-22;0.4493;0.4493;0.6703;0.60;4;1;288
2012-04-27;2012-05-01;0.4493;0.4493;0.7559;0.60;0;1;288
2020-12-24;2020-12-28;0.4479;0.5697;0.7549;0.60;-10;1;178
2017-08-23;2017-08-25;0.4475;0.4475;0.7389;0.60;7;1;288
2020-09-04;2020-09-08;0.4475;0.4475;0.7290;0.60;2;0;288
2023-12-11;2023-12-13;0.4470;0.4470;0.6736;0.60;10;1;288
2025-08-28;2025-09-01;0.4452;0.4460;0.8254;0.60;-1;1;287
2026-06-01;2026-06-03;0.4449;0.4449;0.6845;0.60;0;0;288
2026-01-15;2026-01-19;0.4449;0.4449;0.6955;0.60;12;0;288
2026-05-06;2026-05-08;0.4439;0.4439;0.8059;0.60;10;1;288
2019-07-08;2019-07-10;0.4436;0.4443;0.6666;0.90;8;0;287
2022-02-17;2022-02-21;0.4435;0.4435;0.6856;0.60;6;0;288
2017-12-05;2017-12-07;0.4420;0.4420;0.9015;0.60;3;0;288
2016-08-31;2016-09-02;0.4418;0.4418;0.7646;0.60;-2;1;288
2020-05-13;2020-05-15;0.4415;0.4415;0.7432;0.60;-3;0;288
2019-10-17;2019-10-21;0.4410;0.4410;0.9088;0.60;0;1;288
2015-10-19;2015-10-21;0.4408;0.4408;0.6642;0.60;-11;1;288
2021-01-21;2021-01-25;0.4406;0.4406;0.8373;0.60;12;1;288
2021-01-20;2021-01-22;0.4406;0.4406;0.8373;0.60;-12;1;288
2025-12-05;2025-12-09;0.4404;0.4404;0.6637;0.92;2;0;288
2020-11-25;2020-11-27;0.4403;0.4403;0.6973;0.60;12;1;288
2021-06-22;2021-06-24;0.4401;0.4401;0.6778;0.60;-2;1;288
2017-04-13;2017-04-17;0.4387;0.4395;0.7203;0.60;2;0;287
2024-01-25;2024-01-29;0.4380;0.4380;0.7751;0.60;-3;0;288
2019-04-02;2019-04-04;0.4362;0.4362;0.6823;0.60;-9;1;288
2015-09-04;2015-09-08;0.4356;0.4356;0.7711;0.60;-8;1;288
2017-11-03;2017-11-07;0.4355;0.4355;0.7119;0.60;-12;0;288
2020-09-11;2020-09-15;0.4353;0.4361;0.7299;0.60;5;1;287
2021-11-11;2021-11-15;0.4351;0.4351;0.6908;0.60;5;0;288
2023-11-27;2023-11-29;0.4351;0.4351;0.7408;0.60;-4;1;288
2020-02-06;2020-02-10;0.4350;0.4350;0.7607;0.60;7;0;288
2023-12-07;2023-12-11;0.4349;0.4349;0.6620;0.60;-12;0;288
2026-01-13;2026-01-15;0.4346;0.4346;0.6638;0.60;12;0;288
2023-03-28;2023-03-30;0.4345;0.4345;0.7765;0.60;11;1;288
2026-05-19;2026-05-21;0.4342;0.4342;0.7128;0.60;11;0;288
2017-12-29;2018-01-02;0.4340;0.5315;0.7950;0.60;-12;1;192
2019-05-27;2019-05-29;0.4335;0.4343;0.7158;0.60;6;0;287
2017-03-13;2017-03-15;0.4333;0.4333;0.8741;0.60;4;0;288
2025-11-13;2025-11-17;0.4332;0.4332;0.7023;0.60;-12;0;288
2024-07-22;2024-07-24;0.4331;0.4331;0.7247;0.60;3;0;288
2022-06-24;2022-06-28;0.4328;0.4335;0.8181;0.60;8;1;287
2017-03-30;2017-04-03;0.4318;0.4318;0.8553;0.60;-7;0;288
2019-10-08;2019-10-10;0.4311;0.4311;0.7826;0.60;-12;1;288
2020-08-25;2020-08-27;0.4308;0.4308;0.6572;0.60;5;1;288
2025-03-20;2025-03-24;0.4305;0.4335;0.9148;0.60;7;0;284
2021-09-17;2021-09-21;0.4304;0.4319;0.7327;0.60;-3;0;286
2020-01-30;2020-02-03;0.4301;0.4301;0.8483;0.60;0;1;288
2013-12-30;2014-01-01;0.4289;0.5426;0.8467;0.60;0;1;180
2014-05-28;2014-05-30;0.4284;0.4284;0.6552;0.60;6;0;288
2025-12-29;2025-12-31;0.4278;0.4469;0.6735;0.60;-3;0;264
2023-05-26;2023-05-30;0.4261;0.4269;0.6534;0.66;1;0;287
2019-10-31;2019-11-04;0.4261;0.4291;0.6766;0.60;12;1;284
2014-01-24;2014-01-28;0.4257;0.4257;0.6524;0.61;-12;0;288
2019-01-17;2019-01-21;0.4254;0.4254;0.6523;0.60;-1;0;288
2021-10-18;2021-10-20;0.4253;0.4253;0.7089;0.60;-12;1;288
2026-01-08;2026-01-12;0.4252;0.4252;0.6995;0.60;12;0;288
2019-07-10;2019-07-12;0.4251;0.4258;0.7068;0.60;-5;1;287
2013-11-18;2013-11-20;0.4249;0.4249;0.7365;0.60;6;1;288
2014-05-06;2014-05-08;0.4247;0.4247;0.7482;0.60;7;1;288
2022-10-31;2022-11-02;0.4243;0.4243;0.8897;0.60;2;0;288
2023-03-27;2023-03-29;0.4243;0.4243;0.7841;0.60;-12;1;288
2023-09-18;2023-09-20;0.4242;0.4242;0.6513;0.65;8;1;288
2014-06-23;2014-06-25;0.4242;0.4242;0.6513;0.80;11;1;288
2025-06-09;2025-06-11;0.4241;0.4241;0.6512;0.62;9;1;288
2021-12-20;2021-12-22;0.4236;0.4244;0.6871;0.60;6;1;287
2014-01-07;2014-01-09;0.4222;0.4222;0.7297;0.60;1;0;288
2024-02-05;2024-02-07;0.4221;0.4221;0.6624;0.60;-12;1;288
2014-06-20;2014-06-24;0.4217;0.4217;0.6494;0.80;-12;1;288
2024-03-26;2024-03-28;0.4209;0.4209;0.7098;0.60;-2;0;288
2024-03-04;2024-03-06;0.4207;0.4207;0.6486;0.62;12;1;288
2025-10-27;2025-10-29;0.4206;0.4206;0.6507;0.60;12;1;288
2024-06-14;2024-06-18;0.4202;0.4210;0.6841;0.60;-9;1;287
2026-06-12;2026-06-16;0.4198;0.4198;0.6531;0.60;-11;1;288
2017-12-06;2017-12-08;0.4197;0.4197;0.7357;0.60;-10;0;288
2026-05-18;2026-05-20;0.4197;0.4197;0.7063;0.60;-12;0;288
2021-10-05;2021-10-07;0.4193;0.4193;0.7298;0.60;-12;0;288
2024-09-10;2024-09-12;0.4189;0.4189;0.6472;0.64;3;0;288
2020-04-28;2020-04-30;0.4181;0.4181;0.7039;0.60;7;1;288
2024-07-03;2024-07-05;0.4177;0.4177;0.8829;0.60;1;1;288
2014-03-21;2014-03-25;0.4173;0.4202;0.7324;0.60;-1;1;284
2017-10-12;2017-10-16;0.4168;0.4176;0.8106;0.60;-2;0;287
2013-11-15;2013-11-19;0.4166;0.4166;0.8088;0.60;5;1;288
2021-05-24;2021-05-26;0.4166;0.4180;0.8492;0.60;5;1;286
2012-06-22;2012-06-26;0.4166;0.4166;0.8245;0.60;-12;0;288
2024-10-04;2024-10-08;0.4149;0.4149;0.7803;0.60;0;0;288
2020-04-24;2020-04-28;0.4143;0.4150;0.7643;0.60;-12;1;287
2019-10-11;2019-10-15;0.4142;0.4142;0.6436;0.90;-12;0;288
2019-10-14;2019-10-16;0.4142;0.4142;0.6436;0.90;12;0;288
2014-04-16;2014-04-18;0.4140;0.4140;0.6460;0.60;12;1;288
2025-10-15;2025-10-17;0.4139;0.4139;0.8336;0.60;-7;1;288
2018-07-11;2018-07-13;0.4137;0.4137;0.8254;0.60;-7;0;288
2026-02-12;2026-02-16;0.4137;0.4137;0.6432;0.76;-7;0;288
2024-12-30;2025-01-01;0.4132;0.5170;0.8069;0.60;1;0;184
2025-09-11;2025-09-15;0.4131;0.4131;0.7499;0.60;-1;1;288
2026-06-15;2026-06-17;0.4128;0.4128;0.6469;0.60;12;1;288
2017-12-07;2017-12-11;0.4106;0.4106;0.7103;0.60;12;0;288
2014-05-21;2014-05-23;0.4098;0.4098;0.8260;0.60;1;0;288
2017-04-05;2017-04-07;0.4094;0.4094;0.6660;0.60;5;0;288
2024-03-15;2024-03-19;0.4093;0.4122;0.6559;0.60;-12;0;284
2024-03-18;2024-03-20;0.4093;0.4122;0.6559;0.60;12;0;284
2020-12-10;2020-12-14;0.4091;0.4091;0.7129;0.60;-6;1;288
2025-03-25;2025-03-27;0.4086;0.4086;0.6848;0.60;-2;0;288
2014-06-27;2014-07-01;0.4084;0.4091;0.8486;0.60;-4;1;287
2021-01-22;2021-01-26;0.4080;0.4080;0.6617;0.60;3;0;288
2014-11-27;2014-12-01;0.4071;0.4078;0.7273;0.60;-1;0;287
2013-07-29;2013-07-31;0.4068;0.4068;0.6378;0.66;4;0;288
2024-05-02;2024-05-06;0.4058;0.4058;0.8082;0.60;-12;1;288
2022-12-22;2022-12-26;0.4057;0.4229;0.6852;0.60;-12;1;265
2017-02-06;2017-02-08;0.4054;0.4054;0.8462;0.60;-12;0;288
2024-07-26;2024-07-30;0.4050;0.4050;0.7019;0.60;-12;0;288
2021-09-23;2021-09-27;0.4050;0.4057;0.6956;0.60;-12;0;287
2024-02-27;2024-02-29;0.4043;0.4043;0.6358;0.64;12;0;288
2024-02-26;2024-02-28;0.4043;0.4043;0.6358;0.64;-12;0;288
2023-11-23;2023-11-27;0.4030;0.4030;0.7423;0.60;5;1;288
2024-05-13;2024-05-15;0.4028;0.4028;0.7453;0.60;7;1;288
2016-03-14;2016-03-16;0.4027;0.4027;0.8220;0.60;5;0;288
2019-05-08;2019-05-10;0.4021;0.4028;0.6874;0.60;-12;1;287
2014-12-29;2014-12-31;0.4013;0.4257;0.7439;0.60;-5;0;256
2023-06-09;2023-06-13;0.4012;0.4012;0.7164;0.60;-12;1;288
2024-04-24;2024-04-26;0.4011;0.4011;0.6491;0.60;-7;1;288
2015-10-20;2015-10-22;0.4007;0.4007;0.6362;0.60;12;1;288
2020-04-16;2020-04-20;0.4006;0.4006;0.7457;0.60;10;0;288
2026-04-24;2026-04-28;0.4001;0.4001;0.7016;0.60;9;1;288
2017-12-04;2017-12-06;0.3995;0.3995;0.7766;0.60;9;0;288
2024-01-17;2024-01-19;0.3994;0.3994;0.6326;0.60;-8;1;288
2016-07-19;2016-07-21;0.3989;0.3989;0.7934;0.60;1;0;288
2014-03-28;2014-04-01;0.3987;0.4015;0.7360;0.60;-12;1;284
2024-07-08;2024-07-10;0.3983;0.3983;0.6311;1.02;-3;0;288
2014-05-15;2014-05-19;0.3983;0.3983;0.6350;0.60;-7;1;288
2021-11-08;2021-11-10;0.3970;0.3997;0.6876;0.60;12;1;284
2020-06-25;2020-06-29;0.3964;0.3964;0.6566;0.60;-12;1;288
2020-06-26;2020-06-30;0.3964;0.3964;0.6566;0.60;12;1;288
2019-01-15;2019-01-17;0.3963;0.3963;0.6414;0.60;-10;0;288
2019-01-28;2019-01-30;0.3958;0.3958;0.6291;0.67;2;1;288
2021-03-18;2021-03-22;0.3956;0.3984;0.8788;0.60;5;0;284
2024-08-30;2024-09-03;0.3952;0.3952;0.6309;0.60;-4;0;288
2025-03-14;2025-03-18;0.3951;0.3978;0.8966;0.60;4;1;284
2019-07-03;2019-07-05;0.3949;0.3949;0.6284;1.07;12;0;288
2019-04-03;2019-04-05;0.3936;0.3936;0.6498;0.60;12;1;288
2019-11-08;2019-11-12;0.3935;0.3935;0.6273;0.62;2;0;288
2023-08-11;2023-08-15;0.3935;0.3935;0.9056;0.60;-1;0;288
2020-12-25;2020-12-29;0.3934;0.5005;0.7294;0.60;12;1;178
2017-04-03;2017-04-05;0.3928;0.3928;0.6267;0.73;12;0;288
2017-06-22;2017-06-26;0.3926;0.3933;0.6887;0.60;-12;1;287
2017-06-23;2017-06-27;0.3926;0.3933;0.6887;0.60;12;1;287
2024-06-24;2024-06-26;0.3924;0.3924;0.7182;0.60;-12;0;288
2013-01-18;2013-01-22;0.3921;0.3921;0.8033;0.60;2;0;288
2024-10-23;2024-10-25;0.3919;0.3919;0.6813;0.60;-7;1;288
2012-10-26;2012-10-30;0.3917;0.3917;0.7124;0.60;9;0;288
2021-06-29;2021-07-01;0.3917;0.3917;0.8401;0.60;3;0;288
2024-08-08;2024-08-12;0.3908;0.3908;0.6251;0.93;-12;1;288
2021-09-13;2021-09-15;0.3905;0.3905;0.6249;0.66;-4;1;288
2017-06-09;2017-06-13;0.3903;0.3903;0.6248;0.67;-9;1;288
2014-04-14;2014-04-16;0.3898;0.3898;0.8557;0.60;11;0;288
2026-07-08;2026-07-10;0.3898;0.3898;0.6243;0.60;0;1;288
2024-07-16;2024-07-18;0.3894;0.3894;0.7002;0.60;4;1;288
2018-04-12;2018-04-16;0.3893;0.3900;0.7179;0.60;12;0;287
2018-04-11;2018-04-13;0.3893;0.3900;0.7179;0.60;-12;0;287
2014-09-12;2014-09-16;0.3891;0.3891;0.6342;0.60;-1;1;288
2025-08-08;2025-08-12;0.3888;0.3888;0.7234;0.60;5;0;288
2021-07-22;2021-07-26;0.3886;0.3900;0.6245;0.62;8;0;286
2019-04-29;2019-05-01;0.3886;0.3886;0.7570;0.60;-12;1;288
2023-02-23;2023-02-27;0.3884;0.3884;0.8170;0.60;4;0;288
2025-05-01;2025-05-05;0.3882;0.3882;0.6862;0.60;-12;1;288
2021-07-23;2021-07-27;0.3879;0.3893;0.6487;0.60;6;1;286
2025-12-12;2025-12-16;0.3877;0.3877;0.6227;0.60;-4;1;288
2026-05-05;2026-05-07;0.3863;0.3863;0.8040;0.60;-12;1;288
2018-10-05;2018-10-09;0.3862;0.3862;0.7009;0.60;-12;0;288
2020-04-20;2020-04-22;0.3859;0.3859;0.6212;0.60;10;0;288
2019-08-16;2019-08-20;0.3850;0.3857;0.6211;0.75;5;0;287
2019-05-17;2019-05-21;0.3847;0.3847;0.6202;1.17;-9;0;288
2023-12-18;2023-12-20;0.3846;0.3846;0.8419;0.60;6;1;288
2016-08-23;2016-08-25;0.3845;0.3845;0.8170;0.60;-1;0;288
2020-09-10;2020-09-14;0.3843;0.3850;0.7259;0.60;9;1;287
2019-02-21;2019-02-25;0.3841;0.3841;0.6197;0.75;-12;1;288
2025-09-10;2025-09-12;0.3840;0.3840;0.6383;0.60;1;1;288
2018-04-10;2018-04-12;0.3839;0.3839;0.7581;0.60;8;1;288
2021-08-20;2021-08-24;0.3838;0.3851;0.7844;0.60;-12;1;286
2021-04-27;2021-04-29;0.3829;0.3829;0.7850;0.60;-2;1;288
2014-04-11;2014-04-15;0.3827;0.3827;0.8712;0.60;-12;0;288
2024-05-27;2024-05-29;0.3826;0.3826;0.6186;0.61;12;1;288
2022-08-05;2022-08-09;0.3815;0.3815;0.6802;0.60;-12;1;288
2019-02-01;2019-02-05;0.3812;0.3812;0.7337;0.60;-9;0;288
2017-12-21;2017-12-25;0.3810;0.4282;0.6544;0.70;9;0;228
2026-04-27;2026-04-29;0.3809;0.3809;0.7043;0.60;-7;0;288
2024-10-31;2024-11-04;0.3806;0.3806;0.6500;0.60;-8;1;288
2024-04-16;2024-04-18;0.3801;0.3801;0.7530;0.60;1;1;288
2013-11-25;2013-11-27;0.3796;0.3796;0.8659;0.60;-10;1;288
2019-04-10;2019-04-12;0.3790;0.3803;0.6931;0.60;-11;1;286
2018-11-21;2018-11-23;0.3790;0.3790;0.6400;0.60;9;1;288
2017-08-02;2017-08-04;0.3787;0.3787;0.8175;0.60;8;1;288
2021-09-06;2021-09-08;0.3786;0.3793;0.6666;0.60;10;0;287
2019-02-26;2019-02-28;0.3778;0.3778;0.6187;0.60;12;1;288
2013-12-09;2013-12-11;0.3768;0.3768;0.7446;0.60;-12;1;288
2023-05-19;2023-05-23;0.3767;0.3773;0.6825;0.60;9;1;287
2016-11-02;2016-11-04;0.3763;0.3763;0.6759;0.60;1;1;288
2024-10-01;2024-10-03;0.3762;0.3762;0.6877;0.60;-12;0;288
2018-12-28;2019-01-01;0.3742;0.4815;0.6939;0.87;-1;0;174
2021-04-26;2021-04-28;0.3721;0.3728;0.6106;0.61;3;0;287
2017-10-03;2017-10-05;0.3705;0.3705;0.6490;0.60;6;1;288
2021-07-30;2021-08-03;0.3700;0.3706;0.6088;0.73;-2;0;287
2014-09-22;2014-09-24;0.3699;0.3699;0.6107;0.60;10;1;288
2025-06-26;2025-06-30;0.3698;0.3698;0.7725;0.60;5;1;288
2013-11-28;2013-12-02;0.3697;0.3697;0.6159;0.60;12;1;288
2019-03-08;2019-03-12;0.3696;0.3696;0.7854;0.60;6;1;288
2021-09-08;2021-09-10;0.3696;0.3696;0.6137;0.60;12;0;288
2022-02-14;2022-02-16;0.3696;0.3696;0.8393;0.60;-12;1;288
2013-09-27;2013-10-01;0.3691;0.3691;0.7582;0.60;3;1;288
2011-12-21;2011-12-23;0.3686;0.3686;0.8282;0.60;1;0;288
2019-11-26;2019-11-28;0.3686;0.3686;0.6071;1.20;-12;0;288
2018-09-10;2018-09-12;0.3683;0.3683;0.6807;0.60;6;1;288
2024-02-28;2024-03-01;0.3682;0.3682;0.6176;0.60;7;0;288
2018-08-06;2018-08-08;0.3680;0.3680;0.7695;0.60;-10;1;288
2023-09-11;2023-09-13;0.3679;0.3679;0.6066;0.60;-2;1;288
2016-10-24;2016-10-26;0.3676;0.3676;0.6357;0.60;-12;1;288
2025-04-24;2025-04-28;0.3673;0.3673;0.6408;0.60;6;1;288
2025-01-28;2025-01-30;0.3670;0.3670;0.7539;0.60;6;0;288
2019-07-16;2019-07-18;0.3669;0.3669;0.6661;0.60;5;0;288
2019-11-06;2019-11-08;0.3663;0.3663;0.7061;0.60;-2;0;288
2024-11-27;2024-11-29;0.3662;0.3662;0.8616;0.60;0;1;288
2013-06-03;2013-06-05;0.3661;0.3661;0.8198;0.60;-5;1;288
2022-06-07;2022-06-09;0.3660;0.3660;0.6612;0.60;6;1;288
2025-11-04;2025-11-06;0.3653;0.3653;0.6250;0.60;12;0;288
2019-12-10;2019-12-12;0.3651;0.3651;0.8165;0.60;0;1;288
2025-06-06;2025-06-10;0.3647;0.3647;0.6373;0.60;5;0;288
2018-05-17;2018-05-21;0.3636;0.3643;0.7906;0.60;2;0;287
2023-07-03;2023-07-05;0.3633;0.3633;0.6042;0.60;7;0;288
2016-05-30;2016-06-01;0.3633;0.3633;0.6502;0.60;5;1;288
2014-10-22;2014-10-24;0.3631;0.3631;0.8283;0.60;0;0;288
2019-04-24;2019-04-26;0.3628;0.3635;0.8280;0.60;-5;0;287
2020-09-24;2020-09-28;0.3624;0.3624;0.6588;0.60;8;0;288
2016-05-13;2016-05-17;0.3616;0.3616;0.7165;0.60;0;0;288
2019-02-04;2019-02-06;0.3604;0.3604;0.7547;0.60;12;0;288
2023-04-27;2023-05-01;0.3601;0.3601;0.6887;0.60;11;0;288
2025-09-09;2025-09-11;0.3600;0.3600;0.8218;0.60;0;0;288
2026-03-23;2026-03-25;0.3596;0.3622;0.7936;0.60;1;1;284
2014-04-03;2014-04-07;0.3596;0.3596;0.7808;0.60;1;0;288
2018-07-03;2018-07-05;0.3593;0.3593;0.6741;0.60;12;1;288
2023-04-26;2023-04-28;0.3592;0.3592;0.6858;0.60;-12;0;288
2021-12-09;2021-12-13;0.3591;0.3597;0.7223;0.60;8;0;287
2017-06-21;2017-06-23;0.3585;0.3585;0.6130;0.60;11;1;288
2023-07-31;2023-08-02;0.3585;0.3585;0.6989;0.60;9;0;288
2019-01-16;2019-01-18;0.3584;0.3584;0.5988;0.60;12;0;288
2019-07-15;2019-07-17;0.3583;0.3589;0.8036;0.60;0;0;287
2014-07-31;2014-08-04;0.3570;0.3577;0.6472;0.60;-1;1;287
2021-09-03;2021-09-07;0.3565;0.3571;0.6318;0.60;-12;0;287
2012-04-06;2012-04-10;0.3553;0.3553;0.6868;0.60;-1;1;288
2015-10-12;2015-10-14;0.3549;0.3549;0.6088;0.60;11;1;288
2013-07-26;2013-07-30;0.3532;0.3532;0.5943;0.66;1;0;288
2026-02-25;2026-02-27;0.3530;0.3530;0.6024;0.60;12;1;288
2024-01-22;2024-01-24;0.3526;0.3526;0.6961;0.60;4;0;288
2013-06-17;2013-06-19;0.3525;0.3525;0.8100;0.60;3;1;288
2022-01-20;2022-01-24;0.3524;0.3524;0.6101;0.60;-4;0;288
2020-01-14;2020-01-16;0.3518;0.3518;0.5933;0.60;-10;1;288
2017-06-20;2017-06-22;0.3514;0.3514;0.6064;0.60;-12;1;288
2019-02-27;2019-03-01;0.3504;0.3504;0.5920;0.69;-2;0;288
2019-05-02;2019-05-06;0.3503;0.3503;0.7317;0.60;12;0;288
2019-04-04;2019-04-08;0.3501;0.3519;0.5932;0.73;9;0;285
2019-05-20;2019-05-22;0.3499;0.3499;0.5915;1.24;12;0;288
2017-10-20;2017-10-24;0.3497;0.3497;0.6972;0.60;-6;0;288
2021-11-03;2021-11-05;0.3495;0.3519;0.7239;0.60;-12;0;284
2025-11-07;2025-11-11;0.3492;0.3492;0.5963;0.60;8;1;288
2025-01-14;2025-01-16;0.3490;0.3490;0.6947;0.60;0;1;288
2024-07-17;2024-07-19;0.3488;0.3488;0.7343;0.60;-12;0;288
2021-09-09;2021-09-13;0.3486;0.3498;0.6181;0.60;-10;0;286
2015-10-09;2015-10-13;0.3478;0.3478;0.6046;0.60;-12;1;288
2024-12-09;2024-12-11;0.3477;0.3477;0.8079;0.60;-12;0;288
2025-11-12;2025-11-14;0.3477;0.3477;0.7698;0.60;-2;1;288
2014-11-18;2014-11-20;0.3476;0.3476;0.7822;0.60;-1;1;288
2025-10-31;2025-11-04;0.3474;0.3498;0.7693;0.60;8;0;284
2020-05-07;2020-05-11;0.3471;0.3471;0.6863;0.60;-3;1;288
2013-09-11;2013-09-13;0.3466;0.3466;0.6525;0.60;0;1;288
2025-11-28;2025-12-02;0.3465;0.3465;0.6337;0.60;-2;1;288
2024-10-21;2024-10-23;0.3461;0.3461;0.8414;0.60;-3;0;288
2023-09-05;2023-09-07;0.3454;0.3454;0.8409;0.60;2;0;288
2023-06-13;2023-06-15;0.3453;0.3453;0.8547;0.60;9;1;288
2026-05-25;2026-05-27;0.3452;0.3452;0.5990;0.60;12;1;288
2020-12-23;2020-12-25;0.3449;0.4387;0.6624;0.71;-9;1;178
2014-09-09;2014-09-11;0.3449;0.3449;0.6683;0.60;-4;1;288
2013-07-25;2013-07-29;0.3447;0.3447;0.8563;0.60;-5;1;288
2024-06-10;2024-06-12;0.3443;0.3443;0.7554;0.60;8;0;288
2024-01-09;2024-01-11;0.3442;0.3442;0.6732;0.60;-12;1;288
2018-10-01;2018-10-03;0.3439;0.3439;0.7972;0.60;10;0;288
2024-05-28;2024-05-30;0.3438;0.3438;0.8397;0.60;-3;0;288
2014-08-01;2014-08-05;0.3437;0.3443;0.6391;0.60;12;1;287
2017-04-14;2017-04-18;0.3435;0.3441;0.6218;0.60;9;1;287
2017-12-19;2017-12-21;0.3434;0.3434;0.8278;0.60;-4;1;288
2017-11-17;2017-11-21;0.3430;0.3430;0.7895;0.60;-9;0;288
2024-12-03;2024-12-05;0.3429;0.3429;0.6081;0.60;8;1;288
2023-07-18;2023-07-20;0.3425;0.3425;0.6520;0.60;7;0;288
2016-07-21;2016-07-25;0.3419;0.3425;0.7677;0.60;-1;0;287
2014-09-01;2014-09-03;0.3418;0.3418;0.6245;0.60;12;0;288
2019-12-13;2019-12-17;0.3414;0.3414;0.6341;0.60;-1;0;288
2019-03-01;2019-03-05;0.3413;0.3413;0.7076;0.60;8;0;288
2013-03-28;2013-04-01;0.3409;0.3433;0.6628;0.60;11;1;284
2018-09-17;2018-09-19;0.3408;0.3414;0.7501;0.60;6;1;287
2023-11-09;2023-11-13;0.3407;0.3407;0.6036;0.60;6;0;288
2016-04-26;2016-04-28;0.3401;0.3401;0.8020;0.60;3;1;288
2024-01-26;2024-01-30;0.3390;0.3390;0.6178;0.60;-11;0;288
2023-04-28;2023-05-02;0.3388;0.3388;0.7010;0.60;5;0;288
2024-02-29;2024-03-04;0.3385;0.3385;0.6517;0.60;-12;1;288
2014-03-10;2014-03-12;0.3380;0.3380;0.5813;0.62;10;0;288
2016-03-04;2016-03-08;0.3376;0.3376;0.8487;0.60;-1;1;288
2020-04-17;2020-04-21;0.3375;0.3375;0.5865;0.60;-12;0;288
2016-01-25;2016-01-27;0.3374;0.3374;0.7710;0.60;-3;1;288
2015-12-30;2016-01-01;0.3372;0.4047;0.6835;0.60;5;0;200
2023-10-10;2023-10-12;0.3372;0.3372;0.7336;0.60;6;1;288
2025-11-19;2025-11-21;0.3369;0.3369;0.7683;0.60;-2;0;288
2023-12-21;2023-12-25;0.3365;0.3960;0.8498;0.60;4;1;208
2016-08-17;2016-08-19;0.3364;0.3364;0.8277;0.60;-3;1;288
2025-11-11;2025-11-13;0.3344;0.3344;0.6500;0.60;7;1;288
2016-02-15;2016-02-17;0.3344;0.3344;0.8810;0.60;0;0;288
2025-02-21;2025-02-25;0.3340;0.3340;0.6196;0.60;6;0;288
2024-02-19;2024-02-21;0.3329;0.3329;0.6409;0.60;6;1;288
2023-01-27;2023-01-31;0.3322;0.3322;0.6473;0.60;-2;0;288
2023-11-22;2023-11-24;0.3316;0.3316;0.7091;0.60;-12;1;288
2025-10-22;2025-10-24;0.3314;0.3314;0.5760;0.60;-3;1;288
2015-09-07;2015-09-09;0.3312;0.3312;0.6426;0.60;0;1;288
2013-08-12;2013-08-14;0.3311;0.3311;0.8642;0.60;3;0;288
2021-11-29;2021-12-01;0.3310;0.3310;0.7613;0.60;-11;1;288
2026-07-07;2026-07-09;0.3308;0.3308;0.5760;0.60;6;0;288
2021-10-14;2021-10-18;0.3306;0.3312;0.5865;0.60;12;1;287
2019-02-28;2019-03-04;0.3297;0.3297;0.7006;0.60;-6;0;288
2020-06-30;2020-07-02;0.3293;0.3293;0.6747;0.60;-3;1;288
2026-04-23;2026-04-27;0.3285;0.3285;0.6682;0.60;-12;1;288
2024-02-21;2024-02-23;0.3278;0.3278;0.5761;0.60;-7;1;288
2019-06-26;2019-06-28;0.3277;0.3277;0.5724;0.91;0;1;288
2024-04-18;2024-04-22;0.3276;0.3276;0.5848;0.60;-2;0;288
2013-03-27;2013-03-29;0.3275;0.3298;0.6550;0.60;-12;1;284
2019-03-26;2019-03-28;0.3274;0.3274;0.7249;0.60;-12;0;288
2025-06-17;2025-06-19;0.3274;0.3274;0.9366;0.60;-4;0;288
2020-02-04;2020-02-06;0.3274;0.3274;0.7898;0.60;6;0;288
2017-09-15;2017-09-19;0.3273;0.3273;0.7515;0.60;3;1;288
2016-07-13;2016-07-15;0.3265;0.3265;0.7751;0.60;6;1;288
2021-11-30;2021-12-02;0.3261;0.3261;0.7515;0.60;12;1;288
2021-09-10;2021-09-14;0.3259;0.3270;0.6029;0.60;12;0;286
2023-06-26;2023-06-28;0.3257;0.3257;0.7396;0.60;3;1;288
2025-03-12;2025-03-14;0.3253;0.3276;0.6962;0.60;-5;0;284
2014-10-27;2014-10-29;0.3250;0.3250;0.7684;0.60;9;1;288
2012-12-03;2012-12-05;0.3246;0.3246;0.7789;0.60;-3;1;288
2017-06-12;2017-06-14;0.3242;0.3242;0.5694;0.62;12;1;288
2016-05-18;2016-05-20;0.3237;0.3237;0.8030;0.60;-7;0;288
2019-12-04;2019-12-06;0.3215;0.3215;0.5670;0.60;7;1;288
2025-09-30;2025-10-02;0.3210;0.3210;0.5666;0.74;9;1;288
2021-08-11;2021-08-13;0.3201;0.3201;0.5658;0.61;10;1;288
2019-12-11;2019-12-13;0.3197;0.3197;0.8820;0.60;-6;1;288
2018-12-17;2018-12-19;0.3192;0.3192;0.7738;0.60;-10;1;288
2023-01-09;2023-01-11;0.3191;0.3191;0.7910;0.60;-3;1;288
2019-06-24;2019-06-26;0.3184;0.3184;0.6005;0.60;-12;0;288
2026-06-23;2026-06-25;0.3177;0.3177;0.8328;0.60;2;0;288
2013-11-13;2013-11-15;0.3176;0.3176;0.6679;0.60;-4;1;288
2019-10-07;2019-10-09;0.3175;0.3175;0.5635;0.62;0;0;288
2024-12-06;2024-12-10;0.3171;0.3171;0.6769;0.60;-4;0;288
2014-05-19;2014-05-21;0.3160;0.3160;0.6181;0.60;-12;0;288
2021-12-13;2021-12-15;0.3156;0.3161;0.6153;0.60;1;0;287
2017-05-10;2017-05-12;0.3152;0.3152;0.5614;0.68;8;0;288
2024-01-29;2024-01-31;0.3148;0.3148;0.6036;0.60;12;0;288
2020-01-15;2020-01-17;0.3147;0.3147;0.5629;0.60;12;1;288
2023-05-12;2023-05-16;0.3142;0.3142;0.7083;0.60;0;0;288
2024-10-24;2024-10-28;0.3142;0.3142;0.6407;0.60;12;1;288
2019-03-11;2019-03-13;0.3140;0.3140;0.7657;0.60;5;1;288
2026-06-09;2026-06-11;0.3135;0.3135;0.5599;0.70;10;1;288
2023-02-20;2023-02-22;0.3134;0.3134;0.6339;0.60;5;0;288
2014-04-30;2014-05-02;0.3131;0.3131;0.7702;0.60;2;1;288
2014-03-07;2014-03-11;0.3125;0.3125;0.5597;0.60;-12;0;288
2019-12-23;2019-12-25;0.3121;0.3992;0.6318;1.34;-1;1;176
2015-08-05;2015-08-07;0.3111;0.3111;0.7671;0.60;2;1;288
2019-08-21;2019-08-23;0.3106;0.3106;0.5578;0.60;7;0;288
2026-03-27;2026-03-31;0.3101;0.3123;0.8312;0.60;5;0;284
2025-01-29;2025-01-31;0.3101;0.3101;0.6264;0.60;4;0;288
2025-02-20;2025-02-24;0.3100;0.3100;0.7456;0.60;-4;1;288
2019-09-09;2019-09-11;0.3097;0.3097;0.6347;0.60;-12;0;288
2026-04-16;2026-04-20;0.3096;0.3096;0.6426;0.60;-2;0;288
2023-07-14;2023-07-18;0.3092;0.3092;0.5560;0.71;-3;1;288
2021-08-10;2021-08-12;0.3086;0.3086;0.5556;0.62;-12;1;288
2016-03-25;2016-03-29;0.3074;0.3107;0.6148;0.60;5;1;282
2020-02-05;2020-02-07;0.3070;0.3070;0.8313;0.60;2;0;288
2019-07-26;2019-07-30;0.3069;0.3075;0.5563;0.60;-12;1;287
2019-08-28;2019-08-30;0.3068;0.3068;0.6458;0.60;7;0;288
2023-04-20;2023-04-24;0.3067;0.3067;0.5850;0.60;8;1;288
2012-10-30;2012-11-01;0.3059;0.3059;0.8353;0.60;7;1;288
2026-07-06;2026-07-08;0.3058;0.3058;0.5565;0.60;11;0;288
2014-08-28;2014-09-01;0.3057;0.3057;0.8598;0.60;-1;0;288
2011-12-22;2011-12-26;0.3044;0.3229;0.5682;0.61;-12;1;256
2021-04-14;2021-04-16;0.3042;0.3042;0.5817;0.60;9;1;288
2019-11-21;2019-11-25;0.3037;0.3037;0.8073;0.60;-2;0;288
2022-05-27;2022-05-31;0.3034;0.3034;0.7185;0.60;12;1;288
2022-05-26;2022-05-30;0.3034;0.3034;0.7185;0.60;-12;1;288
2017-06-08;2017-06-12;0.3029;0.3029;0.7846;0.60;4;0;288
2024-04-22;2024-04-24;0.3020;0.3020;0.7132;0.60;-4;1;288
2019-11-14;2019-11-18;0.3012;0.3018;0.8088;0.60;-4;1;287
2025-08-19;2025-08-21;0.3004;0.3004;0.6606;0.60;-5;0;288
2019-02-08;2019-02-12;0.2990;0.2990;0.7709;0.60;2;0;288
2026-07-03;2026-07-07;0.2988;0.2988;0.5514;0.60;-12;0;288
2024-11-15;2024-11-19;0.2988;0.2988;0.6969;0.60;5;1;288
2023-04-05;2023-04-07;0.2987;0.2992;0.6582;0.60;-3;0;287
2020-06-18;2020-06-22;0.2983;0.2983;0.7027;0.60;4;0;288
2023-10-09;2023-10-11;0.2982;0.2982;0.8308;0.60;-4;1;288
2017-03-20;2017-03-22;0.2981;0.2981;0.7477;0.60;-12;1;288
2026-07-01;2026-07-03;0.2980;0.2980;0.7856;0.60;-12;1;288
2024-01-04;2024-01-08;0.2974;0.2989;0.5774;0.60;5;1;285
2016-09-14;2016-09-16;0.2969;0.2969;0.5463;0.60;9;1;288
2014-06-19;2014-06-23;0.2968;0.2968;0.5644;0.60;-9;0;288
2022-04-29;2022-05-03;0.2965;0.2970;0.6101;0.60;-8;0;287
2024-06-03;2024-06-05;0.2962;0.2962;0.6407;0.60;-2;1;288
2018-10-04;2018-10-08;0.2960;0.2960;0.6145;0.60;2;1;288
2014-05-13;2014-05-15;0.2955;0.2955;0.7598;0.60;1;0;288
2013-08-13;2013-08-15;0.2953;0.2953;0.6623;0.60;4;0;288
2023-04-07;2023-04-11;0.2949;0.2954;0.7161;0.60;4;0;287
2021-01-28;2021-02-01;0.2948;0.2948;0.6082;0.60;6;1;288
2017-02-09;2017-02-13;0.2946;0.2946;0.7810;0.60;8;0;288
2015-10-26;2015-10-28;0.2943;0.2959;0.5831;0.60;9;1;285
2026-05-29;2026-06-02;0.2940;0.2940;0.5593;0.60;-12;0;288
2024-12-26;2024-12-30;0.2935;0.3113;0.5892;0.60;0;1;256
2024-06-18;2024-06-20;0.2923;0.2923;0.5406;0.61;12;1;288
2023-01-10;2023-01-12;0.2922;0.2922;0.5568;0.60;8;1;288
2017-09-05;2017-09-07;0.2912;0.2912;0.5717;0.60;12;1;288
2022-05-25;2022-05-27;0.2909;0.2909;0.8061;0.60;-7;1;288
2015-02-10;2015-02-12;0.2907;0.2907;0.5534;0.60;8;0;288
2017-12-20;2017-12-22;0.2906;0.3183;0.5647;0.60;-12;0;240
2019-10-23;2019-10-25;0.2905;0.2905;0.5492;0.60;6;0;288
2024-01-05;2024-01-09;0.2904;0.2919;0.5539;0.60;-1;1;285
2016-04-04;2016-04-06;0.2903;0.2903;0.5638;0.60;8;0;288
2021-10-04;2021-10-06;0.2895;0.2895;0.8367;0.60;-12;0;288
2016-04-25;2016-04-27;0.2893;0.2893;0.8449;0.60;7;1;288
2014-06-11;2014-06-13;0.2889;0.2889;0.5413;0.60;0;1;288
2013-04-12;2013-04-16;0.2887;0.2887;0.7302;0.60;10;0;288
2018-10-15;2018-10-17;0.2886;0.2886;0.5588;0.60;9;1;288
2015-08-17;2015-08-19;0.2886;0.2886;0.7866;0.60;3;0;288
2013-12-11;2013-12-13;0.2883;0.2883;0.6892;0.60;-12;0;288
2024-05-16;2024-05-20;0.2880;0.2880;0.5372;0.60;6;0;288
2020-10-14;2020-10-16;0.2880;0.2880;0.6592;0.60;5;0;288
2020-08-13;2020-08-17;0.2880;0.2880;0.6946;0.60;7;1;288
2014-01-15;2014-01-17;0.2877;0.2877;0.8004;0.60;9;0;288
2020-01-16;2020-01-20;0.2871;0.2876;0.7302;0.60;-12;0;287
2026-04-30;2026-05-04;0.2870;0.2870;0.7981;0.60;5;1;288
2016-07-11;2016-07-13;0.2865;0.2865;0.6189;0.60;11;1;288
2015-02-23;2015-02-25;0.2859;0.2859;0.6978;0.60;7;0;288
2020-01-09;2020-01-13;0.2853;0.2853;0.5607;0.60;-12;1;288
2020-04-15;2020-04-17;0.2852;0.2852;0.7285;0.60;-12;0;288
2012-10-01;2012-10-03;0.2849;0.2849;0.9399;0.60;4;1;288
2019-07-24;2019-07-26;0.2842;0.2842;0.5331;0.60;12;0;288
2016-05-10;2016-05-12;0.2840;0.2840;0.6476;0.60;4;1;288
2014-06-30;2014-07-02;0.2840;0.2845;0.6394;0.60;6;1;287
2021-11-19;2021-11-23;0.2826;0.2831;0.7156;0.60;-11;0;287
2018-04-13;2018-04-17;0.2824;0.2829;0.7068;0.60;-9;1;287
2016-06-30;2016-07-04;0.2821;0.2821;0.6861;0.60;-12;1;288
2021-11-01;2021-11-03;0.2808;0.2808;0.5900;0.60;6;1;288
2024-04-29;2024-05-01;0.2807;0.2807;0.7076;0.60;-2;0;288
2018-10-29;2018-10-31;0.2801;0.2801;0.7145;0.60;7;0;288
2024-03-05;2024-03-07;0.2784;0.2784;0.6908;0.60;6;1;288
2024-08-23;2024-08-27;0.2783;0.2783;0.7144;0.60;-3;1;288
2023-04-18;2023-04-20;0.2782;0.2782;0.5899;0.60;5;1;288
2018-08-29;2018-08-31;0.2779;0.2779;0.6142;0.60;10;0;288
2014-02-24;2014-02-26;0.2778;0.2778;0.5271;0.65;12;1;288
2021-08-17;2021-08-19;0.2777;0.2777;0.8506;0.60;-5;0;288
2023-05-23;2023-05-25;0.2770;0.2770;0.7059;0.60;-12;0;288
2024-10-25;2024-10-29;0.2768;0.2768;0.5317;0.60;-4;0;288
2021-03-29;2021-03-31;0.2759;0.2759;0.7620;0.60;-3;0;288
2019-07-25;2019-07-29;0.2753;0.2758;0.5252;0.64;-12;0;287
2022-06-23;2022-06-27;0.2745;0.2750;0.7996;0.60;-12;1;287
2025-06-30;2025-07-02;0.2743;0.2743;0.7998;0.60;-6;1;288
2022-03-23;2022-03-25;0.2738;0.2738;0.5997;0.60;11;0;288
2021-01-18;2021-01-20;0.2727;0.2727;0.7683;0.60;-7;1;288
2014-09-19;2014-09-23;0.2725;0.2725;0.5424;0.60;-12;1;288
2020-11-20;2020-11-24;0.2716;0.2716;0.5597;0.60;2;0;288
2019-08-09;2019-08-13;0.2711;0.2716;0.5212;0.61;4;1;287
2022-01-07;2022-01-11;0.2709;0.2709;0.6587;0.60;-1;1;288
2012-10-18;2012-10-22;0.2707;0.2707;0.7888;0.60;-3;0;288
2023-10-13;2023-10-17;0.2706;0.2706;0.7108;0.60;-12;1;288
2022-12-21;2022-12-23;0.2700;0.2700;0.5418;0.60;3;0;288
2014-03-25;2014-03-27;0.2697;0.2697;0.7334;0.60;6;0;288
2017-04-07;2017-04-11;0.2695;0.2695;0.6841;0.60;-2;0;288
2024-07-25;2024-07-29;0.2693;0.2693;0.5189;0.75;10;1;288
2024-09-18;2024-09-20;0.2689;0.2689;0.6673;0.60;7;1;288
2021-11-22;2021-11-24;0.2687;0.2692;0.6991;0.60;12;0;287
2016-05-24;2016-05-26;0.2675;0.2675;0.6249;0.60;-12;1;288
2020-11-17;2020-11-19;0.2674;0.2674;0.5422;0.60;12;1;288
2023-09-19;2023-09-21;0.2668;0.2668;0.7077;0.60;-6;0;288
2026-04-17;2026-04-21;0.2666;0.2666;0.6724;0.60;-8;0;288
2013-08-23;2013-08-27;0.2666;0.2666;0.5518;0.60;1;1;288
2020-09-23;2020-09-25;0.2664;0.2664;0.7062;0.60;8;0;288
2017-04-11;2017-04-13;0.2663;0.2663;0.7396;0.60;-1;1;288
2022-03-22;2022-03-24;0.2662;0.2662;0.5956;0.60;-12;0;288
2023-01-18;2023-01-20;0.2655;0.2655;0.6687;0.60;6;1;288
2019-05-07;2019-05-09;0.2655;0.2655;0.5642;0.60;-12;1;288
2017-09-01;2017-09-05;0.2644;0.2644;0.5690;0.60;-12;1;288
2018-12-06;2018-12-10;0.2642;0.2642;0.8358;0.60;0;1;288
2016-07-08;2016-07-12;0.2637;0.2637;0.6071;0.60;-12;1;288
2021-04-01;2021-04-05;0.2631;0.2636;0.6276;0.60;7;1;287
2019-01-21;2019-01-23;0.2631;0.2631;0.5129;0.97;7;0;288
2017-08-31;2017-09-04;0.2630;0.2630;0.5795;0.60;-8;1;288
2023-04-19;2023-04-21;0.2628;0.2628;0.5352;0.60;-12;1;288
2021-05-27;2021-05-31;0.2616;0.2620;0.5480;0.60;12;0;287
2020-12-07;2020-12-09;0.2615;0.2615;0.5707;0.60;12;0;288
2020-10-06;2020-10-08;0.2615;0.2615;0.5799;0.60;-5;0;288
2023-08-24;2023-08-28;0.2611;0.2611;0.7540;0.60;-2;0;288
2023-07-13;2023-07-17;0.2608;0.2608;0.6340;0.60;-12;1;288
2018-08-28;2018-08-30;0.2608;0.2608;0.5996;0.60;-12;0;288
2012-12-21;2012-12-25;0.2594;0.3186;0.6109;0.60;-2;0;191
2015-11-16;2015-11-18;0.2591;0.2591;0.8915;0.60;-3;0;288
2015-09-14;2015-09-16;0.2591;0.2591;0.8440;0.60;1;0;288
2026-02-18;2026-02-20;0.2570;0.2570;0.8497;0.60;-2;0;288
2021-09-21;2021-09-23;0.2569;0.2569;0.5366;0.60;-1;0;288
2018-09-28;2018-10-02;0.2567;0.2567;0.7673;0.60;-12;0;288
2017-06-28;2017-06-30;0.2562;0.2562;0.8052;0.60;-6;1;288
2014-08-04;2014-08-06;0.2546;0.2546;0.7427;0.60;-12;0;288
2014-01-06;2014-01-08;0.2544;0.2544;0.5889;0.60;6;1;288
2019-09-06;2019-09-10;0.2544;0.2552;0.5052;0.68;4;1;286
2020-11-19;2020-11-23;0.2540;0.2540;0.5994;0.60;-4;1;288
2022-05-02;2022-05-04;0.2534;0.2539;0.5702;0.60;12;0;287
2020-01-07;2020-01-09;0.2526;0.2526;0.6812;0.60;-12;0;288
2017-07-24;2017-07-26;0.2525;0.2525;0.5355;0.60;4;0;288
2026-03-26;2026-03-30;0.2520;0.2538;0.7508;0.60;8;0;284
2017-06-30;2017-07-04;0.2513;0.2513;0.7969;0.60;-12;0;288
2024-12-16;2024-12-18;0.2506;0.2506;0.5013;0.60;4;0;288
2024-01-16;2024-01-18;0.2506;0.2506;0.8241;0.60;8;0;288
2025-07-11;2025-07-15;0.2502;0.2502;0.5229;0.60;12;0;288
2013-12-31;2014-01-02;0.2499;0.3162;0.7364;0.60;11;0;180
2023-05-18;2023-05-22;0.2498;0.2503;0.6146;0.60;-12;1;287
2019-07-11;2019-07-15;0.2497;0.2502;0.5149;0.60;12;1;287
2024-09-20;2024-09-24;0.2487;0.2487;0.6754;0.60;5;0;288
2017-02-23;2017-02-27;0.2482;0.2482;0.5706;0.60;8;1;288
2023-08-02;2023-08-04;0.2477;0.2477;0.6799;0.60;8;0;288
2021-03-30;2021-04-01;0.2476;0.2476;0.6303;0.60;7;0;288
2012-03-29;2012-04-02;0.2476;0.2476;0.7632;0.60;-9;1;288
2018-10-30;2018-11-01;0.2476;0.2476;0.7132;0.60;12;0;288
2024-05-10;2024-05-14;0.2473;0.2473;0.4973;0.63;8;1;288
2019-05-21;2019-05-23;0.2471;0.2471;0.4971;0.67;9;0;288
2024-02-22;2024-02-26;0.2469;0.2469;0.5298;0.60;-12;1;288
2020-12-08;2020-12-10;0.2469;0.2469;0.5717;0.60;3;0;288
2026-05-07;2026-05-11;0.2468;0.2468;0.5439;0.60;7;1;288
2020-06-24;2020-06-26;0.2467;0.2467;0.6833;0.60;-12;0;288
2025-01-21;2025-01-23;0.2459;0.2459;0.6423;0.60;-3;1;288
2018-02-22;2018-02-26;0.2459;0.2459;0.6057;0.60;1;1;288
2026-04-15;2026-04-17;0.2457;0.2457;0.4957;0.60;10;0;288
2025-11-26;2025-11-28;0.2452;0.2452;0.5551;0.60;12;1;288
2012-12-27;2012-12-31;0.2445;0.2593;0.7215;0.60;-8;0;256
2024-06-21;2024-06-25;0.2445;0.2445;0.5898;0.60;-8;1;288
2014-10-16;2014-10-20;0.2439;0.2439;0.7302;0.60;4;0;288
2020-01-13;2020-01-15;0.2431;0.2431;0.4979;0.60;12;1;288
2024-03-12;2024-03-14;0.2429;0.2429;0.4932;0.60;9;1;288
2018-09-21;2018-09-25;0.2417;0.2417;0.5465;0.60;-1;0;288
2023-05-08;2023-05-10;0.2414;0.2414;0.7504;0.60;-10;0;288
2016-09-22;2016-09-26;0.2414;0.2414;0.6926;0.60;5;1;288
2023-10-04;2023-10-06;0.2412;0.2412;0.8602;0.60;4;1;288
2024-07-24;2024-07-26;0.2409;0.2409;0.4908;0.74;-12;1;288
2014-10-24;2014-10-28;0.2404;0.2404;0.7034;0.60;11;1;288
2025-01-27;2025-01-29;0.2403;0.2403;0.8963;0.60;-10;0;288
2017-11-20;2017-11-22;0.2403;0.2403;0.7132;0.60;12;0;288
2023-01-19;2023-01-23;0.2398;0.2398;0.8382;0.60;-8;1;288
2021-05-31;2021-06-02;0.2397;0.2401;0.6408;0.60;12;1;287
2019-05-24;2019-05-28;0.2397;0.2401;0.5575;0.60;-12;0;287
2020-09-14;2020-09-16;0.2381;0.2385;0.5744;0.60;12;1;287
2014-05-05;2014-05-07;0.2370;0.2370;0.6890;0.60;-12;1;288
2012-11-13;2012-11-15;0.2364;0.2364;0.7931;0.60;-12;1;288
2018-05-02;2018-05-04;0.2360;0.2360;0.5886;0.60;0;0;288
2021-01-01;2021-01-05;0.2359;0.2983;0.6831;0.60;9;1;180
2019-06-03;2019-06-05;0.2352;0.2352;0.8732;0.60;-4;1;288
2022-02-16;2022-02-18;0.2349;0.2349;0.5552;0.60;-12;0;288
2019-11-25;2019-11-27;0.2338;0.2338;0.4989;0.60;12;0;288
2019-04-09;2019-04-11;0.2331;0.2331;0.4828;0.79;6;1;288
2020-12-31;2021-01-04;0.2328;0.2945;0.6754;0.60;3;0;180
2014-10-23;2014-10-27;0.2321;0.2321;0.6986;0.60;-12;1;288
2023-08-25;2023-08-29;0.2320;0.2320;0.5507;0.60;3;1;288
2019-06-10;2019-06-12;0.2319;0.2319;0.4909;0.60;-1;1;288
2016-04-01;2016-04-05;0.2304;0.2304;0.5098;0.60;-12;0;288
2020-10-09;2020-10-13;0.2304;0.2304;0.7229;0.60;12;1;288
2020-10-08;2020-10-12;0.2304;0.2304;0.7229;0.60;-12;1;288
2017-12-01;2017-12-05;0.2303;0.2303;0.7051;0.60;7;0;288
2024-04-26;2024-04-30;0.2301;0.2301;0.5061;0.60;3;0;288
2016-02-23;2016-02-25;0.2295;0.2295;0.5165;0.60;7;0;288
2012-10-25;2012-10-29;0.2293;0.2293;0.7382;0.60;-12;0;288
2025-02-13;2025-02-17;0.2291;0.2291;0.8195;0.60;-6;1;288
2024-04-25;2024-04-29;0.2283;0.2283;0.5354;0.60;12;1;288
2015-10-29;2015-11-02;0.2277;0.2277;0.7593;0.60;-12;1;288
2015-10-30;2015-11-03;0.2277;0.2277;0.7593;0.60;12;1;288
2013-10-09;2013-10-11;0.2277;0.2277;0.6500;0.60;-12;1;288
2018-04-16;2018-04-18;0.2272;0.2272;0.5570;0.60;-2;1;288
2024-02-08;2024-02-12;0.2271;0.2271;0.4765;0.60;-5;1;288
2019-02-13;2019-02-15;0.2261;0.2261;0.6817;0.60;0;0;288
2022-09-14;2022-09-16;0.2244;0.2244;0.4799;0.60;5;1;288
2014-05-12;2014-05-14;0.2241;0.2241;0.7455;0.60;1;0;288
2024-05-15;2024-05-17;0.2241;0.2241;0.6507;0.60;-1;1;288
2019-12-03;2019-12-05;0.2234;0.2234;0.4817;0.60;-12;1;288
2020-10-15;2020-10-19;0.2234;0.2238;0.6149;0.60;12;0;287
2024-05-23;2024-05-27;0.2226;0.2226;0.5464;0.60;5;1;288
2021-06-01;2021-06-03;0.2225;0.2225;0.5672;0.60;8;0;288
2024-09-06;2024-09-10;0.2225;0.2225;0.7734;0.60;-12;0;288
2016-09-12;2016-09-14;0.2213;0.2213;0.4719;0.60;2;0;288
2018-06-19;2018-06-21;0.2212;0.2212;0.7483;0.60;7;0;288
2024-10-28;2024-10-30;0.2211;0.2211;0.5099;0.60;5;1;288
2013-04-11;2013-04-15;0.2208;0.2208;0.7070;0.60;-12;0;288
2024-06-28;2024-07-02;0.2201;0.2201;0.5905;0.60;-8;1;288
2024-07-10;2024-07-12;0.2198;0.2198;0.7170;0.60;10;1;288
2017-02-24;2017-02-28;0.2194;0.2194;0.4864;0.60;8;1;288
2021-07-21;2021-07-23;0.2191;0.2199;0.4835;0.60;-12;0;286
2020-02-19;2020-02-21;0.2190;0.2190;0.4679;0.67;12;0;288
2018-12-27;2018-12-31;0.2189;0.2313;0.7081;0.60;-4;1;258
2022-01-03;2022-01-05;0.2188;0.2188;0.7018;0.60;-2;0;288
2016-04-15;2016-04-19;0.2186;0.2186;0.7391;0.60;8;1;288
2025-12-26;2025-12-30;0.2185;0.2494;0.5016;0.60;9;0;221
2017-03-01;2017-03-03;0.2182;0.2182;0.8854;0.60;12;0;288
2017-02-28;2017-03-02;0.2182;0.2182;0.8854;0.60;-12;0;288
2018-07-04;2018-07-06;0.2177;0.2177;0.6189;0.60;12;1;288
2021-09-20;2021-09-22;0.2169;0.2176;0.4665;0.71;1;1;286
2019-06-12;2019-06-14;0.2162;0.2162;0.7009;0.60;8;0;288
2023-01-16;2023-01-18;0.2160;0.2160;0.6438;0.60;3;0;288
2021-11-23;2021-11-25;0.2159;0.2159;0.6175;0.60;2;0;288
2019-06-17;2019-06-19;0.2144;0.2148;0.5116;0.60;5;0;287
2014-03-20;2014-03-24;0.2140;0.2155;0.6285;0.60;3;0;284
2018-07-18;2018-07-20;0.2138;0.2138;0.6588;0.60;9;0;288
2026-04-02;2026-04-06;0.2136;0.2140;0.6896;0.60;5;0;287
2017-11-28;2017-11-30;0.2128;0.2128;0.7049;0.60;5;0;288
2021-10-08;2021-10-12;0.2128;0.2136;0.5044;0.60;-12;0;286
2026-05-20;2026-05-22;0.2120;0.2120;0.4848;0.60;-3;1;288
2025-07-09;2025-07-11;0.2116;0.2116;0.5869;0.60;4;0;288
2022-01-04;2022-01-06;0.2114;0.2114;0.4986;0.60;7;1;288
2020-02-14;2020-02-18;0.2107;0.2107;0.5756;0.60;-12;0;288
2016-12-23;2016-12-27;0.2106;0.2196;0.4686;0.90;6;1;265
2015-06-23;2015-06-25;0.2105;0.2105;0.5155;0.60;-12;1;288
2024-04-15;2024-04-17;0.2104;0.2104;0.5082;0.60;2;0;288
2019-04-25;2019-04-29;0.2103;0.2106;0.6100;0.60;-12;1;287
2019-04-26;2019-04-30;0.2103;0.2106;0.6100;0.60;12;1;287
2017-12-11;2017-12-13;0.2098;0.2098;0.6148;0.60;2;0;288
2012-12-24;2012-12-26;0.2089;0.2565;0.5456;0.60;8;1;191
2012-07-16;2012-07-18;0.2084;0.2084;0.7778;0.60;-5;1;288
2022-01-05;2022-01-07;0.2081;0.2081;0.4875;0.60;8;1;288
2013-08-15;2013-08-19;0.2080;0.2080;0.7756;0.60;-7;1;288
2025-01-15;2025-01-17;0.2076;0.2076;0.4566;0.60;-7;0;288
2022-04-11;2022-04-13;0.2071;0.2071;0.7664;0.60;-2;0;288
2020-12-29;2020-12-31;0.2066;0.2066;0.8232;0.60;9;1;288
2016-08-01;2016-08-03;0.2060;0.2060;0.6528;0.60;6;1;288
2013-09-19;2013-09-23;0.2057;0.2057;0.5397;0.60;-5;0;288
2016-04-14;2016-04-18;0.2054;0.2054;0.6058;0.60;1;1;288
2016-06-06;2016-06-08;0.2050;0.2050;0.4780;0.60;7;1;288
2020-01-21;2020-01-23;0.2031;0.2031;0.5425;0.60;-7;0;288
2023-01-12;2023-01-16;0.2022;0.2022;0.8421;0.60;-3;1;288
2017-04-27;2017-05-01;0.2018;0.2018;0.5600;0.60;-12;1;288
2018-11-13;2018-11-15;0.2017;0.2017;0.8605;0.60;-4;1;288
2011-12-29;2012-01-02;0.2017;0.2143;0.6079;0.60;-3;1;255
2024-10-15;2024-10-17;0.2016;0.2016;0.6115;0.60;8;0;288
2016-05-19;2016-05-23;0.2014;0.2014;0.4493;0.60;-9;1;288
2024-07-09;2024-07-11;0.2005;0.2005;0.6826;0.60;-12;1;288
2014-03-04;2014-03-06;0.1997;0.1997;0.5008;0.60;12;0;288
2020-09-22;2020-09-24;0.1991;0.1991;0.7879;0.60;-11;0;288
2020-01-31;2020-02-04;0.1990;0.1990;0.5540;0.60;-12;0;288
2019-11-20;2019-11-22;0.1986;0.1986;0.4457;0.61;7;0;288
2014-02-10;2014-02-12;0.1985;0.1985;0.6767;0.60;12;1;288
2022-02-21;2022-02-23;0.1974;0.1974;0.5966;0.60;-2;0;288
2014-07-15;2014-07-17;0.1969;0.1969;0.7247;0.60;-12;0;288
2023-08-17;2023-08-21;0.1962;0.1965;0.4949;0.60;12;0;287
2019-02-18;2019-02-20;0.1961;0.1961;0.6140;0.60;4;1;288
2021-09-14;2021-09-16;0.1953;0.1953;0.4537;0.60;12;1;288
2021-08-02;2021-08-04;0.1947;0.1947;0.4865;0.60;-3;0;288
2021-10-12;2021-10-14;0.1947;0.1947;0.7861;0.60;-12;1;288
2023-07-28;2023-08-01;0.1946;0.1946;0.6168;0.60;-12;0;288
2016-08-04;2016-08-08;0.1936;0.1936;0.7689;0.60;2;0;288
2022-04-05;2022-04-07;0.1932;0.1932;0.8523;0.60;-3;0;288
2021-08-04;2021-08-06;0.1930;0.1930;0.5837;0.60;12;0;288
2024-06-27;2024-07-01;0.1927;0.1927;0.6759;0.60;-7;1;288
2024-08-07;2024-08-09;0.1926;0.1926;0.4389;0.68;7;0;288
2021-07-28;2021-07-30;0.1926;0.1929;0.8149;0.60;-9;1;287
2018-06-22;2018-06-26;0.1925;0.1925;0.8723;0.60;3;1;288
2019-06-14;2019-06-18;0.1920;0.1924;0.7649;0.60;-2;0;287
2021-07-20;2021-07-22;0.1917;0.1917;0.4541;0.60;11;0;288
2018-06-01;2018-06-05;0.1915;0.1918;0.5175;0.60;12;1;287
2018-05-31;2018-06-04;0.1915;0.1918;0.5175;0.60;-12;1;287
2014-03-17;2014-03-19;0.1907;0.1920;0.4657;0.60;4;1;284
2019-11-28;2019-12-02;0.1900;0.1900;0.4359;0.72;8;1;288
2016-10-03;2016-10-05;0.1899;0.1899;0.6446;0.60;8;0;288
2017-07-06;2017-07-10;0.1895;0.1895;0.7423;0.60;0;1;288
2017-08-22;2017-08-24;0.1882;0.1882;0.6169;0.60;-12;1;288
2018-11-20;2018-11-22;0.1879;0.1879;0.7193;0.60;-1;0;288
2024-11-01;2024-11-05;0.1867;0.1867;0.5236;0.60;12;1;288
2021-01-13;2021-01-15;0.1860;0.1860;0.7688;0.60;7;0;288
2016-01-22;2016-01-26;0.1856;0.1856;0.6492;0.60;-12;1;288
2014-08-20;2014-08-22;0.1849;0.1849;0.6545;0.60;8;0;288
2024-10-10;2024-10-14;0.1847;0.1847;0.4582;0.60;-2;0;288
2021-02-02;2021-02-04;0.1843;0.1843;0.7457;0.60;7;0;288
2015-12-29;2015-12-31;0.1840;0.1840;0.7266;0.60;8;0;288
2022-01-06;2022-01-10;0.1822;0.1822;0.6009;0.60;1;1;288
2013-12-03;2013-12-05;0.1812;0.1812;0.6927;0.60;7;1;288
2023-08-18;2023-08-22;0.1808;0.1811;0.4988;0.60;9;1;287
2018-09-04;2018-09-06;0.1806;0.1806;0.7810;0.60;-6;1;288
2025-11-20;2025-11-24;0.1803;0.1803;0.4531;0.60;8;0;288
2018-04-03;2018-04-05;0.1801;0.1801;0.6335;0.60;0;0;288
2014-08-13;2014-08-15;0.1794;0.1794;0.4253;0.60;12;1;288
2022-12-20;2022-12-22;0.1787;0.1787;0.4393;0.60;7;1;288
2016-09-13;2016-09-15;0.1782;0.1782;0.4384;0.60;0;1;288
2022-04-07;2022-04-11;0.1770;0.1770;0.5803;0.60;12;0;288
2023-10-24;2023-10-26;0.1765;0.1765;0.7223;0.60;-12;0;288
2018-10-12;2018-10-16;0.1765;0.1765;0.4708;0.60;-12;1;288
2026-02-02;2026-02-04;0.1765;0.1765;0.6852;0.60;1;0;288
2023-11-15;2023-11-17;0.1732;0.1732;0.4565;0.60;6;0;288
2016-07-12;2016-07-14;0.1724;0.1724;0.6374;0.60;9;1;288
2023-05-09;2023-05-11;0.1721;0.1721;0.7054;0.60;12;0;288
2014-01-14;2014-01-16;0.1714;0.1714;0.7912;0.60;-12;0;288
2016-08-19;2016-08-23;0.1708;0.1708;0.5698;0.60;12;0;288
2016-08-18;2016-08-22;0.1708;0.1708;0.5698;0.60;-12;0;288
2014-07-04;2014-07-08;0.1706;0.1712;0.4805;0.60;12;0;286
2013-07-23;2013-07-25;0.1706;0.1706;0.5313;0.60;12;1;288
2020-01-20;2020-01-22;0.1702;0.1705;0.4129;0.69;0;0;287
2018-01-29;2018-01-31;0.1696;0.1696;0.7716;0.60;-12;1;288
2018-01-30;2018-02-01;0.1696;0.1696;0.7716;0.60;12;1;288
2021-08-26;2021-08-30;0.1690;0.1699;0.6016;0.60;-3;1;285
2015-02-09;2015-02-11;0.1686;0.1686;0.4514;0.60;4;0;288
2021-12-21;2021-12-23;0.1686;0.1686;0.6841;0.60;4;1;288
2012-11-19;2012-11-21;0.1684;0.1684;0.8107;0.60;11;1;288
2014-02-17;2014-02-19;0.1682;0.1682;0.6938;0.60;-4;1;288
2021-06-08;2021-06-10;0.1682;0.1682;0.4101;0.66;-4;0;288
2016-02-16;2016-02-18;0.1675;0.1675;0.6341;0.60;2;0;288
2017-10-23;2017-10-25;0.1672;0.1672;0.5063;0.60;12;0;288
2024-11-19;2024-11-21;0.1671;0.1671;0.7399;0.60;7;0;288
2018-12-18;2018-12-20;0.1667;0.1667;0.7487;0.60;12;1;288
2021-06-11;2021-06-15;0.1662;0.1662;0.7514;0.60;0;0;288
2023-09-12;2023-09-14;0.1659;0.1659;0.4291;0.60;9;0;288
2018-03-30;2018-04-03;0.1646;0.1658;0.4239;0.60;11;1;284
2024-04-04;2024-04-08;0.1643;0.1643;0.4686;0.60;-7;0;288
2019-02-20;2019-02-22;0.1640;0.1640;0.4050;0.82;-10;0;288
2024-03-06;2024-03-08;0.1637;0.1637;0.8909;0.60;-2;1;288
2015-02-24;2015-02-26;0.1628;0.1628;0.5291;0.60;12;1;288
2020-11-26;2020-11-30;0.1624;0.1624;0.7446;0.60;-9;1;288
2024-01-24;2024-01-26;0.1623;0.1623;0.6622;0.60;-7;0;288
2025-12-15;2025-12-17;0.1618;0.1618;0.4746;0.60;-11;0;288
2020-12-22;2020-12-24;0.1614;0.1661;0.5998;0.60;-1;0;272
2016-04-18;2016-04-20;0.1610;0.1610;0.8368;0.60;3;1;288
2011-03-28;2011-03-30;0.1610;0.1610;0.6523;0.60;-3;1;288
2013-10-25;2013-10-29;0.1609;0.1609;0.4966;0.60;4;0;288
2018-03-29;2018-04-02;0.1597;0.1609;0.4195;0.60;-12;1;284
2017-11-08;2017-11-10;0.1596;0.1596;0.7432;0.60;-12;1;288
2024-09-19;2024-09-23;0.1588;0.1588;0.6309;0.60;6;1;288
2020-12-28;2020-12-30;0.1580;0.1580;0.8373;0.60;-12;1;288
2020-07-22;2020-07-24;0.1579;0.1579;0.8334;0.60;3;1;288
2026-04-01;2026-04-03;0.1576;0.1579;0.8342;0.60;-12;0;287
2018-07-30;2018-08-01;0.1572;0.1575;0.6711;0.60;7;1;287
2022-09-16;2022-09-20;0.1567;0.1567;0.5781;0.60;-1;1;288
2017-08-18;2017-08-22;0.1566;0.1569;0.8136;0.60;3;1;287
2022-07-20;2022-07-22;0.1565;0.1565;0.6602;0.60;3;0;288
2025-10-02;2025-10-06;0.1562;0.1562;0.5886;0.60;-4;0;288
2014-09-02;2014-09-04;0.1561;0.1561;0.4097;0.60;10;1;288
2024-04-19;2024-04-23;0.1560;0.1560;0.4480;0.60;5;1;288
2023-05-16;2023-05-18;0.1557;0.1557;0.6374;0.60;10;0;288
2020-10-21;2020-10-23;0.1556;0.1556;0.5794;0.60;-7;0;288
2024-12-02;2024-12-04;0.1542;0.1542;0.4492;0.60;-12;1;288
2025-03-28;2025-04-01;0.1538;0.1549;0.5222;0.60;-1;1;284
2026-06-18;2026-06-22;0.1536;0.1536;0.7005;0.60;1;0;288
2026-06-19;2026-06-23;0.1534;0.1534;0.5477;0.60;12;0;288
2024-02-16;2024-02-20;0.1519;0.1519;0.4036;0.60;12;1;288
2025-12-25;2025-12-29;0.1503;0.1875;0.4451;0.60;-6;0;185
2014-01-28;2014-01-30;0.1499;0.1499;0.4524;0.60;12;0;288
2016-07-22;2016-07-26;0.1498;0.1500;0.6008;0.60;-1;0;287
2015-01-08;2015-01-12;0.1496;0.1496;0.6847;0.60;-5;1;288
2021-04-20;2021-04-22;0.1480;0.1480;0.4785;0.60;2;0;288
2019-09-23;2019-09-25;0.1478;0.1478;0.4376;0.60;8;0;288
2023-06-05;2023-06-07;0.1478;0.1481;0.4656;0.60;8;0;287
2017-09-14;2017-09-18;0.1475;0.1475;0.8001;0.60;5;1;288
2021-01-05;2021-01-07;0.1458;0.1458;0.7536;0.60;10;1;288
2021-06-24;2021-06-28;0.1457;0.1462;0.3830;0.60;5;1;286
2018-02-20;2018-02-22;0.1449;0.1449;0.7141;0.60;-8;0;288
2023-12-19;2023-12-21;0.1446;0.1446;0.5917;0.60;7;1;288
2013-03-11;2013-03-13;0.1445;0.1445;0.5547;0.60;9;1;288
2014-01-17;2014-01-21;0.1441;0.1441;0.7429;0.60;-3;0;288
2013-04-23;2013-04-25;0.1440;0.1440;0.5945;0.60;-11;1;288
2025-12-31;2026-01-02;0.1438;0.1819;0.4460;0.60;12;0;180
2021-10-21;2021-10-25;0.1438;0.1440;0.4409;0.60;6;0;287
2012-04-25;2012-04-27;0.1434;0.1434;0.5489;0.60;12;1;288
2023-08-01;2023-08-03;0.1428;0.1428;0.7214;0.60;3;0;288
2014-05-16;2014-05-20;0.1425;0.1425;0.3789;0.60;0;0;288
2021-05-21;2021-05-25;0.1412;0.1417;0.7740;0.60;-12;1;286
2026-05-04;2026-05-06;0.1399;0.1399;0.6426;0.60;12;0;288
2016-04-07;2016-04-11;0.1399;0.1399;0.5660;0.60;-12;1;288
2025-09-18;2025-09-22;0.1397;0.1397;0.7822;0.60;0;0;288
2021-07-14;2021-07-16;0.1394;0.1399;0.4523;0.60;-12;0;286
2020-07-14;2020-07-16;0.1390;0.1390;0.8135;0.60;3;1;288
2016-01-21;2016-01-25;0.1389;0.1389;0.8712;0.60;0;0;288
2024-12-05;2024-12-09;0.1389;0.1389;0.6777;0.60;6;1;288
2021-12-10;2021-12-14;0.1380;0.1382;0.4360;0.60;12;0;287
2021-01-25;2021-01-27;0.1374;0.1374;0.4864;0.60;12;0;288
2019-01-10;2019-01-14;0.1372;0.1372;0.8943;0.60;0;0;288
2013-09-13;2013-09-17;0.1365;0.1365;0.7722;0.60;-10;1;288
2022-12-27;2022-12-29;0.1364;0.1364;0.4407;0.60;2;0;288
2012-11-16;2012-11-20;0.1358;0.1358;0.8094;0.60;-12;1;288
2023-02-17;2023-02-21;0.1348;0.1348;0.5570;0.60;-1;1;288
2017-10-10;2017-10-12;0.1344;0.1344;0.8130;0.60;-6;1;288
2019-08-07;2019-08-09;0.1340;0.1342;0.3827;0.60;-10;0;287
2020-09-09;2020-09-11;0.1336;0.1338;0.6856;0.60;-12;1;287
2022-08-30;2022-09-01;0.1333;0.1333;0.5186;0.60;8;1;288
2021-10-26;2021-10-28;0.1330;0.1330;0.3652;0.60;12;0;288
2016-02-22;2016-02-24;0.1328;0.1328;0.4829;0.60;-12;0;288
2021-07-29;2021-08-02;0.1328;0.1330;0.7552;0.60;12;1;287
2023-02-21;2023-02-23;0.1316;0.1316;0.7599;0.60;6;0;288
2024-11-29;2024-12-03;0.1315;0.1315;0.7097;0.60;-12;0;288
2023-02-06;2023-02-08;0.1314;0.1314;0.8000;0.60;2;0;288
2023-02-14;2023-02-16;0.1312;0.1312;0.6951;0.60;0;0;288
2016-05-05;2016-05-09;0.1310;0.1310;0.8496;0.60;-1;0;288
2023-01-23;2023-01-25;0.1309;0.1309;0.5996;0.60;12;1;288
2019-05-06;2019-05-08;0.1308;0.1308;0.3624;0.60;-5;1;288
2021-12-24;2021-12-28;0.1308;0.1336;0.3679;0.60;-2;0;276
2023-10-18;2023-10-20;0.1307;0.1307;0.6181;0.60;-12;1;288
2019-08-30;2019-09-03;0.1306;0.1309;0.8133;0.60;-8;0;287
2012-10-02;2012-10-04;0.1296;0.1296;0.4960;0.60;9;1;288
2026-03-24;2026-03-26;0.1293;0.1293;0.5778;0.60;9;0;288
2019-10-25;2019-10-29;0.1285;0.1285;0.3963;0.60;0;0;288
2013-04-24;2013-04-26;0.1284;0.1284;0.5866;0.60;12;1;288
2016-01-26;2016-01-28;0.1278;0.1278;0.6500;0.60;12;1;288
2024-09-03;2024-09-05;0.1275;0.1275;0.7372;0.60;-12;1;288
2023-05-15;2023-05-17;0.1272;0.1272;0.5961;0.60;-12;0;288
2021-08-25;2021-08-27;0.1262;0.1262;0.3880;0.60;5;1;288
2022-06-06;2022-06-08;0.1258;0.1260;0.5834;0.60;11;0;287
2019-02-05;2019-02-07;0.1252;0.1252;0.7992;0.60;-12;0;288
2017-11-10;2017-11-14;0.1247;0.1247;0.5050;0.60;12;1;288
2021-02-12;2021-02-16;0.1246;0.1249;0.4510;0.60;-2;1;287
2023-06-23;2023-06-27;0.1242;0.1242;0.7592;0.60;-12;1;288
2018-02-08;2018-02-12;0.1242;0.1242;0.4416;0.60;5;0;288
2019-08-08;2019-08-12;0.1240;0.1242;0.3787;0.60;12;0;287
2020-01-22;2020-01-24;0.1238;0.1238;0.7073;0.60;-12;0;288
2025-02-07;2025-02-11;0.1237;0.1237;0.8248;0.60;-1;0;288
2024-12-20;2024-12-24;0.1226;0.1377;0.4998;0.60;-12;0;228
2019-01-07;2019-01-09;0.1210;0.1210;0.6586;0.60;7;1;288
2017-12-28;2018-01-01;0.1209;0.1384;0.9138;0.60;7;1;220
2024-04-12;2024-04-16;0.1208;0.1208;0.4901;0.60;-10;0;288
2022-07-27;2022-07-29;0.1207;0.1207;0.8442;0.60;-6;1;288
2025-03-11;2025-03-13;0.1206;0.1206;0.7498;0.60;-12;0;288
2023-06-28;2023-06-30;0.1205;0.1205;0.8548;0.60;-2;0;288
2020-04-22;2020-04-24;0.1199;0.1201;0.8523;0.60;-5;0;287
2017-08-10;2017-08-14;0.1196;0.1196;0.8802;0.60;-2;1;288
2019-02-15;2019-02-19;0.1192;0.1192;0.4888;0.60;12;1;288
2020-11-27;2020-12-01;0.1189;0.1189;0.7367;0.60;12;1;288
2025-05-05;2025-05-07;0.1189;0.1189;0.5830;0.60;6;1;288
2025-11-24;2025-11-26;0.1185;0.1185;0.7603;0.60;5;1;288
2021-02-11;2021-02-15;0.1184;0.1186;0.3621;0.60;12;0;287
2017-02-01;2017-02-03;0.1176;0.1176;0.5632;0.60;0;0;288
2023-08-04;2023-08-08;0.1176;0.1176;0.6541;0.60;-12;0;288
2014-07-09;2014-07-11;0.1170;0.1170;0.4919;0.60;-12;0;288
2021-08-19;2021-08-23;0.1169;0.1173;0.4716;0.60;12;0;286
2016-09-07;2016-09-09;0.1168;0.1168;0.5354;0.60;8;1;288
2019-07-09;2019-07-11;0.1159;0.1159;0.7439;0.60;-12;1;288
2022-03-18;2022-03-22;0.1159;0.1167;0.6733;0.60;-5;0;284
2023-02-22;2023-02-24;0.1158;0.1158;0.7591;0.60;7;0;288
2022-03-21;2022-03-23;0.1150;0.1150;0.5719;0.60;-5;0;288
2016-06-29;2016-07-01;0.1147;0.1147;0.6129;0.60;12;1;288
2016-06-28;2016-06-30;0.1147;0.1147;0.6129;0.60;-12;1;288
2019-08-20;2019-08-22;0.1145;0.1145;0.3648;0.60;-12;0;288
2018-07-09;2018-07-11;0.1145;0.1145;0.5112;0.60;5;0;288
2026-03-25;2026-03-27;0.1144;0.1144;0.8386;0.60;4;0;288
2023-05-30;2023-06-01;0.1134;0.1134;0.5980;0.60;10;0;288
2014-02-18;2014-02-20;0.1108;0.1108;0.6014;0.60;-12;0;288
2017-06-05;2017-06-07;0.1107;0.1107;0.3936;0.60;8;0;288
2024-06-05;2024-06-07;0.1101;0.1101;0.3427;0.60;12;1;288
2020-06-05;2020-06-09;0.1098;0.1098;0.6603;0.60;6;0;288
2021-07-01;2021-07-05;0.1088;0.1091;0.4251;0.60;12;0;286
2017-10-04;2017-10-06;0.1083;0.1083;0.7424;0.60;-1;0;288
2019-09-05;2019-09-09;0.1075;0.1079;0.3673;0.60;-7;0;286
2017-05-08;2017-05-10;0.1069;0.1069;0.7367;0.60;-12;0;288
2025-10-16;2025-10-20;0.1068;0.1068;0.6711;0.60;12;1;288
2019-12-05;2019-12-09;0.1057;0.1057;0.5537;0.60;-12;0;288
2012-03-27;2012-03-29;0.1054;0.1054;0.5975;0.60;6;0;288
2015-11-24;2015-11-26;0.1044;0.1044;0.6048;0.60;-12;0;288
2019-08-13;2019-08-15;0.1044;0.1044;0.7350;0.60;8;0;288
2014-06-18;2014-06-20;0.1042;0.1042;0.5975;0.60;-9;1;288
2021-11-24;2021-11-26;0.1037;0.1037;0.5645;0.60;12;0;288
2021-01-19;2021-01-21;0.1035;0.1035;0.6769;0.60;12;1;288
2022-07-13;2022-07-15;0.1034;0.1034;0.5347;0.60;12;0;288
2022-07-12;2022-07-14;0.1034;0.1034;0.5347;0.60;-12;0;288
2021-10-22;2021-10-26;0.1031;0.1033;0.5693;0.60;-12;0;287
2021-07-02;2021-07-06;0.1031;0.1035;0.4360;0.60;6;1;286
2020-05-12;2020-05-14;0.1027;0.1027;0.6910;0.60;-12;0;288
2020-05-21;2020-05-25;0.1022;0.1024;0.8128;0.60;-10;0;287
2015-12-28;2015-12-30;0.1013;0.1013;0.6760;0.60;0;0;288
2017-10-02;2017-10-04;0.1013;0.1013;0.4781;0.60;-12;1;288
2018-11-05;2018-11-07;0.1006;0.1006;0.7814;0.60;-9;1;288
2020-02-20;2020-02-24;0.1002;0.1002;0.5887;0.60;5;1;288
2021-07-09;2021-07-13;0.0999;0.1001;0.4204;0.60;12;1;287
2021-08-06;2021-08-10;0.0983;0.0986;0.6548;0.60;-12;0;286
2025-03-06;2025-03-10;0.0978;0.0978;0.7550;0.60;7;1;288
2025-08-06;2025-08-08;0.0978;0.0978;0.7576;0.60;-5;1;288
2024-09-02;2024-09-04;0.0973;0.0973;0.3766;0.60;12;0;288
2014-12-22;2014-12-24;0.0965;0.1008;0.8121;0.60;-3;0;264
2025-04-23;2025-04-25;0.0961;0.0961;0.6206;0.60;-3;0;288
2018-04-04;2018-04-06;0.0957;0.0957;0.5694;0.60;-3;0;288
2025-08-29;2025-09-02;0.0938;0.0940;0.5585;0.60;12;1;287
2019-08-12;2019-08-14;0.0937;0.0938;0.4696;0.60;7;0;287
2011-04-29;2011-05-03;0.0931;0.0933;0.6487;0.60;-6;0;287
2012-11-12;2012-11-14;0.0930;0.0930;0.4168;0.60;12;0;288
2020-09-03;2020-09-07;0.0925;0.0925;0.4472;0.60;-12;0;288
2024-04-17;2024-04-19;0.0914;0.0914;0.5651;0.60;12;1;288
2024-03-29;2024-04-02;0.0901;0.0908;0.6137;0.60;-3;0;284
2016-02-18;2016-02-22;0.0899;0.0899;0.4731;0.60;12;0;288
2024-11-13;2024-11-15;0.0898;0.0898;0.7752;0.60;-6;0;288
2024-01-15;2024-01-17;0.0892;0.0892;0.8298;0.60;-12;0;288
2012-08-29;2012-08-31;0.0890;0.0890;0.5767;0.60;10;0;288
2015-01-12;2015-01-14;0.0888;0.0888;0.8587;0.60;5;0;288
2014-09-10;2014-09-12;0.0878;0.0878;0.4941;0.60;-12;1;288
2019-11-19;2019-11-21;0.0876;0.0876;0.3060;0.60;-12;0;288
2021-08-12;2021-08-16;0.0875;0.0880;0.6929;0.60;0;1;285
2024-08-26;2024-08-28;0.0874;0.0874;0.4856;0.60;7;0;288
2023-01-25;2023-01-27;0.0865;0.0865;0.5278;0.60;-12;0;288
2021-12-08;2021-12-10;0.0858;0.0859;0.5800;0.60;-12;0;287
2026-01-09;2026-01-13;0.0858;0.0858;0.4572;0.60;-11;1;288
2020-01-29;2020-01-31;0.0850;0.0850;0.3460;0.60;12;1;288
2016-06-07;2016-06-09;0.0846;0.0846;0.5336;0.60;9;1;288
2017-02-02;2017-02-06;0.0843;0.0843;0.6912;0.60;-6;0;288
2026-04-21;2026-04-23;0.0842;0.0842;0.8360;0.60;-1;0;288
2018-11-06;2018-11-08;0.0841;0.0841;0.7445;0.60;12;1;288
2014-11-26;2014-11-28;0.0840;0.0842;0.6663;0.60;-12;0;287
2023-10-03;2023-10-05;0.0838;0.0838;0.6132;0.60;4;1;288
2026-02-03;2026-02-05;0.0835;0.0835;0.4167;0.60;-12;0;288
2014-07-23;2014-07-25;0.0834;0.0834;0.4579;0.60;-12;0;288
2018-01-18;2018-01-22;0.0833;0.0833;0.6071;0.60;3;1;288
2016-05-20;2016-05-24;0.0831;0.0831;0.3359;0.60;12;1;288
2013-04-08;2013-04-10;0.0831;0.0831;0.7796;0.60;-12;1;288
2013-04-09;2013-04-11;0.0831;0.0831;0.7796;0.60;12;1;288
2025-12-01;2025-12-03;0.0823;0.0823;0.5269;0.60;12;1;288
2015-12-31;2016-01-04;0.0817;0.1034;0.7203;0.60;7;0;180
2024-01-03;2024-01-05;0.0814;0.0818;0.4346;0.60;-12;1;285
2021-01-04;2021-01-06;0.0813;0.0813;0.7210;0.60;-12;1;288
2017-09-18;2017-09-20;0.0812;0.0812;0.6855;0.60;3;1;288
2024-10-07;2024-10-09;0.0811;0.0811;0.4801;0.60;-12;0;288
2025-06-05;2025-06-09;0.0803;0.0803;0.5055;0.60;-12;0;288
2021-09-15;2021-09-17;0.0802;0.0802;0.6530;0.60;8;0;288
2024-10-29;2024-10-31;0.0795;0.0795;0.7472;0.60;-12;1;288
2013-10-18;2013-10-22;0.0779;0.0779;0.2997;0.60;9;1;288
2026-05-26;2026-05-28;0.0772;0.0772;0.3712;0.60;6;0;288
2021-12-29;2021-12-31;0.0768;0.0785;0.5524;0.60;0;1;276
2017-03-17;2017-03-21;0.0763;0.0768;0.7362;0.60;-12;1;284
2020-10-20;2020-10-22;0.0760;0.0760;0.8654;0.60;3;1;288
2019-07-12;2019-07-16;0.0757;0.0758;0.2969;0.60;12;1;287
2017-01-20;2017-01-24;0.0755;0.0755;0.9147;0.60;-6;1;288
2020-04-09;2020-04-13;0.0753;0.0756;0.7840;0.60;-1;1;286
2024-01-08;2024-01-10;0.0753;0.0757;0.3547;0.60;8;0;285
2015-12-11;2015-12-15;0.0752;0.0752;0.7967;0.60;6;1;288
2017-09-28;2017-10-02;0.0750;0.0750;0.6982;0.60;6;1;288
2017-06-07;2017-06-09;0.0743;0.0743;0.7333;0.60;-12;0;288
2012-08-24;2012-08-28;0.0740;0.0740;0.7090;0.60;11;0;288
2014-08-19;2014-08-21;0.0740;0.0740;0.6979;0.60;-12;0;288
2016-08-24;2016-08-26;0.0731;0.0731;0.4443;0.60;6;0;288
2013-06-27;2013-07-01;0.0730;0.0730;0.4983;0.60;11;1;288
2018-07-12;2018-07-16;0.0728;0.0728;0.6166;0.60;12;0;288
2020-12-17;2020-12-21;0.0726;0.0728;0.6974;0.60;-12;0;287
2020-12-18;2020-12-22;0.0726;0.0728;0.6974;0.60;12;0;287
2025-10-30;2025-11-03;0.0723;0.0728;0.6961;0.60;-12;0;284
2022-12-14;2022-12-16;0.0711;0.0711;0.6163;0.60;-12;0;288
2019-09-18;2019-09-20;0.0710;0.0710;0.4317;0.60;5;0;288
2021-06-23;2021-06-25;0.0705;0.0705;0.3019;0.60;4;1;288
2025-10-17;2025-10-21;0.0702;0.0702;0.8052;0.60;2;0;288
2012-08-31;2012-09-04;0.0699;0.0699;0.8469;0.60;1;1;288
2021-02-01;2021-02-03;0.0698;0.0698;0.6763;0.60;-12;0;288
2022-04-18;2022-04-20;0.0694;0.0697;0.3916;0.60;12;0;285
2013-06-26;2013-06-28;0.0688;0.0688;0.4958;0.60;-12;1;288
2022-02-08;2022-02-10;0.0687;0.0687;0.3011;0.60;12;0;288
2019-05-30;2019-06-03;0.0679;0.0679;0.5290;0.60;8;1;288
2013-07-16;2013-07-18;0.0676;0.0676;0.5617;0.60;-12;0;288
2014-05-23;2014-05-27;0.0672;0.0672;0.3516;0.60;-9;1;288
2026-05-14;2026-05-18;0.0664;0.0664;0.7965;0.60;-6;0;288
2013-09-30;2013-10-02;0.0663;0.0663;0.5183;0.60;7;1;288
2018-07-06;2018-07-10;0.0662;0.0662;0.7836;0.60;10;1;288
2013-04-22;2013-04-24;0.0635;0.0635;0.8002;0.60;5;0;288
2013-08-07;2013-08-09;0.0632;0.0632;0.8579;0.60;-1;1;288
2019-04-01;2019-04-03;0.0627;0.0633;0.4217;0.60;12;0;283
2023-06-02;2023-06-06;0.0626;0.0627;0.7276;0.60;-4;0;287
2019-10-04;2019-10-08;0.0624;0.0624;0.2531;0.60;8;1;288
2013-11-29;2013-12-03;0.0610;0.0610;0.7679;0.60;4;0;288
2021-08-13;2021-08-17;0.0605;0.0608;0.6238;0.60;9;1;285
2021-10-15;2021-10-19;0.0585;0.0586;0.6521;0.60;-12;1;287
2021-04-09;2021-04-13;0.0584;0.0586;0.3175;0.60;9;0;286
2022-05-06;2022-05-10;0.0582;0.0582;0.5572;0.60;4;1;288
2024-07-01;2024-07-03;0.0579;0.0579;0.4541;0.60;12;1;288
2018-04-09;2018-04-11;0.0579;0.0579;0.7316;0.60;-12;1;288
2012-08-23;2012-08-27;0.0575;0.0575;0.7078;0.60;-12;0;288
2018-05-18;2018-05-22;0.0569;0.0570;0.5612;0.60;12;0;287
2012-10-29;2012-10-31;0.0565;0.0565;0.8159;0.60;-12;1;288
2019-07-19;2019-07-23;0.0562;0.0562;0.6961;0.60;7;0;288
2013-03-01;2013-03-05;0.0556;0.0556;0.6943;0.60;4;0;288
2014-06-16;2014-06-18;0.0549;0.0549;0.4156;0.60;0;1;288
2013-09-16;2013-09-18;0.0545;0.0545;0.7031;0.60;12;1;288
2025-07-08;2025-07-10;0.0538;0.0538;0.4482;0.60;1;0;288
2018-09-03;2018-09-05;0.0518;0.0518;0.5591;0.60;9;0;288
2018-08-27;2018-08-29;0.0507;0.0508;0.8156;0.60;0;1;287
2014-07-21;2014-07-23;0.0506;0.0506;0.7323;0.60;-12;0;288
2024-11-18;2024-11-20;0.0505;0.0505;0.6139;0.60;7;1;288
2014-05-26;2014-05-28;0.0498;0.0498;0.5797;0.60;-12;0;288
2020-12-03;2020-12-07;0.0493;0.0493;0.5868;0.60;8;1;288
2016-12-19;2016-12-21;0.0484;0.0484;0.7384;0.60;4;0;288
2019-09-17;2019-09-19;0.0483;0.0483;0.5730;0.60;-1;1;288
2017-10-31;2017-11-02;0.0480;0.0480;0.3627;0.60;-6;1;288
2018-11-29;2018-12-03;0.0480;0.0480;0.6086;0.60;3;0;288
2012-02-20;2012-02-22;0.0468;0.0468;0.4544;0.60;0;1;288
2021-11-16;2021-11-18;0.0466;0.0466;0.6777;0.60;3;0;288
2015-11-30;2015-12-02;0.0454;0.0454;0.5468;0.60;1;1;288
2012-03-30;2012-04-03;0.0454;0.0454;0.6909;0.60;12;1;288
2019-09-26;2019-09-30;0.0449;0.0449;0.3958;0.60;6;0;287
2019-06-06;2019-06-10;0.0447;0.0448;0.9181;0.60;0;1;287
2017-04-18;2017-04-20;0.0440;0.0440;0.5367;0.60;-12;1;288
2017-04-19;2017-04-21;0.0440;0.0440;0.5367;0.60;12;1;288
2025-11-27;2025-12-01;0.0438;0.0438;0.4498;0.60;-12;1;288
2012-03-19;2012-03-21;0.0435;0.0435;0.8635;0.60;-3;1;288
2019-03-22;2019-03-26;0.0435;0.0438;0.7527;0.60;5;0;284
2012-12-20;2012-12-24;0.0434;0.0455;0.6680;0.60;-6;0;263
2023-05-29;2023-05-31;0.0434;0.0434;0.5704;0.60;-12;0;288
2023-01-17;2023-01-19;0.0433;0.0433;0.5389;0.60;-2;0;288
2013-06-13;2013-06-17;0.0426;0.0426;0.4123;0.60;4;0;288
2020-05-22;2020-05-26;0.0423;0.0423;0.7713;0.60;12;0;287
2014-12-18;2014-12-22;0.0419;0.0419;0.9118;0.60;0;0;288
2017-11-29;2017-12-01;0.0415;0.0415;0.7031;0.60;-2;1;288
2021-01-27;2021-01-29;0.0414;0.0414;0.4212;0.60;-12;1;288
2024-09-17;2024-09-19;0.0414;0.0414;0.5368;0.60;-12;1;288
2018-05-04;2018-05-08;0.0408;0.0408;0.7467;0.60;11;0;288
2020-06-29;2020-07-01;0.0405;0.0405;0.4524;0.60;-6;0;288
2020-08-12;2020-08-14;0.0399;0.0399;0.6371;0.60;-12;1;288
2023-10-26;2023-10-30;0.0397;0.0397;0.3455;0.60;12;0;288
2016-03-11;2016-03-15;0.0392;0.0392;0.6465;0.60;-12;0;288
2014-07-17;2014-07-21;0.0378;0.0378;0.2066;0.60;1;0;288
2017-10-18;2017-10-20;0.0374;0.0374;0.7482;0.60;0;1;288
2024-11-22;2024-11-26;0.0363;0.0363;0.7994;0.60;-10;1;288
2017-08-08;2017-08-10;0.0362;0.0362;0.7648;0.60;-1;0;288
2017-11-07;2017-11-09;0.0359;0.0359;0.6415;0.60;-8;1;288
2023-02-15;2023-02-17;0.0356;0.0356;0.7313;0.60;-2;0;288
2025-11-05;2025-11-07;0.0353;0.0353;0.6473;0.60;11;1;288
2018-12-04;2018-12-06;0.0350;0.0350;0.5793;0.60;-2;0;288
2018-12-10;2018-12-12;0.0344;0.0344;0.9376;0.60;0;0;288
2014-06-12;2014-06-16;0.0338;0.0338;0.3256;0.60;12;1;288
2023-07-17;2023-07-19;0.0338;0.0338;0.4375;0.60;-12;0;288
2012-07-02;2012-07-04;0.0319;0.0319;0.7469;0.60;10;0;288
2013-10-08;2013-10-10;0.0316;0.0316;0.7377;0.60;-11;0;288
2024-05-17;2024-05-21;0.0309;0.0309;0.2595;0.60;-4;1;288
2019-06-11;2019-06-13;0.0307;0.0307;0.5809;0.60;-12;0;288
2017-10-11;2017-10-13;0.0307;0.0307;0.6410;0.60;12;1;288
2014-12-30;2015-01-01;0.0295;0.0331;0.5152;0.60;12;0;228
2011-08-23;2011-08-25;0.0291;0.0291;0.7476;0.60;7;1;288
2017-11-02;2017-11-06;0.0285;0.0285;0.6862;0.60;-11;0;288
2023-12-06;2023-12-08;0.0279;0.0279;0.3599;0.60;-8;0;288
2013-10-17;2013-10-21;0.0265;0.0265;0.3216;0.60;-12;1;288
2018-06-08;2018-06-12;0.0260;0.0260;0.4412;0.60;5;0;288
2015-11-09;2015-11-11;0.0256;0.0256;0.5331;0.60;1;0;288
2025-11-18;2025-11-20;0.0255;0.0255;0.7921;0.60;-2;0;288
2014-06-03;2014-06-05;0.0243;0.0243;0.2928;0.60;10;1;288
2020-12-02;2020-12-04;0.0242;0.0242;0.8096;0.60;-8;1;288
2013-03-04;2013-03-06;0.0242;0.0242;0.5365;0.60;12;1;288
2018-04-17;2018-04-19;0.0241;0.0241;0.3176;0.60;2;0;288
2018-05-08;2018-05-10;0.0235;0.0235;0.7574;0.60;9;0;288
2014-06-25;2014-06-27;0.0234;0.0234;0.3546;0.60;-1;1;287
2017-11-27;2017-11-29;0.0232;0.0232;0.8672;0.60;-4;0;288
2018-10-10;2018-10-12;0.0229;0.0229;0.8498;0.60;-4;1;288
2014-02-04;2014-02-06;0.0220;0.0220;0.2523;0.60;8;1;288
2021-11-02;2021-11-04;0.0216;0.0216;0.5478;0.60;-12;0;288
2017-02-08;2017-02-10;0.0215;0.0215;0.6625;0.60;-12;0;288
2016-04-05;2016-04-07;0.0214;0.0214;0.4582;0.60;-3;1;288
2018-05-01;2018-05-03;0.0202;0.0202;0.8678;0.60;-2;0;288
2023-02-13;2023-02-15;0.0202;0.0202;0.7426;0.60;9;1;288
2021-12-15;2021-12-17;0.0201;0.0201;0.7342;0.60;6;1;288
2017-06-29;2017-07-03;0.0194;0.0194;0.6298;0.60;12;1;288
2016-08-10;2016-08-12;0.0171;0.0171;0.3934;0.60;-9;0;288
2016-10-14;2016-10-18;0.0166;0.0166;0.6315;0.60;8;0;288
2014-05-30;2014-06-03;0.0159;0.0159;0.3341;0.60;-12;0;288
2014-06-02;2014-06-04;0.0159;0.0159;0.3341;0.60;12;0;288
2014-08-06;2014-08-08;0.0157;0.0157;0.5267;0.60;-9;1;288
2018-05-11;2018-05-15;0.0154;0.0154;0.6561;0.60;11;1;288
2022-12-05;2022-12-07;0.0151;0.0151;0.8826;0.60;-2;0;288
2013-08-26;2013-08-28;0.0148;0.0148;0.3199;0.60;9;0;288
2015-01-29;2015-02-02;0.0147;0.0147;0.3985;0.60;-11;1;288
2019-01-29;2019-01-31;0.0134;0.0134;0.7004;0.60;-6;1;288
2022-03-14;2022-03-16;0.0125;0.0125;0.6971;0.60;8;1;288
2012-08-28;2012-08-30;0.0115;0.0115;0.5289;0.60;-12;0;288
2016-09-08;2016-09-12;0.0113;0.0113;0.5543;0.60;-3;0;288
2021-09-16;2021-09-20;0.0113;0.0114;0.6052;0.60;-12;0;286
2018-05-03;2018-05-07;0.0110;0.0110;0.7173;0.60;-12;0;288
2026-07-13;2026-07-15;0.0088;0.0088;0.4881;0.60;5;1;288
2025-01-16;2025-01-20;0.0086;0.0086;0.2677;0.60;12;0;288
2014-11-11;2014-11-13;0.0086;0.0086;0.5485;0.60;-4;1;288
2026-07-15;2026-07-17;0.0085;0.0085;0.4538;0.60;11;1;288
2024-07-31;2024-08-02;0.0084;0.0084;0.4116;0.60;10;0;288
2026-06-10;2026-06-12;0.0083;0.0083;0.4328;0.60;0;1;288
2025-09-22;2025-09-24;0.0083;0.0083;0.7137;0.60;6;1;288
2019-08-05;2019-08-07;0.0081;0.0081;0.7490;0.60;-4;1;288
2012-05-16;2012-05-18;0.0077;0.0077;0.5627;0.60;5;0;288
2015-01-30;2015-02-03;0.0072;0.0072;0.3883;0.60;12;1;288
2022-08-29;2022-08-31;0.0072;0.0072;0.8758;0.60;4;1;288
2025-02-24;2025-02-26;0.0069;0.0069;0.5129;0.60;12;1;288
2021-04-23;2021-04-27;0.0064;0.0064;0.5873;0.60;-3;1;287
2019-01-25;2019-01-29;0.0063;0.0063;0.5965;0.60;-12;1;288
2026-05-15;2026-05-19;0.0058;0.0058;0.6148;0.60;12;0;288
2026-07-09;2026-07-13;0.0057;0.0057;0.5039;0.60;-4;0;288
2023-12-01;2023-12-05;0.0054;0.0054;0.7924;0.60;5;0;288
2019-01-04;2019-01-08;0.0049;0.0049;0.7249;0.60;0;1;288
2016-03-17;2016-03-21;0.0047;0.0048;0.7385;0.60;-11;0;284
2025-07-03;2025-07-07;0.0037;0.0037;0.5433;0.60;5;0;288
2024-09-12;2024-09-16;0.0033;0.0033;0.8277;0.60;-12;1;288
2026-03-16;2026-03-18;0.0027;0.0027;0.8969;0.60;1;1;284
2020-05-08;2020-05-12;0.0025;0.0025;0.4463;0.60;4;0;288
2026-06-03;2026-06-05;0.0023;0.0023;0.3539;0.60;12;0;288
2017-02-21;2017-02-23;0.0020;0.0020;0.8417;0.60;10;0;288
2021-02-03;2021-02-05;0.0018;0.0018;0.7729;0.60;6;0;288
2022-12-28;2022-12-30;0.0017;0.0017;0.4545;0.60;6;1;288
2012-06-26;2012-06-28;0.0011;0.0011;0.5678;0.60;6;0;288
2024-09-05;2024-09-09;-0.0010;-0.0010;0.4627;0.60;12;1;288
2018-05-30;2018-06-01;-0.0016;-0.0016;0.5669;0.60;-12;1;287
2026-01-28;2026-01-30;-0.0025;-0.0025;0.7501;0.60;7;0;288
2024-06-26;2024-06-28;-0.0026;-0.0026;0.2901;0.60;7;0;288
2016-04-22;2016-04-26;-0.0032;-0.0032;0.6913;0.60;-12;1;288
2016-12-26;2016-12-28;-0.0034;-0.0035;0.2045;0.60;12;1;265
2019-09-27;2019-10-01;-0.0037;-0.0037;0.4959;0.60;-11;0;287
2013-12-23;2013-12-25;-0.0042;-0.0053;0.2496;0.60;1;1;184
2013-05-10;2013-05-14;-0.0051;-0.0051;0.6996;0.60;2;0;288
2023-10-06;2023-10-10;-0.0059;-0.0059;0.6002;0.60;-2;1;288
2023-11-08;2023-11-10;-0.0066;-0.0066;0.3850;0.60;-12;0;288
2014-06-13;2014-06-17;-0.0069;-0.0069;0.3513;0.60;-12;1;288
2016-07-18;2016-07-20;-0.0070;-0.0070;0.7096;0.60;-12;0;288
2018-05-10;2018-05-14;-0.0072;-0.0072;0.6736;0.60;-12;1;288
2025-07-04;2025-07-08;-0.0078;-0.0078;0.6688;0.60;-12;0;288
2017-02-27;2017-03-01;-0.0092;-0.0092;0.6802;0.60;-9;0;288
2017-06-06;2017-06-08;-0.0096;-0.0096;0.3242;0.60;7;0;288
2016-03-18;2016-03-22;-0.0105;-0.0105;0.6995;0.60;-9;0;284
2018-01-19;2018-01-23;-0.0106;-0.0106;0.3230;0.60;12;1;288
2019-09-30;2019-10-02;-0.0115;-0.0115;0.4928;0.60;12;0;287
2013-11-14;2013-11-18;-0.0117;-0.0117;0.6856;0.60;-12;1;288
2019-03-25;2019-03-27;-0.0117;-0.0117;0.6816;0.60;-5;0;288
2021-01-26;2021-01-28;-0.0121;-0.0121;0.6547;0.60;-12;0;288
2019-07-22;2019-07-24;-0.0134;-0.0134;0.8075;0.60;-12;0;288
2018-12-03;2018-12-05;-0.0135;-0.0135;0.5668;0.60;11;1;288
2016-09-21;2016-09-23;-0.0136;-0.0136;0.7197;0.60;-12;1;288
2020-07-16;2020-07-20;-0.0139;-0.0139;0.6307;0.60;-12;1;288
2017-01-13;2017-01-17;-0.0139;-0.0139;0.5274;0.60;12;0;288
2026-04-20;2026-04-22;-0.0145;-0.0145;0.5502;0.60;12;0;288
2022-01-18;2022-01-20;-0.0154;-0.0154;0.7321;0.60;0;0;288
2024-12-25;2024-12-27;-0.0155;-0.0201;0.5069;0.60;-3;1;172
2020-05-05;2020-05-07;-0.0162;-0.0162;0.5751;0.60;-12;0;288
2020-05-06;2020-05-08;-0.0162;-0.0162;0.5751;0.60;12;0;288
2018-04-05;2018-04-09;-0.0167;-0.0167;0.5066;0.60;12;0;288
2021-02-08;2021-02-10;-0.0168;-0.0168;0.8476;0.60;-12;1;288
2012-07-11;2012-07-13;-0.0170;-0.0170;0.7304;0.60;0;0;288
2024-07-30;2024-08-01;-0.0172;-0.0172;0.1829;0.60;12;1;288
2018-07-17;2018-07-19;-0.0179;-0.0179;0.6924;0.60;-12;0;288
2019-11-13;2019-11-15;-0.0189;-0.0189;0.4363;0.60;-3;1;287
2016-10-17;2016-10-19;-0.0190;-0.0190;0.4165;0.60;-12;0;288
2021-06-09;2021-06-11;-0.0195;-0.0195;0.1699;0.60;12;0;288
2020-10-22;2020-10-26;-0.0200;-0.0200;0.4920;0.60;12;0;288
2013-09-24;2013-09-26;-0.0201;-0.0201;0.4342;0.60;5;1;288
2020-11-11;2020-11-13;-0.0204;-0.0204;0.6900;0.60;-10;1;288
2014-09-05;2014-09-09;-0.0213;-0.0213;0.7112;0.60;-7;0;288
2017-04-04;2017-04-06;-0.0217;-0.0217;0.1775;0.60;6;0;288
2021-05-25;2021-05-27;-0.0228;-0.0228;0.6791;0.60;-4;0;288
2014-02-28;2014-03-04;-0.0231;-0.0231;0.6750;0.60;-11;0;288
2019-08-06;2019-08-08;-0.0232;-0.0232;0.2437;0.60;-8;1;288
2022-10-10;2022-10-12;-0.0234;-0.0234;0.5643;0.60;9;0;288
2016-08-11;2016-08-15;-0.0238;-0.0238;0.3630;0.60;12;0;288
2016-09-16;2016-09-20;-0.0242;-0.0242;0.7433;0.60;-1;0;288
2016-07-06;2016-07-08;-0.0243;-0.0243;0.4656;0.60;-12;0;288
2017-10-17;2017-10-19;-0.0246;-0.0246;0.4818;0.60;12;0;288
2024-05-29;2024-05-31;-0.0248;-0.0248;0.6338;0.60;12;0;288
2020-10-12;2020-10-14;-0.0256;-0.0256;0.7396;0.60;-12;0;288
2020-10-13;2020-10-15;-0.0256;-0.0256;0.7396;0.60;12;0;288
2014-06-09;2014-06-11;-0.0262;-0.0262;0.7323;0.60;-12;0;288
2021-07-05;2021-07-07;-0.0263;-0.0264;0.5992;0.60;4;0;286
2024-11-25;2024-11-27;-0.0273;-0.0273;0.7847;0.60;12;1;288
2023-10-27;2023-10-31;-0.0273;-0.0273;0.6830;0.60;1;1;288
2026-04-03;2026-04-07;-0.0274;-0.0274;0.2830;0.60;11;1;287
2019-09-02;2019-09-04;-0.0276;-0.0277;0.6522;0.60;12;0;287
2015-10-15;2015-10-19;-0.0278;-0.0278;0.7145;0.60;-12;0;288
2023-11-28;2023-11-30;-0.0282;-0.0282;0.5119;0.60;12;1;288
2021-12-27;2021-12-29;-0.0285;-0.0291;0.2760;0.60;7;0;276
2018-08-31;2018-09-04;-0.0299;-0.0299;0.6198;0.60;-12;0;288
2016-10-12;2016-10-14;-0.0305;-0.0305;0.5400;0.60;11;0;288
2014-01-31;2014-02-04;-0.0309;-0.0309;0.5350;0.60;1;0;288
2012-11-30;2012-12-04;-0.0309;-0.0309;0.8083;0.60;12;1;288
2012-11-29;2012-12-03;-0.0309;-0.0309;0.8083;0.60;-12;1;288
2021-11-17;2021-11-19;-0.0314;-0.0314;0.5610;0.60;4;1;288
2017-07-21;2017-07-25;-0.0325;-0.0325;0.3867;0.60;5;1;288
2022-01-19;2022-01-21;-0.0325;-0.0325;0.2866;0.60;-5;0;288
2016-04-21;2016-04-25;-0.0326;-0.0326;0.7257;0.60;-3;0;288
2018-06-04;2018-06-06;-0.0337;-0.0337;0.5606;0.60;12;1;287
2018-07-05;2018-07-09;-0.0365;-0.0365;0.7691;0.60;-12;1;288
2017-08-01;2017-08-03;-0.0368;-0.0368;0.6740;0.60;-12;1;288
2019-08-19;2019-08-21;-0.0373;-0.0374;0.1490;0.60;2;1;287
2016-10-11;2016-10-13;-0.0373;-0.0373;0.5708;0.60;-12;0;288
2014-08-07;2014-08-11;-0.0375;-0.0375;0.5010;0.60;12;1;288
2024-12-04;2024-12-06;-0.0382;-0.0382;0.8022;0.60;-2;1;288
2017-09-11;2017-09-13;-0.0382;-0.0383;0.7195;0.60;7;0;287
2023-11-17;2023-11-21;-0.0383;-0.0383;0.8574;0.60;-5;1;288
2023-04-06;2023-04-10;-0.0384;-0.0385;0.5788;0.60;-12;0;287
2018-11-30;2018-12-04;-0.0387;-0.0387;0.5597;0.60;-12;1;288
2025-08-25;2025-08-27;-0.0397;-0.0397;0.8305;0.60;-6;0;288
2018-11-23;2018-11-27;-0.0400;-0.0401;0.8486;0.60;2;0;287
2018-07-27;2018-07-31;-0.0402;-0.0402;0.6967;0.60;-12;1;287
2023-03-29;2023-03-31;-0.0407;-0.0407;0.7353;0.60;4;1;288
2015-02-13;2015-02-17;-0.0414;-0.0414;0.6850;0.60;1;0;288
2024-12-27;2024-12-31;-0.0418;-0.0470;0.4778;0.60;-12;0;228
2017-11-15;2017-11-17;-0.0420;-0.0420;0.4764;0.60;-2;0;288
2013-06-11;2013-06-13;-0.0424;-0.0424;0.8311;0.60;-4;1;288
2017-12-18;2017-12-20;-0.0424;-0.0424;0.8243;0.60;8;1;288
2020-10-07;2020-10-09;-0.0434;-0.0434;0.4793;0.60;5;1;288
2020-07-01;2020-07-03;-0.0438;-0.0438;0.4745;0.60;12;1;288
2019-09-19;2019-09-23;-0.0443;-0.0443;0.7175;0.60;-12;0;288
2018-06-18;2018-06-20;-0.0453;-0.0453;0.6173;0.60;-12;0;288
2016-01-11;2016-01-13;-0.0456;-0.0456;0.8659;0.60;4;0;288
2022-04-08;2022-04-12;-0.0469;-0.0469;0.3094;0.60;5;1;288
2021-10-20;2021-10-22;-0.0474;-0.0474;0.2095;0.60;5;0;288
2025-09-02;2025-09-04;-0.0476;-0.0476;0.6531;0.60;6;0;288
2014-07-18;2014-07-22;-0.0482;-0.0482;0.1005;0.60;12;0;288
2023-07-05;2023-07-07;-0.0485;-0.0485;0.3765;0.60;12;0;288
2019-08-14;2019-08-16;-0.0510;-0.0511;0.8507;0.60;-2;0;287
2014-01-08;2014-01-10;-0.0520;-0.0520;0.3975;0.60;8;0;288
2020-11-18;2020-11-20;-0.0539;-0.0539;0.3607;0.60;12;0;288
2025-04-30;2025-05-02;-0.0545;-0.0545;0.7760;0.60;-3;0;288
2018-10-24;2018-10-26;-0.0554;-0.0554;0.8640;0.60;0;0;288
2018-08-16;2018-08-20;-0.0556;-0.0557;0.7657;0.60;6;1;287
2018-01-26;2018-01-30;-0.0556;-0.0556;0.6859;0.60;-2;0;288
2012-08-13;2012-08-15;-0.0557;-0.0557;0.6996;0.60;11;1;288
2013-01-21;2013-01-23;-0.0557;-0.0557;0.2353;0.60;3;0;288
2012-04-26;2012-04-30;-0.0562;-0.0562;0.4791;0.60;6;1;288
2024-07-15;2024-07-17;-0.0575;-0.0575;0.4673;0.60;-12;1;288
2019-04-17;2019-04-19;-0.0585;-0.0587;0.6976;0.60;-12;0;286
2014-05-01;2014-05-05;-0.0588;-0.0588;0.1642;0.60;8;0;288
2023-04-17;2023-04-19;-0.0589;-0.0589;0.4164;0.60;-12;1;288
2019-06-21;2019-06-25;-0.0598;-0.0598;0.8550;0.60;-5;1;288
2016-10-13;2016-10-17;-0.0603;-0.0603;0.6042;0.60;-12;0;288
2024-11-14;2024-11-18;-0.0620;-0.0620;0.3107;0.60;6;0;288
2024-12-12;2024-12-16;-0.0630;-0.0630;0.4067;0.60;-12;1;288
2013-12-02;2013-12-04;-0.0630;-0.0630;0.5928;0.60;-12;1;288
2026-02-20;2026-02-24;-0.0631;-0.0631;0.4684;0.60;0;1;288
2022-01-13;2022-01-17;-0.0633;-0.0633;0.6298;0.60;-3;0;288
2013-08-29;2013-09-02;-0.0634;-0.0634;0.5804;0.60;-12;0;288
2019-04-22;2019-04-24;-0.0639;-0.0641;0.4325;0.60;8;0;286
2016-05-27;2016-05-31;-0.0642;-0.0642;0.6222;0.60;-2;0;288
2012-12-26;2012-12-28;-0.0656;-0.0680;0.6561;0.60;5;1;268
2020-05-29;2020-06-02;-0.0679;-0.0679;0.6850;0.60;7;1;288
2017-11-01;2017-11-03;-0.0684;-0.0684;0.2883;0.60;12;1;288
2025-08-15;2025-08-19;-0.0691;-0.0691;0.5938;0.60;-12;0;288
2017-09-27;2017-09-29;-0.0704;-0.0704;0.6643;0.60;-11;1;288
2018-01-16;2018-01-18;-0.0714;-0.0714;0.6873;0.60;8;0;288
2024-02-13;2024-02-15;-0.0716;-0.0716;0.6614;0.60;10;0;288
2016-01-27;2016-01-29;-0.0719;-0.0719;0.7826;0.60;7;1;288
2012-04-09;2012-04-11;-0.0723;-0.0723;0.5442;0.60;-4;1;288
2012-11-07;2012-11-09;-0.0725;-0.0725;0.6084;0.60;-12;0;288
2018-02-21;2018-02-23;-0.0725;-0.0725;0.5592;0.60;12;0;288
2022-02-01;2022-02-03;-0.0726;-0.0726;0.8302;0.60;8;1;288
2023-03-02;2023-03-06;-0.0729;-0.0729;0.5824;0.60;9;0;288
2019-06-13;2019-06-17;-0.0736;-0.0737;0.8379;0.60;1;0;287
2012-08-10;2012-08-14;-0.0737;-0.0737;0.7081;0.60;-12;1;288
2018-07-13;2018-07-17;-0.0740;-0.0740;0.7099;0.60;-2;1;288
2015-02-20;2015-02-24;-0.0755;-0.0755;0.6357;0.60;10;0;288
2024-08-14;2024-08-16;-0.0763;-0.0763;0.4166;0.60;-3;0;288
2020-05-14;2020-05-18;-0.0764;-0.0764;0.4058;0.60;12;0;288
2025-05-14;2025-05-16;-0.0771;-0.0771;0.4604;0.60;-5;0;288
2019-01-22;2019-01-24;-0.0775;-0.0775;0.2350;0.60;6;1;288
2020-10-23;2020-10-27;-0.0778;-0.0778;0.5454;0.60;-10;0;288
2014-07-02;2014-07-04;-0.0783;-0.0783;0.8070;0.60;2;0;288
2023-12-04;2023-12-06;-0.0784;-0.0784;0.8728;0.60;1;0;288
2018-09-05;2018-09-07;-0.0787;-0.0787;0.7014;0.60;12;1;288
2020-02-11;2020-02-13;-0.0797;-0.0797;0.4966;0.60;7;0;288
2014-06-04;2014-06-06;-0.0808;-0.0810;0.5802;0.60;-3;1;287
2020-07-15;2020-07-17;-0.0813;-0.0813;0.4173;0.60;-4;0;288
2021-03-26;2021-03-30;-0.0814;-0.0822;0.2633;0.60;12;0;282
2020-12-30;2021-01-01;-0.0814;-0.1030;0.5252;0.60;-12;0;180
2013-05-16;2013-05-20;-0.0819;-0.0819;0.5270;0.60;6;0;288
2020-04-21;2020-04-23;-0.0820;-0.0820;0.4943;0.60;12;0;288
2017-10-05;2017-10-09;-0.0823;-0.0823;0.6145;0.60;12;0;288
2025-09-03;2025-09-05;-0.0827;-0.0827;0.3369;0.60;9;1;288
2024-08-27;2024-08-29;-0.0828;-0.0828;0.5693;0.60;12;0;288
2012-11-27;2012-11-29;-0.0828;-0.0828;0.6021;0.60;11;0;288
2021-09-22;2021-09-24;-0.0839;-0.0839;0.3264;0.60;7;1;288
2018-03-12;2018-03-14;-0.0841;-0.0841;0.7869;0.60;-3;1;288
2016-07-20;2016-07-22;-0.0845;-0.0845;0.1287;0.60;8;1;288
2014-05-02;2014-05-06;-0.0845;-0.0845;0.7270;0.60;-12;1;288
2026-02-19;2026-02-23;-0.0852;-0.0852;0.4965;0.60;-8;1;288
2024-02-09;2024-02-13;-0.0858;-0.0858;0.2041;0.60;7;0;288
2017-01-18;2017-01-20;-0.0860;-0.0860;0.6427;0.60;6;0;288
2016-01-18;2016-01-20;-0.0870;-0.0870;0.5152;0.60;-3;1;288
2012-04-23;2012-04-25;-0.0871;-0.0871;0.7687;0.60;-9;1;288
2012-08-27;2012-08-29;-0.0873;-0.0873;0.6660;0.60;4;1;288
2022-01-14;2022-01-18;-0.0879;-0.0879;0.7095;0.60;7;0;288
2023-11-20;2023-11-22;-0.0885;-0.0885;0.6257;0.60;12;1;288
2025-04-28;2025-04-30;-0.0886;-0.0886;0.4600;0.60;4;1;288
2013-12-06;2013-12-10;-0.0887;-0.0887;0.7666;0.60;-12;1;288
2020-12-09;2020-12-11;-0.0890;-0.0890;0.6053;0.60;-12;1;288
2023-12-20;2023-12-22;-0.0890;-0.0975;0.6828;0.60;-12;1;240
2026-01-02;2026-01-06;-0.0891;-0.0891;0.4278;0.60;-12;0;288
2026-01-05;2026-01-07;-0.0891;-0.0891;0.4278;0.60;12;0;288
2021-12-17;2021-12-21;-0.0892;-0.0893;0.6431;0.60;-3;0;287
2021-03-10;2021-03-12;-0.0898;-0.0898;0.8164;0.60;1;1;288
2015-12-21;2015-12-23;-0.0899;-0.0899;0.8132;0.60;1;1;288
2020-10-30;2020-11-03;-0.0899;-0.0905;0.5257;0.60;12;0;284
2020-10-29;2020-11-02;-0.0899;-0.0905;0.5257;0.60;-12;0;284
2018-12-21;2018-12-25;-0.0905;-0.1172;0.7866;0.60;-2;0;172
2018-05-07;2018-05-09;-0.0908;-0.0908;0.7518;0.60;-12;0;288
2019-01-03;2019-01-07;-0.0909;-0.0909;0.7190;0.60;9;1;288
2018-07-10;2018-07-12;-0.0912;-0.0912;0.7472;0.60;3;0;288
2017-02-20;2017-02-22;-0.0924;-0.0924;0.8564;0.60;-12;0;288
2020-01-03;2020-01-07;-0.0940;-0.0940;0.3531;0.60;7;1;288
2012-11-26;2012-11-28;-0.0949;-0.0949;0.5895;0.60;-12;0;288
2013-11-01;2013-11-05;-0.0949;-0.0955;0.5948;0.60;-2;0;284
2013-02-15;2013-02-19;-0.0954;-0.0954;0.1238;0.60;12;1;288
2013-02-14;2013-02-18;-0.0954;-0.0954;0.1238;0.60;-12;1;288
2013-12-19;2013-12-23;-0.0960;-0.0960;0.4486;0.60;-12;1;288
2017-05-31;2017-06-02;-0.0962;-0.0962;0.5837;0.60;7;1;288
2016-09-19;2016-09-21;-0.0968;-0.0968;0.3129;0.60;-3;0;288
2026-02-17;2026-02-19;-0.0969;-0.0969;0.5953;0.60;10;0;288
2012-11-23;2012-11-27;-0.0993;-0.0993;0.8078;0.60;-2;1;288
2025-09-05;2025-09-09;-0.0998;-0.0998;0.8359;0.60;-1;1;288
2023-05-17;2023-05-19;-0.1000;-0.1000;0.8641;0.60;3;0;288
2013-06-14;2013-06-18;-0.1006;-0.1006;0.6299;0.60;-7;1;288
2021-04-21;2021-04-23;-0.1009;-0.1009;0.2659;0.60;12;0;288
2018-05-15;2018-05-17;-0.1012;-0.1012;0.6806;0.60;-12;0;288
2022-11-15;2022-11-17;-0.1013;-0.1013;0.7559;0.60;8;1;288
2011-10-24;2011-10-26;-0.1018;-0.1018;0.6707;0.60;7;1;288
2013-10-03;2013-10-07;-0.1026;-0.1026;0.5933;0.60;-12;0;288
2017-01-24;2017-01-26;-0.1031;-0.1031;0.2405;0.60;8;0;288
2018-03-09;2018-03-13;-0.1042;-0.1042;0.3817;0.60;6;1;288
2015-01-07;2015-01-09;-0.1043;-0.1043;0.7638;0.60;1;0;288
2024-02-12;2024-02-14;-0.1044;-0.1044;0.6669;0.60;-12;0;288
2025-02-25;2025-02-27;-0.1054;-0.1054;0.3644;0.60;12;1;288
2022-10-28;2022-11-01;-0.1054;-0.1054;0.8288;0.60;5;0;288
2011-04-21;2011-04-25;-0.1072;-0.1079;0.4897;0.60;-4;0;284
2016-11-15;2016-11-17;-0.1078;-0.1078;0.6993;0.60;5;0;288
2018-03-21;2018-03-23;-0.1083;-0.1093;0.7663;0.60;-7;1;283
2023-03-01;2023-03-03;-0.1085;-0.1085;0.5965;0.60;-12;0;288
2016-12-12;2016-12-14;-0.1104;-0.1104;0.8034;0.60;2;1;288
2020-09-30;2020-10-02;-0.1109;-0.1109;0.2921;0.60;12;1;288
2013-05-03;2013-05-07;-0.1110;-0.1112;0.3842;0.60;-11;0;287
2012-05-08;2012-05-10;-0.1113;-0.1113;0.7468;0.60;-12;0;288
2025-08-27;2025-08-29;-0.1113;-0.1115;0.7960;0.60;-4;1;287
2021-09-29;2021-10-01;-0.1114;-0.1115;0.6461;0.60;-8;0;287
2012-07-13;2012-07-17;-0.1127;-0.1127;0.8703;0.60;-2;1;288
2022-08-16;2022-08-18;-0.1128;-0.1128;0.2122;0.60;6;1;288
2018-09-11;2018-09-13;-0.1129;-0.1129;0.4211;0.60;8;1;288
2013-11-22;2013-11-26;-0.1136;-0.1136;0.6648;0.60;1;1;288
2016-03-21;2016-03-23;-0.1138;-0.1146;0.7128;0.60;12;0;284
2024-12-31;2025-01-02;-0.1141;-0.1443;0.6410;0.60;8;0;180
2022-08-24;2022-08-26;-0.1143;-0.1143;0.5293;0.60;-3;1;288
2026-05-27;2026-05-29;-0.1144;-0.1144;0.3115;0.60;5;1;288
2016-10-20;2016-10-24;-0.1146;-0.1146;0.7190;0.60;-12;0;288
2023-08-03;2023-08-07;-0.1156;-0.1156;0.7998;0.60;0;1;288
2013-05-06;2013-05-08;-0.1157;-0.1159;0.3819;0.60;12;0;287
2013-01-08;2013-01-10;-0.1167;-0.1167;0.6449;0.60;8;0;288
2025-06-03;2025-06-05;-0.1171;-0.1171;0.6562;0.60;-12;1;288
2020-09-02;2020-09-04;-0.1174;-0.1174;0.2663;0.60;-12;0;288
2017-09-29;2017-10-03;-0.1194;-0.1194;0.7849;0.60;-10;0;288
2014-03-24;2014-03-26;-0.1197;-0.1197;0.4550;0.60;-3;1;288
2014-06-17;2014-06-19;-0.1200;-0.1200;0.7738;0.60;-12;1;288
2013-05-20;2013-05-22;-0.1212;-0.1212;0.7552;0.60;-1;1;288
2025-03-07;2025-03-11;-0.1220;-0.1220;0.6053;0.60;12;1;288
2013-03-29;2013-04-02;-0.1224;-0.1233;0.4958;0.60;3;1;284
2023-11-10;2023-11-14;-0.1231;-0.1231;0.3190;0.60;9;1;288
2018-12-13;2018-12-17;-0.1238;-0.1238;0.7536;0.60;6;0;288
2025-04-16;2025-04-18;-0.1243;-0.1243;0.7881;0.60;9;1;288
2015-09-15;2015-09-17;-0.1268;-0.1268;0.5075;0.60;12;0;288
2025-01-24;2025-01-28;-0.1273;-0.1273;0.7348;0.60;-9;0;288
2018-10-26;2018-10-30;-0.1285;-0.1285;0.4760;0.60;-12;0;288
2022-04-20;2022-04-22;-0.1292;-0.1292;0.7911;0.60;11;1;288
2022-12-07;2022-12-09;-0.1307;-0.1307;0.8863;0.60;0;1;288
2016-09-29;2016-10-03;-0.1311;-0.1311;0.2938;0.60;-1;1;288
2013-08-05;2013-08-07;-0.1319;-0.1319;0.4070;0.60;6;1;288
2024-04-01;2024-04-03;-0.1324;-0.1333;0.5258;0.60;12;0;284
2015-02-19;2015-02-23;-0.1326;-0.1326;0.6301;0.60;-12;0;288
2020-01-02;2020-01-06;-0.1328;-0.1395;0.4528;0.60;1;0;261
2012-01-09;2012-01-11;-0.1330;-0.1330;0.7342;0.60;9;1;288
2012-12-19;2012-12-21;-0.1341;-0.1341;0.7918;0.60;-6;0;288
2024-09-25;2024-09-27;-0.1348;-0.1348;0.4419;0.60;-3;0;288
2018-06-15;2018-06-19;-0.1349;-0.1349;0.5324;0.60;3;1;288
2019-07-04;2019-07-08;-0.1350;-0.1352;0.7091;0.60;5;0;287
2019-05-22;2019-05-24;-0.1355;-0.1357;0.4781;0.60;-1;1;287
2013-01-22;2013-01-24;-0.1360;-0.1360;0.1750;0.60;11;1;288
2012-06-29;2012-07-03;-0.1362;-0.1362;0.6869;0.60;-12;0;288
2015-10-06;2015-10-08;-0.1365;-0.1365;0.5504;0.60;-9;1;288
2023-08-22;2023-08-24;-0.1366;-0.1366;0.6804;0.60;4;0;288
2011-12-02;2011-12-06;-0.1368;-0.1368;0.9137;0.60;-4;0;288
2015-11-20;2015-11-24;-0.1378;-0.1378;0.6904;0.60;-4;0;288
2025-08-07;2025-08-11;-0.1395;-0.1395;0.3583;0.60;3;0;288
2022-04-19;2022-04-21;-0.1396;-0.1396;0.7915;0.60;-12;1;288
2015-11-11;2015-11-13;-0.1405;-0.1405;0.5777;0.60;-1;1;288
2017-04-06;2017-04-10;-0.1416;-0.1416;0.8104;0.60;-5;0;288
2025-10-03;2025-10-07;-0.1422;-0.1422;0.4682;0.60;12;0;288
2024-07-02;2024-07-04;-0.1423;-0.1423;0.7463;0.60;1;1;288
2019-04-16;2019-04-18;-0.1427;-0.1427;0.0859;0.60;12;0;288
2021-04-06;2021-04-08;-0.1428;-0.1428;0.6009;0.60;-12;1;288
2017-06-01;2017-06-05;-0.1455;-0.1455;0.5654;0.60;-12;1;288
2014-09-15;2014-09-17;-0.1458;-0.1458;0.1656;0.60;7;0;288
2014-09-30;2014-10-02;-0.1460;-0.1460;0.7818;0.60;5;0;288
2025-07-01;2025-07-03;-0.1473;-0.1473;0.3683;0.60;-12;0;288
2023-06-08;2023-06-12;-0.1475;-0.1475;0.5896;0.60;0;1;288
2014-08-27;2014-08-29;-0.1493;-0.1493;0.2365;0.60;6;1;288
2013-04-25;2013-04-29;-0.1502;-0.1502;0.4786;0.60;12;1;288
2021-04-12;2021-04-14;-0.1510;-0.1515;0.7389;0.60;2;1;286
2024-10-18;2024-10-22;-0.1515;-0.1517;0.6178;0.60;-12;0;287
2024-04-03;2024-04-05;-0.1522;-0.1522;0.7349;0.60;-1;1;288
2020-08-10;2020-08-12;-0.1526;-0.1528;0.5140;0.60;2;0;287
2013-09-03;2013-09-05;-0.1530;-0.1530;0.3131;0.60;12;0;288
2023-12-29;2024-01-02;-0.1530;-0.1878;0.6024;0.60;10;0;191
2025-03-13;2025-03-17;-0.1538;-0.1549;0.4225;0.60;12;0;284
2018-11-14;2018-11-16;-0.1551;-0.1551;0.5624;0.60;10;1;288
2023-05-02;2023-05-04;-0.1557;-0.1557;0.8247;0.60;-6;1;288
2015-07-16;2015-07-20;-0.1560;-0.1560;0.8357;0.60;-2;0;288
2024-03-13;2024-03-15;-0.1561;-0.1572;0.6902;0.60;-12;0;284
2022-05-09;2022-05-11;-0.1569;-0.1569;0.3669;0.60;1;1;288
2017-01-17;2017-01-19;-0.1584;-0.1584;0.6270;0.60;-12;0;288
2023-02-10;2023-02-14;-0.1595;-0.1595;0.6830;0.60;-12;1;288
2014-04-09;2014-04-11;-0.1603;-0.1603;0.8045;0.60;-8;1;288
2017-10-24;2017-10-26;-0.1604;-0.1604;0.6550;0.60;8;1;288
2016-01-14;2016-01-18;-0.1607;-0.1607;0.6136;0.60;7;1;288
2024-05-14;2024-05-16;-0.1609;-0.1609;0.8817;0.60;-2;1;288
2016-10-27;2016-10-31;-0.1621;-0.1630;0.6892;0.60;3;1;285
2013-02-18;2013-02-20;-0.1623;-0.1623;0.6176;0.60;4;1;288
2014-05-14;2014-05-16;-0.1651;-0.1651;0.2358;0.60;-12;0;288
2022-10-07;2022-10-11;-0.1656;-0.1656;0.6469;0.60;-12;0;288
2018-09-25;2018-09-27;-0.1666;-0.1666;0.3274;0.60;12;0;288
2024-10-17;2024-10-21;-0.1673;-0.1676;0.3498;0.60;12;0;287
2012-02-08;2012-02-10;-0.1675;-0.1675;0.5015;0.60;8;1;288
2015-12-01;2015-12-03;-0.1678;-0.1678;0.4546;0.60;12;1;288
2025-03-19;2025-03-21;-0.1682;-0.1694;0.7616;0.60;-12;0;284
2018-06-07;2018-06-11;-0.1704;-0.1704;0.4613;0.60;-8;0;288
2021-04-28;2021-04-30;-0.1706;-0.1706;0.5288;0.60;12;1;288
2018-03-15;2018-03-19;-0.1717;-0.1729;0.8706;0.60;1;0;284
2014-04-29;2014-05-01;-0.1723;-0.1723;0.6417;0.60;-12;1;288
2025-11-21;2025-11-25;-0.1738;-0.1738;0.1178;0.60;8;0;288
2013-01-17;2013-01-21;-0.1741;-0.1741;0.6046;0.60;-12;0;288
2016-05-23;2016-05-25;-0.1744;-0.1744;0.6699;0.60;-12;0;288
2023-09-26;2023-09-28;-0.1758;-0.1758;0.7759;0.60;-2;0;288
2024-10-03;2024-10-07;-0.1759;-0.1759;0.7664;0.60;0;0;288
2018-11-26;2018-11-28;-0.1767;-0.1770;0.6277;0.60;3;0;287
2017-01-23;2017-01-25;-0.1767;-0.1767;0.1206;0.60;-9;1;288
2023-09-22;2023-09-26;-0.1772;-0.1772;0.7191;0.60;6;0;288
2018-07-24;2018-07-26;-0.1774;-0.1774;0.3734;0.60;5;1;288
2025-09-19;2025-09-23;-0.1781;-0.1781;0.6400;0.60;-12;1;288
2014-08-22;2014-08-26;-0.1787;-0.1787;0.6626;0.60;-12;0;288
2013-01-25;2013-01-29;-0.1788;-0.1788;0.8429;0.60;4;1;288
2016-02-01;2016-02-03;-0.1789;-0.1789;0.8357;0.60;9;1;288
2021-02-23;2021-02-25;-0.1792;-0.1792;0.5879;0.60;-10;1;288
2026-03-20;2026-03-24;-0.1794;-0.1807;0.5407;0.60;1;1;284
2020-09-08;2020-09-10;-0.1796;-0.1796;0.4134;0.60;12;0;288
2016-06-20;2016-06-22;-0.1797;-0.1797;0.8603;0.60;0;0;288
2016-01-15;2016-01-19;-0.1803;-0.1803;0.5372;0.60;-9;0;288
2020-10-26;2020-10-28;-0.1819;-0.1819;0.5717;0.60;12;0;288
2021-02-18;2021-02-22;-0.1820;-0.1820;0.8589;0.60;7;1;288
2013-09-26;2013-09-30;-0.1859;-0.1859;0.4950;0.60;-12;1;288
2015-05-28;2015-06-01;-0.1859;-0.1859;0.7145;0.60;6;1;288
2022-07-21;2022-07-25;-0.1866;-0.1866;0.3796;0.60;1;1;288
2015-01-19;2015-01-21;-0.1867;-0.1867;0.4230;0.60;-9;0;288
2015-07-17;2015-07-21;-0.1867;-0.1867;0.5721;0.60;8;0;288
2023-09-28;2023-10-02;-0.1870;-0.1870;0.7753;0.60;9;1;288
2018-09-18;2018-09-20;-0.1872;-0.1872;0.1000;0.60;12;1;288
2013-08-21;2013-08-23;-0.1889;-0.1889;0.7390;0.60;4;0;288
2022-08-15;2022-08-17;-0.1893;-0.1893;0.3397;0.60;-10;0;288
2015-11-18;2015-11-20;-0.1895;-0.1895;0.7637;0.60;5;1;288
2017-06-13;2017-06-15;-0.1908;-0.1908;0.3881;0.60;11;1;288
2018-04-24;2018-04-26;-0.1929;-0.1929;0.4935;0.60;8;0;288
2021-04-15;2021-04-19;-0.1967;-0.1971;0.0813;0.60;12;1;287
2012-12-04;2012-12-06;-0.1972;-0.1972;0.4536;0.60;12;1;288
2018-12-19;2018-12-21;-0.1978;-0.1978;0.8378;0.60;8;1;288
2026-02-09;2026-02-11;-0.1987;-0.1987;0.7190;0.60;1;1;288
2018-12-14;2018-12-18;-0.1990;-0.1990;0.7619;0.60;-9;1;288
2016-12-27;2016-12-29;-0.2016;-0.2016;0.4775;0.60;8;0;288
2012-05-02;2012-05-04;-0.2027;-0.2027;0.8476;0.60;5;0;288
2014-12-19;2014-12-23;-0.2034;-0.2034;0.5795;0.60;7;0;288
2015-06-12;2015-06-16;-0.2035;-0.2035;0.5956;0.60;-2;1;288
2013-06-04;2013-06-06;-0.2035;-0.2035;0.3976;0.60;7;1;288
2018-04-23;2018-04-25;-0.2042;-0.2042;0.5010;0.60;-12;0;288
2019-06-04;2019-06-06;-0.2069;-0.2069;0.4980;0.60;12;1;288
2025-10-07;2025-10-09;-0.2069;-0.2069;0.8374;0.60;10;0;288
2016-09-28;2016-09-30;-0.2071;-0.2071;0.0369;0.60;12;1;288
2025-07-23;2025-07-25;-0.2076;-0.2076;0.2920;0.60;-2;1;288
2024-03-21;2024-03-25;-0.2080;-0.2095;0.5640;0.60;-12;0;284
2023-03-03;2023-03-07;-0.2083;-0.2083;0.7576;0.60;7;1;288
2021-04-19;2021-04-21;-0.2085;-0.2085;0.1907;0.60;-12;0;288
2025-02-10;2025-02-12;-0.2091;-0.2091;0.5654;0.60;5;1;288
2013-08-02;2013-08-06;-0.2096;-0.2096;0.6905;0.60;-1;1;288
2018-10-03;2018-10-05;-0.2099;-0.2099;0.6891;0.60;-2;0;288
2019-08-22;2019-08-26;-0.2108;-0.2112;0.6341;0.60;-2;1;287
2017-05-24;2017-05-26;-0.2112;-0.2112;0.3526;0.60;7;1;288
2011-11-04;2011-11-08;-0.2133;-0.2148;0.6660;0.60;7;0;284
2018-10-17;2018-10-19;-0.2134;-0.2137;0.8385;0.60;-5;0;287
2021-03-09;2021-03-11;-0.2135;-0.2135;0.7662;0.60;7;1;288
2022-10-11;2022-10-13;-0.2145;-0.2145;0.1233;0.60;6;1;288
2016-11-24;2016-11-28;-0.2146;-0.2146;0.7032;0.60;-11;1;288
2017-08-15;2017-08-17;-0.2149;-0.2149;0.6413;0.60;10;0;288
2012-10-24;2012-10-26;-0.2156;-0.2156;0.5678;0.60;2;0;288
2023-06-06;2023-06-08;-0.2159;-0.2159;0.1433;0.60;11;0;288
2020-07-10;2020-07-14;-0.2179;-0.2183;0.7236;0.60;7;1;287
2013-11-04;2013-11-06;-0.2206;-0.2222;0.2452;0.60;12;0;284
2025-12-19;2025-12-23;-0.2214;-0.2214;0.7617;0.60;-12;1;288
2026-04-29;2026-05-01;-0.2222;-0.2222;0.6269;0.60;-12;1;288
2016-11-01;2016-11-03;-0.2228;-0.2228;0.6745;0.60;-12;1;288
2015-08-06;2015-08-10;-0.2229;-0.2229;0.6196;0.60;5;1;288
2017-03-03;2017-03-07;-0.2240;-0.2240;0.6178;0.60;-4;1;288
2024-01-12;2024-01-16;-0.2250;-0.2250;0.3697;0.60;12;0;288
2022-06-13;2022-06-15;-0.2270;-0.2274;0.6693;0.60;0;0;287
2013-06-28;2013-07-02;-0.2284;-0.2284;0.3744;0.60;12;1;288
2019-11-01;2019-11-05;-0.2295;-0.2311;0.3604;0.60;7;0;284
2016-04-06;2016-04-08;-0.2299;-0.2299;0.3561;0.60;-3;1;288
2016-03-30;2016-04-01;-0.2302;-0.2302;0.7033;0.60;-12;1;288
2012-10-19;2012-10-23;-0.2307;-0.2307;0.4827;0.60;12;0;288
2013-04-10;2013-04-12;-0.2315;-0.2315;0.4290;0.60;7;1;288
2016-05-31;2016-06-02;-0.2319;-0.2319;0.6124;0.60;2;1;288
2019-07-18;2019-07-22;-0.2342;-0.2342;0.3309;0.60;2;0;288
2013-10-14;2013-10-16;-0.2343;-0.2343;0.5926;0.60;5;0;288
2012-08-14;2012-08-16;-0.2361;-0.2361;0.6716;0.60;4;0;288
2025-10-06;2025-10-08;-0.2361;-0.2361;0.8108;0.60;-12;0;288
2021-02-24;2021-02-26;-0.2365;-0.2365;0.5801;0.60;12;1;288
2014-11-24;2014-11-26;-0.2370;-0.2370;0.8067;0.60;7;1;288
2014-11-19;2014-11-21;-0.2371;-0.2371;0.2041;0.60;12;1;288
2013-05-23;2013-05-27;-0.2375;-0.2375;0.3738;0.60;-10;1;288
2025-10-28;2025-10-30;-0.2385;-0.2385;0.3528;0.60;10;0;288
2021-07-07;2021-07-09;-0.2387;-0.2387;0.3999;0.60;7;1;288
2025-06-19;2025-06-23;-0.2395;-0.2395;0.5036;0.60;4;1;288
2025-07-15;2025-07-17;-0.2419;-0.2419;0.7192;0.60;-3;0;288
2018-12-11;2018-12-13;-0.2425;-0.2425;0.4375;0.60;-12;1;288
2018-12-12;2018-12-14;-0.2425;-0.2425;0.4375;0.60;12;1;288
2022-06-21;2022-06-23;-0.2438;-0.2438;0.5476;0.60;6;1;288
2012-07-17;2012-07-19;-0.2440;-0.2440;0.2924;0.60;4;0;288
2020-07-03;2020-07-07;-0.2482;-0.2486;0.6997;0.60;-5;1;287
2024-08-28;2024-08-30;-0.2482;-0.2482;0.9227;0.60;6;0;288
2017-06-16;2017-06-20;-0.2512;-0.2512;0.5861;0.60;-12;0;288
2018-01-15;2018-01-17;-0.2515;-0.2515;0.6408;0.60;-12;0;288
2015-09-25;2015-09-29;-0.2518;-0.2518;0.8534;0.60;-2;1;288
2017-04-25;2017-04-27;-0.2548;-0.2548;0.5210;0.60;-12;0;288
2025-04-15;2025-04-17;-0.2559;-0.2559;0.7463;0.60;-12;1;288
2014-11-17;2014-11-19;-0.2577;-0.2577;0.7884;0.60;-12;1;288
2016-11-25;2016-11-29;-0.2587;-0.2587;0.6788;0.60;12;1;288
2024-08-13;2024-08-15;-0.2589;-0.2589;0.7278;0.60;-4;1;288
2020-04-10;2020-04-14;-0.2592;-0.2602;0.1048;0.60;7;0;286
2025-08-26;2025-08-28;-0.2598;-0.2598;0.5744;0.60;12;0;288
2024-04-30;2024-05-02;-0.2603;-0.2603;0.4713;0.60;12;0;288
2014-04-02;2014-04-04;-0.2614;-0.2614;0.7280;0.60;-12;0;288
2021-05-10;2021-05-12;-0.2625;-0.2630;0.2300;0.60;7;0;287
2021-05-12;2021-05-14;-0.2628;-0.2628;0.6998;0.60;7;0;288
2013-01-04;2013-01-08;-0.2628;-0.2628;0.8698;0.60;-2;1;288
2018-10-25;2018-10-29;-0.2628;-0.2628;0.2962;0.60;9;0;288
2018-09-06;2018-09-10;-0.2631;-0.2631;0.7696;0.60;0;0;288
2012-12-25;2012-12-27;-0.2641;-0.3243;0.4197;0.60;11;1;191
2025-09-01;2025-09-03;-0.2641;-0.2641;0.6896;0.60;-12;0;288
2019-03-19;2019-03-21;-0.2649;-0.2649;0.6886;0.60;-2;1;288
2016-07-05;2016-07-07;-0.2669;-0.2669;0.6629;0.60;-6;0;288
2021-05-13;2021-05-17;-0.2681;-0.2690;0.6948;0.60;7;1;286
2023-04-04;2023-04-06;-0.2681;-0.2681;0.4571;0.60;-12;0;288
2024-05-01;2024-05-03;-0.2681;-0.2681;0.7273;0.60;-12;1;288
2022-04-14;2022-04-18;-0.2692;-0.2706;0.5713;0.60;-12;0;285
2017-12-15;2017-12-19;-0.2697;-0.2697;0.3004;0.60;7;1;288
2012-08-07;2012-08-09;-0.2701;-0.2701;0.4775;0.60;11;0;288
2013-07-30;2013-08-01;-0.2706;-0.2706;0.2386;0.60;10;1;288
2013-07-12;2013-07-16;-0.2709;-0.2709;0.3760;0.60;9;0;288
2018-05-23;2018-05-25;-0.2711;-0.2711;0.6967;0.60;8;0;288
2012-04-10;2012-04-12;-0.2712;-0.2712;0.4100;0.60;12;1;288
2023-02-24;2023-02-28;-0.2713;-0.2713;0.5637;0.60;-11;1;288
2015-01-13;2015-01-15;-0.2713;-0.2713;0.6066;0.60;12;0;288
2013-05-24;2013-05-28;-0.2717;-0.2717;0.2541;0.60;12;1;288
2012-08-16;2012-08-20;-0.2718;-0.2718;0.6187;0.60;-3;1;288
2017-08-16;2017-08-18;-0.2720;-0.2725;0.4436;0.60;-6;1;287
2025-10-08;2025-10-10;-0.2721;-0.2721;0.6413;0.60;-2;0;288
2016-09-01;2016-09-05;-0.2735;-0.2735;0.3769;0.60;-12;0;288
2025-07-14;2025-07-16;-0.2744;-0.2744;0.7728;0.60;-2;0;288
2016-09-30;2016-10-04;-0.2747;-0.2747;0.4795;0.60;-12;0;288
2012-04-17;2012-04-19;-0.2752;-0.2752;0.1718;0.60;4;0;288
2020-08-07;2020-08-11;-0.2756;-0.2761;0.7279;0.60;-5;0;287
2022-07-07;2022-07-11;-0.2760;-0.2760;0.4929;0.60;11;0;288
2022-07-19;2022-07-21;-0.2761;-0.2761;0.4723;0.60;-10;0;288
2014-09-08;2014-09-10;-0.2765;-0.2765;0.6173;0.60;12;0;288
2017-08-07;2017-08-09;-0.2773;-0.2773;0.6465;0.60;-2;0;288
2022-05-05;2022-05-09;-0.2778;-0.2778;0.7231;0.60;-3;0;288
2021-12-14;2021-12-16;-0.2784;-0.2784;0.2089;0.60;12;0;288
2018-03-28;2018-03-30;-0.2797;-0.2816;0.7226;0.60;-6;0;284
2020-03-02;2020-03-04;-0.2814;-0.2814;0.8848;0.60;-1;1;288
2015-01-28;2015-01-30;-0.2819;-0.2819;0.4996;0.60;-4;0;288
2022-07-06;2022-07-08;-0.2825;-0.2825;0.4948;0.60;-12;0;288
2020-12-15;2020-12-17;-0.2827;-0.2827;0.5661;0.60;12;1;288
2015-02-17;2015-02-19;-0.2830;-0.2830;0.5583;0.60;3;1;288
2021-12-28;2021-12-30;-0.2834;-0.2834;0.2446;0.60;1;1;288
2017-08-09;2017-08-11;-0.2834;-0.2834;0.4092;0.60;12;0;288
2015-11-10;2015-11-12;-0.2845;-0.2845;0.3449;0.60;8;0;288
2016-02-24;2016-02-26;-0.2846;-0.2846;0.2751;0.60;10;1;288
2018-01-03;2018-01-05;-0.2847;-0.2847;0.4100;0.60;-8;1;288
2021-01-15;2021-01-19;-0.2850;-0.2855;0.7478;0.60;9;0;287
2018-10-11;2018-10-15;-0.2857;-0.2857;0.5702;0.60;11;1;288
2020-05-20;2020-05-22;-0.2864;-0.2864;0.3781;0.60;12;1;288
2020-07-06;2020-07-08;-0.2865;-0.2870;0.5950;0.60;12;1;287
2023-09-14;2023-09-18;-0.2868;-0.2868;0.7618;0.60;-1;0;288
2025-03-10;2025-03-12;-0.2872;-0.2872;0.6992;0.60;-12;1;288
2020-11-23;2020-11-25;-0.2876;-0.2876;0.6803;0.60;-12;1;288
2012-04-05;2012-04-09;-0.2889;-0.2889;0.7488;0.60;4;0;288
2014-01-23;2014-01-27;-0.2897;-0.2897;0.2817;0.60;-10;1;288
2023-02-27;2023-03-01;-0.2905;-0.2905;0.5899;0.60;12;1;288
2023-01-30;2023-02-01;-0.2906;-0.2906;0.2855;0.60;12;0;288
2013-07-19;2013-07-23;-0.2911;-0.2911;0.7502;0.60;-9;1;288
2020-09-15;2020-09-17;-0.2922;-0.2922;0.8595;0.60;-3;0;288
2018-08-21;2018-08-23;-0.2929;-0.2929;0.6436;0.60;-2;1;288
2021-04-30;2021-05-04;-0.2935;-0.2940;0.5591;0.60;-9;0;287
2015-08-13;2015-08-17;-0.2941;-0.2941;0.5809;0.60;11;0;288
2019-12-12;2019-12-16;-0.2956;-0.2956;0.3465;0.60;-9;1;288
2014-08-26;2014-08-28;-0.2960;-0.2960;0.1676;0.60;-3;0;288
2012-08-06;2012-08-08;-0.2962;-0.2962;0.4438;0.60;-12;0;288
2014-10-01;2014-10-03;-0.2967;-0.2967;0.4475;0.60;12;1;288
2025-09-25;2025-09-29;-0.2968;-0.2968;0.5940;0.60;-12;1;288
2023-05-10;2023-05-12;-0.2970;-0.2970;0.5879;0.60;9;0;288
2023-09-04;2023-09-06;-0.2975;-0.2975;0.7362;0.60;-12;0;288
2024-01-02;2024-01-04;-0.2981;-0.3051;0.9318;0.60;3;0;275
2015-03-02;2015-03-04;-0.2982;-0.2982;0.3273;0.60;12;0;288
2018-11-02;2018-11-06;-0.2993;-0.3014;0.2251;0.60;-1;0;284
2017-08-30;2017-09-01;-0.2996;-0.2996;0.3673;0.60;-12;0;288
2020-06-09;2020-06-11;-0.2999;-0.2999;0.8480;0.60;1;1;288
2012-11-28;2012-11-30;-0.3001;-0.3001;0.8404;0.60;-6;1;288
2023-07-21;2023-07-25;-0.3012;-0.3012;0.7432;0.60;-12;0;288
2017-04-24;2017-04-26;-0.3014;-0.3014;0.7284;0.60;0;1;288
2022-05-13;2022-05-17;-0.3014;-0.3014;0.5533;0.60;11;1;288
2012-07-09;2012-07-11;-0.3031;-0.3031;0.4885;0.60;-1;0;288
2025-08-20;2025-08-22;-0.3041;-0.3041;0.4972;0.60;12;0;288
2025-02-04;2025-02-06;-0.3045;-0.3045;0.7731;0.60;0;1;288
2013-08-16;2013-08-20;-0.3072;-0.3072;0.5452;0.60;12;1;288
2015-08-12;2015-08-14;-0.3073;-0.3073;0.5607;0.60;-12;0;288
2021-03-08;2021-03-10;-0.3073;-0.3073;0.6104;0.60;-12;1;288
2017-08-14;2017-08-16;-0.3075;-0.3075;0.6186;0.60;-12;0;288
2016-04-13;2016-04-15;-0.3081;-0.3081;0.3591;0.60;-10;0;288
2014-01-03;2014-01-07;-0.3097;-0.3097;0.2722;0.60;-12;1;288
2021-04-22;2021-04-26;-0.3099;-0.3104;0.7309;0.60;-12;1;287
2021-08-16;2021-08-18;-0.3107;-0.3124;0.8032;0.60;1;0;285
2022-07-29;2022-08-02;-0.3111;-0.3111;0.7053;0.60;6;1;288
2021-02-17;2021-02-19;-0.3119;-0.3119;0.7942;0.60;-12;1;288
2014-01-21;2014-01-23;-0.3125;-0.3125;0.1537;0.60;12;0;288
2017-05-30;2017-06-01;-0.3150;-0.3150;0.9218;0.60;2;1;288
2024-12-19;2024-12-23;-0.3162;-0.3162;0.5671;0.60;3;1;288
2025-03-26;2025-03-28;-0.3164;-0.3186;0.5475;0.60;-12;1;284
2022-05-12;2022-05-16;-0.3165;-0.3165;0.4968;0.60;-12;1;288
2019-11-29;2019-12-03;-0.3171;-0.3171;0.7751;0.60;-1;1;288
2016-04-27;2016-04-29;-0.3192;-0.3192;0.6475;0.60;12;1;288
2026-04-08;2026-04-10;-0.3200;-0.3200;0.3642;0.60;-12;1;288
2023-02-09;2023-02-13;-0.3205;-0.3205;0.7375;0.60;-4;0;288
2016-12-16;2016-12-20;-0.3209;-0.3209;0.6375;0.60;-12;0;288
2013-09-25;2013-09-27;-0.3223;-0.3223;0.3038;0.60;9;1;288
2015-10-07;2015-10-09;-0.3224;-0.3224;0.4362;0.60;12;1;288
2011-11-15;2011-11-17;-0.3229;-0.3229;0.6918;0.60;-11;0;288
2024-03-19;2024-03-21;-0.3237;-0.3237;0.6718;0.60;-3;1;288
2013-04-02;2013-04-04;-0.3240;-0.3240;0.3327;0.60;6;0;288
2018-09-14;2018-09-18;-0.3244;-0.3250;0.4887;0.60;-12;1;287
2015-07-01;2015-07-03;-0.3247;-0.3247;0.5521;0.60;1;0;288
2013-04-19;2013-04-23;-0.3261;-0.3261;0.7604;0.60;-12;0;288
2011-12-07;2011-12-09;-0.3265;-0.3265;0.7936;0.60;2;0;288
2018-01-17;2018-01-19;-0.3277;-0.3277;0.4235;0.60;-12;1;288
2023-12-15;2023-12-19;-0.3284;-0.3284;0.5874;0.60;-12;1;288
2023-04-21;2023-04-25;-0.3303;-0.3303;0.7707;0.60;1;1;288
2015-12-04;2015-12-08;-0.3307;-0.3307;0.8378;0.60;6;0;288
2021-01-11;2021-01-13;-0.3325;-0.3325;0.3924;0.60;-4;1;288
2012-09-25;2012-09-27;-0.3326;-0.3326;0.7118;0.60;7;0;288
2017-05-02;2017-05-04;-0.3329;-0.3329;0.0536;0.60;12;1;288
2018-08-15;2018-08-17;-0.3348;-0.3348;0.4930;0.60;7;1;288
2018-02-23;2018-02-27;-0.3355;-0.3355;0.1239;0.60;8;0;288
2016-11-04;2016-11-08;-0.3369;-0.3369;0.6431;0.60;7;0;288
2015-11-23;2015-11-25;-0.3385;-0.3385;0.3186;0.60;2;1;288
2022-06-30;2022-07-04;-0.3390;-0.3390;0.3945;0.60;5;0;288
2021-06-18;2021-06-22;-0.3392;-0.3397;0.4934;0.60;-12;1;287
2019-06-27;2019-07-01;-0.3398;-0.3398;0.0553;0.60;12;0;288
2011-03-04;2011-03-08;-0.3413;-0.3413;0.5315;0.60;10;1;288
2021-12-07;2021-12-09;-0.3420;-0.3420;0.6457;0.60;-6;1;288
2023-05-11;2023-05-15;-0.3427;-0.3427;0.5555;0.60;-12;0;288
2015-04-20;2015-04-22;-0.3429;-0.3429;0.7660;0.60;8;0;288
2016-09-06;2016-09-08;-0.3431;-0.3431;0.5971;0.60;-12;1;288
2024-08-21;2024-08-23;-0.3434;-0.3434;0.2772;0.60;12;1;288
2015-05-27;2015-05-29;-0.3447;-0.3447;0.8183;0.60;-9;1;288
2022-03-24;2022-03-28;-0.3465;-0.3496;0.3271;0.60;-11;0;283
2023-05-01;2023-05-03;-0.3477;-0.3477;0.3643;0.60;12;0;288
2022-03-25;2022-03-29;-0.3489;-0.3519;0.3319;0.60;12;0;283
2016-06-09;2016-06-13;-0.3491;-0.3491;0.6115;0.60;-12;0;288
2016-06-10;2016-06-14;-0.3491;-0.3491;0.6115;0.60;12;0;288
2019-09-16;2019-09-18;-0.3500;-0.3500;0.4823;0.60;-12;1;288
2020-10-05;2020-10-07;-0.3503;-0.3503;0.2691;0.60;-12;0;288
2019-01-11;2019-01-15;-0.3503;-0.3503;0.5937;0.60;6;0;288
2020-02-25;2020-02-27;-0.3506;-0.3506;0.5050;0.60;12;1;288
2021-05-18;2021-05-20;-0.3513;-0.3513;0.6156;0.60;11;1;288
2021-05-17;2021-05-19;-0.3518;-0.3518;0.6285;0.60;-12;1;288
2023-09-27;2023-09-29;-0.3534;-0.3534;0.7233;0.60;-12;1;288
2024-11-28;2024-12-02;-0.3542;-0.3542;0.2701;0.60;9;0;288
2025-01-07;2025-01-09;-0.3553;-0.3553;0.7336;0.60;-12;0;288
2019-06-05;2019-06-07;-0.3559;-0.3559;0.3113;0.60;9;1;288
2018-02-09;2018-02-13;-0.3561;-0.3561;0.4475;0.60;12;1;288
2025-03-18;2025-03-20;-0.3567;-0.3567;0.3157;0.60;12;0;288
2012-02-17;2012-02-21;-0.3577;-0.3577;0.7995;0.60;-12;1;288
2025-05-13;2025-05-15;-0.3578;-0.3578;0.5354;0.60;-12;1;288
2022-07-22;2022-07-26;-0.3610;-0.3610;0.3163;0.60;12;1;288
2017-10-06;2017-10-10;-0.3622;-0.3622;0.5156;0.60;9;1;288
2023-10-17;2023-10-19;-0.3650;-0.3650;0.1718;0.60;6;0;288
2025-07-16;2025-07-18;-0.3650;-0.3650;0.2918;0.60;-5;1;288
2014-11-03;2014-11-05;-0.3669;-0.3694;0.5463;0.60;1;1;284
2015-01-09;2015-01-13;-0.3669;-0.3669;0.4845;0.60;12;1;288
2016-08-09;2016-08-11;-0.3671;-0.3671;0.5838;0.60;-12;1;288
2014-04-10;2014-04-14;-0.3696;-0.3696;0.6199;0.60;12;1;288
2017-07-10;2017-07-12;-0.3736;-0.3736;0.6819;0.60;-3;1;288
2013-10-29;2013-10-31;-0.3741;-0.3741;0.5934;0.60;12;0;288
2020-10-01;2020-10-05;-0.3745;-0.3745;0.0297;0.60;12;1;288
2017-11-30;2017-12-04;-0.3747;-0.3747;0.4634;0.60;-12;0;288
2025-02-19;2025-02-21;-0.3761;-0.3761;0.5828;0.60;-3;1;288
2013-10-07;2013-10-09;-0.3773;-0.3773;0.0298;0.60;12;0;288
2012-07-23;2012-07-25;-0.3794;-0.3794;0.6627;0.60;7;0;288
2023-02-28;2023-03-02;-0.3826;-0.3826;0.6694;0.60;7;1;288
2025-06-02;2025-06-04;-0.3837;-0.3837;0.4215;0.60;-12;0;288
2022-02-11;2022-02-15;-0.3845;-0.3845;0.6797;0.60;-5;0;288
2019-10-15;2019-10-17;-0.3851;-0.3851;0.4115;0.60;12;1;288
2023-05-05;2023-05-09;-0.3854;-0.3860;0.5450;0.60;1;0;287
2016-10-04;2016-10-06;-0.3855;-0.3855;0.2039;0.60;8;0;288
2011-12-05;2011-12-07;-0.3855;-0.3855;0.4966;0.60;-7;0;288
2020-10-02;2020-10-06;-0.3860;-0.3860;0.6377;0.60;-12;1;288
2025-08-14;2025-08-18;-0.3874;-0.3874;0.3629;0.60;-12;1;288
2016-07-29;2016-08-02;-0.3878;-0.3878;0.5799;0.60;-12;1;288
2015-06-15;2015-06-17;-0.3882;-0.3882;0.4452;0.60;2;1;288
2013-05-15;2013-05-17;-0.3892;-0.3892;0.4001;0.60;-12;0;288
2012-10-12;2012-10-16;-0.3896;-0.3896;0.4292;0.60;10;1;288
2016-01-07;2016-01-11;-0.3897;-0.3897;0.7637;0.60;-4;1;288
2014-11-28;2014-12-02;-0.3902;-0.3908;0.1329;0.60;12;0;287
2018-09-07;2018-09-11;-0.3903;-0.3903;0.3517;0.60;-12;1;288
2018-12-26;2018-12-28;-0.3909;-0.3923;0.7579;0.60;-12;1;286
2017-06-15;2017-06-19;-0.3910;-0.3910;0.3589;0.60;-12;1;288
2020-01-06;2020-01-08;-0.3913;-0.3913;0.7270;0.60;-12;0;288
2026-01-20;2026-01-22;-0.3929;-0.3929;0.6745;0.60;7;1;288
2012-02-02;2012-02-06;-0.3932;-0.3932;0.6451;0.60;-11;0;288
2021-05-11;2021-05-13;-0.3936;-0.3936;0.7637;0.60;-12;0;288
2019-01-02;2019-01-04;-0.3943;-0.3943;0.5774;0.60;-12;1;288
2014-11-12;2014-11-14;-0.3959;-0.3959;0.1297;0.60;5;0;288
2019-08-23;2019-08-27;-0.3959;-0.3966;0.5070;0.60;-2;1;287
2011-11-16;2011-11-18;-0.3970;-0.3970;0.6355;0.60;12;0;288
2020-05-11;2020-05-13;-0.3984;-0.3984;0.3754;0.60;-12;1;288
2023-05-03;2023-05-05;-0.3993;-0.4000;0.3809;0.60;-12;0;287
2014-06-05;2014-06-09;-0.4017;-0.4024;0.4690;0.60;8;1;287
2018-06-06;2018-06-08;-0.4022;-0.4022;0.7713;0.60;4;1;288
2014-06-26;2014-06-30;-0.4027;-0.4034;0.6833;0.60;-12;1;287
2015-01-20;2015-01-22;-0.4039;-0.4039;0.3230;0.60;12;0;288
2026-06-22;2026-06-24;-0.4046;-0.4046;0.8055;0.60;-12;0;288
2023-04-25;2023-04-27;-0.4048;-0.4048;0.5854;0.60;-12;1;288
2022-07-11;2022-07-13;-0.4055;-0.4055;0.5230;0.60;-10;0;288
2014-12-12;2014-12-16;-0.4073;-0.4073;0.5340;0.60;12;1;288
2014-12-11;2014-12-15;-0.4073;-0.4073;0.5340;0.60;-12;1;288
2026-01-16;2026-01-20;-0.4074;-0.4074;0.4538;0.60;12;1;288
2015-05-26;2015-05-28;-0.4076;-0.4076;0.7327;0.60;6;0;288
2025-09-12;2025-09-16;-0.4079;-0.4079;0.4440;0.60;12;1;288
2017-05-04;2017-05-08;-0.4086;-0.4086;0.7881;0.60;1;1;288
2023-08-21;2023-08-23;-0.4089;-0.4089;0.5819;0.60;-12;0;288
2016-07-14;2016-07-18;-0.4102;-0.4102;0.6298;0.60;-2;0;288
2022-12-08;2022-12-12;-0.4116;-0.4116;0.4726;0.60;12;1;288
2019-02-12;2019-02-14;-0.4123;-0.4123;0.4409;0.60;-12;0;288
2017-12-27;2017-12-29;-0.4135;-0.4530;0.8051;0.60;-12;1;240
2012-04-11;2012-04-13;-0.4155;-0.4155;0.8378;0.60;6;1;288
2016-10-05;2016-10-07;-0.4160;-0.4160;0.7540;0.60;-2;0;288
2021-03-23;2021-03-25;-0.4163;-0.4163;0.7206;0.60;-12;0;288
2025-07-24;2025-07-28;-0.4175;-0.4175;0.2633;0.60;12;0;288
2021-03-05;2021-03-09;-0.4179;-0.4186;0.7558;0.60;-2;0;287
2018-03-06;2018-03-08;-0.4186;-0.4186;0.6965;0.60;6;1;288
2023-03-08;2023-03-10;-0.4192;-0.4192;0.4612;0.60;7;1;288
2021-01-29;2021-02-02;-0.4215;-0.4215;0.5099;0.60;12;0;288
2017-05-29;2017-05-31;-0.4235;-0.4235;0.3012;0.60;12;0;288
2021-11-10;2021-11-12;-0.4247;-0.4247;0.7075;0.60;-12;0;288
2021-12-31;2022-01-04;-0.4251;-0.4342;0.7171;0.60;-12;0;276
2018-10-22;2018-10-24;-0.4256;-0.4263;0.4564;0.60;11;0;287
2013-04-26;2013-04-30;-0.4263;-0.4263;0.7546;0.60;9;1;288
2013-08-20;2013-08-22;-0.4272;-0.4272;0.7549;0.60;-12;0;288
2014-09-25;2014-09-29;-0.4299;-0.4299;0.8180;0.60;3;0;288
2018-01-08;2018-01-10;-0.4302;-0.4302;0.8388;0.60;3;0;288
2018-11-01;2018-11-05;-0.4302;-0.4332;0.1224;0.60;-12;0;284
2017-12-08;2017-12-12;-0.4308;-0.4308;0.1309;0.60;7;1;288
2025-09-23;2025-09-25;-0.4321;-0.4321;0.6203;0.60;8;0;288
2012-04-30;2012-05-02;-0.4322;-0.4322;0.1210;0.60;12;0;288
2012-02-03;2012-02-07;-0.4343;-0.4343;0.6283;0.60;12;0;288
2019-11-04;2019-11-06;-0.4361;-0.4392;0.8669;0.60;1;0;284
2017-10-19;2017-10-23;-0.4367;-0.4367;0.8254;0.60;-12;0;288
2019-09-12;2019-09-16;-0.4368;-0.4368;0.7249;0.60;8;1;288
2022-11-14;2022-11-16;-0.4375;-0.4375;0.7484;0.60;-12;1;288
2016-08-12;2016-08-16;-0.4376;-0.4376;0.4720;0.60;12;1;288
2012-07-10;2012-07-12;-0.4378;-0.4378;0.5888;0.60;12;0;288
2018-03-08;2018-03-12;-0.4378;-0.4378;0.7366;0.60;-4;0;288
2022-12-06;2022-12-08;-0.4378;-0.4378;0.3205;0.60;5;1;288
2018-11-22;2018-11-26;-0.4387;-0.4395;0.6202;0.60;4;0;287
2015-10-23;2015-10-27;-0.4396;-0.4419;0.6695;0.60;0;0;285
2016-05-16;2016-05-18;-0.4398;-0.4398;0.1500;0.60;10;1;288
2022-08-25;2022-08-29;-0.4405;-0.4405;0.5014;0.60;-3;0;288
2023-08-23;2023-08-25;-0.4422;-0.4422;0.6071;0.60;-12;0;288
2013-08-01;2013-08-05;-0.4428;-0.4428;0.5353;0.60;-12;1;288
2015-10-01;2015-10-05;-0.4430;-0.4430;0.7810;0.60;1;1;288
2012-12-12;2012-12-14;-0.4433;-0.4433;0.7668;0.60;6;1;288
2021-06-17;2021-06-21;-0.4439;-0.4446;0.4386;0.60;-10;0;287
2021-01-14;2021-01-18;-0.4439;-0.4447;0.7314;0.60;-12;0;287
2016-11-03;2016-11-07;-0.4449;-0.4449;0.5690;0.60;-12;0;288
2018-08-30;2018-09-03;-0.4453;-0.4453;0.8792;0.60;-1;0;288
2014-09-18;2014-09-22;-0.4463;-0.4463;0.6423;0.60;-12;0;288
2018-10-19;2018-10-23;-0.4472;-0.4480;0.4108;0.60;-12;0;287
2019-09-03;2019-09-05;-0.4488;-0.4488;0.7837;0.60;-12;1;288
2025-08-13;2025-08-15;-0.4506;-0.4506;0.4239;0.60;-2;0;288
2022-02-09;2022-02-11;-0.4507;-0.4507;0.2039;0.60;12;1;288
2017-09-08;2017-09-12;-0.4541;-0.4549;0.7418;0.60;-12;0;287
2020-04-03;2020-04-07;-0.4543;-0.4543;0.5753;0.60;9;0;288
2021-07-27;2021-07-29;-0.4543;-0.4543;0.7094;0.60;-2;1;288
2023-06-29;2023-07-03;-0.4561;-0.4561;0.4755;0.60;12;0;288
2023-10-02;2023-10-04;-0.4564;-0.4564;0.7946;0.60;-2;0;288
2014-04-04;2014-04-08;-0.4576;-0.4576;0.3721;0.60;8;1;288
2016-05-12;2016-05-16;-0.4585;-0.4585;0.6989;0.60;-12;0;288
2016-06-27;2016-06-29;-0.4594;-0.4594;0.7972;0.60;-11;1;288
2025-01-13;2025-01-15;-0.4596;-0.4596;0.7915;0.60;-12;1;288
2012-10-11;2012-10-15;-0.4598;-0.4598;0.8307;0.60;4;1;288
2024-08-22;2024-08-26;-0.4603;-0.4603;0.6011;0.60;-12;1;288
2012-10-23;2012-10-25;-0.4605;-0.4605;0.8529;0.60;4;0;288
2026-04-13;2026-04-15;-0.4608;-0.4608;0.7103;0.60;-12;1;288
2015-05-14;2015-05-18;-0.4629;-0.4629;0.6412;0.60;6;1;288
2013-04-01;2013-04-03;-0.4631;-0.4631;0.2223;0.60;-12;0;288
2020-08-20;2020-08-24;-0.4638;-0.4638;0.6579;0.60;5;0;288
2023-06-07;2023-06-09;-0.4651;-0.4651;0.8021;0.60;0;1;288
2016-05-26;2016-05-30;-0.4661;-0.4661;0.6627;0.60;-3;0;288
2011-04-22;2011-04-26;-0.4662;-0.4694;0.3006;0.60;9;1;284
2024-11-26;2024-11-28;-0.4664;-0.4664;0.7976;0.60;5;1;288
2016-06-01;2016-06-03;-0.4665;-0.4665;0.4798;0.60;12;1;288
2024-01-30;2024-02-01;-0.4679;-0.4679;0.1157;0.60;12;1;288
2014-01-09;2014-01-13;-0.4714;-0.4714;0.7149;0.60;-10;1;288
2016-01-29;2016-02-02;-0.4719;-0.4719;0.7285;0.60;-12;1;288
2022-06-22;2022-06-24;-0.4728;-0.4736;0.4142;0.60;-1;1;287
2025-09-08;2025-09-10;-0.4732;-0.4732;0.5326;0.60;-12;0;288
2021-01-12;2021-01-14;-0.4746;-0.4746;0.4497;0.60;-12;0;288
2018-07-20;2018-07-24;-0.4746;-0.4746;0.3154;0.60;-12;0;288
2018-01-25;2018-01-29;-0.4754;-0.4754;0.5390;0.60;10;1;288
2018-04-20;2018-04-24;-0.4759;-0.4767;0.7187;0.60;-12;0;287
2016-08-16;2016-08-18;-0.4762;-0.4762;0.6103;0.60;-12;1;288
2013-02-11;2013-02-13;-0.4772;-0.4772;0.6476;0.60;-10;1;288
2020-08-28;2020-09-01;-0.4794;-0.4794;0.6619;0.60;-9;1;288
2016-08-22;2016-08-24;-0.4797;-0.4797;0.5131;0.60;-12;0;288
2014-02-25;2014-02-27;-0.4829;-0.4829;0.6513;0.60;-11;0;288
2012-04-18;2012-04-20;-0.4830;-0.4830;0.1472;0.60;12;0;288
2020-12-16;2020-12-18;-0.4849;-0.4857;0.6218;0.60;-10;1;287
2017-01-25;2017-01-27;-0.4854;-0.4854;0.5961;0.60;0;0;288
2011-04-20;2011-04-22;-0.4871;-0.4905;0.6583;0.60;-12;1;284
2011-08-24;2011-08-26;-0.4897;-0.4897;0.3176;0.60;5;0;288
2019-01-30;2019-02-01;-0.4903;-0.4903;0.5110;0.60;12;1;288
2022-07-28;2022-08-01;-0.4915;-0.4915;0.8054;0.60;-8;1;288
2014-09-26;2014-09-30;-0.4940;-0.4940;0.5942;0.60;12;0;288
2018-06-29;2018-07-03;-0.4942;-0.4942;0.2177;0.60;-12;0;288
2016-01-13;2016-01-15;-0.4952;-0.4952;0.6616;0.60;-12;1;288
2011-12-16;2011-12-20;-0.4958;-0.4958;0.0018;0.60;12;1;288
2018-07-31;2018-08-02;-0.4960;-0.4960;0.4392;0.60;12;0;288
2017-04-12;2017-04-14;-0.4964;-0.4964;0.3271;0.60;12;1;288
2020-04-07;2020-04-09;-0.4968;-0.4968;0.7473;0.60;7;1;288
2015-11-17;2015-11-19;-0.4969;-0.4969;0.4787;0.60;12;0;288
2023-12-27;2023-12-29;-0.4970;-0.5445;0.4040;0.60;-12;0;240
2020-05-28;2020-06-01;-0.4982;-0.4982;0.7460;0.60;-12;1;288
2024-09-27;2024-10-01;-0.4985;-0.4985;0.2371;0.60;11;0;288
2021-07-13;2021-07-15;-0.4987;-0.4987;0.2698;0.60;-12;1;288
2020-06-16;2020-06-18;-0.4990;-0.4990;0.8842;0.60;4;0;288
2017-09-26;2017-09-28;-0.4992;-0.4992;0.3983;0.60;-10;0;288
2019-09-11;2019-09-13;-0.5004;-0.5004;0.7395;0.60;-12;1;288
2013-10-02;2013-10-04;-0.5011;-0.5011;0.8278;0.60;-1;1;288
2014-04-01;2014-04-03;-0.5015;-0.5015;0.0946;0.60;8;0;288
2023-02-16;2023-02-20;-0.5061;-0.5061;0.3792;0.60;12;0;288
2017-05-23;2017-05-25;-0.5078;-0.5078;0.4530;0.60;5;0;288
2023-11-30;2023-12-04;-0.5096;-0.5096;0.6234;0.60;-12;0;288
2021-07-12;2021-07-14;-0.5097;-0.5106;0.7590;0.60;0;0;287
2014-02-26;2014-02-28;-0.5126;-0.5126;0.6402;0.60;12;0;288
2022-03-11;2022-03-15;-0.5129;-0.5129;0.4896;0.60;-12;1;288
2023-10-12;2023-10-16;-0.5138;-0.5138;0.8941;0.60;-1;0;288
2015-02-18;2015-02-20;-0.5146;-0.5146;0.4610;0.60;10;0;288
2017-11-16;2017-11-20;-0.5162;-0.5162;0.2441;0.60;6;0;288
2014-02-11;2014-02-13;-0.5184;-0.5184;0.5843;0.60;4;0;288
2013-07-11;2013-07-15;-0.5197;-0.5197;0.1903;0.60;-12;0;288
2012-03-28;2012-03-30;-0.5198;-0.5198;0.3923;0.60;10;0;288
2017-11-24;2017-11-28;-0.5200;-0.5200;0.6787;0.60;6;1;288
2019-09-13;2019-09-17;-0.5213;-0.5213;0.6827;0.60;0;0;288
2015-12-22;2015-12-24;-0.5224;-0.5871;0.2450;0.60;-12;0;228
2022-04-28;2022-05-02;-0.5227;-0.5236;0.2304;0.60;-12;1;287
2018-03-14;2018-03-16;-0.5231;-0.5231;0.7754;0.60;7;0;288
2014-01-16;2014-01-20;-0.5243;-0.5243;0.7679;0.60;-1;0;288
2021-03-19;2021-03-23;-0.5257;-0.5294;0.1361;0.60;8;1;284
2019-09-24;2019-09-26;-0.5286;-0.5286;0.4900;0.60;5;0;288
2020-10-16;2020-10-20;-0.5334;-0.5343;0.6699;0.60;11;1;287
2014-02-05;2014-02-07;-0.5339;-0.5339;0.7397;0.60;5;1;288
2016-01-12;2016-01-14;-0.5347;-0.5347;0.3947;0.60;12;0;288
2018-03-13;2018-03-15;-0.5364;-0.5364;0.4410;0.60;5;1;288
2024-06-13;2024-06-17;-0.5366;-0.5376;0.5425;0.60;-12;0;287
2012-07-18;2012-07-20;-0.5380;-0.5380;0.1074;0.60;12;1;288
2012-08-30;2012-09-03;-0.5380;-0.5380;0.5696;0.60;7;1;288
2022-11-16;2022-11-18;-0.5400;-0.5400;0.4224;0.60;-3;0;288
2012-10-17;2012-10-19;-0.5403;-0.5403;0.7549;0.60;-12;0;288
2021-04-02;2021-04-06;-0.5405;-0.5414;0.3786;0.60;7;1;287
2013-12-18;2013-12-20;-0.5419;-0.5419;0.8050;0.60;-11;0;288
2012-05-10;2012-05-14;-0.5421;-0.5421;0.4000;0.60;12;0;288
2022-12-09;2022-12-13;-0.5436;-0.5436;0.1814;0.60;8;0;288
2018-01-04;2018-01-08;-0.5443;-0.5443;0.3616;0.60;12;1;288
2021-06-10;2021-06-14;-0.5462;-0.5462;0.7015;0.60;4;0;288
2016-11-23;2016-11-25;-0.5471;-0.5471;0.6407;0.60;1;0;288
2014-05-09;2014-05-13;-0.5481;-0.5481;0.5358;0.60;-12;0;288
2011-08-22;2011-08-24;-0.5484;-0.5484;0.5376;0.60;-12;1;288
2016-08-03;2016-08-05;-0.5490;-0.5490;0.8061;0.60;9;0;288
2017-12-26;2017-12-28;-0.5497;-0.5497;0.7524;0.60;-10;1;288
2017-01-31;2017-02-02;-0.5509;-0.5509;0.6804;0.60;-4;1;288
2020-11-09;2020-11-11;-0.5513;-0.5513;0.6302;0.60;-12;0;288
2016-07-15;2016-07-19;-0.5521;-0.5521;0.5928;0.60;9;0;288
2019-01-23;2019-01-25;-0.5522;-0.5522;0.4792;0.60;7;0;288
2011-04-01;2011-04-05;-0.5530;-0.5530;0.6105;0.60;-4;1;288
2017-01-26;2017-01-30;-0.5546;-0.5546;0.5612;0.60;10;0;288
2016-01-08;2016-01-12;-0.5555;-0.5555;0.4203;0.60;7;0;288
2014-01-30;2014-02-03;-0.5558;-0.5558;0.6087;0.60;-12;0;288
2014-08-15;2014-08-19;-0.5563;-0.5563;0.0049;0.60;12;0;288
2012-07-27;2012-07-31;-0.5570;-0.5570;0.4430;0.60;-10;0;288
2019-01-14;2019-01-16;-0.5571;-0.5571;0.6951;0.60;4;0;288
2020-04-23;2020-04-27;-0.5577;-0.5587;0.5552;0.60;-12;1;287
2012-08-09;2012-08-13;-0.5597;-0.5597;0.7684;0.60;4;0;288
2014-01-13;2014-01-15;-0.5613;-0.5613;0.2241;0.60;12;1;288
2023-03-24;2023-03-28;-0.5644;-0.5684;0.7197;0.60;-10;1;284
2013-07-18;2013-07-22;-0.5667;-0.5667;0.7879;0.60;-12;1;288
2023-06-20;2023-06-22;-0.5673;-0.5673;0.6528;0.60;-5;1;288
2012-03-21;2012-03-23;-0.5697;-0.5697;0.6266;0.60;6;0;288
2022-10-12;2022-10-14;-0.5707;-0.5707;0.6406;0.60;-4;1;288
2026-01-01;2026-01-05;-0.5712;-0.7225;0.2972;0.60;12;0;180
2021-01-08;2021-01-12;-0.5725;-0.5745;0.7436;0.60;-8;0;286
2026-03-03;2026-03-05;-0.5733;-0.5733;0.0820;0.60;-11;1;288
2020-07-28;2020-07-30;-0.5734;-0.5734;0.3724;0.60;4;1;288
2018-05-09;2018-05-11;-0.5734;-0.5734;0.5349;0.60;9;1;288
2024-08-19;2024-08-21;-0.5741;-0.5741;0.8433;0.60;-2;1;288
2022-03-15;2022-03-17;-0.5752;-0.5752;0.6088;0.60;12;1;288
2022-06-14;2022-06-16;-0.5757;-0.5757;0.2651;0.60;9;1;288
2011-04-28;2011-05-02;-0.5759;-0.5769;0.2732;0.60;-2;0;287
2016-12-15;2016-12-19;-0.5771;-0.5771;0.6437;0.60;1;0;288
2020-08-14;2020-08-18;-0.5782;-0.5782;0.5502;0.60;11;1;288
2020-12-21;2020-12-23;-0.5789;-0.5789;0.3743;0.60;-12;0;288
2012-07-12;2012-07-16;-0.5796;-0.5796;0.4444;0.60;12;0;288
2017-07-18;2017-07-20;-0.5803;-0.5803;0.5845;0.60;11;1;288
2015-08-14;2015-08-18;-0.5810;-0.5810;0.7507;0.60;-12;0;288
2014-04-07;2014-04-09;-0.5824;-0.5824;0.8662;0.60;5;1;288
2015-07-02;2015-07-06;-0.5831;-0.5831;0.4935;0.60;-7;0;288
2020-06-01;2020-06-03;-0.5844;-0.5844;0.6523;0.60;12;1;288
2015-07-22;2015-07-24;-0.5856;-0.5856;0.6214;0.60;-8;1;288
2026-03-04;2026-03-06;-0.5867;-0.5867;0.1876;0.60;0;0;288
2018-10-31;2018-11-02;-0.5884;-0.5925;0.8333;0.60;-12;1;284
2021-04-16;2021-04-20;-0.5885;-0.5895;0.6924;0.60;-12;1;287
2020-03-03;2020-03-05;-0.5886;-0.5886;0.1587;0.60;10;0;288
2016-10-28;2016-11-01;-0.5889;-0.5920;0.5964;0.60;12;1;285
2013-08-06;2013-08-08;-0.5899;-0.5899;0.7216;0.60;7;1;288
2012-09-24;2012-09-26;-0.5912;-0.5912;0.5987;0.60;-12;0;288
2015-12-10;2015-12-14;-0.5919;-0.5919;0.4682;0.60;8;0;288
2011-11-03;2011-11-07;-0.5920;-0.5962;0.5443;0.60;-12;0;284
2021-05-07;2021-05-11;-0.5929;-0.5940;0.6712;0.60;-4;1;287
2025-07-18;2025-07-22;-0.5931;-0.5931;0.7842;0.60;7;1;288
2025-02-06;2025-02-10;-0.5933;-0.5933;0.7165;0.60;3;0;288
2016-03-08;2016-03-10;-0.5935;-0.5935;0.3574;0.60;7;0;288
2018-04-18;2018-04-20;-0.5936;-0.5936;0.0552;0.60;12;0;288
2014-02-06;2014-02-10;-0.5945;-0.5945;0.9254;0.60;-1;1;288
2018-01-24;2018-01-26;-0.5945;-0.5945;0.5978;0.60;-12;1;288
2013-08-09;2013-08-13;-0.5954;-0.5954;0.7438;0.60;-12;0;288
2015-08-31;2015-09-02;-0.5954;-0.5954;0.5598;0.60;-3;1;288
2024-11-11;2024-11-13;-0.5965;-0.5965;0.9014;0.60;5;0;288
2022-08-22;2022-08-24;-0.5968;-0.5968;0.6277;0.60;-4;0;288
2023-10-31;2023-11-02;-0.5985;-0.5985;0.5153;0.60;12;0;288
2023-10-30;2023-11-01;-0.5985;-0.5985;0.5153;0.60;-12;0;288
2019-06-28;2019-07-02;-0.6006;-0.6006;0.8310;0.60;-5;0;288
2016-01-19;2016-01-21;-0.6014;-0.6014;0.2999;0.60;12;1;288
2016-11-14;2016-11-16;-0.6029;-0.6029;0.7243;0.60;0;0;288
2025-01-10;2025-01-14;-0.6036;-0.6036;0.7391;0.60;8;0;288
2013-03-20;2013-03-22;-0.6042;-0.6042;0.4772;0.60;8;1;288
2011-12-06;2011-12-08;-0.6042;-0.6042;0.3806;0.60;12;0;288
2020-07-07;2020-07-09;-0.6050;-0.6050;0.4690;0.60;-3;1;288
2022-01-12;2022-01-14;-0.6051;-0.6051;0.7877;0.60;-2;1;288
2017-03-24;2017-03-28;-0.6058;-0.6101;0.8294;0.60;3;1;284
2022-08-04;2022-08-08;-0.6064;-0.6064;0.3781;0.60;-12;0;288
2012-07-30;2012-08-01;-0.6067;-0.6067;0.4351;0.60;12;0;288
2021-02-16;2021-02-18;-0.6071;-0.6071;0.8235;0.60;-1;0;288
2017-02-16;2017-02-20;-0.6074;-0.6074;0.5033;0.60;-10;0;288
2020-04-13;2020-04-15;-0.6082;-0.6103;0.3420;0.60;10;1;286
2012-09-21;2012-09-25;-0.6086;-0.6086;0.7511;0.60;-8;0;288
2022-09-01;2022-09-05;-0.6091;-0.6091;0.8479;0.60;-4;0;288
2021-12-30;2022-01-03;-0.6091;-0.6222;0.1813;0.60;5;1;276
2011-02-28;2011-03-02;-0.6098;-0.6098;0.6447;0.60;10;1;288
2014-09-29;2014-10-01;-0.6102;-0.6102;0.7724;0.60;-12;0;288
2023-06-22;2023-06-26;-0.6102;-0.6102;0.6486;0.60;-12;0;288
2013-05-07;2013-05-09;-0.6113;-0.6113;0.7733;0.60;4;1;288
2025-10-09;2025-10-13;-0.6119;-0.6119;0.4602;0.60;5;0;288
2015-04-17;2015-04-21;-0.6125;-0.6125;0.7596;0.60;-12;0;288
2025-04-14;2025-04-16;-0.6133;-0.6133;0.6114;0.60;1;0;288
2022-11-23;2022-11-25;-0.6142;-0.6142;0.7532;0.60;-5;1;288
2013-02-26;2013-02-28;-0.6143;-0.6143;0.5875;0.60;2;1;288
2018-05-24;2018-05-28;-0.6157;-0.6157;0.2146;0.60;12;0;288
2011-03-03;2011-03-07;-0.6163;-0.6163;0.5889;0.60;-12;1;288
2020-09-28;2020-09-30;-0.6164;-0.6164;0.6406;0.60;-12;1;288
2021-05-05;2021-05-07;-0.6192;-0.6192;0.4490;0.60;11;1;288
2018-02-07;2018-02-09;-0.6193;-0.6193;0.4581;0.60;-12;0;288
2013-05-17;2013-05-21;-0.6203;-0.6203;0.5827;0.60;-10;1;288
2015-06-11;2015-06-15;-0.6206;-0.6206;0.7948;0.60;7;0;288
2023-06-27;2023-06-29;-0.6210;-0.6210;0.3087;0.60;12;1;288
2025-05-20;2025-05-22;-0.6244;-0.6244;0.6107;0.60;-8;1;288
2025-06-25;2025-06-27;-0.6252;-0.6252;0.7995;0.60;-12;1;288
2020-07-27;2020-07-29;-0.6253;-0.6253;0.4599;0.60;-2;1;288
2013-11-08;2013-11-12;-0.6257;-0.6257;0.5745;0.60;-12;1;288
2012-04-19;2012-04-23;-0.6263;-0.6263;0.7180;0.60;5;1;288
2023-07-10;2023-07-12;-0.6270;-0.6270;0.5506;0.60;8;1;288
2017-07-17;2017-07-19;-0.6271;-0.6271;0.6028;0.60;-12;1;288
2025-12-10;2025-12-12;-0.6277;-0.6277;0.7138;0.60;-12;1;288
2017-05-22;2017-05-24;-0.6293;-0.6293;0.4412;0.60;-12;0;288
2012-12-31;2013-01-02;-0.6300;-0.7716;0.4822;0.60;-3;1;192
2017-02-15;2017-02-17;-0.6302;-0.6302;0.8231;0.60;-4;1;288
2020-07-13;2020-07-15;-0.6303;-0.6303;0.6821;0.60;-12;1;288
2017-02-14;2017-02-16;-0.6306;-0.6306;0.3410;0.60;12;0;288
2016-11-28;2016-11-30;-0.6308;-0.6308;0.2605;0.60;-12;1;288
2016-11-29;2016-12-01;-0.6308;-0.6308;0.2605;0.60;12;1;288
2018-10-23;2018-10-25;-0.6322;-0.6322;0.6761;0.60;8;0;288
2013-11-05;2013-11-07;-0.6331;-0.6331;0.1023;0.60;11;1;288
2022-10-19;2022-10-21;-0.6335;-0.6335;0.6945;0.60;4;0;288
2012-05-24;2012-05-28;-0.6336;-0.6336;0.3536;0.60;5;0;288
2025-08-04;2025-08-06;-0.6337;-0.6337;0.0472;0.60;8;1;288
2025-05-26;2025-05-28;-0.6345;-0.6345;0.6625;0.60;4;0;288
2013-02-12;2013-02-14;-0.6415;-0.6415;0.6016;0.60;12;1;288
2014-01-02;2014-01-06;-0.6415;-0.6415;0.5671;0.60;-12;0;288
2015-09-11;2015-09-15;-0.6423;-0.6423;0.3768;0.60;5;1;288
2012-11-02;2012-11-06;-0.6441;-0.6486;0.5966;0.60;-9;0;284
2018-08-14;2018-08-16;-0.6470;-0.6470;0.5809;0.60;1;0;288
2020-07-09;2020-07-13;-0.6487;-0.6498;0.3662;0.60;8;0;287
2026-02-05;2026-02-09;-0.6503;-0.6503;0.1788;0.60;11;1;288
2025-10-29;2025-10-31;-0.6512;-0.6512;0.7397;0.60;9;0;288
2023-08-28;2023-08-30;-0.6527;-0.6527;0.5116;0.60;12;1;288
2018-03-22;2018-03-26;-0.6535;-0.6592;0.5390;0.60;12;1;283
2012-02-21;2012-02-23;-0.6537;-0.6537;0.2023;0.60;9;1;288
2023-09-25;2023-09-27;-0.6551;-0.6551;0.7268;0.60;9;0;288
2025-05-06;2025-05-08;-0.6572;-0.6572;0.3472;0.60;8;1;288
2017-05-17;2017-05-19;-0.6580;-0.6580;0.5195;0.60;12;1;288
2017-05-16;2017-05-18;-0.6580;-0.6580;0.5195;0.60;-12;1;288
2025-02-05;2025-02-07;-0.6585;-0.6585;0.0279;0.60;6;0;288
2017-08-17;2017-08-21;-0.6631;-0.6642;0.2468;0.60;6;0;287
2021-11-26;2021-11-30;-0.6634;-0.6657;0.4579;0.60;-12;1;286
2017-05-05;2017-05-09;-0.6653;-0.6653;0.5622;0.60;7;0;288
2014-04-28;2014-04-30;-0.6668;-0.6668;0.3198;0.60;0;0;288
2017-02-17;2017-02-21;-0.6671;-0.6671;0.5690;0.60;12;0;288
2014-08-18;2014-08-20;-0.6697;-0.6697;0.6351;0.60;12;0;288
2013-08-19;2013-08-21;-0.6699;-0.6699;0.7961;0.60;3;1;288
2024-09-23;2024-09-25;-0.6708;-0.6708;0.5609;0.60;-9;1;288
2013-09-12;2013-09-16;-0.6722;-0.6722;0.6361;0.60;-7;1;288
2022-01-17;2022-01-19;-0.6739;-0.6739;0.7957;0.60;0;0;288
2011-12-01;2011-12-05;-0.6741;-0.6741;0.5587;0.60;-1;0;288
2022-08-02;2022-08-04;-0.6756;-0.6756;0.8492;0.60;3;0;288
2017-07-13;2017-07-17;-0.6758;-0.6758;0.4022;0.60;8;1;288
2013-01-15;2013-01-17;-0.6783;-0.6783;0.7363;0.60;10;0;288
2012-10-05;2012-10-09;-0.6797;-0.6797;0.5321;0.60;9;0;288
2013-06-25;2013-06-27;-0.6798;-0.6798;0.6213;0.60;-12;0;288
2018-07-26;2018-07-30;-0.6825;-0.6837;0.6864;0.60;6;0;287
2021-03-02;2021-03-04;-0.6833;-0.6833;0.3321;0.60;5;1;288
2018-09-20;2018-09-24;-0.6834;-0.6834;0.5202;0.60;-4;1;288
2021-05-14;2021-05-18;-0.6835;-0.6859;0.7371;0.60;12;1;286
2013-08-08;2013-08-12;-0.6840;-0.6840;0.7406;0.60;-12;0;288
2015-09-08;2015-09-10;-0.6841;-0.6841;0.2405;0.60;12;1;288
2015-04-24;2015-04-28;-0.6847;-0.6847;0.6772;0.60;7;1;288
2025-05-23;2025-05-27;-0.6854;-0.6854;0.5457;0.60;-3;1;288
2024-09-24;2024-09-26;-0.6863;-0.6863;0.5179;0.60;10;1;288
2018-05-21;2018-05-23;-0.6898;-0.6910;0.1383;0.60;12;1;287
2018-04-06;2018-04-10;-0.6903;-0.6903;0.6596;0.60;10;1;288
2016-10-06;2016-10-10;-0.6903;-0.6903;0.5757;0.60;12;0;288
2026-06-05;2026-06-09;-0.6912;-0.6912;0.7630;0.60;-3;0;288
2019-02-11;2019-02-13;-0.6912;-0.6912;0.3401;0.60;12;0;288
2021-03-01;2021-03-03;-0.6922;-0.6922;0.3054;0.60;-8;1;288
2018-11-19;2018-11-21;-0.6939;-0.6939;0.5509;0.60;-12;0;288
2025-06-18;2025-06-20;-0.6949;-0.6949;0.2450;0.60;-12;1;288
2022-11-24;2022-11-28;-0.6962;-0.6962;0.3817;0.60;3;0;288
2018-04-27;2018-05-01;-0.6969;-0.6969;0.4768;0.60;8;0;288
2015-05-20;2015-05-22;-0.6983;-0.6983;0.2111;0.60;8;0;288
2018-09-12;2018-09-14;-0.6993;-0.7005;0.8594;0.60;-1;1;287
2021-05-19;2021-05-21;-0.6994;-0.6994;0.1211;0.60;12;0;288
2026-05-13;2026-05-15;-0.7013;-0.7013;0.5861;0.60;12;0;288
2015-09-30;2015-10-02;-0.7025;-0.7025;0.7180;0.60;9;0;288
2024-01-23;2024-01-25;-0.7031;-0.7031;0.2644;0.60;0;0;288
2013-12-27;2013-12-31;-0.7041;-0.7041;0.7910;0.60;5;1;288
2017-07-05;2017-07-07;-0.7075;-0.7075;0.7056;0.60;-7;1;288
2022-12-01;2022-12-05;-0.7079;-0.7079;0.8396;0.60;-5;1;288
2018-01-09;2018-01-11;-0.7085;-0.7085;0.1753;0.60;12;0;288
2026-03-05;2026-03-09;-0.7113;-0.7113;0.6758;0.60;7;0;288
2016-08-02;2016-08-04;-0.7134;-0.7134;0.7640;0.60;-12;0;288
2017-02-03;2017-02-07;-0.7143;-0.7143;0.5990;0.60;12;0;288
2015-03-24;2015-03-26;-0.7150;-0.7150;0.5065;0.60;7;1;288
2015-12-17;2015-12-21;-0.7156;-0.7156;0.7446;0.60;12;0;288
2015-12-16;2015-12-18;-0.7156;-0.7156;0.7446;0.60;-12;0;288
2022-08-03;2022-08-05;-0.7159;-0.7159;0.5819;0.60;4;1;288
2022-06-02;2022-06-06;-0.7164;-0.7177;0.5865;0.60;-1;1;287
2014-12-15;2014-12-17;-0.7166;-0.7166;0.5219;0.60;8;1;288
2023-11-16;2023-11-20;-0.7170;-0.7170;0.6216;0.60;6;1;288
2015-05-19;2015-05-21;-0.7183;-0.7183;0.3517;0.60;-11;0;288
2020-08-17;2020-08-19;-0.7189;-0.7189;0.7691;0.60;2;1;288
2018-06-12;2018-06-14;-0.7193;-0.7193;0.2151;0.60;12;0;288
2025-07-17;2025-07-21;-0.7195;-0.7195;0.1330;0.60;12;1;288
2013-01-14;2013-01-16;-0.7200;-0.7200;0.7329;0.60;-12;0;288
2021-02-26;2021-03-02;-0.7208;-0.7208;0.6175;0.60;-10;0;288
2011-02-14;2011-02-16;-0.7243;-0.7243;0.7083;0.60;-9;1;288
2011-05-02;2011-05-04;-0.7297;-0.7310;0.3318;0.60;12;0;287
2012-10-31;2012-11-02;-0.7297;-0.7297;0.2735;0.60;12;0;288
2012-09-17;2012-09-19;-0.7299;-0.7299;0.7181;0.60;-1;0;288
2015-01-27;2015-01-29;-0.7340;-0.7340;0.4868;0.60;-12;0;288
2012-11-05;2012-11-07;-0.7355;-0.7407;0.3847;0.60;10;0;284
2013-09-09;2013-09-11;-0.7359;-0.7359;0.8496;0.60;-1;1;288
2022-03-17;2022-03-21;-0.7409;-0.7461;0.6730;0.60;-12;0;284
2025-01-23;2025-01-27;-0.7418;-0.7418;0.6730;0.60;-12;1;288
2011-12-30;2012-01-03;-0.7430;-0.7896;0.2726;0.60;12;1;255
2023-12-26;2023-12-28;-0.7438;-0.7544;0.7618;0.60;-4;1;280
2025-08-12;2025-08-14;-0.7443;-0.7443;0.7235;0.60;-1;1;288
2011-11-25;2011-11-29;-0.7448;-0.7448;0.8355;0.60;-10;1;288
2018-04-26;2018-04-30;-0.7478;-0.7478;0.5476;0.60;-9;0;288
2016-04-19;2016-04-21;-0.7498;-0.7498;0.6008;0.60;-10;0;288
2014-03-13;2014-03-17;-0.7501;-0.7554;0.4498;0.60;-3;0;284
2018-08-22;2018-08-24;-0.7520;-0.7520;0.1182;0.60;6;0;288
2013-10-15;2013-10-17;-0.7536;-0.7536;0.4674;0.60;12;0;288
2020-11-06;2020-11-10;-0.7547;-0.7547;0.6328;0.60;-12;0;288
2011-03-21;2011-03-23;-0.7552;-0.7605;0.5368;0.60;11;1;284
2012-03-26;2012-03-28;-0.7582;-0.7582;0.7208;0.60;-2;1;288
2026-01-21;2026-01-23;-0.7625;-0.7625;0.3301;0.60;4;1;288
2014-07-14;2014-07-16;-0.7660;-0.7660;0.2487;0.60;12;0;288
2023-08-10;2023-08-14;-0.7671;-0.7671;0.7584;0.60;-4;0;288
2020-04-08;2020-04-10;-0.7693;-0.7720;0.7136;0.60;-12;1;286
2018-08-13;2018-08-15;-0.7695;-0.7695;0.6322;0.60;-12;0;288
2011-02-25;2011-03-01;-0.7697;-0.7697;0.5869;0.60;-12;1;288
2013-01-28;2013-01-30;-0.7699;-0.7699;0.1367;0.60;12;1;288
2025-06-27;2025-07-01;-0.7702;-0.7702;0.7201;0.60;-12;1;288
2011-11-17;2011-11-21;-0.7708;-0.7708;0.5275;0.60;9;1;288
2020-04-02;2020-04-06;-0.7718;-0.7718;0.6232;0.60;-12;0;288
2018-01-31;2018-02-02;-0.7734;-0.7734;0.6775;0.60;2;1;288
2012-11-15;2012-11-19;-0.7748;-0.7748;0.1192;0.60;6;1;288
2024-08-15;2024-08-19;-0.7750;-0.7750;0.2142;0.60;12;0;288
2014-06-06;2014-06-10;-0.7750;-0.7763;0.6934;0.60;6;0;287
2018-05-22;2018-05-24;-0.7773;-0.7773;0.6656;0.60;-12;0;288
2017-05-11;2017-05-15;-0.7774;-0.7774;0.4417;0.60;12;1;288
2022-09-05;2022-09-07;-0.7792;-0.7792;0.3423;0.60;5;0;288
2013-06-24;2013-06-26;-0.7798;-0.7798;0.4573;0.60;9;0;288
2022-06-29;2022-07-01;-0.7798;-0.7798;0.5547;0.60;-9;0;288
2025-10-10;2025-10-14;-0.7804;-0.7804;0.1183;0.60;8;1;288
2013-10-01;2013-10-03;-0.7810;-0.7810;0.6091;0.60;7;1;288
2018-12-20;2018-12-24;-0.7818;-0.8564;0.5233;0.60;-9;0;240
2020-08-31;2020-09-02;-0.7837;-0.7837;0.5790;0.60;12;1;288
2012-08-22;2012-08-24;-0.7843;-0.7843;0.7606;0.60;-5;1;288
2023-06-01;2023-06-05;-0.7844;-0.7858;0.4527;0.60;-12;0;287
2024-09-11;2024-09-13;-0.7850;-0.7850;0.6194;0.60;-9;1;288
2022-05-10;2022-05-12;-0.7861;-0.7861;0.2537;0.60;12;0;288
2022-10-18;2022-10-20;-0.7896;-0.7896;0.6682;0.60;3;0;288
2017-01-09;2017-01-11;-0.7916;-0.7916;0.3360;0.60;11;1;288
2020-08-26;2020-08-28;-0.7931;-0.7931;0.0059;0.60;12;0;288
2020-11-02;2020-11-04;-0.7942;-0.7998;0.6325;0.60;6;1;284
2012-12-07;2012-12-11;-0.7944;-0.7944;0.4333;0.60;8;0;288
2021-05-20;2021-05-24;-0.7961;-0.7989;0.0783;0.60;-5;1;286
2016-03-07;2016-03-09;-0.7962;-0.7962;0.2802;0.60;-2;1;288
2016-09-20;2016-09-22;-0.7963;-0.7963;0.5699;0.60;-12;1;288
2012-01-06;2012-01-10;-0.7966;-0.7966;0.5455;0.60;-12;1;288
2022-07-01;2022-07-05;-0.7975;-0.7975;0.3484;0.60;12;0;288
2025-06-12;2025-06-16;-0.7979;-0.7979;0.2474;0.60;-11;0;288
2016-04-20;2016-04-22;-0.8003;-0.8003;0.6152;0.60;12;0;288
2015-06-10;2015-06-12;-0.8016;-0.8016;0.7888;0.60;-12;0;288
2025-10-14;2025-10-16;-0.8027;-0.8027;0.8352;0.60;-3;1;288
2024-02-02;2024-02-06;-0.8031;-0.8031;0.6020;0.60;-12;0;288
2017-03-08;2017-03-10;-0.8031;-0.8031;0.2381;0.60;8;1;288
2013-10-22;2013-10-24;-0.8037;-0.8037;0.4823;0.60;-12;1;288
2012-07-31;2012-08-02;-0.8051;-0.8051;0.3693;0.60;12;1;288
2025-12-09;2025-12-11;-0.8055;-0.8055;0.3152;0.60;12;1;288
2015-06-18;2015-06-22;-0.8079;-0.8079;0.3436;0.60;-6;0;288
2014-10-09;2014-10-13;-0.8090;-0.8090;0.8301;0.60;1;0;288
2022-01-10;2022-01-12;-0.8093;-0.8093;0.1063;0.60;12;1;288
2011-11-18;2011-11-22;-0.8094;-0.8094;0.3771;0.60;-8;0;288
2020-10-19;2020-10-21;-0.8094;-0.8094;0.7564;0.60;-12;1;288
2011-02-23;2011-02-25;-0.8097;-0.8097;0.7577;0.60;-3;1;288
2017-08-21;2017-08-23;-0.8103;-0.8103;0.3624;0.60;-1;1;288
2025-06-13;2025-06-17;-0.8106;-0.8106;0.2370;0.60;12;0;288
2020-06-08;2020-06-10;-0.8108;-0.8108;0.5788;0.60;3;1;288
2022-05-31;2022-06-02;-0.8163;-0.8163;0.7748;0.60;2;0;288
2020-09-25;2020-09-29;-0.8164;-0.8164;0.0406;0.60;12;0;288
2021-03-17;2021-03-19;-0.8191;-0.8249;0.4765;0.60;-12;0;284
2011-02-11;2011-02-15;-0.8195;-0.8195;0.8576;0.60;4;0;288
2023-11-03;2023-11-07;-0.8199;-0.8256;0.3711;0.60;-12;0;284
2023-03-16;2023-03-20;-0.8228;-0.8286;0.7776;0.60;12;1;284
2023-03-15;2023-03-17;-0.8228;-0.8286;0.7776;0.60;-12;1;284
2011-07-01;2011-07-05;-0.8229;-0.8229;0.2986;0.60;12;1;288
2015-09-28;2015-09-30;-0.8234;-0.8234;0.4935;0.60;7;1;288
2025-01-09;2025-01-13;-0.8262;-0.8262;0.7380;0.60;-12;0;288
2015-09-29;2015-10-01;-0.8280;-0.8280;0.6893;0.60;-12;0;288
2013-11-21;2013-11-25;-0.8289;-0.8289;0.6101;0.60;-12;1;288
2016-12-09;2016-12-13;-0.8298;-0.8298;0.7026;0.60;-12;1;288
2025-09-17;2025-09-19;-0.8299;-0.8299;0.7925;0.60;-12;0;288
2015-09-03;2015-09-07;-0.8302;-0.8302;0.7006;0.60;-1;0;288
2021-06-03;2021-06-07;-0.8325;-0.8339;0.4124;0.60;-12;1;287
2017-11-23;2017-11-27;-0.8326;-0.8326;0.6828;0.60;-12;1;288
2017-01-06;2017-01-10;-0.8327;-0.8327;0.3213;0.60;-12;1;288
2015-03-16;2015-03-18;-0.8363;-0.8422;0.8946;0.60;9;1;284
2012-12-18;2012-12-20;-0.8365;-0.8365;0.3502;0.60;-12;1;288
2019-03-21;2019-03-25;-0.8382;-0.8441;0.6041;0.60;-12;0;284
2013-05-27;2013-05-29;-0.8390;-0.8390;0.5996;0.60;-1;0;288
2012-05-30;2012-06-01;-0.8404;-0.8404;0.8024;0.60;-4;0;288
2021-02-15;2021-02-17;-0.8405;-0.8419;0.1316;0.60;12;1;287
2014-10-17;2014-10-21;-0.8406;-0.8406;0.2055;0.60;8;0;288
2015-01-16;2015-01-20;-0.8407;-0.8407;0.2577;0.60;-12;1;288
2012-09-26;2012-09-28;-0.8460;-0.8460;0.4461;0.60;-2;1;288
2022-09-02;2022-09-06;-0.8462;-0.8462;0.6281;0.60;-6;0;288
2021-03-16;2021-03-18;-0.8476;-0.8476;0.3625;0.60;-4;1;288
2018-10-02;2018-10-04;-0.8479;-0.8479;0.6878;0.60;4;0;288
2021-12-16;2021-12-20;-0.8486;-0.8501;0.5248;0.60;-5;0;287
2018-01-02;2018-01-04;-0.8497;-0.8808;0.0962;0.60;5;1;268
2013-05-14;2013-05-16;-0.8507;-0.8507;0.7358;0.60;-12;0;288
2013-02-08;2013-02-12;-0.8509;-0.8509;0.0321;0.60;6;1;288
2011-11-28;2011-11-30;-0.8563;-0.8563;0.8048;0.60;12;1;288
2016-11-22;2016-11-24;-0.8574;-0.8574;0.7596;0.60;2;0;288
2013-02-28;2013-03-04;-0.8580;-0.8580;0.6970;0.60;-12;0;288
2025-05-21;2025-05-23;-0.8594;-0.8594;0.4909;0.60;12;1;288
2013-08-14;2013-08-16;-0.8609;-0.8609;0.8038;0.60;-5;1;288
2013-07-02;2013-07-04;-0.8611;-0.8611;0.6823;0.60;9;0;288
2025-01-22;2025-01-24;-0.8616;-0.8616;0.2325;0.60;12;1;288
2011-03-18;2011-03-22;-0.8631;-0.8692;0.5716;0.60;-12;1;284
2014-11-21;2014-11-25;-0.8647;-0.8647;0.5576;0.60;-12;1;288
2017-07-31;2017-08-02;-0.8669;-0.8669;0.5398;0.60;-12;1;288
2026-01-19;2026-01-21;-0.8703;-0.8703;0.6698;0.60;-12;1;288
2014-03-11;2014-03-13;-0.8713;-0.8713;0.5774;0.60;-2;1;288
2022-08-26;2022-08-30;-0.8750;-0.8750;0.5004;0.60;4;1;288
2022-08-31;2022-09-02;-0.8759;-0.8759;0.6074;0.60;4;0;288
2012-11-20;2012-11-22;-0.8766;-0.8766;0.5723;0.60;4;1;288
2013-03-26;2013-03-28;-0.8802;-0.8802;0.7497;0.60;3;0;288
2020-06-02;2020-06-04;-0.8803;-0.8803;0.8171;0.60;8;1;288
2015-08-28;2015-09-01;-0.8809;-0.8809;0.6806;0.60;-12;1;288
2012-10-16;2012-10-18;-0.8822;-0.8822;0.4941;0.60;-12;1;288
2013-07-05;2013-07-09;-0.8884;-0.8884;0.5301;0.60;7;0;288
2014-11-13;2014-11-17;-0.8924;-0.8924;0.6740;0.60;0;1;288
2025-05-15;2025-05-19;-0.8927;-0.8927;0.1051;0.60;12;0;288
2018-03-05;2018-03-07;-0.8933;-0.8933;0.7677;0.60;-12;1;288
2023-07-07;2023-07-11;-0.8954;-0.8954;0.9184;0.60;-4;1;288
2017-01-27;2017-01-31;-0.8955;-0.8955;0.0037;0.60;11;1;288
2013-07-31;2013-08-02;-0.8962;-0.8962;0.4865;0.60;8;0;288
2015-04-21;2015-04-23;-0.8972;-0.8972;0.1523;0.60;12;0;288
2025-04-29;2025-05-01;-0.8983;-0.8983;0.6321;0.60;8;0;288
2020-07-08;2020-07-10;-0.8993;-0.9008;0.2901;0.60;-12;0;287
2022-11-25;2022-11-29;-0.9022;-0.9022;0.6313;0.60;0;0;288
2015-05-25;2015-05-27;-0.9060;-0.9060;0.7476;0.60;-12;0;288
2020-07-02;2020-07-06;-0.9065;-0.9081;0.5971;0.60;-12;1;287
2025-06-16;2025-06-18;-0.9068;-0.9068;0.7099;0.60;-3;0;288
2011-02-15;2011-02-17;-0.9136;-0.9136;0.6906;0.60;12;1;288
2015-08-04;2015-08-06;-0.9147;-0.9147;0.5904;0.60;-5;0;288
2012-09-14;2012-09-18;-0.9160;-0.9160;0.5632;0.60;-12;0;288
2017-08-11;2017-08-15;-0.9175;-0.9175;0.6677;0.60;-12;0;288
2023-07-25;2023-07-27;-0.9186;-0.9186;0.1987;0.60;8;1;288
2021-10-27;2021-10-29;-0.9225;-0.9225;0.6399;0.60;6;1;288
2012-01-10;2012-01-12;-0.9274;-0.9274;0.5173;0.60;7;0;288
2013-08-27;2013-08-29;-0.9276;-0.9276;0.3921;0.60;12;0;288
2023-10-20;2023-10-24;-0.9292;-0.9292;0.7253;0.60;2;1;288
2024-11-12;2024-11-14;-0.9336;-0.9336;0.6920;0.60;-12;0;288
2014-03-06;2014-03-10;-0.9352;-0.9352;0.4764;0.60;-12;1;288
2022-12-13;2022-12-15;-0.9357;-0.9357;0.8168;0.60;-3;1;288
2018-10-18;2018-10-22;-0.9376;-0.9392;0.4296;0.60;12;0;287
2015-02-16;2015-02-18;-0.9379;-0.9379;0.3413;0.60;-2;0;288
2025-05-16;2025-05-20;-0.9395;-0.9395;0.5996;0.60;12;1;288
2018-06-25;2018-06-27;-0.9400;-0.9400;0.1912;0.60;12;1;288
2015-03-31;2015-04-02;-0.9414;-0.9414;0.6035;0.60;9;0;288
2020-10-27;2020-10-29;-0.9432;-0.9432;0.6391;0.60;12;0;288
2025-05-30;2025-06-03;-0.9441;-0.9441;0.6755;0.60;-3;1;288
2025-10-13;2025-10-15;-0.9466;-0.9466;0.6294;0.60;-12;1;288
2025-09-16;2025-09-18;-0.9473;-0.9473;0.6599;0.60;7;1;288
2014-11-10;2014-11-12;-0.9478;-0.9478;0.1610;0.60;-12;1;288
2013-01-07;2013-01-09;-0.9504;-0.9504;0.3543;0.60;-12;0;288
2012-09-03;2012-09-05;-0.9506;-0.9506;0.2509;0.60;3;0;288
2013-07-01;2013-07-03;-0.9520;-0.9520;0.6686;0.60;-12;0;288
2015-04-10;2015-04-14;-0.9525;-0.9542;0.8335;0.60;6;0;287
2021-06-02;2021-06-04;-0.9552;-0.9568;0.6058;0.60;-12;0;287
2023-08-31;2023-09-04;-0.9580;-0.9597;0.5868;0.60;-11;0;287
2012-03-14;2012-03-16;-0.9595;-0.9595;0.2859;0.60;12;0;288
2012-03-13;2012-03-15;-0.9595;-0.9595;0.2859;0.60;-12;0;288
2017-12-12;2017-12-14;-0.9596;-0.9596;0.6134;0.60;-9;1;288
2011-04-12;2011-04-14;-0.9636;-0.9636;0.4963;0.60;4;1;288
2023-09-01;2023-09-05;-0.9639;-0.9655;0.5709;0.60;12;0;287
2024-06-07;2024-06-11;-0.9665;-0.9665;0.7065;0.60;-12;0;288
2016-05-11;2016-05-13;-0.9683;-0.9683;0.1867;0.60;12;1;288
2018-10-09;2018-10-11;-0.9685;-0.9685;0.4131;0.60;12;1;288
2018-03-16;2018-03-20;-0.9721;-0.9789;0.2829;0.60;6;1;284
2022-01-31;2022-02-02;-0.9724;-0.9724;0.7851;0.60;-12;1;288
2012-03-20;2012-03-22;-0.9732;-0.9732;0.3741;0.60;6;0;288
2012-04-20;2012-04-24;-0.9766;-0.9766;0.3052;0.60;-11;0;288
2012-08-15;2012-08-17;-0.9773;-0.9773;0.5453;0.60;-12;1;288
2023-04-03;2023-04-05;-0.9773;-0.9773;0.4413;0.60;-12;1;288
2016-10-19;2016-10-21;-0.9785;-0.9785;0.4762;0.60;12;0;288
2020-08-11;2020-08-13;-0.9798;-0.9798;0.6194;0.60;-12;1;288
2018-12-07;2018-12-11;-0.9804;-0.9804;0.2412;0.60;12;1;288
2011-04-11;2011-04-13;-0.9817;-0.9834;0.3876;0.60;5;1;287
2012-02-24;2012-02-28;-0.9818;-0.9818;0.5236;0.60;-1;1;288
2011-04-13;2011-04-15;-0.9824;-0.9824;0.1842;0.60;10;0;288
2022-11-28;2022-11-30;-0.9830;-0.9830;0.6202;0.60;-2;0;288
2013-01-23;2013-01-25;-0.9839;-0.9839;0.4436;0.60;12;1;288
2025-01-20;2025-01-22;-0.9848;-0.9848;0.3401;0.60;-12;1;288
2017-10-09;2017-10-11;-0.9854;-0.9854;0.7017;0.60;12;1;288
2018-07-16;2018-07-18;-0.9876;-0.9876;0.6694;0.60;-10;0;288
2021-11-25;2021-11-29;-0.9893;-0.9928;0.7694;0.60;5;1;286
2025-09-04;2025-09-08;-0.9895;-0.9895;0.5811;0.60;8;1;288
2016-11-17;2016-11-21;-0.9930;-0.9930;0.8180;0.60;-5;0;288
2017-06-14;2017-06-16;-0.9966;-0.9966;0.6426;0.60;-9;0;288
2018-11-28;2018-11-30;-0.9973;-0.9973;0.7703;0.60;-4;1;288
2013-09-04;2013-09-06;-0.9973;-0.9973;0.4940;0.60;-12;0;288
2013-09-05;2013-09-09;-0.9973;-0.9973;0.4940;0.60;12;0;288
2022-01-27;2022-01-31;-1.0029;-1.0046;0.6658;0.60;3;0;287
2020-05-26;2020-05-28;-1.0032;-1.0032;0.8634;0.60;7;1;288
2026-02-26;2026-03-02;-1.0050;-1.0050;0.0814;0.60;12;0;288
2018-10-16;2018-10-18;-1.0070;-1.0070;0.6387;0.60;6;0;288
2022-12-02;2022-12-06;-1.0086;-1.0086;0.3146;0.60;3;0;288
2012-02-01;2012-02-03;-1.0089;-1.0089;0.6632;0.60;1;1;288
2016-04-11;2016-04-13;-1.0109;-1.0109;0.0040;0.60;12;0;288
2013-03-08;2013-03-12;-1.0118;-1.0118;0.2186;0.60;-12;1;288
2016-09-15;2016-09-19;-1.0130;-1.0130;0.6604;0.60;-12;0;288
2016-08-08;2016-08-10;-1.0157;-1.0157;0.2827;0.60;10;1;288
2022-11-07;2022-11-09;-1.0165;-1.0165;0.8191;0.60;-3;1;288
2012-08-08;2012-08-10;-1.0198;-1.0198;0.6985;0.60;-12;0;288
2022-04-27;2022-04-29;-1.0244;-1.0262;0.2402;0.60;-12;0;287
2022-05-24;2022-05-26;-1.0249;-1.0249;0.1479;0.60;1;1;288
2025-03-05;2025-03-07;-1.0271;-1.0271;0.7581;0.60;-12;1;288
2025-07-21;2025-07-23;-1.0274;-1.0274;0.9116;0.60;1;1;288
2017-12-13;2017-12-15;-1.0284;-1.0284;0.5964;0.60;12;1;288
2020-01-01;2020-01-03;-1.0294;-1.3281;0.5755;0.60;-1;0;173
2022-10-13;2022-10-17;-1.0296;-1.0296;0.4683;0.60;12;1;288
2016-07-04;2016-07-06;-1.0318;-1.0318;0.6465;0.60;-11;0;288
2024-08-12;2024-08-14;-1.0362;-1.0362;0.4558;0.60;12;1;288
2016-02-05;2016-02-09;-1.0370;-1.0370;0.4056;0.60;11;0;288
2023-07-20;2023-07-24;-1.0430;-1.0430;0.6375;0.60;-12;0;288
2015-03-30;2015-04-01;-1.0430;-1.0430;0.6233;0.60;-12;0;288
2012-10-04;2012-10-08;-1.0452;-1.0452;0.3751;0.60;-12;0;288
2012-06-12;2012-06-14;-1.0480;-1.0480;0.7512;0.60;6;1;288
2016-02-04;2016-02-08;-1.0493;-1.0493;0.3971;0.60;-12;0;288
2014-03-12;2014-03-14;-1.0508;-1.0508;0.5162;0.60;11;1;288
2013-07-24;2013-07-26;-1.0547;-1.0547;0.5493;0.60;1;1;288
2023-03-13;2023-03-15;-1.0553;-1.0553;0.6339;0.60;11;1;288
2013-03-05;2013-03-07;-1.0556;-1.0556;0.2557;0.60;7;0;288
2018-11-12;2018-11-14;-1.0564;-1.0564;0.5701;0.60;-12;1;288
2015-02-12;2015-02-16;-1.0583;-1.0583;0.7039;0.60;-1;1;288
2015-11-04;2015-11-06;-1.0599;-1.0599;0.7502;0.60;9;0;288
2012-12-17;2012-12-19;-1.0607;-1.0607;0.7601;0.60;-12;1;288
2014-12-25;2014-12-29;-1.0620;-1.3702;0.2211;0.60;-1;0;173
2017-07-11;2017-07-13;-1.0625;-1.0625;0.4484;0.60;12;1;288
2026-03-09;2026-03-11;-1.0648;-1.0648;0.7000;0.60;5;1;288
2015-02-06;2015-02-10;-1.0663;-1.0663;0.3974;0.60;-12;0;288
2013-01-16;2013-01-18;-1.0671;-1.0671;0.6707;0.60;3;1;288
2018-01-22;2018-01-24;-1.0684;-1.0684;0.3990;0.60;12;1;288
2020-08-05;2020-08-07;-1.0702;-1.0702;0.5560;0.60;6;1;288
2018-11-16;2018-11-20;-1.0727;-1.0727;0.8172;0.60;-1;1;288
2017-03-10;2017-03-14;-1.0732;-1.0732;0.3735;0.60;-12;0;288
2015-05-01;2015-05-05;-1.0757;-1.0757;0.7798;0.60;-5;0;288
2018-02-19;2018-02-21;-1.0760;-1.0760;0.7524;0.60;3;0;288
2018-04-25;2018-04-27;-1.0803;-1.0803;0.6792;0.60;-12;0;288
2022-05-03;2022-05-05;-1.0806;-1.0806;0.6947;0.60;-1;1;288
2023-08-29;2023-08-31;-1.0881;-1.0881;0.7590;0.60;-1;1;288
2011-04-08;2011-04-12;-1.0886;-1.0905;0.3357;0.60;-12;1;287
2015-12-18;2015-12-22;-1.0893;-1.0893;0.6260;0.60;12;1;288
2015-10-05;2015-10-07;-1.0914;-1.0914;0.4923;0.60;-12;1;288
2022-07-26;2022-07-28;-1.0915;-1.0915;0.5334;0.60;-11;1;288
2013-06-21;2013-06-25;-1.0928;-1.0928;0.5029;0.60;-12;0;288
2014-10-31;2014-11-04;-1.0971;-1.1048;0.6456;0.60;-1;0;284
2015-09-23;2015-09-25;-1.1039;-1.1039;0.7473;0.60;6;1;288
2022-05-30;2022-06-01;-1.1067;-1.1067;0.1282;0.60;7;0;288
2011-12-20;2011-12-22;-1.1111;-1.1111;0.2892;0.60;-12;0;288
2018-02-01;2018-02-05;-1.1127;-1.1127;0.4319;0.60;9;1;288
2011-03-31;2011-04-04;-1.1143;-1.1143;0.5918;0.60;-2;1;288
2021-10-29;2021-11-02;-1.1154;-1.1154;0.1211;0.60;-12;1;288
2019-03-07;2019-03-11;-1.1177;-1.1177;0.6226;0.60;-3;0;288
2023-05-31;2023-06-02;-1.1282;-1.1302;0.6655;0.60;-5;1;287
2015-07-03;2015-07-07;-1.1295;-1.1295;0.4358;0.60;12;0;288
2019-10-16;2019-10-18;-1.1300;-1.1300;0.7280;0.60;-12;1;288
2024-01-31;2024-02-02;-1.1304;-1.1304;0.4053;0.60;3;1;288
2015-03-23;2015-03-25;-1.1324;-1.1324;0.4778;0.60;-12;1;288
2020-04-06;2020-04-08;-1.1342;-1.1342;0.6484;0.60;-12;1;288
2012-01-26;2012-01-30;-1.1347;-1.1347;0.6314;0.60;3;1;288
2021-08-05;2021-08-09;-1.1360;-1.1399;0.6814;0.60;5;0;286
2011-08-19;2011-08-23;-1.1378;-1.1378;0.5116;0.60;-12;1;288
2017-03-27;2017-03-29;-1.1434;-1.1514;0.3675;0.60;12;1;284
2017-04-17;2017-04-19;-1.1436;-1.1436;0.8087;0.60;-2;1;288
2020-08-04;2020-08-06;-1.1438;-1.1438;0.7564;0.60;-11;1;288
2015-08-27;2015-08-31;-1.1459;-1.1459;0.9412;0.60;0;0;288
2012-12-11;2012-12-13;-1.1476;-1.1476;0.6987;0.60;-12;1;288
2024-04-02;2024-04-04;-1.1543;-1.1543;0.7429;0.60;-12;1;288
2021-01-06;2021-01-08;-1.1549;-1.1549;0.4424;0.60;5;0;288
2013-03-19;2013-03-21;-1.1598;-1.1598;0.2545;0.60;-12;1;288
2015-12-09;2015-12-11;-1.1648;-1.1648;0.3036;0.60;-12;0;288
2017-05-19;2017-05-23;-1.1684;-1.1684;0.3888;0.60;-10;1;288
2022-10-20;2022-10-24;-1.1690;-1.1690;0.6187;0.60;5;1;288
2011-02-16;2011-02-18;-1.1718;-1.1718;0.7173;0.60;9;1;288
2011-05-23;2011-05-25;-1.1727;-1.1727;0.4143;0.60;-4;1;288
2022-01-25;2022-01-27;-1.1736;-1.1736;0.5491;0.60;12;0;288
2011-03-14;2011-03-16;-1.1751;-1.1751;0.4880;0.60;3;1;288
2023-12-14;2023-12-18;-1.1758;-1.1758;0.5412;0.60;-12;0;288
2015-06-09;2015-06-11;-1.1777;-1.1777;0.3204;0.60;8;1;288
2012-07-03;2012-07-05;-1.1804;-1.1804;0.4405;0.60;11;0;288
2023-04-10;2023-04-12;-1.1835;-1.1856;0.1080;0.60;10;1;287
2020-03-31;2020-04-02;-1.1836;-1.1836;0.8310;0.60;9;0;288
2014-09-16;2014-09-18;-1.1918;-1.1918;0.6515;0.60;-6;0;288
2015-11-12;2015-11-16;-1.1960;-1.1960;0.2817;0.60;6;0;288
2017-11-14;2017-11-16;-1.1972;-1.1972;0.1562;0.60;-12;1;288
2020-05-25;2020-05-27;-1.2007;-1.2028;0.6133;0.60;12;1;287
2016-06-14;2016-06-16;-1.2009;-1.2009;0.4857;0.60;10;0;288
2011-03-15;2011-03-17;-1.2013;-1.2013;0.5407;0.60;12;0;288
2018-06-28;2018-07-02;-1.2022;-1.2022;0.6036;0.60;-12;1;288
2012-05-07;2012-05-09;-1.2036;-1.2036;0.7905;0.60;-12;0;288
2020-09-17;2020-09-21;-1.2052;-1.2052;0.4542;0.60;7;1;288
2026-03-12;2026-03-16;-1.2069;-1.2154;0.7199;0.60;-4;0;284
2018-06-20;2018-06-22;-1.2070;-1.2070;0.5048;0.60;2;1;288
2012-04-16;2012-04-18;-1.2072;-1.2072;0.7670;0.60;-4;1;288
2017-03-29;2017-03-31;-1.2074;-1.2074;0.7101;0.60;-12;0;288
2013-05-31;2013-06-04;-1.2085;-1.2085;0.7671;0.60;-12;1;288
2019-04-23;2019-04-25;-1.2115;-1.2115;0.7031;0.60;-12;0;288
2015-07-31;2015-08-04;-1.2146;-1.2146;0.4190;0.60;10;1;288
2012-03-06;2012-03-08;-1.2156;-1.2156;0.6699;0.60;12;0;288
2012-03-05;2012-03-07;-1.2156;-1.2156;0.6699;0.60;-12;0;288
2016-12-06;2016-12-08;-1.2159;-1.2159;0.0621;0.60;8;0;288
2016-06-13;2016-06-15;-1.2220;-1.2220;0.4484;0.60;5;0;288
2012-08-17;2012-08-21;-1.2222;-1.2222;0.0820;0.60;10;0;288
2023-06-21;2023-06-23;-1.2233;-1.2233;0.5079;0.60;12;1;288
2018-03-02;2018-03-06;-1.2239;-1.2239;0.7192;0.60;1;1;288
2012-12-14;2012-12-18;-1.2254;-1.2254;0.7510;0.60;6;1;288
2014-10-10;2014-10-14;-1.2284;-1.2284;0.4250;0.60;-9;1;288
2014-12-10;2014-12-12;-1.2293;-1.2293;0.4004;0.60;-7;1;288
2022-03-16;2022-03-18;-1.2324;-1.2411;0.4645;0.60;-11;1;284
2013-03-12;2013-03-14;-1.2360;-1.2360;0.6776;0.60;5;0;288
2017-03-02;2017-03-06;-1.2383;-1.2383;0.6986;0.60;-12;1;288
2023-03-10;2023-03-14;-1.2459;-1.2459;0.6503;0.60;-12;1;288
2012-05-25;2012-05-29;-1.2476;-1.2476;0.2705;0.60;1;0;288
2015-03-13;2015-03-17;-1.2480;-1.2568;0.7575;0.60;-12;1;284
2015-04-16;2015-04-20;-1.2488;-1.2488;0.7561;0.60;-3;1;288
2025-09-24;2025-09-26;-1.2510;-1.2510;0.4723;0.60;-12;0;288
2026-01-30;2026-02-03;-1.2555;-1.2555;0.6413;0.60;-12;0;288
2013-07-15;2013-07-17;-1.2573;-1.2573;0.7649;0.60;-6;1;288
2015-01-06;2015-01-08;-1.2604;-1.2604;0.8873;0.60;-12;0;288
2015-10-02;2015-10-06;-1.2632;-1.2632;0.3812;0.60;12;1;288
2024-06-11;2024-06-13;-1.2669;-1.2669;0.4934;0.60;5;1;288
2014-11-07;2014-11-11;-1.2693;-1.2737;0.3731;0.60;-8;1;286
2024-01-01;2024-01-03;-1.2760;-1.5668;0.6999;0.60;12;0;191
2015-08-03;2015-08-05;-1.2760;-1.2760;0.7889;0.60;-6;0;288
2016-01-20;2016-01-22;-1.2771;-1.2771;0.7420;0.60;-12;0;288
2017-08-04;2017-08-08;-1.2773;-1.2773;0.7703;0.60;1;0;288
2011-12-08;2011-12-12;-1.2775;-1.2775;0.4574;0.60;12;0;288
2015-10-13;2015-10-15;-1.2784;-1.2784;0.7634;0.60;3;1;288
2021-04-05;2021-04-07;-1.2827;-1.2827;0.6825;0.60;-12;1;288
2015-07-30;2015-08-03;-1.2834;-1.2834;0.3952;0.60;-12;1;288
2020-06-22;2020-06-24;-1.2855;-1.2855;0.6365;0.60;-6;1;288
2022-06-01;2022-06-03;-1.2926;-1.2948;0.6061;0.60;-12;1;287
2022-04-12;2022-04-14;-1.2958;-1.2958;0.3242;0.60;12;0;288
2022-04-04;2022-04-06;-1.2983;-1.2983;0.6746;0.60;-12;0;288
2012-10-10;2012-10-12;-1.3020;-1.3020;0.6248;0.60;-12;1;288
2011-03-29;2011-03-31;-1.3035;-1.3035;0.2976;0.60;12;1;288
2013-05-02;2013-05-06;-1.3045;-1.3068;0.6308;0.60;-1;0;287
2012-05-01;2012-05-03;-1.3058;-1.3058;0.7811;0.60;-12;0;288
2014-12-09;2014-12-11;-1.3076;-1.3076;0.5030;0.60;-8;1;288
2013-02-27;2013-03-01;-1.3080;-1.3080;0.3715;0.60;12;1;288
2012-07-06;2012-07-10;-1.3083;-1.3083;0.3260;0.60;-12;0;288
2014-08-21;2014-08-25;-1.3120;-1.3120;0.6863;0.60;-12;0;288
2022-09-19;2022-09-21;-1.3123;-1.3123;0.3538;0.60;10;0;288
2017-01-02;2017-01-04;-1.3143;-1.3189;0.8363;0.60;3;0;286
2015-10-08;2015-10-12;-1.3168;-1.3168;0.7724;0.60;-12;1;288
2012-02-09;2012-02-13;-1.3183;-1.3183;0.5003;0.60;4;0;288
2018-07-25;2018-07-27;-1.3185;-1.3208;0.5079;0.60;-12;0;287
2025-05-22;2025-05-26;-1.3195;-1.3195;0.8307;0.60;-12;1;288
2017-03-23;2017-03-27;-1.3210;-1.3302;0.1947;0.60;11;1;284
2020-11-05;2020-11-09;-1.3211;-1.3211;0.4182;0.60;-11;1;288
2023-04-14;2023-04-18;-1.3236;-1.3236;0.4163;0.60;-12;0;288
2025-05-19;2025-05-21;-1.3240;-1.3240;0.7423;0.60;-12;1;288
2015-09-01;2015-09-03;-1.3242;-1.3242;0.3485;0.60;12;1;288
2020-09-16;2020-09-18;-1.3262;-1.3262;0.4361;0.60;12;0;288
2015-07-07;2015-07-09;-1.3274;-1.3274;0.7311;0.60;-6;1;288
2022-02-25;2022-03-01;-1.3283;-1.3283;0.2793;0.60;10;1;288
2016-10-07;2016-10-11;-1.3338;-1.3338;0.1638;0.60;12;0;288
2016-08-26;2016-08-30;-1.3372;-1.3372;0.7190;0.60;-12;0;288
2013-01-31;2013-02-04;-1.3386;-1.3386;0.6785;0.60;10;1;288
2015-11-02;2015-11-04;-1.3401;-1.3401;0.5098;0.60;12;0;288
2012-04-04;2012-04-06;-1.3474;-1.3474;0.5959;0.60;-12;0;288
2025-02-11;2025-02-13;-1.3569;-1.3569;0.7856;0.60;4;1;288
2023-01-11;2023-01-13;-1.3570;-1.3570;0.8152;0.60;-1;1;288
2012-09-18;2012-09-20;-1.3577;-1.3577;0.6922;0.60;12;0;288
2022-06-27;2022-06-29;-1.3595;-1.3619;0.3353;0.60;6;0;287
2023-06-15;2023-06-19;-1.3605;-1.3605;0.0958;0.60;-12;1;288
2018-03-23;2018-03-27;-1.3620;-1.3740;0.7592;0.60;-5;1;283
2022-12-30;2023-01-03;-1.3621;-1.3669;0.0598;0.60;12;1;286
2011-02-24;2011-02-28;-1.3621;-1.3621;0.3302;0.60;12;1;288
2013-06-10;2013-06-12;-1.3667;-1.3667;0.8504;0.60;-3;1;288
2018-03-20;2018-03-22;-1.3695;-1.3695;0.5906;0.60;-12;1;288
2020-06-23;2020-06-25;-1.3708;-1.3708;0.7517;0.60;-12;0;288
2017-12-25;2017-12-27;-1.3713;-1.7542;0.1298;0.60;-2;1;176
2016-05-04;2016-05-06;-1.3731;-1.3731;0.7379;0.60;3;0;288
2012-02-07;2012-02-09;-1.3740;-1.3740;0.5829;0.60;-12;1;288
2019-03-20;2019-03-22;-1.3750;-1.3750;0.2917;0.60;12;1;288
2017-05-03;2017-05-05;-1.3752;-1.3752;0.6318;0.60;-12;1;288
2018-09-27;2018-10-01;-1.3764;-1.3764;0.7726;0.60;-10;0;288
2020-06-19;2020-06-23;-1.3771;-1.3771;0.4118;0.60;10;1;288
2016-06-15;2016-06-17;-1.3836;-1.3836;0.3728;0.60;0;1;288
2026-03-13;2026-03-17;-1.3839;-1.3936;0.6727;0.60;-12;1;284
2015-07-23;2015-07-27;-1.3853;-1.3853;0.5940;0.60;12;1;288
2018-02-05;2018-02-07;-1.3918;-1.3918;0.6788;0.60;9;0;288
2025-08-11;2025-08-13;-1.3924;-1.3924;0.7467;0.60;-12;1;288
2012-12-13;2012-12-17;-1.3936;-1.3936;0.7649;0.60;-3;1;288
2018-08-01;2018-08-03;-1.3959;-1.3983;0.7637;0.60;-12;0;287
2011-11-21;2011-11-23;-1.3990;-1.3990;0.2921;0.60;12;0;288
2023-03-20;2023-03-22;-1.4022;-1.4121;0.8302;0.60;5;1;284
2015-07-21;2015-07-23;-1.4026;-1.4026;0.5632;0.60;-12;1;288
2013-05-13;2013-05-15;-1.4043;-1.4043;0.1942;0.60;12;0;288
2018-08-10;2018-08-14;-1.4084;-1.4084;0.5563;0.60;-8;0;288
2017-07-25;2017-07-27;-1.4096;-1.4096;0.5694;0.60;-3;1;288
2024-08-02;2024-08-06;-1.4101;-1.4101;0.3437;0.60;-12;1;288
2019-01-09;2019-01-11;-1.4116;-1.4116;0.5199;0.60;-1;1;288
2012-09-19;2012-09-21;-1.4135;-1.4135;0.7009;0.60;5;0;288
2015-11-19;2015-11-23;-1.4189;-1.4189;0.7772;0.60;-12;0;288
2016-02-10;2016-02-12;-1.4190;-1.4190;0.2640;0.60;9;1;288
2020-08-27;2020-08-31;-1.4193;-1.4193;0.6731;0.60;12;1;288
2021-11-15;2021-11-17;-1.4195;-1.4195;0.7228;0.60;-12;0;288
2022-11-11;2022-11-15;-1.4206;-1.4206;0.5133;0.60;-12;1;288
2013-01-30;2013-02-01;-1.4223;-1.4223;0.6992;0.60;-12;1;288
2013-01-11;2013-01-15;-1.4228;-1.4228;0.7854;0.60;-1;1;288
2018-08-24;2018-08-28;-1.4249;-1.4274;0.6733;0.60;-12;1;287
2022-02-24;2022-02-28;-1.4255;-1.4255;0.2439;0.60;-12;1;288
2018-09-13;2018-09-17;-1.4288;-1.4313;0.4612;0.60;12;1;287
2011-05-03;2011-05-05;-1.4294;-1.4294;0.2894;0.60;9;1;288
2022-05-23;2022-05-25;-1.4306;-1.4306;0.1550;0.60;-10;1;288
2023-11-01;2023-11-03;-1.4310;-1.4310;0.4483;0.60;10;1;288
2021-04-29;2021-05-03;-1.4327;-1.4352;0.7759;0.60;0;0;287
2018-07-19;2018-07-23;-1.4327;-1.4327;0.8329;0.60;-5;1;288
2021-11-12;2021-11-16;-1.4341;-1.4341;0.4178;0.60;12;0;288
2012-11-06;2012-11-08;-1.4345;-1.4345;0.5531;0.60;-12;0;288
2012-10-22;2012-10-24;-1.4379;-1.4379;0.7714;0.60;-12;0;288
2022-04-01;2022-04-05;-1.4387;-1.4412;0.7778;0.60;6;0;287
2015-06-30;2015-07-02;-1.4396;-1.4396;0.7118;0.60;-10;0;288
2013-12-05;2013-12-09;-1.4436;-1.4436;0.8487;0.60;-4;1;288
2020-08-06;2020-08-10;-1.4548;-1.4574;0.6336;0.60;12;0;287
2013-03-18;2013-03-20;-1.4574;-1.4574;0.3794;0.60;-5;0;288
2020-04-30;2020-05-04;-1.4635;-1.4635;0.7464;0.60;2;1;288
2023-07-19;2023-07-21;-1.4642;-1.4642;0.7904;0.60;1;0;288
2015-07-27;2015-07-29;-1.4686;-1.4686;0.5746;0.60;4;1;288
2018-01-05;2018-01-09;-1.4696;-1.4696;0.8296;0.60;-12;0;288
2012-09-20;2012-09-24;-1.4719;-1.4719;0.3404;0.60;-12;0;288
2025-09-15;2025-09-17;-1.4723;-1.4723;0.6440;0.60;-12;1;288
2024-04-11;2024-04-15;-1.4755;-1.4755;0.8037;0.60;6;0;288
2011-03-07;2011-03-09;-1.4778;-1.4778;0.7929;0.60;-6;0;288
2013-04-17;2013-04-19;-1.4794;-1.4794;0.1644;0.60;-12;1;288
2020-05-18;2020-05-20;-1.4825;-1.4825;0.6883;0.60;-12;1;288
2026-02-06;2026-02-10;-1.4847;-1.4847;0.7516;0.60;-12;1;288
2012-05-18;2012-05-22;-1.4858;-1.4858;0.8062;0.60;1;1;288
2017-01-11;2017-01-13;-1.4858;-1.4858;0.7725;0.60;-11;1;288
2011-06-29;2011-07-01;-1.4917;-1.4917;0.7854;0.60;-12;1;288
2016-05-02;2016-05-04;-1.4918;-1.4918;0.6300;0.60;8;1;288
2022-03-10;2022-03-14;-1.4921;-1.4921;0.8690;0.60;-4;0;288
2014-10-13;2014-10-15;-1.4938;-1.4938;0.3495;0.60;12;1;288
2017-09-13;2017-09-15;-1.4970;-1.4970;0.3244;0.60;-12;1;288
2018-06-05;2018-06-07;-1.4997;-1.4997;0.8518;0.60;-12;1;288
2015-05-29;2015-06-02;-1.4997;-1.4997;0.0392;0.60;11;0;288
2013-02-21;2013-02-25;-1.5003;-1.5003;0.6572;0.60;3;0;288
2025-02-27;2025-03-03;-1.5016;-1.5016;0.7077;0.60;10;0;288
2011-03-30;2011-04-01;-1.5037;-1.5037;0.6809;0.60;5;1;288
2012-05-23;2012-05-25;-1.5056;-1.5056;0.6690;0.60;-8;0;288
2018-08-23;2018-08-27;-1.5074;-1.5100;0.4120;0.60;6;1;287
2024-11-06;2024-11-08;-1.5081;-1.5081;0.2937;0.60;-5;1;288
2016-11-30;2016-12-02;-1.5093;-1.5093;0.1933;0.60;0;1;288
2016-02-12;2016-02-16;-1.5124;-1.5124;0.7532;0.60;-12;0;288
2015-11-13;2015-11-17;-1.5157;-1.5157;0.7064;0.60;-12;0;288
2025-01-06;2025-01-08;-1.5209;-1.5209;0.7061;0.60;12;1;288
2025-01-03;2025-01-07;-1.5209;-1.5209;0.7061;0.60;-12;1;288
2015-09-24;2015-09-28;-1.5221;-1.5221;0.3785;0.60;-7;0;288
2017-07-26;2017-07-28;-1.5258;-1.5258;0.6831;0.60;-8;1;288
2012-02-27;2012-02-29;-1.5261;-1.5261;0.1079;0.60;7;0;288
2019-07-31;2019-08-02;-1.5381;-1.5381;0.5328;0.60;-5;0;288
2023-11-29;2023-12-01;-1.5397;-1.5397;0.7156;0.60;9;0;288
2018-11-09;2018-11-13;-1.5413;-1.5413;0.6796;0.60;-9;0;288
2015-11-03;2015-11-05;-1.5415;-1.5415;0.7108;0.60;-12;0;288
2014-02-12;2014-02-14;-1.5417;-1.5417;0.8367;0.60;-12;1;288
2019-08-29;2019-09-02;-1.5429;-1.5456;0.8024;0.60;-1;0;287
2022-03-02;2022-03-04;-1.5438;-1.5438;0.6328;0.60;11;0;288
2012-07-20;2012-07-24;-1.5448;-1.5448;0.7092;0.60;-12;0;288
2017-09-12;2017-09-14;-1.5451;-1.5451;0.6458;0.60;0;0;288
2013-06-07;2013-06-11;-1.5488;-1.5488;0.1075;0.60;3;1;288
2012-09-28;2012-10-02;-1.5517;-1.5517;0.4459;0.60;-12;1;288
2016-12-05;2016-12-07;-1.5520;-1.5520;0.0873;0.60;-12;1;288
2015-09-10;2015-09-14;-1.5539;-1.5539;0.9416;0.60;-4;1;288
2018-03-26;2018-03-28;-1.5597;-1.5734;0.4333;0.60;8;1;283
2022-09-26;2022-09-28;-1.5702;-1.5702;0.6769;0.60;4;0;288
2012-06-19;2012-06-21;-1.5702;-1.5702;0.8093;0.60;7;1;288
2018-09-19;2018-09-21;-1.5705;-1.5705;0.6896;0.60;-12;1;288
2014-10-21;2014-10-23;-1.5729;-1.5729;0.6877;0.60;-12;0;288
2014-11-04;2014-11-06;-1.5755;-1.5755;0.0788;0.60;12;1;288
2016-07-26;2016-07-28;-1.5826;-1.5826;0.3873;0.60;12;1;288
2019-06-18;2019-06-20;-1.5838;-1.5838;0.0518;0.60;12;0;288
2023-04-24;2023-04-26;-1.5850;-1.5850;0.2931;0.60;12;1;288
2022-06-16;2022-06-20;-1.5867;-1.5867;0.7424;0.60;-4;1;288
2019-05-31;2019-06-04;-1.5871;-1.5871;0.7290;0.60;-12;1;288
2022-03-01;2022-03-03;-1.5880;-1.5880;0.6305;0.60;-12;0;288
2025-02-26;2025-02-28;-1.5957;-1.5957;0.7305;0.60;-12;0;288
2022-08-10;2022-08-12;-1.5957;-1.5957;0.8123;0.60;2;1;288
2011-05-17;2011-05-19;-1.5961;-1.5961;0.8256;0.60;-8;1;288
2012-03-22;2012-03-26;-1.5966;-1.6078;0.3897;0.60;10;1;284
2020-07-31;2020-08-04;-1.5983;-1.5983;0.3572;0.60;-11;0;288
2024-11-21;2024-11-25;-1.6011;-1.6011;0.7829;0.60;5;0;288
2016-02-26;2016-03-01;-1.6049;-1.6049;0.6783;0.60;-12;0;288
2012-05-31;2012-06-04;-1.6078;-1.6078;0.2579;0.60;12;0;288
2022-10-27;2022-10-31;-1.6103;-1.6103;0.6785;0.60;-12;0;288
2018-02-02;2018-02-06;-1.6106;-1.6106;0.6631;0.60;-12;0;288
2012-06-13;2012-06-15;-1.6140;-1.6140;0.8972;0.60;0;1;288
2014-09-17;2014-09-19;-1.6284;-1.6284;0.6798;0.60;-9;0;288
2024-08-16;2024-08-20;-1.6312;-1.6312;0.7460;0.60;7;1;288
2012-09-04;2012-09-06;-1.6315;-1.6315;0.1329;0.60;12;0;288
2011-03-25;2011-03-29;-1.6321;-1.6436;0.5067;0.60;-6;0;284
2017-07-27;2017-07-31;-1.6327;-1.6327;0.5382;0.60;12;1;288
2014-04-08;2014-04-10;-1.6335;-1.6335;0.7851;0.60;5;1;288
2015-08-07;2015-08-11;-1.6436;-1.6436;0.5619;0.60;12;1;288
2022-11-08;2022-11-10;-1.6460;-1.6460;0.2536;0.60;12;1;288
2011-10-21;2011-10-25;-1.6482;-1.6482;0.5755;0.60;-12;1;288
2026-03-17;2026-03-19;-1.6502;-1.6502;0.1004;0.60;5;0;288
2019-12-26;2019-12-30;-1.6511;-1.6511;0.7984;0.60;-12;1;288
2013-11-07;2013-11-11;-1.6526;-1.6526;0.2111;0.60;-12;0;288
2023-09-13;2023-09-15;-1.6527;-1.6527;0.7856;0.60;2;0;288
2013-05-21;2013-05-23;-1.6547;-1.6547;0.2226;0.60;12;1;288
2020-08-03;2020-08-05;-1.6573;-1.6573;0.2862;0.60;12;0;288
2017-01-16;2017-01-18;-1.6582;-1.6582;0.6089;0.60;-12;1;288
2021-02-05;2021-02-09;-1.6592;-1.6592;0.6624;0.60;-12;1;288
2015-04-23;2015-04-27;-1.6714;-1.6714;0.5814;0.60;-12;1;288
2021-11-18;2021-11-22;-1.6741;-1.6770;0.3069;0.60;9;0;287
2015-09-22;2015-09-24;-1.6795;-1.6795;0.6109;0.60;-12;1;288
2020-10-28;2020-10-30;-1.6808;-1.6808;0.8351;0.60;3;0;288
2026-04-07;2026-04-09;-1.6883;-1.6883;0.8166;0.60;-12;1;288
2025-05-27;2025-05-29;-1.6917;-1.6917;0.7686;0.60;4;0;288
2013-03-13;2013-03-15;-1.6920;-1.6920;0.4898;0.60;12;0;288
2021-09-28;2021-09-30;-1.6925;-1.6925;0.5982;0.60;12;0;288
2023-03-17;2023-03-21;-1.6960;-1.7079;0.7534;0.60;12;1;284
2013-12-26;2013-12-30;-1.6961;-1.6961;0.7591;0.60;-12;1;288
2021-02-04;2021-02-08;-1.6975;-1.6975;0.4505;0.60;-5;1;288
2020-03-30;2020-04-01;-1.6993;-1.6993;0.7405;0.60;-12;0;288
2017-09-21;2017-09-25;-1.7023;-1.7023;0.4087;0.60;5;1;288
2016-02-09;2016-02-11;-1.7027;-1.7027;0.3458;0.60;-12;1;288
2015-11-06;2015-11-10;-1.7030;-1.7030;0.3110;0.60;-12;0;288
2025-04-04;2025-04-08;-1.7037;-1.7037;0.8829;0.60;-1;0;288
2011-09-19;2011-09-21;-1.7040;-1.7040;0.2084;0.60;0;1;288
2022-02-10;2022-02-14;-1.7065;-1.7065;0.5240;0.60;12;0;288
2023-03-23;2023-03-27;-1.7115;-1.7235;0.6804;0.60;-12;0;284
2016-03-03;2016-03-07;-1.7176;-1.7176;0.4785;0.60;-12;1;288
2015-04-13;2015-04-15;-1.7237;-1.7267;0.4616;0.60;3;1;287
2026-01-27;2026-01-29;-1.7304;-1.7304;0.6307;0.60;-4;1;288
2012-10-09;2012-10-11;-1.7310;-1.7310;0.6589;0.60;-2;0;288
2019-01-08;2019-01-10;-1.7352;-1.7352;0.7559;0.60;-2;1;288
2014-12-31;2015-01-02;-1.7391;-2.1999;0.6452;0.60;12;0;180
2012-05-15;2012-05-17;-1.7447;-1.7447;0.5897;0.60;-12;0;288
2023-10-11;2023-10-13;-1.7452;-1.7452;0.5256;0.60;6;0;288
2016-05-03;2016-05-05;-1.7497;-1.7497;0.2572;0.60;11;0;288
2023-03-30;2023-04-03;-1.7616;-1.7616;0.3806;0.60;-9;0;288
2020-06-11;2020-06-15;-1.7646;-1.7646;0.8042;0.60;-5;0;288
2013-12-04;2013-12-06;-1.7676;-1.7676;0.5670;0.60;6;1;288
2026-04-10;2026-04-14;-1.7683;-1.7683;0.2765;0.60;12;1;288
2016-07-28;2016-08-01;-1.7794;-1.7794;0.6877;0.60;-12;1;288
2022-03-04;2022-03-08;-1.7812;-1.7812;0.3618;0.60;-11;0;288
2011-08-18;2011-08-22;-1.7911;-1.7911;0.5125;0.60;-12;1;288
2011-03-01;2011-03-03;-1.7943;-1.7943;0.4270;0.60;9;1;288
2017-03-15;2017-03-17;-1.7946;-1.8072;0.8780;0.60;-8;1;284
2020-11-03;2020-11-05;-1.7996;-1.7996;0.5965;0.60;12;1;288
2013-05-30;2013-06-03;-1.8002;-1.8002;0.4506;0.60;6;1;288
2018-06-21;2018-06-25;-1.8018;-1.8018;0.6177;0.60;9;1;288
2012-12-06;2012-12-10;-1.8097;-1.8097;0.5789;0.60;-12;0;288
2015-07-06;2015-07-08;-1.8132;-1.8132;0.6984;0.60;9;0;288
2013-05-22;2013-05-24;-1.8137;-1.8137;0.5057;0.60;-12;1;288
2022-03-07;2022-03-09;-1.8201;-1.8201;0.2600;0.60;12;0;288
2013-04-30;2013-05-02;-1.8219;-1.8219;0.7309;0.60;7;1;288
2015-04-30;2015-05-04;-1.8303;-1.8303;0.7032;0.60;6;1;288
2011-09-12;2011-09-14;-1.8313;-1.8313;0.7384;0.60;3;1;288
2017-01-05;2017-01-09;-1.8320;-1.8320;0.1682;0.60;-3;1;288
2026-03-19;2026-03-23;-1.8444;-1.8574;0.7364;0.60;-3;1;284
2012-03-02;2012-03-06;-1.8451;-1.8451;0.5635;0.60;-12;0;288
2017-01-19;2017-01-23;-1.8463;-1.8463;0.7942;0.60;-9;1;288
2014-12-05;2014-12-09;-1.8567;-1.8567;0.6829;0.60;11;0;288
2022-08-11;2022-08-15;-1.8572;-1.8605;0.3428;0.60;11;0;287
2012-07-24;2012-07-26;-1.8589;-1.8589;0.1635;0.60;12;1;288
2011-05-18;2011-05-20;-1.8594;-1.8594;0.7079;0.60;12;1;288
2012-09-05;2012-09-07;-1.8603;-1.8603;0.4707;0.60;12;1;288
2016-01-28;2016-02-01;-1.8603;-1.8603;0.5063;0.60;-12;0;288
2014-03-19;2014-03-21;-1.8614;-1.8745;0.6633;0.60;-12;0;284
2011-06-06;2011-06-08;-1.8619;-1.8619;0.3563;0.60;6;1;288
2025-02-12;2025-02-14;-1.8631;-1.8631;0.7807;0.60;-12;1;288
2016-06-24;2016-06-28;-1.8641;-1.8641;0.4037;0.60;-9;0;288
2020-09-21;2020-09-23;-1.8660;-1.8660;0.6681;0.60;-12;0;288
2026-03-10;2026-03-12;-1.8738;-1.8738;0.5480;0.60;5;0;288
2026-03-02;2026-03-04;-1.8838;-1.8838;0.6586;0.60;-12;0;288
2012-12-10;2012-12-12;-1.8901;-1.8901;0.5845;0.60;11;1;288
2014-12-04;2014-12-08;-1.8907;-1.8907;0.6705;0.60;-12;0;288
2025-08-05;2025-08-07;-1.8936;-1.8936;0.8031;0.60;-1;1;288
2017-07-14;2017-07-18;-1.8992;-1.8992;0.6202;0.60;12;1;288
2011-08-29;2011-08-31;-1.9011;-1.9011;0.5511;0.60;5;0;288
2014-11-14;2014-11-18;-1.9236;-1.9236;0.4342;0.60;-7;1;288
2016-02-19;2016-02-23;-1.9248;-1.9248;0.7767;0.60;-12;0;288
2025-04-08;2025-04-10;-1.9321;-1.9321;0.6822;0.60;12;1;288
2025-04-07;2025-04-09;-1.9321;-1.9321;0.6822;0.60;-12;1;288
2014-10-07;2014-10-09;-1.9341;-1.9341;0.7892;0.60;-7;1;288
2011-12-19;2011-12-21;-1.9348;-1.9348;0.5906;0.60;-12;1;288
2011-02-17;2011-02-21;-1.9375;-1.9375;0.8590;0.60;-2;1;288
2013-02-04;2013-02-06;-1.9399;-1.9399;0.1605;0.60;-11;0;288
2013-02-05;2013-02-07;-1.9405;-1.9405;0.0949;0.60;8;1;288
2022-07-18;2022-07-20;-1.9409;-1.9409;0.5282;0.60;-12;1;288
2022-06-28;2022-06-30;-1.9436;-1.9436;0.6710;0.60;-12;0;288
2017-07-20;2017-07-24;-1.9587;-1.9587;0.4438;0.60;-12;1;288
2017-08-28;2017-08-30;-1.9620;-1.9620;0.6056;0.60;6;1;288
2022-09-30;2022-10-04;-1.9660;-1.9660;0.2970;0.60;11;1;288
2022-09-29;2022-10-03;-1.9705;-1.9705;0.3675;0.60;-12;1;288
2018-02-16;2018-02-20;-1.9719;-1.9719;0.7367;0.60;-12;0;288
2011-08-16;2011-08-18;-1.9732;-1.9732;0.0705;0.60;8;0;288
2012-11-22;2012-11-26;-1.9778;-1.9778;0.7089;0.60;-12;1;288
2023-07-06;2023-07-10;-1.9780;-1.9780;0.7734;0.60;5;1;288
2020-06-15;2020-06-17;-1.9816;-1.9816;0.2889;0.60;11;1;288
2023-04-12;2023-04-14;-1.9917;-1.9917;0.7755;0.60;-4;1;288
2013-01-24;2013-01-28;-1.9945;-1.9945;0.6872;0.60;-12;1;288
2015-06-19;2015-06-23;-1.9954;-1.9954;0.4323;0.60;12;0;288
2025-04-11;2025-04-15;-1.9971;-1.9971;0.1492;0.60;-9;0;288
2013-07-08;2013-07-10;-2.0018;-2.0018;0.2747;0.60;3;0;288
2022-11-17;2022-11-21;-2.0023;-2.0023;0.4950;0.60;12;0;288
2022-10-17;2022-10-19;-2.0032;-2.0032;0.7068;0.60;-1;1;288
2021-03-22;2021-03-24;-2.0059;-2.0200;0.2939;0.60;12;0;284
2023-08-30;2023-09-01;-2.0064;-2.0064;0.2450;0.60;6;0;288
2020-08-18;2020-08-20;-2.0067;-2.0067;0.6074;0.60;-10;0;288
2020-06-12;2020-06-16;-2.0087;-2.0087;0.2877;0.60;-12;1;288
2017-05-18;2017-05-22;-2.0090;-2.0090;0.3449;0.60;11;1;288
2012-06-18;2012-06-20;-2.0200;-2.0200;0.7365;0.60;-12;1;288
2017-03-09;2017-03-13;-2.0303;-2.0303;0.6749;0.60;-12;1;288
2015-12-14;2015-12-16;-2.0380;-2.0380;0.3824;0.60;4;0;288
2015-05-08;2015-05-12;-2.0389;-2.0389;0.6881;0.60;8;0;288
2016-12-29;2017-01-02;-2.0452;-2.0524;0.3464;0.60;-5;1;286
2020-08-19;2020-08-21;-2.0463;-2.0463;0.6577;0.60;-12;0;288
2019-08-01;2019-08-05;-2.0464;-2.0464;0.4312;0.60;6;1;288
2022-03-31;2022-04-04;-2.0509;-2.0544;0.6839;0.60;-12;0;287
2016-07-27;2016-07-29;-2.0525;-2.0525;0.7300;0.60;12;1;288
2018-02-27;2018-03-01;-2.0678;-2.0678;0.7876;0.60;-5;0;288
2016-05-17;2016-05-19;-2.0689;-2.0689;0.5735;0.60;12;0;288
2022-08-01;2022-08-03;-2.0710;-2.0710;0.6630;0.60;-12;0;288
2023-03-07;2023-03-09;-2.0713;-2.0713;0.3688;0.60;-10;0;288
2015-12-07;2015-12-09;-2.0713;-2.0713;0.0561;0.60;12;0;288
2012-08-03;2012-08-07;-2.0780;-2.0780;0.5139;0.60;-12;1;288
2012-11-21;2012-11-23;-2.0819;-2.0819;0.5237;0.60;12;1;288
2016-04-29;2016-05-03;-2.0886;-2.0886;0.7367;0.60;-12;1;288
2020-07-21;2020-07-23;-2.0977;-2.0977;0.7275;0.60;-12;1;288
2012-01-23;2012-01-25;-2.1025;-2.1025;0.8369;0.60;3;1;288
2023-03-31;2023-04-04;-2.1037;-2.1037;0.3017;0.60;12;0;288
2012-06-21;2012-06-25;-2.1038;-2.1038;0.7034;0.60;-12;0;288
2022-11-21;2022-11-23;-2.1093;-2.1093;0.4348;0.60;10;0;288
2019-06-19;2019-06-21;-2.1171;-2.1171;0.7410;0.60;12;1;288
2018-04-19;2018-04-23;-2.1201;-2.1238;0.6538;0.60;12;0;287
2016-06-17;2016-06-21;-2.1275;-2.1275;0.5166;0.60;-2;1;288
2020-06-10;2020-06-12;-2.1343;-2.1343;0.1177;0.60;7;0;288
2022-01-28;2022-02-01;-2.1368;-2.1405;0.4585;0.60;12;1;287
2019-07-30;2019-08-01;-2.1377;-2.1377;0.6933;0.60;-12;0;288
2019-08-02;2019-08-06;-2.1439;-2.1439;0.7139;0.60;-12;1;288
2015-06-08;2015-06-10;-2.1456;-2.1456;0.5991;0.60;-12;1;288
2020-06-04;2020-06-08;-2.1467;-2.1467;0.6377;0.60;-3;1;288
2018-04-30;2018-05-02;-2.1475;-2.1475;0.7287;0.60;-12;0;288
2012-06-14;2012-06-18;-2.1478;-2.1478;0.7217;0.60;-3;1;288
2013-07-04;2013-07-08;-2.1484;-2.1484;0.6030;0.60;-12;0;288
2015-07-28;2015-07-30;-2.1538;-2.1538;0.5999;0.60;12;0;288
2023-01-03;2023-01-05;-2.1563;-2.1563;0.5460;0.60;6;0;288
2018-02-12;2018-02-14;-2.1636;-2.1636;0.7697;0.60;8;1;288
2023-04-13;2023-04-17;-2.1646;-2.1646;0.4006;0.60;12;1;288
2017-08-03;2017-08-07;-2.1712;-2.1712;0.5605;0.60;3;0;288
2022-02-22;2022-02-24;-2.1721;-2.1721;0.1495;0.60;12;0;288
2013-04-05;2013-04-09;-2.1736;-2.1736;0.8000;0.60;3;1;288
2025-06-24;2025-06-26;-2.1752;-2.1752;0.7114;0.60;-5;1;288
2019-06-20;2019-06-24;-2.1794;-2.1794;0.7255;0.60;-12;1;288
2022-11-18;2022-11-22;-2.1828;-2.1828;0.6439;0.60;-8;0;288
2011-07-15;2011-07-19;-2.1832;-2.1946;0.7286;0.60;12;0;285
2011-07-14;2011-07-18;-2.1832;-2.1946;0.7286;0.60;-12;0;285
2015-09-21;2015-09-23;-2.1840;-2.1840;0.4605;0.60;-12;0;288
2026-03-06;2026-03-10;-2.1878;-2.1878;0.4337;0.60;-12;1;288
2012-09-27;2012-10-01;-2.1935;-2.1935;0.2467;0.60;0;0;288
2023-11-14;2023-11-16;-2.1939;-2.1939;0.1506;0.60;-12;1;288
2022-07-25;2022-07-27;-2.2013;-2.2013;0.5888;0.60;7;0;288
2017-07-28;2017-08-01;-2.2015;-2.2015;0.8300;0.60;-4;1;288
2011-03-08;2011-03-10;-2.2027;-2.2027;0.6512;0.60;-12;0;288
2011-03-09;2011-03-11;-2.2027;-2.2027;0.6512;0.60;12;0;288
2025-06-11;2025-06-13;-2.2036;-2.2036;0.4940;0.60;-12;1;288
2025-08-01;2025-08-05;-2.2091;-2.2091;0.2637;0.60;-12;1;288
2012-07-26;2012-07-30;-2.2154;-2.2154;0.1018;0.60;-12;0;288
2016-06-21;2016-06-23;-2.2155;-2.2155;0.1770;0.60;12;0;288
2020-09-01;2020-09-03;-2.2228;-2.2228;0.7942;0.60;-12;0;288
2016-01-05;2016-01-07;-2.2254;-2.2254;0.4953;0.60;9;0;288
2013-05-29;2013-05-31;-2.2267;-2.2267;0.5207;0.60;-12;1;288
2011-03-22;2011-03-24;-2.2278;-2.2278;0.8084;0.60;-2;0;288
2011-05-24;2011-05-26;-2.2337;-2.2337;0.5875;0.60;3;1;288
2014-09-24;2014-09-26;-2.2362;-2.2362;0.6792;0.60;-12;0;288
2026-06-17;2026-06-19;-2.2450;-2.2450;0.7553;0.60;-12;0;288
2015-01-05;2015-01-07;-2.2590;-2.2590;0.7274;0.60;10;0;288
2020-05-04;2020-05-06;-2.2650;-2.2650;0.7745;0.60;-12;0;288
2012-05-11;2012-05-15;-2.2653;-2.2653;0.7259;0.60;11;0;288
2015-07-14;2015-07-16;-2.2661;-2.2661;0.4443;0.60;12;0;288
2015-07-13;2015-07-15;-2.2661;-2.2661;0.4443;0.60;-12;0;288
2023-10-23;2023-10-25;-2.2681;-2.2681;0.2763;0.60;12;1;288
2016-01-01;2016-01-05;-2.2700;-2.8714;0.1488;0.60;12;0;180
2018-06-26;2018-06-28;-2.2745;-2.2745;0.6065;0.60;-12;0;288
2018-06-27;2018-06-29;-2.2745;-2.2745;0.6065;0.60;12;0;288
2018-11-15;2018-11-19;-2.2749;-2.2749;0.6053;0.60;9;1;288
2022-08-12;2022-08-16;-2.2882;-2.2922;0.7731;0.60;-12;0;287
2014-05-07;2014-05-09;-2.2884;-2.2884;0.3982;0.60;12;0;288
2018-11-27;2018-11-29;-2.2891;-2.2891;0.5211;0.60;-4;1;288
2022-05-04;2022-05-06;-2.2931;-2.2931;0.2350;0.60;-4;1;288
2012-02-10;2012-02-14;-2.2982;-2.2982;0.7238;0.60;4;0;288
2011-02-10;2011-02-14;-2.3012;-2.3012;0.8587;0.60;-12;0;288
2017-11-21;2017-11-23;-2.3104;-2.3104;0.4420;0.60;10;1;288
2025-05-28;2025-05-30;-2.3114;-2.3114;0.3692;0.60;2;1;288
2014-10-30;2014-11-03;-2.3213;-2.3376;0.8164;0.60;-12;0;284
2015-02-26;2015-03-02;-2.3228;-2.3228;0.2880;0.60;-12;0;288
2022-04-21;2022-04-25;-2.3280;-2.3280;0.3819;0.60;12;0;288
2013-12-17;2013-12-19;-2.3303;-2.3303;0.3087;0.60;12;0;288
2014-10-20;2014-10-22;-2.3373;-2.3373;0.2035;0.60;12;0;288
2015-02-11;2015-02-13;-2.3451;-2.3451;0.7561;0.60;-12;1;288
2016-06-08;2016-06-10;-2.3489;-2.3489;0.3895;0.60;7;0;288
2012-03-23;2012-03-27;-2.3514;-2.3679;0.6318;0.60;-9;1;284
2022-05-17;2022-05-19;-2.3571;-2.3571;0.5485;0.60;7;1;288
2018-02-28;2018-03-02;-2.3574;-2.3574;0.3560;0.60;12;0;288
2020-07-29;2020-07-31;-2.3580;-2.3580;0.7909;0.60;-4;1;288
2016-08-15;2016-08-17;-2.3640;-2.3640;0.7251;0.60;-12;1;288
2021-05-06;2021-05-10;-2.3662;-2.3703;0.7037;0.60;-12;1;287
2014-10-08;2014-10-10;-2.3675;-2.3675;0.6008;0.60;12;1;288
2015-05-04;2015-05-06;-2.3728;-2.3728;0.4834;0.60;12;0;288
2020-07-24;2020-07-28;-2.3732;-2.3732;0.7209;0.60;-12;1;288
2024-03-20;2024-03-22;-2.3749;-2.3749;0.1709;0.60;12;1;288
2012-06-04;2012-06-06;-2.3761;-2.3761;0.5573;0.60;2;1;288
2024-12-18;2024-12-20;-2.3802;-2.3802;0.8025;0.60;-5;0;288
2025-05-12;2025-05-14;-2.3844;-2.3844;0.7538;0.60;-12;1;288
2026-06-04;2026-06-08;-2.3852;-2.3852;0.7157;0.60;-2;0;288
2016-09-05;2016-09-07;-2.3893;-2.3893;0.6478;0.60;-2;1;288
2026-03-31;2026-04-02;-2.3941;-2.3941;0.6055;0.60;-3;1;288
2024-09-30;2024-10-02;-2.3943;-2.3943;0.7152;0.60;6;0;288
2013-01-01;2013-01-03;-2.3969;-2.9356;0.2535;0.60;12;1;192
2025-05-07;2025-05-09;-2.3995;-2.3995;0.8623;0.60;-4;0;288
2013-04-29;2013-05-01;-2.4033;-2.4033;0.6809;0.60;-12;1;288
2017-01-30;2017-02-01;-2.4040;-2.4040;0.7035;0.60;-5;1;288
2011-04-04;2011-04-06;-2.4044;-2.4044;0.1912;0.60;12;1;288
2018-03-07;2018-03-09;-2.4168;-2.4168;0.6976;0.60;-12;0;288
2013-10-31;2013-11-04;-2.4219;-2.4389;0.7318;0.60;-12;0;284
2012-01-27;2012-01-31;-2.4265;-2.4265;0.3475;0.60;5;1;288
2022-08-19;2022-08-23;-2.4293;-2.4335;0.7058;0.60;-12;0;287
2013-01-03;2013-01-07;-2.4351;-2.4351;0.5059;0.60;-5;0;288
2021-01-07;2021-01-11;-2.4355;-2.4440;0.7537;0.60;-12;0;286
2015-01-02;2015-01-06;-2.4393;-2.4393;0.7522;0.60;-12;0;288
2023-07-27;2023-07-31;-2.4416;-2.4416;0.6540;0.60;-4;0;288
2012-05-17;2012-05-21;-2.4429;-2.4429;0.3643;0.60;1;1;288
2012-03-12;2012-03-14;-2.4488;-2.4488;0.2920;0.60;8;0;288
2015-10-14;2015-10-16;-2.4522;-2.4522;0.6274;0.60;-12;0;288
2011-12-28;2011-12-30;-2.4576;-2.6118;0.2743;0.60;-12;0;255
2026-03-18;2026-03-20;-2.4577;-2.4749;0.4484;0.60;-12;1;284
2015-07-20;2015-07-22;-2.4589;-2.4589;0.7354;0.60;2;1;288
2011-09-22;2011-09-26;-2.4617;-2.4617;0.5435;0.60;0;0;288
2025-08-22;2025-08-26;-2.4627;-2.4627;0.4240;0.60;-12;0;288
2011-09-05;2011-09-07;-2.4681;-2.4681;0.8619;0.60;-1;0;288
2014-12-03;2014-12-05;-2.4688;-2.4688;0.2581;0.60;9;0;288
2018-03-19;2018-03-21;-2.4728;-2.4901;0.1247;0.60;4;0;284
2022-04-13;2022-04-15;-2.4735;-2.4865;0.4631;0.60;-12;0;285
2011-11-07;2011-11-09;-2.4797;-2.4971;0.0993;0.60;12;1;284
2015-06-17;2015-06-19;-2.4870;-2.4870;0.5309;0.60;-11;1;288
2017-09-07;2017-09-11;-2.4883;-2.4927;0.6529;0.60;2;1;287
2018-03-27;2018-03-29;-2.4926;-2.4926;0.6612;0.60;-12;0;288
2018-05-25;2018-05-29;-2.4983;-2.4983;0.6213;0.60;12;0;288
2012-06-11;2012-06-13;-2.5022;-2.5022;0.3344;0.60;-12;1;288
2025-05-29;2025-06-02;-2.5088;-2.5088;0.5388;0.60;-12;1;288
2022-08-17;2022-08-19;-2.5125;-2.5125;0.3752;0.60;11;0;288
2018-12-25;2018-12-27;-2.5136;-3.2432;0.3603;0.60;-1;0;173
2018-01-12;2018-01-16;-2.5202;-2.5202;0.6624;0.60;-12;1;288
2022-05-18;2022-05-20;-2.5239;-2.5283;0.5876;0.60;-11;1;287
2017-09-19;2017-09-21;-2.5239;-2.5239;0.6389;0.60;-4;0;288
2020-05-01;2020-05-05;-2.5318;-2.5318;0.3145;0.60;7;0;288
2024-11-07;2024-11-11;-2.5321;-2.5321;0.1395;0.60;12;1;288
2022-02-28;2022-03-02;-2.5501;-2.5501;0.7760;0.60;-12;0;288
2013-03-07;2013-03-11;-2.5501;-2.5501;0.5576;0.60;-12;0;288
2011-09-27;2011-09-29;-2.5502;-2.5502;0.5269;0.60;1;1;288
2014-02-27;2014-03-03;-2.5523;-2.5523;0.5234;0.60;-12;1;288
2011-10-25;2011-10-27;-2.5530;-2.5530;0.1448;0.60;12;1;288
2016-03-02;2016-03-04;-2.5544;-2.5544;0.4212;0.60;12;1;288
2014-12-08;2014-12-10;-2.5628;-2.5628;0.6738;0.60;8;1;288
2017-09-25;2017-09-27;-2.5663;-2.5663;0.7818;0.60;-12;0;288
2014-12-02;2014-12-04;-2.5673;-2.5673;0.3900;0.60;-12;0;288
2022-10-21;2022-10-25;-2.5676;-2.5676;0.5866;0.60;8;1;288
2020-04-14;2020-04-16;-2.5730;-2.5730;0.2301;0.60;7;0;288
2026-06-16;2026-06-18;-2.5816;-2.5816;0.3087;0.60;12;0;288
2016-12-01;2016-12-05;-2.5830;-2.5830;0.3122;0.60;11;1;288
2011-03-23;2011-03-25;-2.5891;-2.5891;0.4756;0.60;12;0;288
2024-11-20;2024-11-22;-2.5902;-2.5902;0.6232;0.60;12;0;288
2012-01-05;2012-01-09;-2.5903;-2.5903;0.3798;0.60;-12;0;288
2022-05-19;2022-05-23;-2.5923;-2.5968;0.6199;0.60;12;1;287
2020-04-29;2020-05-01;-2.5994;-2.5994;0.5185;0.60;12;1;288
2013-06-06;2013-06-10;-2.6098;-2.6098;0.2304;0.60;-12;1;288
2011-11-24;2011-11-28;-2.6177;-2.6177;0.6031;0.60;4;0;288
2017-11-22;2017-11-24;-2.6200;-2.6200;0.7812;0.60;8;1;288
2011-11-02;2011-11-04;-2.6205;-2.6205;0.7498;0.60;5;1;288
2015-07-08;2015-07-10;-2.6218;-2.6218;0.6522;0.60;12;1;288
2022-05-16;2022-05-18;-2.6261;-2.6261;0.5916;0.60;-12;1;288
2019-03-06;2019-03-08;-2.6282;-2.6282;0.7056;0.60;-2;0;288
2022-02-03;2022-02-07;-2.6299;-2.6299;0.2625;0.60;-12;1;288
2012-01-19;2012-01-23;-2.6317;-2.6317;0.5882;0.60;11;1;288
2020-07-20;2020-07-22;-2.6460;-2.6460;0.4454;0.60;12;1;288
2020-03-27;2020-03-31;-2.6480;-2.6665;0.6107;0.60;-12;0;284
2014-12-01;2014-12-03;-2.6623;-2.6670;0.3568;0.60;12;0;287
2024-06-12;2024-06-14;-2.6702;-2.6702;0.2938;0.60;12;1;288
2011-05-31;2011-06-02;-2.6801;-2.6801;0.8040;0.60;12;1;288
2011-05-30;2011-06-01;-2.6801;-2.6801;0.8040;0.60;-12;1;288
2020-07-23;2020-07-27;-2.6862;-2.6862;0.4879;0.60;12;1;288
2011-06-07;2011-06-09;-2.6864;-2.6864;0.2723;0.60;11;1;288
2025-02-03;2025-02-05;-2.6916;-2.6916;0.7715;0.60;-12;1;288
2012-05-04;2012-05-08;-2.6918;-2.6918;0.7020;0.60;-11;0;288
2017-09-20;2017-09-22;-2.6929;-2.6929;0.4607;0.60;-5;0;288
2024-11-08;2024-11-12;-2.7011;-2.7011;0.7776;0.60;-12;0;288
2012-01-30;2012-02-01;-2.7012;-2.7012;0.6915;0.60;6;0;288
2012-01-18;2012-01-20;-2.7067;-2.7067;0.6153;0.60;-12;1;288
2025-06-10;2025-06-12;-2.7073;-2.7073;0.4000;0.60;12;1;288
2011-10-19;2011-10-21;-2.7079;-2.7079;0.2419;0.60;9;1;288
2017-03-28;2017-03-30;-2.7190;-2.7190;0.7678;0.60;6;0;288
2014-01-01;2014-01-03;-2.7201;-3.4406;0.6681;0.60;12;0;180
2013-09-06;2013-09-10;-2.7257;-2.7257;0.6916;0.60;-12;1;288
2014-11-06;2014-11-10;-2.7273;-2.7369;0.3178;0.60;-12;1;286
2011-08-11;2011-08-15;-2.7284;-2.7284;0.5506;0.60;9;1;288
2015-01-15;2015-01-19;-2.7356;-2.7356;0.3388;0.60;-12;0;288
2022-01-26;2022-01-28;-2.7481;-2.7529;0.8167;0.60;-12;0;287
2015-05-11;2015-05-13;-2.7511;-2.7511;0.3513;0.60;8;1;288
2016-11-11;2016-11-15;-2.7533;-2.7533;0.7405;0.60;-12;0;288
2022-07-05;2022-07-07;-2.7614;-2.7614;0.6511;0.60;-12;0;288
2022-06-10;2022-06-14;-2.7623;-2.7671;0.6618;0.60;-12;0;287
2025-01-17;2025-01-21;-2.7687;-2.7687;0.6309;0.60;6;1;288
2025-04-22;2025-04-24;-2.7713;-2.7713;0.5444;0.60;-12;0;288
2015-07-29;2015-07-31;-2.7745;-2.7745;0.5138;0.60;-8;0;288
2017-01-10;2017-01-12;-2.7825;-2.7825;0.0479;0.60;12;0;288
2023-11-02;2023-11-06;-2.7834;-2.8030;0.7344;0.60;-12;1;284
2012-10-03;2012-10-05;-2.7869;-2.7869;0.7398;0.60;-12;1;288
2017-06-27;2017-06-29;-2.7877;-2.7877;0.7713;0.60;-12;1;288
2022-03-30;2022-04-01;-2.7908;-2.7956;0.7166;0.60;-12;0;287
2022-01-11;2022-01-13;-2.7915;-2.7915;0.8012;0.60;-3;1;288
2016-01-04;2016-01-06;-2.7922;-2.7922;0.5752;0.60;-12;0;288
2011-10-18;2011-10-20;-2.8066;-2.8066;0.3415;0.60;-12;1;288
2016-12-28;2016-12-30;-2.8119;-2.8217;0.8561;0.60;-12;1;286
2020-09-18;2020-09-22;-2.8136;-2.8136;0.6357;0.60;7;0;288
2014-03-18;2014-03-20;-2.8276;-2.8276;0.3666;0.60;12;0;288
2011-09-23;2011-09-27;-2.8348;-2.8348;0.0854;0.60;12;1;288
2011-08-26;2011-08-30;-2.8379;-2.8379;0.4746;0.60;-4;1;288
2015-07-09;2015-07-13;-2.8383;-2.8383;0.6270;0.60;11;1;288
2026-01-29;2026-02-02;-2.8445;-2.8445;0.5213;0.60;9;0;288
2013-01-29;2013-01-31;-2.8531;-2.8531;0.8193;0.60;0;1;288
2017-01-04;2017-01-06;-2.8581;-2.8581;0.6412;0.60;-12;1;288
2023-04-11;2023-04-13;-2.8633;-2.8633;0.7312;0.60;12;1;288
2015-03-12;2015-03-16;-2.8679;-2.8880;0.4733;0.60;-9;0;284
2013-07-03;2013-07-05;-2.8753;-2.8753;0.4934;0.60;12;0;288
2011-09-13;2011-09-15;-2.8946;-2.8946;0.5443;0.60;12;1;288
2012-08-21;2012-08-23;-2.8995;-2.8995;0.6591;0.60;-12;1;288
2015-07-15;2015-07-17;-2.9049;-2.9049;0.7027;0.60;-12;0;288
2013-11-19;2013-11-21;-2.9057;-2.9057;0.5503;0.60;-2;0;288
2011-04-05;2011-04-07;-2.9125;-2.9125;0.7993;0.60;-3;1;288
2018-03-01;2018-03-05;-2.9133;-2.9133;0.7285;0.60;-12;1;288
2022-08-09;2022-08-11;-2.9301;-2.9301;0.7020;0.60;-12;1;288
2022-12-12;2022-12-14;-2.9315;-2.9315;0.7150;0.60;6;1;288
2022-09-13;2022-09-15;-2.9340;-2.9340;0.2852;0.60;-12;0;288
2023-09-29;2023-10-03;-2.9349;-2.9349;0.7754;0.60;-1;0;288
2022-07-14;2022-07-18;-2.9478;-2.9478;0.0450;0.60;12;1;288
2013-11-20;2013-11-22;-2.9482;-2.9482;0.5342;0.60;9;0;288
2025-02-28;2025-03-04;-2.9604;-2.9604;0.4952;0.60;10;1;288
2011-07-04;2011-07-06;-2.9607;-2.9607;0.4611;0.60;12;0;288
2019-01-24;2019-01-28;-2.9652;-2.9652;0.6847;0.60;-12;1;288
2012-09-10;2012-09-12;-2.9679;-2.9679;0.4226;0.60;9;1;288
2013-05-09;2013-05-13;-2.9689;-2.9689;0.7139;0.60;-12;0;288
2012-06-15;2012-06-19;-2.9737;-2.9737;0.2861;0.60;5;0;288
2015-03-27;2015-03-31;-2.9743;-2.9952;0.5470;0.60;8;0;284
2011-06-13;2011-06-15;-2.9748;-2.9851;0.5804;0.60;10;1;286
2016-08-25;2016-08-29;-2.9823;-2.9823;0.6560;0.60;-2;0;288
2020-03-20;2020-03-24;-2.9852;-3.0061;0.8110;0.60;-11;1;284
2017-09-06;2017-09-08;-2.9868;-2.9920;0.7755;0.60;-12;1;287
2025-01-01;2025-01-03;-2.9881;-3.7797;0.4994;0.60;12;0;180
2012-10-08;2012-10-10;-2.9938;-2.9938;0.6722;0.60;-12;0;288
2014-09-23;2014-09-25;-2.9968;-2.9968;0.2638;0.60;12;0;288
2011-02-18;2011-02-22;-3.0105;-3.0105;0.4096;0.60;-1;1;288
2011-09-28;2011-09-30;-3.0112;-3.0112;0.1316;0.60;12;1;288
2020-03-23;2020-03-25;-3.0177;-3.0389;0.8347;0.60;12;1;284
2018-02-26;2018-02-28;-3.0221;-3.0221;0.6360;0.60;2;0;288
2012-01-31;2012-02-02;-3.0349;-3.0349;0.3114;0.60;-12;1;288
2012-03-16;2012-03-20;-3.0360;-3.0573;0.9241;0.60;-2;1;284
2011-04-14;2011-04-18;-3.0414;-3.0467;0.3138;0.60;12;0;287
2016-12-30;2017-01-03;-3.0453;-3.0559;0.1275;0.60;11;0;286
2020-03-12;2020-03-16;-3.0486;-3.0700;0.1466;0.60;-12;0;284
2020-03-13;2020-03-17;-3.0486;-3.0700;0.1466;0.60;12;0;284
2013-05-01;2013-05-03;-3.0518;-3.0571;0.7006;0.60;-3;0;287
2013-02-07;2013-02-11;-3.0665;-3.0665;0.3108;0.60;-12;0;288
2013-02-13;2013-02-15;-3.0676;-3.0676;0.7696;0.60;-12;0;288
2022-11-29;2022-12-01;-3.0788;-3.0788;0.2687;0.60;8;1;288
2025-08-21;2025-08-25;-3.0946;-3.0946;0.4576;0.60;2;1;288
2015-05-07;2015-05-11;-3.0983;-3.0983;0.7981;0.60;-12;0;288
2015-08-18;2015-08-20;-3.1039;-3.1039;0.0327;0.60;12;0;288
2012-06-27;2012-06-29;-3.1260;-3.1260;0.1801;0.60;12;0;288
2011-11-30;2011-12-02;-3.1280;-3.1280;0.1933;0.60;-12;1;288
2023-01-04;2023-01-06;-3.1314;-3.1314;0.3143;0.60;3;0;288
2015-07-24;2015-07-28;-3.1415;-3.1415;0.6357;0.60;-12;1;288
2020-12-01;2020-12-03;-3.1431;-3.1431;0.7165;0.60;-12;1;288
2011-11-23;2011-11-25;-3.1478;-3.1478;0.6050;0.60;-12;0;288
2011-08-15;2011-08-17;-3.1514;-3.1514;0.0825;0.60;-12;1;288
2021-10-28;2021-11-01;-3.1516;-3.1516;0.5690;0.60;-12;0;288
2018-08-08;2018-08-10;-3.1531;-3.1531;0.2857;0.60;12;0;288
2016-06-16;2016-06-20;-3.1656;-3.1656;0.8663;0.60;-8;1;288
2023-01-02;2023-01-04;-3.1679;-3.1679;0.4763;0.60;-12;0;288
2013-10-21;2013-10-23;-3.1739;-3.1739;0.6662;0.60;4;1;288
2018-11-07;2018-11-09;-3.1901;-3.1901;0.7998;0.60;-3;0;288
2011-05-09;2011-05-11;-3.1932;-3.1932;0.0756;0.60;5;0;288
2012-03-09;2012-03-13;-3.1960;-3.1960;0.3008;0.60;-12;0;288
2015-09-02;2015-09-04;-3.2154;-3.2154;0.6638;0.60;-12;0;288
2012-09-07;2012-09-11;-3.2185;-3.2185;0.4163;0.60;-12;1;288
2022-11-01;2022-11-03;-3.2221;-3.2221;0.2099;0.60;12;0;288
2011-03-24;2011-03-28;-3.2256;-3.2482;0.6274;0.60;-12;0;284
2022-09-06;2022-09-08;-3.2279;-3.2279;0.3842;0.60;-2;1;288
2025-06-20;2025-06-24;-3.2650;-3.2650;0.4160;0.60;12;1;288
2012-01-02;2012-01-04;-3.2660;-3.4709;0.5683;0.60;12;1;255
2015-12-08;2015-12-10;-3.2699;-3.2699;0.5083;0.60;-12;1;288
2020-03-04;2020-03-06;-3.2765;-3.2765;0.2763;0.60;12;1;288
2022-06-08;2022-06-10;-3.2784;-3.2784;0.1825;0.60;12;0;288
2025-06-23;2025-06-25;-3.2891;-3.2891;0.8554;0.60;-3;1;288
2012-03-01;2012-03-05;-3.2914;-3.2914;0.7428;0.60;-12;0;288
2015-08-11;2015-08-13;-3.2929;-3.2929;0.6394;0.60;-12;1;288
2012-06-06;2012-06-08;-3.2960;-3.2960;0.6998;0.60;9;1;288
2013-03-21;2013-03-25;-3.3079;-3.3253;0.3323;0.60;7;1;285
2018-02-15;2018-02-19;-3.3168;-3.3168;0.4439;0.60;1;0;288
2012-02-13;2012-02-15;-3.3184;-3.3184;0.4698;0.60;7;0;288
2020-05-27;2020-05-29;-3.3266;-3.3266;0.5183;0.60;12;1;288
2022-09-09;2022-09-13;-3.3268;-3.3268;0.9212;0.60;12;1;288
2022-09-08;2022-09-12;-3.3268;-3.3268;0.9212;0.60;-12;1;288
2013-05-28;2013-05-30;-3.3416;-3.3416;0.0778;0.60;12;0;288
2013-08-28;2013-08-30;-3.3474;-3.3474;0.7610;0.60;-12;0;288
2011-08-25;2011-08-29;-3.3654;-3.3654;0.7807;0.60;-12;1;288
2026-03-11;2026-03-13;-3.3673;-3.3909;0.7659;0.60;-12;0;284
2014-01-29;2014-01-31;-3.3714;-3.3714;0.5750;0.60;12;0;288
2015-10-27;2015-10-29;-3.3715;-3.3715;0.7766;0.60;-5;0;288
2020-03-26;2020-03-30;-3.3823;-3.4061;0.3964;0.60;-10;1;284
2014-10-15;2014-10-17;-3.3895;-3.3895;0.0902;0.60;-12;1;288
2016-11-16;2016-11-18;-3.3929;-3.3929;0.7750;0.60;2;0;288
2011-06-10;2011-06-14;-3.4033;-3.4152;0.4715;0.60;-12;1;286
2015-01-26;2015-01-28;-3.4118;-3.4118;0.4885;0.60;-12;1;288
2011-08-17;2011-08-19;-3.4205;-3.4205;0.6681;0.60;-9;0;288
2012-05-28;2012-05-30;-3.4265;-3.4265;0.4537;0.60;7;0;288
2012-06-05;2012-06-07;-3.4266;-3.4266;0.7558;0.60;-12;1;288
2017-10-26;2017-10-30;-3.4463;-3.4523;0.4966;0.60;-12;0;287
2011-09-06;2011-09-08;-3.4490;-3.4490;0.1471;0.60;9;0;288
2022-03-29;2022-03-31;-3.4505;-3.4505;0.1922;0.60;-11;1;288
2015-03-26;2015-03-30;-3.4711;-3.4955;0.5903;0.60;-12;0;284
2025-01-02;2025-01-06;-3.4748;-3.6021;0.3159;0.60;5;0;268
2024-02-01;2024-02-05;-3.4994;-3.4994;0.1321;0.60;12;0;288
2017-08-29;2017-08-31;-3.5055;-3.5055;0.7838;0.60;-12;0;288
2017-05-12;2017-05-16;-3.5170;-3.5170;0.6849;0.60;12;1;288
2015-08-10;2015-08-12;-3.5220;-3.5220;0.6144;0.60;12;1;288
2011-04-25;2011-04-27;-3.5291;-3.5539;0.6811;0.60;5;1;284
2012-02-23;2012-02-27;-3.5345;-3.5345;0.5853;0.60;-12;1;288
2018-08-20;2018-08-22;-3.5347;-3.5347;0.8109;0.60;-12;1;288
2012-09-11;2012-09-13;-3.5348;-3.5348;0.8497;0.60;5;1;288
2023-03-21;2023-03-23;-3.5455;-3.5455;0.6663;0.60;-11;1;288
2015-05-13;2015-05-15;-3.5556;-3.5556;0.5225;0.60;-12;1;288
2016-10-10;2016-10-12;-3.5591;-3.5591;0.7886;0.60;-12;0;288
2022-10-26;2022-10-28;-3.5642;-3.5642;0.6750;0.60;-12;0;288
2011-06-20;2011-06-22;-3.5642;-3.5642;0.5003;0.60;-12;1;288
2011-06-21;2011-06-23;-3.5642;-3.5642;0.5003;0.60;12;1;288
2012-06-01;2012-06-05;-3.5668;-3.5668;0.8150;0.60;-5;1;288
2016-06-03;2016-06-07;-3.5820;-3.5820;0.3938;0.60;-12;1;288
2015-10-28;2015-10-30;-3.5867;-3.5867;0.4650;0.60;-5;0;288
2011-09-26;2011-09-28;-3.5899;-3.5899;0.7271;0.60;-12;1;288
2023-03-22;2023-03-24;-3.5979;-3.5979;0.6373;0.60;12;1;288
2011-02-21;2011-02-23;-3.6147;-3.6147;0.1408;0.60;10;0;288
2022-10-14;2022-10-18;-3.6520;-3.6520;0.7168;0.60;-12;1;288
2022-06-15;2022-06-17;-3.6653;-3.6653;0.5522;0.60;-1;1;288
2013-03-06;2013-03-08;-3.6677;-3.6677;0.2243;0.60;12;1;288
2011-02-08;2011-02-10;-3.6698;-3.8849;0.3101;0.60;-3;1;257
2018-05-28;2018-05-30;-3.6821;-3.6821;0.8553;0.60;4;0;288
2021-11-09;2021-11-11;-3.6824;-3.6824;0.4296;0.60;12;0;288
2020-07-30;2020-08-03;-3.6847;-3.6847;0.3728;0.60;12;1;288
2015-09-09;2015-09-11;-3.6871;-3.6871;0.4845;0.60;6;1;288
2011-05-16;2011-05-18;-3.6938;-3.6938;0.5269;0.60;-12;1;288
2014-10-06;2014-10-08;-3.7020;-3.7020;0.8468;0.60;2;1;288
2011-06-01;2011-06-03;-3.7064;-3.7064;0.4892;0.60;11;1;288
2012-01-20;2012-01-24;-3.7242;-3.7242;0.4418;0.60;4;1;288
2014-05-08;2014-05-12;-3.7370;-3.7370;0.7061;0.60;-12;0;288
2016-10-31;2016-11-02;-3.7446;-3.7643;0.5148;0.60;12;1;285
2011-10-05;2011-10-07;-3.7490;-3.7490;0.7583;0.60;-5;1;288
2020-05-15;2020-05-19;-3.7578;-3.7578;0.5086;0.60;12;1;288
2022-10-06;2022-10-10;-3.7727;-3.7727;0.7245;0.60;-12;0;288
2011-06-03;2011-06-07;-3.7812;-3.7812;0.5575;0.60;-12;1;288
2015-06-16;2015-06-18;-3.7844;-3.7844;0.2847;0.60;12;1;288
2018-02-14;2018-02-16;-3.7852;-3.7852;0.8049;0.60;-6;1;288
2023-07-26;2023-07-28;-3.7926;-3.7926;0.5545;0.60;-1;0;288
2011-10-17;2011-10-19;-3.8005;-3.8005;0.1715;0.60;-12;1;288
2018-08-17;2018-08-21;-3.8065;-3.8131;0.5325;0.60;12;1;287
2026-03-30;2026-04-01;-3.8155;-3.8155;0.7390;0.60;-12;1;288
2012-01-16;2012-01-18;-3.8236;-3.8236;0.6146;0.60;10;1;288
2022-09-07;2022-09-09;-3.8262;-3.8262;0.8624;0.60;-8;1;288
2023-12-12;2023-12-14;-3.8332;-3.8332;0.4742;0.60;12;1;288
2020-11-30;2020-12-02;-3.8360;-3.8360;0.5279;0.60;8;1;288
2013-03-25;2013-03-27;-3.8440;-3.8440;0.6214;0.60;-12;0;288
2018-09-26;2018-09-28;-3.8564;-3.8564;0.6223;0.60;12;0;288
2016-04-12;2016-04-14;-3.8739;-3.8739;0.7908;0.60;-12;0;288
2025-05-08;2025-05-12;-3.8803;-3.8803;0.6365;0.60;12;0;288
2011-04-27;2011-04-29;-3.8875;-3.8943;0.7773;0.60;-12;1;287
2022-09-23;2022-09-27;-3.8897;-3.8897;0.6691;0.60;-12;0;288
2016-03-29;2016-03-31;-3.8974;-3.8974;0.7650;0.60;-12;1;288
2015-04-22;2015-04-24;-3.9266;-3.9266;0.5150;0.60;7;1;288
2011-10-13;2011-10-17;-3.9341;-3.9341;0.4516;0.60;3;1;288
2018-01-10;2018-01-12;-3.9342;-3.9342;0.5530;0.60;12;1;288
2015-04-14;2015-04-16;-3.9497;-3.9497;0.6539;0.60;5;1;288
2022-04-22;2022-04-26;-3.9532;-3.9532;0.7970;0.60;7;0;288
2021-03-04;2021-03-08;-3.9567;-3.9636;0.8179;0.60;-12;0;287
2023-02-03;2023-02-07;-3.9613;-3.9613;0.7230;0.60;-12;0;288
2013-04-15;2013-04-17;-3.9691;-3.9691;0.4751;0.60;5;1;288
2011-07-06;2011-07-08;-3.9795;-3.9795;0.7184;0.60;4;0;288
2017-09-22;2017-09-26;-3.9813;-3.9813;0.3822;0.60;12;0;288
2021-03-03;2021-03-05;-4.0003;-4.0003;0.4239;0.60;12;0;288
2013-06-20;2013-06-24;-4.0059;-4.0059;0.6465;0.60;-12;0;288
2011-07-21;2011-07-25;-4.0226;-4.0226;0.7578;0.60;-5;1;288
2015-04-09;2015-04-13;-4.0320;-4.0390;0.7380;0.60;-12;0;287
2012-08-01;2012-08-03;-4.0464;-4.0464;0.5962;0.60;7;0;288
2014-11-05;2014-11-07;-4.0935;-4.1078;0.4633;0.60;-9;0;286
2017-03-14;2017-03-16;-4.1136;-4.1136;0.4027;0.60;3;1;288
2020-02-26;2020-02-28;-4.1265;-4.1265;0.7323;0.60;4;1;288
2015-04-27;2015-04-29;-4.1316;-4.1316;0.5448;0.60;12;1;288
2022-11-22;2022-11-24;-4.1411;-4.1411;0.7657;0.60;-12;1;288
2015-12-15;2015-12-17;-4.1497;-4.1497;0.6582;0.60;-12;0;288
2011-09-16;2011-09-20;-4.1652;-4.1652;0.6585;0.60;-12;0;288
2013-04-03;2013-04-05;-4.1688;-4.1688;0.2670;0.60;12;1;288
2022-07-08;2022-07-12;-4.1756;-4.1756;0.7977;0.60;-12;0;288
2011-11-01;2011-11-03;-4.1816;-4.1816;0.5884;0.60;-12;1;288
2024-04-10;2024-04-12;-4.1822;-4.1822;0.6784;0.60;-12;0;288
2012-03-15;2012-03-19;-4.1873;-4.2166;0.7618;0.60;8;1;284
2026-01-26;2026-01-28;-4.1880;-4.1880;0.8122;0.60;-1;1;288
2011-07-28;2011-08-01;-4.1997;-4.1997;0.3557;0.60;11;0;288
2020-03-19;2020-03-23;-4.2084;-4.2379;0.3491;0.60;-12;1;284
2016-02-25;2016-02-29;-4.2350;-4.2350;0.2492;0.60;12;0;288
2012-04-13;2012-04-17;-4.2649;-4.2649;0.1912;0.60;-12;1;288
2011-07-27;2011-07-29;-4.2659;-4.2659;0.4216;0.60;-12;0;288
2011-07-22;2011-07-26;-4.2790;-4.2790;0.0576;0.60;8;1;288
2011-07-18;2011-07-20;-4.2906;-4.3131;0.5520;0.60;3;1;285
2011-02-22;2011-02-24;-4.2999;-4.2999;0.7683;0.60;-12;1;288
2015-03-25;2015-03-27;-4.3067;-4.3369;0.5419;0.60;-3;0;284
2014-09-04;2014-09-08;-4.3176;-4.3176;0.4182;0.60;-12;0;288
2012-03-07;2012-03-09;-4.3356;-4.3356;0.7445;0.60;7;1;288
2017-08-25;2017-08-29;-4.3858;-4.3858;0.7574;0.60;-12;1;288
2015-04-03;2015-04-07;-4.4058;-4.4058;0.5599;0.60;8;1;288
2020-06-03;2020-06-05;-4.4097;-4.4097;0.7469;0.60;-4;1;288
2011-07-19;2011-07-21;-4.4405;-4.4405;0.7666;0.60;8;1;288
2015-04-01;2015-04-03;-4.4494;-4.4494;0.6971;0.60;11;1;288
2025-04-03;2025-04-07;-4.4820;-4.4820;0.5772;0.60;-11;0;288
2016-02-08;2016-02-10;-4.5496;-4.5496;0.6924;0.60;-9;1;288
2016-02-11;2016-02-15;-4.5508;-4.5508;0.1719;0.60;9;0;288
2024-12-17;2024-12-19;-4.5637;-4.5637;0.5823;0.60;6;0;288
2022-11-02;2022-11-04;-4.5659;-4.5659;0.6907;0.60;7;0;288
2012-01-13;2012-01-17;-4.5733;-4.5733;0.4734;0.60;-12;1;288
2020-03-09;2020-03-11;-4.5764;-4.5764;0.7557;0.60;-11;0;288
2022-03-09;2022-03-11;-4.5886;-4.5886;0.5573;0.60;-12;0;288
2020-03-10;2020-03-12;-4.5921;-4.5921;0.7681;0.60;12;0;288
2013-02-01;2013-02-05;-4.6305;-4.6305;0.6846;0.60;-12;0;288
2011-10-12;2011-10-14;-4.6683;-4.6683;0.2593;0.60;-12;1;288
2025-07-30;2025-08-01;-4.6742;-4.6742;0.7247;0.60;7;0;288
2015-09-16;2015-09-18;-4.6831;-4.6831;0.7727;0.60;-4;1;288
2018-02-06;2018-02-08;-4.6877;-4.6877;0.6904;0.60;-12;0;288
2011-06-23;2011-06-27;-4.7063;-4.7063;0.6981;0.60;0;0;288
2023-07-12;2023-07-14;-4.7257;-4.7257;0.7178;0.60;-12;1;288
2013-11-06;2013-11-08;-4.7544;-4.7544;0.3945;0.60;8;0;288
2022-05-20;2022-05-24;-4.7776;-4.7859;0.5848;0.60;9;1;287
2012-05-14;2012-05-16;-4.7881;-4.7881;0.6854;0.60;-12;0;288
2021-02-25;2021-03-01;-4.7914;-4.7914;0.2775;0.60;12;0;288
2024-06-06;2024-06-10;-4.8259;-4.8259;0.2715;0.60;12;0;288
2015-04-02;2015-04-06;-4.8390;-4.8390;0.6069;0.60;-12;1;288
2015-02-04;2015-02-06;-4.8514;-4.8514;0.1462;0.60;8;0;288
2020-03-24;2020-03-26;-4.8521;-4.8521;0.6676;0.60;12;1;288
2011-03-02;2011-03-04;-4.8641;-4.8641;0.6835;0.60;-12;1;288
2014-10-03;2014-10-07;-4.8781;-4.8781;0.5991;0.60;-12;1;288
2016-04-28;2016-05-02;-4.8875;-4.8875;0.6692;0.60;12;1;288
2011-12-13;2011-12-15;-4.9155;-4.9155;0.5471;0.60;-12;0;288
2011-02-09;2011-02-11;-4.9209;-4.9209;0.2203;0.60;12;0;288
2023-06-14;2023-06-16;-4.9455;-4.9455;0.6203;0.60;-12;1;288
2015-03-11;2015-03-13;-4.9627;-4.9975;0.1188;0.60;-12;0;284
2015-03-03;2015-03-05;-4.9776;-4.9776;0.5780;0.60;12;0;288
2024-11-04;2024-11-06;-4.9795;-4.9795;0.1704;0.60;12;1;288
2025-04-01;2025-04-03;-4.9821;-4.9821;0.2130;0.60;12;1;288
2012-01-11;2012-01-13;-4.9999;-4.9999;0.2639;0.60;7;1;288
2011-04-06;2011-04-08;-5.0052;-5.0052;0.6084;0.60;12;1;288
2011-08-30;2011-09-01;-5.0061;-5.0061;0.6539;0.60;12;0;288
2016-11-07;2016-11-09;-5.0275;-5.0275;0.3407;0.60;12;0;288
2012-02-14;2012-02-16;-5.0318;-5.0318;0.7318;0.60;-3;0;288
2022-07-15;2022-07-19;-5.0344;-5.0344;0.7642;0.60;12;1;288
2020-04-01;2020-04-03;-5.0525;-5.0525;0.7351;0.60;-12;0;288
2024-04-09;2024-04-11;-5.0580;-5.0580;0.3767;0.60;12;0;288
2016-03-28;2016-03-30;-5.0742;-5.1279;0.4537;0.60;12;1;282
2012-07-05;2012-07-09;-5.0871;-5.0871;0.6142;0.60;-12;0;288
2012-02-22;2012-02-24;-5.0904;-5.0904;0.5152;0.60;12;1;288
2012-01-24;2012-01-26;-5.1054;-5.1054;0.1217;0.60;12;1;288
2017-01-03;2017-01-05;-5.1140;-5.1140;0.0203;0.60;12;0;288
2018-06-14;2018-06-18;-5.1286;-5.1286;0.2838;0.60;-12;0;288
2018-11-08;2018-11-12;-5.1367;-5.1367;0.7243;0.60;12;0;288
2026-04-06;2026-04-08;-5.1738;-5.1828;0.4391;0.60;12;1;287
2011-10-06;2011-10-10;-5.1868;-5.1868;0.6163;0.60;12;1;288
2026-02-27;2026-03-03;-5.1944;-5.1944;0.5552;0.60;12;0;288
2016-11-10;2016-11-14;-5.2070;-5.2070;0.5958;0.60;8;0;288
2011-10-04;2011-10-06;-5.2153;-5.2153;0.7258;0.60;6;1;288
2015-06-29;2015-07-01;-5.2227;-5.2227;0.6016;0.60;-12;0;288
2023-01-31;2023-02-02;-5.2408;-5.2408;0.7887;0.60;-5;1;288
2012-04-12;2012-04-16;-5.2420;-5.2420;0.6367;0.60;-12;0;288
2018-05-14;2018-05-16;-5.2582;-5.2582;0.4434;0.60;12;0;288
2025-04-17;2025-04-21;-5.2584;-5.2584;0.2124;0.60;12;1;288
2022-04-26;2022-04-28;-5.2989;-5.2989;0.7945;0.60;-12;0;288
2023-12-25;2023-12-27;-5.3026;-6.8615;0.2523;0.60;-1;1;172
2011-08-02;2011-08-04;-5.3154;-5.3154;0.3127;0.60;7;1;288
2017-07-19;2017-07-21;-5.3372;-5.3372;0.4568;0.60;5;1;288
2011-10-14;2011-10-18;-5.3385;-5.3385;0.6813;0.60;-12;0;288
2015-01-01;2015-01-05;-5.3428;-6.7582;0.6333;0.60;12;0;180
2022-02-23;2022-02-25;-5.3539;-5.3539;0.6962;0.60;-12;0;288
2013-09-18;2013-09-20;-5.3738;-5.3738;0.6791;0.60;-12;1;288
2012-05-21;2012-05-23;-5.3834;-5.3834;0.3305;0.60;8;0;288
2023-03-09;2023-03-13;-5.3842;-5.3842;0.7418;0.60;-12;1;288
2011-04-07;2011-04-11;-5.3971;-5.4065;0.8299;0.60;-12;1;287
2020-02-28;2020-03-03;-5.4069;-5.4069;0.7543;0.60;-12;1;288
2022-08-18;2022-08-22;-5.4210;-5.4304;0.6776;0.60;12;0;287
2022-04-25;2022-04-27;-5.4352;-5.4352;0.7372;0.60;12;0;288
2016-01-06;2016-01-08;-5.4581;-5.4581;0.7003;0.60;-12;1;288
2011-07-13;2011-07-15;-5.4710;-5.4997;0.2824;0.60;-8;1;285
2015-09-17;2015-09-21;-5.4759;-5.4759;0.4475;0.60;10;1;288
2013-04-16;2013-04-18;-5.4835;-5.4835;0.5532;0.60;-12;0;288
2023-02-01;2023-02-03;-5.4952;-5.4952;0.4289;0.60;9;1;288
2013-05-08;2013-05-10;-5.4961;-5.4961;0.0900;0.60;12;1;288
2011-08-10;2011-08-12;-5.4977;-5.4977;0.6384;0.60;-4;0;288
2018-05-29;2018-05-31;-5.5133;-5.5133;0.7607;0.60;-12;1;288
2011-10-20;2011-10-24;-5.5279;-5.5279;0.6165;0.60;6;1;288
2013-03-14;2013-03-18;-5.5468;-5.5857;0.3091;0.60;10;1;284
2015-11-05;2015-11-09;-5.5646;-5.5646;0.6652;0.60;4;0;288
2011-07-05;2011-07-07;-5.5679;-5.5679;0.7196;0.60;-12;0;288
2017-11-13;2017-11-15;-5.5795;-5.5795;0.7831;0.60;-12;1;288
2012-05-29;2012-05-31;-5.5920;-5.5920;0.6940;0.60;-12;0;288
2015-04-29;2015-05-01;-5.6048;-5.6048;0.6612;0.60;-12;1;288
2012-04-02;2012-04-04;-5.6116;-5.6116;0.3396;0.60;12;0;288
2013-03-15;2013-03-19;-5.6149;-5.6543;0.7945;0.60;-7;0;284
2012-11-01;2012-11-05;-5.6270;-5.6665;0.6580;0.60;12;0;284
2015-02-03;2015-02-05;-5.6407;-5.6407;0.1253;0.60;-12;0;288
2011-03-10;2011-03-14;-5.7124;-5.7124;0.3566;0.60;12;0;288
2014-01-22;2014-01-24;-5.7135;-5.7135;0.7362;0.60;-12;1;288
2011-05-06;2011-05-10;-5.7304;-5.7304;0.4084;0.60;-12;0;288
2014-10-02;2014-10-06;-5.7354;-5.7354;0.6218;0.60;2;0;288
2012-12-05;2012-12-07;-5.7363;-5.7363;0.4870;0.60;12;0;288
2024-08-01;2024-08-05;-5.7436;-5.7436;0.3029;0.60;12;1;288
2016-12-08;2016-12-12;-5.7814;-5.7814;0.2234;0.60;-12;0;288
2011-05-25;2011-05-27;-5.7850;-5.7850;0.4007;0.60;12;1;288
2011-05-27;2011-05-31;-5.7865;-5.7865;0.7737;0.60;-6;1;288
2012-01-25;2012-01-27;-5.8195;-5.8195;0.5674;0.60;6;1;288
2012-08-20;2012-08-22;-5.8293;-5.8293;0.7406;0.60;5;1;288
2025-07-29;2025-07-31;-5.8915;-5.8915;0.6331;0.60;-12;0;288
2011-03-16;2011-03-18;-5.8938;-5.8938;0.3345;0.60;12;1;288
2011-06-17;2011-06-21;-5.9018;-5.9018;0.4750;0.60;-12;1;288
2015-02-02;2015-02-04;-5.9181;-5.9181;0.7996;0.60;0;1;288
2020-02-27;2020-03-02;-5.9287;-5.9287;0.7531;0.60;12;1;288
2011-03-11;2011-03-15;-5.9469;-5.9469;0.4686;0.60;-12;1;288
2014-12-17;2014-12-19;-5.9705;-5.9705;0.7608;0.60;-12;0;288
2014-10-28;2014-10-30;-5.9786;-5.9786;0.0581;0.60;12;0;288
2012-05-03;2012-05-07;-5.9786;-5.9786;0.7268;0.60;-5;0;288
2022-10-04;2022-10-06;-6.0246;-6.0246;0.4152;0.60;6;1;288
2011-06-16;2011-06-20;-6.0355;-6.0355;0.5924;0.60;5;1;288
2022-09-27;2022-09-29;-6.0460;-6.0460;0.2550;0.60;8;1;288
2017-08-24;2017-08-28;-6.0466;-6.0466;0.3252;0.60;12;1;288
2016-12-13;2016-12-15;-6.0530;-6.0530;0.1953;0.60;12;0;288
2013-02-20;2013-02-22;-6.0671;-6.0671;0.7539;0.60;-12;0;288
2015-06-03;2015-06-05;-6.0887;-6.0887;0.5797;0.60;7;1;288
2012-02-15;2012-02-17;-6.1290;-6.1290;0.4347;0.60;12;0;288
2020-03-06;2020-03-10;-6.1577;-6.1577;0.1694;0.60;-11;1;288
2023-03-06;2023-03-08;-6.1767;-6.1767;0.4898;0.60;3;0;288
2021-06-15;2021-06-17;-6.1970;-6.1970;0.2915;0.60;12;0;288
2013-06-18;2013-06-20;-6.2192;-6.2192;0.0202;0.60;12;1;288
2022-05-11;2022-05-13;-6.2243;-6.2243;0.7299;0.60;-12;0;288
2015-05-15;2015-05-19;-6.2370;-6.2370;0.3089;0.60;12;0;288
2011-07-25;2011-07-27;-6.2447;-6.2447;0.6897;0.60;12;1;288
2012-03-08;2012-03-12;-6.2799;-6.2799;0.6704;0.60;-12;0;288
2015-07-10;2015-07-14;-6.2845;-6.2845;0.7292;0.60;-5;0;288
2012-01-03;2012-01-05;-6.2877;-6.2877;0.2375;0.60;12;1;288
2020-11-04;2020-11-06;-6.3801;-6.3801;0.5136;0.60;12;1;288
2013-10-16;2013-10-18;-6.3836;-6.3836;0.8069;0.60;-12;1;288
2012-09-12;2012-09-14;-6.3896;-6.3896;0.6056;0.60;12;1;288
2011-05-13;2011-05-17;-6.4037;-6.4037;0.5082;0.60;-2;0;288
2012-02-28;2012-03-01;-6.4053;-6.4053;0.4674;0.60;3;0;288
2012-06-07;2012-06-11;-6.4063;-6.4063;0.1442;0.60;6;0;288
2022-10-25;2022-10-27;-6.4141;-6.4141;0.4090;0.60;-12;1;288
2015-04-15;2015-04-17;-6.4289;-6.4289;0.7581;0.60;-12;1;288
2015-03-04;2015-03-06;-6.4681;-6.4681;0.7778;0.60;12;0;288
2025-05-09;2025-05-13;-6.4712;-6.4712;0.6086;0.60;-11;0;288
2013-02-19;2013-02-21;-6.5714;-6.5714;0.0469;0.60;12;0;288
2022-03-08;2022-03-10;-6.5755;-6.5755;0.6335;0.60;-12;1;288
2022-09-20;2022-09-22;-6.5802;-6.5802;0.7331;0.60;-11;0;288
2022-09-21;2022-09-23;-6.5923;-6.5923;0.7215;0.60;12;0;288
2019-01-01;2019-01-03;-6.6022;-8.5185;0.7691;0.60;-1;0;173
2013-02-25;2013-02-27;-6.6037;-6.6037;0.8310;0.60;-5;0;288
2019-12-25;2019-12-27;-6.6376;-8.5395;0.2358;0.60;-2;1;174
2023-12-13;2023-12-15;-6.6466;-6.6466;0.5978;0.60;-12;1;288
2014-03-05;2014-03-07;-6.6505;-6.6505;0.3621;0.60;12;1;288
2011-11-29;2011-12-01;-6.6769;-6.6769;0.4268;0.60;11;1;288
2026-01-23;2026-01-27;-6.6946;-6.6946;0.6563;0.60;8;1;288
2022-03-28;2022-03-30;-6.7003;-6.7593;0.4295;0.60;12;1;283
2023-01-06;2023-01-10;-6.7363;-6.7481;0.7076;0.60;-12;1;287
2015-02-05;2015-02-09;-6.7633;-6.7633;0.6475;0.60;-12;0;288
2026-01-22;2026-01-26;-6.7806;-6.7806;0.4662;0.60;12;1;288
2012-06-20;2012-06-22;-6.7883;-6.7883;0.7175;0.60;-1;0;288
2025-04-18;2025-04-22;-6.8113;-6.8113;0.6444;0.60;-1;1;288
2017-04-20;2017-04-24;-6.8305;-6.8305;0.2416;0.60;12;1;288
2012-06-08;2012-06-12;-6.8528;-6.8528;0.3894;0.60;7;0;288
2014-11-20;2014-11-24;-6.8548;-6.8548;0.6521;0.60;-12;0;288
2022-10-24;2022-10-26;-6.9590;-6.9590;0.5677;0.60;7;1;288
2011-06-24;2011-06-28;-6.9656;-6.9656;0.1719;0.60;11;1;288
2025-01-31;2025-02-04;-6.9830;-6.9830;0.3383;0.60;-7;0;288
2023-07-11;2023-07-13;-6.9949;-6.9949;0.5601;0.60;12;1;288
2025-01-30;2025-02-03;-7.0241;-7.0241;0.8020;0.60;-9;0;288
2011-05-12;2011-05-16;-7.0248;-7.0248;0.5321;0.60;0;0;288
2011-05-26;2011-05-30;-7.0873;-7.0873;0.6574;0.60;-3;1;288
2011-07-07;2011-07-11;-7.1018;-7.1018;0.3811;0.60;12;0;288
2018-01-23;2018-01-25;-7.1018;-7.1018;0.7777;0.60;-12;1;288
2012-10-15;2012-10-17;-7.1609;-7.1609;0.4655;0.60;12;1;288
2024-11-05;2024-11-07;-7.1851;-7.1851;0.7368;0.60;-12;0;288
2016-03-15;2016-03-17;-7.1969;-7.1969;0.2232;0.60;12;1;288
2012-01-17;2012-01-19;-7.2111;-7.2111;0.8157;0.60;12;1;288
2011-11-14;2011-11-16;-7.2320;-7.2320;0.7786;0.60;-12;0;288
2018-02-13;2018-02-15;-7.2597;-7.2597;0.7708;0.60;1;1;288
2016-11-09;2016-11-11;-7.2790;-7.2790;0.5569;0.60;-12;0;288
2022-11-30;2022-12-02;-7.3239;-7.3239;0.7770;0.60;-12;1;288
2022-10-05;2022-10-07;-7.3494;-7.3494;0.7438;0.60;9;0;288
2022-10-03;2022-10-05;-7.3959;-7.3959;0.5561;0.60;-12;1;288
2015-04-06;2015-04-08;-7.4107;-7.4107;0.7198;0.60;6;0;288
2016-03-10;2016-03-14;-7.4452;-7.4452;0.0850;0.60;-12;0;288
2013-04-04;2013-04-08;-7.4499;-7.4499;0.6777;0.60;-12;1;288
2015-05-06;2015-05-08;-7.4505;-7.4505;0.3819;0.60;6;1;288
2015-08-26;2015-08-28;-7.4879;-7.4879;0.6703;0.60;-12;0;288
2017-05-15;2017-05-17;-7.4973;-7.4973;0.7620;0.60;-12;1;288
2011-09-20;2011-09-22;-7.4985;-7.4985;0.0249;0.60;12;0;288
2015-06-22;2015-06-24;-7.5967;-7.5967;0.7691;0.60;-12;0;288
2023-01-05;2023-01-09;-7.6059;-7.6191;0.1399;0.60;12;0;287
2011-10-03;2011-10-05;-7.6768;-7.6768;0.3304;0.60;-12;1;288
2025-04-21;2025-04-23;-7.7019;-7.7019;0.3863;0.60;12;1;288
2015-01-23;2015-01-27;-7.7266;-7.7266;0.5523;0.60;-12;1;288
2015-03-10;2015-03-12;-7.7475;-7.7475;0.5803;0.60;-12;0;288
2018-08-09;2018-08-13;-7.7501;-7.7501;0.7935;0.60;-12;0;288
2023-03-14;2023-03-16;-7.7563;-7.7563;0.5938;0.60;-12;0;288
2011-12-27;2011-12-29;-7.7653;-7.7653;0.3775;0.60;12;0;288
2013-06-05;2013-06-07;-7.7886;-7.7886;0.6917;0.60;-12;1;288
2011-09-09;2011-09-13;-7.7973;-7.7973;0.2140;0.60;-12;0;288
2015-05-22;2015-05-26;-7.8031;-7.8031;0.7293;0.60;-12;0;288
2011-02-07;2011-02-09;-7.9361;-9.5956;0.3116;0.60;-12;1;197
2020-03-11;2020-03-13;-7.9575;-7.9575;0.6666;0.60;8;0;288
2014-10-29;2014-10-31;-7.9751;-7.9751;0.6690;0.60;12;0;288
2013-03-22;2013-03-26;-8.0065;-8.0485;0.1244;0.60;12;1;285
2015-04-07;2015-04-09;-8.0302;-8.0302;0.7681;0.60;5;0;288
2011-06-08;2011-06-10;-8.0503;-8.0503;0.6208;0.60;12;0;288
2011-11-22;2011-11-24;-8.1121;-8.1121;0.5752;0.60;10;0;288
2011-05-20;2011-05-24;-8.1963;-8.1963;0.6019;0.60;-12;0;288
2011-06-28;2011-06-30;-8.2245;-8.2245;0.7464;0.60;-12;1;288
2012-07-19;2012-07-23;-8.3365;-8.3365;0.7612;0.60;-12;0;288
2013-01-02;2013-01-04;-8.3865;-8.3865;0.7925;0.60;-12;0;288
2025-07-31;2025-08-04;-8.4242;-8.4242;0.5435;0.60;7;1;288
2022-11-04;2022-11-08;-8.4995;-8.5591;0.6305;0.60;-12;1;284
2015-10-22;2015-10-26;-8.5373;-8.5822;0.5792;0.60;-12;0;285
2025-07-28;2025-07-30;-8.5474;-8.5474;0.6275;0.60;-12;0;288
2016-12-02;2016-12-06;-8.5880;-8.5880;0.4762;0.60;3;1;288
2011-09-14;2011-09-16;-8.6140;-8.6140;0.8732;0.60;0;1;288
2012-05-22;2012-05-24;-8.6343;-8.6343;0.7735;0.60;-12;0;288
2012-02-29;2012-03-02;-8.6352;-8.6352;0.6242;0.60;12;0;288
2015-06-04;2015-06-08;-8.6457;-8.6457;0.7345;0.60;1;0;288
2011-09-02;2011-09-06;-8.6887;-8.6887;0.7871;0.60;7;0;288
2011-08-12;2011-08-16;-8.7042;-8.7042;0.6717;0.60;-12;1;288
2015-05-21;2015-05-25;-8.7718;-8.7718;0.1394;0.60;12;0;288
2016-12-14;2016-12-16;-8.7789;-8.7789;0.7320;0.60;-12;0;288
2012-02-16;2012-02-20;-8.7941;-8.7941;0.7437;0.60;-12;1;288
2013-02-06;2013-02-08;-8.8574;-8.8574;0.6268;0.60;9;0;288
2015-03-20;2015-03-24;-8.9054;-8.9679;0.6569;0.60;-12;1;284
2013-02-22;2013-02-26;-8.9235;-8.9235;0.6304;0.60;0;0;288
2022-09-12;2022-09-14;-8.9787;-8.9787;0.6508;0.60;0;0;288
2016-03-16;2016-03-18;-9.0009;-9.0640;0.6598;0.60;-12;1;284
2015-02-25;2015-02-27;-9.0239;-9.0239;0.5939;0.60;6;0;288
2016-12-07;2016-12-09;-9.0248;-9.0248;0.2147;0.60;12;0;288
2015-06-25;2015-06-29;-9.0923;-9.0923;0.5354;0.60;2;0;288
2022-02-02;2022-02-04;-9.1089;-9.1089;0.6655;0.60;-12;1;288
2016-02-03;2016-02-05;-9.1122;-9.1122;0.5640;0.60;-12;1;288
2011-07-26;2011-07-28;-9.1177;-9.1177;0.3091;0.60;12;1;288
2011-07-29;2011-08-02;-9.1309;-9.1309;0.0756;0.60;12;1;288
2012-09-13;2012-09-17;-9.1441;-9.1441;0.7929;0.60;-12;1;288
2011-11-10;2011-11-14;-9.2021;-9.2021;0.3693;0.60;-10;1;288
2017-06-26;2017-06-28;-9.2657;-9.2818;0.4883;0.60;12;1;287
2014-10-14;2014-10-16;-9.2895;-9.2895;0.5013;0.60;0;1;288
2015-05-05;2015-05-07;-9.3197;-9.3197;0.5738;0.60;-12;1;288
2011-10-11;2011-10-13;-9.3819;-9.3819;0.5929;0.60;-12;1;288
2012-09-06;2012-09-10;-9.4317;-9.4317;0.7029;0.60;-12;1;288
2025-07-25;2025-07-29;-9.4919;-9.4919;0.5922;0.60;12;0;288
2011-06-02;2011-06-06;-9.5573;-9.5573;0.6512;0.60;-12;1;288
2011-11-11;2011-11-15;-9.6469;-9.6469;0.2719;0.60;12;1;288
2015-01-14;2015-01-16;-9.6766;-9.6766;0.5180;0.60;12;0;288
2014-12-16;2014-12-18;-9.6890;-9.6890;0.1340;0.60;12;0;288
2015-05-12;2015-05-14;-9.8305;-9.8305;0.7417;0.60;-12;1;288
2017-04-21;2017-04-25;-9.9190;-9.9190;0.8045;0.60;-12;1;288
2013-12-25;2013-12-27;-9.9306;-11.5473;0.8700;0.60;-12;1;213
2013-01-10;2013-01-14;-9.9327;-9.9327;0.6947;0.60;-12;1;288
2011-08-01;2011-08-03;-9.9336;-9.9336;0.7523;0.60;-1;0;288
2011-08-31;2011-09-02;-10.0298;-10.0298;0.6597;0.60;12;0;288
2022-09-28;2022-09-30;-10.0398;-10.0398;0.5550;0.60;-12;1;288
2011-08-09;2011-08-11;-10.1037;-10.1037;0.3289;0.60;12;1;288
2011-08-08;2011-08-10;-10.1037;-10.1037;0.3289;0.60;-12;1;288
2012-01-12;2012-01-16;-10.1069;-10.1069;0.5742;0.60;-12;0;288
2011-09-01;2011-09-05;-10.3277;-10.3277;0.7114;0.60;-12;0;288
2012-07-25;2012-07-27;-10.3306;-10.3306;0.7037;0.60;-12;1;288
2011-06-15;2011-06-17;-10.3332;-10.3332;0.0597;0.60;-12;1;288
2011-06-22;2011-06-24;-10.3906;-10.3906;0.6738;0.60;12;0;288
2015-06-02;2015-06-04;-10.3978;-10.3978;0.6452;0.60;-12;1;288
2017-10-25;2017-10-27;-10.4466;-10.4466;0.1916;0.60;12;0;288
2011-03-17;2011-03-21;-10.7114;-10.7866;0.7877;0.60;-12;1;284
2012-02-06;2012-02-08;-10.7569;-10.7569;0.6959;0.60;-12;1;288
2011-06-09;2011-06-13;-10.8664;-10.9043;0.6402;0.60;-12;0;286
2011-12-09;2011-12-13;-10.8970;-10.8970;0.5825;0.60;8;0;288
2015-06-26;2015-06-30;-10.9988;-10.9988;0.1408;0.60;-8;0;288
2021-06-16;2021-06-18;-11.0140;-11.0332;0.7932;0.60;-12;0;287
2011-08-05;2011-08-09;-11.0766;-11.0766;0.3342;0.60;-10;1;288
2013-09-17;2013-09-19;-11.3278;-11.3278;0.3280;0.60;12;1;288
2015-08-24;2015-08-26;-11.5656;-11.5656;0.3295;0.60;5;1;288
2023-11-13;2023-11-15;-11.6327;-11.6327;0.6714;0.60;-12;1;288
2011-07-20;2011-07-22;-11.6578;-11.6578;0.6885;0.60;-12;1;288
2015-04-08;2015-04-10;-11.6739;-11.6739;0.5709;0.60;12;0;288
2012-06-28;2012-07-02;-11.8638;-11.8638;0.7412;0.60;-12;1;288
2013-06-19;2013-06-21;-12.0908;-12.0908;0.7056;0.60;12;0;288
2020-03-16;2020-03-18;-12.2091;-12.2948;0.3598;0.60;12;0;284
2015-06-05;2015-06-09;-12.2817;-12.2817;0.5314;0.60;-9;1;288
2011-09-15;2011-09-19;-12.3263;-12.3263;0.1895;0.60;12;1;288
2011-09-21;2011-09-23;-12.3755;-12.3755;0.7564;0.60;-12;0;288
2011-05-11;2011-05-13;-12.3945;-12.3945;0.7297;0.60;6;0;288
2011-05-10;2011-05-12;-12.4420;-12.4420;0.1985;0.60;12;0;288
2022-03-03;2022-03-07;-12.4971;-12.4971;0.7965;0.60;-12;0;288
2011-04-15;2011-04-19;-12.4999;-12.5217;0.5983;0.60;-10;0;287
2011-10-10;2011-10-12;-12.5829;-12.5829;0.5073;0.60;-12;1;288
2015-12-03;2015-12-07;-12.6214;-12.6214;0.0965;0.60;-12;0;288
2023-02-02;2023-02-06;-12.6621;-12.6621;0.3666;0.60;12;0;288
2015-03-06;2015-03-10;-12.8293;-12.8293;0.6221;0.60;-11;0;288
2011-04-18;2011-04-20;-12.8569;-12.8792;0.5193;0.60;12;0;287
2015-03-09;2015-03-11;-12.9663;-12.9663;0.6092;0.60;12;0;288
2013-10-30;2013-11-01;-13.0386;-13.0386;0.5625;0.60;12;0;288
2011-06-27;2011-06-29;-13.0706;-13.0706;0.6695;0.60;-12;1;288
2022-07-04;2022-07-06;-13.0843;-13.0843;0.5082;0.60;12;0;288
2012-04-03;2012-04-05;-13.1353;-13.1353;0.8229;0.60;-12;0;288
2022-09-22;2022-09-26;-13.1450;-13.1450;0.6118;0.60;12;0;288
2025-04-10;2025-04-14;-13.1501;-13.1501;0.8246;0.60;-12;1;288
2011-08-04;2011-08-08;-13.2605;-13.2605;0.3838;0.60;-12;1;288
2015-03-17;2015-03-19;-13.4923;-13.4923;0.6689;0.60;-3;1;288
2011-09-07;2011-09-09;-13.5721;-13.5721;0.2304;0.60;12;0;288
2011-11-09;2011-11-11;-13.6487;-13.6487;0.5057;0.60;-12;1;288
2011-04-26;2011-04-28;-13.8153;-13.8153;0.7553;0.60;-12;1;288
2015-08-19;2015-08-21;-13.8256;-13.8256;0.6218;0.60;12;1;288
2013-07-10;2013-07-12;-13.9319;-13.9319;0.6856;0.60;-12;1;288
2016-06-02;2016-06-06;-14.1952;-14.1952;0.3723;0.60;12;1;288
2025-03-03;2025-03-05;-14.1975;-14.1975;0.6572;0.60;12;1;288
2025-04-02;2025-04-04;-14.3706;-14.3706;0.6872;0.60;-12;1;288
2012-07-04;2012-07-06;-14.6008;-14.6008;0.6350;0.60;12;0;288
2015-03-18;2015-03-20;-14.6709;-14.6709;0.2552;0.60;12;1;288
2022-11-03;2022-11-07;-14.6868;-14.7899;0.0237;0.60;12;1;284
2012-08-02;2012-08-06;-14.7665;-14.7665;0.3908;0.60;8;1;288
2022-11-09;2022-11-11;-14.8387;-14.8387;0.2039;0.60;12;1;288
2011-08-03;2011-08-05;-14.9749;-14.9749;0.3480;0.60;0;0;288
2016-11-08;2016-11-10;-15.0051;-15.0051;0.0840;0.60;12;0;288
2016-02-02;2016-02-04;-15.0410;-15.0410;0.4993;0.60;12;1;288
2016-03-09;2016-03-11;-15.1374;-15.1374;0.5944;0.60;5;1;288
2020-03-05;2020-03-09;-15.2872;-15.2872;0.8167;0.60;-12;1;288
2015-03-05;2015-03-09;-15.3504;-15.3504;0.7344;0.60;-4;0;288
2013-01-09;2013-01-11;-15.7906;-15.7906;0.3689;0.60;12;1;288
2011-05-19;2011-05-23;-15.8602;-15.8602;0.1793;0.60;12;0;288
2011-09-30;2011-10-04;-15.8672;-15.8672;0.7014;0.60;-12;0;288
2011-07-12;2011-07-14;-15.9683;-15.9683;0.7163;0.60;-12;1;288
2015-03-19;2015-03-23;-16.2268;-16.3407;0.1277;0.60;12;1;284
2011-07-11;2011-07-13;-16.2348;-16.2348;0.5038;0.60;0;0;288
2015-09-18;2015-09-22;-16.3485;-16.3485;0.4328;0.60;12;0;288
2015-08-21;2015-08-25;-16.4537;-16.4537;0.6166;0.60;-12;1;288
2020-03-25;2020-03-27;-16.8318;-16.9500;0.7250;0.60;-12;1;284
2022-06-09;2022-06-13;-16.8581;-16.8875;0.6222;0.60;12;0;287
2015-08-25;2015-08-27;-16.9209;-16.9209;0.6448;0.60;12;0;288
2012-01-04;2012-01-06;-17.2355;-17.2355;0.7246;0.60;-12;0;288
2014-09-03;2014-09-05;-17.4806;-17.4806;0.3767;0.60;12;0;288
2018-06-13;2018-06-15;-17.8435;-17.8435;0.5855;0.60;2;0;288
2011-10-07;2011-10-11;-18.3889;-18.3889;0.7188;0.60;-12;1;288
2011-10-31;2011-11-02;-18.6588;-18.6588;0.6328;0.60;-12;0;288
2015-05-18;2015-05-20;-18.8412;-18.8412;0.8107;0.60;-12;0;288
2016-06-22;2016-06-24;-18.8937;-18.8937;0.1842;0.60;12;1;288
2018-01-11;2018-01-15;-19.1013;-19.1013;0.7828;0.60;-12;1;288
2022-11-10;2022-11-14;-19.3639;-19.3639;0.6572;0.60;-12;1;288
2020-03-18;2020-03-20;-19.4478;-19.5843;0.6009;0.60;-12;0;284
2011-12-12;2011-12-14;-19.8213;-19.8213;0.6830;0.60;-12;0;288
2025-03-04;2025-03-06;-20.5896;-20.5896;0.7883;0.60;-12;1;288
2015-06-01;2015-06-03;-21.0247;-21.0247;0.3457;0.60;12;1;288
2015-04-28;2015-04-30;-21.5302;-21.5302;0.6305;0.60;12;1;288
2011-04-19;2011-04-21;-22.0874;-22.0874;0.8690;0.60;-12;1;288
2011-09-29;2011-10-03;-24.2806;-24.2806;0.4620;0.60;12;0;288
2015-01-22;2015-01-26;-24.4692;-24.4692;0.6133;0.60;-12;0;288
2011-10-27;2011-10-31;-24.7512;-24.7512;0.5022;0.60;3;1;288
2015-10-21;2015-10-23;-24.8591;-24.8591;0.4633;0.60;12;0;288
2020-03-17;2020-03-19;-25.9733;-25.9733;0.7088;0.60;12;0;288
2011-11-08;2011-11-10;-26.0596;-26.0596;0.6552;0.60;-12;0;288
2013-07-09;2013-07-11;-26.2122;-26.2122;0.1367;0.60;12;1;288
2015-01-21;2015-01-23;-26.3898;-26.3898;0.2807;0.60;12;0;288
2011-07-08;2011-07-12;-27.3036;-27.3036;0.8427;0.60;-12;0;288
2011-10-26;2011-10-28;-28.5351;-28.5351;0.7248;0.60;-12;1;288
2011-06-14;2011-06-16;-29.6391;-29.6391;0.3895;0.60;12;0;288
2015-08-20;2015-08-24;-34.8714;-34.8714;0.6900;0.60;12;1;288
2025-04-09;2025-04-11;-37.1891;-37.1891;0.5714;0.60;12;1;288
2011-05-04;2011-05-06;-39.7804;-39.7804;0.3407;0.60;12;0;288
2016-06-23;2016-06-27;-40.0708;-40.0708;0.9017;0.60;-12;0;288
2011-05-05;2011-05-09;-41.1104;-41.1104;0.6372;0.60;-12;0;288
2011-10-28;2011-11-01;-47.1394;-47.1394;0.5529;0.60;12;0;288
2015-12-02;2015-12-04;-49.2724;-49.2724;0.3482;0.60;12;1;288
2011-09-08;2011-09-12;-52.9708;-52.9708;0.7190;0.60;-12;0;288
