entryUtc,exitUtc,heldMinutes,entryPrice,cross,buy,sell,winner,pips,cumulativePips,equityAfterFirstLeg,equity
2015-01-06 02:39,2015-01-06 10:22,463,1.52695,up,sl,tp,sell,68.6,68.6,99482.50,101715.00
2015-01-08 16:27,2015-01-09 09:12,1001,1.51037,up,sl,sl,none,-41.4,27.2,101188.62,100662.25
2015-01-12 08:30,2015-01-13 09:30,1496,1.51143,down,sl,sl,none,-41.4,-14.2,100141.32,99620.40
2015-01-13 13:28,2015-01-13 16:20,172,1.51651,up,sl,sl,none,-41.4,-55.6,99104.86,98589.32
2015-01-13 19:36,2015-01-14 13:33,1071,1.51504,down,tp,sl,buy,68.6,13.0,98079.12,100280.13
2015-01-15 08:14,2015-01-15 09:51,97,1.52111,down,sl,sl,none,-41.4,-28.4,99761.18,99242.23
2015-01-15 12:14,2015-01-15 13:54,100,1.52452,up,sl,sl,none,-41.4,-69.8,98728.65,98215.07
2015-01-15 15:00,2015-01-16 08:30,1042,1.52037,down,sl,sl,none,-41.4,-111.2,97706.81,97198.55
2015-01-16 13:45,2015-01-16 14:56,71,1.51637,down,sl,sl,none,-41.4,-152.6,96695.55,96192.54
2015-01-19 10:04,2015-01-20 01:04,891,1.51589,up,sl,tp,sell,68.6,-84.0,95694.75,97842.25
2015-01-20 09:44,2015-01-21 09:10,1401,1.51543,up,sl,sl,none,-41.4,-125.4,97335.91,96829.58
2015-01-21 09:33,2015-01-22 10:47,1509,1.50942,down,tp,sl,buy,68.6,-56.8,96328.49,98490.21
2015-01-22 15:34,2015-01-22 20:36,302,1.50983,down,sl,tp,sell,68.6,11.8,97980.52,100179.31
2015-01-23 15:58,2015-01-23 20:41,283,1.50149,up,sl,sl,none,-41.4,-29.6,99660.89,99142.46
2015-01-23 21:38,2015-01-26 16:51,1145,1.49909,down,tp,sl,buy,68.6,39.0,98629.39,100842.75
2015-01-28 15:44,2015-01-28 19:09,205,1.51793,down,sl,sl,none,-41.4,-2.4,100320.89,99799.03
2015-01-30 11:31,2015-01-30 15:44,253,1.50880,up,sl,tp,sell,68.6,66.2,99282.57,101510.58
2015-01-30 21:49,2015-02-01 22:05,11,1.50602,up,sl,sl,none,-41.4,24.8,100985.26,100459.95
2015-02-02 08:14,2015-02-02 09:38,84,1.50577,down,sl,sl,none,-41.4,-16.6,99940.07,99420.19
2015-02-03 11:04,2015-02-03 16:16,312,1.50589,up,tp,sl,buy,68.6,52.0,98905.69,101125.24
2015-02-04 23:03,2015-02-05 13:18,855,1.51842,down,tp,sl,buy,68.6,120.6,100601.92,102859.54
2015-02-06 13:54,2015-02-06 14:22,28,1.52748,down,sl,sl,none,-41.4,79.2,102327.24,101794.94
2015-02-10 03:31,2015-02-10 16:00,748,1.52432,up,sl,sl,none,-41.4,37.8,101268.16,100741.37
2015-02-11 05:38,2015-02-11 16:47,669,1.52402,down,sl,sl,none,-41.4,-3.6,100220.03,99698.69
2015-02-12 10:45,2015-02-12 13:30,165,1.52919,up,tp,sl,buy,68.6,65.0,99182.75,101408.53
2015-02-13 12:28,2015-02-16 17:02,1708,1.53780,down,sl,sl,none,-41.4,23.6,100883.74,100358.95
2015-02-17 06:02,2015-02-17 11:25,323,1.53804,up,sl,sl,none,-41.4,-17.8,99839.59,99320.23
2015-02-17 13:52,2015-02-17 18:05,253,1.53468,down,sl,sl,none,-41.4,-59.2,98806.25,98292.27
2015-02-18 09:32,2015-02-20 08:51,2829,1.54188,up,sl,sl,none,-41.4,-100.6,97783.61,97274.94
2015-02-20 19:38,2015-02-23 15:00,1151,1.54066,up,sl,sl,none,-41.4,-142.0,96771.55,96268.15
2015-02-24 12:01,2015-02-24 15:16,195,1.54413,down,sl,sl,none,-41.4,-183.4,95769.96,95271.77
2015-02-24 17:08,2015-02-25 09:21,967,1.54463,up,tp,sl,buy,68.6,-114.8,94778.74,96905.68
2015-02-26 12:21,2015-02-26 14:51,150,1.55124,down,sl,tp,sell,68.6,-46.2,96404.20,98567.62
2015-02-27 12:54,2015-03-02 15:55,1613,1.54421,up,sl,tp,sell,68.6,22.4,98057.53,100258.05
2015-03-03 06:03,2015-03-04 14:51,1960,1.53890,up,sl,tp,sell,68.6,91.0,99739.21,101977.48
2015-03-05 23:08,2015-03-06 13:31,861,1.52484,up,sl,tp,sell,68.6,159.6,101449.74,103726.39
2015-03-09 09:18,2015-03-10 03:29,1083,1.50896,up,sl,sl,none,-41.4,118.2,103189.61,102652.82
2015-03-10 18:04,2015-03-11 13:50,1182,1.50959,up,sl,tp,sell,68.6,186.8,102121.59,104413.32
2015-03-12 08:00,2015-03-12 12:30,270,1.50023,up,sl,sl,none,-41.4,145.4,103872.98,103332.64
2015-03-12 15:07,2015-03-13 06:35,923,1.49348,down,sl,tp,sell,68.6,214.0,102797.89,105104.79
2015-03-16 08:05,2015-03-17 11:31,1640,1.47716,up,sl,sl,none,-41.4,172.6,104560.88,104016.96
2015-03-18 18:23,2015-03-18 18:33,10,1.48795,up,sl,sl,none,-41.4,131.2,103478.67,102940.38
2015-03-19 13:36,2015-03-19 15:48,132,1.48302,down,sl,tp,sell,68.6,199.8,102407.67,104705.81
2015-03-20 12:18,2015-03-20 14:02,104,1.48064,up,tp,sl,buy,68.6,268.4,104163.96,106501.52
2015-03-23 08:46,2015-03-23 13:31,285,1.48482,down,tp,sl,buy,68.6,337.0,105950.37,108328.02
2015-03-23 15:00,2015-03-23 16:23,83,1.49302,up,sl,sl,none,-41.4,295.6,107767.42,107206.82
2015-03-23 17:33,2015-03-24 09:48,971,1.49276,up,sl,sl,none,-41.4,254.2,106652.03,106097.23
2015-03-24 10:52,2015-03-24 12:20,88,1.49220,down,sl,sl,none,-41.4,212.8,105548.18,104999.13
2015-03-25 09:06,2015-03-25 12:32,206,1.48596,up,tp,sl,buy,68.6,281.4,104455.75,106799.86
2015-03-25 19:59,2015-03-26 08:22,738,1.48678,down,tp,sl,buy,68.6,350.0,106247.17,108631.48
2015-03-26 14:07,2015-03-27 11:23,1269,1.48149,down,tp,sl,buy,68.6,418.6,108069.31,110494.51
2015-03-30 01:45,2015-03-30 11:46,601,1.48664,down,sl,tp,sell,68.6,487.2,109922.70,112389.49
2015-03-31 14:12,2015-04-01 08:48,1110,1.47858,up,sl,sl,none,-41.4,445.8,111807.87,111226.26
2015-04-01 08:49,2015-04-01 11:03,134,1.47639,down,sl,sl,none,-41.4,404.4,110650.66,110075.07
2015-04-01 16:23,2015-04-02 09:09,998,1.48313,up,sl,sl,none,-41.4,363.0,109505.43,108935.79
2015-04-02 10:12,2015-04-03 12:30,1564,1.47945,down,tp,sl,buy,68.6,431.6,108372.05,110804.04
2015-04-06 18:55,2015-04-07 08:45,821,1.49232,down,sl,tp,sell,68.6,500.2,110230.63,112704.33
2015-04-08 07:17,2015-04-08 18:07,650,1.48862,up,sl,sl,none,-41.4,458.8,112121.08,111537.84
2015-04-08 20:01,2015-04-09 07:22,664,1.48649,down,sl,sl,none,-41.4,417.4,110960.63,110383.42
2015-04-13 13:22,2015-04-13 14:15,53,1.46514,up,sl,sl,none,-41.4,376.0,109812.19,109240.95
2015-04-14 08:34,2015-04-14 12:33,239,1.46231,down,tp,sl,buy,68.6,444.6,108675.63,111114.43
2015-04-14 12:52,2015-04-15 08:49,1191,1.47252,up,sl,sl,none,-41.4,403.2,110539.42,109964.40
2015-04-15 13:16,2015-04-15 14:40,84,1.47850,up,sl,sl,none,-41.4,361.8,109395.33,108826.27
2015-04-17 16:17,2015-04-20 09:19,1015,1.49317,down,sl,sl,none,-41.4,320.4,108263.09,107699.92
2015-04-21 13:11,2015-04-21 14:32,81,1.48926,up,sl,sl,none,-41.4,279.0,107142.57,106585.22
2015-04-21 14:45,2015-04-22 09:14,1104,1.49327,up,tp,sl,buy,68.6,347.6,106033.64,108413.16
2015-04-23 06:45,2015-04-23 11:50,305,1.50095,down,sl,sl,none,-41.4,306.2,107852.12,107291.08
2015-04-23 15:31,2015-04-24 06:26,891,1.50531,up,sl,sl,none,-41.4,264.8,106735.85,106180.62
2015-04-27 08:14,2015-04-27 14:00,346,1.51432,down,sl,sl,none,-41.4,223.4,105631.14,105081.65
2015-04-27 15:09,2015-04-28 08:30,1037,1.52346,up,sl,sl,none,-41.4,182.0,104537.85,103994.06
2015-04-30 06:29,2015-04-30 12:34,365,1.54112,down,sl,sl,none,-41.4,140.6,103455.89,102917.72
2015-05-01 08:29,2015-05-01 10:15,106,1.53601,up,sl,tp,sell,68.6,209.2,102385.12,104682.76
2015-05-05 06:22,2015-05-05 08:01,99,1.51238,up,sl,sl,none,-41.4,167.8,104141.02,103599.29
2015-05-05 08:24,2015-05-05 12:32,248,1.51253,up,sl,sl,none,-41.4,126.4,103063.16,102527.04
2015-05-06 09:47,2015-05-06 14:00,253,1.51794,down,tp,sl,buy,68.6,195.0,101996.46,104285.38
2015-05-07 07:14,2015-05-07 09:35,141,1.52203,down,sl,sl,none,-41.4,153.6,103745.70,103206.02
2015-05-07 18:42,2015-05-07 21:05,138,1.52661,up,sl,sl,none,-41.4,112.2,102671.93,102137.84
2015-05-10 23:31,2015-05-11 10:05,634,1.54346,down,sl,sl,none,-41.4,70.8,101609.28,101080.71
2015-05-11 10:39,2015-05-11 14:02,203,1.54726,up,tp,sl,buy,68.6,139.4,100557.62,102814.25
2015-05-13 11:13,2015-05-13 12:30,77,1.56668,down,sl,sl,none,-41.4,98.0,102282.18,101750.12
2015-05-13 13:47,2015-05-14 07:11,1038,1.56894,up,tp,sl,buy,68.6,166.6,101223.56,103495.13
2015-05-14 16:30,2015-05-15 09:25,1009,1.57526,down,sl,sl,none,-41.4,125.2,102959.55,102423.96
2015-05-15 14:59,2015-05-18 07:07,960,1.57910,up,sl,tp,sell,68.6,193.8,101893.92,104180.53
2015-05-20 09:41,2015-05-20 18:04,503,1.55157,up,sl,sl,none,-41.4,152.4,103641.40,103102.26
2015-05-22 08:41,2015-05-22 12:40,239,1.56571,down,sl,tp,sell,68.6,221.0,102568.71,104870.47
2015-05-27 05:25,2015-05-27 07:03,98,1.54157,up,sl,sl,none,-41.4,179.6,104327.76,103785.06
2015-05-27 11:14,2015-05-28 10:52,1414,1.53819,down,sl,tp,sell,68.6,248.2,103247.97,105564.97
2015-05-29 01:58,2015-05-29 11:00,542,1.53317,up,sl,tp,sell,68.6,316.8,105018.67,107375.41
2015-06-01 03:50,2015-06-01 10:47,417,1.52903,up,sl,tp,sell,68.6,385.4,106819.74,109216.90
2015-06-02 06:48,2015-06-02 08:37,109,1.52119,up,sl,sl,none,-41.4,344.0,108651.70,108086.50
2015-06-03 09:13,2015-06-03 15:40,387,1.52651,down,tp,sl,buy,68.6,412.6,107527.15,109940.19
2015-06-03 15:52,2015-06-04 08:13,975,1.53456,up,sl,sl,none,-41.4,371.2,109371.25,108802.31
2015-06-04 22:44,2015-06-05 12:30,826,1.53545,down,sl,tp,sell,68.6,439.8,108239.25,110668.26
2015-06-08 07:31,2015-06-08 17:07,576,1.52910,up,sl,sl,none,-41.4,398.4,110095.56,109522.85
2015-06-09 08:26,2015-06-09 14:12,346,1.52949,down,sl,sl,none,-41.4,357.0,108956.07,108389.29
2015-06-09 16:14,2015-06-10 07:44,920,1.53696,up,tp,sl,buy,68.6,425.6,107828.37,110248.16
2015-06-11 06:11,2015-06-11 12:46,395,1.54849,down,sl,sl,none,-41.4,384.2,109677.63,109107.09
2015-06-11 15:38,2015-06-12 08:49,1027,1.54934,up,sl,sl,none,-41.4,342.8,108542.47,107977.84
2015-06-12 09:18,2015-06-12 15:10,352,1.54988,down,tp,sl,buy,68.6,411.4,107419.05,109829.66
2015-06-15 08:08,2015-06-15 15:02,414,1.55314,down,sl,sl,none,-41.4,370.0,109261.29,108692.92
2015-06-15 15:44,2015-06-16 14:00,1329,1.55554,up,tp,sl,buy,68.6,438.6,108130.43,110557.00
2015-06-19 05:15,2015-06-19 13:20,485,1.58749,down,sl,sl,none,-41.4,397.2,109984.87,109412.74
2015-06-19 14:07,2015-06-22 05:38,923,1.58861,up,sl,sl,none,-41.4,355.8,108846.53,108280.32
2015-06-22 08:42,2015-06-23 01:58,1031,1.58621,down,sl,tp,sell,68.6,424.4,107719.96,110137.32
2015-06-24 06:25,2015-06-24 12:17,352,1.57620,up,sl,sl,none,-41.4,383.0,109567.36,108997.40
2015-06-24 14:11,2015-06-25 12:56,1360,1.57275,down,sl,sl,none,-41.4,341.6,108433.34,107869.28
2015-06-26 11:10,2015-06-26 14:18,188,1.57340,down,sl,sl,none,-41.4,300.2,107311.06,106752.83
2015-06-26 15:12,2015-06-29 15:17,1440,1.57430,up,sl,sl,none,-41.4,258.8,106200.39,105647.94
2015-06-30 04:28,2015-06-30 08:30,242,1.57240,down,sl,sl,none,-41.4,217.4,105101.21,104554.48
2015-06-30 13:15,2015-07-01 08:40,1160,1.57643,up,sl,tp,sell,68.6,286.0,104013.41,106347.59
2015-07-02 14:25,2015-07-03 15:27,1497,1.55999,up,sl,sl,none,-41.4,244.6,105797.24,105246.90
2015-07-06 15:12,2015-07-07 06:34,904,1.55921,up,sl,sl,none,-41.4,203.2,104702.24,104157.59
2015-07-07 07:15,2015-07-07 10:16,181,1.55669,down,sl,tp,sell,68.6,271.8,103618.57,105943.89
2015-07-09 04:29,2015-07-09 16:39,730,1.53775,up,sl,sl,none,-41.4,230.4,105395.63,104847.37
2015-07-09 16:51,2015-07-10 07:59,904,1.53574,down,tp,sl,buy,68.6,299.0,104304.79,106645.51
2015-07-13 17:09,2015-07-14 09:46,992,1.55051,down,sl,sl,none,-41.4,257.6,106093.62,105541.72
2015-07-14 10:16,2015-07-14 12:30,134,1.55872,up,sl,sl,none,-41.4,216.2,104995.55,104449.37
2015-07-15 12:42,2015-07-15 16:15,213,1.56117,down,sl,sl,none,-41.4,174.8,103908.84,103368.32
2015-07-15 17:57,2015-07-17 06:34,2182,1.56454,up,sl,sl,none,-41.4,133.4,102833.39,102298.46
2015-07-17 11:40,2015-07-17 14:51,191,1.56191,down,sl,sl,none,-41.4,92.0,101769.06,101239.67
2015-07-17 15:56,2015-07-21 10:12,2521,1.56199,up,sl,tp,sell,68.6,160.6,100715.75,102975.93
2015-07-21 10:24,2015-07-22 08:30,1321,1.55455,down,tp,sl,buy,68.6,229.2,102443.03,104741.96
2015-07-23 09:56,2015-07-23 15:11,315,1.56086,down,sl,tp,sell,68.6,297.8,104199.92,106538.29
2015-07-24 15:36,2015-07-27 07:07,923,1.55180,up,sl,sl,none,-41.4,256.4,105986.95,105435.62
2015-07-28 08:17,2015-07-28 16:12,475,1.55323,down,tp,sl,buy,68.6,325.0,104889.99,107243.84
2015-07-29 07:40,2015-07-29 14:31,411,1.55957,down,tp,sl,buy,68.6,393.6,106688.85,109083.07
2015-07-29 19:13,2015-07-30 15:46,1226,1.55977,down,sl,sl,none,-41.4,352.2,108518.56,107954.06
2015-07-31 03:28,2015-07-31 12:37,549,1.56125,up,sl,sl,none,-41.4,310.8,107395.40,106836.74
2015-07-31 13:07,2015-08-03 11:42,1350,1.56580,up,sl,tp,sell,68.6,379.4,106283.86,108668.99
2015-08-04 06:10,2015-08-05 11:35,1760,1.56157,up,sl,sl,none,-41.4,338.0,108106.62,107544.26
2015-08-06 09:28,2015-08-06 11:04,96,1.56213,down,sl,tp,sell,68.6,406.6,106987.72,109388.65
2015-08-07 10:04,2015-08-07 12:30,146,1.55167,up,sl,sl,none,-41.4,365.2,108822.56,108256.47
2015-08-07 12:53,2015-08-10 12:55,1437,1.54940,down,sl,sl,none,-41.4,323.8,107696.25,107136.02
2015-08-11 14:30,2015-08-12 07:18,1003,1.55724,down,sl,sl,none,-41.4,282.4,106581.59,106027.16
2015-08-12 07:31,2015-08-12 08:30,59,1.55811,up,sl,sl,none,-41.4,241.0,105478.47,104929.78
2015-08-12 10:13,2015-08-12 15:03,290,1.55621,down,tp,sl,buy,68.6,309.6,104386.77,106729.33
2015-08-13 13:12,2015-08-14 07:13,1075,1.55994,down,sl,sl,none,-41.4,268.2,106177.00,105624.68
2015-08-14 10:09,2015-08-17 14:59,1724,1.56180,up,sl,sl,none,-41.4,226.8,105078.07,104531.46
2015-08-18 09:00,2015-08-18 16:03,423,1.56682,up,sl,sl,none,-41.4,185.4,103990.51,103449.56
2015-08-19 12:11,2015-08-19 14:10,119,1.56607,down,sl,sl,none,-41.4,144.0,102914.21,102378.86
2015-08-19 18:36,2015-08-20 08:16,816,1.56785,up,sl,sl,none,-41.4,102.6,101849.05,101319.24
2015-08-20 15:46,2015-08-21 12:36,1246,1.56840,up,sl,sl,none,-41.4,61.2,100794.91,100270.58
2015-08-21 14:52,2015-08-21 16:59,127,1.56903,up,sl,sl,none,-41.4,19.8,99751.68,99232.78
2015-08-23 21:48,2015-08-24 08:39,650,1.56865,down,sl,sl,none,-41.4,-21.6,98719.25,98205.72
2015-08-24 09:09,2015-08-24 13:19,250,1.57053,up,tp,sl,buy,68.6,47.0,97697.51,99889.95
2015-08-25 14:34,2015-08-26 09:19,1121,1.57388,down,sl,tp,sell,68.6,115.6,99373.02,101603.06
2015-08-28 04:53,2015-08-28 14:45,592,1.54329,up,sl,tp,sell,68.6,184.2,101077.27,103345.56
2015-08-30 22:00,2015-08-31 14:31,991,1.54043,up,sl,sl,none,-41.4,142.8,102810.74,102275.93
2015-09-01 03:00,2015-09-01 08:32,332,1.54015,up,sl,tp,sell,68.6,211.4,101746.65,104029.96
2015-09-01 08:42,2015-09-01 12:50,208,1.53292,down,sl,sl,none,-41.4,170.0,103491.61,102953.25
2015-09-02 16:18,2015-09-03 14:57,1354,1.53130,up,sl,tp,sell,68.6,238.6,102420.47,104718.90
2015-09-07 08:06,2015-09-08 04:01,1191,1.52120,up,tp,sl,buy,68.6,307.2,104176.98,106514.83
2015-09-09 06:14,2015-09-09 08:38,144,1.53734,down,sl,sl,none,-41.4,265.8,105963.61,105412.40
2015-09-10 08:43,2015-09-10 15:19,396,1.53772,up,tp,sl,buy,68.6,334.4,104866.89,107220.22
2015-09-11 09:25,2015-09-14 00:04,874,1.54282,down,sl,sl,none,-41.4,293.0,106665.36,106110.49
2015-09-14 11:31,2015-09-15 07:19,1182,1.54139,down,sl,sl,none,-41.4,251.6,105561.37,105012.25
2015-09-15 07:57,2015-09-15 15:05,428,1.54427,up,sl,tp,sell,68.6,320.2,104468.81,106813.21
2015-09-16 09:15,2015-09-16 14:14,299,1.54093,up,tp,sl,buy,68.6,388.8,106260.45,108645.06
2015-09-18 16:02,2015-09-21 14:59,1372,1.55763,down,sl,tp,sell,68.6,457.4,108082.82,110508.32
2015-09-22 02:38,2015-09-22 11:05,507,1.55246,up,sl,tp,sell,68.6,526.0,109936.44,112403.54
2015-09-24 07:11,2015-09-25 11:37,1702,1.52708,up,sl,tp,sell,68.6,594.6,111821.85,114331.26
2015-09-28 03:58,2015-09-28 08:16,258,1.52025,up,sl,sl,none,-41.4,553.2,113739.59,113147.93
2015-09-28 08:24,2015-09-29 14:57,1828,1.52237,up,sl,tp,sell,68.6,621.8,112562.39,115088.42
2015-09-30 04:52,2015-09-30 09:44,292,1.51708,up,sl,sl,none,-41.4,580.4,114492.83,113897.25
2015-09-30 15:16,2015-10-01 08:04,1001,1.51297,down,sl,sl,none,-41.4,539.0,113307.83,112718.41
2015-10-01 09:28,2015-10-01 13:46,258,1.51473,up,sl,sl,none,-41.4,497.6,112135.10,111551.78
2015-10-01 19:03,2015-10-02 12:30,1042,1.51309,down,tp,sl,buy,68.6,566.2,110974.50,113464.89
2015-10-05 10:35,2015-10-06 15:04,1703,1.51980,down,sl,sl,none,-41.4,524.8,112877.71,112290.53
2015-10-08 12:28,2015-10-08 15:20,172,1.52832,down,sl,sl,none,-41.4,483.4,111709.43,111128.32
2015-10-08 17:06,2015-10-09 14:50,1299,1.53290,up,sl,sl,none,-41.4,442.0,110553.23,109978.15
2015-10-12 06:44,2015-10-13 00:54,1086,1.53401,up,sl,sl,none,-41.4,400.6,109409.01,108839.87
2015-10-13 07:04,2015-10-13 08:19,75,1.53775,up,sl,tp,sell,68.6,469.2,108276.63,110706.48
2015-10-13 08:49,2015-10-14 03:02,1088,1.52610,down,sl,sl,none,-41.4,427.8,110133.57,109560.66
2015-10-14 03:03,2015-10-14 11:12,489,1.52839,up,tp,sl,buy,68.6,496.4,108993.69,111439.63
2015-10-15 13:00,2015-10-22 12:54,7172,1.54264,down,sl,sl,none,-41.4,455.0,110862.93,110286.23
2015-10-22 13:45,2015-10-22 16:01,136,1.54052,down,sl,sl,none,-41.4,413.6,109715.50,109144.77
2015-10-26 10:43,2015-10-27 09:29,1358,1.53336,up,sl,sl,none,-41.4,372.2,108579.94,108015.12
2015-10-28 15:28,2015-10-30 06:45,2346,1.53274,up,sl,sl,none,-41.4,330.8,107456.14,106897.16
2015-11-02 16:58,2015-11-05 12:00,4002,1.54282,down,sl,tp,sell,68.6,399.4,106343.97,108730.45
2015-11-09 09:17,2015-11-11 01:38,2411,1.50703,up,tp,sl,buy,68.6,468.0,108167.77,110595.17
2015-11-12 08:34,2015-11-17 06:13,4160,1.51863,down,sl,sl,none,-41.4,426.6,110022.84,109450.51
2015-11-17 10:58,2015-11-19 01:40,2312,1.51997,up,tp,sl,buy,68.6,495.2,108884.11,111327.59
2015-11-20 01:10,2015-11-20 12:20,670,1.52724,down,sl,sl,none,-41.4,453.8,110751.47,110175.35
2015-11-20 12:22,2015-11-23 02:05,818,1.52530,down,sl,tp,sell,68.6,522.4,109605.19,112064.86
2015-11-24 07:17,2015-11-24 15:11,474,1.51511,up,sl,tp,sell,68.6,591.0,111484.92,113986.77
2015-11-25 03:18,2015-11-25 17:11,833,1.51046,up,sl,sl,none,-41.4,549.6,113396.89,112807.01
2015-11-26 08:43,2015-11-26 14:15,331,1.50961,down,sl,sl,none,-41.4,508.2,112223.23,111639.45
2015-11-26 15:19,2015-11-27 21:59,1834,1.51178,up,sl,tp,sell,68.6,576.8,111061.72,113554.07
2015-11-30 15:14,2015-12-02 13:15,2740,1.50385,up,sl,sl,none,-41.4,535.4,112966.43,112378.79
2015-12-03 13:14,2015-12-03 13:34,20,1.49816,up,sl,sl,none,-41.4,494.0,111797.23,111215.67
2015-12-04 14:43,2015-12-04 17:00,137,1.51160,down,sl,sl,none,-41.4,452.6,110640.12,110064.58
2015-12-09 02:38,2015-12-09 13:50,672,1.50162,up,tp,sl,buy,68.6,521.2,109495.00,111952.19
2015-12-10 12:41,2015-12-11 14:16,1530,1.51198,down,tp,sl,buy,68.6,589.8,111372.84,113872.17
2015-12-14 08:08,2015-12-15 15:44,1890,1.51773,down,sl,tp,sell,68.6,658.4,113282.88,115825.08
2015-12-18 05:35,2015-12-18 08:26,171,1.49200,up,sl,sl,none,-41.4,617.0,115225.68,114626.29
2015-12-18 14:24,2015-12-21 22:25,1911,1.48956,down,sl,sl,none,-41.4,575.6,114033.10,113439.91
2015-12-22 08:34,2015-12-24 11:19,3031,1.48928,up,sl,sl,none,-41.4,534.2,112852.86,112265.80
2015-12-28 12:01,2015-12-29 13:13,1507,1.49001,down,sl,tp,sell,68.6,602.8,111684.83,114191.16
2015-12-30 05:47,2015-12-31 15:58,2045,1.48353,up,sl,tp,sell,68.6,671.4,113600.22,116149.54
2016-01-04 10:09,2016-01-04 11:58,109,1.47850,up,sl,sl,none,-41.4,630.0,115548.47,114947.39
2016-01-04 14:13,2016-01-05 15:29,1511,1.47382,down,sl,tp,sell,68.6,698.6,114352.54,116918.74
2016-01-07 20:00,2016-01-08 11:48,943,1.46166,up,sl,sl,none,-41.4,657.2,116313.69,115708.63
2016-01-08 12:26,2016-01-10 23:00,629,1.45859,down,sl,tp,sell,68.6,725.8,115109.84,117693.04
2016-01-11 09:14,2016-01-11 15:25,371,1.45725,up,sl,sl,none,-41.4,684.4,117083.97,116474.91
2016-01-11 21:55,2016-01-12 10:49,769,1.45407,down,sl,tp,sell,68.6,753.0,115872.16,118472.46
2016-01-13 02:38,2016-01-14 09:50,1867,1.44644,up,sl,tp,sell,68.6,821.6,117859.36,120504.26
2016-01-14 15:29,2016-01-15 12:35,1260,1.44192,up,sl,tp,sell,68.6,890.2,119880.65,122570.91
2016-01-18 09:37,2016-01-19 09:12,1368,1.42961,up,sl,sl,none,-41.4,848.8,121936.60,121302.30
2016-01-19 13:15,2016-01-21 11:46,2775,1.42119,down,sl,tp,sell,68.6,917.4,120674.56,123382.63
2016-01-21 17:16,2016-01-21 20:55,219,1.42263,up,sl,sl,none,-41.4,876.0,122744.13,122105.62
2016-01-24 23:21,2016-01-25 09:05,584,1.42582,down,sl,sl,none,-41.4,834.6,121473.73,120841.83
2016-01-26 13:07,2016-01-26 15:35,148,1.42426,up,tp,sl,buy,68.6,903.2,120216.47,122914.27
2016-01-27 09:59,2016-01-27 12:50,171,1.43045,down,sl,sl,none,-41.4,861.8,122278.19,121642.10
2016-01-28 09:38,2016-01-28 15:23,345,1.42938,up,tp,sl,buy,68.6,930.4,121012.61,123728.27
2016-01-29 10:10,2016-01-29 13:41,211,1.43526,down,sl,tp,sell,68.6,999.0,123087.97,125850.21
2016-02-01 08:17,2016-02-01 09:59,102,1.42692,up,sl,sl,none,-41.4,957.6,125198.93,124547.66
2016-02-02 09:30,2016-02-02 10:14,44,1.43533,down,sl,sl,none,-41.4,916.2,123903.12,123258.59
2016-02-02 11:51,2016-02-02 13:13,82,1.44098,up,sl,sl,none,-41.4,874.8,122620.73,121982.86
2016-02-02 14:19,2016-02-02 15:48,89,1.43894,down,sl,sl,none,-41.4,833.4,121351.60,120720.34
2016-02-02 18:50,2016-02-03 09:31,872,1.44218,up,sl,sl,none,-41.4,792.0,120095.61,119470.88
2016-02-04 16:00,2016-02-05 04:08,722,1.45802,down,sl,sl,none,-41.4,750.6,118852.62,118234.36
2016-02-08 05:21,2016-02-08 07:38,137,1.45201,up,sl,sl,none,-41.4,709.2,117622.50,117010.64
2016-02-08 10:26,2016-02-08 12:57,151,1.44792,down,sl,tp,sell,68.6,777.8,116405.11,119017.37
2016-02-09 08:58,2016-02-09 11:49,171,1.44377,up,sl,sl,none,-41.4,736.4,118401.45,117785.54
2016-02-09 13:12,2016-02-09 15:02,110,1.44139,down,sl,sl,none,-41.4,695.0,117176.00,116566.46
2016-02-09 16:16,2016-02-09 18:03,107,1.44923,up,sl,sl,none,-41.4,653.6,115963.23,115359.99
2016-02-10 15:53,2016-02-10 18:12,139,1.44787,down,sl,sl,none,-41.4,612.2,114763.01,114166.02
2016-02-10 18:21,2016-02-11 08:16,830,1.45004,up,sl,sl,none,-41.4,570.8,113575.21,112984.40
2016-02-11 08:22,2016-02-11 15:21,419,1.44570,down,sl,sl,none,-41.4,529.4,112399.71,111815.01
2016-02-12 04:08,2016-02-12 10:11,363,1.44737,up,tp,sl,buy,68.6,598.0,111236.37,113732.64
2016-02-12 15:02,2016-02-15 15:16,1448,1.44618,down,sl,sl,none,-41.4,556.6,113144.07,112555.51
2016-02-16 08:57,2016-02-16 13:01,244,1.44953,up,sl,tp,sell,68.6,625.2,111973.03,114485.83
2016-02-17 11:16,2016-02-17 14:12,175,1.42959,up,sl,sl,none,-41.4,583.8,113893.37,113300.91
2016-02-17 14:27,2016-02-18 11:00,1225,1.42517,down,tp,sl,buy,68.6,652.4,112714.57,115244.02
2016-02-19 02:00,2016-02-19 09:40,460,1.43141,down,sl,sl,none,-41.4,611.0,114647.63,114051.24
2016-02-19 17:34,2016-02-21 22:05,266,1.43412,up,sl,sl,none,-41.4,569.6,113461.02,112870.81
2016-02-21 23:36,2016-02-22 07:28,472,1.42836,down,sl,tp,sell,68.6,638.2,112286.70,114806.54
2016-02-25 04:45,2016-02-25 12:01,435,1.39438,up,sl,sl,none,-41.4,596.8,114212.42,113618.30
2016-02-25 16:07,2016-02-26 09:44,1051,1.39418,down,tp,sl,buy,68.6,665.4,113030.32,115566.85
2016-02-26 12:42,2016-02-26 15:18,156,1.39732,down,sl,tp,sell,68.6,734.0,114968.79,117548.82
2016-02-29 14:56,2016-02-29 15:53,57,1.39032,up,sl,sl,none,-41.4,692.6,116940.51,116332.19
2016-03-01 16:07,2016-03-02 12:29,1214,1.39170,down,tp,sl,buy,68.6,761.2,115730.17,118327.29
2016-03-03 12:24,2016-03-03 16:25,241,1.40712,down,tp,sl,buy,68.6,829.8,117714.94,120356.60
2016-03-04 10:06,2016-03-04 13:35,209,1.41332,down,sl,sl,none,-41.4,788.4,119733.76,119110.91
2016-03-04 14:52,2016-03-04 15:35,43,1.42127,up,sl,sl,none,-41.4,747.0,118494.51,117878.11
2016-03-07 08:17,2016-03-07 15:19,421,1.41631,down,sl,sl,none,-41.4,705.6,117268.09,116658.07
2016-03-07 16:47,2016-03-08 11:01,1087,1.42360,up,sl,sl,none,-41.4,664.2,116054.37,115450.66
2016-03-08 11:14,2016-03-08 17:07,353,1.42195,down,sl,sl,none,-41.4,622.8,114853.21,114255.75
2016-03-09 09:39,2016-03-10 13:28,1658,1.42301,up,sl,tp,sell,68.6,691.4,113664.48,116215.23
2016-03-10 15:29,2016-03-11 15:09,1415,1.42661,up,tp,sl,buy,68.6,760.0,115613.82,118208.33
2016-03-14 09:17,2016-03-14 23:19,821,1.43685,down,sl,tp,sell,68.6,828.6,117596.60,120235.60
2016-03-16 18:26,2016-03-17 10:04,933,1.42311,up,tp,sl,buy,68.6,897.2,119613.38,122297.64
2016-03-18 08:57,2016-03-18 15:58,421,1.44195,down,tp,sl,buy,68.6,965.8,121664.75,124395.04
2016-03-20 22:54,2016-03-21 14:07,913,1.44641,down,sl,tp,sell,68.6,1034.4,123751.30,126528.42
2016-03-22 07:02,2016-03-22 08:22,80,1.43895,up,sl,tp,sell,68.6,1103.0,125873.63,128698.38
2016-03-24 11:30,2016-03-24 16:09,279,1.41326,up,sl,sl,none,-41.4,1061.6,128032.37,127366.35
2016-03-25 02:17,2016-03-28 12:45,1992,1.41105,down,tp,sl,buy,68.6,1130.2,126707.23,129550.69
2016-03-29 07:15,2016-03-29 12:39,324,1.42093,down,tp,sl,buy,68.6,1198.8,128880.26,131772.48
2016-03-30 17:04,2016-03-31 11:03,1061,1.43903,down,sl,sl,none,-41.4,1157.4,131090.56,130408.64
2016-03-31 14:06,2016-03-31 14:39,33,1.43718,down,sl,sl,none,-41.4,1116.0,129733.77,129058.91
2016-03-31 15:23,2016-04-01 10:33,1137,1.43911,up,sl,tp,sell,68.6,1184.6,128391.03,131272.27
2016-04-04 11:12,2016-04-05 07:15,1191,1.42335,up,sl,sl,none,-41.4,1143.2,130592.93,129913.60
2016-04-06 16:52,2016-04-07 06:14,792,1.41339,up,sl,sl,none,-41.4,1101.8,129241.30,128568.99
2016-04-07 07:59,2016-04-07 11:16,197,1.40843,down,sl,sl,none,-41.4,1060.4,127903.65,127238.30
2016-04-08 07:48,2016-04-11 04:30,1225,1.41228,up,sl,sl,none,-41.4,1019.0,126579.84,125921.39
2016-04-12 14:24,2016-04-14 00:02,1985,1.42048,down,sl,sl,none,-41.4,977.6,125269.74,124618.10
2016-04-14 19:14,2016-04-15 09:01,806,1.41547,up,sl,sl,none,-41.4,936.2,123973.20,123328.30
2016-04-18 01:18,2016-04-18 08:45,446,1.41776,down,sl,sl,none,-41.4,894.8,122690.08,122051.86
2016-04-18 09:45,2016-04-18 13:42,237,1.41937,up,sl,sl,none,-41.4,853.4,121420.24,120788.62
2016-04-20 05:14,2016-04-20 19:40,866,1.43607,down,sl,sl,none,-41.4,812.0,120163.54,119538.46
2016-04-21 10:59,2016-04-21 13:50,171,1.43751,up,sl,sl,none,-41.4,770.6,118919.84,118301.23
2016-04-21 15:15,2016-04-22 14:09,1360,1.43308,down,tp,sl,buy,68.6,839.2,117689.02,120330.10
2016-04-27 06:12,2016-04-27 14:59,526,1.45570,down,sl,sl,none,-41.4,797.8,119707.39,119084.68
2016-04-28 06:49,2016-04-28 10:42,233,1.45838,up,sl,sl,none,-41.4,756.4,118468.42,117852.16
2016-04-29 09:38,2016-05-02 12:09,1580,1.45818,down,tp,sl,buy,68.6,825.0,117242.27,119873.32
2016-05-03 11:39,2016-05-03 14:10,151,1.46694,down,sl,tp,sell,68.6,893.6,119252.98,121929.15
2016-05-05 02:18,2016-05-06 12:30,2037,1.45127,up,sl,sl,none,-41.4,852.2,121298.16,120667.18
2016-05-06 13:10,2016-05-11 15:29,4425,1.44640,down,sl,sl,none,-41.4,810.8,120042.73,119418.28
2016-05-11 21:35,2016-05-12 10:58,796,1.44449,down,sl,sl,none,-41.4,769.4,118800.29,118182.30
2016-05-12 19:07,2016-05-13 12:35,1040,1.44501,down,sl,tp,sell,68.6,838.0,117570.70,120209.12
2016-05-16 12:24,2016-05-16 23:34,659,1.43637,up,tp,sl,buy,68.6,906.6,119587.04,122270.71
2016-05-17 18:59,2016-05-18 10:53,942,1.44555,down,sl,sl,none,-41.4,865.2,121637.96,121005.21
2016-05-18 11:33,2016-05-18 14:45,192,1.45237,up,tp,sl,buy,68.6,933.8,120379.01,123080.45
2016-05-19 14:20,2016-05-19 16:20,120,1.45964,down,sl,sl,none,-41.4,892.4,122443.51,121806.56
2016-05-19 16:55,2016-05-19 19:58,183,1.46117,up,sl,sl,none,-41.4,851.0,121176.22,120545.87
2016-05-20 00:27,2016-05-20 16:18,949,1.45945,down,sl,tp,sell,68.6,919.6,119922.04,122613.23
2016-05-23 09:23,2016-05-24 07:53,1338,1.45237,up,sl,sl,none,-41.4,878.2,121978.71,121344.18
2016-05-26 10:18,2016-05-27 14:57,1704,1.47005,down,sl,tp,sell,68.6,946.8,120716.23,123425.23
2016-05-30 12:56,2016-05-31 03:41,866,1.46176,up,tp,sl,buy,68.6,1015.4,122786.51,125541.98
2016-05-31 08:10,2016-05-31 14:45,395,1.45733,down,sl,sl,none,-41.4,974.0,124892.30,124242.62
2016-06-02 05:29,2016-06-02 08:40,191,1.44377,up,sl,sl,none,-41.4,932.6,123599.66,122956.71
2016-06-02 16:59,2016-06-03 12:30,1159,1.44342,down,sl,sl,none,-41.4,891.2,122320.41,121684.10
2016-06-03 12:35,2016-06-03 12:59,24,1.45156,up,sl,sl,none,-41.4,849.8,121054.39,120424.67
2016-06-05 23:24,2016-06-06 06:32,428,1.43821,down,sl,sl,none,-41.4,808.4,119801.48,119178.28
2016-06-06 15:07,2016-06-07 04:10,776,1.44688,up,sl,sl,none,-41.4,767.0,118561.53,117944.78
2016-06-08 01:56,2016-06-08 07:48,351,1.45395,down,sl,sl,none,-41.4,725.6,117334.42,116724.06
2016-06-08 11:13,2016-06-08 14:27,194,1.45678,up,sl,sl,none,-41.4,684.2,116120.01,115515.96
2016-06-08 17:09,2016-06-10 05:53,2184,1.45330,down,sl,tp,sell,68.6,752.8,114918.17,117497.06
2016-06-13 14:39,2016-06-13 15:09,30,1.42764,up,sl,sl,none,-41.4,711.4,116889.01,116280.97
2016-06-14 02:46,2016-06-14 15:18,751,1.41840,down,sl,tp,sell,68.6,780.0,115679.21,118275.18
2016-06-15 03:58,2016-06-16 11:00,1849,1.41405,up,sl,sl,none,-41.4,738.6,117663.11,117051.04
2016-06-16 17:50,2016-06-17 08:40,883,1.42133,up,tp,sl,buy,68.6,807.2,116445.30,119058.46
2016-06-21 15:13,2016-06-22 07:05,942,1.46793,down,sl,sl,none,-41.4,765.8,118442.33,117826.21
2016-06-22 11:32,2016-06-22 14:04,152,1.46810,up,tp,sl,buy,68.6,834.4,117216.46,119846.93
2016-06-22 17:58,2016-06-22 21:06,182,1.46587,down,tp,sl,buy,68.6,903.0,119226.72,121902.30
2016-06-23 23:52,2016-06-23 23:54,2,1.45625,down,sl,sl,none,-41.4,861.6,120640.61,120640.61
2016-06-28 02:45,2016-06-28 07:36,291,1.33191,up,sl,sl,none,-41.4,820.2,120016.30,119391.98
2016-06-29 01:27,2016-06-29 07:23,356,1.33039,down,tp,sl,buy,68.6,888.8,118774.13,121439.55
2016-06-29 07:29,2016-06-29 11:00,211,1.34046,up,sl,sl,none,-41.4,847.4,120811.10,120182.65
2016-06-30 02:42,2016-06-30 06:41,238,1.34037,down,sl,sl,none,-41.4,806.0,119560.71,118938.76
2016-06-30 08:24,2016-06-30 09:48,84,1.34646,up,sl,sl,none,-41.4,764.6,118323.26,117707.75
2016-06-30 13:18,2016-06-30 15:00,102,1.34061,down,sl,sl,none,-41.4,723.2,117098.61,116489.47
2016-07-01 13:58,2016-07-04 11:05,1253,1.33303,up,sl,tp,sell,68.6,791.8,115886.64,118487.27
2016-07-04 15:26,2016-07-05 06:05,854,1.33185,up,sl,tp,sell,68.6,860.4,117874.09,120519.32
2016-07-07 01:49,2016-07-07 10:16,506,1.29430,up,tp,sl,buy,68.6,929.0,119895.64,122586.23
2016-07-07 15:41,2016-07-08 01:47,599,1.29233,down,sl,sl,none,-41.4,887.6,121951.85,121317.46
2016-07-08 04:47,2016-07-08 06:45,118,1.29469,up,sl,sl,none,-41.4,846.2,120689.64,120061.83
2016-07-08 10:12,2016-07-08 12:30,138,1.29598,up,sl,sl,none,-41.4,804.8,119440.51,118819.19
2016-07-10 22:46,2016-07-11 07:31,523,1.29368,down,sl,sl,none,-41.4,763.4,118204.30,117589.41
2016-07-11 12:09,2016-07-11 13:11,62,1.29864,up,sl,sl,none,-41.4,722.0,116980.88,116372.36
2016-07-13 13:49,2016-07-13 14:49,60,1.32373,down,sl,sl,none,-41.4,680.6,115770.13,115167.90
2016-07-14 06:09,2016-07-14 06:46,37,1.32350,up,sl,sl,none,-41.4,639.2,114571.91,113975.92
2016-07-15 11:22,2016-07-15 13:30,128,1.33829,down,sl,tp,sell,68.6,707.8,113386.09,115930.60
2016-07-18 09:02,2016-07-18 14:59,357,1.32685,up,sl,sl,none,-41.4,666.4,115330.66,114730.72
2016-07-19 01:41,2016-07-19 11:52,611,1.32277,down,sl,tp,sell,68.6,735.0,114136.99,116698.35
2016-07-20 09:24,2016-07-20 12:48,204,1.31587,up,sl,sl,none,-41.4,693.6,116094.44,115490.52
2016-07-21 10:10,2016-07-21 15:12,302,1.32131,down,sl,sl,none,-41.4,652.2,114892.86,114295.20
2016-07-21 16:48,2016-07-21 20:58,248,1.32112,up,sl,sl,none,-41.4,610.8,113703.72,113112.24
2016-07-21 21:36,2016-07-22 08:30,654,1.32236,up,sl,sl,none,-41.4,569.4,112526.89,111941.53
2016-07-22 09:35,2016-07-26 06:52,2678,1.31677,down,sl,tp,sell,68.6,638.0,111362.23,113861.33
2016-07-26 10:16,2016-07-26 14:55,279,1.31269,up,sl,sl,none,-41.4,596.6,113272.10,112682.86
2016-07-27 03:09,2016-07-27 08:48,339,1.31178,down,sl,sl,none,-41.4,555.2,112099.73,111516.60
2016-07-27 14:30,2016-07-27 18:06,216,1.31328,up,sl,sl,none,-41.4,513.8,110939.50,110362.40
2016-07-27 18:09,2016-07-27 19:15,66,1.31339,up,tp,sl,buy,68.6,582.4,109791.27,112255.11
2016-07-28 10:46,2016-07-28 12:21,95,1.31582,down,sl,sl,none,-41.4,541.0,111674.19,111093.27
2016-07-29 01:49,2016-07-29 08:59,430,1.31798,up,sl,sl,none,-41.4,499.6,110518.37,109943.46
2016-08-01 09:05,2016-08-01 12:29,204,1.31905,down,sl,sl,none,-41.4,458.2,109374.50,108805.54
2016-08-02 07:06,2016-08-02 09:25,139,1.32314,up,sl,sl,none,-41.4,416.8,108242.47,107679.41
2016-08-03 08:12,2016-08-03 13:50,338,1.33219,down,sl,sl,none,-41.4,375.4,107122.17,106564.92
2016-08-04 00:21,2016-08-04 11:00,634,1.33402,up,sl,tp,sell,68.6,444.0,106013.45,108392.51
2016-08-05 09:37,2016-08-05 12:30,173,1.31488,up,sl,sl,none,-41.4,402.6,107831.58,107270.65
2016-08-05 13:15,2016-08-09 00:49,2094,1.30302,down,sl,sl,none,-41.4,361.2,106715.52,106160.40
2016-08-09 17:16,2016-08-11 07:24,2262,1.30054,up,sl,sl,none,-41.4,319.8,105611.02,105061.64
2016-08-12 03:32,2016-08-12 12:30,535,1.29748,up,sl,sl,none,-41.4,278.4,104517.94,103974.25
2016-08-12 12:35,2016-08-12 14:49,134,1.30167,up,sl,tp,sell,68.6,347.0,103436.18,105757.41
2016-08-12 15:08,2016-08-16 08:30,2448,1.29306,down,sl,sl,none,-41.4,305.6,105210.11,104662.82
2016-08-17 09:34,2016-08-17 10:50,76,1.30192,down,sl,sl,none,-41.4,264.2,104121.19,103579.56
2016-08-17 18:50,2016-08-18 01:34,397,1.30564,up,sl,sl,none,-41.4,222.8,103043.54,102507.51
2016-08-19 06:09,2016-08-19 07:22,73,1.31423,down,sl,sl,none,-41.4,181.4,101977.04,101446.56
2016-08-22 08:52,2016-08-22 14:42,350,1.31086,up,sl,sl,none,-41.4,140.0,100921.57,100396.59
2016-08-24 02:25,2016-08-24 14:09,703,1.31806,down,tp,sl,buy,68.6,208.6,99877.03,102118.39
2016-08-25 04:31,2016-08-26 14:14,2005,1.32255,down,sl,sl,none,-41.4,167.2,101589.93,101061.46
2016-08-26 16:13,2016-09-01 08:30,5252,1.31449,down,sl,sl,none,-41.4,125.8,100538.47,100015.48
2016-09-02 09:57,2016-09-05 08:30,1332,1.32628,down,tp,sl,buy,68.6,194.4,99497.90,101730.74
2016-09-05 15:37,2016-09-06 14:00,1331,1.33096,down,tp,sl,buy,68.6,263.0,101204.29,103475.42
2016-09-07 08:58,2016-09-08 13:58,1725,1.33920,down,sl,tp,sell,68.6,331.6,102939.94,105250.03
2016-09-09 04:34,2016-09-12 09:37,1726,1.33273,up,sl,tp,sell,68.6,400.2,104705.36,107055.07
2016-09-12 12:26,2016-09-13 09:53,1275,1.32845,up,sl,sl,none,-41.4,358.8,106501.06,105947.05
2016-09-14 08:32,2016-09-14 18:45,613,1.32167,up,sl,sl,none,-41.4,317.4,105398.77,104850.49
2016-09-15 08:10,2016-09-15 11:35,205,1.32116,down,sl,sl,none,-41.4,276.0,104307.89,103765.29
2016-09-15 11:49,2016-09-16 10:23,1344,1.31966,down,sl,sl,none,-41.4,234.6,103228.31,102691.32
2016-09-19 11:46,2016-09-19 17:46,360,1.30458,up,sl,sl,none,-41.4,193.2,102159.89,101628.47
2016-09-19 18:09,2016-09-20 08:22,839,1.30274,down,sl,sl,none,-41.4,151.8,101102.54,100576.61
2016-09-21 08:30,2016-09-22 06:05,1288,1.29693,up,tp,sl,buy,68.6,220.4,100056.13,102301.50
2016-09-23 01:49,2016-09-23 11:05,555,1.30580,down,sl,tp,sell,68.6,289.0,101772.09,104055.97
2016-09-26 15:34,2016-09-27 06:16,871,1.29736,up,sl,sl,none,-41.4,247.6,103517.48,102978.99
2016-09-27 09:43,2016-09-28 23:08,2228,1.29451,down,tp,sl,buy,68.6,316.2,102446.08,104745.08
2016-09-29 08:58,2016-09-29 14:52,354,1.29921,down,sl,sl,none,-41.4,274.8,104203.03,103660.97
2016-09-30 11:37,2016-10-02 21:05,562,1.29587,up,sl,sl,none,-41.4,233.4,103124.52,102588.08
2016-10-02 21:13,2016-10-03 06:59,585,1.29235,down,sl,sl,none,-41.4,192.0,102057.19,101526.29
2016-10-05 13:53,2016-10-06 11:30,1288,1.27544,up,sl,tp,sell,68.6,260.6,101000.89,103267.47
2016-10-07 20:25,2016-10-10 18:54,1342,1.24353,up,sl,tp,sell,68.6,329.2,102733.06,105038.50
2016-10-12 00:36,2016-10-12 07:05,389,1.22576,up,sl,sl,none,-41.4,287.8,104494.93,103951.36
2016-10-12 13:24,2016-10-13 00:54,684,1.21861,down,sl,sl,none,-41.4,246.4,103413.41,102875.46
2016-10-13 12:07,2016-10-13 15:45,218,1.22092,up,sl,sl,none,-41.4,205.0,102343.08,101810.70
2016-10-14 05:20,2016-10-14 09:10,230,1.21986,down,sl,sl,none,-41.4,163.6,101283.83,100756.96
2016-10-14 10:53,2016-10-16 23:06,724,1.22422,up,sl,tp,sell,68.6,232.2,100235.54,102484.94
2016-10-17 16:12,2016-10-18 01:04,518,1.21824,up,tp,sl,buy,68.6,300.8,101954.58,104242.56
2016-10-19 05:30,2016-10-19 08:15,165,1.22761,down,sl,sl,none,-41.4,259.4,103703.10,103163.65
2016-10-19 08:58,2016-10-20 12:39,1656,1.23198,up,sl,tp,sell,68.6,328.0,102629.77,104932.90
2016-10-24 07:23,2016-10-25 13:18,1788,1.22297,up,sl,tp,sell,68.6,396.6,104389.87,106732.50
2016-10-26 08:13,2016-10-26 14:49,396,1.22206,up,sl,sl,none,-41.4,355.2,106180.16,105627.82
2016-10-27 04:23,2016-10-27 14:07,584,1.22153,down,sl,sl,none,-41.4,313.8,105081.20,104534.57
2016-10-28 17:44,2016-10-31 16:06,1285,1.22023,up,sl,sl,none,-41.4,272.4,103993.61,103452.64
2016-10-31 16:45,2016-11-02 11:12,2529,1.22030,up,tp,sl,buy,68.6,341.0,102917.27,105226.85
2016-11-06 23:22,2016-11-07 05:03,341,1.24725,down,sl,sl,none,-41.4,299.6,104682.30,104137.75
2016-11-08 07:27,2016-11-08 12:06,279,1.24135,up,sl,sl,none,-41.4,258.2,103598.84,103059.93
2016-11-08 12:44,2016-11-08 16:08,204,1.23898,down,sl,sl,none,-41.4,216.8,102526.59,101993.26
2016-11-09 02:32,2016-11-09 02:57,25,1.24516,up,sl,sl,none,-41.4,175.4,101465.44,100937.63
2016-11-09 09:45,2016-11-09 13:22,217,1.23849,down,sl,sl,none,-41.4,134.0,100415.28,99892.92
2016-11-09 13:27,2016-11-09 16:07,160,1.23712,down,tp,sl,buy,68.6,202.6,99375.98,101606.09
2016-11-09 16:32,2016-11-09 21:50,318,1.24701,up,sl,tp,sell,68.6,271.2,101080.28,103348.63
2016-11-09 22:09,2016-11-10 10:00,709,1.24094,down,sl,sl,none,-41.4,229.8,102813.80,102278.97
2016-11-10 10:26,2016-11-10 15:00,274,1.23930,down,tp,sl,buy,68.6,298.4,101749.68,104033.06
2016-11-13 22:53,2016-11-14 08:49,596,1.25753,down,sl,tp,sell,68.6,367.0,103494.69,105817.22
2016-11-15 21:25,2016-11-16 10:46,795,1.24538,up,sl,sl,none,-41.4,325.6,105269.62,104722.02
2016-11-16 11:31,2016-11-18 01:17,2253,1.24164,down,sl,sl,none,-41.4,284.2,104180.08,103638.14
2016-11-21 11:56,2016-11-21 13:26,90,1.23894,up,tp,sl,buy,68.6,352.8,105415.54,105415.54
2016-11-22 10:49,2016-11-22 13:18,149,1.24434,down,sl,sl,none,-41.4,311.4,104870.01,104324.49
2016-11-23 16:53,2016-11-24 07:57,897,1.24345,up,sl,sl,none,-41.4,270.0,103784.61,103244.73
2016-11-25 01:01,2016-11-25 08:01,420,1.24477,down,sl,sl,none,-41.4,228.6,102710.44,102176.15
2016-11-25 08:10,2016-11-28 02:32,1095,1.24233,down,tp,sl,buy,68.6,297.2,101647.38,103928.47
2016-11-28 10:27,2016-11-29 09:36,1379,1.24297,down,sl,sl,none,-41.4,255.8,103390.64,102852.81
2016-11-30 07:16,2016-11-30 10:33,197,1.24698,down,sl,sl,none,-41.4,214.4,102320.54,101788.28
2016-11-30 10:42,2016-11-30 20:52,610,1.24305,down,tp,sl,buy,68.6,283.0,101261.53,103533.95
2016-12-06 16:01,2016-12-07 08:13,962,1.27084,down,sl,tp,sell,68.6,351.6,102998.16,105309.56
2016-12-08 00:12,2016-12-08 08:59,527,1.26523,up,sl,sl,none,-41.4,310.2,104764.58,104219.60
2016-12-08 14:38,2016-12-12 11:53,2696,1.26182,down,sl,sl,none,-41.4,268.8,103680.27,103140.93
2016-12-13 17:08,2016-12-14 13:32,1217,1.26831,down,sl,sl,none,-41.4,227.4,102607.18,102073.42
2016-12-14 13:40,2016-12-14 19:12,332,1.27043,up,sl,tp,sell,68.6,296.0,101545.19,103823.98
2016-12-14 19:42,2016-12-14 20:52,70,1.26272,down,sl,tp,sell,68.6,364.6,103286.69,105604.56
2016-12-16 11:02,2016-12-16 16:27,325,1.24491,up,sl,sl,none,-41.4,323.2,105058.06,104511.55
2016-12-19 11:00,2016-12-19 13:32,152,1.24502,down,sl,tp,sell,68.6,391.8,103970.71,106303.93
2016-12-21 02:56,2016-12-22 16:33,2249,1.23782,up,sl,tp,sell,68.6,460.4,105753.80,108127.04
2016-12-23 19:45,2016-12-26 12:20,537,1.22744,up,sl,sl,none,-41.4,419.0,107567.48,107007.93
2016-12-26 18:06,2016-12-29 23:47,4503,1.22778,down,sl,sl,none,-41.4,377.6,106454.16,105900.39
2017-01-02 10:25,2017-01-03 15:12,1694,1.23068,down,sl,tp,sell,68.6,446.2,105352.36,107716.58
2017-01-04 07:32,2017-01-05 06:38,1379,1.22701,up,tp,sl,buy,68.6,514.8,107159.15,109563.92
2017-01-05 09:16,2017-01-05 15:44,388,1.22845,down,tp,sl,buy,68.6,583.4,108996.93,111442.95
2017-01-06 11:20,2017-01-06 18:33,433,1.23697,down,sl,tp,sell,68.6,652.0,110866.23,113354.19
2017-01-10 04:25,2017-01-10 15:58,693,1.21636,up,sl,sl,none,-41.4,610.6,112767.58,112180.98
2017-01-11 06:23,2017-01-11 15:18,535,1.21643,down,sl,tp,sell,68.6,679.2,111600.44,114104.88
2017-01-11 18:23,2017-01-11 19:36,73,1.22309,up,sl,sl,none,-41.4,637.8,113514.39,112923.89
2017-01-12 17:13,2017-01-13 10:06,1008,1.21998,down,sl,sl,none,-41.4,596.4,112339.51,111755.13
2017-01-13 10:23,2017-01-13 14:51,268,1.22187,up,sl,tp,sell,68.6,665.0,111176.80,113671.73
2017-01-13 17:03,2017-01-15 22:05,297,1.21911,up,sl,sl,none,-41.4,623.6,113083.48,112495.23
2017-01-15 22:15,2017-01-16 08:00,585,1.20384,down,sl,sl,none,-41.4,582.2,111913.07,111330.90
2017-01-17 01:21,2017-01-17 09:18,477,1.20566,up,tp,sl,buy,68.6,650.8,110754.77,113240.23
2017-01-18 08:52,2017-01-18 15:51,419,1.23201,down,sl,sl,none,-41.4,609.4,112654.21,112068.19
2017-01-19 08:53,2017-01-19 13:42,289,1.23095,up,sl,sl,none,-41.4,568.0,111488.24,110908.29
2017-01-20 09:56,2017-01-20 11:25,89,1.22866,down,sl,sl,none,-41.4,526.6,110334.34,109760.39
2017-01-20 17:10,2017-01-23 03:02,585,1.23387,up,tp,sl,buy,68.6,595.2,109192.38,111642.78
2017-01-24 07:53,2017-01-24 09:43,110,1.24751,down,sl,sl,none,-41.4,553.8,111065.03,110487.27
2017-01-24 16:57,2017-01-25 09:18,971,1.25343,up,sl,sl,none,-41.4,512.4,109915.50,109343.73
2017-01-26 11:24,2017-01-27 10:41,1389,1.26199,down,sl,tp,sell,68.6,581.0,108777.88,111218.98
2017-01-29 23:21,2017-01-30 07:41,500,1.25779,up,sl,sl,none,-41.4,539.6,110643.42,110067.86
2017-01-30 08:26,2017-01-31 09:40,1508,1.25461,down,sl,tp,sell,68.6,608.2,109498.26,111955.52
2017-01-31 14:38,2017-02-01 09:41,1134,1.25279,up,tp,sl,buy,68.6,676.8,111376.15,113875.56
2017-02-02 12:07,2017-02-02 15:57,230,1.26218,down,sl,tp,sell,68.6,745.4,113286.25,115828.53
2017-02-07 02:21,2017-02-07 08:10,349,1.24817,up,sl,tp,sell,68.6,814.0,115229.11,117814.99
2017-02-07 17:12,2017-02-09 09:38,2414,1.24867,up,tp,sl,buy,68.6,882.6,117205.29,119835.51
2017-02-09 16:54,2017-02-13 08:11,2345,1.25169,down,sl,sl,none,-41.4,841.2,119215.36,118595.22
2017-02-13 15:43,2017-02-14 09:37,1068,1.24848,down,sl,sl,none,-41.4,799.8,117981.49,117367.76
2017-02-14 09:47,2017-02-15 13:40,1668,1.24752,down,sl,tp,sell,68.6,868.4,116760.38,119380.61
2017-02-15 16:56,2017-02-16 07:46,884,1.24615,up,sl,sl,none,-41.4,827.0,118762.82,118145.02
2017-02-16 18:27,2017-02-17 09:03,871,1.24805,down,sl,sl,none,-41.4,785.6,117533.62,116922.22
2017-02-20 07:39,2017-02-21 11:00,1635,1.24300,up,sl,sl,none,-41.4,744.2,116317.15,115712.08
2017-02-21 16:36,2017-02-22 09:36,1015,1.24732,up,sl,sl,none,-41.4,702.8,115113.27,114514.46
2017-02-22 10:19,2017-02-22 15:39,320,1.24556,down,sl,sl,none,-41.4,661.4,113921.84,113329.23
2017-02-23 08:47,2017-02-23 15:56,429,1.24673,up,tp,sl,buy,68.6,730.0,112742.75,115272.83
2017-02-24 14:32,2017-02-26 23:24,527,1.25103,down,sl,tp,sell,68.6,798.6,114676.29,117249.76
2017-02-27 16:10,2017-02-28 21:29,1752,1.24651,up,sl,tp,sell,68.6,867.2,116642.99,119260.59
2017-03-03 19:14,2017-03-06 15:52,1232,1.22676,up,sl,sl,none,-41.4,825.8,118643.42,118026.24
2017-03-08 04:01,2017-03-13 07:08,4492,1.22086,up,sl,sl,none,-41.4,784.4,117415.46,116804.67
2017-03-14 00:15,2017-03-14 08:10,474,1.22100,down,sl,tp,sell,68.6,853.0,116200.21,118807.87
2017-03-15 01:44,2017-03-15 06:13,268,1.21610,up,tp,sl,buy,68.6,921.6,118193.04,120845.43
2017-03-20 13:23,2017-03-21 09:01,1170,1.23900,down,sl,sl,none,-41.4,880.2,120220.05,119594.68
2017-03-22 09:36,2017-03-22 16:56,440,1.24603,down,sl,sl,none,-41.4,838.8,118975.77,118356.87
2017-03-22 17:18,2017-03-27 07:24,3699,1.24820,up,tp,sl,buy,68.6,907.4,117744.38,120386.69
2017-03-27 23:52,2017-03-28 14:06,852,1.25570,down,sl,sl,none,-41.4,866.0,119763.69,119140.69
2017-03-29 19:14,2017-03-30 11:02,940,1.24398,up,sl,sl,none,-41.4,824.6,118524.14,117907.58
2017-03-31 07:22,2017-03-31 11:29,247,1.24561,down,sl,sl,none,-41.4,783.2,117297.41,116687.24
2017-03-31 13:00,2017-04-04 05:20,2399,1.24691,up,sl,sl,none,-41.4,741.8,116083.38,115479.53
2017-04-05 03:59,2017-04-05 08:30,271,1.24473,up,sl,sl,none,-41.4,700.4,114881.92,114284.31
2017-04-05 08:39,2017-04-05 19:29,650,1.24777,up,sl,sl,none,-41.4,659.0,113692.89,113101.47
2017-04-06 08:44,2017-04-07 08:30,1411,1.24643,down,sl,sl,none,-41.4,617.6,112516.17,111930.87
2017-04-10 08:17,2017-04-12 07:24,2805,1.24051,up,tp,sl,buy,68.6,686.2,111351.63,113850.49
2017-04-12 18:14,2017-04-17 14:03,4030,1.24901,down,tp,sl,buy,68.6,754.8,113261.31,115803.02
2017-04-18 09:56,2017-04-18 10:36,40,1.25330,down,tp,sl,buy,68.6,823.4,115203.74,117789.04
2017-04-18 11:02,2017-04-18 14:09,187,1.26661,up,tp,sl,buy,68.6,892.0,117179.49,119809.13
2017-04-19 14:49,2017-04-20 08:42,1064,1.28204,down,sl,sl,none,-41.4,850.6,119189.11,118569.10
2017-04-20 22:58,2017-04-21 08:30,570,1.28044,down,sl,sl,none,-41.4,809.2,117955.51,117341.91
2017-04-21 09:11,2017-04-23 21:05,709,1.27980,down,sl,sl,none,-41.4,767.8,116734.67,116127.42
2017-04-24 02:38,2017-04-27 02:35,4269,1.27826,down,tp,sl,buy,68.6,836.4,115526.46,118119.01
2017-05-01 01:05,2017-05-03 00:13,2811,1.29224,down,sl,sl,none,-41.4,795.0,117507.74,116896.48
2017-05-03 06:01,2017-05-03 18:13,732,1.29029,down,sl,sl,none,-41.4,753.6,116291.54,115686.60
2017-05-04 09:50,2017-05-07 21:14,2108,1.28971,up,tp,sl,buy,68.6,822.2,115087.92,117670.62
2017-05-08 11:20,2017-05-10 06:25,2569,1.29558,down,sl,sl,none,-41.4,780.8,117061.68,116452.73
2017-05-10 13:54,2017-05-11 08:56,1136,1.29299,down,sl,sl,none,-41.4,739.4,115850.09,115247.45
2017-05-12 14:24,2017-05-15 04:30,837,1.28845,up,sl,sl,none,-41.4,698.0,114651.04,114054.63
2017-05-15 18:02,2017-05-17 10:49,2423,1.28845,down,tp,sl,buy,68.6,766.6,113464.40,116010.67
2017-05-18 06:57,2017-05-18 08:36,99,1.29506,down,tp,sl,buy,68.6,835.2,115410.32,118000.25
2017-05-18 18:03,2017-05-19 08:42,873,1.29154,down,tp,sl,buy,68.6,903.8,117389.60,120023.96
2017-05-19 08:47,2017-05-22 00:36,941,1.30080,up,sl,sl,none,-41.4,862.4,119402.84,118781.71
2017-05-22 01:19,2017-05-23 06:59,1774,1.29838,down,sl,sl,none,-41.4,821.0,118167.02,117552.32
2017-05-23 15:43,2017-05-26 00:19,3370,1.30076,up,sl,tp,sell,68.6,889.6,116943.99,119568.34
2017-05-29 06:06,2017-05-30 07:56,1542,1.28308,up,sl,sl,none,-41.4,848.2,118949.58,118330.81
2017-05-30 08:18,2017-05-30 21:27,783,1.28574,up,sl,sl,none,-41.4,806.8,117718.45,117106.09
2017-05-30 22:12,2017-05-31 05:42,449,1.28105,down,sl,sl,none,-41.4,765.4,116500.06,115894.04
2017-05-31 11:41,2017-06-05 13:21,4364,1.28383,up,tp,sl,buy,68.6,834.0,115294.29,117881.62
2017-06-06 10:30,2017-06-07 12:59,1564,1.29023,down,sl,sl,none,-41.4,792.6,117271.58,116661.55
2017-06-08 10:48,2017-06-08 20:54,606,1.29353,down,sl,sl,none,-41.4,751.2,116057.82,115454.10
2017-06-11 22:28,2017-06-12 09:18,647,1.27419,up,sl,sl,none,-41.4,709.8,114856.62,114259.15
2017-06-13 07:27,2017-06-14 06:17,1361,1.26808,up,tp,sl,buy,68.6,778.4,113667.86,116218.69
2017-06-14 10:10,2017-06-15 08:06,1306,1.27403,down,sl,sl,none,-41.4,737.0,115617.26,115015.83
2017-06-15 12:53,2017-06-20 07:30,3926,1.27357,up,sl,sl,none,-41.4,695.6,114420.62,113825.42
2017-06-21 11:13,2017-06-21 14:15,182,1.26864,up,sl,sl,none,-41.4,654.2,113236.37,112647.32
2017-06-22 08:56,2017-06-26 02:59,2462,1.26630,down,tp,sl,buy,68.6,722.8,112064.37,114579.23
2017-06-26 09:48,2017-06-27 17:36,1880,1.27072,down,tp,sl,buy,68.6,791.4,113986.28,116544.26
2017-06-30 09:26,2017-06-30 16:16,410,1.29821,down,sl,sl,none,-41.4,750.0,115941.14,115338.03
2017-06-30 17:33,2017-07-03 08:30,873,1.30016,up,sl,sl,none,-41.4,708.6,114741.15,114144.28
2017-07-03 08:55,2017-07-07 12:57,5940,1.29654,down,sl,tp,sell,68.6,777.2,113553.58,116101.85
2017-07-10 06:22,2017-07-11 09:38,1614,1.29065,up,sl,sl,none,-41.4,735.8,115501.02,114900.20
2017-07-11 13:55,2017-07-12 11:45,1301,1.28623,down,sl,sl,none,-41.4,694.4,114305.59,113710.98
2017-07-17 10:05,2017-07-18 02:01,946,1.30705,down,sl,sl,none,-41.4,653.0,113122.53,112534.07
2017-07-18 02:17,2017-07-18 08:30,373,1.30863,up,sl,sl,none,-41.4,611.6,111951.71,111369.34
2017-07-18 09:20,2017-07-18 16:14,414,1.30319,down,sl,sl,none,-41.4,570.2,110793.01,110216.67
2017-07-19 07:08,2017-07-20 10:24,1627,1.30387,up,sl,tp,sell,68.6,638.8,109646.30,112106.89
2017-07-21 06:09,2017-07-21 15:10,541,1.29879,up,sl,sl,none,-41.4,597.4,111526.73,110946.58
2017-07-21 15:43,2017-07-24 14:57,1380,1.29656,down,tp,sl,buy,68.6,666.0,110372.43,112849.31
2017-07-25 00:32,2017-07-26 19:03,2526,1.30164,down,tp,sl,buy,68.6,734.6,112265.32,114784.68
2017-07-27 15:03,2017-07-28 12:31,1278,1.30920,down,sl,sl,none,-41.4,693.2,114190.67,113596.66
2017-07-31 07:56,2017-07-31 20:35,759,1.31150,down,tp,sl,buy,68.6,761.8,113008.80,115544.84
2017-08-01 17:07,2017-08-02 08:06,888,1.32142,down,sl,sl,none,-41.4,720.4,114946.90,114348.95
2017-08-03 01:35,2017-08-03 11:00,565,1.32183,down,sl,sl,none,-41.4,679.0,113757.20,113165.44
2017-08-03 11:22,2017-08-03 11:38,16,1.31613,down,sl,sl,none,-41.4,637.6,112579.81,111994.18
2017-08-04 08:36,2017-08-04 13:49,313,1.31483,up,sl,tp,sell,68.6,706.2,111414.61,113914.88
2017-08-08 01:59,2017-08-08 14:29,750,1.30505,up,sl,tp,sell,68.6,774.8,113325.37,115868.52
2017-08-09 07:06,2017-08-15 07:59,5764,1.30224,up,sl,tp,sell,68.6,843.4,115268.90,117855.66
2017-08-16 09:03,2017-08-23 00:21,6621,1.28989,up,sl,tp,sell,68.6,912.0,117245.76,119876.89
2017-08-24 08:21,2017-08-27 21:05,2190,1.28004,up,tp,sl,buy,68.6,980.6,119256.53,121932.78
2017-08-29 15:15,2017-09-01 12:30,4128,1.29352,down,sl,sl,none,-41.4,939.2,121301.78,120670.77
2017-09-04 07:43,2017-09-04 16:36,533,1.29418,down,sl,sl,none,-41.4,897.8,120046.30,119421.83
2017-09-05 10:41,2017-09-06 12:26,1531,1.29640,up,tp,sl,buy,68.6,966.4,118803.82,121469.92
2017-09-06 19:50,2017-09-08 02:28,1808,1.30397,down,tp,sl,buy,68.6,1035.0,120841.31,123553.12
2017-09-11 03:57,2017-09-12 08:45,1720,1.31765,down,tp,sl,buy,68.6,1103.6,122913.74,125672.06
2017-09-13 09:53,2017-09-13 13:59,246,1.32652,down,sl,sl,none,-41.4,1062.2,125021.71,124371.35
2017-09-14 11:22,2017-09-14 16:02,280,1.33112,up,tp,sl,buy,68.6,1130.8,123727.73,126504.32
2017-09-18 08:09,2017-09-18 16:04,475,1.35626,down,sl,tp,sell,68.6,1199.4,125849.66,128673.87
2017-09-19 05:37,2017-09-20 08:30,1605,1.35440,up,sl,sl,none,-41.4,1158.0,128007.99,127342.10
2017-09-20 19:14,2017-09-21 15:17,1195,1.34713,down,tp,sl,buy,68.6,1226.6,126683.10,129526.01
2017-09-22 10:38,2017-09-22 13:46,188,1.35444,down,sl,sl,none,-41.4,1185.2,128855.72,128185.42
2017-09-25 06:04,2017-09-25 07:49,105,1.35449,up,sl,sl,none,-41.4,1143.8,127522.06,126858.70
2017-09-25 09:24,2017-09-25 16:15,411,1.35280,down,sl,tp,sell,68.6,1212.4,126202.21,129034.33
2017-09-26 07:30,2017-09-27 06:21,1361,1.34948,up,sl,tp,sell,68.6,1281.0,128366.58,131247.27
2017-09-28 11:32,2017-09-29 07:21,1163,1.34139,up,sl,sl,none,-41.4,1239.6,130568.06,129888.86
2017-09-29 20:23,2017-10-02 08:24,710,1.34037,up,sl,tp,sell,68.6,1308.2,129216.68,132116.45
2017-10-03 08:30,2017-10-04 08:39,1438,1.32635,up,sl,sl,none,-41.4,1266.8,131432.75,130749.05
2017-10-04 18:27,2017-10-05 12:31,1077,1.32467,down,sl,tp,sell,68.6,1335.4,130072.42,132991.39
2017-10-08 22:02,2017-10-09 11:10,788,1.30779,up,tp,sl,buy,68.6,1404.0,132303.16,135272.19
2017-10-11 05:50,2017-10-12 11:00,1733,1.31864,down,sl,sl,none,-41.4,1362.6,134572.16,133872.13
2017-10-12 17:25,2017-10-12 17:46,21,1.32598,up,sl,sl,none,-41.4,1321.2,133179.34,132486.55
2017-10-15 23:22,2017-10-16 12:33,790,1.32761,down,sl,sl,none,-41.4,1279.8,131800.93,131115.32
2017-10-16 12:51,2017-10-16 18:26,335,1.32605,down,sl,sl,none,-41.4,1238.4,130436.79,129758.27
2017-10-17 08:46,2017-10-17 11:50,184,1.32773,up,sl,tp,sell,68.6,1307.0,129086.77,131983.63
2017-10-18 16:50,2017-10-19 08:03,907,1.31950,up,sl,sl,none,-41.4,1265.6,131300.61,130617.60
2017-10-19 08:22,2017-10-19 13:43,321,1.31685,down,sl,sl,none,-41.4,1224.2,129941.65,129265.70
2017-10-19 15:37,2017-10-20 02:00,615,1.31951,up,sl,tp,sell,68.6,1292.8,128596.75,131482.61
2017-10-20 10:53,2017-10-24 13:24,3004,1.31737,up,sl,sl,none,-41.4,1251.4,130802.19,130121.77
2017-10-25 09:13,2017-10-25 12:07,174,1.31767,up,tp,sl,buy,68.6,1320.0,129448.39,132353.35
2017-10-26 08:06,2017-10-26 22:50,869,1.32319,down,sl,tp,sell,68.6,1388.6,131668.42,134623.21
2017-10-27 18:43,2017-10-30 16:34,1294,1.31212,up,tp,sl,buy,68.6,1457.2,133926.54,136932.00
2017-11-01 15:03,2017-11-02 01:44,628,1.32760,down,sl,sl,none,-41.4,1415.8,136223.38,135514.76
2017-11-02 02:07,2017-11-02 11:38,571,1.32879,up,sl,tp,sell,68.6,1484.4,134813.47,137838.83
2017-11-03 12:03,2017-11-03 14:37,154,1.30929,up,sl,sl,none,-41.4,1443.0,137125.52,136412.20
2017-11-03 19:16,2017-11-06 18:59,1341,1.30731,down,tp,sl,buy,68.6,1511.6,135706.27,138751.67
2017-11-07 10:05,2017-11-07 19:51,586,1.31432,down,sl,sl,none,-41.4,1470.2,138033.63,137315.59
2017-11-07 20:04,2017-11-10 12:10,3819,1.31662,up,sl,sl,none,-41.4,1428.8,136604.98,135894.37
2017-11-12 23:52,2017-11-14 17:01,2458,1.31228,down,sl,sl,none,-41.4,1387.4,135191.12,134487.87
2017-11-16 07:37,2017-11-17 01:36,1071,1.31496,down,tp,sl,buy,68.6,1456.0,133791.89,136794.33
2017-11-17 12:26,2017-11-20 07:07,1112,1.32029,down,sl,sl,none,-41.4,1414.6,136086.42,135378.51
2017-11-20 07:28,2017-11-22 19:32,3585,1.32283,up,tp,sl,buy,68.6,1483.2,134677.93,137700.25
2017-11-23 15:07,2017-11-24 08:35,1015,1.33068,down,sl,sl,none,-41.4,1441.8,136987.66,136275.06
2017-11-24 08:48,2017-11-28 08:51,2854,1.33228,up,sl,sl,none,-41.4,1400.4,135569.83,134864.61
2017-11-28 19:13,2017-11-29 16:27,1261,1.33532,up,tp,sl,buy,68.6,1469.0,134166.69,137177.54
2017-12-01 09:56,2017-12-01 16:09,373,1.34936,down,sl,sl,none,-41.4,1427.6,136467.64,135757.75
2017-12-04 12:21,2017-12-04 15:52,211,1.35306,up,sl,tp,sell,68.6,1496.2,135055.20,138086.00
2017-12-04 17:14,2017-12-05 06:45,798,1.34589,down,sl,sl,none,-41.4,1454.8,137371.40,136656.81
2017-12-05 17:35,2017-12-06 11:17,1053,1.34481,up,sl,tp,sell,68.6,1523.4,135949.61,139000.47
2017-12-07 10:11,2017-12-07 11:53,102,1.33847,up,sl,sl,none,-41.4,1482.0,138281.14,137561.82
2017-12-07 12:23,2017-12-07 16:50,267,1.33410,down,tp,sl,buy,68.6,1550.6,136849.93,139921.00
2017-12-08 12:32,2017-12-11 10:14,1290,1.34326,down,sl,tp,sell,68.6,1619.2,139196.91,142320.65
2017-12-12 09:36,2017-12-13 19:53,2047,1.33740,up,sl,sl,none,-41.4,1577.8,141584.14,140847.63
2017-12-14 15:28,2017-12-15 12:11,1237,1.33995,down,sl,sl,none,-41.4,1536.4,140118.74,139389.85
2017-12-18 08:14,2017-12-19 16:15,1912,1.33525,up,sl,sl,none,-41.4,1495.0,138668.51,137947.17
2017-12-19 19:30,2017-12-21 01:06,1739,1.33819,up,sl,sl,none,-41.4,1453.6,137233.29,136519.42
2017-12-21 18:12,2017-12-22 21:15,1605,1.33731,up,sl,sl,none,-41.4,1412.2,135812.93,135106.44
2017-12-26 17:32,2017-12-29 07:05,3637,1.33794,up,tp,sl,buy,68.6,1480.8,134407.26,137423.52
2018-01-03 11:03,2018-01-10 10:28,7099,1.35736,down,sl,tp,sell,68.6,1549.4,136712.35,139780.33
2018-01-10 11:56,2018-01-11 11:58,1429,1.35507,up,sl,tp,sell,68.6,1618.0,139056.97,142177.56
2018-01-11 14:33,2018-01-12 09:31,1129,1.35263,up,tp,sl,buy,68.6,1686.6,141441.79,144615.91
2018-01-16 07:33,2018-01-16 19:18,705,1.37781,down,sl,sl,none,-41.4,1645.2,143867.52,143119.13
2018-01-17 06:01,2018-01-17 18:05,724,1.37753,down,tp,sl,buy,68.6,1713.8,142378.49,145573.63
2018-01-18 04:23,2018-01-18 16:23,720,1.38131,down,tp,sl,buy,68.6,1782.4,144820.28,148070.21
2018-01-19 12:17,2018-01-22 08:10,1181,1.38759,down,sl,sl,none,-41.4,1741.0,147303.95,146537.69
2018-01-22 08:20,2018-01-22 19:44,684,1.38959,up,tp,sl,buy,68.6,1809.6,145779.35,149050.81
2018-01-23 09:17,2018-01-23 13:35,258,1.39450,down,sl,sl,none,-41.4,1768.2,148279.47,147508.13
2018-01-23 15:16,2018-01-23 16:24,68,1.39885,up,sl,sl,none,-41.4,1726.8,146744.78,145981.42
2018-01-25 19:06,2018-01-25 19:23,17,1.41859,down,sl,sl,none,-41.4,1685.4,145225.97,144470.51
2018-01-26 07:52,2018-01-26 09:30,98,1.42526,up,sl,sl,none,-41.4,1644.0,143722.88,142975.25
2018-01-26 15:37,2018-01-26 16:38,61,1.41732,down,sl,sl,none,-41.4,1602.6,142235.35,141495.45
2018-01-30 10:55,2018-01-31 03:37,996,1.40887,up,tp,sl,buy,68.6,1671.2,140763.21,143922.10
2018-01-31 11:10,2018-02-01 08:14,1257,1.41497,down,tp,sl,buy,68.6,1739.8,143177.30,146390.36
2018-02-01 08:22,2018-02-01 11:56,214,1.42372,up,sl,sl,none,-41.4,1698.4,145632.79,144875.22
2018-02-02 09:00,2018-02-02 14:08,308,1.42267,down,sl,tp,sell,68.6,1767.0,144125.49,147359.83
2018-02-06 18:18,2018-02-07 07:12,769,1.39637,up,sl,sl,none,-41.4,1725.6,146597.24,145834.66
2018-02-07 09:32,2018-02-08 12:00,1565,1.39341,down,sl,sl,none,-41.4,1684.2,145079.96,144325.27
2018-02-08 12:02,2018-02-08 12:12,10,1.39880,up,sl,sl,none,-41.4,1642.8,143578.39,142831.50
2018-02-08 21:29,2018-02-09 11:10,815,1.39048,down,sl,sl,none,-41.4,1601.4,142092.35,141353.20
2018-02-12 04:55,2018-02-13 09:25,1691,1.38664,up,sl,sl,none,-41.4,1560.0,140621.69,139890.19
2018-02-14 09:21,2018-02-14 15:09,348,1.38793,down,sl,sl,none,-41.4,1518.6,139166.26,138442.33
2018-02-14 16:09,2018-02-15 07:24,907,1.39482,up,tp,sl,buy,68.6,1587.2,137725.89,140816.61
2018-02-16 11:12,2018-02-19 13:50,1590,1.40652,down,sl,tp,sell,68.6,1655.8,140087.89,143231.62
2018-02-20 11:29,2018-02-21 08:29,1252,1.39721,up,sl,sl,none,-41.4,1614.4,142490.39,141749.17
2018-02-21 19:40,2018-02-22 06:54,668,1.39705,up,sl,tp,sell,68.6,1683.0,141015.62,144180.17
2018-02-22 14:55,2018-02-23 11:06,1205,1.39420,up,sl,sl,none,-41.4,1641.6,143434.04,142687.90
2018-02-26 14:58,2018-02-27 07:38,989,1.39646,down,sl,sl,none,-41.4,1600.2,141949.49,141211.08
2018-03-01 20:45,2018-03-05 16:09,2588,1.37737,up,tp,sl,buy,68.6,1668.8,140480.32,143632.85
2018-03-06 08:06,2018-03-06 12:49,283,1.38232,down,tp,sl,buy,68.6,1737.4,142889.55,146096.16
2018-03-07 08:33,2018-03-07 14:40,367,1.38785,down,sl,sl,none,-41.4,1696.0,145340.11,144584.06
2018-03-07 16:08,2018-03-08 19:13,1615,1.38938,up,sl,tp,sell,68.6,1764.6,143835.84,147063.68
2018-03-09 12:39,2018-03-12 18:35,1788,1.38240,up,tp,sl,buy,68.6,1833.2,146302.63,149585.82
2018-03-13 06:50,2018-03-13 14:01,431,1.38830,down,tp,sl,buy,68.6,1901.8,148811.72,152151.22
2018-03-14 08:53,2018-03-15 09:44,1474,1.39433,down,sl,sl,none,-41.4,1860.4,151363.84,150576.45
2018-03-15 09:49,2018-03-16 14:46,1720,1.39294,down,sl,sl,none,-41.4,1819.0,149797.22,149017.99
2018-03-16 19:55,2018-03-19 09:20,738,1.39434,up,sl,sl,none,-41.4,1777.6,148246.82,147475.65
2018-03-19 09:32,2018-03-19 12:04,152,1.39713,up,tp,sl,buy,68.6,1846.2,146712.46,150004.86
2018-03-20 11:04,2018-03-21 08:21,1256,1.40132,down,sl,sl,none,-41.4,1804.8,149228.58,148452.31
2018-03-22 14:03,2018-03-23 12:19,1325,1.41158,down,sl,sl,none,-41.4,1763.4,147684.07,146915.83
2018-03-23 12:29,2018-03-26 10:54,1331,1.41378,up,tp,sl,buy,68.6,1832.0,146155.54,149435.43
2018-03-27 07:53,2018-03-27 11:02,189,1.41937,down,sl,tp,sell,68.6,1900.6,148662.10,151998.25
2018-03-28 00:31,2018-03-28 07:13,402,1.41778,up,sl,sl,none,-41.4,1859.2,151211.66,150425.07
2018-03-28 10:47,2018-03-29 00:39,824,1.41516,down,sl,tp,sell,68.6,1927.8,149646.62,153004.86
2018-03-30 07:49,2018-04-02 08:00,1416,1.40474,up,sl,sl,none,-41.4,1886.4,152213.06,151421.26
2018-04-02 16:18,2018-04-05 12:23,4034,1.40316,down,sl,sl,none,-41.4,1845.0,150637.65,149854.05
2018-04-06 10:18,2018-04-09 06:11,1172,1.40180,up,tp,sl,buy,68.6,1913.6,149078.55,152424.05
2018-04-11 12:50,2018-04-11 18:11,321,1.41826,down,sl,sl,none,-41.4,1872.2,151635.25,150846.46
2018-04-11 18:20,2018-04-12 09:04,864,1.41674,down,sl,sl,none,-41.4,1830.8,150065.83,149285.20
2018-04-12 11:43,2018-04-12 14:41,178,1.42131,up,sl,sl,none,-41.4,1789.4,148512.65,147740.09
2018-04-13 18:49,2018-04-16 13:27,1091,1.42379,down,tp,sl,buy,68.6,1858.0,146975.54,150273.84
2018-04-17 10:16,2018-04-17 16:01,345,1.43085,down,sl,sl,none,-41.4,1816.6,149496.17,148718.50
2018-04-19 11:30,2018-04-19 17:16,346,1.42388,up,sl,tp,sell,68.6,1885.2,147948.88,151269.02
2018-04-24 10:17,2018-04-25 14:27,1674,1.39497,up,sl,sl,none,-41.4,1843.8,150486.21,149703.39
2018-04-26 04:09,2018-04-26 10:53,402,1.39469,up,sl,sl,none,-41.4,1802.4,148928.68,148153.96
2018-04-26 11:01,2018-04-26 14:31,210,1.39621,up,sl,sl,none,-41.4,1761.0,147387.26,146620.57
2018-04-26 15:52,2018-04-27 08:30,991,1.39250,down,sl,tp,sell,68.6,1829.6,145861.81,149135.11
2018-04-30 18:29,2018-05-01 09:02,861,1.37626,up,sl,tp,sell,68.6,1898.2,148363.34,151692.78
2018-05-02 08:43,2018-05-02 13:45,302,1.36428,up,sl,sl,none,-41.4,1856.8,150907.77,150122.76
2018-05-02 15:05,2018-05-02 19:26,261,1.36004,down,sl,sl,none,-41.4,1815.4,149345.87,148568.99
2018-05-03 08:27,2018-05-04 13:05,1695,1.36253,up,sl,tp,sell,68.6,1884.0,147800.14,151116.94
2018-05-07 02:45,2018-05-08 00:54,1317,1.35559,up,sl,sl,none,-41.4,1842.6,150334.91,149552.88
2018-05-08 05:12,2018-05-08 07:46,154,1.35470,down,sl,sl,none,-41.4,1801.2,148778.95,148005.01
2018-05-08 08:25,2018-05-08 16:06,461,1.35096,down,sl,sl,none,-41.4,1759.8,147239.09,146473.16
2018-05-08 17:45,2018-05-09 10:59,1025,1.35450,up,sl,sl,none,-41.4,1718.4,145715.16,144957.16
2018-05-09 20:42,2018-05-10 08:02,671,1.35504,down,sl,sl,none,-41.4,1677.0,144207.01,143456.86
2018-05-10 08:09,2018-05-10 11:04,175,1.35391,down,sl,sl,none,-41.4,1635.6,142714.47,141972.08
2018-05-10 12:05,2018-05-10 13:57,112,1.35170,down,sl,sl,none,-41.4,1594.2,141237.37,140502.67
2018-05-11 05:28,2018-05-11 09:44,256,1.35288,up,sl,sl,none,-41.4,1552.8,139775.56,139048.46
2018-05-14 18:42,2018-05-15 13:17,1104,1.35629,down,sl,tp,sell,68.6,1621.4,138328.89,141433.14
2018-05-16 18:14,2018-05-17 10:24,963,1.34984,up,sl,sl,none,-41.4,1580.0,140701.23,139969.31
2018-05-17 10:37,2018-05-18 13:26,1601,1.34783,down,sl,sl,none,-41.4,1538.6,139244.97,138520.63
2018-05-21 22:13,2018-05-23 02:53,1705,1.34294,up,sl,sl,none,-41.4,1497.2,137803.79,137086.94
2018-05-24 03:42,2018-05-25 07:10,1629,1.33636,up,sl,sl,none,-41.4,1455.8,136377.52,135668.09
2018-05-28 05:04,2018-05-29 07:52,1591,1.33388,up,sl,tp,sell,68.6,1524.4,134966.01,137994.80
2018-05-30 06:25,2018-06-01 15:32,3406,1.32654,up,tp,sl,buy,68.6,1593.0,137280.68,140361.41
2018-06-04 14:56,2018-06-05 08:30,1027,1.33377,down,sl,sl,none,-41.4,1551.6,139635.04,138908.67
2018-06-05 08:53,2018-06-05 17:44,531,1.33776,up,sl,sl,none,-41.4,1510.2,138189.82,137470.96
2018-06-06 17:59,2018-06-07 11:40,1055,1.34055,down,sl,sl,none,-41.4,1468.8,136759.55,136048.14
2018-06-07 12:12,2018-06-07 13:10,58,1.34177,down,sl,sl,none,-41.4,1427.4,135344.09,134640.04
2018-06-07 16:33,2018-06-13 08:04,5164,1.34308,up,sl,tp,sell,68.6,1496.0,133943.28,136949.12
2018-06-13 15:37,2018-06-14 04:41,754,1.33723,up,sl,sl,none,-41.4,1454.6,136240.41,135531.69
2018-06-14 13:15,2018-06-14 16:33,198,1.33208,down,sl,sl,none,-41.4,1413.2,134830.32,134128.94
2018-06-15 11:45,2018-06-19 08:24,2646,1.32791,up,sl,tp,sell,68.6,1481.8,133434.82,136429.25
2018-06-20 12:04,2018-06-21 04:41,989,1.31753,up,sl,sl,none,-41.4,1440.4,135723.23,135017.21
2018-06-21 12:09,2018-06-22 08:42,1211,1.32117,up,tp,sl,buy,68.6,1509.0,134318.50,137332.76
2018-06-22 16:01,2018-06-25 11:49,1171,1.32579,down,sl,sl,none,-41.4,1467.6,136622.06,135911.36
2018-06-25 12:22,2018-06-26 17:47,1757,1.32842,up,sl,tp,sell,68.6,1536.2,135208.02,138242.24
2018-06-29 03:22,2018-06-29 14:55,693,1.31025,up,tp,sl,buy,68.6,1604.8,137526.84,140613.10
2018-07-02 06:26,2018-07-03 08:18,1534,1.31714,down,sl,sl,none,-41.4,1563.4,139885.42,139157.75
2018-07-05 14:42,2018-07-06 08:11,1041,1.32276,down,sl,sl,none,-41.4,1522.0,138437.61,137717.47
2018-07-09 15:04,2018-07-10 07:56,1001,1.32671,down,sl,sl,none,-41.4,1480.6,137004.78,136292.09
2018-07-10 13:11,2018-07-12 11:03,2731,1.32778,up,sl,tp,sell,68.6,1549.2,135586.78,138629.50
2018-07-12 13:31,2018-07-13 07:21,1060,1.32228,up,sl,tp,sell,68.6,1617.8,137912.09,141007.00
2018-07-13 15:08,2018-07-16 11:02,1177,1.31987,up,tp,sl,buy,68.6,1686.4,140277.29,143425.27
2018-07-16 16:15,2018-07-17 11:15,1130,1.32346,down,sl,sl,none,-41.4,1645.0,142683.04,141940.82
2018-07-17 11:26,2018-07-17 17:34,368,1.32018,down,sl,tp,sell,68.6,1713.6,141206.27,144375.10
2018-07-18 22:32,2018-07-19 08:32,599,1.30738,up,sl,tp,sell,68.6,1782.2,143627.96,146851.13
2018-07-20 03:57,2018-07-20 10:38,401,1.30216,up,sl,sl,none,-41.4,1740.8,146091.18,145331.22
2018-07-23 13:49,2018-07-24 10:59,1258,1.31168,down,sl,sl,none,-41.4,1699.4,144579.14,143827.05
2018-07-25 15:35,2018-07-26 15:49,1447,1.31410,down,sl,sl,none,-41.4,1658.0,143082.74,142338.44
2018-07-27 14:29,2018-07-30 07:53,1025,1.31176,up,sl,sl,none,-41.4,1616.6,141601.83,140865.23
2018-07-31 02:29,2018-07-31 14:52,740,1.31195,down,sl,sl,none,-41.4,1575.2,140136.26,139407.28
2018-08-01 11:24,2018-08-02 11:47,1451,1.31337,up,sl,tp,sell,68.6,1643.8,138685.85,141798.11
2018-08-03 12:37,2018-08-06 11:27,1357,1.30195,up,sl,tp,sell,68.6,1712.4,141064.31,144229.95
2018-08-07 06:24,2018-08-08 10:44,1691,1.29581,up,sl,tp,sell,68.6,1781.0,143483.56,146703.49
2018-08-09 10:24,2018-08-10 05:09,1119,1.29079,up,sl,tp,sell,68.6,1849.6,145944.30,149219.46
2018-08-13 12:46,2018-08-13 16:22,216,1.27675,up,sl,sl,none,-41.4,1808.2,148447.25,147675.04
2018-08-13 17:01,2018-08-14 16:04,1368,1.27448,down,sl,sl,none,-41.4,1766.8,146910.82,146146.60
2018-08-16 02:19,2018-08-16 13:45,686,1.27140,up,sl,sl,none,-41.4,1725.4,145390.29,144633.98
2018-08-16 18:03,2018-08-20 18:38,2879,1.27008,down,tp,sl,buy,68.6,1794.0,143885.50,147114.46
2018-08-22 09:18,2018-08-23 02:42,1033,1.28916,down,sl,sl,none,-41.4,1752.6,146353.14,145591.82
2018-08-24 08:24,2018-08-24 10:11,107,1.28330,up,sl,sl,none,-41.4,1711.2,144838.38,144084.95
2018-08-24 10:22,2018-08-26 21:05,638,1.28536,up,sl,sl,none,-41.4,1669.8,143339.31,142593.67
2018-08-27 06:51,2018-08-28 12:53,1787,1.28387,down,tp,sl,buy,68.6,1738.4,141855.75,145039.15
2018-08-28 15:47,2018-08-29 13:57,1320,1.28930,down,sl,sl,none,-41.4,1697.0,144288.57,143537.99
2018-08-30 13:43,2018-08-31 11:33,1301,1.30064,down,sl,sl,none,-41.4,1655.6,142795.18,142052.38
2018-09-04 18:13,2018-09-05 13:05,1117,1.28580,up,sl,sl,none,-41.4,1614.2,141317.25,140582.13
2018-09-05 13:28,2018-09-05 15:23,115,1.29650,up,sl,tp,sell,68.6,1682.8,139854.62,142993.12
2018-09-06 23:40,2018-09-07 10:47,667,1.29257,down,tp,sl,buy,68.6,1751.4,142253.13,145445.45
2018-09-07 16:47,2018-09-10 07:51,879,1.29229,down,sl,sl,none,-41.4,1710.0,144692.77,143940.09
2018-09-10 09:21,2018-09-10 12:53,212,1.29484,up,sl,sl,none,-41.4,1668.6,143195.20,142450.31
2018-09-11 11:41,2018-09-11 12:15,34,1.30203,down,sl,sl,none,-41.4,1627.2,141713.13,140975.95
2018-09-12 08:22,2018-09-12 16:51,509,1.30372,up,sl,sl,none,-41.4,1585.8,140246.40,139516.85
2018-09-14 12:41,2018-09-17 11:24,1334,1.30973,down,sl,sl,none,-41.4,1544.4,138794.85,138072.85
2018-09-18 08:36,2018-09-18 13:02,266,1.31420,down,sl,sl,none,-41.4,1503.0,137358.32,136643.79
2018-09-18 13:52,2018-09-19 08:30,1107,1.31650,up,sl,sl,none,-41.4,1461.6,135936.66,135229.53
2018-09-19 12:30,2018-09-20 10:31,1312,1.31384,down,tp,sl,buy,68.6,1530.2,134529.72,137548.72
2018-09-21 07:26,2018-09-21 13:03,337,1.32295,down,sl,tp,sell,68.6,1598.8,136836.90,139907.68
2018-09-24 08:44,2018-09-26 18:03,3412,1.31109,up,tp,sl,buy,68.6,1667.4,139183.66,142307.09
2018-09-26 20:36,2018-09-27 19:13,1345,1.31687,down,sl,tp,sell,68.6,1736.0,141570.65,144747.66
2018-10-01 08:19,2018-10-01 12:41,262,1.30422,up,sl,sl,none,-41.4,1694.6,143998.59,143249.52
2018-10-01 12:48,2018-10-02 07:08,1089,1.30891,up,sl,tp,sell,68.6,1763.2,142508.21,145706.25
2018-10-03 03:05,2018-10-03 14:25,680,1.29971,up,sl,sl,none,-41.4,1721.8,144952.22,144198.19
2018-10-03 17:33,2018-10-04 12:42,1143,1.29886,down,sl,sl,none,-41.4,1680.4,143451.97,142705.74
2018-10-08 07:36,2018-10-08 17:59,623,1.30755,down,sl,sl,none,-41.4,1639.0,141967.24,141228.74
2018-10-08 19:24,2018-10-09 15:24,1190,1.30920,up,sl,sl,none,-41.4,1597.6,140497.88,139767.02
2018-10-09 15:29,2018-10-10 14:41,1373,1.31097,up,tp,sl,buy,68.6,1666.2,139043.72,142164.02
2018-10-11 08:34,2018-10-12 12:34,1673,1.31913,down,sl,sl,none,-41.4,1624.8,141428.32,140692.63
2018-10-15 10:23,2018-10-15 14:19,236,1.31495,up,sl,sl,none,-41.4,1583.4,139964.54,139236.46
2018-10-16 04:23,2018-10-16 13:13,530,1.31454,down,tp,sl,buy,68.6,1652.0,138515.91,141624.36
2018-10-17 02:20,2018-10-17 21:05,1120,1.31802,down,sl,tp,sell,68.6,1720.6,140891.46,144053.22
2018-10-18 10:07,2018-10-18 17:15,428,1.31259,up,sl,tp,sell,68.6,1789.2,143307.74,146523.73
2018-10-19 13:55,2018-10-19 16:45,170,1.30553,up,sl,sl,none,-41.4,1747.8,145765.47,145007.21
2018-10-22 09:42,2018-10-23 06:05,1216,1.30340,down,sl,tp,sell,68.6,1816.4,144256.80,147494.09
2018-10-23 08:36,2018-10-23 11:49,193,1.29997,up,sl,sl,none,-41.4,1775.0,146730.80,145967.52
2018-10-24 01:36,2018-10-24 12:05,629,1.29806,down,sl,tp,sell,68.6,1843.6,145212.14,148470.86
2018-10-25 07:20,2018-10-25 14:49,449,1.29084,up,sl,tp,sell,68.6,1912.2,147702.53,151017.14
2018-10-26 15:34,2018-10-29 11:07,1101,1.28277,up,sl,sl,none,-41.4,1870.8,150235.63,149454.11
2018-10-29 13:25,2018-10-30 16:38,1615,1.28137,down,sl,tp,sell,68.6,1939.4,148680.69,152017.25
2018-10-31 08:44,2018-11-01 00:40,947,1.27481,up,tp,sl,buy,68.6,2008.0,151230.56,154624.35
2018-11-02 13:55,2018-11-04 23:16,492,1.29934,down,sl,sl,none,-41.4,1966.6,153824.17,153023.98
2018-11-04 23:29,2018-11-05 14:56,925,1.30092,up,sl,sl,none,-41.4,1925.2,152232.09,151440.19
2018-11-06 11:34,2018-11-07 00:42,774,1.30373,down,tp,sl,buy,68.6,1993.8,150656.48,154037.39
2018-11-07 22:27,2018-11-08 08:43,614,1.31283,down,sl,sl,none,-41.4,1952.4,153240.24,152443.10
2018-11-13 04:09,2018-11-13 08:37,268,1.28851,up,sl,sl,none,-41.4,1911.0,151654.21,150865.31
2018-11-14 09:32,2018-11-14 13:36,244,1.29628,down,sl,sl,none,-41.4,1869.6,150084.58,149303.86
2018-11-14 16:14,2018-11-14 17:29,75,1.30118,up,sl,sl,none,-41.4,1828.2,148531.21,147758.56
2018-11-14 18:30,2018-11-14 19:12,42,1.29024,down,tp,sl,buy,68.6,1896.8,146993.91,150292.62
2018-11-14 20:30,2018-11-15 08:39,721,1.30464,up,sl,tp,sell,68.6,1965.4,149514.86,152870.14
2018-11-15 09:01,2018-11-15 09:49,48,1.28792,down,sl,tp,sell,68.6,2034.0,152079.04,155491.86
2018-11-16 07:23,2018-11-16 09:02,99,1.27989,up,sl,sl,none,-41.4,1992.6,154687.19,153882.52
2018-11-19 05:58,2018-11-19 11:56,358,1.28244,down,sl,sl,none,-41.4,1951.2,153086.18,152289.84
2018-11-19 12:55,2018-11-20 17:47,1722,1.28210,down,sl,sl,none,-41.4,1909.8,151501.74,150713.64
2018-11-21 08:43,2018-11-22 10:12,1509,1.28163,up,sl,sl,none,-41.4,1868.4,149933.69,149153.75
2018-11-23 08:36,2018-11-26 11:59,1616,1.28372,down,sl,sl,none,-41.4,1827.0,148381.88,147610.01
2018-11-26 17:18,2018-11-27 16:49,1400,1.28178,down,sl,tp,sell,68.6,1895.6,146846.13,150141.52
2018-11-28 06:39,2018-11-28 10:25,226,1.27534,up,sl,sl,none,-41.4,1854.2,149364.54,148587.56
2018-11-29 09:27,2018-11-30 10:01,1462,1.27738,down,sl,sl,none,-41.4,1812.8,147818.62,147049.68
2018-11-30 10:38,2018-12-03 10:45,1440,1.27520,down,sl,sl,none,-41.4,1771.4,146288.69,145527.71
2018-12-03 11:05,2018-12-04 09:08,1302,1.27091,down,tp,sl,buy,68.6,1840.0,144774.61,148023.51
2018-12-04 16:00,2018-12-04 17:03,63,1.27284,down,sl,sl,none,-41.4,1798.6,147257.49,146491.47
2018-12-05 10:16,2018-12-05 14:48,272,1.27407,up,sl,sl,none,-41.4,1757.2,145733.38,144975.28
2018-12-06 00:51,2018-12-06 09:37,526,1.27239,down,sl,sl,none,-41.4,1715.8,144225.03,143474.79
2018-12-06 11:27,2018-12-07 17:26,1792,1.27418,up,sl,sl,none,-41.4,1674.4,142732.31,141989.82
2018-12-10 03:42,2018-12-10 11:48,486,1.27479,up,sl,tp,sell,68.6,1743.0,141255.03,144424.95
2018-12-11 09:25,2018-12-11 15:59,394,1.26240,up,sl,tp,sell,68.6,1811.6,143677.55,146901.84
2018-12-12 10:17,2018-12-12 14:02,225,1.25321,up,tp,sl,buy,68.6,1880.2,146141.62,149421.20
2018-12-13 16:03,2018-12-14 08:20,971,1.26164,down,sl,sl,none,-41.4,1838.8,148647.95,147874.69
2018-12-17 04:27,2018-12-18 11:15,1839,1.25814,up,tp,sl,buy,68.6,1907.4,147109.44,150410.75
2018-12-18 19:54,2018-12-19 13:17,1036,1.26413,down,sl,sl,none,-41.4,1866.0,149632.37,148853.99
2018-12-19 15:41,2018-12-20 09:13,1036,1.26597,up,sl,sl,none,-41.4,1824.6,148083.67,147313.36
2018-12-20 16:26,2018-12-21 18:12,1538,1.26412,down,sl,sl,none,-41.4,1783.2,146551.01,145788.66
2018-12-24 01:53,2018-12-24 10:44,528,1.26582,up,sl,sl,none,-41.4,1741.8,145034.21,144279.75
2018-12-24 11:10,2018-12-26 22:09,1545,1.26490,down,sl,sl,none,-41.4,1700.4,143533.10,142786.45
2018-12-27 16:25,2018-12-28 03:13,634,1.26497,up,sl,sl,none,-41.4,1659.0,142047.53,141308.61
2018-12-28 09:50,2018-12-31 07:59,1322,1.26444,down,tp,sl,buy,68.6,1727.6,140577.34,143732.06
2019-01-02 09:14,2019-01-02 13:29,255,1.27172,down,sl,tp,sell,68.6,1796.2,142988.24,146197.06
2019-01-03 14:07,2019-01-04 09:02,1124,1.25862,up,tp,sl,buy,68.6,1864.8,145440.49,148704.34
2019-01-04 15:07,2019-01-04 15:58,51,1.26249,down,tp,sl,buy,68.6,1933.4,147934.80,151254.62
2019-01-08 05:08,2019-01-08 12:50,461,1.27612,down,sl,sl,none,-41.4,1892.0,150471.88,149689.14
2019-01-09 06:28,2019-01-09 10:32,243,1.27414,up,sl,sl,none,-41.4,1850.6,148914.49,148139.85
2019-01-09 11:38,2019-01-11 10:53,2819,1.27260,down,tp,sl,buy,68.6,1919.2,147373.23,150680.45
2019-01-11 11:06,2019-01-11 11:53,47,1.28141,up,sl,sl,none,-41.4,1877.8,149900.68,149120.91
2019-01-14 09:12,2019-01-14 15:55,403,1.28256,down,tp,sl,buy,68.6,1946.4,148349.21,151678.33
2019-01-15 09:32,2019-01-15 16:23,411,1.28570,down,sl,tp,sell,68.6,2015.0,150893.40,154279.62
2019-01-15 21:38,2019-01-16 08:02,618,1.28703,up,sl,sl,none,-41.4,1973.6,153481.22,152682.82
2019-01-16 19:13,2019-01-17 08:19,778,1.28568,down,sl,sl,none,-41.4,1932.2,151892.69,151102.55
2019-01-17 10:20,2019-01-17 18:02,462,1.28753,up,tp,sl,buy,68.6,2000.8,150320.60,153693.96
2019-01-18 09:28,2019-01-18 14:35,307,1.29303,down,sl,sl,none,-41.4,1959.4,152898.60,152103.23
2019-01-21 16:08,2019-01-22 09:41,1037,1.28943,up,sl,sl,none,-41.4,1918.0,151316.10,150528.96
2019-01-22 09:43,2019-01-22 14:53,310,1.29143,up,sl,sl,none,-41.4,1876.6,149749.97,148970.99
2019-01-24 08:40,2019-01-24 23:44,899,1.30601,down,sl,sl,none,-41.4,1835.2,148200.06,147429.14
2019-01-28 09:45,2019-01-29 07:42,1306,1.31543,down,sl,sl,none,-41.4,1793.8,146666.19,145903.25
2019-01-29 09:46,2019-01-29 13:44,238,1.31708,up,sl,sl,none,-41.4,1752.4,145148.20,144393.15
2019-01-29 17:10,2019-01-29 19:54,164,1.31431,down,sl,sl,none,-41.4,1711.0,143645.91,142898.68
2019-01-30 19:52,2019-01-31 22:05,1560,1.31166,up,sl,sl,none,-41.4,1669.6,142159.18,141419.68
2019-02-04 08:27,2019-02-04 15:17,410,1.30825,up,sl,sl,none,-41.4,1628.2,140687.83,139955.98
2019-02-04 16:37,2019-02-05 14:10,1273,1.30572,up,sl,tp,sell,68.6,1696.8,139231.71,142356.23
2019-02-06 10:17,2019-02-06 18:26,489,1.29549,up,sl,sl,none,-41.4,1655.4,141619.54,140882.84
2019-02-07 14:25,2019-02-11 13:53,2815,1.29830,up,sl,tp,sell,68.6,1724.0,140153.77,143298.98
2019-02-12 13:39,2019-02-13 17:22,1649,1.28760,up,sl,sl,none,-41.4,1682.6,142557.41,141815.84
2019-02-15 08:07,2019-02-15 14:27,380,1.28112,up,sl,sl,none,-41.4,1641.2,141081.94,140348.04
2019-02-19 01:25,2019-02-19 14:58,813,1.29039,down,tp,sl,buy,68.6,1709.8,139621.74,142755.01
2019-02-20 11:24,2019-02-22 12:19,2897,1.30241,down,sl,sl,none,-41.4,1668.4,142016.26,141277.50
2019-02-22 16:05,2019-02-26 03:02,2064,1.30571,up,tp,sl,buy,68.6,1737.0,140546.39,143700.41
2019-02-28 05:30,2019-03-01 17:39,2158,1.33019,down,sl,tp,sell,68.6,1805.6,142956.76,146164.87
2019-03-04 03:20,2019-03-04 10:57,457,1.32338,up,sl,sl,none,-41.4,1764.2,145408.47,144652.06
2019-03-04 11:38,2019-03-05 12:50,1503,1.32046,down,sl,tp,sell,68.6,1832.8,143903.49,147132.85
2019-03-05 19:26,2019-03-07 18:23,2787,1.31768,up,sl,tp,sell,68.6,1901.4,146371.43,149656.17
2019-03-11 12:21,2019-03-11 16:53,272,1.30241,up,tp,sl,buy,68.6,1970.0,148881.70,152222.78
2019-03-12 11:24,2019-03-12 13:30,126,1.30153,down,tp,sl,buy,68.6,2038.6,151435.02,154833.40
2019-03-13 07:53,2019-03-13 15:52,479,1.31322,up,tp,sl,buy,68.6,2107.2,154032.14,157488.79
2019-03-14 11:21,2019-03-14 12:22,61,1.32363,down,sl,sl,none,-41.4,2065.8,156673.79,155858.78
2019-03-14 16:30,2019-03-15 15:49,1384,1.32732,up,sl,sl,none,-41.4,2024.4,155052.21,154245.64
2019-03-18 09:07,2019-03-18 11:23,136,1.32532,down,sl,sl,none,-41.4,1983.0,153447.42,152649.20
2019-03-19 00:59,2019-03-19 14:21,799,1.32629,up,sl,sl,none,-41.4,1941.6,151859.24,151069.28
2019-03-19 15:13,2019-03-20 07:33,959,1.32638,down,sl,sl,none,-41.4,1900.2,150287.50,149505.72
2019-03-21 02:14,2019-03-21 10:29,493,1.32263,up,sl,tp,sell,68.6,1968.8,148732.02,152069.74
2019-03-22 03:30,2019-03-22 11:01,450,1.31384,up,sl,sl,none,-41.4,1927.4,151282.78,150495.82
2019-03-22 11:11,2019-03-25 12:29,1452,1.31508,up,tp,sl,buy,68.6,1996.0,149717.00,153076.82
2019-03-25 12:45,2019-03-26 10:32,1294,1.32291,up,sl,sl,none,-41.4,1954.6,152284.65,151492.47
2019-03-26 10:49,2019-03-26 14:14,205,1.32296,up,sl,sl,none,-41.4,1913.2,150708.50,149924.53
2019-03-26 20:59,2019-03-27 11:25,849,1.32037,down,sl,sl,none,-41.4,1871.8,149148.67,148372.81
2019-03-27 11:26,2019-03-27 14:39,193,1.32229,up,sl,sl,none,-41.4,1830.4,147604.98,146837.15
2019-03-27 22:19,2019-03-28 08:09,589,1.31619,down,sl,sl,none,-41.4,1789.0,146077.27,145317.39
2019-03-29 11:57,2019-03-29 13:20,83,1.31007,up,sl,sl,none,-41.4,1747.6,144565.37,143813.35
2019-03-29 14:56,2019-04-01 08:30,1021,1.30010,down,tp,sl,buy,68.6,1816.2,143069.12,146279.75
2019-04-01 22:16,2019-04-02 06:26,485,1.30617,down,sl,sl,none,-41.4,1774.8,145522.75,144765.75
2019-04-02 17:45,2019-04-04 14:29,2644,1.31190,up,sl,sl,none,-41.4,1733.4,144016.59,143267.43
2019-04-05 06:26,2019-04-05 13:40,434,1.31100,up,sl,tp,sell,68.6,1802.0,142526.02,145724.46
2019-04-08 03:46,2019-04-09 05:31,1523,1.30670,up,sl,sl,none,-41.4,1760.6,144970.34,144216.22
2019-04-09 13:21,2019-04-10 08:30,1128,1.30633,down,sl,sl,none,-41.4,1719.2,143469.90,142723.58
2019-04-11 07:51,2019-04-12 12:13,1687,1.30921,down,sl,sl,none,-41.4,1677.8,141984.98,141246.39
2019-04-12 19:49,2019-04-16 12:58,2410,1.30714,down,sl,sl,none,-41.4,1636.4,140515.44,139784.49
2019-04-17 06:41,2019-04-23 12:59,5964,1.30606,up,sl,tp,sell,68.6,1705.0,139061.10,142181.79
2019-04-23 13:40,2019-04-25 11:57,2754,1.29595,down,sl,tp,sell,68.6,1773.6,141446.00,144620.21
2019-04-25 15:21,2019-04-26 12:55,1272,1.29049,up,sl,sl,none,-41.4,1732.2,143871.80,143123.39
2019-04-29 11:56,2019-04-30 10:59,1345,1.29210,down,tp,sl,buy,68.6,1800.8,142382.73,145577.96
2019-05-01 20:11,2019-05-02 11:03,874,1.30450,down,sl,sl,none,-41.4,1759.4,144824.59,144071.23
2019-05-03 14:16,2019-05-03 15:15,59,1.30766,up,tp,sl,buy,68.6,1828.0,143325.66,146542.05
2019-05-06 09:51,2019-05-07 04:30,1091,1.31095,down,sl,sl,none,-41.4,1786.6,145783.69,145025.34
2019-05-07 09:00,2019-05-08 10:23,1501,1.30954,down,sl,tp,sell,68.6,1855.2,144274.83,147512.52
2019-05-09 06:25,2019-05-10 14:38,1926,1.30238,up,sl,sl,none,-41.4,1813.8,146749.15,145985.77
2019-05-10 19:13,2019-05-13 14:54,1155,1.30087,down,sl,sl,none,-41.4,1772.4,145230.29,144474.82
2019-05-13 15:16,2019-05-15 11:56,2648,1.29703,down,sl,tp,sell,68.6,1841.0,143727.16,146952.56
2019-05-20 08:28,2019-05-21 14:55,1797,1.27486,up,sl,sl,none,-41.4,1799.6,146192.08,145431.60
2019-05-21 18:51,2019-05-23 06:43,2107,1.27048,down,sl,tp,sell,68.6,1868.2,144678.99,147925.75
2019-05-23 15:22,2019-05-24 08:39,1004,1.26693,up,sl,sl,none,-41.4,1826.8,147160.24,146394.72
2019-05-27 09:49,2019-05-30 07:24,4119,1.27014,down,sl,tp,sell,68.6,1895.4,145637.13,148905.39
2019-05-30 10:03,2019-06-03 01:38,2330,1.26322,up,sl,sl,none,-41.4,1854.0,148134.80,147364.22
2019-06-03 12:37,2019-06-04 18:37,1792,1.26236,down,tp,sl,buy,68.6,1922.6,146601.61,149891.51
2019-06-05 16:55,2019-06-06 11:20,1066,1.26898,down,sl,sl,none,-41.4,1881.2,149115.83,148340.14
2019-06-06 11:54,2019-06-06 13:37,103,1.27217,up,sl,sl,none,-41.4,1839.8,147572.48,146804.82
2019-06-06 20:13,2019-06-10 11:04,2299,1.26894,down,sl,sl,none,-41.4,1798.4,146045.10,145285.39
2019-06-11 08:07,2019-06-13 07:00,2766,1.26940,up,sl,sl,none,-41.4,1757.0,144533.54,143781.68
2019-06-13 13:51,2019-06-14 15:40,1519,1.26901,up,sl,tp,sell,68.6,1825.6,143037.61,146247.54
2019-06-17 13:23,2019-06-19 14:10,2884,1.25926,up,sl,sl,none,-41.4,1784.2,145490.71,144733.88
2019-06-21 06:15,2019-06-21 16:04,589,1.26893,down,sl,sl,none,-41.4,1742.8,143984.88,143235.88
2019-06-21 16:28,2019-06-25 16:37,2836,1.27085,up,sl,sl,none,-41.4,1701.4,142494.64,141753.39
2019-06-26 15:54,2019-06-27 09:46,1051,1.26949,up,sl,sl,none,-41.4,1660.0,141019.82,140286.24
2019-06-27 15:06,2019-07-01 08:18,2441,1.26733,down,sl,sl,none,-41.4,1618.6,139560.26,138834.28
2019-07-04 00:13,2019-07-05 14:11,2211,1.25817,up,sl,tp,sell,68.6,1687.2,138115.81,141215.29
2019-07-08 09:06,2019-07-09 11:46,1542,1.25315,up,sl,tp,sell,68.6,1755.8,140484.50,143637.13
2019-07-10 08:47,2019-07-11 10:48,1527,1.24712,up,tp,sl,buy,68.6,1824.4,142893.81,146100.51
2019-07-11 17:41,2019-07-16 06:44,3592,1.25188,down,sl,sl,none,-41.4,1783.0,145344.44,144588.37
2019-07-17 12:54,2019-07-18 18:15,1720,1.24106,up,tp,sl,buy,68.6,1851.6,143840.12,147068.06
2019-07-19 13:18,2019-07-19 15:43,145,1.25152,down,sl,sl,none,-41.4,1810.2,146306.98,145545.90
2019-07-24 06:57,2019-07-26 08:40,2918,1.24432,up,sl,sl,none,-41.4,1768.8,144792.70,144039.50
2019-07-31 07:09,2019-07-31 18:49,699,1.21646,up,sl,sl,none,-41.4,1727.4,143294.10,142548.69
2019-07-31 20:00,2019-08-05 00:47,3113,1.21615,down,sl,sl,none,-41.4,1686.0,141811.00,141073.31
2019-08-05 06:32,2019-08-06 09:44,1610,1.21148,down,tp,sl,buy,68.6,1754.6,140343.26,143492.72
2019-08-06 16:25,2019-08-07 12:10,1155,1.21467,down,sl,sl,none,-41.4,1713.2,142750.15,142007.57
2019-08-07 16:32,2019-08-08 07:22,860,1.21625,up,sl,sl,none,-41.4,1671.8,141272.68,140537.79
2019-08-08 11:49,2019-08-09 18:37,1822,1.21399,down,sl,tp,sell,68.6,1740.4,139810.51,142948.02
2019-08-12 08:42,2019-08-13 07:09,1317,1.20626,up,sl,sl,none,-41.4,1699.0,142208.26,141468.51
2019-08-13 11:09,2019-08-15 10:16,2760,1.20853,up,sl,sl,none,-41.4,1657.6,140736.41,140004.31
2019-08-15 22:45,2019-08-20 11:00,3527,1.20888,down,sl,sl,none,-41.4,1616.2,139279.78,138555.26
2019-08-20 15:15,2019-08-21 06:22,860,1.21542,up,sl,sl,none,-41.4,1574.8,137838.24,137121.21
2019-08-21 07:48,2019-08-22 07:10,1374,1.21308,down,sl,sl,none,-41.4,1533.4,136411.61,135702.01
2019-08-22 08:29,2019-08-22 11:19,170,1.21463,up,sl,sl,none,-41.4,1492.0,134999.75,134297.49
2019-08-23 07:39,2019-08-27 13:15,3154,1.22097,down,tp,sl,buy,68.6,1560.6,133602.50,136600.70
2019-08-28 07:30,2019-08-28 08:34,64,1.22824,down,sl,tp,sell,68.6,1629.2,135893.79,138943.40
2019-08-29 12:36,2019-09-02 08:00,2533,1.22150,up,sl,tp,sell,68.6,1697.8,138224.37,141326.28
2019-09-03 14:49,2019-09-04 08:11,1013,1.20711,up,tp,sl,buy,68.6,1766.4,140594.91,143750.02
2019-09-06 08:02,2019-09-06 13:44,342,1.23085,down,sl,sl,none,-41.4,1725.0,143006.12,142262.21
2019-09-09 09:29,2019-09-09 14:44,315,1.23374,up,sl,sl,none,-41.4,1683.6,141526.00,140789.80
2019-09-10 08:07,2019-09-12 12:47,3136,1.23095,down,sl,sl,none,-41.4,1642.2,140061.21,139332.62
2019-09-12 14:54,2019-09-13 08:39,1056,1.23332,up,tp,sl,buy,68.6,1710.8,138611.58,141722.18
2019-09-16 07:09,2019-09-16 08:39,90,1.24508,down,sl,sl,none,-41.4,1669.4,140988.76,140255.35
2019-09-17 13:31,2019-09-17 17:26,235,1.24284,up,tp,sl,buy,68.6,1738.0,139529.53,142660.73
2019-09-18 08:44,2019-09-19 17:14,1942,1.24474,down,tp,sl,buy,68.6,1806.6,141922.46,145107.36
2019-09-20 11:21,2019-09-25 10:59,4204,1.25016,down,sl,tp,sell,68.6,1875.2,144356.43,147595.95
2019-09-30 07:32,2019-09-30 16:53,561,1.23084,up,sl,sl,none,-41.4,1833.8,146832.15,146068.34
2019-09-30 17:06,2019-10-01 11:19,1080,1.22912,down,sl,sl,none,-41.4,1792.4,145312.43,144556.53
2019-10-01 12:12,2019-10-01 16:18,246,1.22557,down,sl,sl,none,-41.4,1751.0,143808.45,143060.37
2019-10-01 17:33,2019-10-02 07:00,797,1.22713,up,sl,sl,none,-41.4,1709.6,142320.03,141579.69
2019-10-02 13:31,2019-10-03 12:36,1370,1.22787,up,tp,sl,buy,68.6,1778.2,140847.02,144007.79
2019-10-04 05:50,2019-10-08 09:08,3034,1.23408,down,sl,tp,sell,68.6,1846.8,143262.55,146477.52
2019-10-09 08:22,2019-10-10 14:29,1783,1.22693,up,sl,sl,none,-41.4,1805.4,145719.50,144961.48
2019-10-14 06:29,2019-10-14 09:55,206,1.25695,down,sl,sl,none,-41.4,1764.0,144211.30,143461.13
2019-10-14 21:53,2019-10-15 06:29,514,1.26267,up,sl,sl,none,-41.4,1722.6,142718.71,141976.30
2019-10-16 08:36,2019-10-16 09:01,25,1.27238,down,sl,sl,none,-41.4,1681.2,141241.58,140506.85
2019-10-16 11:17,2019-10-16 12:21,64,1.27627,up,sl,sl,none,-41.4,1639.8,139779.73,139052.60
2019-10-17 06:24,2019-10-17 09:28,184,1.27573,down,tp,sl,buy,68.6,1708.4,138333.01,141437.35
2019-10-17 09:39,2019-10-17 11:04,85,1.29503,up,sl,tp,sell,68.6,1777.0,140705.42,143863.01
2019-10-17 13:17,2019-10-18 08:28,1131,1.28032,down,tp,sl,buy,68.6,1845.6,143118.51,146330.26
2019-10-21 05:59,2019-10-21 08:14,135,1.28931,down,tp,sl,buy,68.6,1914.2,145573.00,148839.82
2019-10-22 07:16,2019-10-22 18:12,656,1.29651,down,sl,sl,none,-41.4,1872.8,148069.57,147299.33
2019-10-23 14:04,2019-10-24 13:49,1410,1.28829,up,sl,sl,none,-41.4,1831.4,146537.05,145774.78
2019-10-28 08:04,2019-10-28 14:23,379,1.28487,up,sl,sl,none,-41.4,1790.0,145020.40,144266.01
2019-10-29 08:49,2019-10-29 10:57,128,1.28373,down,sl,sl,none,-41.4,1748.6,143519.43,142772.86
2019-10-29 12:28,2019-10-31 08:10,2596,1.28578,up,tp,sl,buy,68.6,1817.2,142034.01,145221.41
2019-10-31 22:43,2019-11-04 14:15,2287,1.29292,down,sl,sl,none,-41.4,1775.8,144469.89,143718.37
2019-11-05 11:08,2019-11-07 12:31,2932,1.28998,up,sl,tp,sell,68.6,1844.4,142974.63,146183.14
2019-11-11 07:30,2019-11-11 12:15,285,1.28043,up,tp,sl,buy,68.6,1913.0,145426.64,148690.18
2019-11-12 08:24,2019-11-17 23:08,5140,1.28305,down,tp,sl,buy,68.6,1981.6,147920.71,151240.22
2019-11-19 01:29,2019-11-19 16:49,914,1.29462,down,sl,sl,none,-41.4,1940.2,150457.55,149674.88
2019-11-20 15:49,2019-11-21 18:29,1577,1.29157,up,sl,sl,none,-41.4,1898.8,148900.31,148125.75
2019-11-25 08:06,2019-11-26 10:38,1581,1.28720,up,sl,sl,none,-41.4,1857.4,147359.20,146592.64
2019-11-27 10:30,2019-12-03 07:23,5532,1.28710,up,tp,sl,buy,68.6,1926.0,145834.03,149106.71
2019-12-04 07:16,2019-12-04 12:27,311,1.29915,down,tp,sl,buy,68.6,1994.6,148335.08,151663.89
2019-12-06 08:52,2019-12-09 06:17,1260,1.31320,down,sl,sl,none,-41.4,1953.2,150879.03,150094.17
2019-12-09 19:42,2019-12-10 22:14,1577,1.31459,down,sl,sl,none,-41.4,1911.8,149317.43,148540.69
2019-12-10 22:44,2019-12-12 01:59,1625,1.31282,down,tp,sl,buy,68.6,1980.4,147771.99,151088.17
2019-12-12 11:14,2019-12-12 18:08,414,1.31724,down,sl,tp,sell,68.6,2049.0,150306.28,153679.33
2019-12-12 22:11,2019-12-13 07:26,555,1.34486,up,sl,sl,none,-41.4,2007.6,152884.04,152088.75
2019-12-13 15:12,2019-12-13 16:00,48,1.33273,down,sl,sl,none,-41.4,1966.2,151301.69,150514.63
2019-12-16 03:34,2019-12-16 08:07,273,1.33953,up,sl,sl,none,-41.4,1924.8,149735.72,148956.80
2019-12-16 09:55,2019-12-16 22:49,768,1.33296,down,sl,sl,none,-41.4,1883.4,148185.95,147415.10
2019-12-19 07:28,2019-12-19 09:33,125,1.31054,up,sl,sl,none,-41.4,1842.0,146652.23,145889.35
2019-12-19 13:28,2019-12-19 15:31,123,1.30324,down,sl,sl,none,-41.4,1800.6,145134.38,144379.40
2019-12-20 10:10,2019-12-20 15:29,319,1.30389,up,sl,sl,none,-41.4,1759.2,143632.23,142885.07
2019-12-20 19:00,2019-12-23 13:05,1069,1.30123,down,sl,tp,sell,68.6,1827.8,142145.64,145335.55
2019-12-24 11:51,2019-12-27 07:58,2076,1.29466,up,tp,sl,buy,68.6,1896.4,144583.44,147828.05
2019-12-30 21:04,2019-12-31 11:29,853,1.31050,down,tp,sl,buy,68.6,1965.0,147063.04,150363.31
2020-01-02 13:55,2020-01-03 07:51,1059,1.31752,down,sl,tp,sell,68.6,2033.6,149585.18,152942.04
2020-01-06 08:54,2020-01-07 08:29,1387,1.30948,up,tp,sl,buy,68.6,2102.2,152150.56,155564.99
2020-01-07 08:38,2020-01-07 12:26,228,1.32081,up,sl,tp,sell,68.6,2170.8,154759.94,158232.93
2020-01-08 07:40,2020-01-08 09:58,138,1.31464,up,sl,sl,none,-41.4,2129.4,157414.08,156595.22
2020-01-08 11:39,2020-01-09 09:45,1309,1.31216,down,sl,tp,sell,68.6,2198.0,155784.84,159280.83
2020-01-10 04:30,2020-01-13 08:21,1660,1.30768,up,sl,tp,sell,68.6,2266.6,158456.55,162012.50
2020-01-14 04:14,2020-01-14 11:49,452,1.29929,up,sl,sl,none,-41.4,2225.2,161174.08,160335.67
2020-01-14 12:18,2020-01-16 16:55,3117,1.29894,up,tp,sl,buy,68.6,2293.8,159505.93,163085.42
2020-01-17 10:51,2020-01-21 13:11,2969,1.30463,down,sl,sl,none,-41.4,2252.4,162241.46,161397.49
2020-01-22 04:35,2020-01-22 13:07,512,1.30386,down,tp,sl,buy,68.6,2321.0,160562.26,164165.46
2020-01-23 11:30,2020-01-24 09:08,1270,1.31233,down,sl,sl,none,-41.4,2279.6,163315.90,162466.34
2020-01-24 10:53,2020-01-28 08:25,2692,1.31015,down,sl,tp,sell,68.6,2348.2,161625.58,165252.64
2020-01-28 23:28,2020-01-30 11:59,2156,1.30258,up,sl,sl,none,-41.4,2306.8,164397.46,163542.28
2020-02-03 07:20,2020-02-03 10:43,203,1.31486,down,sl,tp,sell,68.6,2375.4,162695.95,166347.03
2020-02-04 11:16,2020-02-05 14:21,1595,1.30081,up,sl,sl,none,-41.4,2334.0,165486.18,164625.33
2020-02-05 14:27,2020-02-05 17:01,154,1.29850,down,sl,sl,none,-41.4,2292.6,163773.40,162921.46
2020-02-07 13:17,2020-02-12 03:02,3644,1.29486,up,sl,sl,none,-41.4,2251.2,162078.34,161235.23
2020-02-12 19:41,2020-02-13 10:44,885,1.29645,down,sl,sl,none,-41.4,2209.8,160400.83,159566.44
2020-02-14 10:05,2020-02-19 15:32,4594,1.30370,down,sl,tp,sell,68.6,2278.4,158740.68,162303.01
2020-02-21 02:51,2020-02-21 18:01,910,1.28876,up,tp,sl,buy,68.6,2347.0,161463.09,165086.50
2020-02-24 04:50,2020-02-25 07:58,1610,1.29369,down,sl,sl,none,-41.4,2305.6,164232.18,163377.86
2020-02-26 07:34,2020-02-27 10:04,1580,1.29807,down,sl,tp,sell,68.6,2374.2,162532.38,166179.79
2020-02-27 10:12,2020-02-27 13:16,184,1.28811,down,sl,sl,none,-41.4,2332.8,165319.81,164459.83
2020-02-28 10:01,2020-02-28 15:41,340,1.29043,up,sl,tp,sell,68.6,2401.4,163608.75,167280.31
2020-03-02 06:37,2020-03-02 12:56,379,1.28396,up,sl,tp,sell,68.6,2470.0,166414.64,170149.17
2020-03-02 18:22,2020-03-03 15:05,1231,1.28012,up,sl,sl,none,-41.4,2428.6,169268.65,168388.13
2020-03-04 07:56,2020-03-04 11:30,214,1.27927,down,sl,sl,none,-41.4,2387.2,167516.72,166645.31
2020-03-04 13:44,2020-03-04 16:54,190,1.28232,up,sl,sl,none,-41.4,2345.8,165782.92,164920.53
2020-03-09 23:05,2020-03-10 14:36,931,1.30908,down,sl,tp,sell,68.6,2414.4,164067.07,167748.92
2020-03-11 09:58,2020-03-11 16:17,379,1.29585,up,sl,tp,sell,68.6,2483.0,166880.82,170625.81
2020-03-13 09:30,2020-03-13 10:58,88,1.26002,up,sl,sl,none,-41.4,2441.6,169742.82,168859.83
2020-03-13 11:49,2020-03-13 15:57,248,1.25125,down,sl,tp,sell,68.6,2510.2,167985.98,171755.78
2020-03-19 13:39,2020-03-19 14:54,75,1.16125,up,tp,sl,buy,68.6,2578.8,170866.94,174701.39
2020-03-19 19:18,2020-03-19 21:16,115,1.15452,down,sl,tp,sell,68.6,2647.4,173797.31,177697.52
2020-03-20 02:04,2020-03-20 03:08,64,1.16309,up,sl,sl,none,-41.4,2606.0,176777.94,175858.35
2020-03-20 18:46,2020-03-20 20:39,113,1.15952,down,sl,sl,none,-41.4,2564.6,174948.28,174038.22
2020-03-24 01:10,2020-03-24 05:37,267,1.16248,up,sl,sl,none,-41.4,2523.2,173137.57,172236.92
2020-03-25 14:33,2020-03-25 15:57,84,1.17165,down,sl,sl,none,-41.4,2481.8,171345.59,170454.27
2020-03-25 17:52,2020-03-25 18:16,24,1.18148,up,sl,sl,none,-41.4,2440.4,169572.17,168690.07
2020-03-26 00:09,2020-03-26 07:59,470,1.18321,down,tp,sl,buy,68.6,2509.0,167817.10,171583.10
2020-03-30 14:52,2020-03-30 17:29,157,1.23878,down,sl,sl,none,-41.4,2467.6,170695.16,169807.22
2020-03-30 20:46,2020-03-31 00:54,231,1.24193,up,sl,tp,sell,68.6,2536.2,168928.46,172719.41
2020-03-31 13:10,2020-03-31 14:46,96,1.24017,up,sl,sl,none,-41.4,2494.8,171825.59,170931.76
2020-04-01 05:10,2020-04-01 11:19,369,1.23761,down,sl,sl,none,-41.4,2453.4,170047.19,169162.62
2020-04-01 14:11,2020-04-02 09:58,1178,1.24330,up,sl,sl,none,-41.4,2412.0,168287.20,167411.79
2020-04-02 14:04,2020-04-02 17:38,214,1.23725,down,sl,sl,none,-41.4,2370.6,166545.43,165679.08
2020-04-02 20:41,2020-04-03 08:28,670,1.24127,up,sl,tp,sell,68.6,2439.2,164821.69,168520.47
2020-04-06 07:29,2020-04-06 14:55,446,1.22853,up,sl,sl,none,-41.4,2397.8,167648.38,166776.28
2020-04-06 20:22,2020-04-07 01:50,315,1.22517,down,sl,sl,none,-41.4,2356.4,165913.22,165050.15
2020-04-07 05:41,2020-04-07 12:40,419,1.22829,up,tp,sl,buy,68.6,2425.0,164196.02,167880.76
2020-04-08 03:02,2020-04-08 06:22,200,1.23150,down,sl,sl,none,-41.4,2383.6,167011.98,166143.19
2020-04-08 11:02,2020-04-09 09:59,1364,1.23442,up,tp,sl,buy,68.6,2452.2,165283.40,168992.55
2020-04-12 21:07,2020-04-14 01:47,1675,1.24567,down,tp,sl,buy,68.6,2520.8,168118.01,171890.77
2020-04-15 06:48,2020-04-15 10:38,230,1.25799,down,sl,tp,sell,68.6,2589.4,171001.24,174838.70
2020-04-16 23:12,2020-04-17 06:21,429,1.24849,up,sl,sl,none,-41.4,2548.0,173933.91,173029.12
2020-04-17 07:37,2020-04-17 11:08,211,1.24421,down,sl,sl,none,-41.4,2506.6,172133.69,171238.27
2020-04-17 12:36,2020-04-17 16:38,242,1.24929,up,sl,sl,none,-41.4,2465.2,170352.11,169465.95
2020-04-20 01:28,2020-04-21 02:42,1505,1.24814,down,sl,tp,sell,68.6,2533.8,168588.97,172372.29
2020-04-22 07:23,2020-04-22 16:28,545,1.23233,up,sl,sl,none,-41.4,2492.4,171480.27,170588.24
2020-04-22 17:54,2020-04-23 14:24,1209,1.23067,down,tp,sl,buy,68.6,2561.0,169705.45,173513.83
2020-04-24 02:11,2020-04-24 11:12,541,1.23461,down,sl,sl,none,-41.4,2519.6,172615.89,171717.96
2020-04-24 12:05,2020-04-27 00:58,752,1.23536,up,sl,sl,none,-41.4,2478.2,170829.32,169940.68
2020-04-28 02:34,2020-04-28 09:42,425,1.24152,down,tp,sl,buy,68.6,2546.8,169061.24,172855.16
2020-04-28 16:37,2020-04-29 10:56,1085,1.24247,down,sl,sl,none,-41.4,2505.4,171960.64,171066.11
2020-04-29 18:09,2020-04-30 00:49,392,1.24559,up,sl,sl,none,-41.4,2464.0,170180.84,169295.58
2020-04-30 02:01,2020-04-30 14:34,753,1.24569,down,tp,sl,buy,68.6,2532.6,168419.47,172199.00
2020-05-01 08:17,2020-05-01 12:18,241,1.25366,down,sl,sl,none,-41.4,2491.2,171307.87,170416.74
2020-05-04 22:48,2020-05-06 08:20,1994,1.24395,up,sl,sl,none,-41.4,2449.8,169534.83,168652.92
2020-05-07 07:16,2020-05-07 13:22,366,1.24138,up,sl,tp,sell,68.6,2518.4,167780.14,171545.32
2020-05-07 17:17,2020-05-08 14:43,1271,1.23573,up,tp,sl,buy,68.6,2587.0,170657.57,174487.32
2020-05-11 07:58,2020-05-11 11:58,240,1.23823,down,sl,tp,sell,68.6,2655.6,173584.35,177479.78
2020-05-12 08:06,2020-05-12 10:26,140,1.23452,up,sl,sl,none,-41.4,2614.2,176561.32,175642.86
2020-05-12 15:08,2020-05-13 14:18,1382,1.23215,down,sl,tp,sell,68.6,2682.8,174733.91,178655.14
2020-05-13 14:39,2020-05-15 12:01,2703,1.22413,down,sl,tp,sell,68.6,2751.4,177730.60,181719.07
2020-05-18 10:55,2020-05-18 15:23,268,1.21332,up,tp,sl,buy,68.6,2820.0,180778.68,184835.56
2020-05-20 07:08,2020-05-20 09:57,169,1.22415,down,sl,sl,none,-41.4,2778.6,183879.03,182922.51
2020-05-20 10:54,2020-05-20 16:12,318,1.22580,up,sl,sl,none,-41.4,2737.2,181975.88,181029.26
2020-05-20 16:36,2020-05-26 06:58,5076,1.22346,down,sl,sl,none,-41.4,2695.8,180092.43,179155.61
2020-05-27 05:18,2020-05-27 09:45,267,1.23163,down,sl,sl,none,-41.4,2654.4,178228.48,177301.35
2020-05-27 11:33,2020-05-27 14:46,193,1.23202,up,sl,tp,sell,68.6,2723.0,176383.81,180342.07
2020-05-28 07:31,2020-05-28 13:12,341,1.22739,up,sl,sl,none,-41.4,2681.6,179408.80,178475.53
2020-05-29 09:22,2020-06-01 01:24,955,1.23057,down,tp,sl,buy,68.6,2750.2,177551.91,181536.38
2020-06-03 21:16,2020-06-04 14:32,1029,1.25752,down,sl,sl,none,-41.4,2708.8,180596.93,179657.48
2020-06-04 14:47,2020-06-05 07:43,1008,1.25971,up,tp,sl,buy,68.6,2777.4,178727.75,182738.60
2020-06-08 10:14,2020-06-08 13:25,191,1.26618,down,sl,sl,none,-41.4,2736.0,181792.93,180847.26
2020-06-08 15:03,2020-06-09 07:16,947,1.26984,up,sl,sl,none,-41.4,2694.6,179911.38,178975.49
2020-06-09 07:41,2020-06-09 13:35,354,1.26640,down,sl,sl,none,-41.4,2653.2,178049.29,177123.09
2020-06-09 15:05,2020-06-10 05:19,846,1.27278,up,sl,sl,none,-41.4,2611.8,176206.48,175289.87
2020-06-10 21:48,2020-06-11 05:22,451,1.27467,down,sl,tp,sell,68.6,2680.4,174382.75,178296.09
2020-06-12 08:54,2020-06-12 14:53,359,1.26374,up,sl,tp,sell,68.6,2749.0,177373.41,181353.87
2020-06-15 09:48,2020-06-15 12:01,133,1.25317,up,sl,sl,none,-41.4,2707.6,180415.36,179476.86
2020-06-16 15:01,2020-06-17 02:33,686,1.25639,down,sl,sl,none,-41.4,2666.2,178548.06,177619.27
2020-06-17 22:43,2020-06-18 12:00,796,1.25624,up,sl,tp,sell,68.6,2734.8,176700.09,180665.44
2020-06-19 07:22,2020-06-19 14:50,448,1.24411,up,sl,tp,sell,68.6,2803.4,179730.50,183763.85
2020-06-22 05:12,2020-06-22 07:34,142,1.23896,up,sl,sl,none,-41.4,2762.0,182812.88,181861.90
2020-06-23 11:02,2020-06-24 00:07,767,1.24478,down,tp,sl,buy,68.6,2830.6,180920.76,184980.83
2020-06-24 07:49,2020-06-24 09:02,73,1.24876,down,sl,sl,none,-41.4,2789.2,184023.55,183066.28
2020-06-24 11:11,2020-06-24 14:48,217,1.25267,up,sl,tp,sell,68.6,2857.8,182118.91,186205.87
2020-06-25 09:25,2020-06-26 14:23,1727,1.24393,up,sl,tp,sell,68.6,2926.4,185242.25,189399.30
2020-06-29 05:13,2020-06-29 14:32,559,1.23752,up,sl,tp,sell,68.6,2995.0,188419.15,192647.49
2020-06-30 14:02,2020-06-30 20:48,406,1.23073,up,tp,sl,buy,68.6,3063.6,191650.54,195951.40
2020-07-02 15:11,2020-07-03 07:38,977,1.24661,down,sl,sl,none,-41.4,3022.2,194937.35,193923.30
2020-07-03 15:34,2020-07-07 13:51,2729,1.24669,up,tp,sl,buy,68.6,3090.8,192919.75,197249.09
2020-07-08 09:17,2020-07-08 17:04,467,1.25167,down,tp,sl,buy,68.6,3159.4,196228.32,200631.91
2020-07-09 16:00,2020-07-10 13:05,1231,1.26140,down,sl,sl,none,-41.4,3118.0,199593.64,198555.37
2020-07-13 08:42,2020-07-13 14:15,333,1.26122,down,sl,sl,none,-41.4,3076.6,197527.84,196500.32
2020-07-14 17:07,2020-07-15 12:08,1130,1.25475,up,tp,sl,buy,68.6,3145.2,195483.43,199870.30
2020-07-15 17:35,2020-07-16 15:38,1301,1.25938,down,sl,sl,none,-41.4,3103.8,198835.97,197801.64
2020-07-16 18:35,2020-07-20 07:53,2191,1.25551,down,sl,sl,none,-41.4,3062.4,196778.02,195754.40
2020-07-22 06:06,2020-07-23 04:28,1324,1.27238,down,sl,sl,none,-41.4,3021.0,194741.37,193728.34
2020-07-23 08:57,2020-07-23 14:44,347,1.27161,down,sl,sl,none,-41.4,2979.6,192725.79,191723.25
2020-07-23 15:44,2020-07-24 14:09,1324,1.27538,up,sl,sl,none,-41.4,2938.2,190731.08,189738.91
2020-07-28 04:32,2020-07-28 14:58,626,1.28521,down,tp,sl,buy,68.6,3006.8,188757.01,192992.94
2020-07-30 05:53,2020-07-30 13:33,460,1.29640,down,tp,sl,buy,68.6,3075.4,191994.20,196302.76
2020-07-31 16:55,2020-08-03 13:49,1220,1.30962,down,sl,tp,sell,68.6,3144.0,195286.90,199669.36
2020-08-03 19:06,2020-08-04 07:16,720,1.30768,up,sl,sl,none,-41.4,3102.6,198636.07,197602.78
2020-08-04 10:55,2020-08-04 14:53,238,1.30331,down,sl,sl,none,-41.4,3061.2,196580.19,195557.59
2020-08-04 17:15,2020-08-05 02:53,562,1.30675,up,sl,sl,none,-41.4,3019.8,194545.58,193533.57
2020-08-06 15:58,2020-08-06 21:15,310,1.31436,down,sl,sl,none,-41.4,2978.4,192532.03,191530.50
2020-08-10 04:39,2020-08-10 13:49,550,1.30735,up,sl,sl,none,-41.4,2937.0,190539.33,189548.16
2020-08-11 07:39,2020-08-11 19:08,689,1.30744,down,sl,sl,none,-41.4,2895.6,188567.24,187586.33
2020-08-12 16:48,2020-08-13 01:30,508,1.30491,up,sl,sl,none,-41.4,2854.2,186615.57,185644.81
2020-08-13 18:53,2020-08-14 13:10,1086,1.30513,down,tp,sl,buy,68.6,2922.8,184684.10,188828.62
2020-08-17 05:39,2020-08-18 10:27,1704,1.30854,down,tp,sl,buy,68.6,2991.4,187851.44,192067.03
2020-08-19 11:03,2020-08-19 18:07,424,1.32225,down,sl,tp,sell,68.6,3060.0,191073.09,195360.98
2020-08-20 11:52,2020-08-20 15:31,219,1.31434,up,sl,sl,none,-41.4,3018.6,194349.99,193339.00
2020-08-21 09:57,2020-08-21 13:50,233,1.31658,down,sl,tp,sell,68.6,3087.2,192338.47,196654.76
2020-08-24 09:43,2020-08-25 13:06,1631,1.31290,up,sl,sl,none,-41.4,3045.8,195637.07,194619.38
2020-08-26 13:17,2020-08-27 13:07,1402,1.31439,down,tp,sl,buy,68.6,3114.4,193612.23,197957.11
2020-08-27 13:22,2020-08-27 13:46,24,1.32732,up,sl,tp,sell,68.6,3183.0,196932.68,201352.07
2020-08-27 14:57,2020-08-28 07:04,954,1.31868,down,tp,sl,buy,68.6,3251.6,200310.07,204805.26
2020-08-31 08:04,2020-09-01 01:59,1064,1.33062,down,tp,sl,buy,68.6,3320.2,203745.39,208317.67
2020-09-01 17:20,2020-09-02 14:44,1259,1.33829,down,sl,tp,sell,68.6,3388.8,207239.63,211890.32
2020-09-02 23:26,2020-09-03 10:38,671,1.33533,up,sl,tp,sell,68.6,3457.4,210793.79,215524.24
2020-09-04 02:38,2020-09-04 08:15,337,1.32840,up,sl,sl,none,-41.4,3416.0,214408.90,213293.56
2020-09-04 12:15,2020-09-04 18:30,375,1.32582,down,sl,sl,none,-41.4,3374.6,212189.77,211085.97
2020-09-04 19:05,2020-09-07 08:50,781,1.32868,up,sl,tp,sell,68.6,3443.2,209993.60,214706.10
2020-09-09 14:29,2020-09-10 11:37,1253,1.29901,up,sl,sl,none,-41.4,3401.8,213594.99,212483.89
2020-09-10 12:12,2020-09-10 12:36,24,1.29424,down,sl,sl,none,-41.4,3360.4,211384.28,210284.68
2020-09-14 02:33,2020-09-14 13:45,672,1.28198,up,tp,sl,buy,68.6,3429.0,209196.46,213891.06
2020-09-15 00:23,2020-09-15 04:17,233,1.28415,down,sl,sl,none,-41.4,3387.6,212784.18,211677.29
2020-09-15 04:43,2020-09-15 15:01,618,1.28631,up,sl,sl,none,-41.4,3346.2,210581.86,209486.43
2020-09-15 15:46,2020-09-16 10:24,1087,1.28615,down,tp,sl,buy,68.6,3414.8,208402.34,213079.12
2020-09-17 01:44,2020-09-17 06:45,301,1.29321,down,sl,sl,none,-41.4,3373.4,211976.44,210873.75
2020-09-17 09:59,2020-09-17 11:08,69,1.29757,up,sl,tp,sell,68.6,3442.0,209782.48,214490.24
2020-09-17 11:23,2020-09-17 13:56,153,1.29003,down,sl,sl,none,-41.4,3400.6,213380.25,212270.26
2020-09-17 16:01,2020-09-17 20:09,247,1.29564,up,sl,sl,none,-41.4,3359.2,211171.77,210073.27
2020-09-18 13:51,2020-09-18 17:26,215,1.29416,down,sl,sl,none,-41.4,3317.8,208986.14,207899.01
2020-09-21 03:49,2020-09-21 08:14,265,1.29579,up,sl,tp,sell,68.6,3386.4,206823.13,211464.48
2020-09-22 10:59,2020-09-22 13:50,171,1.28602,up,sl,tp,sell,68.6,3455.0,210370.15,215091.09
2020-09-23 12:59,2020-09-23 18:19,320,1.27449,up,sl,sl,none,-41.4,3413.6,213978.00,212864.90
2020-09-23 19:40,2020-09-24 08:47,770,1.27196,down,sl,sl,none,-41.4,3372.2,211763.32,210661.75
2020-09-24 09:18,2020-09-24 10:10,52,1.27425,up,sl,sl,none,-41.4,3330.8,209571.57,208481.40
2020-09-24 15:50,2020-09-25 10:04,1081,1.27346,down,sl,sl,none,-41.4,3289.4,207402.51,206323.62
2020-09-25 10:16,2020-09-25 14:12,236,1.27135,down,sl,sl,none,-41.4,3248.0,205255.89,204188.17
2020-09-25 20:42,2020-09-28 08:39,704,1.27444,up,tp,sl,buy,68.6,3316.6,203131.49,207689.99
2020-09-29 16:02,2020-09-29 19:20,198,1.28471,down,sl,sl,none,-41.4,3275.2,206615.20,205540.40
2020-09-30 03:39,2020-09-30 13:11,572,1.28383,down,sl,sl,none,-41.4,3233.8,204476.73,203413.06
2020-09-30 14:04,2020-10-01 06:17,962,1.28588,up,tp,sl,buy,68.6,3302.4,202360.40,206901.59
2020-10-01 08:50,2020-10-01 11:16,146,1.28246,down,tp,sl,buy,68.6,3371.0,205830.88,210449.96
2020-10-01 12:28,2020-10-01 13:52,84,1.29628,up,sl,tp,sell,68.6,3439.6,209360.88,214059.17
2020-10-01 14:28,2020-10-02 04:55,841,1.28713,down,sl,sl,none,-41.4,3398.2,212951.42,211843.66
2020-10-02 07:56,2020-10-06 03:33,2586,1.29101,up,tp,sl,buy,68.6,3466.8,210747.37,215476.78
2020-10-06 10:52,2020-10-06 13:21,149,1.29602,down,sl,sl,none,-41.4,3425.4,214361.69,213246.59
2020-10-07 15:58,2020-10-09 14:56,2763,1.29099,up,tp,sl,buy,68.6,3494.0,212143.04,216903.77
2020-10-12 10:59,2020-10-13 13:20,1551,1.30118,down,sl,sl,none,-41.4,3452.6,215781.30,214658.82
2020-10-14 11:20,2020-10-14 14:40,200,1.29734,up,tp,sl,buy,68.6,3521.2,213547.96,218340.22
2020-10-15 07:42,2020-10-15 11:19,217,1.30039,down,sl,tp,sell,68.6,3589.8,217210.31,222084.75
2020-10-16 08:26,2020-10-16 10:53,147,1.29335,up,sl,sl,none,-41.4,3548.4,220935.46,219786.18
2020-10-19 19:32,2020-10-20 08:44,776,1.29434,down,sl,sl,none,-41.4,3507.0,218648.78,217511.39
2020-10-20 10:11,2020-10-21 06:17,1184,1.29708,up,sl,sl,none,-41.4,3465.6,216385.77,215260.15
2020-10-22 09:22,2020-10-22 14:21,299,1.30995,down,sl,sl,none,-41.4,3424.2,214146.17,213032.20
2020-10-23 08:48,2020-10-23 12:26,218,1.30940,up,sl,sl,none,-41.4,3382.8,211929.76,210827.32
2020-10-23 13:07,2020-10-26 07:27,1033,1.30847,up,sl,tp,sell,68.6,3451.4,209736.29,214443.01
2020-10-26 10:50,2020-10-28 09:18,2738,1.30701,up,sl,tp,sell,68.6,3520.0,213333.27,218120.71
2020-10-29 04:03,2020-10-29 08:19,256,1.30037,up,sl,sl,none,-41.4,3478.6,216991.93,215863.16
2020-10-29 11:44,2020-10-30 10:56,1379,1.29433,down,sl,sl,none,-41.4,3437.2,214746.07,213628.97
2020-11-01 23:26,2020-11-03 08:18,1945,1.29305,down,sl,sl,none,-41.4,3395.8,212523.44,211417.91
2020-11-04 03:17,2020-11-04 04:20,63,1.29897,down,sl,sl,none,-41.4,3354.4,210323.83,209229.74
2020-11-04 12:51,2020-11-04 14:27,96,1.30437,up,sl,tp,sell,68.6,3423.0,208146.97,212818.03
2020-11-05 07:55,2020-11-05 13:13,318,1.30145,up,tp,sl,buy,68.6,3491.6,211716.69,216467.86
2020-11-06 15:09,2020-11-10 08:20,2446,1.31208,down,tp,sl,buy,68.6,3560.2,215347.64,220180.28
2020-11-11 12:40,2020-11-11 14:39,119,1.32282,down,sl,sl,none,-41.4,3518.8,219040.85,217901.42
2020-11-13 07:58,2020-11-13 10:11,133,1.31645,up,sl,sl,none,-41.4,3477.4,216773.78,215646.14
2020-11-16 10:29,2020-11-17 11:15,1475,1.31726,down,tp,sl,buy,68.6,3546.0,214530.17,219344.47
2020-11-18 21:57,2020-11-20 09:29,2111,1.32685,down,sl,sl,none,-41.4,3504.6,218209.36,217074.25
2020-11-23 16:37,2020-11-25 08:06,2334,1.32918,down,tp,sl,buy,68.6,3573.2,215950.89,220797.07
2020-11-25 10:07,2020-11-25 12:47,160,1.33362,down,sl,sl,none,-41.4,3531.8,219654.45,218511.83
2020-11-25 15:50,2020-11-27 16:48,2903,1.33852,up,sl,tp,sell,68.6,3600.4,217381.03,222259.30
2020-11-30 03:38,2020-11-30 09:12,334,1.33367,up,sl,sl,none,-41.4,3559.0,221109.11,219958.92
2020-11-30 10:02,2020-12-01 16:07,1793,1.33278,down,tp,sl,buy,68.6,3627.6,218820.63,223731.21
2020-12-02 08:57,2020-12-02 12:07,190,1.33527,down,sl,sl,none,-41.4,3586.2,222573.41,221415.60
2020-12-03 02:58,2020-12-03 13:39,641,1.33759,up,tp,sl,buy,68.6,3654.8,220269.77,225212.87
2020-12-04 08:52,2020-12-04 13:59,307,1.34172,down,tp,sl,buy,68.6,3723.4,224047.40,229075.27
2020-12-04 20:15,2020-12-07 08:02,691,1.34347,down,sl,tp,sell,68.6,3792.0,227889.81,233003.92
2020-12-07 20:13,2020-12-08 13:13,1014,1.33802,up,sl,tp,sell,68.6,3860.6,231798.12,236999.93
2020-12-08 17:52,2020-12-09 06:23,734,1.33703,up,sl,sl,none,-41.4,3819.2,235773.46,234546.98
2020-12-09 17:20,2020-12-09 22:22,294,1.33680,down,sl,sl,none,-41.4,3777.8,233333.20,232119.42
2020-12-11 03:04,2020-12-11 08:24,320,1.33195,up,sl,tp,sell,68.6,3846.4,230918.20,236100.27
2020-12-11 08:30,2020-12-11 13:12,282,1.32291,down,sl,tp,sell,68.6,3915.0,234878.45,240149.39
2020-12-13 22:38,2020-12-14 07:16,515,1.33335,up,sl,sl,none,-41.4,3873.6,238906.62,237663.84
2020-12-14 17:21,2020-12-15 11:19,1059,1.33321,down,sl,sl,none,-41.4,3832.2,236433.93,235204.02
2020-12-15 12:10,2020-12-15 21:36,566,1.33697,up,tp,sl,buy,68.6,3900.8,233986.84,239237.77
2020-12-16 19:23,2020-12-17 05:47,603,1.34572,down,tp,sl,buy,68.6,3969.4,237999.72,243340.70
2020-12-18 00:42,2020-12-18 15:19,877,1.35658,down,sl,tp,sell,68.6,4038.0,242081.41,247513.99
2020-12-21 18:51,2020-12-21 19:09,18,1.33690,up,tp,sl,buy,68.6,4106.6,251758.86,251758.86
2020-12-22 14:43,2020-12-22 23:46,529,1.33700,down,sl,sl,none,-41.4,4065.2,250456.01,249153.15
2020-12-23 03:00,2020-12-23 14:07,667,1.33939,up,tp,sl,buy,68.6,4133.8,247863.79,253426.13
2020-12-24 17:16,2020-12-28 10:16,802,1.35449,down,sl,sl,none,-41.4,4092.4,252114.65,250803.17
2020-12-29 07:41,2020-12-29 09:51,130,1.34956,up,sl,sl,none,-41.4,4051.0,249505.26,248207.36
2021-01-04 13:02,2021-01-04 15:31,149,1.36543,down,sl,tp,sell,68.6,4119.6,246922.88,252464.11
2021-01-05 11:30,2021-01-05 16:22,292,1.35973,up,sl,sl,none,-41.4,4078.2,251157.61,249851.11
2021-01-06 04:18,2021-01-06 13:54,576,1.36073,down,sl,sl,none,-41.4,4036.8,248558.13,247265.15
2021-01-06 14:00,2021-01-06 14:54,54,1.35642,down,sl,sl,none,-41.4,3995.4,245985.55,244705.96
2021-01-07 00:21,2021-01-07 15:57,935,1.36285,up,sl,tp,sell,68.6,4064.0,243439.60,248902.66
2021-01-08 07:34,2021-01-08 10:03,149,1.35843,up,sl,sl,none,-41.4,4022.6,247614.59,246326.52
2021-01-08 18:42,2021-01-10 23:41,247,1.35488,down,sl,sl,none,-41.4,3981.2,245051.78,243777.04
2021-01-11 18:04,2021-01-12 06:32,728,1.35282,up,sl,sl,none,-41.4,3939.8,242515.50,241253.95
2021-01-13 15:25,2021-01-14 16:14,1473,1.36655,down,sl,sl,none,-41.4,3898.4,240005.46,238756.97
2021-01-15 07:34,2021-01-15 15:53,499,1.36685,down,sl,tp,sell,68.6,3967.0,237521.40,242851.65
2021-01-18 16:45,2021-01-20 06:36,2216,1.35777,up,tp,sl,buy,68.6,4035.6,241594.90,247016.56
2021-01-20 16:14,2021-01-21 08:45,959,1.36322,down,tp,sl,buy,68.6,4104.2,245738.25,251252.89
2021-01-22 03:43,2021-01-26 07:36,3063,1.37140,down,sl,tp,sell,68.6,4172.8,249952.66,255561.88
2021-01-26 12:13,2021-01-27 14:50,1572,1.36796,up,sl,sl,none,-41.4,4131.4,254239.35,252916.81
2021-01-28 15:01,2021-01-29 07:35,980,1.37128,up,sl,sl,none,-41.4,4090.0,251607.97,250299.13
2021-01-29 08:28,2021-01-29 11:27,179,1.36778,down,sl,sl,none,-41.4,4048.6,249003.83,247708.53
2021-01-29 12:47,2021-02-01 08:13,1150,1.37356,up,sl,sl,none,-41.4,4007.2,246426.64,245144.75
2021-02-01 11:24,2021-02-02 14:43,1619,1.37134,down,sl,tp,sell,68.6,4075.8,243876.12,249348.98
2021-02-03 01:51,2021-02-04 07:26,1754,1.36778,up,sl,tp,sell,68.6,4144.4,248058.60,253625.31
2021-02-04 13:23,2021-02-09 02:11,3576,1.36700,up,tp,sl,buy,68.6,4213.0,252312.80,257974.99
2021-02-10 22:35,2021-02-11 16:17,1050,1.38300,down,sl,sl,none,-41.4,4171.6,256639.97,255304.95
2021-02-12 14:59,2021-02-15 07:57,990,1.38187,up,tp,sl,buy,68.6,4240.2,253983.74,259683.43
2021-02-16 13:31,2021-02-16 15:57,146,1.38965,down,sl,sl,none,-41.4,4198.8,258339.56,256995.70
2021-02-18 08:37,2021-02-18 13:40,303,1.38935,up,tp,sl,buy,68.6,4267.4,255665.75,261403.18
2021-02-22 07:26,2021-02-22 16:47,561,1.39851,down,tp,sl,buy,68.6,4336.0,260050.42,265886.24
2021-02-23 14:49,2021-02-24 01:05,600,1.40577,down,tp,sl,buy,68.6,4404.6,264510.28,270446.19
2021-02-24 13:22,2021-02-24 16:28,186,1.41070,down,sl,sl,none,-41.4,4363.2,269046.63,267647.07
2021-02-25 00:15,2021-02-25 07:45,450,1.41455,up,sl,sl,none,-41.4,4321.8,266262.00,264876.93
2021-02-25 16:53,2021-02-25 18:36,103,1.41102,down,sl,tp,sell,68.6,4390.4,263506.19,269419.57
2021-03-01 00:14,2021-03-02 02:50,1562,1.39820,up,sl,tp,sell,68.6,4459.0,268025.32,274040.11
2021-03-02 12:48,2021-03-02 15:55,187,1.39198,up,sl,sl,none,-41.4,4417.6,272621.95,271203.80
2021-03-03 13:30,2021-03-03 16:26,176,1.39673,down,sl,sl,none,-41.4,4376.2,269800.32,268396.84
2021-03-03 17:15,2021-03-04 15:38,1312,1.39648,up,sl,sl,none,-41.4,4334.8,267007.88,265618.93
2021-03-04 18:49,2021-03-05 09:37,868,1.39028,down,sl,tp,sell,68.6,4403.4,264244.35,270174.29
2021-03-08 00:34,2021-03-09 07:31,1832,1.38509,up,sl,sl,none,-41.4,4362.0,268776.14,267377.99
2021-03-10 02:40,2021-03-11 07:25,1693,1.38638,down,tp,sl,buy,68.6,4430.6,265994.31,271963.52
2021-03-12 06:47,2021-03-15 15:35,1957,1.39490,down,sl,tp,sell,68.6,4499.2,270556.11,276627.70
2021-03-16 13:48,2021-03-17 06:59,998,1.38902,up,sl,sl,none,-41.4,4457.8,275196.15,273764.60
2021-03-17 15:19,2021-03-17 18:00,161,1.38770,down,sl,sl,none,-41.4,4416.4,272347.87,270931.14
2021-03-17 19:04,2021-03-18 12:40,1031,1.39465,up,sl,sl,none,-41.4,4375.0,269529.07,268127.00
2021-03-18 13:30,2021-03-18 14:40,70,1.39181,down,sl,sl,none,-41.4,4333.6,266739.44,265351.89
2021-03-19 08:12,2021-03-19 13:35,323,1.39413,up,sl,tp,sell,68.6,4402.2,263978.69,269902.67
2021-03-22 11:54,2021-03-23 09:36,1274,1.38667,up,sl,tp,sell,68.6,4470.8,268505.92,274531.50
2021-03-25 10:45,2021-03-25 23:56,761,1.37279,up,sl,sl,none,-41.4,4429.4,273110.80,271690.10
2021-03-29 02:04,2021-03-29 07:50,345,1.37766,down,sl,sl,none,-41.4,4388.0,270284.10,268878.11
2021-03-29 08:30,2021-03-30 11:39,1601,1.38267,up,sl,tp,sell,68.6,4456.6,267486.66,273489.37
2021-03-31 07:29,2021-04-02 03:25,2520,1.37577,up,tp,sl,buy,68.6,4525.2,272074.06,278179.71
2021-04-02 13:19,2021-04-05 15:21,1491,1.38207,down,tp,sl,buy,68.6,4593.8,276740.13,282950.49
2021-04-06 07:58,2021-04-07 06:10,1309,1.38768,down,sl,tp,sell,68.6,4662.4,281486.22,287803.09
2021-04-07 10:49,2021-04-07 13:40,171,1.38274,up,sl,tp,sell,68.6,4731.0,286313.71,292738.92
2021-04-08 07:19,2021-04-09 06:33,1354,1.37772,up,sl,tp,sell,68.6,4799.6,291223.99,297759.39
2021-04-09 14:45,2021-04-12 09:20,1061,1.37292,up,sl,sl,none,-41.4,4758.2,296218.48,294677.58
2021-04-13 04:22,2021-04-13 12:30,487,1.37322,down,sl,sl,none,-41.4,4716.8,293152.62,291627.67
2021-04-13 17:22,2021-04-16 06:55,3584,1.37469,up,sl,sl,none,-41.4,4675.4,290118.49,288609.32
2021-04-16 10:56,2021-04-16 14:19,203,1.37969,up,sl,sl,none,-41.4,4634.0,287115.77,285622.21
2021-04-20 11:11,2021-04-21 13:15,1527,1.39773,down,sl,tp,sell,68.6,4702.6,284144.12,290520.63
2021-04-21 16:14,2021-04-22 13:51,1254,1.39358,up,sl,tp,sell,68.6,4771.2,289017.19,295503.06
2021-04-23 07:27,2021-04-26 03:03,1121,1.38858,up,sl,sl,none,-41.4,4729.8,293973.83,292444.61
2021-04-26 13:16,2021-04-29 00:50,3466,1.38713,down,tp,sl,buy,68.6,4798.4,290931.21,297460.03
2021-04-29 17:18,2021-04-30 14:06,1206,1.39447,down,sl,tp,sell,68.6,4867.0,295920.68,302561.47
2021-05-03 09:01,2021-05-07 12:32,5782,1.38558,up,tp,sl,buy,68.6,4935.6,300995.72,307750.40
2021-05-11 07:27,2021-05-11 11:24,237,1.41274,down,sl,sl,none,-41.4,4894.2,306157.79,304565.18
2021-05-12 00:56,2021-05-12 12:30,694,1.41225,down,sl,sl,none,-41.4,4852.8,302989.06,301412.93
2021-05-13 20:54,2021-05-17 16:59,2575,1.40497,up,tp,sl,buy,68.6,4921.4,299853.12,306582.17
2021-05-19 02:19,2021-05-21 08:54,3224,1.41818,down,sl,sl,none,-41.4,4880.0,304995.60,303409.04
2021-05-21 14:38,2021-05-25 03:25,2116,1.41583,down,sl,sl,none,-41.4,4838.6,301838.90,300268.76
2021-05-25 12:18,2021-05-27 14:17,2953,1.41640,down,sl,sl,none,-41.4,4797.2,298714.87,297160.98
2021-05-28 10:44,2021-05-31 14:56,1632,1.41810,down,sl,sl,none,-41.4,4755.8,295623.17,294085.36
2021-05-31 15:35,2021-06-01 08:20,953,1.42060,up,sl,sl,none,-41.4,4714.4,292563.47,291041.58
2021-06-01 09:19,2021-06-03 14:40,3097,1.41909,down,sl,tp,sell,68.6,4783.0,289535.44,296032.94
2021-06-04 09:29,2021-06-10 04:38,5275,1.41254,up,sl,sl,none,-41.4,4741.6,294500.97,292969.00
2021-06-10 13:09,2021-06-10 14:15,66,1.41464,up,sl,sl,none,-41.4,4700.2,291452.88,289936.77
2021-06-11 10:05,2021-06-11 13:49,224,1.41429,down,sl,sl,none,-41.4,4658.8,288436.35,286935.92
2021-06-14 13:34,2021-06-16 18:15,3081,1.41177,up,sl,tp,sell,68.6,4727.4,285451.03,291856.87
2021-06-21 09:11,2021-06-22 17:01,1881,1.38522,up,tp,sl,buy,68.6,4796.0,290346.51,296862.22
2021-06-24 02:16,2021-06-24 11:00,524,1.39619,down,sl,sl,none,-41.4,4754.6,295325.96,293789.70
2021-06-24 11:02,2021-06-29 08:46,4031,1.39279,down,sl,tp,sell,68.6,4823.2,292269.33,298828.19
2021-06-30 01:43,2021-07-01 15:14,2226,1.38540,up,sl,tp,sell,68.6,4891.8,297281.75,303953.09
2021-07-02 13:48,2021-07-05 08:53,1098,1.37668,up,tp,sl,buy,68.6,4960.4,302380.13,309165.89
2021-07-06 09:37,2021-07-06 14:18,281,1.38350,down,sl,sl,none,-41.4,4919.0,307565.95,305966.02
2021-07-07 11:01,2021-07-09 13:25,2938,1.38216,up,sl,sl,none,-41.4,4877.6,304382.65,302799.27
2021-07-12 09:49,2021-07-12 14:05,256,1.38616,down,sl,sl,none,-41.4,4836.2,301232.29,299665.30
2021-07-12 15:08,2021-07-16 07:31,5203,1.38884,up,sl,tp,sell,68.6,4904.8,298114.53,304804.56
2021-07-16 09:35,2021-07-19 02:38,977,1.38370,up,sl,tp,sell,68.6,4973.4,303227.20,310031.96
2021-07-21 09:42,2021-07-21 13:41,239,1.36339,up,sl,sl,none,-41.4,4932.0,308427.54,306823.13
2021-07-23 06:43,2021-07-26 09:05,1546,1.37539,down,sl,sl,none,-41.4,4890.6,305235.32,303647.51
2021-07-27 07:40,2021-07-27 12:01,261,1.37888,down,sl,sl,none,-41.4,4849.2,302076.13,300504.76
2021-07-27 13:48,2021-07-28 18:45,1711,1.38114,up,tp,sl,buy,68.6,4917.8,298949.64,305658.41
2021-07-30 01:56,2021-07-30 14:21,743,1.39488,down,sl,sl,none,-41.4,4876.4,304076.63,302494.85
2021-08-02 08:28,2021-08-04 13:28,3092,1.39280,up,sl,sl,none,-41.4,4835.0,300929.44,299364.03
2021-08-04 15:35,2021-08-05 07:36,919,1.39041,down,sl,sl,none,-41.4,4793.6,297814.82,296265.61
2021-08-05 08:20,2021-08-06 12:30,1635,1.39142,up,sl,sl,none,-41.4,4752.2,294732.43,293199.26
2021-08-09 10:29,2021-08-12 18:39,4662,1.38853,up,sl,tp,sell,68.6,4820.8,291681.95,298227.63
2021-08-13 12:39,2021-08-17 06:24,2429,1.38307,up,sl,sl,none,-41.4,4779.4,296684.30,295140.97
2021-08-18 09:38,2021-08-19 00:24,861,1.37590,up,sl,sl,none,-41.4,4738.0,293613.62,292086.26
2021-08-23 00:05,2021-08-23 14:49,881,1.36296,up,tp,sl,buy,68.6,4806.6,290574.72,297095.54
2021-08-24 09:26,2021-08-25 12:38,1584,1.37170,down,sl,sl,none,-41.4,4765.2,295558.07,294020.60
2021-08-25 15:46,2021-08-26 16:46,1455,1.37262,up,sl,sl,none,-41.4,4723.8,292499.05,290977.49
2021-08-27 11:26,2021-08-31 14:31,2932,1.37112,up,tp,sl,buy,68.6,4792.4,289471.68,295967.75
2021-08-31 16:03,2021-09-02 18:59,2941,1.37486,down,tp,sl,buy,68.6,4861.0,294436.12,301043.60
2021-09-03 12:02,2021-09-07 10:05,2647,1.38291,down,sl,sl,none,-41.4,4819.6,299485.70,297927.80
2021-09-08 17:52,2021-09-09 08:12,813,1.37775,up,sl,sl,none,-41.4,4778.2,296386.02,294844.25
2021-09-10 16:01,2021-09-14 07:09,2259,1.38455,down,sl,sl,none,-41.4,4736.8,293318.43,291792.61
2021-09-14 16:29,2021-09-16 14:32,2672,1.38551,down,sl,tp,sell,68.6,4805.4,290282.58,296796.85
2021-09-17 05:28,2021-09-20 01:22,1135,1.38067,up,sl,tp,sell,68.6,4874.0,295260.93,301886.92
2021-09-21 05:07,2021-09-23 11:07,3181,1.36743,up,sl,sl,none,-41.4,4832.6,300324.65,298762.39
2021-09-24 07:54,2021-09-28 10:12,2928,1.37167,down,sl,tp,sell,68.6,4901.2,297216.29,303886.16
2021-09-30 10:11,2021-09-30 12:29,138,1.34568,up,sl,sl,none,-41.4,4859.8,302313.55,300740.94
2021-10-01 01:51,2021-10-01 08:41,409,1.34582,down,sl,sl,none,-41.4,4818.4,299184.61,297628.27
2021-10-01 09:22,2021-10-04 09:49,1430,1.34906,up,tp,sl,buy,68.6,4887.0,296088.05,302732.60
2021-10-05 05:13,2021-10-06 07:34,1545,1.35925,down,sl,sl,none,-41.4,4845.6,301165.96,299599.31
2021-10-07 00:01,2021-10-07 11:14,665,1.35936,up,sl,sl,none,-41.4,4804.2,298048.89,296498.46
2021-10-08 05:27,2021-10-08 10:00,273,1.36053,down,sl,sl,none,-41.4,4762.8,294964.08,293429.70
2021-10-08 10:21,2021-10-08 17:44,443,1.36299,up,sl,sl,none,-41.4,4721.4,291911.20,290392.71
2021-10-08 17:58,2021-10-11 19:55,1533,1.36203,down,sl,sl,none,-41.4,4680.0,288889.92,287387.14
2021-10-12 10:49,2021-10-12 13:44,175,1.36145,up,sl,sl,none,-41.4,4638.6,285899.91,284412.68
2021-10-12 14:22,2021-10-13 19:40,1721,1.35728,down,tp,sl,buy,68.6,4707.2,282940.85,289290.36
2021-10-14 18:37,2021-10-19 04:27,3334,1.36839,down,tp,sl,buy,68.6,4775.8,287793.28,294251.69
2021-10-20 06:46,2021-10-20 14:27,461,1.37848,down,sl,sl,none,-41.4,4734.4,292728.94,291206.19
2021-10-20 14:57,2021-10-27 08:31,6649,1.38179,up,sl,tp,sell,68.6,4803.0,289699.19,296200.37
2021-10-28 04:25,2021-10-29 14:51,2035,1.37426,up,sl,sl,none,-41.4,4761.6,294667.54,293134.70
2021-11-01 15:49,2021-11-04 12:01,3978,1.36785,up,sl,tp,sell,68.6,4830.2,291617.73,298161.96
2021-11-05 16:42,2021-11-08 12:00,1075,1.34989,up,sl,sl,none,-41.4,4788.8,296618.97,295075.98
2021-11-09 13:46,2021-11-10 17:00,1598,1.35579,down,sl,tp,sell,68.6,4857.4,293548.96,300136.54
2021-11-12 08:17,2021-11-16 08:49,2881,1.33810,up,tp,sl,buy,68.6,4926.0,298583.33,305283.88
2021-11-16 15:50,2021-11-17 03:42,686,1.34184,down,sl,sl,none,-41.4,4884.6,303704.03,302124.19
2021-11-17 07:29,2021-11-17 13:32,363,1.34585,up,sl,sl,none,-41.4,4843.2,300560.70,298997.20
2021-11-18 13:15,2021-11-19 08:57,1153,1.34780,down,sl,sl,none,-41.4,4801.8,297449.89,295902.58
2021-11-19 09:05,2021-11-19 14:24,319,1.34466,down,sl,sl,none,-41.4,4760.4,294371.29,292839.99
2021-11-24 02:33,2021-11-26 08:01,3096,1.33819,up,sl,tp,sell,68.6,4829.0,291324.54,297862.20
2021-11-26 10:12,2021-11-29 15:02,1571,1.33163,up,sl,sl,none,-41.4,4787.6,296320.76,294779.32
2021-11-30 02:38,2021-11-30 15:51,793,1.33237,up,sl,sl,none,-41.4,4746.2,293253.84,291728.36
2021-11-30 16:20,2021-12-01 05:01,741,1.32335,down,tp,sl,buy,68.6,4814.8,290218.66,296731.50
2021-12-01 09:03,2021-12-01 20:55,712,1.32830,down,sl,sl,none,-41.4,4773.4,295195.91,293660.33
2021-12-02 09:59,2021-12-03 15:09,1712,1.33201,up,sl,tp,sell,68.6,4842.0,292140.64,298696.60
2021-12-06 09:20,2021-12-06 15:02,342,1.32604,up,sl,sl,none,-41.4,4800.6,297150.85,295605.09
2021-12-07 10:12,2021-12-08 11:40,1494,1.32597,down,sl,tp,sell,68.6,4869.2,294075.34,300674.72
2021-12-08 18:11,2021-12-10 16:42,2755,1.32365,up,sl,sl,none,-41.4,4827.8,299118.73,297562.74
2021-12-13 07:39,2021-12-14 00:54,1013,1.32247,down,sl,sl,none,-41.4,4786.4,296022.85,294482.96
2021-12-14 10:48,2021-12-15 15:00,1660,1.32350,up,sl,sl,none,-41.4,4745.0,292959.01,291435.06
2021-12-15 15:36,2021-12-15 19:55,259,1.32184,down,sl,sl,none,-41.4,4703.6,289926.89,288418.71
2021-12-15 21:12,2021-12-16 08:12,643,1.32621,up,sl,sl,none,-41.4,4662.2,286926.14,285433.58
2021-12-17 08:18,2021-12-17 10:24,126,1.33183,down,sl,sl,none,-41.4,4620.8,283956.46,282479.34
2021-12-17 10:29,2021-12-20 07:24,1238,1.32955,down,sl,tp,sell,68.6,4689.4,281017.51,287323.86
2021-12-20 14:40,2021-12-21 10:02,1145,1.32333,up,sl,sl,none,-41.4,4648.0,285836.96,284350.06
2021-12-22 06:09,2021-12-22 14:30,501,1.32420,down,tp,sl,buy,68.6,4716.6,282878.55,289226.66
2021-12-24 06:02,2021-12-29 15:05,4491,1.33912,down,tp,sl,buy,68.6,4785.2,287729.91,294186.90
2021-12-30 08:43,2021-12-31 15:57,1847,1.34599,down,tp,sl,buy,68.6,4853.8,292664.48,299232.20
2022-01-03 03:36,2022-01-03 14:20,644,1.34960,down,sl,sl,none,-41.4,4812.4,297683.68,296135.15
2022-01-04 09:04,2022-01-05 17:18,1904,1.34906,up,tp,sl,buy,68.6,4881.0,294602.65,301213.87
2022-01-06 02:10,2022-01-07 14:44,2170,1.35457,down,sl,sl,none,-41.4,4839.6,299655.09,298096.30
2022-01-10 13:03,2022-01-11 01:04,692,1.35677,down,sl,sl,none,-41.4,4798.2,296553.66,295011.01
2022-01-11 13:53,2022-01-12 13:35,1383,1.35725,down,tp,sl,buy,68.6,4866.8,293484.33,300070.45
2022-01-13 18:30,2022-01-14 13:52,1145,1.37187,down,sl,sl,none,-41.4,4825.4,298517.58,296964.72
2022-01-19 05:43,2022-01-19 10:56,313,1.36082,up,sl,sl,none,-41.4,4784.0,295427.93,293891.13
2022-01-19 22:52,2022-01-20 20:53,1317,1.36106,down,sl,sl,none,-41.4,4742.6,292370.25,290849.36
2022-01-25 09:17,2022-01-25 18:18,541,1.34833,up,sl,sl,none,-41.4,4701.2,289344.21,287839.07
2022-01-26 15:20,2022-01-26 19:41,261,1.34981,down,sl,sl,none,-41.4,4659.8,286349.50,284859.93
2022-01-26 19:50,2022-01-27 11:48,918,1.34688,down,sl,tp,sell,68.6,4728.4,283385.78,289745.28
2022-01-28 03:58,2022-01-28 13:40,582,1.34004,up,sl,sl,none,-41.4,4687.0,288245.85,286746.42
2022-01-28 13:46,2022-01-31 08:14,1078,1.34176,up,sl,sl,none,-41.4,4645.6,285262.51,283778.59
2022-02-03 05:37,2022-02-04 13:30,1885,1.35514,down,sl,sl,none,-41.4,4604.2,282310.04,280841.48
2022-02-07 08:58,2022-02-08 11:01,1541,1.35361,up,sl,sl,none,-41.4,4562.8,279388.13,277934.78
2022-02-09 16:16,2022-02-10 09:35,1006,1.35498,down,sl,sl,none,-41.4,4521.4,276496.46,275058.15
2022-02-10 22:16,2022-02-11 12:08,823,1.35588,down,sl,sl,none,-41.4,4480.0,273634.72,272211.30
2022-02-11 12:10,2022-02-11 18:41,391,1.35819,up,sl,sl,none,-41.4,4438.6,270802.61,269393.91
2022-02-11 20:37,2022-02-14 08:04,668,1.35438,down,sl,sl,none,-41.4,4397.2,267999.80,266605.68
2022-02-15 00:16,2022-02-15 14:49,873,1.35367,up,sl,sl,none,-41.4,4355.8,265226.00,263846.32
2022-02-15 15:04,2022-02-16 14:42,1399,1.34893,down,tp,sl,buy,68.6,4424.4,262480.91,268371.28
2022-02-18 02:41,2022-02-18 16:03,802,1.36004,down,sl,sl,none,-41.4,4383.0,266982.46,265593.64
2022-02-21 02:31,2022-02-21 13:57,686,1.36140,up,sl,sl,none,-41.4,4341.6,264219.19,262844.74
2022-02-21 14:36,2022-02-24 02:51,3540,1.36124,down,sl,tp,sell,68.6,4410.2,261484.52,267352.53
2022-02-25 04:18,2022-02-27 22:07,1064,1.34211,up,sl,tp,sell,68.6,4478.8,265968.98,271937.63
2022-02-27 22:31,2022-02-28 14:41,970,1.33294,down,tp,sl,buy,68.6,4547.4,270530.35,276601.36
2022-03-01 11:04,2022-03-01 15:06,242,1.33985,down,sl,sl,none,-41.4,4506.0,275169.94,273738.53
2022-03-02 13:32,2022-03-04 08:38,2544,1.33282,up,sl,sl,none,-41.4,4464.6,272321.94,270905.34
2022-03-08 15:37,2022-03-08 16:01,24,1.31240,up,sl,sl,none,-41.4,4423.2,269503.40,268101.47
2022-03-08 17:01,2022-03-09 20:35,1630,1.30989,down,tp,sl,buy,68.6,4491.8,266714.04,272699.41
2022-03-10 09:39,2022-03-10 12:48,189,1.31720,down,sl,sl,none,-41.4,4450.4,271288.19,269876.97
2022-03-10 14:06,2022-03-11 01:41,666,1.31690,up,sl,tp,sell,68.6,4519.0,268480.36,274505.36
2022-03-11 12:39,2022-03-14 02:14,807,1.31135,up,sl,tp,sell,68.6,4587.6,273084.79,279213.13
2022-03-14 13:07,2022-03-16 11:38,2734,1.30692,up,sl,sl,none,-41.4,4546.2,277768.20,276323.27
2022-03-17 13:22,2022-03-21 15:00,2889,1.31100,down,tp,sl,buy,68.6,4614.8,274893.30,281062.22
2022-03-21 19:42,2022-03-22 08:42,751,1.31608,down,sl,sl,none,-41.4,4573.4,279607.72,278153.22
2022-03-22 09:21,2022-03-23 02:03,974,1.31911,up,tp,sl,buy,68.6,4642.0,276713.78,282923.55
2022-03-23 08:57,2022-03-23 11:28,151,1.32237,down,sl,sl,none,-41.4,4600.6,281459.42,279995.29
2022-03-24 12:14,2022-03-28 11:42,2792,1.32087,up,sl,tp,sell,68.6,4669.2,278546.31,284797.21
2022-03-29 11:56,2022-03-29 16:11,255,1.31295,up,sl,sl,none,-41.4,4627.8,283323.38,281849.56
2022-03-29 17:31,2022-03-30 09:36,942,1.30687,down,tp,sl,buy,68.6,4696.4,280390.99,286683.28
2022-03-31 02:32,2022-03-31 13:14,642,1.31269,down,sl,sl,none,-41.4,4655.0,285199.69,283716.11
2022-03-31 15:06,2022-04-05 19:32,4521,1.31570,up,sl,tp,sell,68.6,4723.6,282247.88,288581.84
2022-04-06 09:59,2022-04-08 13:21,3031,1.30980,up,sl,tp,sell,68.6,4792.2,287088.43,293531.02
2022-04-11 09:20,2022-04-12 01:16,941,1.30265,up,sl,sl,none,-41.4,4750.8,292011.99,290492.97
2022-04-12 05:38,2022-04-12 13:08,450,1.30306,up,sl,sl,none,-41.4,4709.4,288989.67,287486.37
2022-04-12 13:10,2022-04-13 15:55,1577,1.30495,up,sl,sl,none,-41.4,4668.0,285998.63,284510.88
2022-04-14 13:32,2022-04-19 02:33,3428,1.30820,down,sl,tp,sell,68.6,4736.6,283038.54,289390.25
2022-04-19 08:40,2022-04-20 10:15,1506,1.30304,up,sl,sl,none,-41.4,4695.2,287892.65,286395.06
2022-04-21 12:12,2022-04-22 06:25,1079,1.30285,down,sl,sl,none,-41.4,4653.8,284912.96,283430.87
2022-04-26 02:39,2022-04-26 14:12,693,1.27542,up,sl,tp,sell,68.6,4722.4,281964.11,288291.71
2022-04-28 08:17,2022-04-28 11:16,179,1.25483,up,sl,tp,sell,68.6,4791.0,286799.80,293235.91
2022-04-29 01:58,2022-04-29 05:11,193,1.24858,up,sl,sl,none,-41.4,4749.6,291718.41,290200.92
2022-05-02 04:19,2022-05-02 14:05,586,1.25520,down,sl,sl,none,-41.4,4708.2,288699.13,287197.34
2022-05-03 04:49,2022-05-03 08:01,192,1.25254,up,sl,sl,none,-41.4,4666.8,285711.09,284224.85
2022-05-03 08:03,2022-05-03 12:39,276,1.25462,up,sl,sl,none,-41.4,4625.4,282753.98,281283.12
2022-05-03 16:32,2022-05-03 18:41,129,1.24941,down,sl,sl,none,-41.4,4584.0,279827.48,278371.84
2022-05-04 08:48,2022-05-04 18:44,596,1.25213,up,sl,sl,none,-41.4,4542.6,276931.26,275490.69
2022-05-04 18:49,2022-05-05 04:43,571,1.25649,up,sl,sl,none,-41.4,4501.2,274065.03,272639.36
2022-05-05 07:14,2022-05-05 11:03,229,1.25363,down,sl,sl,none,-41.4,4459.8,271228.45,269817.54
2022-05-05 11:07,2022-05-05 11:41,34,1.24975,down,sl,tp,sell,68.6,4528.4,268421.24,274444.92
2022-05-06 11:47,2022-05-06 12:53,66,1.23441,up,sl,sl,none,-41.4,4487.0,273024.66,271604.41
2022-05-06 16:06,2022-05-09 06:53,873,1.23542,up,sl,tp,sell,68.6,4555.6,270198.86,276262.43
2022-05-09 11:31,2022-05-09 13:57,146,1.23387,up,sl,sl,none,-41.4,4514.2,274832.77,273403.11
2022-05-09 15:22,2022-05-11 12:38,2668,1.23104,down,sl,sl,none,-41.4,4472.8,271988.25,270573.39
2022-05-11 16:30,2022-05-12 02:50,607,1.23017,down,sl,tp,sell,68.6,4541.4,269173.17,275213.72
2022-05-13 01:23,2022-05-13 09:23,480,1.22082,up,sl,sl,none,-41.4,4500.0,273789.49,272365.26
2022-05-13 09:50,2022-05-13 13:23,213,1.21855,down,sl,sl,none,-41.4,4458.6,270955.77,269546.28
2022-05-13 15:34,2022-05-16 19:06,1632,1.22352,up,tp,sl,buy,68.6,4527.2,268151.38,274169.00
2022-05-18 07:00,2022-05-18 18:44,704,1.24416,down,sl,tp,sell,68.6,4595.8,272750.17,278871.00
2022-05-19 05:28,2022-05-19 08:27,179,1.23847,up,sl,sl,none,-41.4,4554.4,277427.84,275984.68
2022-05-19 09:08,2022-05-19 13:33,265,1.23854,up,tp,sl,buy,68.6,4623.0,274556.46,280717.82
2022-05-20 12:42,2022-05-23 05:49,989,1.24714,down,tp,sl,buy,68.6,4691.6,279265.10,285532.13
2022-05-24 01:17,2022-05-24 08:30,433,1.25589,down,sl,sl,none,-41.4,4650.2,284054.50,282576.87
2022-05-24 08:49,2022-05-25 18:02,1978,1.24846,down,tp,sl,buy,68.6,4718.8,281114.54,287423.06
2022-05-26 13:57,2022-05-26 18:21,264,1.25759,down,sl,sl,none,-41.4,4677.4,285935.65,284448.24
2022-05-26 18:33,2022-05-26 23:36,272,1.25966,up,sl,sl,none,-41.4,4636.0,282976.22,281504.20
2022-05-27 10:43,2022-05-31 10:51,2830,1.26047,down,sl,sl,none,-41.4,4594.6,280047.41,278590.63
2022-06-01 00:13,2022-06-01 14:01,828,1.26104,up,sl,tp,sell,68.6,4663.2,277148.92,283368.46
2022-06-02 07:58,2022-06-03 15:28,1854,1.25289,up,sl,sl,none,-41.4,4621.8,281902.03,280435.59
2022-06-06 07:56,2022-06-06 23:12,881,1.25441,up,sl,sl,none,-41.4,4580.4,278984.34,277533.09
2022-06-06 23:31,2022-06-07 13:49,858,1.25174,down,sl,sl,none,-41.4,4539.0,276096.85,274660.62
2022-06-07 14:40,2022-06-08 08:32,1044,1.25492,up,sl,sl,none,-41.4,4497.6,273239.25,271817.88
2022-06-08 08:34,2022-06-09 06:07,1280,1.25295,down,sl,sl,none,-41.4,4456.2,270411.22,269004.57
2022-06-09 12:02,2022-06-10 09:51,1291,1.25395,up,sl,tp,sell,68.6,4524.8,267612.47,273617.99
2022-06-14 05:32,2022-06-14 08:59,207,1.21704,up,sl,sl,none,-41.4,4483.4,272202.02,270786.05
2022-06-14 09:45,2022-06-14 14:09,264,1.21214,down,sl,tp,sell,68.6,4552.0,269384.73,275430.03
2022-06-15 08:24,2022-06-15 18:05,581,1.20657,up,sl,sl,none,-41.4,4510.6,274004.68,272579.33
2022-06-16 07:42,2022-06-16 10:08,146,1.20691,down,tp,sl,buy,68.6,4579.2,271168.73,277254.06
2022-06-16 10:28,2022-06-16 11:00,32,1.21574,up,sl,tp,sell,68.6,4647.8,275819.27,282008.97
2022-06-17 11:10,2022-06-17 14:05,175,1.23010,down,sl,tp,sell,68.6,4716.4,280549.57,286845.42
2022-06-20 09:12,2022-06-21 01:21,942,1.22606,up,sl,sl,none,-41.4,4675.0,285361.00,283876.57
2022-06-21 18:03,2022-06-22 07:15,774,1.22702,down,sl,tp,sell,68.6,4743.6,282407.51,288745.06
2022-06-22 13:46,2022-06-22 14:43,57,1.22852,up,sl,sl,none,-41.4,4702.2,287250.80,285756.55
2022-06-23 02:09,2022-06-23 07:15,306,1.22387,down,sl,sl,none,-41.4,4660.8,284277.76,282798.97
2022-06-23 14:00,2022-06-24 14:02,1419,1.22915,up,sl,sl,none,-41.4,4619.4,281335.48,279872.00
2022-06-24 17:46,2022-06-28 11:39,2464,1.22576,down,sl,sl,none,-41.4,4578.0,278423.66,276975.32
2022-06-30 06:44,2022-06-30 10:50,246,1.21399,up,sl,sl,none,-41.4,4536.6,275541.97,274108.63
2022-06-30 13:52,2022-07-01 03:45,820,1.21425,up,sl,sl,none,-41.4,4495.2,272690.11,271271.60
2022-07-03 21:14,2022-07-05 07:16,1999,1.20950,up,sl,sl,none,-41.4,4453.8,269867.77,268463.94
2022-07-06 08:30,2022-07-06 12:14,224,1.19664,up,sl,tp,sell,68.6,4522.4,267074.64,273068.10
2022-07-07 02:52,2022-07-07 22:09,1137,1.19422,up,tp,sl,buy,68.6,4591.0,271654.97,277751.22
2022-07-08 07:00,2022-07-08 12:15,315,1.20011,down,sl,sl,none,-41.4,4549.6,276313.85,274876.49
2022-07-08 15:07,2022-07-11 09:32,1083,1.20332,up,sl,tp,sell,68.6,4618.2,273454.00,279590.62
2022-07-12 14:58,2022-07-13 12:32,1267,1.18894,up,sl,sl,none,-41.4,4576.8,278143.74,276696.86
2022-07-13 13:28,2022-07-13 14:51,83,1.18590,down,tp,sl,buy,68.6,4645.4,275264.95,281442.21
2022-07-13 15:29,2022-07-14 07:05,920,1.19214,up,sl,tp,sell,68.6,4714.0,279985.75,286268.94
2022-07-15 02:02,2022-07-15 13:06,664,1.18436,up,sl,sl,none,-41.4,4672.6,284787.50,283306.06
2022-07-19 00:44,2022-07-19 10:07,563,1.19434,down,tp,sl,buy,68.6,4741.2,281839.95,288164.76
2022-07-20 07:43,2022-07-20 10:36,173,1.20072,down,sl,sl,none,-41.4,4699.8,286673.51,285182.25
2022-07-20 10:51,2022-07-21 07:49,1217,1.19724,down,sl,sl,none,-41.4,4658.4,283706.44,282230.62
2022-07-21 19:46,2022-07-22 05:12,552,1.19754,up,sl,sl,none,-41.4,4617.0,280770.07,279309.53
2022-07-22 07:07,2022-07-22 13:45,398,1.19818,up,sl,sl,none,-41.4,4575.6,277864.10,276418.68
2022-07-22 13:46,2022-07-22 18:13,267,1.20022,up,sl,sl,none,-41.4,4534.2,274988.21,273557.74
2022-07-25 01:14,2022-07-25 11:07,593,1.19691,down,tp,sl,buy,68.6,4602.8,272142.08,278249.26
2022-07-26 07:54,2022-07-27 06:02,1309,1.20453,down,sl,sl,none,-41.4,4561.4,276809.32,275369.38
2022-07-27 14:36,2022-07-27 18:41,245,1.20316,down,tp,sl,buy,68.6,4630.0,273944.34,280091.96
2022-07-28 11:47,2022-07-29 06:23,1090,1.21199,down,tp,sl,buy,68.6,4698.6,278642.49,284895.54
2022-07-29 10:10,2022-07-29 12:16,126,1.21537,down,sl,sl,none,-41.4,4657.2,283421.21,281946.87
2022-07-29 12:24,2022-07-29 14:55,151,1.21335,down,sl,sl,none,-41.4,4615.8,280487.80,279028.72
2022-07-29 16:37,2022-08-01 09:09,958,1.21549,up,tp,sl,buy,68.6,4684.4,277584.75,283814.07
2022-08-02 06:25,2022-08-02 23:51,1038,1.22338,down,sl,tp,sell,68.6,4753.0,282345.33,288681.48
2022-08-03 08:32,2022-08-03 14:47,375,1.21961,up,sl,tp,sell,68.6,4821.6,287187.55,293632.36
2022-08-04 08:05,2022-08-04 11:02,177,1.21655,up,sl,sl,none,-41.4,4780.2,292112.82,290593.27
2022-08-04 11:55,2022-08-04 18:02,367,1.20728,down,tp,sl,buy,68.6,4848.8,289089.45,295576.94
2022-08-05 01:22,2022-08-05 12:30,668,1.21413,down,sl,sl,none,-41.4,4807.4,294047.33,292517.72
2022-08-08 07:35,2022-08-08 13:45,370,1.21107,up,sl,sl,none,-41.4,4766.0,291003.94,289490.16
2022-08-08 18:05,2022-08-10 12:30,2511,1.20801,down,tp,sl,buy,68.6,4834.6,287992.05,294454.92
2022-08-11 11:25,2022-08-12 00:26,768,1.22038,down,sl,sl,none,-41.4,4793.2,292931.12,291407.31
2022-08-16 14:04,2022-08-17 12:30,1340,1.20806,up,sl,sl,none,-41.4,4751.8,289899.28,288391.25
2022-08-18 10:22,2022-08-18 15:51,329,1.20649,up,sl,tp,sell,68.6,4820.4,286898.82,293337.16
2022-08-23 13:02,2022-08-23 13:49,47,1.17591,down,tp,sl,buy,68.6,4889.0,291819.14,298367.89
2022-08-24 10:15,2022-08-24 14:52,277,1.17949,down,sl,sl,none,-41.4,4847.6,296823.83,295279.78
2022-08-25 01:08,2022-08-26 06:52,1773,1.18052,up,sl,sl,none,-41.4,4806.2,293751.71,292223.63
2022-08-26 10:33,2022-08-26 13:00,147,1.18351,up,sl,sl,none,-41.4,4764.8,290711.38,289199.12
2022-08-26 15:37,2022-08-28 23:26,457,1.17793,down,sl,tp,sell,68.6,4833.4,287702.51,294158.89
2022-08-29 13:48,2022-08-29 14:52,64,1.17130,up,sl,sl,none,-41.4,4792.0,292636.61,291114.34
2022-08-30 03:32,2022-08-30 14:03,631,1.16943,down,sl,sl,none,-41.4,4750.6,289607.82,288101.31
2022-08-31 05:42,2022-08-31 23:31,1062,1.16853,up,sl,tp,sell,68.6,4819.2,286610.38,293042.24
2022-09-02 08:11,2022-09-02 12:44,273,1.15601,up,sl,sl,none,-41.4,4777.8,291525.75,290009.26
2022-09-02 17:21,2022-09-05 22:09,1700,1.15160,down,sl,sl,none,-41.4,4736.4,288508.46,287007.66
2022-09-06 13:57,2022-09-06 15:08,71,1.15285,down,sl,sl,none,-41.4,4695.0,285522.40,284037.13
2022-09-07 17:20,2022-09-08 07:23,837,1.15102,up,sl,sl,none,-41.4,4653.6,282567.24,281097.35
2022-09-08 08:54,2022-09-08 13:11,257,1.14908,down,sl,sl,none,-41.4,4612.2,279642.67,278187.99
2022-09-08 14:06,2022-09-09 02:42,738,1.14814,down,tp,sl,buy,68.6,4680.8,276748.37,282958.91
2022-09-13 13:01,2022-09-13 15:08,127,1.15478,down,sl,sl,none,-41.4,4639.4,281494.60,280030.29
2022-09-14 09:45,2022-09-14 19:26,581,1.15523,up,sl,sl,none,-41.4,4598.0,278581.13,277131.98
2022-09-15 01:06,2022-09-15 06:24,318,1.15268,down,sl,sl,none,-41.4,4556.6,275697.82,274263.66
2022-09-18 23:26,2022-09-20 00:01,1460,1.14302,up,sl,sl,none,-41.4,4515.2,272844.35,271425.03
2022-09-20 13:21,2022-09-21 06:41,1033,1.14059,down,sl,tp,sell,68.6,4583.8,270020.41,276079.97
2022-09-22 09:09,2022-09-22 10:37,88,1.13159,up,sl,sl,none,-41.4,4542.4,274651.26,273222.54
2022-09-22 15:01,2022-09-23 07:32,974,1.12618,down,sl,tp,sell,68.6,4611.0,271808.62,277908.31
2022-09-26 12:42,2022-09-26 12:48,6,1.08224,up,tp,sl,buy,68.6,4679.6,276470.13,282674.44
2022-09-26 16:37,2022-09-26 18:28,111,1.06629,down,sl,sl,none,-41.4,4638.2,281211.60,279748.76
2022-09-26 23:45,2022-09-27 05:44,359,1.07249,up,tp,sl,buy,68.6,4706.8,278301.06,284546.45
2022-09-27 16:41,2022-09-27 18:39,118,1.06864,down,sl,sl,none,-41.4,4665.4,283073.92,281601.39
2022-09-28 15:04,2022-09-28 15:48,44,1.07626,up,sl,sl,none,-41.4,4624.0,280144.10,278686.82
2022-09-30 11:54,2022-09-30 13:56,122,1.10359,down,tp,sl,buy,68.6,4692.6,277244.61,283466.30
2022-09-30 15:11,2022-10-02 21:29,362,1.11606,up,sl,sl,none,-41.4,4651.2,281999.36,280532.42
2022-10-03 01:01,2022-10-03 04:00,179,1.11355,down,sl,sl,none,-41.4,4609.8,279080.67,277628.91
2022-10-03 06:12,2022-10-03 06:45,33,1.12596,up,sl,tp,sell,68.6,4678.4,276192.18,282390.25
2022-10-05 08:49,2022-10-05 11:45,176,1.14206,down,sl,tp,sell,68.6,4747.0,280928.88,287233.24
2022-10-06 01:50,2022-10-06 06:15,265,1.13442,up,sl,sl,none,-41.4,4705.6,285746.81,284260.37
2022-10-06 07:01,2022-10-06 08:21,80,1.13240,down,sl,sl,none,-41.4,4664.2,282789.33,281318.28
2022-10-07 09:16,2022-10-07 12:30,194,1.11994,up,sl,sl,none,-41.4,4622.8,279862.46,278406.64
2022-10-07 13:25,2022-10-10 08:15,1118,1.11375,down,sl,tp,sell,68.6,4691.4,276965.88,283181.31
2022-10-11 00:10,2022-10-11 02:11,121,1.10686,up,sl,sl,none,-41.4,4650.0,281715.85,280250.38
2022-10-11 02:49,2022-10-11 09:08,379,1.10443,down,sl,sl,none,-41.4,4608.6,278800.09,277349.79
2022-10-11 10:46,2022-10-11 15:34,288,1.10606,up,tp,sl,buy,68.6,4677.2,275914.51,282106.34
2022-10-11 19:46,2022-10-12 04:03,489,1.09934,down,sl,sl,none,-41.4,4635.8,280646.44,279186.54
2022-10-12 09:53,2022-10-12 12:29,156,1.10643,up,sl,sl,none,-41.4,4594.4,277741.75,276296.96
2022-10-13 07:40,2022-10-13 11:17,217,1.10802,down,tp,sl,buy,68.6,4663.0,274867.12,281035.45
2022-10-14 08:59,2022-10-14 09:45,46,1.12714,down,sl,sl,none,-41.4,4621.6,279581.09,278126.73
2022-10-17 05:17,2022-10-17 08:34,197,1.12468,up,sl,sl,none,-41.4,4580.2,276687.43,275248.12
2022-10-18 07:44,2022-10-18 08:42,58,1.13379,down,sl,sl,none,-41.4,4538.8,273823.71,272399.30
2022-10-18 23:22,2022-10-19 08:10,528,1.13478,up,sl,tp,sell,68.6,4607.4,270989.64,277070.95
2022-10-20 12:01,2022-10-20 17:07,306,1.12556,up,sl,sl,none,-41.4,4566.0,275637.11,274203.27
2022-10-20 19:21,2022-10-21 04:16,516,1.12137,down,sl,sl,none,-41.4,4524.6,272784.27,271365.26
2022-10-21 15:56,2022-10-21 16:11,15,1.12772,up,sl,sl,none,-41.4,4483.2,269960.95,268556.63
2022-10-24 12:53,2022-10-24 13:08,15,1.13060,down,sl,sl,none,-41.4,4441.8,267166.85,265777.07
2022-10-25 00:40,2022-10-25 09:34,534,1.13194,up,sl,sl,none,-41.4,4400.4,264401.68,263026.28
2022-10-27 07:47,2022-10-27 13:45,358,1.15920,down,sl,sl,none,-41.4,4359.0,261665.12,260303.96
2022-10-28 14:49,2022-10-28 16:05,76,1.15795,up,sl,sl,none,-41.4,4317.6,258956.89,257609.81
2022-10-31 08:50,2022-10-31 17:52,542,1.15503,down,sl,tp,sell,68.6,4386.2,256276.68,262027.82
2022-11-01 06:05,2022-11-01 10:25,260,1.15304,up,sl,sl,none,-41.4,4344.8,260671.83,259315.83
2022-11-01 15:28,2022-11-01 16:06,38,1.14691,down,sl,sl,none,-41.4,4303.4,257973.87,256631.91
2022-11-02 02:39,2022-11-02 18:01,922,1.15081,up,sl,sl,none,-41.4,4262.0,255303.84,253975.77
2022-11-02 19:13,2022-11-02 22:43,197,1.14757,up,sl,tp,sell,68.6,4330.6,252661.45,258331.46
2022-11-04 05:28,2022-11-04 09:25,237,1.12259,up,sl,sl,none,-41.4,4289.2,256994.59,255657.73
2022-11-08 07:48,2022-11-08 12:55,307,1.14632,down,sl,sl,none,-41.4,4247.8,254334.70,253011.67
2022-11-08 15:58,2022-11-08 18:30,152,1.15654,up,sl,sl,none,-41.4,4206.4,251702.33,250393.00
2022-11-09 10:03,2022-11-09 11:17,74,1.14403,down,sl,sl,none,-41.4,4165.0,249097.22,247801.43
2022-11-10 12:44,2022-11-10 13:30,46,1.13994,up,tp,sl,buy,68.6,4233.6,246519.06,252051.23
2022-11-14 05:07,2022-11-14 07:58,171,1.17644,down,sl,sl,none,-41.4,4192.2,250746.86,249442.50
2022-11-14 08:49,2022-11-14 14:29,340,1.18227,up,sl,tp,sell,68.6,4260.8,248151.63,253720.43
2022-11-14 19:38,2022-11-15 07:00,672,1.17787,up,sl,sl,none,-41.4,4219.4,252407.43,251094.43
2022-11-16 04:39,2022-11-16 10:17,338,1.18471,down,tp,sl,buy,68.6,4288.0,249795.01,255400.70
2022-11-16 15:19,2022-11-17 08:00,981,1.18485,down,tp,sl,buy,68.6,4356.6,254079.00,259780.82
2022-11-17 10:40,2022-11-17 13:42,182,1.18720,down,sl,tp,sell,68.6,4425.2,258436.45,264236.06
2022-11-17 23:34,2022-11-21 02:15,1593,1.18625,up,sl,sl,none,-41.4,4383.8,262868.64,261501.22
2022-11-21 23:58,2022-11-23 09:44,1998,1.18251,up,tp,sl,buy,68.6,4452.4,260147.95,265985.96
2022-11-25 01:38,2022-11-25 08:02,384,1.21059,down,sl,sl,none,-41.4,4411.0,264609.49,263233.01
2022-11-28 09:03,2022-11-28 12:19,196,1.20953,up,sl,sl,none,-41.4,4369.6,261870.78,260508.55
2022-11-28 14:32,2022-11-28 19:11,279,1.20524,down,sl,tp,sell,68.6,4438.2,259160.42,264976.27
2022-11-29 08:51,2022-11-29 14:19,328,1.20602,up,sl,tp,sell,68.6,4506.8,263605.02,269520.61
2022-11-29 14:50,2022-11-29 19:50,300,1.19663,down,sl,sl,none,-41.4,4465.4,268125.84,266731.07
2022-11-30 05:30,2022-11-30 09:07,217,1.19881,up,sl,sl,none,-41.4,4424.0,265350.74,263970.41
2022-11-30 09:35,2022-11-30 15:06,331,1.19978,up,sl,sl,none,-41.4,4382.6,262604.36,261238.31
2022-11-30 16:00,2022-11-30 18:38,158,1.19089,down,tp,sl,buy,68.6,4451.2,259886.40,265718.55
2022-11-30 19:33,2022-12-01 07:00,678,1.20282,up,tp,sl,buy,68.6,4519.8,264343.46,270275.62
2022-12-02 13:58,2022-12-02 16:35,157,1.21745,down,tp,sl,buy,68.6,4588.4,268876.95,274910.85
2022-12-02 17:23,2022-12-05 01:25,462,1.22901,up,sl,sl,none,-41.4,4547.0,273488.19,272065.52
2022-12-05 09:38,2022-12-05 10:27,49,1.22700,down,sl,sl,none,-41.4,4505.6,270657.58,269249.64
2022-12-05 13:17,2022-12-05 15:00,103,1.22991,up,sl,tp,sell,68.6,4574.2,267856.28,273867.28
2022-12-06 12:38,2022-12-06 16:07,209,1.22370,up,sl,sl,none,-41.4,4532.8,272450.01,271032.75
2022-12-06 16:24,2022-12-06 18:32,128,1.22426,up,sl,tp,sell,68.6,4601.4,269630.16,275680.96
2022-12-07 11:45,2022-12-08 19:39,1897,1.21573,up,tp,sl,buy,68.6,4670.0,274254.31,280408.89
2022-12-09 21:46,2022-12-12 09:57,715,1.22562,down,sl,sl,none,-41.4,4628.6,278957.77,277506.66
2022-12-12 20:01,2022-12-13 13:30,1022,1.22605,down,tp,sl,buy,68.6,4697.2,276070.56,282265.90
2022-12-14 14:26,2022-12-15 08:39,1076,1.23620,down,sl,sl,none,-41.4,4655.8,280805.17,279344.45
2022-12-19 02:10,2022-12-19 08:19,369,1.21919,up,sl,sl,none,-41.4,4614.4,277898.84,276453.23
2022-12-19 13:23,2022-12-19 15:47,144,1.21583,down,sl,sl,none,-41.4,4573.0,275022.58,273591.94
2022-12-20 11:32,2022-12-21 16:30,1725,1.21742,up,sl,tp,sell,68.6,4641.6,272176.10,278284.04
2022-12-22 03:37,2022-12-22 08:26,289,1.21263,up,sl,sl,none,-41.4,4600.2,276843.92,275403.80
2022-12-22 10:33,2022-12-22 14:33,240,1.20931,down,sl,tp,sell,68.6,4668.8,273978.59,280126.98
2022-12-23 08:07,2022-12-23 11:10,183,1.20628,up,sl,sl,none,-41.4,4627.4,278677.32,277227.66
2022-12-23 19:13,2022-12-27 14:04,1997,1.20339,down,sl,sl,none,-41.4,4586.0,275793.01,274358.36
2022-12-28 07:43,2022-12-28 10:59,196,1.20419,up,sl,sl,none,-41.4,4544.6,272938.55,271518.75
2022-12-28 17:31,2022-12-29 09:49,962,1.20369,down,sl,sl,none,-41.4,4503.2,270113.64,268708.53
2022-12-29 10:01,2022-12-29 14:41,280,1.20512,up,sl,sl,none,-41.4,4461.8,267317.96,265927.39
2022-12-30 04:18,2022-12-30 13:24,546,1.20393,down,sl,sl,none,-41.4,4420.4,264551.22,263175.05
2022-12-30 15:03,2022-12-30 17:42,159,1.20699,up,sl,sl,none,-41.4,4379.0,261813.12,260451.18
2023-01-02 09:01,2023-01-03 07:54,1237,1.20484,down,sl,sl,none,-41.4,4337.6,259103.35,257755.51
2023-01-03 08:13,2023-01-03 13:16,303,1.19606,down,sl,sl,none,-41.4,4296.2,256421.63,255087.74
2023-01-04 04:52,2023-01-04 08:15,203,1.19840,up,tp,sl,buy,68.6,4364.8,253767.67,259462.50
2023-01-05 04:17,2023-01-05 13:33,556,1.20340,down,sl,tp,sell,68.6,4433.4,258119.78,263912.28
2023-01-06 15:12,2023-01-06 17:04,112,1.19796,up,tp,sl,buy,68.6,4502.0,262546.54,268438.38
2023-01-10 04:20,2023-01-10 09:34,314,1.21630,down,sl,sl,none,-41.4,4460.6,267049.21,265660.04
2023-01-11 05:34,2023-01-12 10:47,1726,1.21620,up,sl,sl,none,-41.4,4419.2,264285.25,262910.46
2023-01-12 16:27,2023-01-16 01:16,1905,1.21666,down,tp,sl,buy,68.6,4487.8,261549.90,267419.37
2023-01-16 08:36,2023-01-17 14:15,1758,1.21885,down,tp,sl,buy,68.6,4556.4,266035.48,272005.62
2023-01-19 01:45,2023-01-22 23:37,2730,1.23225,down,tp,sl,buy,68.6,4625.0,270597.99,276670.51
2023-01-23 11:09,2023-01-23 16:04,295,1.23658,down,sl,sl,none,-41.4,4583.6,275238.74,273806.97
2023-01-24 02:57,2023-01-24 09:30,393,1.23889,up,sl,sl,none,-41.4,4542.2,272390.02,270973.07
2023-01-24 10:09,2023-01-24 16:30,381,1.23144,down,sl,sl,none,-41.4,4500.8,269570.78,268168.50
2023-01-25 08:16,2023-01-25 14:47,391,1.23255,up,sl,sl,none,-41.4,4459.4,266780.73,265392.95
2023-01-26 15:09,2023-01-26 18:26,197,1.23722,down,sl,sl,none,-41.4,4418.0,264019.55,262646.14
2023-01-26 19:44,2023-01-31 08:22,3587,1.24053,up,sl,tp,sell,68.6,4486.6,261286.94,267150.52
2023-02-01 07:06,2023-02-01 16:51,585,1.23211,up,sl,sl,none,-41.4,4445.2,265768.01,264385.51
2023-02-01 16:58,2023-02-01 19:39,161,1.23066,down,sl,sl,none,-41.4,4403.8,263017.32,261649.12
2023-02-01 20:09,2023-02-02 12:16,954,1.23837,up,sl,tp,sell,68.6,4472.4,260295.09,266136.40
2023-02-03 11:20,2023-02-03 13:30,130,1.22553,up,sl,tp,sell,68.6,4541.0,270700.64,270700.64
2023-02-03 13:52,2023-02-03 15:00,68,1.21159,down,sl,sl,none,-41.4,4499.6,269299.77,267898.89
2023-02-06 14:06,2023-02-06 15:22,76,1.20526,up,sl,sl,none,-41.4,4458.2,266512.51,265126.14
2023-02-07 02:21,2023-02-07 17:53,932,1.20467,up,sl,sl,none,-41.4,4416.8,263754.11,262382.08
2023-02-07 18:03,2023-02-08 07:55,814,1.20701,up,sl,sl,none,-41.4,4375.4,261024.25,259666.43
2023-02-08 21:18,2023-02-09 10:53,806,1.20673,down,tp,sl,buy,68.6,4444.0,258322.65,264119.71
2023-02-09 21:37,2023-02-10 08:05,619,1.21139,down,sl,sl,none,-41.4,4402.6,262752.89,261386.07
2023-02-13 12:40,2023-02-13 15:07,147,1.21033,up,sl,sl,none,-41.4,4361.2,260033.39,258680.72
2023-02-15 02:34,2023-02-15 11:59,565,1.21549,down,sl,tp,sell,68.6,4429.8,257342.05,263117.10
2023-02-16 06:07,2023-02-16 13:30,443,1.20447,up,sl,sl,none,-41.4,4388.4,261755.47,260393.83
2023-02-16 14:02,2023-02-16 15:38,96,1.19942,down,sl,sl,none,-41.4,4347.0,259046.30,257698.76
2023-02-17 14:56,2023-02-21 09:33,2520,1.19717,up,tp,sl,buy,68.6,4415.6,256365.17,262118.29
2023-02-21 10:01,2023-02-21 14:45,284,1.20898,up,sl,sl,none,-41.4,4374.2,260761.83,259405.37
2023-02-22 09:00,2023-02-22 16:13,433,1.20761,down,sl,sl,none,-41.4,4332.8,258062.94,256720.52
2023-02-24 09:46,2023-02-24 14:21,275,1.20255,up,sl,tp,sell,68.6,4401.4,255391.99,261123.28
2023-02-27 09:30,2023-02-27 15:19,349,1.19627,up,tp,sl,buy,68.6,4470.0,259771.97,265601.54
2023-02-28 19:41,2023-03-01 07:52,724,1.20583,down,sl,sl,none,-41.4,4428.6,264227.05,262852.57
2023-03-01 08:39,2023-03-01 15:05,386,1.20839,up,sl,tp,sell,68.6,4497.2,261492.30,267360.49
2023-03-03 02:25,2023-03-07 07:13,3139,1.19657,up,tp,sl,buy,68.6,4565.8,265976.90,271945.72
2023-03-07 09:55,2023-03-07 15:04,309,1.20086,down,sl,tp,sell,68.6,4634.4,270538.40,276609.59
2023-03-08 15:51,2023-03-09 14:46,1358,1.18362,up,tp,sl,buy,68.6,4703.0,275178.14,281353.44
2023-03-13 11:28,2023-03-13 14:45,197,1.20580,down,tp,sl,buy,68.6,4771.6,279897.44,286178.66
2023-03-14 15:29,2023-03-14 18:27,178,1.21588,down,sl,sl,none,-41.4,4730.2,284697.68,283216.71
2023-03-14 18:30,2023-03-15 10:35,946,1.21784,up,sl,tp,sell,68.6,4798.8,281751.06,288073.87
2023-03-16 07:50,2023-03-16 09:15,85,1.20890,up,sl,sl,none,-41.4,4757.4,286583.09,285092.31
2023-03-16 10:53,2023-03-17 01:30,861,1.20419,down,tp,sl,buy,68.6,4826.0,283616.96,289981.64
2023-03-21 08:06,2023-03-22 07:11,1369,1.22463,down,sl,sl,none,-41.4,4784.6,288480.99,286980.33
2023-03-22 16:34,2023-03-22 18:41,127,1.22268,down,tp,sl,buy,68.6,4853.2,285495.21,291902.04
2023-03-23 18:52,2023-03-27 23:30,3122,1.22776,down,sl,sl,none,-41.4,4811.8,290391.45,288880.86
2023-03-29 06:13,2023-03-30 01:07,1111,1.23203,down,sl,sl,none,-41.4,4770.4,287385.90,285890.94
2023-03-30 06:55,2023-03-31 01:30,1092,1.23297,up,tp,sl,buy,68.6,4839.0,284411.46,290793.97
2023-03-31 08:23,2023-03-31 17:27,544,1.23586,down,sl,sl,none,-41.4,4797.6,289289.11,287784.25
2023-04-03 10:05,2023-04-04 07:29,1274,1.23537,up,tp,sl,buy,68.6,4866.2,286294.97,292719.75
2023-04-05 05:40,2023-04-05 09:31,231,1.24820,down,sl,sl,none,-41.4,4824.8,291204.93,289690.10
2023-04-06 07:50,2023-04-10 12:11,3072,1.24764,up,sl,tp,sell,68.6,4893.4,288190.96,294658.29
2023-04-10 12:26,2023-04-11 00:00,671,1.23728,down,sl,sl,none,-41.4,4852.0,293133.43,291608.58
2023-04-11 01:42,2023-04-12 17:11,2349,1.23955,up,tp,sl,buy,68.6,4920.6,290099.50,296609.66
2023-04-14 08:36,2023-04-14 15:29,413,1.25123,down,sl,tp,sell,68.6,4989.2,295074.71,301696.52
2023-04-17 12:30,2023-04-18 11:54,1385,1.24247,up,sl,sl,none,-41.4,4947.8,300135.24,298573.96
2023-04-19 02:57,2023-04-19 11:11,493,1.24182,down,sl,sl,none,-41.4,4906.4,297028.84,295483.72
2023-04-19 13:48,2023-04-19 23:01,538,1.24489,up,sl,sl,none,-41.4,4865.0,293954.59,292425.46
2023-04-19 23:54,2023-04-20 12:16,742,1.24287,down,sl,sl,none,-41.4,4823.6,290912.16,289398.86
2023-04-20 12:18,2023-04-21 07:40,1142,1.24070,down,sl,sl,none,-41.4,4782.2,287901.22,286403.58
2023-04-21 17:24,2023-04-25 13:18,2609,1.24250,up,sl,sl,none,-41.4,4740.8,284921.44,283439.30
2023-04-26 06:27,2023-04-28 13:06,3239,1.24254,up,tp,sl,buy,68.6,4809.4,281972.51,288300.29
2023-04-28 13:33,2023-05-01 15:40,1548,1.25092,up,sl,sl,none,-41.4,4768.0,286808.33,285316.38
2023-05-03 01:46,2023-05-03 18:00,974,1.24864,up,tp,sl,buy,68.6,4836.6,283839.87,290209.56
2023-05-04 14:08,2023-05-08 10:34,2626,1.25684,down,tp,sl,buy,68.6,4905.2,288707.72,295186.65
2023-05-08 15:29,2023-05-10 12:31,2674,1.26307,down,sl,sl,none,-41.4,4863.8,293659.06,292131.47
2023-05-10 13:00,2023-05-11 07:09,1069,1.26747,up,sl,tp,sell,68.6,4932.4,290619.69,297141.52
2023-05-12 10:13,2023-05-17 07:25,4084,1.25302,up,sl,tp,sell,68.6,5001.0,295603.82,302237.50
2023-05-17 16:11,2023-05-18 06:45,858,1.24826,up,sl,sl,none,-41.4,4959.6,300673.42,299109.34
2023-05-19 09:53,2023-05-23 07:10,2682,1.24315,up,sl,sl,none,-41.4,4918.2,297561.45,296013.56
2023-05-23 15:34,2023-05-24 09:43,1068,1.24186,up,sl,sl,none,-41.4,4876.8,294481.69,292949.82
2023-05-24 09:54,2023-05-24 12:22,148,1.23902,down,sl,sl,none,-41.4,4835.4,291433.80,289917.79
2023-05-25 09:38,2023-05-30 09:25,4246,1.23831,up,sl,sl,none,-41.4,4794.0,288417.46,286917.14
2023-05-31 03:30,2023-05-31 13:43,609,1.23881,down,sl,sl,none,-41.4,4752.6,285432.34,283947.55
2023-05-31 16:24,2023-06-01 11:12,1110,1.23845,up,tp,sl,buy,68.6,4821.2,282478.12,288817.25
2023-06-02 12:34,2023-06-04 23:10,624,1.25234,down,sl,tp,sell,68.6,4889.8,287322.62,293770.46
2023-06-05 16:29,2023-06-06 09:06,987,1.24356,up,sl,sl,none,-41.4,4848.4,292250.20,290729.94
2023-06-06 09:29,2023-06-07 13:57,1692,1.24064,down,tp,sl,buy,68.6,4917.0,289225.41,295715.96
2023-06-07 21:41,2023-06-08 14:13,989,1.24374,down,tp,sl,buy,68.6,4985.6,294185.63,300787.49
2023-06-12 12:05,2023-06-13 12:30,1450,1.25651,down,sl,sl,none,-41.4,4944.2,299230.91,297674.34
2023-06-15 02:19,2023-06-15 14:02,703,1.26372,down,tp,sl,buy,68.6,5012.8,296133.87,302779.45
2023-06-19 04:55,2023-06-20 14:00,1981,1.28119,down,sl,tp,sell,68.6,5081.4,301212.57,307972.12
2023-06-21 04:58,2023-06-21 07:54,176,1.27646,up,sl,sl,none,-41.4,5040.0,306378.36,304784.61
2023-06-21 08:39,2023-06-21 14:27,348,1.27170,down,sl,sl,none,-41.4,4998.6,303207.35,301630.09
2023-06-21 17:32,2023-06-22 06:53,789,1.27652,up,sl,sl,none,-41.4,4957.2,300069.15,298508.22
2023-06-22 13:34,2023-06-28 12:04,5619,1.27452,down,sl,tp,sell,68.6,5025.8,296963.44,303627.63
2023-06-29 09:11,2023-06-29 12:31,200,1.26463,up,sl,sl,none,-41.4,4984.4,302056.36,300485.09
2023-06-29 13:28,2023-06-30 13:16,1421,1.26034,down,tp,sl,buy,68.6,5053.0,298930.07,305638.40
2023-07-03 07:28,2023-07-06 10:30,4471,1.26754,down,tp,sl,buy,68.6,5121.6,304056.73,310880.10
2023-07-06 15:15,2023-07-07 12:30,1257,1.26962,down,tp,sl,buy,68.6,5190.2,309271.30,316211.70
2023-07-10 07:38,2023-07-10 11:22,224,1.28003,down,sl,sl,none,-41.4,5148.8,314575.30,312938.91
2023-07-10 16:09,2023-07-11 10:37,1096,1.28348,up,tp,sl,buy,68.6,5217.4,311319.45,318305.81
2023-07-12 10:17,2023-07-13 02:46,982,1.29200,down,tp,sl,buy,68.6,5286.0,316658.58,323764.75
2023-07-14 08:09,2023-07-14 14:01,352,1.31178,down,sl,sl,none,-41.4,5244.6,322089.27,320413.79
2023-07-18 02:16,2023-07-18 13:50,694,1.30851,up,sl,sl,none,-41.4,5203.2,318755.65,317097.50
2023-07-18 14:16,2023-07-19 06:00,933,1.30903,down,sl,tp,sell,68.6,5271.8,315456.53,322535.73
2023-07-20 01:43,2023-07-20 12:21,638,1.29609,up,sl,tp,sell,68.6,5340.4,320866.60,328067.21
2023-07-21 06:11,2023-07-24 14:21,1913,1.28940,up,sl,tp,sell,68.6,5409.0,326369.47,333693.57
2023-07-25 03:10,2023-07-25 13:21,611,1.28368,up,sl,sl,none,-41.4,5367.6,331966.70,330239.84
2023-07-25 14:32,2023-07-26 10:55,1219,1.28340,up,tp,sl,buy,68.6,5436.2,328530.85,335903.45
2023-07-27 13:01,2023-07-27 18:34,333,1.28998,down,sl,tp,sell,68.6,5504.8,334165.15,341664.20
2023-07-28 10:56,2023-07-31 13:27,1572,1.28503,up,sl,sl,none,-41.4,5463.4,339896.08,338127.97
2023-07-31 15:24,2023-08-01 12:11,1231,1.28601,up,sl,tp,sell,68.6,5532.0,336378.16,343926.87
2023-08-02 08:27,2023-08-02 13:34,307,1.27949,up,sl,tp,sell,68.6,5600.6,342147.05,349825.21
2023-08-03 15:58,2023-08-04 12:30,1224,1.27062,up,sl,sl,none,-41.4,5559.2,348014.87,346204.52
2023-08-04 13:09,2023-08-04 19:34,385,1.27680,up,sl,sl,none,-41.4,5517.8,344412.91,342621.30
2023-08-07 04:37,2023-08-07 12:28,471,1.27333,down,sl,sl,none,-41.4,5476.4,340848.24,339075.17
2023-08-07 13:06,2023-08-10 12:30,4258,1.27721,up,sl,sl,none,-41.4,5435.0,337320.46,335565.75
2023-08-10 16:20,2023-08-11 11:43,1156,1.27119,down,sl,sl,none,-41.4,5393.6,333829.19,332092.64
2023-08-13 22:40,2023-08-14 10:44,724,1.26916,down,sl,sl,none,-41.4,5352.2,330374.06,328655.48
2023-08-14 12:43,2023-08-14 15:15,152,1.26565,down,sl,sl,none,-41.4,5310.8,326954.69,325253.90
2023-08-14 16:41,2023-08-15 06:00,789,1.26981,up,sl,sl,none,-41.4,5269.4,323570.71,321887.52
2023-08-15 20:41,2023-08-22 06:19,6300,1.26976,down,tp,sl,buy,68.6,5338.0,320221.75,327407.89
2023-08-22 12:40,2023-08-23 09:13,1224,1.27508,down,sl,tp,sell,68.6,5406.6,325713.55,333022.94
2023-08-23 17:09,2023-08-24 12:53,1181,1.27187,up,sl,tp,sell,68.6,5475.2,331299.54,338734.28
2023-08-25 11:46,2023-08-25 14:03,137,1.26124,up,sl,sl,none,-41.4,5433.8,336981.33,335228.38
2023-08-25 15:07,2023-08-30 09:16,3934,1.25667,down,tp,sl,buy,68.6,5502.4,333493.57,340977.55
2023-08-31 08:39,2023-09-01 14:40,1797,1.27047,down,sl,tp,sell,68.6,5571.0,339212.99,346825.31
2023-09-01 14:42,2023-09-04 10:27,1169,1.26181,down,sl,sl,none,-41.4,5529.6,345030.49,343235.67
2023-09-05 02:53,2023-09-06 13:31,2059,1.26177,down,sl,tp,sell,68.6,5598.2,341459.42,349122.16
2023-09-08 01:11,2023-09-08 11:32,621,1.24873,up,sl,sl,none,-41.4,5556.8,347315.45,345508.75
2023-09-08 12:50,2023-09-08 16:29,219,1.24852,up,sl,sl,none,-41.4,5515.4,343720.74,341932.73
2023-09-11 00:28,2023-09-12 08:59,1946,1.24845,up,sl,sl,none,-41.4,5474.0,340163.23,338393.73
2023-09-12 21:38,2023-09-14 14:18,2417,1.24932,up,sl,tp,sell,68.6,5542.6,336642.54,344197.18
2023-09-15 08:11,2023-09-20 06:00,4111,1.24389,up,sl,tp,sell,68.6,5611.2,342415.96,350100.16
2023-09-20 14:09,2023-09-21 00:43,629,1.24040,up,sl,tp,sell,68.6,5679.8,348288.39,356104.38
2023-09-28 01:55,2023-09-28 08:08,373,1.21431,up,sl,sl,none,-41.4,5638.4,354261.54,352418.70
2023-09-29 14:55,2023-10-02 14:50,1426,1.22093,down,sl,tp,sell,68.6,5707.0,350594.93,358462.68
2023-10-03 18:00,2023-10-04 08:34,862,1.20817,up,sl,sl,none,-41.4,5665.6,356607.64,354752.59
2023-10-04 08:47,2023-10-05 18:31,2022,1.21015,up,tp,sl,buy,68.6,5734.2,352916.75,360836.60
2023-10-06 13:10,2023-10-06 15:25,135,1.21401,down,tp,sl,buy,68.6,5802.8,358969.27,367024.95
2023-10-06 15:37,2023-10-10 08:51,2455,1.22529,up,sl,sl,none,-41.4,5761.4,365125.59,363226.24
2023-10-11 18:07,2023-10-12 12:32,1095,1.22908,down,sl,sl,none,-41.4,5720.0,361346.54,359466.85
2023-10-16 06:15,2023-10-16 14:41,506,1.21682,up,sl,sl,none,-41.4,5678.6,357606.60,355746.36
2023-10-17 06:53,2023-10-17 11:50,297,1.21708,down,sl,sl,none,-41.4,5637.2,353905.38,352064.39
2023-10-17 16:22,2023-10-19 06:00,2242,1.22075,up,sl,tp,sell,68.6,5705.8,350242.46,358102.29
2023-10-19 13:48,2023-10-19 16:02,134,1.21517,up,sl,sl,none,-41.4,5664.4,356249.11,354395.93
2023-10-20 00:28,2023-10-20 06:21,353,1.21244,down,sl,sl,none,-41.4,5623.0,352561.94,350727.94
2023-10-20 12:57,2023-10-23 15:34,1587,1.21404,up,tp,sl,buy,68.6,5691.6,348912.92,356742.92
2023-10-24 11:06,2023-10-25 09:23,1329,1.22153,down,sl,tp,sell,68.6,5760.2,354896.78,362861.06
2023-10-26 13:41,2023-10-27 05:19,936,1.21212,up,sl,sl,none,-41.4,5718.8,360983.26,359105.45
2023-10-27 08:33,2023-10-30 07:50,1336,1.21159,down,sl,sl,none,-41.4,5677.4,357247.08,355388.71
2023-10-30 10:31,2023-11-01 13:26,3047,1.21270,up,sl,sl,none,-41.4,5636.0,353549.57,351710.44
2023-11-01 15:51,2023-11-01 19:31,220,1.21354,up,sl,sl,none,-41.4,5594.6,349890.33,348070.23
2023-11-01 20:22,2023-11-03 12:22,2387,1.21461,up,tp,sl,buy,68.6,5663.2,346268.97,354039.64
2023-11-06 17:53,2023-11-07 11:35,1047,1.23730,down,sl,tp,sell,68.6,5731.8,352207.48,360111.42
2023-11-08 16:21,2023-11-10 11:35,2581,1.22962,up,sl,tp,sell,68.6,5800.4,358247.84,366287.33
2023-11-10 19:21,2023-11-13 09:23,826,1.22301,up,sl,sl,none,-41.4,5759.0,364391.79,362496.25
2023-11-15 11:33,2023-11-17 07:48,2642,1.24647,down,sl,tp,sell,68.6,5827.6,360620.34,368713.06
2023-11-17 10:57,2023-11-17 18:54,477,1.24321,up,sl,sl,none,-41.4,5786.2,366804.97,364896.88
2023-11-22 05:25,2023-11-22 14:03,518,1.25265,down,sl,sl,none,-41.4,5744.8,363008.54,361120.20
2023-11-23 04:50,2023-11-24 14:35,2001,1.25021,up,tp,sl,buy,68.6,5813.4,359251.40,367313.41
2023-11-27 17:06,2023-11-28 16:45,1413,1.26101,down,tp,sl,buy,68.6,5882.0,365412.57,373612.84
2023-11-29 10:37,2023-11-30 08:50,1328,1.26846,down,sl,sl,none,-41.4,5840.6,371679.39,369745.94
2023-12-01 03:23,2023-12-01 14:07,644,1.26459,up,sl,sl,none,-41.4,5799.2,367832.51,365919.07
2023-12-01 14:25,2023-12-03 23:16,527,1.26280,down,tp,sl,buy,68.6,5867.8,364025.44,372194.59
2023-12-04 08:15,2023-12-05 18:41,2055,1.26680,down,sl,tp,sell,68.6,5936.4,370268.48,378577.72
2023-12-07 08:59,2023-12-07 13:30,271,1.25709,up,sl,sl,none,-41.4,5895.0,376618.58,374659.44
2023-12-07 14:00,2023-12-07 17:44,224,1.25828,up,sl,sl,none,-41.4,5853.6,372720.58,370781.72
2023-12-08 07:39,2023-12-08 13:30,351,1.25628,down,sl,sl,none,-41.4,5812.2,368862.92,366944.13
2023-12-11 09:31,2023-12-12 14:32,1736,1.25552,up,sl,sl,none,-41.4,5770.8,365045.19,363146.26
2023-12-12 14:44,2023-12-13 19:37,1731,1.25193,down,tp,sl,buy,68.6,5839.4,361266.97,369374.21
2023-12-13 19:50,2023-12-14 12:04,969,1.26239,up,tp,sl,buy,68.6,5908.0,367462.70,375708.98
2023-12-15 13:33,2023-12-18 11:39,1323,1.27367,down,sl,tp,sell,68.6,5976.6,373764.69,382152.39
2023-12-19 05:31,2023-12-19 14:51,560,1.26616,up,tp,sl,buy,68.6,6045.2,380174.75,388706.30
2023-12-20 06:56,2023-12-21 08:36,1535,1.27125,down,sl,tp,sell,68.6,6113.8,386694.75,395372.62
2023-12-21 12:01,2023-12-21 13:39,98,1.26651,up,sl,sl,none,-41.4,6072.4,393326.56,391280.51
2023-12-22 20:02,2023-12-27 16:01,2271,1.27011,down,tp,sl,buy,68.6,6141.0,389255.63,397990.97
2023-12-28 12:14,2024-01-02 11:00,2794,1.27810,down,sl,tp,sell,68.6,6209.6,395931.37,404816.52
2024-01-03 09:12,2024-01-03 19:24,612,1.26394,up,sl,sl,none,-41.4,6168.2,402721.59,400626.67
2024-01-04 20:06,2024-01-05 14:49,1117,1.26823,down,sl,sl,none,-41.4,6126.8,398553.42,396480.18
2024-01-05 15:15,2024-01-11 06:35,5170,1.27540,up,sl,sl,none,-41.4,6085.4,394428.40,392376.61
2024-01-11 11:01,2024-01-11 13:30,149,1.27471,down,sl,sl,none,-41.4,6044.0,390346.06,388315.51
2024-01-11 14:12,2024-01-11 15:10,58,1.27175,down,sl,sl,none,-41.4,6002.6,386305.98,384296.45
2024-01-11 20:02,2024-01-12 11:33,927,1.27571,up,sl,sl,none,-41.4,5961.2,382307.71,380318.98
2024-01-12 15:03,2024-01-16 01:09,2001,1.27723,up,sl,tp,sell,68.6,6029.8,378350.83,386841.45
2024-01-17 08:28,2024-01-17 10:07,99,1.26717,up,sl,sl,none,-41.4,5988.4,384839.54,382837.64
2024-01-18 13:52,2024-01-24 09:32,5483,1.26628,down,tp,sl,buy,68.6,6057.0,380856.46,389403.31
2024-01-24 21:53,2024-01-26 11:10,2232,1.27230,down,sl,sl,none,-41.4,6015.6,387388.14,385372.98
2024-01-26 18:44,2024-01-31 14:34,4049,1.27052,down,sl,sl,none,-41.4,5974.2,383378.68,381384.37
2024-01-31 20:51,2024-02-01 07:21,626,1.26666,down,sl,sl,none,-41.4,5932.8,379410.71,377437.04
2024-02-01 16:32,2024-02-02 13:35,1261,1.27102,up,sl,sl,none,-41.4,5891.4,375483.81,373530.57
2024-02-02 14:02,2024-02-05 11:56,1311,1.26638,down,sl,tp,sell,68.6,5960.0,371597.55,379936.62
2024-02-06 07:45,2024-02-06 14:47,422,1.25580,up,sl,sl,none,-41.4,5918.6,377970.45,376004.27
2024-02-08 08:50,2024-02-09 14:13,1760,1.26166,down,sl,sl,none,-41.4,5877.2,374058.45,372112.63
2024-02-09 14:39,2024-02-12 11:49,1264,1.26306,up,sl,sl,none,-41.4,5835.8,370186.95,368261.26
2024-02-12 17:50,2024-02-13 10:00,963,1.26361,up,sl,sl,none,-41.4,5794.4,366355.51,364449.76
2024-02-13 14:38,2024-02-16 18:48,4549,1.25975,down,sl,sl,none,-41.4,5753.0,362563.73,360677.71
2024-02-19 14:12,2024-02-22 08:12,3909,1.25980,down,tp,sl,buy,68.6,5821.6,358811.20,366863.33
2024-02-22 14:38,2024-03-04 16:14,10122,1.26150,down,tp,sl,buy,68.6,5890.2,364964.81,373155.03
2024-03-05 06:25,2024-03-07 14:52,3367,1.26775,down,tp,sl,buy,68.6,5958.8,371223.96,379554.64
2024-03-11 08:23,2024-03-12 12:30,1672,1.28439,down,sl,tp,sell,68.6,6027.4,377590.45,386064.01
2024-03-13 01:07,2024-03-14 08:20,1869,1.27956,up,sl,sl,none,-41.4,5986.0,384066.12,382068.24
2024-03-14 13:36,2024-03-19 08:16,3931,1.27788,down,sl,tp,sell,68.6,6054.6,380091.04,388620.71
2024-03-19 16:43,2024-03-20 18:00,1510,1.27229,up,sl,sl,none,-41.4,6013.2,386609.60,384598.49
2024-03-21 12:04,2024-03-22 02:14,845,1.27367,down,sl,tp,sell,68.6,6081.8,382608.19,391194.35
2024-03-25 02:48,2024-03-25 11:51,543,1.26160,up,sl,sl,none,-41.4,6040.4,389169.92,387145.49
2024-03-26 14:04,2024-04-01 15:29,5804,1.26401,down,sl,tp,sell,68.6,6109.0,385142.01,393785.04
2024-04-02 09:38,2024-04-04 05:27,2618,1.25673,up,tp,sl,buy,68.6,6177.6,391747.20,400538.45
2024-04-04 19:18,2024-04-09 09:13,3701,1.26449,down,sl,sl,none,-41.4,6136.2,398465.66,396392.88
2024-04-10 12:58,2024-04-10 16:31,213,1.26105,down,sl,tp,sell,68.6,6204.8,394341.54,403191.02
2024-04-11 13:01,2024-04-12 10:52,1308,1.25632,up,sl,tp,sell,68.6,6273.4,401104.50,410105.74
2024-04-15 06:43,2024-04-15 12:31,348,1.24725,up,sl,sl,none,-41.4,6232.0,407983.44,405861.15
2024-04-15 15:19,2024-04-17 06:51,2369,1.24530,down,sl,sl,none,-41.4,6190.6,403760.82,401660.48
2024-04-17 07:00,2024-04-19 16:18,3432,1.24708,up,sl,tp,sell,68.6,6259.2,399581.89,408548.96
2024-04-23 01:39,2024-04-23 08:30,411,1.23538,up,sl,sl,none,-41.4,6217.8,406434.72,404320.48
2024-04-24 08:52,2024-04-25 08:32,1419,1.24274,down,tp,sl,buy,68.6,6286.4,402228.12,411254.58
2024-04-26 04:21,2024-04-26 14:42,621,1.24984,down,sl,sl,none,-41.4,6245.0,409126.33,406998.09
2024-04-29 00:01,2024-04-30 20:30,2664,1.25110,up,sl,sl,none,-41.4,6203.6,404891.88,402785.66
2024-05-01 15:53,2024-05-03 12:30,2672,1.24864,up,tp,sl,buy,68.6,6272.2,400701.24,409693.43
2024-05-03 17:04,2024-05-07 17:05,2868,1.25417,down,sl,sl,none,-41.4,6230.8,407573.27,405453.11
2024-05-08 16:20,2024-05-09 14:31,1326,1.24958,up,sl,sl,none,-41.4,6189.4,403354.89,401256.67
2024-05-10 14:53,2024-05-15 08:17,3901,1.25104,down,tp,sl,buy,68.6,6258.0,399180.16,408138.22
2024-05-16 10:39,2024-05-17 14:42,1675,1.26706,down,sl,sl,none,-41.4,6216.6,406026.10,403913.99
2024-05-20 12:29,2024-05-24 06:00,5338,1.26979,down,sl,sl,none,-41.4,6175.2,401823.73,399733.48
2024-05-24 09:50,2024-05-28 13:19,3044,1.27077,up,tp,sl,buy,68.6,6243.8,397664.86,406588.91
2024-05-28 17:46,2024-06-03 15:14,5588,1.27669,down,sl,sl,none,-41.4,6202.4,404484.81,402380.71
2024-06-04 09:22,2024-06-04 14:00,278,1.27634,down,sl,sl,none,-41.4,6161.0,400298.39,398216.07
2024-06-05 08:27,2024-06-07 12:30,3099,1.27744,up,sl,sl,none,-41.4,6119.6,396155.30,394094.54
2024-06-07 12:55,2024-06-12 08:05,3990,1.27346,down,sl,sl,none,-41.4,6078.2,392055.10,390015.66
2024-06-13 03:10,2024-06-14 09:36,1821,1.27881,down,sl,tp,sell,68.6,6146.8,387997.33,396704.43
2024-06-17 15:44,2024-06-20 16:04,4302,1.26843,up,sl,sl,none,-41.4,6105.4,394651.48,392598.54
2024-06-24 05:15,2024-06-26 13:32,3362,1.26476,up,sl,sl,none,-41.4,6064.0,390566.84,388535.14
2024-06-27 06:51,2024-07-02 07:24,4344,1.26358,up,sl,sl,none,-41.4,6022.6,386524.47,384513.80
2024-07-02 12:08,2024-07-03 14:00,1542,1.26589,up,tp,sl,buy,68.6,6091.2,382523.94,391108.21
2024-07-08 18:45,2024-07-10 13:36,2554,1.28085,down,sl,sl,none,-41.4,6049.8,389084.23,387060.24
2024-07-15 12:26,2024-07-16 12:47,1451,1.29699,down,sl,sl,none,-41.4,6008.4,385057.21,383054.17
2024-07-16 19:17,2024-07-18 18:21,2817,1.29687,up,sl,sl,none,-41.4,5967.0,381071.86,379089.56
2024-07-21 23:37,2024-07-29 07:19,7631,1.29361,up,sl,tp,sell,68.6,6035.6,377127.77,385590.95
2024-07-29 18:17,2024-08-01 09:04,3753,1.28612,up,sl,tp,sell,68.6,6104.2,383595.51,392203.83
2024-08-02 12:30,2024-08-02 12:50,20,1.27672,up,sl,sl,none,-41.4,6062.8,390174.18,388144.52
2024-08-05 06:25,2024-08-05 07:48,83,1.27203,down,tp,sl,buy,68.6,6131.4,386135.87,394801.20
2024-08-05 08:47,2024-08-06 10:24,1534,1.27881,up,sl,tp,sell,68.6,6200.0,392758.10,401572.04
2024-08-07 04:24,2024-08-07 11:30,426,1.27151,up,sl,sl,none,-41.4,6158.6,399493.90,397415.77
2024-08-07 18:01,2024-08-08 14:12,1210,1.26947,down,sl,sl,none,-41.4,6117.2,395359.14,393302.52
2024-08-08 14:42,2024-08-13 06:20,3801,1.27167,up,tp,sl,buy,68.6,6185.8,391267.18,400047.65
2024-08-14 07:35,2024-08-15 01:30,1070,1.28395,down,sl,sl,none,-41.4,6144.4,397977.41,395907.16
2024-08-15 05:20,2024-08-15 12:38,438,1.28401,up,sl,sl,none,-41.4,6103.0,393858.34,391809.52
2024-08-15 13:37,2024-08-16 12:09,1344,1.28211,down,tp,sl,buy,68.6,6171.6,389781.91,398529.06
2024-08-21 07:49,2024-08-21 18:00,611,1.30121,down,tp,sl,buy,68.6,6240.2,396466.67,405363.83
2024-08-22 15:37,2024-08-23 14:02,1336,1.30881,down,tp,sl,buy,68.6,6308.8,403266.07,412315.82
2024-08-26 10:55,2024-08-28 16:23,3199,1.31955,down,sl,sl,none,-41.4,6267.4,410182.08,408048.35
2024-08-29 04:51,2024-08-30 16:27,2131,1.32077,up,sl,tp,sell,68.6,6336.0,405936.70,415046.38
2024-09-02 09:46,2024-09-04 14:01,3101,1.31358,up,sl,sl,none,-41.4,6294.6,412898.51,410750.65
2024-09-06 09:29,2024-09-06 15:08,339,1.31649,down,sl,sl,none,-41.4,6253.2,408625.01,406499.38
2024-09-10 06:58,2024-09-11 14:30,1889,1.31002,up,sl,tp,sell,68.6,6321.8,404395.74,413470.84
2024-09-12 09:48,2024-09-13 00:19,855,1.30525,up,tp,sl,buy,68.6,6390.4,411331.13,420561.87
2024-09-13 17:28,2024-09-17 08:40,2340,1.31324,down,tp,sl,buy,68.6,6459.0,418385.46,427774.50
2024-09-17 13:55,2024-09-18 08:48,1126,1.31908,down,sl,sl,none,-41.4,6417.6,425560.77,423347.04
2024-09-19 00:49,2024-09-19 03:13,144,1.31785,down,sl,sl,none,-41.4,6376.2,421156.22,418965.40
2024-09-19 05:08,2024-09-19 11:02,354,1.32133,up,tp,sl,buy,68.6,6444.8,416797.25,426150.65
2024-09-20 15:05,2024-09-23 07:52,1004,1.32831,down,sl,sl,none,-41.4,6403.4,423945.32,421739.99
2024-09-23 12:05,2024-09-24 19:06,1857,1.33130,up,tp,sl,buy,68.6,6472.0,419557.49,428972.83
2024-09-25 08:07,2024-09-25 13:06,299,1.33882,down,sl,sl,none,-41.4,6430.6,426752.90,424532.97
2024-09-26 07:20,2024-09-26 10:39,199,1.33559,up,sl,sl,none,-41.4,6389.2,422336.01,420139.05
2024-09-27 05:31,2024-09-30 18:19,2201,1.33783,down,sl,sl,none,-41.4,6347.8,417964.83,415790.61
2024-09-30 18:54,2024-10-01 14:49,1190,1.33793,down,sl,tp,sell,68.6,6416.4,413638.89,422921.42
2024-10-02 08:36,2024-10-03 05:08,1223,1.33023,up,sl,tp,sell,68.6,6485.0,420732.80,430174.52
2024-10-04 05:17,2024-10-04 12:30,433,1.31337,up,sl,sl,none,-41.4,6443.6,427948.37,425722.22
2024-10-04 13:27,2024-10-09 07:11,3932,1.30778,down,sl,sl,none,-41.4,6402.2,423519.10,421315.99
2024-10-10 07:22,2024-10-15 13:18,4664,1.30778,up,sl,sl,none,-41.4,6360.8,419135.68,416955.37
2024-10-15 18:30,2024-10-16 19:47,1516,1.30682,down,sl,tp,sell,68.6,6429.4,414797.63,424106.15
2024-10-17 11:06,2024-10-18 05:48,1120,1.30101,up,sl,sl,none,-41.4,6388.0,421911.41,419716.66
2024-10-21 05:35,2024-10-22 13:02,1877,1.30414,down,sl,tp,sell,68.6,6456.6,417544.62,426914.80
2024-10-23 03:29,2024-10-29 15:52,6468,1.29856,up,sl,sl,none,-41.4,6415.2,424705.51,422496.23
2024-10-30 10:48,2024-10-30 13:55,187,1.29725,down,sl,sl,none,-41.4,6373.8,420309.81,418123.39
2024-10-30 15:27,2024-10-31 14:04,1354,1.30020,up,sl,tp,sell,68.6,6442.4,415959.60,425294.21
2024-10-31 14:11,2024-10-31 14:59,48,1.29110,down,sl,sl,none,-41.4,6401.0,423093.31,420892.41
2024-11-01 09:55,2024-11-05 14:21,3068,1.29108,up,tp,sl,buy,68.6,6469.6,418714.30,428110.72
2024-11-06 01:35,2024-11-06 03:41,126,1.29614,down,sl,tp,sell,68.6,6538.2,425895.25,435452.82
2024-11-07 02:08,2024-11-07 14:40,752,1.28979,up,tp,sl,buy,68.6,6606.8,433199.35,442920.83
2024-11-08 08:24,2024-11-08 16:26,482,1.29413,down,sl,sl,none,-41.4,6565.4,440628.72,438336.60
2024-11-13 13:43,2024-11-14 09:14,1169,1.27523,up,sl,tp,sell,68.6,6634.0,436068.21,445854.08
2024-11-14 15:50,2024-11-15 19:59,1687,1.27018,up,sl,tp,sell,68.6,6702.6,443546.78,453500.47
2024-11-18 14:23,2024-11-20 07:23,2454,1.26238,up,tp,sl,buy,68.6,6771.2,451153.61,461278.01
2024-11-20 10:38,2024-11-22 05:32,2570,1.26604,down,sl,tp,sell,68.6,6839.8,458890.89,469188.92
2024-11-24 22:45,2024-11-25 08:10,565,1.25834,up,sl,sl,none,-41.4,6798.4,466760.87,464332.82
2024-11-25 16:43,2024-11-25 23:43,418,1.25557,down,sl,sl,none,-41.4,6757.0,461929.90,459526.97
2024-11-26 10:12,2024-11-26 16:12,360,1.25743,up,sl,sl,none,-41.4,6715.6,457148.92,454770.87
2024-11-26 16:52,2024-11-27 12:50,1197,1.25406,down,tp,sl,buy,68.6,6784.2,452417.43,462570.19
2024-11-28 08:32,2024-11-29 07:15,1353,1.26514,down,tp,sl,buy,68.6,6852.8,460176.39,470503.27
2024-11-29 11:23,2024-11-29 15:57,274,1.26934,down,sl,sl,none,-41.4,6811.4,468068.41,465633.56
2024-11-29 17:04,2024-12-02 12:53,1187,1.26968,up,sl,sl,none,-41.4,6770.0,463223.91,460814.25
2024-12-02 13:07,2024-12-03 08:34,1163,1.26738,down,sl,sl,none,-41.4,6728.6,458429.54,456044.83
2024-12-04 03:25,2024-12-04 09:04,339,1.26571,down,sl,sl,none,-41.4,6687.2,453684.79,451324.76
2024-12-04 10:00,2024-12-05 14:33,1710,1.26763,down,tp,sl,buy,68.6,6755.8,448989.16,459064.98
2024-12-06 16:01,2024-12-09 07:56,951,1.27405,down,sl,sl,none,-41.4,6714.4,456689.32,454313.66
2024-12-09 08:33,2024-12-10 03:30,1135,1.27582,up,sl,sl,none,-41.4,6673.0,451962.58,449611.51
2024-12-10 11:44,2024-12-12 07:08,2597,1.27620,up,sl,sl,none,-41.4,6631.6,447284.77,444958.03
2024-12-12 11:11,2024-12-13 07:00,1185,1.27425,down,sl,tp,sell,68.6,6700.2,442655.37,452589.06
2024-12-16 05:18,2024-12-17 17:07,2146,1.26370,up,tp,sl,buy,68.6,6768.8,450246.91,460350.97
2024-12-18 04:24,2024-12-18 19:00,876,1.26977,down,sl,sl,none,-41.4,6727.4,457968.65,455586.33
2024-12-18 19:09,2024-12-19 09:19,846,1.26393,down,sl,sl,none,-41.4,6686.0,453228.67,450871.01
2024-12-19 09:47,2024-12-19 15:04,317,1.26615,up,sl,tp,sell,68.6,6754.6,448537.76,458603.45
2024-12-20 13:25,2024-12-23 12:32,1385,1.25353,up,sl,sl,none,-41.4,6713.2,456230.18,453856.91
2024-12-24 08:39,2024-12-24 17:00,501,1.25433,up,sl,sl,none,-41.4,6671.8,451508.20,449159.49
2024-12-24 17:19,2024-12-27 11:26,1862,1.25284,down,sl,sl,none,-41.4,6630.4,446835.09,444510.69
2024-12-27 11:40,2024-12-30 15:36,1670,1.25472,up,sl,sl,none,-41.4,6589.0,442210.34,439910.00
2025-01-02 04:55,2025-01-02 11:25,390,1.25343,up,sl,tp,sell,68.6,6657.6,437633.47,447454.46
2025-01-03 09:25,2025-01-03 19:36,611,1.24121,up,sl,sl,none,-41.4,6616.2,445138.88,442823.30
2025-01-07 15:33,2025-01-08 11:14,1175,1.25022,down,sl,tp,sell,68.6,6684.8,440531.69,450417.72
2025-01-10 03:10,2025-01-10 13:30,620,1.23041,up,sl,tp,sell,68.6,6753.4,448086.81,458142.39
2025-01-10 13:45,2025-01-10 16:19,154,1.22198,down,sl,sl,none,-41.4,6712.0,455771.50,453400.61
2025-01-13 18:09,2025-01-14 13:27,1157,1.21647,up,sl,sl,none,-41.4,6670.6,451054.27,448707.92
2025-01-14 19:25,2025-01-15 07:46,740,1.22069,up,sl,sl,none,-41.4,6629.2,446385.85,444063.79
2025-01-15 18:28,2025-01-16 07:00,751,1.22232,down,sl,sl,none,-41.4,6587.8,441765.76,439467.73
2025-01-16 16:37,2025-01-20 13:32,2689,1.22455,up,sl,sl,none,-41.4,6546.4,437193.48,434919.24
2025-01-21 07:40,2025-01-21 15:33,473,1.22828,down,sl,sl,none,-41.4,6505.0,432668.53,430417.83
2025-01-21 15:45,2025-01-24 02:44,3532,1.23064,up,tp,sl,buy,68.6,6573.6,428190.41,437799.49
2025-01-27 07:42,2025-01-28 12:03,1699,1.24431,down,sl,sl,none,-41.4,6532.2,435533.88,433268.27
2025-01-29 00:15,2025-01-30 13:57,2260,1.24454,up,sl,sl,none,-41.4,6490.8,431026.10,428783.94
2025-01-30 14:20,2025-02-02 22:01,1898,1.24632,up,sl,tp,sell,68.6,6559.4,426564.98,436137.58
2025-02-03 13:35,2025-02-03 15:23,108,1.23577,up,sl,sl,none,-41.4,6518.0,433880.57,431623.56
2025-02-06 00:24,2025-02-06 10:43,619,1.25032,down,sl,tp,sell,68.6,6586.6,429389.91,439025.90
2025-02-07 07:41,2025-02-07 13:32,351,1.24437,up,sl,sl,none,-41.4,6545.2,436753.95,434481.99
2025-02-07 16:28,2025-02-07 18:19,111,1.24001,down,sl,sl,none,-41.4,6503.8,432233.54,429985.10
2025-02-10 11:00,2025-02-11 19:38,1956,1.24122,up,sl,sl,none,-41.4,6462.4,427759.92,425534.75
2025-02-12 13:55,2025-02-12 17:21,206,1.23821,down,tp,sl,buy,68.6,6531.0,423332.61,432832.67
2025-02-12 17:55,2025-02-13 07:00,782,1.24805,up,sl,sl,none,-41.4,6489.6,430592.76,428352.85
2025-02-17 00:00,2025-02-19 17:05,3893,1.25844,down,sl,sl,none,-41.4,6448.2,426136.13,423919.40
2025-02-20 05:13,2025-02-24 02:39,2718,1.25983,up,tp,sl,buy,68.6,6516.8,421725.62,431189.62
2025-02-24 08:37,2025-02-24 14:47,370,1.26340,down,sl,sl,none,-41.4,6475.4,428958.21,426726.81
2025-02-25 05:55,2025-02-25 12:01,366,1.26364,up,sl,sl,none,-41.4,6434.0,424518.50,422310.19
2025-02-25 12:06,2025-02-26 05:37,1049,1.26559,up,sl,sl,none,-41.4,6392.6,420124.73,417939.28
2025-02-26 14:58,2025-02-27 13:46,1366,1.26666,up,sl,sl,none,-41.4,6351.2,415776.44,413613.60
2025-02-27 13:56,2025-03-03 11:33,2729,1.26361,down,sl,sl,none,-41.4,6309.8,411473.15,409332.70
2025-03-06 11:06,2025-03-11 18:42,4767,1.28747,down,tp,sl,buy,68.6,6378.4,407214.41,416352.76
2025-03-12 04:15,2025-03-19 19:08,8012,1.29205,down,tp,sl,buy,68.6,6447.0,414198.13,423493.21
2025-03-19 19:25,2025-03-20 07:39,729,1.29849,up,sl,sl,none,-41.4,6405.6,421301.63,419110.05
2025-03-20 07:46,2025-03-26 13:30,6012,1.29648,down,sl,tp,sell,68.6,6474.2,416941.16,426297.79
2025-03-27 02:50,2025-03-31 15:57,3651,1.29157,up,sl,sl,none,-41.4,6432.8,424091.70,421885.61
2025-04-01 03:58,2025-04-02 14:42,2065,1.29327,up,sl,sl,none,-41.4,6391.4,419702.35,417519.09
2025-04-03 19:48,2025-04-04 06:45,656,1.30818,down,sl,sl,none,-41.4,6350.0,415358.43,413197.77
2025-04-08 07:30,2025-04-08 18:22,652,1.27777,up,sl,sl,none,-41.4,6308.6,411059.47,408921.17
2025-04-08 21:44,2025-04-09 04:26,402,1.27593,down,tp,sl,buy,68.6,6377.2,406805.01,415934.17
2025-04-09 13:05,2025-04-09 17:49,284,1.28006,down,sl,sl,none,-41.4,6335.8,413781.71,411629.25
2025-04-09 19:32,2025-04-10 03:15,460,1.28316,up,sl,sl,none,-41.4,6294.4,409499.07,407368.89
2025-04-16 15:45,2025-04-17 13:23,1293,1.32386,down,sl,sl,none,-41.4,6253.0,405260.76,403152.62
2025-04-21 22:03,2025-04-22 12:28,865,1.33774,down,sl,sl,none,-41.4,6211.6,401066.31,398979.99
2025-04-24 07:57,2025-04-28 14:27,3247,1.32931,up,tp,sl,buy,68.6,6280.2,396915.27,405822.50
2025-04-29 10:27,2025-04-30 08:25,1317,1.33888,down,sl,sl,none,-41.4,6238.8,403722.37,401622.24
2025-05-01 10:41,2025-05-06 11:10,4312,1.33360,up,sl,sl,none,-41.4,6197.4,399543.84,397465.45
2025-05-07 03:20,2025-05-07 09:09,349,1.33471,down,sl,sl,none,-41.4,6156.0,395408.56,393351.68
2025-05-07 13:48,2025-05-08 07:07,1037,1.33608,up,sl,tp,sell,68.6,6224.6,391316.08,400097.66
2025-05-08 12:34,2025-05-08 19:26,412,1.33285,up,sl,tp,sell,68.6,6293.2,398027.15,406959.34
2025-05-09 09:23,2025-05-12 07:13,1309,1.32692,up,sl,sl,none,-41.4,6251.8,404853.32,402747.31
2025-05-13 05:05,2025-05-13 16:53,708,1.31979,up,tp,sl,buy,68.6,6320.4,400663.09,409654.42
2025-05-14 15:06,2025-05-15 13:07,1317,1.32954,down,sl,sl,none,-41.4,6279.0,407534.46,405414.50
2025-05-16 10:11,2025-05-19 00:54,880,1.32911,down,sl,sl,none,-41.4,6237.6,403316.48,401218.46
2025-05-20 11:55,2025-05-20 17:32,337,1.33609,down,sl,sl,none,-41.4,6196.2,399142.15,397065.85
2025-05-21 21:21,2025-05-22 09:12,711,1.34143,down,sl,sl,none,-41.4,6154.8,395011.03,392956.22
2025-05-22 15:36,2025-05-23 01:51,610,1.34258,up,sl,sl,none,-41.4,6113.4,390922.67,388889.12
2025-05-26 21:15,2025-05-27 05:11,476,1.35583,down,sl,sl,none,-41.4,6072.0,386876.62,384864.12
2025-05-27 05:16,2025-05-27 07:52,156,1.35456,down,sl,sl,none,-41.4,6030.6,382872.45,380880.77
2025-05-28 10:27,2025-05-28 23:37,788,1.35161,up,sl,tp,sell,68.6,6099.2,378909.72,387412.88
2025-05-29 08:48,2025-06-02 07:45,2800,1.34626,up,tp,sl,buy,68.6,6167.8,385408.02,394057.01
2025-06-03 02:58,2025-06-04 01:37,1350,1.35215,down,sl,sl,none,-41.4,6126.4,392017.76,389978.52
2025-06-04 05:13,2025-06-05 13:20,1921,1.35146,down,tp,sl,buy,68.6,6195.0,387960.38,396666.65
2025-06-06 03:16,2025-06-10 07:00,3086,1.35714,down,sl,tp,sell,68.6,6263.6,394613.90,403469.48
2025-06-11 10:35,2025-06-12 01:11,868,1.34984,up,tp,sl,buy,68.6,6332.2,401381.53,410388.99
2025-06-12 08:47,2025-06-13 03:34,1120,1.35637,down,sl,sl,none,-41.4,6290.8,408265.22,406141.46
2025-06-13 15:51,2025-06-16 14:04,1329,1.35966,up,sl,sl,none,-41.4,6249.4,404039.68,401937.90
2025-06-16 22:31,2025-06-17 16:47,1096,1.35744,down,sl,tp,sell,68.6,6318.0,399857.87,408831.13
2025-06-18 14:52,2025-06-19 23:25,1949,1.34568,up,sl,sl,none,-41.4,6276.6,406715.43,404599.73
2025-06-20 15:37,2025-06-23 09:25,1047,1.34696,down,sl,tp,sell,68.6,6345.2,402505.92,411538.61
2025-06-23 14:50,2025-06-24 04:47,833,1.34801,up,tp,sl,buy,68.6,6413.8,409408.90,418596.50
2025-06-25 09:28,2025-06-26 00:04,873,1.36051,down,tp,sl,buy,68.6,6482.4,416430.26,425775.43
2025-06-26 22:57,2025-06-27 17:25,1108,1.37173,down,sl,sl,none,-41.4,6441.0,423572.04,421368.66
2025-06-30 05:24,2025-07-01 07:17,1548,1.37370,up,sl,sl,none,-41.4,6399.6,419188.07,417007.49
2025-07-01 14:20,2025-07-02 08:22,1079,1.37216,down,sl,sl,none,-41.4,6358.2,414849.48,412691.46
2025-07-03 07:29,2025-07-07 08:53,2951,1.36721,up,sl,tp,sell,68.6,6426.8,410555.78,419769.12
2025-07-07 15:04,2025-07-08 13:31,1344,1.36346,up,sl,tp,sell,68.6,6495.4,417596.82,426968.16
2025-07-09 06:30,2025-07-10 12:30,1794,1.35832,up,sl,sl,none,-41.4,6454.0,424758.60,422549.04
2025-07-15 09:10,2025-07-16 15:30,1807,1.34497,up,sl,sl,none,-41.4,6412.6,420362.35,418175.66
2025-07-16 15:34,2025-07-21 14:08,4212,1.34638,up,sl,sl,none,-41.4,6371.2,416011.60,413847.54
2025-07-22 06:09,2025-07-23 14:10,1913,1.34675,down,tp,sl,buy,68.6,6439.8,411705.88,420945.03
2025-07-24 08:06,2025-07-25 07:45,1418,1.35632,down,sl,tp,sell,68.6,6508.4,418766.63,428164.23
2025-07-29 19:03,2025-07-30 12:35,1038,1.33539,up,sl,sl,none,-41.4,6467.0,425948.48,423732.73
2025-07-30 13:07,2025-07-31 10:26,1273,1.33088,down,sl,tp,sell,68.6,6535.6,421539.92,430999.75
2025-08-01 13:12,2025-08-04 14:23,1505,1.32978,up,sl,sl,none,-41.4,6494.2,428769.33,426538.90
2025-08-04 18:47,2025-08-06 18:33,2858,1.32780,down,tp,sl,buy,68.6,6562.8,424331.56,433854.04
2025-08-08 13:28,2025-08-11 12:35,1376,1.34369,down,sl,sl,none,-41.4,6521.4,431608.85,429363.65
2025-08-12 06:44,2025-08-13 07:12,1460,1.34400,up,tp,sl,buy,68.6,6590.0,427141.70,436727.24
2025-08-14 12:52,2025-08-20 02:00,5065,1.35602,down,sl,tp,sell,68.6,6658.6,434467.18,444217.11
2025-08-20 07:31,2025-08-21 15:11,1897,1.35056,up,sl,tp,sell,68.6,6727.2,441918.29,451835.44
2025-08-22 12:50,2025-08-22 14:16,86,1.34138,up,tp,sl,buy,68.6,6795.8,449497.19,459584.41
2025-08-25 10:28,2025-08-25 18:39,491,1.34854,down,sl,sl,none,-41.4,6754.4,457206.07,454827.72
2025-08-26 10:49,2025-08-27 16:47,1787,1.34746,up,sl,sl,none,-41.4,6713.0,452473.98,450120.25
2025-08-28 21:36,2025-09-01 02:56,1752,1.35041,down,sl,sl,none,-41.4,6671.6,447790.88,445461.50
2025-09-02 02:31,2025-09-02 07:34,303,1.35251,down,sl,tp,sell,68.6,6740.2,443156.24,453101.17
2025-09-03 09:22,2025-09-05 12:30,3064,1.34067,up,tp,sl,buy,68.6,6808.8,450756.37,460871.85
2025-09-08 05:35,2025-09-15 07:37,7275,1.35014,down,tp,sl,buy,68.6,6877.4,458486.84,468775.81
2025-09-17 04:07,2025-09-17 20:22,975,1.36421,down,sl,sl,none,-41.4,6836.0,466349.89,463923.98
2025-09-17 20:23,2025-09-18 08:44,738,1.36205,down,sl,sl,none,-41.4,6794.6,461523.17,459122.36
2025-09-18 09:36,2025-09-18 13:38,242,1.36486,up,sl,tp,sell,68.6,6863.2,456746.41,466996.31
2025-09-22 07:37,2025-09-24 11:46,3119,1.34775,up,sl,sl,none,-41.4,6821.8,464579.61,462162.90
2025-09-25 04:48,2025-09-25 12:52,484,1.34638,up,sl,tp,sell,68.6,6890.4,459771.21,470088.99
2025-09-26 09:50,2025-09-29 12:50,1609,1.33625,up,tp,sl,buy,68.6,6959.0,467656.28,478151.02
2025-09-29 21:36,2025-10-01 12:18,2314,1.34246,down,tp,sl,buy,68.6,7027.6,475676.59,486351.31
2025-10-02 04:39,2025-10-02 13:15,516,1.34754,down,sl,sl,none,-41.4,6986.2,483834.44,481317.57
2025-10-03 08:29,2025-10-03 15:46,437,1.34610,up,sl,sl,none,-41.4,6944.8,478826.76,476335.94
2025-10-05 22:22,2025-10-07 11:25,2212,1.34281,down,sl,sl,none,-41.4,6903.4,473870.90,471405.86
2025-10-08 13:45,2025-10-09 14:30,1479,1.34251,up,sl,tp,sell,68.6,6972.0,468966.34,479490.47
2025-10-10 15:29,2025-10-14 07:26,2394,1.33569,up,sl,tp,sell,68.6,7040.6,477009.11,487713.73
2025-10-14 17:20,2025-10-15 20:05,1603,1.33138,up,tp,sl,buy,68.6,7109.2,485189.81,496078.02
2025-10-17 08:32,2025-10-17 14:56,384,1.34138,down,sl,sl,none,-41.4,7067.8,493510.82,490943.62
2025-10-17 20:16,2025-10-22 06:06,3453,1.34304,up,sl,tp,sell,68.6,7136.4,488402.98,499363.30
2025-10-22 06:18,2025-10-22 14:56,518,1.33366,down,sl,sl,none,-41.4,7095.0,496779.09,494194.89
2025-10-22 15:52,2025-10-28 13:08,5522,1.33675,up,sl,tp,sell,68.6,7163.6,491637.43,502670.33
2025-10-30 05:48,2025-10-30 13:05,436,1.32137,up,sl,tp,sell,68.6,7232.2,500069.01,511291.13
2025-10-31 20:48,2025-11-04 12:24,2292,1.31431,up,sl,tp,sell,68.6,7300.8,508645.20,520059.77
2025-11-05 09:14,2025-11-06 06:06,1244,1.30464,up,sl,sl,none,-41.4,7259.4,517368.46,514677.15
2025-11-07 09:07,2025-11-13 15:35,6137,1.31029,down,tp,sl,buy,68.6,7328.0,512013.70,523503.86
2025-11-14 00:30,2025-11-14 08:42,492,1.31578,down,sl,sl,none,-41.4,7286.6,520794.73,518085.60
2025-11-14 14:27,2025-11-17 12:23,1312,1.31642,up,sl,sl,none,-41.4,7245.2,515404.51,512723.41
2025-11-17 19:49,2025-11-19 01:57,1804,1.31520,down,sl,sl,none,-41.4,7203.8,510070.07,507416.73
2025-11-20 10:28,2025-11-20 14:01,213,1.30795,up,sl,sl,none,-41.4,7162.4,504790.84,502164.96
2025-11-21 10:22,2025-11-25 13:09,3044,1.30560,down,tp,sl,buy,68.6,7231.0,499566.26,510777.09
2025-11-26 10:37,2025-11-26 12:08,91,1.31592,down,sl,sl,none,-41.4,7189.6,508133.82,505490.55
2025-11-26 14:11,2025-12-03 09:37,6899,1.31916,up,tp,sl,buy,68.6,7258.2,502874.64,514159.71
2025-12-04 18:55,2025-12-10 19:57,5800,1.33452,down,sl,sl,none,-41.4,7216.8,511498.94,508838.16
2025-12-12 04:16,2025-12-16 09:30,3182,1.33894,down,sl,sl,none,-41.4,7175.4,506204.92,503571.68
2025-12-17 04:02,2025-12-17 07:55,233,1.34071,down,sl,tp,sell,68.6,7244.0,500965.70,512207.94
2025-12-17 17:01,2025-12-18 13:30,1218,1.33903,up,sl,sl,none,-41.4,7202.6,509557.26,506906.59
2025-12-19 04:16,2025-12-22 17:00,2198,1.33752,down,tp,sl,buy,68.6,7271.2,504283.35,515600.03
2025-12-23 17:13,2025-12-30 15:16,4967,1.34782,down,sl,sl,none,-41.4,7229.8,512931.80,510263.57
2026-01-01 22:37,2026-01-02 10:29,707,1.34653,up,sl,sl,none,-41.4,7188.4,507622.96,504982.35
2026-01-02 15:27,2026-01-02 18:15,168,1.34750,up,sl,sl,none,-41.4,7147.0,502369.06,499755.78
2026-01-02 18:52,2026-01-05 11:16,981,1.34464,down,sl,sl,none,-41.4,7105.6,497169.54,494583.31
2026-01-06 12:13,2026-01-08 08:01,2610,1.35278,down,sl,tp,sell,68.6,7174.2,492023.84,503065.41
2026-01-12 01:30,2026-01-15 12:11,4946,1.34355,up,sl,sl,none,-41.4,7132.8,500462.05,497858.68
2026-01-16 09:11,2026-01-19 09:01,1426,1.33951,up,sl,sl,none,-41.4,7091.4,495282.26,492705.85
2026-01-20 19:55,2026-01-21 09:48,829,1.34299,down,sl,sl,none,-41.4,7050.0,490156.09,487606.34
2026-01-21 15:22,2026-01-22 11:06,1180,1.34320,up,sl,sl,none,-41.4,7008.6,485082.98,482559.61
2026-01-22 12:57,2026-01-23 07:44,1122,1.34215,down,tp,sl,buy,68.6,7077.2,480062.37,490835.51
2026-01-27 08:48,2026-01-27 14:34,346,1.36696,down,tp,sl,buy,68.6,7145.8,488295.44,499253.34
2026-01-28 10:35,2026-01-28 21:07,632,1.37865,down,sl,sl,none,-41.4,7104.4,496669.71,494086.07
2026-01-28 21:38,2026-01-29 10:58,798,1.38026,up,sl,sl,none,-41.4,7063.0,491529.17,488972.28
2026-01-29 11:15,2026-01-29 15:17,242,1.37917,down,sl,sl,none,-41.4,7021.6,486441.85,483911.42
2026-01-29 15:36,2026-01-30 02:21,641,1.37602,down,sl,sl,none,-41.4,6980.2,481407.17,478902.93
2026-02-02 11:21,2026-02-04 08:08,2678,1.37032,up,sl,sl,none,-41.4,6938.8,476424.61,473946.29
2026-02-04 15:11,2026-02-05 09:04,1072,1.36847,down,sl,tp,sell,68.6,7007.4,471493.61,482074.47
2026-02-06 06:10,2026-02-09 12:54,1841,1.35707,up,tp,sl,buy,68.6,7076.0,479579.73,490342.04
2026-02-10 10:27,2026-02-10 19:10,523,1.36602,down,sl,sl,none,-41.4,7034.6,487804.52,485267.00
2026-02-11 04:23,2026-02-11 13:30,547,1.36681,up,sl,sl,none,-41.4,6993.2,482755.75,480244.49
2026-02-11 14:44,2026-02-17 07:31,5302,1.36536,down,sl,tp,sell,68.6,7061.8,477759.22,488480.68
2026-02-18 07:08,2026-02-18 14:20,432,1.35611,up,sl,sl,none,-41.4,7020.4,485952.79,483424.91
2026-02-18 14:56,2026-02-18 17:39,163,1.35372,down,sl,sl,none,-41.4,6979.0,480923.18,478421.46
2026-02-20 10:00,2026-02-25 17:05,4736,1.34670,up,tp,sl,buy,68.6,7047.6,475945.63,486626.39
2026-02-26 08:47,2026-02-26 15:28,401,1.35228,down,sl,sl,none,-41.4,7006.2,484108.10,481589.80
2026-02-27 20:34,2026-03-02 06:17,582,1.34882,up,sl,tp,sell,68.6,7074.8,479097.58,489849.07
2026-03-02 19:54,2026-03-03 07:41,706,1.34280,up,sl,tp,sell,68.6,7143.4,487314.10,498249.98
2026-03-03 20:18,2026-03-04 10:08,827,1.33615,up,sl,sl,none,-41.4,7102.0,495671.54,493093.09
2026-03-05 03:41,2026-03-05 09:07,326,1.33444,down,sl,sl,none,-41.4,7060.6,490541.34,487989.58
2026-03-05 12:49,2026-03-06 13:30,1479,1.33608,up,sl,sl,none,-41.4,7019.2,485464.23,482938.89
2026-03-06 15:09,2026-03-08 22:05,415,1.33509,up,sl,sl,none,-41.4,6977.8,480439.68,477940.47
2026-03-08 22:58,2026-03-09 06:10,432,1.33177,down,sl,sl,none,-41.4,6936.4,475467.13,472993.79
2026-03-09 11:11,2026-03-09 19:49,518,1.33537,up,tp,sl,buy,68.6,7005.0,470546.04,481105.63
2026-03-10 19:29,2026-03-11 09:03,811,1.34235,down,sl,sl,none,-41.4,6963.6,478615.91,476126.19
2026-03-16 10:29,2026-03-17 13:36,1617,1.32683,up,tp,sl,buy,68.6,7032.2,473662.23,484291.75
2026-03-18 09:24,2026-03-18 20:19,655,1.33519,down,sl,tp,sell,68.6,7100.8,481785.54,492597.35
2026-03-19 12:51,2026-03-19 13:33,42,1.33014,up,sl,sl,none,-41.4,7059.4,490048.16,487498.97
2026-03-20 10:50,2026-03-20 13:39,169,1.33764,down,sl,sl,none,-41.4,7018.0,484976.16,482453.36
2026-03-23 12:18,2026-03-23 14:29,131,1.33777,up,tp,sl,buy,68.6,7086.6,479956.66,490727.43
2026-03-24 09:47,2026-03-24 13:08,201,1.33933,down,sl,sl,none,-41.4,7045.2,488187.92,485648.40
2026-03-24 21:43,2026-03-25 05:00,437,1.34096,up,sl,sl,none,-41.4,7003.8,483135.17,480621.94
2026-03-25 08:49,2026-03-26 11:58,1627,1.34175,up,sl,tp,sell,68.6,7072.4,478134.72,488864.61
2026-03-26 15:26,2026-03-27 17:26,1559,1.33555,up,sl,tp,sell,68.6,7141.0,486334.73,497248.64
2026-03-31 08:08,2026-03-31 14:57,409,1.32088,up,sl,sl,none,-41.4,7099.6,494675.38,492102.11
2026-03-31 16:37,2026-04-01 06:25,822,1.31895,down,tp,sl,buy,68.6,7168.2,489555.48,500541.66
2026-04-02 01:52,2026-04-07 08:43,4689,1.32559,down,sl,sl,none,-41.4,7126.8,497951.36,495361.06
2026-04-08 19:22,2026-04-10 14:25,2579,1.33889,down,tp,sl,buy,68.6,7195.4,492797.56,503856.50
2026-04-12 21:49,2026-04-13 17:16,1167,1.33942,down,tp,sl,buy,68.6,7264.0,501249.04,512497.64
2026-04-15 07:39,2026-04-16 09:23,1537,1.35622,down,sl,sl,none,-41.4,7222.6,509845.46,507193.29
2026-04-17 09:53,2026-04-19 21:00,667,1.35315,up,sl,sl,none,-41.4,7181.2,504568.56,501943.84
2026-04-20 13:19,2026-04-21 08:06,1119,1.35215,up,sl,sl,none,-41.4,7139.8,499346.28,496748.72
2026-04-22 01:05,2026-04-23 00:13,1386,1.35096,up,sl,sl,none,-41.4,7098.4,494178.05,491607.37
2026-04-23 14:59,2026-04-24 19:02,1678,1.35102,up,sl,sl,none,-41.4,7057.0,489063.30,486519.23
2026-04-27 18:42,2026-04-30 14:26,4046,1.35353,down,sl,sl,none,-41.4,7015.6,484001.50,481483.76
2026-05-01 17:43,2026-05-06 08:34,3751,1.35902,down,sl,sl,none,-41.4,6974.2,478992.08,476500.40
2026-05-06 21:37,2026-05-07 19:25,1307,1.35883,down,sl,sl,none,-41.4,6932.8,474034.51,471568.62
2026-05-08 08:15,2026-05-10 21:00,765,1.35863,up,sl,sl,none,-41.4,6891.4,469128.26,466687.89
2026-05-10 22:15,2026-05-12 06:20,1918,1.35819,down,sl,sl,none,-41.4,6850.0,464272.78,461857.67
2026-05-13 03:19,2026-05-14 16:29,2223,1.35336,up,sl,tp,sell,68.6,6918.6,459467.56,469778.53
2026-05-18 07:02,2026-05-18 16:13,551,1.33533,up,tp,sl,buy,68.6,6987.2,467347.42,477835.23
2026-05-19 07:26,2026-05-24 22:31,5207,1.33936,down,tp,sl,buy,68.6,7055.8,475362.43,486030.10
2026-05-26 01:27,2026-05-28 01:56,2894,1.34896,down,sl,tp,sell,68.6,7124.4,483514.90,494365.52
2026-05-28 13:33,2026-06-05 13:37,8615,1.34180,up,sl,sl,none,-41.4,7083.0,491807.18,489248.84
2026-06-05 13:47,2026-06-07 21:56,486,1.34061,down,sl,tp,sell,68.6,7151.6,486716.97,497639.45
2026-06-08 12:03,2026-06-09 09:09,1263,1.33647,up,sl,sl,none,-41.4,7110.2,495064.17,492488.89
2026-06-09 22:44,2026-06-10 23:04,1459,1.33726,down,sl,sl,none,-41.4,7068.8,489940.26,487391.63
2026-06-11 18:41,2026-06-17 18:00,5700,1.33906,up,sl,sl,none,-41.4,7027.4,484869.37,482347.12
2026-06-19 09:13,2026-06-22 12:12,1610,1.32320,up,sl,sl,none,-41.4,6986.0,479850.98,477354.83
2026-06-23 06:07,2026-06-24 11:04,1730,1.32397,down,sl,tp,sell,68.6,7054.6,474884.52,485541.47
2026-06-25 02:38,2026-06-25 14:03,685,1.31794,up,sl,sl,none,-41.4,7013.2,483028.79,480516.11
2026-06-26 03:11,2026-07-01 13:45,4924,1.31888,down,tp,sl,buy,68.6,7081.8,478029.44,488756.96
2026-07-01 14:14,2026-07-02 12:35,1320,1.32737,up,tp,sl,buy,68.6,7150.4,486227.65,497139.14
2026-07-03 13:20,2026-07-06 16:21,1600,1.33508,down,sl,sl,none,-41.4,7109.0,494566.45,491993.75
2026-07-07 13:51,2026-07-08 17:13,1632,1.33818,down,sl,sl,none,-41.4,7067.6,489447.69,486901.62
2026-07-09 12:34,2026-07-12 22:01,1963,1.33964,down,sl,sl,none,-41.4,7026.2,484381.90,481862.19
2026-07-13 12:45,2026-07-14 12:30,1425,1.33943,up,sl,sl,none,-41.4,6984.8,479368.55,476874.91
2026-07-15 10:04,2026-07-15 14:52,288,1.33882,down,tp,sl,buy,68.6,7053.4,474407.09,485053.32
2026-07-16 10:59,2026-07-20 16:02,3169,1.35035,down,sl,tp,sell,68.6,7122.0,482543.17,493371.98
2026-07-21 06:25,2026-07-22 12:48,1817,1.34488,up,sl,tp,sell,68.6,7190.6,490818.78,501833.31
2026-07-22 14:48,2026-07-27 17:04,4402,1.33783,up,sl,tp,sell,68.6,7259.2,499236.33,510439.75
2026-07-28 13:59,2026-07-29 18:00,1677,1.33003,up,sl,sl,none,-41.4,7217.8,507798.23,505156.70
2026-07-29 18:04,2026-07-30 13:56,1192,1.33327,up,tp,sl,buy,68.6,7286.4,502542.52,513820.14
2026-07-31 11:24,2026-07-31 14:49,205,1.34347,down,sl,sl,none,-41.4,7245.0,511161.12,508502.10
