settle_day,weekday,next_trading_day,A,next_low,next_high,far_side,far_dist_pips,far_extreme_time_utc,opposite_price,distance_pips,distance_rounded,next_day_span_pips,settle_minute_volume
2021-01-04,Mon,2021-01-05,1.35652,1.35540,1.36424,UP,77.2,2021-01-05 17:17,1.35540,11.2,11,88.4,486
2021-01-05,Tue,2021-01-06,1.36266,1.35359,1.36712,DOWN,90.7,2021-01-06 14:07,1.36712,44.6,45,135.3,979
2021-01-06,Wed,2021-01-07,1.36006,1.35324,1.36335,DOWN,68.2,2021-01-07 17:32,1.36335,32.9,33,101.1,704
2021-01-07,Thu,2021-01-08,1.35703,1.35382,1.36358,UP,65.5,2021-01-08 14:26,1.35382,32.1,32,97.6,451
2021-01-08,Fri,2021-01-11,1.35632,1.34504,1.35581,DOWN,112.8,2021-01-11 14:55,1.35581,-5.1,-5,107.7,354
2021-01-11,Mon,2021-01-12,1.35254,1.35036,1.36702,UP,144.8,2021-01-12 21:47,1.35036,21.8,22,166.6,575
2021-01-12,Tue,2021-01-13,1.36637,1.36113,1.37012,DOWN,52.4,2021-01-13 17:18,1.37012,37.5,38,89.9,365
2021-01-13,Wed,2021-01-14,1.36307,1.36163,1.37110,UP,80.3,2021-01-14 17:56,1.36163,14.4,14,94.7,522
2021-01-14,Thu,2021-01-15,1.36810,1.35722,1.36978,DOWN,108.8,2021-01-15 15:56,1.36978,16.8,17,125.6,533
2021-01-15,Fri,2021-01-18,1.35816,1.35194,1.36009,DOWN,62.2,2021-01-18 09:51,1.36009,19.3,19,81.5,345
2021-01-18,Mon,2021-01-19,1.35839,1.35706,1.36367,UP,52.8,2021-01-19 21:58,1.35706,13.3,13,66.1,0
2021-01-19,Tue,2021-01-20,1.36322,1.36232,1.37185,UP,86.3,2021-01-20 10:45,1.36271,5.1,5,95.3,660
2021-01-20,Wed,2021-01-21,1.36441,1.36507,1.37460,UP,101.9,2021-01-21 09:26,1.36507,-6.6,-7,95.3,419
2021-01-21,Thu,2021-01-22,1.37226,1.36353,1.37360,DOWN,87.3,2021-01-22 13:37,1.37360,13.4,13,100.7,626
2021-01-22,Fri,2021-01-25,1.36824,1.36482,1.37236,UP,41.2,2021-01-25 06:07,1.36654,17.0,17,75.4,899
2021-01-25,Mon,2021-01-26,1.36625,1.36094,1.37444,UP,81.9,2021-01-26 15:59,1.36094,53.1,53,135.0,356
2021-01-26,Tue,2021-01-27,1.37321,1.36587,1.37586,DOWN,73.4,2021-01-27 14:50,1.37586,26.5,26,99.9,400
2021-01-27,Wed,2021-01-28,1.36851,1.36300,1.37459,UP,60.8,2021-01-28 19:50,1.36300,55.1,55,115.9,646
2021-01-28,Thu,2021-01-29,1.37414,1.36570,1.37513,DOWN,84.4,2021-01-29 09:47,1.37327,-8.7,-9,94.3,250
2021-01-29,Fri,2021-02-01,1.37033,1.36560,1.37576,UP,54.3,2021-02-01 08:15,1.36925,10.8,11,101.6,1846
2021-02-01,Mon,2021-02-02,1.36713,1.36111,1.37104,DOWN,60.2,2021-02-02 14:58,1.37104,39.1,39,99.3,765
2021-02-02,Tue,2021-02-03,1.36539,1.36192,1.36833,DOWN,34.7,2021-02-03 12:21,1.36833,29.4,29,64.1,488
2021-02-03,Wed,2021-02-04,1.36421,1.35652,1.36976,DOWN,76.9,2021-02-04 11:59,1.36531,11.0,11,132.4,581
2021-02-04,Thu,2021-02-05,1.36753,1.36565,1.37398,UP,64.5,2021-02-05 15:32,1.36565,18.8,19,83.3,758
2021-02-05,Fri,2021-02-08,1.37270,1.36798,1.37492,DOWN,47.2,2021-02-08 12:00,1.37412,14.2,14,69.4,335
2021-02-08,Mon,2021-02-09,1.37437,1.37309,1.38200,UP,76.3,2021-02-09 21:55,1.37309,12.8,13,89.1,604
2021-02-09,Tue,2021-02-10,1.38130,1.38025,1.38658,UP,52.8,2021-02-10 14:31,1.38025,10.5,10,63.3,465
2021-02-10,Wed,2021-02-11,1.38407,1.38003,1.38591,DOWN,40.4,2021-02-11 17:27,1.38591,18.4,18,58.8,549
2021-02-11,Thu,2021-02-12,1.38043,1.37756,1.38622,UP,57.9,2021-02-12 19:02,1.37756,28.7,29,86.6,470
2021-02-12,Fri,2021-02-15,1.38493,1.38446,1.39190,UP,69.7,2021-02-15 17:00,1.38446,4.7,5,74.4,585
2021-02-15,Mon,2021-02-16,1.39058,1.38691,1.39515,UP,45.7,2021-02-16 03:45,1.39013,4.5,4,82.4,0
2021-02-16,Tue,2021-02-17,1.39106,1.38291,1.39073,DOWN,81.5,2021-02-17 16:18,1.39073,-3.3,-3,78.2,494
2021-02-17,Wed,2021-02-18,1.38616,1.38396,1.39860,UP,124.4,2021-02-18 13:40,1.38396,22.0,22,146.4,858
2021-02-18,Thu,2021-02-19,1.39750,1.39513,1.40362,UP,61.2,2021-02-19 13:13,1.39513,23.7,24,84.9,638
2021-02-19,Fri,2021-02-22,1.40135,1.39805,1.40868,UP,73.3,2021-02-22 17:38,1.39805,33.0,33,106.3,426
2021-02-22,Mon,2021-02-23,1.40770,1.40538,1.41166,UP,39.6,2021-02-23 16:05,1.40538,23.2,23,62.8,803
2021-02-23,Tue,2021-02-24,1.41084,1.40821,1.42413,UP,132.9,2021-02-24 01:23,1.41004,8.0,8,159.2,351
2021-02-24,Wed,2021-02-25,1.41239,1.40001,1.41817,DOWN,123.8,2021-02-25 18:38,1.41817,57.8,58,181.6,418
2021-02-25,Thu,2021-02-26,1.40357,1.38877,1.40263,DOWN,148.0,2021-02-26 10:59,1.40263,-9.4,-9,138.6,815
2021-02-26,Fri,2021-03-01,1.39458,1.39037,1.39989,UP,53.1,2021-03-01 01:26,1.39279,17.9,18,95.2,1135
2021-03-01,Mon,2021-03-02,1.39230,1.38589,1.39766,DOWN,64.1,2021-03-02 09:09,1.39320,9.0,9,117.7,899
2021-03-02,Tue,2021-03-03,1.39647,1.39205,1.40062,DOWN,44.2,2021-03-03 15:21,1.40062,41.5,42,85.7,414
2021-03-03,Wed,2021-03-04,1.39574,1.38797,1.40168,DOWN,77.7,2021-03-04 20:43,1.40168,59.4,59,137.1,362
2021-03-04,Thu,2021-03-05,1.38910,1.37779,1.39066,DOWN,113.1,2021-03-05 13:33,1.39066,15.6,16,128.7,899
2021-03-05,Fri,2021-03-08,1.38434,1.38000,1.38654,DOWN,43.4,2021-03-08 07:24,1.38654,22.0,22,65.4,359
2021-03-08,Mon,2021-03-09,1.38377,1.38015,1.39256,UP,87.9,2021-03-09 15:03,1.38015,36.2,36,124.1,406
2021-03-09,Tue,2021-03-10,1.38969,1.38452,1.39378,DOWN,51.7,2021-03-10 06:18,1.38967,-0.2,0,92.6,864
2021-03-10,Wed,2021-03-11,1.39312,1.39184,1.39959,UP,64.7,2021-03-11 20:30,1.39184,12.8,13,77.5,773
2021-03-11,Thu,2021-03-12,1.39870,1.38631,1.40047,DOWN,123.9,2021-03-12 14:37,1.40047,17.7,18,141.6,275
2021-03-12,Fri,2021-03-15,1.39230,1.38526,1.39496,DOWN,70.4,2021-03-15 15:37,1.39496,26.6,27,97.0,276
2021-03-15,Mon,2021-03-16,1.38889,1.38086,1.39062,DOWN,80.3,2021-03-16 09:25,1.39040,15.1,15,97.6,505
2021-03-16,Tue,2021-03-17,1.38948,1.38507,1.39702,UP,75.4,2021-03-17 20:47,1.38507,44.1,44,119.5,463
2021-03-17,Wed,2021-03-18,1.39431,1.38970,1.40014,UP,58.3,2021-03-18 07:10,1.39352,7.9,8,104.4,669
2021-03-18,Thu,2021-03-19,1.39291,1.38304,1.39592,DOWN,98.7,2021-03-19 14:05,1.39592,30.1,30,128.8,314
2021-03-19,Fri,2021-03-22,1.38709,1.38177,1.38767,DOWN,53.2,2021-03-22 01:27,1.38464,-24.5,-24,59.0,276
2021-03-22,Mon,2021-03-23,1.38650,1.37402,1.38648,DOWN,124.8,2021-03-23 20:07,1.38648,-0.2,0,124.6,322
2021-03-23,Tue,2021-03-24,1.37594,1.36739,1.37574,DOWN,85.5,2021-03-24 07:29,1.37574,-2.0,-2,83.5,509
2021-03-24,Wed,2021-03-25,1.36941,1.36701,1.37453,UP,51.2,2021-03-25 18:45,1.36701,24.0,24,75.2,345
2021-03-25,Thu,2021-03-26,1.37403,1.37262,1.38125,UP,72.2,2021-03-26 15:03,1.37262,14.1,14,86.3,445
2021-03-26,Fri,2021-03-29,1.37849,1.37552,1.38466,UP,61.7,2021-03-29 12:13,1.37565,28.4,28,91.4,323
2021-03-29,Mon,2021-03-30,1.37618,1.37057,1.37831,DOWN,56.1,2021-03-30 14:21,1.37831,21.3,21,77.4,692
2021-03-30,Tue,2021-03-31,1.37226,1.37162,1.38122,UP,89.6,2021-03-31 16:07,1.37162,6.4,6,96.0,655
2021-03-31,Wed,2021-04-01,1.37790,1.37457,1.38365,UP,57.5,2021-04-01 16:19,1.37457,33.3,33,90.8,720
2021-04-01,Thu,2021-04-02,1.38314,1.38091,1.38521,DOWN,22.3,2021-04-02 15:30,1.38521,20.7,21,43.0,622
2021-04-02,Fri,2021-04-05,1.38240,1.38127,1.39134,UP,89.4,2021-04-05 15:25,1.38127,11.3,11,100.7,0
2021-04-05,Mon,2021-04-06,1.39036,1.38017,1.39183,DOWN,101.9,2021-04-06 17:30,1.39183,14.7,15,116.6,653
2021-04-06,Tue,2021-04-07,1.38222,1.37241,1.38397,DOWN,98.1,2021-04-07 19:36,1.38397,17.5,18,115.6,661
2021-04-07,Wed,2021-04-08,1.37350,1.37184,1.37819,UP,46.9,2021-04-08 07:14,1.37295,5.5,6,63.5,567
2021-04-08,Thu,2021-04-09,1.37371,1.36702,1.37505,DOWN,66.9,2021-04-09 06:41,1.37505,13.4,13,80.3,437
2021-04-09,Fri,2021-04-12,1.37150,1.36691,1.37765,UP,61.5,2021-04-12 12:48,1.36691,45.9,46,107.4,858
2021-04-12,Mon,2021-04-13,1.37446,1.36937,1.37687,DOWN,50.9,2021-04-13 13:09,1.37687,24.1,24,75.0,543
2021-04-13,Tue,2021-04-14,1.37506,1.37443,1.38085,UP,57.9,2021-04-14 08:39,1.37443,6.3,6,64.2,850
2021-04-14,Wed,2021-04-15,1.37806,1.37611,1.38088,UP,28.2,2021-04-15 09:30,1.37644,16.2,16,47.7,834
2021-04-15,Thu,2021-04-16,1.37900,1.37155,1.38476,DOWN,74.5,2021-04-16 06:58,1.37870,-3.0,-3,132.1,844
2021-04-16,Fri,2021-04-19,1.38345,1.38095,1.39929,UP,158.4,2021-04-19 14:58,1.38095,25.0,25,183.4,684
2021-04-19,Mon,2021-04-20,1.39899,1.39260,1.40090,DOWN,63.9,2021-04-20 18:41,1.40090,19.1,19,83.0,911
2021-04-20,Tue,2021-04-21,1.39290,1.38854,1.39495,DOWN,43.6,2021-04-21 13:16,1.39495,20.5,20,64.1,638
2021-04-21,Wed,2021-04-22,1.39272,1.38233,1.39493,DOWN,103.9,2021-04-22 18:08,1.39493,22.1,22,126.0,543
2021-04-22,Thu,2021-04-23,1.38376,1.38310,1.38951,UP,57.5,2021-04-23 11:47,1.38310,6.6,7,64.1,989
2021-04-23,Fri,2021-04-26,1.38759,1.38645,1.39292,UP,53.3,2021-04-26 08:10,1.38645,11.4,11,64.7,696
2021-04-26,Mon,2021-04-27,1.39043,1.38583,1.39241,DOWN,46.0,2021-04-27 09:02,1.39020,-2.3,-2,65.8,1216
2021-04-27,Tue,2021-04-28,1.39023,1.38606,1.39502,UP,47.9,2021-04-28 18:46,1.38606,41.7,42,89.6,564
2021-04-28,Wed,2021-04-29,1.39433,1.39321,1.39764,UP,33.1,2021-04-29 01:44,1.39326,10.7,11,44.3,824
2021-04-29,Thu,2021-04-30,1.39485,1.38024,1.39581,DOWN,146.1,2021-04-30 18:03,1.39581,9.6,10,155.7,658
2021-04-30,Fri,2021-05-03,1.38102,1.38002,1.39316,UP,121.4,2021-05-03 14:51,1.38002,10.0,10,131.4,2309
2021-05-03,Mon,2021-05-04,1.39126,1.38382,1.39126,DOWN,74.4,2021-05-04 12:51,1.39126,0.0,0,74.4,1128
2021-05-04,Tue,2021-05-05,1.38928,1.38762,1.39263,UP,33.5,2021-05-05 10:36,1.38762,16.6,17,50.1,727
2021-05-05,Wed,2021-05-06,1.39100,1.38555,1.39404,DOWN,54.5,2021-05-06 11:02,1.39231,13.1,13,84.9,1073
2021-05-06,Thu,2021-05-07,1.38858,1.38858,1.40055,UP,119.7,2021-05-07 19:56,1.38858,0.0,0,119.7,996
2021-05-07,Fri,2021-05-10,1.39960,1.39942,1.41583,UP,162.3,2021-05-10 12:53,1.39942,1.8,2,164.1,618
2021-05-10,Mon,2021-05-11,1.41331,1.41041,1.41668,UP,33.7,2021-05-11 16:41,1.41041,29.0,29,62.7,1637
2021-05-11,Tue,2021-05-12,1.41578,1.40494,1.41531,DOWN,108.4,2021-05-12 20:36,1.41531,-4.7,-5,103.7,660
2021-05-12,Wed,2021-05-13,1.40610,1.40054,1.40779,DOWN,55.6,2021-05-13 10:26,1.40779,16.9,17,72.5,1296
2021-05-13,Thu,2021-05-14,1.40424,1.40359,1.41109,UP,68.5,2021-05-14 14:04,1.40359,6.5,6,75.0,1048
2021-05-14,Fri,2021-05-17,1.41005,1.40769,1.41467,UP,46.2,2021-05-17 18:31,1.40769,23.6,24,69.8,634
2021-05-17,Mon,2021-05-18,1.41441,1.41303,1.42204,UP,76.3,2021-05-18 09:13,1.41303,13.8,14,90.1,462
2021-05-18,Tue,2021-05-19,1.41907,1.40992,1.42007,DOWN,91.5,2021-05-19 19:02,1.42007,10.0,10,101.5,535
2021-05-19,Wed,2021-05-20,1.41081,1.41010,1.41923,UP,84.2,2021-05-20 19:23,1.41010,7.1,7,91.3,788
2021-05-20,Thu,2021-05-21,1.41862,1.41403,1.42339,UP,47.7,2021-05-21 10:27,1.41678,18.4,18,93.6,792
2021-05-21,Fri,2021-05-24,1.41561,1.41108,1.41718,DOWN,45.3,2021-05-24 08:38,1.41718,15.7,16,61.0,523
2021-05-24,Mon,2021-05-25,1.41581,1.41154,1.42108,UP,52.7,2021-05-25 07:29,1.41457,12.4,12,95.4,617
2021-05-25,Tue,2021-05-26,1.41486,1.41120,1.41758,DOWN,36.6,2021-05-26 18:01,1.41758,27.2,27,63.8,556
2021-05-26,Wed,2021-05-27,1.41240,1.40913,1.42193,UP,95.3,2021-05-27 18:26,1.40913,32.7,33,128.0,321
2021-05-27,Thu,2021-05-28,1.42110,1.41360,1.42084,DOWN,75.0,2021-05-28 13:02,1.42084,-2.6,-3,72.4,734
2021-05-28,Fri,2021-05-31,1.41926,1.41637,1.42173,DOWN,28.9,2021-05-31 08:48,1.42005,7.9,8,53.6,132
2021-05-31,Mon,2021-06-01,1.42024,1.41462,1.42495,DOWN,56.2,2021-06-01 20:00,1.42495,47.1,47,103.3,0
2021-06-01,Tue,2021-06-02,1.41593,1.41111,1.41833,DOWN,48.2,2021-06-02 11:19,1.41639,4.6,5,72.2,1221
2021-06-02,Wed,2021-06-03,1.41672,1.40860,1.42028,DOWN,81.2,2021-06-03 17:53,1.42028,35.6,36,116.8,819
2021-06-03,Thu,2021-06-04,1.40972,1.40828,1.41999,UP,102.7,2021-06-04 13:34,1.40828,14.4,14,117.1,905
2021-06-04,Fri,2021-06-07,1.41605,1.41113,1.41908,DOWN,49.2,2021-06-07 06:42,1.41701,9.6,10,79.5,604
2021-06-07,Mon,2021-06-08,1.41848,1.41207,1.41846,DOWN,64.1,2021-06-08 13:58,1.41846,-0.2,0,63.9,471
2021-06-08,Tue,2021-06-09,1.41631,1.41099,1.41889,DOWN,53.2,2021-06-09 19:47,1.41889,25.8,26,79.0,451
2021-06-09,Wed,2021-06-10,1.41149,1.40728,1.41779,UP,63.0,2021-06-10 20:32,1.40728,42.1,42,105.1,836
2021-06-10,Thu,2021-06-11,1.41694,1.40955,1.41853,DOWN,73.9,2021-06-11 17:16,1.41853,15.9,16,89.8,593
2021-06-11,Fri,2021-06-14,1.41063,1.40699,1.41235,DOWN,36.4,2021-06-14 08:38,1.41189,12.6,13,53.6,664
2021-06-14,Mon,2021-06-15,1.41076,1.40340,1.41284,DOWN,73.6,2021-06-15 11:49,1.41284,20.8,21,94.4,554
2021-06-15,Tue,2021-06-16,1.40819,1.39821,1.41325,DOWN,99.8,2021-06-16 20:22,1.41325,50.6,51,150.4,545
2021-06-16,Wed,2021-06-17,1.40036,1.38955,1.40084,DOWN,108.1,2021-06-17 16:59,1.40084,4.8,5,112.9,449
2021-06-17,Thu,2021-06-18,1.39247,1.37913,1.39442,DOWN,133.4,2021-06-18 20:49,1.39442,19.5,20,152.9,313
2021-06-18,Fri,2021-06-21,1.38190,1.37861,1.39366,UP,117.6,2021-06-21 19:18,1.37861,32.9,33,150.5,668
2021-06-21,Mon,2021-06-22,1.39298,1.38601,1.39633,DOWN,69.7,2021-06-22 09:02,1.39363,6.5,6,103.2,690
2021-06-22,Tue,2021-06-23,1.39418,1.39237,1.40012,UP,59.4,2021-06-23 14:17,1.39237,18.1,18,77.5,643
2021-06-23,Wed,2021-06-24,1.39639,1.38890,1.39863,DOWN,74.9,2021-06-24 14:54,1.39863,22.4,22,97.3,655
2021-06-24,Thu,2021-06-25,1.39282,1.38711,1.39354,DOWN,57.1,2021-06-25 18:30,1.39354,7.2,7,64.3,881
2021-06-25,Fri,2021-06-28,1.38748,1.38652,1.39394,UP,64.6,2021-06-28 07:10,1.38652,9.6,10,74.2,733
2021-06-28,Mon,2021-06-29,1.38786,1.38137,1.38838,DOWN,64.9,2021-06-29 12:45,1.38838,5.2,5,70.1,858
2021-06-29,Tue,2021-06-30,1.38509,1.37981,1.38726,DOWN,52.8,2021-06-30 17:08,1.38726,21.7,22,74.5,950
2021-06-30,Wed,2021-07-01,1.38035,1.37528,1.38344,DOWN,50.7,2021-07-01 19:09,1.38344,30.9,31,81.6,817
2021-07-01,Thu,2021-07-02,1.37553,1.37310,1.38444,UP,89.1,2021-07-02 18:12,1.37310,24.3,24,113.4,1300
2021-07-02,Fri,2021-07-05,1.38360,1.38166,1.38615,UP,25.5,2021-07-05 10:47,1.38166,19.4,19,44.9,405
2021-07-05,Mon,2021-07-06,1.38428,1.37726,1.38980,DOWN,70.2,2021-07-06 16:37,1.38980,55.2,55,125.4,0
2021-07-06,Tue,2021-07-07,1.38007,1.37535,1.38415,DOWN,47.2,2021-07-07 14:40,1.38415,40.8,41,88.0,667
2021-07-07,Wed,2021-07-08,1.38003,1.37416,1.38057,DOWN,58.7,2021-07-08 12:12,1.38057,5.4,5,64.1,655
2021-07-08,Thu,2021-07-09,1.37765,1.37554,1.39071,UP,130.6,2021-07-09 20:59,1.37554,21.1,21,151.7,704
2021-07-09,Fri,2021-07-12,1.38895,1.38387,1.39102,DOWN,50.8,2021-07-12 12:29,1.39102,20.7,21,71.5,1027
2021-07-12,Mon,2021-07-13,1.38741,1.37992,1.39050,DOWN,74.9,2021-07-13 12:32,1.39050,30.9,31,105.8,929
2021-07-13,Tue,2021-07-14,1.38201,1.38013,1.38918,UP,71.7,2021-07-14 12:55,1.38013,18.8,19,90.5,501
2021-07-14,Wed,2021-07-15,1.38511,1.38044,1.38988,UP,47.7,2021-07-15 10:28,1.38130,38.1,38,94.4,566
2021-07-15,Thu,2021-07-16,1.38108,1.37604,1.38619,UP,51.1,2021-07-16 08:54,1.37910,19.8,20,101.5,509
2021-07-16,Fri,2021-07-19,1.37682,1.36544,1.37755,DOWN,113.8,2021-07-19 19:29,1.37755,7.3,7,121.1,354
2021-07-19,Mon,2021-07-20,1.36594,1.35715,1.36891,DOWN,87.9,2021-07-20 13:20,1.36891,29.7,30,117.6,641
2021-07-20,Tue,2021-07-21,1.36249,1.35912,1.37227,UP,97.8,2021-07-21 19:21,1.35912,33.7,34,131.5,417
2021-07-21,Wed,2021-07-22,1.37157,1.36902,1.37871,UP,71.4,2021-07-22 13:22,1.36902,25.5,26,96.9,527
2021-07-22,Thu,2021-07-23,1.37744,1.37198,1.37798,DOWN,54.6,2021-07-23 11:32,1.37798,5.4,5,60.0,1180
2021-07-23,Fri,2021-07-26,1.37528,1.37368,1.38331,UP,80.3,2021-07-26 16:04,1.37368,16.0,16,96.3,224
2021-07-26,Mon,2021-07-27,1.38146,1.37664,1.38941,UP,79.5,2021-07-27 18:17,1.37664,48.2,48,127.7,572
2021-07-27,Tue,2021-07-28,1.38867,1.38423,1.39111,DOWN,44.4,2021-07-28 18:00,1.38950,8.3,8,68.8,256
2021-07-28,Wed,2021-07-29,1.39056,1.38952,1.39814,UP,75.8,2021-07-29 14:52,1.38952,10.4,10,86.2,1046
2021-07-29,Thu,2021-07-30,1.39690,1.38880,1.39830,DOWN,81.0,2021-07-30 18:31,1.39830,14.0,14,95.0,1417
2021-07-30,Fri,2021-08-02,1.38912,1.38756,1.39324,UP,41.2,2021-08-02 08:25,1.38860,5.2,5,56.8,987
2021-08-02,Mon,2021-08-03,1.38915,1.38718,1.39382,UP,46.7,2021-08-03 11:08,1.38718,19.7,20,66.4,1015
2021-08-03,Tue,2021-08-04,1.39152,1.38854,1.39574,UP,42.2,2021-08-04 13:35,1.38998,15.4,15,72.0,519
2021-08-04,Wed,2021-08-05,1.38903,1.38719,1.39488,UP,58.5,2021-08-05 14:20,1.38719,18.4,18,76.9,1277
2021-08-05,Thu,2021-08-06,1.39309,1.38610,1.39327,DOWN,69.9,2021-08-06 15:17,1.39327,1.8,2,71.7,1208
2021-08-06,Fri,2021-08-09,1.38749,1.38408,1.38943,DOWN,34.1,2021-08-09 16:48,1.38943,19.4,19,53.5,894
2021-08-09,Mon,2021-08-10,1.38537,1.38271,1.38723,DOWN,26.6,2021-08-10 16:12,1.38723,18.6,19,45.2,792
2021-08-10,Tue,2021-08-11,1.38409,1.38026,1.38877,UP,46.8,2021-08-11 17:03,1.38026,38.3,38,85.1,375
2021-08-11,Wed,2021-08-12,1.38653,1.37939,1.38782,DOWN,71.4,2021-08-12 18:39,1.38782,12.9,13,84.3,1094
2021-08-12,Thu,2021-08-13,1.38003,1.37903,1.38748,UP,74.5,2021-08-13 17:52,1.37903,10.0,10,84.5,511
2021-08-13,Fri,2021-08-16,1.38677,1.38274,1.38780,DOWN,40.3,2021-08-16 14:01,1.38780,10.3,10,50.6,1017
2021-08-16,Mon,2021-08-17,1.38378,1.37257,1.38435,DOWN,112.1,2021-08-17 16:59,1.38435,5.7,6,117.8,978
2021-08-17,Tue,2021-08-18,1.37355,1.37168,1.37858,UP,50.3,2021-08-18 18:04,1.37168,18.7,19,69.0,454
2021-08-18,Wed,2021-08-19,1.37627,1.36312,1.37599,DOWN,131.5,2021-08-19 20:59,1.37599,-2.8,-3,128.7,833
2021-08-19,Thu,2021-08-20,1.36387,1.36020,1.36469,DOWN,36.7,2021-08-20 13:03,1.36469,8.2,8,44.9,1535
2021-08-20,Fri,2021-08-23,1.36220,1.36048,1.37321,UP,110.1,2021-08-23 18:58,1.36048,17.2,17,127.3,854
2021-08-23,Mon,2021-08-24,1.37304,1.36935,1.37477,DOWN,36.9,2021-08-24 08:23,1.37477,17.3,17,54.2,781
2021-08-24,Tue,2021-08-25,1.37297,1.36964,1.37669,UP,37.2,2021-08-25 18:13,1.36964,33.3,33,70.5,500
2021-08-25,Wed,2021-08-26,1.37621,1.36893,1.37677,DOWN,72.8,2021-08-26 19:11,1.37677,5.6,6,78.4,538
2021-08-26,Thu,2021-08-27,1.36954,1.36795,1.37809,UP,85.5,2021-08-27 14:12,1.36795,15.9,16,101.4,465
2021-08-27,Fri,2021-08-30,1.37683,1.37335,1.37751,DOWN,34.8,2021-08-30 13:02,1.37751,6.8,7,41.6,293
2021-08-30,Mon,2021-08-31,1.37669,1.37427,1.38076,UP,40.7,2021-08-31 14:48,1.37497,17.2,17,64.9,899
2021-08-31,Tue,2021-09-01,1.37577,1.37309,1.37978,UP,40.1,2021-09-01 13:59,1.37309,26.8,27,66.9,809
2021-09-01,Wed,2021-09-02,1.37794,1.37667,1.38398,UP,60.4,2021-09-02 19:00,1.37667,12.7,13,73.1,1071
2021-09-02,Thu,2021-09-03,1.38383,1.38178,1.38918,UP,53.5,2021-09-03 18:12,1.38178,20.5,20,74.0,2010
2021-09-03,Fri,2021-09-06,1.38795,1.38185,1.38684,DOWN,61.0,2021-09-06 14:33,1.38684,-11.1,-11,49.9,632
2021-09-06,Mon,2021-09-07,1.38333,1.37675,1.38562,DOWN,65.8,2021-09-07 11:55,1.38562,22.9,23,88.7,0
2021-09-07,Tue,2021-09-08,1.37874,1.37263,1.37902,DOWN,61.1,2021-09-08 14:56,1.37902,2.8,3,63.9,464
2021-09-08,Wed,2021-09-09,1.37799,1.37534,1.38626,UP,82.7,2021-09-09 17:11,1.37534,26.5,26,109.2,891
2021-09-09,Thu,2021-09-10,1.38388,1.38262,1.38882,UP,49.4,2021-09-10 12:15,1.38306,8.2,8,62.0,419
2021-09-10,Fri,2021-09-13,1.38440,1.37968,1.38510,DOWN,47.2,2021-09-13 07:12,1.38457,1.7,2,54.2,1012
2021-09-13,Mon,2021-09-14,1.38318,1.38030,1.39130,UP,81.2,2021-09-14 13:16,1.38275,4.3,4,110.0,428
2021-09-14,Tue,2021-09-15,1.38147,1.37925,1.38536,UP,38.9,2021-09-15 14:02,1.37925,22.2,22,61.1,1206
2021-09-15,Wed,2021-09-16,1.38314,1.37643,1.38529,DOWN,67.1,2021-09-16 14:32,1.38529,21.5,22,88.6,590
2021-09-16,Thu,2021-09-17,1.37902,1.37253,1.38127,DOWN,64.9,2021-09-17 20:56,1.38127,22.5,22,87.4,782
2021-09-17,Fri,2021-09-20,1.37378,1.36405,1.37448,DOWN,97.3,2021-09-20 17:01,1.37448,7.0,7,104.3,462
2021-09-20,Mon,2021-09-21,1.36468,1.36411,1.36930,UP,46.2,2021-09-21 10:01,1.36418,5.0,5,51.9,1195
2021-09-21,Tue,2021-09-22,1.36623,1.36087,1.36892,DOWN,53.6,2021-09-22 19:03,1.36892,26.9,27,80.5,1727
2021-09-22,Wed,2021-09-23,1.36161,1.36108,1.37506,UP,134.5,2021-09-23 16:56,1.36108,5.3,5,139.8,2273
2021-09-23,Thu,2021-09-24,1.37318,1.36577,1.37361,DOWN,74.1,2021-09-24 13:02,1.37361,4.3,4,78.4,764
2021-09-24,Fri,2021-09-27,1.36600,1.36532,1.37290,UP,69.0,2021-09-27 14:20,1.36532,6.8,7,75.8,1100
2021-09-27,Mon,2021-09-28,1.37086,1.35207,1.37171,DOWN,187.9,2021-09-28 18:13,1.37171,8.5,8,196.4,757
2021-09-28,Tue,2021-09-29,1.35331,1.34115,1.35546,DOWN,121.6,2021-09-29 16:39,1.35546,21.5,22,143.1,998
2021-09-29,Wed,2021-09-30,1.34360,1.34155,1.35172,UP,81.2,2021-09-30 15:19,1.34155,20.5,20,101.7,1216
2021-09-30,Thu,2021-10-01,1.34760,1.34334,1.35757,UP,99.7,2021-10-01 15:44,1.34334,42.6,43,142.3,1563
2021-10-01,Fri,2021-10-04,1.35528,1.35316,1.36402,UP,87.4,2021-10-04 14:10,1.35316,21.2,21,108.6,1348
2021-10-04,Mon,2021-10-05,1.36148,1.35844,1.36477,UP,32.9,2021-10-05 15:27,1.35844,30.4,30,63.3,497
2021-10-05,Tue,2021-10-06,1.36297,1.35437,1.36311,DOWN,86.0,2021-10-06 10:04,1.36311,1.4,1,87.4,693
2021-10-06,Wed,2021-10-07,1.35805,1.35703,1.36385,UP,58.0,2021-10-07 15:36,1.35703,10.2,10,68.2,1294
2021-10-07,Thu,2021-10-08,1.36204,1.35833,1.36582,UP,37.8,2021-10-08 12:30,1.35833,37.1,37,74.9,1298
2021-10-08,Fri,2021-10-11,1.36212,1.35839,1.36737,UP,52.5,2021-10-11 06:46,1.36046,16.6,17,89.8,1399
2021-10-11,Mon,2021-10-12,1.36088,1.35683,1.36374,DOWN,40.5,2021-10-12 08:15,1.36119,3.1,3,69.1,911
2021-10-12,Tue,2021-10-13,1.35942,1.35722,1.36648,UP,70.6,2021-10-13 19:54,1.35722,22.0,22,92.6,601
2021-10-13,Wed,2021-10-14,1.36419,1.36542,1.37341,UP,92.2,2021-10-14 10:15,1.36542,-12.3,-12,79.9,650
2021-10-14,Thu,2021-10-15,1.36863,1.36675,1.37729,UP,86.6,2021-10-15 14:54,1.36675,18.8,19,105.4,726
2021-10-15,Fri,2021-10-18,1.37494,1.37089,1.37650,DOWN,40.5,2021-10-18 15:11,1.37650,15.6,16,56.1,992
2021-10-18,Mon,2021-10-19,1.37313,1.37189,1.38336,UP,102.3,2021-10-19 11:28,1.37189,12.4,12,114.7,1055
2021-10-19,Tue,2021-10-20,1.37988,1.37422,1.38344,DOWN,56.6,2021-10-20 11:59,1.38147,15.9,16,92.2,745
2021-10-20,Wed,2021-10-21,1.38319,1.37759,1.38330,DOWN,56.0,2021-10-21 18:09,1.38330,1.1,1,57.1,737
2021-10-21,Thu,2021-10-22,1.37832,1.37357,1.38154,DOWN,47.5,2021-10-22 16:01,1.38154,32.2,32,79.7,1011
2021-10-22,Fri,2021-10-25,1.37563,1.37418,1.37920,UP,35.7,2021-10-25 08:02,1.37424,13.9,14,50.2,1155
2021-10-25,Mon,2021-10-26,1.37707,1.37567,1.38296,UP,58.9,2021-10-26 11:33,1.37567,14.0,14,72.9,904
2021-10-26,Tue,2021-10-27,1.37658,1.37092,1.37806,DOWN,56.6,2021-10-27 14:58,1.37806,14.8,15,71.4,673
2021-10-27,Wed,2021-10-28,1.37465,1.37222,1.38146,UP,68.1,2021-10-28 15:40,1.37222,24.3,24,92.4,710
2021-10-28,Thu,2021-10-29,1.37888,1.36681,1.38037,DOWN,120.7,2021-10-29 16:45,1.38037,14.9,15,135.6,823
2021-10-29,Fri,2021-11-01,1.36899,1.36419,1.36931,DOWN,48.0,2021-11-01 10:46,1.36882,-1.7,-2,51.2,1129
2021-11-01,Mon,2021-11-02,1.36574,1.36026,1.36776,DOWN,54.8,2021-11-02 20:59,1.36776,20.2,20,75.0,730
2021-11-02,Tue,2021-11-03,1.36193,1.36061,1.36915,UP,72.2,2021-11-03 18:52,1.36061,13.2,13,85.4,1176
2021-11-03,Wed,2021-11-04,1.36805,1.34708,1.36979,DOWN,209.7,2021-11-04 15:50,1.36979,17.4,17,227.1,939
2021-11-04,Thu,2021-11-05,1.34950,1.34241,1.35086,DOWN,70.9,2021-11-05 10:49,1.35086,13.6,14,84.5,1370
2021-11-05,Fri,2021-11-08,1.34825,1.34500,1.35795,UP,97.0,2021-11-08 15:35,1.34500,32.5,32,129.5,729
2021-11-08,Mon,2021-11-09,1.35574,1.35240,1.36076,UP,50.2,2021-11-09 09:55,1.35476,9.8,10,83.6,1213
2021-11-09,Tue,2021-11-10,1.35623,1.34000,1.35648,DOWN,162.3,2021-11-10 21:58,1.35648,2.5,2,164.8,416
2021-11-10,Wed,2021-11-11,1.34160,1.33583,1.34329,DOWN,57.7,2021-11-11 20:11,1.34329,16.9,17,74.6,1029
2021-11-11,Thu,2021-11-12,1.33649,1.33533,1.34260,UP,61.1,2021-11-12 19:10,1.33533,11.6,12,72.7,1163
2021-11-12,Fri,2021-11-15,1.34171,1.33999,1.34495,UP,32.4,2021-11-15 15:13,1.33999,17.2,17,49.6,2092
2021-11-15,Mon,2021-11-16,1.34288,1.34022,1.34726,UP,43.8,2021-11-16 08:53,1.34022,26.6,27,70.4,480
2021-11-16,Tue,2021-11-17,1.34297,1.33962,1.34960,UP,66.3,2021-11-17 18:59,1.33962,33.5,34,99.8,745
2021-11-17,Wed,2021-11-18,1.34846,1.34634,1.35132,UP,28.6,2021-11-18 07:44,1.34778,6.8,7,49.8,1195
2021-11-18,Thu,2021-11-19,1.34976,1.34072,1.35096,DOWN,90.4,2021-11-19 10:14,1.35096,12.0,12,102.4,509
2021-11-19,Fri,2021-11-22,1.34494,1.33842,1.34595,DOWN,65.2,2021-11-22 19:59,1.34595,10.1,10,75.3,1256
2021-11-22,Mon,2021-11-23,1.33867,1.33420,1.34093,DOWN,44.7,2021-11-23 12:30,1.34093,22.6,23,67.3,1059
2021-11-23,Tue,2021-11-24,1.33804,1.33155,1.33897,DOWN,64.9,2021-11-24 19:11,1.33897,9.3,9,74.2,974
2021-11-24,Wed,2021-11-25,1.33220,1.33045,1.33534,UP,31.4,2021-11-25 08:01,1.33206,1.4,1,48.9,1333
2021-11-25,Thu,2021-11-26,1.33184,1.32771,1.33547,DOWN,41.3,2021-11-26 08:05,1.33248,6.4,6,77.6,0
2021-11-26,Fri,2021-11-29,1.33253,1.32873,1.33628,DOWN,38.0,2021-11-29 19:39,1.33628,37.5,38,75.5,0
2021-11-29,Mon,2021-11-30,1.32929,1.31938,1.33707,DOWN,99.1,2021-11-30 16:02,1.33707,77.8,78,176.9,1122
2021-11-30,Tue,2021-12-01,1.32812,1.32615,1.33521,UP,70.9,2021-12-01 15:05,1.32756,5.6,6,90.6,948
2021-12-01,Wed,2021-12-02,1.32794,1.32655,1.33337,UP,54.3,2021-12-02 13:02,1.32655,13.9,14,68.2,750
2021-12-02,Thu,2021-12-03,1.32971,1.32083,1.33099,DOWN,88.8,2021-12-03 15:16,1.33099,12.8,13,101.6,997
2021-12-03,Fri,2021-12-06,1.32316,1.32159,1.32860,UP,54.4,2021-12-06 12:14,1.32159,15.7,16,70.1,1664
2021-12-06,Mon,2021-12-07,1.32575,1.32083,1.32895,DOWN,49.2,2021-12-07 14:27,1.32895,32.0,32,81.2,687
2021-12-07,Tue,2021-12-08,1.32368,1.31604,1.32611,DOWN,76.4,2021-12-08 11:40,1.32611,24.3,24,100.7,311
2021-12-08,Wed,2021-12-09,1.32353,1.31703,1.32224,DOWN,65.0,2021-12-09 12:04,1.32162,-19.1,-19,52.1,592
2021-12-09,Thu,2021-12-10,1.32095,1.31870,1.32756,UP,66.1,2021-12-10 18:13,1.31870,22.5,22,88.6,716
2021-12-10,Fri,2021-12-13,1.32565,1.32072,1.32688,DOWN,49.3,2021-12-13 21:01,1.32688,12.3,12,61.6,846
2021-12-13,Mon,2021-12-14,1.32189,1.31910,1.32568,UP,37.9,2021-12-14 12:47,1.31910,27.9,28,65.8,1063
2021-12-14,Tue,2021-12-15,1.32208,1.31714,1.32827,UP,61.9,2021-12-15 08:49,1.32233,-2.5,-2,111.3,561
2021-12-15,Wed,2021-12-16,1.32365,1.32412,1.33744,UP,137.9,2021-12-16 13:24,1.32412,-4.7,-5,133.2,594
2021-12-16,Thu,2021-12-17,1.33082,1.32298,1.33393,DOWN,78.4,2021-12-17 21:45,1.33393,31.1,31,109.5,704
2021-12-17,Fri,2021-12-20,1.32509,1.31732,1.32450,DOWN,77.7,2021-12-20 09:51,1.32450,-5.9,-6,71.8,645
2021-12-20,Mon,2021-12-21,1.32038,1.31973,1.32707,UP,66.9,2021-12-21 20:56,1.31973,6.5,6,73.4,1205
2021-12-21,Tue,2021-12-22,1.32641,1.32402,1.33629,UP,98.8,2021-12-22 20:59,1.32402,23.9,24,122.7,580
2021-12-22,Wed,2021-12-23,1.33573,1.33388,1.34358,UP,78.5,2021-12-23 12:04,1.33388,18.5,18,97.0,1006
2021-12-23,Thu,2021-12-24,1.34193,1.33798,1.34192,DOWN,39.5,2021-12-24 16:23,1.34192,-0.1,0,39.4,112
2021-12-27,Mon,2021-12-28,1.34415,1.34148,1.34616,DOWN,26.7,2021-12-28 15:51,1.34616,20.1,20,46.8,432
2021-12-28,Tue,2021-12-29,1.34241,1.34086,1.34995,UP,75.4,2021-12-29 15:49,1.34086,15.5,16,90.9,1253
2021-12-29,Wed,2021-12-30,1.34870,1.34542,1.35217,UP,34.7,2021-12-30 15:19,1.34542,32.8,33,67.5,894
2021-12-30,Thu,2021-12-31,1.35080,1.34654,1.35501,DOWN,42.6,2021-12-31 12:08,1.35199,11.9,12,84.7,560
2022-01-03,Mon,2022-01-04,1.34844,1.34593,1.35575,UP,73.1,2022-01-04 15:56,1.34593,25.1,25,98.2,974
2022-01-04,Tue,2022-01-05,1.35352,1.35224,1.35984,UP,63.2,2022-01-05 18:29,1.35224,12.8,13,76.0,365
2022-01-05,Wed,2022-01-06,1.35604,1.34903,1.35590,DOWN,70.1,2022-01-06 08:51,1.35575,-2.9,-3,68.7,563
2022-01-06,Thu,2022-01-07,1.35255,1.35270,1.35974,UP,71.9,2022-01-07 21:29,1.35270,-1.5,-2,70.4,578
2022-01-07,Fri,2022-01-10,1.35954,1.35319,1.36036,DOWN,63.5,2022-01-10 15:01,1.36036,8.2,8,71.7,449
2022-01-10,Mon,2022-01-11,1.35693,1.35614,1.36349,UP,65.6,2022-01-11 21:35,1.35614,7.9,8,73.5,627
2022-01-11,Tue,2022-01-12,1.36272,1.36207,1.37144,UP,87.2,2022-01-12 20:00,1.36207,6.5,6,93.7,393
2022-01-12,Wed,2022-01-13,1.37102,1.37005,1.37488,UP,38.6,2022-01-13 11:21,1.37005,9.7,10,48.3,2117
2022-01-13,Thu,2022-01-14,1.37196,1.36533,1.37431,DOWN,66.3,2022-01-14 18:00,1.37431,23.5,24,89.8,771
2022-01-14,Fri,2022-01-17,1.36771,1.36373,1.36897,DOWN,39.8,2022-01-17 13:23,1.36897,12.6,13,52.4,721
2022-01-17,Mon,2022-01-18,1.36443,1.35727,1.36612,DOWN,71.6,2022-01-18 17:47,1.36612,16.9,17,88.5,34
2022-01-18,Tue,2022-01-19,1.35973,1.35877,1.36490,UP,51.7,2022-01-19 15:12,1.35877,9.6,10,61.3,876
2022-01-19,Wed,2022-01-20,1.36262,1.35867,1.36617,DOWN,39.5,2022-01-20 20:56,1.36617,35.5,36,75.0,518
2022-01-20,Thu,2022-01-21,1.36138,1.35452,1.36023,DOWN,68.6,2022-01-21 15:23,1.36023,-11.5,-12,57.1,895
2022-01-21,Fri,2022-01-24,1.35550,1.34402,1.35653,DOWN,114.8,2022-01-24 17:25,1.35653,10.3,10,125.1,565
2022-01-24,Mon,2022-01-25,1.34818,1.34362,1.35188,DOWN,45.6,2022-01-25 12:03,1.34964,14.6,15,82.6,716
2022-01-25,Tue,2022-01-26,1.35173,1.34441,1.35242,DOWN,73.2,2022-01-26 20:24,1.35242,6.9,7,80.1,607
2022-01-26,Wed,2022-01-27,1.34648,1.33577,1.34679,DOWN,107.1,2022-01-27 13:40,1.34679,3.1,3,110.2,974
2022-01-27,Thu,2022-01-28,1.33759,1.33650,1.34326,UP,56.7,2022-01-28 16:36,1.33650,10.9,11,67.6,792
2022-01-28,Fri,2022-01-31,1.33849,1.33862,1.34603,UP,75.4,2022-01-31 20:35,1.33862,-1.3,-1,74.1,693
2022-01-31,Mon,2022-02-01,1.34572,1.34340,1.35280,UP,70.8,2022-02-01 20:20,1.34340,23.2,23,94.0,714
2022-02-01,Tue,2022-02-02,1.35174,1.35147,1.35872,UP,69.8,2022-02-02 13:15,1.35147,2.7,3,72.5,415
2022-02-02,Wed,2022-02-03,1.35843,1.35380,1.36278,DOWN,46.3,2022-02-03 10:49,1.35765,-7.8,-8,89.8,448
2022-02-03,Thu,2022-02-04,1.35876,1.35043,1.36148,DOWN,83.3,2022-02-04 13:35,1.36148,27.2,27,110.5,959
2022-02-04,Fri,2022-02-07,1.35290,1.34903,1.35509,DOWN,38.7,2022-02-07 10:53,1.35509,21.9,22,60.6,547
2022-02-07,Mon,2022-02-08,1.35372,1.35075,1.35639,DOWN,29.7,2022-02-08 07:30,1.35390,1.8,2,56.4,425
2022-02-08,Tue,2022-02-09,1.35422,1.35265,1.35893,UP,47.1,2022-02-09 10:32,1.35368,5.4,5,62.8,341
2022-02-09,Wed,2022-02-10,1.35352,1.35231,1.36436,UP,108.4,2022-02-10 16:56,1.35231,12.1,12,120.5,280
2022-02-10,Thu,2022-02-11,1.35735,1.35139,1.36096,DOWN,59.6,2022-02-11 06:38,1.35642,-9.3,-9,95.7,751
2022-02-11,Fri,2022-02-14,1.35507,1.34947,1.35718,DOWN,56.0,2022-02-14 08:57,1.35718,21.1,21,77.1,534
2022-02-14,Mon,2022-02-15,1.35208,1.34864,1.35668,UP,46.0,2022-02-15 08:59,1.35190,1.8,2,80.4,345
2022-02-15,Tue,2022-02-16,1.35344,1.35273,1.36009,UP,66.5,2022-02-16 20:03,1.35273,7.1,7,73.6,944
2022-02-16,Wed,2022-02-17,1.35983,1.35551,1.36379,DOWN,43.2,2022-02-17 04:01,1.35974,-0.9,-1,82.8,1143
2022-02-17,Thu,2022-02-18,1.36236,1.35730,1.36426,DOWN,50.6,2022-02-18 16:09,1.36426,19.0,19,69.6,904
2022-02-18,Fri,2022-02-21,1.36028,1.35857,1.36384,UP,35.6,2022-02-21 10:20,1.35857,17.1,17,52.7,613
2022-02-21,Mon,2022-02-22,1.36042,1.35382,1.36047,DOWN,66.0,2022-02-22 15:06,1.36007,-3.5,-4,66.5,16
2022-02-22,Tue,2022-02-23,1.35921,1.35358,1.36206,DOWN,56.3,2022-02-23 19:34,1.36206,28.5,28,84.8,394
2022-02-23,Wed,2022-02-24,1.35382,1.32726,1.35492,DOWN,265.6,2022-02-24 16:01,1.35492,11.0,11,276.6,416
2022-02-24,Thu,2022-02-25,1.33865,1.33663,1.34386,UP,52.1,2022-02-25 04:30,1.33689,17.6,18,72.3,1437
2022-02-25,Fri,2022-02-28,1.34096,1.33243,1.34316,DOWN,85.3,2022-02-27 22:11,1.33399,-69.7,-70,107.3,742
2022-02-28,Mon,2022-03-01,1.34153,1.33021,1.34374,DOWN,113.2,2022-03-01 18:28,1.34374,22.1,22,135.3,1452
2022-03-01,Tue,2022-03-02,1.33124,1.32714,1.34069,UP,94.5,2022-03-02 21:16,1.32714,41.0,41,135.5,720
2022-03-02,Wed,2022-03-03,1.33729,1.33173,1.34179,DOWN,55.6,2022-03-03 16:57,1.34179,45.0,45,100.6,837
2022-03-03,Thu,2022-03-04,1.33352,1.32023,1.33534,DOWN,132.9,2022-03-04 15:46,1.33534,18.2,18,151.1,890
2022-03-04,Fri,2022-03-07,1.32184,1.31007,1.32378,DOWN,117.7,2022-03-07 21:56,1.32378,19.4,19,137.1,1183
2022-03-07,Mon,2022-03-08,1.31045,1.30819,1.31444,UP,39.9,2022-03-08 15:44,1.30819,22.6,23,62.5,893
2022-03-08,Tue,2022-03-09,1.31062,1.30878,1.31898,UP,83.6,2022-03-09 20:35,1.30878,18.4,18,102.0,410
2022-03-09,Wed,2022-03-10,1.31807,1.30801,1.31947,DOWN,100.6,2022-03-10 21:54,1.31947,14.0,14,114.6,1102
2022-03-10,Thu,2022-03-11,1.30984,1.30273,1.31249,DOWN,71.1,2022-03-11 20:33,1.31249,26.5,26,97.6,337
2022-03-11,Fri,2022-03-14,1.30378,1.30007,1.30793,UP,41.5,2022-03-14 12:48,1.30096,28.2,28,78.6,532
2022-03-14,Mon,2022-03-15,1.30172,1.30002,1.30885,UP,71.3,2022-03-15 15:54,1.30002,17.0,17,88.3,223
2022-03-15,Tue,2022-03-16,1.30325,1.30285,1.31561,UP,123.6,2022-03-16 20:01,1.30285,4.0,4,127.6,421
2022-03-16,Wed,2022-03-17,1.31177,1.30876,1.32107,UP,93.0,2022-03-17 11:58,1.31246,-6.9,-7,123.1,708
2022-03-17,Thu,2022-03-18,1.31543,1.31107,1.31968,DOWN,43.6,2022-03-18 13:29,1.31835,29.2,29,86.1,467
2022-03-18,Fri,2022-03-21,1.31857,1.31268,1.32099,DOWN,58.9,2022-03-21 11:18,1.31768,-8.9,-9,83.1,518
2022-03-21,Mon,2022-03-22,1.31618,1.31200,1.32738,UP,112.0,2022-03-22 14:01,1.31200,41.8,42,153.8,862
2022-03-22,Tue,2022-03-23,1.32531,1.31750,1.32986,DOWN,78.1,2022-03-23 13:59,1.32986,45.5,46,123.6,510
2022-03-23,Wed,2022-03-24,1.32059,1.31569,1.32141,DOWN,49.0,2022-03-24 09:00,1.32128,6.9,7,57.2,585
2022-03-24,Thu,2022-03-25,1.31824,1.31592,1.32250,UP,42.6,2022-03-25 04:45,1.31792,3.2,3,65.8,391
2022-03-25,Fri,2022-03-28,1.31855,1.30668,1.31844,DOWN,118.7,2022-03-28 14:46,1.31844,-1.1,-1,117.6,1144
2022-03-28,Mon,2022-03-29,1.30964,1.30509,1.31594,UP,63.0,2022-03-29 12:50,1.30509,45.5,46,108.5,518
2022-03-29,Tue,2022-03-30,1.30940,1.30829,1.31825,UP,88.5,2022-03-30 14:52,1.30829,11.1,11,99.6,1005
2022-03-30,Wed,2022-03-31,1.31363,1.31058,1.31756,UP,39.3,2022-03-31 15:02,1.31058,30.5,30,69.8,1065
2022-03-31,Thu,2022-04-01,1.31353,1.30862,1.31504,DOWN,49.1,2022-04-01 14:31,1.31504,15.1,15,64.2,872
2022-04-01,Fri,2022-04-04,1.31063,1.30931,1.31369,UP,30.6,2022-04-04 07:13,1.30939,12.4,12,43.8,1125
2022-04-04,Mon,2022-04-05,1.31152,1.30667,1.31668,UP,51.6,2022-04-05 14:03,1.31056,9.6,10,100.1,556
2022-04-05,Tue,2022-04-06,1.30810,1.30455,1.31081,DOWN,35.5,2022-04-06 06:10,1.30836,2.6,3,62.6,530
2022-04-06,Wed,2022-04-07,1.30703,1.30517,1.31067,UP,36.4,2022-04-07 07:23,1.30575,12.8,13,55.0,767
2022-04-07,Thu,2022-04-08,1.30734,1.29821,1.30856,DOWN,91.3,2022-04-08 13:55,1.30856,12.2,12,103.5,464
2022-04-08,Fri,2022-04-11,1.30379,1.29890,1.30567,DOWN,48.9,2022-04-11 06:28,1.30395,1.6,2,67.7,720
2022-04-11,Mon,2022-04-12,1.30330,1.29935,1.30539,DOWN,39.5,2022-04-12 09:04,1.30377,4.7,5,60.4,649
2022-04-12,Tue,2022-04-13,1.30051,1.29725,1.31172,UP,112.1,2022-04-13 20:54,1.29725,32.6,33,144.7,660
2022-04-13,Wed,2022-04-14,1.31101,1.30335,1.31473,DOWN,76.6,2022-04-14 14:01,1.31473,37.2,37,113.8,567
2022-04-14,Thu,2022-04-15,1.30757,1.30381,1.30761,DOWN,37.6,2022-04-15 00:55,1.30761,0.4,0,38.0,724
2022-04-15,Fri,2022-04-18,1.30646,1.30048,1.30637,DOWN,59.8,2022-04-18 16:21,1.30637,-0.9,-1,58.9,0
2022-04-18,Mon,2022-04-19,1.30094,1.29806,1.30405,UP,31.1,2022-04-19 09:00,1.29878,21.6,22,59.9,751
2022-04-19,Tue,2022-04-20,1.29994,1.29904,1.30706,UP,71.2,2022-04-20 18:12,1.29904,9.0,9,80.2,721
2022-04-20,Wed,2022-04-21,1.30552,1.30224,1.30903,UP,35.1,2022-04-21 10:24,1.30424,12.8,13,67.9,368
2022-04-21,Thu,2022-04-22,1.30285,1.28228,1.30353,DOWN,205.7,2022-04-22 18:58,1.30353,6.8,7,212.5,433
2022-04-22,Fri,2022-04-25,1.28238,1.26973,1.28406,DOWN,126.5,2022-04-25 16:02,1.28406,16.8,17,143.3,1113
2022-04-25,Mon,2022-04-26,1.27337,1.25711,1.27724,DOWN,162.6,2022-04-26 20:40,1.27724,38.7,39,201.3,830
2022-04-26,Tue,2022-04-27,1.25869,1.25024,1.26018,DOWN,84.5,2022-04-27 14:57,1.26018,14.9,15,99.4,383
2022-04-27,Wed,2022-04-28,1.25415,1.24111,1.25698,DOWN,130.4,2022-04-28 14:51,1.25698,28.3,28,158.7,229
2022-04-28,Thu,2022-04-29,1.24614,1.24446,1.26145,UP,153.1,2022-04-29 17:51,1.24446,16.8,17,169.9,573
2022-04-29,Fri,2022-05-02,1.25991,1.24728,1.25973,DOWN,126.3,2022-05-02 18:59,1.25973,-1.8,-2,124.5,707
2022-05-02,Mon,2022-05-03,1.24742,1.24704,1.25672,UP,93.0,2022-05-03 12:39,1.24826,-8.4,-8,96.8,755
2022-05-03,Tue,2022-05-04,1.24901,1.24510,1.26379,UP,147.8,2022-05-04 19:53,1.24510,39.1,39,186.9,346
2022-05-04,Wed,2022-05-05,1.25751,1.23248,1.26341,DOWN,250.3,2022-05-05 18:00,1.26341,59.0,59,309.3,642
2022-05-05,Thu,2022-05-06,1.23505,1.22760,1.23802,DOWN,74.5,2022-05-06 06:59,1.23802,29.7,30,104.2,860
2022-05-06,Fri,2022-05-09,1.23323,1.22607,1.24061,UP,73.8,2022-05-09 12:36,1.22607,71.6,72,145.4,735
2022-05-09,Mon,2022-05-10,1.23442,1.22917,1.23757,DOWN,52.5,2022-05-10 16:02,1.23757,31.5,32,84.0,456
2022-05-10,Tue,2022-05-11,1.23134,1.22373,1.24002,UP,86.8,2022-05-11 13:49,1.22768,36.6,37,162.9,226
2022-05-11,Wed,2022-05-12,1.22687,1.21647,1.22516,DOWN,104.0,2022-05-12 09:03,1.22516,-17.1,-17,86.9,530
2022-05-12,Thu,2022-05-13,1.21745,1.21555,1.22631,UP,88.6,2022-05-13 20:59,1.21555,19.0,19,107.6,448
2022-05-13,Fri,2022-05-16,1.22415,1.22171,1.23295,UP,88.0,2022-05-16 19:17,1.22171,24.4,24,112.4,288
2022-05-16,Mon,2022-05-17,1.23191,1.23152,1.24987,UP,179.6,2022-05-17 11:46,1.23152,3.9,4,183.5,495
2022-05-17,Tue,2022-05-18,1.24812,1.23298,1.25008,DOWN,151.4,2022-05-18 20:20,1.25008,19.6,20,171.0,480
2022-05-18,Wed,2022-05-19,1.23460,1.23342,1.25245,UP,178.5,2022-05-19 15:41,1.23342,11.8,12,190.3,354
2022-05-19,Thu,2022-05-20,1.24980,1.24373,1.24999,DOWN,60.7,2022-05-20 02:11,1.24749,-23.1,-23,62.6,763
2022-05-20,Fri,2022-05-23,1.24709,1.24659,1.26011,UP,130.2,2022-05-23 11:14,1.24659,5.0,5,135.2,397
2022-05-23,Mon,2022-05-24,1.25785,1.24716,1.25980,DOWN,106.9,2022-05-24 12:35,1.25980,19.5,20,126.4,392
2022-05-24,Tue,2022-05-25,1.25110,1.24809,1.25907,UP,79.7,2022-05-25 19:04,1.24809,30.1,30,109.8,208
2022-05-25,Wed,2022-05-26,1.25859,1.25517,1.26208,UP,34.9,2022-05-26 10:57,1.25517,34.2,34,69.1,485
2022-05-26,Thu,2022-05-27,1.25946,1.25650,1.26668,UP,72.2,2022-05-27 01:56,1.25650,29.6,30,101.8,140
2022-05-27,Fri,2022-05-30,1.26254,1.26156,1.26598,UP,34.4,2022-05-30 15:46,1.26156,9.8,10,44.2,555
2022-05-30,Mon,2022-05-31,1.26571,1.25604,1.26548,DOWN,96.7,2022-05-31 12:56,1.26548,-2.3,-2,94.4,27
2022-05-31,Tue,2022-06-01,1.26055,1.24584,1.26165,DOWN,147.1,2022-06-01 15:42,1.26165,11.0,11,158.1,387
2022-06-01,Wed,2022-06-02,1.24934,1.24692,1.25865,UP,93.1,2022-06-02 18:16,1.24692,24.2,24,117.3,642
2022-06-02,Thu,2022-06-03,1.25671,1.24853,1.25897,DOWN,81.8,2022-06-03 20:53,1.25897,22.6,23,104.4,443
2022-06-03,Fri,2022-06-06,1.25008,1.24765,1.25776,UP,76.8,2022-06-06 08:30,1.24765,24.3,24,101.1,375
2022-06-06,Mon,2022-06-07,1.25348,1.24301,1.25993,DOWN,104.7,2022-06-07 06:11,1.25310,-3.8,-4,169.2,573
2022-06-07,Tue,2022-06-08,1.25872,1.25131,1.25974,DOWN,74.1,2022-06-08 09:05,1.25974,10.2,10,84.3,397
2022-06-08,Wed,2022-06-09,1.25393,1.24871,1.25585,DOWN,52.2,2022-06-09 20:07,1.25585,19.2,19,71.4,966
2022-06-09,Thu,2022-06-10,1.25079,1.23010,1.25176,DOWN,206.9,2022-06-10 18:05,1.25176,9.7,10,216.6,287
2022-06-10,Fri,2022-06-13,1.23166,1.21071,1.23206,DOWN,209.5,2022-06-13 19:33,1.23206,4.0,4,213.5,798
2022-06-13,Mon,2022-06-14,1.21402,1.19339,1.22080,DOWN,206.3,2022-06-14 19:18,1.22080,67.8,68,274.1,1124
2022-06-14,Tue,2022-06-15,1.19725,1.19728,1.22048,UP,232.3,2022-06-15 19:36,1.19728,-0.3,0,232.0,649
2022-06-15,Wed,2022-06-16,1.21239,1.20407,1.24069,UP,283.0,2022-06-16 16:46,1.20407,83.2,83,366.2,797
2022-06-16,Thu,2022-06-17,1.23554,1.21726,1.23612,DOWN,182.8,2022-06-17 14:56,1.23612,5.8,6,188.6,1178
2022-06-17,Fri,2022-06-20,1.22102,1.21988,1.22803,UP,70.1,2022-06-20 11:44,1.21988,11.4,11,81.5,411
2022-06-20,Mon,2022-06-21,1.22384,1.22405,1.23244,UP,86.0,2022-06-21 08:44,1.22405,-2.1,-2,83.9,21
2022-06-21,Tue,2022-06-22,1.22760,1.21610,1.23146,DOWN,115.0,2022-06-22 07:20,1.22790,3.0,3,153.6,585
2022-06-22,Wed,2022-06-23,1.22629,1.21700,1.22945,DOWN,92.9,2022-06-23 08:29,1.22651,2.2,2,124.5,485
2022-06-23,Thu,2022-06-24,1.22512,1.22407,1.23204,UP,69.2,2022-06-24 14:02,1.22407,10.5,10,79.7,229
2022-06-24,Fri,2022-06-27,1.22675,1.22380,1.23324,UP,64.9,2022-06-27 07:28,1.22515,16.0,16,94.4,259
2022-06-27,Mon,2022-06-28,1.22759,1.21803,1.22915,DOWN,95.6,2022-06-28 19:09,1.22915,15.6,16,111.2,278
2022-06-28,Tue,2022-06-29,1.21825,1.21054,1.22129,DOWN,77.1,2022-06-29 14:34,1.22129,30.4,30,107.5,234
2022-06-29,Wed,2022-06-30,1.21192,1.20921,1.21884,UP,69.2,2022-06-30 18:50,1.20921,27.1,27,96.3,410
2022-06-30,Thu,2022-07-01,1.21824,1.19756,1.21765,DOWN,206.8,2022-07-01 14:06,1.21765,-5.9,-6,200.9,507
2022-07-01,Fri,2022-07-04,1.20960,1.20846,1.21653,UP,69.3,2022-07-04 12:09,1.20846,11.4,11,80.7,964
2022-07-04,Mon,2022-07-05,1.21075,1.18986,1.21253,DOWN,208.9,2022-07-05 15:15,1.21253,17.8,18,226.7,55
2022-07-05,Tue,2022-07-06,1.19501,1.18756,1.19896,DOWN,74.5,2022-07-06 12:28,1.19896,39.5,40,114.0,911
2022-07-06,Wed,2022-07-07,1.19253,1.19088,1.20295,UP,104.2,2022-07-07 19:32,1.19088,16.5,16,120.7,835
2022-07-07,Thu,2022-07-08,1.20129,1.19195,1.20558,DOWN,93.4,2022-07-08 08:23,1.20558,42.9,43,136.3,340
2022-07-08,Fri,2022-07-11,1.20263,1.18664,1.20362,DOWN,159.9,2022-07-11 14:25,1.20362,9.9,10,169.8,415
2022-07-11,Mon,2022-07-12,1.18957,1.18070,1.19160,DOWN,88.7,2022-07-12 08:17,1.19097,14.0,14,109.0,218
2022-07-12,Tue,2022-07-13,1.18984,1.18270,1.19674,DOWN,71.4,2022-07-13 12:43,1.19462,47.8,48,140.4,347
2022-07-13,Wed,2022-07-14,1.19062,1.17597,1.18936,DOWN,146.5,2022-07-14 13:43,1.18936,-12.6,-13,133.9,384
2022-07-14,Thu,2022-07-15,1.18325,1.18044,1.18745,UP,42.0,2022-07-15 14:37,1.18044,28.1,28,70.1,631
2022-07-15,Fri,2022-07-18,1.18569,1.18614,1.20334,UP,176.5,2022-07-18 14:52,1.18614,-4.5,-4,172.0,354
2022-07-18,Mon,2022-07-19,1.19536,1.19248,1.20455,UP,91.9,2022-07-19 15:03,1.19248,28.8,29,120.7,397
2022-07-19,Tue,2022-07-20,1.19966,1.19534,1.20374,DOWN,43.2,2022-07-20 17:57,1.20374,40.8,41,84.0,777
2022-07-20,Wed,2022-07-21,1.19666,1.18899,1.20038,DOWN,76.7,2022-07-21 13:36,1.20038,37.2,37,113.9,431
2022-07-21,Thu,2022-07-22,1.19642,1.19164,1.20640,UP,99.8,2022-07-22 14:19,1.19164,47.8,48,147.6,633
2022-07-22,Fri,2022-07-25,1.19782,1.19604,1.20867,UP,108.5,2022-07-25 13:28,1.19604,17.8,18,126.3,868
2022-07-25,Mon,2022-07-26,1.20477,1.19638,1.20900,DOWN,83.9,2022-07-26 12:21,1.20900,42.3,42,126.2,368
2022-07-26,Tue,2022-07-27,1.20281,1.20182,1.21862,UP,158.1,2022-07-27 19:33,1.20182,9.9,10,168.0,550
2022-07-27,Wed,2022-07-28,1.21677,1.21033,1.21914,DOWN,64.4,2022-07-28 12:25,1.21914,23.7,24,88.1,858
2022-07-28,Thu,2022-07-29,1.21487,1.20627,1.22458,UP,97.1,2022-07-29 07:07,1.21614,-12.7,-13,183.1,773
2022-07-29,Fri,2022-08-01,1.21758,1.21559,1.22935,UP,117.7,2022-08-01 14:52,1.21559,19.9,20,137.6,1143
2022-08-01,Mon,2022-08-02,1.22533,1.21576,1.22792,DOWN,95.7,2022-08-02 20:41,1.22792,25.9,26,121.6,672
2022-08-02,Tue,2022-08-03,1.21684,1.20999,1.22078,DOWN,68.5,2022-08-03 15:06,1.22078,39.4,39,107.9,441
2022-08-03,Wed,2022-08-04,1.21445,1.20655,1.22149,DOWN,79.0,2022-08-04 11:52,1.22149,70.4,70,149.4,750
2022-08-04,Thu,2022-08-05,1.21749,1.20033,1.21691,DOWN,171.6,2022-08-05 13:22,1.21691,-5.8,-6,165.8,950
2022-08-05,Fri,2022-08-08,1.20639,1.20475,1.21378,UP,73.9,2022-08-08 14:27,1.20475,16.4,16,90.3,542
2022-08-08,Mon,2022-08-09,1.20729,1.20631,1.21301,UP,57.2,2022-08-09 09:23,1.20655,7.4,7,67.0,993
2022-08-09,Tue,2022-08-10,1.20682,1.20649,1.22772,UP,209.0,2022-08-10 15:04,1.20649,3.3,3,212.3,662
2022-08-10,Wed,2022-08-11,1.22249,1.21820,1.22493,DOWN,42.9,2022-08-11 02:45,1.22200,-4.9,-5,67.3,932
2022-08-11,Thu,2022-08-12,1.21992,1.20994,1.22162,DOWN,99.8,2022-08-12 14:05,1.22162,17.0,17,116.8,751
2022-08-12,Fri,2022-08-15,1.21405,1.20490,1.21482,DOWN,91.5,2022-08-15 20:36,1.21482,7.7,8,99.2,673
2022-08-15,Mon,2022-08-16,1.20545,1.20078,1.21179,UP,63.4,2022-08-16 14:48,1.20078,46.7,47,110.1,282
2022-08-16,Tue,2022-08-17,1.20894,1.20279,1.21431,DOWN,61.5,2022-08-17 16:00,1.21431,53.7,54,115.2,398
2022-08-17,Wed,2022-08-18,1.20637,1.19227,1.20796,DOWN,141.0,2022-08-18 17:16,1.20796,15.9,16,156.9,571
2022-08-18,Thu,2022-08-19,1.19320,1.17920,1.19348,DOWN,140.0,2022-08-19 15:21,1.19348,2.8,3,142.8,900
2022-08-19,Fri,2022-08-22,1.18119,1.17419,1.18366,DOWN,70.0,2022-08-22 15:49,1.18366,24.7,25,94.7,792
2022-08-22,Mon,2022-08-23,1.17524,1.17172,1.18778,UP,125.4,2022-08-23 14:11,1.17172,35.2,35,160.6,206
2022-08-23,Tue,2022-08-24,1.18186,1.17554,1.18365,DOWN,63.2,2022-08-24 14:06,1.18365,17.9,18,81.1,1073
2022-08-24,Wed,2022-08-25,1.17870,1.17835,1.18643,UP,77.3,2022-08-25 07:13,1.17835,3.5,4,80.8,530
2022-08-25,Thu,2022-08-26,1.18274,1.17332,1.19006,DOWN,94.2,2022-08-26 19:07,1.19006,73.2,73,167.4,565
2022-08-26,Fri,2022-08-29,1.17430,1.16486,1.17440,DOWN,94.4,2022-08-29 05:09,1.17348,-8.2,-8,95.4,457
2022-08-29,Mon,2022-08-30,1.17008,1.16210,1.17604,DOWN,79.8,2022-08-30 14:53,1.17604,59.6,60,139.4,574
2022-08-30,Tue,2022-08-31,1.16578,1.15990,1.16936,DOWN,58.8,2022-08-31 13:35,1.16936,35.8,36,94.6,740
2022-08-31,Wed,2022-09-01,1.16154,1.14984,1.16209,DOWN,117.0,2022-09-01 14:49,1.16209,5.5,6,122.5,1015
2022-09-01,Thu,2022-09-02,1.15385,1.14959,1.15888,UP,50.3,2022-09-02 15:23,1.15261,12.4,12,92.9,1168
2022-09-02,Fri,2022-09-05,1.15116,1.14435,1.15212,DOWN,68.1,2022-09-05 05:44,1.14928,-18.8,-19,77.7,920
2022-09-05,Mon,2022-09-06,1.15167,1.14932,1.16093,UP,92.6,2022-09-06 06:55,1.15134,3.3,3,116.1,6
2022-09-06,Tue,2022-09-07,1.15247,1.14047,1.15395,DOWN,120.0,2022-09-07 14:01,1.15234,-1.3,-1,134.8,932
2022-09-07,Wed,2022-09-08,1.15014,1.14602,1.15609,UP,59.5,2022-09-08 11:42,1.14761,25.3,25,100.7,614
2022-09-08,Thu,2022-09-09,1.14988,1.14975,1.16482,UP,149.4,2022-09-09 08:20,1.14975,1.3,1,150.7,1911
2022-09-09,Fri,2022-09-12,1.15895,1.16005,1.17105,UP,121.0,2022-09-12 14:54,1.16005,-11.0,-11,110.0,510
2022-09-12,Mon,2022-09-13,1.16793,1.14907,1.17381,DOWN,188.6,2022-09-13 20:59,1.17381,58.8,59,247.4,563
2022-09-13,Tue,2022-09-14,1.15015,1.14799,1.15896,UP,88.1,2022-09-14 15:07,1.14799,21.6,22,109.7,963
2022-09-14,Wed,2022-09-15,1.15416,1.14615,1.15480,DOWN,80.1,2022-09-15 19:11,1.15480,6.4,6,86.5,496
2022-09-15,Thu,2022-09-16,1.14663,1.13507,1.14803,DOWN,115.6,2022-09-16 07:49,1.14803,14.0,14,129.6,128
2022-09-16,Fri,2022-09-19,1.14113,1.13551,1.14422,DOWN,56.2,2022-09-19 10:16,1.14422,30.9,31,87.1,413
2022-09-19,Mon,2022-09-20,1.14184,1.13572,1.14608,DOWN,61.2,2022-09-20 17:39,1.14608,42.4,42,103.6,447
2022-09-20,Tue,2022-09-21,1.13703,1.12362,1.13846,DOWN,134.1,2022-09-21 18:01,1.13846,14.3,14,148.4,458
2022-09-21,Wed,2022-09-22,1.13490,1.12117,1.13639,DOWN,137.3,2022-09-22 07:00,1.12792,-69.8,-70,152.2,1151
2022-09-22,Thu,2022-09-23,1.12509,1.08395,1.12739,DOWN,411.4,2022-09-23 18:58,1.12739,23.0,23,434.4,671
2022-09-23,Fri,2022-09-26,1.08462,1.03266,1.09303,DOWN,519.6,2022-09-26 01:01,1.08450,-1.2,-1,603.7,1977
2022-09-26,Mon,2022-09-27,1.06838,1.06499,1.08385,UP,154.7,2022-09-27 07:31,1.06499,33.9,34,188.6,576
2022-09-27,Tue,2022-09-28,1.07315,1.05390,1.09156,DOWN,192.5,2022-09-28 11:27,1.08397,108.2,108,376.6,618
2022-09-28,Wed,2022-09-29,1.09020,1.07621,1.11183,UP,216.3,2022-09-29 20:57,1.07621,139.9,140,356.2,697
2022-09-29,Thu,2022-09-30,1.10558,1.10248,1.12344,UP,178.6,2022-09-30 08:38,1.10703,-14.5,-14,209.6,1039
2022-09-30,Fri,2022-10-03,1.11745,1.10854,1.13346,UP,160.1,2022-10-03 15:11,1.10854,89.1,89,249.2,996
2022-10-03,Mon,2022-10-04,1.13119,1.12805,1.14893,UP,177.4,2022-10-04 16:30,1.12805,31.4,31,208.8,828
2022-10-04,Tue,2022-10-05,1.14785,1.12270,1.14955,DOWN,251.5,2022-10-05 15:15,1.14955,17.0,17,268.5,388
2022-10-05,Wed,2022-10-06,1.13443,1.11128,1.13833,DOWN,231.5,2022-10-06 16:00,1.13833,39.0,39,270.5,657
2022-10-06,Thu,2022-10-07,1.11496,1.10552,1.12252,DOWN,94.4,2022-10-07 19:36,1.12252,75.6,76,170.0,621
2022-10-07,Fri,2022-10-10,1.10755,1.10196,1.11111,DOWN,55.9,2022-10-10 17:10,1.11111,35.6,36,91.5,267
2022-10-10,Mon,2022-10-11,1.10586,1.09528,1.11799,UP,121.3,2022-10-11 16:47,1.09977,60.9,61,227.1,336
2022-10-11,Tue,2022-10-12,1.10221,1.09235,1.11337,UP,111.6,2022-10-12 18:14,1.09235,98.6,99,210.2,1557
2022-10-12,Wed,2022-10-13,1.10929,1.10573,1.13805,UP,287.6,2022-10-13 16:05,1.10573,35.6,36,323.2,318
2022-10-13,Thu,2022-10-14,1.13208,1.11519,1.13662,DOWN,168.9,2022-10-14 16:58,1.13662,45.4,45,214.3,581
2022-10-14,Fri,2022-10-17,1.11735,1.12049,1.14397,UP,266.2,2022-10-17 14:56,1.12049,-31.4,-31,234.8,604
2022-10-17,Mon,2022-10-18,1.13654,1.12558,1.14109,DOWN,109.6,2022-10-18 10:58,1.14109,45.5,46,155.1,478
2022-10-18,Tue,2022-10-19,1.13169,1.11847,1.13574,DOWN,132.2,2022-10-19 17:05,1.13574,40.5,40,172.7,297
2022-10-19,Wed,2022-10-20,1.12043,1.11711,1.13362,UP,131.9,2022-10-20 14:29,1.11711,33.2,33,165.1,389
2022-10-20,Thu,2022-10-21,1.12199,1.10606,1.13149,DOWN,159.3,2022-10-21 12:33,1.12372,17.3,17,254.3,1236
2022-10-21,Fri,2022-10-24,1.12724,1.12580,1.14087,UP,136.3,2022-10-23 22:03,1.13669,-94.5,-94,150.7,609
2022-10-24,Mon,2022-10-25,1.12797,1.12710,1.14992,UP,219.5,2022-10-25 14:01,1.12710,8.7,9,228.2,556
2022-10-25,Tue,2022-10-26,1.14724,1.14305,1.16388,UP,166.4,2022-10-26 16:26,1.14305,41.9,42,208.3,1234
2022-10-26,Wed,2022-10-27,1.16252,1.15485,1.16456,DOWN,76.7,2022-10-27 10:44,1.16456,20.4,20,97.1,857
2022-10-27,Thu,2022-10-28,1.15603,1.15038,1.16237,UP,63.4,2022-10-28 19:44,1.15038,56.5,56,119.9,388
2022-10-28,Fri,2022-10-31,1.16113,1.14602,1.16133,DOWN,151.1,2022-10-31 17:52,1.16133,2.0,2,153.1,787
2022-10-31,Mon,2022-11-01,1.14706,1.14371,1.15660,UP,95.4,2022-11-01 12:25,1.14600,10.6,11,128.9,807
2022-11-01,Tue,2022-11-02,1.14824,1.13866,1.15648,DOWN,95.8,2022-11-02 20:54,1.15648,82.4,82,178.2,830
2022-11-02,Wed,2022-11-03,1.14748,1.11515,1.14220,DOWN,323.3,2022-11-03 20:21,1.14220,-52.8,-53,270.5,818
2022-11-03,Thu,2022-11-04,1.11650,1.11452,1.13823,UP,217.3,2022-11-04 19:15,1.11452,19.8,20,237.1,754
2022-11-04,Fri,2022-11-07,1.13672,1.12906,1.15416,UP,174.4,2022-11-07 19:38,1.12906,76.6,77,251.0,606
2022-11-07,Mon,2022-11-08,1.15333,1.14299,1.15990,DOWN,103.4,2022-11-08 13:34,1.15364,3.1,3,169.1,562
2022-11-08,Tue,2022-11-09,1.15351,1.13333,1.15671,DOWN,201.8,2022-11-09 18:35,1.15671,32.0,32,233.8,452
2022-11-09,Wed,2022-11-10,1.13426,1.13486,1.17301,UP,387.5,2022-11-10 21:13,1.13486,-6.0,-6,381.5,437
2022-11-10,Thu,2022-11-11,1.16944,1.16472,1.18547,UP,160.3,2022-11-11 19:59,1.16472,47.2,47,207.5,749
2022-11-11,Fri,2022-11-14,1.18527,1.17100,1.18288,DOWN,142.7,2022-11-14 15:35,1.18288,-23.9,-24,118.8,991
2022-11-14,Mon,2022-11-15,1.17786,1.17407,1.20283,UP,249.7,2022-11-15 13:38,1.17407,37.9,38,287.6,632
2022-11-15,Tue,2022-11-16,1.18739,1.18312,1.19421,UP,68.2,2022-11-16 10:22,1.18312,42.7,43,110.9,611
2022-11-16,Wed,2022-11-17,1.19122,1.17626,1.19579,DOWN,149.6,2022-11-17 13:59,1.19579,45.7,46,195.3,636
2022-11-17,Thu,2022-11-18,1.18506,1.18574,1.19508,UP,100.2,2022-11-18 09:35,1.18574,-6.8,-7,93.4,749
2022-11-18,Fri,2022-11-21,1.18905,1.17785,1.18962,DOWN,112.0,2022-11-21 16:57,1.18962,5.7,6,117.7,461
2022-11-21,Mon,2022-11-22,1.18150,1.18173,1.19027,UP,87.7,2022-11-22 13:09,1.18173,-2.3,-2,85.4,398
2022-11-22,Tue,2022-11-23,1.18838,1.18725,1.20810,UP,197.2,2022-11-23 15:50,1.18725,11.3,11,208.5,259
2022-11-23,Wed,2022-11-24,1.20665,1.20473,1.21537,UP,87.2,2022-11-24 15:43,1.20473,19.2,19,106.4,631
2022-11-24,Thu,2022-11-25,1.21184,1.20582,1.21276,DOWN,60.2,2022-11-25 13:34,1.21276,9.2,9,69.4,22
2022-11-25,Fri,2022-11-28,1.20893,1.19392,1.21181,DOWN,150.1,2022-11-28 20:54,1.21181,28.8,29,178.9,0
2022-11-28,Mon,2022-11-29,1.19519,1.19441,1.20642,UP,112.3,2022-11-29 08:46,1.19498,2.1,2,120.1,406
2022-11-29,Tue,2022-11-30,1.19512,1.19004,1.20857,UP,134.5,2022-11-30 20:37,1.19004,50.8,51,185.3,486
2022-11-30,Wed,2022-12-01,1.20563,1.20488,1.23102,UP,253.9,2022-12-01 15:00,1.20488,7.5,8,261.4,1059
2022-12-01,Thu,2022-12-02,1.22573,1.21341,1.22999,DOWN,123.2,2022-12-02 13:43,1.22977,40.4,40,165.8,751
2022-12-02,Fri,2022-12-05,1.22875,1.21616,1.23446,DOWN,125.9,2022-12-05 19:48,1.23446,57.1,57,183.0,622
2022-12-05,Mon,2022-12-06,1.21746,1.21263,1.22693,UP,94.7,2022-12-06 16:11,1.21531,21.5,22,143.0,425
2022-12-06,Tue,2022-12-07,1.21428,1.21064,1.22345,UP,91.7,2022-12-07 18:19,1.21064,36.4,36,128.1,680
2022-12-07,Wed,2022-12-08,1.22126,1.21547,1.22473,DOWN,57.9,2022-12-08 11:27,1.22148,2.2,2,92.6,358
2022-12-08,Thu,2022-12-09,1.22418,1.22031,1.23225,UP,80.7,2022-12-09 16:52,1.22031,38.7,39,119.4,376
2022-12-09,Fri,2022-12-12,1.22712,1.22064,1.22989,DOWN,64.8,2022-12-12 07:00,1.22618,-9.4,-9,92.5,195
2022-12-12,Mon,2022-12-13,1.22589,1.22482,1.24440,UP,185.1,2022-12-13 14:26,1.22482,10.7,11,195.8,693
2022-12-13,Tue,2022-12-14,1.23726,1.23420,1.24465,UP,73.9,2022-12-14 20:13,1.23420,30.6,31,104.5,272
2022-12-14,Wed,2022-12-15,1.23991,1.21562,1.24270,DOWN,242.9,2022-12-15 17:59,1.24270,27.9,28,270.8,698
2022-12-15,Thu,2022-12-16,1.21892,1.21196,1.22229,DOWN,69.6,2022-12-16 09:15,1.22229,33.7,34,103.3,249
2022-12-16,Fri,2022-12-19,1.21679,1.21206,1.22419,UP,74.0,2022-12-19 09:23,1.21443,23.6,24,121.3,515
2022-12-19,Mon,2022-12-20,1.21418,1.20854,1.22232,UP,81.4,2022-12-20 03:05,1.21383,3.5,4,137.8,438
2022-12-20,Tue,2022-12-21,1.21698,1.20552,1.21926,DOWN,114.6,2022-12-21 17:20,1.21926,22.8,23,137.4,239
2022-12-21,Wed,2022-12-22,1.20821,1.19924,1.21472,DOWN,89.7,2022-12-22 14:35,1.21472,65.1,65,154.8,647
2022-12-22,Thu,2022-12-23,1.20303,1.20184,1.20902,UP,59.9,2022-12-23 11:17,1.20184,11.9,12,71.8,575
2022-12-23,Fri,2022-12-26,1.20399,1.20500,1.20772,UP,37.3,2022-12-26 12:16,1.20500,-10.1,-10,27.2,293
2022-12-26,Mon,2022-12-27,1.20559,1.20022,1.21121,UP,56.2,2022-12-27 07:01,1.20526,3.3,3,109.9,0
2022-12-27,Tue,2022-12-28,1.20296,1.20020,1.21258,UP,96.2,2022-12-28 14:37,1.20020,27.6,28,123.8,1031
2022-12-28,Wed,2022-12-29,1.20269,1.20125,1.20786,UP,51.7,2022-12-29 14:47,1.20125,14.4,14,66.1,868
2022-12-29,Thu,2022-12-30,1.20717,1.20098,1.21073,DOWN,61.9,2022-12-30 13:34,1.20746,2.9,3,97.5,678
2022-12-30,Fri,2023-01-02,1.20652,1.20331,1.21020,UP,36.8,2023-01-02 01:02,1.20626,2.6,3,68.9,1124
2023-01-02,Mon,2023-01-03,1.20444,1.19002,1.20847,DOWN,144.2,2023-01-03 09:06,1.20847,40.3,40,184.5,0
2023-01-03,Tue,2023-01-04,1.19823,1.19573,1.20875,UP,105.2,2023-01-04 11:14,1.19573,25.0,25,130.2,494
2023-01-04,Wed,2023-01-05,1.20590,1.18731,1.20777,DOWN,185.9,2023-01-05 15:54,1.20777,18.7,19,204.6,721
2023-01-05,Thu,2023-01-06,1.19191,1.18409,1.20992,UP,180.1,2023-01-06 19:59,1.18409,78.2,78,258.3,1120
2023-01-06,Fri,2023-01-09,1.20971,1.20759,1.22099,UP,112.8,2023-01-09 15:47,1.20759,21.2,21,134.0,568
2023-01-09,Mon,2023-01-10,1.22036,1.21097,1.21977,DOWN,93.9,2023-01-10 13:42,1.21977,-5.9,-6,88.0,461
2023-01-10,Tue,2023-01-11,1.21628,1.21000,1.21780,DOWN,62.8,2023-01-11 14:13,1.21780,15.2,15,78.0,176
2023-01-11,Wed,2023-01-12,1.21546,1.20798,1.22464,UP,91.8,2023-01-12 18:15,1.20798,74.8,75,166.6,441
2023-01-12,Thu,2023-01-13,1.22219,1.21499,1.22484,DOWN,72.0,2023-01-13 14:04,1.22484,26.5,26,98.5,837
2023-01-13,Fri,2023-01-16,1.22280,1.21714,1.22887,UP,60.7,2023-01-16 02:34,1.22122,15.8,16,117.3,134
2023-01-16,Mon,2023-01-17,1.21945,1.21689,1.23001,UP,105.6,2023-01-17 15:01,1.21689,25.6,26,131.2,8
2023-01-17,Tue,2023-01-18,1.22730,1.22541,1.24355,UP,162.5,2023-01-18 14:31,1.22541,18.9,19,181.4,644
2023-01-18,Wed,2023-01-19,1.23417,1.23128,1.23971,UP,55.4,2023-01-19 20:15,1.23128,28.9,29,84.3,750
2023-01-19,Thu,2023-01-20,1.23916,1.23350,1.24040,DOWN,56.6,2023-01-20 13:55,1.23977,6.1,6,69.0,1215
2023-01-20,Fri,2023-01-23,1.23955,1.23232,1.24476,DOWN,72.3,2023-01-23 15:10,1.24476,52.1,52,124.4,747
2023-01-23,Mon,2023-01-24,1.23639,1.22628,1.24135,DOWN,101.1,2023-01-24 14:59,1.24135,49.6,50,150.7,1016
2023-01-24,Tue,2023-01-25,1.23364,1.22827,1.24027,UP,66.3,2023-01-25 21:29,1.22827,53.7,54,120.0,603
2023-01-25,Wed,2023-01-26,1.23984,1.23443,1.24301,DOWN,54.1,2023-01-26 16:24,1.24301,31.7,32,85.8,647
2023-01-26,Thu,2023-01-27,1.24061,1.23451,1.24188,DOWN,61.0,2023-01-27 15:52,1.24188,12.7,13,73.7,557
2023-01-27,Fri,2023-01-30,1.23915,1.23365,1.24172,DOWN,55.0,2023-01-30 19:30,1.24172,25.7,26,80.7,510
2023-01-30,Mon,2023-01-31,1.23455,1.22839,1.23707,DOWN,61.6,2023-01-31 15:27,1.23707,25.2,25,86.8,539
2023-01-31,Tue,2023-02-01,1.23222,1.22719,1.23933,UP,71.1,2023-02-01 20:07,1.22719,50.3,50,121.4,988
2023-02-01,Wed,2023-02-02,1.23691,1.22210,1.24014,DOWN,148.1,2023-02-02 21:55,1.24014,32.3,32,180.4,746
2023-02-02,Thu,2023-02-03,1.22311,1.20465,1.22651,DOWN,184.6,2023-02-03 21:54,1.22651,34.0,34,218.6,881
2023-02-03,Fri,2023-02-06,1.20546,1.20052,1.20771,DOWN,49.4,2023-02-06 16:58,1.20771,22.5,22,71.9,896
2023-02-06,Mon,2023-02-07,1.20235,1.19608,1.20950,UP,71.5,2023-02-07 17:59,1.19608,62.7,63,134.2,364
2023-02-07,Tue,2023-02-08,1.20351,1.20301,1.21092,UP,74.1,2023-02-08 09:49,1.20301,5.0,5,79.1,511
2023-02-08,Wed,2023-02-09,1.20714,1.20564,1.21935,UP,122.1,2023-02-09 14:30,1.20564,15.0,15,137.1,499
2023-02-09,Thu,2023-02-10,1.21197,1.20467,1.21390,DOWN,73.0,2023-02-10 20:03,1.21390,19.3,19,92.3,599
2023-02-10,Fri,2023-02-13,1.20488,1.20302,1.21515,UP,102.7,2023-02-13 18:56,1.20302,18.6,19,121.3,470
2023-02-13,Mon,2023-02-14,1.21315,1.21170,1.22695,UP,138.0,2023-02-14 13:33,1.21240,7.5,8,152.5,448
2023-02-14,Tue,2023-02-15,1.21745,1.19896,1.21815,DOWN,184.9,2023-02-15 14:58,1.21815,7.0,7,191.9,380
2023-02-15,Wed,2023-02-16,1.20205,1.19652,1.20742,DOWN,55.3,2023-02-16 15:05,1.20742,53.7,54,109.0,599
2023-02-16,Thu,2023-02-17,1.20120,1.19149,1.20492,DOWN,97.1,2023-02-17 08:23,1.19894,-22.6,-23,134.3,688
2023-02-17,Fri,2023-02-20,1.20456,1.20143,1.20567,DOWN,31.3,2023-02-20 01:39,1.20360,-9.6,-10,42.4,1312
2023-02-20,Mon,2023-02-21,1.20416,1.19859,1.21475,UP,105.9,2023-02-21 15:56,1.19859,55.7,56,161.6,17
2023-02-21,Tue,2023-02-22,1.21075,1.20345,1.21352,DOWN,73.0,2023-02-22 19:59,1.21352,27.7,28,100.7,613
2023-02-22,Wed,2023-02-23,1.20371,1.19921,1.20747,DOWN,45.0,2023-02-23 17:19,1.20747,37.6,38,82.6,1177
2023-02-23,Thu,2023-02-24,1.20179,1.19281,1.20418,DOWN,89.8,2023-02-24 14:26,1.20418,23.9,24,113.7,833
2023-02-24,Fri,2023-02-27,1.19455,1.19223,1.20659,UP,120.4,2023-02-27 19:12,1.19223,23.2,23,143.6,1185
2023-02-27,Mon,2023-02-28,1.20581,1.20164,1.21429,UP,84.8,2023-02-28 15:01,1.20269,31.2,31,126.5,1024
2023-02-28,Tue,2023-03-01,1.20546,1.19649,1.20887,DOWN,89.7,2023-03-01 15:11,1.20887,34.1,34,123.8,867
2023-03-01,Wed,2023-03-02,1.20174,1.19251,1.20364,DOWN,92.3,2023-03-02 18:28,1.20364,19.0,19,111.3,964
2023-03-02,Thu,2023-03-03,1.19430,1.19414,1.20485,UP,105.5,2023-03-03 20:06,1.19414,1.6,2,107.1,1003
2023-03-03,Fri,2023-03-06,1.20452,1.19927,1.20487,DOWN,52.5,2023-03-06 11:49,1.20482,3.0,3,56.0,680
2023-03-06,Mon,2023-03-07,1.20159,1.18214,1.20650,DOWN,194.5,2023-03-07 19:24,1.20650,49.1,49,243.6,607
2023-03-07,Tue,2023-03-08,1.18294,1.18026,1.18590,UP,29.6,2023-03-08 15:34,1.18026,26.8,27,56.4,338
2023-03-08,Wed,2023-03-09,1.18429,1.18318,1.19387,UP,95.8,2023-03-09 18:03,1.18318,11.1,11,106.9,598
2023-03-09,Thu,2023-03-10,1.19101,1.19073,1.21132,UP,203.1,2023-03-10 15:45,1.19073,2.8,3,205.9,281
2023-03-10,Fri,2023-03-13,1.20301,1.20465,1.21996,UP,169.5,2023-03-13 18:42,1.20465,-16.4,-16,153.1,1083
2023-03-13,Mon,2023-03-14,1.21970,1.21354,1.22033,DOWN,61.6,2023-03-14 15:47,1.22033,6.3,6,67.9,674
2023-03-14,Tue,2023-03-15,1.21736,1.20101,1.21817,DOWN,163.5,2023-03-15 16:58,1.21817,8.1,8,171.6,1163
2023-03-15,Wed,2023-03-16,1.20761,1.20269,1.21278,UP,51.7,2023-03-16 18:52,1.20269,49.2,49,100.9,1076
2023-03-16,Thu,2023-03-17,1.21220,1.21002,1.22001,UP,78.1,2023-03-17 18:58,1.21002,21.8,22,99.9,1079
2023-03-17,Fri,2023-03-20,1.21978,1.21669,1.22850,UP,87.2,2023-03-20 18:28,1.21669,30.9,31,118.1,826
2023-03-20,Mon,2023-03-21,1.22792,1.21784,1.22825,DOWN,100.8,2023-03-21 16:41,1.22825,3.3,3,104.1,1128
2023-03-21,Tue,2023-03-22,1.22151,1.22083,1.23348,UP,119.7,2023-03-22 18:47,1.22083,6.8,7,126.5,1184
2023-03-22,Wed,2023-03-23,1.23013,1.22517,1.23434,DOWN,49.6,2023-03-22 21:05,1.22654,-35.9,-36,91.7,1464
2023-03-23,Thu,2023-03-24,1.22744,1.21900,1.22922,DOWN,84.4,2023-03-24 11:06,1.22922,17.8,18,102.2,1920
2023-03-24,Fri,2023-03-27,1.22269,1.22187,1.22930,UP,66.1,2023-03-27 14:27,1.22187,8.2,8,74.3,456
2023-03-27,Mon,2023-03-28,1.22884,1.22797,1.23490,UP,60.6,2023-03-28 15:39,1.22797,8.7,9,69.3,971
2023-03-28,Tue,2023-03-29,1.23363,1.23025,1.23606,DOWN,33.8,2023-03-29 13:23,1.23606,24.3,24,58.1,685
2023-03-29,Wed,2023-03-30,1.23148,1.22935,1.23929,UP,78.1,2023-03-30 18:59,1.22935,21.3,21,99.4,724
2023-03-30,Thu,2023-03-31,1.23921,1.23240,1.24229,DOWN,68.1,2023-03-31 17:50,1.24229,30.8,31,98.9,835
2023-03-31,Fri,2023-04-03,1.23349,1.22742,1.24232,UP,88.3,2023-04-03 20:03,1.22742,60.7,61,149.0,1037
2023-04-03,Mon,2023-04-04,1.24086,1.23950,1.25251,UP,116.5,2023-04-04 14:55,1.23950,13.6,14,130.1,1551
2023-04-04,Tue,2023-04-05,1.24983,1.24326,1.25140,DOWN,65.7,2023-04-05 14:45,1.25140,15.7,16,81.4,1165
2023-04-05,Wed,2023-04-06,1.24635,1.24126,1.24868,DOWN,50.9,2023-04-06 13:56,1.24868,23.3,23,74.2,827
2023-04-06,Thu,2023-04-07,1.24530,1.23891,1.24558,DOWN,63.9,2023-04-07 12:37,1.24558,2.8,3,66.7,1111
2023-04-10,Mon,2023-04-11,1.23789,1.23778,1.24562,UP,77.3,2023-04-11 10:55,1.23778,1.1,1,78.4,600
2023-04-11,Tue,2023-04-12,1.24199,1.23984,1.24953,UP,75.4,2023-04-12 18:14,1.23984,21.5,22,96.9,1183
2023-04-12,Wed,2023-04-13,1.24876,1.24777,1.25372,UP,49.6,2023-04-13 13:02,1.24777,9.9,10,59.5,337
2023-04-13,Thu,2023-04-14,1.25244,1.23990,1.25464,DOWN,125.4,2023-04-14 16:58,1.25464,22.0,22,147.4,415
2023-04-14,Fri,2023-04-17,1.24147,1.23532,1.24380,DOWN,61.5,2023-04-17 16:57,1.24380,23.3,23,84.8,577
2023-04-17,Mon,2023-04-18,1.23737,1.23674,1.24496,UP,75.9,2023-04-18 12:09,1.23674,6.3,6,82.2,810
2023-04-18,Tue,2023-04-19,1.24290,1.23921,1.24740,UP,45.0,2023-04-19 14:39,1.23921,36.9,37,81.9,669
2023-04-19,Wed,2023-04-20,1.24389,1.24046,1.24673,DOWN,34.3,2023-04-20 12:18,1.24523,13.4,13,62.7,340
2023-04-20,Thu,2023-04-21,1.24392,1.23669,1.24478,DOWN,72.3,2023-04-21 14:08,1.24462,7.0,7,80.9,702
2023-04-21,Fri,2023-04-24,1.24297,1.24104,1.24857,UP,56.0,2023-04-24 20:03,1.24104,19.3,19,75.3,430
2023-04-24,Mon,2023-04-25,1.24833,1.23865,1.25071,DOWN,96.8,2023-04-25 14:15,1.25071,23.8,24,120.6,648
2023-04-25,Tue,2023-04-26,1.24066,1.24026,1.25153,UP,108.7,2023-04-26 13:26,1.24026,4.0,4,112.7,374
2023-04-26,Wed,2023-04-27,1.24576,1.24361,1.24984,UP,40.8,2023-04-27 20:16,1.24361,21.5,22,62.3,1100
2023-04-27,Thu,2023-04-28,1.24935,1.24463,1.25837,UP,90.2,2023-04-28 16:01,1.24463,47.2,47,137.4,674
2023-04-28,Fri,2023-05-01,1.25637,1.24804,1.25690,DOWN,83.3,2023-05-01 16:25,1.25690,5.3,5,88.6,891
2023-05-01,Mon,2023-05-02,1.24867,1.24351,1.25121,DOWN,51.6,2023-05-02 13:59,1.25121,25.4,25,77.0,966
2023-05-02,Tue,2023-05-03,1.24687,1.24612,1.25897,UP,121.0,2023-05-03 18:02,1.24612,7.5,8,128.5,731
2023-05-03,Wed,2023-05-04,1.25618,1.25479,1.25984,UP,36.6,2023-05-04 16:41,1.25479,13.9,14,50.5,999
2023-05-04,Thu,2023-05-05,1.25778,1.25570,1.26522,UP,74.4,2023-05-05 15:47,1.25570,20.8,21,95.2,433
2023-05-05,Fri,2023-05-08,1.26413,1.26128,1.26686,DOWN,28.5,2023-05-08 19:32,1.26686,27.3,27,55.8,316
2023-05-08,Mon,2023-05-09,1.26180,1.25780,1.26397,DOWN,40.0,2023-05-09 13:17,1.26397,21.7,22,61.7,497
2023-05-09,Tue,2023-05-10,1.26217,1.26024,1.26797,UP,58.0,2023-05-10 12:57,1.26024,19.3,19,77.3,394
2023-05-10,Wed,2023-05-11,1.26221,1.24965,1.26406,DOWN,125.6,2023-05-11 15:50,1.26406,18.5,18,144.1,732
2023-05-11,Thu,2023-05-12,1.25107,1.24441,1.25407,DOWN,66.6,2023-05-12 20:42,1.25407,30.0,30,96.6,836
2023-05-12,Fri,2023-05-15,1.24474,1.24418,1.25344,UP,87.0,2023-05-15 17:19,1.24418,5.6,6,92.6,1196
2023-05-15,Mon,2023-05-16,1.25287,1.24653,1.25463,DOWN,63.4,2023-05-16 06:41,1.25320,3.3,3,81.0,1302
2023-05-16,Tue,2023-05-17,1.24863,1.24215,1.25101,DOWN,64.8,2023-05-17 07:59,1.24935,7.2,7,88.6,966
2023-05-17,Wed,2023-05-18,1.24844,1.23912,1.24926,DOWN,93.2,2023-05-18 17:10,1.24926,8.2,8,101.4,1136
2023-05-18,Thu,2023-05-19,1.24022,1.23919,1.24834,UP,81.2,2023-05-19 15:21,1.23919,10.3,10,91.5,1567
2023-05-19,Fri,2023-05-22,1.24497,1.24136,1.24720,DOWN,36.1,2023-05-22 07:18,1.24720,22.3,22,58.4,601
2023-05-22,Mon,2023-05-23,1.24418,1.23728,1.24464,DOWN,69.0,2023-05-23 10:21,1.24464,4.6,5,73.6,1274
2023-05-23,Tue,2023-05-24,1.24184,1.23576,1.24694,DOWN,60.8,2023-05-24 15:14,1.24694,51.0,51,111.8,553
2023-05-24,Wed,2023-05-25,1.23591,1.23079,1.23868,DOWN,51.2,2023-05-25 17:02,1.23868,27.7,28,78.9,802
2023-05-25,Thu,2023-05-26,1.23174,1.23108,1.23951,UP,77.7,2023-05-26 11:43,1.23108,6.6,7,84.3,740
2023-05-26,Fri,2023-05-29,1.23504,1.23340,1.23716,UP,21.2,2023-05-29 06:42,1.23340,16.4,16,37.6,341
2023-05-29,Mon,2023-05-30,1.23573,1.23269,1.24465,UP,89.2,2023-05-30 12:08,1.23269,30.4,30,119.6,2
2023-05-30,Tue,2023-05-31,1.23927,1.23480,1.24429,UP,50.2,2023-05-31 20:27,1.23480,44.7,45,94.9,820
2023-05-31,Wed,2023-06-01,1.24234,1.24008,1.25395,UP,116.1,2023-06-01 16:33,1.24008,22.6,23,138.7,1809
2023-06-01,Thu,2023-06-02,1.25269,1.24412,1.25444,DOWN,85.7,2023-06-02 18:14,1.25444,17.5,18,103.2,880
2023-06-02,Fri,2023-06-05,1.24504,1.23683,1.24489,DOWN,82.1,2023-06-05 12:40,1.24489,-1.5,-2,80.6,1349
2023-06-05,Mon,2023-06-06,1.24345,1.23917,1.24588,DOWN,42.8,2023-06-06 12:40,1.24588,24.3,24,67.1,732
2023-06-06,Tue,2023-06-07,1.24300,1.23946,1.24996,UP,69.6,2023-06-07 14:01,1.23946,35.4,35,105.0,96
2023-06-07,Wed,2023-06-08,1.24397,1.24301,1.25608,UP,121.1,2023-06-08 20:11,1.24301,9.6,10,130.7,1222
2023-06-08,Thu,2023-06-09,1.25561,1.25338,1.25901,UP,34.0,2023-06-09 14:28,1.25338,22.3,22,56.3,800
2023-06-09,Fri,2023-06-12,1.25756,1.24868,1.25994,DOWN,88.8,2023-06-12 15:50,1.25994,23.8,24,112.6,393
2023-06-12,Mon,2023-06-13,1.25045,1.25073,1.26248,UP,120.3,2023-06-13 16:58,1.25073,-2.8,-3,117.5,452
2023-06-13,Tue,2023-06-14,1.26014,1.26006,1.26991,UP,97.7,2023-06-14 14:48,1.26006,0.8,1,98.5,522
2023-06-14,Wed,2023-06-15,1.26672,1.26293,1.27854,UP,118.2,2023-06-15 19:19,1.26293,37.9,38,156.1,461
2023-06-15,Thu,2023-06-16,1.27812,1.27680,1.28482,UP,67.0,2023-06-16 12:31,1.27680,13.2,13,80.2,1159
2023-06-16,Fri,2023-06-19,1.28327,1.27702,1.28368,DOWN,62.5,2023-06-19 16:57,1.28368,4.1,4,66.6,729
2023-06-19,Mon,2023-06-20,1.27803,1.27135,1.28062,DOWN,66.8,2023-06-20 14:34,1.28062,25.9,26,92.7,44
2023-06-20,Tue,2023-06-21,1.27589,1.26910,1.28019,DOWN,67.9,2023-06-21 10:48,1.28019,43.0,43,110.9,593
2023-06-21,Wed,2023-06-22,1.27756,1.27255,1.28439,UP,68.3,2023-06-22 11:00,1.27387,36.9,37,118.4,558
2023-06-22,Thu,2023-06-23,1.27442,1.26849,1.27511,DOWN,59.3,2023-06-23 08:30,1.27511,6.9,7,66.2,974
2023-06-23,Fri,2023-06-26,1.27097,1.26879,1.27486,UP,38.9,2023-06-26 07:57,1.27061,3.6,4,60.7,247
2023-06-26,Mon,2023-06-27,1.27197,1.27005,1.27594,UP,39.7,2023-06-27 15:40,1.27005,19.2,19,58.9,294
2023-06-27,Tue,2023-06-28,1.27509,1.26065,1.27519,DOWN,144.4,2023-06-28 14:56,1.27519,1.0,1,145.4,302
2023-06-28,Wed,2023-06-29,1.26487,1.25910,1.26667,DOWN,57.7,2023-06-29 13:32,1.26667,18.0,18,75.7,973
2023-06-29,Thu,2023-06-30,1.26142,1.25992,1.27277,UP,113.5,2023-06-30 14:30,1.25992,15.0,15,128.5,697
2023-06-30,Fri,2023-07-03,1.26949,1.26584,1.27227,DOWN,36.5,2023-07-03 07:50,1.27070,12.1,12,64.3,502
2023-07-03,Mon,2023-07-04,1.26898,1.26806,1.27393,UP,49.5,2023-07-04 12:59,1.26806,9.2,9,58.7,816
2023-07-04,Tue,2023-07-05,1.27197,1.26881,1.27353,DOWN,31.6,2023-07-05 11:30,1.27223,2.6,3,47.2,10
2023-07-05,Wed,2023-07-06,1.26946,1.26733,1.27808,UP,86.2,2023-07-06 12:12,1.26894,5.2,5,107.5,378
2023-07-06,Thu,2023-07-07,1.27408,1.27256,1.28493,UP,108.5,2023-07-07 16:59,1.27256,15.2,15,123.7,570
2023-07-07,Fri,2023-07-10,1.28384,1.27502,1.28683,DOWN,88.2,2023-07-10 12:57,1.28399,1.5,2,118.1,566
2023-07-10,Mon,2023-07-11,1.28568,1.28543,1.29348,UP,78.0,2023-07-11 10:39,1.28543,2.5,2,80.5,611
2023-07-11,Tue,2023-07-12,1.29287,1.29039,1.30003,UP,71.6,2023-07-12 14:56,1.29039,24.8,25,96.4,974
2023-07-12,Wed,2023-07-13,1.29929,1.29821,1.31409,UP,148.0,2023-07-13 19:23,1.29821,10.8,11,158.8,1271
2023-07-13,Thu,2023-07-14,1.31315,1.30883,1.31421,DOWN,43.2,2023-07-14 20:42,1.31421,10.6,11,53.8,937
2023-07-14,Fri,2023-07-17,1.31027,1.30508,1.31090,DOWN,51.9,2023-07-17 13:36,1.31090,6.3,6,58.2,1032
2023-07-17,Mon,2023-07-18,1.30809,1.30280,1.31257,DOWN,52.9,2023-07-18 16:49,1.31257,44.8,45,97.7,961
2023-07-18,Tue,2023-07-19,1.30459,1.28675,1.30410,DOWN,178.4,2023-07-19 14:49,1.30410,-4.9,-5,173.5,458
2023-07-19,Wed,2023-07-20,1.29281,1.28399,1.29644,DOWN,88.2,2023-07-20 14:45,1.29644,36.3,36,124.5,1443
2023-07-20,Thu,2023-07-21,1.28588,1.28158,1.29041,UP,45.3,2023-07-21 06:01,1.28615,-2.7,-3,88.3,814
2023-07-21,Fri,2023-07-24,1.28583,1.27977,1.28837,DOWN,60.6,2023-07-24 14:27,1.28837,25.4,25,86.0,569
2023-07-24,Mon,2023-07-25,1.28243,1.28094,1.29046,UP,80.3,2023-07-25 20:02,1.28094,14.9,15,95.2,1183
2023-07-25,Tue,2023-07-26,1.28939,1.28754,1.29599,UP,66.0,2023-07-26 19:00,1.28754,18.5,18,84.5,737
2023-07-26,Wed,2023-07-27,1.29553,1.27819,1.29957,DOWN,173.4,2023-07-27 19:48,1.29957,40.4,40,213.8,853
2023-07-27,Thu,2023-07-28,1.28011,1.27627,1.28874,UP,86.3,2023-07-28 12:30,1.27627,38.4,38,124.7,547
2023-07-28,Fri,2023-07-31,1.28578,1.28282,1.28726,DOWN,29.6,2023-07-31 13:27,1.28726,14.8,15,44.4,596
2023-07-31,Mon,2023-08-01,1.28372,1.27411,1.28399,DOWN,96.1,2023-08-01 15:30,1.28399,2.7,3,98.8,1014
2023-08-01,Tue,2023-08-02,1.27714,1.26803,1.28043,DOWN,91.1,2023-08-02 14:44,1.28043,32.9,33,124.0,1471
2023-08-02,Wed,2023-08-03,1.27204,1.26203,1.27280,DOWN,100.1,2023-08-03 11:08,1.27280,7.6,8,107.7,1583
2023-08-03,Thu,2023-08-04,1.27002,1.26778,1.27921,UP,91.9,2023-08-04 17:49,1.26778,22.4,22,114.3,794
2023-08-04,Fri,2023-08-07,1.27536,1.27130,1.27891,DOWN,40.6,2023-08-07 06:35,1.27611,7.5,8,76.1,622
2023-08-07,Mon,2023-08-08,1.27825,1.26841,1.27853,DOWN,98.4,2023-08-08 12:33,1.27853,2.8,3,101.2,672
2023-08-08,Tue,2023-08-09,1.27455,1.27120,1.27820,UP,36.5,2023-08-09 07:03,1.27280,17.5,18,70.0,591
2023-08-09,Wed,2023-08-10,1.27239,1.26695,1.28184,UP,94.5,2023-08-10 12:32,1.27070,16.9,17,148.9,655
2023-08-10,Thu,2023-08-11,1.26923,1.26660,1.27387,UP,46.4,2023-08-11 12:02,1.26660,26.3,26,72.7,321
2023-08-11,Fri,2023-08-14,1.26977,1.26164,1.27145,DOWN,81.3,2023-08-14 13:48,1.27145,16.8,17,98.1,555
2023-08-14,Mon,2023-08-15,1.26744,1.26750,1.27524,UP,78.0,2023-08-15 15:04,1.26750,-0.6,-1,77.4,556
2023-08-15,Tue,2023-08-16,1.27051,1.26871,1.27661,UP,61.0,2023-08-16 08:33,1.26871,18.0,18,79.0,743
2023-08-16,Wed,2023-08-17,1.27246,1.27025,1.27873,UP,62.7,2023-08-17 13:18,1.27025,22.1,22,84.8,604
2023-08-17,Thu,2023-08-18,1.27274,1.26889,1.27657,DOWN,38.5,2023-08-18 12:30,1.27657,38.3,38,76.8,1048
2023-08-18,Fri,2023-08-21,1.27425,1.27103,1.27665,DOWN,32.2,2023-08-21 08:41,1.27505,8.0,8,56.2,578
2023-08-21,Mon,2023-08-22,1.27625,1.27185,1.28003,DOWN,44.0,2023-08-22 13:54,1.28003,37.8,38,81.8,1045
2023-08-22,Tue,2023-08-23,1.27386,1.26145,1.27641,DOWN,124.1,2023-08-23 12:09,1.27641,25.5,26,149.6,446
2023-08-23,Wed,2023-08-24,1.27160,1.25911,1.27286,DOWN,124.9,2023-08-24 20:02,1.27286,12.6,13,137.5,925
2023-08-24,Thu,2023-08-25,1.26069,1.25478,1.26543,DOWN,59.1,2023-08-25 14:58,1.26543,47.4,47,106.5,1040
2023-08-25,Fri,2023-08-28,1.25965,1.25654,1.26105,DOWN,31.1,2023-08-28 09:17,1.26105,14.0,14,45.1,633
2023-08-28,Mon,2023-08-29,1.26012,1.25627,1.26547,UP,53.5,2023-08-29 19:34,1.25627,38.5,38,92.0,572
2023-08-29,Tue,2023-08-30,1.26318,1.26188,1.27463,UP,114.5,2023-08-30 14:01,1.26188,13.0,13,127.5,781
2023-08-30,Wed,2023-08-31,1.27168,1.26525,1.27346,DOWN,64.3,2023-08-31 14:43,1.27346,17.8,18,82.1,979
2023-08-31,Thu,2023-09-01,1.26639,1.25772,1.27127,DOWN,86.7,2023-09-01 16:40,1.27127,48.8,49,135.5,916
2023-09-01,Fri,2023-09-04,1.25929,1.25851,1.26424,UP,49.5,2023-09-04 10:30,1.25851,7.8,8,57.3,785
2023-09-04,Mon,2023-09-05,1.26326,1.25279,1.26318,DOWN,104.7,2023-09-05 08:26,1.26318,-0.8,-1,103.9,1
2023-09-05,Tue,2023-09-06,1.25658,1.24817,1.25878,DOWN,84.1,2023-09-06 14:02,1.25878,22.0,22,106.1,638
2023-09-06,Wed,2023-09-07,1.25061,1.24454,1.25083,DOWN,60.7,2023-09-07 12:34,1.25083,2.2,2,62.9,880
2023-09-07,Thu,2023-09-08,1.24704,1.24511,1.25141,UP,43.7,2023-09-08 14:09,1.24669,3.5,4,63.0,1340
2023-09-08,Fri,2023-09-11,1.24517,1.24603,1.25482,UP,96.5,2023-09-11 14:22,1.24603,-8.6,-9,87.9,479
2023-09-11,Mon,2023-09-12,1.25092,1.24593,1.25299,DOWN,49.9,2023-09-12 12:25,1.25299,20.7,21,70.6,320
2023-09-12,Tue,2023-09-13,1.24855,1.24342,1.25115,DOWN,51.3,2023-09-13 12:30,1.25021,16.6,17,77.3,437
2023-09-13,Wed,2023-09-14,1.24867,1.23965,1.25061,DOWN,90.2,2023-09-14 17:49,1.25061,19.4,19,109.6,595
2023-09-14,Thu,2023-09-15,1.24026,1.23788,1.24457,UP,43.1,2023-09-15 08:50,1.23983,4.3,4,66.9,306
2023-09-15,Fri,2023-09-18,1.23827,1.23702,1.24103,UP,27.6,2023-09-18 10:38,1.23702,12.5,12,40.1,787
2023-09-18,Mon,2023-09-19,1.23748,1.23700,1.24245,UP,49.7,2023-09-19 12:23,1.23700,4.8,5,54.5,675
2023-09-19,Tue,2023-09-20,1.23911,1.23317,1.24212,DOWN,59.4,2023-09-20 20:10,1.24212,30.1,30,89.5,609
2023-09-20,Wed,2023-09-21,1.23626,1.22345,1.23463,DOWN,128.1,2023-09-21 11:00,1.23463,-16.3,-16,111.8,831
2023-09-21,Thu,2023-09-22,1.22906,1.22306,1.22956,DOWN,60.0,2023-09-22 18:41,1.22956,5.0,5,65.0,1232
2023-09-22,Fri,2023-09-25,1.22418,1.21937,1.22501,DOWN,48.1,2023-09-25 14:55,1.22501,8.3,8,56.4,859
2023-09-25,Mon,2023-09-26,1.22076,1.21513,1.22149,DOWN,56.3,2023-09-26 20:51,1.22149,7.3,7,63.6,1016
2023-09-26,Tue,2023-09-27,1.21571,1.21105,1.21641,DOWN,46.6,2023-09-27 17:38,1.21641,7.0,7,53.6,662
2023-09-27,Wed,2023-09-28,1.21396,1.21199,1.22245,UP,84.9,2023-09-28 15:51,1.21199,19.7,20,104.6,1246
2023-09-28,Thu,2023-09-29,1.21945,1.21802,1.22716,UP,77.1,2023-09-29 11:03,1.21895,5.0,5,91.4,875
2023-09-29,Fri,2023-10-02,1.22059,1.20850,1.22199,DOWN,120.9,2023-10-02 20:43,1.22199,14.0,14,134.9,917
2023-10-02,Mon,2023-10-03,1.21063,1.20523,1.21018,DOWN,54.0,2023-10-03 11:10,1.20967,-9.6,-10,49.5,1000
2023-10-03,Tue,2023-10-04,1.20878,1.20372,1.21768,UP,89.0,2023-10-04 12:53,1.20372,50.6,51,139.6,2071
2023-10-04,Wed,2023-10-05,1.21388,1.21076,1.21958,UP,57.0,2023-10-05 19:57,1.21076,31.2,31,88.2,1256
2023-10-05,Thu,2023-10-06,1.21942,1.21052,1.22613,DOWN,89.0,2023-10-06 12:53,1.22194,25.2,25,156.1,1137
2023-10-06,Fri,2023-10-09,1.22460,1.21630,1.22442,DOWN,83.0,2023-10-09 12:01,1.22245,-21.5,-22,81.2,664
2023-10-09,Mon,2023-10-10,1.22340,1.22117,1.22912,UP,57.2,2023-10-10 16:46,1.22117,22.3,22,79.5,816
2023-10-10,Tue,2023-10-11,1.22796,1.22673,1.23373,UP,57.7,2023-10-11 13:57,1.22673,12.3,12,70.0,557
2023-10-11,Wed,2023-10-12,1.23043,1.21712,1.23314,DOWN,133.1,2023-10-12 20:42,1.23314,27.1,27,160.2,777
2023-10-12,Thu,2023-10-13,1.21733,1.21225,1.22252,UP,51.9,2023-10-13 07:54,1.21724,0.9,1,102.7,833
2023-10-13,Fri,2023-10-16,1.21357,1.21278,1.22193,UP,83.6,2023-10-16 19:29,1.21278,7.9,8,91.5,846
2023-10-16,Mon,2023-10-17,1.22126,1.21329,1.22157,DOWN,79.7,2023-10-17 12:39,1.22157,3.1,3,82.8,691
2023-10-17,Tue,2023-10-18,1.21747,1.21368,1.22110,DOWN,37.9,2023-10-18 20:40,1.22110,36.3,36,74.2,969
2023-10-18,Wed,2023-10-19,1.21439,1.20899,1.21910,DOWN,54.0,2023-10-19 09:27,1.21457,1.8,2,101.1,1124
2023-10-19,Thu,2023-10-20,1.21430,1.20931,1.21702,DOWN,49.9,2023-10-20 06:34,1.21445,1.5,2,77.1,1283
2023-10-20,Fri,2023-10-23,1.21567,1.21433,1.22586,UP,101.9,2023-10-23 18:52,1.21433,13.4,13,115.3,698
2023-10-23,Mon,2023-10-24,1.22550,1.21532,1.22886,DOWN,101.8,2023-10-24 16:52,1.22886,33.6,34,135.4,795
2023-10-24,Tue,2023-10-25,1.21610,1.21050,1.21760,DOWN,56.0,2023-10-25 20:55,1.21760,15.0,15,71.0,189
2023-10-25,Wed,2023-10-26,1.21157,1.20696,1.21395,DOWN,46.1,2023-10-26 06:41,1.21120,-3.7,-4,69.9,1069
2023-10-26,Thu,2023-10-27,1.21351,1.21053,1.21624,DOWN,29.8,2023-10-27 12:30,1.21428,7.7,8,57.1,272
2023-10-27,Fri,2023-10-30,1.21145,1.20900,1.21746,UP,60.1,2023-10-30 19:53,1.20900,24.5,24,84.6,708
2023-10-30,Mon,2023-10-31,1.21625,1.21195,1.22004,DOWN,43.0,2023-10-31 15:46,1.22004,37.9,38,80.9,684
2023-10-31,Tue,2023-11-01,1.21505,1.20955,1.21643,DOWN,55.0,2023-11-01 13:35,1.21610,10.5,10,68.8,1017
2023-11-01,Wed,2023-11-02,1.21300,1.21357,1.22250,UP,95.0,2023-11-02 13:13,1.21357,-5.7,-6,89.3,1252
2023-11-02,Thu,2023-11-03,1.22047,1.21846,1.23894,UP,184.7,2023-11-03 17:05,1.21846,20.1,20,204.8,766
2023-11-03,Fri,2023-11-06,1.23801,1.23368,1.24283,UP,48.2,2023-11-06 12:11,1.23635,16.6,17,91.5,766
2023-11-06,Mon,2023-11-07,1.23516,1.22624,1.23468,DOWN,89.2,2023-11-07 17:32,1.23468,-4.8,-5,84.4,833
2023-11-07,Tue,2023-11-08,1.22958,1.22417,1.23013,DOWN,54.1,2023-11-08 09:57,1.23011,5.3,5,59.6,220
2023-11-08,Wed,2023-11-09,1.22836,1.22126,1.23084,DOWN,71.0,2023-11-09 19:42,1.23084,24.8,25,95.8,628
2023-11-09,Thu,2023-11-10,1.22195,1.21870,1.22378,DOWN,32.5,2023-11-10 15:45,1.22378,18.3,18,50.8,579
2023-11-10,Fri,2023-11-13,1.22180,1.22024,1.22801,UP,62.1,2023-11-13 20:18,1.22024,15.6,16,77.7,510
2023-11-13,Mon,2023-11-14,1.22780,1.22621,1.25046,UP,226.6,2023-11-14 20:29,1.22621,15.9,16,242.5,481
2023-11-14,Tue,2023-11-15,1.24994,1.24034,1.24990,DOWN,96.0,2023-11-15 15:02,1.24990,-0.4,0,95.6,1191
2023-11-15,Wed,2023-11-16,1.24181,1.23764,1.24557,DOWN,41.7,2023-11-16 08:14,1.24240,5.9,6,79.3,983
2023-11-16,Thu,2023-11-17,1.24177,1.23739,1.24635,UP,45.8,2023-11-17 21:43,1.23739,43.8,44,89.6,1229
2023-11-17,Fri,2023-11-20,1.24482,1.24419,1.25175,UP,69.3,2023-11-20 17:07,1.24419,6.3,6,75.6,653
2023-11-20,Mon,2023-11-21,1.25101,1.24959,1.25590,UP,48.9,2023-11-21 13:30,1.24959,14.2,14,63.1,387
2023-11-21,Tue,2023-11-22,1.25406,1.24489,1.25494,DOWN,91.7,2023-11-22 15:39,1.25494,8.8,9,100.5,1088
2023-11-22,Wed,2023-11-23,1.24903,1.24830,1.25700,UP,79.7,2023-11-23 09:30,1.24830,7.3,7,87.0,934
2023-11-23,Thu,2023-11-24,1.25339,1.25243,1.26153,UP,81.4,2023-11-24 15:13,1.25243,9.6,10,91.0,6
2023-11-24,Fri,2023-11-27,1.26077,1.25911,1.26443,UP,36.6,2023-11-27 12:20,1.25911,16.6,17,53.2,0
2023-11-27,Mon,2023-11-28,1.26322,1.26068,1.27149,UP,82.7,2023-11-28 17:04,1.26068,25.4,25,108.1,797
2023-11-28,Tue,2023-11-29,1.26982,1.26647,1.27332,UP,35.0,2023-11-29 01:20,1.26900,8.2,8,68.5,941
2023-11-29,Wed,2023-11-30,1.27062,1.26035,1.27107,DOWN,102.7,2023-11-30 14:47,1.27107,4.5,4,107.2,604
2023-11-30,Thu,2023-12-01,1.26231,1.26115,1.27161,UP,93.0,2023-12-01 18:49,1.26115,11.6,12,104.6,960
2023-12-01,Fri,2023-12-04,1.26996,1.26038,1.27240,DOWN,95.8,2023-12-04 15:45,1.27240,24.4,24,120.2,608
2023-12-04,Mon,2023-12-05,1.26225,1.25773,1.26519,DOWN,45.2,2023-12-05 19:46,1.26519,29.4,29,74.6,714
2023-12-05,Tue,2023-12-06,1.25824,1.25503,1.26137,DOWN,32.1,2023-12-06 20:52,1.26137,31.3,31,63.4,762
2023-12-06,Wed,2023-12-07,1.25613,1.25443,1.26125,UP,51.2,2023-12-07 17:47,1.25443,17.0,17,68.2,853
2023-12-07,Thu,2023-12-08,1.25923,1.25024,1.26015,DOWN,89.9,2023-12-08 14:27,1.26015,9.2,9,99.1,789
2023-12-08,Fri,2023-12-11,1.25500,1.25256,1.25909,UP,40.9,2023-12-11 12:00,1.25256,24.4,24,65.3,530
2023-12-11,Mon,2023-12-12,1.25552,1.25142,1.26159,UP,60.7,2023-12-12 13:32,1.25425,12.7,13,101.7,685
2023-12-12,Tue,2023-12-13,1.25630,1.25003,1.26342,UP,71.2,2023-12-13 20:09,1.25003,62.7,63,133.9,601
2023-12-13,Wed,2023-12-14,1.26251,1.26099,1.27941,UP,169.0,2023-12-14 17:37,1.26099,15.2,15,184.2,702
2023-12-14,Thu,2023-12-15,1.27558,1.26684,1.27905,DOWN,87.4,2023-12-15 18:55,1.27905,34.7,35,122.1,540
2023-12-15,Fri,2023-12-18,1.26894,1.26287,1.27039,DOWN,60.7,2023-12-18 17:01,1.27039,14.5,14,75.2,783
2023-12-18,Mon,2023-12-19,1.26401,1.26312,1.27617,UP,121.6,2023-12-19 16:43,1.26312,8.9,9,130.5,692
2023-12-19,Tue,2023-12-20,1.27214,1.26237,1.27338,DOWN,97.7,2023-12-20 21:00,1.27338,12.4,12,110.1,465
2023-12-20,Wed,2023-12-21,1.26425,1.26122,1.26955,UP,53.0,2023-12-21 13:42,1.26122,30.3,30,83.3,563
2023-12-21,Thu,2023-12-22,1.26846,1.26738,1.27440,UP,59.4,2023-12-22 14:08,1.26738,10.8,11,70.2,398
2023-12-22,Fri,2023-12-26,1.27019,1.26839,1.27291,UP,27.2,2023-12-26 20:49,1.26839,18.0,18,45.2,488
2023-12-26,Tue,2023-12-27,1.27223,1.26983,1.28023,UP,80.0,2023-12-27 16:43,1.26983,24.0,24,104.0,401
2023-12-27,Wed,2023-12-28,1.27938,1.27121,1.28274,DOWN,81.7,2023-12-28 18:40,1.28274,33.6,34,115.3,918
2023-12-28,Thu,2023-12-29,1.27269,1.27001,1.27722,UP,45.3,2023-12-29 06:58,1.27222,4.7,5,72.1,516
2023-12-29,Fri,2024-01-02,1.27447,1.26104,1.27596,DOWN,134.3,2024-01-02 16:41,1.27596,14.9,15,149.2,911
2024-01-02,Tue,2024-01-03,1.26202,1.26142,1.26763,UP,56.1,2024-01-03 19:30,1.26142,6.0,6,62.1,1266
2024-01-03,Wed,2024-01-04,1.26644,1.26569,1.27296,UP,65.2,2024-01-04 10:27,1.26569,7.5,8,72.7,1107
2024-01-04,Thu,2024-01-05,1.26832,1.26108,1.27709,UP,87.7,2024-01-05 15:43,1.26108,72.4,72,160.1,648
2024-01-05,Fri,2024-01-08,1.27227,1.26734,1.27670,DOWN,49.3,2024-01-08 09:35,1.27299,7.2,7,93.6,508
2024-01-08,Mon,2024-01-09,1.27589,1.26894,1.27649,DOWN,69.5,2024-01-09 16:09,1.27649,6.0,6,75.5,775
2024-01-09,Tue,2024-01-10,1.26992,1.26863,1.27441,UP,44.9,2024-01-10 20:08,1.26863,12.9,13,57.8,415
2024-01-10,Wed,2024-01-11,1.27420,1.26901,1.27809,DOWN,51.9,2024-01-11 15:14,1.27809,38.9,39,90.8,704
2024-01-11,Thu,2024-01-12,1.27629,1.27195,1.27857,DOWN,43.4,2024-01-12 12:10,1.27846,21.7,22,66.2,586
2024-01-12,Fri,2024-01-15,1.27466,1.27130,1.27655,DOWN,33.6,2024-01-15 10:21,1.27655,18.9,19,52.5,427
2024-01-15,Mon,2024-01-16,1.27270,1.26195,1.27287,DOWN,107.5,2024-01-16 19:22,1.27287,1.7,2,109.2,10
2024-01-16,Tue,2024-01-17,1.26321,1.25966,1.26961,UP,64.0,2024-01-17 10:15,1.25966,35.5,36,99.5,903
2024-01-17,Wed,2024-01-18,1.26787,1.26483,1.27067,DOWN,30.4,2024-01-18 14:00,1.27039,25.2,25,58.4,676
2024-01-18,Thu,2024-01-19,1.26863,1.26613,1.27146,UP,28.3,2024-01-19 03:17,1.27001,-13.8,-14,53.3,1550
2024-01-19,Fri,2024-01-22,1.26970,1.26789,1.27328,UP,35.8,2024-01-22 17:24,1.26789,18.1,18,53.9,589
2024-01-22,Mon,2024-01-23,1.27045,1.26491,1.27472,DOWN,55.4,2024-01-23 17:40,1.27472,42.7,43,98.1,643
2024-01-23,Tue,2024-01-24,1.26811,1.26703,1.27743,UP,93.2,2024-01-24 14:30,1.26703,10.8,11,104.0,500
2024-01-24,Wed,2024-01-25,1.27246,1.26817,1.27425,DOWN,42.9,2024-01-25 17:44,1.27425,17.9,18,60.8,946
2024-01-25,Thu,2024-01-26,1.27014,1.26755,1.27582,UP,56.8,2024-01-26 13:48,1.26755,25.9,26,82.7,817
2024-01-26,Fri,2024-01-29,1.27052,1.26622,1.27188,DOWN,43.0,2024-01-29 15:25,1.27188,13.6,14,56.6,112
2024-01-29,Mon,2024-01-30,1.26919,1.26402,1.27211,DOWN,51.7,2024-01-30 15:17,1.27211,29.2,29,80.9,420
2024-01-30,Tue,2024-01-31,1.26957,1.26566,1.27507,UP,55.0,2024-01-31 15:02,1.26667,29.0,29,94.1,530
2024-01-31,Wed,2024-02-01,1.27123,1.26253,1.27556,DOWN,87.0,2024-02-01 11:24,1.26981,-14.2,-14,130.3,1298
2024-02-01,Thu,2024-02-02,1.27468,1.26139,1.27724,DOWN,132.9,2024-02-02 17:58,1.27724,25.6,26,158.5,1190
2024-02-02,Fri,2024-02-05,1.26382,1.25184,1.26342,DOWN,119.8,2024-02-05 15:57,1.26342,-4.0,-4,115.8,563
2024-02-05,Mon,2024-02-06,1.25343,1.25270,1.26017,UP,67.4,2024-02-06 20:58,1.25270,7.3,7,74.7,722
2024-02-06,Tue,2024-02-07,1.25941,1.25890,1.26419,UP,47.8,2024-02-07 15:45,1.25890,5.1,5,52.9,579
2024-02-07,Wed,2024-02-08,1.26283,1.25719,1.26388,DOWN,56.4,2024-02-08 13:47,1.26388,10.5,10,66.9,620
2024-02-08,Thu,2024-02-09,1.26148,1.25991,1.26427,UP,27.9,2024-02-09 15:07,1.25991,15.7,16,43.6,688
2024-02-09,Fri,2024-02-12,1.26280,1.26061,1.26546,UP,26.6,2024-02-12 07:57,1.26154,12.6,13,48.5,694
2024-02-12,Mon,2024-02-13,1.26241,1.25730,1.26880,UP,63.9,2024-02-13 13:30,1.26038,20.3,20,115.0,361
2024-02-13,Tue,2024-02-14,1.25740,1.25354,1.26111,DOWN,38.6,2024-02-14 10:32,1.26111,37.1,37,75.7,869
2024-02-14,Wed,2024-02-15,1.25614,1.25419,1.26011,UP,39.7,2024-02-15 21:55,1.25419,19.5,20,59.2,643
2024-02-15,Thu,2024-02-16,1.25964,1.25508,1.26243,DOWN,45.6,2024-02-16 13:39,1.26053,8.9,9,73.5,1320
2024-02-16,Fri,2024-02-19,1.26058,1.25834,1.26296,UP,23.8,2024-02-19 07:34,1.25964,9.4,9,46.2,334
2024-02-19,Mon,2024-02-20,1.25978,1.25792,1.26685,UP,70.7,2024-02-20 15:29,1.25792,18.6,19,89.3,68
2024-02-20,Tue,2024-02-21,1.26190,1.26026,1.26416,UP,22.6,2024-02-21 19:04,1.26026,16.4,16,39.0,859
2024-02-21,Wed,2024-02-22,1.26319,1.26112,1.27089,UP,77.0,2024-02-22 08:29,1.26313,0.6,1,97.7,760
2024-02-22,Thu,2024-02-23,1.26593,1.26485,1.27014,UP,42.1,2024-02-23 12:57,1.26485,10.8,11,52.9,788
2024-02-23,Fri,2024-02-26,1.26740,1.26566,1.26996,UP,25.6,2024-02-26 12:21,1.26566,17.4,17,43.0,820
2024-02-26,Mon,2024-02-27,1.26777,1.26604,1.26967,UP,19.0,2024-02-27 08:47,1.26707,7.0,7,36.3,614
2024-02-27,Tue,2024-02-28,1.26796,1.26217,1.26856,DOWN,57.9,2024-02-28 10:00,1.26856,6.0,6,63.9,306
2024-02-28,Wed,2024-02-29,1.26531,1.26125,1.26818,DOWN,40.6,2024-02-29 19:58,1.26818,28.7,29,69.3,796
2024-02-29,Thu,2024-03-01,1.26131,1.25998,1.26640,UP,50.9,2024-03-01 19:57,1.25998,13.3,13,64.2,1171
2024-03-01,Fri,2024-03-04,1.26628,1.26417,1.27064,UP,43.6,2024-03-04 16:15,1.26417,21.1,21,64.7,502
2024-03-04,Mon,2024-03-05,1.26904,1.26710,1.27343,UP,43.9,2024-03-05 15:01,1.26710,19.4,19,63.3,1242
2024-03-05,Tue,2024-03-06,1.27023,1.26902,1.27614,UP,59.1,2024-03-06 16:55,1.26902,12.1,12,71.2,522
2024-03-06,Wed,2024-03-07,1.27403,1.27231,1.28095,UP,69.2,2024-03-07 20:40,1.27231,17.2,17,86.4,1053
2024-03-07,Thu,2024-03-08,1.28044,1.28010,1.28936,UP,89.2,2024-03-08 13:43,1.28010,3.4,3,92.6,1486
2024-03-08,Fri,2024-03-11,1.28556,1.27951,1.28619,DOWN,60.5,2024-03-11 15:46,1.28619,6.3,6,66.8,1217
2024-03-11,Mon,2024-03-12,1.28068,1.27461,1.28234,DOWN,60.7,2024-03-12 13:49,1.28234,16.6,17,77.3,874
2024-03-12,Tue,2024-03-13,1.27910,1.27745,1.28114,UP,20.4,2024-03-13 17:13,1.27745,16.5,16,36.9,140
2024-03-13,Wed,2024-03-14,1.27948,1.27306,1.28229,DOWN,64.2,2024-03-14 15:41,1.28229,28.1,28,92.3,825
2024-03-14,Thu,2024-03-15,1.27497,1.27252,1.27586,DOWN,24.5,2024-03-15 17:48,1.27586,8.9,9,33.4,357
2024-03-15,Fri,2024-03-18,1.27389,1.27178,1.27466,DOWN,21.1,2024-03-18 17:47,1.27466,7.7,8,28.8,297
2024-03-18,Mon,2024-03-19,1.27289,1.26677,1.27330,DOWN,61.2,2024-03-19 09:55,1.27296,0.7,1,65.3,407
2024-03-19,Tue,2024-03-20,1.27226,1.26844,1.27868,UP,64.2,2024-03-20 19:41,1.26844,38.2,38,102.4,1034
2024-03-20,Wed,2024-03-21,1.27792,1.26505,1.28034,DOWN,128.7,2024-03-21 19:58,1.28034,24.2,24,152.9,1573
2024-03-21,Thu,2024-03-22,1.26578,1.25752,1.26751,DOWN,82.6,2024-03-22 10:11,1.26751,17.3,17,99.9,1300
2024-03-22,Fri,2024-03-25,1.25919,1.25917,1.26523,UP,60.4,2024-03-25 14:25,1.25917,0.2,0,60.6,1111
2024-03-25,Mon,2024-03-26,1.26376,1.26219,1.26679,UP,30.3,2024-03-26 10:32,1.26337,3.9,4,46.0,789
2024-03-26,Tue,2024-03-27,1.26270,1.26054,1.26409,DOWN,21.6,2024-03-27 13:43,1.26385,11.5,12,35.5,477
2024-03-27,Wed,2024-03-28,1.26328,1.25859,1.26548,DOWN,46.9,2024-03-28 09:24,1.26390,6.2,6,68.9,814
2024-03-28,Thu,2024-03-29,1.26218,1.26096,1.26447,UP,22.9,2024-03-29 13:59,1.26096,12.2,12,35.1,1156
2024-03-29,Fri,2024-04-01,1.26173,1.25396,1.26420,DOWN,77.7,2024-04-01 15:52,1.26420,24.7,25,102.4,0
2024-04-01,Mon,2024-04-02,1.25427,1.25396,1.25777,UP,35.0,2024-04-02 15:23,1.25396,3.1,3,38.1,1508
2024-04-02,Tue,2024-04-03,1.25689,1.25624,1.26559,UP,87.0,2024-04-03 18:12,1.25624,6.5,6,93.5,702
2024-04-03,Wed,2024-04-04,1.26536,1.26351,1.26834,UP,29.8,2024-04-04 13:43,1.26429,10.7,11,48.3,766
2024-04-04,Thu,2024-04-05,1.26501,1.25744,1.26486,DOWN,75.7,2024-04-05 13:14,1.26486,-1.5,-2,74.2,867
2024-04-05,Fri,2024-04-08,1.26348,1.26134,1.26642,UP,29.4,2024-04-08 18:27,1.26134,21.4,21,50.8,1029
2024-04-08,Mon,2024-04-09,1.26573,1.26423,1.27094,UP,52.1,2024-04-09 13:32,1.26423,15.0,15,67.1,597
2024-04-09,Tue,2024-04-10,1.26708,1.25202,1.27076,DOWN,150.6,2024-04-10 16:34,1.27076,36.8,37,187.4,800
2024-04-10,Wed,2024-04-11,1.25267,1.25108,1.25785,UP,51.8,2024-04-11 13:16,1.25264,0.3,0,67.7,1782
2024-04-11,Thu,2024-04-12,1.25543,1.24267,1.25587,DOWN,127.6,2024-04-12 14:50,1.25587,4.4,4,132.0,1999
2024-04-12,Fri,2024-04-15,1.24453,1.24333,1.24987,UP,53.4,2024-04-15 11:11,1.24333,12.0,12,65.4,1636
2024-04-15,Mon,2024-04-16,1.24437,1.24051,1.24719,DOWN,38.6,2024-04-16 17:32,1.24719,28.2,28,66.8,742
2024-04-16,Tue,2024-04-17,1.24391,1.24170,1.24819,UP,42.8,2024-04-17 08:44,1.24170,22.1,22,64.9,1829
2024-04-17,Wed,2024-04-18,1.24528,1.24335,1.24845,UP,31.7,2024-04-18 06:27,1.24417,11.1,11,51.0,986
2024-04-18,Thu,2024-04-19,1.24367,1.23669,1.24682,DOWN,69.8,2024-04-19 18:41,1.24682,31.5,32,101.3,1517
2024-04-19,Fri,2024-04-22,1.23693,1.22995,1.23922,DOWN,69.8,2024-04-22 13:33,1.23922,22.9,23,92.7,1275
2024-04-22,Mon,2024-04-23,1.23599,1.23319,1.24585,UP,98.6,2024-04-23 18:41,1.23319,28.0,28,126.6,829
2024-04-23,Tue,2024-04-24,1.24504,1.24226,1.24698,DOWN,27.8,2024-04-24 08:34,1.24648,14.4,14,47.2,693
2024-04-24,Wed,2024-04-25,1.24533,1.24486,1.25254,UP,72.1,2024-04-25 12:30,1.24486,4.7,5,76.8,903
2024-04-25,Thu,2024-04-26,1.25088,1.24491,1.25410,DOWN,59.7,2024-04-26 15:12,1.25410,32.2,32,91.9,466
2024-04-26,Fri,2024-04-29,1.25026,1.24712,1.25694,UP,66.8,2024-04-29 16:33,1.24712,31.4,31,98.2,911
2024-04-29,Mon,2024-04-30,1.25638,1.24887,1.25628,DOWN,75.1,2024-04-30 20:44,1.25628,-1.0,-1,74.1,1071
2024-04-30,Tue,2024-05-01,1.25038,1.24663,1.25501,UP,46.3,2024-05-01 18:55,1.24663,37.5,38,83.8,1185
2024-05-01,Wed,2024-05-02,1.25456,1.24718,1.25445,DOWN,73.8,2024-05-02 14:18,1.25445,-1.1,-1,72.7,1604
2024-05-02,Thu,2024-05-03,1.25385,1.25107,1.26342,UP,95.7,2024-05-03 12:31,1.25107,27.8,28,123.5,1021
2024-05-03,Fri,2024-05-06,1.25515,1.25348,1.25944,UP,42.9,2024-05-06 12:51,1.25348,16.7,17,59.6,1291
2024-05-06,Mon,2024-05-07,1.25682,1.25007,1.25708,DOWN,67.5,2024-05-07 18:32,1.25708,2.6,3,70.1,1373
2024-05-07,Tue,2024-05-08,1.25063,1.24677,1.25120,DOWN,38.6,2024-05-08 08:23,1.25120,5.7,6,44.3,576
2024-05-08,Wed,2024-05-09,1.24960,1.24455,1.25268,DOWN,50.5,2024-05-09 11:08,1.25017,5.7,6,81.3,1553
2024-05-09,Thu,2024-05-10,1.25239,1.25025,1.25410,DOWN,21.4,2024-05-10 15:07,1.25410,17.1,17,38.5,410
2024-05-10,Fri,2024-05-13,1.25273,1.25116,1.25687,UP,41.4,2024-05-13 14:47,1.25116,15.7,16,57.1,724
2024-05-13,Mon,2024-05-14,1.25574,1.25092,1.25929,DOWN,48.2,2024-05-14 08:28,1.25635,6.1,6,83.7,1038
2024-05-14,Tue,2024-05-15,1.25890,1.25781,1.26861,UP,97.1,2024-05-15 20:21,1.25781,10.9,11,108.0,683
2024-05-15,Wed,2024-05-16,1.26796,1.26433,1.27007,DOWN,36.3,2024-05-16 14:07,1.27007,21.1,21,57.4,1216
2024-05-16,Thu,2024-05-17,1.26749,1.26448,1.27116,UP,36.7,2024-05-17 17:18,1.26448,30.1,30,66.8,1720
2024-05-17,Fri,2024-05-20,1.27085,1.26878,1.27254,DOWN,20.7,2024-05-19 21:01,1.26882,-20.3,-20,37.6,1213
2024-05-20,Mon,2024-05-21,1.27108,1.26861,1.27268,DOWN,24.7,2024-05-21 13:02,1.27238,13.0,13,40.7,1535
2024-05-21,Tue,2024-05-22,1.27111,1.27001,1.27614,UP,50.3,2024-05-22 06:51,1.27032,7.9,8,61.3,1238
2024-05-22,Wed,2024-05-23,1.27139,1.26854,1.27465,UP,32.6,2024-05-23 13:35,1.27049,9.0,9,61.1,1248
2024-05-23,Thu,2024-05-24,1.26861,1.26733,1.27508,UP,64.7,2024-05-24 15:25,1.26733,12.8,13,77.5,1109
2024-05-24,Fri,2024-05-27,1.27372,1.27275,1.27776,UP,40.4,2024-05-27 14:57,1.27275,9.7,10,50.1,524
2024-05-27,Mon,2024-05-28,1.27686,1.27542,1.28007,UP,32.1,2024-05-28 13:27,1.27624,6.2,6,46.5,21
2024-05-28,Tue,2024-05-29,1.27582,1.26977,1.27718,DOWN,60.5,2024-05-29 20:51,1.27718,13.6,14,74.1,1365
2024-05-29,Wed,2024-05-30,1.27033,1.26810,1.27472,UP,43.9,2024-05-30 15:34,1.26810,22.3,22,66.2,989
2024-05-30,Thu,2024-05-31,1.27376,1.27003,1.27661,DOWN,37.3,2024-05-31 07:38,1.27339,-3.7,-4,65.8,869
2024-05-31,Fri,2024-06-03,1.27308,1.26943,1.28073,UP,76.5,2024-06-03 20:58,1.26943,36.5,36,113.0,1238
2024-06-03,Mon,2024-06-04,1.27972,1.27430,1.28177,DOWN,54.2,2024-06-04 10:46,1.28177,20.5,20,74.7,942
2024-06-04,Tue,2024-06-05,1.27817,1.27550,1.27952,DOWN,26.7,2024-06-05 14:56,1.27952,13.5,14,40.2,1703
2024-06-05,Wed,2024-06-06,1.27923,1.27624,1.28091,DOWN,29.9,2024-06-06 13:20,1.28091,16.8,17,46.7,773
2024-06-06,Thu,2024-06-07,1.27949,1.27160,1.28160,DOWN,78.9,2024-06-07 15:11,1.28160,21.1,21,100.0,1257
2024-06-07,Fri,2024-06-10,1.27248,1.26880,1.27372,DOWN,36.8,2024-06-10 10:33,1.27308,6.0,6,49.2,1859
2024-06-10,Mon,2024-06-11,1.27331,1.27058,1.27514,DOWN,27.3,2024-06-11 14:05,1.27495,16.4,16,45.6,858
2024-06-11,Tue,2024-06-12,1.27460,1.27293,1.28604,UP,114.4,2024-06-12 13:31,1.27293,16.7,17,131.1,701
2024-06-12,Wed,2024-06-13,1.28133,1.27384,1.28076,DOWN,74.9,2024-06-13 16:48,1.28076,-5.7,-6,69.2,1101
2024-06-13,Thu,2024-06-14,1.27643,1.26569,1.27630,DOWN,107.4,2024-06-14 13:51,1.27630,-1.3,-1,106.1,963
2024-06-14,Fri,2024-06-17,1.26816,1.26590,1.27096,UP,28.0,2024-06-17 18:40,1.26590,22.6,23,50.6,1510
2024-06-17,Mon,2024-06-18,1.27063,1.26686,1.27209,DOWN,37.7,2024-06-18 12:27,1.27151,8.8,9,52.3,804
2024-06-18,Tue,2024-06-19,1.27085,1.26894,1.27398,UP,31.3,2024-06-19 10:52,1.26894,19.1,19,50.4,1162
2024-06-19,Wed,2024-06-20,1.27170,1.26534,1.27227,DOWN,63.6,2024-06-20 20:37,1.27227,5.7,6,69.3,87
2024-06-20,Thu,2024-06-21,1.26711,1.26217,1.26753,DOWN,49.4,2024-06-21 13:45,1.26753,4.2,4,53.6,2173
2024-06-21,Fri,2024-06-24,1.26478,1.26304,1.26980,UP,50.2,2024-06-24 14:09,1.26304,17.4,17,67.6,645
2024-06-24,Mon,2024-06-25,1.26917,1.26703,1.27024,DOWN,21.4,2024-06-25 14:57,1.27024,10.7,11,32.1,446
2024-06-25,Tue,2024-06-26,1.26924,1.26155,1.26934,DOWN,76.9,2024-06-26 19:32,1.26934,1.0,1,77.9,1141
2024-06-26,Wed,2024-06-27,1.26219,1.26121,1.26701,UP,48.2,2024-06-27 14:01,1.26121,9.8,10,58.0,1316
2024-06-27,Thu,2024-06-28,1.26454,1.26196,1.26626,DOWN,25.8,2024-06-28 14:40,1.26626,17.2,17,43.0,1274
2024-06-28,Fri,2024-07-01,1.26410,1.26332,1.27119,UP,70.9,2024-07-01 14:00,1.26355,5.5,6,78.7,1031
2024-07-01,Mon,2024-07-02,1.26407,1.26154,1.26876,UP,46.9,2024-07-02 19:58,1.26154,25.3,25,72.2,1012
2024-07-02,Tue,2024-07-03,1.26840,1.26697,1.27771,UP,93.1,2024-07-03 14:17,1.26697,14.3,14,107.4,921
2024-07-03,Wed,2024-07-04,1.27362,1.27357,1.27676,UP,31.4,2024-07-04 15:12,1.27357,0.5,0,31.9,1393
2024-07-04,Thu,2024-07-05,1.27618,1.27529,1.28170,UP,55.2,2024-07-05 19:51,1.27529,8.9,9,64.1,8
2024-07-05,Fri,2024-07-08,1.28161,1.27857,1.28456,DOWN,30.4,2024-07-07 21:05,1.27956,-20.5,-20,59.9,1812
2024-07-08,Mon,2024-07-09,1.28112,1.27778,1.28249,DOWN,33.4,2024-07-09 15:41,1.28249,13.7,14,47.1,1693
2024-07-09,Tue,2024-07-10,1.27866,1.27787,1.28474,UP,60.8,2024-07-10 20:55,1.27787,7.9,8,68.7,613
2024-07-10,Wed,2024-07-11,1.28448,1.28462,1.29492,UP,104.4,2024-07-11 12:51,1.28462,-1.4,-1,103.0,1908
2024-07-11,Thu,2024-07-12,1.29133,1.29019,1.29906,UP,77.3,2024-07-12 15:27,1.29019,11.4,11,88.7,884
2024-07-12,Fri,2024-07-15,1.29891,1.29611,1.29948,DOWN,28.0,2024-07-14 21:01,1.29630,-26.1,-26,33.7,1218
2024-07-15,Mon,2024-07-16,1.29719,1.29380,1.29795,DOWN,33.9,2024-07-16 12:55,1.29795,7.6,8,41.5,910
2024-07-16,Tue,2024-07-17,1.29683,1.29650,1.30444,UP,76.1,2024-07-17 10:05,1.29650,3.3,3,79.4,239
2024-07-17,Wed,2024-07-18,1.30059,1.29402,1.30126,DOWN,65.7,2024-07-18 19:24,1.30126,6.7,7,72.4,965
2024-07-18,Thu,2024-07-19,1.29477,1.29010,1.29494,DOWN,46.7,2024-07-19 10:06,1.29494,1.7,2,48.4,1239
2024-07-19,Fri,2024-07-22,1.29095,1.29053,1.29422,UP,32.7,2024-07-22 11:00,1.29061,3.4,3,36.9,784
2024-07-22,Mon,2024-07-23,1.29244,1.28876,1.29345,DOWN,36.8,2024-07-23 10:30,1.29345,10.1,10,46.9,1795
2024-07-23,Tue,2024-07-24,1.29034,1.28773,1.29371,UP,33.7,2024-07-24 13:42,1.28773,26.1,26,59.8,1144
2024-07-24,Wed,2024-07-25,1.29043,1.28482,1.29134,DOWN,56.1,2024-07-25 20:58,1.29134,9.1,9,65.2,898
2024-07-25,Thu,2024-07-26,1.28598,1.28490,1.28779,UP,18.1,2024-07-26 18:17,1.28490,10.8,11,28.9,1694
2024-07-26,Fri,2024-07-29,1.28716,1.28066,1.28880,DOWN,65.0,2024-07-29 09:06,1.28880,16.4,16,81.4,377
2024-07-29,Mon,2024-07-30,1.28640,1.28200,1.28647,DOWN,44.0,2024-07-30 14:14,1.28647,0.7,1,44.7,1103
2024-07-30,Tue,2024-07-31,1.28330,1.28204,1.28642,UP,31.2,2024-07-31 19:11,1.28204,12.6,13,43.8,309
2024-07-31,Wed,2024-08-01,1.28542,1.27268,1.28617,DOWN,127.4,2024-08-01 18:53,1.28617,7.5,8,134.9,1167
2024-08-01,Thu,2024-08-02,1.27284,1.27071,1.28399,UP,111.5,2024-08-02 14:23,1.27071,21.3,21,132.8,3062
2024-08-02,Fri,2024-08-05,1.28058,1.27101,1.28168,DOWN,95.7,2024-08-05 06:08,1.28121,6.3,6,106.7,1931
2024-08-05,Mon,2024-08-06,1.27578,1.26725,1.28029,DOWN,85.3,2024-08-06 12:31,1.28029,45.1,45,130.4,1478
2024-08-06,Tue,2024-08-07,1.26983,1.26794,1.27357,UP,37.4,2024-08-07 11:31,1.26794,18.9,19,56.3,1491
2024-08-07,Wed,2024-08-08,1.26847,1.26648,1.27522,UP,67.5,2024-08-08 18:47,1.26648,19.9,20,87.4,1810
2024-08-08,Thu,2024-08-09,1.27497,1.27260,1.27736,UP,23.9,2024-08-09 15:25,1.27260,23.7,24,47.6,1568
2024-08-09,Fri,2024-08-12,1.27569,1.27467,1.27938,UP,36.9,2024-08-12 15:12,1.27467,10.2,10,47.1,1273
2024-08-12,Mon,2024-08-13,1.27693,1.27567,1.28731,UP,103.8,2024-08-13 18:37,1.27567,12.6,13,116.4,961
2024-08-13,Tue,2024-08-14,1.28681,1.28147,1.28683,DOWN,53.4,2024-08-14 06:00,1.28683,0.2,0,53.6,809
2024-08-14,Wed,2024-08-15,1.28305,1.27986,1.28715,UP,41.0,2024-08-15 15:12,1.27986,31.9,32,72.9,822
2024-08-15,Thu,2024-08-16,1.28620,1.28450,1.29459,UP,83.9,2024-08-16 20:25,1.28450,17.0,17,100.9,1569
2024-08-16,Fri,2024-08-19,1.29429,1.29290,1.29971,UP,54.2,2024-08-19 14:50,1.29290,13.9,14,68.1,1687
2024-08-19,Mon,2024-08-20,1.29917,1.29743,1.30522,UP,60.5,2024-08-20 14:54,1.29743,17.4,17,77.9,763
2024-08-20,Tue,2024-08-21,1.30296,1.30108,1.31193,UP,89.7,2024-08-21 18:29,1.30108,18.8,19,108.5,748
2024-08-21,Wed,2024-08-22,1.31055,1.30765,1.31294,DOWN,29.0,2024-08-22 17:57,1.31294,23.9,24,52.9,1426
2024-08-22,Thu,2024-08-23,1.30917,1.30865,1.32302,UP,138.5,2024-08-23 15:17,1.30865,5.2,5,143.7,907
2024-08-23,Fri,2024-08-26,1.32027,1.31799,1.32222,DOWN,22.8,2024-08-26 11:35,1.32222,19.5,20,42.3,1065
2024-08-26,Mon,2024-08-27,1.31896,1.31777,1.32661,UP,76.5,2024-08-27 20:05,1.31777,11.9,12,88.4,660
2024-08-27,Tue,2024-08-28,1.32594,1.31674,1.32622,DOWN,92.0,2024-08-28 18:00,1.32622,2.8,3,94.8,547
2024-08-28,Wed,2024-08-29,1.31856,1.31453,1.32269,UP,41.3,2024-08-29 07:24,1.31848,0.8,1,81.6,1024
2024-08-29,Thu,2024-08-30,1.31716,1.31095,1.31999,DOWN,62.1,2024-08-30 16:37,1.31999,28.3,28,90.4,586
2024-08-30,Fri,2024-09-02,1.31209,1.31199,1.31550,UP,34.1,2024-09-02 14:58,1.31199,1.0,1,35.1,970
2024-09-02,Mon,2024-09-03,1.31456,1.30875,1.31480,DOWN,58.1,2024-09-03 18:04,1.31480,2.4,2,60.5,8
2024-09-03,Tue,2024-09-04,1.31002,1.31009,1.31751,UP,74.9,2024-09-04 14:43,1.31009,-0.7,-1,74.2,1034
2024-09-04,Wed,2024-09-05,1.31409,1.31358,1.31853,UP,44.4,2024-09-05 18:08,1.31358,5.1,5,49.5,767
2024-09-05,Thu,2024-09-06,1.31710,1.31099,1.32381,UP,67.1,2024-09-06 12:32,1.31507,20.3,20,128.2,928
2024-09-06,Fri,2024-09-09,1.31346,1.30677,1.31430,DOWN,66.9,2024-09-09 14:45,1.31430,8.4,8,75.3,577
2024-09-09,Mon,2024-09-10,1.30778,1.30494,1.31076,UP,29.8,2024-09-10 07:20,1.30577,20.1,20,58.2,592
2024-09-10,Tue,2024-09-11,1.30814,1.30019,1.31112,DOWN,79.5,2024-09-11 14:48,1.31112,29.8,30,109.3,352
2024-09-11,Wed,2024-09-12,1.30435,1.30319,1.31256,UP,82.1,2024-09-12 20:48,1.30319,11.6,12,93.7,519
2024-09-12,Thu,2024-09-13,1.31041,1.31147,1.31576,UP,53.5,2024-09-13 14:44,1.31147,-10.6,-11,42.9,338
2024-09-13,Fri,2024-09-16,1.31196,1.31143,1.32168,UP,97.2,2024-09-16 20:31,1.31143,5.3,5,102.5,734
2024-09-16,Mon,2024-09-17,1.32066,1.31459,1.32296,DOWN,60.7,2024-09-17 17:12,1.32296,23.0,23,83.7,604
2024-09-17,Tue,2024-09-18,1.31658,1.31481,1.32973,UP,131.5,2024-09-18 18:34,1.31481,17.7,18,149.2,311
2024-09-18,Wed,2024-09-19,1.32513,1.31533,1.33142,DOWN,98.0,2024-09-19 01:34,1.32168,-34.5,-34,160.9,1195
2024-09-19,Thu,2024-09-20,1.32827,1.32681,1.33402,UP,57.5,2024-09-20 07:14,1.32712,11.5,12,72.1,487
2024-09-20,Fri,2024-09-23,1.33183,1.32483,1.33593,DOWN,70.0,2024-09-23 08:14,1.33217,3.4,3,111.0,567
2024-09-23,Mon,2024-09-24,1.33469,1.33317,1.34155,UP,68.6,2024-09-24 20:00,1.33317,15.2,15,83.8,613
2024-09-24,Tue,2024-09-25,1.34000,1.33124,1.34296,DOWN,87.6,2024-09-25 20:07,1.34296,29.6,30,117.2,519
2024-09-25,Wed,2024-09-26,1.33200,1.33119,1.34341,UP,114.1,2024-09-26 15:57,1.33119,8.1,8,122.2,474
2024-09-26,Thu,2024-09-27,1.34189,1.33598,1.34274,DOWN,59.1,2024-09-27 08:08,1.34153,-3.6,-4,67.6,303
2024-09-27,Fri,2024-09-30,1.33856,1.33497,1.34228,UP,37.2,2024-09-30 08:46,1.33640,21.6,22,73.1,541
2024-09-30,Mon,2024-10-01,1.33745,1.32373,1.33894,DOWN,137.2,2024-10-01 17:21,1.33894,14.9,15,152.1,1190
2024-10-01,Tue,2024-10-02,1.32845,1.32457,1.33055,DOWN,38.8,2024-10-02 15:02,1.33055,21.0,21,59.8,519
2024-10-02,Wed,2024-10-03,1.32607,1.30920,1.32740,DOWN,168.7,2024-10-03 14:04,1.32740,13.3,13,182.0,574
2024-10-03,Thu,2024-10-04,1.31135,1.30696,1.31746,UP,61.1,2024-10-04 12:07,1.31106,2.9,3,105.0,1024
2024-10-04,Fri,2024-10-07,1.31228,1.30593,1.31343,DOWN,63.5,2024-10-07 11:05,1.31343,11.5,12,75.0,278
2024-10-07,Mon,2024-10-08,1.30723,1.30640,1.31133,UP,41.0,2024-10-08 12:19,1.30640,8.3,8,49.3,949
2024-10-08,Tue,2024-10-09,1.30912,1.30555,1.31046,DOWN,35.7,2024-10-09 07:11,1.31046,13.4,13,49.1,390
2024-10-09,Wed,2024-10-10,1.30653,1.30195,1.30937,DOWN,45.8,2024-10-10 12:30,1.30937,28.4,28,74.2,523
2024-10-10,Thu,2024-10-11,1.30472,1.30415,1.30831,UP,35.9,2024-10-11 15:11,1.30415,5.7,6,41.6,459
2024-10-11,Fri,2024-10-14,1.30718,1.30300,1.30718,DOWN,41.8,2024-10-14 13:16,1.30718,0.0,0,41.8,484
2024-10-14,Mon,2024-10-15,1.30510,1.30354,1.31028,UP,51.8,2024-10-15 13:21,1.30354,15.6,16,67.4,442
2024-10-15,Tue,2024-10-16,1.30680,1.29768,1.30772,DOWN,91.2,2024-10-16 19:49,1.30772,9.2,9,100.4,718
2024-10-16,Wed,2024-10-17,1.29840,1.29737,1.30230,UP,39.0,2024-10-17 12:15,1.29737,10.3,10,49.3,1126
2024-10-17,Thu,2024-10-18,1.30091,1.30014,1.30710,UP,61.9,2024-10-18 06:18,1.30014,7.7,8,69.6,799
2024-10-18,Fri,2024-10-21,1.30450,1.29769,1.30563,DOWN,68.1,2024-10-21 19:03,1.30563,11.3,11,79.4,482
2024-10-21,Mon,2024-10-22,1.29782,1.29444,1.30149,UP,36.7,2024-10-22 06:52,1.29766,1.6,2,70.5,1057
2024-10-22,Tue,2024-10-23,1.29794,1.29073,1.29950,DOWN,72.1,2024-10-23 18:17,1.29950,15.6,16,87.7,363
2024-10-23,Wed,2024-10-24,1.29229,1.29079,1.29878,UP,64.9,2024-10-24 14:10,1.29079,15.0,15,79.9,901
2024-10-24,Thu,2024-10-25,1.29736,1.29557,1.29984,UP,24.8,2024-10-25 13:30,1.29557,17.9,18,42.7,640
2024-10-25,Fri,2024-10-28,1.29679,1.29397,1.30014,UP,33.5,2024-10-28 14:53,1.29397,28.2,28,61.7,1100
2024-10-28,Mon,2024-10-29,1.29687,1.29580,1.30155,UP,46.8,2024-10-29 20:59,1.29580,10.7,11,57.5,427
2024-10-29,Tue,2024-10-30,1.30057,1.29366,1.30432,DOWN,69.1,2024-10-30 12:48,1.30270,21.3,21,106.6,904
2024-10-30,Wed,2024-10-31,1.29841,1.28437,1.29996,DOWN,140.4,2024-10-31 15:53,1.29996,15.5,16,155.9,901
2024-10-31,Thu,2024-11-01,1.28821,1.28844,1.29802,UP,98.1,2024-11-01 13:49,1.28844,-2.3,-2,95.8,962
2024-11-01,Fri,2024-11-04,1.29262,1.29341,1.29986,UP,72.4,2024-11-04 03:49,1.29488,-22.6,-23,64.5,1012
2024-11-04,Mon,2024-11-05,1.29544,1.29478,1.30410,UP,86.6,2024-11-05 21:57,1.29478,6.6,7,93.2,1745
2024-11-05,Tue,2024-11-06,1.30203,1.28341,1.30466,DOWN,186.2,2024-11-06 14:32,1.30466,26.3,26,212.5,738
2024-11-06,Wed,2024-11-07,1.28895,1.28690,1.30091,UP,119.6,2024-11-07 15:33,1.28690,20.5,20,140.1,1181
2024-11-07,Thu,2024-11-08,1.29668,1.28833,1.29885,DOWN,83.5,2024-11-08 17:43,1.29885,21.7,22,105.2,1220
2024-11-08,Fri,2024-11-11,1.29130,1.28559,1.29257,DOWN,57.1,2024-11-11 13:36,1.29257,12.7,13,69.8,762
2024-11-11,Mon,2024-11-12,1.28618,1.27192,1.28735,DOWN,142.6,2024-11-12 17:13,1.28735,11.7,12,154.3,712
2024-11-12,Tue,2024-11-13,1.27369,1.26863,1.27685,DOWN,50.6,2024-11-13 15:08,1.27685,31.6,32,82.2,1424
2024-11-13,Wed,2024-11-14,1.27050,1.26298,1.27200,DOWN,75.2,2024-11-14 10:36,1.27104,5.4,5,90.2,1534
2024-11-14,Thu,2024-11-15,1.26885,1.25959,1.26969,DOWN,92.6,2024-11-15 20:39,1.26969,8.4,8,101.0,1363
2024-11-15,Fri,2024-11-18,1.26128,1.26028,1.26864,UP,73.6,2024-11-18 19:08,1.26028,10.0,10,83.6,1422
2024-11-18,Mon,2024-11-19,1.26718,1.26129,1.26893,DOWN,58.9,2024-11-19 09:33,1.26893,17.5,18,76.4,1620
2024-11-19,Tue,2024-11-20,1.26770,1.26307,1.27145,DOWN,46.3,2024-11-20 16:38,1.27145,37.5,38,83.8,1129
2024-11-20,Wed,2024-11-21,1.26475,1.25761,1.26599,DOWN,71.4,2024-11-21 17:08,1.26599,12.4,12,83.8,1073
2024-11-21,Thu,2024-11-22,1.26021,1.24872,1.25941,DOWN,114.9,2024-11-22 10:07,1.25941,-8.0,-8,106.9,1391
2024-11-22,Fri,2024-11-25,1.25268,1.25415,1.26132,UP,86.4,2024-11-25 13:58,1.25484,-21.6,-22,71.7,2028
2024-11-25,Mon,2024-11-26,1.25742,1.25070,1.26163,DOWN,67.2,2024-11-26 01:04,1.25716,-2.6,-3,109.3,843
2024-11-26,Tue,2024-11-27,1.25467,1.25663,1.26944,UP,147.7,2024-11-27 16:49,1.25663,-19.6,-20,128.1,566
2024-11-27,Wed,2024-11-28,1.26723,1.26450,1.26907,DOWN,27.3,2024-11-28 08:04,1.26816,9.3,9,45.7,990
2024-11-28,Thu,2024-11-29,1.26894,1.26719,1.27498,UP,60.4,2024-11-29 07:26,1.26795,9.9,10,77.9,19
2024-11-29,Fri,2024-12-02,1.27391,1.26171,1.27340,DOWN,122.0,2024-12-02 15:45,1.27340,-5.1,-5,116.9,0
2024-12-02,Mon,2024-12-03,1.26501,1.26365,1.26995,UP,49.4,2024-12-03 18:21,1.26365,13.6,14,63.0,1285
2024-12-03,Tue,2024-12-04,1.26678,1.26300,1.27213,UP,53.5,2024-12-04 17:25,1.26300,37.8,38,91.3,632
2024-12-04,Wed,2024-12-05,1.27004,1.26928,1.27707,UP,70.3,2024-12-05 14:41,1.26928,7.6,8,77.9,1121
2024-12-05,Thu,2024-12-06,1.27572,1.27211,1.28110,UP,53.8,2024-12-06 13:39,1.27398,17.4,17,89.9,1285
2024-12-06,Fri,2024-12-09,1.27357,1.27169,1.27988,UP,63.1,2024-12-09 16:01,1.27169,18.8,19,81.9,757
2024-12-09,Mon,2024-12-10,1.27527,1.27237,1.27778,DOWN,29.0,2024-12-10 15:32,1.27656,12.9,13,54.1,1469
2024-12-10,Tue,2024-12-11,1.27737,1.27132,1.27815,DOWN,60.5,2024-12-11 10:10,1.27815,7.8,8,68.3,612
2024-12-11,Wed,2024-12-12,1.27442,1.26652,1.27878,DOWN,79.0,2024-12-12 21:01,1.27878,43.6,44,122.6,1004
2024-12-12,Thu,2024-12-13,1.26704,1.26079,1.26792,DOWN,62.5,2024-12-13 15:56,1.26792,8.8,9,71.3,158
2024-12-13,Fri,2024-12-16,1.26160,1.26067,1.26987,UP,82.7,2024-12-16 18:59,1.26067,9.3,9,92.0,1171
2024-12-16,Mon,2024-12-17,1.26840,1.26658,1.27287,UP,44.7,2024-12-17 17:07,1.26658,18.2,18,62.9,878
2024-12-17,Tue,2024-12-18,1.27109,1.25608,1.27257,DOWN,150.1,2024-12-18 20:36,1.27257,14.8,15,164.9,653
2024-12-18,Wed,2024-12-19,1.25939,1.24937,1.26669,DOWN,100.2,2024-12-19 21:22,1.26669,73.0,73,173.2,1497
2024-12-19,Thu,2024-12-20,1.25041,1.24748,1.26139,UP,109.8,2024-12-20 17:26,1.24748,29.3,29,139.1,1266
2024-12-20,Fri,2024-12-23,1.25987,1.25097,1.25881,DOWN,89.0,2024-12-23 16:22,1.25881,-10.6,-11,78.4,692
2024-12-23,Mon,2024-12-24,1.25356,1.25188,1.25746,UP,39.0,2024-12-24 14:30,1.25249,10.7,11,55.8,692
2024-12-26,Thu,2024-12-27,1.25266,1.25049,1.25924,UP,65.8,2024-12-27 15:50,1.25049,21.7,22,87.5,865
2024-12-27,Fri,2024-12-30,1.25811,1.25064,1.26072,DOWN,74.7,2024-12-30 15:54,1.26072,26.1,26,100.8,484
2024-12-30,Mon,2024-12-31,1.25441,1.25055,1.25693,DOWN,38.6,2024-12-31 17:31,1.25693,25.2,25,63.8,909
2025-01-02,Thu,2025-01-03,1.23686,1.23639,1.24340,UP,65.4,2025-01-03 20:17,1.23639,4.7,5,70.1,1092
2025-01-03,Fri,2025-01-06,1.24280,1.24119,1.25509,UP,122.9,2025-01-06 12:06,1.24119,16.1,16,139.0,1136
2025-01-06,Mon,2025-01-07,1.25121,1.24753,1.25757,UP,63.6,2025-01-07 09:05,1.25038,8.3,8,100.4,740
2025-01-07,Tue,2025-01-08,1.24901,1.23208,1.24941,DOWN,169.3,2025-01-08 12:33,1.24941,4.0,4,173.3,896
2025-01-08,Wed,2025-01-09,1.23572,1.22382,1.23652,DOWN,119.0,2025-01-09 08:04,1.23652,8.0,8,127.0,413
2025-01-09,Thu,2025-01-10,1.23103,1.21916,1.23218,DOWN,118.7,2025-01-10 13:34,1.23218,11.5,12,130.2,891
2025-01-10,Fri,2025-01-13,1.22107,1.20994,1.22087,DOWN,111.3,2025-01-13 12:10,1.22087,-2.0,-2,109.3,1083
2025-01-13,Mon,2025-01-14,1.21676,1.21368,1.22489,UP,81.3,2025-01-13 23:34,1.21921,-24.5,-24,112.1,776
2025-01-14,Tue,2025-01-15,1.21989,1.21539,1.23059,UP,107.0,2025-01-15 13:58,1.21539,45.0,45,152.0,1031
2025-01-15,Wed,2025-01-16,1.22308,1.21748,1.22603,DOWN,56.0,2025-01-16 13:31,1.22478,17.0,17,85.5,663
2025-01-16,Thu,2025-01-17,1.22359,1.21603,1.22443,DOWN,75.6,2025-01-17 07:41,1.22443,8.4,8,84.0,283
2025-01-17,Fri,2025-01-20,1.21682,1.21592,1.23444,UP,176.2,2025-01-20 20:13,1.21592,9.0,9,185.2,410
2025-01-20,Mon,2025-01-21,1.23357,1.22292,1.23591,DOWN,106.5,2025-01-21 11:32,1.23449,9.2,9,129.9,116
2025-01-21,Tue,2025-01-22,1.23273,1.23072,1.23760,UP,48.7,2025-01-22 10:30,1.23115,15.8,16,68.8,894
2025-01-22,Wed,2025-01-23,1.23259,1.22933,1.23755,UP,49.6,2025-01-23 17:57,1.22933,32.6,33,82.2,843
2025-01-23,Thu,2025-01-24,1.23597,1.23455,1.25018,UP,142.1,2025-01-24 17:38,1.23455,14.2,14,156.3,291
2025-01-24,Fri,2025-01-27,1.24820,1.24258,1.25231,DOWN,56.2,2025-01-27 08:00,1.24727,-9.3,-9,97.3,840
2025-01-27,Mon,2025-01-28,1.24890,1.24145,1.24979,DOWN,74.5,2025-01-28 13:53,1.24979,8.9,9,83.4,761
2025-01-28,Tue,2025-01-29,1.24435,1.23930,1.24631,DOWN,50.5,2025-01-29 13:36,1.24631,19.6,20,70.1,1420
2025-01-29,Wed,2025-01-30,1.24443,1.24063,1.24766,DOWN,38.0,2025-01-30 20:44,1.24766,32.3,32,70.3,1043
2025-01-30,Thu,2025-01-31,1.24594,1.23848,1.24716,DOWN,74.6,2025-01-31 21:56,1.24716,12.2,12,86.8,472
2025-01-31,Fri,2025-02-03,1.24008,1.22493,1.24540,DOWN,151.5,2025-02-03 04:47,1.23237,-77.1,-77,204.7,1027
2025-02-03,Mon,2025-02-04,1.23939,1.23791,1.24931,UP,99.2,2025-02-04 16:41,1.23791,14.8,15,114.0,1204
2025-02-04,Tue,2025-02-05,1.24821,1.24631,1.25498,UP,67.7,2025-02-05 10:50,1.24631,19.0,19,86.7,3139
2025-02-05,Wed,2025-02-06,1.25047,1.23602,1.25095,DOWN,144.5,2025-02-06 12:02,1.25095,4.8,5,149.3,793
2025-02-06,Thu,2025-02-07,1.24361,1.23762,1.24928,DOWN,59.9,2025-02-07 17:18,1.24928,56.7,57,116.6,840
2025-02-07,Fri,2025-02-10,1.24128,1.23616,1.24220,DOWN,51.2,2025-02-10 20:47,1.24220,9.2,9,60.4,374
2025-02-10,Mon,2025-02-11,1.23670,1.23325,1.24543,UP,87.3,2025-02-11 19:42,1.23325,34.5,34,121.8,723
2025-02-11,Tue,2025-02-12,1.24388,1.23763,1.24833,DOWN,62.5,2025-02-12 13:30,1.24655,26.7,27,107.0,403
2025-02-12,Wed,2025-02-13,1.24466,1.24315,1.25668,UP,120.2,2025-02-13 21:53,1.24315,15.1,15,135.3,542
2025-02-13,Thu,2025-02-14,1.25370,1.25337,1.26299,UP,92.9,2025-02-14 14:46,1.25337,3.3,3,96.2,790
2025-02-14,Fri,2025-02-17,1.25956,1.25767,1.26348,UP,39.2,2025-02-17 19:28,1.25767,18.9,19,58.1,952
2025-02-17,Mon,2025-02-18,1.26271,1.25824,1.26232,DOWN,44.7,2025-02-18 13:10,1.26232,-3.9,-4,40.8,21
2025-02-18,Tue,2025-02-19,1.25968,1.25628,1.26376,UP,40.8,2025-02-18 22:41,1.26076,-10.8,-11,74.8,639
2025-02-19,Wed,2025-02-20,1.25832,1.25705,1.26707,UP,87.5,2025-02-20 19:57,1.25705,12.7,13,100.2,643
2025-02-20,Thu,2025-02-21,1.26693,1.26247,1.26788,DOWN,44.6,2025-02-21 18:34,1.26788,9.5,10,54.1,1342
2025-02-21,Fri,2025-02-24,1.26305,1.26119,1.26904,UP,59.9,2025-02-24 02:41,1.26204,10.1,10,78.5,780
2025-02-24,Mon,2025-02-25,1.26318,1.26056,1.26775,UP,45.7,2025-02-25 13:43,1.26056,26.2,26,71.9,1103
2025-02-25,Tue,2025-02-26,1.26693,1.26350,1.27158,UP,46.5,2025-02-26 17:30,1.26350,34.3,34,80.8,279
2025-02-26,Wed,2025-02-27,1.26841,1.25963,1.26888,DOWN,87.8,2025-02-27 21:30,1.26888,4.7,5,92.5,1108
2025-02-27,Thu,2025-02-28,1.26082,1.25591,1.26218,DOWN,49.1,2025-02-28 19:04,1.26218,13.6,14,62.7,634
2025-02-28,Fri,2025-03-03,1.25711,1.25747,1.27242,UP,153.1,2025-03-03 18:48,1.25747,-3.6,-4,149.5,1061
2025-03-03,Mon,2025-03-04,1.26910,1.26787,1.27993,UP,108.3,2025-03-04 20:24,1.26787,12.3,12,120.6,2028
2025-03-04,Tue,2025-03-05,1.27878,1.27674,1.28994,UP,111.6,2025-03-05 20:59,1.27674,20.4,20,132.0,1590
2025-03-05,Wed,2025-03-06,1.28968,1.28657,1.29237,DOWN,31.1,2025-03-06 10:24,1.29237,26.9,27,58.0,2175
2025-03-06,Thu,2025-03-07,1.28940,1.28696,1.29446,UP,50.6,2025-03-07 09:56,1.28696,24.4,24,75.0,1105
2025-03-07,Fri,2025-03-10,1.29196,1.28614,1.29464,DOWN,58.2,2025-03-10 19:11,1.29464,26.8,27,85.0,1329
2025-03-10,Mon,2025-03-11,1.28687,1.28669,1.29656,UP,96.9,2025-03-11 18:45,1.28669,1.8,2,98.7,1979
2025-03-11,Tue,2025-03-12,1.29588,1.29132,1.29883,DOWN,45.6,2025-03-12 07:05,1.29510,-7.8,-8,75.1,1152
2025-03-12,Wed,2025-03-13,1.29660,1.29209,1.29732,DOWN,45.1,2025-03-13 13:17,1.29732,7.2,7,52.3,887
2025-03-13,Thu,2025-03-14,1.29503,1.29108,1.29590,DOWN,39.5,2025-03-14 15:55,1.29590,8.7,9,48.2,535
2025-03-14,Fri,2025-03-17,1.29321,1.29238,1.29986,UP,66.5,2025-03-17 18:31,1.29238,8.3,8,74.8,1070
2025-03-17,Mon,2025-03-18,1.29969,1.29513,1.30098,DOWN,45.6,2025-03-18 12:38,1.30048,7.9,8,58.5,1042
2025-03-18,Tue,2025-03-19,1.30042,1.29548,1.30112,DOWN,49.4,2025-03-19 13:22,1.30028,-1.4,-1,56.4,631
2025-03-19,Wed,2025-03-20,1.30070,1.29358,1.30146,DOWN,71.2,2025-03-20 13:33,1.30146,7.6,8,78.8,902
2025-03-20,Thu,2025-03-21,1.29601,1.28875,1.29704,DOWN,72.6,2025-03-21 16:00,1.29704,10.3,10,82.9,796
2025-03-21,Fri,2025-03-24,1.29265,1.28953,1.29740,UP,47.5,2025-03-24 10:33,1.29085,18.0,18,78.7,1224
2025-03-24,Mon,2025-03-25,1.29267,1.29019,1.29667,UP,40.0,2025-03-25 17:07,1.29019,24.8,25,64.8,813
2025-03-25,Tue,2025-03-26,1.29454,1.28741,1.29478,DOWN,71.3,2025-03-26 13:30,1.29478,2.4,2,73.7,679
2025-03-26,Wed,2025-03-27,1.28844,1.28694,1.29919,UP,107.5,2025-03-27 15:48,1.28694,15.0,15,122.5,1185
2025-03-27,Thu,2025-03-28,1.29501,1.29223,1.29680,DOWN,27.8,2025-03-28 11:39,1.29680,17.9,18,45.7,1405
2025-03-28,Fri,2025-03-31,1.29394,1.28862,1.29728,DOWN,53.2,2025-03-31 16:27,1.29728,33.4,33,86.6,1037
2025-03-31,Mon,2025-04-01,1.29097,1.28791,1.29405,UP,30.8,2025-04-01 04:50,1.29105,-0.8,-1,61.4,1568
2025-04-01,Tue,2025-04-02,1.29102,1.29001,1.30250,UP,114.8,2025-04-02 20:17,1.29001,10.1,10,124.9,1329
2025-04-02,Wed,2025-04-03,1.29791,1.29717,1.32074,UP,228.3,2025-04-03 10:13,1.29717,7.4,7,235.7,828
2025-04-03,Thu,2025-04-04,1.30957,1.28519,1.31134,DOWN,243.8,2025-04-04 20:33,1.31134,17.7,18,261.5,3548
2025-04-04,Fri,2025-04-07,1.28807,1.27082,1.29338,DOWN,172.5,2025-04-07 20:01,1.29338,53.1,53,225.6,2473
2025-04-07,Mon,2025-04-08,1.27490,1.27155,1.28147,UP,65.7,2025-04-08 18:30,1.27155,33.5,34,99.2,1990
2025-04-08,Tue,2025-04-09,1.27883,1.27431,1.28640,UP,75.7,2025-04-09 06:56,1.27513,37.0,37,120.9,975
2025-04-09,Wed,2025-04-10,1.28060,1.28020,1.29959,UP,189.9,2025-04-10 18:33,1.28020,4.0,4,193.9,927
2025-04-10,Thu,2025-04-11,1.29821,1.29624,1.31449,UP,162.8,2025-04-11 09:52,1.29624,19.7,20,182.5,1048
2025-04-11,Fri,2025-04-14,1.30577,1.30624,1.32008,UP,143.1,2025-04-14 11:21,1.30624,-4.7,-5,138.4,931
2025-04-14,Mon,2025-04-15,1.31968,1.31640,1.32516,UP,54.8,2025-04-15 10:30,1.31640,32.8,33,87.6,690
2025-04-15,Tue,2025-04-16,1.32168,1.32120,1.32921,UP,75.3,2025-04-16 09:01,1.32125,4.3,4,80.1,907
2025-04-16,Wed,2025-04-17,1.32298,1.32026,1.32730,UP,43.2,2025-04-17 14:25,1.32026,27.2,27,70.4,2125
2025-04-17,Thu,2025-04-18,1.32689,1.32400,1.32971,DOWN,28.9,2025-04-17 21:03,1.32415,-27.4,-27,57.1,630
2025-04-18,Fri,2025-04-21,1.32838,1.32659,1.34220,UP,138.2,2025-04-21 09:21,1.32659,17.9,18,156.1,0
2025-04-21,Mon,2025-04-22,1.33793,1.33247,1.34238,DOWN,54.6,2025-04-22 20:41,1.34238,44.5,44,99.1,447
2025-04-22,Tue,2025-04-23,1.33362,1.32326,1.33390,DOWN,103.6,2025-04-22 22:39,1.33350,-1.2,-1,106.4,363
2025-04-23,Wed,2025-04-24,1.32660,1.32437,1.33475,UP,81.5,2025-04-24 20:47,1.32437,22.3,22,103.8,306
2025-04-24,Thu,2025-04-25,1.33265,1.32739,1.33409,DOWN,52.6,2025-04-25 05:51,1.33409,14.4,14,67.0,254
2025-04-25,Fri,2025-04-28,1.33301,1.32800,1.34430,UP,112.9,2025-04-28 20:27,1.32800,50.1,50,163.0,1069
2025-04-28,Mon,2025-04-29,1.34254,1.33803,1.34423,DOWN,45.1,2025-04-29 10:58,1.34423,16.9,17,62.0,509
2025-04-29,Tue,2025-04-30,1.34010,1.33088,1.34145,DOWN,92.2,2025-04-30 14:08,1.34145,13.5,14,105.7,725
2025-04-30,Wed,2025-05-01,1.33381,1.32601,1.33452,DOWN,78.0,2025-05-01 18:04,1.33452,7.1,7,85.1,603
2025-05-01,Thu,2025-05-02,1.32775,1.32604,1.33306,UP,53.1,2025-05-02 13:50,1.32604,17.1,17,70.2,220
2025-05-02,Fri,2025-05-05,1.32737,1.32571,1.33363,UP,62.6,2025-05-05 13:07,1.32571,16.6,17,79.2,429
2025-05-05,Mon,2025-05-06,1.32886,1.32602,1.34024,UP,113.8,2025-05-06 12:56,1.32602,28.4,28,142.2,438
2025-05-06,Tue,2025-05-07,1.33755,1.32799,1.33794,DOWN,95.6,2025-05-07 20:12,1.33794,3.9,4,99.5,810
2025-05-07,Wed,2025-05-08,1.33219,1.32362,1.33562,DOWN,85.7,2025-05-08 19:29,1.33562,34.3,34,120.0,1275
2025-05-08,Thu,2025-05-09,1.32510,1.32120,1.33226,UP,71.6,2025-05-09 16:02,1.32120,39.0,39,110.6,971
2025-05-09,Fri,2025-05-12,1.33150,1.31397,1.32991,DOWN,175.3,2025-05-12 10:59,1.32991,-15.9,-16,159.4,359
2025-05-12,Mon,2025-05-13,1.31798,1.31635,1.33147,UP,134.9,2025-05-13 20:32,1.31635,16.3,16,151.2,430
2025-05-13,Tue,2025-05-14,1.32996,1.32532,1.33601,UP,60.5,2025-05-14 09:27,1.32908,8.8,9,106.9,615
2025-05-14,Wed,2025-05-15,1.32642,1.32530,1.33195,UP,55.3,2025-05-15 13:17,1.32530,11.2,11,66.5,702
2025-05-15,Thu,2025-05-16,1.32988,1.32504,1.33325,DOWN,48.4,2025-05-16 16:20,1.33325,33.7,34,82.1,604
2025-05-16,Fri,2025-05-19,1.32776,1.32656,1.34038,UP,126.2,2025-05-19 10:54,1.32656,12.0,12,138.2,420
2025-05-19,Mon,2025-05-20,1.33557,1.33346,1.33947,UP,39.0,2025-05-20 07:57,1.33448,10.9,11,60.1,494
2025-05-20,Tue,2025-05-21,1.33786,1.33781,1.34689,UP,90.3,2025-05-21 06:27,1.33781,0.5,0,90.8,634
2025-05-21,Wed,2025-05-22,1.34280,1.33907,1.34408,DOWN,37.3,2025-05-22 10:48,1.34408,12.8,13,50.1,1066
2025-05-22,Thu,2025-05-23,1.34226,1.34074,1.35415,UP,118.9,2025-05-23 20:58,1.34074,15.2,15,134.1,330
2025-05-23,Fri,2025-05-26,1.35314,1.35178,1.35931,UP,61.7,2025-05-26 02:49,1.35178,13.6,14,75.3,517
2025-05-26,Mon,2025-05-27,1.35619,1.35002,1.35866,DOWN,61.7,2025-05-27 15:57,1.35866,24.7,25,86.4,0
2025-05-27,Tue,2025-05-28,1.35131,1.34494,1.35222,DOWN,63.7,2025-05-28 13:43,1.35222,9.1,9,72.8,637
2025-05-28,Wed,2025-05-29,1.34700,1.34140,1.35069,DOWN,56.0,2025-05-28 23:45,1.34698,-0.2,0,92.9,301
2025-05-29,Thu,2025-05-30,1.34987,1.34478,1.35108,DOWN,50.9,2025-05-30 14:01,1.35108,12.1,12,63.0,504
2025-05-30,Fri,2025-06-02,1.34684,1.34517,1.35595,UP,91.1,2025-06-02 14:36,1.34517,16.7,17,107.8,1672
2025-06-02,Mon,2025-06-03,1.35409,1.34916,1.35580,DOWN,49.3,2025-06-03 12:14,1.35580,17.1,17,66.4,781
2025-06-03,Tue,2025-06-04,1.35245,1.35007,1.35798,UP,55.3,2025-06-04 14:53,1.35007,23.8,24,79.1,529
2025-06-04,Wed,2025-06-05,1.35587,1.35406,1.36163,UP,57.6,2025-06-05 13:29,1.35406,18.1,18,75.7,927
2025-06-05,Thu,2025-06-06,1.35803,1.35073,1.35845,DOWN,73.0,2025-06-06 13:27,1.35845,4.2,4,77.2,425
2025-06-06,Fri,2025-06-09,1.35289,1.35141,1.35813,UP,52.4,2025-06-09 09:05,1.35141,14.8,15,67.2,561
2025-06-09,Mon,2025-06-10,1.35624,1.34561,1.35642,DOWN,106.3,2025-06-10 07:13,1.35642,1.8,2,108.1,682
2025-06-10,Tue,2025-06-11,1.34947,1.34642,1.35673,UP,72.6,2025-06-11 18:09,1.34642,30.5,30,103.1,639
2025-06-11,Wed,2025-06-12,1.35489,1.35225,1.36234,UP,74.5,2025-06-12 13:06,1.35225,26.4,26,100.9,590
2025-06-12,Thu,2025-06-13,1.35963,1.35162,1.36318,DOWN,80.1,2025-06-13 13:11,1.36318,35.5,36,115.6,441
2025-06-13,Fri,2025-06-16,1.35636,1.35344,1.36222,UP,58.6,2025-06-16 14:07,1.35344,29.2,29,87.8,879
2025-06-16,Mon,2025-06-17,1.35966,1.34152,1.35794,DOWN,181.4,2025-06-17 20:16,1.35794,-17.2,-17,164.2,333
2025-06-17,Tue,2025-06-18,1.34294,1.34007,1.34764,UP,47.0,2025-06-18 07:04,1.34125,16.9,17,75.7,1313
2025-06-18,Wed,2025-06-19,1.34163,1.33827,1.34700,UP,53.7,2025-06-19 19:55,1.33827,33.6,34,87.3,728
2025-06-19,Thu,2025-06-20,1.34585,1.34322,1.35112,UP,52.7,2025-06-20 12:41,1.34322,26.3,26,79.0,5
2025-06-20,Fri,2025-06-23,1.34641,1.33703,1.35308,DOWN,93.8,2025-06-23 09:32,1.34487,-15.4,-15,160.5,824
2025-06-23,Mon,2025-06-24,1.35209,1.34925,1.36483,UP,127.4,2025-06-24 14:26,1.34925,28.4,28,155.8,459
2025-06-24,Tue,2025-06-25,1.36316,1.35907,1.36717,DOWN,40.9,2025-06-25 12:31,1.36335,1.9,2,81.0,632
2025-06-25,Wed,2025-06-26,1.36621,1.36417,1.37706,UP,108.5,2025-06-26 16:42,1.36417,20.4,20,128.9,451
2025-06-26,Thu,2025-06-27,1.37494,1.36827,1.37524,DOWN,66.7,2025-06-27 18:32,1.37524,3.0,3,69.7,796
2025-06-27,Fri,2025-06-30,1.36976,1.36739,1.37406,UP,43.0,2025-06-30 05:36,1.36913,6.3,6,66.7,485
2025-06-30,Mon,2025-07-01,1.37187,1.37034,1.37886,UP,69.9,2025-07-01 10:14,1.37035,15.2,15,85.2,1518
2025-07-01,Tue,2025-07-02,1.37360,1.35626,1.37525,DOWN,173.4,2025-07-02 14:16,1.37525,16.5,16,189.9,1623
2025-07-02,Wed,2025-07-03,1.36358,1.35856,1.36755,DOWN,50.2,2025-07-03 12:34,1.36755,39.7,40,89.9,1463
2025-07-03,Thu,2025-07-04,1.36413,1.36342,1.36811,UP,39.8,2025-07-04 06:25,1.36422,-0.9,-1,46.9,555
2025-07-04,Fri,2025-07-07,1.36536,1.35751,1.36575,DOWN,78.5,2025-07-07 09:11,1.36575,3.9,4,82.4,0
2025-07-07,Mon,2025-07-08,1.36117,1.35253,1.36462,DOWN,86.4,2025-07-08 14:24,1.36462,34.5,34,120.9,474
2025-07-08,Tue,2025-07-09,1.35937,1.35644,1.36196,DOWN,29.3,2025-07-09 03:16,1.35934,-0.3,0,55.2,676
2025-07-09,Wed,2025-07-10,1.35874,1.35329,1.36195,DOWN,54.5,2025-07-10 14:29,1.36195,32.1,32,86.6,1407
2025-07-10,Thu,2025-07-11,1.35745,1.34811,1.35840,DOWN,93.4,2025-07-11 14:18,1.35840,9.5,10,102.9,734
2025-07-11,Fri,2025-07-14,1.35095,1.34233,1.35042,DOWN,86.2,2025-07-14 20:52,1.35042,-5.3,-5,80.9,223
2025-07-14,Mon,2025-07-15,1.34285,1.33786,1.34673,DOWN,49.9,2025-07-15 17:17,1.34673,38.8,39,88.7,675
2025-07-15,Tue,2025-07-16,1.33903,1.33647,1.34860,UP,95.7,2025-07-16 15:30,1.33647,25.6,26,121.3,780
2025-07-16,Wed,2025-07-17,1.34084,1.33740,1.34210,DOWN,34.4,2025-07-17 06:36,1.34210,12.6,13,47.0,767
2025-07-17,Thu,2025-07-18,1.34092,1.33935,1.34751,UP,65.9,2025-07-18 13:28,1.33935,15.7,16,81.6,602
2025-07-18,Fri,2025-07-21,1.34173,1.33970,1.35105,UP,93.2,2025-07-21 15:24,1.33970,20.3,20,113.5,480
2025-07-21,Mon,2025-07-22,1.34904,1.34617,1.35328,UP,42.4,2025-07-22 16:44,1.34617,28.7,29,71.1,526
2025-07-22,Tue,2025-07-23,1.35270,1.35135,1.35839,UP,56.9,2025-07-23 19:06,1.35135,13.5,14,70.4,468
2025-07-23,Wed,2025-07-24,1.35787,1.35015,1.35887,DOWN,77.2,2025-07-24 20:46,1.35887,10.0,10,87.2,423
2025-07-24,Thu,2025-07-25,1.35167,1.34163,1.35122,DOWN,100.4,2025-07-25 13:43,1.35122,-4.5,-4,95.9,343
2025-07-25,Fri,2025-07-28,1.34354,1.33509,1.34527,DOWN,84.5,2025-07-28 20:58,1.34527,17.3,17,101.8,694
2025-07-28,Mon,2025-07-29,1.33531,1.33076,1.33640,DOWN,45.5,2025-07-29 13:14,1.33618,8.7,9,56.4,477
2025-07-29,Tue,2025-07-30,1.33548,1.32276,1.33858,DOWN,127.2,2025-07-30 19:28,1.33858,31.0,31,158.2,803
2025-07-30,Wed,2025-07-31,1.32402,1.31855,1.32819,DOWN,54.7,2025-07-31 14:00,1.32819,41.7,42,96.4,1142
2025-07-31,Thu,2025-08-01,1.32196,1.31399,1.33108,UP,91.2,2025-08-01 13:35,1.31399,79.7,80,170.9,1152
2025-08-01,Fri,2025-08-04,1.32282,1.32535,1.33308,UP,102.6,2025-08-04 14:36,1.32535,-25.3,-25,77.3,2041
2025-08-04,Mon,2025-08-05,1.32754,1.32595,1.33160,UP,40.6,2025-08-05 16:30,1.32595,15.9,16,56.5,512
2025-08-05,Tue,2025-08-06,1.32956,1.32813,1.33682,UP,72.6,2025-08-06 18:36,1.32813,14.3,14,86.9,676
2025-08-06,Wed,2025-08-07,1.33633,1.33356,1.34483,UP,85.0,2025-08-07 20:20,1.33356,27.7,28,112.7,692
2025-08-07,Thu,2025-08-08,1.34102,1.34178,1.34585,UP,48.3,2025-08-08 17:59,1.34178,-7.6,-8,40.7,692
2025-08-08,Fri,2025-08-11,1.34528,1.33987,1.34768,DOWN,54.1,2025-08-11 14:51,1.34768,24.0,24,78.1,951
2025-08-11,Mon,2025-08-12,1.34353,1.34130,1.35235,UP,88.2,2025-08-12 15:44,1.34130,22.3,22,110.5,396
2025-08-12,Tue,2025-08-13,1.34951,1.34909,1.35847,UP,89.6,2025-08-13 14:40,1.34909,4.2,4,93.8,465
2025-08-13,Wed,2025-08-14,1.35674,1.35207,1.35948,DOWN,46.7,2025-08-14 16:55,1.35948,27.4,27,74.1,430
2025-08-14,Thu,2025-08-15,1.35320,1.35205,1.35749,UP,42.9,2025-08-15 13:50,1.35205,11.5,12,54.4,642
2025-08-15,Fri,2025-08-18,1.35542,1.35007,1.35648,DOWN,53.5,2025-08-18 20:54,1.35648,10.6,11,64.1,699
2025-08-18,Mon,2025-08-19,1.35057,1.34775,1.35310,DOWN,28.2,2025-08-19 18:46,1.35310,25.3,25,53.5,448
2025-08-19,Tue,2025-08-20,1.34848,1.34472,1.35092,DOWN,37.6,2025-08-20 15:54,1.35092,24.4,24,62.0,909
2025-08-20,Wed,2025-08-21,1.34516,1.34055,1.34826,DOWN,46.1,2025-08-21 16:08,1.34826,31.0,31,77.1,497
2025-08-21,Thu,2025-08-22,1.34192,1.33904,1.35439,UP,124.7,2025-08-22 15:27,1.33904,28.8,29,153.5,630
2025-08-22,Fri,2025-08-25,1.35260,1.34459,1.35270,DOWN,80.1,2025-08-25 19:35,1.35270,1.0,1,81.1,291
2025-08-25,Mon,2025-08-26,1.34602,1.34346,1.34931,UP,32.9,2025-08-26 11:56,1.34346,25.6,26,58.5,775
2025-08-26,Tue,2025-08-27,1.34799,1.34162,1.35016,DOWN,63.7,2025-08-27 11:02,1.34812,1.3,1,85.4,315
2025-08-27,Wed,2025-08-28,1.34975,1.34794,1.35305,UP,33.0,2025-08-28 17:19,1.34794,18.1,18,51.1,595
2025-08-28,Thu,2025-08-29,1.35164,1.34460,1.35171,DOWN,70.4,2025-08-29 12:11,1.35114,-5.0,-5,71.1,475
2025-08-29,Fri,2025-09-01,1.35102,1.34884,1.35497,UP,39.5,2025-09-01 14:58,1.34884,21.8,22,61.3,1478
2025-09-01,Mon,2025-09-02,1.35435,1.33399,1.35482,DOWN,203.6,2025-09-02 12:49,1.35482,4.7,5,208.3,21
2025-09-02,Tue,2025-09-03,1.33776,1.33332,1.34584,UP,80.8,2025-09-03 17:18,1.33332,44.4,44,125.2,2422
2025-09-03,Wed,2025-09-04,1.34420,1.34163,1.34591,DOWN,25.7,2025-09-04 07:24,1.34499,7.9,8,42.8,295
2025-09-04,Thu,2025-09-05,1.34256,1.34193,1.35548,UP,129.2,2025-09-05 14:02,1.34193,6.3,6,135.5,439
2025-09-05,Fri,2025-09-08,1.35047,1.34808,1.35566,UP,51.9,2025-09-08 13:35,1.34808,23.9,24,75.8,691
2025-09-08,Mon,2025-09-09,1.35523,1.35175,1.35904,UP,38.1,2025-09-09 09:35,1.35386,13.7,14,72.9,535
2025-09-09,Tue,2025-09-10,1.35229,1.35090,1.35638,UP,40.9,2025-09-10 12:30,1.35090,13.9,14,54.8,504
2025-09-10,Wed,2025-09-11,1.35352,1.34914,1.35826,UP,47.4,2025-09-11 17:24,1.34914,43.8,44,91.2,282
2025-09-11,Thu,2025-09-12,1.35795,1.35239,1.35790,DOWN,55.6,2025-09-12 12:41,1.35790,-0.5,0,55.1,277
2025-09-12,Fri,2025-09-15,1.35695,1.35338,1.36199,UP,50.4,2025-09-15 12:02,1.35338,35.7,36,86.1,345
2025-09-15,Mon,2025-09-16,1.36052,1.35874,1.36717,UP,66.5,2025-09-16 14:17,1.35874,17.8,18,84.3,476
2025-09-16,Tue,2025-09-17,1.36597,1.36193,1.37260,UP,66.3,2025-09-17 18:09,1.36297,30.0,30,106.7,1036
2025-09-17,Wed,2025-09-18,1.36383,1.35338,1.36611,DOWN,104.5,2025-09-18 13:55,1.36611,22.8,23,127.3,1022
2025-09-18,Thu,2025-09-19,1.35525,1.34624,1.35594,DOWN,90.1,2025-09-19 20:59,1.35594,6.9,7,97.0,315
2025-09-19,Fri,2025-09-22,1.34686,1.34525,1.35203,UP,51.7,2025-09-22 16:21,1.34525,16.1,16,67.8,378
2025-09-22,Mon,2025-09-23,1.35166,1.34868,1.35364,DOWN,29.8,2025-09-23 08:37,1.35278,11.2,11,49.6,936
2025-09-23,Tue,2025-09-24,1.35163,1.34264,1.35268,DOWN,89.9,2025-09-24 13:34,1.35268,10.5,10,100.4,315
2025-09-24,Wed,2025-09-25,1.34488,1.33237,1.34669,DOWN,125.1,2025-09-25 18:10,1.34669,18.1,18,143.2,935
2025-09-25,Thu,2025-09-26,1.33341,1.33294,1.34129,UP,78.8,2025-09-26 15:31,1.33294,4.7,5,83.5,366
2025-09-26,Fri,2025-09-29,1.34097,1.33815,1.34565,UP,46.8,2025-09-29 12:56,1.33815,28.2,28,75.0,792
2025-09-29,Mon,2025-09-30,1.34377,1.34134,1.34669,UP,29.2,2025-09-30 14:54,1.34134,24.3,24,53.5,1216
2025-09-30,Tue,2025-10-01,1.34491,1.34347,1.35273,UP,78.2,2025-10-01 13:35,1.34347,14.4,14,92.6,496
2025-10-01,Wed,2025-10-02,1.34861,1.34007,1.35102,DOWN,85.4,2025-10-02 15:40,1.35102,24.1,24,109.5,2078
2025-10-02,Thu,2025-10-03,1.34471,1.34278,1.34865,UP,39.4,2025-10-03 20:02,1.34278,19.3,19,58.7,474
2025-10-03,Fri,2025-10-06,1.34798,1.34164,1.34899,DOWN,63.4,2025-10-06 11:03,1.34643,-15.5,-16,73.5,718
2025-10-06,Mon,2025-10-07,1.34824,1.33920,1.34857,DOWN,90.4,2025-10-07 11:50,1.34857,3.3,3,93.7,410
2025-10-07,Tue,2025-10-08,1.34298,1.33708,1.34383,DOWN,59.0,2025-10-08 18:13,1.34383,8.5,8,67.5,479
2025-10-08,Wed,2025-10-09,1.33885,1.32793,1.34191,DOWN,109.2,2025-10-09 18:52,1.34191,30.6,31,139.8,754
2025-10-09,Thu,2025-10-10,1.32812,1.32614,1.33707,UP,89.5,2025-10-10 15:09,1.32614,19.8,20,109.3,911
2025-10-10,Fri,2025-10-13,1.33470,1.33148,1.33663,DOWN,32.2,2025-10-13 08:35,1.33663,19.3,19,51.5,901
2025-10-13,Mon,2025-10-14,1.33336,1.32483,1.33523,DOWN,85.3,2025-10-14 12:48,1.33523,18.7,19,104.0,571
2025-10-14,Tue,2025-10-15,1.33274,1.33140,1.34076,UP,80.2,2025-10-15 20:06,1.33140,13.4,13,93.6,378
2025-10-15,Wed,2025-10-16,1.33821,1.33870,1.34545,UP,72.4,2025-10-16 13:19,1.33870,-4.9,-5,67.5,506
2025-10-16,Thu,2025-10-17,1.34357,1.33907,1.34714,DOWN,45.0,2025-10-17 15:02,1.34714,35.7,36,80.7,726
2025-10-17,Fri,2025-10-20,1.34336,1.33998,1.34429,DOWN,33.8,2025-10-20 11:34,1.34429,9.3,9,43.1,479
2025-10-20,Mon,2025-10-21,1.34100,1.33610,1.34161,DOWN,49.0,2025-10-21 13:49,1.34161,6.1,6,55.1,762
2025-10-21,Tue,2025-10-22,1.33728,1.33054,1.33870,DOWN,67.4,2025-10-22 10:33,1.33870,14.2,14,81.6,651
2025-10-22,Wed,2025-10-23,1.33561,1.33077,1.33583,DOWN,48.4,2025-10-23 17:11,1.33583,2.2,2,50.6,765
2025-10-23,Thu,2025-10-24,1.33235,1.32872,1.33671,UP,43.6,2025-10-24 12:30,1.33000,23.5,24,79.9,244
2025-10-24,Fri,2025-10-27,1.33039,1.33103,1.33531,UP,49.2,2025-10-27 11:57,1.33103,-6.4,-6,42.8,577
2025-10-27,Mon,2025-10-28,1.33381,1.32475,1.33697,DOWN,90.6,2025-10-28 13:45,1.33697,31.6,32,122.2,563
2025-10-28,Tue,2025-10-29,1.32798,1.31400,1.32803,DOWN,139.8,2025-10-29 18:42,1.32803,0.5,0,140.3,542
2025-10-29,Wed,2025-10-30,1.31631,1.31165,1.32186,UP,55.5,2025-10-30 05:00,1.31794,-16.3,-16,102.1,1784
2025-10-30,Thu,2025-10-31,1.31467,1.30970,1.31646,DOWN,49.7,2025-10-31 13:45,1.31646,17.9,18,67.6,1127
2025-10-31,Fri,2025-11-03,1.31392,1.31081,1.31622,DOWN,31.1,2025-11-03 14:46,1.31487,9.5,10,54.1,884
2025-11-03,Mon,2025-11-04,1.31370,1.30101,1.31448,DOWN,126.9,2025-11-04 20:02,1.31448,7.8,8,134.7,1300
2025-11-04,Tue,2025-11-05,1.30151,1.30099,1.30531,UP,38.0,2025-11-05 09:08,1.30099,5.2,5,43.2,1123
2025-11-05,Wed,2025-11-06,1.30459,1.30444,1.31424,UP,96.5,2025-11-06 18:50,1.30444,1.5,2,98.0,1172
2025-11-06,Thu,2025-11-07,1.31317,1.30948,1.31747,UP,43.0,2025-11-07 18:06,1.30948,36.9,37,79.9,766
2025-11-07,Fri,2025-11-10,1.31577,1.31338,1.31909,UP,33.2,2025-11-10 13:21,1.31338,23.9,24,57.1,447
2025-11-10,Mon,2025-11-11,1.31803,1.31163,1.31845,DOWN,64.0,2025-11-11 09:09,1.31762,-4.1,-4,68.2,548
2025-11-11,Tue,2025-11-12,1.31664,1.30842,1.31553,DOWN,82.2,2025-11-12 14:29,1.31553,-11.1,-11,71.1,629
2025-11-12,Wed,2025-11-13,1.31287,1.31004,1.32157,UP,87.0,2025-11-13 17:50,1.31004,28.3,28,115.3,637
2025-11-13,Thu,2025-11-14,1.31902,1.31078,1.32006,DOWN,82.4,2025-11-14 08:22,1.31929,2.7,3,92.8,669
2025-11-14,Fri,2025-11-17,1.31655,1.31358,1.31930,DOWN,29.7,2025-11-17 06:09,1.31697,4.2,4,57.2,502
2025-11-17,Mon,2025-11-18,1.31465,1.31337,1.31768,UP,30.3,2025-11-18 08:10,1.31449,1.6,2,43.1,490
2025-11-18,Tue,2025-11-19,1.31551,1.30428,1.31551,DOWN,112.3,2025-11-19 21:16,1.31551,0.0,0,112.3,341
2025-11-19,Wed,2025-11-20,1.30445,1.30376,1.31238,UP,79.3,2025-11-20 14:34,1.30376,6.9,7,86.2,888
2025-11-20,Thu,2025-11-21,1.30867,1.30384,1.31094,DOWN,48.3,2025-11-21 12:22,1.31030,16.3,16,71.0,738
2025-11-21,Fri,2025-11-24,1.31028,1.30803,1.31176,DOWN,22.5,2025-11-24 15:50,1.31176,14.8,15,37.3,802
2025-11-24,Mon,2025-11-25,1.31096,1.30954,1.32140,UP,104.4,2025-11-25 20:01,1.30954,14.2,14,118.6,826
2025-11-25,Tue,2025-11-26,1.32120,1.31242,1.32427,DOWN,87.8,2025-11-26 12:12,1.32013,-10.7,-11,118.5,1003
2025-11-26,Wed,2025-11-27,1.32348,1.32099,1.32685,UP,33.7,2025-11-27 05:39,1.32284,6.4,6,58.6,918
2025-11-27,Thu,2025-11-28,1.32371,1.32007,1.32545,DOWN,36.4,2025-11-28 12:01,1.32447,7.6,8,53.8,2
2025-11-28,Fri,2025-12-01,1.32456,1.32053,1.32754,DOWN,40.3,2025-12-01 08:37,1.32471,1.5,2,70.1,0
2025-12-01,Mon,2025-12-02,1.32115,1.31794,1.32215,DOWN,32.1,2025-12-02 17:11,1.32215,10.0,10,42.1,1624
2025-12-02,Tue,2025-12-03,1.32107,1.31970,1.33531,UP,142.4,2025-12-03 18:44,1.31970,13.7,14,156.1,914
2025-12-03,Wed,2025-12-04,1.33512,1.33214,1.33850,UP,33.8,2025-12-04 15:43,1.33214,29.8,30,63.6,975
2025-12-04,Thu,2025-12-05,1.33399,1.33158,1.33623,DOWN,24.1,2025-12-05 16:31,1.33623,22.4,22,46.5,979
2025-12-05,Fri,2025-12-08,1.33338,1.33054,1.33465,DOWN,28.4,2025-12-08 15:43,1.33465,12.7,13,41.1,589
2025-12-08,Mon,2025-12-09,1.33262,1.32870,1.33561,DOWN,39.2,2025-12-09 15:10,1.33561,29.9,30,69.1,579
2025-12-09,Tue,2025-12-10,1.33017,1.32892,1.33887,UP,87.0,2025-12-10 20:17,1.32892,12.5,12,99.5,656
2025-12-10,Wed,2025-12-11,1.33641,1.33546,1.34381,UP,74.0,2025-12-11 16:02,1.33546,9.5,10,83.5,1277
2025-12-11,Thu,2025-12-12,1.33899,1.33420,1.33997,DOWN,47.9,2025-12-12 16:43,1.33997,9.8,10,57.7,238
2025-12-12,Fri,2025-12-15,1.33658,1.33548,1.34015,UP,35.7,2025-12-15 14:48,1.33548,11.0,11,46.7,672
2025-12-15,Mon,2025-12-16,1.33724,1.33552,1.34557,UP,83.3,2025-12-16 13:32,1.33552,17.2,17,100.5,765
2025-12-16,Tue,2025-12-17,1.34258,1.33114,1.34269,DOWN,114.4,2025-12-17 08:05,1.34269,1.1,1,115.5,630
2025-12-17,Wed,2025-12-18,1.33769,1.33366,1.34463,UP,69.4,2025-12-18 14:06,1.33366,40.3,40,109.7,1195
2025-12-18,Thu,2025-12-19,1.33857,1.33568,1.33940,DOWN,28.9,2025-12-19 15:51,1.33874,1.7,2,37.2,555
2025-12-19,Fri,2025-12-22,1.33902,1.33661,1.34774,UP,87.2,2025-12-22 17:39,1.33661,24.1,24,111.3,677
2025-12-22,Mon,2025-12-23,1.34580,1.34467,1.35225,UP,64.5,2025-12-23 21:53,1.34467,11.3,11,75.8,839
2025-12-23,Tue,2025-12-24,1.34967,1.34853,1.35340,UP,37.3,2025-12-24 02:23,1.34853,11.4,11,48.7,1422
2025-12-26,Fri,2025-12-29,1.34982,1.34689,1.35142,DOWN,29.3,2025-12-29 12:25,1.35118,13.6,14,45.3,1333
2025-12-29,Mon,2025-12-30,1.35069,1.34493,1.35305,DOWN,57.6,2025-12-30 15:30,1.35305,23.6,24,81.2,531
2025-12-30,Tue,2025-12-31,1.34647,1.34016,1.34764,DOWN,63.1,2025-12-31 15:16,1.34764,11.7,12,74.8,414
2026-01-02,Fri,2026-01-05,1.34547,1.34138,1.35468,UP,92.1,2026-01-05 21:20,1.34138,40.9,41,133.0,1526
2026-01-05,Mon,2026-01-06,1.35433,1.34916,1.35675,DOWN,51.7,2026-01-06 16:08,1.35675,24.2,24,75.9,1039
2026-01-06,Tue,2026-01-07,1.35003,1.34548,1.35169,DOWN,45.5,2026-01-07 21:58,1.35169,16.6,17,62.1,749
2026-01-07,Wed,2026-01-08,1.34653,1.34155,1.34654,DOWN,49.8,2026-01-08 13:53,1.34654,0.1,0,49.9,1508
2026-01-08,Thu,2026-01-09,1.34299,1.33924,1.34508,DOWN,37.5,2026-01-09 15:17,1.34508,20.9,21,58.4,546
2026-01-09,Fri,2026-01-12,1.34068,1.33906,1.34857,UP,78.9,2026-01-12 13:47,1.33906,16.2,16,95.1,775
2026-01-12,Mon,2026-01-13,1.34660,1.34200,1.34945,DOWN,46.0,2026-01-13 21:58,1.34945,28.5,28,74.5,949
2026-01-13,Tue,2026-01-14,1.34351,1.34178,1.34641,UP,29.0,2026-01-14 14:42,1.34178,17.3,17,46.3,710
2026-01-14,Wed,2026-01-15,1.34306,1.33626,1.34450,DOWN,68.0,2026-01-15 14:43,1.34450,14.4,14,82.4,581
2026-01-15,Thu,2026-01-16,1.33851,1.33659,1.34129,UP,27.8,2026-01-16 10:41,1.33704,14.7,15,47.0,372
2026-01-16,Fri,2026-01-19,1.33812,1.33417,1.34349,UP,53.7,2026-01-19 16:36,1.33417,39.5,40,93.2,635
2026-01-19,Mon,2026-01-20,1.34258,1.34055,1.34912,UP,65.4,2026-01-20 08:12,1.34055,20.3,20,85.7,58
2026-01-20,Tue,2026-01-21,1.34276,1.34012,1.34587,UP,31.1,2026-01-21 15:03,1.34012,26.4,26,57.5,1294
2026-01-21,Wed,2026-01-22,1.34255,1.34013,1.35055,UP,80.0,2026-01-22 21:34,1.34013,24.2,24,104.2,1123
2026-01-22,Thu,2026-01-23,1.34904,1.34810,1.36459,UP,155.5,2026-01-23 21:59,1.34810,9.4,9,164.9,933
2026-01-23,Fri,2026-01-26,1.36237,1.36427,1.37131,UP,89.4,2026-01-26 16:04,1.36427,-19.0,-19,70.4,1447
2026-01-26,Mon,2026-01-27,1.36817,1.36636,1.38671,UP,185.4,2026-01-27 20:48,1.36636,18.1,18,203.5,1767
2026-01-27,Tue,2026-01-28,1.37830,1.37496,1.38466,UP,63.6,2026-01-27 22:58,1.38171,-34.1,-34,97.0,890
2026-01-28,Wed,2026-01-29,1.37943,1.37421,1.38476,UP,53.3,2026-01-29 07:03,1.37845,9.8,10,105.5,1040
2026-01-29,Thu,2026-01-30,1.37943,1.36778,1.38142,DOWN,116.5,2026-01-30 21:06,1.38142,19.9,20,136.4,747
2026-01-30,Fri,2026-02-02,1.36972,1.36229,1.37152,DOWN,74.3,2026-02-02 16:02,1.37152,18.0,18,92.3,936
2026-02-02,Mon,2026-02-03,1.36601,1.36503,1.37070,UP,46.9,2026-02-03 17:21,1.36503,9.8,10,56.7,1624
2026-02-03,Tue,2026-02-04,1.36882,1.36421,1.37331,DOWN,46.1,2026-02-04 18:22,1.37331,44.9,45,91.0,1446
2026-02-04,Wed,2026-02-05,1.36625,1.35176,1.36538,DOWN,144.9,2026-02-05 16:07,1.36538,-8.7,-9,136.2,702
2026-02-05,Thu,2026-02-06,1.35486,1.35084,1.36233,UP,74.7,2026-02-06 17:52,1.35084,40.2,40,114.9,757
2026-02-06,Fri,2026-02-09,1.36156,1.35863,1.37003,UP,84.7,2026-02-09 19:42,1.35863,29.3,29,114.0,1120
2026-02-09,Mon,2026-02-10,1.36962,1.36373,1.36965,DOWN,58.9,2026-02-10 21:08,1.36965,0.3,0,59.2,1028
2026-02-10,Tue,2026-02-11,1.36562,1.36095,1.37122,UP,56.0,2026-02-11 10:56,1.36299,26.3,26,102.7,498
2026-02-11,Wed,2026-02-12,1.36326,1.36045,1.36713,UP,38.7,2026-02-12 15:13,1.36045,28.1,28,66.8,343
2026-02-12,Thu,2026-02-13,1.36236,1.35902,1.36591,UP,35.5,2026-02-13 17:52,1.35902,33.4,33,68.9,185
2026-02-13,Fri,2026-02-16,1.36430,1.36237,1.36619,DOWN,19.3,2026-02-16 21:43,1.36619,18.9,19,38.2,371
2026-02-16,Mon,2026-02-17,1.36321,1.34956,1.36314,DOWN,136.5,2026-02-17 15:53,1.36314,-0.7,-1,135.8,77
2026-02-17,Tue,2026-02-18,1.35615,1.34903,1.35820,DOWN,71.2,2026-02-18 21:58,1.35820,20.5,20,91.7,1040
2026-02-18,Wed,2026-02-19,1.34998,1.34338,1.35166,DOWN,66.0,2026-02-19 14:25,1.35166,16.8,17,82.8,932
2026-02-19,Thu,2026-02-20,1.34510,1.34348,1.35148,UP,63.8,2026-02-20 15:30,1.34348,16.2,16,80.0,972
2026-02-20,Fri,2026-02-23,1.34855,1.34754,1.35349,UP,49.4,2026-02-23 06:28,1.34756,9.9,10,59.5,967
2026-02-23,Mon,2026-02-24,1.34889,1.34700,1.35365,UP,47.6,2026-02-24 16:28,1.34700,18.9,19,66.5,515
2026-02-24,Tue,2026-02-25,1.35018,1.34828,1.35656,UP,63.8,2026-02-25 17:41,1.34828,19.0,19,82.8,454
2026-02-25,Wed,2026-02-26,1.35508,1.34451,1.35750,DOWN,105.7,2026-02-26 18:00,1.35750,24.2,24,129.9,340
2026-02-26,Thu,2026-02-27,1.34876,1.34395,1.35080,DOWN,48.1,2026-02-27 13:51,1.35080,20.4,20,68.5,1083
2026-02-27,Fri,2026-03-02,1.34803,1.33140,1.34556,DOWN,166.3,2026-03-02 08:38,1.34556,-24.7,-25,141.6,1381
2026-03-02,Mon,2026-03-03,1.34286,1.32529,1.34252,DOWN,175.7,2026-03-03 15:20,1.34252,-3.4,-3,172.3,889
2026-03-03,Tue,2026-03-04,1.33572,1.33032,1.34033,DOWN,54.0,2026-03-04 01:33,1.33622,5.0,5,100.1,1212
2026-03-04,Wed,2026-03-05,1.33750,1.32972,1.33870,DOWN,77.8,2026-03-05 16:27,1.33870,12.0,12,89.8,1849
2026-03-05,Thu,2026-03-06,1.33193,1.33112,1.34129,UP,93.6,2026-03-06 21:59,1.33112,8.1,8,101.7,430
2026-03-06,Fri,2026-03-09,1.33879,1.32829,1.34456,DOWN,105.0,2026-03-09 01:52,1.33439,-44.0,-44,162.7,1676
2026-03-09,Mon,2026-03-10,1.33855,1.34120,1.34832,UP,97.7,2026-03-10 08:01,1.34134,-27.9,-28,71.2,1064
2026-03-10,Tue,2026-03-11,1.34295,1.33932,1.34575,DOWN,36.3,2026-03-11 15:49,1.34575,28.0,28,64.3,454
2026-03-11,Wed,2026-03-12,1.34146,1.33379,1.34125,DOWN,76.7,2026-03-12 16:09,1.34125,-2.1,-2,74.6,737
2026-03-12,Thu,2026-03-13,1.33425,1.32171,1.33695,DOWN,125.4,2026-03-13 20:44,1.33695,27.0,27,152.4,478
2026-03-13,Fri,2026-03-16,1.32428,1.32239,1.33397,UP,96.9,2026-03-16 19:10,1.32239,18.9,19,115.8,1090
2026-03-16,Mon,2026-03-17,1.33319,1.32733,1.33644,DOWN,58.6,2026-03-17 06:08,1.33192,-12.7,-13,91.1,1158
2026-03-17,Tue,2026-03-18,1.33568,1.32508,1.33745,DOWN,106.0,2026-03-18 20:38,1.33745,17.7,18,123.7,1035
2026-03-18,Wed,2026-03-19,1.32914,1.32459,1.34672,UP,175.8,2026-03-19 19:16,1.32459,45.5,46,221.3,1222
2026-03-19,Thu,2026-03-20,1.34189,1.32986,1.34409,DOWN,120.3,2026-03-20 15:56,1.34409,22.0,22,142.3,1441
2026-03-20,Fri,2026-03-23,1.33262,1.32567,1.34791,UP,152.9,2026-03-23 14:33,1.32567,69.5,70,222.4,1128
2026-03-23,Mon,2026-03-24,1.34557,1.33520,1.34453,DOWN,103.7,2026-03-24 17:13,1.34453,-10.4,-10,93.3,1330
2026-03-24,Tue,2026-03-25,1.33825,1.33568,1.34361,UP,53.6,2026-03-25 00:39,1.33987,-16.2,-16,79.3,758
2026-03-25,Wed,2026-03-26,1.33656,1.33100,1.33780,DOWN,55.6,2026-03-26 20:01,1.33780,12.4,12,68.0,799
2026-03-26,Thu,2026-03-27,1.33279,1.32591,1.33473,DOWN,68.8,2026-03-27 20:59,1.33473,19.4,19,88.2,597
2026-03-27,Fri,2026-03-30,1.32702,1.31736,1.32825,DOWN,96.6,2026-03-30 15:17,1.32825,12.3,12,108.9,1174
2026-03-30,Mon,2026-03-31,1.31845,1.31591,1.32641,UP,79.6,2026-03-31 14:34,1.31591,25.4,25,105.0,1142
2026-03-31,Tue,2026-04-01,1.32291,1.32159,1.33462,UP,117.1,2026-04-01 17:06,1.32159,13.2,13,130.3,890
2026-04-01,Wed,2026-04-02,1.33017,1.31814,1.33199,DOWN,120.3,2026-04-02 11:16,1.33199,18.2,18,138.5,3269
2026-04-02,Thu,2026-04-03,1.32243,1.31847,1.32426,DOWN,39.6,2026-04-03 20:49,1.32426,18.3,18,57.9,1916
2026-04-03,Fri,2026-04-06,1.31921,1.31753,1.32684,UP,76.3,2026-04-06 14:32,1.31753,16.8,17,93.1,0
2026-04-06,Mon,2026-04-07,1.32371,1.32113,1.33000,UP,62.9,2026-04-07 20:17,1.32113,25.8,26,88.7,511
2026-04-07,Tue,2026-04-08,1.32589,1.32752,1.34842,UP,225.3,2026-04-08 12:47,1.32752,-16.3,-16,209.0,526
2026-04-08,Wed,2026-04-09,1.33863,1.33807,1.34584,UP,72.1,2026-04-09 17:40,1.33807,5.6,6,77.7,902
2026-04-09,Thu,2026-04-10,1.34335,1.34105,1.34791,UP,45.6,2026-04-10 14:25,1.34105,23.0,23,68.6,888
2026-04-10,Fri,2026-04-13,1.34687,1.33795,1.35084,DOWN,89.2,2026-04-12 23:24,1.34070,-61.7,-62,128.9,1095
2026-04-13,Mon,2026-04-14,1.35059,1.34911,1.35890,UP,83.1,2026-04-14 12:30,1.34911,14.8,15,97.9,2649
2026-04-14,Tue,2026-04-15,1.35629,1.35433,1.35788,DOWN,19.6,2026-04-15 10:36,1.35784,15.5,16,35.5,917
2026-04-15,Wed,2026-04-16,1.35744,1.35163,1.35946,DOWN,58.1,2026-04-16 14:51,1.35946,20.2,20,78.3,1540
2026-04-16,Thu,2026-04-17,1.35314,1.35043,1.35991,UP,67.7,2026-04-17 13:10,1.35043,27.1,27,94.8,1009
2026-04-17,Fri,2026-04-20,1.35352,1.34732,1.35442,DOWN,62.0,2026-04-19 22:00,1.34885,-46.7,-47,71.0,680
2026-04-20,Mon,2026-04-21,1.35321,1.34746,1.35396,DOWN,57.5,2026-04-21 19:42,1.35396,7.5,8,65.0,491
2026-04-21,Tue,2026-04-22,1.35012,1.34907,1.35352,UP,34.0,2026-04-22 09:13,1.34907,10.5,10,44.5,1210
2026-04-22,Wed,2026-04-23,1.35053,1.34476,1.35181,DOWN,57.7,2026-04-23 17:46,1.35181,12.8,13,70.5,414
2026-04-23,Thu,2026-04-24,1.34730,1.34532,1.35364,UP,63.4,2026-04-24 20:54,1.34532,19.8,20,83.2,1188
2026-04-24,Fri,2026-04-27,1.35279,1.34971,1.35759,UP,48.0,2026-04-27 12:17,1.34971,30.8,31,78.8,2100
2026-04-27,Mon,2026-04-28,1.35325,1.34629,1.35412,DOWN,69.6,2026-04-28 11:53,1.35412,8.7,9,78.3,776
2026-04-28,Tue,2026-04-29,1.35167,1.34575,1.35278,DOWN,59.2,2026-04-29 18:45,1.35278,11.1,11,70.3,516
2026-04-29,Wed,2026-04-30,1.34723,1.34538,1.36122,UP,139.9,2026-04-30 19:13,1.34538,18.5,18,158.4,735
2026-04-30,Thu,2026-05-01,1.36015,1.35673,1.36576,UP,56.1,2026-05-01 14:21,1.35866,14.9,15,90.3,1060
2026-05-01,Fri,2026-05-04,1.35822,1.35120,1.36017,DOWN,70.2,2026-05-04 16:15,1.36017,19.5,20,89.7,1986
2026-05-04,Mon,2026-05-05,1.35339,1.35135,1.35783,UP,44.4,2026-05-05 15:46,1.35135,20.4,20,64.8,2070
2026-05-05,Tue,2026-05-06,1.35487,1.35313,1.36433,UP,94.6,2026-05-06 10:55,1.35313,17.4,17,112.0,695
2026-05-06,Wed,2026-05-07,1.35946,1.35472,1.36322,DOWN,47.4,2026-05-07 20:58,1.36322,37.6,38,85.0,627
2026-05-07,Thu,2026-05-08,1.35788,1.35455,1.36353,UP,56.5,2026-05-08 20:54,1.35455,33.3,33,89.8,738
2026-05-08,Fri,2026-05-11,1.36220,1.35517,1.36531,DOWN,70.3,2026-05-10 21:01,1.35574,-64.6,-65,101.4,1155
2026-05-11,Mon,2026-05-12,1.36292,1.35002,1.36098,DOWN,129.0,2026-05-12 15:25,1.36098,-19.4,-19,109.6,505
2026-05-12,Tue,2026-05-13,1.35318,1.34839,1.35513,DOWN,47.9,2026-05-13 12:30,1.35513,19.5,20,67.4,566
2026-05-13,Wed,2026-05-14,1.35181,1.33948,1.35325,DOWN,123.3,2026-05-14 18:16,1.35325,14.4,14,137.7,429
2026-05-14,Thu,2026-05-15,1.34049,1.33141,1.34041,DOWN,90.8,2026-05-15 20:30,1.34041,-0.8,-1,90.0,505
2026-05-15,Fri,2026-05-18,1.33206,1.33021,1.34493,UP,128.7,2026-05-18 16:16,1.33021,18.5,18,147.2,1331
2026-05-18,Mon,2026-05-19,1.34021,1.33782,1.34360,UP,33.9,2026-05-18 22:40,1.34141,-12.0,-12,57.8,1426
2026-05-19,Tue,2026-05-20,1.33980,1.33749,1.34635,UP,65.5,2026-05-20 15:17,1.33749,23.1,23,88.6,1152
2026-05-20,Wed,2026-05-21,1.34437,1.33921,1.34548,DOWN,51.6,2026-05-21 13:42,1.34548,11.1,11,62.7,1503
2026-05-21,Thu,2026-05-22,1.34255,1.34131,1.34629,UP,37.4,2026-05-22 13:11,1.34131,12.4,12,49.8,1199
2026-05-22,Fri,2026-05-25,1.34480,1.34451,1.35089,UP,60.9,2026-05-25 19:37,1.34451,2.9,3,63.8,574
2026-05-25,Mon,2026-05-26,1.35066,1.34345,1.35045,DOWN,72.1,2026-05-26 15:24,1.35045,-2.1,-2,70.0,10
2026-05-26,Tue,2026-05-27,1.34448,1.34162,1.34584,DOWN,28.6,2026-05-27 15:00,1.34584,13.6,14,42.2,420
2026-05-27,Wed,2026-05-28,1.34299,1.33674,1.34508,DOWN,62.5,2026-05-28 04:01,1.34294,-0.5,0,83.4,645
2026-05-28,Thu,2026-05-29,1.34405,1.34083,1.34852,UP,44.7,2026-05-29 15:33,1.34083,32.2,32,76.9,720
2026-05-29,Fri,2026-06-01,1.34613,1.34066,1.34758,DOWN,54.7,2026-06-01 14:03,1.34758,14.5,14,69.2,1547
2026-06-01,Mon,2026-06-02,1.34580,1.34481,1.34814,UP,23.4,2026-06-02 06:36,1.34481,9.9,10,33.3,2503
2026-06-02,Tue,2026-06-03,1.34693,1.34117,1.34717,DOWN,57.6,2026-06-03 18:20,1.34717,2.4,2,60.0,593
2026-06-03,Wed,2026-06-04,1.34161,1.34103,1.34624,UP,46.3,2026-06-04 12:00,1.34103,5.8,6,52.1,729
2026-06-04,Thu,2026-06-05,1.34247,1.33300,1.34830,DOWN,94.7,2026-06-05 19:22,1.34830,58.3,58,153.0,1252
2026-06-05,Fri,2026-06-08,1.33367,1.33057,1.33695,UP,32.8,2026-06-08 11:33,1.33057,31.0,31,63.8,704
2026-06-08,Mon,2026-06-09,1.33393,1.33308,1.34108,UP,71.5,2026-06-09 13:49,1.33308,8.5,8,80.0,1750
2026-06-09,Tue,2026-06-10,1.33881,1.33623,1.34231,UP,35.0,2026-06-10 13:49,1.33623,25.8,26,60.8,915
2026-06-10,Wed,2026-06-11,1.33799,1.33243,1.34333,DOWN,55.6,2026-06-11 15:02,1.33918,11.9,12,109.0,530
2026-06-11,Thu,2026-06-12,1.33999,1.33833,1.34257,UP,25.8,2026-06-12 09:30,1.33833,16.6,17,42.4,575
2026-06-12,Fri,2026-06-15,1.34161,1.33965,1.34609,UP,44.8,2026-06-15 00:25,1.33965,19.6,20,64.4,1308
2026-06-15,Mon,2026-06-16,1.34191,1.33904,1.34431,DOWN,28.7,2026-06-16 06:23,1.34178,-1.3,-1,52.7,1064
2026-06-16,Tue,2026-06-17,1.34280,1.32618,1.34376,DOWN,166.2,2026-06-17 19:43,1.34376,9.6,10,175.8,653
2026-06-17,Wed,2026-06-18,1.33364,1.31927,1.33247,DOWN,143.7,2026-06-18 19:06,1.33247,-11.7,-12,132.0,1637
2026-06-18,Thu,2026-06-19,1.32038,1.31631,1.32407,DOWN,40.7,2026-06-19 05:28,1.32112,7.4,7,77.6,2137
2026-06-19,Fri,2026-06-22,1.32324,1.31833,1.32729,DOWN,49.1,2026-06-21 21:02,1.31845,-47.9,-48,89.6,0
2026-06-22,Mon,2026-06-23,1.32428,1.31821,1.32539,DOWN,60.7,2026-06-23 18:36,1.32539,11.1,11,71.8,1378
2026-06-23,Tue,2026-06-24,1.31879,1.31399,1.32090,DOWN,48.0,2026-06-24 14:57,1.32090,21.1,21,69.1,1136
2026-06-24,Wed,2026-06-25,1.31608,1.31510,1.32190,UP,58.2,2026-06-25 16:27,1.31510,9.8,10,68.0,1459
2026-06-25,Thu,2026-06-26,1.31983,1.31801,1.32319,UP,33.6,2026-06-26 14:22,1.31801,18.2,18,51.8,1001
2026-06-26,Fri,2026-06-29,1.32001,1.31891,1.32623,UP,62.2,2026-06-29 19:52,1.31891,11.0,11,73.2,744
2026-06-29,Mon,2026-06-30,1.32573,1.32120,1.32765,DOWN,45.3,2026-06-30 12:31,1.32603,3.0,3,64.5,586
2026-06-30,Tue,2026-07-01,1.32554,1.32188,1.32920,UP,36.6,2026-07-01 14:41,1.32188,36.6,37,73.2,715
2026-07-01,Wed,2026-07-02,1.32778,1.32641,1.33846,UP,106.8,2026-07-02 14:19,1.32641,13.7,14,120.5,2993
2026-07-02,Thu,2026-07-03,1.33475,1.33342,1.33811,UP,33.6,2026-07-03 06:38,1.33342,13.3,13,46.9,1246
2026-07-03,Fri,2026-07-06,1.33563,1.33284,1.33970,UP,40.7,2026-07-06 19:03,1.33284,27.9,28,68.6,0
2026-07-06,Mon,2026-07-07,1.33949,1.33485,1.34017,DOWN,46.4,2026-07-07 19:18,1.34017,6.8,7,53.2,1351
2026-07-07,Tue,2026-07-08,1.33643,1.33219,1.34103,UP,46.0,2026-07-08 17:20,1.33219,42.4,42,88.4,914
2026-07-08,Wed,2026-07-09,1.33995,1.33805,1.34307,UP,31.2,2026-07-09 06:33,1.33821,17.4,17,50.2,722
2026-07-09,Thu,2026-07-10,1.34155,1.33889,1.34516,UP,36.1,2026-07-10 02:53,1.33889,26.6,27,62.7,509
2026-07-10,Fri,2026-07-13,1.33973,1.33417,1.34117,DOWN,55.6,2026-07-13 20:36,1.34117,14.4,14,70.0,1421
2026-07-13,Mon,2026-07-14,1.33597,1.33420,1.34429,UP,83.2,2026-07-14 12:30,1.33420,17.7,18,100.9,877
2026-07-14,Tue,2026-07-15,1.33818,1.33744,1.35579,UP,176.1,2026-07-15 18:20,1.33744,7.4,7,183.5,906
2026-07-15,Wed,2026-07-16,1.35366,1.34595,1.35442,DOWN,77.1,2026-07-16 17:10,1.35442,7.6,8,84.7,2292
2026-07-16,Thu,2026-07-17,1.34707,1.34259,1.34805,DOWN,44.8,2026-07-17 10:52,1.34805,9.8,10,54.6,1705
2026-07-17,Fri,2026-07-20,1.34540,1.34125,1.34809,DOWN,41.5,2026-07-20 16:41,1.34809,26.9,27,68.4,1571
2026-07-20,Mon,2026-07-21,1.34349,1.33596,1.34554,DOWN,75.3,2026-07-21 13:39,1.34554,20.5,20,95.8,1569
2026-07-21,Tue,2026-07-22,1.33805,1.33546,1.33952,DOWN,25.9,2026-07-22 12:56,1.33952,14.7,15,40.6,711
2026-07-22,Wed,2026-07-23,1.33733,1.32986,1.33931,DOWN,74.7,2026-07-23 15:36,1.33931,19.8,20,94.5,1099
2026-07-23,Thu,2026-07-24,1.33152,1.32984,1.33486,UP,33.4,2026-07-24 15:15,1.32984,16.8,17,50.2,758
2026-07-24,Fri,2026-07-27,1.33255,1.32840,1.33635,DOWN,41.5,2026-07-27 17:31,1.33635,38.0,38,79.5,1415
2026-07-27,Mon,2026-07-28,1.32876,1.32733,1.33109,UP,23.3,2026-07-28 15:50,1.32733,14.3,14,37.6,1818
2026-07-28,Tue,2026-07-29,1.32887,1.32785,1.33871,UP,98.4,2026-07-29 19:18,1.32785,10.2,10,108.6,602
2026-07-29,Wed,2026-07-30,1.33644,1.33327,1.34765,UP,112.1,2026-07-30 19:06,1.33327,31.7,32,143.8,907
2026-07-30,Thu,2026-07-31,1.34742,1.34000,1.34943,DOWN,74.2,2026-07-31 13:40,1.34700,-4.2,-4,94.3,1387
2026-07-31,Fri,2026-08-03,1.34820,1.34172,1.35051,DOWN,64.8,2026-08-03 18:02,1.35051,23.1,23,87.9,1001
2026-08-03,Mon,2026-08-04,1.34303,1.34194,1.34558,UP,25.5,2026-08-04 16:13,1.34194,10.9,11,36.4,2430
2026-08-04,Tue,2026-08-05,1.34505,1.34381,1.34858,UP,35.3,2026-08-05 14:20,1.34381,12.4,12,47.7,1309
2026-08-05,Wed,2026-08-06,1.34691,1.34475,1.34790,DOWN,21.6,2026-08-06 20:31,1.34790,9.9,10,31.5,2111
2026-08-06,Thu,2026-08-07,1.34565,1.34340,1.35085,UP,52.0,2026-08-07 13:27,1.34340,22.5,22,74.5,1248
2026-08-07,Fri,2026-08-10,1.34987,1.34816,1.35302,UP,31.5,2026-08-10 14:49,1.34816,17.1,17,48.6,865
2026-08-10,Mon,2026-08-11,1.35090,1.34919,1.35156,DOWN,17.1,2026-08-11 12:01,1.35156,6.6,7,23.7,1070
2026-08-11,Tue,2026-08-12,1.35024,1.34875,1.35449,UP,42.5,2026-08-12 12:30,1.35010,1.4,1,57.4,1124
2026-08-12,Wed,2026-08-13,1.34878,1.34741,1.35129,UP,25.1,2026-08-13 14:19,1.34741,13.7,14,38.8,456
2026-08-13,Thu,2026-08-14,1.34837,1.34747,1.35615,UP,77.8,2026-08-14 13:45,1.34747,9.0,9,86.8,437
2026-08-14,Fri,2026-08-17,1.35332,1.35240,1.35710,UP,37.8,2026-08-17 07:42,1.35240,9.2,9,47.0,554
2026-08-17,Mon,2026-08-18,1.35374,1.35192,1.35538,DOWN,18.2,2026-08-18 07:17,1.35538,16.4,16,34.6,446
2026-08-18,Tue,2026-08-19,1.35336,1.35232,1.36302,UP,96.6,2026-08-19 14:38,1.35232,10.4,10,107.0,190
2026-08-19,Wed,2026-08-20,1.36071,1.35928,1.36592,UP,52.1,2026-08-20 10:13,1.35928,14.3,14,66.4,841
2026-08-20,Thu,2026-08-21,1.36269,1.36181,1.36753,UP,48.4,2026-08-21 09:10,1.36213,5.6,6,57.2,826
2026-08-21,Fri,2026-08-24,1.36508,1.36199,1.36558,DOWN,30.9,2026-08-23 21:00,1.36199,-30.9,-31,35.9,859
2026-08-24,Mon,2026-08-25,1.36302,1.36216,1.36546,UP,24.4,2026-08-25 20:12,1.36216,8.6,9,33.0,1527
2026-08-25,Tue,2026-08-26,1.36452,1.35829,1.36492,DOWN,62.3,2026-08-26 14:50,1.36492,4.0,4,66.3,711
2026-08-26,Wed,2026-08-27,1.35909,1.35705,1.36024,DOWN,20.4,2026-08-27 10:04,1.35973,6.4,6,31.9,1277
2026-08-27,Thu,2026-08-28,1.35889,1.35266,1.35983,DOWN,62.3,2026-08-28 17:43,1.35983,9.4,9,71.7,609
2026-08-28,Fri,2026-08-31,1.35301,1.35285,1.35650,UP,34.9,2026-08-31 14:53,1.35285,1.6,2,36.5,1535
2026-08-31,Mon,2026-09-01,1.35497,1.35058,1.35594,DOWN,43.9,2026-09-01 18:42,1.35594,9.7,10,53.6,689
2026-09-01,Tue,2026-09-02,1.35132,1.34742,1.35179,DOWN,39.0,2026-09-02 12:57,1.35179,4.7,5,43.7,1094
2026-09-02,Wed,2026-09-03,1.34857,1.34779,1.35480,UP,62.3,2026-09-03 16:53,1.34779,7.8,8,70.1,625
