time_utc,unix,open,high,low,close,volume
2024-03-22 04:00,1711080000,1.08755,1.08755,1.08685,1.0871,0
2024-03-22 05:00,1711083600,1.0871,1.08795,1.08705,1.0878,6365
2024-03-22 06:00,1711087200,1.08785,1.08785,1.0864,1.08675,9311
2024-03-22 07:00,1711090800,1.08675,1.0872,1.0858,1.08615,12161
2024-03-22 08:00,1711094400,1.08615,1.0862,1.0845,1.08485,16049
2024-03-22 09:00,1711098000,1.0849,1.08605,1.0848,1.0853,19145
2024-03-22 10:00,1711101600,1.0853,1.08585,1.08515,1.08535,13255
2024-03-22 11:00,1711105200,1.08535,1.08595,1.0849,1.08535,9067
2024-03-22 12:00,1711108800,1.08535,1.08685,1.08515,1.0864,26582
2024-03-22 13:00,1711112400,1.0864,1.0867,1.0856,1.08665,24648
2024-03-22 14:00,1711116000,1.0867,1.0869,1.08525,1.0853,20771
2024-03-22 15:00,1711119600,1.08525,1.08595,1.0848,1.0853,18352
2024-03-22 16:00,1711123200,1.08535,1.0855,1.08435,1.08435,15809
2024-03-22 17:00,1711126800,1.08435,1.08485,1.08425,1.08435,7357
2024-03-22 18:00,1711130400,1.08435,1.08455,1.08415,1.08415,10414
2024-03-22 19:00,1711134000,1.0842,1.08445,1.08395,1.08435,8575
2024-03-22 20:00,1711137600,1.0843,1.08475,1.08425,1.0845,5039
2024-03-24 22:00,1711317600,1.08435,1.0846,1.0842,1.08455,1349
2024-03-24 23:00,1711321200,1.0845,1.0847,1.08435,1.0844,1901
2024-03-25 00:00,1711324800,1.0844,1.08465,1.08395,1.08405,2978
2024-03-25 01:00,1711328400,1.0841,1.08575,1.0839,1.0854,10209
2024-03-25 02:00,1711332000,1.0854,1.0859,1.08525,1.08585,4718
2024-03-25 03:00,1711335600,1.08585,1.0859,1.08485,1.0851,3072
2024-03-25 04:00,1711339200,1.08505,1.08515,1.0848,1.08505,1711
2024-03-25 05:00,1711342800,1.08505,1.0859,1.08495,1.0859,3588
2024-03-25 06:00,1711346400,1.08595,1.08595,1.0853,1.08545,4761
2024-03-25 07:00,1711350000,1.08545,1.086,1.08515,1.08545,12935
2024-03-25 08:00,1711353600,1.0855,1.0861,1.08445,1.08515,18424
2024-03-25 09:00,1711357200,1.0851,1.08585,1.08485,1.0855,7656
2024-03-25 10:00,1711360800,1.0855,1.0859,1.08535,1.0855,5079
2024-03-25 11:00,1711364400,1.0855,1.08665,1.0854,1.0866,7984
2024-03-25 12:00,1711368000,1.08655,1.08715,1.0865,1.0868,8336
2024-03-25 13:00,1711371600,1.08675,1.0875,1.08665,1.08725,11145
2024-03-25 14:00,1711375200,1.0873,1.088,1.0871,1.08765,12023
2024-03-25 15:00,1711378800,1.0877,1.0877,1.0869,1.08745,11962
2024-03-25 16:00,1711382400,1.0874,1.08755,1.08705,1.08745,5357
2024-03-25 17:00,1711386000,1.0874,1.08755,1.0871,1.0874,3777
2024-03-25 18:00,1711389600,1.0874,1.08745,1.0872,1.08735,6441
2024-03-25 19:00,1711393200,1.0873,1.08775,1.0873,1.0877,5991
2024-03-25 20:00,1711396800,1.08765,1.0878,1.0873,1.0875,3455
2024-03-25 22:00,1711404000,1.08745,1.0876,1.0874,1.0874,0
2024-03-25 23:00,1711407600,1.08745,1.0876,1.08735,1.08745,785
2024-03-26 00:00,1711411200,1.08745,1.08805,1.08735,1.088,3114
2024-03-26 01:00,1711414800,1.088,1.0883,1.0876,1.08775,2808
2024-03-26 02:00,1711418400,1.08775,1.08815,1.0877,1.08795,2004
2024-03-26 03:00,1711422000,1.08795,1.0881,1.0873,1.08735,2572
2024-03-26 04:00,1711425600,1.0874,1.0878,1.0874,1.0877,1686
2024-03-26 05:00,1711429200,1.0877,1.08855,1.0877,1.0884,1848
2024-03-26 06:00,1711432800,1.0884,1.0889,1.08835,1.08875,4573
2024-03-26 07:00,1711436400,1.08875,1.089,1.08765,1.08795,11209
2024-03-26 08:00,1711440000,1.08795,1.08885,1.0876,1.0887,10337
2024-03-26 09:00,1711443600,1.0887,1.0893,1.08825,1.08905,9502
2024-03-26 10:00,1711447200,1.08905,1.09015,1.089,1.08925,9090
2024-03-26 11:00,1711450800,1.08925,1.0897,1.0891,1.0894,6338
2024-03-26 12:00,1711454400,1.08945,1.0897,1.0886,1.08895,13996
2024-03-26 13:00,1711458000,1.08895,1.08955,1.0884,1.089,14490
2024-03-26 14:00,1711461600,1.08905,1.08925,1.0875,1.08785,19921
2024-03-26 15:00,1711465200,1.0879,1.08815,1.08625,1.08655,23019
2024-03-26 16:00,1711468800,1.0866,1.08695,1.08615,1.08655,13116
2024-03-26 17:00,1711472400,1.08655,1.0873,1.08635,1.08675,7552
2024-03-26 18:00,1711476000,1.0868,1.0873,1.0867,1.08695,5041
2024-03-26 19:00,1711479600,1.087,1.0872,1.08655,1.08655,4598
2024-03-26 20:00,1711483200,1.0866,1.08695,1.08655,1.08685,1992
2024-03-26 22:00,1711490400,1.0868,1.08685,1.08665,1.08675,0
2024-03-26 23:00,1711494000,1.08675,1.0868,1.08655,1.0867,975
2024-03-27 00:00,1711497600,1.08675,1.08675,1.08625,1.08645,2868
2024-03-27 01:00,1711501200,1.08645,1.08655,1.0855,1.0858,3514
2024-03-27 02:00,1711504800,1.08585,1.08625,1.08585,1.08605,3752
2024-03-27 03:00,1711508400,1.08605,1.08625,1.08585,1.0861,1979
2024-03-27 04:00,1711512000,1.0861,1.0865,1.0861,1.0865,1004
2024-03-27 05:00,1711515600,1.08645,1.08645,1.086,1.0861,1923
2024-03-27 06:00,1711519200,1.08605,1.0867,1.08595,1.08665,4722
2024-03-27 07:00,1711522800,1.08665,1.0868,1.08575,1.0861,9337
2024-03-27 08:00,1711526400,1.08605,1.08645,1.08555,1.08635,8181
2024-03-27 09:00,1711530000,1.0863,1.08735,1.0861,1.0862,15688
2024-03-27 10:00,1711533600,1.08625,1.08695,1.08605,1.08675,7526
2024-03-27 11:00,1711537200,1.0867,1.08695,1.08525,1.08555,8285
2024-03-27 12:00,1711540800,1.08555,1.0856,1.08495,1.08535,13109
2024-03-27 13:00,1711544400,1.08535,1.08535,1.08455,1.08515,14612
2024-03-27 14:00,1711548000,1.08515,1.0856,1.08485,1.08495,12654
2024-03-27 15:00,1711551600,1.0849,1.0857,1.0848,1.0855,18485
2024-03-27 16:00,1711555200,1.0855,1.086,1.0853,1.08575,7627
2024-03-27 17:00,1711558800,1.0858,1.086,1.0852,1.08535,7088
2024-03-27 18:00,1711562400,1.08535,1.0858,1.0853,1.0857,6120
2024-03-27 19:00,1711566000,1.0857,1.0862,1.08555,1.0862,5775
2024-03-27 20:00,1711569600,1.08615,1.08635,1.0857,1.0857,2478
2024-03-27 22:00,1711576800,1.0862,1.0862,1.0844,1.0848,0
2024-03-27 23:00,1711580400,1.0848,1.08495,1.08455,1.0847,1926
2024-03-28 00:00,1711584000,1.0847,1.08545,1.08415,1.08515,6648
2024-03-28 01:00,1711587600,1.08515,1.0853,1.0849,1.0852,3122
2024-03-28 02:00,1711591200,1.0852,1.086,1.08515,1.08565,3293
2024-03-28 03:00,1711594800,1.0856,1.08585,1.0855,1.08555,1205
2024-03-28 04:00,1711598400,1.0856,1.08585,1.0855,1.08575,1221
2024-03-28 05:00,1711602000,1.08575,1.0861,1.0856,1.0858,1650
2024-03-28 06:00,1711605600,1.0858,1.0858,1.0849,1.0852,5036
2024-03-28 07:00,1711609200,1.0852,1.0853,1.0834,1.0835,11536
2024-03-28 08:00,1711612800,1.08345,1.0836,1.0824,1.08255,16874
2024-03-28 09:00,1711616400,1.08255,1.0826,1.08085,1.08095,19837
2024-03-28 10:00,1711620000,1.0809,1.0827,1.0809,1.08235,18956
2024-03-28 11:00,1711623600,1.08235,1.0829,1.0817,1.08185,10978
2024-03-28 12:00,1711627200,1.08185,1.0843,1.0818,1.0842,21061
2024-03-28 13:00,1711630800,1.0842,1.08525,1.0837,1.08465,28933
2024-03-28 14:00,1711634400,1.08475,1.08535,1.0832,1.08345,21437
2024-03-28 15:00,1711638000,1.0834,1.08415,1.0828,1.08355,23568
2024-03-28 16:00,1711641600,1.0835,1.0839,1.0827,1.08335,12917
2024-03-28 17:00,1711645200,1.0833,1.0836,1.0829,1.08305,7240
2024-03-28 18:00,1711648800,1.083,1.0833,1.082,1.0821,10408
2024-03-28 19:00,1711652400,1.08215,1.08235,1.08185,1.0822,6668
2024-03-28 20:00,1711656000,1.0822,1.08225,1.0819,1.08215,2203
2024-03-31 22:00,1711922400,1.0812,1.08305,1.0812,1.0821,3450
2024-03-31 23:00,1711926000,1.0821,1.08285,1.08195,1.0827,2133
2024-04-01 00:00,1711929600,1.08275,1.0833,1.08245,1.08255,4194
2024-04-01 01:00,1711933200,1.0826,1.0829,1.082,1.0821,2066
2024-04-01 02:00,1711936800,1.08205,1.08235,1.08195,1.0822,1499
2024-04-01 03:00,1711940400,1.0822,1.08255,1.0819,1.08245,1585
2024-04-01 04:00,1711944000,1.08245,1.08255,1.08185,1.0821,948
2024-04-01 05:00,1711947600,1.0821,1.08215,1.0817,1.08195,1910
2024-04-01 06:00,1711951200,1.0819,1.08245,1.0818,1.0821,3495
2024-04-01 07:00,1711954800,1.08205,1.08265,1.0817,1.08205,4113
2024-04-01 08:00,1711958400,1.082,1.08255,1.0817,1.0824,3242
2024-04-01 09:00,1711962000,1.0824,1.0825,1.082,1.08205,2010
2024-04-01 10:00,1711965600,1.0818,1.08185,1.08135,1.0815,4185
2024-04-01 11:00,1711969200,1.08155,1.08215,1.0814,1.08175,4093
2024-04-01 12:00,1711972800,1.0818,1.08195,1.0811,1.08155,10450
2024-04-01 13:00,1711976400,1.08155,1.08165,1.08055,1.0807,14158
2024-04-01 14:00,1711980000,1.0807,1.0807,1.0773,1.0778,37169
2024-04-01 15:00,1711983600,1.07775,1.0779,1.07645,1.07665,12490
2024-04-01 16:00,1711987200,1.07665,1.07705,1.0765,1.077,7700
2024-04-01 17:00,1711990800,1.077,1.07775,1.077,1.07755,10966
2024-04-01 18:00,1711994400,1.07755,1.0776,1.077,1.0771,8484
2024-04-01 19:00,1711998000,1.07705,1.07765,1.07705,1.0775,8743
2024-04-01 20:00,1712001600,1.0775,1.07765,1.07745,1.07765,1632
2024-04-01 22:00,1712008800,1.07765,1.0777,1.07725,1.07725,0
2024-04-01 23:00,1712012400,1.07725,1.07725,1.07685,1.077,2297
2024-04-02 00:00,1712016000,1.077,1.07725,1.0764,1.07705,5753
2024-04-02 01:00,1712019600,1.07705,1.07715,1.0764,1.07675,4394
2024-04-02 02:00,1712023200,1.07675,1.0769,1.0763,1.07685,2563
2024-04-02 03:00,1712026800,1.07685,1.07695,1.0763,1.07635,2040
2024-04-02 04:00,1712030400,1.07635,1.07675,1.07635,1.0767,1497
2024-04-02 05:00,1712034000,1.07665,1.07685,1.0759,1.076,4200
2024-04-02 06:00,1712037600,1.076,1.07655,1.0758,1.07625,13743
2024-04-02 07:00,1712041200,1.07625,1.07765,1.07595,1.07755,22471
2024-04-02 08:00,1712044800,1.0775,1.0775,1.076,1.07645,22798
2024-04-02 09:00,1712048400,1.07645,1.07765,1.07645,1.0775,12621
2024-04-02 10:00,1712052000,1.07745,1.0779,1.0772,1.07785,10972
2024-04-02 11:00,1712055600,1.07785,1.0787,1.0776,1.0785,14456
2024-04-02 12:00,1712059200,1.0785,1.07895,1.0779,1.07825,13956
2024-04-02 13:00,1712062800,1.0783,1.0802,1.0782,1.07985,21862
2024-04-02 14:00,1712066400,1.0799,1.0813,1.0791,1.0799,29345
2024-04-02 15:00,1712070000,1.07995,1.08055,1.0798,1.0802,13772
2024-04-02 16:00,1712073600,1.08025,1.0804,1.0798,1.0802,6925
2024-04-02 17:00,1712077200,1.0802,1.08025,1.0798,1.08005,12528
2024-04-02 18:00,1712080800,1.0801,1.0802,1.0796,1.0797,6597
2024-04-02 19:00,1712084400,1.07975,1.08015,1.07935,1.08015,7893
2024-04-02 20:00,1712088000,1.0801,1.0803,1.0799,1.08015,3220
2024-04-02 22:00,1712095200,1.08045,1.0806,1.0801,1.0801,0
2024-04-02 23:00,1712098800,1.08015,1.08015,1.07995,1.0801,1329
2024-04-03 00:00,1712102400,1.0801,1.08045,1.0799,1.08015,2881
2024-04-03 01:00,1712106000,1.08015,1.08065,1.0799,1.0805,2462
2024-04-03 02:00,1712109600,1.0805,1.0808,1.08045,1.08075,1567
2024-04-03 03:00,1712113200,1.08075,1.0812,1.08075,1.081,2488
2024-04-03 04:00,1712116800,1.081,1.08105,1.08075,1.08075,1999
2024-04-03 05:00,1712120400,1.08075,1.081,1.0807,1.0808,1704
2024-04-03 06:00,1712124000,1.0808,1.08085,1.08,1.0803,6373
2024-04-03 07:00,1712127600,1.0803,1.0805,1.0797,1.0804,12198
2024-04-03 08:00,1712131200,1.08035,1.08105,1.0803,1.08045,6316
2024-04-03 09:00,1712134800,1.08045,1.08075,1.0798,1.08005,7636
2024-04-03 10:00,1712138400,1.08005,1.08095,1.0799,1.08085,4769
2024-04-03 11:00,1712142000,1.08085,1.0818,1.08085,1.08175,8219
2024-04-03 12:00,1712145600,1.0817,1.08195,1.08055,1.08115,19921
2024-04-03 13:00,1712149200,1.08115,1.0826,1.0811,1.0823,16271
2024-04-03 14:00,1712152800,1.0823,1.0857,1.0823,1.08565,41266
2024-04-03 15:00,1712156400,1.08565,1.0864,1.08525,1.086,19467
2024-04-03 16:00,1712160000,1.086,1.0869,1.08535,1.0864,14439
2024-04-03 17:00,1712163600,1.08635,1.08675,1.08585,1.08655,7686
2024-04-03 18:00,1712167200,1.0865,1.087,1.08645,1.08675,9234
2024-04-03 19:00,1712170800,1.0868,1.0868,1.08625,1.08665,7731
2024-04-03 20:00,1712174400,1.08665,1.087,1.08655,1.0868,1947
2024-04-03 22:00,1712181600,1.08675,1.087,1.0867,1.087,0
2024-04-03 23:00,1712185200,1.08695,1.0873,1.08685,1.087,2059
2024-04-04 00:00,1712188800,1.087,1.08755,1.08665,1.08755,3672
2024-04-04 01:00,1712192400,1.0875,1.0876,1.0872,1.08725,2519
2024-04-04 02:00,1712196000,1.0873,1.0876,1.087,1.0875,1930
2024-04-04 03:00,1712199600,1.0875,1.0875,1.0872,1.08745,1217
2024-04-04 04:00,1712203200,1.08745,1.0877,1.08745,1.0875,1197
2024-04-04 05:00,1712206800,1.0875,1.08785,1.0873,1.08735,3102
2024-04-04 06:00,1712210400,1.0874,1.08785,1.0871,1.08715,10266
2024-04-04 07:00,1712214000,1.0872,1.08905,1.08715,1.0889,12369
2024-04-04 08:00,1712217600,1.0889,1.08945,1.0883,1.08935,9465
2024-04-04 09:00,1712221200,1.08935,1.08975,1.0887,1.0891,9776
2024-04-04 10:00,1712224800,1.0891,1.08935,1.08875,1.08915,5516
2024-04-04 11:00,1712228400,1.0892,1.08945,1.0884,1.08845,11018
2024-04-04 12:00,1712232000,1.0885,1.09025,1.08825,1.09015,19417
2024-04-04 13:00,1712235600,1.09015,1.09085,1.0896,1.0902,18819
2024-04-04 14:00,1712239200,1.0902,1.09085,1.08985,1.09,14434
2024-04-04 15:00,1712242800,1.08995,1.09005,1.08945,1.0897,10625
2024-04-04 16:00,1712246400,1.0897,1.0899,1.089,1.0891,10719
2024-04-04 17:00,1712250000,1.0891,1.0894,1.089,1.0892,5021
2024-04-04 18:00,1712253600,1.08915,1.0892,1.08785,1.0882,21380
2024-04-04 19:00,1712257200,1.08815,1.08825,1.0865,1.08655,21010
2024-04-04 20:00,1712260800,1.0865,1.0882,1.08635,1.0882,3698
2024-04-04 22:00,1712268000,1.0871,1.08715,1.0867,1.08685,0
2024-04-04 23:00,1712271600,1.0868,1.08715,1.0867,1.08675,1607
2024-04-05 00:00,1712275200,1.08675,1.08755,1.0866,1.08725,3440
2024-04-05 01:00,1712278800,1.08725,1.08745,1.08565,1.0858,4762
2024-04-05 02:00,1712282400,1.08585,1.08595,1.0855,1.08565,2423
2024-04-05 03:00,1712286000,1.08565,1.08595,1.0856,1.08585,1662
2024-04-05 04:00,1712289600,1.08585,1.0859,1.08565,1.0858,1143
2024-04-05 05:00,1712293200,1.08575,1.08595,1.08565,1.0859,1735
2024-04-05 06:00,1712296800,1.0859,1.08645,1.0854,1.0862,8862
2024-04-05 07:00,1712300400,1.08615,1.0872,1.08615,1.08705,8047
2024-04-05 08:00,1712304000,1.087,1.08775,1.0867,1.0869,6377
2024-04-05 09:00,1712307600,1.08685,1.08735,1.0866,1.087,5388
2024-04-05 10:00,1712311200,1.087,1.08705,1.0864,1.0866,5419
2024-04-05 11:00,1712314800,1.0866,1.0873,1.08625,1.08665,6161
2024-04-05 12:00,1712318400,1.08665,1.08795,1.08315,1.08405,46885
2024-04-05 13:00,1712322000,1.0841,1.08455,1.08225,1.08325,26117
2024-04-05 14:00,1712325600,1.08325,1.08575,1.0828,1.085,28996
2024-04-05 15:00,1712329200,1.08505,1.0875,1.08475,1.08715,19516
2024-04-05 16:00,1712332800,1.0872,1.0876,1.08645,1.0867,8799
2024-04-05 17:00,1712336400,1.08675,1.08705,1.0863,1.08645,4923
2024-04-05 18:00,1712340000,1.08645,1.08695,1.0862,1.08665,5829
2024-04-05 19:00,1712343600,1.08665,1.08685,1.08635,1.08665,5747
2024-04-05 20:00,1712347200,1.08665,1.08695,1.08655,1.08685,2464
2024-04-07 22:00,1712527200,1.0869,1.087,1.0858,1.0859,1778
2024-04-07 23:00,1712530800,1.08595,1.0864,1.0859,1.0861,1411
2024-04-08 00:00,1712534400,1.0861,1.0861,1.0854,1.08585,3696
2024-04-08 01:00,1712538000,1.08585,1.08675,1.08585,1.08665,2842
2024-04-08 02:00,1712541600,1.0867,1.08745,1.0866,1.0872,1961
2024-04-08 03:00,1712545200,1.08715,1.0873,1.08635,1.0864,1342
2024-04-08 04:00,1712548800,1.08645,1.08665,1.08625,1.0863,957
2024-04-08 05:00,1712552400,1.08635,1.0868,1.08635,1.08655,1881
2024-04-08 06:00,1712556000,1.08655,1.08685,1.08605,1.08655,5811
2024-04-08 07:00,1712559600,1.08655,1.0869,1.08595,1.0863,5341
2024-04-08 08:00,1712563200,1.0863,1.0866,1.08535,1.0855,7696
2024-04-08 09:00,1712566800,1.08545,1.08615,1.0852,1.0859,4658
2024-04-08 10:00,1712570400,1.0859,1.0865,1.08575,1.08635,3599
2024-04-08 11:00,1712574000,1.08635,1.0864,1.08545,1.0855,5164
2024-04-08 12:00,1712577600,1.08555,1.0867,1.08525,1.0865,12753
2024-04-08 13:00,1712581200,1.08655,1.08845,1.08655,1.0883,21890
2024-04-08 14:00,1712584800,1.0883,1.08875,1.08745,1.0884,20565
2024-04-08 15:00,1712588400,1.0884,1.089,1.08805,1.0884,12483
2024-04-08 16:00,1712592000,1.08835,1.0884,1.08775,1.08815,5971
2024-04-08 17:00,1712595600,1.08815,1.08905,1.08805,1.0889,7924
2024-04-08 18:00,1712599200,1.0889,1.0893,1.0887,1.0888,9698
2024-04-08 19:00,1712602800,1.0888,1.089,1.0887,1.08875,6407
2024-04-08 20:00,1712606400,1.08875,1.0891,1.0887,1.08905,1820
2024-04-08 22:00,1712613600,1.08915,1.0892,1.089,1.0891,0
2024-04-08 23:00,1712617200,1.08915,1.08945,1.0891,1.08925,1086
2024-04-09 00:00,1712620800,1.0893,1.0894,1.0888,1.0889,1501
2024-04-09 01:00,1712624400,1.08895,1.0893,1.0888,1.08905,1492
2024-04-09 02:00,1712628000,1.089,1.0893,1.08865,1.0888,1483
2024-04-09 03:00,1712631600,1.0888,1.0888,1.08845,1.0886,1249
2024-04-09 04:00,1712635200,1.0886,1.0889,1.0886,1.0887,806
2024-04-09 05:00,1712638800,1.08875,1.08895,1.0887,1.0889,1450
2024-04-09 06:00,1712642400,1.0889,1.08935,1.08815,1.08835,5759
2024-04-09 07:00,1712646000,1.0883,1.0891,1.08815,1.08835,8113
2024-04-09 08:00,1712649600,1.08835,1.089,1.0883,1.08885,5643
2024-04-09 09:00,1712653200,1.0888,1.08965,1.0887,1.0896,6818
2024-04-09 10:00,1712656800,1.08975,1.09015,1.08965,1.09,5012
2024-04-09 11:00,1712660400,1.08995,1.09035,1.089,1.08925,8900
2024-04-09 12:00,1712664000,1.08925,1.0915,1.0891,1.0911,15115
2024-04-09 13:00,1712667600,1.09115,1.0916,1.09065,1.0909,16255
2024-04-09 14:00,1712671200,1.09095,1.0913,1.0884,1.08875,22941
2024-04-09 15:00,1712674800,1.0888,1.08895,1.08825,1.08865,13955
2024-04-09 16:00,1712678400,1.0886,1.0891,1.0884,1.08855,5571
2024-04-09 17:00,1712682000,1.0885,1.0886,1.0882,1.0882,4712
2024-04-09 18:00,1712685600,1.0882,1.0885,1.08805,1.08835,4424
2024-04-09 19:00,1712689200,1.08835,1.0888,1.0878,1.08875,6766
2024-04-09 20:00,1712692800,1.0887,1.089,1.08865,1.08875,2326
2024-04-09 22:00,1712700000,1.0886,1.0889,1.0886,1.0889,0
2024-04-09 23:00,1712703600,1.0889,1.089,1.0888,1.0889,734
2024-04-10 00:00,1712707200,1.0889,1.0889,1.08855,1.08875,1503
2024-04-10 01:00,1712710800,1.08875,1.0889,1.0882,1.08845,1892
2024-04-10 02:00,1712714400,1.08845,1.0886,1.0881,1.0884,2235
2024-04-10 03:00,1712718000,1.08835,1.08845,1.08825,1.0883,903
2024-04-10 04:00,1712721600,1.08835,1.08835,1.0881,1.0883,881
2024-04-10 05:00,1712725200,1.08825,1.0886,1.08815,1.0882,1554
2024-04-10 06:00,1712728800,1.0882,1.08855,1.08775,1.08845,5959
2024-04-10 07:00,1712732400,1.08845,1.0887,1.0881,1.0886,4883
2024-04-10 08:00,1712736000,1.0885,1.0891,1.08815,1.08905,6071
2024-04-10 09:00,1712739600,1.089,1.08955,1.0887,1.08915,5663
2024-04-10 10:00,1712743200,1.08915,1.0896,1.0891,1.08945,2970
2024-04-10 11:00,1712746800,1.08945,1.08965,1.0885,1.08855,6132
2024-04-10 12:00,1712750400,1.0886,1.08955,1.08085,1.08105,73995
2024-04-10 13:00,1712754000,1.08105,1.08115,1.07795,1.0781,59371
2024-04-10 14:00,1712757600,1.0781,1.0797,1.07755,1.0783,33485
2024-04-10 15:00,1712761200,1.0783,1.07845,1.07635,1.07665,23833
2024-04-10 16:00,1712764800,1.0767,1.07675,1.07585,1.07655,14514
2024-04-10 17:00,1712768400,1.0766,1.0784,1.07585,1.07805,21044
2024-04-10 18:00,1712772000,1.0781,1.07845,1.0765,1.0766,11993
2024-04-10 19:00,1712775600,1.07665,1.07755,1.07655,1.0774,9381
2024-04-10 20:00,1712779200,1.07735,1.07755,1.0771,1.0773,2629
2024-04-10 22:00,1712786400,1.0771,1.0773,1.07685,1.07715,0
2024-04-10 23:00,1712790000,1.07715,1.0773,1.0768,1.07695,2055
2024-04-11 00:00,1712793600,1.07695,1.07745,1.0767,1.0771,2849
2024-04-11 01:00,1712797200,1.0771,1.07755,1.077,1.07745,2700
2024-04-11 02:00,1712800800,1.0774,1.07755,1.0773,1.0774,1365
2024-04-11 03:00,1712804400,1.0774,1.07775,1.0773,1.07735,1592
2024-04-11 04:00,1712808000,1.07735,1.0775,1.07725,1.07745,1111
2024-04-11 05:00,1712811600,1.0775,1.07755,1.07715,1.07715,2574
2024-04-11 06:00,1712815200,1.0771,1.07715,1.07555,1.0757,9291
2024-04-11 07:00,1712818800,1.07575,1.0773,1.07565,1.07715,13295
2024-04-11 08:00,1712822400,1.0771,1.07785,1.0767,1.07695,12419
2024-04-11 09:00,1712826000,1.0769,1.0769,1.0758,1.076,8324
2024-04-11 10:00,1712829600,1.0758,1.07625,1.0755,1.07585,7659
2024-04-11 11:00,1712833200,1.07585,1.07625,1.0754,1.07575,7099
2024-04-11 12:00,1712836800,1.0757,1.07755,1.07405,1.077,45277
2024-04-11 13:00,1712840400,1.077,1.0785,1.0757,1.07635,38577
2024-04-11 14:00,1712844000,1.07635,1.07635,1.0728,1.07335,39280
2024-04-11 15:00,1712847600,1.07335,1.075,1.07305,1.07495,22595
2024-04-11 16:00,1712851200,1.075,1.0752,1.0742,1.07465,10895
2024-04-11 17:00,1712854800,1.07465,1.07585,1.07435,1.07565,9552
2024-04-11 18:00,1712858400,1.0757,1.07635,1.07535,1.0754,12486
2024-04-11 19:00,1712862000,1.0754,1.07605,1.0754,1.0757,5522
2024-04-11 20:00,1712865600,1.07575,1.0758,1.0754,1.07545,1502
2024-04-11 22:00,1712872800,1.0754,1.0758,1.0754,1.0756,0
2024-04-11 23:00,1712876400,1.07565,1.07565,1.0752,1.0754,1691
2024-04-12 00:00,1712880000,1.0754,1.0756,1.07505,1.0754,1689
2024-04-12 01:00,1712883600,1.07545,1.07565,1.0751,1.07525,2389
2024-04-12 02:00,1712887200,1.07525,1.07555,1.07515,1.07545,1238
2024-04-12 03:00,1712890800,1.0755,1.0755,1.07435,1.0745,2763
2024-04-12 04:00,1712894400,1.0745,1.07455,1.0739,1.07395,2496
2024-04-12 05:00,1712898000,1.07395,1.0743,1.0739,1.074,2895
2024-04-12 06:00,1712901600,1.07395,1.074,1.0709,1.07115,17725
2024-04-12 07:00,1712905200,1.07115,1.07155,1.07025,1.07125,20516
2024-04-12 08:00,1712908800,1.0712,1.07135,1.06985,1.0699,13723
2024-04-12 09:00,1712912400,1.0699,1.0703,1.0683,1.06885,19329
2024-04-12 10:00,1712916000,1.06845,1.0687,1.06725,1.0675,11280
2024-04-12 11:00,1712919600,1.0675,1.06875,1.0674,1.0679,14818
2024-04-12 12:00,1712923200,1.06795,1.06835,1.06595,1.06665,28597
2024-04-12 13:00,1712926800,1.06665,1.06725,1.0659,1.0671,35052
2024-04-12 14:00,1712930400,1.067,1.06745,1.0651,1.06585,35043
2024-04-12 15:00,1712934000,1.06585,1.0679,1.06565,1.0675,25605
2024-04-12 16:00,1712937600,1.06745,1.0675,1.06655,1.067,13735
2024-04-12 17:00,1712941200,1.067,1.0678,1.0669,1.0675,8793
2024-04-12 18:00,1712944800,1.0675,1.0679,1.0667,1.0667,9173
2024-04-12 19:00,1712948400,1.0667,1.0671,1.06655,1.06665,7249
2024-04-12 20:00,1712952000,1.06665,1.06725,1.06655,1.0669,3793
2024-04-14 22:00,1713132000,1.06665,1.068,1.06635,1.0678,3902
2024-04-14 23:00,1713135600,1.06775,1.0678,1.06715,1.06735,2806
2024-04-15 00:00,1713139200,1.0674,1.0677,1.0671,1.0673,3017
2024-04-15 01:00,1713142800,1.06735,1.0678,1.06665,1.06775,3910
2024-04-15 02:00,1713146400,1.0677,1.06825,1.0677,1.0678,2560
2024-04-15 03:00,1713150000,1.0678,1.06815,1.0675,1.06795,1532
2024-04-15 04:00,1713153600,1.06795,1.0682,1.0675,1.06805,2353
2024-04-15 05:00,1713157200,1.06805,1.0687,1.06785,1.06855,4845
2024-04-15 06:00,1713160800,1.0685,1.06925,1.06795,1.0682,17142
2024-04-15 07:00,1713164400,1.0682,1.06885,1.06785,1.0686,13114
2024-04-15 08:00,1713168000,1.06855,1.06895,1.0681,1.0684,9543
2024-04-15 09:00,1713171600,1.0684,1.06905,1.0681,1.06825,5294
2024-04-15 10:00,1713175200,1.0683,1.06875,1.06795,1.06855,5889
2024-04-15 11:00,1713178800,1.06855,1.0693,1.0679,1.06825,11405
2024-04-15 12:00,1713182400,1.06825,1.0685,1.06585,1.06745,29981
2024-04-15 13:00,1713186000,1.0675,1.0688,1.0662,1.06645,29856
2024-04-15 14:00,1713189600,1.0665,1.06655,1.06495,1.06545,38393
2024-04-15 15:00,1713193200,1.06545,1.06725,1.065,1.06705,20975
2024-04-15 16:00,1713196800,1.0671,1.0675,1.06625,1.0664,13493
2024-04-15 17:00,1713200400,1.06635,1.0667,1.0651,1.06565,9923
2024-04-15 18:00,1713204000,1.06565,1.06595,1.0651,1.0653,11514
2024-04-15 19:00,1713207600,1.06525,1.0655,1.0648,1.0654,6442
2024-04-15 20:00,1713211200,1.0654,1.0655,1.06485,1.06525,3057
2024-04-15 22:00,1713218400,1.06525,1.06555,1.06525,1.06545,0
2024-04-15 23:00,1713222000,1.0655,1.0656,1.0652,1.0652,2012
2024-04-16 00:00,1713225600,1.0652,1.0653,1.06455,1.0646,4853
2024-04-16 01:00,1713229200,1.0646,1.06465,1.0634,1.06435,7620
2024-04-16 02:00,1713232800,1.06435,1.0645,1.06335,1.06375,3818
2024-04-16 03:00,1713236400,1.0637,1.06405,1.06345,1.06385,2365
2024-04-16 04:00,1713240000,1.06385,1.0642,1.06375,1.06415,1677
2024-04-16 05:00,1713243600,1.0642,1.0648,1.0641,1.0646,4077
2024-04-16 06:00,1713247200,1.06455,1.06475,1.06295,1.06375,11502
2024-04-16 07:00,1713250800,1.0638,1.065,1.0638,1.06455,12925
2024-04-16 08:00,1713254400,1.0645,1.0648,1.064,1.0644,9742
2024-04-16 09:00,1713258000,1.0644,1.0662,1.06435,1.06565,15292
2024-04-16 10:00,1713261600,1.06565,1.06585,1.065,1.06535,9705
2024-04-16 11:00,1713265200,1.06535,1.06745,1.0653,1.06695,17439
2024-04-16 12:00,1713268800,1.06695,1.0681,1.06635,1.0666,21899
2024-04-16 13:00,1713272400,1.0666,1.0671,1.0655,1.0657,31132
2024-04-16 14:00,1713276000,1.06575,1.0672,1.0655,1.0659,23924
2024-04-16 15:00,1713279600,1.06595,1.06665,1.0649,1.0655,20980
2024-04-16 16:00,1713283200,1.0655,1.06555,1.0646,1.06525,10164
2024-04-16 17:00,1713286800,1.06525,1.06525,1.06285,1.06485,19194
2024-04-16 18:00,1713290400,1.0648,1.0662,1.06435,1.0658,17907
2024-04-16 19:00,1713294000,1.06585,1.06595,1.0645,1.0649,6348
2024-04-16 20:00,1713297600,1.06495,1.065,1.06435,1.06455,2150
2024-04-16 22:00,1713304800,1.06445,1.06465,1.06395,1.0646,0
2024-04-16 23:00,1713308400,1.0647,1.0652,1.0646,1.06475,2128
2024-04-17 00:00,1713312000,1.0648,1.06505,1.0644,1.0649,2012
2024-04-17 01:00,1713315600,1.0649,1.0657,1.0647,1.0655,3028
2024-04-17 02:00,1713319200,1.06545,1.06625,1.0654,1.06605,2388
2024-04-17 03:00,1713322800,1.06605,1.0661,1.06535,1.0654,1969
2024-04-17 04:00,1713326400,1.06535,1.06575,1.0651,1.06515,2021
2024-04-17 05:00,1713330000,1.06515,1.06515,1.0637,1.0639,4598
2024-04-17 06:00,1713333600,1.06385,1.06645,1.0633,1.0661,15153
2024-04-17 07:00,1713337200,1.0661,1.0661,1.0651,1.0652,11053
2024-04-17 08:00,1713340800,1.06515,1.06755,1.06505,1.06675,17978
2024-04-17 09:00,1713344400,1.06675,1.06755,1.0662,1.06675,8706
2024-04-17 10:00,1713348000,1.06675,1.0673,1.06645,1.06655,6566
2024-04-17 11:00,1713351600,1.06655,1.06755,1.0659,1.06625,9817
2024-04-17 12:00,1713355200,1.06625,1.0669,1.0658,1.06615,10378
2024-04-17 13:00,1713358800,1.0661,1.06795,1.0661,1.06705,17782
2024-04-17 14:00,1713362400,1.0671,1.0671,1.06565,1.06625,13923
2024-04-17 15:00,1713366000,1.0662,1.06725,1.0662,1.06695,10952
2024-04-17 16:00,1713369600,1.067,1.0683,1.06625,1.06765,13802
2024-04-17 17:00,1713373200,1.0676,1.06955,1.06745,1.06945,16847
2024-04-17 18:00,1713376800,1.0695,1.0706,1.06935,1.0697,15557
2024-04-17 19:00,1713380400,1.06975,1.0699,1.0691,1.0698,7362
2024-04-17 20:00,1713384000,1.0698,1.0701,1.0696,1.07,2448
2024-04-17 22:00,1713391200,1.06995,1.0702,1.0697,1.0698,0
2024-04-17 23:00,1713394800,1.06985,1.0699,1.06935,1.06945,1616
2024-04-18 00:00,1713398400,1.0695,1.0696,1.069,1.06955,2827
2024-04-18 01:00,1713402000,1.06955,1.06995,1.06905,1.0696,2399
2024-04-18 02:00,1713405600,1.0696,1.07045,1.06945,1.07035,2577
2024-04-18 03:00,1713409200,1.0703,1.07055,1.07005,1.07055,1336
2024-04-18 04:00,1713412800,1.07055,1.07055,1.07015,1.07035,1118
2024-04-18 05:00,1713416400,1.07035,1.07095,1.07005,1.0706,2952
2024-04-18 06:00,1713420000,1.07065,1.07155,1.0705,1.0711,8436
2024-04-18 07:00,1713423600,1.0711,1.07135,1.0704,1.0706,8871
2024-04-18 08:00,1713427200,1.07065,1.0708,1.07005,1.0704,7852
2024-04-18 09:00,1713430800,1.0704,1.07065,1.06955,1.0696,6309
2024-04-18 10:00,1713434400,1.0696,1.0703,1.06955,1.07015,4922
2024-04-18 11:00,1713438000,1.07015,1.0705,1.06955,1.0703,7454
2024-04-18 12:00,1713441600,1.0703,1.0705,1.06845,1.06885,22028
2024-04-18 13:00,1713445200,1.06885,1.0694,1.0672,1.06765,25207
2024-04-18 14:00,1713448800,1.0677,1.0689,1.06755,1.068,13862
2024-04-18 15:00,1713452400,1.06795,1.06905,1.0679,1.06855,9817
2024-04-18 16:00,1713456000,1.06855,1.06875,1.0677,1.0679,5485
2024-04-18 17:00,1713459600,1.0679,1.06805,1.0669,1.06745,7365
2024-04-18 18:00,1713463200,1.06735,1.06755,1.06675,1.06705,4895
2024-04-18 19:00,1713466800,1.0671,1.0674,1.06685,1.0669,4186
2024-04-18 20:00,1713470400,1.0669,1.06715,1.0667,1.06685,2572
2024-04-18 22:00,1713477600,1.06675,1.06695,1.06655,1.0666,0
2024-04-18 23:00,1713481200,1.0666,1.06695,1.06655,1.06675,1293
2024-04-19 00:00,1713484800,1.0667,1.06695,1.0661,1.0664,6838
2024-04-19 01:00,1713488400,1.0664,1.06655,1.0639,1.0644,14082
2024-04-19 02:00,1713492000,1.0644,1.0649,1.06355,1.06435,10755
2024-04-19 03:00,1713495600,1.0643,1.06655,1.064,1.06615,8352
2024-04-19 04:00,1713499200,1.06625,1.0666,1.0659,1.06605,2961
2024-04-19 05:00,1713502800,1.066,1.0667,1.0655,1.06565,4114
2024-04-19 06:00,1713506400,1.0656,1.0675,1.0653,1.06705,10466
2024-04-19 07:00,1713510000,1.06705,1.06845,1.0669,1.06805,10781
2024-04-19 08:00,1713513600,1.06805,1.06805,1.06685,1.0671,7231
2024-04-19 09:00,1713517200,1.0671,1.06875,1.06705,1.06825,7542
2024-04-19 10:00,1713520800,1.0678,1.0684,1.0672,1.06725,6711
2024-04-19 11:00,1713524400,1.0673,1.0681,1.06685,1.06775,9154
2024-04-19 12:00,1713528000,1.06775,1.06995,1.06755,1.0691,15391
2024-04-19 13:00,1713531600,1.06905,1.0701,1.0684,1.0691,18321
2024-04-19 14:00,1713535200,1.06915,1.0703,1.0689,1.0695,16796
2024-04-19 15:00,1713538800,1.0695,1.0697,1.0679,1.06805,10667
2024-04-19 16:00,1713542400,1.068,1.0685,1.06655,1.06785,12115
2024-04-19 17:00,1713546000,1.06785,1.06835,1.0676,1.0681,6003
2024-04-19 18:00,1713549600,1.06805,1.0681,1.06715,1.06755,6695
2024-04-19 19:00,1713553200,1.06755,1.06805,1.0675,1.068,4048
2024-04-19 20:00,1713556800,1.068,1.06835,1.06785,1.0682,2872
2024-04-21 22:00,1713736800,1.06775,1.06865,1.06775,1.06835,1358
2024-04-21 23:00,1713740400,1.0684,1.0686,1.06825,1.06825,1524
2024-04-22 00:00,1713744000,1.06825,1.06895,1.06775,1.06785,3784
2024-04-22 01:00,1713747600,1.06785,1.06945,1.06785,1.06925,2722
2024-04-22 02:00,1713751200,1.0693,1.0695,1.06885,1.0689,1197
2024-04-22 03:00,1713754800,1.06885,1.06895,1.0685,1.06865,1090
2024-04-22 04:00,1713758400,1.06865,1.0693,1.06865,1.069,857
2024-04-22 05:00,1713762000,1.06905,1.0691,1.06865,1.06885,2317
2024-04-22 06:00,1713765600,1.0689,1.0694,1.0685,1.06885,5214
2024-04-22 07:00,1713769200,1.06885,1.0692,1.0677,1.0683,9285
2024-04-22 08:00,1713772800,1.06825,1.0687,1.06725,1.06815,7353
2024-04-22 09:00,1713776400,1.06815,1.0687,1.06735,1.06755,5289
2024-04-22 10:00,1713780000,1.06765,1.068,1.0672,1.06755,5103
2024-04-22 11:00,1713783600,1.0675,1.0676,1.06575,1.06605,9836
2024-04-22 12:00,1713787200,1.06595,1.0669,1.06555,1.0665,10349
2024-04-22 13:00,1713790800,1.06645,1.06655,1.06485,1.0658,14803
2024-04-22 14:00,1713794400,1.0658,1.06725,1.06575,1.067,12096
2024-04-22 15:00,1713798000,1.06695,1.06725,1.0665,1.06715,7599
2024-04-22 16:00,1713801600,1.0672,1.06755,1.0671,1.06735,7936
2024-04-22 17:00,1713805200,1.06735,1.0682,1.0673,1.06815,7350
2024-04-22 18:00,1713808800,1.06815,1.0685,1.0679,1.0683,8238
2024-04-22 19:00,1713812400,1.0683,1.06835,1.06755,1.06765,4528
2024-04-22 20:00,1713816000,1.06765,1.068,1.0675,1.06785,1664
2024-04-22 22:00,1713823200,1.06775,1.0679,1.06765,1.06785,0
2024-04-22 23:00,1713826800,1.06785,1.068,1.06765,1.0678,1084
2024-04-23 00:00,1713830400,1.06785,1.0684,1.06785,1.0683,1303
2024-04-23 01:00,1713834000,1.0683,1.0685,1.06775,1.06785,2356
2024-04-23 02:00,1713837600,1.0678,1.0685,1.0678,1.06825,1476
2024-04-23 03:00,1713841200,1.06825,1.0683,1.0679,1.06805,1166
2024-04-23 04:00,1713844800,1.06805,1.06825,1.06785,1.06795,791
2024-04-23 05:00,1713848400,1.0679,1.0679,1.0674,1.0675,2002
2024-04-23 06:00,1713852000,1.06755,1.06755,1.06625,1.0669,7165
2024-04-23 07:00,1713855600,1.0669,1.07195,1.0668,1.0704,31296
2024-04-23 08:00,1713859200,1.06995,1.07075,1.06935,1.0695,11786
2024-04-23 09:00,1713862800,1.06945,1.06945,1.068,1.06835,8030
2024-04-23 10:00,1713866400,1.06835,1.0687,1.06775,1.06795,5382
2024-04-23 11:00,1713870000,1.06795,1.07025,1.06795,1.0699,10527
2024-04-23 12:00,1713873600,1.06995,1.07015,1.0688,1.06965,13343
2024-04-23 13:00,1713877200,1.06965,1.07345,1.0685,1.0726,40242
2024-04-23 14:00,1713880800,1.07265,1.0736,1.07155,1.07235,40196
2024-04-23 15:00,1713884400,1.0723,1.0728,1.07145,1.0719,13164
2024-04-23 16:00,1713888000,1.0719,1.07265,1.07165,1.0724,11075
2024-04-23 17:00,1713891600,1.07245,1.0732,1.07235,1.0729,5678
2024-04-23 18:00,1713895200,1.0729,1.07315,1.0726,1.0728,4972
2024-04-23 19:00,1713898800,1.0728,1.07295,1.07265,1.07275,4598
2024-04-23 20:00,1713902400,1.0727,1.0728,1.0725,1.07255,1983
2024-04-23 22:00,1713909600,1.07285,1.0729,1.0725,1.07265,0
2024-04-23 23:00,1713913200,1.07275,1.07275,1.0723,1.07265,1476
2024-04-24 00:00,1713916800,1.07265,1.07345,1.0724,1.07335,2990
2024-04-24 01:00,1713920400,1.0733,1.0738,1.07315,1.07335,3842
2024-04-24 02:00,1713924000,1.07335,1.0737,1.07315,1.0734,1683
2024-04-24 03:00,1713927600,1.0734,1.0735,1.0728,1.073,1695
2024-04-24 04:00,1713931200,1.073,1.0733,1.0729,1.07295,813
2024-04-24 05:00,1713934800,1.0729,1.07295,1.0724,1.0725,2342
2024-04-24 06:00,1713938400,1.07255,1.07295,1.07165,1.07185,6305
2024-04-24 07:00,1713942000,1.07185,1.072,1.0709,1.0712,10086
2024-04-24 08:00,1713945600,1.0712,1.07165,1.07045,1.07075,6992
2024-04-24 09:00,1713949200,1.0707,1.0715,1.0707,1.07095,3898
2024-04-24 10:00,1713952800,1.0711,1.07155,1.07095,1.0712,3923
2024-04-24 11:00,1713956400,1.0712,1.0714,1.0707,1.0713,5050
2024-04-24 12:00,1713960000,1.0713,1.0717,1.0702,1.0711,17100
2024-04-24 13:00,1713963600,1.07105,1.07235,1.0708,1.07175,13898
2024-04-24 14:00,1713967200,1.07175,1.0727,1.07095,1.07125,16910
2024-04-24 15:00,1713970800,1.0712,1.07155,1.0705,1.071,11892
2024-04-24 16:00,1713974400,1.07105,1.07155,1.0707,1.0714,8532
2024-04-24 17:00,1713978000,1.07145,1.07215,1.0714,1.07195,4644
2024-04-24 18:00,1713981600,1.072,1.0721,1.0711,1.07175,6782
2024-04-24 19:00,1713985200,1.07175,1.0731,1.0716,1.0725,10529
2024-04-24 20:00,1713988800,1.07245,1.0725,1.0721,1.0724,2132
2024-04-24 22:00,1713996000,1.07235,1.07235,1.07175,1.07205,0
2024-04-24 23:00,1713999600,1.07205,1.0723,1.07195,1.0723,919
2024-04-25 00:00,1714003200,1.0723,1.07275,1.0722,1.0726,2612
2024-04-25 01:00,1714006800,1.07265,1.07315,1.072,1.073,2730
2024-04-25 02:00,1714010400,1.07295,1.07315,1.0727,1.073,1354
2024-04-25 03:00,1714014000,1.073,1.0731,1.07265,1.0729,1200
2024-04-25 04:00,1714017600,1.0729,1.0733,1.0728,1.0732,787
2024-04-25 05:00,1714021200,1.0732,1.0736,1.07305,1.07345,2043
2024-04-25 06:00,1714024800,1.0735,1.07505,1.0734,1.07435,10316
2024-04-25 07:00,1714028400,1.0744,1.0746,1.07345,1.0744,10009
2024-04-25 08:00,1714032000,1.07435,1.07515,1.07425,1.07485,6655
2024-04-25 09:00,1714035600,1.07485,1.07515,1.0744,1.07495,6941
2024-04-25 10:00,1714039200,1.0749,1.07525,1.0745,1.07475,7184
2024-04-25 11:00,1714042800,1.07475,1.0753,1.074,1.0743,8448
2024-04-25 12:00,1714046400,1.0743,1.0764,1.0708,1.0715,44754
2024-04-25 13:00,1714050000,1.0715,1.0727,1.0701,1.0723,33124
2024-04-25 14:00,1714053600,1.07235,1.0744,1.07155,1.0735,29996
2024-04-25 15:00,1714057200,1.07345,1.07445,1.07305,1.07435,14230
2024-04-25 16:00,1714060800,1.07435,1.07575,1.0738,1.07545,12153
2024-04-25 17:00,1714064400,1.07545,1.07615,1.0752,1.07535,10063
2024-04-25 18:00,1714068000,1.0753,1.0753,1.0746,1.075,6425
2024-04-25 19:00,1714071600,1.07505,1.07575,1.075,1.07525,5998
2024-04-25 20:00,1714075200,1.0752,1.07535,1.07515,1.0753,1963
2024-04-25 22:00,1714082400,1.07535,1.07535,1.07505,1.0751,0
2024-04-25 23:00,1714086000,1.0751,1.0753,1.0749,1.0749,1302
2024-04-26 00:00,1714089600,1.0749,1.07505,1.07455,1.075,1817
2024-04-26 01:00,1714093200,1.07495,1.0752,1.07465,1.07495,1814
2024-04-26 02:00,1714096800,1.07495,1.0751,1.0741,1.07455,1954
2024-04-26 03:00,1714100400,1.07455,1.0748,1.07415,1.0745,2626
2024-04-26 04:00,1714104000,1.07455,1.0746,1.0744,1.0745,682
2024-04-26 05:00,1714107600,1.07445,1.075,1.0744,1.07485,2516
2024-04-26 06:00,1714111200,1.0748,1.07615,1.0748,1.0758,7864
2024-04-26 07:00,1714114800,1.07575,1.0759,1.0748,1.07525,9085
2024-04-26 08:00,1714118400,1.07525,1.07755,1.0751,1.0764,21419
2024-04-26 09:00,1714122000,1.07635,1.0766,1.0753,1.0759,7102
2024-04-26 10:00,1714125600,1.0759,1.07595,1.0749,1.07505,4455
2024-04-26 11:00,1714129200,1.07505,1.0757,1.07375,1.07385,11529
2024-04-26 12:00,1714132800,1.0739,1.0767,1.0733,1.0739,32622
2024-04-26 13:00,1714136400,1.0739,1.0746,1.0729,1.073,18916
2024-04-26 14:00,1714140000,1.07305,1.07345,1.06985,1.07025,38036
2024-04-26 15:00,1714143600,1.0702,1.07125,1.0696,1.0708,28027
2024-04-26 16:00,1714147200,1.0708,1.0719,1.07065,1.0717,8085
2024-04-26 17:00,1714150800,1.0717,1.07205,1.07155,1.0716,5378
2024-04-26 18:00,1714154400,1.0717,1.0728,1.07165,1.0728,5365
2024-04-26 19:00,1714158000,1.07275,1.07295,1.07195,1.07225,5987
2024-04-26 20:00,1714161600,1.0722,1.07245,1.07135,1.07155,6046
2024-04-28 22:00,1714341600,1.0715,1.0725,1.0714,1.0723,1682
2024-04-28 23:00,1714345200,1.0723,1.07285,1.0722,1.07285,1731
2024-04-29 00:00,1714348800,1.07285,1.07325,1.0728,1.0731,4102
2024-04-29 01:00,1714352400,1.0731,1.07375,1.0729,1.07355,6180
2024-04-29 02:00,1714356000,1.0736,1.07415,1.0734,1.07385,2769
2024-04-29 03:00,1714359600,1.07385,1.07395,1.0736,1.0736,1326
2024-04-29 04:00,1714363200,1.07375,1.0755,1.0736,1.07505,14646
2024-04-29 05:00,1714366800,1.07505,1.07555,1.07455,1.0747,9539
2024-04-29 06:00,1714370400,1.0747,1.07505,1.0736,1.0737,10035
2024-04-29 07:00,1714374000,1.07365,1.07465,1.07295,1.0739,21947
2024-04-29 08:00,1714377600,1.07385,1.07455,1.07225,1.0726,14939
2024-04-29 09:00,1714381200,1.0726,1.07405,1.0719,1.0736,9402
2024-04-29 10:00,1714384800,1.0736,1.0741,1.0734,1.07385,5620
2024-04-29 11:00,1714388400,1.0739,1.07485,1.07335,1.07355,6617
2024-04-29 12:00,1714392000,1.0736,1.0745,1.07235,1.0725,13735
2024-04-29 13:00,1714395600,1.07245,1.07285,1.07115,1.072,18360
2024-04-29 14:00,1714399200,1.07205,1.0735,1.07205,1.0734,14597
2024-04-29 15:00,1714402800,1.0734,1.0742,1.0734,1.0738,10363
2024-04-29 16:00,1714406400,1.07385,1.07505,1.07375,1.0747,11830
2024-04-29 17:00,1714410000,1.0747,1.07515,1.07425,1.0743,6217
2024-04-29 18:00,1714413600,1.0743,1.0747,1.07395,1.0746,11774
2024-04-29 19:00,1714417200,1.07465,1.07465,1.0736,1.0743,6494
2024-04-29 20:00,1714420800,1.07425,1.07445,1.0741,1.0742,2310
2024-04-29 22:00,1714428000,1.07435,1.0744,1.07375,1.0738,0
2024-04-29 23:00,1714431600,1.07385,1.074,1.0735,1.07355,2305
2024-04-30 00:00,1714435200,1.07355,1.07385,1.0731,1.0736,3700
2024-04-30 01:00,1714438800,1.0736,1.07385,1.0728,1.0728,3373
2024-04-30 02:00,1714442400,1.0728,1.07285,1.07235,1.07275,2877
2024-04-30 03:00,1714446000,1.0728,1.0728,1.07235,1.07255,1082
2024-04-30 04:00,1714449600,1.0726,1.0727,1.0723,1.07265,962
2024-04-30 05:00,1714453200,1.0727,1.0728,1.0716,1.07205,3033
2024-04-30 06:00,1714456800,1.072,1.0727,1.0711,1.0726,11558
2024-04-30 07:00,1714460400,1.07255,1.0731,1.07225,1.0726,8153
2024-04-30 08:00,1714464000,1.0726,1.07335,1.0714,1.07315,8554
2024-04-30 09:00,1714467600,1.07325,1.0756,1.07315,1.0748,17482
2024-04-30 10:00,1714471200,1.0748,1.07565,1.07435,1.07495,6883
2024-04-30 11:00,1714474800,1.0749,1.0749,1.07405,1.0741,6523
2024-04-30 12:00,1714478400,1.0741,1.0745,1.071,1.0721,38525
2024-04-30 13:00,1714482000,1.07215,1.0736,1.0715,1.0727,25699
2024-04-30 14:00,1714485600,1.07265,1.0741,1.07075,1.0711,32242
2024-04-30 15:00,1714489200,1.0716,1.072,1.0704,1.0705,37843
2024-04-30 16:00,1714492800,1.0705,1.0708,1.06965,1.06995,13507
2024-04-30 17:00,1714496400,1.07,1.07035,1.0696,1.0701,6807
2024-04-30 18:00,1714500000,1.07015,1.0704,1.0697,1.0699,6977
2024-04-30 19:00,1714503600,1.0699,1.07015,1.06925,1.06935,7139
2024-04-30 20:00,1714507200,1.0693,1.06945,1.06855,1.06865,4809
2024-04-30 22:00,1714514400,1.06875,1.0691,1.0687,1.06885,0
2024-04-30 23:00,1714518000,1.0688,1.06885,1.0686,1.0687,1203
2024-05-01 00:00,1714521600,1.0687,1.0688,1.0679,1.06825,2786
2024-05-01 01:00,1714525200,1.06825,1.0684,1.068,1.0682,1591
2024-05-01 02:00,1714528800,1.06815,1.06815,1.0678,1.06795,1128
2024-05-01 03:00,1714532400,1.06795,1.06795,1.06765,1.06775,1020
2024-05-01 04:00,1714536000,1.06775,1.06775,1.06755,1.0677,825
2024-05-01 05:00,1714539600,1.06765,1.0678,1.0675,1.0676,2070
2024-05-01 06:00,1714543200,1.06765,1.06795,1.067,1.06725,5210
2024-05-01 07:00,1714546800,1.06725,1.0683,1.06725,1.0682,5848
2024-05-01 08:00,1714550400,1.06815,1.0691,1.06815,1.06895,5610
2024-05-01 09:00,1714554000,1.06905,1.06945,1.06885,1.06915,6149
2024-05-01 10:00,1714557600,1.0689,1.06945,1.0688,1.069,4570
2024-05-01 11:00,1714561200,1.069,1.06935,1.06885,1.06925,4135
2024-05-01 12:00,1714564800,1.0693,1.07055,1.06925,1.0705,13723
2024-05-01 13:00,1714568400,1.0705,1.07065,1.0696,1.07025,10246
2024-05-01 14:00,1714572000,1.0703,1.0715,1.06985,1.07035,17719
2024-05-01 15:00,1714575600,1.07035,1.0706,1.0698,1.07,6632
2024-05-01 16:00,1714579200,1.07,1.07005,1.0692,1.06925,5177
2024-05-01 17:00,1714582800,1.06925,1.07035,1.06915,1.0695,10024
2024-05-01 18:00,1714586400,1.0695,1.0754,1.0692,1.07495,47979
2024-05-01 19:00,1714590000,1.075,1.07515,1.071,1.07105,23672
2024-05-01 20:00,1714593600,1.071,1.0744,1.07075,1.07335,21404
2024-05-01 22:00,1714600800,1.0732,1.0741,1.0732,1.07365,0
2024-05-01 23:00,1714604400,1.0736,1.0738,1.0732,1.0737,2144
2024-05-02 00:00,1714608000,1.0737,1.0737,1.0729,1.07315,3581
2024-05-02 01:00,1714611600,1.0731,1.07355,1.0727,1.0735,2414
2024-05-02 02:00,1714615200,1.07355,1.07405,1.07355,1.07385,2373
2024-05-02 03:00,1714618800,1.07385,1.07385,1.0732,1.07345,1494
2024-05-02 04:00,1714622400,1.0734,1.074,1.0734,1.0737,1778
2024-05-02 05:00,1714626000,1.0737,1.074,1.0732,1.07355,2170
2024-05-02 06:00,1714629600,1.07355,1.0747,1.0733,1.0737,11473
2024-05-02 07:00,1714633200,1.0737,1.07475,1.07325,1.0735,11716
2024-05-02 08:00,1714636800,1.0735,1.07355,1.07195,1.0724,9537
2024-05-02 09:00,1714640400,1.07235,1.0729,1.0715,1.0723,7450
2024-05-02 10:00,1714644000,1.0723,1.0726,1.07165,1.07235,5303
2024-05-02 11:00,1714647600,1.0724,1.0726,1.0715,1.0722,5230
2024-05-02 12:00,1714651200,1.07225,1.0732,1.07135,1.0721,15998
2024-05-02 13:00,1714654800,1.0721,1.0723,1.07,1.07055,22051
2024-05-02 14:00,1714658400,1.0706,1.07105,1.0694,1.0708,22840
2024-05-02 15:00,1714662000,1.07075,1.0728,1.07055,1.07245,15881
2024-05-02 16:00,1714665600,1.0725,1.07415,1.07215,1.07365,11851
2024-05-02 17:00,1714669200,1.07365,1.0743,1.0734,1.0739,6354
2024-05-02 18:00,1714672800,1.0739,1.07505,1.07375,1.075,8416
2024-05-02 19:00,1714676400,1.07495,1.075,1.07435,1.0747,6565
2024-05-02 20:00,1714680000,1.0747,1.0748,1.0744,1.07445,2717
2024-05-02 22:00,1714687200,1.0746,1.0749,1.0745,1.0749,0
2024-05-02 23:00,1714690800,1.0748,1.07505,1.07475,1.07495,1268
2024-05-03 00:00,1714694400,1.07495,1.0751,1.0744,1.07505,4607
2024-05-03 01:00,1714698000,1.07505,1.0759,1.07505,1.07565,4154
2024-05-03 02:00,1714701600,1.07565,1.0757,1.0752,1.0753,1339
2024-05-03 03:00,1714705200,1.07525,1.07545,1.0751,1.0754,1128
2024-05-03 04:00,1714708800,1.0754,1.0754,1.07515,1.07515,981
2024-05-03 05:00,1714712400,1.07515,1.07575,1.0751,1.0755,2594
2024-05-03 06:00,1714716000,1.07555,1.07555,1.0749,1.07495,7498
2024-05-03 07:00,1714719600,1.07495,1.07575,1.0745,1.0754,10410
2024-05-03 08:00,1714723200,1.07535,1.07635,1.07515,1.0762,7521
2024-05-03 09:00,1714726800,1.07615,1.0767,1.07595,1.0764,4171
2024-05-03 10:00,1714730400,1.07625,1.0765,1.0758,1.07625,5071
2024-05-03 11:00,1714734000,1.0762,1.0769,1.0762,1.0765,7194
2024-05-03 12:00,1714737600,1.0765,1.08325,1.0763,1.08135,67017
2024-05-03 13:00,1714741200,1.0813,1.0816,1.079,1.0796,31061
2024-05-03 14:00,1714744800,1.07965,1.08195,1.07705,1.0785,45347
2024-05-03 15:00,1714748400,1.07855,1.07995,1.07835,1.07885,13545
2024-05-03 16:00,1714752000,1.0789,1.07925,1.07815,1.0783,7067
2024-05-03 17:00,1714755600,1.07825,1.0787,1.07785,1.07845,5546
2024-05-03 18:00,1714759200,1.07845,1.0788,1.07835,1.07865,5271
2024-05-03 19:00,1714762800,1.0787,1.0789,1.0783,1.0784,4040
2024-05-03 20:00,1714766400,1.07835,1.0786,1.0781,1.0782,1809
2024-05-05 22:00,1714946400,1.07815,1.0784,1.078,1.0781,1298
2024-05-05 23:00,1714950000,1.0781,1.07835,1.0776,1.0777,1175
2024-05-06 00:00,1714953600,1.0776,1.07875,1.0774,1.0786,2767
2024-05-06 01:00,1714957200,1.0786,1.07895,1.07815,1.0789,2608
2024-05-06 02:00,1714960800,1.0789,1.07905,1.0784,1.07845,1381
2024-05-06 03:00,1714964400,1.07845,1.0786,1.0781,1.0784,1327
2024-05-06 04:00,1714968000,1.07835,1.07845,1.0781,1.0782,694
2024-05-06 05:00,1714971600,1.07815,1.07835,1.07785,1.078,1810
2024-05-06 06:00,1714975200,1.078,1.0784,1.0779,1.07815,4995
2024-05-06 07:00,1714978800,1.07815,1.07885,1.07795,1.0781,7312
2024-05-06 08:00,1714982400,1.07805,1.07955,1.07765,1.07875,7371
2024-05-06 09:00,1714986000,1.0787,1.0791,1.0785,1.07885,3647
2024-05-06 10:00,1714989600,1.07885,1.0792,1.07855,1.0791,4752
2024-05-06 11:00,1714993200,1.07905,1.07935,1.0788,1.07915,4883
2024-05-06 12:00,1714996800,1.0792,1.08095,1.0791,1.08065,13384
2024-05-06 13:00,1715000400,1.08065,1.0808,1.08,1.0805,12714
2024-05-06 14:00,1715004000,1.08055,1.0806,1.07975,1.07995,9821
2024-05-06 15:00,1715007600,1.0799,1.0799,1.07935,1.0798,6554
2024-05-06 16:00,1715011200,1.07975,1.0798,1.079,1.07935,5620
2024-05-06 17:00,1715014800,1.07935,1.07955,1.07925,1.07935,3705
2024-05-06 18:00,1715018400,1.0793,1.07945,1.0791,1.0794,6340
2024-05-06 19:00,1715022000,1.0794,1.0794,1.07855,1.0786,4252
2024-05-06 20:00,1715025600,1.07865,1.07895,1.0785,1.07895,1642
2024-05-06 22:00,1715032800,1.07865,1.07895,1.07865,1.0787,0
2024-05-06 23:00,1715036400,1.07875,1.07875,1.07845,1.0786,974
2024-05-07 00:00,1715040000,1.0786,1.0795,1.0785,1.07935,2143
2024-05-07 01:00,1715043600,1.0794,1.0795,1.07825,1.07845,2480
2024-05-07 02:00,1715047200,1.0784,1.07855,1.0779,1.07825,3413
2024-05-07 03:00,1715050800,1.07825,1.07875,1.0782,1.0787,677
2024-05-07 04:00,1715054400,1.07875,1.07875,1.0782,1.07845,1614
2024-05-07 05:00,1715058000,1.0784,1.07875,1.07755,1.0777,2212
2024-05-07 06:00,1715061600,1.07775,1.07825,1.0773,1.0782,5733
2024-05-07 07:00,1715065200,1.07825,1.0788,1.0779,1.07835,8122
2024-05-07 08:00,1715068800,1.0783,1.0784,1.07745,1.0782,5468
2024-05-07 09:00,1715072400,1.0782,1.07825,1.0774,1.0778,5091
2024-05-07 10:00,1715076000,1.0778,1.0788,1.0777,1.07875,4852
2024-05-07 11:00,1715079600,1.07875,1.0789,1.07815,1.07855,5595
2024-05-07 12:00,1715083200,1.07855,1.07975,1.0783,1.0794,9517
2024-05-07 13:00,1715086800,1.07945,1.08055,1.0793,1.0799,15323
2024-05-07 14:00,1715090400,1.07995,1.08015,1.07915,1.07965,12810
2024-05-07 15:00,1715094000,1.07965,1.08015,1.07845,1.0785,18281
2024-05-07 16:00,1715097600,1.0785,1.0793,1.07845,1.07885,9599
2024-05-07 17:00,1715101200,1.0789,1.07895,1.07745,1.0775,8047
2024-05-07 18:00,1715104800,1.0775,1.0775,1.0766,1.07695,8475
2024-05-07 19:00,1715108400,1.077,1.07765,1.07695,1.0775,4832
2024-05-07 20:00,1715112000,1.07745,1.07755,1.0773,1.0774,1412
2024-05-07 22:00,1715119200,1.07725,1.0774,1.07685,1.0769,0
2024-05-07 23:00,1715122800,1.07695,1.07695,1.07655,1.0768,1892
2024-05-08 00:00,1715126400,1.0768,1.07725,1.07645,1.0766,1823
2024-05-08 01:00,1715130000,1.07665,1.07665,1.07585,1.07585,4580
2024-05-08 02:00,1715133600,1.07585,1.07605,1.0756,1.0759,2304
2024-05-08 03:00,1715137200,1.07595,1.07615,1.0757,1.07585,1349
2024-05-08 04:00,1715140800,1.07595,1.07605,1.0758,1.07595,1459
2024-05-08 05:00,1715144400,1.07595,1.076,1.0757,1.0759,1652
2024-05-08 06:00,1715148000,1.07585,1.0767,1.07585,1.07625,5483
2024-05-08 07:00,1715151600,1.07625,1.0764,1.0755,1.0757,6363
2024-05-08 08:00,1715155200,1.07565,1.0763,1.0753,1.0762,7288
2024-05-08 09:00,1715158800,1.0762,1.0771,1.0762,1.07695,6866
2024-05-08 10:00,1715162400,1.07695,1.07715,1.07665,1.0767,3726
2024-05-08 11:00,1715166000,1.0767,1.0772,1.0762,1.0764,6856
2024-05-08 12:00,1715169600,1.07645,1.07675,1.0758,1.07675,8592
2024-05-08 13:00,1715173200,1.07675,1.07725,1.07645,1.0769,12425
2024-05-08 14:00,1715176800,1.0769,1.0773,1.07645,1.0768,13015
2024-05-08 15:00,1715180400,1.0767,1.0776,1.0762,1.07725,12906
2024-05-08 16:00,1715184000,1.0773,1.0773,1.07625,1.0764,5715
2024-05-08 17:00,1715187600,1.0764,1.07655,1.0759,1.0761,4808
2024-05-08 18:00,1715191200,1.0761,1.0765,1.0759,1.0763,8679
2024-05-08 19:00,1715194800,1.07635,1.0764,1.07615,1.07635,4103
2024-05-08 20:00,1715198400,1.0763,1.0767,1.0762,1.0767,2418
2024-05-08 22:00,1715205600,1.07675,1.0768,1.07655,1.07655,0
2024-05-08 23:00,1715209200,1.0766,1.07665,1.0763,1.0764,822
2024-05-09 00:00,1715212800,1.07635,1.0764,1.07595,1.076,1623
2024-05-09 01:00,1715216400,1.07595,1.07655,1.07595,1.07645,1531
2024-05-09 02:00,1715220000,1.0764,1.0765,1.0762,1.07645,564
2024-05-09 03:00,1715223600,1.07645,1.07685,1.07635,1.07645,938
2024-05-09 04:00,1715227200,1.07645,1.0767,1.0762,1.07625,1332
2024-05-09 05:00,1715230800,1.07625,1.0763,1.0759,1.07605,1590
2024-05-09 06:00,1715234400,1.07605,1.0761,1.0753,1.07545,4513
2024-05-09 07:00,1715238000,1.0754,1.0758,1.07465,1.07515,7975
2024-05-09 08:00,1715241600,1.0751,1.0752,1.07425,1.0745,7214
2024-05-09 09:00,1715245200,1.0745,1.07485,1.07425,1.07475,4042
2024-05-09 10:00,1715248800,1.07475,1.0755,1.0747,1.07515,4494
2024-05-09 11:00,1715252400,1.0751,1.0753,1.07405,1.0744,13333
2024-05-09 12:00,1715256000,1.0744,1.07795,1.0744,1.07765,31893
2024-05-09 13:00,1715259600,1.0776,1.07845,1.07675,1.0781,21750
2024-05-09 14:00,1715263200,1.0781,1.0797,1.078,1.07925,22255
2024-05-09 15:00,1715266800,1.07925,1.0799,1.0786,1.07875,12628
2024-05-09 16:00,1715270400,1.07875,1.0795,1.0787,1.0793,6309
2024-05-09 17:00,1715274000,1.07925,1.0797,1.079,1.0794,7486
2024-05-09 18:00,1715277600,1.0794,1.07995,1.0792,1.07985,5121
2024-05-09 19:00,1715281200,1.0798,1.08015,1.07975,1.07995,6742
2024-05-09 20:00,1715284800,1.07995,1.08005,1.0798,1.07985,1647
2024-05-09 22:00,1715292000,1.08,1.08025,1.0799,1.08015,0
2024-05-09 23:00,1715295600,1.08015,1.08015,1.0798,1.07985,905
2024-05-10 00:00,1715299200,1.07985,1.07985,1.0793,1.0796,2818
2024-05-10 01:00,1715302800,1.0796,1.0799,1.07925,1.07925,1873
2024-05-10 02:00,1715306400,1.0793,1.0794,1.079,1.0791,2104
2024-05-10 03:00,1715310000,1.0791,1.0793,1.07905,1.07925,684
2024-05-10 04:00,1715313600,1.07925,1.0793,1.07905,1.07905,1044
2024-05-10 05:00,1715317200,1.07905,1.07935,1.079,1.0792,1852
2024-05-10 06:00,1715320800,1.07925,1.07995,1.0788,1.07935,6844
2024-05-10 07:00,1715324400,1.0793,1.08005,1.0793,1.0798,7459
2024-05-10 08:00,1715328000,1.07975,1.08035,1.07955,1.07975,6210
2024-05-10 09:00,1715331600,1.07975,1.0803,1.07955,1.07965,5385
2024-05-10 10:00,1715335200,1.0796,1.07985,1.0792,1.0795,4553
2024-05-10 11:00,1715338800,1.07955,1.0797,1.0792,1.0796,4100
2024-05-10 12:00,1715342400,1.0796,1.0798,1.07825,1.0787,12020
2024-05-10 13:00,1715346000,1.0787,1.08065,1.0786,1.0804,13238
2024-05-10 14:00,1715349600,1.0804,1.0807,1.07765,1.07805,25786
2024-05-10 15:00,1715353200,1.078,1.0789,1.0779,1.0789,13746
2024-05-10 16:00,1715356800,1.0789,1.07955,1.0786,1.0793,7175
2024-05-10 17:00,1715360400,1.07925,1.0794,1.07895,1.07905,6488
2024-05-10 18:00,1715364000,1.07905,1.07905,1.0786,1.079,4381
2024-05-10 19:00,1715367600,1.07895,1.0792,1.0788,1.0788,4213
2024-05-10 20:00,1715371200,1.07885,1.0789,1.0785,1.0788,2253
2024-05-12 22:00,1715551200,1.0788,1.07895,1.0787,1.0789,1149
2024-05-12 23:00,1715554800,1.07885,1.07915,1.0786,1.07865,944
2024-05-13 00:00,1715558400,1.07865,1.0788,1.0784,1.07855,1390
2024-05-13 01:00,1715562000,1.0785,1.0789,1.07825,1.0785,2302
2024-05-13 02:00,1715565600,1.0785,1.0788,1.0782,1.07875,1217
2024-05-13 03:00,1715569200,1.0787,1.07885,1.07855,1.0788,609
2024-05-13 04:00,1715572800,1.07875,1.07885,1.07855,1.07855,609
2024-05-13 05:00,1715576400,1.0786,1.07905,1.0786,1.0789,1053
2024-05-13 06:00,1715580000,1.0789,1.07915,1.07845,1.0786,4494
2024-05-13 07:00,1715583600,1.0786,1.07965,1.0785,1.07915,6396
2024-05-13 08:00,1715587200,1.07915,1.0801,1.079,1.08,5228
2024-05-13 09:00,1715590800,1.08,1.0805,1.07975,1.0799,5324
2024-05-13 10:00,1715594400,1.0799,1.0801,1.0793,1.0798,4642
2024-05-13 11:00,1715598000,1.0798,1.0811,1.07975,1.08055,7042
2024-05-13 12:00,1715601600,1.08055,1.0816,1.0805,1.08145,15038
2024-05-13 13:00,1715605200,1.08145,1.0823,1.0813,1.08205,17235
2024-05-13 14:00,1715608800,1.08205,1.08215,1.0812,1.082,17252
2024-05-13 15:00,1715612400,1.08205,1.08205,1.0805,1.08115,14098
2024-05-13 16:00,1715616000,1.0811,1.0815,1.08095,1.081,6062
2024-05-13 17:00,1715619600,1.08095,1.08105,1.0803,1.0808,5954
2024-05-13 18:00,1715623200,1.08075,1.081,1.0805,1.08055,6349
2024-05-13 19:00,1715626800,1.0806,1.0806,1.08025,1.08045,5973
2024-05-13 20:00,1715630400,1.08045,1.08065,1.0804,1.08055,2024
2024-05-13 22:00,1715637600,1.0807,1.0807,1.0804,1.0805,0
2024-05-13 23:00,1715641200,1.0806,1.0809,1.0805,1.08075,1039
2024-05-14 00:00,1715644800,1.0808,1.0808,1.0801,1.0803,1821
2024-05-14 01:00,1715648400,1.08035,1.0805,1.08,1.0803,1484
2024-05-14 02:00,1715652000,1.0803,1.08035,1.08005,1.0803,1738
2024-05-14 03:00,1715655600,1.08025,1.0804,1.0801,1.0803,756
2024-05-14 04:00,1715659200,1.08035,1.0805,1.0801,1.0801,813
2024-05-14 05:00,1715662800,1.0801,1.0803,1.08,1.0802,2341
2024-05-14 06:00,1715666400,1.08025,1.0805,1.0799,1.08035,5817
2024-05-14 07:00,1715670000,1.08035,1.08045,1.08015,1.08025,5386
2024-05-14 08:00,1715673600,1.08025,1.0803,1.07905,1.0799,11269
2024-05-14 09:00,1715677200,1.07995,1.0809,1.07995,1.0808,7883
2024-05-14 10:00,1715680800,1.08085,1.08145,1.0808,1.0812,5215
2024-05-14 11:00,1715684400,1.0812,1.08145,1.0808,1.08085,6545
2024-05-14 12:00,1715688000,1.08085,1.08265,1.07805,1.0819,42187
2024-05-14 13:00,1715691600,1.0819,1.08385,1.0816,1.0835,34514
2024-05-14 14:00,1715695200,1.0835,1.08415,1.08255,1.08405,21615
2024-05-14 15:00,1715698800,1.084,1.08405,1.08305,1.0834,17074
2024-05-14 16:00,1715702400,1.0834,1.0836,1.08295,1.08325,7684
2024-05-14 17:00,1715706000,1.08325,1.0836,1.08315,1.0835,4813
2024-05-14 18:00,1715709600,1.08345,1.08385,1.08345,1.08355,6323
2024-05-14 19:00,1715713200,1.08355,1.08375,1.0835,1.0836,4710
2024-05-14 20:00,1715716800,1.08355,1.0837,1.08335,1.0836,6365
2024-05-14 22:00,1715724000,1.0834,1.0834,1.08315,1.08325,0
2024-05-14 23:00,1715727600,1.08325,1.08325,1.0829,1.08295,1141
2024-05-15 00:00,1715731200,1.0829,1.08335,1.08285,1.08325,2647
2024-05-15 01:00,1715734800,1.0832,1.0838,1.0832,1.08375,1394
2024-05-15 02:00,1715738400,1.0838,1.0842,1.08355,1.08405,2509
2024-05-15 03:00,1715742000,1.08405,1.0843,1.084,1.08415,2021
2024-05-15 04:00,1715745600,1.08415,1.08415,1.08355,1.08365,1031
2024-05-15 05:00,1715749200,1.08365,1.0843,1.08365,1.0842,1957
2024-05-15 06:00,1715752800,1.08425,1.0846,1.0838,1.08455,5688
2024-05-15 07:00,1715756400,1.08455,1.08475,1.08405,1.08415,9643
2024-05-15 08:00,1715760000,1.0841,1.085,1.0841,1.0845,9146
2024-05-15 09:00,1715763600,1.08455,1.0847,1.084,1.08435,9273
2024-05-15 10:00,1715767200,1.08435,1.0845,1.08385,1.084,9084
2024-05-15 11:00,1715770800,1.08395,1.0845,1.0837,1.08445,10093
2024-05-15 12:00,1715774400,1.0845,1.0885,1.08435,1.08765,47773
2024-05-15 13:00,1715778000,1.0877,1.08815,1.0847,1.08505,32707
2024-05-15 14:00,1715781600,1.0851,1.08755,1.0849,1.0873,22135
2024-05-15 15:00,1715785200,1.08725,1.089,1.0871,1.0875,23926
2024-05-15 16:00,1715788800,1.0875,1.0889,1.08715,1.08875,10290
2024-05-15 17:00,1715792400,1.08875,1.0896,1.08865,1.0895,11187
2024-05-15 18:00,1715796000,1.0895,1.0896,1.08885,1.0894,6856
2024-05-15 19:00,1715799600,1.0894,1.08985,1.0893,1.08975,5556
2024-05-15 20:00,1715803200,1.08975,1.09015,1.0897,1.09005,4817
2024-05-15 22:00,1715810400,1.08995,1.0904,1.08985,1.09025,0
2024-05-15 23:00,1715814000,1.09035,1.09045,1.09015,1.0902,2780
2024-05-16 00:00,1715817600,1.09025,1.09095,1.09005,1.0908,5574
2024-05-16 01:00,1715821200,1.0908,1.0908,1.08985,1.09005,4735
2024-05-16 02:00,1715824800,1.09005,1.0902,1.08955,1.09015,2421
2024-05-16 03:00,1715828400,1.0901,1.09035,1.09,1.0902,2153
2024-05-16 04:00,1715832000,1.09015,1.09015,1.08985,1.0899,1582
2024-05-16 05:00,1715835600,1.0899,1.08995,1.08935,1.0894,3736
2024-05-16 06:00,1715839200,1.08935,1.08975,1.0889,1.08905,10985
2024-05-16 07:00,1715842800,1.08905,1.08965,1.08875,1.08885,16246
2024-05-16 08:00,1715846400,1.08885,1.08905,1.088,1.08875,10171
2024-05-16 09:00,1715850000,1.08875,1.0889,1.08825,1.0884,5781
2024-05-16 10:00,1715853600,1.08835,1.08875,1.08805,1.08865,4605
2024-05-16 11:00,1715857200,1.0886,1.0889,1.0876,1.0881,11601
2024-05-16 12:00,1715860800,1.0881,1.0888,1.08745,1.0877,20328
2024-05-16 13:00,1715864400,1.08775,1.08805,1.08685,1.08695,18303
2024-05-16 14:00,1715868000,1.087,1.08845,1.0868,1.08845,25108
2024-05-16 15:00,1715871600,1.0884,1.08895,1.08805,1.08895,14379
2024-05-16 16:00,1715875200,1.08885,1.08895,1.0884,1.08875,6024
2024-05-16 17:00,1715878800,1.08875,1.08895,1.0882,1.08845,6791
2024-05-16 18:00,1715882400,1.08845,1.08855,1.088,1.08855,5530
2024-05-16 19:00,1715886000,1.0885,1.0885,1.0881,1.0881,4777
2024-05-16 20:00,1715889600,1.08805,1.08815,1.08785,1.08805,2378
2024-05-16 22:00,1715896800,1.08815,1.08825,1.08795,1.08815,0
2024-05-16 23:00,1715900400,1.08815,1.08815,1.08795,1.08815,1121
2024-05-17 00:00,1715904000,1.08815,1.0882,1.08735,1.08765,3722
2024-05-17 01:00,1715907600,1.08765,1.0877,1.0871,1.0873,2030
2024-05-17 02:00,1715911200,1.08735,1.0874,1.0868,1.0871,2657
2024-05-17 03:00,1715914800,1.0871,1.0875,1.08705,1.0872,1131
2024-05-17 04:00,1715918400,1.0873,1.0873,1.0869,1.087,1391
2024-05-17 05:00,1715922000,1.08695,1.0876,1.08695,1.08745,2333
2024-05-17 06:00,1715925600,1.0875,1.088,1.08715,1.08765,6663
2024-05-17 07:00,1715929200,1.08765,1.0882,1.0871,1.08725,9708
2024-05-17 08:00,1715932800,1.0872,1.0873,1.0855,1.0858,10804
2024-05-17 09:00,1715936400,1.0858,1.08605,1.08545,1.08585,5714
2024-05-17 10:00,1715940000,1.0858,1.0858,1.08495,1.08515,7823
2024-05-17 11:00,1715943600,1.0852,1.08585,1.08495,1.0857,8166
2024-05-17 12:00,1715947200,1.0857,1.08595,1.0852,1.0856,10015
2024-05-17 13:00,1715950800,1.08565,1.087,1.08565,1.0869,17854
2024-05-17 14:00,1715954400,1.0869,1.0891,1.0868,1.089,21316
2024-05-17 15:00,1715958000,1.08895,1.0891,1.0879,1.0882,19567
2024-05-17 16:00,1715961600,1.0882,1.0888,1.08805,1.0882,6621
2024-05-17 17:00,1715965200,1.0882,1.08875,1.0882,1.0887,5070
2024-05-17 18:00,1715968800,1.0887,1.08905,1.08855,1.0889,6026
2024-05-17 19:00,1715972400,1.0889,1.089,1.08845,1.0886,7146
2024-05-17 20:00,1715976000,1.0886,1.08865,1.0882,1.08825,3252
2024-05-19 22:00,1716156000,1.08825,1.08865,1.0881,1.08835,971
2024-05-19 23:00,1716159600,1.0884,1.08875,1.08835,1.0886,1278
2024-05-20 00:00,1716163200,1.08855,1.089,1.0882,1.0888,2552
2024-05-20 01:00,1716166800,1.0888,1.089,1.0885,1.08885,2060
2024-05-20 02:00,1716170400,1.0888,1.08885,1.08845,1.08875,1975
2024-05-20 03:00,1716174000,1.08875,1.0892,1.0886,1.0891,1366
2024-05-20 04:00,1716177600,1.0891,1.08955,1.0891,1.08935,2327
2024-05-20 05:00,1716181200,1.08935,1.08955,1.08925,1.08935,2532
2024-05-20 06:00,1716184800,1.0893,1.08975,1.08905,1.0892,6543
2024-05-20 07:00,1716188400,1.0891,1.0894,1.08825,1.0886,11081
2024-05-20 08:00,1716192000,1.0886,1.08895,1.08845,1.0888,3694
2024-05-20 09:00,1716195600,1.08875,1.0888,1.088,1.0882,7081
2024-05-20 10:00,1716199200,1.08835,1.0887,1.0883,1.08835,4771
2024-05-20 11:00,1716202800,1.0884,1.0885,1.0873,1.08735,8169
2024-05-20 12:00,1716206400,1.08735,1.0876,1.0867,1.0871,13565
2024-05-20 13:00,1716210000,1.0871,1.08805,1.0871,1.08785,11038
2024-05-20 14:00,1716213600,1.08785,1.0883,1.0876,1.08785,11134
2024-05-20 15:00,1716217200,1.0878,1.08785,1.0871,1.0874,12035
2024-05-20 16:00,1716220800,1.0874,1.08795,1.08725,1.0879,3887
2024-05-20 17:00,1716224400,1.0879,1.08835,1.0876,1.0877,6738
2024-05-20 18:00,1716228000,1.08775,1.088,1.0874,1.08785,7692
2024-05-20 19:00,1716231600,1.08785,1.08785,1.08725,1.0873,4423
2024-05-20 20:00,1716235200,1.08725,1.08735,1.08695,1.087,3238
2024-05-20 22:00,1716242400,1.08715,1.08725,1.0869,1.08715,0
2024-05-20 23:00,1716246000,1.08715,1.08735,1.0871,1.08735,833
2024-05-21 00:00,1716249600,1.08735,1.0875,1.08695,1.0874,2772
2024-05-21 01:00,1716253200,1.0874,1.0874,1.0868,1.08685,1584
2024-05-21 02:00,1716256800,1.08685,1.08695,1.08635,1.0868,2718
2024-05-21 03:00,1716260400,1.0868,1.08695,1.0867,1.08685,799
2024-05-21 04:00,1716264000,1.08685,1.0873,1.08685,1.08715,974
2024-05-21 05:00,1716267600,1.08715,1.0874,1.0869,1.08715,1806
2024-05-21 06:00,1716271200,1.0871,1.0876,1.08695,1.0874,4527
2024-05-21 07:00,1716274800,1.08745,1.08795,1.0872,1.0877,6936
2024-05-21 08:00,1716278400,1.0877,1.08825,1.0873,1.08795,7609
2024-05-21 09:00,1716282000,1.08795,1.08875,1.08785,1.0885,6764
2024-05-21 10:00,1716285600,1.0885,1.0886,1.08785,1.08795,4982
2024-05-21 11:00,1716289200,1.08795,1.08825,1.0877,1.0881,8211
2024-05-21 12:00,1716292800,1.08815,1.08835,1.08675,1.087,11765
2024-05-21 13:00,1716296400,1.087,1.08735,1.08555,1.08625,30823
2024-05-21 14:00,1716300000,1.08625,1.08745,1.0859,1.0872,14104
2024-05-21 15:00,1716303600,1.0872,1.0874,1.08655,1.0867,11339
2024-05-21 16:00,1716307200,1.0867,1.08695,1.08645,1.08665,5740
2024-05-21 17:00,1716310800,1.08665,1.0867,1.0859,1.08655,4044
2024-05-21 18:00,1716314400,1.0866,1.0868,1.08625,1.0865,4840
2024-05-21 19:00,1716318000,1.0865,1.0869,1.08635,1.08685,3223
2024-05-21 20:00,1716321600,1.0869,1.08695,1.0866,1.0866,2119
2024-05-21 22:00,1716328800,1.0868,1.087,1.08665,1.087,0
2024-05-21 23:00,1716332400,1.087,1.08715,1.0866,1.0866,1089
2024-05-22 00:00,1716336000,1.0866,1.0872,1.0866,1.087,1091
2024-05-22 01:00,1716339600,1.08695,1.08735,1.08675,1.08725,1503
2024-05-22 02:00,1716343200,1.08725,1.08755,1.0869,1.08715,2291
2024-05-22 03:00,1716346800,1.08715,1.08715,1.0866,1.08685,1669
2024-05-22 04:00,1716350400,1.0868,1.0868,1.0865,1.0866,928
2024-05-22 05:00,1716354000,1.08655,1.0869,1.08645,1.0868,1727
2024-05-22 06:00,1716357600,1.08685,1.0876,1.08675,1.0874,10597
2024-05-22 07:00,1716361200,1.0874,1.0876,1.08625,1.087,9362
2024-05-22 08:00,1716364800,1.08695,1.087,1.08585,1.08605,7420
2024-05-22 09:00,1716368400,1.08605,1.08625,1.08535,1.0856,6790
2024-05-22 10:00,1716372000,1.0856,1.08585,1.0849,1.085,8995
2024-05-22 11:00,1716375600,1.085,1.08505,1.0834,1.08395,14975
2024-05-22 12:00,1716379200,1.08395,1.0849,1.08385,1.08445,17124
2024-05-22 13:00,1716382800,1.08445,1.08535,1.08445,1.08475,14636
2024-05-22 14:00,1716386400,1.0848,1.08525,1.0844,1.08455,15160
2024-05-22 15:00,1716390000,1.08465,1.08545,1.08455,1.0848,15635
2024-05-22 16:00,1716393600,1.0849,1.0857,1.0848,1.08545,8279
2024-05-22 17:00,1716397200,1.08545,1.0859,1.08465,1.08495,4717
2024-05-22 18:00,1716400800,1.08505,1.0851,1.08295,1.08335,16918
2024-05-22 19:00,1716404400,1.0834,1.08345,1.08295,1.08335,6758
2024-05-22 20:00,1716408000,1.0833,1.0836,1.08325,1.0834,3926
2024-05-22 22:00,1716415200,1.0837,1.0837,1.0834,1.08355,0
2024-05-22 23:00,1716418800,1.0836,1.08375,1.08345,1.0836,936
2024-05-23 00:00,1716422400,1.08355,1.08395,1.08355,1.0836,1963
2024-05-23 01:00,1716426000,1.0836,1.08405,1.0835,1.08385,1670
2024-05-23 02:00,1716429600,1.0838,1.08395,1.08325,1.08395,1822
2024-05-23 03:00,1716433200,1.0839,1.0842,1.0838,1.08415,1340
2024-05-23 04:00,1716436800,1.0841,1.08435,1.08375,1.08375,1461
2024-05-23 05:00,1716440400,1.0837,1.0839,1.0834,1.08345,1753
2024-05-23 06:00,1716444000,1.08345,1.08385,1.08325,1.08375,5123
2024-05-23 07:00,1716447600,1.0838,1.0846,1.0823,1.084,25949
2024-05-23 08:00,1716451200,1.08395,1.08555,1.08385,1.08495,11784
2024-05-23 09:00,1716454800,1.08495,1.08585,1.0844,1.08565,11714
2024-05-23 10:00,1716458400,1.08565,1.0859,1.08545,1.08565,4975
2024-05-23 11:00,1716462000,1.08555,1.08635,1.0854,1.08615,5997
2024-05-23 12:00,1716465600,1.0861,1.087,1.0856,1.08635,13877
2024-05-23 13:00,1716469200,1.08635,1.0872,1.0839,1.08445,42907
2024-05-23 14:00,1716472800,1.0845,1.0853,1.08335,1.0835,27701
2024-05-23 15:00,1716476400,1.08355,1.0841,1.0831,1.0837,10233
2024-05-23 16:00,1716480000,1.08365,1.08415,1.08285,1.08285,9120
2024-05-23 17:00,1716483600,1.0829,1.0831,1.0819,1.0822,8422
2024-05-23 18:00,1716487200,1.0822,1.08245,1.0815,1.08155,9772
2024-05-23 19:00,1716490800,1.08155,1.0822,1.0815,1.0821,8068
2024-05-23 20:00,1716494400,1.082,1.08265,1.08195,1.0826,2742
2024-05-23 22:00,1716501600,1.0825,1.0825,1.08225,1.0824,0
2024-05-23 23:00,1716505200,1.08235,1.08255,1.0822,1.0822,788
2024-05-24 00:00,1716508800,1.0822,1.08235,1.0818,1.0821,2373
2024-05-24 01:00,1716512400,1.0821,1.08245,1.08185,1.0821,2474
2024-05-24 02:00,1716516000,1.08215,1.08215,1.0818,1.08195,1402
2024-05-24 03:00,1716519600,1.0819,1.08195,1.0816,1.0817,1062
2024-05-24 04:00,1716523200,1.0817,1.0821,1.0817,1.082,1152
2024-05-24 05:00,1716526800,1.08195,1.0822,1.0818,1.08215,1837
2024-05-24 06:00,1716530400,1.0821,1.08285,1.0819,1.08235,8018
2024-05-24 07:00,1716534000,1.08235,1.0836,1.08235,1.08345,6557
2024-05-24 08:00,1716537600,1.08345,1.08385,1.083,1.0835,7364
2024-05-24 09:00,1716541200,1.0835,1.0842,1.08345,1.0839,6409
2024-05-24 10:00,1716544800,1.0839,1.0855,1.0838,1.0851,8360
2024-05-24 11:00,1716548400,1.0851,1.0854,1.0845,1.08515,9631
2024-05-24 12:00,1716552000,1.0852,1.08645,1.0848,1.0862,20219
2024-05-24 13:00,1716555600,1.0862,1.08645,1.08525,1.08535,16674
2024-05-24 14:00,1716559200,1.08545,1.0861,1.08525,1.08565,15466
2024-05-24 15:00,1716562800,1.0857,1.0867,1.0856,1.0862,10101
2024-05-24 16:00,1716566400,1.08615,1.08685,1.0857,1.0858,6556
2024-05-24 17:00,1716570000,1.08575,1.08635,1.0857,1.08625,3586
2024-05-24 18:00,1716573600,1.0863,1.08645,1.08585,1.086,5279
2024-05-24 19:00,1716577200,1.08605,1.0861,1.08585,1.08595,4981
2024-05-24 20:00,1716580800,1.08595,1.086,1.08565,1.08585,2222
2024-05-26 22:00,1716760800,1.08585,1.08615,1.0856,1.08605,975
2024-05-26 23:00,1716764400,1.08605,1.0861,1.08565,1.0857,1092
2024-05-27 00:00,1716768000,1.08575,1.08595,1.0857,1.0859,1612
2024-05-27 01:00,1716771600,1.0859,1.08615,1.0859,1.086,1117
2024-05-27 02:00,1716775200,1.086,1.08625,1.08585,1.086,690
2024-05-27 03:00,1716778800,1.08605,1.0861,1.08575,1.08585,705
2024-05-28 04:00,1716868800,1.08885,1.0891,1.08855,1.0886,7200
2024-05-28 05:00,1716872400,1.08865,1.0888,1.08825,1.0885,3588
2024-05-28 06:00,1716876000,1.08845,1.08905,1.0884,1.0885,5376
2024-05-28 07:00,1716879600,1.08855,1.0889,1.08815,1.08875,11442
2024-05-28 08:00,1716883200,1.0887,1.08885,1.0877,1.088,10383
2024-05-28 09:00,1716886800,1.088,1.08875,1.08775,1.0887,7954
2024-05-28 10:00,1716890400,1.08865,1.08895,1.08855,1.0888,6479
2024-05-28 11:00,1716894000,1.08885,1.0899,1.0888,1.0894,12209
2024-05-28 12:00,1716897600,1.0894,1.08945,1.0885,1.08865,14341
2024-05-28 13:00,1716901200,1.08865,1.089,1.08735,1.08745,23211
2024-05-28 14:00,1716904800,1.08745,1.0887,1.08675,1.0885,23414
2024-05-28 15:00,1716908400,1.08845,1.08895,1.0881,1.08885,11380
2024-05-28 16:00,1716912000,1.08885,1.08885,1.08805,1.0885,7011
2024-05-28 17:00,1716915600,1.08845,1.08855,1.08745,1.0875,7085
2024-05-28 18:00,1716919200,1.0875,1.0875,1.0865,1.0868,9845
2024-05-28 19:00,1716922800,1.0868,1.08715,1.08655,1.0871,5704
2024-05-28 20:00,1716926400,1.08705,1.08715,1.08655,1.0866,2152
2024-05-28 22:00,1716933600,1.0868,1.08715,1.08635,1.08655,0
2024-05-28 23:00,1716937200,1.0866,1.0866,1.08605,1.0861,1759
2024-05-29 00:00,1716940800,1.0861,1.08615,1.0857,1.08605,3221
2024-05-29 01:00,1716944400,1.08605,1.08665,1.0859,1.08615,3532
2024-05-29 02:00,1716948000,1.0861,1.08635,1.08555,1.0856,1936
2024-05-29 03:00,1716951600,1.08555,1.08575,1.08555,1.0857,1559
2024-05-29 04:00,1716955200,1.08565,1.0858,1.08535,1.08575,2294
2024-05-29 05:00,1716958800,1.08575,1.08585,1.08535,1.0854,2281
2024-05-29 06:00,1716962400,1.08545,1.0865,1.08545,1.08615,7638
2024-05-29 07:00,1716966000,1.0862,1.08685,1.08605,1.08615,11416
2024-05-29 08:00,1716969600,1.08615,1.08615,1.08425,1.08465,25429
2024-05-29 09:00,1716973200,1.08465,1.0866,1.0846,1.0861,11007
2024-05-29 10:00,1716976800,1.0861,1.0862,1.08505,1.08565,9502
2024-05-29 11:00,1716980400,1.0856,1.0861,1.08445,1.0859,8716
2024-05-29 12:00,1716984000,1.08595,1.0868,1.0856,1.0856,16365
2024-05-29 13:00,1716987600,1.0856,1.08565,1.08415,1.0848,33167
2024-05-29 14:00,1716991200,1.0848,1.08515,1.08205,1.08245,40167
2024-05-29 15:00,1716994800,1.0824,1.08265,1.0818,1.08205,27012
2024-05-29 16:00,1716998400,1.08205,1.08265,1.08165,1.0825,13473
2024-05-29 17:00,1717002000,1.08245,1.08255,1.08165,1.08225,8308
2024-05-29 18:00,1717005600,1.08225,1.08245,1.0814,1.0815,8168
2024-05-29 19:00,1717009200,1.08155,1.08155,1.0809,1.0811,10260
2024-05-29 20:00,1717012800,1.0811,1.08125,1.0809,1.08105,4234
2024-05-29 22:00,1717020000,1.0812,1.0812,1.08075,1.08085,0
2024-05-29 23:00,1717023600,1.0809,1.081,1.0807,1.0809,1534
2024-05-30 00:00,1717027200,1.08085,1.08085,1.0803,1.0804,4438
2024-05-30 01:00,1717030800,1.0804,1.0812,1.08035,1.0806,3601
2024-05-30 02:00,1717034400,1.0806,1.08075,1.08015,1.0805,2290
2024-05-30 03:00,1717038000,1.08055,1.08065,1.0804,1.08055,1281
2024-05-30 04:00,1717041600,1.08055,1.0806,1.07995,1.08035,3050
2024-05-30 05:00,1717045200,1.08035,1.08035,1.0796,1.07975,3494
2024-05-30 06:00,1717048800,1.07975,1.0804,1.0797,1.0803,9598
2024-05-30 07:00,1717052400,1.0803,1.0819,1.08005,1.0816,23544
2024-05-30 08:00,1717056000,1.0816,1.0826,1.0811,1.08225,12612
2024-05-30 09:00,1717059600,1.0823,1.0826,1.0819,1.08205,7496
2024-05-30 10:00,1717063200,1.082,1.0828,1.08165,1.08255,9704
2024-05-30 11:00,1717066800,1.0825,1.08295,1.08215,1.08265,6953
2024-05-30 12:00,1717070400,1.0826,1.08405,1.0821,1.08365,22824
2024-05-30 13:00,1717074000,1.0837,1.08415,1.08335,1.0837,20205
2024-05-30 14:00,1717077600,1.08375,1.08525,1.0836,1.08485,25684
2024-05-30 15:00,1717081200,1.08485,1.0853,1.0844,1.08445,20095
2024-05-30 16:00,1717084800,1.08445,1.085,1.08435,1.0848,8490
2024-05-30 17:00,1717088400,1.0848,1.0851,1.08465,1.0847,5865
2024-05-30 18:00,1717092000,1.0847,1.08475,1.0843,1.0845,7803
2024-05-30 19:00,1717095600,1.08445,1.08445,1.0835,1.0838,14901
2024-05-30 20:00,1717099200,1.08375,1.08445,1.08365,1.08445,2376
2024-05-30 22:00,1717106400,1.084,1.08415,1.08395,1.08405,0
2024-05-30 23:00,1717110000,1.0841,1.0841,1.08385,1.08385,1571
2024-05-31 00:00,1717113600,1.08385,1.08405,1.0837,1.0839,2821
2024-05-31 01:00,1717117200,1.08395,1.08405,1.08275,1.0828,3871
2024-05-31 02:00,1717120800,1.08275,1.083,1.0818,1.0818,5428
2024-05-31 03:00,1717124400,1.08185,1.08275,1.08185,1.08265,3249
2024-05-31 04:00,1717128000,1.08265,1.08445,1.08225,1.0826,1220
2024-05-31 05:00,1717131600,1.08255,1.08285,1.08245,1.08265,2318
2024-05-31 06:00,1717135200,1.0827,1.08325,1.0822,1.0831,7706
2024-05-31 07:00,1717138800,1.0831,1.08325,1.08235,1.083,9664
2024-05-31 08:00,1717142400,1.083,1.0846,1.08295,1.0842,13179
2024-05-31 09:00,1717146000,1.0842,1.0855,1.08415,1.08545,14426
2024-05-31 10:00,1717149600,1.0855,1.0859,1.0853,1.0857,6762
2024-05-31 11:00,1717153200,1.0857,1.08625,1.08555,1.086,10948
2024-05-31 12:00,1717156800,1.08605,1.089,1.08565,1.08875,41797
2024-05-31 13:00,1717160400,1.0888,1.08885,1.0873,1.0876,36323
2024-05-31 14:00,1717164000,1.0876,1.0885,1.0858,1.0863,46831
2024-05-31 15:00,1717167600,1.08625,1.0866,1.0849,1.08535,25821
2024-05-31 16:00,1717171200,1.0853,1.08595,1.0847,1.0855,10444
2024-05-31 17:00,1717174800,1.0855,1.086,1.08525,1.08545,5848
2024-05-31 18:00,1717178400,1.08545,1.0856,1.08485,1.085,6740
2024-05-31 19:00,1717182000,1.085,1.08585,1.08475,1.0858,9368
2024-05-31 20:00,1717185600,1.0858,1.08595,1.0853,1.08565,4313
2024-06-02 22:00,1717365600,1.08575,1.08615,1.08545,1.08585,1782
2024-06-02 23:00,1717369200,1.08585,1.086,1.0857,1.08595,1072
2024-06-03 00:00,1717372800,1.08595,1.08645,1.0858,1.08635,2945
2024-06-03 01:00,1717376400,1.08635,1.08655,1.08615,1.08645,2520
2024-06-03 02:00,1717380000,1.0865,1.0865,1.0859,1.0861,2614
2024-06-03 03:00,1717383600,1.0861,1.08635,1.0856,1.08565,1613
2024-06-03 04:00,1717387200,1.08565,1.08615,1.0856,1.08595,1624
2024-06-03 05:00,1717390800,1.08585,1.0861,1.0855,1.0859,2009
2024-06-03 06:00,1717394400,1.08595,1.08655,1.0853,1.0863,10654
2024-06-03 07:00,1717398000,1.08635,1.08655,1.0847,1.0847,11118
2024-06-03 08:00,1717401600,1.08465,1.0849,1.084,1.0847,11850
2024-06-03 09:00,1717405200,1.0847,1.0848,1.0839,1.08415,7620
2024-06-03 10:00,1717408800,1.08415,1.0846,1.08345,1.0844,9212
2024-06-03 11:00,1717412400,1.0844,1.08515,1.0844,1.085,21250
2024-06-03 12:00,1717416000,1.08505,1.0857,1.08475,1.0851,13068
2024-06-03 13:00,1717419600,1.08515,1.08605,1.08515,1.08585,11992
2024-06-03 14:00,1717423200,1.08605,1.089,1.08605,1.0877,57901
2024-06-03 15:00,1717426800,1.0877,1.08975,1.08765,1.0897,20655
2024-06-03 16:00,1717430400,1.08965,1.08975,1.0888,1.08925,14343
2024-06-03 17:00,1717434000,1.0892,1.0896,1.08885,1.0895,7018
2024-06-03 18:00,1717437600,1.0895,1.0905,1.0894,1.09045,16975
2024-06-03 19:00,1717441200,1.09045,1.09075,1.0903,1.0907,8165
2024-06-03 20:00,1717444800,1.0907,1.0912,1.09065,1.0912,5517
2024-06-03 22:00,1717452000,1.0912,1.09165,1.091,1.09135,0
2024-06-03 23:00,1717455600,1.09135,1.0916,1.09125,1.0914,2368
2024-06-04 00:00,1717459200,1.0914,1.0923,1.0914,1.09195,6211
2024-06-04 01:00,1717462800,1.09195,1.092,1.09135,1.09145,3223
2024-06-04 02:00,1717466400,1.09145,1.0915,1.09115,1.09145,2408
2024-06-04 03:00,1717470000,1.09145,1.09165,1.09135,1.0914,2358
2024-06-04 04:00,1717473600,1.09145,1.09165,1.0913,1.09155,2776
2024-06-04 05:00,1717477200,1.09155,1.09175,1.09095,1.09095,3537
2024-06-04 06:00,1717480800,1.091,1.09115,1.0903,1.0904,12821
2024-06-04 07:00,1717484400,1.09035,1.09055,1.08915,1.0897,18418
2024-06-04 08:00,1717488000,1.08965,1.08975,1.08805,1.08875,18510
2024-06-04 09:00,1717491600,1.0887,1.08885,1.0876,1.08785,17697
2024-06-04 10:00,1717495200,1.0878,1.0878,1.0869,1.0873,20984
2024-06-04 11:00,1717498800,1.0873,1.0877,1.08655,1.0868,15518
2024-06-04 12:00,1717502400,1.0868,1.08765,1.0868,1.0871,15359
2024-06-04 13:00,1717506000,1.0871,1.08785,1.08685,1.08725,16363
2024-06-04 14:00,1717509600,1.08745,1.08885,1.08695,1.08865,38166
2024-06-04 15:00,1717513200,1.0886,1.089,1.0881,1.0884,23959
2024-06-04 16:00,1717516800,1.0884,1.089,1.0884,1.08865,13406
2024-06-04 17:00,1717520400,1.08865,1.08945,1.0885,1.08895,7563
2024-06-04 18:00,1717524000,1.08895,1.0893,1.08865,1.0889,6813
2024-06-04 19:00,1717527600,1.0889,1.08895,1.0885,1.0888,9390
2024-06-04 20:00,1717531200,1.08875,1.0889,1.08845,1.0889,2944
2024-06-04 22:00,1717538400,1.0885,1.08865,1.08845,1.0886,0
2024-06-04 23:00,1717542000,1.0886,1.0888,1.08855,1.0888,1384
2024-06-05 00:00,1717545600,1.08875,1.0892,1.08845,1.089,2785
2024-06-05 01:00,1717549200,1.08905,1.0892,1.0887,1.089,2467
2024-06-05 02:00,1717552800,1.089,1.08915,1.0889,1.08895,1310
2024-06-05 03:00,1717556400,1.08895,1.089,1.0883,1.08845,2779
2024-06-05 04:00,1717560000,1.08845,1.0887,1.08835,1.08865,1071
2024-06-05 05:00,1717563600,1.08865,1.0888,1.0882,1.08855,1954
2024-06-05 06:00,1717567200,1.0885,1.08865,1.0878,1.0882,6392
2024-06-05 07:00,1717570800,1.0882,1.0886,1.0877,1.08775,8390
2024-06-05 08:00,1717574400,1.08775,1.08835,1.08765,1.0882,9352
2024-06-05 09:00,1717578000,1.0882,1.08835,1.0878,1.08795,13295
2024-06-05 10:00,1717581600,1.08795,1.08795,1.0871,1.08745,7952
2024-06-05 11:00,1717585200,1.08745,1.0875,1.08655,1.08745,15130
2024-06-05 12:00,1717588800,1.08745,1.08905,1.08745,1.08905,17880
2024-06-05 13:00,1717592400,1.089,1.0898,1.08875,1.08965,19279
2024-06-05 14:00,1717596000,1.0896,1.0896,1.0868,1.0872,39839
2024-06-05 15:00,1717599600,1.08725,1.0877,1.08685,1.08715,16815
2024-06-05 16:00,1717603200,1.08705,1.08745,1.08605,1.08705,17414
2024-06-05 17:00,1717606800,1.08705,1.08735,1.0867,1.08735,6399
2024-06-05 18:00,1717610400,1.08735,1.08835,1.0872,1.08815,8310
2024-06-05 19:00,1717614000,1.0882,1.08825,1.0879,1.08805,5850
2024-06-05 20:00,1717617600,1.08805,1.08805,1.0874,1.0874,3900
2024-06-05 22:00,1717624800,1.0874,1.08775,1.0874,1.08775,0
2024-06-05 23:00,1717628400,1.0878,1.0879,1.08775,1.08785,1288
2024-06-06 00:00,1717632000,1.0879,1.08875,1.08785,1.08865,2229
2024-06-06 01:00,1717635600,1.0887,1.08995,1.0887,1.08995,8121
2024-06-06 02:00,1717639200,1.08995,1.0901,1.0893,1.0897,4846
2024-06-06 03:00,1717642800,1.08965,1.08985,1.08945,1.08955,1344
2024-06-06 04:00,1717646400,1.08955,1.08955,1.08915,1.0892,2194
2024-06-06 05:00,1717650000,1.0892,1.08925,1.08875,1.08895,2412
2024-06-06 06:00,1717653600,1.089,1.089,1.0882,1.0889,7974
2024-06-06 07:00,1717657200,1.0889,1.0893,1.0881,1.08835,11627
2024-06-06 08:00,1717660800,1.08825,1.08835,1.0876,1.08825,8052
2024-06-06 09:00,1717664400,1.0882,1.08865,1.08805,1.08845,4885
2024-06-06 10:00,1717668000,1.0885,1.0887,1.08805,1.08815,3536
2024-06-06 11:00,1717671600,1.08815,1.08815,1.08665,1.08725,12084
2024-06-06 12:00,1717675200,1.08725,1.09075,1.0869,1.08865,40094
2024-06-06 13:00,1717678800,1.0886,1.0896,1.08765,1.089,31391
2024-06-06 14:00,1717682400,1.08905,1.08965,1.08775,1.0883,20505
2024-06-06 15:00,1717686000,1.0883,1.08915,1.08825,1.0887,11328
2024-06-06 16:00,1717689600,1.08865,1.08925,1.08845,1.0887,5758
2024-06-06 17:00,1717693200,1.08865,1.08985,1.08855,1.0897,8693
2024-06-06 18:00,1717696800,1.08965,1.0899,1.08905,1.0898,8525
2024-06-06 19:00,1717700400,1.0898,1.0899,1.0893,1.08935,6906
2024-06-06 20:00,1717704000,1.0894,1.0898,1.08935,1.0894,0
2024-06-06 22:00,1717711200,1.08955,1.08975,1.08955,1.08965,866
2024-06-06 23:00,1717714800,1.08965,1.0897,1.0895,1.0896,868
2024-06-07 00:00,1717718400,1.0896,1.08965,1.08915,1.08935,1593
2024-06-07 01:00,1717722000,1.0894,1.09,1.08915,1.09,2619
2024-06-07 02:00,1717725600,1.09,1.09025,1.08985,1.09015,1723
2024-06-07 03:00,1717729200,1.0901,1.0902,1.0898,1.08985,1162
2024-06-07 04:00,1717732800,1.0899,1.0901,1.0898,1.09,1120
2024-06-07 05:00,1717736400,1.08995,1.09,1.0894,1.0895,1986
2024-06-07 06:00,1717740000,1.08955,1.0901,1.0892,1.0897,4706
2024-06-07 07:00,1717743600,1.08965,1.0903,1.0894,1.0897,8573
2024-06-07 08:00,1717747200,1.0897,1.08975,1.08875,1.08935,11794
2024-06-07 09:00,1717750800,1.0893,1.0901,1.08925,1.0896,8600
2024-06-07 10:00,1717754400,1.0896,1.08985,1.08925,1.0893,8125
2024-06-07 11:00,1717758000,1.0893,1.0906,1.08915,1.0903,9354
2024-06-07 12:00,1717761600,1.0903,1.0919,1.0828,1.0837,89938
2024-06-07 13:00,1717765200,1.0837,1.084,1.0822,1.08235,43216
2024-06-07 14:00,1717768800,1.0824,1.08295,1.08145,1.08165,33923
2024-06-07 15:00,1717772400,1.08165,1.08175,1.0808,1.0811,23726
2024-06-07 16:00,1717776000,1.0811,1.08165,1.08075,1.08095,10049
2024-06-07 17:00,1717779600,1.08095,1.0811,1.0805,1.08095,6125
2024-06-07 18:00,1717783200,1.08095,1.08115,1.0805,1.081,10571
2024-06-07 19:00,1717786800,1.08095,1.08115,1.0804,1.08045,9823
2024-06-07 20:00,1717790400,1.0805,1.0808,1.08035,1.0806,4137
2024-06-09 22:00,1717970400,1.07745,1.0783,1.0769,1.07815,7291
2024-06-09 23:00,1717974000,1.07815,1.0784,1.07795,1.07825,3047
2024-06-10 00:00,1717977600,1.07825,1.07855,1.0778,1.07815,3676
2024-06-10 01:00,1717981200,1.0782,1.0784,1.07765,1.0779,2887
2024-06-10 02:00,1717984800,1.0779,1.0779,1.0771,1.07715,1863
2024-06-10 03:00,1717988400,1.07715,1.0772,1.07595,1.07595,3340
2024-06-10 04:00,1717992000,1.07595,1.07595,1.07515,1.07585,6146
2024-06-10 05:00,1717995600,1.07585,1.07595,1.0752,1.07575,5899
2024-06-10 06:00,1717999200,1.0757,1.07625,1.07525,1.0756,15548
2024-06-10 07:00,1718002800,1.07555,1.07705,1.07515,1.07685,24187
2024-06-10 08:00,1718006400,1.0768,1.0772,1.07585,1.07605,14287
2024-06-10 09:00,1718010000,1.07605,1.07625,1.07445,1.0747,15268
2024-06-10 10:00,1718013600,1.0743,1.0745,1.07365,1.0741,19689
2024-06-10 11:00,1718017200,1.0741,1.07585,1.0741,1.07575,23666
2024-06-10 12:00,1718020800,1.07575,1.07645,1.0745,1.0745,27747
2024-06-10 13:00,1718024400,1.0745,1.0753,1.0741,1.0744,35948
2024-06-10 14:00,1718028000,1.0744,1.07485,1.07375,1.07375,36370
2024-06-10 15:00,1718031600,1.07375,1.0754,1.0737,1.07535,24582
2024-06-10 16:00,1718035200,1.0754,1.0763,1.0754,1.0758,15470
2024-06-10 17:00,1718038800,1.0758,1.0764,1.07545,1.0763,9683
2024-06-10 18:00,1718042400,1.0763,1.07665,1.0761,1.0766,14240
2024-06-10 19:00,1718046000,1.0766,1.07695,1.0765,1.0767,7966
2024-06-10 20:00,1718049600,1.0767,1.07705,1.0765,1.0769,2854
2024-06-10 22:00,1718056800,1.0768,1.0772,1.07675,1.07685,0
2024-06-10 23:00,1718060400,1.0769,1.0769,1.0766,1.0767,1924
2024-06-11 00:00,1718064000,1.0767,1.0768,1.07645,1.0767,1447
2024-06-11 01:00,1718067600,1.07675,1.07715,1.07655,1.077,2221
2024-06-11 02:00,1718071200,1.077,1.0772,1.07685,1.0771,1006
2024-06-11 03:00,1718074800,1.0771,1.07725,1.077,1.0772,1343
2024-06-11 04:00,1718078400,1.0772,1.0774,1.0771,1.07715,848
2024-06-11 05:00,1718082000,1.07715,1.07735,1.07675,1.0769,2229
2024-06-11 06:00,1718085600,1.0769,1.0777,1.07685,1.0772,7414
2024-06-11 07:00,1718089200,1.07715,1.0773,1.07645,1.07675,12974
2024-06-11 08:00,1718092800,1.0767,1.0768,1.0747,1.07485,23148
2024-06-11 09:00,1718096400,1.07485,1.0757,1.0744,1.07555,43381
2024-06-11 10:00,1718100000,1.07595,1.07595,1.074,1.07445,25167
2024-06-11 11:00,1718103600,1.07445,1.0745,1.0727,1.07325,25405
2024-06-11 12:00,1718107200,1.07325,1.07395,1.07275,1.0736,39223
2024-06-11 13:00,1718110800,1.0736,1.07405,1.0723,1.07275,52790
2024-06-11 14:00,1718114400,1.07275,1.07325,1.0723,1.0726,46067
2024-06-11 15:00,1718118000,1.07255,1.0737,1.07255,1.07355,26359
2024-06-11 16:00,1718121600,1.0736,1.0742,1.0736,1.07405,18650
2024-06-11 17:00,1718125200,1.0741,1.0747,1.074,1.0746,27627
2024-06-11 18:00,1718128800,1.0746,1.07485,1.0744,1.0747,11899
2024-06-11 19:00,1718132400,1.07465,1.07525,1.0743,1.07435,7668
2024-06-11 20:00,1718136000,1.0743,1.0745,1.07425,1.07445,3117
2024-06-11 22:00,1718143200,1.0743,1.0746,1.0743,1.07435,0
2024-06-11 23:00,1718146800,1.0744,1.07445,1.0742,1.0743,819
2024-06-12 00:00,1718150400,1.0743,1.0743,1.07375,1.0739,2178
2024-06-12 01:00,1718154000,1.0739,1.07445,1.0738,1.0743,1124
2024-06-12 02:00,1718157600,1.0743,1.0746,1.07425,1.0745,855
2024-06-12 03:00,1718161200,1.0745,1.0746,1.0743,1.0743,614
2024-06-12 04:00,1718164800,1.0743,1.07435,1.07395,1.074,791
2024-06-12 05:00,1718168400,1.07395,1.0749,1.0739,1.07485,2094
2024-06-12 06:00,1718172000,1.07485,1.075,1.0742,1.0744,8084
2024-06-12 07:00,1718175600,1.07445,1.0748,1.07385,1.07475,23399
2024-06-12 08:00,1718179200,1.0747,1.07565,1.0747,1.07495,66877
2024-06-12 09:00,1718182800,1.07495,1.0757,1.0747,1.07555,24880
2024-06-12 10:00,1718186400,1.07555,1.0763,1.07535,1.07615,27680
2024-06-12 11:00,1718190000,1.07615,1.07685,1.07605,1.07675,19819
2024-06-12 12:00,1718193600,1.07675,1.08335,1.07655,1.083,109436
2024-06-12 13:00,1718197200,1.08295,1.08405,1.0822,1.08395,84148
2024-06-12 14:00,1718200800,1.084,1.08525,1.08205,1.0851,51556
2024-06-12 15:00,1718204400,1.08505,1.08555,1.0845,1.08455,36564
2024-06-12 16:00,1718208000,1.08455,1.08515,1.08445,1.08475,14320
2024-06-12 17:00,1718211600,1.0847,1.08485,1.0839,1.0843,22591
2024-06-12 18:00,1718215200,1.08435,1.08505,1.08105,1.0815,44303
2024-06-12 19:00,1718218800,1.0815,1.0821,1.0807,1.08095,13448
2024-06-12 20:00,1718222400,1.08095,1.0815,1.0807,1.08115,3556
2024-06-12 22:00,1718229600,1.0814,1.08165,1.08115,1.0813,0
2024-06-12 23:00,1718233200,1.08125,1.0817,1.0812,1.0814,1160
2024-06-13 00:00,1718236800,1.08145,1.0817,1.0812,1.08145,1657
2024-06-13 01:00,1718240400,1.08145,1.0817,1.08055,1.08065,2900
2024-06-13 02:00,1718244000,1.0806,1.081,1.0806,1.08095,1915
2024-06-13 03:00,1718247600,1.08095,1.08105,1.0807,1.0808,707
2024-06-13 04:00,1718251200,1.08085,1.08085,1.08045,1.0805,652
2024-06-13 05:00,1718254800,1.08055,1.08085,1.08025,1.0806,2508
2024-06-13 06:00,1718258400,1.0806,1.08085,1.08025,1.0804,14047
2024-06-13 07:00,1718262000,1.08035,1.0818,1.08035,1.08155,25586
2024-06-13 08:00,1718265600,1.08155,1.0816,1.08065,1.0808,29129
2024-06-13 09:00,1718269200,1.08075,1.08125,1.08035,1.08035,19441
2024-06-13 10:00,1718272800,1.0803,1.0811,1.07945,1.0796,10668
2024-06-13 11:00,1718276400,1.0796,1.0798,1.0784,1.07845,13335
2024-06-13 12:00,1718280000,1.0785,1.08175,1.0782,1.0795,43900
2024-06-13 13:00,1718283600,1.07955,1.0809,1.07875,1.0789,29750
2024-06-13 14:00,1718287200,1.0789,1.0792,1.0764,1.0773,40151
2024-06-13 15:00,1718290800,1.0773,1.07735,1.07545,1.07565,63892
2024-06-13 16:00,1718294400,1.07565,1.0757,1.07345,1.07365,15831
2024-06-13 17:00,1718298000,1.07365,1.07455,1.07365,1.0744,14777
2024-06-13 18:00,1718301600,1.07435,1.07445,1.07375,1.0741,7200
2024-06-13 19:00,1718305200,1.0741,1.07445,1.07395,1.0742,8021
2024-06-13 20:00,1718308800,1.0742,1.07445,1.0738,1.07385,7280
2024-06-13 22:00,1718316000,1.0738,1.07405,1.07355,1.074,0
2024-06-13 23:00,1718319600,1.0739,1.0741,1.0738,1.07385,421
2024-06-14 00:00,1718323200,1.0738,1.07415,1.0737,1.0737,631
2024-06-14 01:00,1718326800,1.07375,1.0742,1.07365,1.0742,489
2024-06-14 02:00,1718330400,1.07425,1.07445,1.0741,1.0744,498
2024-06-14 03:00,1718334000,1.07435,1.07455,1.0739,1.0741,516
2024-06-14 04:00,1718337600,1.0741,1.0741,1.0736,1.07375,738
2024-06-14 05:00,1718341200,1.07375,1.0738,1.07315,1.07315,895
2024-06-14 06:00,1718344800,1.07315,1.07335,1.0717,1.07255,3245
2024-06-14 07:00,1718348400,1.07255,1.07275,1.07075,1.0709,7601
2024-06-14 08:00,1718352000,1.0708,1.07595,1.06905,1.07395,60656
2024-06-14 09:00,1718355600,1.06925,1.07395,1.06725,1.0688,0
2024-06-14 10:00,1718359200,1.0735,1.07465,1.068,1.06985,15052
2024-06-14 11:00,1718362800,1.0746,1.07535,1.06935,1.0742,107546
2024-06-14 12:00,1718366400,1.0695,1.0743,1.06805,1.07365,27417
2024-06-14 13:00,1718370000,1.07365,1.07395,1.0668,1.07165,23676
2024-06-14 14:00,1718373600,1.07165,1.0735,1.06695,1.07345,32907
2024-06-14 15:00,1718377200,1.0734,1.0747,1.06845,1.0746,20890
2024-06-14 16:00,1718380800,1.06995,1.07495,1.06945,1.07475,7525
2024-06-14 17:00,1718384400,1.0748,1.0752,1.0698,1.0745,5949
2024-06-14 18:00,1718388000,1.07455,1.0748,1.06955,1.0747,5251
2024-06-14 19:00,1718391600,1.07465,1.0754,1.06995,1.07535,7369
2024-06-14 20:00,1718395200,1.0754,1.0755,1.07045,1.0752,2613
2024-06-16 22:00,1718575200,1.075,1.07555,1.0704,1.0753,2891
2024-06-16 23:00,1718578800,1.07535,1.0754,1.07015,1.0749,1669
2024-06-17 00:00,1718582400,1.07495,1.07535,1.0703,1.075,2495
2024-06-17 01:00,1718586000,1.075,1.07505,1.06995,1.07485,1469
2024-06-17 02:00,1718589600,1.0748,1.07515,1.0699,1.07505,1363
2024-06-17 03:00,1718593200,1.07505,1.0751,1.0702,1.075,1192
2024-06-17 04:00,1718596800,1.07505,1.0752,1.0703,1.075,519
2024-06-17 05:00,1718600400,1.07505,1.07515,1.06995,1.07465,2428
2024-06-17 06:00,1718604000,1.0746,1.07505,1.0687,1.07445,12302
2024-06-17 07:00,1718607600,1.0744,1.07555,1.0694,1.07465,18229
2024-06-17 08:00,1718611200,1.07465,1.0758,1.0704,1.07535,21549
2024-06-17 09:00,1718614800,1.07535,1.0761,1.0707,1.0757,7781
2024-06-17 10:00,1718618400,1.0757,1.076,1.0702,1.0756,6022
2024-06-17 11:00,1718622000,1.0756,1.0764,1.071,1.07555,6935
2024-06-17 12:00,1718625600,1.0756,1.07615,1.07075,1.07595,10975
2024-06-17 13:00,1718629200,1.076,1.0767,1.07125,1.0762,12283
2024-06-17 14:00,1718632800,1.07625,1.07645,1.0712,1.0762,9205
2024-06-17 15:00,1718636400,1.07615,1.07705,1.07605,1.07685,11790
2024-06-17 16:00,1718640000,1.07685,1.07735,1.07665,1.0771,7018
2024-06-17 17:00,1718643600,1.07705,1.0773,1.0769,1.0772,4777
2024-06-17 18:00,1718647200,1.07715,1.07845,1.07715,1.0782,12611
2024-06-17 19:00,1718650800,1.0782,1.07825,1.0776,1.0778,5595
2024-06-17 20:00,1718654400,1.0778,1.0782,1.0778,1.078,2411
2024-06-17 22:00,1718661600,1.07795,1.07865,1.07785,1.0784,0
2024-06-17 23:00,1718665200,1.07835,1.0787,1.0781,1.0786,898
2024-06-18 00:00,1718668800,1.0786,1.07865,1.07815,1.0782,1328
2024-06-18 01:00,1718672400,1.07825,1.0783,1.07735,1.0774,1960
2024-06-18 02:00,1718676000,1.07735,1.07745,1.077,1.07705,1496
2024-06-18 03:00,1718679600,1.077,1.0771,1.0767,1.07705,1444
2024-06-18 04:00,1718683200,1.0771,1.07725,1.07665,1.0768,1051
2024-06-18 05:00,1718686800,1.07675,1.07695,1.07645,1.07695,2647
2024-06-18 06:00,1718690400,1.07695,1.07795,1.0769,1.07795,5664
2024-06-18 07:00,1718694000,1.0779,1.07815,1.07685,1.07695,8858
2024-06-18 08:00,1718697600,1.0769,1.0771,1.0761,1.07645,8696
2024-06-18 09:00,1718701200,1.07655,1.07715,1.0761,1.07655,8787
2024-06-18 10:00,1718704800,1.07655,1.07665,1.07615,1.0764,4629
2024-06-18 11:00,1718708400,1.0764,1.0764,1.0756,1.0762,6919
2024-06-18 12:00,1718712000,1.07625,1.07805,1.07565,1.0777,19308
2024-06-18 13:00,1718715600,1.0777,1.07955,1.0776,1.0794,21406
2024-06-18 14:00,1718719200,1.07945,1.08075,1.07825,1.07845,30114
2024-06-18 15:00,1718722800,1.0785,1.07885,1.078,1.0785,12555
2024-06-18 16:00,1718726400,1.0785,1.0789,1.07825,1.07855,6629
2024-06-18 17:00,1718730000,1.07855,1.079,1.07795,1.07815,6993
2024-06-18 18:00,1718733600,1.0781,1.07865,1.0778,1.0786,5748
2024-06-18 19:00,1718737200,1.0786,1.0786,1.0782,1.0784,3569
2024-06-18 20:00,1718740800,1.0785,1.0787,1.0784,1.07855,1933
2024-06-18 22:00,1718748000,1.07855,1.0787,1.07845,1.0786,0
2024-06-18 23:00,1718751600,1.07865,1.07865,1.0784,1.0784,862
2024-06-19 00:00,1718755200,1.0784,1.0785,1.0782,1.07825,1197
2024-06-19 01:00,1718758800,1.0783,1.0787,1.0781,1.0786,1080
2024-06-19 02:00,1718762400,1.0786,1.0788,1.0783,1.07845,559
2024-06-19 03:00,1718766000,1.0784,1.0786,1.07825,1.0783,564
2024-06-20 04:00,1718856000,1.0786,1.0789,1.0785,1.0787,904
2024-06-20 05:00,1718859600,1.0787,1.07875,1.0781,1.0782,2196
2024-06-20 06:00,1718863200,1.0782,1.07825,1.07745,1.07765,7093
2024-06-20 07:00,1718866800,1.07765,1.078,1.0768,1.07685,15604
2024-06-20 08:00,1718870400,1.0768,1.07685,1.07565,1.0761,12895
2024-06-20 09:00,1718874000,1.0761,1.0772,1.0758,1.07695,10115
2024-06-20 10:00,1718877600,1.0769,1.0776,1.07685,1.07725,5370
2024-06-20 11:00,1718881200,1.07725,1.0776,1.0757,1.07585,11363
2024-06-20 12:00,1718884800,1.07585,1.0775,1.0757,1.0763,16037
2024-06-20 13:00,1718888400,1.0763,1.0773,1.07605,1.07685,11040
2024-06-20 14:00,1718892000,1.0769,1.0775,1.0765,1.0766,13941
2024-06-20 15:00,1718895600,1.07655,1.07665,1.0751,1.0751,15989
2024-06-20 16:00,1718899200,1.07515,1.0754,1.07475,1.0751,8742
2024-06-20 17:00,1718902800,1.07515,1.07535,1.07475,1.07505,4114
2024-06-20 18:00,1718906400,1.0751,1.07615,1.0751,1.0754,7475
2024-06-20 19:00,1718910000,1.07545,1.0755,1.07475,1.0749,7113
2024-06-20 20:00,1718913600,1.07495,1.07495,1.07455,1.07455,2332
2024-06-20 22:00,1718920800,1.0749,1.0749,1.0744,1.0746,0
2024-06-20 23:00,1718924400,1.07455,1.0751,1.0745,1.07495,1523
2024-06-21 00:00,1718928000,1.0749,1.0751,1.0747,1.075,1949
2024-06-21 01:00,1718931600,1.075,1.0754,1.07485,1.07535,1811
2024-06-21 02:00,1718935200,1.0754,1.0761,1.07535,1.076,2007
2024-06-21 03:00,1718938800,1.076,1.076,1.07565,1.07595,839
2024-06-21 04:00,1718942400,1.07595,1.0762,1.0759,1.0762,538
2024-06-21 05:00,1718946000,1.07615,1.0763,1.07585,1.07615,1866
2024-06-21 06:00,1718949600,1.0761,1.0764,1.0752,1.07535,6405
2024-06-21 07:00,1718953200,1.07535,1.07535,1.07145,1.07215,28425
2024-06-21 08:00,1718956800,1.0721,1.0739,1.07195,1.07345,18606
2024-06-21 09:00,1718960400,1.07345,1.07415,1.0727,1.0741,8308
2024-06-21 10:00,1718964000,1.0741,1.07415,1.072,1.07245,12165
2024-06-21 11:00,1718967600,1.0725,1.07335,1.07235,1.07325,8762
2024-06-21 12:00,1718971200,1.07325,1.07385,1.07285,1.0738,12508
2024-06-21 13:00,1718974800,1.0738,1.07415,1.07215,1.0726,20650
2024-06-21 14:00,1718978400,1.07265,1.07415,1.07235,1.0725,18829
2024-06-21 15:00,1718982000,1.0725,1.0738,1.0724,1.0737,19588
2024-06-21 16:00,1718985600,1.07375,1.07395,1.07335,1.0736,5636
2024-06-21 17:00,1718989200,1.07355,1.07375,1.0734,1.0737,4165
2024-06-21 18:00,1718992800,1.0737,1.07405,1.07355,1.07385,5421
2024-06-21 19:00,1718996400,1.0738,1.07405,1.07345,1.0735,5242
2024-06-21 20:00,1719000000,1.07355,1.07385,1.07345,1.0736,3300
2024-06-23 22:00,1719180000,1.0735,1.0737,1.0733,1.07365,1203
2024-06-23 23:00,1719183600,1.0737,1.07385,1.07305,1.0731,1259
2024-06-24 00:00,1719187200,1.0731,1.07365,1.0728,1.07345,1667
2024-06-24 01:00,1719190800,1.07345,1.07355,1.0727,1.0734,2011
2024-06-24 02:00,1719194400,1.0734,1.07365,1.07315,1.07325,2415
2024-06-24 03:00,1719198000,1.07325,1.07365,1.07325,1.0735,967
2024-06-24 04:00,1719201600,1.0735,1.07375,1.07345,1.07375,794
2024-06-24 05:00,1719205200,1.07375,1.0743,1.07375,1.0742,1760
2024-06-24 06:00,1719208800,1.0742,1.075,1.07405,1.0746,6411
2024-06-24 07:00,1719212400,1.0746,1.0758,1.0745,1.0756,12680
2024-06-24 08:00,1719216000,1.07555,1.0761,1.0752,1.07565,7244
2024-06-24 09:00,1719219600,1.07565,1.07725,1.0756,1.0766,11188
2024-06-24 10:00,1719223200,1.07655,1.0774,1.07625,1.07735,8947
2024-06-24 11:00,1719226800,1.0773,1.0779,1.077,1.0779,10843
2024-06-24 12:00,1719230400,1.07785,1.07785,1.07695,1.0778,11879
2024-06-24 13:00,1719234000,1.0778,1.07865,1.0778,1.0786,13408
2024-06-24 14:00,1719237600,1.0786,1.079,1.07705,1.0773,17287
2024-06-24 15:00,1719241200,1.07735,1.0776,1.07665,1.07705,10075
2024-06-24 16:00,1719244800,1.07705,1.07745,1.07695,1.07705,5821
2024-06-24 17:00,1719248400,1.07705,1.07705,1.0765,1.07675,4659
2024-06-24 18:00,1719252000,1.0768,1.0781,1.07675,1.07785,9620
2024-06-24 19:00,1719255600,1.07785,1.07815,1.07775,1.0779,3620
2024-06-24 20:00,1719259200,1.07785,1.07805,1.0777,1.07775,2629
2024-06-24 22:00,1719266400,1.07765,1.0778,1.0775,1.07755,0
2024-06-24 23:00,1719270000,1.07755,1.0776,1.0774,1.0775,796
2024-06-25 00:00,1719273600,1.0775,1.07785,1.0775,1.0777,1129
2024-06-25 01:00,1719277200,1.0777,1.07795,1.0775,1.07775,1377
2024-06-25 02:00,1719280800,1.0777,1.078,1.0777,1.07795,1080
2024-06-25 03:00,1719284400,1.07795,1.0782,1.07785,1.07815,905
2024-06-25 04:00,1719288000,1.07815,1.07825,1.0779,1.0782,862
2024-06-25 05:00,1719291600,1.07825,1.07865,1.07825,1.0784,2162
2024-06-25 06:00,1719295200,1.07845,1.07845,1.0774,1.0775,4696
2024-06-25 07:00,1719298800,1.07745,1.07755,1.07635,1.077,9854
2024-06-25 08:00,1719302400,1.07695,1.0778,1.0768,1.0777,7635
2024-06-25 09:00,1719306000,1.07765,1.07775,1.0766,1.0767,6562
2024-06-25 10:00,1719309600,1.07725,1.0773,1.0764,1.0766,9752
2024-06-25 11:00,1719313200,1.07655,1.0767,1.07515,1.0752,11918
2024-06-25 12:00,1719316800,1.0752,1.07575,1.07445,1.0747,12444
2024-06-25 13:00,1719320400,1.07475,1.0755,1.07425,1.0745,13270
2024-06-25 14:00,1719324000,1.0745,1.0746,1.07325,1.0743,19180
2024-06-25 15:00,1719327600,1.07425,1.0752,1.07425,1.07465,14660
2024-06-25 16:00,1719331200,1.07465,1.0751,1.07445,1.0747,5915
2024-06-25 17:00,1719334800,1.07475,1.0757,1.0747,1.07555,3855
2024-06-25 18:00,1719338400,1.0756,1.07595,1.07545,1.07585,4529
2024-06-25 19:00,1719342000,1.0758,1.076,1.0756,1.07585,3454
2024-06-25 20:00,1719345600,1.0758,1.0758,1.07535,1.0757,1874
2024-06-25 22:00,1719352800,1.0756,1.07575,1.07545,1.07545,0
2024-06-25 23:00,1719356400,1.0754,1.0754,1.07505,1.0751,1149
2024-06-26 00:00,1719360000,1.0751,1.07545,1.0748,1.0753,2408
2024-06-26 01:00,1719363600,1.07535,1.07585,1.0753,1.0758,3177
2024-06-26 02:00,1719367200,1.0758,1.076,1.07505,1.0752,1841
2024-06-26 03:00,1719370800,1.07515,1.07545,1.0751,1.0753,1188
2024-06-26 04:00,1719374400,1.0753,1.07535,1.07505,1.07525,1344
2024-06-26 05:00,1719378000,1.0752,1.0753,1.0744,1.0746,3199
2024-06-26 06:00,1719381600,1.07455,1.07475,1.0735,1.0737,7554
2024-06-26 07:00,1719385200,1.07365,1.07375,1.0727,1.07355,11954
2024-06-26 08:00,1719388800,1.07365,1.0741,1.07315,1.0736,8347
2024-06-26 09:00,1719392400,1.07365,1.0741,1.07295,1.07305,5621
2024-06-26 10:00,1719396000,1.07305,1.07305,1.07235,1.0726,10031
2024-06-26 11:00,1719399600,1.0726,1.0736,1.0721,1.07355,11050
2024-06-26 12:00,1719403200,1.0736,1.0736,1.07185,1.07185,15479
2024-06-26 13:00,1719406800,1.07185,1.07235,1.07075,1.0716,27243
2024-06-26 14:00,1719410400,1.0716,1.07375,1.0716,1.0722,36717
2024-06-26 15:00,1719414000,1.0722,1.0729,1.07165,1.07235,19916
2024-06-26 16:00,1719417600,1.0724,1.07295,1.0721,1.07235,6053
2024-06-26 17:00,1719421200,1.07235,1.07325,1.0723,1.0727,9679
2024-06-26 18:00,1719424800,1.0727,1.0727,1.07195,1.07215,7541
2024-06-26 19:00,1719428400,1.0721,1.0723,1.07165,1.07225,6937
2024-06-26 20:00,1719432000,1.07225,1.0723,1.0719,1.0722,3205
2024-06-26 22:00,1719439200,1.0722,1.07225,1.0719,1.07205,0
2024-06-26 23:00,1719442800,1.07205,1.07215,1.07175,1.07195,979
2024-06-27 00:00,1719446400,1.07195,1.07215,1.0717,1.0718,2651
2024-06-27 01:00,1719450000,1.0718,1.07295,1.0718,1.07285,2068
2024-06-27 02:00,1719453600,1.07285,1.07315,1.0728,1.07295,2058
2024-06-27 03:00,1719457200,1.0729,1.0732,1.0728,1.0731,987
2024-06-27 04:00,1719460800,1.0731,1.0735,1.07305,1.07345,1240
2024-06-27 05:00,1719464400,1.07345,1.0737,1.0732,1.07355,2438
2024-06-27 06:00,1719468000,1.07355,1.0739,1.0731,1.0733,6393
2024-06-27 07:00,1719471600,1.07325,1.0738,1.0728,1.073,9126
2024-06-27 08:00,1719475200,1.073,1.07315,1.07205,1.0728,7601
2024-06-27 09:00,1719478800,1.0728,1.0741,1.07275,1.0737,9938
2024-06-27 10:00,1719482400,1.0737,1.07445,1.0731,1.07435,7826
2024-06-27 11:00,1719486000,1.0744,1.0744,1.0733,1.0733,7390
2024-06-27 12:00,1719489600,1.07335,1.07625,1.07335,1.07595,30723
2024-06-27 13:00,1719493200,1.076,1.0767,1.07575,1.0761,23507
2024-06-27 14:00,1719496800,1.07615,1.0766,1.0748,1.0753,22113
2024-06-27 15:00,1719500400,1.07525,1.07535,1.07405,1.07475,13134
2024-06-27 16:00,1719504000,1.07475,1.0751,1.07435,1.0747,8976
2024-06-27 17:00,1719507600,1.0747,1.0749,1.0745,1.07455,3542
2024-06-27 18:00,1719511200,1.07455,1.07485,1.07425,1.07455,5474
2024-06-27 19:00,1719514800,1.0746,1.07475,1.07415,1.07435,6583
2024-06-27 20:00,1719518400,1.07435,1.07455,1.0743,1.07435,2165
2024-06-27 22:00,1719525600,1.0744,1.0745,1.07425,1.07435,0
2024-06-27 23:00,1719529200,1.0744,1.0749,1.0743,1.0747,841
2024-06-28 00:00,1719532800,1.07475,1.07505,1.0737,1.0737,2848
2024-06-28 01:00,1719536400,1.07375,1.07385,1.07245,1.0731,7268
2024-06-28 02:00,1719540000,1.0731,1.07365,1.07275,1.07335,3009
2024-06-28 03:00,1719543600,1.07335,1.07345,1.07295,1.0731,1539
2024-06-28 04:00,1719547200,1.07315,1.07315,1.07245,1.07265,1784
2024-06-28 05:00,1719550800,1.07265,1.0732,1.07255,1.073,2333
2024-06-28 06:00,1719554400,1.07305,1.0738,1.07295,1.0737,6510
2024-06-28 07:00,1719558000,1.0737,1.07435,1.0731,1.0737,13571
2024-06-28 08:00,1719561600,1.07365,1.07405,1.07325,1.07375,10616
2024-06-28 09:00,1719565200,1.07375,1.0749,1.0733,1.07485,9210
2024-06-28 10:00,1719568800,1.0749,1.07505,1.07445,1.07495,6654
2024-06-28 11:00,1719572400,1.07495,1.07515,1.0732,1.0737,10427
2024-06-28 12:00,1719576000,1.0737,1.07615,1.07355,1.07445,22215
2024-06-28 13:00,1719579600,1.0745,1.07475,1.07325,1.0738,17069
2024-06-28 14:00,1719583200,1.0738,1.07625,1.07325,1.07585,45332
2024-06-28 15:00,1719586800,1.07585,1.07585,1.07495,1.0751,23294
2024-06-28 16:00,1719590400,1.0751,1.0761,1.07495,1.07555,11240
2024-06-28 17:00,1719594000,1.07555,1.0765,1.07535,1.0754,6620
2024-06-28 18:00,1719597600,1.07545,1.07585,1.07505,1.0752,7506
2024-06-28 19:00,1719601200,1.0752,1.07525,1.07455,1.0751,9298
2024-06-28 20:00,1719604800,1.07505,1.0754,1.0748,1.0753,3698
2024-06-30 22:00,1719784800,1.07705,1.07815,1.077,1.0776,3644
2024-06-30 23:00,1719788400,1.07765,1.0779,1.0773,1.07745,2710
2024-07-01 00:00,1719792000,1.07745,1.07895,1.0774,1.0785,7207
2024-07-01 01:00,1719795600,1.0785,1.08015,1.07825,1.07875,10820
2024-07-01 02:00,1719799200,1.0788,1.0795,1.07865,1.0795,3566
2024-07-01 03:00,1719802800,1.07945,1.0796,1.0791,1.0792,1124
2024-07-01 04:00,1719806400,1.0792,1.07985,1.07915,1.0794,3152
2024-07-01 05:00,1719810000,1.0794,1.08015,1.07935,1.07955,5604
2024-07-01 06:00,1719813600,1.0795,1.08155,1.07945,1.0809,18240
2024-07-01 07:00,1719817200,1.0809,1.0812,1.07905,1.07935,17286
2024-07-01 08:00,1719820800,1.0793,1.0811,1.0789,1.08075,12750
2024-07-01 09:00,1719824400,1.0807,1.08075,1.0795,1.07965,9013
2024-07-01 10:00,1719828000,1.0796,1.0796,1.0786,1.0787,11636
2024-07-01 11:00,1719831600,1.07875,1.07915,1.07815,1.0788,9963
2024-07-01 12:00,1719835200,1.0788,1.0789,1.07785,1.0787,13833
2024-07-01 13:00,1719838800,1.0787,1.07985,1.0787,1.0794,24343
2024-07-01 14:00,1719842400,1.07945,1.08135,1.0767,1.07685,30403
2024-07-01 15:00,1719846000,1.07685,1.07695,1.07585,1.0766,22035
2024-07-01 16:00,1719849600,1.0766,1.07725,1.0763,1.07705,9197
2024-07-01 17:00,1719853200,1.07705,1.07725,1.0767,1.0768,4682
2024-07-01 18:00,1719856800,1.0768,1.0769,1.0763,1.0768,7618
2024-07-01 19:00,1719860400,1.07685,1.07785,1.0768,1.0777,7080
2024-07-01 20:00,1719864000,1.0777,1.07815,1.07765,1.07795,2541
2024-07-01 22:00,1719871200,1.0779,1.07805,1.0775,1.0775,0
2024-07-01 23:00,1719874800,1.0775,1.07755,1.07735,1.0774,713
2024-07-02 00:00,1719878400,1.07745,1.07765,1.07705,1.0773,2296
2024-07-02 01:00,1719882000,1.0773,1.07745,1.077,1.0772,2205
2024-07-02 02:00,1719885600,1.0772,1.0774,1.077,1.0773,1162
2024-07-02 03:00,1719889200,1.0773,1.07735,1.07685,1.077,1439
2024-07-02 04:00,1719892800,1.077,1.0771,1.0766,1.07675,1824
2024-07-02 05:00,1719896400,1.07675,1.0771,1.07645,1.07695,2761
2024-07-02 06:00,1719900000,1.077,1.07735,1.07625,1.0763,7239
2024-07-02 07:00,1719903600,1.0763,1.0766,1.07495,1.0756,15721
2024-07-02 08:00,1719907200,1.07555,1.0762,1.0752,1.07585,9278
2024-07-02 09:00,1719910800,1.07585,1.07605,1.0748,1.0749,7053
2024-07-02 10:00,1719914400,1.0749,1.07565,1.0748,1.0755,7945
2024-07-02 11:00,1719918000,1.0755,1.07625,1.0753,1.07615,5586
2024-07-02 12:00,1719921600,1.0762,1.07715,1.07615,1.07695,13397
2024-07-02 13:00,1719925200,1.07695,1.07845,1.07675,1.07805,23020
2024-07-02 14:00,1719928800,1.0781,1.0785,1.0762,1.07805,29093
2024-07-02 15:00,1719932400,1.0781,1.0782,1.0771,1.07735,14551
2024-07-02 16:00,1719936000,1.07735,1.0774,1.07685,1.077,5096
2024-07-02 17:00,1719939600,1.07695,1.07785,1.07695,1.0776,5781
2024-07-02 18:00,1719943200,1.0776,1.0781,1.0776,1.078,5795
2024-07-02 19:00,1719946800,1.078,1.07845,1.0779,1.07835,5260
2024-07-02 20:00,1719950400,1.07835,1.07845,1.07825,1.0783,1361
2024-07-02 22:00,1719957600,1.0788,1.0788,1.07825,1.07865,0
2024-07-02 23:00,1719961200,1.07865,1.0787,1.07845,1.07855,1371
2024-07-03 00:00,1719964800,1.07855,1.0792,1.0785,1.07855,2757
2024-07-03 01:00,1719968400,1.0785,1.0785,1.0778,1.078,1879
2024-07-03 02:00,1719972000,1.07795,1.07845,1.07795,1.07815,2604
2024-07-03 03:00,1719975600,1.07815,1.0783,1.07805,1.07815,796
2024-07-03 13:30,1720013400,1.08125,1.08305,1.081,1.08275,20611
2024-07-03 14:30,1720017000,1.0828,1.0855,1.0828,1.0844,51201
2024-07-03 15:30,1720020600,1.08435,1.0847,1.0835,1.0837,20243
2024-07-03 16:30,1720024200,1.08365,1.0838,1.083,1.08335,11470
2024-07-03 17:00,1720026000,1.08335,1.08335,1.08195,1.08215,7344
2024-07-05 04:00,1720152000,1.0856,1.08585,1.0856,1.0858,45802
2024-07-05 05:00,1720155600,1.0858,1.0858,1.0855,1.08575,1646
2024-07-05 06:00,1720159200,1.08575,1.0862,1.0855,1.08555,6049
2024-07-05 07:00,1720162800,1.0855,1.08665,1.08525,1.0865,10022
2024-07-05 08:00,1720166400,1.08645,1.08665,1.08585,1.0864,7542
2024-07-05 09:00,1720170000,1.08635,1.0867,1.08615,1.08625,6580
2024-07-05 10:00,1720173600,1.08625,1.0868,1.08585,1.08605,7171
2024-07-05 11:00,1720177200,1.08605,1.08615,1.08545,1.0855,9407
2024-07-05 12:00,1720180800,1.08555,1.0878,1.08325,1.0866,41335
2024-07-05 13:00,1720184400,1.08655,1.08705,1.085,1.0855,25640
2024-07-05 14:00,1720188000,1.08555,1.0862,1.08465,1.086,17688
2024-07-05 15:00,1720191600,1.08595,1.0867,1.08555,1.0864,12079
2024-07-05 16:00,1720195200,1.0864,1.0866,1.0859,1.0862,7037
2024-07-05 17:00,1720198800,1.08615,1.08665,1.0861,1.08635,5187
2024-07-05 18:00,1720202400,1.0864,1.0873,1.0863,1.08725,7159
2024-07-05 19:00,1720206000,1.0873,1.08785,1.08725,1.0877,7843
2024-07-05 20:00,1720209600,1.08775,1.08775,1.08735,1.0875,1706
2024-07-07 22:00,1720389600,1.08515,1.08685,1.08515,1.08605,3395
2024-07-07 23:00,1720393200,1.086,1.08635,1.08575,1.0861,1608
2024-07-08 00:00,1720396800,1.0861,1.08645,1.08545,1.0857,3492
2024-07-08 01:00,1720400400,1.0857,1.0865,1.0856,1.08645,2426
2024-07-08 02:00,1720404000,1.08645,1.0866,1.086,1.08615,1217
2024-07-08 03:00,1720407600,1.0862,1.08715,1.08615,1.0867,2122
2024-07-08 04:00,1720411200,1.0867,1.0867,1.08625,1.0864,1054
2024-07-08 05:00,1720414800,1.0864,1.08655,1.08565,1.0858,3050
2024-07-08 06:00,1720418400,1.0858,1.08645,1.08505,1.08575,9293
2024-07-08 07:00,1720422000,1.08575,1.08735,1.08565,1.08725,11599
2024-07-08 08:00,1720425600,1.0872,1.0879,1.087,1.0874,9910
2024-07-08 09:00,1720429200,1.08735,1.0877,1.08705,1.08735,6279
2024-07-08 10:00,1720432800,1.0873,1.0875,1.0859,1.08655,7993
2024-07-08 11:00,1720436400,1.0865,1.0869,1.08625,1.0869,5325
2024-07-08 12:00,1720440000,1.0869,1.088,1.08675,1.08785,12831
2024-07-08 13:00,1720443600,1.0879,1.0881,1.08735,1.0876,12842
2024-07-08 14:00,1720447200,1.08765,1.088,1.08675,1.087,14730
2024-07-08 15:00,1720450800,1.087,1.08715,1.08665,1.087,11439
2024-07-08 16:00,1720454400,1.08695,1.08715,1.0864,1.0868,6993
2024-07-08 17:00,1720458000,1.08675,1.0869,1.08645,1.08675,3534
2024-07-08 18:00,1720461600,1.0867,1.08675,1.08585,1.08615,7686
2024-07-08 19:00,1720465200,1.08615,1.0862,1.08575,1.086,4703
2024-07-08 20:00,1720468800,1.086,1.08605,1.0858,1.08585,1339
2024-07-08 22:00,1720476000,1.0859,1.08605,1.0859,1.08605,0
2024-07-08 23:00,1720479600,1.08605,1.08665,1.086,1.0865,1278
2024-07-09 00:00,1720483200,1.08655,1.0868,1.0861,1.0862,1675
2024-07-09 01:00,1720486800,1.0862,1.08645,1.08575,1.08585,1859
2024-07-09 02:00,1720490400,1.0858,1.0862,1.0854,1.0861,2265
2024-07-09 03:00,1720494000,1.08615,1.08645,1.0861,1.08625,952
2024-07-09 04:00,1720497600,1.08625,1.0866,1.08625,1.08645,753
2024-07-09 05:00,1720501200,1.08645,1.0865,1.0861,1.08635,2152
2024-07-09 06:00,1720504800,1.0863,1.0865,1.0859,1.08595,3618
2024-07-09 07:00,1720508400,1.08595,1.08645,1.0852,1.08525,8706
2024-07-09 08:00,1720512000,1.0852,1.0859,1.08495,1.08575,6423
2024-07-09 09:00,1720515600,1.0857,1.0861,1.08535,1.08575,6445
2024-07-09 10:00,1720519200,1.08575,1.0863,1.08545,1.0857,4293
2024-07-09 11:00,1720522800,1.08565,1.08585,1.0847,1.08485,6538
2024-07-09 12:00,1720526400,1.0849,1.08525,1.08475,1.08505,8930
2024-07-09 13:00,1720530000,1.0851,1.0861,1.08505,1.08565,11702
2024-07-09 14:00,1720533600,1.0857,1.08635,1.08445,1.085,17586
2024-07-09 15:00,1720537200,1.08505,1.0854,1.08405,1.08475,13267
2024-07-09 16:00,1720540800,1.08475,1.0851,1.08405,1.0844,6096
2024-07-09 17:00,1720544400,1.08445,1.08485,1.0841,1.08435,5274
2024-07-09 18:00,1720548000,1.08435,1.08485,1.08425,1.08475,6292
2024-07-09 19:00,1720551600,1.0848,1.08505,1.08455,1.0849,3056
2024-07-09 20:00,1720555200,1.0849,1.08515,1.0848,1.0849,1096
2024-07-09 22:00,1720562400,1.0847,1.085,1.0847,1.08485,0
2024-07-09 23:00,1720566000,1.0849,1.08505,1.0848,1.08485,730
2024-07-10 00:00,1720569600,1.0848,1.0851,1.08455,1.0846,2487
2024-07-10 01:00,1720573200,1.0846,1.08495,1.08455,1.08485,2594
2024-07-10 02:00,1720576800,1.0849,1.08515,1.08465,1.0851,2093
2024-07-10 03:00,1720580400,1.0851,1.08555,1.0851,1.08545,1590
2024-07-10 04:00,1720584000,1.0854,1.08545,1.08515,1.08525,1814
2024-07-10 05:00,1720587600,1.0853,1.08555,1.08505,1.0852,1926
2024-07-10 06:00,1720591200,1.0852,1.0858,1.0849,1.08565,6710
2024-07-10 07:00,1720594800,1.08565,1.08595,1.08495,1.08505,8394
2024-07-10 08:00,1720598400,1.085,1.0854,1.08465,1.085,9532
2024-07-10 09:00,1720602000,1.08495,1.08595,1.08485,1.0853,9037
2024-07-10 10:00,1720605600,1.0853,1.0858,1.0849,1.0856,5728
2024-07-10 11:00,1720609200,1.0856,1.0861,1.0854,1.086,6260
2024-07-10 12:00,1720612800,1.08595,1.0862,1.08575,1.0861,8212
2024-07-10 13:00,1720616400,1.0861,1.0863,1.0854,1.08565,14783
2024-07-10 14:00,1720620000,1.0857,1.08625,1.0854,1.08575,13614
2024-07-10 15:00,1720623600,1.0857,1.0862,1.0855,1.0857,8290
2024-07-10 16:00,1720627200,1.0857,1.0862,1.0856,1.08615,5656
2024-07-10 17:00,1720630800,1.0861,1.08625,1.0855,1.08565,5184
2024-07-10 18:00,1720634400,1.0856,1.08595,1.08515,1.0859,4499
2024-07-10 19:00,1720638000,1.08595,1.08635,1.0858,1.08635,3490
2024-07-10 20:00,1720641600,1.0863,1.0865,1.08615,1.08645,1272
2024-07-10 22:00,1720648800,1.08665,1.08665,1.08635,1.08655,0
2024-07-10 23:00,1720652400,1.0866,1.08695,1.0864,1.0866,2283
2024-07-11 00:00,1720656000,1.0866,1.08695,1.08655,1.0868,1890
2024-07-11 01:00,1720659600,1.0868,1.0873,1.0865,1.0872,1649
2024-07-11 02:00,1720663200,1.0872,1.0873,1.087,1.087,1535
2024-07-11 03:00,1720666800,1.087,1.08715,1.08685,1.08705,912
2024-07-11 04:00,1720670400,1.0871,1.08715,1.0868,1.08695,915
2024-07-11 05:00,1720674000,1.08695,1.08705,1.08675,1.08675,1251
2024-07-11 06:00,1720677600,1.08675,1.08725,1.0865,1.08665,6670
2024-07-11 07:00,1720681200,1.08665,1.0873,1.0865,1.08725,7902
2024-07-11 08:00,1720684800,1.0872,1.08805,1.0871,1.08805,9234
2024-07-11 09:00,1720688400,1.088,1.0886,1.0876,1.088,9566
2024-07-11 10:00,1720692000,1.08795,1.08855,1.08785,1.08815,7657
2024-07-11 11:00,1720695600,1.08815,1.0891,1.08815,1.0888,6410
2024-07-11 12:00,1720699200,1.08875,1.0933,1.0877,1.092,78912
2024-07-11 13:00,1720702800,1.092,1.0932,1.09015,1.092,55012
2024-07-11 14:00,1720706400,1.092,1.0923,1.09035,1.0911,34604
2024-07-11 15:00,1720710000,1.09115,1.0914,1.08995,1.09025,19004
2024-07-11 16:00,1720713600,1.09025,1.0903,1.08965,1.08995,13017
2024-07-11 17:00,1720717200,1.09,1.09,1.08925,1.0894,9252
2024-07-11 18:00,1720720800,1.08935,1.0902,1.08935,1.09005,7774
2024-07-11 19:00,1720724400,1.0901,1.0903,1.08965,1.08975,5188
2024-07-11 20:00,1720728000,1.08975,1.0901,1.0897,1.0901,1084
2024-07-11 22:00,1720735200,1.0901,1.0901,1.0896,1.0899,0
2024-07-11 23:00,1720738800,1.0899,1.09065,1.0897,1.0906,5659
2024-07-12 00:00,1720742400,1.0906,1.0907,1.09,1.0902,3681
2024-07-12 01:00,1720746000,1.0902,1.0905,1.08965,1.0897,1857
2024-07-12 02:00,1720749600,1.08975,1.08995,1.0896,1.08985,2048
2024-07-12 03:00,1720753200,1.08985,1.0903,1.0897,1.0901,1290
2024-07-12 04:00,1720756800,1.0901,1.09035,1.0901,1.0902,786
2024-07-12 05:00,1720760400,1.09025,1.0905,1.09005,1.0902,2934
2024-07-12 06:00,1720764000,1.09015,1.09045,1.0896,1.0897,6233
2024-07-12 07:00,1720767600,1.0898,1.0909,1.08945,1.0908,11273
2024-07-12 08:00,1720771200,1.09075,1.092,1.09075,1.09195,10452
2024-07-12 09:00,1720774800,1.0919,1.0922,1.0914,1.09175,7056
2024-07-12 10:00,1720778400,1.09175,1.09245,1.09175,1.09225,5822
2024-07-12 11:00,1720782000,1.0922,1.0925,1.0919,1.09205,9195
2024-07-12 12:00,1720785600,1.09205,1.09255,1.09055,1.0923,28212
2024-07-12 13:00,1720789200,1.09235,1.0931,1.09195,1.093,31125
2024-07-12 14:00,1720792800,1.09305,1.09425,1.0926,1.0942,24242
2024-07-12 15:00,1720796400,1.09415,1.0944,1.0934,1.0934,16843
2024-07-12 16:00,1720800000,1.09345,1.0938,1.09335,1.09375,8305
2024-07-12 17:00,1720803600,1.09375,1.094,1.0934,1.09395,6169
2024-07-12 18:00,1720807200,1.0939,1.09395,1.09335,1.09385,5657
2024-07-12 19:00,1720810800,1.09385,1.0944,1.09375,1.0939,6099
2024-07-12 20:00,1720814400,1.09395,1.0942,1.0937,1.0942,3469
2024-07-14 22:00,1720994400,1.09255,1.0928,1.0917,1.09195,3705
2024-07-14 23:00,1720998000,1.09195,1.09205,1.09155,1.0918,2837
2024-07-15 00:00,1721001600,1.0918,1.09215,1.0916,1.0921,2899
2024-07-15 01:00,1721005200,1.0921,1.09225,1.09185,1.0922,2375
2024-07-15 02:00,1721008800,1.0922,1.0924,1.0919,1.0924,2369
2024-07-15 03:00,1721012400,1.0924,1.0928,1.0923,1.0926,1844
2024-07-15 04:00,1721016000,1.0926,1.0927,1.09245,1.0926,1450
2024-07-15 05:00,1721019600,1.0926,1.09285,1.0925,1.09265,1997
2024-07-15 06:00,1721023200,1.0927,1.09285,1.09185,1.09215,9324
2024-07-15 07:00,1721026800,1.0922,1.09285,1.09165,1.0928,11527
2024-07-15 08:00,1721030400,1.09275,1.09415,1.09275,1.09405,11386
2024-07-15 09:00,1721034000,1.09405,1.09475,1.0939,1.09455,10055
2024-07-15 10:00,1721037600,1.09445,1.0953,1.0937,1.0942,12120
2024-07-15 11:00,1721041200,1.0942,1.09475,1.09375,1.0938,9842
2024-07-15 12:00,1721044800,1.0938,1.0941,1.0934,1.09395,10655
2024-07-15 13:00,1721048400,1.094,1.0949,1.0939,1.09475,13154
2024-07-15 14:00,1721052000,1.09475,1.095,1.094,1.0949,18240
2024-07-15 15:00,1721055600,1.09485,1.0954,1.0942,1.0944,13892
2024-07-15 16:00,1721059200,1.09435,1.09495,1.0932,1.09385,18684
2024-07-15 17:00,1721062800,1.0938,1.09385,1.09255,1.0927,10163
2024-07-15 18:00,1721066400,1.09275,1.09345,1.09255,1.0934,7312
2024-07-15 19:00,1721070000,1.0934,1.0934,1.09285,1.0931,6499
2024-07-15 20:00,1721073600,1.09315,1.09315,1.0926,1.09265,3040
2024-07-15 22:00,1721080800,1.0927,1.0929,1.0926,1.0926,0
2024-07-15 23:00,1721084400,1.0926,1.09305,1.0926,1.09305,1178
2024-07-16 00:00,1721088000,1.09295,1.09295,1.0923,1.0923,3921
2024-07-16 01:00,1721091600,1.09235,1.09255,1.0922,1.09245,2085
2024-07-16 02:00,1721095200,1.09245,1.0925,1.09205,1.0923,1560
2024-07-16 03:00,1721098800,1.0923,1.0926,1.09225,1.0924,1907
2024-07-16 04:00,1721102400,1.0925,1.09265,1.09235,1.09245,1468
2024-07-16 05:00,1721106000,1.0924,1.09245,1.0919,1.09205,3928
2024-07-16 06:00,1721109600,1.092,1.0923,1.09155,1.09205,11664
2024-07-16 07:00,1721113200,1.09205,1.0932,1.09205,1.09305,15516
2024-07-16 08:00,1721116800,1.09305,1.09345,1.09255,1.09315,9431
2024-07-16 09:00,1721120400,1.0932,1.09355,1.09255,1.093,11561
2024-07-16 10:00,1721124000,1.093,1.0935,1.09275,1.09305,5661
2024-07-16 11:00,1721127600,1.0931,1.09355,1.09265,1.09335,7787
2024-07-16 12:00,1721131200,1.09335,1.09375,1.09075,1.0913,30087
2024-07-16 13:00,1721134800,1.09125,1.0915,1.0903,1.09145,19220
2024-07-16 14:00,1721138400,1.0915,1.09165,1.09045,1.091,16391
2024-07-16 15:00,1721142000,1.09105,1.0918,1.091,1.0916,9063
2024-07-16 16:00,1721145600,1.09165,1.09205,1.0913,1.092,7948
2024-07-16 17:00,1721149200,1.09205,1.0924,1.0919,1.09235,7178
2024-07-16 18:00,1721152800,1.09235,1.0929,1.0922,1.09275,7064
2024-07-16 19:00,1721156400,1.09275,1.09345,1.0927,1.09335,5326
2024-07-16 20:00,1721160000,1.09335,1.09345,1.093,1.0932,2294
2024-07-16 22:00,1721167200,1.093,1.09335,1.09285,1.09335,0
2024-07-16 23:00,1721170800,1.09335,1.0934,1.0928,1.09335,1310
2024-07-17 00:00,1721174400,1.09335,1.09345,1.0927,1.09285,3043
2024-07-17 01:00,1721178000,1.0929,1.0934,1.0927,1.0934,1769
2024-07-17 02:00,1721181600,1.0934,1.0938,1.09325,1.09355,1913
2024-07-17 03:00,1721185200,1.09355,1.0937,1.0932,1.0937,1696
2024-07-17 04:00,1721188800,1.09375,1.09375,1.09335,1.0934,721
2024-07-17 05:00,1721192400,1.09345,1.0938,1.0932,1.09355,2794
2024-07-17 06:00,1721196000,1.09355,1.0937,1.09285,1.09285,10900
2024-07-17 07:00,1721199600,1.0929,1.09445,1.0926,1.09395,16940
2024-07-17 08:00,1721203200,1.0939,1.09755,1.09385,1.0973,27891
2024-07-17 09:00,1721206800,1.09735,1.09765,1.09675,1.0975,29808
2024-07-17 10:00,1721210400,1.0975,1.09765,1.09615,1.09615,16887
2024-07-17 11:00,1721214000,1.09615,1.0973,1.096,1.0966,11870
2024-07-17 12:00,1721217600,1.0966,1.09755,1.09635,1.09735,13518
2024-07-17 13:00,1721221200,1.09735,1.09795,1.0967,1.097,24213
2024-07-17 14:00,1721224800,1.09705,1.09705,1.09625,1.0964,15043
2024-07-17 15:00,1721228400,1.09635,1.09675,1.0959,1.0964,13073
2024-07-17 16:00,1721232000,1.09635,1.09655,1.0955,1.0961,9309
2024-07-17 17:00,1721235600,1.0961,1.0968,1.09595,1.09625,8388
2024-07-17 18:00,1721239200,1.09625,1.09705,1.09615,1.0968,7796
2024-07-17 19:00,1721242800,1.09685,1.0971,1.0966,1.0967,6216
2024-07-17 20:00,1721246400,1.09675,1.09715,1.09665,1.09715,2079
2024-07-17 22:00,1721253600,1.09695,1.097,1.0968,1.09695,0
2024-07-17 23:00,1721257200,1.097,1.0971,1.09685,1.097,3020
2024-07-18 00:00,1721260800,1.097,1.0971,1.09665,1.0967,2563
2024-07-18 01:00,1721264400,1.0967,1.0969,1.09645,1.0965,2975
2024-07-18 02:00,1721268000,1.0964,1.0966,1.09625,1.0965,2196
2024-07-18 03:00,1721271600,1.0965,1.09665,1.0963,1.0963,1776
2024-07-18 04:00,1721275200,1.0963,1.0966,1.09625,1.09635,1534
2024-07-18 05:00,1721278800,1.09635,1.0968,1.0963,1.0967,2497
2024-07-18 06:00,1721282400,1.09665,1.0967,1.09575,1.0961,7529
2024-07-18 07:00,1721286000,1.0961,1.0965,1.0956,1.0961,11489
2024-07-18 08:00,1721289600,1.0961,1.09685,1.09585,1.09605,10784
2024-07-18 09:00,1721293200,1.096,1.09615,1.09575,1.09605,8158
2024-07-18 10:00,1721296800,1.09605,1.0966,1.09585,1.0963,5735
2024-07-18 11:00,1721300400,1.0963,1.0963,1.0956,1.09575,7199
2024-07-18 12:00,1721304000,1.0958,1.09675,1.09535,1.09585,22187
2024-07-18 13:00,1721307600,1.09585,1.0959,1.0937,1.0941,22494
2024-07-18 14:00,1721311200,1.0941,1.09465,1.09345,1.09445,24739
2024-07-18 15:00,1721314800,1.09455,1.0948,1.09345,1.09415,21739
2024-07-18 16:00,1721318400,1.09415,1.09465,1.0941,1.09455,6808
2024-07-18 17:00,1721322000,1.09455,1.0946,1.09365,1.09365,7911
2024-07-18 18:00,1721325600,1.0937,1.0937,1.09255,1.0929,13861
2024-07-18 19:00,1721329200,1.09285,1.093,1.09235,1.0927,6488
2024-07-18 20:00,1721332800,1.0927,1.0929,1.0925,1.09265,2203
2024-07-18 22:00,1721340000,1.09255,1.09295,1.0925,1.09265,0
2024-07-18 23:00,1721343600,1.0927,1.09305,1.09255,1.09295,1373
2024-07-19 00:00,1721347200,1.0929,1.09295,1.092,1.09215,3541
2024-07-19 01:00,1721350800,1.09215,1.0924,1.09155,1.09165,3240
2024-07-19 02:00,1721354400,1.0917,1.09215,1.09165,1.0921,3554
2024-07-19 03:00,1721358000,1.09205,1.0921,1.09175,1.09175,1292
2024-07-19 04:00,1721361600,1.09175,1.0919,1.0915,1.09165,1093
2024-07-19 05:00,1721365200,1.09165,1.092,1.0914,1.09185,2510
2024-07-19 06:00,1721368800,1.0918,1.0919,1.09125,1.09145,8007
2024-07-19 07:00,1721372400,1.0914,1.09195,1.0911,1.0917,11641
2024-07-19 08:00,1721376000,1.09165,1.09165,1.0905,1.0908,10787
2024-07-19 09:00,1721379600,1.0908,1.0914,1.0907,1.091,18211
2024-07-19 10:00,1721383200,1.09095,1.0916,1.0907,1.09135,19243
2024-07-19 11:00,1721386800,1.0914,1.09225,1.09125,1.09225,12317
2024-07-19 12:00,1721390400,1.09225,1.09235,1.09135,1.0918,13096
2024-07-19 13:00,1721394000,1.09185,1.0919,1.09105,1.09105,13409
2024-07-19 14:00,1721397600,1.0911,1.09195,1.09085,1.09185,17410
2024-07-19 15:00,1721401200,1.09185,1.09195,1.09125,1.0917,7972
2024-07-19 16:00,1721404800,1.09175,1.09205,1.0913,1.09145,5882
2024-07-19 17:00,1721408400,1.0914,1.09145,1.091,1.0913,5293
2024-07-19 18:00,1721412000,1.0913,1.09135,1.0905,1.0908,5475
2024-07-19 19:00,1721415600,1.0908,1.09115,1.0906,1.0908,4686
2024-07-19 20:00,1721419200,1.09085,1.09135,1.09075,1.0913,6068
2024-07-21 22:00,1721599200,1.0913,1.09295,1.0912,1.0929,4190
2024-07-21 23:00,1721602800,1.0929,1.0932,1.09275,1.0928,5543
2024-07-22 00:00,1721606400,1.0928,1.09285,1.0921,1.09225,5081
2024-07-22 01:00,1721610000,1.09225,1.09235,1.09135,1.09155,3020
2024-07-22 02:00,1721613600,1.0915,1.0924,1.09135,1.0921,2731
2024-07-22 03:00,1721617200,1.0921,1.09225,1.09195,1.09195,1487
2024-07-22 04:00,1721620800,1.092,1.09215,1.09155,1.0916,1607
2024-07-22 05:00,1721624400,1.0916,1.09165,1.0911,1.09135,3314
2024-07-22 06:00,1721628000,1.0913,1.0919,1.09075,1.09095,10617
2024-07-22 07:00,1721631600,1.091,1.09165,1.0909,1.0916,10529
2024-07-22 08:00,1721635200,1.09155,1.0921,1.09135,1.0917,8024
2024-07-22 09:00,1721638800,1.09165,1.0924,1.0916,1.09205,14071
2024-07-22 10:00,1721642400,1.09205,1.09215,1.0914,1.0918,8100
2024-07-22 11:00,1721646000,1.0918,1.092,1.09125,1.09145,6329
2024-07-22 12:00,1721649600,1.09145,1.09175,1.0904,1.09065,12527
2024-07-22 13:00,1721653200,1.0907,1.0915,1.0904,1.0909,11673
2024-07-22 14:00,1721656800,1.09095,1.0914,1.09015,1.0913,13310
2024-07-22 15:00,1721660400,1.09135,1.0915,1.09055,1.09085,12908
2024-07-22 16:00,1721664000,1.09085,1.09155,1.09075,1.0915,6255
2024-07-22 17:00,1721667600,1.0915,1.09205,1.0915,1.0919,5941
2024-07-22 18:00,1721671200,1.0919,1.0919,1.0916,1.0918,8829
2024-07-22 19:00,1721674800,1.09185,1.09185,1.09145,1.0916,5236
2024-07-22 20:00,1721678400,1.0916,1.09205,1.09145,1.0919,2323
2024-07-22 22:00,1721685600,1.092,1.09215,1.0919,1.0919,0
2024-07-22 23:00,1721689200,1.09195,1.09195,1.0917,1.09175,1096
2024-07-23 00:00,1721692800,1.0917,1.0921,1.09155,1.0918,2443
2024-07-23 01:00,1721696400,1.0918,1.09225,1.0916,1.0917,2209
2024-07-23 02:00,1721700000,1.09165,1.09215,1.09165,1.092,1720
2024-07-23 03:00,1721703600,1.092,1.0925,1.092,1.09225,2499
2024-07-23 04:00,1721707200,1.09225,1.0923,1.0919,1.0919,1461
2024-07-23 05:00,1721710800,1.0919,1.09195,1.09165,1.09185,2047
2024-07-23 06:00,1721714400,1.09185,1.09185,1.09075,1.0913,6519
2024-07-23 07:00,1721718000,1.0913,1.0917,1.09025,1.0904,11742
2024-07-23 08:00,1721721600,1.0904,1.09105,1.0896,1.09055,13009
2024-07-23 09:00,1721725200,1.09055,1.0906,1.0894,1.0895,10407
2024-07-23 10:00,1721728800,1.0895,1.08965,1.08845,1.0889,21556
2024-07-23 11:00,1721732400,1.0889,1.0896,1.0884,1.0885,12143
2024-07-23 12:00,1721736000,1.0885,1.0892,1.0883,1.0884,15866
2024-07-23 13:00,1721739600,1.0884,1.08845,1.08735,1.0877,18549
2024-07-23 14:00,1721743200,1.08775,1.08835,1.08715,1.0872,16110
2024-07-23 15:00,1721746800,1.0876,1.0886,1.0875,1.0882,13161
2024-07-23 16:00,1721750400,1.08825,1.08855,1.088,1.08815,7341
2024-07-23 17:00,1721754000,1.08815,1.08845,1.08785,1.08815,6479
2024-07-23 18:00,1721757600,1.08815,1.08835,1.08795,1.08805,8164
2024-07-23 19:00,1721761200,1.088,1.08805,1.0877,1.08785,4842
2024-07-23 20:00,1721764800,1.08785,1.08845,1.08775,1.0881,4527
2024-07-23 22:00,1721772000,1.08815,1.0884,1.08765,1.0879,0
2024-07-23 23:00,1721775600,1.0879,1.08795,1.0876,1.0877,895
2024-07-24 00:00,1721779200,1.08775,1.0878,1.08735,1.08745,2340
2024-07-24 01:00,1721782800,1.0874,1.0878,1.08735,1.0876,3127
2024-07-24 02:00,1721786400,1.08755,1.0876,1.08695,1.08705,2591
2024-07-24 03:00,1721790000,1.08705,1.0873,1.08705,1.08725,1775
2024-07-24 04:00,1721793600,1.0874,1.08755,1.0871,1.08745,2385
2024-07-24 05:00,1721797200,1.08745,1.0881,1.08735,1.088,2782
2024-07-24 06:00,1721800800,1.08795,1.088,1.087,1.0871,6869
2024-07-24 07:00,1721804400,1.08705,1.0881,1.0852,1.0857,24285
2024-07-24 08:00,1721808000,1.08565,1.0865,1.0853,1.08625,14916
2024-07-24 09:00,1721811600,1.08625,1.08685,1.086,1.0868,7630
2024-07-24 10:00,1721815200,1.08675,1.08735,1.08675,1.087,6691
2024-07-24 11:00,1721818800,1.087,1.0876,1.0866,1.08735,9478
2024-07-24 12:00,1721822400,1.0874,1.0887,1.0873,1.08855,19247
2024-07-24 13:00,1721826000,1.0886,1.08905,1.0879,1.0882,22210
2024-07-24 14:00,1721829600,1.0882,1.0894,1.0878,1.08815,26017
2024-07-24 15:00,1721833200,1.08815,1.08855,1.0879,1.08805,13858
2024-07-24 16:00,1721836800,1.08805,1.08805,1.0875,1.08785,7089
2024-07-24 17:00,1721840400,1.08785,1.08825,1.0873,1.0874,6497
2024-07-24 18:00,1721844000,1.08735,1.088,1.0864,1.0865,9869
2024-07-24 19:00,1721847600,1.08645,1.08705,1.0863,1.0866,4899
2024-07-24 20:00,1721851200,1.0866,1.08675,1.08655,1.08665,2832
2024-07-24 22:00,1721858400,1.08665,1.0868,1.0864,1.08655,0
2024-07-24 23:00,1721862000,1.08655,1.0866,1.08635,1.08635,874
2024-07-25 00:00,1721865600,1.0864,1.08675,1.0861,1.08655,4031
2024-07-25 01:00,1721869200,1.0865,1.0869,1.08635,1.08635,2501
2024-07-25 02:00,1721872800,1.08635,1.08675,1.08625,1.08655,2312
2024-07-25 03:00,1721876400,1.08655,1.087,1.0865,1.08685,1652
2024-07-25 04:00,1721880000,1.08685,1.08695,1.0864,1.08655,1872
2024-07-25 05:00,1721883600,1.0866,1.08715,1.08645,1.0871,2676
2024-07-25 06:00,1721887200,1.08705,1.0871,1.08595,1.08605,7922
2024-07-25 07:00,1721890800,1.08605,1.0879,1.0854,1.08755,21444
2024-07-25 08:00,1721894400,1.08745,1.088,1.08695,1.08725,18336
2024-07-25 09:00,1721898000,1.0872,1.0882,1.087,1.08775,8372
2024-07-25 10:00,1721901600,1.08775,1.0885,1.0874,1.08775,8180
2024-07-25 11:00,1721905200,1.08775,1.08795,1.08695,1.0872,6819
2024-07-25 12:00,1721908800,1.08715,1.08835,1.0858,1.08755,24223
2024-07-25 13:00,1721912400,1.0876,1.0877,1.08565,1.0865,22087
2024-07-25 14:00,1721916000,1.08645,1.0883,1.08625,1.08805,18851
2024-07-25 15:00,1721919600,1.08805,1.08905,1.088,1.0886,19752
2024-07-25 16:00,1721923200,1.08865,1.08895,1.0883,1.0888,10008
2024-07-25 17:00,1721926800,1.08885,1.0896,1.08795,1.08805,9723
2024-07-25 18:00,1721930400,1.088,1.0881,1.08735,1.0874,8544
2024-07-25 19:00,1721934000,1.08735,1.08795,1.08715,1.0872,7424
2024-07-25 20:00,1721937600,1.08725,1.08725,1.08695,1.0871,2376
2024-07-25 22:00,1721944800,1.0871,1.0874,1.0869,1.08725,0
2024-07-25 23:00,1721948400,1.0873,1.08765,1.08725,1.08765,1426
2024-07-26 00:00,1721952000,1.0877,1.0881,1.08765,1.08795,3046
2024-07-26 01:00,1721955600,1.0879,1.0885,1.0877,1.08835,2942
2024-07-26 02:00,1721959200,1.08835,1.0886,1.088,1.08805,1790
2024-07-26 03:00,1721962800,1.08805,1.0884,1.088,1.08835,2022
2024-07-26 04:00,1721966400,1.0885,1.08855,1.08825,1.0884,956
2024-07-26 05:00,1721970000,1.0884,1.0886,1.08825,1.0883,1832
2024-07-26 06:00,1721973600,1.08825,1.08825,1.0876,1.08775,5333
2024-07-26 07:00,1721977200,1.08775,1.0881,1.08705,1.08745,8689
2024-07-26 08:00,1721980800,1.08745,1.08785,1.08675,1.0877,9717
2024-07-26 09:00,1721984400,1.0877,1.08825,1.08755,1.08795,7051
2024-07-26 10:00,1721988000,1.088,1.08845,1.0876,1.0882,5574
2024-07-26 11:00,1721991600,1.08815,1.0887,1.0878,1.08865,9190
2024-07-26 12:00,1721995200,1.0887,1.0891,1.0871,1.0886,18598
2024-07-26 13:00,1721998800,1.0886,1.08925,1.08845,1.0891,13006
2024-07-26 14:00,1722002400,1.08915,1.0894,1.0877,1.08815,18492
2024-07-26 15:00,1722006000,1.0881,1.08855,1.0878,1.08835,9043
2024-07-26 16:00,1722009600,1.08835,1.08925,1.0882,1.0891,6929
2024-07-26 17:00,1722013200,1.08905,1.08915,1.08835,1.08865,4712
2024-07-26 18:00,1722016800,1.0886,1.0889,1.0882,1.08825,5582
2024-07-26 19:00,1722020400,1.08825,1.08845,1.0881,1.0883,4572
2024-07-26 20:00,1722024000,1.0883,1.0883,1.088,1.08805,2509
2024-07-28 22:00,1722204000,1.08815,1.0885,1.08805,1.08815,882
2024-07-28 23:00,1722207600,1.08815,1.0882,1.0878,1.0878,1503
2024-07-29 00:00,1722211200,1.08775,1.08915,1.0876,1.08885,4292
2024-07-29 01:00,1722214800,1.08885,1.0893,1.0886,1.08905,2638
2024-07-29 02:00,1722218400,1.08905,1.0895,1.08895,1.08895,2118
2024-07-29 03:00,1722222000,1.08895,1.08905,1.08865,1.0887,1141
2024-07-29 04:00,1722225600,1.0887,1.08885,1.08835,1.0884,1295
2024-07-29 05:00,1722229200,1.0884,1.08875,1.0882,1.08845,2228
2024-07-29 06:00,1722232800,1.08845,1.08875,1.088,1.0883,4660
2024-07-29 07:00,1722236400,1.0883,1.08845,1.0868,1.08695,13773
2024-07-29 08:00,1722240000,1.0869,1.0869,1.08565,1.0857,18350
2024-07-29 09:00,1722243600,1.0857,1.0866,1.0851,1.0862,12655
2024-07-29 10:00,1722247200,1.0862,1.0867,1.08575,1.0861,7677
2024-07-29 11:00,1722250800,1.0861,1.0861,1.08415,1.08425,9736
2024-07-29 12:00,1722254400,1.0843,1.08465,1.08395,1.08405,23164
2024-07-29 13:00,1722258000,1.0841,1.08425,1.08355,1.08365,15164
2024-07-29 14:00,1722261600,1.0837,1.0841,1.08275,1.08405,26148
2024-07-29 15:00,1722265200,1.084,1.08485,1.084,1.08435,22037
2024-07-29 16:00,1722268800,1.0844,1.08485,1.08395,1.0846,7442
2024-07-29 17:00,1722272400,1.08465,1.0851,1.0844,1.085,6996
2024-07-29 18:00,1722276000,1.085,1.085,1.0844,1.08465,9468
2024-07-29 19:00,1722279600,1.08465,1.08505,1.0846,1.08485,3902
2024-07-29 20:00,1722283200,1.0848,1.08485,1.08445,1.08455,2897
2024-07-29 22:00,1722290400,1.0846,1.0848,1.0846,1.08465,0
2024-07-29 23:00,1722294000,1.08465,1.08465,1.08425,1.0843,1136
2024-07-30 00:00,1722297600,1.0843,1.08445,1.084,1.08415,1781
2024-07-30 01:00,1722301200,1.08415,1.0844,1.08385,1.08415,2623
2024-07-30 02:00,1722304800,1.0842,1.0843,1.0839,1.0842,1571
2024-07-30 03:00,1722308400,1.0842,1.0847,1.08415,1.08465,1237
2024-07-30 04:00,1722312000,1.0848,1.08495,1.08465,1.08485,1460
2024-07-30 05:00,1722315600,1.0848,1.0849,1.08435,1.0845,2845
2024-07-30 06:00,1722319200,1.08445,1.08485,1.0842,1.08465,6992
2024-07-30 07:00,1722322800,1.08465,1.0851,1.08405,1.0843,11605
2024-07-30 08:00,1722326400,1.08425,1.0859,1.084,1.0853,12945
2024-07-30 09:00,1722330000,1.0853,1.08595,1.0852,1.0856,6148
2024-07-30 10:00,1722333600,1.08565,1.086,1.0856,1.08575,3952
2024-07-30 11:00,1722337200,1.08575,1.08575,1.08485,1.08485,5807
2024-07-30 12:00,1722340800,1.0848,1.085,1.0826,1.08265,21812
2024-07-30 13:00,1722344400,1.0826,1.0839,1.0826,1.0835,18485
2024-07-30 14:00,1722348000,1.08355,1.08355,1.08225,1.0829,22831
2024-07-30 15:00,1722351600,1.08295,1.08355,1.08235,1.08325,16586
2024-07-30 16:00,1722355200,1.0833,1.0841,1.0831,1.08375,8411
2024-07-30 17:00,1722358800,1.0838,1.0842,1.0834,1.08385,7960
2024-07-30 18:00,1722362400,1.08385,1.084,1.0834,1.08355,5894
2024-07-30 19:00,1722366000,1.08355,1.08375,1.08335,1.0835,5354
2024-07-30 20:00,1722369600,1.08345,1.084,1.08325,1.084,2863
2024-07-30 22:00,1722376800,1.08395,1.08405,1.0836,1.08385,0
2024-07-30 23:00,1722380400,1.0839,1.0842,1.0838,1.08395,1143
2024-07-31 00:00,1722384000,1.08395,1.08435,1.08365,1.08435,2085
2024-07-31 01:00,1722387600,1.08435,1.0848,1.08405,1.08455,4471
2024-07-31 02:00,1722391200,1.08455,1.08525,1.0844,1.085,4025
2024-07-31 03:00,1722394800,1.085,1.08535,1.0846,1.0847,4310
2024-07-31 04:00,1722398400,1.0848,1.085,1.08455,1.0849,3279
2024-07-31 05:00,1722402000,1.08495,1.08505,1.0844,1.08485,3477
2024-07-31 06:00,1722405600,1.08485,1.0849,1.0839,1.0849,12325
2024-07-31 07:00,1722409200,1.08485,1.0849,1.08355,1.0842,14074
2024-07-31 08:00,1722412800,1.08415,1.0851,1.08305,1.08465,12723
2024-07-31 09:00,1722416400,1.08465,1.08515,1.0846,1.08495,6567
2024-07-31 10:00,1722420000,1.0849,1.0859,1.08485,1.08565,8248
2024-07-31 11:00,1722423600,1.08565,1.0864,1.08505,1.08515,13554
2024-07-31 12:00,1722427200,1.08515,1.08755,1.0849,1.0865,23687
2024-07-31 13:00,1722430800,1.08645,1.0873,1.08625,1.08665,13521
2024-07-31 14:00,1722434400,1.0867,1.08705,1.0841,1.08455,34092
2024-07-31 15:00,1722438000,1.0845,1.08515,1.08425,1.08465,22958
2024-07-31 16:00,1722441600,1.0846,1.08465,1.0828,1.08325,14538
2024-07-31 17:00,1722445200,1.08325,1.08405,1.0829,1.084,12225
2024-07-31 18:00,1722448800,1.08395,1.08535,1.0825,1.085,23602
2024-07-31 19:00,1722452400,1.08505,1.08565,1.0843,1.08465,17637
2024-07-31 20:00,1722456000,1.08465,1.0852,1.0841,1.08485,3857
2024-07-31 22:00,1722463200,1.0849,1.08535,1.0846,1.08465,0
2024-07-31 23:00,1722466800,1.0847,1.0848,1.0844,1.0846,1036
2024-08-01 00:00,1722470400,1.08455,1.08525,1.08455,1.08505,2339
2024-08-01 01:00,1722474000,1.085,1.0856,1.08495,1.085,4026
2024-08-01 02:00,1722477600,1.085,1.0853,1.08465,1.08485,3580
2024-08-01 03:00,1722481200,1.0848,1.0857,1.08475,1.08555,2128
2024-08-01 04:00,1722484800,1.08565,1.08575,1.0849,1.08495,1820
2024-08-01 05:00,1722488400,1.0849,1.0852,1.0848,1.08495,2208
2024-08-01 06:00,1722492000,1.0849,1.085,1.0833,1.08385,9576
2024-08-01 07:00,1722495600,1.08385,1.0842,1.08215,1.0823,13401
2024-08-01 08:00,1722499200,1.0823,1.0824,1.0803,1.0806,39062
2024-08-01 09:00,1722502800,1.08065,1.0808,1.0799,1.07995,16728
2024-08-01 10:00,1722506400,1.08,1.0812,1.07995,1.08065,11444
2024-08-01 11:00,1722510000,1.08065,1.0818,1.08025,1.08145,13816
2024-08-01 12:00,1722513600,1.0814,1.08305,1.08095,1.08185,26601
2024-08-01 13:00,1722517200,1.08185,1.08285,1.08095,1.08255,17674
2024-08-01 14:00,1722520800,1.0826,1.08405,1.08095,1.0814,41724
2024-08-01 15:00,1722524400,1.08145,1.0817,1.0806,1.0811,17111
2024-08-01 16:00,1722528000,1.0811,1.08185,1.08025,1.0808,11891
2024-08-01 17:00,1722531600,1.08085,1.0814,1.0807,1.0814,7178
2024-08-01 18:00,1722535200,1.0814,1.08145,1.08055,1.08065,10479
2024-08-01 19:00,1722538800,1.08065,1.08175,1.0805,1.08115,6357
2024-08-01 20:00,1722542400,1.08115,1.0814,1.08085,1.0813,2045
2024-08-01 22:00,1722549600,1.08125,1.0815,1.08095,1.08105,0
2024-08-01 23:00,1722553200,1.08105,1.08135,1.0808,1.0808,2120
2024-08-02 00:00,1722556800,1.0808,1.0814,1.08035,1.08125,3920
2024-08-02 01:00,1722560400,1.08125,1.08155,1.08095,1.08125,2950
2024-08-02 02:00,1722564000,1.08125,1.08135,1.08065,1.0812,3136
2024-08-02 03:00,1722567600,1.0812,1.0817,1.0812,1.0815,1471
2024-08-02 04:00,1722571200,1.08155,1.082,1.0815,1.08195,2263
2024-08-02 05:00,1722574800,1.08195,1.0826,1.0817,1.0826,3677
2024-08-02 06:00,1722578400,1.0826,1.0831,1.08145,1.0818,15891
2024-08-02 07:00,1722582000,1.0818,1.0826,1.0808,1.08255,18402
2024-08-02 08:00,1722585600,1.08255,1.0837,1.0825,1.08365,15178
2024-08-02 09:00,1722589200,1.08365,1.0847,1.08365,1.08415,17635
2024-08-02 10:00,1722592800,1.08425,1.0846,1.08375,1.0845,8273
2024-08-02 11:00,1722596400,1.0845,1.08595,1.0845,1.0853,18249
2024-08-02 12:00,1722600000,1.08535,1.0919,1.0851,1.09135,81026
2024-08-02 13:00,1722603600,1.0913,1.09285,1.09065,1.09275,61793
2024-08-02 14:00,1722607200,1.09275,1.09485,1.09215,1.0944,47352
2024-08-02 15:00,1722610800,1.0944,1.0947,1.0934,1.09355,31860
2024-08-02 16:00,1722614400,1.0935,1.09365,1.09255,1.0934,23549
2024-08-02 17:00,1722618000,1.0934,1.0937,1.0929,1.0933,12493
2024-08-02 18:00,1722621600,1.0933,1.09385,1.0932,1.09345,11678
2024-08-02 19:00,1722625200,1.09345,1.09385,1.09315,1.09345,9294
2024-08-02 20:00,1722628800,1.09345,1.09365,1.09295,1.0933,3324
2024-08-04 22:00,1722808800,1.094,1.0945,1.0924,1.0928,3497
2024-08-04 23:00,1722812400,1.0928,1.09325,1.09255,1.09315,4863
2024-08-05 00:00,1722816000,1.09315,1.09435,1.0928,1.0938,9584
2024-08-05 01:00,1722819600,1.0938,1.0943,1.09335,1.094,7788
2024-08-05 02:00,1722823200,1.09405,1.0945,1.09345,1.09425,5268
2024-08-05 03:00,1722826800,1.0943,1.09525,1.0942,1.0951,6725
2024-08-05 04:00,1722830400,1.0952,1.0961,1.0949,1.09535,11454
2024-08-05 05:00,1722834000,1.09535,1.09595,1.09335,1.09335,16927
2024-08-05 06:00,1722837600,1.0934,1.09395,1.0914,1.09275,49251
2024-08-05 07:00,1722841200,1.09265,1.0989,1.0925,1.09705,47755
2024-08-05 08:00,1722844800,1.09705,1.0997,1.09685,1.09725,24985
2024-08-05 09:00,1722848400,1.0973,1.09825,1.09665,1.0973,16869
2024-08-05 10:00,1722852000,1.09725,1.0973,1.09545,1.09695,17889
2024-08-05 11:00,1722855600,1.097,1.0986,1.0965,1.09845,12544
2024-08-05 12:00,1722859200,1.09845,1.10305,1.09825,1.10125,39527
2024-08-05 13:00,1722862800,1.10125,1.1025,1.09975,1.10015,36826
2024-08-05 14:00,1722866400,1.1,1.10015,1.0978,1.10005,44251
2024-08-05 15:00,1722870000,1.10005,1.1008,1.09775,1.0978,24406
2024-08-05 16:00,1722873600,1.09775,1.09835,1.09695,1.09815,14735
2024-08-05 17:00,1722877200,1.0981,1.0986,1.0969,1.0975,8518
2024-08-05 18:00,1722880800,1.0975,1.0979,1.09705,1.0973,10355
2024-08-05 19:00,1722884400,1.09725,1.098,1.0971,1.098,7093
2024-08-05 20:00,1722888000,1.098,1.09815,1.09705,1.0973,2944
2024-08-05 22:00,1722895200,1.09735,1.0983,1.0973,1.09755,0
2024-08-05 23:00,1722898800,1.09755,1.09785,1.09705,1.0972,3665
2024-08-06 00:00,1722902400,1.09715,1.0984,1.0965,1.0984,7242
2024-08-06 01:00,1722906000,1.09835,1.0984,1.0971,1.09755,4804
2024-08-06 02:00,1722909600,1.09755,1.09785,1.09725,1.0973,1966
2024-08-06 03:00,1722913200,1.0973,1.0977,1.09725,1.09745,1040
2024-08-06 04:00,1722916800,1.0973,1.0977,1.0971,1.0973,2432
2024-08-06 05:00,1722920400,1.0973,1.0976,1.0966,1.0968,6198
2024-08-06 06:00,1722924000,1.0968,1.097,1.09555,1.096,22686
2024-08-06 07:00,1722927600,1.096,1.09615,1.0943,1.0948,19164
2024-08-06 08:00,1722931200,1.0948,1.09555,1.09395,1.09485,16154
2024-08-06 09:00,1722934800,1.09485,1.09485,1.09285,1.09325,12175
2024-08-06 10:00,1722938400,1.0932,1.0935,1.0925,1.0929,11476
2024-08-06 11:00,1722942000,1.09295,1.09385,1.09245,1.09375,12788
2024-08-06 12:00,1722945600,1.09375,1.09385,1.09255,1.09255,16748
2024-08-06 13:00,1722949200,1.0926,1.09455,1.0926,1.09395,24570
2024-08-06 14:00,1722952800,1.09395,1.0956,1.09365,1.09545,29427
2024-08-06 15:00,1722956400,1.0955,1.0955,1.0943,1.0946,21337
2024-08-06 16:00,1722960000,1.09465,1.0953,1.09415,1.09485,11835
2024-08-06 17:00,1722963600,1.09485,1.0952,1.09435,1.09465,10233
2024-08-06 18:00,1722967200,1.09465,1.09545,1.0946,1.09495,8900
2024-08-06 19:00,1722970800,1.09495,1.09515,1.09435,1.095,9288
2024-08-06 20:00,1722974400,1.09505,1.0953,1.09485,1.09525,3337
2024-08-06 22:00,1722981600,1.09515,1.0953,1.0948,1.09495,0
2024-08-06 23:00,1722985200,1.095,1.09505,1.09445,1.0946,1666
2024-08-07 00:00,1722988800,1.0946,1.09505,1.09435,1.095,2152
2024-08-07 01:00,1722992400,1.095,1.09505,1.0931,1.09385,6524
2024-08-07 02:00,1722996000,1.09385,1.094,1.0933,1.09365,4551
2024-08-07 03:00,1722999600,1.0937,1.0938,1.09325,1.0936,2784
2024-08-07 04:00,1723003200,1.09365,1.0937,1.0932,1.0932,3412
2024-08-07 05:00,1723006800,1.0932,1.09335,1.0927,1.09305,4217
2024-08-07 06:00,1723010400,1.0931,1.09355,1.09255,1.09355,7420
2024-08-07 07:00,1723014000,1.09355,1.0948,1.0933,1.09425,13321
2024-08-07 08:00,1723017600,1.09425,1.09485,1.09385,1.09395,8618
2024-08-07 09:00,1723021200,1.0939,1.094,1.09285,1.09335,8056
2024-08-07 10:00,1723024800,1.0934,1.09435,1.09315,1.0938,7248
2024-08-07 11:00,1723028400,1.0938,1.09465,1.0938,1.09435,9197
2024-08-07 12:00,1723032000,1.0944,1.09455,1.0934,1.0942,10254
2024-08-07 13:00,1723035600,1.0942,1.09465,1.0933,1.0939,14659
2024-08-07 14:00,1723039200,1.0939,1.09545,1.0939,1.0952,21159
2024-08-07 15:00,1723042800,1.09515,1.0957,1.09445,1.0945,16792
2024-08-07 16:00,1723046400,1.09445,1.09475,1.09415,1.09425,7252
2024-08-07 17:00,1723050000,1.0942,1.09475,1.0938,1.09425,9358
2024-08-07 18:00,1723053600,1.0942,1.0944,1.09375,1.0943,13894
2024-08-07 19:00,1723057200,1.0943,1.0947,1.09415,1.09435,6645
2024-08-07 20:00,1723060800,1.09435,1.0944,1.094,1.0943,1659
2024-08-07 22:00,1723068000,1.0943,1.09455,1.0941,1.0945,0
2024-08-07 23:00,1723071600,1.0946,1.09525,1.0945,1.0946,2694
2024-08-08 00:00,1723075200,1.0946,1.09515,1.09445,1.09465,3772
2024-08-08 01:00,1723078800,1.0947,1.09495,1.0942,1.09465,2572
2024-08-08 02:00,1723082400,1.09465,1.09535,1.09455,1.09525,2560
2024-08-08 03:00,1723086000,1.09525,1.0954,1.0949,1.0953,1478
2024-08-08 04:00,1723089600,1.09555,1.09565,1.09495,1.09505,2332
2024-08-08 05:00,1723093200,1.09505,1.09545,1.09485,1.09545,2923
2024-08-08 06:00,1723096800,1.0955,1.09635,1.09525,1.09615,9762
2024-08-08 07:00,1723100400,1.0962,1.0964,1.09525,1.0959,9934
2024-08-08 08:00,1723104000,1.09585,1.0963,1.0954,1.09555,5565
2024-08-08 09:00,1723107600,1.09555,1.0958,1.09445,1.0945,5405
2024-08-08 10:00,1723111200,1.0946,1.09475,1.094,1.0944,5528
2024-08-08 11:00,1723114800,1.0944,1.0952,1.0942,1.09495,5715
2024-08-08 12:00,1723118400,1.09495,1.09515,1.091,1.0916,29263
2024-08-08 13:00,1723122000,1.09165,1.0925,1.09,1.0911,38334
2024-08-08 14:00,1723125600,1.09115,1.09265,1.091,1.09245,16875
2024-08-08 15:00,1723129200,1.09265,1.09335,1.0925,1.0932,14562
2024-08-08 16:00,1723132800,1.0932,1.0933,1.0924,1.09275,7415
2024-08-08 17:00,1723136400,1.0928,1.09355,1.0926,1.09315,6565
2024-08-08 18:00,1723140000,1.09315,1.09385,1.09295,1.0937,7849
2024-08-08 19:00,1723143600,1.0937,1.09375,1.0932,1.0935,4703
2024-08-08 20:00,1723147200,1.09345,1.0938,1.09345,1.09375,2250
2024-08-08 22:00,1723154400,1.09365,1.09375,1.0934,1.09365,0
2024-08-08 23:00,1723158000,1.0937,1.09375,1.09325,1.0933,1644
2024-08-09 00:00,1723161600,1.0933,1.0934,1.093,1.09305,3027
2024-08-09 01:00,1723165200,1.09315,1.09375,1.093,1.09365,2267
2024-08-09 02:00,1723168800,1.09365,1.09425,1.0934,1.09395,3086
2024-08-09 03:00,1723172400,1.09395,1.09425,1.0939,1.09415,1205
2024-08-09 04:00,1723176000,1.0941,1.0942,1.0938,1.09385,1662
2024-08-09 05:00,1723179600,1.09385,1.094,1.09365,1.0938,2598
2024-08-09 06:00,1723183200,1.09375,1.09465,1.09355,1.0945,6047
2024-08-09 07:00,1723186800,1.09455,1.09475,1.09385,1.09405,7941
2024-08-09 08:00,1723190400,1.094,1.0941,1.09315,1.0936,7562
2024-08-09 09:00,1723194000,1.09355,1.09445,1.09355,1.0938,5691
2024-08-09 10:00,1723197600,1.09375,1.09415,1.09355,1.09355,3726
2024-08-09 11:00,1723201200,1.09355,1.0939,1.09295,1.0934,5244
2024-08-09 12:00,1723204800,1.09345,1.0938,1.0927,1.093,12597
2024-08-09 13:00,1723208400,1.093,1.09425,1.0928,1.0941,14864
2024-08-09 14:00,1723212000,1.0941,1.09495,1.09395,1.09415,21631
2024-08-09 15:00,1723215600,1.0941,1.0946,1.09395,1.0942,8603
2024-08-09 16:00,1723219200,1.09425,1.09425,1.0936,1.09365,8659
2024-08-09 17:00,1723222800,1.0937,1.09415,1.0933,1.0939,10523
2024-08-09 18:00,1723226400,1.09385,1.094,1.09355,1.09375,7328
2024-08-09 19:00,1723230000,1.0938,1.09395,1.09355,1.0937,3821
2024-08-09 20:00,1723233600,1.09375,1.0938,1.0933,1.09335,2227
2024-08-11 22:00,1723413600,1.0935,1.094,1.0928,1.0931,1259
2024-08-11 23:00,1723417200,1.0931,1.0933,1.093,1.09305,1249
2024-08-12 00:00,1723420800,1.09305,1.0938,1.09295,1.0936,1659
2024-08-12 01:00,1723424400,1.0936,1.0941,1.0936,1.09385,1695
2024-08-12 02:00,1723428000,1.0939,1.09395,1.09355,1.09355,1726
2024-08-12 03:00,1723431600,1.09355,1.09365,1.093,1.0931,1338
2024-08-12 04:00,1723435200,1.0932,1.09395,1.0931,1.09365,2088
2024-08-12 05:00,1723438800,1.0937,1.0939,1.09355,1.09365,1123
2024-08-12 06:00,1723442400,1.0937,1.09415,1.09335,1.0939,5046
2024-08-12 07:00,1723446000,1.0939,1.09465,1.09375,1.09405,8144
2024-08-12 08:00,1723449600,1.094,1.0943,1.0934,1.09385,6825
2024-08-12 09:00,1723453200,1.09385,1.09455,1.09355,1.09445,4148
2024-08-12 10:00,1723456800,1.0945,1.09475,1.09395,1.0944,6087
2024-08-12 11:00,1723460400,1.0944,1.0947,1.09375,1.09435,5845
2024-08-12 12:00,1723464000,1.09435,1.09465,1.0935,1.09375,7236
2024-08-12 13:00,1723467600,1.0938,1.09515,1.09375,1.0943,18040
2024-08-12 14:00,1723471200,1.09435,1.0951,1.0933,1.09495,17751
2024-08-12 15:00,1723474800,1.0949,1.0957,1.09455,1.0946,12813
2024-08-12 16:00,1723478400,1.09455,1.09475,1.09395,1.09405,5932
2024-08-12 17:00,1723482000,1.09405,1.09515,1.094,1.0951,5319
2024-08-12 18:00,1723485600,1.0951,1.09525,1.0946,1.0948,5835
2024-08-12 19:00,1723489200,1.09485,1.0951,1.09475,1.0949,4320
2024-08-12 20:00,1723492800,1.0949,1.095,1.0945,1.0949,1775
2024-08-12 22:00,1723500000,1.09495,1.0951,1.0948,1.09495,0
2024-08-12 23:00,1723503600,1.09495,1.0954,1.09485,1.09535,952
2024-08-13 00:00,1723507200,1.0953,1.0953,1.09465,1.09475,1889
2024-08-13 01:00,1723510800,1.09475,1.0953,1.09465,1.09525,1615
2024-08-13 02:00,1723514400,1.09525,1.0955,1.09515,1.09525,1105
2024-08-13 03:00,1723518000,1.0953,1.09555,1.09525,1.09545,1284
2024-08-13 04:00,1723521600,1.09545,1.0957,1.0953,1.09565,1131
2024-08-13 05:00,1723525200,1.0957,1.09585,1.09545,1.0957,1715
2024-08-13 06:00,1723528800,1.09575,1.09585,1.095,1.0951,5578
2024-08-13 07:00,1723532400,1.09505,1.09525,1.09435,1.09475,7559
2024-08-13 08:00,1723536000,1.0947,1.0947,1.0938,1.0941,5398
2024-08-13 09:00,1723539600,1.09405,1.0944,1.09305,1.0937,10797
2024-08-13 10:00,1723543200,1.0937,1.09425,1.0935,1.09405,5158
2024-08-13 11:00,1723546800,1.0941,1.09495,1.094,1.09475,5278
2024-08-13 12:00,1723550400,1.09475,1.09725,1.09425,1.09585,21108
2024-08-13 13:00,1723554000,1.09585,1.09795,1.09555,1.0976,24822
2024-08-13 14:00,1723557600,1.09765,1.09795,1.0968,1.09735,17542
2024-08-13 15:00,1723561200,1.0973,1.09765,1.09655,1.0971,20187
2024-08-13 16:00,1723564800,1.0971,1.09915,1.09705,1.099,13493
2024-08-13 17:00,1723568400,1.099,1.0996,1.0987,1.09945,8269
2024-08-13 18:00,1723572000,1.09945,1.1017,1.09945,1.10165,13946
2024-08-13 19:00,1723575600,1.1017,1.10175,1.10115,1.10135,10124
2024-08-13 20:00,1723579200,1.1014,1.1017,1.101,1.10115,5556
2024-08-13 22:00,1723586400,1.1011,1.10145,1.10095,1.1014,0
2024-08-13 23:00,1723590000,1.1014,1.10155,1.10115,1.10135,4450
2024-08-14 00:00,1723593600,1.1013,1.10145,1.1009,1.1009,3459
2024-08-14 01:00,1723597200,1.1009,1.1014,1.10075,1.1009,3348
2024-08-14 02:00,1723600800,1.10085,1.1011,1.10075,1.10085,5558
2024-08-14 03:00,1723604400,1.10085,1.1009,1.1006,1.10075,2794
2024-08-14 04:00,1723608000,1.1008,1.10105,1.1007,1.10105,2088
2024-08-14 05:00,1723611600,1.10105,1.10125,1.1007,1.10085,3206
2024-08-14 06:00,1723615200,1.1008,1.10185,1.10035,1.1017,16119
2024-08-14 07:00,1723618800,1.1017,1.10255,1.1013,1.1023,12215
2024-08-14 08:00,1723622400,1.10225,1.10365,1.10195,1.1036,14548
2024-08-14 09:00,1723626000,1.1036,1.10455,1.10325,1.1043,9958
2024-08-14 10:00,1723629600,1.10425,1.10425,1.1035,1.1039,8693
2024-08-14 11:00,1723633200,1.10395,1.10425,1.1037,1.10395,8191
2024-08-14 12:00,1723636800,1.104,1.10565,1.10215,1.1034,39411
2024-08-14 13:00,1723640400,1.10335,1.106,1.10335,1.1055,33694
2024-08-14 14:00,1723644000,1.1055,1.10645,1.10445,1.10525,24384
2024-08-14 15:00,1723647600,1.10525,1.1053,1.10385,1.10405,20313
2024-08-14 16:00,1723651200,1.10405,1.1041,1.10325,1.1035,10102
2024-08-14 17:00,1723654800,1.10355,1.1036,1.10305,1.1032,6830
2024-08-14 18:00,1723658400,1.1031,1.1034,1.1028,1.10335,9377
2024-08-14 19:00,1723662000,1.1033,1.10335,1.10285,1.103,5425
2024-08-14 20:00,1723665600,1.103,1.10315,1.1028,1.1029,3481
2024-08-14 22:00,1723672800,1.103,1.1031,1.1026,1.10285,0
2024-08-14 23:00,1723676400,1.1029,1.10295,1.10255,1.1027,1679
2024-08-15 00:00,1723680000,1.10275,1.103,1.1025,1.10255,1944
2024-08-15 01:00,1723683600,1.10255,1.10255,1.10185,1.10225,4095
2024-08-15 02:00,1723687200,1.1023,1.1027,1.10215,1.1024,1517
2024-08-15 03:00,1723690800,1.10245,1.1026,1.1023,1.1024,1033
2024-08-15 04:00,1723694400,1.10255,1.10275,1.1025,1.10275,1028
2024-08-15 05:00,1723698000,1.10275,1.10285,1.10245,1.1025,1928
2024-08-15 06:00,1723701600,1.1025,1.10305,1.10235,1.103,7844
2024-08-15 07:00,1723705200,1.103,1.1031,1.1023,1.1029,7838
2024-08-15 08:00,1723708800,1.10285,1.1029,1.10205,1.10215,6090
2024-08-15 09:00,1723712400,1.10215,1.10285,1.1019,1.10275,7193
2024-08-15 10:00,1723716000,1.10275,1.10295,1.10235,1.10255,4911
2024-08-15 11:00,1723719600,1.10255,1.1029,1.1025,1.1029,4285
2024-08-15 12:00,1723723200,1.1029,1.10295,1.0967,1.09715,52764
2024-08-15 13:00,1723726800,1.09715,1.09855,1.09645,1.0984,32543
2024-08-15 14:00,1723730400,1.09845,1.10015,1.09805,1.09985,24388
2024-08-15 15:00,1723734000,1.09985,1.1005,1.09975,1.1001,14639
2024-08-15 16:00,1723737600,1.10015,1.1005,1.0993,1.09935,9165
2024-08-15 17:00,1723741200,1.09935,1.09955,1.0987,1.09895,5144
2024-08-15 18:00,1723744800,1.099,1.09945,1.09895,1.0994,5988
2024-08-15 19:00,1723748400,1.0994,1.09955,1.0988,1.099,7463
2024-08-15 20:00,1723752000,1.099,1.099,1.0986,1.0987,3597
2024-08-15 22:00,1723759200,1.09885,1.09895,1.09855,1.0986,0
2024-08-15 23:00,1723762800,1.09865,1.099,1.0986,1.0987,979
2024-08-16 00:00,1723766400,1.0987,1.0992,1.0987,1.09905,2184
2024-08-16 01:00,1723770000,1.09905,1.0996,1.09895,1.09955,2062
2024-08-16 02:00,1723773600,1.0996,1.09975,1.0993,1.0996,1336
2024-08-16 03:00,1723777200,1.0996,1.09965,1.09915,1.09915,1080
2024-08-16 04:00,1723780800,1.0993,1.0997,1.09905,1.0997,1161
2024-08-16 05:00,1723784400,1.0997,1.1001,1.0996,1.1001,2092
2024-08-16 06:00,1723788000,1.1,1.1002,1.09955,1.09965,5154
2024-08-16 07:00,1723791600,1.09965,1.1001,1.09915,1.1,6025
2024-08-16 08:00,1723795200,1.09995,1.1005,1.0995,1.0996,8326
2024-08-16 09:00,1723798800,1.09955,1.10055,1.0994,1.1005,5518
2024-08-16 10:00,1723802400,1.1005,1.101,1.10005,1.1009,6136
2024-08-16 11:00,1723806000,1.1009,1.101,1.1004,1.10075,9617
2024-08-16 12:00,1723809600,1.10075,1.101,1.10005,1.1009,17208
2024-08-16 13:00,1723813200,1.1009,1.10195,1.10065,1.10175,15299
2024-08-16 14:00,1723816800,1.1018,1.1018,1.09975,1.10055,19924
2024-08-16 15:00,1723820400,1.10055,1.10125,1.1005,1.1011,9506
2024-08-16 16:00,1723824000,1.1011,1.1019,1.1011,1.1019,6503
2024-08-16 17:00,1723827600,1.1019,1.1028,1.10185,1.1028,9115
2024-08-16 18:00,1723831200,1.10275,1.10365,1.10245,1.10355,8671
2024-08-16 19:00,1723834800,1.1036,1.104,1.1033,1.1039,5448
2024-08-16 20:00,1723838400,1.10395,1.10445,1.1037,1.1043,5347
2024-08-18 22:00,1724018400,1.10435,1.105,1.10385,1.1039,2006
2024-08-18 23:00,1724022000,1.104,1.10405,1.1037,1.10385,1325
2024-08-19 00:00,1724025600,1.1039,1.10505,1.10375,1.1045,4212
2024-08-19 01:00,1724029200,1.10445,1.1048,1.1042,1.10455,3173
2024-08-19 02:00,1724032800,1.10455,1.10465,1.1043,1.1045,1983
2024-08-19 03:00,1724036400,1.1045,1.1055,1.10445,1.1053,2894
2024-08-19 04:00,1724040000,1.10535,1.1056,1.1051,1.1054,2605
2024-08-19 05:00,1724043600,1.1054,1.10635,1.1054,1.1062,4685
2024-08-19 06:00,1724047200,1.1062,1.1065,1.10555,1.10565,8270
2024-08-19 07:00,1724050800,1.10565,1.10615,1.10545,1.1057,9270
2024-08-19 08:00,1724054400,1.1057,1.1065,1.10505,1.1052,8926
2024-08-19 09:00,1724058000,1.1052,1.1056,1.1049,1.105,6549
2024-08-19 10:00,1724061600,1.10495,1.10525,1.10455,1.10505,5848
2024-08-19 11:00,1724065200,1.1051,1.1058,1.1047,1.1057,5170
2024-08-19 12:00,1724068800,1.1057,1.1059,1.1049,1.10535,8469
2024-08-19 13:00,1724072400,1.10535,1.1059,1.10445,1.1059,14995
2024-08-19 14:00,1724076000,1.1059,1.1088,1.10575,1.108,35617
2024-08-19 15:00,1724079600,1.10805,1.10865,1.10745,1.10835,16043
2024-08-19 16:00,1724083200,1.1084,1.1089,1.1082,1.1088,6969
2024-08-19 17:00,1724086800,1.1088,1.10915,1.1085,1.10915,6596
2024-08-19 18:00,1724090400,1.10915,1.11,1.1091,1.10965,15248
2024-08-19 19:00,1724094000,1.1096,1.1101,1.10935,1.1098,4438
2024-08-19 20:00,1724097600,1.1098,1.1101,1.1096,1.10965,3256
2024-08-19 22:00,1724104800,1.11,1.1103,1.10975,1.10995,0
2024-08-19 23:00,1724108400,1.10995,1.1101,1.10975,1.10995,1677
2024-08-20 00:00,1724112000,1.11,1.11015,1.1094,1.1096,3220
2024-08-20 01:00,1724115600,1.1096,1.1101,1.10955,1.1099,2719
2024-08-20 02:00,1724119200,1.10995,1.11015,1.1089,1.10905,3359
2024-08-20 03:00,1724122800,1.10905,1.10935,1.10895,1.10895,2332
2024-08-20 04:00,1724126400,1.10915,1.10935,1.1089,1.1091,1929
2024-08-20 05:00,1724130000,1.1091,1.1092,1.1087,1.1091,4194
2024-08-20 06:00,1724133600,1.1091,1.10965,1.10885,1.10955,9816
2024-08-20 07:00,1724137200,1.1095,1.1101,1.10855,1.11005,14793
2024-08-20 08:00,1724140800,1.11005,1.1103,1.1092,1.1094,9874
2024-08-20 09:00,1724144400,1.1094,1.1096,1.1089,1.10895,5112
2024-08-20 10:00,1724148000,1.10895,1.10965,1.1089,1.1096,4058
2024-08-20 11:00,1724151600,1.1096,1.11005,1.1091,1.1095,6624
2024-08-20 12:00,1724155200,1.10945,1.1113,1.10945,1.1112,15490
2024-08-20 13:00,1724158800,1.1112,1.11195,1.11065,1.11155,21797
2024-08-20 14:00,1724162400,1.11165,1.1131,1.11075,1.11265,22976
2024-08-20 15:00,1724166000,1.11255,1.1126,1.1114,1.11195,15722
2024-08-20 16:00,1724169600,1.11195,1.11335,1.1118,1.1129,11131
2024-08-20 17:00,1724173200,1.1129,1.1131,1.1123,1.113,5400
2024-08-20 18:00,1724176800,1.113,1.1137,1.113,1.1135,5217
2024-08-20 19:00,1724180400,1.1135,1.11415,1.11335,1.11385,7329
2024-08-20 20:00,1724184000,1.1139,1.1145,1.1138,1.11445,4269
2024-08-20 22:00,1724191200,1.11415,1.11435,1.11395,1.11425,0
2024-08-20 23:00,1724194800,1.1142,1.11455,1.11405,1.1141,2431
2024-08-21 00:00,1724198400,1.1141,1.11465,1.1139,1.11415,3797
2024-08-21 01:00,1724202000,1.1141,1.1142,1.1133,1.11355,6003
2024-08-21 02:00,1724205600,1.1135,1.1139,1.1134,1.11355,2446
2024-08-21 03:00,1724209200,1.11355,1.1136,1.1131,1.1133,3158
2024-08-21 04:00,1724212800,1.11335,1.11335,1.11305,1.1133,2480
2024-08-21 05:00,1724216400,1.11325,1.11345,1.113,1.11315,3032
2024-08-21 06:00,1724220000,1.1132,1.11335,1.1127,1.11315,10099
2024-08-21 07:00,1724223600,1.11315,1.11425,1.1124,1.1128,13533
2024-08-21 08:00,1724227200,1.11275,1.1136,1.11245,1.1132,6953
2024-08-21 09:00,1724230800,1.1132,1.11385,1.1127,1.1131,7929
2024-08-21 10:00,1724234400,1.1131,1.11395,1.11295,1.11385,5076
2024-08-21 11:00,1724238000,1.1138,1.1138,1.1124,1.11285,8395
2024-08-21 12:00,1724241600,1.11285,1.11435,1.1127,1.1139,16142
2024-08-21 13:00,1724245200,1.11385,1.11415,1.1125,1.1128,20265
2024-08-21 14:00,1724248800,1.11285,1.11435,1.1113,1.11385,46118
2024-08-21 15:00,1724252400,1.1138,1.1161,1.1138,1.1156,28591
2024-08-21 16:00,1724256000,1.11555,1.1162,1.1155,1.116,8755
2024-08-21 17:00,1724259600,1.116,1.1172,1.1159,1.11695,6915
2024-08-21 18:00,1724263200,1.1169,1.11875,1.11685,1.1175,17751
2024-08-21 19:00,1724266800,1.11755,1.11755,1.11645,1.11655,5342
2024-08-21 20:00,1724270400,1.11655,1.1166,1.11605,1.1163,3307
2024-08-21 22:00,1724277600,1.1162,1.1168,1.1161,1.1168,0
2024-08-21 23:00,1724281200,1.11685,1.117,1.1165,1.1167,1787
2024-08-22 00:00,1724284800,1.11675,1.1169,1.11575,1.11595,5462
2024-08-22 01:00,1724288400,1.116,1.1161,1.11545,1.11555,2592
2024-08-22 02:00,1724292000,1.11555,1.11565,1.11525,1.1155,2998
2024-08-22 03:00,1724295600,1.11555,1.11575,1.1155,1.1156,1813
2024-08-22 04:00,1724299200,1.11545,1.1158,1.1153,1.1155,1490
2024-08-22 05:00,1724302800,1.1155,1.1157,1.11525,1.11555,2802
2024-08-22 06:00,1724306400,1.11555,1.11615,1.1153,1.1161,5405
2024-08-22 07:00,1724310000,1.11615,1.11895,1.11395,1.1149,27406
2024-08-22 08:00,1724313600,1.1149,1.11635,1.1148,1.11545,11841
2024-08-22 09:00,1724317200,1.11545,1.11545,1.1145,1.1152,8636
2024-08-22 10:00,1724320800,1.1151,1.1158,1.11445,1.11575,6206
2024-08-22 11:00,1724324400,1.11575,1.11575,1.1144,1.11485,6714
2024-08-22 12:00,1724328000,1.1149,1.1155,1.11375,1.11525,15759
2024-08-22 13:00,1724331600,1.11525,1.11535,1.1124,1.1131,24191
2024-08-22 14:00,1724335200,1.11315,1.11315,1.111,1.11265,31071
2024-08-22 15:00,1724338800,1.11265,1.1127,1.1117,1.1125,11685
2024-08-22 16:00,1724342400,1.1125,1.11295,1.11195,1.11225,8324
2024-08-22 17:00,1724346000,1.11225,1.1123,1.11105,1.11145,10250
2024-08-22 18:00,1724349600,1.1115,1.1123,1.1115,1.11225,5660
2024-08-22 19:00,1724353200,1.1122,1.11255,1.1117,1.11205,3826
2024-08-22 20:00,1724356800,1.112,1.11255,1.11195,1.11245,2792
2024-08-22 22:00,1724364000,1.1124,1.1128,1.1121,1.1125,0
2024-08-22 23:00,1724367600,1.11255,1.11295,1.1125,1.11275,1591
2024-08-23 00:00,1724371200,1.11275,1.1134,1.11245,1.1131,4465
2024-08-23 01:00,1724374800,1.1131,1.114,1.11295,1.1139,3845
2024-08-23 02:00,1724378400,1.11395,1.11405,1.11345,1.11365,2117
2024-08-23 03:00,1724382000,1.11365,1.11385,1.11345,1.11365,1365
2024-08-23 04:00,1724385600,1.1139,1.11395,1.1136,1.1139,1152
2024-08-23 05:00,1724389200,1.1139,1.11405,1.1136,1.11375,2143
2024-08-23 06:00,1724392800,1.1137,1.1142,1.11315,1.11395,5469
2024-08-23 07:00,1724396400,1.114,1.11435,1.1124,1.1131,16485
2024-08-23 08:00,1724400000,1.11305,1.11355,1.1129,1.1134,6547
2024-08-23 09:00,1724403600,1.11345,1.1139,1.1128,1.1129,6126
2024-08-23 10:00,1724407200,1.1129,1.11345,1.1127,1.11315,5880
2024-08-23 11:00,1724410800,1.1131,1.11325,1.11225,1.11305,10034
2024-08-23 12:00,1724414400,1.11305,1.11345,1.11225,1.1126,11060
2024-08-23 13:00,1724418000,1.11255,1.11265,1.1117,1.11255,15767
2024-08-23 14:00,1724421600,1.11255,1.11965,1.11245,1.11865,78026
2024-08-23 15:00,1724425200,1.1186,1.1208,1.1185,1.1187,27724
2024-08-23 16:00,1724428800,1.1187,1.11905,1.1176,1.11855,12852
2024-08-23 17:00,1724432400,1.1185,1.12095,1.11845,1.1204,17365
2024-08-23 18:00,1724436000,1.1204,1.12125,1.1197,1.1199,10447
2024-08-23 19:00,1724439600,1.1199,1.1207,1.1197,1.1203,4488
2024-08-23 20:00,1724443200,1.12025,1.12055,1.1199,1.1204,3358
2024-08-25 22:00,1724623200,1.12025,1.12055,1.11975,1.1202,2785
2024-08-25 23:00,1724626800,1.12025,1.12035,1.1197,1.12,2245
2024-08-26 00:00,1724630400,1.12,1.12125,1.11975,1.12045,5336
2024-08-26 01:00,1724634000,1.12045,1.1211,1.11985,1.12,4443
2024-08-26 02:00,1724637600,1.12,1.12055,1.1197,1.1198,2366
2024-08-26 03:00,1724641200,1.1198,1.11995,1.1193,1.11935,2288
2024-08-26 04:00,1724644800,1.11945,1.1197,1.11935,1.11945,2035
2024-08-26 05:00,1724648400,1.1194,1.1196,1.11885,1.119,3851
2024-08-26 06:00,1724652000,1.11905,1.12005,1.11905,1.1193,8364
2024-08-26 07:00,1724655600,1.1192,1.11955,1.11865,1.1192,8715
2024-08-26 08:00,1724659200,1.11915,1.1196,1.11875,1.11915,6100
2024-08-26 09:00,1724662800,1.1191,1.1194,1.11825,1.11855,6080
2024-08-26 10:00,1724666400,1.11855,1.1188,1.118,1.11825,6791
2024-08-26 11:00,1724670000,1.1183,1.11845,1.1174,1.11765,7336
2024-08-26 12:00,1724673600,1.1176,1.11795,1.11695,1.11725,14674
2024-08-26 13:00,1724677200,1.1172,1.11735,1.11605,1.11705,22228
2024-08-26 14:00,1724680800,1.1171,1.119,1.11645,1.11875,20107
2024-08-26 15:00,1724684400,1.1187,1.1188,1.1174,1.1175,10186
2024-08-26 16:00,1724688000,1.11745,1.1183,1.11705,1.11815,8518
2024-08-26 17:00,1724691600,1.1182,1.1186,1.11785,1.11805,7191
2024-08-26 18:00,1724695200,1.11805,1.1182,1.11705,1.11745,7964
2024-08-26 19:00,1724698800,1.11745,1.11765,1.11695,1.11705,4339
2024-08-26 20:00,1724702400,1.117,1.11725,1.11695,1.11715,1577
2024-08-26 22:00,1724709600,1.117,1.11745,1.117,1.11735,0
2024-08-26 23:00,1724713200,1.11735,1.11775,1.1173,1.11745,984
2024-08-27 00:00,1724716800,1.1175,1.11765,1.117,1.1171,2277
2024-08-27 01:00,1724720400,1.11715,1.1181,1.11705,1.118,2278
2024-08-27 02:00,1724724000,1.11795,1.11805,1.11745,1.11785,1105
2024-08-27 03:00,1724727600,1.11785,1.11795,1.11755,1.1177,745
2024-08-27 04:00,1724731200,1.11785,1.118,1.11775,1.1179,1161
2024-08-27 05:00,1724734800,1.1179,1.11825,1.1175,1.11775,1622
2024-08-27 06:00,1724738400,1.11765,1.11815,1.11715,1.11725,5865
2024-08-27 07:00,1724742000,1.11725,1.1183,1.11725,1.11745,12191
2024-08-27 08:00,1724745600,1.1174,1.11845,1.11725,1.11775,7896
2024-08-27 09:00,1724749200,1.1177,1.11895,1.11765,1.11785,7946
2024-08-27 10:00,1724752800,1.11785,1.11795,1.11725,1.11765,6471
2024-08-27 11:00,1724756400,1.1177,1.11805,1.1171,1.1171,8339
2024-08-27 12:00,1724760000,1.11715,1.11755,1.11595,1.1169,15912
2024-08-27 13:00,1724763600,1.11685,1.11805,1.1163,1.11785,14615
2024-08-27 14:00,1724767200,1.1179,1.1182,1.11735,1.1177,16522
2024-08-27 15:00,1724770800,1.11765,1.118,1.11695,1.117,10654
2024-08-27 16:00,1724774400,1.11705,1.1178,1.117,1.11765,5347
2024-08-27 17:00,1724778000,1.1176,1.1193,1.1175,1.11915,8501
2024-08-27 18:00,1724781600,1.11915,1.1201,1.11905,1.11965,7246
2024-08-27 19:00,1724785200,1.11965,1.11965,1.11915,1.1195,4410
2024-08-27 20:00,1724788800,1.11945,1.11965,1.11935,1.11955,2436
2024-08-27 22:00,1724796000,1.11935,1.11955,1.1193,1.1194,0
2024-08-27 23:00,1724799600,1.1194,1.1194,1.11845,1.1187,2085
2024-08-28 00:00,1724803200,1.1187,1.119,1.11845,1.119,3583
2024-08-28 01:00,1724806800,1.11895,1.119,1.1182,1.1184,2588
2024-08-28 02:00,1724810400,1.11835,1.11875,1.11765,1.1177,4965
2024-08-28 03:00,1724814000,1.1177,1.1179,1.11725,1.11765,2968
2024-08-28 04:00,1724817600,1.1176,1.1178,1.1168,1.1169,2126
2024-08-28 05:00,1724821200,1.11695,1.1171,1.11495,1.1154,9644
2024-08-28 06:00,1724824800,1.1154,1.11965,1.1145,1.1158,12459
2024-08-28 07:00,1724828400,1.1158,1.1169,1.1158,1.1166,10220
2024-08-28 08:00,1724832000,1.1166,1.11695,1.1149,1.1151,8375
2024-08-28 09:00,1724835600,1.1151,1.11555,1.1143,1.11455,8270
2024-08-28 10:00,1724839200,1.1146,1.11475,1.11315,1.11355,9914
2024-08-28 11:00,1724842800,1.11355,1.1141,1.1127,1.11305,11454
2024-08-28 12:00,1724846400,1.1131,1.1133,1.11145,1.1122,23283
2024-08-28 13:00,1724850000,1.11215,1.1132,1.112,1.1121,23532
2024-08-28 14:00,1724853600,1.11215,1.11475,1.1121,1.114,31085
2024-08-28 15:00,1724857200,1.11405,1.1141,1.1131,1.11355,18381
2024-08-28 16:00,1724860800,1.11365,1.11365,1.112,1.1124,10134
2024-08-28 17:00,1724864400,1.11245,1.1127,1.1115,1.11165,5691
2024-08-28 18:00,1724868000,1.11165,1.11265,1.11155,1.11255,5320
2024-08-28 19:00,1724871600,1.1126,1.1128,1.1123,1.11235,3870
2024-08-28 20:00,1724875200,1.1123,1.113,1.11225,1.11255,3686
2024-08-28 22:00,1724882400,1.11275,1.11325,1.1125,1.11315,0
2024-08-28 23:00,1724886000,1.1132,1.1134,1.11305,1.1132,1506
2024-08-29 00:00,1724889600,1.1132,1.114,1.1132,1.1139,2706
2024-08-29 01:00,1724893200,1.11395,1.11415,1.11365,1.1137,2087
2024-08-29 02:00,1724896800,1.1137,1.114,1.1135,1.11395,1470
2024-08-29 03:00,1724900400,1.1139,1.11435,1.1138,1.11435,1642
2024-08-29 04:00,1724904000,1.11435,1.1144,1.1141,1.11435,1702
2024-08-29 05:00,1724907600,1.1143,1.11455,1.11395,1.11435,2723
2024-08-29 06:00,1724911200,1.11435,1.11475,1.1133,1.1136,5952
2024-08-29 07:00,1724914800,1.1136,1.1139,1.1124,1.1138,9386
2024-08-29 08:00,1724918400,1.11375,1.11375,1.10795,1.1092,38477
2024-08-29 09:00,1724922000,1.1092,1.11065,1.1091,1.11015,11081
2024-08-29 10:00,1724925600,1.11015,1.1108,1.1095,1.11055,6305
2024-08-29 11:00,1724929200,1.11055,1.11075,1.1099,1.1104,7499
2024-08-29 12:00,1724932800,1.11045,1.1109,1.10805,1.10915,21783
2024-08-29 13:00,1724936400,1.1092,1.1097,1.10805,1.10905,16694
2024-08-29 14:00,1724940000,1.10905,1.1091,1.10635,1.10775,28223
2024-08-29 15:00,1724943600,1.10775,1.1093,1.10745,1.10925,11937
2024-08-29 16:00,1724947200,1.1093,1.10955,1.1086,1.1089,9468
2024-08-29 17:00,1724950800,1.10895,1.10935,1.10865,1.10915,5153
2024-08-29 18:00,1724954400,1.1092,1.1092,1.1083,1.1087,8987
2024-08-29 19:00,1724958000,1.1087,1.1089,1.10825,1.10835,6596
2024-08-29 20:00,1724961600,1.1083,1.1087,1.10825,1.1085,2774
2024-08-29 22:00,1724968800,1.1085,1.1088,1.10845,1.1088,0
2024-08-29 23:00,1724972400,1.1088,1.1091,1.10865,1.10875,1775
2024-08-30 00:00,1724976000,1.1088,1.10905,1.10865,1.10885,1543
2024-08-30 01:00,1724979600,1.10885,1.109,1.1079,1.1079,4093
2024-08-30 02:00,1724983200,1.10795,1.1081,1.10775,1.108,1822
2024-08-30 03:00,1724986800,1.10795,1.1084,1.1079,1.1082,907
2024-08-30 04:00,1724990400,1.108,1.1085,1.108,1.1082,1055
2024-08-30 05:00,1724994000,1.10815,1.10855,1.1081,1.1085,1278
2024-08-30 06:00,1724997600,1.1085,1.10935,1.10825,1.1093,6365
2024-08-30 07:00,1725001200,1.1093,1.10965,1.1083,1.10915,10807
2024-08-30 08:00,1725004800,1.10915,1.1103,1.10815,1.10825,11982
2024-08-30 09:00,1725008400,1.1083,1.10935,1.1082,1.10905,7836
2024-08-30 10:00,1725012000,1.1091,1.1092,1.1082,1.1087,5512
2024-08-30 11:00,1725015600,1.1087,1.1096,1.1086,1.1089,7331
2024-08-30 12:00,1725019200,1.1089,1.1096,1.10655,1.10755,18395
2024-08-30 13:00,1725022800,1.1076,1.10835,1.1062,1.10805,22239
2024-08-30 14:00,1725026400,1.10805,1.1088,1.10695,1.10765,40383
2024-08-30 15:00,1725030000,1.1076,1.10795,1.10605,1.10675,17969
2024-08-30 16:00,1725033600,1.1067,1.10675,1.1051,1.1057,11983
2024-08-30 17:00,1725037200,1.1057,1.1064,1.10555,1.106,7983
2024-08-30 18:00,1725040800,1.106,1.1064,1.1057,1.10595,6178
2024-08-30 19:00,1725044400,1.10595,1.10625,1.1055,1.10605,6180
2024-08-30 20:00,1725048000,1.106,1.1063,1.1055,1.1055,2741
2024-09-01 22:00,1725228000,1.1054,1.1057,1.10515,1.1053,1659
2024-09-01 23:00,1725231600,1.10535,1.10545,1.10515,1.1052,894
2024-09-02 00:00,1725235200,1.10515,1.1063,1.1049,1.10605,2670
2024-09-02 01:00,1725238800,1.1061,1.1063,1.1058,1.10585,2171
2024-09-02 02:00,1725242400,1.10585,1.10605,1.10535,1.1059,1215
2024-09-02 03:00,1725246000,1.1059,1.10625,1.1056,1.10565,1548
2024-09-03 04:00,1725336000,1.10645,1.1065,1.10605,1.10605,1433
2024-09-03 05:00,1725339600,1.10605,1.10665,1.10605,1.10665,1770
2024-09-03 06:00,1725343200,1.10665,1.10685,1.1058,1.1068,5232
2024-09-03 07:00,1725346800,1.10685,1.10745,1.1062,1.1063,9335
2024-09-03 08:00,1725350400,1.10625,1.1066,1.10545,1.1055,9475
2024-09-03 09:00,1725354000,1.1055,1.10575,1.1041,1.10465,17420
2024-09-03 10:00,1725357600,1.10465,1.10485,1.10395,1.10425,9333
2024-09-03 11:00,1725361200,1.1042,1.105,1.104,1.1043,7754
2024-09-03 12:00,1725364800,1.1043,1.10595,1.10405,1.1055,13943
2024-09-03 13:00,1725368400,1.1055,1.107,1.1055,1.10685,25891
2024-09-03 14:00,1725372000,1.1069,1.10835,1.1044,1.1049,31988
2024-09-03 15:00,1725375600,1.10485,1.10515,1.10425,1.1049,11166
2024-09-03 16:00,1725379200,1.1049,1.1054,1.10445,1.1046,12037
2024-09-03 17:00,1725382800,1.1046,1.10465,1.1033,1.10345,5114
2024-09-03 18:00,1725386400,1.10345,1.1046,1.1033,1.10445,10022
2024-09-03 19:00,1725390000,1.10445,1.1049,1.1044,1.10485,4754
2024-09-03 20:00,1725393600,1.1048,1.1051,1.1046,1.105,2621
2024-09-03 22:00,1725400800,1.10505,1.1053,1.1045,1.10515,0
2024-09-03 23:00,1725404400,1.10515,1.1057,1.1051,1.10545,1785
2024-09-04 00:00,1725408000,1.1054,1.10575,1.1052,1.1054,3904
2024-09-04 01:00,1725411600,1.1054,1.1062,1.10535,1.1059,3007
2024-09-04 02:00,1725415200,1.1059,1.1062,1.10555,1.10585,1503
2024-09-04 03:00,1725418800,1.10585,1.1061,1.10565,1.10605,909
2024-09-04 04:00,1725422400,1.10605,1.10635,1.10595,1.10625,1041
2024-09-04 05:00,1725426000,1.10625,1.1066,1.1061,1.1064,3254
2024-09-04 06:00,1725429600,1.1064,1.10645,1.1054,1.10595,6587
2024-09-04 07:00,1725433200,1.10595,1.1069,1.1053,1.1062,10780
2024-09-04 08:00,1725436800,1.10615,1.1065,1.10565,1.1058,7167
2024-09-04 09:00,1725440400,1.1058,1.10645,1.1056,1.10595,4859
2024-09-04 10:00,1725444000,1.10595,1.1062,1.1056,1.1059,9667
2024-09-04 11:00,1725447600,1.10595,1.106,1.10485,1.10565,7107
2024-09-04 12:00,1725451200,1.1056,1.1059,1.1046,1.1059,9362
2024-09-04 13:00,1725454800,1.10585,1.10655,1.1056,1.1064,11973
2024-09-04 14:00,1725458400,1.1064,1.11015,1.10635,1.1096,51752
2024-09-04 15:00,1725462000,1.1096,1.1098,1.1082,1.10875,16750
2024-09-04 16:00,1725465600,1.10865,1.10925,1.1082,1.10905,9297
2024-09-04 17:00,1725469200,1.10905,1.10925,1.1072,1.10725,6912
2024-09-04 18:00,1725472800,1.1072,1.1083,1.10715,1.1082,7238
2024-09-04 19:00,1725476400,1.10825,1.10885,1.1081,1.10845,5042
2024-09-04 20:00,1725480000,1.10845,1.10895,1.10815,1.1088,2520
2024-09-04 22:00,1725487200,1.10885,1.1091,1.1087,1.10895,0
2024-09-04 23:00,1725490800,1.10895,1.109,1.10835,1.10845,1520
2024-09-05 00:00,1725494400,1.10845,1.1086,1.108,1.10835,2094
2024-09-05 01:00,1725498000,1.1084,1.109,1.10825,1.1083,2910
2024-09-05 02:00,1725501600,1.10835,1.1088,1.10825,1.1084,2389
2024-09-05 03:00,1725505200,1.1084,1.1084,1.10805,1.1081,1056
2024-09-05 04:00,1725508800,1.10795,1.10825,1.1079,1.10815,1143
2024-09-05 05:00,1725512400,1.10815,1.1085,1.1081,1.10845,1724
2024-09-05 06:00,1725516000,1.1085,1.1093,1.1084,1.10885,7840
2024-09-05 07:00,1725519600,1.1088,1.1094,1.10845,1.10915,8521
2024-09-05 08:00,1725523200,1.10915,1.1105,1.10885,1.11035,14182
2024-09-05 09:00,1725526800,1.11035,1.1105,1.10975,1.10995,6224
2024-09-05 10:00,1725530400,1.1099,1.1104,1.1097,1.11035,4819
2024-09-05 11:00,1725534000,1.1103,1.1113,1.1098,1.10995,11002
2024-09-05 12:00,1725537600,1.10995,1.11245,1.1092,1.10965,27875
2024-09-05 13:00,1725541200,1.1097,1.11255,1.1095,1.11095,18123
2024-09-05 14:00,1725544800,1.11115,1.11115,1.10805,1.10845,32212
2024-09-05 15:00,1725548400,1.1084,1.11005,1.1083,1.10995,14897
2024-09-05 16:00,1725552000,1.11,1.111,1.10995,1.1106,9181
2024-09-05 17:00,1725555600,1.11055,1.1112,1.1104,1.11115,7852
2024-09-05 18:00,1725559200,1.1111,1.11185,1.1107,1.1109,8159
2024-09-05 19:00,1725562800,1.11085,1.1112,1.11075,1.1108,4276
2024-09-05 20:00,1725566400,1.11085,1.1116,1.1108,1.11155,2153
2024-09-05 22:00,1725573600,1.1115,1.1115,1.11125,1.11135,0
2024-09-05 23:00,1725577200,1.1114,1.11165,1.11125,1.1115,957
2024-09-06 00:00,1725580800,1.11155,1.11185,1.11135,1.11175,1229
2024-09-06 01:00,1725584400,1.11175,1.1118,1.1114,1.11145,1080
2024-09-06 02:00,1725588000,1.1115,1.1117,1.11135,1.1115,697
2024-09-06 03:00,1725591600,1.11155,1.11205,1.1115,1.112,906
2024-09-06 04:00,1725595200,1.11185,1.11215,1.11185,1.112,1348
2024-09-06 05:00,1725598800,1.112,1.1123,1.1118,1.1121,1659
2024-09-06 06:00,1725602400,1.1121,1.1125,1.11185,1.1125,4442
2024-09-06 07:00,1725606000,1.11245,1.11245,1.1115,1.112,8381
2024-09-06 08:00,1725609600,1.11195,1.1125,1.1117,1.1121,5945
2024-09-06 09:00,1725613200,1.1121,1.1121,1.11115,1.11175,7446
2024-09-06 10:00,1725616800,1.11175,1.11175,1.1111,1.11115,5655
2024-09-06 11:00,1725620400,1.1111,1.1114,1.11065,1.1111,10288
2024-09-06 12:00,1725624000,1.11115,1.11595,1.10825,1.11255,52198
2024-09-06 13:00,1725627600,1.1125,1.11295,1.10695,1.1087,52782
2024-09-06 14:00,1725631200,1.10875,1.11175,1.10765,1.11065,51707
2024-09-06 15:00,1725634800,1.1106,1.11395,1.1087,1.109,57627
2024-09-06 16:00,1725638400,1.109,1.109,1.10735,1.10805,13610
2024-09-06 17:00,1725642000,1.10805,1.10935,1.1074,1.1089,6438
2024-09-06 18:00,1725645600,1.1089,1.1091,1.10825,1.109,5151
2024-09-06 19:00,1725649200,1.109,1.10935,1.1086,1.10925,4704
2024-09-06 20:00,1725652800,1.1093,1.1093,1.1089,1.109,2305
2024-09-08 22:00,1725832800,1.10895,1.10945,1.10865,1.1091,1545
2024-09-08 23:00,1725836400,1.1091,1.1095,1.10905,1.10905,1305
2024-09-09 00:00,1725840000,1.109,1.1095,1.10865,1.1087,1951
2024-09-09 01:00,1725843600,1.1087,1.1095,1.1085,1.1086,2441
2024-09-09 02:00,1725847200,1.10855,1.1087,1.1084,1.1084,1018
2024-09-09 03:00,1725850800,1.1084,1.10855,1.10825,1.10825,811
2024-09-09 04:00,1725854400,1.10835,1.1084,1.1078,1.10795,1281
2024-09-09 05:00,1725858000,1.10795,1.108,1.10725,1.1073,2671
2024-09-09 06:00,1725861600,1.1073,1.1076,1.1064,1.10685,7107
2024-09-09 07:00,1725865200,1.10685,1.10695,1.10585,1.1063,20867
2024-09-09 08:00,1725868800,1.10625,1.10665,1.10495,1.1051,12405
2024-09-09 09:00,1725872400,1.1051,1.10625,1.10495,1.106,14204
2024-09-09 10:00,1725876000,1.106,1.10605,1.104,1.1044,14991
2024-09-09 11:00,1725879600,1.1044,1.10485,1.10395,1.1048,8652
2024-09-09 12:00,1725883200,1.1048,1.10525,1.10415,1.1043,9455
2024-09-09 13:00,1725886800,1.1043,1.10555,1.1043,1.10505,16091
2024-09-09 14:00,1725890400,1.1051,1.1051,1.1038,1.10455,27448
2024-09-09 15:00,1725894000,1.1045,1.10485,1.10395,1.1045,12261
2024-09-09 16:00,1725897600,1.10455,1.10545,1.1045,1.10525,8819
2024-09-09 17:00,1725901200,1.1053,1.10575,1.10465,1.10465,6402
2024-09-09 18:00,1725904800,1.10475,1.105,1.10455,1.10465,8576
2024-09-09 19:00,1725908400,1.10465,1.1047,1.1041,1.1042,4994
2024-09-09 20:00,1725912000,1.1042,1.1043,1.1037,1.1038,1860
2024-09-09 22:00,1725919200,1.1039,1.1043,1.1038,1.1041,0
2024-09-09 23:00,1725922800,1.1041,1.10415,1.1038,1.1038,593
2024-09-10 00:00,1725926400,1.10385,1.10385,1.10295,1.10335,3098
2024-09-10 01:00,1725930000,1.10335,1.10385,1.10335,1.1038,1549
2024-09-10 02:00,1725933600,1.1038,1.1039,1.10355,1.1038,518
2024-09-10 03:00,1725937200,1.1038,1.10425,1.1038,1.10415,724
2024-09-10 04:00,1725940800,1.10405,1.10435,1.10395,1.1043,565
2024-09-10 05:00,1725944400,1.1043,1.1046,1.1041,1.10425,1567
2024-09-10 06:00,1725948000,1.10425,1.1053,1.1037,1.10525,7237
2024-09-10 07:00,1725951600,1.10525,1.10525,1.104,1.104,13550
2024-09-10 08:00,1725955200,1.104,1.1043,1.10365,1.1041,25630
2024-09-10 09:00,1725958800,1.10405,1.1045,1.10355,1.10415,29142
2024-09-10 10:00,1725962400,1.1042,1.1044,1.1037,1.1043,36431
2024-09-10 11:00,1725966000,1.10435,1.10465,1.10295,1.10345,15291
2024-09-10 12:00,1725969600,1.1034,1.10395,1.10295,1.1033,29523
2024-09-10 13:00,1725973200,1.10325,1.1038,1.10205,1.10225,60075
2024-09-10 14:00,1725976800,1.1023,1.1027,1.1018,1.10215,34025
2024-09-10 15:00,1725980400,1.1021,1.10305,1.10205,1.10285,19541
2024-09-10 16:00,1725984000,1.1028,1.1032,1.10255,1.103,18972
2024-09-10 17:00,1725987600,1.10295,1.10315,1.10255,1.1026,5296
2024-09-10 18:00,1725991200,1.1026,1.103,1.1024,1.1028,9098
2024-09-10 19:00,1725994800,1.1028,1.1031,1.10255,1.103,5176
2024-09-10 20:00,1725998400,1.103,1.103,1.10215,1.1022,2652
2024-09-10 22:00,1726005600,1.10215,1.10245,1.10215,1.10225,0
2024-09-10 23:00,1726009200,1.1023,1.10265,1.1022,1.1023,1018
2024-09-11 00:00,1726012800,1.1023,1.10255,1.10195,1.10225,1556
2024-09-11 01:00,1726016400,1.10225,1.10425,1.10205,1.10395,4047
2024-09-11 02:00,1726020000,1.10395,1.10475,1.10355,1.1036,8357
2024-09-11 03:00,1726023600,1.10355,1.1045,1.1034,1.1041,1380
2024-09-11 04:00,1726027200,1.10415,1.10495,1.10415,1.1049,2183
2024-09-11 05:00,1726030800,1.10495,1.10545,1.10455,1.10465,3355
2024-09-11 06:00,1726034400,1.1046,1.10515,1.1043,1.1048,5564
2024-09-11 07:00,1726038000,1.1048,1.1055,1.10425,1.10435,60456
2024-09-11 08:00,1726041600,1.10435,1.10505,1.10395,1.1046,37614
2024-09-11 09:00,1726045200,1.1046,1.10515,1.1044,1.10445,39291
2024-09-11 10:00,1726048800,1.10445,1.10515,1.1041,1.10515,25637
2024-09-11 11:00,1726052400,1.1051,1.10575,1.10455,1.10465,18465
2024-09-11 12:00,1726056000,1.1046,1.10515,1.10055,1.10185,65141
2024-09-11 13:00,1726059600,1.1019,1.10285,1.1012,1.10155,72470
2024-09-11 14:00,1726063200,1.10155,1.1018,1.10045,1.1013,59021
2024-09-11 15:00,1726066800,1.1013,1.1019,1.10105,1.1015,36952
2024-09-11 16:00,1726070400,1.10145,1.102,1.10125,1.10185,11119
2024-09-11 17:00,1726074000,1.10185,1.10235,1.10175,1.1021,11923
2024-09-11 18:00,1726077600,1.10215,1.10255,1.10205,1.10205,15378
2024-09-11 19:00,1726081200,1.1021,1.1029,1.1018,1.102,11254
2024-09-11 20:00,1726084800,1.102,1.1021,1.10135,1.10145,5137
2024-09-11 22:00,1726092000,1.1015,1.10165,1.1012,1.1013,0
2024-09-11 23:00,1726095600,1.10135,1.1014,1.10115,1.10115,774
2024-09-12 00:00,1726099200,1.10115,1.10125,1.1007,1.1008,2735
2024-09-12 01:00,1726102800,1.10075,1.1014,1.10075,1.1012,1393
2024-09-12 02:00,1726106400,1.10125,1.10135,1.10085,1.1011,708
2024-09-12 03:00,1726110000,1.1011,1.1015,1.10105,1.10145,641
2024-09-12 04:00,1726113600,1.1016,1.1018,1.10155,1.10175,718
2024-09-12 05:00,1726117200,1.1017,1.1023,1.1016,1.1023,3141
2024-09-12 06:00,1726120800,1.10225,1.10245,1.10085,1.1009,17701
2024-09-12 07:00,1726124400,1.10095,1.1017,1.1007,1.1009,14252
2024-09-12 08:00,1726128000,1.10085,1.1023,1.10065,1.10165,14322
2024-09-12 09:00,1726131600,1.1017,1.1021,1.10135,1.1015,32400
2024-09-12 10:00,1726135200,1.1015,1.10245,1.1015,1.1023,17720
2024-09-12 11:00,1726138800,1.10225,1.10245,1.1014,1.1015,20176
2024-09-12 12:00,1726142400,1.1015,1.10335,1.1008,1.10265,36584
2024-09-12 13:00,1726146000,1.10265,1.1042,1.1026,1.1038,48738
2024-09-12 14:00,1726149600,1.10385,1.1048,1.1031,1.1041,39851
2024-09-12 15:00,1726153200,1.10415,1.10445,1.10315,1.10415,20929
2024-09-12 16:00,1726156800,1.10415,1.10495,1.1038,1.1047,14619
2024-09-12 17:00,1726160400,1.1047,1.10575,1.10435,1.10575,12066
2024-09-12 18:00,1726164000,1.10575,1.10635,1.1052,1.10615,6036
2024-09-12 19:00,1726167600,1.10615,1.10725,1.1061,1.10715,9294
2024-09-12 20:00,1726171200,1.10715,1.10765,1.10695,1.1076,0
2024-09-12 22:00,1726178400,1.10755,1.1077,1.1071,1.1073,646
2024-09-12 23:00,1726182000,1.1072,1.10795,1.1072,1.10795,237
2024-09-13 00:00,1726185600,1.1079,1.10875,1.1078,1.10875,456
2024-09-13 01:00,1726189200,1.10885,1.10895,1.10805,1.1082,418
2024-09-13 02:00,1726192800,1.10825,1.109,1.108,1.10875,788
2024-09-13 03:00,1726196400,1.1087,1.109,1.1085,1.1087,186
2024-09-13 04:00,1726200000,1.1088,1.10885,1.10845,1.1085,266
2024-09-13 05:00,1726203600,1.1084,1.10865,1.1082,1.1083,470
2024-09-13 06:00,1726207200,1.10825,1.1085,1.10755,1.10795,1399
2024-09-13 07:00,1726210800,1.1079,1.10945,1.1074,1.1093,8471
2024-09-13 08:00,1726214400,1.10925,1.11365,1.10865,1.1135,43638
2024-09-13 09:00,1726218000,1.10935,1.1143,1.1089,1.1134,12757
2024-09-13 10:00,1726221600,1.1134,1.11395,1.1087,1.1132,5724
2024-09-13 11:00,1726225200,1.1133,1.11355,1.1082,1.1127,0
2024-09-13 12:00,1726228800,1.11275,1.1136,1.108,1.11355,63911
2024-09-13 13:00,1726232400,1.1094,1.11445,1.1089,1.11365,21055
2024-09-13 14:00,1726236000,1.10955,1.1138,1.10855,1.11315,20169
2024-09-13 15:00,1726239600,1.1132,1.11345,1.10825,1.1085,0
2024-09-13 16:00,1726243200,1.11275,1.11275,1.1077,1.1126,112717
2024-09-13 17:00,1726246800,1.1126,1.11285,1.1081,1.1124,6491
2024-09-13 18:00,1726250400,1.11235,1.11265,1.10775,1.112,7675
2024-09-13 19:00,1726254000,1.1079,1.11235,1.1077,1.11195,6432
2024-09-13 20:00,1726257600,1.11205,1.11205,1.1073,1.1118,2795
2024-09-15 22:00,1726437600,1.1121,1.11285,1.10765,1.1128,2533
2024-09-15 23:00,1726441200,1.1128,1.11305,1.1086,1.1128,1176
2024-09-16 00:00,1726444800,1.10875,1.1134,1.10875,1.11315,1823
2024-09-16 01:00,1726448400,1.11305,1.1134,1.109,1.1129,1431
2024-09-16 02:00,1726452000,1.1129,1.1132,1.1087,1.11305,952
2024-09-16 03:00,1726455600,1.1131,1.11465,1.10925,1.1146,4243
2024-09-16 04:00,1726459200,1.11455,1.11465,1.1098,1.11385,2347
2024-09-16 05:00,1726462800,1.1138,1.1141,1.10965,1.11395,1423
2024-09-16 06:00,1726466400,1.114,1.11565,1.11015,1.11555,5450
2024-09-16 07:00,1726470000,1.1155,1.11615,1.11095,1.11565,8409
2024-09-16 08:00,1726473600,1.1156,1.11675,1.1114,1.1164,6249
2024-09-16 09:00,1726477200,1.1164,1.11705,1.11195,1.1162,8629
2024-09-16 10:00,1726480800,1.1162,1.11695,1.1122,1.11635,6431
2024-09-16 11:00,1726484400,1.11215,1.1167,1.11185,1.1165,6453
2024-09-16 12:00,1726488000,1.11645,1.1174,1.11175,1.11655,17218
2024-09-16 13:00,1726491600,1.1166,1.11785,1.1124,1.11705,16932
2024-09-16 14:00,1726495200,1.113,1.1172,1.1122,1.11655,15739
2024-09-16 15:00,1726498800,1.11645,1.11655,1.11575,1.11635,9039
2024-09-16 16:00,1726502400,1.11635,1.11715,1.11605,1.11705,7642
2024-09-16 17:00,1726506000,1.117,1.1171,1.1157,1.11645,8456
2024-09-16 18:00,1726509600,1.11645,1.1166,1.11605,1.1162,8119
2024-09-16 19:00,1726513200,1.11615,1.11705,1.11595,1.11695,5205
2024-09-16 20:00,1726516800,1.117,1.11745,1.1169,1.1173,1862
2024-09-16 22:00,1726524000,1.1174,1.1174,1.11665,1.1167,0
2024-09-16 23:00,1726527600,1.11675,1.11695,1.11635,1.1169,1315
2024-09-17 00:00,1726531200,1.1169,1.11715,1.1162,1.1163,2160
2024-09-17 01:00,1726534800,1.1163,1.11695,1.1163,1.1168,1228
2024-09-17 02:00,1726538400,1.1168,1.117,1.1165,1.11675,935
2024-09-17 03:00,1726542000,1.1167,1.11685,1.11625,1.1164,1264
2024-09-17 04:00,1726545600,1.1163,1.1165,1.11615,1.1164,631
2024-09-17 05:00,1726549200,1.11645,1.1169,1.1162,1.1167,1178
2024-09-17 06:00,1726552800,1.1167,1.11735,1.11615,1.11615,4949
2024-09-17 07:00,1726556400,1.1161,1.1178,1.1156,1.1176,8597
2024-09-17 08:00,1726560000,1.11765,1.1186,1.1173,1.11845,6750
2024-09-17 09:00,1726563600,1.11845,1.11845,1.1175,1.11785,6203
2024-09-17 10:00,1726567200,1.11785,1.118,1.1172,1.11745,4525
2024-09-17 11:00,1726570800,1.11745,1.1183,1.11705,1.1179,4731
2024-09-17 12:00,1726574400,1.1179,1.1184,1.1158,1.11655,27020
2024-09-17 13:00,1726578000,1.1165,1.11685,1.1152,1.1154,17634
2024-09-17 14:00,1726581600,1.1154,1.11685,1.1154,1.11655,14387
2024-09-17 15:00,1726585200,1.1165,1.1167,1.1156,1.11575,9790
2024-09-17 16:00,1726588800,1.11575,1.1162,1.1155,1.11595,4972
2024-09-17 17:00,1726592400,1.11595,1.1161,1.11495,1.11565,4693
2024-09-17 18:00,1726596000,1.1156,1.1163,1.1156,1.1163,4828
2024-09-17 19:00,1726599600,1.11625,1.1164,1.11555,1.1156,3047
2024-09-17 20:00,1726603200,1.11565,1.11575,1.1153,1.1154,1718
2024-09-17 22:00,1726610400,1.1156,1.1159,1.1154,1.1158,0
2024-09-17 23:00,1726614000,1.11585,1.11635,1.1158,1.1162,1174
2024-09-18 00:00,1726617600,1.1162,1.11685,1.1161,1.11665,2077
2024-09-18 01:00,1726621200,1.1167,1.11705,1.1165,1.1168,1837
2024-09-18 02:00,1726624800,1.1168,1.11685,1.1165,1.11675,884
2024-09-18 03:00,1726628400,1.1168,1.11685,1.11655,1.11665,769
2024-09-18 04:00,1726632000,1.11655,1.1166,1.11595,1.11595,973
2024-09-18 05:00,1726635600,1.11595,1.11615,1.1158,1.1161,1330
2024-09-18 06:00,1726639200,1.116,1.1166,1.1155,1.11585,5964
2024-09-18 07:00,1726642800,1.1159,1.1171,1.11575,1.1171,7065
2024-09-18 08:00,1726646400,1.11705,1.11735,1.1168,1.117,6566
2024-09-18 09:00,1726650000,1.11695,1.118,1.11665,1.1178,6645
2024-09-18 10:00,1726653600,1.1178,1.11785,1.11695,1.117,4832
2024-09-18 11:00,1726657200,1.117,1.117,1.11625,1.11645,5859
2024-09-18 12:00,1726660800,1.11645,1.11685,1.11575,1.11625,7929
2024-09-18 13:00,1726664400,1.11625,1.118,1.11625,1.1175,12335
2024-09-18 14:00,1726668000,1.11755,1.11765,1.1148,1.1158,18107
2024-09-18 15:00,1726671600,1.11575,1.1162,1.1152,1.1156,11337
2024-09-18 16:00,1726675200,1.1156,1.11665,1.1156,1.11645,5444
2024-09-18 17:00,1726678800,1.1164,1.1171,1.1157,1.11655,6132
2024-09-18 18:00,1726682400,1.11645,1.1227,1.11645,1.11865,48982
2024-09-18 19:00,1726686000,1.1187,1.1187,1.1134,1.11425,24396
2024-09-18 20:00,1726689600,1.1143,1.1158,1.1141,1.1156,3772
2024-09-18 22:00,1726696800,1.11575,1.11635,1.11515,1.11575,0
2024-09-18 23:00,1726700400,1.11585,1.11585,1.1147,1.115,1938
2024-09-19 00:00,1726704000,1.11505,1.11525,1.1115,1.11175,9747
2024-09-19 01:00,1726707600,1.1117,1.11215,1.1104,1.1119,9690
2024-09-19 02:00,1726711200,1.1119,1.11395,1.1119,1.1138,4980
2024-09-19 03:00,1726714800,1.1138,1.11545,1.11355,1.11525,4008
2024-09-19 04:00,1726718400,1.11535,1.11575,1.11505,1.1156,2484
2024-09-19 05:00,1726722000,1.1156,1.1167,1.1156,1.1167,4456
2024-09-19 06:00,1726725600,1.11665,1.11815,1.1165,1.11805,9543
2024-09-19 07:00,1726729200,1.11815,1.11895,1.1176,1.11815,12945
2024-09-19 08:00,1726732800,1.11845,1.1205,1.1181,1.11985,12418
2024-09-19 09:00,1726736400,1.11985,1.1215,1.11985,1.1214,11224
2024-09-19 10:00,1726740000,1.1214,1.12145,1.1205,1.12065,8381
2024-09-19 11:00,1726743600,1.12065,1.12125,1.11875,1.1194,16611
2024-09-19 12:00,1726747200,1.1194,1.1194,1.11615,1.11615,27127
2024-09-19 13:00,1726750800,1.11615,1.1176,1.1153,1.1158,22257
2024-09-19 14:00,1726754400,1.1158,1.1169,1.1152,1.1165,19054
2024-09-19 15:00,1726758000,1.11645,1.1184,1.1161,1.11825,14179
2024-09-19 16:00,1726761600,1.11825,1.1195,1.1181,1.1191,10158
2024-09-19 17:00,1726765200,1.1191,1.1197,1.11875,1.1196,4541
2024-09-19 18:00,1726768800,1.11965,1.1204,1.11965,1.12015,6195
2024-09-19 19:00,1726772400,1.1201,1.12025,1.1195,1.11975,5466
2024-09-19 20:00,1726776000,1.11975,1.12,1.1196,1.1198,1304
2024-09-19 22:00,1726783200,1.1197,1.1199,1.1196,1.11965,0
2024-09-19 23:00,1726786800,1.11965,1.11965,1.11935,1.11945,791
2024-09-20 00:00,1726790400,1.1195,1.1197,1.11925,1.11955,2100
2024-09-20 01:00,1726794000,1.1196,1.1199,1.11935,1.11945,2291
2024-09-20 02:00,1726797600,1.1194,1.11985,1.11925,1.1197,1579
2024-09-20 03:00,1726801200,1.1197,1.12045,1.1197,1.12005,2398
2024-09-20 04:00,1726804800,1.1202,1.1203,1.1199,1.12,851
2024-09-20 05:00,1726808400,1.12005,1.12015,1.11965,1.1199,2223
2024-09-20 06:00,1726812000,1.11995,1.1214,1.11995,1.1212,9007
2024-09-20 07:00,1726815600,1.12115,1.1217,1.11945,1.11975,12471
2024-09-20 08:00,1726819200,1.11975,1.1204,1.11875,1.11995,12285
2024-09-20 09:00,1726822800,1.11995,1.1201,1.1192,1.1196,5454
2024-09-20 10:00,1726826400,1.1196,1.1198,1.119,1.1194,4945
2024-09-20 11:00,1726830000,1.11945,1.11975,1.11895,1.1197,6172
2024-09-20 12:00,1726833600,1.11965,1.12125,1.11965,1.12095,13729
2024-09-20 13:00,1726837200,1.12095,1.12115,1.1189,1.119,17207
2024-09-20 14:00,1726840800,1.11905,1.11905,1.11725,1.11785,22257
2024-09-20 15:00,1726844400,1.11785,1.11945,1.1171,1.11935,19836
2024-09-20 16:00,1726848000,1.1194,1.1211,1.11935,1.1209,15430
2024-09-20 17:00,1726851600,1.12085,1.1209,1.1193,1.1194,5106
2024-09-20 18:00,1726855200,1.1194,1.12005,1.11915,1.12,5655
2024-09-20 19:00,1726858800,1.11995,1.12005,1.11965,1.11965,2690
2024-09-20 20:00,1726862400,1.11965,1.11985,1.11905,1.11975,2967
2024-09-22 22:00,1727042400,1.11975,1.1199,1.1194,1.11965,1064
2024-09-22 23:00,1727046000,1.11965,1.11985,1.11935,1.11935,895
2024-09-23 00:00,1727049600,1.1193,1.1195,1.119,1.1193,1848
2024-09-23 01:00,1727053200,1.1193,1.1196,1.119,1.1193,1562
2024-09-23 02:00,1727056800,1.1193,1.1198,1.11905,1.11965,1524
2024-09-23 03:00,1727060400,1.11965,1.1199,1.11955,1.1196,795
2024-09-23 04:00,1727064000,1.11955,1.11995,1.11945,1.1198,741
2024-09-23 05:00,1727067600,1.11975,1.12015,1.1196,1.11975,1966
2024-09-23 06:00,1727071200,1.1198,1.11985,1.11895,1.1193,4783
2024-09-23 07:00,1727074800,1.1193,1.11935,1.1132,1.11355,40917
2024-09-23 08:00,1727078400,1.11355,1.11365,1.1118,1.1127,27262
2024-09-23 09:00,1727082000,1.1127,1.1147,1.11265,1.1141,11770
2024-09-23 10:00,1727085600,1.1141,1.1154,1.114,1.1148,9296
2024-09-23 11:00,1727089200,1.1148,1.11605,1.11475,1.1155,12460
2024-09-23 12:00,1727092800,1.11545,1.11585,1.11435,1.1157,15307
2024-09-23 13:00,1727096400,1.1157,1.1178,1.11545,1.11645,22641
2024-09-23 14:00,1727100000,1.11645,1.11785,1.11505,1.1168,22995
2024-09-23 15:00,1727103600,1.1167,1.11725,1.1159,1.11655,12997
2024-09-23 16:00,1727107200,1.1165,1.1165,1.1156,1.116,10183
2024-09-23 17:00,1727110800,1.116,1.11635,1.1155,1.11555,7020
2024-09-23 18:00,1727114400,1.11555,1.1159,1.11505,1.11515,15635
2024-09-23 19:00,1727118000,1.1152,1.1153,1.1147,1.11495,13061
2024-09-23 20:00,1727121600,1.115,1.115,1.11445,1.1146,2304
2024-09-23 22:00,1727128800,1.1146,1.11495,1.1145,1.11455,0
2024-09-23 23:00,1727132400,1.1146,1.1146,1.1142,1.11455,1373
2024-09-24 00:00,1727136000,1.11455,1.11485,1.1139,1.11405,2131
2024-09-24 01:00,1727139600,1.11405,1.11455,1.11395,1.1142,2602
2024-09-24 02:00,1727143200,1.1142,1.1143,1.1138,1.114,1993
2024-09-24 03:00,1727146800,1.11405,1.1148,1.11405,1.1147,1857
2024-09-24 04:00,1727150400,1.11445,1.11525,1.1144,1.11515,1667
2024-09-24 05:00,1727154000,1.1152,1.1154,1.11485,1.1151,2478
2024-09-24 06:00,1727157600,1.1151,1.1154,1.1139,1.115,7379
2024-09-24 07:00,1727161200,1.115,1.1167,1.11475,1.11625,10721
2024-09-24 08:00,1727164800,1.1162,1.118,1.1161,1.11755,12220
2024-09-24 09:00,1727168400,1.1175,1.11815,1.11665,1.1171,10732
2024-09-24 10:00,1727172000,1.1171,1.11765,1.11625,1.11635,8098
2024-09-24 11:00,1727175600,1.1163,1.11655,1.11575,1.11645,5658
2024-09-24 12:00,1727179200,1.11645,1.1183,1.11645,1.1176,11765
2024-09-24 13:00,1727182800,1.11765,1.118,1.1168,1.1175,12300
2024-09-24 14:00,1727186400,1.11755,1.11995,1.11745,1.11865,34372
2024-09-24 15:00,1727190000,1.1186,1.1192,1.1182,1.11855,12135
2024-09-24 16:00,1727193600,1.11855,1.11975,1.1185,1.1194,7624
2024-09-24 17:00,1727197200,1.11935,1.11995,1.119,1.1198,3260
2024-09-24 18:00,1727200800,1.11985,1.12025,1.1195,1.12015,5081
2024-09-24 19:00,1727204400,1.1202,1.1212,1.12005,1.1212,6941
2024-09-24 20:00,1727208000,1.1212,1.12165,1.12105,1.1214,4635
2024-09-24 22:00,1727215200,1.12145,1.1224,1.12135,1.1224,0
2024-09-24 23:00,1727218800,1.12235,1.1226,1.1218,1.1226,2596
2024-09-25 00:00,1727222400,1.1226,1.1229,1.1222,1.12285,3680
2024-09-25 01:00,1727226000,1.12285,1.1229,1.12205,1.1223,3002
2024-09-25 02:00,1727229600,1.1223,1.12315,1.1223,1.12295,2524
2024-09-25 03:00,1727233200,1.12295,1.12335,1.1227,1.12335,1950
2024-09-25 04:00,1727236800,1.1232,1.12335,1.12285,1.1231,1648
2024-09-25 05:00,1727240400,1.12305,1.1231,1.1227,1.1231,2519
2024-09-25 06:00,1727244000,1.1231,1.1231,1.1222,1.12255,8696
2024-09-25 07:00,1727247600,1.1226,1.1231,1.12205,1.1227,10633
2024-09-25 08:00,1727251200,1.12265,1.12305,1.1217,1.122,9517
2024-09-25 09:00,1727254800,1.122,1.12225,1.1213,1.1218,7354
2024-09-25 10:00,1727258400,1.1218,1.1224,1.1216,1.1222,6645
2024-09-25 11:00,1727262000,1.1222,1.12325,1.12185,1.1231,8949
2024-09-25 12:00,1727265600,1.1231,1.1243,1.12265,1.12325,23880
2024-09-25 13:00,1727269200,1.12325,1.12495,1.123,1.123,31103
2024-09-25 14:00,1727272800,1.12305,1.12305,1.12,1.12075,29227
2024-09-25 15:00,1727276400,1.1207,1.121,1.1176,1.1178,24041
2024-09-25 16:00,1727280000,1.1178,1.11825,1.1167,1.1169,11927
2024-09-25 17:00,1727283600,1.1169,1.11725,1.1156,1.11715,15596
2024-09-25 18:00,1727287200,1.11715,1.11735,1.11675,1.11685,7264
2024-09-25 19:00,1727290800,1.11685,1.11705,1.116,1.11605,5034
2024-09-25 20:00,1727294400,1.11605,1.1168,1.116,1.1168,1564
2024-09-25 22:00,1727301600,1.1165,1.1166,1.11635,1.1165,0
2024-09-25 23:00,1727305200,1.1165,1.1166,1.11625,1.1163,1319
2024-09-26 00:00,1727308800,1.1163,1.117,1.11625,1.11695,2221
2024-09-26 01:00,1727312400,1.117,1.11745,1.11645,1.11725,3342
2024-09-26 02:00,1727316000,1.1173,1.1175,1.11705,1.1174,1993
2024-09-26 03:00,1727319600,1.1174,1.11785,1.1171,1.11735,1676
2024-09-26 04:00,1727323200,1.11715,1.1177,1.11715,1.1175,986
2024-09-26 05:00,1727326800,1.11745,1.1185,1.11735,1.1183,2972
2024-09-26 06:00,1727330400,1.11825,1.11895,1.118,1.1187,6586
2024-09-26 07:00,1727334000,1.11865,1.11915,1.1167,1.1168,16480
2024-09-26 08:00,1727337600,1.1168,1.1177,1.1159,1.1175,12822
2024-09-26 09:00,1727341200,1.1175,1.11855,1.1175,1.1177,10085
2024-09-26 10:00,1727344800,1.1177,1.11885,1.1173,1.11875,8191
2024-09-26 11:00,1727348400,1.11875,1.1195,1.11815,1.11875,9828
2024-09-26 12:00,1727352000,1.1188,1.1199,1.1171,1.11845,19583
2024-09-26 13:00,1727355600,1.1185,1.1193,1.11685,1.11735,22322
2024-09-26 14:00,1727359200,1.1174,1.12085,1.11595,1.11985,38586
2024-09-26 15:00,1727362800,1.1198,1.12225,1.1198,1.12165,21893
2024-09-26 16:00,1727366400,1.1217,1.1217,1.11995,1.12025,13983
2024-09-26 17:00,1727370000,1.12025,1.12135,1.1202,1.1213,6386
2024-09-26 18:00,1727373600,1.12135,1.12165,1.1207,1.12135,5836
2024-09-26 19:00,1727377200,1.1213,1.1218,1.12095,1.12115,5086
2024-09-26 20:00,1727380800,1.12115,1.12125,1.1208,1.1211,1550
2024-09-26 22:00,1727388000,1.12105,1.1211,1.1208,1.1209,0
2024-09-26 23:00,1727391600,1.12095,1.121,1.12065,1.12095,1140
2024-09-27 00:00,1727395200,1.12095,1.12105,1.1201,1.1202,2179
2024-09-27 01:00,1727398800,1.1202,1.1205,1.11955,1.1197,2825
2024-09-27 02:00,1727402400,1.11975,1.1203,1.11955,1.1202,1997
2024-09-27 03:00,1727406000,1.1202,1.1206,1.1202,1.1202,1215
2024-09-27 04:00,1727409600,1.12015,1.12015,1.1197,1.11975,1093
2024-09-27 05:00,1727413200,1.1198,1.12015,1.11915,1.1197,4324
2024-09-27 06:00,1727416800,1.11965,1.1209,1.11735,1.1184,20275
2024-09-27 07:00,1727420400,1.1183,1.1183,1.1158,1.11665,29617
2024-09-27 08:00,1727424000,1.1166,1.11785,1.11635,1.1178,10383
2024-09-27 09:00,1727427600,1.1178,1.11935,1.11705,1.1193,8202
2024-09-27 10:00,1727431200,1.1193,1.12045,1.1189,1.1197,8697
2024-09-27 11:00,1727434800,1.1197,1.12015,1.11925,1.1196,6910
2024-09-27 12:00,1727438400,1.1196,1.1235,1.11875,1.12335,28095
2024-09-27 13:00,1727442000,1.1233,1.12365,1.1213,1.12185,25332
2024-09-27 14:00,1727445600,1.1219,1.12255,1.1203,1.1212,24149
2024-09-27 15:00,1727449200,1.12115,1.12125,1.11875,1.1192,13020
2024-09-27 16:00,1727452800,1.1192,1.11935,1.118,1.11845,11768
2024-09-27 17:00,1727456400,1.1185,1.11995,1.11835,1.1197,8803
2024-09-27 18:00,1727460000,1.1197,1.12015,1.1193,1.1201,4117
2024-09-27 19:00,1727463600,1.1201,1.12015,1.1196,1.11975,2949
2024-09-27 20:00,1727467200,1.1197,1.1201,1.1192,1.1197,2237
2024-09-29 22:00,1727647200,1.1196,1.12055,1.1192,1.1204,1724
2024-09-29 23:00,1727650800,1.1204,1.12045,1.12005,1.1202,1030
2024-09-30 00:00,1727654400,1.1202,1.1207,1.12015,1.12035,2389
2024-09-30 01:00,1727658000,1.1204,1.12055,1.11935,1.11935,3627
2024-09-30 02:00,1727661600,1.11935,1.11955,1.11895,1.1193,2308
2024-09-30 03:00,1727665200,1.11935,1.11945,1.1189,1.11915,1220
2024-09-30 04:00,1727668800,1.11915,1.1195,1.11915,1.1195,1460
2024-09-30 05:00,1727672400,1.1195,1.12025,1.1194,1.11995,3274
2024-09-30 06:00,1727676000,1.11995,1.1202,1.1189,1.1201,5287
2024-09-30 07:00,1727679600,1.1201,1.1208,1.11925,1.1205,9449
2024-09-30 08:00,1727683200,1.12055,1.1242,1.12055,1.12385,18763
2024-09-30 09:00,1727686800,1.1239,1.1239,1.12215,1.12225,11696
2024-09-30 10:00,1727690400,1.1223,1.1224,1.1216,1.1223,7438
2024-09-30 11:00,1727694000,1.1223,1.12365,1.1222,1.12305,7688
2024-09-30 12:00,1727697600,1.1231,1.12345,1.122,1.1223,8933
2024-09-30 13:00,1727701200,1.12235,1.12245,1.12,1.1202,30360
2024-09-30 14:00,1727704800,1.12025,1.12025,1.11745,1.1192,34897
2024-09-30 15:00,1727708400,1.11915,1.1198,1.11685,1.1178,18802
2024-09-30 16:00,1727712000,1.1178,1.11835,1.1173,1.1182,13777
2024-09-30 17:00,1727715600,1.1182,1.12,1.11815,1.11865,8174
2024-09-30 18:00,1727719200,1.11865,1.1188,1.11475,1.1166,30261
2024-09-30 19:00,1727722800,1.1166,1.117,1.1155,1.11665,6006
2024-09-30 20:00,1727726400,1.1167,1.117,1.1164,1.11685,2939
2024-09-30 22:00,1727733600,1.11665,1.11755,1.11665,1.1175,0
2024-09-30 23:00,1727737200,1.11755,1.11765,1.1169,1.117,1346
2024-10-01 00:00,1727740800,1.117,1.1171,1.1161,1.11655,2513
2024-10-01 01:00,1727744400,1.1166,1.1177,1.1165,1.11765,2533
2024-10-01 02:00,1727748000,1.11765,1.11765,1.11695,1.1172,1115
2024-10-01 03:00,1727751600,1.11725,1.11735,1.11685,1.11715,1350
2024-10-01 04:00,1727755200,1.11705,1.11745,1.1168,1.1174,1055
2024-10-01 05:00,1727758800,1.11745,1.1177,1.117,1.1171,2651
2024-10-01 06:00,1727762400,1.11705,1.11745,1.1164,1.11675,6593
2024-10-01 07:00,1727766000,1.11675,1.11705,1.11445,1.11485,20200
2024-10-01 08:00,1727769600,1.11485,1.1153,1.1131,1.1136,15918
2024-10-01 09:00,1727773200,1.1136,1.11475,1.1125,1.11285,10175
2024-10-01 10:00,1727776800,1.11285,1.1131,1.1117,1.11205,9280
2024-10-01 11:00,1727780400,1.11205,1.1133,1.1112,1.1118,19503
2024-10-01 12:00,1727784000,1.11175,1.11215,1.1103,1.11045,26515
2024-10-01 13:00,1727787600,1.11045,1.11165,1.10915,1.11055,36264
2024-10-01 14:00,1727791200,1.11065,1.11205,1.109,1.111,35116
2024-10-01 15:00,1727794800,1.11105,1.11115,1.10935,1.11,15922
2024-10-01 16:00,1727798400,1.11,1.1105,1.1081,1.1088,15008
2024-10-01 17:00,1727802000,1.10875,1.10985,1.1079,1.1096,14960
2024-10-01 18:00,1727805600,1.1096,1.1106,1.1096,1.1105,8242
2024-10-01 19:00,1727809200,1.11055,1.11105,1.11,1.11015,6087
2024-10-01 20:00,1727812800,1.11015,1.11065,1.1099,1.1101,1796
2024-10-01 22:00,1727820000,1.1104,1.1104,1.11,1.11005,0
2024-10-01 23:00,1727823600,1.11005,1.1101,1.10965,1.10975,798
2024-10-02 00:00,1727827200,1.1098,1.1105,1.10965,1.1099,1779
2024-10-02 01:00,1727830800,1.10995,1.1107,1.10995,1.1105,1682
2024-10-02 02:00,1727834400,1.1105,1.1106,1.1097,1.10995,1690
2024-10-02 03:00,1727838000,1.11,1.11045,1.10975,1.1103,1549
2024-10-02 04:00,1727841600,1.1105,1.1107,1.1094,1.1096,2065
2024-10-02 05:00,1727845200,1.1096,1.10965,1.10875,1.10955,4563
2024-10-02 06:00,1727848800,1.1095,1.11035,1.1093,1.11,11093
2024-10-02 07:00,1727852400,1.11005,1.11065,1.10965,1.11,9306
2024-10-02 08:00,1727856000,1.10995,1.1116,1.10975,1.11055,10445
2024-10-02 09:00,1727859600,1.11055,1.11055,1.1095,1.11045,7375
2024-10-02 10:00,1727863200,1.1105,1.111,1.11,1.11,6216
2024-10-02 11:00,1727866800,1.11005,1.11105,1.1098,1.1109,4213
2024-10-02 12:00,1727870400,1.11085,1.11105,1.10845,1.1087,15301
2024-10-02 13:00,1727874000,1.10875,1.1099,1.10805,1.10845,14592
2024-10-02 14:00,1727877600,1.1085,1.10905,1.10685,1.10695,20339
2024-10-02 15:00,1727881200,1.107,1.10835,1.1066,1.1083,15690
2024-10-02 16:00,1727884800,1.1083,1.1088,1.10775,1.10795,6557
2024-10-02 17:00,1727888400,1.10805,1.10835,1.1078,1.1081,3951
2024-10-02 18:00,1727892000,1.10805,1.1082,1.1071,1.10715,4812
2024-10-02 19:00,1727895600,1.1072,1.10865,1.107,1.1082,7762
2024-10-02 20:00,1727899200,1.1082,1.1086,1.10775,1.10785,3506
2024-10-02 22:00,1727906400,1.108,1.10815,1.1078,1.1078,0
2024-10-02 23:00,1727910000,1.10785,1.10795,1.10755,1.10775,698
2024-10-03 00:00,1727913600,1.1078,1.10785,1.1069,1.10715,2625
2024-10-03 01:00,1727917200,1.1071,1.10725,1.1067,1.1071,1351
2024-10-03 02:00,1727920800,1.10715,1.10715,1.10675,1.10675,941
2024-10-03 03:00,1727924400,1.1068,1.1069,1.1064,1.10675,1320
2024-10-03 04:00,1727928000,1.10655,1.1067,1.10645,1.10645,748
2024-10-03 05:00,1727931600,1.1065,1.10665,1.10565,1.10605,5666
2024-10-03 06:00,1727935200,1.106,1.1074,1.1058,1.107,11157
2024-10-03 07:00,1727938800,1.10695,1.1072,1.10595,1.1065,11710
2024-10-03 08:00,1727942400,1.10645,1.10775,1.1061,1.1069,11070
2024-10-03 09:00,1727946000,1.1069,1.10785,1.10665,1.1068,8693
2024-10-03 10:00,1727949600,1.10675,1.10755,1.10655,1.10745,5696
2024-10-03 11:00,1727953200,1.10745,1.1078,1.10695,1.10745,7790
2024-10-03 12:00,1727956800,1.1074,1.10795,1.10595,1.1064,14296
2024-10-03 13:00,1727960400,1.10635,1.10755,1.106,1.10695,12789
2024-10-03 14:00,1727964000,1.10695,1.10705,1.10385,1.1049,34032
2024-10-03 15:00,1727967600,1.10485,1.10555,1.1044,1.10465,10455
2024-10-03 16:00,1727971200,1.10465,1.10655,1.10455,1.10615,11624
2024-10-03 17:00,1727974800,1.10625,1.1068,1.10615,1.1064,6986
2024-10-03 18:00,1727978400,1.10645,1.10665,1.10575,1.10575,5167
2024-10-03 19:00,1727982000,1.10575,1.1064,1.1057,1.10605,2622
2024-10-03 20:00,1727985600,1.10605,1.1062,1.1058,1.10615,1086
2024-10-03 22:00,1727992800,1.10615,1.10665,1.1061,1.1065,0
2024-10-03 23:00,1727996400,1.1065,1.10685,1.10645,1.1066,1310
2024-10-04 00:00,1728000000,1.1066,1.10705,1.10645,1.10655,1850
2024-10-04 01:00,1728003600,1.1066,1.1067,1.106,1.1061,2065
2024-10-04 02:00,1728007200,1.1061,1.10655,1.10595,1.10615,1222
2024-10-04 03:00,1728010800,1.1062,1.10625,1.1057,1.10585,973
2024-10-04 04:00,1728014400,1.1058,1.10615,1.10565,1.10585,1181
2024-10-04 05:00,1728018000,1.1059,1.10665,1.10575,1.10645,2105
2024-10-04 06:00,1728021600,1.1065,1.1066,1.10585,1.10635,6283
2024-10-04 07:00,1728025200,1.1063,1.10665,1.1057,1.10595,7774
2024-10-04 08:00,1728028800,1.1059,1.1061,1.10525,1.10565,8646
2024-10-04 09:00,1728032400,1.10565,1.10595,1.1051,1.1058,6606
2024-10-04 10:00,1728036000,1.10585,1.1065,1.10575,1.1059,4705
2024-10-04 11:00,1728039600,1.10585,1.1068,1.10585,1.1064,6679
2024-10-04 12:00,1728043200,1.1064,1.10645,1.09905,1.09925,55585
2024-10-04 13:00,1728046800,1.0992,1.1011,1.09905,1.1005,37400
2024-10-04 14:00,1728050400,1.10055,1.10135,1.09985,1.10015,32082
2024-10-04 15:00,1728054000,1.1001,1.1005,1.09865,1.09925,24568
2024-10-04 16:00,1728057600,1.0992,1.0994,1.0983,1.09915,13924
2024-10-04 17:00,1728061200,1.0992,1.10015,1.09895,1.09995,11240
2024-10-04 18:00,1728064800,1.1,1.1006,1.0997,1.10045,8496
2024-10-04 19:00,1728068400,1.10045,1.101,1.10025,1.10085,5319
2024-10-04 20:00,1728072000,1.1009,1.101,1.10045,1.1007,3722
2024-10-06 22:00,1728252000,1.10025,1.1004,1.0995,1.1001,2566
2024-10-06 23:00,1728255600,1.10015,1.1004,1.1,1.10025,2394
2024-10-07 00:00,1728259200,1.1003,1.10075,1.10005,1.1002,4148
2024-10-07 01:00,1728262800,1.1002,1.10095,1.10015,1.10055,3511
2024-10-07 02:00,1728266400,1.10055,1.1009,1.1003,1.1003,1448
2024-10-07 03:00,1728270000,1.1003,1.1005,1.10015,1.1004,726
2024-10-07 04:00,1728273600,1.10035,1.1005,1.1,1.10005,845
2024-10-07 05:00,1728277200,1.10005,1.1002,1.09965,1.10015,1643
2024-10-07 06:00,1728280800,1.10005,1.1004,1.09955,1.1003,6693
2024-10-07 07:00,1728284400,1.10035,1.10045,1.099,1.10015,10300
2024-10-07 08:00,1728288000,1.1001,1.1011,1.0997,1.1002,9159
2024-10-07 09:00,1728291600,1.1002,1.1002,1.09865,1.0991,9834
2024-10-07 10:00,1728295200,1.0991,1.1002,1.099,1.09975,7087
2024-10-07 11:00,1728298800,1.0997,1.10125,1.0994,1.1009,8671
2024-10-07 12:00,1728302400,1.1009,1.1016,1.10035,1.10095,9628
2024-10-07 13:00,1728306000,1.1009,1.10155,1.10045,1.10115,16419
2024-10-07 14:00,1728309600,1.1012,1.1017,1.1002,1.1007,16263
2024-10-07 15:00,1728313200,1.10065,1.10115,1.1005,1.10085,8827
2024-10-07 16:00,1728316800,1.10085,1.10165,1.10075,1.1016,6190
2024-10-07 17:00,1728320400,1.1016,1.1019,1.10135,1.10145,4672
2024-10-07 18:00,1728324000,1.10145,1.10145,1.10005,1.1001,10125
2024-10-07 19:00,1728327600,1.1001,1.1005,1.0998,1.10045,5761
2024-10-07 20:00,1728331200,1.1005,1.1007,1.10025,1.1006,1905
2024-10-07 22:00,1728338400,1.10065,1.10105,1.1004,1.10095,0
2024-10-07 23:00,1728342000,1.10105,1.10105,1.10055,1.10055,615
2024-10-08 00:00,1728345600,1.10065,1.1015,1.10055,1.10135,2398
2024-10-08 01:00,1728349200,1.1013,1.1016,1.1012,1.1015,4208
2024-10-08 02:00,1728352800,1.1015,1.1016,1.1004,1.1013,4365
2024-10-08 03:00,1728356400,1.10135,1.10185,1.10135,1.1014,2095
2024-10-08 04:00,1728360000,1.1016,1.10185,1.10145,1.1017,963
2024-10-08 05:00,1728363600,1.1017,1.10185,1.1013,1.1015,2180
2024-10-08 06:00,1728367200,1.1014,1.1021,1.1013,1.10155,6535
2024-10-08 07:00,1728370800,1.10155,1.1027,1.101,1.10265,9937
2024-10-08 08:00,1728374400,1.10265,1.1029,1.10145,1.10255,9207
2024-10-08 09:00,1728378000,1.10255,1.1026,1.10175,1.1019,5657
2024-10-08 10:00,1728381600,1.1019,1.10235,1.10135,1.1017,4251
2024-10-08 11:00,1728385200,1.10165,1.1021,1.101,1.10195,6667
2024-10-08 12:00,1728388800,1.1019,1.10215,1.10025,1.10075,8707
2024-10-08 13:00,1728392400,1.1007,1.10155,1.10055,1.10095,10841
2024-10-08 14:00,1728396000,1.10095,1.1012,1.0998,1.1002,12268
2024-10-08 15:00,1728399600,1.10025,1.10035,1.0992,1.1001,9745
2024-10-08 16:00,1728403200,1.1001,1.10095,1.1,1.1007,4787
2024-10-08 17:00,1728406800,1.1007,1.1007,1.0997,1.1006,7039
2024-10-08 18:00,1728410400,1.1006,1.1008,1.10005,1.1004,3292
2024-10-08 19:00,1728414000,1.10035,1.101,1.1001,1.10095,4441
2024-10-08 20:00,1728417600,1.10095,1.1012,1.1008,1.1012,0
2024-10-08 22:00,1728424800,1.10115,1.1012,1.1009,1.10115,473
2024-10-08 23:00,1728428400,1.1012,1.10125,1.10065,1.10065,657
2024-10-09 00:00,1728432000,1.1006,1.10095,1.10045,1.10065,1277
2024-10-09 01:00,1728435600,1.1006,1.1008,1.09995,1.1005,2215
2024-10-09 02:00,1728439200,1.10045,1.1005,1.09995,1.10015,877
2024-10-09 03:00,1728442800,1.10015,1.1002,1.09975,1.09985,1129
2024-10-09 04:00,1728446400,1.09985,1.0999,1.0993,1.09935,967
2024-10-09 05:00,1728450000,1.09945,1.1007,1.09945,1.1004,7264
2024-10-09 06:00,1728453600,1.10045,1.10045,1.0993,1.0994,4546
2024-10-09 07:00,1728457200,1.09935,1.0998,1.09815,1.09915,9698
2024-10-09 08:00,1728460800,1.0991,1.0995,1.09845,1.09885,5984
2024-10-09 09:00,1728464400,1.0989,1.09985,1.0988,1.09975,7223
2024-10-09 10:00,1728468000,1.09975,1.10015,1.09945,1.0997,4988
2024-10-09 11:00,1728471600,1.0997,1.0998,1.0985,1.0985,6306
2024-10-09 12:00,1728475200,1.0985,1.09905,1.09835,1.09875,7083
2024-10-09 13:00,1728478800,1.09875,1.09895,1.0977,1.09845,12726
2024-10-09 14:00,1728482400,1.09845,1.09905,1.0971,1.0979,15825
2024-10-09 15:00,1728486000,1.09785,1.09875,1.0978,1.0982,11118
2024-10-09 16:00,1728489600,1.0982,1.0982,1.0971,1.09725,6780
2024-10-09 17:00,1728493200,1.09725,1.09735,1.0968,1.097,5593
2024-10-09 18:00,1728496800,1.09705,1.0974,1.0967,1.09675,6062
2024-10-09 19:00,1728500400,1.0968,1.09725,1.09675,1.097,4119
2024-10-09 20:00,1728504000,1.09695,1.0972,1.09675,1.097,1362
2024-10-09 22:00,1728511200,1.097,1.09725,1.0967,1.09705,0
2024-10-09 23:00,1728514800,1.09705,1.0972,1.09685,1.0971,689
2024-10-10 00:00,1728518400,1.09705,1.09725,1.09685,1.097,1522
2024-10-10 01:00,1728522000,1.09695,1.09755,1.09695,1.09725,1592
2024-10-10 02:00,1728525600,1.09725,1.09745,1.0968,1.0971,1108
2024-10-10 03:00,1728529200,1.09715,1.0975,1.0971,1.0972,703
2024-10-10 04:00,1728532800,1.0972,1.09735,1.0968,1.09695,847
2024-10-10 05:00,1728536400,1.09705,1.09715,1.09665,1.09685,1644
2024-10-10 06:00,1728540000,1.0968,1.0972,1.09655,1.09665,7290
2024-10-10 07:00,1728543600,1.0966,1.0972,1.0962,1.09665,9948
2024-10-10 08:00,1728547200,1.09665,1.09685,1.09575,1.0962,8072
2024-10-10 09:00,1728550800,1.0962,1.0963,1.09565,1.0963,5783
2024-10-10 10:00,1728554400,1.09625,1.0969,1.09605,1.09685,9099
2024-10-10 11:00,1728558000,1.09685,1.0969,1.09565,1.09605,9669
2024-10-10 12:00,1728561600,1.09605,1.0984,1.09345,1.0973,38096
2024-10-10 13:00,1728565200,1.09735,1.0979,1.09625,1.0966,17242
2024-10-10 14:00,1728568800,1.09665,1.0971,1.09425,1.0951,20217
2024-10-10 15:00,1728572400,1.0951,1.09585,1.09455,1.09535,8759
2024-10-10 16:00,1728576000,1.0954,1.0957,1.09315,1.0935,12205
2024-10-10 17:00,1728579600,1.09355,1.095,1.09295,1.0948,10731
2024-10-10 18:00,1728583200,1.09485,1.0956,1.09475,1.0951,6281
2024-10-10 19:00,1728586800,1.09515,1.0964,1.095,1.0964,4702
2024-10-10 20:00,1728590400,1.0963,1.09675,1.0963,1.09665,2254
2024-10-10 22:00,1728597600,1.0966,1.0966,1.0962,1.09625,0
2024-10-10 23:00,1728601200,1.09635,1.0964,1.09615,1.09625,1158
2024-10-11 00:00,1728604800,1.0963,1.0967,1.0961,1.0967,1567
2024-10-11 01:00,1728608400,1.0967,1.0967,1.09585,1.0961,2205
2024-10-11 02:00,1728612000,1.0961,1.0967,1.096,1.0966,1524
2024-10-11 03:00,1728615600,1.09665,1.097,1.09655,1.0969,1580
2024-10-11 04:00,1728619200,1.0969,1.09695,1.09645,1.09645,979
2024-10-11 05:00,1728622800,1.0965,1.0967,1.0962,1.09645,1729
2024-10-11 06:00,1728626400,1.09645,1.097,1.09615,1.0969,6005
2024-10-11 07:00,1728630000,1.0969,1.0975,1.09615,1.0974,9424
2024-10-11 08:00,1728633600,1.09735,1.0983,1.0971,1.0979,6985
2024-10-11 09:00,1728637200,1.09785,1.09805,1.0967,1.0968,15137
2024-10-11 10:00,1728640800,1.0968,1.09685,1.096,1.0964,11966
2024-10-11 11:00,1728644400,1.09645,1.09655,1.0956,1.09605,12550
2024-10-11 12:00,1728648000,1.096,1.098,1.09555,1.09625,21779
2024-10-11 13:00,1728651600,1.09625,1.09705,1.09575,1.09685,13540
2024-10-11 14:00,1728655200,1.0969,1.09785,1.0963,1.09725,14349
2024-10-11 15:00,1728658800,1.0972,1.0982,1.09705,1.0971,6865
2024-10-11 16:00,1728662400,1.09705,1.09765,1.09695,1.09745,5068
2024-10-11 17:00,1728666000,1.09745,1.09765,1.0972,1.09725,2764
2024-10-11 18:00,1728669600,1.09725,1.0975,1.09675,1.0968,6185
2024-10-11 19:00,1728673200,1.09685,1.09685,1.0962,1.0962,3736
2024-10-11 20:00,1728676800,1.0962,1.09675,1.09615,1.09655,0
2024-10-13 22:00,1728856800,1.09635,1.09635,1.09555,1.09555,1724
2024-10-13 23:00,1728860400,1.09565,1.0957,1.0951,1.09515,1042
2024-10-14 00:00,1728864000,1.0952,1.0953,1.0944,1.09505,3141
2024-10-14 01:00,1728867600,1.095,1.09545,1.0947,1.0952,2870
2024-10-14 02:00,1728871200,1.0952,1.09555,1.09475,1.0953,2444
2024-10-14 03:00,1728874800,1.09535,1.0958,1.09525,1.0955,1414
2024-10-14 04:00,1728878400,1.0954,1.09545,1.0952,1.09525,558
2024-10-14 05:00,1728882000,1.09525,1.0955,1.0951,1.09545,840
2024-10-14 06:00,1728885600,1.0955,1.0959,1.09535,1.0954,3846
2024-10-14 07:00,1728889200,1.0954,1.096,1.09525,1.0957,6291
2024-10-14 08:00,1728892800,1.0957,1.096,1.09525,1.09555,5516
2024-10-14 09:00,1728896400,1.0956,1.0965,1.0955,1.09575,4300
2024-10-14 10:00,1728900000,1.09575,1.09585,1.0951,1.09515,4151
2024-10-14 11:00,1728903600,1.09515,1.0953,1.0938,1.09415,5721
2024-10-14 12:00,1728907200,1.0941,1.09455,1.0936,1.09385,9989
2024-10-14 13:00,1728910800,1.0938,1.09565,1.09335,1.09485,12257
2024-10-14 14:00,1728914400,1.09485,1.09485,1.0934,1.0944,14433
2024-10-14 15:00,1728918000,1.09435,1.09455,1.0934,1.0936,7325
2024-10-14 16:00,1728921600,1.0936,1.09375,1.09295,1.093,5474
2024-10-14 17:00,1728925200,1.093,1.0933,1.0926,1.09325,6489
2024-10-14 18:00,1728928800,1.0933,1.0934,1.09235,1.09255,8684
2024-10-14 19:00,1728932400,1.0926,1.0935,1.0917,1.0933,9181
2024-10-14 20:00,1728936000,1.09325,1.09385,1.0932,1.0938,2158
2024-10-14 22:00,1728943200,1.0935,1.0938,1.09335,1.0937,0
2024-10-14 23:00,1728946800,1.0937,1.09385,1.0935,1.09375,837
2024-10-15 00:00,1728950400,1.09375,1.09385,1.09325,1.0936,1950
2024-10-15 01:00,1728954000,1.09355,1.0937,1.09335,1.09355,1748
2024-10-15 02:00,1728957600,1.09355,1.09375,1.0929,1.09305,2053
2024-10-15 03:00,1728961200,1.09305,1.09315,1.0924,1.0925,1242
2024-10-15 04:00,1728964800,1.0923,1.09235,1.092,1.0921,1889
2024-10-15 05:00,1728968400,1.0921,1.0921,1.0917,1.092,2184
2024-10-15 06:00,1728972000,1.09195,1.0924,1.0913,1.0921,6902
2024-10-15 07:00,1728975600,1.0921,1.0927,1.0913,1.09265,12242
2024-10-15 08:00,1728979200,1.09265,1.09445,1.0925,1.09385,11518
2024-10-15 09:00,1728982800,1.09385,1.0943,1.0934,1.09415,7445
2024-10-15 10:00,1728986400,1.0942,1.0943,1.0931,1.0931,5455
2024-10-15 11:00,1728990000,1.0931,1.09375,1.0926,1.0929,7396
2024-10-15 12:00,1728993600,1.09295,1.09405,1.0928,1.09385,10063
2024-10-15 13:00,1728997200,1.09385,1.0945,1.0937,1.0938,11638
2024-10-15 14:00,1729000800,1.0938,1.094,1.0927,1.0931,17736
2024-10-15 15:00,1729004400,1.0931,1.09355,1.09265,1.0927,10194
2024-10-15 16:00,1729008000,1.09275,1.0931,1.09175,1.0918,8674
2024-10-15 17:00,1729011600,1.09175,1.09185,1.091,1.0913,5979
2024-10-15 18:00,1729015200,1.09135,1.0919,1.0912,1.0915,8637
2024-10-15 19:00,1729018800,1.0915,1.0918,1.0914,1.0915,3774
2024-10-15 20:00,1729022400,1.09145,1.092,1.09135,1.09185,2511
2024-10-15 22:00,1729029600,1.09185,1.092,1.0915,1.09175,0
2024-10-15 23:00,1729033200,1.09175,1.09175,1.0911,1.0911,1323
2024-10-16 00:00,1729036800,1.09105,1.0914,1.09095,1.09135,1593
2024-10-16 01:00,1729040400,1.09125,1.09195,1.0912,1.0919,1502
2024-10-16 02:00,1729044000,1.09195,1.09205,1.09165,1.092,1284
2024-10-16 03:00,1729047600,1.09205,1.0923,1.0918,1.0918,1062
2024-10-16 04:00,1729051200,1.092,1.092,1.09155,1.0917,846
2024-10-16 05:00,1729054800,1.09175,1.0918,1.0914,1.0916,1246
2024-10-16 06:00,1729058400,1.0916,1.0917,1.09035,1.09055,9504
2024-10-16 07:00,1729062000,1.0905,1.0913,1.0903,1.091,9772
2024-10-16 08:00,1729065600,1.09095,1.0912,1.0905,1.09105,8548
2024-10-16 09:00,1729069200,1.09105,1.0925,1.091,1.09225,11699
2024-10-16 10:00,1729072800,1.09225,1.09235,1.0917,1.0918,4737
2024-10-16 11:00,1729076400,1.09175,1.09235,1.0915,1.0922,6354
2024-10-16 12:00,1729080000,1.09215,1.0929,1.0914,1.09165,10017
2024-10-16 13:00,1729083600,1.09165,1.0925,1.09125,1.0918,11914
2024-10-16 14:00,1729087200,1.0918,1.09185,1.08985,1.0907,18129
2024-10-16 15:00,1729090800,1.0907,1.09075,1.08935,1.09,14850
2024-10-16 16:00,1729094400,1.09,1.0904,1.08945,1.08955,5461
2024-10-16 17:00,1729098000,1.0896,1.0896,1.0889,1.089,4090
2024-10-16 18:00,1729101600,1.08895,1.08905,1.08825,1.0883,8818
2024-10-16 19:00,1729105200,1.0883,1.08875,1.08805,1.0885,6709
2024-10-16 20:00,1729108800,1.0885,1.089,1.0885,1.08885,3406
2024-10-16 22:00,1729116000,1.08885,1.089,1.0884,1.08845,0
2024-10-16 23:00,1729119600,1.0885,1.08855,1.08825,1.0885,1225
2024-10-17 00:00,1729123200,1.08855,1.08905,1.0884,1.08895,2960
2024-10-17 01:00,1729126800,1.08895,1.08905,1.08855,1.08885,1816
2024-10-17 02:00,1729130400,1.0889,1.08915,1.08855,1.0888,1226
2024-10-17 03:00,1729134000,1.0888,1.0888,1.08775,1.08795,2433
2024-10-17 04:00,1729137600,1.088,1.0882,1.08795,1.088,952
2024-10-17 05:00,1729141200,1.08795,1.08815,1.0879,1.08805,1675
2024-10-17 06:00,1729144800,1.08805,1.08845,1.08755,1.0877,4838
2024-10-17 07:00,1729148400,1.08765,1.08835,1.08755,1.08805,9881
2024-10-17 08:00,1729152000,1.08805,1.08825,1.0875,1.0878,8681
2024-10-17 09:00,1729155600,1.0878,1.08905,1.08765,1.0885,11627
2024-10-17 10:00,1729159200,1.0885,1.0891,1.08845,1.08905,6259
2024-10-17 11:00,1729162800,1.08905,1.08935,1.08895,1.089,7272
2024-10-17 12:00,1729166400,1.08895,1.09005,1.086,1.0869,35759
2024-10-17 13:00,1729170000,1.08695,1.0871,1.08375,1.0859,43249
2024-10-17 14:00,1729173600,1.08595,1.08615,1.08405,1.0855,24834
2024-10-17 15:00,1729177200,1.08545,1.0867,1.0851,1.0863,17972
2024-10-17 16:00,1729180800,1.08635,1.08635,1.0849,1.0851,8236
2024-10-17 17:00,1729184400,1.08515,1.08545,1.0847,1.08515,2671
2024-10-17 18:00,1729188000,1.0852,1.08585,1.08505,1.0851,9194
2024-10-17 19:00,1729191600,1.08515,1.0855,1.08495,1.0854,3255
2024-10-17 20:00,1729195200,1.0854,1.08575,1.08535,1.08575,1283
2024-10-17 22:00,1729202400,1.08575,1.0859,1.0855,1.0855,0
2024-10-17 23:00,1729206000,1.08555,1.0856,1.0851,1.0855,924
2024-10-18 00:00,1729209600,1.08555,1.0858,1.08535,1.0855,1351
2024-10-18 01:00,1729213200,1.0855,1.0862,1.08535,1.08605,2431
2024-10-18 02:00,1729216800,1.0861,1.08655,1.0859,1.08645,2645
2024-10-18 03:00,1729220400,1.08645,1.08655,1.0863,1.08645,1618
2024-10-18 04:00,1729224000,1.08645,1.08665,1.08645,1.0866,1093
2024-10-18 05:00,1729227600,1.08665,1.087,1.0864,1.0869,3702
2024-10-18 06:00,1729231200,1.08685,1.08745,1.0864,1.087,12700
2024-10-18 07:00,1729234800,1.087,1.087,1.08625,1.0867,10222
2024-10-18 08:00,1729238400,1.0867,1.0873,1.08605,1.0864,8996
2024-10-18 09:00,1729242000,1.08635,1.0872,1.08605,1.087,9655
2024-10-18 10:00,1729245600,1.08705,1.08745,1.08645,1.0871,4781
2024-10-18 11:00,1729249200,1.08715,1.0878,1.0868,1.08745,6706
2024-10-18 12:00,1729252800,1.0874,1.0886,1.08725,1.08855,15106
2024-10-18 13:00,1729256400,1.08855,1.08895,1.08775,1.0883,11978
2024-10-18 14:00,1729260000,1.0883,1.08905,1.0881,1.08835,13235
2024-10-18 15:00,1729263600,1.0883,1.08865,1.0879,1.088,12686
2024-10-18 16:00,1729267200,1.08795,1.08945,1.0879,1.08925,8090
2024-10-18 17:00,1729270800,1.08925,1.08925,1.0885,1.08875,3283
2024-10-18 18:00,1729274400,1.08875,1.0894,1.08875,1.0891,3880
2024-10-18 19:00,1729278000,1.08915,1.0892,1.0888,1.08895,3761
2024-10-18 20:00,1729281600,1.089,1.08955,1.08885,1.0893,2676
2024-10-20 22:00,1729461600,1.0893,1.08975,1.0891,1.0894,1677
2024-10-20 23:00,1729465200,1.0895,1.0895,1.08905,1.0894,1860
2024-10-21 00:00,1729468800,1.0894,1.0894,1.08895,1.08905,1961
2024-10-21 01:00,1729472400,1.08905,1.08935,1.0889,1.08905,2022
2024-10-21 02:00,1729476000,1.08905,1.0893,1.08895,1.08895,2070
2024-10-21 03:00,1729479600,1.089,1.08935,1.08895,1.08915,901
2024-10-21 04:00,1729483200,1.08915,1.08915,1.08835,1.08835,1976
2024-10-21 05:00,1729486800,1.0884,1.0889,1.0884,1.08855,1936
2024-10-21 06:00,1729490400,1.0885,1.0886,1.08755,1.0878,6915
2024-10-21 07:00,1729494000,1.0878,1.0883,1.0872,1.08735,8706
2024-10-21 08:00,1729497600,1.0873,1.08835,1.0873,1.08805,6955
2024-10-21 09:00,1729501200,1.08805,1.0884,1.0872,1.0872,7460
2024-10-21 10:00,1729504800,1.0872,1.0875,1.08705,1.08735,6120
2024-10-21 11:00,1729508400,1.0873,1.0882,1.08725,1.08815,6371
2024-10-21 12:00,1729512000,1.08815,1.0885,1.0877,1.0883,8355
2024-10-21 13:00,1729515600,1.0883,1.08835,1.087,1.0873,11858
2024-10-21 14:00,1729519200,1.08735,1.08745,1.0859,1.08605,14402
2024-10-21 15:00,1729522800,1.086,1.08605,1.08455,1.0846,15413
2024-10-21 16:00,1729526400,1.08455,1.0849,1.08425,1.0844,6142
2024-10-21 17:00,1729530000,1.0844,1.08485,1.0841,1.08415,6906
2024-10-21 18:00,1729533600,1.08415,1.08425,1.0836,1.0837,7122
2024-10-21 19:00,1729537200,1.08375,1.0841,1.08365,1.0841,10333
2024-10-21 20:00,1729540800,1.08405,1.08425,1.08375,1.08405,3188
2024-10-21 22:00,1729548000,1.08405,1.0843,1.08395,1.08405,0
2024-10-21 23:00,1729551600,1.0841,1.0842,1.0839,1.08405,1590
2024-10-22 00:00,1729555200,1.08405,1.08435,1.0839,1.0841,1901
2024-10-22 01:00,1729558800,1.08415,1.0846,1.08415,1.0844,1936
2024-10-22 02:00,1729562400,1.0844,1.08465,1.08405,1.08405,1306
2024-10-22 03:00,1729566000,1.08405,1.08435,1.084,1.08435,969
2024-10-22 04:00,1729569600,1.08445,1.0846,1.0843,1.0845,1279
2024-10-22 05:00,1729573200,1.08455,1.0849,1.0844,1.08445,2769
2024-10-22 06:00,1729576800,1.0844,1.0854,1.0843,1.08505,9116
2024-10-22 07:00,1729580400,1.08505,1.08635,1.0846,1.0862,9230
2024-10-22 08:00,1729584000,1.08615,1.0862,1.08515,1.08525,7031
2024-10-22 09:00,1729587600,1.0852,1.0856,1.084,1.0841,8694
2024-10-22 10:00,1729591200,1.0841,1.0855,1.08395,1.0854,7856
2024-10-22 11:00,1729594800,1.0854,1.08545,1.084,1.0843,7205
2024-10-22 12:00,1729598400,1.0843,1.0847,1.0836,1.0837,8909
2024-10-22 13:00,1729602000,1.0837,1.0844,1.08265,1.0832,22060
2024-10-22 14:00,1729605600,1.08325,1.08385,1.08255,1.0835,19113
2024-10-22 15:00,1729609200,1.08345,1.08405,1.0829,1.08295,13056
2024-10-22 16:00,1729612800,1.083,1.08395,1.0828,1.08325,7944
2024-10-22 17:00,1729616400,1.0833,1.0834,1.08265,1.0828,8785
2024-10-22 18:00,1729620000,1.0828,1.08295,1.08245,1.0825,6752
2024-10-22 19:00,1729623600,1.0825,1.0827,1.0819,1.082,8635
2024-10-22 20:00,1729627200,1.08195,1.0824,1.08175,1.0824,0
2024-10-22 22:00,1729634400,1.08235,1.08245,1.08215,1.0823,753
2024-10-22 23:00,1729638000,1.08235,1.08235,1.08205,1.0821,568
2024-10-23 00:00,1729641600,1.0821,1.08255,1.08165,1.08195,3098
2024-10-23 01:00,1729645200,1.082,1.0823,1.0818,1.08195,2045
2024-10-23 02:00,1729648800,1.08195,1.08295,1.08195,1.0829,2810
2024-10-23 03:00,1729652400,1.0829,1.083,1.08235,1.0827,1590
2024-10-23 04:00,1729656000,1.08245,1.0827,1.08245,1.08265,1116
2024-10-23 05:00,1729659600,1.0827,1.0831,1.08265,1.0831,3522
2024-10-23 06:00,1729663200,1.08305,1.08305,1.0817,1.08175,7492
2024-10-23 07:00,1729666800,1.0817,1.0817,1.0805,1.0806,13317
2024-10-23 08:00,1729670400,1.0806,1.08155,1.0804,1.08125,11081
2024-10-23 09:00,1729674000,1.0813,1.0814,1.0806,1.0807,6274
2024-10-23 10:00,1729677600,1.08065,1.0808,1.0802,1.0802,4592
2024-10-23 11:00,1729681200,1.0802,1.08045,1.07875,1.0788,9962
2024-10-23 12:00,1729684800,1.0788,1.07995,1.07855,1.07985,22699
2024-10-23 13:00,1729688400,1.0799,1.0808,1.0794,1.08,15594
2024-10-23 14:00,1729692000,1.08005,1.0807,1.07955,1.0799,15334
2024-10-23 15:00,1729695600,1.07985,1.0811,1.07985,1.08035,12557
2024-10-23 16:00,1729699200,1.0803,1.08035,1.07955,1.07975,6627
2024-10-23 17:00,1729702800,1.07975,1.0799,1.0792,1.07935,5293
2024-10-23 18:00,1729706400,1.0793,1.0807,1.0793,1.08045,16721
2024-10-23 19:00,1729710000,1.08045,1.0811,1.0804,1.081,6365
2024-10-23 20:00,1729713600,1.08105,1.0811,1.08065,1.0807,3087
2024-10-23 22:00,1729720800,1.08065,1.08065,1.0803,1.0805,0
2024-10-23 23:00,1729724400,1.08055,1.08075,1.0802,1.08025,1894
2024-10-24 00:00,1729728000,1.08035,1.0813,1.08025,1.08115,3386
2024-10-24 01:00,1729731600,1.0812,1.0812,1.0805,1.0806,2348
2024-10-24 02:00,1729735200,1.0806,1.08115,1.0804,1.081,1450
2024-10-24 03:00,1729738800,1.081,1.08115,1.0808,1.0809,968
2024-10-24 04:00,1729742400,1.08115,1.0816,1.08115,1.0816,2768
2024-10-24 05:00,1729746000,1.0816,1.0816,1.0811,1.08115,2067
2024-10-24 06:00,1729749600,1.08115,1.08135,1.08045,1.0806,9669
2024-10-24 07:00,1729753200,1.0806,1.0822,1.07935,1.0818,29710
2024-10-24 08:00,1729756800,1.0818,1.08315,1.0818,1.0826,14297
2024-10-24 09:00,1729760400,1.08255,1.0828,1.0818,1.082,8456
2024-10-24 10:00,1729764000,1.082,1.0827,1.0819,1.0822,7306
2024-10-24 11:00,1729767600,1.0822,1.08255,1.0815,1.0818,7290
2024-10-24 12:00,1729771200,1.08185,1.0827,1.0811,1.08195,18357
2024-10-24 13:00,1729774800,1.08195,1.0834,1.08175,1.08235,19299
2024-10-24 14:00,1729778400,1.08235,1.0834,1.082,1.0821,21218
2024-10-24 15:00,1729782000,1.08205,1.08285,1.08195,1.0828,10186
2024-10-24 16:00,1729785600,1.0828,1.0834,1.08255,1.0834,4444
2024-10-24 17:00,1729789200,1.0834,1.08475,1.08335,1.0844,11542
2024-10-24 18:00,1729792800,1.08435,1.0849,1.0841,1.08455,8892
2024-10-24 19:00,1729796400,1.08455,1.0852,1.0844,1.0852,8067
2024-10-24 20:00,1729800000,1.0852,1.0853,1.085,1.08505,2914
2024-10-24 22:00,1729807200,1.08495,1.08515,1.08465,1.0847,0
2024-10-24 23:00,1729810800,1.08465,1.0847,1.0845,1.0846,1879
2024-10-25 00:00,1729814400,1.08465,1.0847,1.0842,1.0844,3717
2024-10-25 01:00,1729818000,1.0844,1.08475,1.0842,1.08455,2422
2024-10-25 02:00,1729821600,1.08455,1.085,1.0845,1.0848,1317
2024-10-25 03:00,1729825200,1.0848,1.0848,1.0843,1.08445,1260
2024-10-25 04:00,1729828800,1.08445,1.08455,1.0843,1.08445,821
2024-10-25 05:00,1729832400,1.0844,1.0848,1.08435,1.0844,1818
2024-10-25 06:00,1729836000,1.0844,1.0845,1.0837,1.0838,6760
2024-10-25 07:00,1729839600,1.08385,1.085,1.0836,1.0848,11927
2024-10-25 08:00,1729843200,1.08475,1.0858,1.08445,1.08465,11901
2024-10-25 09:00,1729846800,1.08465,1.08495,1.0845,1.0845,5748
2024-10-25 10:00,1729850400,1.0845,1.08505,1.0845,1.0847,3796
2024-10-25 11:00,1729854000,1.08465,1.0852,1.0844,1.0844,7349
2024-10-25 12:00,1729857600,1.08445,1.0862,1.08435,1.0861,15595
2024-10-25 13:00,1729861200,1.0861,1.08615,1.08485,1.08575,15532
2024-10-25 14:00,1729864800,1.0857,1.08605,1.0849,1.08535,17715
2024-10-25 15:00,1729868400,1.08535,1.0857,1.08335,1.0835,19216
2024-10-25 16:00,1729872000,1.08345,1.0835,1.08255,1.0828,8215
2024-10-25 17:00,1729875600,1.0828,1.0829,1.08245,1.08255,3685
2024-10-25 18:00,1729879200,1.08255,1.0827,1.08215,1.08255,8467
2024-10-25 19:00,1729882800,1.08255,1.08255,1.0816,1.0818,7472
2024-10-25 20:00,1729886400,1.0818,1.082,1.0817,1.08185,2941
2024-10-27 22:00,1730066400,1.0819,1.08205,1.08075,1.0818,2366
2024-10-27 23:00,1730070000,1.0818,1.0824,1.0816,1.08185,2317
2024-10-28 00:00,1730073600,1.08185,1.08235,1.08165,1.0817,2613
2024-10-28 01:00,1730077200,1.08165,1.0818,1.08125,1.0813,3463
2024-10-28 02:00,1730080800,1.0813,1.08185,1.0808,1.08105,2891
2024-10-28 03:00,1730084400,1.0811,1.08125,1.08045,1.08055,1926
2024-10-28 04:00,1730088000,1.0805,1.0811,1.0805,1.081,1973
2024-10-28 05:00,1730091600,1.081,1.08105,1.08045,1.081,1553
2024-10-28 06:00,1730095200,1.08095,1.0819,1.08085,1.08165,4558
2024-10-28 07:00,1730098800,1.0816,1.0828,1.08155,1.0826,7354
2024-10-28 08:00,1730102400,1.0826,1.08435,1.08235,1.08405,12753
2024-10-28 09:00,1730106000,1.0841,1.08415,1.08305,1.0835,6552
2024-10-28 10:00,1730109600,1.0835,1.08415,1.08335,1.0839,6118
2024-10-28 11:00,1730113200,1.08385,1.08425,1.0837,1.08415,4222
2024-10-28 12:00,1730116800,1.08415,1.0848,1.08355,1.08375,10110
2024-10-28 13:00,1730120400,1.08375,1.08445,1.0836,1.0842,9065
2024-10-28 14:00,1730124000,1.08425,1.08495,1.08375,1.08465,10727
2024-10-28 15:00,1730127600,1.0846,1.0847,1.08355,1.08405,10953
2024-10-28 16:00,1730131200,1.08395,1.08485,1.08365,1.0838,11252
2024-10-28 17:00,1730134800,1.0838,1.084,1.0835,1.08355,6168
2024-10-28 18:00,1730138400,1.08355,1.0837,1.0832,1.08335,9327
2024-10-28 19:00,1730142000,1.0834,1.08415,1.08335,1.0837,5666
2024-10-28 20:00,1730145600,1.08375,1.0839,1.08335,1.0834,3301
2024-10-28 22:00,1730152800,1.08345,1.08355,1.08325,1.0834,0
2024-10-28 23:00,1730156400,1.08345,1.08395,1.0832,1.0839,939
2024-10-29 00:00,1730160000,1.08385,1.08405,1.0834,1.0837,2614
2024-10-29 01:00,1730163600,1.0837,1.08385,1.08335,1.08375,1487
2024-10-29 02:00,1730167200,1.08375,1.084,1.0833,1.0834,1273
2024-10-29 03:00,1730170800,1.0834,1.0835,1.08275,1.08295,1560
2024-10-29 04:00,1730174400,1.08295,1.08305,1.08285,1.083,764
2024-10-29 05:00,1730178000,1.083,1.0835,1.083,1.08325,1138
2024-10-29 06:00,1730181600,1.08325,1.0836,1.08285,1.0833,3003
2024-10-29 07:00,1730185200,1.08325,1.08375,1.08275,1.08315,5243
2024-10-29 08:00,1730188800,1.0831,1.08425,1.0831,1.084,12216
2024-10-29 09:00,1730192400,1.084,1.0848,1.08345,1.0839,8772
2024-10-29 10:00,1730196000,1.08395,1.08425,1.0825,1.08275,9643
2024-10-29 11:00,1730199600,1.08275,1.0828,1.0818,1.0821,11072
2024-10-29 12:00,1730203200,1.08205,1.08215,1.07935,1.07995,29734
2024-10-29 13:00,1730206800,1.07995,1.0813,1.07905,1.0809,22577
2024-10-29 14:00,1730210400,1.081,1.08345,1.081,1.0822,42560
2024-10-29 15:00,1730214000,1.08225,1.0823,1.08065,1.0819,25492
2024-10-29 16:00,1730217600,1.0819,1.0829,1.08135,1.082,14979
2024-10-29 17:00,1730221200,1.08205,1.08325,1.08195,1.0827,10003
2024-10-29 18:00,1730224800,1.08275,1.0838,1.0825,1.08345,7187
2024-10-29 19:00,1730228400,1.0835,1.0837,1.0832,1.0835,4103
2024-10-29 20:00,1730232000,1.0835,1.084,1.0834,1.084,2265
2024-10-29 22:00,1730239200,1.0838,1.08425,1.0836,1.0841,0
2024-10-29 23:00,1730242800,1.0841,1.0843,1.0839,1.0841,868
2024-10-30 00:00,1730246400,1.08405,1.0847,1.08405,1.0843,2440
2024-10-30 01:00,1730250000,1.0843,1.0847,1.08405,1.08425,1617
2024-10-30 02:00,1730253600,1.08425,1.08425,1.08385,1.0839,1368
2024-10-30 03:00,1730257200,1.0839,1.0839,1.0835,1.08355,1105
2024-10-30 04:00,1730260800,1.0835,1.0839,1.0835,1.08375,727
2024-10-30 05:00,1730264400,1.08375,1.0838,1.0835,1.08365,1106
2024-10-30 06:00,1730268000,1.08385,1.0847,1.0838,1.0844,4230
2024-10-30 07:00,1730271600,1.08435,1.08435,1.08365,1.084,4472
2024-10-30 08:00,1730275200,1.084,1.08665,1.084,1.08555,19994
2024-10-30 09:00,1730278800,1.08565,1.08805,1.0854,1.08605,28768
2024-10-30 10:00,1730282400,1.0861,1.08635,1.08525,1.0855,7964
2024-10-30 11:00,1730286000,1.08555,1.0856,1.08425,1.0845,6560
2024-10-30 12:00,1730289600,1.0845,1.085,1.0826,1.08345,23007
2024-10-30 13:00,1730293200,1.0835,1.0865,1.08325,1.08645,19013
2024-10-30 14:00,1730296800,1.0865,1.0879,1.0863,1.087,25325
2024-10-30 15:00,1730300400,1.087,1.0888,1.08625,1.0885,21176
2024-10-30 16:00,1730304000,1.0885,1.08865,1.0878,1.08825,11726
2024-10-30 17:00,1730307600,1.0882,1.08895,1.08745,1.0887,9277
2024-10-30 18:00,1730311200,1.0887,1.08925,1.0886,1.08905,7322
2024-10-30 19:00,1730314800,1.08905,1.08905,1.0877,1.08815,5149
2024-10-30 20:00,1730318400,1.0882,1.0883,1.08765,1.0878,2642
2024-10-30 22:00,1730325600,1.08785,1.0879,1.0874,1.0878,0
2024-10-30 23:00,1730329200,1.08785,1.08795,1.0877,1.08775,1324
2024-10-31 00:00,1730332800,1.08775,1.0879,1.08725,1.0873,2445
2024-10-31 01:00,1730336400,1.08725,1.0878,1.0864,1.08645,4090
2024-10-31 02:00,1730340000,1.08645,1.08705,1.0864,1.08685,2804
2024-10-31 03:00,1730343600,1.08685,1.08725,1.0868,1.0869,2141
2024-10-31 04:00,1730347200,1.0867,1.08695,1.0864,1.08675,2432
2024-10-31 05:00,1730350800,1.0867,1.08715,1.08665,1.0871,1295
2024-10-31 06:00,1730354400,1.0871,1.08755,1.0867,1.0871,4226
2024-10-31 07:00,1730358000,1.08715,1.0883,1.0867,1.08785,9357
2024-10-31 08:00,1730361600,1.08785,1.088,1.0871,1.0876,9979
2024-10-31 09:00,1730365200,1.08755,1.0887,1.0874,1.08855,10492
2024-10-31 10:00,1730368800,1.08855,1.08945,1.0884,1.08865,8449
2024-10-31 11:00,1730372400,1.0886,1.08895,1.08785,1.08875,8004
2024-10-31 12:00,1730376000,1.0888,1.09065,1.08835,1.08995,21820
2024-10-31 13:00,1730379600,1.0899,1.0908,1.08755,1.0879,21767
2024-10-31 14:00,1730383200,1.0879,1.0896,1.08705,1.0885,28789
2024-10-31 15:00,1730386800,1.0885,1.0885,1.08655,1.08755,34949
2024-10-31 16:00,1730390400,1.0875,1.08825,1.08725,1.08775,16705
2024-10-31 17:00,1730394000,1.0878,1.0884,1.0875,1.0881,9219
2024-10-31 18:00,1730397600,1.0881,1.0893,1.088,1.089,10467
2024-10-31 19:00,1730401200,1.089,1.08975,1.08875,1.08965,7890
2024-10-31 20:00,1730404800,1.08965,1.09045,1.08955,1.0903,3533
2024-10-31 22:00,1730412000,1.0901,1.09055,1.09,1.0905,0
2024-10-31 23:00,1730415600,1.0905,1.09055,1.0902,1.09025,1605
2024-11-01 00:00,1730419200,1.0903,1.09065,1.0899,1.09055,2153
2024-11-01 01:00,1730422800,1.0905,1.0907,1.0897,1.08985,2116
2024-11-01 02:00,1730426400,1.0899,1.09,1.08955,1.0897,1519
2024-11-01 03:00,1730430000,1.08975,1.0898,1.0894,1.0895,1191
2024-11-01 04:00,1730433600,1.08955,1.0898,1.08955,1.0896,677
2024-11-01 05:00,1730437200,1.08965,1.0897,1.089,1.08905,2536
2024-11-01 06:00,1730440800,1.0891,1.0894,1.089,1.0892,2245
2024-11-01 07:00,1730444400,1.08915,1.0896,1.0887,1.0887,6219
2024-11-01 08:00,1730448000,1.0887,1.0887,1.08765,1.0881,10649
2024-11-01 09:00,1730451600,1.0881,1.08875,1.0877,1.08775,6207
2024-11-01 10:00,1730455200,1.08775,1.088,1.08715,1.08795,5883
2024-11-01 11:00,1730458800,1.08795,1.0888,1.08775,1.0887,6010
2024-11-01 12:00,1730462400,1.0887,1.09245,1.0874,1.0905,40445
2024-11-01 13:00,1730466000,1.0905,1.09085,1.0884,1.0888,27380
2024-11-01 14:00,1730469600,1.08885,1.0898,1.08685,1.08735,25573
2024-11-01 15:00,1730473200,1.0873,1.08775,1.0866,1.08675,17801
2024-11-01 16:00,1730476800,1.0867,1.0873,1.0865,1.0871,6897
2024-11-01 17:00,1730480400,1.0871,1.0872,1.08525,1.08545,6398
2024-11-01 18:00,1730484000,1.08545,1.08645,1.08545,1.0858,7417
2024-11-01 19:00,1730487600,1.08585,1.0861,1.0853,1.0855,3912
2024-11-01 20:00,1730491200,1.0855,1.0856,1.08505,1.0852,2896
2024-11-03 23:00,1730674800,1.0889,1.0898,1.08885,1.0891,4739
2024-11-04 00:00,1730678400,1.0891,1.08975,1.0888,1.0895,3599
2024-11-04 01:00,1730682000,1.08955,1.091,1.0895,1.09065,6620
2024-11-04 02:00,1730685600,1.09065,1.0913,1.09035,1.0913,5711
2024-11-04 03:00,1730689200,1.0913,1.0924,1.0913,1.092,8585
2024-11-04 04:00,1730692800,1.092,1.09215,1.0915,1.0916,2237
2024-11-04 05:00,1730696400,1.0916,1.0918,1.09125,1.09175,2907
2024-11-04 06:00,1730700000,1.0918,1.0921,1.091,1.091,3129
2024-11-04 07:00,1730703600,1.091,1.0914,1.09055,1.09095,8508
2024-11-04 08:00,1730707200,1.091,1.0919,1.0908,1.09115,10430
2024-11-04 09:00,1730710800,1.0911,1.0921,1.091,1.09145,7144
2024-11-04 10:00,1730714400,1.0915,1.09215,1.09125,1.092,6697
2024-11-04 11:00,1730718000,1.092,1.09325,1.09185,1.0932,6434
2024-11-04 12:00,1730721600,1.0932,1.09335,1.092,1.09235,8446
2024-11-04 13:00,1730725200,1.0923,1.0928,1.09115,1.09235,15397
2024-11-04 14:00,1730728800,1.0924,1.09285,1.09145,1.09185,14478
2024-11-04 15:00,1730732400,1.0919,1.09265,1.09145,1.09175,21353
2024-11-04 16:00,1730736000,1.09175,1.09195,1.0899,1.0903,17680
2024-11-04 17:00,1730739600,1.0903,1.09125,1.08985,1.0907,9792
2024-11-04 18:00,1730743200,1.0907,1.09075,1.0897,1.0904,5490
2024-11-04 19:00,1730746800,1.0904,1.0904,1.0896,1.0897,7845
2024-11-04 20:00,1730750400,1.08975,1.09,1.08935,1.0894,4719
2024-11-04 21:00,1730754000,1.0894,1.08965,1.08925,1.0896,2150
2024-11-04 23:00,1730761200,1.0897,1.0897,1.0891,1.08915,0
2024-11-05 00:00,1730764800,1.08915,1.0894,1.08905,1.08935,2055
2024-11-05 01:00,1730768400,1.08935,1.0896,1.08905,1.08955,1429
2024-11-05 02:00,1730772000,1.08955,1.0898,1.08935,1.08955,1695
2024-11-05 03:00,1730775600,1.0895,1.08975,1.08935,1.0894,1099
2024-11-05 04:00,1730779200,1.08935,1.0896,1.0892,1.08925,958
2024-11-05 05:00,1730782800,1.08945,1.0898,1.0894,1.08965,928
2024-11-05 06:00,1730786400,1.0896,1.09005,1.0895,1.0899,2354
2024-11-05 07:00,1730790000,1.0899,1.0909,1.0899,1.09065,5243
2024-11-05 08:00,1730793600,1.0907,1.0912,1.0902,1.091,8489
2024-11-05 09:00,1730797200,1.09095,1.09155,1.0908,1.091,7414
2024-11-05 10:00,1730800800,1.091,1.09125,1.0909,1.0912,4410
2024-11-05 11:00,1730804400,1.0912,1.09195,1.0911,1.09175,5855
2024-11-05 12:00,1730808000,1.0918,1.09195,1.0912,1.0914,4949
2024-11-05 13:00,1730811600,1.0914,1.09165,1.09075,1.09105,10208
2024-11-05 14:00,1730815200,1.0911,1.09295,1.09105,1.0925,17578
2024-11-05 15:00,1730818800,1.09235,1.09305,1.0907,1.09205,19429
2024-11-05 16:00,1730822400,1.092,1.09385,1.09195,1.0938,13167
2024-11-05 17:00,1730826000,1.09385,1.09485,1.09365,1.0948,10089
2024-11-05 18:00,1730829600,1.09485,1.0955,1.0947,1.0949,8727
2024-11-05 19:00,1730833200,1.09485,1.09525,1.0945,1.09495,8033
2024-11-05 20:00,1730836800,1.09495,1.09495,1.0942,1.09435,7369
2024-11-05 21:00,1730840400,1.0943,1.09485,1.09425,1.09475,2283
2024-11-05 23:00,1730847600,1.0946,1.09545,1.09295,1.09515,0
2024-11-06 00:00,1730851200,1.0951,1.09515,1.0849,1.08545,33602
2024-11-06 01:00,1730854800,1.08545,1.0875,1.0841,1.08545,18418
2024-11-06 02:00,1730858400,1.08535,1.0857,1.0779,1.078,34336
2024-11-06 03:00,1730862000,1.07805,1.07975,1.0736,1.0764,21909
2024-11-06 04:00,1730865600,1.0764,1.07965,1.0757,1.07905,14750
2024-11-06 05:00,1730869200,1.08075,1.0811,1.07675,1.07765,12878
2024-11-06 06:00,1730872800,1.0777,1.0779,1.072,1.07435,18774
2024-11-06 07:00,1730876400,1.07435,1.077,1.0743,1.07515,17976
2024-11-06 08:00,1730880000,1.0751,1.07985,1.07475,1.07905,23970
2024-11-06 09:00,1730883600,1.079,1.079,1.07675,1.07725,11437
2024-11-06 10:00,1730887200,1.0772,1.07785,1.0759,1.07635,7344
2024-11-06 11:00,1730890800,1.0763,1.07635,1.07175,1.0725,19902
2024-11-06 12:00,1730894400,1.0725,1.0736,1.0699,1.07055,18084
2024-11-06 13:00,1730898000,1.0706,1.0736,1.06995,1.07265,21581
2024-11-06 14:00,1730901600,1.07265,1.0737,1.07155,1.07325,15767
2024-11-06 15:00,1730905200,1.0733,1.0757,1.0731,1.07555,27747
2024-11-06 16:00,1730908800,1.0755,1.07625,1.0743,1.07485,13455
2024-11-06 17:00,1730912400,1.0748,1.0762,1.0743,1.0744,10099
2024-11-06 18:00,1730916000,1.07445,1.07755,1.07435,1.077,13387
2024-11-06 19:00,1730919600,1.07705,1.07705,1.0747,1.07525,15875
2024-11-06 20:00,1730923200,1.07525,1.0756,1.075,1.0752,5661
2024-11-06 21:00,1730926800,1.0752,1.0753,1.07455,1.07465,2629
2024-11-06 23:00,1730934000,1.07475,1.07505,1.0744,1.0747,0
2024-11-07 00:00,1730937600,1.0747,1.0753,1.0736,1.0737,4697
2024-11-07 01:00,1730941200,1.07365,1.07445,1.07285,1.07335,5156
2024-11-07 02:00,1730944800,1.07335,1.07525,1.0733,1.0752,4249
2024-11-07 03:00,1730948400,1.0752,1.07565,1.0747,1.07555,2127
2024-11-07 04:00,1730952000,1.0755,1.0761,1.075,1.07525,2697
2024-11-07 05:00,1730955600,1.07555,1.07635,1.0753,1.0761,1707
2024-11-07 06:00,1730959200,1.07615,1.0766,1.07555,1.0766,4418
2024-11-07 07:00,1730962800,1.0765,1.07855,1.07605,1.07675,13803
2024-11-07 08:00,1730966400,1.07675,1.07875,1.07645,1.0784,11797
2024-11-07 09:00,1730970000,1.0784,1.07845,1.07615,1.07615,9378
2024-11-07 10:00,1730973600,1.0762,1.0782,1.07615,1.07715,7138
2024-11-07 11:00,1730977200,1.07715,1.07775,1.07675,1.0775,4733
2024-11-07 12:00,1730980800,1.07745,1.07935,1.07725,1.0791,10675
2024-11-07 13:00,1730984400,1.0791,1.081,1.0789,1.0808,28548
2024-11-07 14:00,1730988000,1.0808,1.0832,1.07965,1.0825,29491
2024-11-07 15:00,1730991600,1.0825,1.084,1.08205,1.0827,21614
2024-11-07 16:00,1730995200,1.08265,1.08305,1.08,1.0807,22934
2024-11-07 17:00,1730998800,1.08065,1.08215,1.0803,1.082,8527
2024-11-07 18:00,1731002400,1.08205,1.08225,1.08085,1.08135,6813
2024-11-07 19:00,1731006000,1.0814,1.08195,1.07825,1.07975,34792
2024-11-07 20:00,1731009600,1.07975,1.0825,1.07955,1.0818,9467
2024-11-07 21:00,1731013200,1.08175,1.0819,1.08145,1.0818,2511
2024-11-07 23:00,1731020400,1.0818,1.082,1.081,1.0811,0
2024-11-08 00:00,1731024000,1.0811,1.08125,1.08035,1.08055,3392
2024-11-08 01:00,1731027600,1.0806,1.0807,1.07945,1.08025,3457
2024-11-08 02:00,1731031200,1.08025,1.08055,1.07955,1.07965,3112
2024-11-08 03:00,1731034800,1.0796,1.08045,1.07925,1.07935,1788
2024-11-08 04:00,1731038400,1.07935,1.07995,1.0792,1.0798,1651
2024-11-08 05:00,1731042000,1.07995,1.0802,1.07955,1.0797,1811
2024-11-08 06:00,1731045600,1.07975,1.0799,1.07885,1.07925,3811
2024-11-08 07:00,1731049200,1.0793,1.0798,1.07905,1.0795,5624
2024-11-08 08:00,1731052800,1.0795,1.07985,1.07765,1.0794,15333
2024-11-08 09:00,1731056400,1.0794,1.08045,1.07875,1.07945,7329
2024-11-08 10:00,1731060000,1.0794,1.0795,1.07825,1.07935,5942
2024-11-08 11:00,1731063600,1.0794,1.08125,1.0794,1.07985,7476
2024-11-08 12:00,1731067200,1.07985,1.07995,1.0782,1.07875,12403
2024-11-08 13:00,1731070800,1.07875,1.07875,1.07595,1.0768,22417
2024-11-08 14:00,1731074400,1.07685,1.0781,1.0765,1.07665,17897
2024-11-08 15:00,1731078000,1.0767,1.07695,1.0755,1.0764,25283
2024-11-08 16:00,1731081600,1.07635,1.0766,1.07245,1.0725,22627
2024-11-08 17:00,1731085200,1.0725,1.07285,1.0702,1.0724,29537
2024-11-08 18:00,1731088800,1.07245,1.0734,1.0715,1.07215,9419
2024-11-08 19:00,1731092400,1.07215,1.07305,1.07205,1.0729,6765
2024-11-08 20:00,1731096000,1.0729,1.0735,1.07255,1.0733,7083
2024-11-08 21:00,1731099600,1.0733,1.0737,1.07325,1.07345,2928
2024-11-10 23:00,1731279600,1.07245,1.0732,1.0723,1.0728,3607
2024-11-11 00:00,1731283200,1.0728,1.0734,1.07235,1.07325,5306
2024-11-11 01:00,1731286800,1.0732,1.0743,1.0731,1.0735,4538
2024-11-11 02:00,1731290400,1.0735,1.07405,1.07345,1.0738,3839
2024-11-11 03:00,1731294000,1.07375,1.07425,1.073,1.0732,2153
2024-11-11 04:00,1731297600,1.07315,1.07315,1.0723,1.07285,3570
2024-11-11 05:00,1731301200,1.0729,1.0734,1.07265,1.07325,2294
2024-11-11 06:00,1731304800,1.0733,1.0736,1.07275,1.07355,2754
2024-11-11 07:00,1731308400,1.07355,1.0737,1.07005,1.07045,15554
2024-11-11 08:00,1731312000,1.0705,1.07095,1.0693,1.0702,15877
2024-11-11 09:00,1731315600,1.0702,1.07045,1.0683,1.06965,15410
2024-11-11 10:00,1731319200,1.0696,1.07035,1.0686,1.0687,8872
2024-11-11 11:00,1731322800,1.06865,1.06865,1.06705,1.06775,16616
2024-11-11 12:00,1731326400,1.06775,1.06795,1.06665,1.06675,11154
2024-11-11 13:00,1731330000,1.0667,1.067,1.06515,1.06625,23962
2024-11-11 14:00,1731333600,1.0663,1.0672,1.06435,1.06575,25772
2024-11-11 15:00,1731337200,1.06575,1.06655,1.0651,1.0662,25593
2024-11-11 16:00,1731340800,1.0662,1.0669,1.06595,1.0667,13204
2024-11-11 17:00,1731344400,1.06665,1.0671,1.06595,1.0664,9128
2024-11-11 18:00,1731348000,1.06635,1.06665,1.06605,1.0665,4314
2024-11-11 19:00,1731351600,1.0665,1.0672,1.0664,1.06655,7366
2024-11-11 20:00,1731355200,1.06655,1.0671,1.06655,1.06705,4859
2024-11-11 21:00,1731358800,1.067,1.06725,1.06695,1.06705,1253
2024-11-11 23:00,1731366000,1.0671,1.06775,1.0668,1.06775,0
2024-11-12 00:00,1731369600,1.0677,1.06775,1.06685,1.06725,2106
2024-11-12 01:00,1731373200,1.06725,1.0674,1.0662,1.0663,3806
2024-11-12 02:00,1731376800,1.06625,1.06665,1.06565,1.0658,6011
2024-11-12 03:00,1731380400,1.0658,1.06635,1.06525,1.0653,2410
2024-11-12 04:00,1731384000,1.06525,1.066,1.06525,1.06585,2692
2024-11-12 05:00,1731387600,1.0657,1.06585,1.0654,1.06545,3144
2024-11-12 06:00,1731391200,1.0654,1.0654,1.0644,1.06485,5487
2024-11-12 07:00,1731394800,1.06485,1.06515,1.0636,1.06465,12349
2024-11-12 08:00,1731398400,1.06465,1.06485,1.06315,1.0646,13488
2024-11-12 09:00,1731402000,1.0646,1.06465,1.0631,1.06405,11381
2024-11-12 10:00,1731405600,1.064,1.064,1.06255,1.0632,11204
2024-11-12 11:00,1731409200,1.06325,1.0644,1.06315,1.0633,9431
2024-11-12 12:00,1731412800,1.06335,1.06355,1.06205,1.0634,11330
2024-11-12 13:00,1731416400,1.0634,1.06415,1.06285,1.0637,14888
2024-11-12 14:00,1731420000,1.0637,1.0641,1.0628,1.06315,13423
2024-11-12 15:00,1731423600,1.0632,1.06325,1.06155,1.0623,19324
2024-11-12 16:00,1731427200,1.06225,1.063,1.061,1.0612,24725
2024-11-12 17:00,1731430800,1.06125,1.06225,1.0609,1.06205,11263
2024-11-12 18:00,1731434400,1.0621,1.06315,1.06205,1.06305,8329
2024-11-12 19:00,1731438000,1.063,1.06325,1.06265,1.0627,6700
2024-11-12 20:00,1731441600,1.0627,1.0638,1.06235,1.06365,9301
2024-11-12 21:00,1731445200,1.06365,1.0641,1.0636,1.06375,3662
2024-11-12 23:00,1731452400,1.06355,1.0636,1.0628,1.06305,0
2024-11-13 00:00,1731456000,1.06305,1.06305,1.0625,1.0627,2771
2024-11-13 01:00,1731459600,1.06265,1.0643,1.0626,1.0642,6307
2024-11-13 02:00,1731463200,1.0642,1.0643,1.06355,1.064,3216
2024-11-13 03:00,1731466800,1.064,1.06415,1.0632,1.0633,1929
2024-11-13 04:00,1731470400,1.06325,1.06365,1.06315,1.06325,1093
2024-11-13 05:00,1731474000,1.0631,1.0631,1.06235,1.0627,2464
2024-11-13 06:00,1731477600,1.0627,1.06305,1.06215,1.0627,4077
2024-11-13 07:00,1731481200,1.0627,1.06285,1.06165,1.06165,7672
2024-11-13 08:00,1731484800,1.06165,1.06275,1.06075,1.06255,14481
2024-11-13 09:00,1731488400,1.06255,1.0644,1.0622,1.06405,16946
2024-11-13 10:00,1731492000,1.06405,1.0642,1.06255,1.06285,9629
2024-11-13 11:00,1731495600,1.06285,1.0652,1.06235,1.0651,15854
2024-11-13 12:00,1731499200,1.06515,1.0657,1.06385,1.06455,15842
2024-11-13 13:00,1731502800,1.06455,1.0669,1.06375,1.0651,43902
2024-11-13 14:00,1731506400,1.06505,1.06525,1.059,1.05995,43379
2024-11-13 15:00,1731510000,1.05995,1.06075,1.05695,1.06025,51066
2024-11-13 16:00,1731513600,1.06025,1.0606,1.05765,1.058,20929
2024-11-13 17:00,1731517200,1.05805,1.05915,1.0575,1.05825,13013
2024-11-13 18:00,1731520800,1.0583,1.05835,1.05705,1.0573,11994
2024-11-13 19:00,1731524400,1.05725,1.059,1.05705,1.0579,10888
2024-11-13 20:00,1731528000,1.05795,1.05825,1.05725,1.05755,7951
2024-11-13 21:00,1731531600,1.0576,1.05805,1.0575,1.05765,4063
2024-11-13 23:00,1731538800,1.0577,1.05785,1.0574,1.05775,0
2024-11-14 00:00,1731542400,1.05785,1.05815,1.0575,1.0578,2297
2024-11-14 01:00,1731546000,1.05775,1.05775,1.05635,1.05685,5247
2024-11-14 02:00,1731549600,1.05685,1.05705,1.056,1.0562,4400
2024-11-14 03:00,1731553200,1.0562,1.0568,1.0558,1.05605,2978
2024-11-14 04:00,1731556800,1.05605,1.0563,1.0558,1.05615,1866
2024-11-14 05:00,1731560400,1.0556,1.05595,1.0546,1.05595,6629
2024-11-14 06:00,1731564000,1.05595,1.0567,1.0555,1.05575,5335
2024-11-14 07:00,1731567600,1.0558,1.0567,1.05535,1.05635,7849
2024-11-14 08:00,1731571200,1.05635,1.05705,1.05445,1.05485,13224
2024-11-14 09:00,1731574800,1.05485,1.05545,1.05305,1.0533,14455
2024-11-14 10:00,1731578400,1.0533,1.05335,1.0514,1.0524,15979
2024-11-14 11:00,1731582000,1.0524,1.05465,1.05085,1.05415,23575
2024-11-14 12:00,1731585600,1.05415,1.05575,1.05355,1.05485,15508
2024-11-14 13:00,1731589200,1.0548,1.0556,1.05265,1.0543,32803
2024-11-14 14:00,1731592800,1.05425,1.0581,1.0542,1.05655,37321
2024-11-14 15:00,1731596400,1.05655,1.05905,1.05655,1.05875,26988
2024-11-14 16:00,1731600000,1.0587,1.05955,1.0573,1.05745,14467
2024-11-14 17:00,1731603600,1.0574,1.0576,1.05675,1.05715,11260
2024-11-14 18:00,1731607200,1.0572,1.05735,1.05585,1.05595,6860
2024-11-14 19:00,1731610800,1.05595,1.0564,1.0556,1.056,6826
2024-11-14 20:00,1731614400,1.05605,1.0563,1.0524,1.0533,27894
2024-11-14 21:00,1731618000,1.05325,1.05425,1.05315,1.05425,2707
2024-11-14 23:00,1731625200,1.0543,1.05435,1.0538,1.0541,0
2024-11-15 00:00,1731628800,1.0541,1.05455,1.0535,1.05425,3292
2024-11-15 01:00,1731632400,1.05425,1.05535,1.054,1.05435,3401
2024-11-15 02:00,1731636000,1.0544,1.0555,1.0544,1.0553,2407
2024-11-15 03:00,1731639600,1.0553,1.0558,1.0551,1.05525,2300
2024-11-15 04:00,1731643200,1.0552,1.05585,1.0551,1.05545,1252
2024-11-15 05:00,1731646800,1.0553,1.0555,1.0551,1.05525,1191
2024-11-15 06:00,1731650400,1.0552,1.05735,1.0546,1.0566,7806
2024-11-15 07:00,1731654000,1.05655,1.0576,1.0563,1.0568,7507
2024-11-15 08:00,1731657600,1.05685,1.05835,1.0564,1.0582,18015
2024-11-15 09:00,1731661200,1.05815,1.059,1.0573,1.0574,13073
2024-11-15 10:00,1731664800,1.0574,1.05895,1.0571,1.05865,8001
2024-11-15 11:00,1731668400,1.0586,1.0592,1.05825,1.0589,8984
2024-11-15 12:00,1731672000,1.0589,1.0591,1.0576,1.0588,7759
2024-11-15 13:00,1731675600,1.0588,1.06055,1.05665,1.05705,34526
2024-11-15 14:00,1731679200,1.057,1.05755,1.05355,1.05435,30564
2024-11-15 15:00,1731682800,1.0544,1.0554,1.0537,1.0547,22440
2024-11-15 16:00,1731686400,1.05465,1.05635,1.0545,1.0563,19333
2024-11-15 17:00,1731690000,1.0563,1.0572,1.0559,1.05605,10411
2024-11-15 18:00,1731693600,1.0561,1.05665,1.05505,1.05635,5017
2024-11-15 19:00,1731697200,1.0564,1.0564,1.0548,1.0549,6956
2024-11-15 20:00,1731700800,1.0549,1.05495,1.05285,1.054,10045
2024-11-15 21:00,1731704400,1.05395,1.0554,1.0535,1.0553,5480
2024-11-17 23:00,1731884400,1.05495,1.05495,1.0544,1.0547,1965
2024-11-18 00:00,1731888000,1.05475,1.0561,1.05445,1.05605,4803
2024-11-18 01:00,1731891600,1.056,1.0562,1.055,1.0554,3411
2024-11-18 02:00,1731895200,1.05535,1.0558,1.05495,1.0553,1898
2024-11-18 03:00,1731898800,1.0553,1.0556,1.05415,1.05455,1762
2024-11-18 04:00,1731902400,1.0546,1.0554,1.05455,1.0553,1334
2024-11-18 05:00,1731906000,1.0552,1.05555,1.0547,1.05495,2417
2024-11-18 06:00,1731909600,1.05495,1.0559,1.0548,1.05545,3306
2024-11-18 07:00,1731913200,1.05545,1.056,1.05495,1.05585,7465
2024-11-18 08:00,1731916800,1.0559,1.05675,1.0553,1.05585,8447
2024-11-18 09:00,1731920400,1.0558,1.0583,1.0555,1.0578,11370
2024-11-18 10:00,1731924000,1.0578,1.05785,1.0557,1.056,7620
2024-11-18 11:00,1731927600,1.056,1.056,1.05445,1.0554,7752
2024-11-18 12:00,1731931200,1.0554,1.056,1.05465,1.05585,8185
2024-11-18 13:00,1731934800,1.0559,1.05805,1.0557,1.05795,12611
2024-11-18 14:00,1731938400,1.05795,1.05865,1.0572,1.0581,13418
2024-11-18 15:00,1731942000,1.0581,1.05875,1.05725,1.0585,14575
2024-11-18 16:00,1731945600,1.0585,1.05975,1.0577,1.05975,12065
2024-11-18 17:00,1731949200,1.05975,1.0604,1.05915,1.0603,9721
2024-11-18 18:00,1731952800,1.06025,1.06095,1.05985,1.06085,8730
2024-11-18 19:00,1731956400,1.0609,1.0619,1.06005,1.06025,13871
2024-11-18 20:00,1731960000,1.06025,1.0608,1.06005,1.06045,6231
2024-11-18 21:00,1731963600,1.06035,1.0612,1.0602,1.061,5708
2024-11-18 23:00,1731970800,1.06115,1.06115,1.0604,1.06055,0
2024-11-19 00:00,1731974400,1.06055,1.0606,1.0598,1.06005,3562
2024-11-19 01:00,1731978000,1.06005,1.0607,1.06,1.0604,2863
2024-11-19 02:00,1731981600,1.0604,1.06075,1.06,1.0603,2673
2024-11-19 03:00,1731985200,1.0603,1.0612,1.06025,1.0608,2060
2024-11-19 04:00,1731988800,1.0608,1.0612,1.05975,1.05975,2170
2024-11-19 05:00,1731992400,1.0598,1.05995,1.05935,1.0595,2510
2024-11-19 06:00,1731996000,1.0595,1.0607,1.05945,1.0604,3547
2024-11-19 07:00,1731999600,1.0604,1.0606,1.05855,1.05885,9969
2024-11-19 08:00,1732003200,1.0589,1.0599,1.05735,1.05825,16849
2024-11-19 09:00,1732006800,1.05825,1.05895,1.05345,1.0561,37991
2024-11-19 10:00,1732010400,1.05605,1.05805,1.0555,1.05725,12039
2024-11-19 11:00,1732014000,1.05725,1.0576,1.05605,1.0573,7013
2024-11-19 12:00,1732017600,1.05735,1.05835,1.0571,1.05835,7890
2024-11-19 13:00,1732021200,1.05835,1.06085,1.05825,1.05885,26539
2024-11-19 14:00,1732024800,1.0588,1.0607,1.0581,1.0584,19254
2024-11-19 15:00,1732028400,1.0584,1.06125,1.05765,1.0598,21652
2024-11-19 16:00,1732032000,1.0598,1.06045,1.05825,1.0589,13966
2024-11-19 17:00,1732035600,1.05885,1.06005,1.0588,1.05925,7076
2024-11-19 18:00,1732039200,1.0591,1.06015,1.05825,1.0601,4651
2024-11-19 19:00,1732042800,1.06015,1.06065,1.0595,1.06045,5542
2024-11-19 20:00,1732046400,1.0605,1.06095,1.06025,1.06045,3796
2024-11-19 21:00,1732050000,1.06045,1.06085,1.0604,1.06065,1573
2024-11-19 23:00,1732057200,1.0608,1.06185,1.06065,1.0618,0
2024-11-20 00:00,1732060800,1.0618,1.06205,1.061,1.061,2541
2024-11-20 01:00,1732064400,1.06105,1.06145,1.06065,1.0611,2241
2024-11-20 02:00,1732068000,1.0611,1.06145,1.06065,1.0607,2520
2024-11-20 03:00,1732071600,1.0607,1.06095,1.0599,1.06005,1613
2024-11-20 04:00,1732075200,1.0601,1.06055,1.05985,1.0604,1155
2024-11-20 05:00,1732078800,1.06035,1.06055,1.05975,1.0598,1809
2024-11-20 06:00,1732082400,1.0598,1.06065,1.0594,1.05985,3481
2024-11-20 07:00,1732086000,1.0598,1.0606,1.05875,1.05895,12250
2024-11-20 08:00,1732089600,1.059,1.059,1.05715,1.0575,9895
2024-11-20 09:00,1732093200,1.0575,1.05765,1.0564,1.05665,8372
2024-11-20 10:00,1732096800,1.05665,1.0572,1.05565,1.056,9092
2024-11-20 11:00,1732100400,1.05595,1.05675,1.05535,1.05655,7656
2024-11-20 12:00,1732104000,1.05655,1.0579,1.05625,1.05695,9786
2024-11-20 13:00,1732107600,1.05695,1.0574,1.0562,1.05675,10052
2024-11-20 14:00,1732111200,1.05675,1.0568,1.05335,1.05355,22220
2024-11-20 15:00,1732114800,1.0536,1.05485,1.05255,1.05325,19516
2024-11-20 16:00,1732118400,1.05325,1.05355,1.05175,1.0531,22280
2024-11-20 17:00,1732122000,1.05305,1.0547,1.05265,1.0543,8601
2024-11-20 18:00,1732125600,1.0543,1.05475,1.05365,1.05465,8925
2024-11-20 19:00,1732129200,1.0547,1.05535,1.05465,1.05505,4737
2024-11-20 20:00,1732132800,1.05505,1.05505,1.0547,1.055,2780
2024-11-20 21:00,1732136400,1.05495,1.05555,1.05485,1.05545,1483
2024-11-20 23:00,1732143600,1.05535,1.0556,1.05525,1.0556,0
2024-11-21 00:00,1732147200,1.05555,1.05575,1.0552,1.0556,2172
2024-11-21 01:00,1732150800,1.05555,1.05595,1.05545,1.05555,1532
2024-11-21 02:00,1732154400,1.05555,1.056,1.05555,1.0559,1357
2024-11-21 03:00,1732158000,1.05595,1.0563,1.0557,1.05625,879
2024-11-21 04:00,1732161600,1.0563,1.05645,1.05585,1.05615,1210
2024-11-21 05:00,1732165200,1.0559,1.056,1.0556,1.05565,1404
2024-11-21 06:00,1732168800,1.05565,1.05645,1.05515,1.0555,3371
2024-11-21 07:00,1732172400,1.05545,1.05575,1.05395,1.05455,11872
2024-11-21 08:00,1732176000,1.05465,1.0553,1.0534,1.05505,9032
2024-11-21 09:00,1732179600,1.055,1.05505,1.05235,1.05265,12859
2024-11-21 10:00,1732183200,1.05265,1.05385,1.05235,1.05305,9485
2024-11-21 11:00,1732186800,1.05305,1.0541,1.0526,1.05295,8570
2024-11-21 12:00,1732190400,1.053,1.05455,1.0527,1.05365,8558
2024-11-21 13:00,1732194000,1.0537,1.05495,1.0525,1.05425,18251
2024-11-21 14:00,1732197600,1.05425,1.05455,1.05305,1.05445,15896
2024-11-21 15:00,1732201200,1.0545,1.05545,1.0519,1.052,20805
2024-11-21 16:00,1732204800,1.052,1.05245,1.0481,1.04835,46724
2024-11-21 17:00,1732208400,1.0484,1.04975,1.04715,1.04965,21988
2024-11-21 18:00,1732212000,1.04965,1.0499,1.04875,1.04955,5359
2024-11-21 19:00,1732215600,1.04955,1.0497,1.0483,1.04945,8215
2024-11-21 20:00,1732219200,1.04935,1.04965,1.0487,1.0488,7388
2024-11-21 21:00,1732222800,1.04885,1.04905,1.0481,1.0484,3131
2024-11-21 23:00,1732230000,1.0484,1.04865,1.0477,1.0478,0
2024-11-22 00:00,1732233600,1.0478,1.04845,1.04755,1.04845,2867
2024-11-22 01:00,1732237200,1.0485,1.04865,1.04785,1.04805,2396
2024-11-22 02:00,1732240800,1.04805,1.04825,1.0476,1.0482,1906
2024-11-22 03:00,1732244400,1.0482,1.0488,1.04815,1.0484,1473
2024-11-22 04:00,1732248000,1.0484,1.0485,1.04785,1.04835,835
2024-11-22 05:00,1732251600,1.04795,1.04795,1.04705,1.0474,2720
2024-11-22 06:00,1732255200,1.04735,1.04795,1.0473,1.04785,3114
2024-11-22 07:00,1732258800,1.0479,1.04985,1.04715,1.04955,10256
2024-11-22 08:00,1732262400,1.04955,1.05085,1.04505,1.0453,34158
2024-11-22 09:00,1732266000,1.0453,1.04565,1.03905,1.04115,89168
2024-11-22 10:00,1732269600,1.04115,1.0447,1.0394,1.0439,29409
2024-11-22 11:00,1732273200,1.0439,1.04395,1.0417,1.04255,13891
2024-11-22 12:00,1732276800,1.0426,1.04285,1.0407,1.04165,14502
2024-11-22 13:00,1732280400,1.0417,1.04435,1.04155,1.04385,16232
2024-11-22 14:00,1732284000,1.04385,1.0444,1.041,1.0413,23517
2024-11-22 15:00,1732287600,1.04145,1.04295,1.0404,1.04195,26883
2024-11-22 16:00,1732291200,1.04195,1.0421,1.04015,1.04075,15806
2024-11-22 17:00,1732294800,1.04075,1.04295,1.04075,1.0428,10268
2024-11-22 18:00,1732298400,1.04275,1.0434,1.04235,1.04255,6225
2024-11-22 19:00,1732302000,1.04255,1.04275,1.04175,1.042,6075
2024-11-22 20:00,1732305600,1.042,1.0427,1.04165,1.0424,5583
2024-11-22 21:00,1732309200,1.04235,1.0429,1.0422,1.0429,2477
2024-11-24 23:00,1732489200,1.046,1.05125,1.0451,1.0489,11019
2024-11-25 00:00,1732492800,1.04875,1.0494,1.0482,1.049,6981
2024-11-25 01:00,1732496400,1.04895,1.0499,1.0483,1.0487,5202
2024-11-25 02:00,1732500000,1.04865,1.04985,1.04835,1.0496,4772
2024-11-25 03:00,1732503600,1.0496,1.04975,1.04845,1.04865,2829
2024-11-25 04:00,1732507200,1.04865,1.049,1.04835,1.04865,1283
2024-11-25 05:00,1732510800,1.0488,1.04915,1.04835,1.0488,1717
2024-11-25 06:00,1732514400,1.0488,1.04985,1.0484,1.0492,5344
2024-11-25 07:00,1732518000,1.0492,1.04925,1.04585,1.04595,11787
2024-11-25 08:00,1732521600,1.04595,1.04755,1.04575,1.04745,13533
2024-11-25 09:00,1732525200,1.04735,1.0506,1.04715,1.04985,17631
2024-11-25 10:00,1732528800,1.0498,1.05055,1.04925,1.0495,8815
2024-11-25 11:00,1732532400,1.0495,1.0499,1.0484,1.04885,5963
2024-11-25 12:00,1732536000,1.04885,1.0502,1.0483,1.0497,7256
2024-11-25 13:00,1732539600,1.0498,1.05395,1.0497,1.05375,36337
2024-11-25 14:00,1732543200,1.05375,1.0539,1.05135,1.0517,22957
2024-11-25 15:00,1732546800,1.0517,1.05285,1.0495,1.04975,33110
2024-11-25 16:00,1732550400,1.0497,1.05035,1.04755,1.04865,23047
2024-11-25 17:00,1732554000,1.04865,1.04955,1.04775,1.0495,11541
2024-11-25 18:00,1732557600,1.04945,1.0517,1.04945,1.0516,9625
2024-11-25 19:00,1732561200,1.05165,1.05195,1.051,1.05145,8237
2024-11-25 20:00,1732564800,1.0514,1.0518,1.05,1.0501,10572
2024-11-25 21:00,1732568400,1.0501,1.0506,1.05,1.05045,3443
2024-11-25 23:00,1732575600,1.0503,1.05085,1.04505,1.0452,0
2024-11-26 00:00,1732579200,1.0452,1.04655,1.0433,1.04425,14792
2024-11-26 01:00,1732582800,1.0442,1.0473,1.0438,1.0462,7967
2024-11-26 02:00,1732586400,1.0462,1.04725,1.04595,1.04685,5760
2024-11-26 03:00,1732590000,1.0468,1.04875,1.0466,1.04855,4776
2024-11-26 04:00,1732593600,1.04855,1.0498,1.04845,1.04875,2513
2024-11-26 05:00,1732597200,1.0487,1.04885,1.0482,1.0483,2711
2024-11-26 06:00,1732600800,1.0483,1.04915,1.0482,1.0484,3398
2024-11-26 07:00,1732604400,1.04845,1.04935,1.048,1.048,11160
2024-11-26 08:00,1732608000,1.048,1.05045,1.04775,1.0499,10445
2024-11-26 09:00,1732611600,1.0499,1.0527,1.04985,1.0515,18527
2024-11-26 10:00,1732615200,1.0515,1.05285,1.05135,1.0525,11522
2024-11-26 11:00,1732618800,1.05245,1.0529,1.0513,1.05215,8386
2024-11-26 12:00,1732622400,1.0521,1.05525,1.05175,1.0532,24907
2024-11-26 13:00,1732626000,1.0532,1.05345,1.05075,1.05115,23234
2024-11-26 14:00,1732629600,1.05115,1.05145,1.0498,1.051,18113
2024-11-26 15:00,1732633200,1.0511,1.0518,1.04865,1.04875,28168
2024-11-26 16:00,1732636800,1.0488,1.0494,1.04715,1.04875,27599
2024-11-26 17:00,1732640400,1.04875,1.04885,1.04725,1.04785,7564
2024-11-26 18:00,1732644000,1.04785,1.04825,1.0465,1.0473,7437
2024-11-26 19:00,1732647600,1.04735,1.04885,1.04655,1.04805,15064
2024-11-26 20:00,1732651200,1.0481,1.049,1.0479,1.04885,7367
2024-11-26 21:00,1732654800,1.0488,1.0498,1.0488,1.0497,3354
2024-11-26 23:00,1732662000,1.0497,1.05,1.04935,1.0499,0
2024-11-27 00:00,1732665600,1.05,1.05045,1.04965,1.04975,3274
2024-11-27 01:00,1732669200,1.0497,1.05005,1.04925,1.0494,3503
2024-11-27 02:00,1732672800,1.04945,1.0496,1.04895,1.04935,1408
2024-11-27 03:00,1732676400,1.04935,1.0494,1.04855,1.04905,1880
2024-11-27 04:00,1732680000,1.04905,1.0492,1.04855,1.04865,917
2024-11-27 05:00,1732683600,1.0487,1.04885,1.04825,1.0485,1529
2024-11-27 06:00,1732687200,1.0485,1.0494,1.04835,1.0488,3695
2024-11-27 07:00,1732690800,1.0488,1.0513,1.04875,1.0506,9899
2024-11-27 08:00,1732694400,1.0506,1.05485,1.0504,1.0522,27934
2024-11-27 09:00,1732698000,1.0522,1.05265,1.0517,1.0524,17213
2024-11-27 10:00,1732701600,1.0524,1.0538,1.05205,1.05355,9904
2024-11-27 11:00,1732705200,1.0535,1.0538,1.0518,1.0534,8239
2024-11-27 12:00,1732708800,1.0534,1.0546,1.05275,1.0536,11835
2024-11-27 13:00,1732712400,1.05365,1.05815,1.0535,1.05805,36844
2024-11-27 14:00,1732716000,1.05805,1.0587,1.05565,1.05645,33498
2024-11-27 15:00,1732719600,1.0565,1.0588,1.0541,1.05785,34759
2024-11-27 16:00,1732723200,1.05785,1.0593,1.05625,1.0582,25917
2024-11-27 17:00,1732726800,1.05825,1.0596,1.05795,1.0584,10549
2024-11-27 18:00,1732730400,1.05845,1.05865,1.05735,1.05745,5608
2024-11-27 19:00,1732734000,1.0574,1.0579,1.05685,1.05705,6247
2024-11-27 20:00,1732737600,1.05705,1.05745,1.0567,1.05735,6357
2024-11-27 21:00,1732741200,1.05735,1.0576,1.05705,1.05745,2095
2024-11-27 23:00,1732748400,1.0574,1.0576,1.0567,1.05685,0
2024-11-28 00:00,1732752000,1.05685,1.05685,1.05575,1.0559,3877
2024-11-28 01:00,1732755600,1.0558,1.0569,1.0554,1.0563,4114
2024-11-28 02:00,1732759200,1.0564,1.05675,1.05575,1.05635,2308
2024-11-28 03:00,1732762800,1.05635,1.0564,1.05565,1.05585,1337
2024-11-28 04:00,1732766400,1.0559,1.0564,1.05555,1.056,1457
2024-11-29 14:30,1732890600,1.0569,1.0571,1.05515,1.0559,9461
2024-11-29 15:30,1732894200,1.05595,1.05735,1.0552,1.05675,18033
2024-11-29 16:30,1732897800,1.05675,1.0569,1.0547,1.0553,16050
2024-11-29 17:30,1732901400,1.05525,1.05745,1.055,1.05735,10588
2024-11-29 18:00,1732903200,1.0573,1.05845,1.0573,1.05735,0
2024-12-01 23:00,1733094000,1.0575,1.0575,1.05395,1.05495,8527
2024-12-02 00:00,1733097600,1.055,1.0552,1.05365,1.05415,4315
2024-12-02 01:00,1733101200,1.05415,1.0545,1.05335,1.0536,3864
2024-12-02 02:00,1733104800,1.05355,1.05375,1.05255,1.0531,4024
2024-12-02 03:00,1733108400,1.0531,1.0533,1.05255,1.05295,1862
2024-12-02 04:00,1733112000,1.05295,1.05345,1.0525,1.05295,2135
2024-12-02 05:00,1733115600,1.05295,1.0534,1.05205,1.05275,2259
2024-12-02 06:00,1733119200,1.05275,1.05415,1.0527,1.0538,3790
2024-12-02 07:00,1733122800,1.0539,1.0543,1.05075,1.05085,14148
2024-12-02 08:00,1733126400,1.05085,1.0518,1.0502,1.0508,19483
2024-12-02 09:00,1733130000,1.05075,1.05245,1.05075,1.05195,11177
2024-12-02 10:00,1733133600,1.0519,1.05295,1.05115,1.0527,13904
2024-12-02 11:00,1733137200,1.0527,1.05345,1.05255,1.05285,7831
2024-12-02 12:00,1733140800,1.05285,1.0544,1.05,1.0506,17185
2024-12-02 13:00,1733144400,1.05065,1.052,1.0502,1.0511,19907
2024-12-02 14:00,1733148000,1.05115,1.05205,1.04775,1.0479,28275
2024-12-02 15:00,1733151600,1.0479,1.04865,1.04675,1.0475,32813
2024-12-02 16:00,1733155200,1.04745,1.0503,1.04665,1.0489,28056
2024-12-02 17:00,1733158800,1.0489,1.05045,1.04855,1.04925,9158
2024-12-02 18:00,1733162400,1.04935,1.04985,1.049,1.0495,6296
2024-12-02 19:00,1733166000,1.04955,1.05,1.0493,1.0496,9499
2024-12-02 20:00,1733169600,1.0496,1.05215,1.0494,1.05055,19200
2024-12-02 21:00,1733173200,1.05055,1.0508,1.05025,1.05045,2820
2024-12-02 23:00,1733180400,1.05035,1.05075,1.05015,1.05065,0
2024-12-03 00:00,1733184000,1.0506,1.05075,1.0494,1.04965,5229
2024-12-03 01:00,1733187600,1.0497,1.05025,1.049,1.04935,4605
2024-12-03 02:00,1733191200,1.04935,1.04975,1.0488,1.04945,4769
2024-12-03 03:00,1733194800,1.04945,1.05,1.0492,1.04955,2261
2024-12-03 04:00,1733198400,1.04955,1.04965,1.049,1.049,1700
2024-12-03 05:00,1733202000,1.049,1.0498,1.0488,1.0497,1700
2024-12-03 06:00,1733205600,1.0497,1.05,1.0489,1.0493,2859
2024-12-03 07:00,1733209200,1.04935,1.0517,1.04915,1.05035,9472
2024-12-03 08:00,1733212800,1.0503,1.05335,1.0503,1.0531,16615
2024-12-03 09:00,1733216400,1.05305,1.0536,1.0522,1.05255,12047
2024-12-03 10:00,1733220000,1.0526,1.0535,1.05175,1.052,12059
2024-12-03 11:00,1733223600,1.052,1.0533,1.05195,1.0528,6083
2024-12-03 12:00,1733227200,1.0528,1.053,1.0512,1.0513,9547
2024-12-03 13:00,1733230800,1.05135,1.0532,1.05115,1.0529,13468
2024-12-03 14:00,1733234400,1.05295,1.05345,1.05225,1.05245,12004
2024-12-03 15:00,1733238000,1.05245,1.05245,1.04975,1.0522,33585
2024-12-03 16:00,1733241600,1.0522,1.05245,1.05085,1.05225,11104
2024-12-03 17:00,1733245200,1.0523,1.05355,1.0514,1.05335,16933
2024-12-03 18:00,1733248800,1.05335,1.05405,1.05305,1.0533,9543
2024-12-03 19:00,1733252400,1.0533,1.05345,1.05095,1.051,7988
2024-12-03 20:00,1733256000,1.051,1.0518,1.0508,1.0514,5246
2024-12-03 21:00,1733259600,1.0514,1.05175,1.0512,1.0515,1825
2024-12-03 23:00,1733266800,1.0515,1.0516,1.05105,1.05145,0
2024-12-04 00:00,1733270400,1.0514,1.05165,1.0502,1.0504,2319
2024-12-04 01:00,1733274000,1.05045,1.05175,1.05015,1.0511,3505
2024-12-04 02:00,1733277600,1.05115,1.0513,1.0503,1.0505,2233
2024-12-04 03:00,1733281200,1.05055,1.05055,1.0493,1.04985,3606
2024-12-04 04:00,1733284800,1.0498,1.0518,1.0496,1.05165,3565
2024-12-04 05:00,1733288400,1.0515,1.05255,1.05145,1.052,2251
2024-12-04 06:00,1733292000,1.052,1.05335,1.05155,1.05275,4149
2024-12-04 07:00,1733295600,1.05275,1.05315,1.05125,1.0514,8857
2024-12-04 08:00,1733299200,1.0514,1.052,1.04955,1.04965,15040
2024-12-04 09:00,1733302800,1.04965,1.0511,1.04885,1.05075,15111
2024-12-04 10:00,1733306400,1.0508,1.0514,1.0501,1.05045,9449
2024-12-04 11:00,1733310000,1.0504,1.05175,1.05025,1.051,7119
2024-12-04 12:00,1733313600,1.05095,1.051,1.04925,1.0496,8927
2024-12-04 13:00,1733317200,1.0496,1.0502,1.0484,1.0488,23345
2024-12-04 14:00,1733320800,1.0488,1.05035,1.0477,1.0497,17049
2024-12-04 15:00,1733324400,1.05,1.0549,1.05,1.05345,48063
2024-12-04 16:00,1733328000,1.05345,1.05415,1.0525,1.0532,14459
2024-12-04 17:00,1733331600,1.0532,1.0547,1.05295,1.05415,8758
2024-12-04 18:00,1733335200,1.0542,1.05435,1.0519,1.0521,9408
2024-12-04 19:00,1733338800,1.05205,1.05345,1.05125,1.0519,21930
2024-12-04 20:00,1733342400,1.05185,1.0522,1.05095,1.05175,7969
2024-12-04 21:00,1733346000,1.0518,1.05205,1.0513,1.0516,3132
2024-12-04 23:00,1733353200,1.05145,1.0519,1.05115,1.0516,0
2024-12-05 00:00,1733356800,1.0516,1.0519,1.0512,1.05175,2953
2024-12-05 01:00,1733360400,1.0518,1.052,1.0513,1.05155,4641
2024-12-05 02:00,1733364000,1.0516,1.0526,1.05145,1.0523,2102
2024-12-05 03:00,1733367600,1.05235,1.05265,1.05195,1.0526,1506
2024-12-05 04:00,1733371200,1.05265,1.0529,1.0521,1.0521,1427
2024-12-05 05:00,1733374800,1.05235,1.05325,1.05235,1.053,2300
2024-12-05 06:00,1733378400,1.053,1.05335,1.05265,1.05295,2520
2024-12-05 07:00,1733382000,1.05295,1.0542,1.05285,1.0539,9434
2024-12-05 08:00,1733385600,1.05385,1.055,1.0533,1.0534,10318
2024-12-05 09:00,1733389200,1.0534,1.05385,1.0525,1.0532,10083
2024-12-05 10:00,1733392800,1.0532,1.05385,1.05285,1.053,11927
2024-12-05 11:00,1733396400,1.0529,1.05415,1.05265,1.054,5723
2024-12-05 12:00,1733400000,1.054,1.05425,1.05275,1.054,10046
2024-12-05 13:00,1733403600,1.054,1.0572,1.0537,1.0571,27734
2024-12-05 14:00,1733407200,1.0571,1.05935,1.0569,1.0579,30405
2024-12-05 15:00,1733410800,1.05795,1.05835,1.05545,1.05755,26341
2024-12-05 16:00,1733414400,1.0576,1.05825,1.0568,1.0574,14121
2024-12-05 17:00,1733418000,1.0574,1.0578,1.05615,1.0571,7291
2024-12-05 18:00,1733421600,1.0571,1.0573,1.05605,1.05715,5598
2024-12-05 19:00,1733425200,1.0572,1.0593,1.0572,1.0591,13951
2024-12-05 20:00,1733428800,1.05915,1.05915,1.05845,1.0588,9613
2024-12-05 21:00,1733432400,1.05875,1.05925,1.05855,1.05895,5101
2024-12-05 23:00,1733439600,1.059,1.0591,1.0587,1.05895,0
2024-12-06 00:00,1733443200,1.05895,1.05895,1.05795,1.05805,2161
2024-12-06 01:00,1733446800,1.05805,1.05815,1.0569,1.0572,3997
2024-12-06 02:00,1733450400,1.0572,1.05815,1.0572,1.058,2226
2024-12-06 03:00,1733454000,1.05805,1.05835,1.0576,1.0579,1954
2024-12-06 04:00,1733457600,1.05795,1.05805,1.0576,1.0578,862
2024-12-06 05:00,1733461200,1.0574,1.0577,1.0572,1.05755,1378
2024-12-06 06:00,1733464800,1.0575,1.0581,1.0572,1.0578,2347
2024-12-06 07:00,1733468400,1.0578,1.05875,1.05705,1.0587,8149
2024-12-06 08:00,1733472000,1.05865,1.0598,1.058,1.0585,8981
2024-12-06 09:00,1733475600,1.05855,1.05865,1.05745,1.05805,8008
2024-12-06 10:00,1733479200,1.0581,1.05885,1.05745,1.0586,9790
2024-12-06 11:00,1733482800,1.0586,1.05925,1.058,1.05905,7703
2024-12-06 12:00,1733486400,1.05905,1.05915,1.0584,1.05845,12210
2024-12-06 13:00,1733490000,1.05845,1.06335,1.05825,1.06075,60372
2024-12-06 14:00,1733493600,1.0608,1.06105,1.0571,1.05825,48818
2024-12-06 15:00,1733497200,1.0582,1.0582,1.05475,1.0567,37256
2024-12-06 16:00,1733500800,1.05665,1.0579,1.05575,1.05655,17818
2024-12-06 17:00,1733504400,1.05655,1.05655,1.05505,1.0554,9006
2024-12-06 18:00,1733508000,1.0554,1.05645,1.05495,1.0553,7244
2024-12-06 19:00,1733511600,1.0553,1.05585,1.05455,1.05575,6175
2024-12-06 20:00,1733515200,1.0558,1.05675,1.0557,1.05665,7843
2024-12-06 21:00,1733518800,1.0567,1.05725,1.05645,1.0571,2208
2024-12-08 23:00,1733698800,1.05655,1.0572,1.05625,1.05685,3005
2024-12-09 00:00,1733702400,1.0569,1.0569,1.05585,1.05625,2877
2024-12-09 01:00,1733706000,1.05635,1.05635,1.0554,1.05555,2537
2024-12-09 02:00,1733709600,1.05555,1.05595,1.05535,1.05575,1715
2024-12-09 03:00,1733713200,1.0558,1.05595,1.054,1.05405,3099
2024-12-09 04:00,1733716800,1.054,1.0543,1.0535,1.0538,3781
2024-12-09 05:00,1733720400,1.0538,1.05415,1.05365,1.054,2299
2024-12-09 06:00,1733724000,1.054,1.0548,1.05395,1.05475,3110
2024-12-09 07:00,1733727600,1.0547,1.0569,1.0544,1.0567,16621
2024-12-09 08:00,1733731200,1.05675,1.05735,1.05595,1.05705,12210
2024-12-09 09:00,1733734800,1.05705,1.0578,1.05645,1.0569,13938
2024-12-09 10:00,1733738400,1.05695,1.05885,1.05695,1.05835,18260
2024-12-09 11:00,1733742000,1.0583,1.0588,1.05705,1.05715,8770
2024-12-09 12:00,1733745600,1.05715,1.0574,1.0561,1.05685,12682
2024-12-09 13:00,1733749200,1.0569,1.05805,1.0561,1.0579,17126
2024-12-09 14:00,1733752800,1.0579,1.0588,1.05745,1.05815,20775
2024-12-09 15:00,1733756400,1.05815,1.0596,1.0575,1.0594,39358
2024-12-09 16:00,1733760000,1.05935,1.05975,1.05715,1.0573,20654
2024-12-09 17:00,1733763600,1.05735,1.05775,1.0569,1.057,8552
2024-12-09 18:00,1733767200,1.05695,1.05705,1.0563,1.05665,6632
2024-12-09 19:00,1733770800,1.05665,1.0567,1.05545,1.0558,11847
2024-12-09 20:00,1733774400,1.05585,1.05605,1.055,1.05525,10651
2024-12-09 21:00,1733778000,1.0553,1.0558,1.0553,1.0556,2319
2024-12-09 23:00,1733785200,1.0559,1.05595,1.0555,1.0557,0
2024-12-10 00:00,1733788800,1.0557,1.0557,1.05515,1.05555,2287
2024-12-10 01:00,1733792400,1.05555,1.0556,1.05475,1.05555,2243
2024-12-10 02:00,1733796000,1.0556,1.0564,1.0554,1.0556,2963
2024-12-10 03:00,1733799600,1.0556,1.056,1.05515,1.0559,2884
2024-12-10 04:00,1733803200,1.0559,1.05625,1.05585,1.056,6098
2024-12-10 05:00,1733806800,1.056,1.0565,1.05565,1.05645,7262
2024-12-10 06:00,1733810400,1.05645,1.05705,1.0564,1.05695,14960
2024-12-10 07:00,1733814000,1.0569,1.0569,1.05495,1.05515,17804
2024-12-10 08:00,1733817600,1.05515,1.0554,1.05405,1.05405,19159
2024-12-10 09:00,1733821200,1.054,1.0541,1.0525,1.0534,36293
2024-12-10 10:00,1733824800,1.05335,1.05405,1.05285,1.0531,26656
2024-12-10 11:00,1733828400,1.0531,1.05355,1.0527,1.0534,34303
2024-12-10 12:00,1733832000,1.0534,1.05365,1.05225,1.05335,23302
2024-12-10 13:00,1733835600,1.05335,1.0534,1.0518,1.05255,28103
2024-12-10 14:00,1733839200,1.0526,1.0534,1.0522,1.0522,25416
2024-12-10 15:00,1733842800,1.05225,1.05285,1.0501,1.0506,45828
2024-12-10 16:00,1733846400,1.0506,1.0515,1.0502,1.0514,13903
2024-12-10 17:00,1733850000,1.0514,1.05195,1.0507,1.0512,11586
2024-12-10 18:00,1733853600,1.05125,1.0529,1.0511,1.0528,15677
2024-12-10 19:00,1733857200,1.05275,1.0534,1.0527,1.05295,9908
2024-12-10 20:00,1733860800,1.0529,1.0533,1.0526,1.0529,7790
2024-12-10 21:00,1733864400,1.05285,1.05315,1.0526,1.0529,1805
2024-12-10 23:00,1733871600,1.0529,1.05345,1.0529,1.0533,0
2024-12-11 00:00,1733875200,1.05335,1.05345,1.05295,1.05315,1314
2024-12-11 01:00,1733878800,1.05315,1.05375,1.05305,1.0537,3122
2024-12-11 02:00,1733882400,1.0537,1.05415,1.05355,1.0539,1638
2024-12-11 03:00,1733886000,1.05395,1.05395,1.053,1.05305,2210
2024-12-11 04:00,1733889600,1.053,1.05325,1.05225,1.0527,2215
2024-12-11 05:00,1733893200,1.0527,1.05295,1.0523,1.05265,1523
2024-12-11 06:00,1733896800,1.05265,1.053,1.0525,1.0528,2457
2024-12-11 07:00,1733900400,1.0528,1.05305,1.049,1.0492,19912
2024-12-11 08:00,1733904000,1.0492,1.05145,1.0492,1.0508,13959
2024-12-11 09:00,1733907600,1.05075,1.0512,1.0499,1.05025,33456
2024-12-11 10:00,1733911200,1.0502,1.05035,1.0489,1.0497,32093
2024-12-11 11:00,1733914800,1.0497,1.05075,1.0492,1.05055,22920
2024-12-11 12:00,1733918400,1.05055,1.05205,1.0502,1.0505,26075
2024-12-11 13:00,1733922000,1.05055,1.05395,1.0505,1.05265,79049
2024-12-11 14:00,1733925600,1.0526,1.05315,1.04955,1.05035,47984
2024-12-11 15:00,1733929200,1.0503,1.051,1.0482,1.0493,42400
2024-12-11 16:00,1733932800,1.04925,1.0514,1.0487,1.05105,51967
2024-12-11 17:00,1733936400,1.051,1.0514,1.04885,1.04895,13860
2024-12-11 18:00,1733940000,1.049,1.05025,1.04855,1.04865,13605
2024-12-11 19:00,1733943600,1.04865,1.0496,1.04835,1.04935,21561
2024-12-11 20:00,1733947200,1.04935,1.0497,1.049,1.04945,6812
2024-12-11 21:00,1733950800,1.04945,1.04995,1.0494,1.0498,3602
2024-12-11 23:00,1733958000,1.0499,1.05075,1.04975,1.05065,0
2024-12-12 00:00,1733961600,1.0506,1.05095,1.0503,1.05065,2883
2024-12-12 01:00,1733965200,1.05065,1.05095,1.05045,1.0507,2011
2024-12-12 02:00,1733968800,1.0507,1.0508,1.0503,1.05045,1721
2024-12-12 03:00,1733972400,1.05045,1.05095,1.05015,1.05065,1338
2024-12-12 04:00,1733976000,1.0506,1.051,1.05055,1.05095,1295
2024-12-12 05:00,1733979600,1.05065,1.05085,1.05045,1.05075,1755
2024-12-12 06:00,1733983200,1.05075,1.0515,1.0505,1.05145,2247
2024-12-12 07:00,1733986800,1.05145,1.05315,1.05135,1.05175,13728
2024-12-12 08:00,1733990400,1.0517,1.05215,1.05055,1.051,37679
2024-12-12 09:00,1733994000,1.051,1.05185,1.0506,1.0511,33588
2024-12-12 10:00,1733997600,1.05105,1.0515,1.04965,1.04975,22328
2024-12-12 11:00,1734001200,1.04975,1.05085,1.04955,1.05035,15423
2024-12-12 12:00,1734004800,1.05035,1.05045,1.04895,1.04895,21034
2024-12-12 13:00,1734008400,1.049,1.0503,1.047,1.04855,49217
2024-12-12 14:00,1734012000,1.0486,1.05215,1.0473,1.052,41330
2024-12-12 15:00,1734015600,1.05205,1.0522,1.04645,1.04735,42569
2024-12-12 16:00,1734019200,1.04735,1.05165,1.04725,1.0514,26698
2024-12-12 17:00,1734022800,1.05145,1.0518,1.0496,1.0501,9896
2024-12-12 18:00,1734026400,1.0502,1.0503,1.0483,1.04835,22385
2024-12-12 19:00,1734030000,1.04835,1.0486,1.0473,1.0473,13223
2024-12-12 20:00,1734033600,1.04735,1.04755,1.04655,1.04685,9832
2024-12-12 21:00,1734037200,1.0468,1.0473,1.04645,1.04665,2876
2024-12-12 23:00,1734044400,1.04675,1.04745,1.04645,1.04745,0
2024-12-13 00:00,1734048000,1.04745,1.0481,1.0471,1.048,1001
2024-12-13 01:00,1734051600,1.04805,1.0481,1.04645,1.04655,1108
2024-12-13 02:00,1734055200,1.04655,1.0467,1.04605,1.0461,1088
2024-12-13 03:00,1734058800,1.04615,1.04655,1.046,1.04605,685
2024-12-13 04:00,1734062400,1.046,1.0464,1.04565,1.0464,536
2024-12-13 05:00,1734066000,1.0463,1.04655,1.0461,1.04655,936
2024-12-13 06:00,1734069600,1.04655,1.04665,1.04575,1.0466,628
2024-12-13 07:00,1734073200,1.0466,1.0466,1.04535,1.046,2591
2024-12-13 08:00,1734076800,1.04595,1.0472,1.0457,1.0469,9841
2024-12-13 09:00,1734080400,1.04685,1.0537,1.0467,1.053,40038
2024-12-13 10:00,1734084000,1.05305,1.05395,1.0484,1.05305,0
2024-12-13 11:00,1734087600,1.053,1.05375,1.0487,1.0532,10098
2024-12-13 12:00,1734091200,1.0532,1.05625,1.04885,1.05165,4714
2024-12-13 13:00,1734094800,1.0559,1.05675,1.05095,1.05535,77765
2024-12-13 14:00,1734098400,1.05105,1.05535,1.0489,1.05335,20558
2024-12-13 15:00,1734102000,1.04905,1.0539,1.04825,1.0532,30083
2024-12-13 16:00,1734105600,1.0489,1.0549,1.04875,1.0541,20371
2024-12-13 17:00,1734109200,1.0541,1.05475,1.0493,1.05395,8822
2024-12-13 18:00,1734112800,1.05395,1.05415,1.04905,1.0539,4507
2024-12-13 19:00,1734116400,1.0539,1.0546,1.0492,1.0538,6420
2024-12-13 20:00,1734120000,1.0538,1.05405,1.0493,1.05405,3241
2024-12-13 21:00,1734123600,1.054,1.05475,1.0496,1.0503,2892
2024-12-15 23:00,1734303600,1.05405,1.05535,1.0494,1.05525,2006
2024-12-16 00:00,1734307200,1.0552,1.05615,1.051,1.0557,5639
2024-12-16 01:00,1734310800,1.05575,1.0564,1.0515,1.05615,3700
2024-12-16 02:00,1734314400,1.05615,1.0566,1.0511,1.0555,3293
2024-12-16 03:00,1734318000,1.05555,1.05575,1.051,1.05545,1316
2024-12-16 04:00,1734321600,1.0555,1.0559,1.0512,1.05585,1436
2024-12-16 05:00,1734325200,1.05585,1.05645,1.0519,1.0562,1832
2024-12-16 06:00,1734328800,1.0562,1.0563,1.05125,1.0556,1907
2024-12-16 07:00,1734332400,1.05565,1.05635,1.0505,1.05475,5580
2024-12-16 08:00,1734336000,1.0547,1.05675,1.0501,1.05515,14794
2024-12-16 09:00,1734339600,1.0552,1.0562,1.05045,1.0548,7974
2024-12-16 10:00,1734343200,1.0548,1.05495,1.049,1.0532,7315
2024-12-16 11:00,1734346800,1.0532,1.05355,1.04865,1.05335,5629
2024-12-16 12:00,1734350400,1.05335,1.0543,1.04905,1.0534,8443
2024-12-16 13:00,1734354000,1.0535,1.05515,1.04965,1.05505,11149
2024-12-16 14:00,1734357600,1.05505,1.0551,1.0476,1.0525,19031
2024-12-16 15:00,1734361200,1.05255,1.0556,1.04835,1.05495,20075
2024-12-16 16:00,1734364800,1.0549,1.0556,1.0538,1.0554,11025
2024-12-16 17:00,1734368400,1.05545,1.0563,1.05485,1.05545,7772
2024-12-16 18:00,1734372000,1.05535,1.0564,1.05485,1.05635,5194
2024-12-16 19:00,1734375600,1.0563,1.0565,1.05495,1.0553,7150
2024-12-16 20:00,1734379200,1.0553,1.05545,1.05495,1.0551,3565
2024-12-16 21:00,1734382800,1.05505,1.0558,1.0549,1.05545,3034
2024-12-16 23:00,1734390000,1.0553,1.05605,1.05525,1.0559,0
2024-12-17 00:00,1734393600,1.05595,1.0577,1.05575,1.0571,5385
2024-12-17 01:00,1734397200,1.05715,1.0572,1.05615,1.0564,2988
2024-12-17 02:00,1734400800,1.0564,1.05695,1.05595,1.05595,2710
2024-12-17 03:00,1734404400,1.05595,1.05625,1.0554,1.0555,1374
2024-12-17 04:00,1734408000,1.0555,1.0555,1.05505,1.0551,1022
2024-12-17 05:00,1734411600,1.05505,1.05525,1.0545,1.0547,1813
2024-12-17 06:00,1734415200,1.0548,1.05505,1.054,1.05455,4513
2024-12-17 07:00,1734418800,1.05455,1.0552,1.05375,1.054,6953
2024-12-17 08:00,1734422400,1.054,1.05425,1.05275,1.05315,10099
2024-12-17 09:00,1734426000,1.05315,1.05315,1.05225,1.0529,9017
2024-12-17 10:00,1734429600,1.05285,1.0534,1.05215,1.05305,8787
2024-12-17 11:00,1734433200,1.053,1.05365,1.05265,1.05335,6292
2024-12-17 12:00,1734436800,1.0534,1.0544,1.05305,1.05435,7088
2024-12-17 13:00,1734440400,1.05435,1.0549,1.05335,1.05475,12064
2024-12-17 14:00,1734444000,1.05475,1.0553,1.05405,1.0547,13903
2024-12-17 15:00,1734447600,1.0547,1.05515,1.0538,1.05415,16179
2024-12-17 16:00,1734451200,1.05415,1.05485,1.0537,1.0547,15014
2024-12-17 17:00,1734454800,1.0547,1.05585,1.05405,1.05425,15796
2024-12-17 18:00,1734458400,1.05425,1.0547,1.05325,1.0536,7856
2024-12-17 19:00,1734462000,1.05365,1.0538,1.05305,1.05315,4625
2024-12-17 20:00,1734465600,1.05305,1.0533,1.0528,1.0531,4309
2024-12-17 21:00,1734469200,1.05305,1.05355,1.0529,1.0533,1958
2024-12-17 23:00,1734476400,1.05335,1.05375,1.05335,1.05365,0
2024-12-18 00:00,1734480000,1.05365,1.05445,1.05345,1.0541,3440
2024-12-18 01:00,1734483600,1.0541,1.05445,1.0537,1.0544,1950
2024-12-18 02:00,1734487200,1.0544,1.05455,1.0538,1.05425,2749
2024-12-18 03:00,1734490800,1.05425,1.0545,1.054,1.0541,883
2024-12-18 04:00,1734494400,1.0541,1.0548,1.0538,1.0545,1799
2024-12-18 05:00,1734498000,1.05425,1.05465,1.0542,1.0544,1355
2024-12-18 06:00,1734501600,1.0544,1.0554,1.05435,1.0553,2745
2024-12-18 07:00,1734505200,1.05525,1.05545,1.0536,1.0539,8800
2024-12-18 08:00,1734508800,1.0538,1.0541,1.05295,1.05355,8872
2024-12-18 09:00,1734512400,1.0535,1.0541,1.05335,1.05365,5474
2024-12-18 10:00,1734516000,1.05365,1.05425,1.0531,1.05405,5865
2024-12-18 11:00,1734519600,1.05405,1.0546,1.0537,1.0539,5144
2024-12-18 12:00,1734523200,1.0539,1.0544,1.0528,1.0533,7164
2024-12-18 13:00,1734526800,1.0533,1.0541,1.0525,1.0534,10846
2024-12-18 14:00,1734530400,1.0534,1.05455,1.05295,1.0539,15965
2024-12-18 15:00,1734534000,1.05385,1.05415,1.05125,1.0516,18670
2024-12-18 16:00,1734537600,1.05155,1.0523,1.0509,1.0511,13139
2024-12-18 17:00,1734541200,1.0511,1.0522,1.05105,1.05165,6678
2024-12-18 18:00,1734544800,1.0517,1.05345,1.0516,1.05285,9467
2024-12-18 19:00,1734548400,1.05275,1.05275,1.04145,1.04185,63164
2024-12-18 20:00,1734552000,1.04185,1.04215,1.03845,1.0406,40172
2024-12-18 21:00,1734555600,1.0406,1.04175,1.0389,1.03935,12698
2024-12-18 23:00,1734562800,1.0388,1.04005,1.03875,1.03905,0
2024-12-19 00:00,1734566400,1.0391,1.042,1.039,1.0413,8130
2024-12-19 01:00,1734570000,1.04135,1.04205,1.04115,1.0418,4941
2024-12-19 02:00,1734573600,1.04185,1.04305,1.04125,1.043,5067
2024-12-19 03:00,1734577200,1.043,1.0431,1.04145,1.0419,3742
2024-12-19 04:00,1734580800,1.04185,1.0422,1.0415,1.04195,2078
2024-12-19 05:00,1734584400,1.04205,1.04255,1.04165,1.0422,2665
2024-12-19 06:00,1734588000,1.0422,1.04285,1.04175,1.04255,4289
2024-12-19 07:00,1734591600,1.0425,1.04495,1.0425,1.0435,16015
2024-12-19 08:00,1734595200,1.0435,1.04495,1.04305,1.0449,16152
2024-12-19 09:00,1734598800,1.04485,1.0463,1.0448,1.0453,16960
2024-12-19 10:00,1734602400,1.0453,1.04565,1.04445,1.0446,11628
2024-12-19 11:00,1734606000,1.0446,1.04555,1.044,1.0445,9158
2024-12-19 12:00,1734609600,1.04435,1.0451,1.04315,1.04345,22373
2024-12-19 13:00,1734613200,1.04345,1.04545,1.04265,1.04395,24093
2024-12-19 14:00,1734616800,1.0439,1.04475,1.04345,1.04365,27540
2024-12-19 15:00,1734620400,1.0437,1.04425,1.0417,1.04205,27438
2024-12-19 16:00,1734624000,1.042,1.0425,1.03965,1.0397,20638
2024-12-19 17:00,1734627600,1.0397,1.0417,1.0395,1.0402,14925
2024-12-19 18:00,1734631200,1.0402,1.0416,1.03955,1.0414,9445
2024-12-19 19:00,1734634800,1.0414,1.04175,1.04015,1.04015,9618
2024-12-19 20:00,1734638400,1.0402,1.04095,1.03985,1.0408,7306
2024-12-19 21:00,1734642000,1.0408,1.0408,1.0401,1.0404,3286
2024-12-19 23:00,1734649200,1.0404,1.04055,1.04005,1.0404,0
2024-12-20 00:00,1734652800,1.0404,1.0409,1.04015,1.0405,4009
2024-12-20 01:00,1734656400,1.0405,1.0407,1.0399,1.0403,2665
2024-12-20 02:00,1734660000,1.0403,1.04045,1.03995,1.0403,2214
2024-12-20 03:00,1734663600,1.0403,1.0405,1.03985,1.04015,2053
2024-12-20 04:00,1734667200,1.0402,1.04025,1.0398,1.0398,1654
2024-12-20 05:00,1734670800,1.04005,1.04065,1.03965,1.0406,3099
2024-12-20 06:00,1734674400,1.0406,1.0417,1.03825,1.04145,15556
2024-12-20 07:00,1734678000,1.0415,1.04255,1.0412,1.04225,10288
2024-12-20 08:00,1734681600,1.04225,1.04385,1.0418,1.04325,11867
2024-12-20 09:00,1734685200,1.0432,1.04325,1.0416,1.0423,12625
2024-12-20 10:00,1734688800,1.0423,1.04335,1.04215,1.0432,5832
2024-12-20 11:00,1734692400,1.0432,1.04375,1.042,1.04315,7942
2024-12-20 12:00,1734696000,1.0432,1.04405,1.0428,1.04295,11320
2024-12-20 13:00,1734699600,1.043,1.04605,1.0428,1.0448,30991
2024-12-20 14:00,1734703200,1.04475,1.04495,1.0426,1.0434,25640
2024-12-20 15:00,1734706800,1.0435,1.04475,1.04315,1.0437,21643
2024-12-20 16:00,1734710400,1.0437,1.0476,1.0436,1.04685,23353
2024-12-20 17:00,1734714000,1.0469,1.04855,1.0466,1.0469,16816
2024-12-20 18:00,1734717600,1.04685,1.0483,1.04625,1.0477,9856
2024-12-20 19:00,1734721200,1.04765,1.04875,1.0474,1.0485,9064
2024-12-20 20:00,1734724800,1.04845,1.04875,1.0469,1.0469,9847
2024-12-20 21:00,1734728400,1.0469,1.0474,1.04625,1.0469,4210
2024-12-22 23:00,1734908400,1.04715,1.0483,1.0469,1.04715,2945
2024-12-23 00:00,1734912000,1.04725,1.04755,1.04695,1.04705,2048
2024-12-23 01:00,1734915600,1.0471,1.0477,1.04655,1.04745,2592
2024-12-23 02:00,1734919200,1.0475,1.04815,1.0474,1.0479,3943
2024-12-23 03:00,1734922800,1.0479,1.0481,1.0477,1.0478,1481
2024-12-23 04:00,1734926400,1.04775,1.0484,1.04775,1.04815,3205
2024-12-23 05:00,1734930000,1.04815,1.0483,1.0478,1.0479,1467
2024-12-23 06:00,1734933600,1.04785,1.04805,1.0472,1.04725,2900
2024-12-23 07:00,1734937200,1.04725,1.0476,1.045,1.04515,9608
2024-12-23 08:00,1734940800,1.04515,1.04575,1.0446,1.0457,7716
2024-12-23 09:00,1734944400,1.04565,1.04585,1.0446,1.04465,5767
2024-12-23 10:00,1734948000,1.0447,1.04485,1.04255,1.0429,9125
2024-12-23 11:00,1734951600,1.04285,1.04395,1.04265,1.04385,7447
2024-12-23 12:00,1734955200,1.04385,1.044,1.04245,1.0434,6990
2024-12-23 13:00,1734958800,1.0434,1.04415,1.0427,1.0438,10763
2024-12-23 14:00,1734962400,1.0439,1.04475,1.04305,1.04325,11387
2024-12-23 15:00,1734966000,1.0433,1.0436,1.0423,1.04295,13566
2024-12-23 16:00,1734969600,1.04295,1.04495,1.0428,1.04465,13629
2024-12-23 17:00,1734973200,1.0447,1.04565,1.0436,1.0437,13649
2024-12-23 18:00,1734976800,1.0437,1.04515,1.0437,1.0448,5084
2024-12-23 19:00,1734980400,1.04475,1.0452,1.04385,1.04505,10564
2024-12-23 20:00,1734984000,1.04505,1.04535,1.04425,1.0445,6355
2024-12-23 21:00,1734987600,1.0445,1.0447,1.04435,1.04455,1059
2024-12-23 23:00,1734994800,1.0445,1.04465,1.04415,1.0442,0
2024-12-24 00:00,1734998400,1.0442,1.04425,1.04355,1.04385,1482
2024-12-24 01:00,1735002000,1.0438,1.0443,1.04375,1.04405,1345
2024-12-24 02:00,1735005600,1.0441,1.04465,1.04345,1.04375,2682
2024-12-24 03:00,1735009200,1.04375,1.0438,1.04265,1.0429,2523
2024-12-24 04:00,1735012800,1.0429,1.04345,1.0429,1.0434,1126
2024-12-24 14:30,1735050600,1.044,1.0448,1.0433,1.0443,5800
2024-12-24 15:30,1735054200,1.0443,1.0446,1.0428,1.04295,8074
2024-12-24 16:30,1735057800,1.0429,1.04345,1.0425,1.0425,5461
2024-12-24 17:30,1735061400,1.04255,1.04315,1.0421,1.0426,4911
2024-12-24 18:00,1735063200,1.04265,1.04305,1.04255,1.0427,1472
2024-12-26 05:00,1735189200,1.0437,1.04405,1.0435,1.0435,1060
2024-12-26 06:00,1735192800,1.0435,1.0438,1.04345,1.04355,1111
2024-12-26 07:00,1735196400,1.04355,1.04375,1.04285,1.0435,2190
2024-12-26 08:00,1735200000,1.0435,1.0436,1.043,1.04325,1166
2024-12-26 09:00,1735203600,1.0432,1.0438,1.043,1.04365,1702
2024-12-26 10:00,1735207200,1.04365,1.0441,1.04355,1.0439,1237
2024-12-26 11:00,1735210800,1.04395,1.044,1.0437,1.0439,1159
2024-12-26 12:00,1735214400,1.04385,1.04385,1.04305,1.0437,3361
2024-12-26 13:00,1735218000,1.04375,1.04435,1.0435,1.044,4361
2024-12-26 14:00,1735221600,1.04405,1.04425,1.04325,1.044,5139
2024-12-26 15:00,1735225200,1.04395,1.04535,1.0436,1.0447,9641
2024-12-26 16:00,1735228800,1.0447,1.0461,1.04465,1.04605,5863
2024-12-26 17:00,1735232400,1.046,1.0461,1.04445,1.045,4045
2024-12-26 18:00,1735236000,1.045,1.04685,1.045,1.046,4597
2024-12-26 19:00,1735239600,1.0459,1.0462,1.04525,1.04555,4444
2024-12-26 20:00,1735243200,1.04555,1.046,1.0454,1.0459,2423
2024-12-26 21:00,1735246800,1.0459,1.04615,1.0457,1.0461,1209
2024-12-26 23:00,1735254000,1.0461,1.04675,1.0457,1.04595,0
2024-12-27 00:00,1735257600,1.0459,1.0461,1.04555,1.04555,2112
2024-12-27 01:00,1735261200,1.04555,1.0456,1.045,1.0451,1752
2024-12-27 02:00,1735264800,1.0451,1.0452,1.04455,1.0447,1581
2024-12-27 03:00,1735268400,1.0447,1.04505,1.04445,1.045,1682
2024-12-27 04:00,1735272000,1.04505,1.04505,1.04455,1.04465,988
2024-12-27 05:00,1735275600,1.0446,1.0449,1.04445,1.04465,1315
2024-12-27 06:00,1735279200,1.0447,1.045,1.0445,1.045,1453
2024-12-27 07:00,1735282800,1.0449,1.04625,1.04425,1.0459,12331
2024-12-27 08:00,1735286400,1.0459,1.0464,1.04485,1.04505,8444
2024-12-27 09:00,1735290000,1.04505,1.0456,1.0447,1.0455,7709
2024-12-27 10:00,1735293600,1.0454,1.04595,1.0449,1.04565,5399
2024-12-27 11:00,1735297200,1.0456,1.0478,1.0456,1.0476,11978
2024-12-27 12:00,1735300800,1.04765,1.0482,1.0467,1.047,8818
2024-12-27 13:00,1735304400,1.04695,1.0476,1.0466,1.0476,9152
2024-12-27 14:00,1735308000,1.0476,1.0477,1.0462,1.0464,9245
2024-12-27 15:00,1735311600,1.0464,1.0473,1.0453,1.04595,20253
2024-12-27 16:00,1735315200,1.04595,1.047,1.04585,1.046,10952
2024-12-27 17:00,1735318800,1.04595,1.04605,1.04525,1.04585,8701
2024-12-27 18:00,1735322400,1.04585,1.04665,1.0458,1.0464,4686
2024-12-27 19:00,1735326000,1.04635,1.0468,1.0461,1.0466,5129
2024-12-27 20:00,1735329600,1.0466,1.0466,1.04605,1.04635,3760
2024-12-27 21:00,1735333200,1.0463,1.04635,1.0459,1.04615,1479
2024-12-29 23:00,1735513200,1.04645,1.0471,1.04625,1.04645,1303
2024-12-30 00:00,1735516800,1.0465,1.04665,1.0461,1.04625,2061
2024-12-30 01:00,1735520400,1.0463,1.04665,1.04605,1.04605,1526
2024-12-30 02:00,1735524000,1.0461,1.0463,1.04595,1.0461,1278
2024-12-30 03:00,1735527600,1.0461,1.0461,1.04565,1.046,1145
2024-12-30 04:00,1735531200,1.046,1.04615,1.04595,1.0461,926
2024-12-30 05:00,1735534800,1.04605,1.0462,1.04585,1.04605,1292
2024-12-30 06:00,1735538400,1.0461,1.0467,1.0461,1.0464,2424
2024-12-30 07:00,1735542000,1.04645,1.0465,1.0457,1.04625,4080
2024-12-30 08:00,1735545600,1.0462,1.0465,1.0445,1.04485,6995
2024-12-30 09:00,1735549200,1.0448,1.04745,1.04465,1.0469,8431
2024-12-30 10:00,1735552800,1.0469,1.04795,1.0468,1.04735,6542
2024-12-30 11:00,1735556400,1.04735,1.04875,1.0472,1.0483,9685
2024-12-30 12:00,1735560000,1.0483,1.04935,1.0474,1.0484,9346
2024-12-30 13:00,1735563600,1.04845,1.0487,1.042,1.0423,22727
2024-12-30 14:00,1735567200,1.0423,1.0444,1.04145,1.04395,28445
2024-12-30 15:00,1735570800,1.04395,1.0441,1.04065,1.0415,23417
2024-12-30 16:00,1735574400,1.04155,1.0426,1.04095,1.042,17083
2024-12-30 17:00,1735578000,1.0421,1.043,1.0419,1.04285,7085
2024-12-30 18:00,1735581600,1.0429,1.04415,1.04285,1.0439,7005
2024-12-30 19:00,1735585200,1.04395,1.044,1.04305,1.04315,6786
2024-12-30 20:00,1735588800,1.0431,1.044,1.043,1.0434,3515
2024-12-30 21:00,1735592400,1.04335,1.0442,1.0433,1.04415,1709
2024-12-30 23:00,1735599600,1.0441,1.0441,1.04335,1.044,0
2024-12-31 00:00,1735603200,1.04405,1.04405,1.04315,1.0438,1447
2024-12-31 01:00,1735606800,1.0438,1.0448,1.04365,1.0447,4951
2024-12-31 02:00,1735610400,1.04465,1.045,1.04425,1.04475,2885
2024-12-31 03:00,1735614000,1.04475,1.0448,1.0442,1.0443,1244
2024-12-31 04:00,1735617600,1.0443,1.04435,1.04385,1.0439,785
2024-12-31 05:00,1735621200,1.0441,1.04425,1.0437,1.0438,757
2024-12-31 06:00,1735624800,1.0439,1.0441,1.04345,1.04385,1753
2024-12-31 07:00,1735628400,1.04385,1.04475,1.0437,1.04465,3180
2024-12-31 08:00,1735632000,1.04465,1.04545,1.04405,1.0453,6607
2024-12-31 09:00,1735635600,1.04525,1.04585,1.0446,1.0453,6315
2024-12-31 10:00,1735639200,1.04535,1.04545,1.04395,1.0447,7265
2024-12-31 11:00,1735642800,1.0447,1.0453,1.04395,1.04445,4240
2024-12-31 12:00,1735646400,1.0445,1.04485,1.04255,1.0427,7283
2024-12-31 13:00,1735650000,1.04275,1.0432,1.0418,1.0428,8617
2024-12-31 14:00,1735653600,1.04275,1.0429,1.0409,1.04105,11705
2024-12-31 15:00,1735657200,1.041,1.04235,1.03865,1.03895,20256
2024-12-31 16:00,1735660800,1.03895,1.03955,1.03815,1.03845,12775
2024-12-31 17:00,1735664400,1.03845,1.0389,1.0378,1.03825,9297
2024-12-31 18:00,1735668000,1.03825,1.03905,1.03795,1.03865,4316
2024-12-31 19:00,1735671600,1.03865,1.03985,1.03855,1.03885,5092
2024-12-31 20:00,1735675200,1.0389,1.0397,1.03885,1.0392,3382
2024-12-31 21:00,1735678800,1.03925,1.0395,1.03875,1.0388,1877
2025-01-02 05:00,1735794000,1.03995,1.04,1.0395,1.0397,2077
2025-01-02 06:00,1735797600,1.03965,1.03975,1.0393,1.0397,2186
2025-01-02 07:00,1735801200,1.0397,1.0405,1.03955,1.03955,5035
2025-01-02 08:00,1735804800,1.03955,1.04035,1.0379,1.0395,11380
2025-01-02 09:00,1735808400,1.03955,1.0403,1.0382,1.03845,6586
2025-01-02 10:00,1735812000,1.03845,1.03895,1.03465,1.03495,20480
2025-01-02 11:00,1735815600,1.0349,1.0367,1.03475,1.03645,9669
2025-01-02 12:00,1735819200,1.0365,1.0367,1.0347,1.0351,9830
2025-01-02 13:00,1735822800,1.0351,1.03625,1.03435,1.0346,29642
2025-01-02 14:00,1735826400,1.0346,1.03565,1.03345,1.03365,16636
2025-01-02 15:00,1735830000,1.03365,1.03415,1.0305,1.0307,36819
2025-01-02 16:00,1735833600,1.03065,1.0309,1.0256,1.0293,56856
2025-01-02 17:00,1735837200,1.0293,1.03,1.02835,1.0297,15952
2025-01-02 18:00,1735840800,1.02975,1.02985,1.0288,1.02885,6429
2025-01-02 19:00,1735844400,1.0289,1.0293,1.028,1.02835,12545
2025-01-02 20:00,1735848000,1.0283,1.02965,1.0283,1.02935,7410
2025-01-02 21:00,1735851600,1.02935,1.0302,1.02935,1.02995,4504
2025-01-02 23:00,1735858800,1.0297,1.03005,1.02965,1.02995,0
2025-01-03 00:00,1735862400,1.02995,1.03055,1.02975,1.0305,1656
2025-01-03 01:00,1735866000,1.03045,1.03045,1.02985,1.02995,2026
2025-01-03 02:00,1735869600,1.0299,1.03065,1.0299,1.0304,2624
2025-01-03 03:00,1735873200,1.03045,1.0306,1.03005,1.03025,1126
2025-01-03 04:00,1735876800,1.03025,1.03025,1.02985,1.03015,925
2025-01-03 05:00,1735880400,1.02995,1.0305,1.02965,1.03035,1597
2025-01-03 06:00,1735884000,1.0304,1.0311,1.03035,1.03105,2762
2025-01-03 07:00,1735887600,1.03105,1.03165,1.03005,1.03125,9847
2025-01-03 08:00,1735891200,1.0313,1.032,1.0305,1.03125,9017
2025-01-03 09:00,1735894800,1.0312,1.0332,1.0312,1.0322,10670
2025-01-03 10:00,1735898400,1.03225,1.03255,1.0311,1.0313,6890
2025-01-03 11:00,1735902000,1.03135,1.0335,1.03135,1.033,7594
2025-01-03 12:00,1735905600,1.0329,1.0333,1.03265,1.03275,8084
2025-01-03 13:00,1735909200,1.0328,1.0332,1.03235,1.0325,14795
2025-01-03 14:00,1735912800,1.0325,1.0335,1.03195,1.03325,13766
2025-01-03 15:00,1735916400,1.0332,1.0338,1.0305,1.0321,29363
2025-01-03 16:00,1735920000,1.03205,1.03315,1.0315,1.03225,13374
2025-01-03 17:00,1735923600,1.0323,1.0338,1.03225,1.03295,9418
2025-01-03 18:00,1735927200,1.033,1.03345,1.03245,1.03295,5387
2025-01-03 19:00,1735930800,1.0329,1.0338,1.03255,1.0333,6654
2025-01-03 20:00,1735934400,1.0333,1.03395,1.03305,1.0337,4681
2025-01-03 21:00,1735938000,1.0337,1.03415,1.0336,1.034,2526
2025-01-05 23:00,1736118000,1.03345,1.03395,1.0333,1.03365,1581
2025-01-06 00:00,1736121600,1.03365,1.03365,1.0327,1.0334,2666
2025-01-06 01:00,1736125200,1.0334,1.0345,1.0333,1.03435,2753
2025-01-06 02:00,1736128800,1.0343,1.0349,1.0342,1.0347,3105
2025-01-06 03:00,1736132400,1.03475,1.035,1.0344,1.03475,1674
2025-01-06 04:00,1736136000,1.03475,1.03485,1.03445,1.03465,741
2025-01-06 05:00,1736139600,1.03465,1.03495,1.034,1.03405,3649
2025-01-06 06:00,1736143200,1.034,1.0348,1.0339,1.0344,3230
2025-01-06 07:00,1736146800,1.0344,1.03595,1.0341,1.03585,6435
2025-01-06 08:00,1736150400,1.0359,1.0384,1.03575,1.03815,14582
2025-01-06 09:00,1736154000,1.03815,1.04,1.0372,1.0387,22491
2025-01-06 10:00,1736157600,1.03875,1.03895,1.03665,1.0367,8530
2025-01-06 11:00,1736161200,1.03665,1.0464,1.03605,1.04535,52009
2025-01-06 12:00,1736164800,1.04535,1.04625,1.04235,1.04425,20274
2025-01-06 13:00,1736168400,1.0443,1.04685,1.0436,1.04485,22086
2025-01-06 14:00,1736172000,1.0449,1.0455,1.0384,1.0424,47502
2025-01-06 15:00,1736175600,1.04245,1.04305,1.0403,1.04235,21037
2025-01-06 16:00,1736179200,1.0422,1.0434,1.0417,1.04285,19822
2025-01-06 17:00,1736182800,1.0428,1.04285,1.0411,1.0419,7316
2025-01-06 18:00,1736186400,1.0419,1.04205,1.04085,1.04135,5357
2025-01-06 19:00,1736190000,1.0413,1.04235,1.04105,1.042,5994
2025-01-06 20:00,1736193600,1.042,1.04235,1.0417,1.0419,2726
2025-01-06 21:00,1736197200,1.0419,1.04235,1.04175,1.04215,1830
2025-01-06 23:00,1736204400,1.042,1.04215,1.0413,1.0414,0
2025-01-07 00:00,1736208000,1.04145,1.0416,1.0408,1.0415,2803
2025-01-07 01:00,1736211600,1.0415,1.04155,1.04075,1.0412,2456
2025-01-07 02:00,1736215200,1.0412,1.04165,1.0411,1.04135,1620
2025-01-07 03:00,1736218800,1.04135,1.0424,1.04115,1.04235,1630
2025-01-07 04:00,1736222400,1.04235,1.0425,1.04215,1.0423,1192
2025-01-07 05:00,1736226000,1.0423,1.0434,1.0423,1.04275,3235
2025-01-07 06:00,1736229600,1.04275,1.04355,1.0427,1.0428,3451
2025-01-07 07:00,1736233200,1.04285,1.04555,1.04285,1.0446,12728
2025-01-07 08:00,1736236800,1.04455,1.0456,1.0434,1.0456,10154
2025-01-07 09:00,1736240400,1.04565,1.0465,1.0455,1.0459,7718
2025-01-07 10:00,1736244000,1.04585,1.04655,1.0448,1.0459,9648
2025-01-07 11:00,1736247600,1.04585,1.0459,1.0436,1.04445,6944
2025-01-07 12:00,1736251200,1.04445,1.04475,1.0418,1.042,12899
2025-01-07 13:00,1736254800,1.04205,1.04365,1.0418,1.04275,12803
2025-01-07 14:00,1736258400,1.04275,1.04285,1.042,1.0425,9062
2025-01-07 15:00,1736262000,1.0424,1.0424,1.0386,1.04035,34645
2025-01-07 16:00,1736265600,1.04035,1.04125,1.03935,1.0399,21669
2025-01-07 17:00,1736269200,1.0399,1.0405,1.0385,1.0398,12504
2025-01-07 18:00,1736272800,1.0398,1.04005,1.03805,1.03855,7138
2025-01-07 19:00,1736276400,1.0385,1.03905,1.03835,1.0386,4849
2025-01-07 20:00,1736280000,1.0386,1.0387,1.0375,1.03755,5186
2025-01-07 21:00,1736283600,1.0375,1.03755,1.03705,1.03715,1972
2025-01-07 23:00,1736290800,1.0373,1.0376,1.03695,1.03725,0
2025-01-08 00:00,1736294400,1.0372,1.038,1.0372,1.0377,3169
2025-01-08 01:00,1736298000,1.03775,1.0384,1.0376,1.0383,2984
2025-01-08 02:00,1736301600,1.03835,1.03855,1.0382,1.03845,1594
2025-01-08 03:00,1736305200,1.0384,1.03845,1.0377,1.0378,1512
2025-01-08 04:00,1736308800,1.0378,1.03825,1.0378,1.03815,855
2025-01-08 05:00,1736312400,1.03805,1.03865,1.03805,1.03855,1389
2025-01-08 06:00,1736316000,1.03855,1.0388,1.0377,1.03825,3375
2025-01-08 07:00,1736319600,1.03815,1.0382,1.0359,1.0363,8589
2025-01-08 08:00,1736323200,1.0363,1.037,1.03485,1.03495,11743
2025-01-08 09:00,1736326800,1.0349,1.03565,1.03455,1.035,6161
2025-01-08 10:00,1736330400,1.035,1.0352,1.0341,1.035,5647
2025-01-08 11:00,1736334000,1.03495,1.035,1.03035,1.0328,26777
2025-01-08 12:00,1736337600,1.03285,1.03315,1.03115,1.03135,14592
2025-01-08 13:00,1736341200,1.0313,1.0335,1.03115,1.03335,22289
2025-01-08 14:00,1736344800,1.03335,1.0338,1.03195,1.0322,13511
2025-01-08 15:00,1736348400,1.0322,1.03405,1.0322,1.03325,13891
2025-01-08 16:00,1736352000,1.0332,1.03455,1.03255,1.0343,13393
2025-01-08 17:00,1736355600,1.0343,1.03435,1.03285,1.0336,8888
2025-01-08 18:00,1736359200,1.0336,1.03465,1.0336,1.0344,7768
2025-01-08 19:00,1736362800,1.03435,1.0355,1.03385,1.034,10063
2025-01-08 20:00,1736366400,1.03395,1.0347,1.03385,1.03465,4435
2025-01-08 21:00,1736370000,1.03465,1.03505,1.03455,1.0349,2160
2025-01-08 23:00,1736377200,1.0348,1.03485,1.03425,1.03425,0
2025-01-09 00:00,1736380800,1.0343,1.03445,1.03345,1.03425,3154
2025-01-09 01:00,1736384400,1.03425,1.03465,1.0341,1.03435,1769
2025-01-09 02:00,1736388000,1.03435,1.0349,1.03435,1.03455,1370
2025-01-09 03:00,1736391600,1.0346,1.03505,1.034,1.03405,1338
2025-01-09 04:00,1736395200,1.03405,1.03415,1.0335,1.03385,1626
2025-01-09 05:00,1736398800,1.034,1.0342,1.0335,1.0336,1470
2025-01-09 06:00,1736402400,1.03365,1.03375,1.03265,1.03295,3912
2025-01-09 07:00,1736406000,1.033,1.03375,1.03175,1.03205,6943
2025-01-09 08:00,1736409600,1.032,1.0337,1.0313,1.0337,7998
2025-01-09 09:00,1736413200,1.0337,1.0347,1.03325,1.0335,6634
2025-01-09 10:00,1736416800,1.0335,1.03415,1.03285,1.03325,5679
2025-01-09 11:00,1736420400,1.03325,1.0334,1.0326,1.033,5065
2025-01-09 12:00,1736424000,1.03305,1.0335,1.03255,1.03325,4092
2025-01-09 13:00,1736427600,1.0333,1.03485,1.03305,1.03375,8435
2025-01-09 14:00,1736431200,1.03375,1.0344,1.0335,1.0337,5987
2025-01-09 15:00,1736434800,1.03375,1.0339,1.0324,1.0329,10731
2025-01-09 16:00,1736438400,1.0329,1.0331,1.0321,1.0327,5488
2025-01-09 17:00,1736442000,1.03265,1.0331,1.0323,1.03265,3855
2025-01-09 18:00,1736445600,1.03265,1.03315,1.0323,1.03295,2635
2025-01-09 19:00,1736449200,1.033,1.03315,1.03265,1.0327,2372
2025-01-09 20:00,1736452800,1.03275,1.0333,1.03275,1.03305,1479
2025-01-09 21:00,1736456400,1.03305,1.03305,1.0328,1.03295,726
2025-01-09 23:00,1736463600,1.0329,1.03305,1.0325,1.03255,0
2025-01-10 00:00,1736467200,1.03255,1.03295,1.0321,1.03245,3383
2025-01-10 01:00,1736470800,1.0324,1.0333,1.03225,1.0331,2036
2025-01-10 02:00,1736474400,1.03305,1.03325,1.0327,1.03305,1622
2025-01-10 03:00,1736478000,1.03305,1.03325,1.0326,1.03275,1832
2025-01-10 04:00,1736481600,1.03275,1.0329,1.03225,1.03235,1371
2025-01-10 05:00,1736485200,1.03235,1.03265,1.03135,1.0315,3186
2025-01-10 06:00,1736488800,1.0315,1.0317,1.03105,1.03105,3929
2025-01-10 07:00,1736492400,1.03105,1.0326,1.031,1.0326,5393
2025-01-10 08:00,1736496000,1.03255,1.0341,1.03215,1.03315,9928
2025-01-10 09:00,1736499600,1.03315,1.0335,1.03285,1.0329,6421
2025-01-10 10:00,1736503200,1.0329,1.03345,1.03285,1.03315,5106
2025-01-10 11:00,1736506800,1.03315,1.03345,1.0328,1.03305,4193
2025-01-10 12:00,1736510400,1.03305,1.03385,1.0328,1.03345,7813
2025-01-10 13:00,1736514000,1.03345,1.0341,1.02415,1.02855,62171
2025-01-10 14:00,1736517600,1.02855,1.0302,1.0273,1.0282,34865
2025-01-10 15:00,1736521200,1.02805,1.0308,1.02645,1.02795,34062
2025-01-10 16:00,1736524800,1.0279,1.028,1.0256,1.0266,21323
2025-01-10 17:00,1736528400,1.0266,1.0279,1.02615,1.0273,10089
2025-01-10 18:00,1736532000,1.0273,1.02745,1.02645,1.02705,6146
2025-01-10 19:00,1736535600,1.02705,1.02775,1.02635,1.02745,7641
2025-01-10 20:00,1736539200,1.0274,1.02745,1.02655,1.02735,6385
2025-01-10 21:00,1736542800,1.0273,1.02775,1.02725,1.0274,2374
2025-01-12 23:00,1736722800,1.0274,1.02755,1.02675,1.02715,1337
2025-01-13 00:00,1736726400,1.02715,1.02735,1.0265,1.02705,2576
2025-01-13 01:00,1736730000,1.0271,1.02785,1.0268,1.027,2872
2025-01-13 02:00,1736733600,1.027,1.0274,1.0267,1.02685,2219
2025-01-13 03:00,1736737200,1.02685,1.02685,1.02405,1.0244,6507
2025-01-13 04:00,1736740800,1.0244,1.0248,1.0236,1.02405,3220
2025-01-13 05:00,1736744400,1.024,1.02485,1.0239,1.0248,2881
2025-01-13 06:00,1736748000,1.0248,1.02535,1.0243,1.0246,4483
2025-01-13 07:00,1736751600,1.02455,1.02525,1.02355,1.0244,9351
2025-01-13 08:00,1736755200,1.0244,1.02595,1.0242,1.025,11855
2025-01-13 09:00,1736758800,1.02495,1.0252,1.02045,1.02215,27132
2025-01-13 10:00,1736762400,1.0221,1.02355,1.02205,1.02305,10055
2025-01-13 11:00,1736766000,1.023,1.0232,1.02145,1.02245,12806
2025-01-13 12:00,1736769600,1.02245,1.0235,1.02165,1.0231,11399
2025-01-13 13:00,1736773200,1.02315,1.0249,1.02245,1.0237,12806
2025-01-13 14:00,1736776800,1.02365,1.0241,1.0229,1.02365,15258
2025-01-13 15:00,1736780400,1.02365,1.0237,1.0224,1.02255,13211
2025-01-13 16:00,1736784000,1.0225,1.0246,1.022,1.02365,16080
2025-01-13 17:00,1736787600,1.02365,1.0248,1.02355,1.0246,9503
2025-01-13 18:00,1736791200,1.02465,1.025,1.02405,1.02445,5233
2025-01-13 19:00,1736794800,1.02445,1.02445,1.02355,1.02355,7161
2025-01-13 20:00,1736798400,1.0236,1.0246,1.02355,1.02455,4583
2025-01-13 21:00,1736802000,1.02445,1.02755,1.02445,1.02735,8300
2025-01-13 23:00,1736809200,1.0291,1.03055,1.0279,1.0292,0
2025-01-14 00:00,1736812800,1.02915,1.0292,1.0274,1.0276,5185
2025-01-14 01:00,1736816400,1.0276,1.0279,1.02695,1.0277,4099
2025-01-14 02:00,1736820000,1.0277,1.0278,1.02665,1.0273,2334
2025-01-14 03:00,1736823600,1.02725,1.02835,1.0272,1.0277,1808
2025-01-14 04:00,1736827200,1.02765,1.02835,1.02735,1.0279,1238
2025-01-14 05:00,1736830800,1.02745,1.028,1.02705,1.0273,2020
2025-01-14 06:00,1736834400,1.02735,1.0281,1.02735,1.02805,4711
2025-01-14 07:00,1736838000,1.0281,1.0294,1.0278,1.0282,11384
2025-01-14 08:00,1736841600,1.0282,1.0303,1.0281,1.02895,14223
2025-01-14 09:00,1736845200,1.02895,1.02945,1.0282,1.0288,7846
2025-01-14 10:00,1736848800,1.02875,1.02915,1.028,1.0288,5657
2025-01-14 11:00,1736852400,1.0288,1.0291,1.0281,1.0283,3213
2025-01-14 12:00,1736856000,1.0282,1.02835,1.02675,1.0276,9037
2025-01-14 13:00,1736859600,1.0276,1.0302,1.02705,1.02815,27504
2025-01-14 14:00,1736863200,1.02815,1.03035,1.02715,1.02965,20234
2025-01-14 15:00,1736866800,1.02965,1.03245,1.0291,1.03235,27153
2025-01-14 16:00,1736870400,1.0323,1.0333,1.03115,1.03195,30171
2025-01-14 17:00,1736874000,1.03195,1.03195,1.03075,1.03165,8259
2025-01-14 18:00,1736877600,1.03165,1.03285,1.0315,1.03275,5651
2025-01-14 19:00,1736881200,1.03275,1.0334,1.03245,1.03265,7658
2025-01-14 20:00,1736884800,1.03265,1.0337,1.0325,1.033,8555
2025-01-14 21:00,1736888400,1.033,1.0337,1.0329,1.0336,3027
2025-01-14 23:00,1736895600,1.0335,1.03365,1.033,1.03345,0
2025-01-15 00:00,1736899200,1.03335,1.0334,1.03275,1.0329,1841
2025-01-15 01:00,1736902800,1.0329,1.03325,1.03255,1.0328,1794
2025-01-15 02:00,1736906400,1.03275,1.03295,1.0323,1.03245,2487
2025-01-15 03:00,1736910000,1.0325,1.033,1.0324,1.033,1269
2025-01-15 04:00,1736913600,1.03295,1.03305,1.03255,1.03305,1789
2025-01-15 05:00,1736917200,1.0327,1.0333,1.03205,1.03215,2525
2025-01-15 06:00,1736920800,1.0321,1.0327,1.03195,1.0324,2444
2025-01-15 07:00,1736924400,1.0325,1.0337,1.0315,1.0334,12203
2025-01-15 08:00,1736928000,1.03335,1.03455,1.0322,1.03245,12035
2025-01-15 09:00,1736931600,1.03245,1.0341,1.0324,1.0338,6117
2025-01-15 10:00,1736935200,1.0338,1.0342,1.0329,1.03355,6976
2025-01-15 11:00,1736938800,1.03355,1.034,1.03275,1.03295,5695
2025-01-15 12:00,1736942400,1.0329,1.03345,1.03215,1.0328,7536
2025-01-15 13:00,1736946000,1.0328,1.03825,1.0324,1.03725,35084
2025-01-15 14:00,1736949600,1.0373,1.0374,1.0353,1.03555,23293
2025-01-15 15:00,1736953200,1.0355,1.03585,1.03265,1.03335,25814
2025-01-15 16:00,1736956800,1.0334,1.0336,1.0285,1.03095,28521
2025-01-15 17:00,1736960400,1.0309,1.03215,1.03085,1.03135,8965
2025-01-15 18:00,1736964000,1.0314,1.03215,1.0312,1.032,6528
2025-01-15 19:00,1736967600,1.03205,1.03225,1.0317,1.0321,4711
2025-01-15 20:00,1736971200,1.0321,1.0327,1.03185,1.0324,3711
2025-01-15 21:00,1736974800,1.03235,1.03245,1.0316,1.03185,1902
2025-01-15 23:00,1736982000,1.0316,1.03225,1.0316,1.03215,0
2025-01-16 00:00,1736985600,1.03215,1.03265,1.0311,1.0325,3339
2025-01-16 01:00,1736989200,1.03255,1.0326,1.0314,1.0316,2611
2025-01-16 02:00,1736992800,1.0316,1.03195,1.03115,1.0313,1938
2025-01-16 03:00,1736996400,1.03135,1.03155,1.0311,1.0315,1354
2025-01-16 04:00,1737000000,1.03155,1.032,1.03115,1.03135,1631
2025-01-16 05:00,1737003600,1.03125,1.03125,1.0307,1.03085,1361
2025-01-16 06:00,1737007200,1.0309,1.0316,1.0308,1.0315,2828
2025-01-16 07:00,1737010800,1.0315,1.03285,1.03125,1.0324,6442
2025-01-16 08:00,1737014400,1.0324,1.03265,1.0314,1.03225,8154
2025-01-16 09:00,1737018000,1.03225,1.0325,1.0308,1.03125,9919
2025-01-16 10:00,1737021600,1.0312,1.0322,1.0309,1.03115,4924
2025-01-16 11:00,1737025200,1.0312,1.0318,1.031,1.03165,4587
2025-01-16 12:00,1737028800,1.0316,1.03165,1.02905,1.0298,11787
2025-01-16 13:00,1737032400,1.0298,1.0312,1.02865,1.0308,21051
2025-01-16 14:00,1737036000,1.03075,1.031,1.0294,1.03055,11735
2025-01-16 15:00,1737039600,1.0306,1.0332,1.03005,1.03275,36235
2025-01-16 16:00,1737043200,1.0327,1.0338,1.03125,1.03285,25188
2025-01-16 17:00,1737046800,1.03285,1.03415,1.03205,1.0323,17305
2025-01-16 18:00,1737050400,1.03225,1.03295,1.03195,1.03265,4899
2025-01-16 19:00,1737054000,1.0326,1.0334,1.0324,1.03275,5367
2025-01-16 20:00,1737057600,1.0328,1.033,1.03235,1.03265,4186
2025-01-16 21:00,1737061200,1.03265,1.033,1.0323,1.03295,1915
2025-01-16 23:00,1737068400,1.0327,1.03305,1.0326,1.03275,0
2025-01-17 00:00,1737072000,1.03275,1.0333,1.03245,1.03305,1556
2025-01-17 01:00,1737075600,1.0331,1.0336,1.03275,1.0331,1690
2025-01-17 02:00,1737079200,1.03315,1.03355,1.03295,1.03295,1469
2025-01-17 03:00,1737082800,1.03295,1.0331,1.03265,1.0327,840
2025-01-17 04:00,1737086400,1.0327,1.0327,1.0318,1.032,1546
2025-01-17 05:00,1737090000,1.0321,1.0321,1.03135,1.03195,1534
2025-01-17 06:00,1737093600,1.0319,1.03205,1.03115,1.0316,1971
2025-01-17 07:00,1737097200,1.0316,1.0317,1.03035,1.031,7789
2025-01-17 08:00,1737100800,1.0311,1.03245,1.0311,1.03235,6150
2025-01-17 09:00,1737104400,1.0323,1.0329,1.03155,1.0323,9207
2025-01-17 10:00,1737108000,1.0323,1.0332,1.0323,1.033,5118
2025-01-17 11:00,1737111600,1.033,1.03365,1.03235,1.0331,8989
2025-01-17 12:00,1737115200,1.03305,1.0333,1.03165,1.0319,9357
2025-01-17 13:00,1737118800,1.03195,1.03255,1.0312,1.03165,10815
2025-01-17 14:00,1737122400,1.03165,1.03285,1.0291,1.0325,32491
2025-01-17 15:00,1737126000,1.03245,1.0357,1.0322,1.03255,35464
2025-01-17 16:00,1737129600,1.0325,1.03265,1.0308,1.03125,18926
2025-01-17 17:00,1737133200,1.03125,1.0317,1.0305,1.0307,10673
2025-01-17 18:00,1737136800,1.0307,1.0318,1.03055,1.0307,4515
2025-01-17 19:00,1737140400,1.0307,1.03105,1.02985,1.0302,5781
2025-01-17 20:00,1737144000,1.0302,1.03075,1.03,1.03015,5089
2025-01-17 21:00,1737147600,1.0301,1.03015,1.0295,1.02965,2737
2025-01-19 23:00,1737327600,1.0302,1.03065,1.0292,1.0306,2484
2025-01-20 00:00,1737331200,1.0306,1.0316,1.0304,1.03125,4335
2025-01-20 01:00,1737334800,1.0312,1.03185,1.0305,1.03165,2533
2025-01-20 02:00,1737338400,1.03165,1.0318,1.0313,1.0317,1953
2025-01-20 03:00,1737342000,1.0317,1.03325,1.0317,1.0332,4887
2025-01-20 04:00,1737345600,1.0332,1.03335,1.03275,1.033,2632
2025-01-21 05:00,1737435600,1.04155,1.0416,1.0403,1.0404,1328
2025-01-21 06:00,1737439200,1.04045,1.0407,1.03915,1.0394,3011
2025-01-21 07:00,1737442800,1.0394,1.04115,1.03905,1.0399,7510
2025-01-21 08:00,1737446400,1.0399,1.0399,1.0375,1.03865,10603
2025-01-21 09:00,1737450000,1.03865,1.03895,1.03675,1.0379,10214
2025-01-21 10:00,1737453600,1.0379,1.0385,1.03685,1.03785,8689
2025-01-21 11:00,1737457200,1.0378,1.03835,1.03685,1.0379,7893
2025-01-21 12:00,1737460800,1.0379,1.0384,1.0371,1.03795,11711
2025-01-21 13:00,1737464400,1.03795,1.04035,1.03785,1.04035,15593
2025-01-21 14:00,1737468000,1.0404,1.0425,1.0399,1.04125,18011
2025-01-21 15:00,1737471600,1.0413,1.04365,1.04045,1.04265,20531
2025-01-21 16:00,1737475200,1.04265,1.04485,1.0424,1.04485,13422
2025-01-21 17:00,1737478800,1.0448,1.0456,1.0447,1.04475,9638
2025-01-21 18:00,1737482400,1.0447,1.0461,1.04455,1.0455,9555
2025-01-21 19:00,1737486000,1.0455,1.04565,1.04415,1.0444,8105
2025-01-21 20:00,1737489600,1.0444,1.04475,1.0442,1.0446,4459
2025-01-21 21:00,1737493200,1.04455,1.0456,1.04445,1.0454,4263
2025-01-21 23:00,1737500400,1.04505,1.04535,1.0418,1.0432,0
2025-01-22 00:00,1737504000,1.0432,1.045,1.0432,1.0449,4075
2025-01-22 01:00,1737507600,1.04485,1.04485,1.0433,1.0435,3418
2025-01-22 02:00,1737511200,1.04345,1.0442,1.04315,1.04395,2203
2025-01-22 03:00,1737514800,1.0439,1.04415,1.04355,1.04375,1267
2025-01-22 04:00,1737518400,1.0437,1.04475,1.0437,1.04425,1228
2025-01-22 05:00,1737522000,1.0442,1.04425,1.0434,1.04415,2228
2025-01-22 06:00,1737525600,1.0441,1.0444,1.04255,1.0429,4787
2025-01-22 07:00,1737529200,1.043,1.04455,1.0429,1.04375,6415
2025-01-22 08:00,1737532800,1.04375,1.045,1.0435,1.04485,10294
2025-01-22 09:00,1737536400,1.0449,1.0473,1.04455,1.0472,14332
2025-01-22 10:00,1737540000,1.04725,1.0483,1.04685,1.04755,13017
2025-01-22 11:00,1737543600,1.04755,1.0482,1.04665,1.04685,7488
2025-01-22 12:00,1737547200,1.0468,1.04685,1.0457,1.0464,8708
2025-01-22 13:00,1737550800,1.0464,1.04715,1.0448,1.04575,20939
2025-01-22 14:00,1737554400,1.0457,1.0458,1.044,1.04505,22475
2025-01-22 15:00,1737558000,1.04505,1.0451,1.044,1.04455,14223
2025-01-22 16:00,1737561600,1.0445,1.04485,1.0438,1.0445,9009
2025-01-22 17:00,1737565200,1.0445,1.0446,1.04375,1.04425,7053
2025-01-22 18:00,1737568800,1.0443,1.0447,1.04375,1.0442,4366
2025-01-22 19:00,1737572400,1.0442,1.04485,1.0441,1.04455,4502
2025-01-22 20:00,1737576000,1.04455,1.04485,1.0437,1.0438,5211
2025-01-22 21:00,1737579600,1.0438,1.0439,1.04335,1.04355,2667
2025-01-22 23:00,1737586800,1.04345,1.0435,1.043,1.0432,0
2025-01-23 00:00,1737590400,1.0432,1.04365,1.04315,1.04345,1676
2025-01-23 01:00,1737594000,1.0435,1.0441,1.0426,1.04275,2566
2025-01-23 02:00,1737597600,1.0428,1.04305,1.04215,1.0428,2237
2025-01-23 03:00,1737601200,1.04285,1.04335,1.04275,1.04335,1276
2025-01-23 04:00,1737604800,1.04335,1.0437,1.04335,1.04345,711
2025-01-23 05:00,1737608400,1.04335,1.0436,1.0429,1.043,1519
2025-01-23 06:00,1737612000,1.04295,1.0437,1.04275,1.0428,2873
2025-01-23 07:00,1737615600,1.04285,1.043,1.04145,1.0424,8630
2025-01-23 08:00,1737619200,1.04245,1.0427,1.04145,1.0418,7383
2025-01-23 09:00,1737622800,1.0418,1.0439,1.04175,1.0436,8898
2025-01-23 10:00,1737626400,1.0436,1.0445,1.0434,1.04355,5705
2025-01-23 11:00,1737630000,1.04355,1.04385,1.04255,1.0428,6840
2025-01-23 12:00,1737633600,1.04275,1.043,1.04185,1.0428,6622
2025-01-23 13:00,1737637200,1.04285,1.04395,1.04215,1.04355,13080
2025-01-23 14:00,1737640800,1.04355,1.0443,1.043,1.04325,11111
2025-01-23 15:00,1737644400,1.04335,1.0434,1.04115,1.04215,17495
2025-01-23 16:00,1737648000,1.04215,1.04535,1.03955,1.04435,58336
2025-01-23 17:00,1737651600,1.04435,1.0462,1.04385,1.04595,11505
2025-01-23 18:00,1737655200,1.04595,1.04615,1.04465,1.04485,5524
2025-01-23 19:00,1737658800,1.04485,1.04515,1.04445,1.04475,4409
2025-01-23 20:00,1737662400,1.04475,1.04535,1.044,1.0442,6713
2025-01-23 21:00,1737666000,1.04415,1.04435,1.0437,1.04405,3283
2025-01-23 23:00,1737673200,1.0441,1.04425,1.04385,1.044,0
2025-01-24 00:00,1737676800,1.04395,1.0447,1.0437,1.0443,2068
2025-01-24 01:00,1737680400,1.0443,1.0444,1.04355,1.044,1480
2025-01-24 02:00,1737684000,1.04405,1.0473,1.04395,1.04725,8237
2025-01-24 03:00,1737687600,1.0473,1.0478,1.046,1.04705,6261
2025-01-24 04:00,1737691200,1.04695,1.04755,1.04665,1.04715,2964
2025-01-24 05:00,1737694800,1.0476,1.04775,1.0468,1.0475,2161
2025-01-24 06:00,1737698400,1.04755,1.04955,1.04735,1.04815,11990
2025-01-24 07:00,1737702000,1.0481,1.0489,1.04715,1.0485,9803
2025-01-24 08:00,1737705600,1.0485,1.052,1.0482,1.05175,31415
2025-01-24 09:00,1737709200,1.05175,1.0539,1.0515,1.0518,22268
2025-01-24 10:00,1737712800,1.05185,1.0522,1.051,1.0513,9082
2025-01-24 11:00,1737716400,1.0513,1.05175,1.0505,1.051,7918
2025-01-24 12:00,1737720000,1.05095,1.0512,1.0497,1.0498,9088
2025-01-24 13:00,1737723600,1.0498,1.0504,1.04875,1.0493,15012
2025-01-24 14:00,1737727200,1.04925,1.052,1.04915,1.05155,27222
2025-01-24 15:00,1737730800,1.05155,1.05455,1.0514,1.05405,31459
2025-01-24 16:00,1737734400,1.0541,1.0543,1.05285,1.0539,18739
2025-01-24 17:00,1737738000,1.05385,1.05455,1.05345,1.05355,8631
2025-01-24 18:00,1737741600,1.0535,1.0536,1.0518,1.05195,7646
2025-01-24 19:00,1737745200,1.05195,1.05225,1.0516,1.0519,5983
2025-01-24 20:00,1737748800,1.05195,1.052,1.05125,1.0519,5649
2025-01-24 21:00,1737752400,1.05185,1.05215,1.0517,1.0519,2933
2025-01-26 23:00,1737932400,1.05095,1.051,1.04885,1.0491,3890
2025-01-27 00:00,1737936000,1.0491,1.05,1.0489,1.0496,3234
2025-01-27 01:00,1737939600,1.0496,1.05025,1.0485,1.04865,3250
2025-01-27 02:00,1737943200,1.04865,1.049,1.0482,1.04895,2136
2025-01-27 03:00,1737946800,1.0489,1.0501,1.0487,1.04925,3478
2025-01-27 04:00,1737950400,1.0492,1.04925,1.0483,1.04875,1478
2025-01-27 05:00,1737954000,1.04865,1.04885,1.0479,1.04865,2061
2025-01-27 06:00,1737957600,1.04865,1.0489,1.04805,1.04825,2839
2025-01-27 07:00,1737961200,1.0483,1.04945,1.04775,1.0481,9510
2025-01-27 08:00,1737964800,1.04805,1.05125,1.0478,1.05115,12411
2025-01-27 09:00,1737968400,1.05115,1.0514,1.0499,1.05125,11388
2025-01-27 10:00,1737972000,1.05125,1.05325,1.05125,1.0529,13473
2025-01-27 11:00,1737975600,1.05285,1.0542,1.0528,1.0537,10470
2025-01-27 12:00,1737979200,1.05365,1.05515,1.05325,1.0545,12102
2025-01-27 13:00,1737982800,1.05455,1.05575,1.05335,1.05435,16823
2025-01-27 14:00,1737986400,1.05435,1.0548,1.05315,1.0533,12790
2025-01-27 15:00,1737990000,1.0533,1.05335,1.0517,1.0523,16785
2025-01-27 16:00,1737993600,1.05225,1.05315,1.0513,1.0514,20155
2025-01-27 17:00,1737997200,1.0515,1.05185,1.05085,1.0513,9162
2025-01-27 18:00,1738000800,1.0512,1.0518,1.05055,1.05085,7269
2025-01-27 19:00,1738004400,1.05085,1.0517,1.0503,1.05165,9768
2025-01-27 20:00,1738008000,1.05165,1.05185,1.0511,1.05115,5208
2025-01-27 21:00,1738011600,1.0512,1.0516,1.05095,1.0516,2547
2025-01-27 23:00,1738018800,1.05145,1.0515,1.04515,1.04605,0
2025-01-28 00:00,1738022400,1.04605,1.0475,1.04555,1.04685,6226
2025-01-28 01:00,1738026000,1.04685,1.04795,1.04525,1.04615,6751
2025-01-28 02:00,1738029600,1.046,1.0465,1.04475,1.0457,5334
2025-01-28 03:00,1738033200,1.0457,1.04625,1.04525,1.04525,2003
2025-01-28 04:00,1738036800,1.04525,1.04575,1.04485,1.0457,1482
2025-01-28 05:00,1738040400,1.04575,1.0462,1.04575,1.04595,887
2025-01-28 06:00,1738044000,1.04595,1.04675,1.0457,1.0461,3147
2025-01-28 07:00,1738047600,1.0461,1.04665,1.0451,1.04575,8447
2025-01-28 08:00,1738051200,1.0458,1.0459,1.04425,1.0448,12939
2025-01-28 09:00,1738054800,1.04485,1.0467,1.04455,1.04585,10696
2025-01-28 10:00,1738058400,1.0458,1.04605,1.0448,1.0448,5526
2025-01-28 11:00,1738062000,1.04475,1.0456,1.04455,1.04465,7237
2025-01-28 12:00,1738065600,1.04465,1.04485,1.0437,1.04435,10384
2025-01-28 13:00,1738069200,1.0443,1.04545,1.04405,1.0448,12434
2025-01-28 14:00,1738072800,1.04475,1.04645,1.04475,1.0455,12641
2025-01-28 15:00,1738076400,1.0455,1.04625,1.0444,1.0447,14915
2025-01-28 16:00,1738080000,1.04495,1.0456,1.0445,1.0449,14517
2025-01-28 17:00,1738083600,1.0449,1.04575,1.0448,1.0451,6067
2025-01-28 18:00,1738087200,1.04515,1.0461,1.04465,1.04495,8334
2025-01-28 19:00,1738090800,1.0449,1.046,1.04455,1.04585,4986
2025-01-28 20:00,1738094400,1.0458,1.04585,1.04525,1.04545,4243
2025-01-28 21:00,1738098000,1.04545,1.04575,1.04525,1.04545,1398
2025-01-28 23:00,1738105200,1.04535,1.04535,1.045,1.045,0
2025-01-29 00:00,1738108800,1.045,1.0457,1.04495,1.0453,2209
2025-01-29 01:00,1738112400,1.04535,1.0457,1.045,1.045,1194
2025-01-29 02:00,1738116000,1.04495,1.04585,1.04485,1.04565,1297
2025-01-29 03:00,1738119600,1.0457,1.0462,1.0454,1.046,1333
2025-01-29 04:00,1738123200,1.04605,1.0465,1.046,1.0461,1070
2025-01-29 05:00,1738126800,1.0461,1.04635,1.04585,1.0463,1018
2025-01-29 06:00,1738130400,1.04635,1.04665,1.0459,1.046,2756
2025-01-29 07:00,1738134000,1.04595,1.0461,1.0436,1.04385,10387
2025-01-29 08:00,1738137600,1.0439,1.0453,1.0439,1.0447,7532
2025-01-29 09:00,1738141200,1.04465,1.0447,1.04245,1.0426,10713
2025-01-29 10:00,1738144800,1.0426,1.0431,1.0417,1.0426,10272
2025-01-29 11:00,1738148400,1.04265,1.04305,1.04195,1.0424,6557
2025-01-29 12:00,1738152000,1.0424,1.04275,1.04165,1.04265,10089
2025-01-29 13:00,1738155600,1.0427,1.04285,1.04045,1.041,17528
2025-01-29 14:00,1738159200,1.041,1.04245,1.0409,1.04235,16440
2025-01-29 15:00,1738162800,1.04235,1.04495,1.04175,1.0442,23705
2025-01-29 16:00,1738166400,1.04425,1.04465,1.0434,1.0438,24543
2025-01-29 17:00,1738170000,1.04385,1.0451,1.0438,1.04435,11952
2025-01-29 18:00,1738173600,1.0444,1.04475,1.04365,1.04415,9479
2025-01-29 19:00,1738177200,1.0443,1.04515,1.04105,1.0438,38208
2025-01-29 20:00,1738180800,1.04385,1.0448,1.0427,1.0433,13904
2025-01-29 21:00,1738184400,1.04325,1.04445,1.0431,1.0444,4432
2025-01-29 23:00,1738191600,1.04425,1.0449,1.04395,1.04465,0
2025-01-30 00:00,1738195200,1.04455,1.045,1.0445,1.0448,1103
2025-01-30 01:00,1738198800,1.0447,1.04475,1.04405,1.04415,1166
2025-01-30 02:00,1738202400,1.0442,1.04485,1.0442,1.04445,1409
2025-01-30 03:00,1738206000,1.04445,1.0448,1.0443,1.0446,1715
2025-01-30 04:00,1738209600,1.04465,1.04485,1.0439,1.044,1590
2025-01-30 05:00,1738213200,1.04395,1.04435,1.0439,1.0443,938
2025-01-30 06:00,1738216800,1.04435,1.04435,1.0432,1.0435,1999
2025-01-30 07:00,1738220400,1.0435,1.04455,1.04305,1.0445,4186
2025-01-30 08:00,1738224000,1.04455,1.04505,1.0437,1.0443,8644
2025-01-30 09:00,1738227600,1.04435,1.0444,1.04235,1.0429,11825
2025-01-30 10:00,1738231200,1.04285,1.0433,1.0417,1.0422,7973
2025-01-30 11:00,1738234800,1.04215,1.04215,1.04125,1.0413,7742
2025-01-30 12:00,1738238400,1.04135,1.0427,1.04115,1.04245,7398
2025-01-30 13:00,1738242000,1.0425,1.0481,1.0423,1.04785,34619
2025-01-30 14:00,1738245600,1.04775,1.0489,1.04405,1.04495,39441
2025-01-30 15:00,1738249200,1.045,1.0464,1.04485,1.04525,17839
2025-01-30 16:00,1738252800,1.0453,1.04565,1.04385,1.0441,12177
2025-01-30 17:00,1738256400,1.04405,1.0445,1.0431,1.04385,10785
2025-01-30 18:00,1738260000,1.0439,1.0447,1.0437,1.04465,4019
2025-01-30 19:00,1738263600,1.04465,1.04515,1.0444,1.04495,3636
2025-01-30 20:00,1738267200,1.045,1.04535,1.04075,1.0429,26449
2025-01-30 21:00,1738270800,1.04285,1.04355,1.04085,1.04125,10407
2025-01-30 23:00,1738278000,1.0412,1.0419,1.04065,1.0418,0
2025-01-31 00:00,1738281600,1.04175,1.04235,1.0406,1.0408,2234
2025-01-31 01:00,1738285200,1.04075,1.04135,1.0397,1.041,7652
2025-01-31 02:00,1738288800,1.041,1.04165,1.0408,1.04105,2739
2025-01-31 03:00,1738292400,1.04105,1.04125,1.04045,1.0406,2009
2025-01-31 04:00,1738296000,1.0406,1.0411,1.0404,1.0409,1415
2025-01-31 05:00,1738299600,1.0411,1.0411,1.0406,1.04095,1018
2025-01-31 06:00,1738303200,1.04095,1.04165,1.04085,1.04155,2391
2025-01-31 07:00,1738306800,1.0415,1.04335,1.0412,1.0425,11417
2025-01-31 08:00,1738310400,1.0425,1.0428,1.0401,1.04055,12661
2025-01-31 09:00,1738314000,1.04045,1.04055,1.0386,1.04045,26477
2025-01-31 10:00,1738317600,1.0404,1.04045,1.0394,1.0397,6650
2025-01-31 11:00,1738321200,1.0397,1.0401,1.0393,1.03965,4408
2025-01-31 12:00,1738324800,1.0397,1.04065,1.03955,1.04035,6655
2025-01-31 13:00,1738328400,1.04035,1.04165,1.03975,1.0403,15780
2025-01-31 14:00,1738332000,1.0403,1.0403,1.0387,1.03895,22037
2025-01-31 15:00,1738335600,1.03895,1.04215,1.0381,1.0421,31104
2025-01-31 16:00,1738339200,1.0415,1.04285,1.0407,1.042,21967
2025-01-31 17:00,1738342800,1.04205,1.0455,1.0409,1.0441,33495
2025-01-31 18:00,1738346400,1.0441,1.0443,1.03815,1.03905,36720
2025-01-31 19:00,1738350000,1.03905,1.04,1.0385,1.0397,12757
2025-01-31 20:00,1738353600,1.03975,1.04035,1.0384,1.0394,13749
2025-01-31 21:00,1738357200,1.0394,1.04085,1.03705,1.03815,25224
2025-02-02 23:00,1738537200,1.0281,1.0291,1.02545,1.0267,15759
2025-02-03 00:00,1738540800,1.0267,1.0288,1.0231,1.02525,22207
2025-02-03 01:00,1738544400,1.0252,1.02725,1.0242,1.02585,9251
2025-02-03 02:00,1738548000,1.0258,1.0258,1.02415,1.0244,5052
2025-02-03 03:00,1738551600,1.0244,1.0245,1.0232,1.02415,4215
2025-02-03 04:00,1738555200,1.02415,1.026,1.0241,1.0247,6567
2025-02-03 05:00,1738558800,1.02465,1.02635,1.0246,1.02605,4399
2025-02-03 06:00,1738562400,1.02605,1.0272,1.02595,1.02635,6706
2025-02-03 07:00,1738566000,1.02635,1.027,1.02425,1.0245,12089
2025-02-03 08:00,1738569600,1.02455,1.02715,1.02335,1.0264,26494
2025-02-03 09:00,1738573200,1.0264,1.02745,1.02455,1.0251,13356
2025-02-03 10:00,1738576800,1.0251,1.0265,1.025,1.0264,9000
2025-02-03 11:00,1738580400,1.02635,1.0276,1.0257,1.02725,11552
2025-02-03 12:00,1738584000,1.02725,1.02985,1.02715,1.0278,33154
2025-02-03 13:00,1738587600,1.0278,1.0309,1.0277,1.0284,31961
2025-02-03 14:00,1738591200,1.0284,1.02865,1.02675,1.0272,17087
2025-02-03 15:00,1738594800,1.027,1.03565,1.026,1.03365,76781
2025-02-03 16:00,1738598400,1.03365,1.0342,1.02935,1.02965,45788
2025-02-03 17:00,1738602000,1.02955,1.03225,1.0291,1.03,28577
2025-02-03 18:00,1738605600,1.02995,1.03085,1.0289,1.0298,9984
2025-02-03 19:00,1738609200,1.02985,1.03175,1.02985,1.03045,11935
2025-02-03 20:00,1738612800,1.03045,1.03195,1.0303,1.03155,7997
2025-02-03 21:00,1738616400,1.03155,1.0372,1.0313,1.03645,17457
2025-02-03 23:00,1738623600,1.03645,1.03715,1.0346,1.03475,0
2025-02-04 00:00,1738627200,1.0348,1.0351,1.0336,1.03375,4400
2025-02-04 01:00,1738630800,1.03375,1.03425,1.0328,1.03415,4375
2025-02-04 02:00,1738634400,1.03415,1.03435,1.0336,1.03415,2376
2025-02-04 03:00,1738638000,1.03415,1.0344,1.03315,1.03345,1575
2025-02-04 04:00,1738641600,1.03345,1.03345,1.03255,1.0327,1629
2025-02-04 05:00,1738645200,1.0299,1.03175,1.0292,1.03125,11186
2025-02-04 06:00,1738648800,1.0313,1.03275,1.0312,1.0326,5014
2025-02-04 07:00,1738652400,1.0326,1.0337,1.0319,1.0331,8437
2025-02-04 08:00,1738656000,1.0331,1.0355,1.03285,1.0354,16585
2025-02-04 09:00,1738659600,1.0354,1.03695,1.0352,1.03585,10225
2025-02-04 10:00,1738663200,1.0358,1.0363,1.03455,1.0355,6221
2025-02-04 11:00,1738666800,1.03545,1.03545,1.03415,1.0342,5307
2025-02-04 12:00,1738670400,1.03425,1.0348,1.034,1.0345,5271
2025-02-04 13:00,1738674000,1.03455,1.03605,1.03435,1.036,10478
2025-02-04 14:00,1738677600,1.03605,1.03865,1.036,1.03795,21536
2025-02-04 15:00,1738681200,1.0379,1.04065,1.0378,1.04005,39216
2025-02-04 16:00,1738684800,1.04,1.0407,1.0393,1.0399,17760
2025-02-04 17:00,1738688400,1.03985,1.0399,1.03855,1.0397,13895
2025-02-04 18:00,1738692000,1.03965,1.04065,1.03945,1.04015,5274
2025-02-04 19:00,1738695600,1.04015,1.04055,1.0397,1.04015,9553
2025-02-04 20:00,1738699200,1.0402,1.04065,1.03995,1.04055,4596
2025-02-04 21:00,1738702800,1.0406,1.0408,1.0398,1.03985,3121
2025-02-04 23:00,1738710000,1.0401,1.0401,1.03905,1.0391,0
2025-02-05 00:00,1738713600,1.03915,1.04015,1.03895,1.03985,2140
2025-02-05 01:00,1738717200,1.0399,1.04065,1.0392,1.0393,3896
2025-02-05 02:00,1738720800,1.03925,1.04045,1.03925,1.0404,1824
2025-02-05 03:00,1738724400,1.04045,1.04055,1.0399,1.03995,1358
2025-02-05 04:00,1738728000,1.03995,1.04015,1.0396,1.0398,844
2025-02-05 05:00,1738731600,1.03955,1.03975,1.0393,1.03975,1751
2025-02-05 06:00,1738735200,1.0397,1.04135,1.0394,1.04045,4353
2025-02-05 07:00,1738738800,1.0405,1.0429,1.0402,1.0422,12202
2025-02-05 08:00,1738742400,1.04215,1.0428,1.041,1.04235,11480
2025-02-05 09:00,1738746000,1.04235,1.04345,1.0421,1.0424,12225
2025-02-05 10:00,1738749600,1.04235,1.045,1.0421,1.04445,12328
2025-02-05 11:00,1738753200,1.04445,1.0445,1.04315,1.04345,6384
2025-02-05 12:00,1738756800,1.04345,1.04415,1.043,1.04385,5926
2025-02-05 13:00,1738760400,1.04385,1.04455,1.0421,1.04275,17153
2025-02-05 14:00,1738764000,1.04275,1.04455,1.04255,1.04445,18424
2025-02-05 15:00,1738767600,1.0445,1.0464,1.04345,1.0442,25623
2025-02-05 16:00,1738771200,1.04415,1.04445,1.043,1.0438,12890
2025-02-05 17:00,1738774800,1.0438,1.0444,1.043,1.044,6536
2025-02-05 18:00,1738778400,1.0439,1.0441,1.0434,1.04355,3662
2025-02-05 19:00,1738782000,1.04355,1.04365,1.0424,1.04265,8710
2025-02-05 20:00,1738785600,1.04265,1.0427,1.0421,1.04245,5845
2025-02-05 21:00,1738789200,1.0424,1.04265,1.04165,1.0423,3471
2025-02-05 23:00,1738796400,1.0424,1.0424,1.04155,1.04165,0
2025-02-06 00:00,1738800000,1.04175,1.04205,1.0413,1.0416,1585
2025-02-06 01:00,1738803600,1.0416,1.0423,1.04135,1.042,2192
2025-02-06 02:00,1738807200,1.04205,1.04235,1.04095,1.04135,1768
2025-02-06 03:00,1738810800,1.0413,1.04145,1.04075,1.04105,1155
2025-02-06 04:00,1738814400,1.04105,1.0412,1.04035,1.04055,1295
2025-02-06 05:00,1738818000,1.0406,1.04085,1.04045,1.04045,1117
2025-02-06 06:00,1738821600,1.0404,1.0411,1.04035,1.0408,2303
2025-02-06 07:00,1738825200,1.0408,1.04095,1.0396,1.03985,8074
2025-02-06 08:00,1738828800,1.03985,1.0399,1.0374,1.0383,16506
2025-02-06 09:00,1738832400,1.0383,1.0386,1.03745,1.03775,8929
2025-02-06 10:00,1738836000,1.0378,1.03845,1.03735,1.03805,6885
2025-02-06 11:00,1738839600,1.03805,1.03855,1.0376,1.03795,7182
2025-02-06 12:00,1738843200,1.038,1.0382,1.0371,1.038,15266
2025-02-06 13:00,1738846800,1.03805,1.03865,1.03715,1.03785,17902
2025-02-06 14:00,1738850400,1.03785,1.03925,1.0378,1.03805,13133
2025-02-06 15:00,1738854000,1.03805,1.03945,1.03775,1.0387,19042
2025-02-06 16:00,1738857600,1.0388,1.03945,1.0385,1.0385,10838
2025-02-06 17:00,1738861200,1.03855,1.0399,1.03845,1.03975,9822
2025-02-06 18:00,1738864800,1.03975,1.0415,1.0392,1.04075,19949
2025-02-06 19:00,1738868400,1.04075,1.04095,1.03985,1.0403,6334
2025-02-06 20:00,1738872000,1.0403,1.04095,1.0402,1.0407,4856
2025-02-06 21:00,1738875600,1.04065,1.0408,1.0401,1.04015,2439
2025-02-06 23:00,1738882800,1.0402,1.0405,1.04,1.04025,0
2025-02-07 00:00,1738886400,1.04035,1.0409,1.03955,1.0396,3378
2025-02-07 01:00,1738890000,1.0396,1.04045,1.03925,1.04015,2836
2025-02-07 02:00,1738893600,1.0402,1.04035,1.0399,1.0402,1574
2025-02-07 03:00,1738897200,1.0402,1.04025,1.0395,1.03975,1244
2025-02-07 04:00,1738900800,1.03975,1.04015,1.03935,1.0399,1176
2025-02-07 05:00,1738904400,1.0398,1.0399,1.0392,1.0393,1341
2025-02-07 06:00,1738908000,1.0393,1.0395,1.039,1.0394,2545
2025-02-07 07:00,1738911600,1.03935,1.04075,1.03925,1.0407,5892
2025-02-07 08:00,1738915200,1.04065,1.0418,1.04035,1.04155,8957
2025-02-07 09:00,1738918800,1.04155,1.0417,1.04075,1.04085,6188
2025-02-07 10:00,1738922400,1.0409,1.0409,1.03965,1.0399,8368
2025-02-07 11:00,1738926000,1.0399,1.0402,1.0395,1.04,3614
2025-02-07 12:00,1738929600,1.04,1.04,1.0386,1.03925,7763
2025-02-07 13:00,1738933200,1.03925,1.04325,1.03665,1.0381,34692
2025-02-07 14:00,1738936800,1.0381,1.04065,1.03785,1.04035,17665
2025-02-07 15:00,1738940400,1.0403,1.04055,1.03445,1.03735,53439
2025-02-07 16:00,1738944000,1.0373,1.0375,1.03385,1.03455,51522
2025-02-07 17:00,1738947600,1.03455,1.0379,1.0323,1.03385,51187
2025-02-07 18:00,1738951200,1.0339,1.03545,1.0338,1.0342,9447
2025-02-07 19:00,1738954800,1.03425,1.03545,1.03415,1.035,10150
2025-02-07 20:00,1738958400,1.035,1.0356,1.03395,1.03455,6648
2025-02-07 21:00,1738962000,1.0346,1.035,1.0342,1.0346,3444
2025-02-09 23:00,1739142000,1.0315,1.0331,1.03065,1.03275,2819
2025-02-10 00:00,1739145600,1.0327,1.0336,1.03265,1.03275,3804
2025-02-10 01:00,1739149200,1.03275,1.0332,1.03175,1.032,3122
2025-02-10 02:00,1739152800,1.03205,1.03245,1.0316,1.0317,2204
2025-02-10 03:00,1739156400,1.0317,1.0329,1.0317,1.03285,1713
2025-02-10 04:00,1739160000,1.03285,1.0333,1.03285,1.03305,1224
2025-02-10 05:00,1739163600,1.03305,1.03385,1.033,1.0333,1859
2025-02-10 06:00,1739167200,1.0334,1.0337,1.03295,1.0336,2617
2025-02-10 07:00,1739170800,1.03355,1.0343,1.0327,1.033,6823
2025-02-10 08:00,1739174400,1.033,1.034,1.0324,1.0339,9598
2025-02-10 09:00,1739178000,1.0339,1.0352,1.0338,1.0344,10072
2025-02-10 10:00,1739181600,1.0344,1.03515,1.03405,1.0347,4268
2025-02-10 11:00,1739185200,1.03475,1.0354,1.03375,1.03375,5078
2025-02-10 12:00,1739188800,1.03375,1.03395,1.0326,1.0331,9869
2025-02-10 13:00,1739192400,1.03305,1.03435,1.03305,1.03385,8216
2025-02-10 14:00,1739196000,1.0339,1.0341,1.03215,1.03285,9998
2025-02-10 15:00,1739199600,1.03285,1.03375,1.0328,1.03325,13314
2025-02-10 16:00,1739203200,1.0332,1.03345,1.03215,1.0328,11570
2025-02-10 17:00,1739206800,1.03285,1.0332,1.03235,1.03295,6934
2025-02-10 18:00,1739210400,1.0329,1.03335,1.0323,1.03245,4499
2025-02-10 19:00,1739214000,1.0324,1.03275,1.0322,1.03235,5903
2025-02-10 20:00,1739217600,1.0324,1.03255,1.03215,1.03235,4430
2025-02-10 21:00,1739221200,1.03235,1.03255,1.03215,1.03245,1110
2025-02-10 23:00,1739228400,1.03235,1.0325,1.0315,1.0317,0
2025-02-11 00:00,1739232000,1.0317,1.03235,1.03165,1.03215,1173
2025-02-11 01:00,1739235600,1.0321,1.0321,1.03165,1.03185,1349
2025-02-11 02:00,1739239200,1.03185,1.03195,1.0309,1.03095,3408
2025-02-11 03:00,1739242800,1.031,1.03175,1.0309,1.0315,1740
2025-02-11 04:00,1739246400,1.0315,1.0321,1.03145,1.03205,1220
2025-02-11 05:00,1739250000,1.0322,1.0323,1.03185,1.03215,972
2025-02-11 06:00,1739253600,1.0321,1.0327,1.0321,1.03215,1999
2025-02-11 07:00,1739257200,1.03215,1.03245,1.03175,1.032,4296
2025-02-11 08:00,1739260800,1.032,1.03365,1.03165,1.03345,8955
2025-02-11 09:00,1739264400,1.03345,1.03385,1.0329,1.03345,6966
2025-02-11 10:00,1739268000,1.0335,1.0342,1.0331,1.03325,7859
2025-02-11 11:00,1739271600,1.0334,1.034,1.03325,1.03385,3169
2025-02-11 12:00,1739275200,1.03385,1.03455,1.0337,1.0339,7925
2025-02-11 13:00,1739278800,1.0339,1.0343,1.0333,1.03395,8576
2025-02-11 14:00,1739282400,1.0339,1.0354,1.03385,1.03495,10720
2025-02-11 15:00,1739286000,1.035,1.036,1.0345,1.0357,19435
2025-02-11 16:00,1739289600,1.03565,1.0368,1.0356,1.03625,13730
2025-02-11 17:00,1739293200,1.0362,1.03655,1.036,1.03625,5156
2025-02-11 18:00,1739296800,1.0362,1.0368,1.0361,1.03625,6783
2025-02-11 19:00,1739300400,1.0362,1.03985,1.03585,1.0375,25160
2025-02-11 20:00,1739304000,1.03745,1.03845,1.03745,1.03795,6108
2025-02-11 21:00,1739307600,1.03795,1.0381,1.03755,1.03785,1960
2025-02-11 23:00,1739314800,1.0377,1.0384,1.0377,1.03795,0
2025-02-12 00:00,1739318400,1.03795,1.03805,1.03725,1.03735,1877
2025-02-12 01:00,1739322000,1.03735,1.038,1.037,1.0377,1608
2025-02-12 02:00,1739325600,1.0377,1.0384,1.03765,1.0379,1561
2025-02-12 03:00,1739329200,1.0379,1.03815,1.0375,1.03785,1544
2025-02-12 04:00,1739332800,1.0378,1.038,1.03725,1.0373,811
2025-02-12 05:00,1739336400,1.0373,1.03755,1.03715,1.0375,985
2025-02-12 06:00,1739340000,1.03745,1.03765,1.0373,1.0375,1480
2025-02-12 07:00,1739343600,1.03755,1.03955,1.0375,1.0392,8272
2025-02-12 08:00,1739347200,1.0392,1.0396,1.03845,1.03875,8443
2025-02-12 09:00,1739350800,1.03875,1.03905,1.0383,1.03895,7308
2025-02-12 10:00,1739354400,1.039,1.03935,1.03865,1.0392,5559
2025-02-12 11:00,1739358000,1.0392,1.04015,1.039,1.0392,8047
2025-02-12 12:00,1739361600,1.03915,1.0395,1.0388,1.0389,8603
2025-02-12 13:00,1739365200,1.0389,1.0398,1.03295,1.03495,42992
2025-02-12 14:00,1739368800,1.0349,1.037,1.03415,1.03665,20753
2025-02-12 15:00,1739372400,1.03665,1.0399,1.0354,1.0391,43187
2025-02-12 16:00,1739376000,1.03905,1.04115,1.03665,1.04075,25509
2025-02-12 17:00,1739379600,1.04075,1.04445,1.0407,1.04425,44454
2025-02-12 18:00,1739383200,1.0442,1.04465,1.0403,1.04055,23564
2025-02-12 19:00,1739386800,1.04055,1.04095,1.0401,1.0407,7660
2025-02-12 20:00,1739390400,1.0407,1.0414,1.0404,1.0408,5208
2025-02-12 21:00,1739394000,1.04085,1.0415,1.0397,1.03995,8333
2025-02-12 23:00,1739401200,1.03995,1.0407,1.03945,1.04065,0
2025-02-13 00:00,1739404800,1.0407,1.0415,1.0403,1.04045,2228
2025-02-13 01:00,1739408400,1.04045,1.04165,1.0402,1.04145,2435
2025-02-13 02:00,1739412000,1.04145,1.0422,1.0411,1.04185,2023
2025-02-13 03:00,1739415600,1.0419,1.04365,1.0418,1.04335,3335
2025-02-13 04:00,1739419200,1.0433,1.045,1.0433,1.04495,5932
2025-02-13 05:00,1739422800,1.045,1.04535,1.04455,1.04495,5190
2025-02-13 06:00,1739426400,1.04495,1.0455,1.0443,1.0445,6333
2025-02-13 07:00,1739430000,1.0446,1.04515,1.04375,1.04405,11957
2025-02-13 08:00,1739433600,1.04405,1.0441,1.0424,1.0428,9745
2025-02-13 09:00,1739437200,1.0428,1.0441,1.04255,1.04375,7621
2025-02-13 10:00,1739440800,1.04375,1.04435,1.0428,1.04305,6847
2025-02-13 11:00,1739444400,1.04305,1.0442,1.0407,1.04175,16172
2025-02-13 12:00,1739448000,1.0417,1.04175,1.04,1.0404,15590
2025-02-13 13:00,1739451600,1.04045,1.04215,1.03895,1.0407,25485
2025-02-13 14:00,1739455200,1.0407,1.0416,1.0396,1.0414,15240
2025-02-13 15:00,1739458800,1.04145,1.0453,1.04145,1.0448,49594
2025-02-13 16:00,1739462400,1.04475,1.046,1.04385,1.0442,17719
2025-02-13 17:00,1739466000,1.04415,1.0454,1.04395,1.044,8732
2025-02-13 18:00,1739469600,1.04405,1.04475,1.03875,1.0424,54275
2025-02-13 19:00,1739473200,1.0424,1.0458,1.04225,1.0452,20916
2025-02-13 20:00,1739476800,1.0452,1.04805,1.045,1.0476,11455
2025-02-13 21:00,1739480400,1.04765,1.04835,1.04715,1.0479,5095
2025-02-13 23:00,1739487600,1.04805,1.0482,1.04705,1.0476,0
2025-02-14 00:00,1739491200,1.04765,1.04815,1.04725,1.04755,1916
2025-02-14 01:00,1739494800,1.04755,1.0482,1.0473,1.0474,4060
2025-02-14 02:00,1739498400,1.04735,1.04755,1.04695,1.0471,1831
2025-02-14 03:00,1739502000,1.0471,1.04765,1.04685,1.04735,927
2025-02-14 04:00,1739505600,1.04735,1.04785,1.04695,1.047,2206
2025-02-14 05:00,1739509200,1.04685,1.04685,1.04615,1.04675,3124
2025-02-14 06:00,1739512800,1.04665,1.04755,1.04665,1.0473,3588
2025-02-14 07:00,1739516400,1.04725,1.04865,1.04725,1.0479,8189
2025-02-14 08:00,1739520000,1.04795,1.05005,1.0478,1.04915,14331
2025-02-14 09:00,1739523600,1.04915,1.05025,1.04905,1.0496,9136
2025-02-14 10:00,1739527200,1.0496,1.04975,1.0479,1.04815,9353
2025-02-14 11:00,1739530800,1.04815,1.0484,1.04775,1.0482,5062
2025-02-14 12:00,1739534400,1.0482,1.04895,1.04715,1.0486,9365
2025-02-14 13:00,1739538000,1.04865,1.0518,1.0486,1.05025,24717
2025-02-14 14:00,1739541600,1.0503,1.0529,1.0502,1.05235,22516
2025-02-14 15:00,1739545200,1.05235,1.05275,1.05055,1.05235,29535
2025-02-14 16:00,1739548800,1.0523,1.0525,1.05115,1.0512,16415
2025-02-14 17:00,1739552400,1.0512,1.05235,1.0509,1.0522,11311
2025-02-14 18:00,1739556000,1.05215,1.05225,1.0514,1.05195,5791
2025-02-14 19:00,1739559600,1.0519,1.05195,1.05095,1.0513,6632
2025-02-14 20:00,1739563200,1.05135,1.05135,1.05055,1.0506,5121
2025-02-14 21:00,1739566800,1.05065,1.05095,1.0503,1.0506,3128
2025-02-16 23:00,1739746800,1.0505,1.0508,1.04985,1.0502,1710
2025-02-17 00:00,1739750400,1.0503,1.05075,1.04995,1.05055,1622
2025-02-17 01:00,1739754000,1.05065,1.05205,1.05035,1.05195,2383
2025-02-17 02:00,1739757600,1.05185,1.0519,1.051,1.05155,2121
2025-02-17 03:00,1739761200,1.0515,1.05175,1.05085,1.05085,1241
2025-02-17 04:00,1739764800,1.05085,1.05115,1.0503,1.051,897
2025-02-18 05:00,1739854800,1.0469,1.047,1.04655,1.04685,2960
2025-02-18 06:00,1739858400,1.04685,1.0477,1.0468,1.0475,3159
2025-02-18 07:00,1739862000,1.04745,1.04825,1.04725,1.0477,6812
2025-02-18 08:00,1739865600,1.0477,1.0483,1.04685,1.04705,9838
2025-02-18 09:00,1739869200,1.047,1.04785,1.04685,1.04775,7119
2025-02-18 10:00,1739872800,1.0478,1.0482,1.0472,1.04755,4694
2025-02-18 11:00,1739876400,1.0476,1.04785,1.0475,1.0476,5831
2025-02-18 12:00,1739880000,1.0476,1.04815,1.04665,1.04685,15208
2025-02-18 13:00,1739883600,1.04685,1.04705,1.04555,1.0458,13645
2025-02-18 14:00,1739887200,1.04585,1.0468,1.04545,1.0466,10188
2025-02-18 15:00,1739890800,1.04665,1.04805,1.0465,1.048,23683
2025-02-18 16:00,1739894400,1.04795,1.04835,1.04675,1.047,16675
2025-02-18 17:00,1739898000,1.047,1.047,1.04525,1.0459,11844
2025-02-18 18:00,1739901600,1.04595,1.0461,1.04485,1.04575,8653
2025-02-18 19:00,1739905200,1.0457,1.0463,1.0454,1.04585,7434
2025-02-18 20:00,1739908800,1.04585,1.04615,1.0455,1.04615,3163
2025-02-18 21:00,1739912400,1.04605,1.0463,1.04575,1.0459,4441
2025-02-18 23:00,1739919600,1.04635,1.04635,1.04575,1.0461,0
2025-02-19 00:00,1739923200,1.0461,1.0462,1.0457,1.04585,1512
2025-02-19 01:00,1739926800,1.0459,1.0461,1.0454,1.04595,2141
2025-02-19 02:00,1739930400,1.04595,1.04655,1.0458,1.0465,1631
2025-02-19 03:00,1739934000,1.04645,1.0465,1.0461,1.04645,848
2025-02-19 04:00,1739937600,1.04645,1.04665,1.0462,1.04655,1021
2025-02-19 05:00,1739941200,1.04655,1.04695,1.0462,1.0469,950
2025-02-19 06:00,1739944800,1.0469,1.0474,1.04675,1.0468,2533
2025-02-19 07:00,1739948400,1.0468,1.04725,1.04615,1.04645,4142
2025-02-19 08:00,1739952000,1.04645,1.04695,1.0452,1.04535,9453
2025-02-19 09:00,1739955600,1.04535,1.04565,1.0441,1.04425,7917
2025-02-19 10:00,1739959200,1.0442,1.0443,1.04315,1.0437,10528
2025-02-19 11:00,1739962800,1.0437,1.0446,1.0433,1.04375,14334
2025-02-19 12:00,1739966400,1.04375,1.04455,1.0435,1.04415,8704
2025-02-19 13:00,1739970000,1.04415,1.04485,1.0438,1.04465,7989
2025-02-19 14:00,1739973600,1.04465,1.0451,1.04405,1.0447,8951
2025-02-19 15:00,1739977200,1.04475,1.04545,1.0435,1.04375,18885
2025-02-19 16:00,1739980800,1.0437,1.04385,1.0417,1.04175,15818
2025-02-19 17:00,1739984400,1.04175,1.0426,1.0414,1.04225,11736
2025-02-19 18:00,1739988000,1.04225,1.0435,1.04215,1.0433,6472
2025-02-19 19:00,1739991600,1.0432,1.0445,1.0431,1.04385,9090
2025-02-19 20:00,1739995200,1.04385,1.0439,1.0434,1.04385,2809
2025-02-19 21:00,1739998800,1.0438,1.04395,1.0435,1.0436,1857
2025-02-19 23:00,1740006000,1.04355,1.04375,1.04315,1.04325,0
2025-02-20 00:00,1740009600,1.04325,1.04415,1.0431,1.04405,2246
2025-02-20 01:00,1740013200,1.0441,1.0444,1.04305,1.0433,2112
2025-02-20 02:00,1740016800,1.0432,1.0449,1.04315,1.0447,4122
2025-02-20 03:00,1740020400,1.04475,1.04475,1.0438,1.0443,1148
2025-02-20 04:00,1740024000,1.0443,1.04435,1.04355,1.0442,2333
2025-02-20 05:00,1740027600,1.04435,1.0446,1.04385,1.04395,1105
2025-02-20 06:00,1740031200,1.04395,1.0446,1.04365,1.0437,2050
2025-02-20 07:00,1740034800,1.04375,1.04455,1.0435,1.0443,4255
2025-02-20 08:00,1740038400,1.0443,1.04535,1.04415,1.0445,9147
2025-02-20 09:00,1740042000,1.0445,1.04495,1.044,1.04485,3736
2025-02-20 10:00,1740045600,1.0448,1.0456,1.0446,1.04535,5806
2025-02-20 11:00,1740049200,1.04545,1.0458,1.04425,1.045,4840
2025-02-20 12:00,1740052800,1.045,1.04555,1.0445,1.04475,7795
2025-02-20 13:00,1740056400,1.0447,1.04665,1.04465,1.046,13149
2025-02-20 14:00,1740060000,1.04595,1.0472,1.04535,1.04585,17414
2025-02-20 15:00,1740063600,1.0458,1.0487,1.0453,1.0486,25960
2025-02-20 16:00,1740067200,1.0485,1.049,1.0476,1.04865,19618
2025-02-20 17:00,1740070800,1.04865,1.0506,1.0483,1.0501,14738
2025-02-20 18:00,1740074400,1.05005,1.05105,1.0497,1.05095,8079
2025-02-20 19:00,1740078000,1.05095,1.0515,1.0501,1.05135,7682
2025-02-20 20:00,1740081600,1.05135,1.0515,1.0507,1.0514,4035
2025-02-20 21:00,1740085200,1.0514,1.05155,1.0512,1.0513,2808
2025-02-20 23:00,1740092400,1.0511,1.0517,1.051,1.05115,0
2025-02-21 00:00,1740096000,1.05115,1.0512,1.05005,1.0502,2989
2025-02-21 01:00,1740099600,1.0501,1.05045,1.0496,1.0498,5257
2025-02-21 02:00,1740103200,1.0498,1.05145,1.04975,1.05135,3382
2025-02-21 03:00,1740106800,1.0514,1.05155,1.0511,1.05135,2240
2025-02-21 04:00,1740110400,1.0514,1.0516,1.0508,1.05105,1567
2025-02-21 05:00,1740114000,1.05065,1.05095,1.0503,1.0504,1699
2025-02-21 06:00,1740117600,1.05045,1.0505,1.0499,1.04995,4056
2025-02-21 07:00,1740121200,1.05005,1.0511,1.05005,1.05035,5706
2025-02-21 08:00,1740124800,1.05035,1.05055,1.04785,1.0488,17927
2025-02-21 09:00,1740128400,1.04885,1.0492,1.04775,1.048,9885
2025-02-21 10:00,1740132000,1.04805,1.0483,1.0476,1.0476,5979
2025-02-21 11:00,1740135600,1.04765,1.0485,1.04735,1.048,5841
2025-02-21 12:00,1740139200,1.04805,1.04825,1.04705,1.0473,8369
2025-02-21 13:00,1740142800,1.04735,1.0489,1.04725,1.0486,10894
2025-02-21 14:00,1740146400,1.0486,1.0506,1.0481,1.04925,20622
2025-02-21 15:00,1740150000,1.0492,1.0497,1.04635,1.04655,25802
2025-02-21 16:00,1740153600,1.0465,1.04695,1.04605,1.04655,17495
2025-02-21 17:00,1740157200,1.0466,1.04755,1.04635,1.0474,8181
2025-02-21 18:00,1740160800,1.0474,1.0479,1.0462,1.0471,8917
2025-02-21 19:00,1740164400,1.0471,1.04775,1.04685,1.04735,5483
2025-02-21 20:00,1740168000,1.0473,1.04755,1.0468,1.0472,4188
2025-02-21 21:00,1740171600,1.0472,1.0474,1.047,1.04725,1962
2025-02-23 23:00,1740351600,1.04835,1.04955,1.04815,1.04845,3034
2025-02-24 00:00,1740355200,1.0485,1.0518,1.04825,1.0515,6126
2025-02-24 01:00,1740358800,1.05145,1.0532,1.05135,1.0529,7237
2025-02-24 02:00,1740362400,1.05285,1.05395,1.0526,1.0534,9486
2025-02-24 03:00,1740366000,1.05335,1.0537,1.05275,1.053,2350
2025-02-24 04:00,1740369600,1.05305,1.05315,1.05225,1.05265,1501
2025-02-24 05:00,1740373200,1.0526,1.05305,1.05205,1.05275,2717
2025-02-24 06:00,1740376800,1.0527,1.0527,1.0512,1.052,4890
2025-02-24 07:00,1740380400,1.05195,1.05255,1.04975,1.0502,11344
2025-02-24 08:00,1740384000,1.05025,1.0503,1.04805,1.04905,20681
2025-02-24 09:00,1740387600,1.04905,1.04945,1.04795,1.04825,8865
2025-02-24 10:00,1740391200,1.04825,1.04915,1.0478,1.04905,10663
2025-02-24 11:00,1740394800,1.0491,1.0492,1.04745,1.0479,7320
2025-02-24 12:00,1740398400,1.04785,1.0483,1.0471,1.04795,9678
2025-02-24 13:00,1740402000,1.0479,1.04865,1.04755,1.0478,9503
2025-02-24 14:00,1740405600,1.04775,1.04805,1.04635,1.0471,13886
2025-02-24 15:00,1740409200,1.04715,1.04815,1.04705,1.048,17696
2025-02-24 16:00,1740412800,1.04795,1.04905,1.04765,1.0488,12810
2025-02-24 17:00,1740416400,1.04885,1.04945,1.04785,1.04835,10630
2025-02-24 18:00,1740420000,1.0483,1.04975,1.0481,1.0491,4938
2025-02-24 19:00,1740423600,1.04915,1.04945,1.0483,1.0486,9904
2025-02-24 20:00,1740427200,1.0486,1.049,1.0475,1.04755,12570
2025-02-24 21:00,1740430800,1.0476,1.0479,1.04725,1.0479,1528
2025-02-24 23:00,1740438000,1.0479,1.04795,1.047,1.04715,0
2025-02-25 00:00,1740441600,1.0471,1.04745,1.04695,1.0473,2455
2025-02-25 01:00,1740445200,1.04735,1.0476,1.0471,1.0475,2478
2025-02-25 02:00,1740448800,1.04755,1.0485,1.0475,1.04845,3052
2025-02-25 03:00,1740452400,1.0485,1.04865,1.04815,1.04835,1299
2025-02-25 04:00,1740456000,1.04835,1.0487,1.0483,1.0483,1266
2025-02-25 05:00,1740459600,1.04835,1.0488,1.04825,1.04875,1145
2025-02-25 06:00,1740463200,1.0487,1.049,1.0483,1.0487,1888
2025-02-25 07:00,1740466800,1.04865,1.04875,1.04735,1.04745,7653
2025-02-25 08:00,1740470400,1.04745,1.0489,1.04665,1.04805,12026
2025-02-25 09:00,1740474000,1.04805,1.0489,1.04785,1.0483,8439
2025-02-25 10:00,1740477600,1.0483,1.0484,1.0475,1.0483,6073
2025-02-25 11:00,1740481200,1.0483,1.05,1.04815,1.04995,9443
2025-02-25 12:00,1740484800,1.04995,1.05105,1.04985,1.0504,13838
2025-02-25 13:00,1740488400,1.0504,1.05205,1.05035,1.05105,12981
2025-02-25 14:00,1740492000,1.05105,1.0515,1.05025,1.05125,15890
2025-02-25 15:00,1740495600,1.05125,1.05295,1.0505,1.0509,25111
2025-02-25 16:00,1740499200,1.05085,1.0516,1.05045,1.0508,14476
2025-02-25 17:00,1740502800,1.0508,1.05125,1.0494,1.05125,10354
2025-02-25 18:00,1740506400,1.05125,1.05285,1.05125,1.05185,10502
2025-02-25 19:00,1740510000,1.05185,1.0523,1.05145,1.05205,5382
2025-02-25 20:00,1740513600,1.0521,1.05295,1.0519,1.0526,6121
2025-02-25 21:00,1740517200,1.0526,1.0528,1.05235,1.05245,2876
2025-02-25 23:00,1740524400,1.0525,1.05325,1.0523,1.053,0
2025-02-26 00:00,1740528000,1.053,1.05345,1.05295,1.05325,1837
2025-02-26 01:00,1740531600,1.0532,1.05335,1.0524,1.0525,2959
2025-02-26 02:00,1740535200,1.0525,1.05265,1.0514,1.0516,3288
2025-02-26 03:00,1740538800,1.05165,1.05185,1.0511,1.0514,2043
2025-02-26 04:00,1740542400,1.0514,1.05155,1.05065,1.0507,1676
2025-02-26 05:00,1740546000,1.0506,1.05065,1.05005,1.05015,3689
2025-02-26 06:00,1740549600,1.05015,1.0506,1.04965,1.0504,3045
2025-02-26 07:00,1740553200,1.05045,1.05115,1.05025,1.05035,5919
2025-02-26 08:00,1740556800,1.05035,1.0521,1.05015,1.0512,10563
2025-02-26 09:00,1740560400,1.05125,1.0513,1.05045,1.0507,5183
2025-02-26 10:00,1740564000,1.05065,1.05105,1.05005,1.05075,6933
2025-02-26 11:00,1740567600,1.0507,1.0512,1.04965,1.05015,7854
2025-02-26 12:00,1740571200,1.0501,1.05045,1.04845,1.04865,15234
2025-02-26 13:00,1740574800,1.04865,1.0505,1.04865,1.04935,12195
2025-02-26 14:00,1740578400,1.04935,1.0502,1.04915,1.04995,14221
2025-02-26 15:00,1740582000,1.04995,1.0519,1.04885,1.0516,24015
2025-02-26 16:00,1740585600,1.0516,1.05255,1.0512,1.05235,19259
2025-02-26 17:00,1740589200,1.05235,1.0539,1.04925,1.0502,43510
2025-02-26 18:00,1740592800,1.05015,1.05105,1.04945,1.0498,8706
2025-02-26 19:00,1740596400,1.0498,1.0503,1.04915,1.0501,7261
2025-02-26 20:00,1740600000,1.0501,1.0501,1.04905,1.0496,4799
2025-02-26 21:00,1740603600,1.04955,1.0498,1.04885,1.04945,2987
2025-02-26 23:00,1740610800,1.0495,1.0501,1.04945,1.0496,0
2025-02-27 00:00,1740614400,1.0496,1.0496,1.0485,1.04855,1895
2025-02-27 01:00,1740618000,1.0486,1.04915,1.0481,1.04865,2875
2025-02-27 02:00,1740621600,1.0487,1.04885,1.0479,1.04795,2960
2025-02-27 03:00,1740625200,1.04795,1.04825,1.0473,1.0474,2288
2025-02-27 04:00,1740628800,1.0474,1.0478,1.0467,1.04705,4234
2025-02-27 05:00,1740632400,1.04725,1.04735,1.047,1.0473,2725
2025-02-27 06:00,1740636000,1.04735,1.04815,1.0472,1.04795,4037
2025-02-27 07:00,1740639600,1.04795,1.0488,1.0477,1.04835,7030
2025-02-27 08:00,1740643200,1.0484,1.04885,1.04785,1.0486,8469
2025-02-27 09:00,1740646800,1.0487,1.04935,1.04835,1.04925,5540
2025-02-27 10:00,1740650400,1.0492,1.04925,1.0482,1.04895,4506
2025-02-27 11:00,1740654000,1.049,1.04955,1.0484,1.04845,6072
2025-02-27 12:00,1740657600,1.04845,1.04925,1.04815,1.04845,9731
2025-02-27 13:00,1740661200,1.04845,1.0505,1.04275,1.0432,50866
2025-02-27 14:00,1740664800,1.04315,1.04495,1.0422,1.0428,44480
2025-02-27 15:00,1740668400,1.0428,1.04355,1.0418,1.04235,32993
2025-02-27 16:00,1740672000,1.0423,1.0424,1.04115,1.0422,20486
2025-02-27 17:00,1740675600,1.0422,1.0426,1.04085,1.04155,14242
2025-02-27 18:00,1740679200,1.04155,1.04255,1.04155,1.04255,6630
2025-02-27 19:00,1740682800,1.04255,1.04255,1.04115,1.0413,7324
2025-02-27 20:00,1740686400,1.04125,1.04165,1.04095,1.04135,4655
2025-02-27 21:00,1740690000,1.0413,1.04135,1.0405,1.04065,3501
2025-02-27 23:00,1740697200,1.04,1.0408,1.0398,1.04015,0
2025-02-28 00:00,1740700800,1.0402,1.04105,1.04015,1.041,2501
2025-02-28 01:00,1740704400,1.041,1.0412,1.0392,1.0393,6062
2025-02-28 02:00,1740708000,1.0393,1.03995,1.0388,1.039,4080
2025-02-28 03:00,1740711600,1.03905,1.0397,1.03885,1.03955,1986
2025-02-28 04:00,1740715200,1.03965,1.03985,1.0394,1.0394,1224
2025-02-28 05:00,1740718800,1.0394,1.0398,1.0392,1.03965,2241
2025-02-28 06:00,1740722400,1.03965,1.0397,1.03905,1.0395,2449
2025-02-28 07:00,1740726000,1.0395,1.0408,1.03935,1.0404,11290
2025-02-28 08:00,1740729600,1.04035,1.0412,1.0403,1.0409,10657
2025-02-28 09:00,1740733200,1.04095,1.04155,1.0402,1.0403,7357
2025-02-28 10:00,1740736800,1.0403,1.04135,1.04,1.0407,6901
2025-02-28 11:00,1740740400,1.0407,1.0409,1.0401,1.04065,5008
2025-02-28 12:00,1740744000,1.04065,1.04155,1.04055,1.04145,8421
2025-02-28 13:00,1740747600,1.0415,1.0424,1.0413,1.04145,18999
2025-02-28 14:00,1740751200,1.0415,1.0422,1.0409,1.04175,17290
2025-02-28 15:00,1740754800,1.04175,1.0428,1.0401,1.0408,29349
2025-02-28 16:00,1740758400,1.04075,1.04195,1.0406,1.04095,24078
2025-02-28 17:00,1740762000,1.04095,1.04175,1.0397,1.0404,14126
2025-02-28 18:00,1740765600,1.0404,1.04055,1.03705,1.03715,37495
2025-02-28 19:00,1740769200,1.0371,1.03815,1.0367,1.03755,12366
2025-02-28 20:00,1740772800,1.0375,1.03855,1.03695,1.03825,13044
2025-02-28 21:00,1740776400,1.03825,1.0386,1.0376,1.0385,4145
2025-03-02 23:00,1740956400,1.04095,1.04285,1.0407,1.042,6091
2025-03-03 00:00,1740960000,1.042,1.0427,1.04095,1.04165,6202
2025-03-03 01:00,1740963600,1.0417,1.04305,1.0415,1.0427,4414
2025-03-03 02:00,1740967200,1.04265,1.04305,1.04225,1.0427,2570
2025-03-03 03:00,1740970800,1.0427,1.0427,1.0417,1.0424,3608
2025-03-03 04:00,1740974400,1.04245,1.04275,1.0424,1.0426,887
2025-03-03 05:00,1740978000,1.0425,1.04265,1.04195,1.0422,1169
2025-03-03 06:00,1740981600,1.04215,1.04235,1.0414,1.04155,2999
2025-03-03 07:00,1740985200,1.0416,1.04175,1.04095,1.0413,7762
2025-03-03 08:00,1740988800,1.04125,1.0414,1.0396,1.04085,10912
2025-03-03 09:00,1740992400,1.04085,1.04365,1.04085,1.04345,13255
2025-03-03 10:00,1740996000,1.0435,1.0452,1.0435,1.045,19995
2025-03-03 11:00,1740999600,1.04495,1.0465,1.0448,1.04605,12652
2025-03-03 12:00,1741003200,1.046,1.04835,1.046,1.04775,27036
2025-03-03 13:00,1741006800,1.0478,1.04845,1.04665,1.04795,22612
2025-03-03 14:00,1741010400,1.04795,1.0498,1.0476,1.04895,22262
2025-03-03 15:00,1741014000,1.0489,1.05115,1.04815,1.04925,41874
2025-03-03 16:00,1741017600,1.0492,1.0509,1.04915,1.05035,21289
2025-03-03 17:00,1741021200,1.0503,1.05045,1.0494,1.0498,12246
2025-03-03 18:00,1741024800,1.04975,1.0512,1.0489,1.0495,16894
2025-03-03 19:00,1741028400,1.0494,1.0501,1.04795,1.04805,26296
2025-03-03 20:00,1741032000,1.04805,1.0492,1.04735,1.049,19734
2025-03-03 21:00,1741035600,1.0489,1.05005,1.04875,1.04945,9425
2025-03-03 23:00,1741042800,1.0492,1.0499,1.04835,1.04915,0
2025-03-04 00:00,1741046400,1.0492,1.04955,1.0483,1.0495,3239
2025-03-04 01:00,1741050000,1.04945,1.0503,1.04895,1.0495,3952
2025-03-04 02:00,1741053600,1.04955,1.04965,1.04875,1.0488,2816
2025-03-04 03:00,1741057200,1.04875,1.0491,1.0482,1.0484,2800
2025-03-04 04:00,1741060800,1.0484,1.04875,1.0478,1.04855,3371
2025-03-04 05:00,1741064400,1.0488,1.0493,1.0485,1.0491,4062
2025-03-04 06:00,1741068000,1.04905,1.0497,1.0486,1.0493,2980
2025-03-04 07:00,1741071600,1.0493,1.0507,1.0488,1.05,14694
2025-03-04 08:00,1741075200,1.04995,1.0531,1.04935,1.0526,28291
2025-03-04 09:00,1741078800,1.05255,1.05345,1.05165,1.0519,14479
2025-03-04 10:00,1741082400,1.0519,1.05265,1.05095,1.05185,13983
2025-03-04 11:00,1741086000,1.0518,1.05515,1.05165,1.05505,20803
2025-03-04 12:00,1741089600,1.0551,1.0564,1.0543,1.05605,28140
2025-03-04 13:00,1741093200,1.05605,1.05665,1.0538,1.0546,33249
2025-03-04 14:00,1741096800,1.05455,1.0555,1.05275,1.0528,28359
2025-03-04 15:00,1741100400,1.0528,1.0535,1.0503,1.0533,53348
2025-03-04 16:00,1741104000,1.0533,1.05465,1.0522,1.05405,26264
2025-03-04 17:00,1741107600,1.05405,1.0551,1.05375,1.05485,13432
2025-03-04 18:00,1741111200,1.05485,1.0598,1.05445,1.05975,37774
2025-03-04 19:00,1741114800,1.05975,1.0609,1.05935,1.06075,21215
2025-03-04 20:00,1741118400,1.06075,1.06305,1.06075,1.06155,20596
2025-03-04 21:00,1741122000,1.0616,1.0635,1.0615,1.0633,13186
2025-03-04 23:00,1741129200,1.0629,1.0644,1.0627,1.06295,0
2025-03-05 00:00,1741132800,1.06295,1.0634,1.0617,1.06275,5224
2025-03-05 01:00,1741136400,1.0627,1.06345,1.06145,1.0619,6939
2025-03-05 02:00,1741140000,1.06195,1.0623,1.06105,1.06105,6861
2025-03-05 03:00,1741143600,1.06105,1.0627,1.06085,1.06245,5737
2025-03-05 04:00,1741147200,1.0625,1.06325,1.0622,1.06245,2563
2025-03-05 05:00,1741150800,1.0629,1.0639,1.0625,1.0638,3323
2025-03-05 06:00,1741154400,1.06375,1.06455,1.06305,1.0639,9346
2025-03-05 07:00,1741158000,1.0639,1.0683,1.0636,1.06805,30493
2025-03-05 08:00,1741161600,1.06805,1.07065,1.0665,1.07035,34219
2025-03-05 09:00,1741165200,1.07045,1.0729,1.0702,1.07185,28966
2025-03-05 10:00,1741168800,1.0718,1.07215,1.06905,1.07035,25809
2025-03-05 11:00,1741172400,1.07035,1.0705,1.0683,1.0685,14849
2025-03-05 12:00,1741176000,1.06855,1.07205,1.06855,1.0702,22297
2025-03-05 13:00,1741179600,1.07025,1.07295,1.06925,1.07225,44747
2025-03-05 14:00,1741183200,1.0722,1.07845,1.07205,1.07765,62632
2025-03-05 15:00,1741186800,1.07745,1.078,1.07475,1.07715,48633
2025-03-05 16:00,1741190400,1.0772,1.0793,1.07675,1.07735,39367
2025-03-05 17:00,1741194000,1.07735,1.07945,1.0769,1.07915,18820
2025-03-05 18:00,1741197600,1.07915,1.07955,1.07705,1.078,19222
2025-03-05 19:00,1741201200,1.07805,1.07975,1.0776,1.07965,16095
2025-03-05 20:00,1741204800,1.0797,1.0804,1.07945,1.07985,10925
2025-03-05 21:00,1741208400,1.0799,1.07995,1.0792,1.0795,4392
2025-03-05 23:00,1741215600,1.0798,1.08005,1.0792,1.07995,0
2025-03-06 00:00,1741219200,1.0799,1.08085,1.0792,1.07995,6354
2025-03-06 01:00,1741222800,1.0799,1.08255,1.07945,1.08195,10093
2025-03-06 02:00,1741226400,1.082,1.0824,1.08025,1.08095,7195
2025-03-06 03:00,1741230000,1.081,1.081,1.0793,1.07945,3867
2025-03-06 04:00,1741233600,1.07945,1.08085,1.0789,1.08085,3446
2025-03-06 05:00,1741237200,1.0809,1.08165,1.08055,1.08155,4332
2025-03-06 06:00,1741240800,1.08155,1.08255,1.0804,1.0808,9000
2025-03-06 07:00,1741244400,1.08085,1.08275,1.0797,1.0804,19960
2025-03-06 08:00,1741248000,1.0804,1.0822,1.07975,1.08065,21895
2025-03-06 09:00,1741251600,1.0806,1.08115,1.07855,1.0805,20528
2025-03-06 10:00,1741255200,1.08045,1.0809,1.0788,1.07965,20005
2025-03-06 11:00,1741258800,1.0797,1.08065,1.07885,1.0804,12859
2025-03-06 12:00,1741262400,1.08045,1.08125,1.07935,1.0805,20532
2025-03-06 13:00,1741266000,1.08055,1.08515,1.0796,1.0831,45357
2025-03-06 14:00,1741269600,1.08315,1.08465,1.08165,1.0842,38752
2025-03-06 15:00,1741273200,1.0842,1.0859,1.08165,1.0822,37074
2025-03-06 16:00,1741276800,1.0822,1.08435,1.082,1.08225,23895
2025-03-06 17:00,1741280400,1.0822,1.0827,1.07965,1.08025,26034
2025-03-06 18:00,1741284000,1.0802,1.0807,1.0771,1.0789,26369
2025-03-06 19:00,1741287600,1.0789,1.08165,1.07875,1.08065,17527
2025-03-06 20:00,1741291200,1.08065,1.08085,1.07905,1.0792,6771
2025-03-06 21:00,1741294800,1.07925,1.07955,1.078,1.07895,3447
2025-03-06 23:00,1741302000,1.07935,1.08015,1.0789,1.0792,0
2025-03-07 00:00,1741305600,1.07915,1.08,1.07915,1.07925,4285
2025-03-07 01:00,1741309200,1.0792,1.07975,1.0786,1.0795,2889
2025-03-07 02:00,1741312800,1.0795,1.08045,1.07895,1.08045,4312
2025-03-07 03:00,1741316400,1.08045,1.08195,1.08015,1.08105,4462
2025-03-07 04:00,1741320000,1.081,1.08175,1.0808,1.08175,1868
2025-03-07 05:00,1741323600,1.0814,1.0822,1.08125,1.0818,2933
2025-03-07 06:00,1741327200,1.08185,1.083,1.0813,1.0828,4594
2025-03-07 07:00,1741330800,1.0828,1.08455,1.0825,1.08345,9682
2025-03-07 08:00,1741334400,1.08345,1.086,1.0831,1.08555,16023
2025-03-07 09:00,1741338000,1.0855,1.0872,1.08495,1.0866,22997
2025-03-07 10:00,1741341600,1.0866,1.08715,1.0862,1.08655,11379
2025-03-07 11:00,1741345200,1.0865,1.0865,1.0849,1.0854,13745
2025-03-07 12:00,1741348800,1.0854,1.08615,1.0846,1.0859,16719
2025-03-07 13:00,1741352400,1.08595,1.0894,1.0845,1.0849,42911
2025-03-07 14:00,1741356000,1.08495,1.08865,1.0849,1.08585,40203
2025-03-07 15:00,1741359600,1.0859,1.0892,1.084,1.0874,56406
2025-03-07 16:00,1741363200,1.08745,1.08775,1.08425,1.08635,26294
2025-03-07 17:00,1741366800,1.08635,1.0869,1.08365,1.0848,17708
2025-03-07 18:00,1741370400,1.08475,1.08495,1.08305,1.08445,8682
2025-03-07 19:00,1741374000,1.08445,1.0849,1.0838,1.08475,8029
2025-03-07 20:00,1741377600,1.08475,1.08535,1.08445,1.0852,5509
2025-03-07 21:00,1741381200,1.08525,1.0856,1.0837,1.0838,4036
2025-03-09 22:00,1741557600,1.08465,1.08645,1.08425,1.08535,4197
2025-03-09 23:00,1741561200,1.08535,1.08695,1.08525,1.08645,3549
2025-03-10 00:00,1741564800,1.0864,1.0871,1.08565,1.0868,4039
2025-03-10 01:00,1741568400,1.0868,1.0875,1.0857,1.0857,3656
2025-03-10 02:00,1741572000,1.08565,1.086,1.084,1.0841,2929
2025-03-10 03:00,1741575600,1.0841,1.08425,1.0835,1.0835,2518
2025-03-10 04:00,1741579200,1.0836,1.0842,1.08345,1.08345,1273
2025-03-10 05:00,1741582800,1.08345,1.084,1.08315,1.08385,1950
2025-03-10 06:00,1741586400,1.08395,1.0849,1.0839,1.08415,4075
2025-03-10 07:00,1741590000,1.0842,1.0848,1.0815,1.08265,12466
2025-03-10 08:00,1741593600,1.0827,1.08285,1.08095,1.0814,15745
2025-03-10 09:00,1741597200,1.0814,1.08605,1.0813,1.08555,22565
2025-03-10 10:00,1741600800,1.08555,1.08795,1.08545,1.0865,28589
2025-03-10 11:00,1741604400,1.08655,1.08685,1.08165,1.0855,37533
2025-03-10 12:00,1741608000,1.08555,1.08645,1.08465,1.08485,26014
2025-03-10 13:00,1741611600,1.08485,1.08555,1.08375,1.08395,20839
2025-03-10 14:00,1741615200,1.0839,1.08515,1.0836,1.08495,32779
2025-03-10 15:00,1741618800,1.08495,1.0852,1.0825,1.0841,17682
2025-03-10 16:00,1741622400,1.0841,1.08455,1.0832,1.08345,20467
2025-03-10 17:00,1741626000,1.0834,1.085,1.083,1.0834,9926
2025-03-10 18:00,1741629600,1.08335,1.084,1.0822,1.08345,20527
2025-03-10 19:00,1741633200,1.08345,1.0837,1.08215,1.08355,12987
2025-03-10 20:00,1741636800,1.0836,1.0841,1.08295,1.08385,5484
2025-03-10 22:00,1741644000,1.08375,1.08455,1.0837,1.08385,0
2025-03-10 23:00,1741647600,1.0839,1.0847,1.0839,1.0843,1408
2025-03-11 00:00,1741651200,1.0843,1.0857,1.0843,1.0855,3085
2025-03-11 01:00,1741654800,1.08555,1.0862,1.08475,1.08615,3154
2025-03-11 02:00,1741658400,1.0862,1.08645,1.08535,1.086,2216
2025-03-11 03:00,1741662000,1.08595,1.08635,1.08525,1.0857,8483
2025-03-11 04:00,1741665600,1.08565,1.08655,1.0856,1.0858,8330
2025-03-11 05:00,1741669200,1.0858,1.0859,1.08395,1.0842,4488
2025-03-11 06:00,1741672800,1.08425,1.08795,1.08405,1.086,22804
2025-03-11 07:00,1741676400,1.086,1.0905,1.0859,1.08945,44803
2025-03-11 08:00,1741680000,1.08945,1.0923,1.08915,1.09205,40851
2025-03-11 09:00,1741683600,1.09205,1.09245,1.09,1.09125,28341
2025-03-11 10:00,1741687200,1.0912,1.0912,1.08865,1.0894,30791
2025-03-11 11:00,1741690800,1.08935,1.09085,1.0885,1.09075,32023
2025-03-11 12:00,1741694400,1.09085,1.0924,1.09055,1.0922,21938
2025-03-11 13:00,1741698000,1.09215,1.09345,1.09155,1.09245,39734
2025-03-11 14:00,1741701600,1.09235,1.0924,1.0899,1.0923,51366
2025-03-11 15:00,1741705200,1.09225,1.09325,1.09155,1.0931,59118
2025-03-11 16:00,1741708800,1.09305,1.0933,1.09215,1.0929,22076
2025-03-11 17:00,1741712400,1.0929,1.0939,1.09275,1.0938,11784
2025-03-11 18:00,1741716000,1.0938,1.09505,1.0929,1.09345,26208
2025-03-11 19:00,1741719600,1.09345,1.09385,1.0923,1.09235,14636
2025-03-11 20:00,1741723200,1.0924,1.09245,1.09135,1.09225,4087
2025-03-11 22:00,1741730400,1.09175,1.0922,1.0913,1.09185,0
2025-03-11 23:00,1741734000,1.09185,1.0921,1.0916,1.0917,1322
2025-03-12 00:00,1741737600,1.0917,1.09185,1.09085,1.0912,1731
2025-03-12 01:00,1741741200,1.0912,1.0918,1.0909,1.0909,2980
2025-03-12 02:00,1741744800,1.0909,1.09145,1.09065,1.09065,1641
2025-03-12 03:00,1741748400,1.0907,1.0908,1.0899,1.09005,5203
2025-03-12 04:00,1741752000,1.0899,1.0906,1.0898,1.0902,1896
2025-03-12 05:00,1741755600,1.0902,1.0907,1.0898,1.0907,2133
2025-03-12 06:00,1741759200,1.09065,1.0912,1.08955,1.08955,3242
2025-03-12 07:00,1741762800,1.08955,1.0906,1.08905,1.09045,11002
2025-03-12 08:00,1741766400,1.09045,1.0925,1.0901,1.09245,26515
2025-03-12 09:00,1741770000,1.0925,1.09295,1.09165,1.09175,42722
2025-03-12 10:00,1741773600,1.09175,1.0924,1.09075,1.09095,22277
2025-03-12 11:00,1741777200,1.09095,1.09165,1.09025,1.0904,20995
2025-03-12 12:00,1741780800,1.09045,1.09355,1.08795,1.08815,78701
2025-03-12 13:00,1741784400,1.08815,1.08995,1.08785,1.0885,77031
2025-03-12 14:00,1741788000,1.0885,1.09165,1.0884,1.0916,30215
2025-03-12 15:00,1741791600,1.0916,1.0927,1.0913,1.0927,53139
2025-03-12 16:00,1741795200,1.0927,1.0931,1.0909,1.0909,44320
2025-03-12 17:00,1741798800,1.09095,1.0917,1.0906,1.09095,13795
2025-03-12 18:00,1741802400,1.09095,1.09125,1.08825,1.0888,13830
2025-03-12 19:00,1741806000,1.08875,1.09005,1.08865,1.08935,19032
2025-03-12 20:00,1741809600,1.08935,1.0897,1.08895,1.08905,2600
2025-03-12 22:00,1741816800,1.0891,1.08915,1.08885,1.08905,0
2025-03-12 23:00,1741820400,1.0891,1.08915,1.0885,1.0887,2130
2025-03-13 00:00,1741824000,1.0887,1.08935,1.08835,1.0893,1627
2025-03-13 01:00,1741827600,1.0893,1.0895,1.08875,1.08905,1604
2025-03-13 02:00,1741831200,1.08905,1.08985,1.08905,1.08965,1374
2025-03-13 03:00,1741834800,1.0897,1.0897,1.08865,1.0887,1118
2025-03-13 04:00,1741838400,1.08855,1.0895,1.08855,1.08945,1145
2025-03-13 05:00,1741842000,1.08945,1.08945,1.08805,1.0886,2463
2025-03-13 06:00,1741845600,1.0887,1.0887,1.08705,1.08755,6505
2025-03-13 07:00,1741849200,1.0876,1.08865,1.0861,1.0867,9237
2025-03-13 08:00,1741852800,1.0867,1.0885,1.08605,1.0875,26943
2025-03-13 09:00,1741856400,1.08745,1.08865,1.08705,1.08805,18006
2025-03-13 10:00,1741860000,1.0881,1.0884,1.08635,1.0871,20672
2025-03-13 11:00,1741863600,1.08715,1.08765,1.0844,1.0857,28946
2025-03-13 12:00,1741867200,1.0858,1.08825,1.0827,1.0836,35855
2025-03-13 13:00,1741870800,1.08365,1.08545,1.0824,1.08485,32769
2025-03-13 14:00,1741874400,1.08485,1.0871,1.08475,1.08665,25983
2025-03-13 15:00,1741878000,1.08665,1.0873,1.0854,1.08595,31060
2025-03-13 16:00,1741881600,1.08595,1.08795,1.08565,1.0874,26363
2025-03-13 17:00,1741885200,1.0874,1.0875,1.0856,1.0856,9459
2025-03-13 18:00,1741888800,1.0856,1.08595,1.0853,1.08545,8207
2025-03-13 19:00,1741892400,1.0855,1.08585,1.08485,1.08495,7205
2025-03-13 20:00,1741896000,1.08495,1.0857,1.08475,1.0854,0
2025-03-13 22:00,1741903200,1.0854,1.08565,1.0852,1.08535,284
2025-03-13 23:00,1741906800,1.08525,1.08555,1.0851,1.0855,558
2025-03-14 00:00,1741910400,1.08545,1.08585,1.08495,1.085,1004
2025-03-14 01:00,1741914000,1.08495,1.08495,1.08415,1.08415,743
2025-03-14 02:00,1741917600,1.08425,1.08435,1.0835,1.0841,1397
2025-03-14 03:00,1741921200,1.084,1.0846,1.0839,1.0846,371
2025-03-14 04:00,1741924800,1.08445,1.08455,1.0839,1.08415,163
2025-03-14 05:00,1741928400,1.0842,1.0852,1.0842,1.08515,181
2025-03-14 06:00,1741932000,1.08505,1.08505,1.08355,1.08395,187
2025-03-14 07:00,1741935600,1.0838,1.08465,1.08315,1.0839,1176
2025-03-14 08:00,1741939200,1.0838,1.0857,1.0837,1.0854,10931
2025-03-14 09:00,1741942800,1.08545,1.08625,1.0848,1.0852,8476
2025-03-14 10:00,1741946400,1.08525,1.0967,1.08525,1.0896,14652
2025-03-14 11:00,1741950000,1.09495,1.0964,1.08885,1.09515,90391
2025-03-14 12:00,1741953600,1.0951,1.09665,1.0891,1.09495,18665
2025-03-14 13:00,1741957200,1.095,1.0954,1.0871,1.0929,22323
2025-03-14 14:00,1741960800,1.09295,1.0941,1.08665,1.09325,17038
2025-03-14 15:00,1741964400,1.0933,1.0941,1.0867,1.0926,22859
2025-03-14 16:00,1741968000,1.09265,1.09445,1.0871,1.0938,14828
2025-03-14 17:00,1741971600,1.09375,1.09425,1.088,1.0937,4944
2025-03-14 18:00,1741975200,1.09365,1.0941,1.0876,1.0935,5837
2025-03-14 19:00,1741978800,1.08815,1.0939,1.08805,1.0938,3804
2025-03-14 20:00,1741982400,1.0938,1.0941,1.08805,1.0934,2377
2025-03-16 22:00,1742162400,1.0937,1.0939,1.0877,1.0935,1540
2025-03-16 23:00,1742166000,1.09355,1.0939,1.0884,1.09335,1284
2025-03-17 00:00,1742169600,1.0934,1.0937,1.0876,1.09335,1374
2025-03-17 01:00,1742173200,1.0933,1.09445,1.08815,1.09365,2191
2025-03-17 02:00,1742176800,1.09365,1.09395,1.08835,1.0935,1220
2025-03-17 03:00,1742180400,1.09345,1.094,1.08775,1.0937,1456
2025-03-17 04:00,1742184000,1.09375,1.0948,1.08815,1.0936,2210
2025-03-17 05:00,1742187600,1.0936,1.09365,1.0875,1.09315,1340
2025-03-17 06:00,1742191200,1.0932,1.09385,1.08815,1.0931,2211
2025-03-17 07:00,1742194800,1.09315,1.09385,1.087,1.09305,6415
2025-03-17 08:00,1742198400,1.093,1.0941,1.0873,1.09375,8775
2025-03-17 09:00,1742202000,1.0938,1.0955,1.0878,1.09535,10234
2025-03-17 10:00,1742205600,1.09535,1.09635,1.09,1.0962,9152
2025-03-17 11:00,1742209200,1.0962,1.09665,1.08985,1.09565,9432
2025-03-17 12:00,1742212800,1.09565,1.0964,1.0888,1.0956,12820
2025-03-17 13:00,1742216400,1.0956,1.09605,1.0899,1.09585,9714
2025-03-17 14:00,1742220000,1.0959,1.0973,1.0906,1.097,9929
2025-03-17 15:00,1742223600,1.097,1.0984,1.097,1.0977,14347
2025-03-17 16:00,1742227200,1.0975,1.09805,1.0969,1.0976,11210
2025-03-17 17:00,1742230800,1.09755,1.0978,1.0966,1.09685,6729
2025-03-17 18:00,1742234400,1.0968,1.0981,1.0967,1.098,9794
2025-03-17 19:00,1742238000,1.09805,1.09805,1.0973,1.09745,3208
2025-03-17 20:00,1742241600,1.09755,1.0982,1.0975,1.09775,2469
2025-03-17 22:00,1742248800,1.09765,1.0977,1.0973,1.0975,0
2025-03-17 23:00,1742252400,1.09755,1.0976,1.09715,1.0972,630
2025-03-18 00:00,1742256000,1.0972,1.0975,1.09685,1.09695,1514
2025-03-18 01:00,1742259600,1.097,1.0973,1.0966,1.0967,1331
2025-03-18 02:00,1742263200,1.09675,1.097,1.09615,1.09625,1925
2025-03-18 03:00,1742266800,1.09625,1.09645,1.096,1.0962,1038
2025-03-18 04:00,1742270400,1.09635,1.09655,1.0963,1.0965,1154
2025-03-18 05:00,1742274000,1.0965,1.0967,1.0961,1.09615,1206
2025-03-18 06:00,1742277600,1.0962,1.0975,1.09575,1.09745,3620
2025-03-18 07:00,1742281200,1.0974,1.09905,1.097,1.0989,6948
2025-03-18 08:00,1742284800,1.09885,1.10085,1.0987,1.10055,16145
2025-03-18 09:00,1742288400,1.10055,1.10075,1.09935,1.1004,9289
2025-03-18 10:00,1742292000,1.1004,1.1006,1.09855,1.0988,11615
2025-03-18 11:00,1742295600,1.0989,1.09915,1.09685,1.09705,11629
2025-03-18 12:00,1742299200,1.0971,1.09775,1.0947,1.09655,16604
2025-03-18 13:00,1742302800,1.09655,1.0975,1.09555,1.09665,13183
2025-03-18 14:00,1742306400,1.09665,1.09735,1.09605,1.09705,17446
2025-03-18 15:00,1742310000,1.0971,1.0988,1.095,1.0981,25772
2025-03-18 16:00,1742313600,1.09805,1.0994,1.09775,1.09925,12857
2025-03-18 17:00,1742317200,1.09925,1.10065,1.0992,1.1004,14886
2025-03-18 18:00,1742320800,1.10045,1.10055,1.0995,1.09985,8685
2025-03-18 19:00,1742324400,1.0999,1.1004,1.09955,1.1001,6487
2025-03-18 20:00,1742328000,1.10005,1.10035,1.0997,1.09985,2303
2025-03-18 22:00,1742335200,1.0996,1.1,1.0994,1.09955,0
2025-03-18 23:00,1742338800,1.0996,1.0997,1.09915,1.0992,749
2025-03-19 00:00,1742342400,1.09925,1.0993,1.09855,1.09885,2990
2025-03-19 01:00,1742346000,1.0988,1.0991,1.0987,1.09905,851
2025-03-19 02:00,1742349600,1.09905,1.0999,1.0989,1.09945,1047
2025-03-19 03:00,1742353200,1.0995,1.09975,1.0987,1.0993,629
2025-03-19 04:00,1742356800,1.09885,1.09895,1.09815,1.09835,1392
2025-03-19 05:00,1742360400,1.0984,1.09895,1.0984,1.09845,1303
2025-03-19 06:00,1742364000,1.0985,1.09865,1.0974,1.09745,2863
2025-03-19 07:00,1742367600,1.09745,1.0977,1.09265,1.0946,24488
2025-03-19 08:00,1742371200,1.0946,1.0964,1.09455,1.0961,15575
2025-03-19 09:00,1742374800,1.0961,1.0964,1.0949,1.0956,7497
2025-03-19 10:00,1742378400,1.09555,1.09575,1.09445,1.09535,8164
2025-03-19 11:00,1742382000,1.09535,1.09665,1.0947,1.0962,10960
2025-03-19 12:00,1742385600,1.0962,1.0971,1.09525,1.09545,12975
2025-03-19 13:00,1742389200,1.0955,1.0957,1.0946,1.0948,12857
2025-03-19 14:00,1742392800,1.09475,1.09535,1.09355,1.0937,12329
2025-03-19 15:00,1742396400,1.09375,1.0941,1.0929,1.09305,16633
2025-03-19 16:00,1742400000,1.09305,1.09395,1.09295,1.0938,9788
2025-03-19 17:00,1742403600,1.0938,1.0939,1.0913,1.0923,12168
2025-03-19 18:00,1742407200,1.0923,1.09665,1.091,1.09605,24669
2025-03-19 19:00,1742410800,1.09605,1.0966,1.0938,1.0952,8997
2025-03-19 20:00,1742414400,1.0952,1.09595,1.09485,1.0956,1832
2025-03-19 22:00,1742421600,1.09545,1.09645,1.0954,1.09605,0
2025-03-19 23:00,1742425200,1.09605,1.0963,1.09565,1.0963,726
2025-03-20 00:00,1742428800,1.09635,1.09685,1.09555,1.09635,2744
2025-03-20 01:00,1742432400,1.0964,1.09645,1.09545,1.09575,1635
2025-03-20 02:00,1742436000,1.0957,1.0969,1.09565,1.09605,2694
2025-03-20 03:00,1742439600,1.0961,1.09655,1.09585,1.09605,954
2025-03-20 04:00,1742443200,1.09615,1.09615,1.0952,1.0955,1262
2025-03-20 05:00,1742446800,1.0955,1.0955,1.0942,1.09475,1728
2025-03-20 06:00,1742450400,1.09465,1.09505,1.0941,1.09445,2360
2025-03-20 07:00,1742454000,1.09445,1.0946,1.0916,1.09305,8842
2025-03-20 08:00,1742457600,1.0931,1.0937,1.0914,1.09185,10457
2025-03-20 09:00,1742461200,1.0914,1.09205,1.08895,1.09035,20540
2025-03-20 10:00,1742464800,1.0904,1.09065,1.08845,1.08975,16938
2025-03-20 11:00,1742468400,1.08975,1.0903,1.08905,1.09005,8238
2025-03-20 12:00,1742472000,1.09,1.0907,1.08825,1.08855,14836
2025-03-20 13:00,1742475600,1.0885,1.08905,1.0866,1.08765,26689
2025-03-20 14:00,1742479200,1.0876,1.089,1.0874,1.0881,12995
2025-03-20 15:00,1742482800,1.0881,1.09005,1.08745,1.08985,18572
2025-03-20 16:00,1742486400,1.08985,1.09035,1.08935,1.09,11624
2025-03-20 17:00,1742490000,1.09005,1.0903,1.0891,1.08965,5265
2025-03-20 18:00,1742493600,1.08965,1.0901,1.0893,1.09,4222
2025-03-20 19:00,1742497200,1.09,1.0906,1.0899,1.09045,3621
2025-03-20 20:00,1742500800,1.0904,1.0911,1.0903,1.09045,0
2025-03-20 22:00,1742508000,1.0906,1.091,1.0905,1.0908,1178
2025-03-20 23:00,1742511600,1.09085,1.0909,1.0904,1.09045,1031
2025-03-21 00:00,1742515200,1.0905,1.09095,1.0902,1.0904,1637
2025-03-21 01:00,1742518800,1.0904,1.0907,1.09005,1.0903,2680
2025-03-21 02:00,1742522400,1.09035,1.0906,1.08935,1.08955,2235
2025-03-21 03:00,1742526000,1.08955,1.08975,1.08845,1.08865,1441
2025-03-21 04:00,1742529600,1.0886,1.0887,1.08785,1.0881,2150
2025-03-21 05:00,1742533200,1.0881,1.08815,1.08705,1.08795,3537
2025-03-21 06:00,1742536800,1.08795,1.08885,1.0875,1.0885,4014
2025-03-21 07:00,1742540400,1.08845,1.08925,1.0878,1.08895,9062
2025-03-21 08:00,1742544000,1.08895,1.0896,1.0875,1.08865,8580
2025-03-21 09:00,1742547600,1.08865,1.089,1.08755,1.08765,5117
2025-03-21 10:00,1742551200,1.0877,1.0889,1.08765,1.0888,5741
2025-03-21 11:00,1742554800,1.0888,1.09025,1.0886,1.09015,9954
2025-03-21 12:00,1742558400,1.09015,1.09125,1.08805,1.0883,17211
2025-03-21 13:00,1742562000,1.0883,1.08875,1.0876,1.0883,10230
2025-03-21 14:00,1742565600,1.0883,1.08865,1.0869,1.0875,11433
2025-03-21 15:00,1742569200,1.08745,1.08805,1.0847,1.08575,22030
2025-03-21 16:00,1742572800,1.0857,1.0876,1.0855,1.0869,18264
2025-03-21 17:00,1742576400,1.0869,1.08765,1.0856,1.0873,9300
2025-03-21 18:00,1742580000,1.08735,1.0878,1.0866,1.08715,5293
2025-03-21 19:00,1742583600,1.08715,1.08755,1.0866,1.0869,3671
2025-03-21 20:00,1742587200,1.0869,1.0869,1.08625,1.0867,2605
2025-03-23 22:00,1742767200,1.08715,1.0881,1.08665,1.087,1474
2025-03-23 23:00,1742770800,1.08705,1.08875,1.08695,1.08865,2064
2025-03-24 00:00,1742774400,1.0886,1.08905,1.0883,1.08875,2627
2025-03-24 01:00,1742778000,1.08875,1.08875,1.0873,1.08765,2182
2025-03-24 02:00,1742781600,1.0877,1.08825,1.0875,1.0875,929
2025-03-24 03:00,1742785200,1.08755,1.08795,1.0871,1.08715,1135
2025-03-24 04:00,1742788800,1.0871,1.0875,1.0867,1.08735,1305
2025-03-24 05:00,1742792400,1.0873,1.0881,1.0869,1.0879,1910
2025-03-24 06:00,1742796000,1.0879,1.0895,1.08785,1.08895,3928
2025-03-24 07:00,1742799600,1.08895,1.09005,1.08835,1.08885,8837
2025-03-24 08:00,1742803200,1.0889,1.09085,1.08875,1.0893,13574
2025-03-24 09:00,1742806800,1.0894,1.08955,1.0879,1.089,9260
2025-03-24 10:00,1742810400,1.08905,1.0906,1.08875,1.08985,7304
2025-03-24 11:00,1742814000,1.0899,1.09005,1.0883,1.0883,5387
2025-03-24 12:00,1742817600,1.0883,1.08855,1.0872,1.088,10114
2025-03-24 13:00,1742821200,1.088,1.0881,1.0843,1.0844,18679
2025-03-24 14:00,1742824800,1.08435,1.08705,1.0841,1.08495,18099
2025-03-24 15:00,1742828400,1.085,1.0856,1.0841,1.08445,11210
2025-03-24 16:00,1742832000,1.0844,1.0858,1.0832,1.08425,14868
2025-03-24 17:00,1742835600,1.0842,1.0848,1.08345,1.0838,8407
2025-03-24 18:00,1742839200,1.0838,1.0864,1.0834,1.0856,15145
2025-03-24 19:00,1742842800,1.0856,1.08575,1.08465,1.08525,4720
2025-03-24 20:00,1742846400,1.08525,1.08565,1.0851,1.0851,1401
2025-03-24 22:00,1742853600,1.0853,1.08535,1.0845,1.08525,0
2025-03-24 23:00,1742857200,1.0853,1.08545,1.0851,1.0853,802
2025-03-25 00:00,1742860800,1.08525,1.08535,1.0846,1.08505,1603
2025-03-25 01:00,1742864400,1.08505,1.08585,1.08505,1.08525,1219
2025-03-25 02:00,1742868000,1.0852,1.0855,1.08445,1.08465,1582
2025-03-25 03:00,1742871600,1.08465,1.08535,1.0846,1.0853,742
2025-03-25 04:00,1742875200,1.0854,1.08595,1.08535,1.08535,1228
2025-03-25 05:00,1742878800,1.08535,1.0857,1.08515,1.08535,898
2025-03-25 06:00,1742882400,1.08525,1.08545,1.0843,1.0845,2033
2025-03-25 07:00,1742886000,1.08445,1.0852,1.08355,1.0838,6606
2025-03-25 08:00,1742889600,1.08375,1.0844,1.0827,1.08405,10878
2025-03-25 09:00,1742893200,1.08405,1.0854,1.08375,1.0851,7593
2025-03-25 10:00,1742896800,1.08505,1.08745,1.08505,1.08705,11747
2025-03-25 11:00,1742900400,1.08705,1.0878,1.0861,1.0868,11554
2025-03-25 12:00,1742904000,1.0868,1.08805,1.0866,1.08755,7322
2025-03-25 13:00,1742907600,1.0876,1.08785,1.0864,1.087,11700
2025-03-25 14:00,1742911200,1.0868,1.08725,1.0852,1.0863,16189
2025-03-25 15:00,1742914800,1.0863,1.087,1.0847,1.08535,16423
2025-03-25 16:00,1742918400,1.0853,1.08635,1.0852,1.0857,12133
2025-03-25 17:00,1742922000,1.08575,1.0867,1.0856,1.086,4908
2025-03-25 18:00,1742925600,1.08595,1.086,1.0847,1.08485,4370
2025-03-25 19:00,1742929200,1.0849,1.0852,1.0841,1.08455,5630
2025-03-25 20:00,1742932800,1.08455,1.0846,1.084,1.08405,1878
2025-03-25 22:00,1742940000,1.0843,1.08435,1.08375,1.08385,0
2025-03-25 23:00,1742943600,1.0839,1.0839,1.0835,1.08385,939
2025-03-26 00:00,1742947200,1.0838,1.08415,1.08335,1.0834,2829
2025-03-26 01:00,1742950800,1.0834,1.0845,1.08285,1.0843,3100
2025-03-26 02:00,1742954400,1.08435,1.0847,1.08395,1.0845,1200
2025-03-26 03:00,1742958000,1.0845,1.0846,1.08335,1.0834,1596
2025-03-26 04:00,1742961600,1.0836,1.0836,1.0831,1.08335,1266
2025-03-26 05:00,1742965200,1.08335,1.0837,1.08275,1.0835,1691
2025-03-26 06:00,1742968800,1.0835,1.0838,1.08315,1.08365,2053
2025-03-26 07:00,1742972400,1.0836,1.0841,1.08305,1.0835,8492
2025-03-26 08:00,1742976000,1.0836,1.085,1.0835,1.0849,10998
2025-03-26 09:00,1742979600,1.08485,1.0853,1.08425,1.0845,5668
2025-03-26 10:00,1742983200,1.0845,1.0851,1.08365,1.08415,5176
2025-03-26 11:00,1742986800,1.08415,1.08475,1.08385,1.0842,4586
2025-03-26 12:00,1742990400,1.08425,1.0843,1.08315,1.0834,10714
2025-03-26 13:00,1742994000,1.08345,1.084,1.08175,1.08245,17631
2025-03-26 14:00,1742997600,1.0824,1.0845,1.08225,1.084,17047
2025-03-26 15:00,1743001200,1.08405,1.0844,1.08175,1.08305,15929
2025-03-26 16:00,1743004800,1.08305,1.08415,1.08265,1.0837,11688
2025-03-26 17:00,1743008400,1.08375,1.08385,1.08015,1.0806,28139
2025-03-26 18:00,1743012000,1.0806,1.08115,1.08025,1.08045,7396
2025-03-26 19:00,1743015600,1.0805,1.08055,1.07935,1.0801,8010
2025-03-26 20:00,1743019200,1.08015,1.0806,1.08,1.0804,3198
2025-03-26 22:00,1743026400,1.07885,1.0793,1.0781,1.0785,0
2025-03-26 23:00,1743030000,1.0785,1.07925,1.0783,1.0789,1436
2025-03-27 00:00,1743033600,1.0789,1.0805,1.07885,1.08035,2847
2025-03-27 01:00,1743037200,1.08035,1.0817,1.0803,1.0813,3258
2025-03-27 02:00,1743040800,1.0813,1.0828,1.0813,1.0824,3245
2025-03-27 03:00,1743044400,1.08235,1.0828,1.0821,1.08265,2276
2025-03-27 04:00,1743048000,1.08305,1.08345,1.08275,1.08285,3092
2025-03-27 05:00,1743051600,1.0828,1.0829,1.08105,1.0817,4333
2025-03-27 06:00,1743055200,1.08165,1.08305,1.0816,1.0821,4287
2025-03-27 07:00,1743058800,1.0821,1.0822,1.08025,1.0813,9049
2025-03-27 08:00,1743062400,1.0813,1.0825,1.08035,1.0824,12359
2025-03-27 09:00,1743066000,1.08235,1.0827,1.0809,1.08185,7150
2025-03-27 10:00,1743069600,1.08185,1.08295,1.0814,1.08295,8239
2025-03-27 11:00,1743073200,1.08295,1.08475,1.08265,1.0835,18462
2025-03-27 12:00,1743076800,1.08355,1.0846,1.08315,1.0835,12381
2025-03-27 13:00,1743080400,1.08355,1.0845,1.08245,1.0828,21677
2025-03-27 14:00,1743084000,1.0828,1.08425,1.08255,1.08375,12930
2025-03-27 15:00,1743087600,1.08385,1.0869,1.08335,1.0848,25497
2025-03-27 16:00,1743091200,1.08475,1.08485,1.084,1.0847,13278
2025-03-27 17:00,1743094800,1.08475,1.0857,1.08375,1.0838,7885
2025-03-27 18:00,1743098400,1.08375,1.08465,1.08375,1.08395,4915
2025-03-27 19:00,1743102000,1.0839,1.08475,1.0836,1.0843,4257
2025-03-27 20:00,1743105600,1.08425,1.0851,1.0842,1.08505,0
2025-03-27 22:00,1743112800,1.08455,1.08465,1.0843,1.0844,724
2025-03-27 23:00,1743116400,1.08445,1.08485,1.08435,1.0848,1121
2025-03-28 00:00,1743120000,1.0848,1.0848,1.0836,1.08425,2009
2025-03-28 01:00,1743123600,1.08425,1.0846,1.0839,1.0841,1296
2025-03-28 02:00,1743127200,1.08405,1.0844,1.08375,1.0842,1327
2025-03-28 03:00,1743130800,1.08425,1.0844,1.08385,1.08385,821
2025-03-28 04:00,1743134400,1.08365,1.0838,1.0832,1.0836,1915
2025-03-28 05:00,1743138000,1.08365,1.08405,1.0834,1.08385,1711
2025-03-28 06:00,1743141600,1.0838,1.084,1.083,1.0832,2710
2025-03-28 07:00,1743145200,1.0832,1.08475,1.08295,1.0835,6256
2025-03-28 08:00,1743148800,1.08345,1.0844,1.0822,1.0826,9047
2025-03-28 09:00,1743152400,1.08265,1.0828,1.0817,1.08215,7190
2025-03-28 10:00,1743156000,1.08215,1.08265,1.0815,1.08165,5847
2025-03-28 11:00,1743159600,1.08165,1.0823,1.0812,1.082,6379
2025-03-28 12:00,1743163200,1.08195,1.08395,1.08125,1.08365,16180
2025-03-28 13:00,1743166800,1.08365,1.08645,1.08325,1.0858,35977
2025-03-28 14:00,1743170400,1.08585,1.0879,1.0857,1.0871,19204
2025-03-28 15:00,1743174000,1.08705,1.08925,1.0867,1.0873,22667
2025-03-28 16:00,1743177600,1.0873,1.0881,1.0868,1.08695,11735
2025-03-28 17:00,1743181200,1.08695,1.08765,1.08595,1.08675,8842
2025-03-28 18:00,1743184800,1.08675,1.08755,1.08615,1.0872,10479
2025-03-28 19:00,1743188400,1.0872,1.08765,1.0871,1.08735,5089
2025-03-28 20:00,1743192000,1.0873,1.0884,1.08725,1.08765,2654
2025-03-30 22:00,1743372000,1.08665,1.087,1.0852,1.08685,3822
2025-03-30 23:00,1743375600,1.0868,1.08765,1.0858,1.08705,4819
2025-03-31 00:00,1743379200,1.08705,1.08885,1.08705,1.08885,4198
2025-03-31 01:00,1743382800,1.08885,1.08925,1.08785,1.088,3147
2025-03-31 02:00,1743386400,1.08795,1.08935,1.08765,1.08875,3530
2025-03-31 03:00,1743390000,1.08875,1.08885,1.08795,1.08805,1396
2025-03-31 04:00,1743393600,1.08805,1.0883,1.0878,1.08815,1210
2025-03-31 05:00,1743397200,1.08805,1.089,1.08785,1.0881,3081
2025-03-31 06:00,1743400800,1.0881,1.0892,1.0872,1.0885,9257
2025-03-31 07:00,1743404400,1.08845,1.08955,1.0868,1.0879,13686
2025-03-31 08:00,1743408000,1.0879,1.0883,1.0859,1.0875,11309
2025-03-31 09:00,1743411600,1.08745,1.0878,1.0862,1.08635,6626
2025-03-31 10:00,1743415200,1.0863,1.08675,1.0853,1.08655,8510
2025-03-31 11:00,1743418800,1.08655,1.0876,1.08625,1.0867,7737
2025-03-31 12:00,1743422400,1.08675,1.0868,1.0848,1.0851,9377
2025-03-31 13:00,1743426000,1.0851,1.08685,1.085,1.0855,13954
2025-03-31 14:00,1743429600,1.0855,1.0856,1.0831,1.08485,36695
2025-03-31 15:00,1743433200,1.08485,1.08635,1.08375,1.0841,38588
2025-03-31 16:00,1743436800,1.08415,1.08625,1.0832,1.0858,11958
2025-03-31 17:00,1743440400,1.08585,1.0864,1.08545,1.08615,5603
2025-03-31 18:00,1743444000,1.08615,1.0865,1.0854,1.0862,6787
2025-03-31 19:00,1743447600,1.08615,1.08665,1.08585,1.0861,5104
2025-03-31 20:00,1743451200,1.0861,1.08655,1.08565,1.08625,2498
2025-03-31 22:00,1743458400,1.0864,1.0865,1.0862,1.08645,0
2025-03-31 23:00,1743462000,1.0864,1.08655,1.086,1.08635,1447
2025-04-01 00:00,1743465600,1.0864,1.0873,1.0864,1.08715,1689
2025-04-01 01:00,1743469200,1.0871,1.08725,1.0863,1.08665,1735
2025-04-01 02:00,1743472800,1.08665,1.08745,1.0866,1.087,1406
2025-04-01 03:00,1743476400,1.087,1.08745,1.08675,1.0873,1236
2025-04-01 04:00,1743480000,1.08755,1.0876,1.0871,1.0871,1123
2025-04-01 05:00,1743483600,1.08715,1.08715,1.08525,1.08535,3821
2025-04-01 06:00,1743487200,1.0854,1.0857,1.0845,1.08545,6618
2025-04-01 07:00,1743490800,1.08545,1.08585,1.08455,1.08475,7481
2025-04-01 08:00,1743494400,1.08475,1.0864,1.0846,1.08635,4930
2025-04-01 09:00,1743498000,1.0864,1.08755,1.0861,1.08635,6970
2025-04-01 10:00,1743501600,1.0864,1.0865,1.08445,1.08445,18147
2025-04-01 11:00,1743505200,1.08445,1.08445,1.08245,1.08275,13140
2025-04-01 12:00,1743508800,1.08275,1.08415,1.08275,1.08335,9494
2025-04-01 13:00,1743512400,1.0833,1.08415,1.08255,1.08335,10536
2025-04-01 14:00,1743516000,1.08345,1.0859,1.08275,1.08535,33240
2025-04-01 15:00,1743519600,1.08535,1.08585,1.0845,1.08455,14463
2025-04-01 16:00,1743523200,1.08455,1.08495,1.0839,1.08465,7587
2025-04-01 17:00,1743526800,1.0846,1.08505,1.08375,1.0839,3407
2025-04-01 18:00,1743530400,1.0839,1.08415,1.08315,1.08335,6132
2025-04-01 19:00,1743534000,1.08335,1.0837,1.08315,1.0836,2488
2025-04-01 20:00,1743537600,1.08355,1.0848,1.0834,1.08365,4054
2025-04-01 22:00,1743544800,1.0838,1.08535,1.0838,1.08445,0
2025-04-01 23:00,1743548400,1.0845,1.08455,1.084,1.084,1045
2025-04-02 00:00,1743552000,1.08405,1.08405,1.08345,1.0836,1517
2025-04-02 01:00,1743555600,1.08365,1.084,1.08325,1.084,2385
2025-04-02 02:00,1743559200,1.08405,1.08475,1.08395,1.084,1842
2025-04-02 03:00,1743562800,1.08405,1.08455,1.08395,1.08415,719
2025-04-02 04:00,1743566400,1.0841,1.0843,1.0838,1.08385,1051
2025-04-02 05:00,1743570000,1.0838,1.0838,1.0832,1.08355,1185
2025-04-02 06:00,1743573600,1.08345,1.08425,1.0833,1.0838,4063
2025-04-02 07:00,1743577200,1.0838,1.08405,1.0825,1.08375,6441
2025-04-02 08:00,1743580800,1.0837,1.0848,1.08365,1.0843,4713
2025-04-02 09:00,1743584400,1.0843,1.0854,1.08415,1.0852,5602
2025-04-02 10:00,1743588000,1.08515,1.08525,1.08315,1.084,10101
2025-04-02 11:00,1743591600,1.0839,1.0852,1.08365,1.0848,6631
2025-04-02 12:00,1743595200,1.08485,1.08655,1.0842,1.0865,13093
2025-04-02 13:00,1743598800,1.08645,1.08755,1.0861,1.08725,15520
2025-04-02 14:00,1743602400,1.08725,1.09075,1.0865,1.0904,32059
2025-04-02 15:00,1743606000,1.09045,1.09195,1.08965,1.0914,24556
2025-04-02 16:00,1743609600,1.09135,1.09135,1.08925,1.08985,12570
2025-04-02 17:00,1743613200,1.08985,1.0906,1.0896,1.0898,6659
2025-04-02 18:00,1743616800,1.0898,1.09055,1.0894,1.09005,7972
2025-04-02 19:00,1743620400,1.09,1.09025,1.0893,1.08955,9146
2025-04-02 20:00,1743624000,1.08955,1.09715,1.0855,1.0902,52170
2025-04-02 22:00,1743631200,1.08755,1.0885,1.0848,1.0883,0
2025-04-02 23:00,1743634800,1.0882,1.09555,1.0881,1.0949,12958
2025-04-03 00:00,1743638400,1.0948,1.09515,1.0924,1.09355,6441
2025-04-03 01:00,1743642000,1.09355,1.0968,1.0931,1.0958,6263
2025-04-03 02:00,1743645600,1.0958,1.097,1.09535,1.0957,3319
2025-04-03 03:00,1743649200,1.09575,1.09655,1.09525,1.0957,2760
2025-04-03 04:00,1743652800,1.0954,1.09585,1.09505,1.09515,2843
2025-04-03 05:00,1743656400,1.09515,1.0997,1.09515,1.09895,9161
2025-04-03 06:00,1743660000,1.09895,1.1036,1.098,1.1035,28469
2025-04-03 07:00,1743663600,1.10355,1.1036,1.0988,1.1016,30193
2025-04-03 08:00,1743667200,1.10165,1.10665,1.1016,1.1055,24944
2025-04-03 09:00,1743670800,1.1055,1.10935,1.1048,1.1076,29654
2025-04-03 10:00,1743674400,1.10765,1.1166,1.10735,1.1098,66315
2025-04-03 11:00,1743678000,1.1099,1.1147,1.1084,1.11335,32099
2025-04-03 12:00,1743681600,1.1134,1.11555,1.11185,1.11275,30845
2025-04-03 13:00,1743685200,1.11275,1.11805,1.1115,1.1125,47410
2025-04-03 14:00,1743688800,1.11315,1.1173,1.11245,1.11635,32530
2025-04-03 15:00,1743692400,1.11635,1.1164,1.10855,1.10955,34693
2025-04-03 16:00,1743696000,1.1096,1.11005,1.1078,1.10835,13666
2025-04-03 17:00,1743699600,1.1083,1.10845,1.1063,1.1069,10959
2025-04-03 18:00,1743703200,1.1069,1.1085,1.10645,1.1082,10845
2025-04-03 19:00,1743706800,1.10825,1.10825,1.106,1.1072,9951
2025-04-03 20:00,1743710400,1.10715,1.10995,1.10665,1.10975,4203
2025-04-03 22:00,1743717600,1.1097,1.1116,1.1093,1.1108,0
2025-04-03 23:00,1743721200,1.11085,1.11085,1.10855,1.10895,4618
2025-04-04 00:00,1743724800,1.10895,1.11075,1.108,1.1105,4598
2025-04-04 01:00,1743728400,1.1104,1.11175,1.11015,1.11115,3920
2025-04-04 02:00,1743732000,1.1112,1.11235,1.1105,1.1107,4194
2025-04-04 03:00,1743735600,1.11075,1.11425,1.11015,1.11355,5550
2025-04-04 04:00,1743739200,1.114,1.1142,1.11265,1.11315,4591
2025-04-04 05:00,1743742800,1.11305,1.11515,1.1123,1.11285,5784
2025-04-04 06:00,1743746400,1.1129,1.11305,1.1094,1.1095,10345
2025-04-04 07:00,1743750000,1.10945,1.1111,1.1042,1.1048,26261
2025-04-04 08:00,1743753600,1.10485,1.10535,1.1019,1.10405,29216
2025-04-04 09:00,1743757200,1.1041,1.1042,1.10155,1.1029,21225
2025-04-04 10:00,1743760800,1.10285,1.10945,1.10085,1.1075,40759
2025-04-04 11:00,1743764400,1.10745,1.1125,1.1066,1.1105,38929
2025-04-04 12:00,1743768000,1.11055,1.1136,1.10525,1.1065,49582
2025-04-04 13:00,1743771600,1.1065,1.1093,1.105,1.10505,27466
2025-04-04 14:00,1743775200,1.10505,1.10605,1.10045,1.10305,45613
2025-04-04 15:00,1743778800,1.1031,1.1062,1.10115,1.1059,40615
2025-04-04 16:00,1743782400,1.1059,1.1065,1.1006,1.1016,18725
2025-04-04 17:00,1743786000,1.10165,1.1022,1.09685,1.09925,24134
2025-04-04 18:00,1743789600,1.0992,1.1012,1.0984,1.0989,14643
2025-04-04 19:00,1743793200,1.0989,1.1009,1.09725,1.09885,12199
2025-04-04 20:00,1743796800,1.0988,1.1011,1.0977,1.09995,4860
2025-04-06 22:00,1743976800,1.0966,1.1039,1.0959,1.10265,11215
2025-04-06 23:00,1743980400,1.10265,1.10505,1.10245,1.10275,10271
2025-04-07 00:00,1743984000,1.1028,1.10285,1.0986,1.1011,8334
2025-04-07 01:00,1743987600,1.10115,1.10245,1.0999,1.1013,4980
2025-04-07 02:00,1743991200,1.10115,1.1012,1.0964,1.09795,5275
2025-04-07 03:00,1743994800,1.0979,1.09985,1.0974,1.0994,2089
2025-04-07 04:00,1743998400,1.0994,1.1031,1.09925,1.10295,3185
2025-04-07 05:00,1744002000,1.10285,1.107,1.1022,1.10615,7098
2025-04-07 06:00,1744005600,1.10625,1.1067,1.1038,1.10475,16657
2025-04-07 07:00,1744009200,1.1047,1.1095,1.1043,1.10455,25847
2025-04-07 08:00,1744012800,1.1046,1.1067,1.10125,1.1037,21142
2025-04-07 09:00,1744016400,1.1037,1.1041,1.09945,1.10065,20998
2025-04-07 10:00,1744020000,1.10075,1.10355,1.10015,1.10025,16844
2025-04-07 11:00,1744023600,1.10035,1.10135,1.0979,1.10135,18249
2025-04-07 12:00,1744027200,1.10135,1.1036,1.0984,1.1018,23490
2025-04-07 13:00,1744030800,1.10185,1.10215,1.0981,1.09855,19499
2025-04-07 14:00,1744034400,1.0986,1.10275,1.0961,1.0966,43254
2025-04-07 15:00,1744038000,1.09665,1.098,1.09445,1.0956,24928
2025-04-07 16:00,1744041600,1.0956,1.09765,1.0948,1.09765,10974
2025-04-07 17:00,1744045200,1.09765,1.09945,1.0973,1.09835,9613
2025-04-07 18:00,1744048800,1.0983,1.0997,1.0968,1.0978,16726
2025-04-07 19:00,1744052400,1.09775,1.0995,1.09565,1.096,12601
2025-04-07 20:00,1744056000,1.096,1.09645,1.0946,1.0951,3764
2025-04-07 22:00,1744063200,1.09585,1.0965,1.0952,1.0961,0
2025-04-07 23:00,1744066800,1.09605,1.0965,1.0952,1.09585,2052
2025-04-08 00:00,1744070400,1.096,1.0995,1.09595,1.0984,4082
2025-04-08 01:00,1744074000,1.09845,1.10055,1.0982,1.10035,4058
2025-04-08 02:00,1744077600,1.1004,1.1024,1.1004,1.10145,3452
2025-04-08 03:00,1744081200,1.10155,1.1016,1.10045,1.1008,1413
2025-04-08 04:00,1744084800,1.101,1.1023,1.1009,1.102,2150
2025-04-08 05:00,1744088400,1.10195,1.10195,1.09975,1.1012,3500
2025-04-08 06:00,1744092000,1.1012,1.1036,1.1005,1.10205,14187
2025-04-08 07:00,1744095600,1.1021,1.10245,1.09655,1.09675,21276
2025-04-08 08:00,1744099200,1.0967,1.09925,1.09665,1.09805,11474
2025-04-08 09:00,1744102800,1.098,1.09815,1.09545,1.09635,13539
2025-04-08 10:00,1744106400,1.0963,1.09835,1.0958,1.09715,10254
2025-04-08 11:00,1744110000,1.0971,1.09885,1.09685,1.0978,13877
2025-04-08 12:00,1744113600,1.09785,1.1012,1.09775,1.09925,16877
2025-04-08 13:00,1744117200,1.0992,1.1,1.0971,1.09795,19935
2025-04-08 14:00,1744120800,1.09795,1.098,1.0932,1.09535,31475
2025-04-08 15:00,1744124400,1.0954,1.0963,1.09395,1.0955,17836
2025-04-08 16:00,1744128000,1.0955,1.09755,1.09425,1.0973,12430
2025-04-08 17:00,1744131600,1.0973,1.09925,1.09695,1.09765,13544
2025-04-08 18:00,1744135200,1.09765,1.10125,1.0973,1.0995,14967
2025-04-08 19:00,1744138800,1.0995,1.1021,1.0994,1.09975,11896
2025-04-08 20:00,1744142400,1.09965,1.10055,1.09815,1.1,4318
2025-04-08 22:00,1744149600,1.1,1.10205,1.09975,1.10105,0
2025-04-08 23:00,1744153200,1.1011,1.1028,1.1009,1.10205,3029
2025-04-09 00:00,1744156800,1.10205,1.10595,1.1014,1.10575,6280
2025-04-09 01:00,1744160400,1.1058,1.10835,1.10565,1.10635,14315
2025-04-09 02:00,1744164000,1.10635,1.10775,1.1053,1.10635,7721
2025-04-09 03:00,1744167600,1.10635,1.10795,1.1056,1.10635,5314
2025-04-09 04:00,1744171200,1.1083,1.11125,1.1074,1.11115,9753
2025-04-09 05:00,1744174800,1.1111,1.1111,1.1072,1.1106,11529
2025-04-09 06:00,1744178400,1.1106,1.1135,1.1087,1.1118,26306
2025-04-09 07:00,1744182000,1.11175,1.1124,1.10535,1.10595,33747
2025-04-09 08:00,1744185600,1.1059,1.1079,1.1042,1.10715,19129
2025-04-09 09:00,1744189200,1.1071,1.1094,1.10535,1.1088,15082
2025-04-09 10:00,1744192800,1.10875,1.1101,1.10695,1.1077,18226
2025-04-09 11:00,1744196400,1.10775,1.1101,1.10655,1.10795,26550
2025-04-09 12:00,1744200000,1.108,1.114,1.1079,1.11205,31845
2025-04-09 13:00,1744203600,1.1121,1.11265,1.10765,1.109,22999
2025-04-09 14:00,1744207200,1.10895,1.10955,1.10705,1.1085,19404
2025-04-09 15:00,1744210800,1.10855,1.11145,1.1081,1.1083,18081
2025-04-09 16:00,1744214400,1.10835,1.10875,1.1059,1.10655,14863
2025-04-09 17:00,1744218000,1.10655,1.1109,1.0991,1.10225,46418
2025-04-09 18:00,1744221600,1.1023,1.10275,1.09575,1.1008,36112
2025-04-09 19:00,1744225200,1.10085,1.10205,1.0976,1.09795,11485
2025-04-09 20:00,1744228800,1.09795,1.1006,1.09725,1.0991,4481
2025-04-09 22:00,1744236000,1.0998,1.1005,1.0987,1.1003,0
2025-04-09 23:00,1744239600,1.10025,1.1003,1.0985,1.0993,1800
2025-04-10 00:00,1744243200,1.09925,1.1029,1.0992,1.1028,3147
2025-04-10 01:00,1744246800,1.10285,1.10305,1.10115,1.1014,3713
2025-04-10 02:00,1744250400,1.10145,1.1021,1.10025,1.10135,11570
2025-04-10 03:00,1744254000,1.1014,1.10315,1.1012,1.1025,2394
2025-04-10 04:00,1744257600,1.10245,1.1027,1.10195,1.10245,1639
2025-04-10 05:00,1744261200,1.10245,1.1037,1.10195,1.1027,2874
2025-04-10 06:00,1744264800,1.1027,1.1031,1.10045,1.10245,9957
2025-04-10 07:00,1744268400,1.1025,1.1073,1.1009,1.1069,18455
2025-04-10 08:00,1744272000,1.1069,1.10905,1.1059,1.108,19629
2025-04-10 09:00,1744275600,1.10795,1.1103,1.1076,1.11015,13411
2025-04-10 10:00,1744279200,1.1102,1.11235,1.10975,1.11215,16881
2025-04-10 11:00,1744282800,1.11235,1.1131,1.111,1.1113,14853
2025-04-10 12:00,1744286400,1.11125,1.1177,1.11105,1.114,38178
2025-04-10 13:00,1744290000,1.11405,1.1177,1.1134,1.117,23454
2025-04-10 14:00,1744293600,1.117,1.12295,1.11645,1.1228,36010
2025-04-10 15:00,1744297200,1.1229,1.12725,1.11965,1.12335,52273
2025-04-10 16:00,1744300800,1.1234,1.1253,1.12205,1.12405,20936
2025-04-10 17:00,1744304400,1.124,1.1254,1.1217,1.1253,14151
2025-04-10 18:00,1744308000,1.12535,1.12845,1.12445,1.1259,23638
2025-04-10 19:00,1744311600,1.12585,1.1263,1.12025,1.1248,21308
2025-04-10 20:00,1744315200,1.1248,1.12485,1.12245,1.12425,3918
2025-04-10 22:00,1744322400,1.12445,1.12785,1.12335,1.1277,0
2025-04-10 23:00,1744326000,1.12775,1.1305,1.1256,1.12995,8843
2025-04-11 00:00,1744329600,1.1299,1.1429,1.12935,1.13525,29602
2025-04-11 01:00,1744333200,1.1353,1.1366,1.1319,1.13485,17024
2025-04-11 02:00,1744336800,1.13485,1.13665,1.13375,1.13445,6042
2025-04-11 03:00,1744340400,1.13455,1.13965,1.1345,1.1383,7103
2025-04-11 04:00,1744344000,1.1373,1.1375,1.1353,1.1365,4299
2025-04-11 05:00,1744347600,1.1365,1.13655,1.13135,1.13285,9328
2025-04-11 06:00,1744351200,1.13295,1.13335,1.12885,1.13295,17909
2025-04-11 07:00,1744354800,1.13285,1.14135,1.13265,1.1407,36051
2025-04-11 08:00,1744358400,1.1407,1.15065,1.13925,1.14705,49797
2025-04-11 09:00,1744362000,1.14705,1.1471,1.14275,1.14295,24674
2025-04-11 10:00,1744365600,1.1429,1.1429,1.1363,1.138,26109
2025-04-11 11:00,1744369200,1.13795,1.14145,1.1367,1.1372,18660
2025-04-11 12:00,1744372800,1.13715,1.14425,1.13675,1.1439,25724
2025-04-11 13:00,1744376400,1.14385,1.14555,1.13665,1.1401,43479
2025-04-11 14:00,1744380000,1.1404,1.14255,1.13705,1.13825,39591
2025-04-11 15:00,1744383600,1.13845,1.13935,1.1356,1.13685,28515
2025-04-11 16:00,1744387200,1.1368,1.13705,1.13195,1.13495,17952
2025-04-11 17:00,1744390800,1.1349,1.137,1.13255,1.1329,10890
2025-04-11 18:00,1744394400,1.1329,1.1365,1.1328,1.1356,13416
2025-04-11 19:00,1744398000,1.1356,1.1387,1.1353,1.1385,6602
2025-04-11 20:00,1744401600,1.13855,1.1408,1.13795,1.14025,4040
2025-04-13 22:00,1744581600,1.13655,1.13985,1.13585,1.1377,4380
2025-04-13 23:00,1744585200,1.13775,1.1392,1.1367,1.13845,3592
2025-04-14 00:00,1744588800,1.1385,1.14145,1.1383,1.14085,6093
2025-04-14 01:00,1744592400,1.1408,1.1452,1.14075,1.1429,11174
2025-04-14 02:00,1744596000,1.1428,1.1444,1.1414,1.1415,6199
2025-04-14 03:00,1744599600,1.1415,1.14265,1.14005,1.1414,3440
2025-04-14 04:00,1744603200,1.14155,1.14285,1.1408,1.14105,2227
2025-04-14 05:00,1744606800,1.1411,1.1431,1.1396,1.14275,3582
2025-04-14 06:00,1744610400,1.14285,1.14675,1.1419,1.14595,13124
2025-04-14 07:00,1744614000,1.14595,1.14675,1.1426,1.14325,14968
2025-04-14 08:00,1744617600,1.14325,1.1453,1.1422,1.14305,10971
2025-04-14 09:00,1744621200,1.1431,1.14505,1.14295,1.143,8820
2025-04-14 10:00,1744624800,1.14295,1.14345,1.1414,1.14305,9523
2025-04-14 11:00,1744628400,1.14305,1.1449,1.14155,1.14265,10232
2025-04-14 12:00,1744632000,1.1427,1.14315,1.13775,1.1382,19516
2025-04-14 13:00,1744635600,1.13815,1.13845,1.1338,1.137,32949
2025-04-14 14:00,1744639200,1.13695,1.1411,1.1362,1.141,26210
2025-04-14 15:00,1744642800,1.141,1.14245,1.13955,1.14005,21229
2025-04-14 16:00,1744646400,1.14005,1.1413,1.1373,1.13735,13195
2025-04-14 17:00,1744650000,1.13735,1.13905,1.13695,1.1381,7457
2025-04-14 18:00,1744653600,1.1381,1.13995,1.13805,1.1397,9204
2025-04-14 19:00,1744657200,1.1397,1.1412,1.13925,1.1398,7924
2025-04-14 20:00,1744660800,1.1397,1.1401,1.13855,1.13935,4052
2025-04-14 22:00,1744668000,1.1395,1.14035,1.1387,1.1396,0
2025-04-14 23:00,1744671600,1.1396,1.1396,1.1376,1.13785,2221
2025-04-15 00:00,1744675200,1.1378,1.1381,1.1359,1.1371,2700
2025-04-15 01:00,1744678800,1.1371,1.13775,1.13575,1.13665,2947
2025-04-15 02:00,1744682400,1.13665,1.1394,1.13665,1.13915,2197
2025-04-15 03:00,1744686000,1.13915,1.1395,1.1385,1.13895,1463
2025-04-15 04:00,1744689600,1.1389,1.14055,1.1387,1.1399,2494
2025-04-15 05:00,1744693200,1.13995,1.141,1.1391,1.13925,2429
2025-04-15 06:00,1744696800,1.13935,1.14065,1.1369,1.1374,8442
2025-04-15 07:00,1744700400,1.13745,1.14025,1.13625,1.1399,15691
2025-04-15 08:00,1744704000,1.1399,1.14215,1.1386,1.1389,13522
2025-04-15 09:00,1744707600,1.13885,1.13985,1.13765,1.1381,8154
2025-04-15 10:00,1744711200,1.13805,1.1391,1.1374,1.13865,7444
2025-04-15 11:00,1744714800,1.1386,1.1386,1.1356,1.1368,12164
2025-04-15 12:00,1744718400,1.13685,1.1383,1.1351,1.1355,15837
2025-04-15 13:00,1744722000,1.13545,1.13705,1.13465,1.136,17036
2025-04-15 14:00,1744725600,1.1359,1.13715,1.1327,1.1371,31570
2025-04-15 15:00,1744729200,1.1371,1.13715,1.13245,1.13305,15461
2025-04-15 16:00,1744732800,1.1331,1.13335,1.1306,1.1316,15746
2025-04-15 17:00,1744736400,1.1316,1.1325,1.13085,1.13145,7655
2025-04-15 18:00,1744740000,1.1314,1.13185,1.13075,1.1315,5709
2025-04-15 19:00,1744743600,1.13155,1.13295,1.1313,1.13245,5594
2025-04-15 20:00,1744747200,1.13245,1.13315,1.13215,1.1324,0
2025-04-15 22:00,1744754400,1.1321,1.13385,1.1321,1.13345,2448
2025-04-15 23:00,1744758000,1.1335,1.1338,1.13225,1.13325,2354
2025-04-16 00:00,1744761600,1.1332,1.13605,1.13315,1.1356,5049
2025-04-16 01:00,1744765200,1.1356,1.137,1.13555,1.13625,4356
2025-04-16 02:00,1744768800,1.1363,1.13715,1.1357,1.13665,2987
2025-04-16 03:00,1744772400,1.1367,1.13815,1.13635,1.138,2699
2025-04-16 04:00,1744776000,1.13785,1.13865,1.1372,1.1385,2982
2025-04-16 05:00,1744779600,1.13845,1.14245,1.13805,1.142,6357
2025-04-16 06:00,1744783200,1.1419,1.1422,1.13995,1.14,10497
2025-04-16 07:00,1744786800,1.14,1.1431,1.1398,1.1426,11939
2025-04-16 08:00,1744790400,1.14265,1.14275,1.1377,1.14085,18166
2025-04-16 09:00,1744794000,1.14085,1.1417,1.13955,1.13995,10444
2025-04-16 10:00,1744797600,1.14,1.14135,1.1392,1.13965,11596
2025-04-16 11:00,1744801200,1.13975,1.1413,1.1394,1.14025,9050
2025-04-16 12:00,1744804800,1.1403,1.1405,1.13805,1.13905,18103
2025-04-16 13:00,1744808400,1.1391,1.1413,1.1389,1.14065,16798
2025-04-16 14:00,1744812000,1.14065,1.14235,1.1393,1.1423,20307
2025-04-16 15:00,1744815600,1.1423,1.14265,1.13975,1.1422,18724
2025-04-16 16:00,1744819200,1.14215,1.14265,1.141,1.14155,9056
2025-04-16 17:00,1744822800,1.1415,1.14295,1.13995,1.14145,11799
2025-04-16 18:00,1744826400,1.14145,1.14275,1.1404,1.1426,9509
2025-04-16 19:00,1744830000,1.14255,1.14525,1.1424,1.14265,12760
2025-04-16 20:00,1744833600,1.1426,1.144,1.1421,1.14355,3912
2025-04-16 22:00,1744840800,1.14395,1.14395,1.14335,1.14375,0
2025-04-16 23:00,1744844400,1.14375,1.14475,1.1433,1.1434,2736
2025-04-17 00:00,1744848000,1.1435,1.14355,1.14035,1.1407,3896
2025-04-17 01:00,1744851600,1.14065,1.14075,1.1394,1.1404,4553
2025-04-17 02:00,1744855200,1.1404,1.14205,1.14035,1.1417,2934
2025-04-17 03:00,1744858800,1.1417,1.14195,1.14025,1.14035,1919
2025-04-17 04:00,1744862400,1.14045,1.14085,1.13985,1.14,1100
2025-04-17 05:00,1744866000,1.14,1.14095,1.1383,1.1391,3732
2025-04-17 06:00,1744869600,1.1391,1.14095,1.1382,1.13975,8325
2025-04-17 07:00,1744873200,1.13975,1.14175,1.1391,1.14155,9380
2025-04-17 08:00,1744876800,1.1416,1.14275,1.1407,1.1417,9711
2025-04-17 09:00,1744880400,1.1417,1.14195,1.1409,1.14115,5251
2025-04-17 10:00,1744884000,1.1412,1.14155,1.1396,1.1398,9062
2025-04-17 11:00,1744887600,1.13985,1.1409,1.13945,1.13955,7042
2025-04-17 12:00,1744891200,1.1395,1.1407,1.1374,1.1395,22828
2025-04-17 13:00,1744894800,1.1396,1.14165,1.1388,1.14,21495
2025-04-17 14:00,1744898400,1.14005,1.14245,1.13775,1.13875,22881
2025-04-17 15:00,1744902000,1.1388,1.1415,1.13865,1.14025,14148
2025-04-17 16:00,1744905600,1.14025,1.141,1.13785,1.1389,9606
2025-04-17 17:00,1744909200,1.139,1.1393,1.13795,1.13895,4810
2025-04-17 18:00,1744912800,1.13905,1.14145,1.1382,1.14125,6658
2025-04-17 19:00,1744916400,1.1413,1.14155,1.1408,1.14125,3329
2025-04-17 20:00,1744920000,1.1412,1.1416,1.1401,1.14025,2183
2025-04-20 22:00,1745186400,1.14305,1.14785,1.143,1.14725,3418
2025-04-20 23:00,1745190000,1.14735,1.14975,1.14725,1.14885,4201
2025-04-21 00:00,1745193600,1.14885,1.1526,1.14885,1.15055,9865
2025-04-21 01:00,1745197200,1.1506,1.1519,1.15045,1.15165,4701
2025-04-21 02:00,1745200800,1.1516,1.1573,1.1511,1.15445,14270
2025-04-21 03:00,1745204400,1.1545,1.1565,1.1545,1.1557,4058
2025-04-21 04:00,1745208000,1.15535,1.15565,1.15385,1.15565,3096
2025-04-21 05:00,1745211600,1.15565,1.15755,1.1554,1.15705,8105
2025-04-21 06:00,1745215200,1.15705,1.1574,1.15445,1.1555,7409
2025-04-21 07:00,1745218800,1.15545,1.1607,1.1549,1.1595,12862
2025-04-21 08:00,1745222400,1.15945,1.1604,1.15775,1.15975,8940
2025-04-21 09:00,1745226000,1.1597,1.1613,1.15845,1.1587,8759
2025-04-21 10:00,1745229600,1.1587,1.1588,1.1561,1.1563,10770
2025-04-21 11:00,1745233200,1.15635,1.1587,1.15525,1.15825,11047
2025-04-21 12:00,1745236800,1.15825,1.15895,1.1561,1.1582,10336
2025-04-21 13:00,1745240400,1.1582,1.1583,1.1541,1.1559,18796
2025-04-21 14:00,1745244000,1.15585,1.15645,1.15295,1.1537,14005
2025-04-21 15:00,1745247600,1.15375,1.15475,1.1521,1.1547,10886
2025-04-21 16:00,1745251200,1.1546,1.1553,1.15395,1.1549,8828
2025-04-21 17:00,1745254800,1.15495,1.15545,1.1533,1.1553,6050
2025-04-21 18:00,1745258400,1.1553,1.15645,1.15515,1.15615,7759
2025-04-21 19:00,1745262000,1.1562,1.15665,1.15525,1.15525,4176
2025-04-21 20:00,1745265600,1.1553,1.1556,1.15445,1.1553,2147
2025-04-21 22:00,1745272800,1.1553,1.15645,1.1545,1.15615,0
2025-04-21 23:00,1745276400,1.15625,1.1563,1.15465,1.1553,2042
2025-04-22 00:00,1745280000,1.1553,1.1553,1.1521,1.1529,6104
2025-04-22 01:00,1745283600,1.153,1.1537,1.15245,1.1533,3723
2025-04-22 02:00,1745287200,1.1534,1.15595,1.1533,1.15595,3202
2025-04-22 03:00,1745290800,1.156,1.158,1.1558,1.15735,5634
2025-04-22 04:00,1745294400,1.15765,1.1579,1.1566,1.157,2654
2025-04-22 05:00,1745298000,1.15695,1.1586,1.15575,1.1581,6875
2025-04-22 06:00,1745301600,1.15815,1.1585,1.1535,1.15395,12554
2025-04-22 07:00,1745305200,1.154,1.1548,1.1522,1.1544,17206
2025-04-22 08:00,1745308800,1.1544,1.1554,1.1533,1.15385,11449
2025-04-22 09:00,1745312400,1.15385,1.15465,1.15265,1.15295,9521
2025-04-22 10:00,1745316000,1.1529,1.1539,1.1527,1.15275,8844
2025-04-22 11:00,1745319600,1.1527,1.15395,1.15225,1.1525,8565
2025-04-22 12:00,1745323200,1.1525,1.1529,1.15,1.1509,21611
2025-04-22 13:00,1745326800,1.15095,1.15235,1.14945,1.1513,18110
2025-04-22 14:00,1745330400,1.1513,1.1531,1.14995,1.1517,17912
2025-04-22 15:00,1745334000,1.1516,1.15245,1.15025,1.15035,14079
2025-04-22 16:00,1745337600,1.1504,1.15095,1.1472,1.1473,23042
2025-04-22 17:00,1745341200,1.1473,1.1493,1.14695,1.1489,15712
2025-04-22 18:00,1745344800,1.14885,1.14885,1.1461,1.1466,6456
2025-04-22 19:00,1745348400,1.14655,1.1473,1.1458,1.14595,6935
2025-04-22 20:00,1745352000,1.14595,1.14685,1.1456,1.14585,2914
2025-04-22 22:00,1745359200,1.14065,1.14085,1.13455,1.1375,0
2025-04-22 23:00,1745362800,1.1376,1.14005,1.13675,1.13885,9493
2025-04-23 00:00,1745366400,1.1388,1.1436,1.1387,1.14355,7934
2025-04-23 01:00,1745370000,1.1436,1.1453,1.14225,1.1445,7579
2025-04-23 02:00,1745373600,1.1445,1.1449,1.1428,1.14425,6444
2025-04-23 03:00,1745377200,1.14425,1.1443,1.14115,1.14185,4106
2025-04-23 04:00,1745380800,1.1412,1.14295,1.1409,1.14275,3118
2025-04-23 05:00,1745384400,1.1428,1.14375,1.14085,1.14145,6963
2025-04-23 06:00,1745388000,1.1415,1.1434,1.14125,1.1423,10030
2025-04-23 07:00,1745391600,1.1423,1.1447,1.1415,1.14235,14398
2025-04-23 08:00,1745395200,1.1425,1.1453,1.1419,1.1451,12352
2025-04-23 09:00,1745398800,1.14505,1.1478,1.145,1.1456,15569
2025-04-23 10:00,1745402400,1.1456,1.1457,1.14275,1.14395,12314
2025-04-23 11:00,1745406000,1.14395,1.14535,1.1424,1.1448,11592
2025-04-23 12:00,1745409600,1.14485,1.14575,1.14395,1.1443,13361
2025-04-23 13:00,1745413200,1.14425,1.14505,1.137,1.1371,39260
2025-04-23 14:00,1745416800,1.137,1.1419,1.13655,1.139,40502
2025-04-23 15:00,1745420400,1.1391,1.1421,1.13815,1.1386,28854
2025-04-23 16:00,1745424000,1.13865,1.1403,1.13745,1.1378,14706
2025-04-23 17:00,1745427600,1.1378,1.13825,1.13625,1.1367,10314
2025-04-23 18:00,1745431200,1.1367,1.13675,1.1353,1.13615,9915
2025-04-23 19:00,1745434800,1.1361,1.13695,1.13555,1.1365,6112
2025-04-23 20:00,1745438400,1.1365,1.1366,1.1348,1.1352,3447
2025-04-23 22:00,1745445600,1.1354,1.1383,1.1354,1.13685,0
2025-04-23 23:00,1745449200,1.13675,1.1374,1.1362,1.1365,2018
2025-04-24 00:00,1745452800,1.1365,1.13825,1.13575,1.13795,3951
2025-04-24 01:00,1745456400,1.1379,1.13935,1.13755,1.13855,4570
2025-04-24 02:00,1745460000,1.13855,1.1393,1.13815,1.1391,2782
2025-04-24 03:00,1745463600,1.1391,1.13915,1.13715,1.13755,2112
2025-04-24 04:00,1745467200,1.13745,1.13775,1.13675,1.1375,2094
2025-04-24 05:00,1745470800,1.1375,1.1381,1.13665,1.13715,3287
2025-04-24 06:00,1745474400,1.13725,1.13895,1.1371,1.13875,5631
2025-04-24 07:00,1745478000,1.13875,1.1416,1.13865,1.1415,13124
2025-04-24 08:00,1745481600,1.1416,1.14285,1.1399,1.14165,21271
2025-04-24 09:00,1745485200,1.1416,1.1427,1.1411,1.142,7590
2025-04-24 10:00,1745488800,1.142,1.1427,1.14115,1.1415,9519
2025-04-24 11:00,1745492400,1.1415,1.14265,1.1404,1.14085,10875
2025-04-24 12:00,1745496000,1.1408,1.1414,1.1393,1.1412,16520
2025-04-24 13:00,1745499600,1.14125,1.14195,1.1399,1.14115,16047
2025-04-24 14:00,1745503200,1.1412,1.1423,1.1399,1.1408,18810
2025-04-24 15:00,1745506800,1.14085,1.14115,1.13825,1.13965,17026
2025-04-24 16:00,1745510400,1.1397,1.1417,1.13935,1.1416,11208
2025-04-24 17:00,1745514000,1.1416,1.14215,1.1403,1.14055,4781
2025-04-24 18:00,1745517600,1.14045,1.1415,1.13995,1.14135,5307
2025-04-24 19:00,1745521200,1.14135,1.14335,1.1413,1.14205,7687
2025-04-24 20:00,1745524800,1.142,1.14335,1.1418,1.14245,2695
2025-04-24 22:00,1745532000,1.1426,1.1427,1.14195,1.1422,0
2025-04-24 23:00,1745535600,1.1422,1.14235,1.1406,1.1408,2046
2025-04-25 00:00,1745539200,1.14075,1.14075,1.13815,1.1382,5970
2025-04-25 01:00,1745542800,1.1382,1.139,1.13775,1.1378,4721
2025-04-25 02:00,1745546400,1.1379,1.13865,1.13755,1.1382,3914
2025-04-25 03:00,1745550000,1.1383,1.1394,1.1361,1.1362,6705
2025-04-25 04:00,1745553600,1.136,1.13705,1.1357,1.13695,4542
2025-04-25 05:00,1745557200,1.13695,1.13765,1.136,1.13655,4837
2025-04-25 06:00,1745560800,1.1366,1.1392,1.1356,1.13765,9512
2025-04-25 07:00,1745564400,1.13765,1.1403,1.13765,1.13945,11669
2025-04-25 08:00,1745568000,1.1394,1.1399,1.1375,1.13855,8526
2025-04-25 09:00,1745571600,1.1386,1.13955,1.138,1.13815,6417
2025-04-25 10:00,1745575200,1.13815,1.1395,1.1369,1.1391,8017
2025-04-25 11:00,1745578800,1.1391,1.1402,1.1381,1.1384,6594
2025-04-25 12:00,1745582400,1.13845,1.13955,1.1384,1.1387,6939
2025-04-25 13:00,1745586000,1.13875,1.13905,1.1367,1.13885,15869
2025-04-25 14:00,1745589600,1.1389,1.1416,1.13875,1.1403,22125
2025-04-25 15:00,1745593200,1.14035,1.1417,1.13925,1.1415,11666
2025-04-25 16:00,1745596800,1.14155,1.14235,1.14035,1.14035,7604
2025-04-25 17:00,1745600400,1.1404,1.1418,1.14,1.14115,6999
2025-04-25 18:00,1745604000,1.14115,1.1416,1.1404,1.1415,4353
2025-04-25 19:00,1745607600,1.1415,1.1416,1.13935,1.13945,5921
2025-04-25 20:00,1745611200,1.1395,1.13995,1.1389,1.1397,3940
2025-04-27 22:00,1745791200,1.1398,1.14,1.1374,1.1384,3141
2025-04-27 23:00,1745794800,1.13845,1.13895,1.13755,1.13795,3218
2025-04-28 00:00,1745798400,1.13795,1.1399,1.1379,1.1398,3150
2025-04-28 01:00,1745802000,1.1398,1.1401,1.13835,1.13855,3105
2025-04-28 02:00,1745805600,1.13855,1.1391,1.13775,1.1388,2081
2025-04-28 03:00,1745809200,1.13875,1.1395,1.13855,1.1391,893
2025-04-28 04:00,1745812800,1.139,1.1407,1.1387,1.14065,1809
2025-04-28 05:00,1745816400,1.1406,1.14155,1.1406,1.1409,2560
2025-04-28 06:00,1745820000,1.14085,1.14085,1.1364,1.1366,13149
2025-04-28 07:00,1745823600,1.1366,1.1396,1.13655,1.1383,9961
2025-04-28 08:00,1745827200,1.13825,1.13865,1.137,1.1378,9319
2025-04-28 09:00,1745830800,1.1378,1.1393,1.13765,1.1384,7128
2025-04-28 10:00,1745834400,1.1384,1.1395,1.13805,1.1385,6183
2025-04-28 11:00,1745838000,1.1385,1.13905,1.13755,1.1386,6461
2025-04-28 12:00,1745841600,1.13865,1.14075,1.1385,1.13855,11161
2025-04-28 13:00,1745845200,1.1386,1.14085,1.1374,1.13995,18121
2025-04-28 14:00,1745848800,1.13995,1.14485,1.13915,1.14135,30253
2025-04-28 15:00,1745852400,1.14135,1.1427,1.14055,1.14205,14661
2025-04-28 16:00,1745856000,1.14205,1.1457,1.14195,1.14465,15750
2025-04-28 17:00,1745859600,1.1446,1.1454,1.1435,1.1436,9002
2025-04-28 18:00,1745863200,1.1436,1.14485,1.1435,1.14475,8449
2025-04-28 19:00,1745866800,1.1448,1.146,1.14475,1.1456,4938
2025-04-28 20:00,1745870400,1.1456,1.146,1.1454,1.1457,1967
2025-04-28 22:00,1745877600,1.14545,1.14555,1.14445,1.1446,0
2025-04-28 23:00,1745881200,1.14465,1.14555,1.14335,1.14405,2460
2025-04-29 00:00,1745884800,1.1441,1.1449,1.1432,1.1433,1839
2025-04-29 01:00,1745888400,1.14325,1.14415,1.14205,1.1425,3252
2025-04-29 02:00,1745892000,1.1425,1.1453,1.1425,1.14315,3877
2025-04-29 03:00,1745895600,1.14315,1.1433,1.1419,1.1423,5118
2025-04-29 04:00,1745899200,1.14235,1.14265,1.1406,1.1411,6475
2025-04-29 05:00,1745902800,1.1411,1.1421,1.1408,1.14195,3659
2025-04-29 06:00,1745906400,1.1419,1.14325,1.14155,1.1423,6204
2025-04-29 07:00,1745910000,1.1423,1.1445,1.142,1.14365,9548
2025-04-29 08:00,1745913600,1.1437,1.1441,1.1414,1.1418,8875
2025-04-29 09:00,1745917200,1.14185,1.14305,1.14125,1.14135,5607
2025-04-29 10:00,1745920800,1.1413,1.14185,1.14055,1.14105,4629
2025-04-29 11:00,1745924400,1.1411,1.14185,1.1404,1.14075,5213
2025-04-29 12:00,1745928000,1.1407,1.1448,1.14025,1.14435,12878
2025-04-29 13:00,1745931600,1.14435,1.14505,1.14225,1.14325,20664
2025-04-29 14:00,1745935200,1.1435,1.14505,1.14115,1.14155,21457
2025-04-29 15:00,1745938800,1.1416,1.14375,1.14145,1.14285,12662
2025-04-29 16:00,1745942400,1.14285,1.1452,1.14285,1.1436,8654
2025-04-29 17:00,1745946000,1.14365,1.14375,1.14165,1.1419,6457
2025-04-29 18:00,1745949600,1.14185,1.1426,1.14085,1.1415,6162
2025-04-29 19:00,1745953200,1.1415,1.1422,1.1409,1.14145,4813
2025-04-29 20:00,1745956800,1.1414,1.1425,1.14135,1.1418,2262
2025-04-29 22:00,1745964000,1.1421,1.1427,1.1416,1.1423,0
2025-04-29 23:00,1745967600,1.14235,1.1424,1.14165,1.1421,973
2025-04-30 00:00,1745971200,1.14215,1.1426,1.14075,1.14135,2095
2025-04-30 01:00,1745974800,1.1413,1.1417,1.1388,1.13895,2647
2025-04-30 02:00,1745978400,1.139,1.1403,1.13855,1.1401,2646
2025-04-30 03:00,1745982000,1.14015,1.14105,1.13975,1.13985,1533
2025-04-30 04:00,1745985600,1.1398,1.14085,1.13975,1.14035,1144
2025-04-30 05:00,1745989200,1.1404,1.1415,1.1402,1.14135,1310
2025-04-30 06:00,1745992800,1.1413,1.1431,1.1397,1.1421,7582
2025-04-30 07:00,1745996400,1.14205,1.1421,1.14045,1.14085,7337
2025-04-30 08:00,1746000000,1.1409,1.14155,1.13925,1.1402,8926
2025-04-30 09:00,1746003600,1.14025,1.141,1.13905,1.1393,6222
2025-04-30 10:00,1746007200,1.13935,1.1401,1.1391,1.1393,6420
2025-04-30 11:00,1746010800,1.13925,1.14115,1.1387,1.1404,8266
2025-04-30 12:00,1746014400,1.1404,1.1416,1.13955,1.14045,19099
2025-04-30 13:00,1746018000,1.14045,1.1409,1.13915,1.13995,14393
2025-04-30 14:00,1746021600,1.14,1.141,1.138,1.1398,31272
2025-04-30 15:00,1746025200,1.13975,1.14065,1.1354,1.1379,38443
2025-04-30 16:00,1746028800,1.13785,1.139,1.13755,1.1386,10079
2025-04-30 17:00,1746032400,1.13865,1.13955,1.1376,1.13765,9058
2025-04-30 18:00,1746036000,1.13765,1.13895,1.13735,1.13795,8063
2025-04-30 19:00,1746039600,1.13795,1.1384,1.13585,1.13605,7188
2025-04-30 20:00,1746043200,1.13605,1.13625,1.13475,1.13595,5370
2025-04-30 22:00,1746050400,1.1361,1.13635,1.1353,1.13565,0
2025-04-30 23:00,1746054000,1.13565,1.1357,1.13495,1.13525,944
2025-05-01 00:00,1746057600,1.1353,1.136,1.1351,1.13525,1384
2025-05-01 01:00,1746061200,1.13525,1.1353,1.13335,1.13385,4250
2025-05-01 02:00,1746064800,1.13385,1.1347,1.1336,1.13455,1551
2025-05-01 03:00,1746068400,1.1346,1.13495,1.133,1.1342,3299
2025-05-01 04:00,1746072000,1.13405,1.13445,1.1333,1.1334,1677
2025-05-01 05:00,1746075600,1.1333,1.13375,1.1318,1.13305,4661
2025-05-01 06:00,1746079200,1.133,1.1343,1.13285,1.13335,5083
2025-05-01 07:00,1746082800,1.1333,1.1341,1.1318,1.13405,7500
2025-05-01 08:00,1746086400,1.13405,1.13615,1.13405,1.13505,6538
2025-05-01 09:00,1746090000,1.13505,1.13555,1.1344,1.1345,3380
2025-05-01 10:00,1746093600,1.13445,1.1365,1.1342,1.1363,3512
2025-05-01 11:00,1746097200,1.13625,1.13715,1.1347,1.1351,5627
2025-05-01 12:00,1746100800,1.1351,1.13695,1.13385,1.1346,11072
2025-05-01 13:00,1746104400,1.13455,1.1358,1.13415,1.1352,7716
2025-05-01 14:00,1746108000,1.13505,1.13505,1.13,1.1312,26745
2025-05-01 15:00,1746111600,1.13125,1.13205,1.12965,1.13095,15905
2025-05-01 16:00,1746115200,1.13095,1.13225,1.13035,1.1321,6487
2025-05-01 17:00,1746118800,1.13215,1.1322,1.13105,1.13135,4205
2025-05-01 18:00,1746122400,1.1313,1.1324,1.13055,1.13165,6975
2025-05-01 19:00,1746126000,1.1316,1.1323,1.1312,1.13195,4571
2025-05-01 20:00,1746129600,1.1319,1.13245,1.13155,1.1322,2057
2025-05-01 22:00,1746136800,1.13215,1.1329,1.13195,1.1325,0
2025-05-01 23:00,1746140400,1.13255,1.1328,1.13205,1.13255,1577
2025-05-02 00:00,1746144000,1.1326,1.1329,1.1304,1.1312,3090
2025-05-02 01:00,1746147600,1.13125,1.13255,1.13085,1.13255,2209
2025-05-02 02:00,1746151200,1.1325,1.13335,1.1323,1.1324,1313
2025-05-02 03:00,1746154800,1.1324,1.13455,1.1324,1.13435,3106
2025-05-02 04:00,1746158400,1.13385,1.13435,1.1331,1.1334,2414
2025-05-02 05:00,1746162000,1.13345,1.1344,1.13325,1.13375,2061
2025-05-02 06:00,1746165600,1.1337,1.1359,1.13355,1.1356,8227
2025-05-02 07:00,1746169200,1.1356,1.1368,1.1347,1.13585,7740
2025-05-02 08:00,1746172800,1.1359,1.1365,1.13485,1.1362,6766
2025-05-02 09:00,1746176400,1.1363,1.13855,1.1355,1.138,10232
2025-05-02 10:00,1746180000,1.138,1.13815,1.13575,1.1361,6892
2025-05-02 11:00,1746183600,1.13605,1.13805,1.1354,1.13765,9159
2025-05-02 12:00,1746187200,1.13765,1.1377,1.1327,1.1349,26987
2025-05-02 13:00,1746190800,1.1349,1.14105,1.1345,1.14025,23892
2025-05-02 14:00,1746194400,1.14035,1.14115,1.1388,1.13985,17839
2025-05-02 15:00,1746198000,1.1399,1.13995,1.13505,1.13595,16942
2025-05-02 16:00,1746201600,1.13595,1.1369,1.1347,1.13505,12189
2025-05-02 17:00,1746205200,1.135,1.135,1.13285,1.13345,12134
2025-05-02 18:00,1746208800,1.13345,1.1339,1.13225,1.133,6752
2025-05-02 19:00,1746212400,1.13295,1.1339,1.13295,1.13345,4464
2025-05-02 20:00,1746216000,1.1335,1.1338,1.1324,1.133,2913
2025-05-04 22:00,1746396000,1.1341,1.1345,1.1327,1.1335,2223
2025-05-04 23:00,1746399600,1.1336,1.1357,1.1332,1.13505,2029
2025-05-05 00:00,1746403200,1.135,1.13535,1.1344,1.1352,1455
2025-05-05 01:00,1746406800,1.1353,1.137,1.13525,1.1364,4041
2025-05-05 02:00,1746410400,1.1365,1.1376,1.13615,1.1372,2433
2025-05-05 03:00,1746414000,1.1372,1.1372,1.1358,1.13615,1065
2025-05-05 04:00,1746417600,1.13625,1.1369,1.13585,1.13665,1067
2025-05-05 05:00,1746421200,1.1366,1.1377,1.13595,1.1363,2534
2025-05-05 06:00,1746424800,1.13625,1.13665,1.13475,1.1355,5111
2025-05-05 07:00,1746428400,1.1355,1.136,1.13425,1.13425,5356
2025-05-05 08:00,1746432000,1.1342,1.1362,1.1341,1.1356,6515
2025-05-05 09:00,1746435600,1.13565,1.1374,1.1356,1.13705,5278
2025-05-05 10:00,1746439200,1.1371,1.1375,1.13625,1.1374,4480
2025-05-05 11:00,1746442800,1.13745,1.13875,1.1369,1.1372,7809
2025-05-05 12:00,1746446400,1.1372,1.13925,1.137,1.1389,13365
2025-05-05 13:00,1746450000,1.13895,1.13945,1.13815,1.1384,10857
2025-05-05 14:00,1746453600,1.1382,1.1383,1.136,1.1368,16567
2025-05-05 15:00,1746457200,1.13675,1.1371,1.1342,1.13435,11828
2025-05-05 16:00,1746460800,1.13435,1.1344,1.13285,1.13315,9882
2025-05-05 17:00,1746464400,1.13315,1.1341,1.1327,1.13295,4412
2025-05-05 18:00,1746468000,1.1329,1.1345,1.1326,1.1343,6562
2025-05-05 19:00,1746471600,1.13425,1.13505,1.13405,1.1344,5161
2025-05-05 20:00,1746475200,1.1344,1.13495,1.1341,1.1345,1283
2025-05-05 22:00,1746482400,1.13465,1.13485,1.1342,1.13435,0
2025-05-05 23:00,1746486000,1.1344,1.13455,1.13385,1.1341,868
2025-05-06 00:00,1746489600,1.1341,1.13415,1.1309,1.1315,4656
2025-05-06 01:00,1746493200,1.13145,1.1325,1.13085,1.1322,4822
2025-05-06 02:00,1746496800,1.13225,1.1343,1.13215,1.13355,4365
2025-05-06 03:00,1746500400,1.1336,1.13465,1.1332,1.13455,1568
2025-05-06 04:00,1746504000,1.1345,1.13565,1.13445,1.1353,2645
2025-05-06 05:00,1746507600,1.13525,1.1354,1.1342,1.13475,2062
2025-05-06 06:00,1746511200,1.13465,1.13645,1.1342,1.1355,5448
2025-05-06 07:00,1746514800,1.1355,1.13765,1.1351,1.1368,9958
2025-05-06 08:00,1746518400,1.13675,1.1376,1.13515,1.1356,13445
2025-05-06 09:00,1746522000,1.13565,1.13585,1.1334,1.13405,8463
2025-05-06 10:00,1746525600,1.13405,1.1356,1.13385,1.13545,6770
2025-05-06 11:00,1746529200,1.13545,1.13645,1.1351,1.1356,8201
2025-05-06 12:00,1746532800,1.1357,1.1373,1.13455,1.13695,12318
2025-05-06 13:00,1746536400,1.13685,1.13865,1.1355,1.1382,16489
2025-05-06 14:00,1746540000,1.13825,1.13985,1.1371,1.1372,21244
2025-05-06 15:00,1746543600,1.13705,1.13785,1.1364,1.13725,14994
2025-05-06 16:00,1746547200,1.13725,1.1385,1.136,1.1378,8667
2025-05-06 17:00,1746550800,1.1378,1.1399,1.1378,1.13935,8786
2025-05-06 18:00,1746554400,1.1393,1.14015,1.13835,1.14005,5584
2025-05-06 19:00,1746558000,1.14,1.14105,1.1396,1.1401,7958
2025-05-06 20:00,1746561600,1.1401,1.14085,1.13945,1.13975,2805
2025-05-06 22:00,1746568800,1.14015,1.14025,1.1354,1.13705,0
2025-05-06 23:00,1746572400,1.1371,1.1374,1.1361,1.13685,2289
2025-05-07 00:00,1746576000,1.1368,1.1379,1.13525,1.1369,5589
2025-05-07 01:00,1746579600,1.1369,1.138,1.13545,1.13725,4032
2025-05-07 02:00,1746583200,1.1372,1.13775,1.1364,1.1369,2383
2025-05-07 03:00,1746586800,1.1369,1.1375,1.13645,1.13735,1892
2025-05-07 04:00,1746590400,1.1377,1.13795,1.13705,1.1372,2183
2025-05-07 05:00,1746594000,1.13715,1.1395,1.1371,1.13935,3644
2025-05-07 06:00,1746597600,1.1394,1.1405,1.13875,1.1402,5549
2025-05-07 07:00,1746601200,1.1401,1.14015,1.13835,1.139,7337
2025-05-07 08:00,1746604800,1.13905,1.14015,1.1382,1.13865,7611
2025-05-07 09:00,1746608400,1.13865,1.139,1.1375,1.13845,6153
2025-05-07 10:00,1746612000,1.13845,1.1395,1.1384,1.13935,4147
2025-05-07 11:00,1746615600,1.1394,1.14015,1.13845,1.13855,5679
2025-05-07 12:00,1746619200,1.13855,1.13945,1.1384,1.13875,8740
2025-05-07 13:00,1746622800,1.13875,1.13965,1.1381,1.1395,10686
2025-05-07 14:00,1746626400,1.1395,1.1399,1.1383,1.13955,12352
2025-05-07 15:00,1746630000,1.1395,1.1398,1.13695,1.13755,13549
2025-05-07 16:00,1746633600,1.13755,1.13825,1.1365,1.1377,6576
2025-05-07 17:00,1746637200,1.1377,1.13775,1.13625,1.137,5999
2025-05-07 18:00,1746640800,1.1371,1.13935,1.13485,1.1362,21717
2025-05-07 19:00,1746644400,1.1362,1.1363,1.13285,1.13355,14754
2025-05-07 20:00,1746648000,1.13345,1.13365,1.13195,1.13285,3748
2025-05-07 22:00,1746655200,1.13345,1.13375,1.13265,1.13275,0
2025-05-07 23:00,1746658800,1.13275,1.1336,1.13275,1.1329,1253
2025-05-08 00:00,1746662400,1.13295,1.1349,1.13285,1.13365,3089
2025-05-08 01:00,1746666000,1.1336,1.1359,1.1334,1.1358,3418
2025-05-08 02:00,1746669600,1.1358,1.13615,1.1349,1.1349,2499
2025-05-08 03:00,1746673200,1.1349,1.13625,1.1349,1.13535,1590
2025-05-08 04:00,1746676800,1.1352,1.1357,1.1344,1.1344,1178
2025-05-08 05:00,1746680400,1.1344,1.13445,1.1323,1.13295,5306
2025-05-08 06:00,1746684000,1.13295,1.13335,1.1302,1.1308,14772
2025-05-08 07:00,1746687600,1.13085,1.13235,1.1295,1.1323,15967
2025-05-08 08:00,1746691200,1.13225,1.1329,1.1309,1.13135,9950
2025-05-08 09:00,1746694800,1.1314,1.13235,1.13085,1.13105,7488
2025-05-08 10:00,1746698400,1.131,1.13255,1.1307,1.1313,7195
2025-05-08 11:00,1746702000,1.13135,1.1331,1.1311,1.1322,8695
2025-05-08 12:00,1746705600,1.1322,1.1346,1.13185,1.13255,17011
2025-05-08 13:00,1746709200,1.1326,1.1338,1.1321,1.1332,12432
2025-05-08 14:00,1746712800,1.13325,1.13425,1.13015,1.13045,20400
2025-05-08 15:00,1746716400,1.1304,1.13155,1.126,1.12735,38658
2025-05-08 16:00,1746720000,1.1274,1.1275,1.12465,1.12515,26433
2025-05-08 17:00,1746723600,1.12515,1.12555,1.1238,1.12525,11113
2025-05-08 18:00,1746727200,1.12525,1.12565,1.1245,1.12505,6820
2025-05-08 19:00,1746730800,1.125,1.12545,1.1237,1.1252,8309
2025-05-08 20:00,1746734400,1.12515,1.12555,1.12455,1.1255,2806
2025-05-08 22:00,1746741600,1.12515,1.12585,1.1251,1.1257,0
2025-05-08 23:00,1746745200,1.12575,1.12575,1.1247,1.12525,1553
2025-05-09 00:00,1746748800,1.12525,1.12585,1.12385,1.1252,3757
2025-05-09 01:00,1746752400,1.1252,1.12545,1.1236,1.1237,3583
2025-05-09 02:00,1746756000,1.1237,1.12445,1.12215,1.12435,6422
2025-05-09 03:00,1746759600,1.1244,1.12535,1.1244,1.12475,2999
2025-05-09 04:00,1746763200,1.1253,1.1255,1.1249,1.1253,2079
2025-05-09 05:00,1746766800,1.12525,1.1262,1.12435,1.12615,3344
2025-05-09 06:00,1746770400,1.12605,1.12725,1.1257,1.12655,6957
2025-05-09 07:00,1746774000,1.12655,1.12835,1.1262,1.12765,10892
2025-05-09 08:00,1746777600,1.1277,1.12845,1.1267,1.12815,9804
2025-05-09 09:00,1746781200,1.12815,1.1285,1.127,1.12715,6677
2025-05-09 10:00,1746784800,1.12715,1.1277,1.12675,1.12715,7287
2025-05-09 11:00,1746788400,1.12705,1.12865,1.12685,1.12795,8526
2025-05-09 12:00,1746792000,1.128,1.12815,1.12725,1.1279,7776
2025-05-09 13:00,1746795600,1.1279,1.12945,1.12785,1.1284,12667
2025-05-09 14:00,1746799200,1.12835,1.1318,1.1281,1.1293,27656
2025-05-09 15:00,1746802800,1.12925,1.1298,1.12855,1.12945,11307
2025-05-09 16:00,1746806400,1.12945,1.1301,1.12825,1.12835,5441
2025-05-09 17:00,1746810000,1.12835,1.1291,1.1278,1.1287,5017
2025-05-09 18:00,1746813600,1.1287,1.12915,1.128,1.12845,3901
2025-05-09 19:00,1746817200,1.1284,1.12855,1.1274,1.1283,5228
2025-05-09 20:00,1746820800,1.1283,1.1283,1.12725,1.1273,2247
2025-05-11 22:00,1747000800,1.1248,1.12565,1.1228,1.12495,2437
2025-05-11 23:00,1747004400,1.12495,1.12615,1.1248,1.1253,1901
2025-05-12 00:00,1747008000,1.1253,1.12635,1.1249,1.1263,3277
2025-05-12 01:00,1747011600,1.12625,1.12675,1.1247,1.12505,3613
2025-05-12 02:00,1747015200,1.1251,1.12625,1.12495,1.12525,1759
2025-05-12 03:00,1747018800,1.1253,1.12585,1.12495,1.1258,1378
2025-05-12 04:00,1747022400,1.1257,1.1259,1.125,1.1252,910
2025-05-12 05:00,1747026000,1.1252,1.12545,1.12385,1.12465,2827
2025-05-12 06:00,1747029600,1.1247,1.12605,1.12405,1.12425,6056
2025-05-12 07:00,1747033200,1.12425,1.12435,1.1121,1.11285,59167
2025-05-12 08:00,1747036800,1.11285,1.1169,1.11245,1.11615,26803
2025-05-12 09:00,1747040400,1.11615,1.11655,1.1139,1.1143,11771
2025-05-12 10:00,1747044000,1.11425,1.11425,1.1096,1.1104,26034
2025-05-12 11:00,1747047600,1.11035,1.11415,1.1101,1.11355,20024
2025-05-12 12:00,1747051200,1.1135,1.1151,1.1125,1.11375,15084
2025-05-12 13:00,1747054800,1.1138,1.1159,1.11345,1.1143,15015
2025-05-12 14:00,1747058400,1.11425,1.11585,1.11315,1.11355,22833
2025-05-12 15:00,1747062000,1.1136,1.1148,1.11245,1.11285,15808
2025-05-12 16:00,1747065600,1.11295,1.11355,1.1108,1.1108,9035
2025-05-12 17:00,1747069200,1.1109,1.1113,1.10965,1.11025,9293
2025-05-12 18:00,1747072800,1.11025,1.1115,1.1089,1.11135,11086
2025-05-12 19:00,1747076400,1.1113,1.1121,1.11065,1.1116,6025
2025-05-12 20:00,1747080000,1.1116,1.1119,1.11105,1.11105,1733
2025-05-12 22:00,1747087200,1.11115,1.11185,1.11115,1.1117,0
2025-05-12 23:00,1747090800,1.11175,1.11245,1.1113,1.1119,2809
2025-05-13 00:00,1747094400,1.1119,1.113,1.11185,1.1128,4648
2025-05-13 01:00,1747098000,1.1128,1.1133,1.11235,1.113,3037
2025-05-13 02:00,1747101600,1.11305,1.1135,1.1123,1.1126,2273
2025-05-13 03:00,1747105200,1.1126,1.1141,1.11225,1.114,3171
2025-05-13 04:00,1747108800,1.1138,1.114,1.11325,1.114,1517
2025-05-13 05:00,1747112400,1.11405,1.1143,1.11325,1.11335,2277
2025-05-13 06:00,1747116000,1.11335,1.1142,1.1125,1.1135,6064
2025-05-13 07:00,1747119600,1.1135,1.1148,1.1126,1.1139,9479
2025-05-13 08:00,1747123200,1.1139,1.1141,1.1126,1.11355,8352
2025-05-13 09:00,1747126800,1.11355,1.11385,1.1126,1.11305,6232
2025-05-13 10:00,1747130400,1.113,1.1133,1.11205,1.1128,6512
2025-05-13 11:00,1747134000,1.11275,1.11355,1.11265,1.11305,6138
2025-05-13 12:00,1747137600,1.11305,1.11545,1.113,1.1154,18269
2025-05-13 13:00,1747141200,1.11535,1.11725,1.11505,1.1159,22110
2025-05-13 14:00,1747144800,1.1159,1.11865,1.11535,1.1185,21309
2025-05-13 15:00,1747148400,1.11845,1.12015,1.11805,1.11985,17204
2025-05-13 16:00,1747152000,1.1199,1.12065,1.11885,1.11995,8123
2025-05-13 17:00,1747155600,1.11995,1.12035,1.1191,1.1201,5363
2025-05-13 18:00,1747159200,1.12005,1.12095,1.11985,1.1208,6424
2025-05-13 19:00,1747162800,1.1208,1.12155,1.1206,1.1214,6481
2025-05-13 20:00,1747166400,1.1213,1.12185,1.1207,1.1208,3090
2025-05-13 22:00,1747173600,1.121,1.12205,1.121,1.122,0
2025-05-13 23:00,1747177200,1.122,1.122,1.1207,1.12085,2217
2025-05-14 00:00,1747180800,1.1208,1.12195,1.12045,1.1215,3256
2025-05-14 01:00,1747184400,1.1215,1.1221,1.1206,1.1211,3696
2025-05-14 02:00,1747188000,1.12115,1.12155,1.12055,1.12115,1777
2025-05-14 03:00,1747191600,1.12115,1.12155,1.1207,1.12135,1195
2025-05-14 04:00,1747195200,1.12155,1.1223,1.1211,1.12115,3811
2025-05-14 05:00,1747198800,1.1211,1.12155,1.12075,1.1209,3043
2025-05-14 06:00,1747202400,1.12095,1.1221,1.12025,1.12105,7227
2025-05-14 07:00,1747206000,1.1211,1.124,1.1204,1.12375,10988
2025-05-14 08:00,1747209600,1.12375,1.1276,1.1235,1.1262,23877
2025-05-14 09:00,1747213200,1.12615,1.12885,1.1254,1.1275,12945
2025-05-14 10:00,1747216800,1.12745,1.12755,1.125,1.1254,9576
2025-05-14 11:00,1747220400,1.12535,1.12575,1.1236,1.12405,9508
2025-05-14 12:00,1747224000,1.12405,1.12585,1.12325,1.1248,14742
2025-05-14 13:00,1747227600,1.12485,1.1258,1.1233,1.1243,15989
2025-05-14 14:00,1747231200,1.1243,1.12465,1.12255,1.1235,15776
2025-05-14 15:00,1747234800,1.12345,1.1238,1.122,1.1228,11895
2025-05-14 16:00,1747238400,1.1228,1.1236,1.11985,1.1212,17518
2025-05-14 17:00,1747242000,1.1212,1.122,1.12045,1.12125,6878
2025-05-14 18:00,1747245600,1.12125,1.1213,1.1194,1.1201,8001
2025-05-14 19:00,1747249200,1.1201,1.1201,1.11885,1.119,5282
2025-05-14 20:00,1747252800,1.119,1.1198,1.1187,1.11965,2495
2025-05-14 22:00,1747260000,1.1199,1.12055,1.11975,1.1204,0
2025-05-14 23:00,1747263600,1.1204,1.12095,1.12015,1.12025,1713
2025-05-15 00:00,1747267200,1.1202,1.12155,1.11975,1.12125,3351
2025-05-15 01:00,1747270800,1.1213,1.1221,1.1212,1.12145,3212
2025-05-15 02:00,1747274400,1.12145,1.12175,1.12095,1.1216,1612
2025-05-15 03:00,1747278000,1.12155,1.12225,1.12135,1.12175,2031
2025-05-15 04:00,1747281600,1.1217,1.12205,1.12125,1.1213,1344
2025-05-15 05:00,1747285200,1.1214,1.122,1.1206,1.1214,1949
2025-05-15 06:00,1747288800,1.12145,1.12495,1.12105,1.1248,7722
2025-05-15 07:00,1747292400,1.12475,1.1249,1.12125,1.1218,10219
2025-05-15 08:00,1747296000,1.1218,1.12325,1.12135,1.1231,5132
2025-05-15 09:00,1747299600,1.1231,1.1234,1.12215,1.1223,3763
2025-05-15 10:00,1747303200,1.12235,1.12325,1.1219,1.1221,4981
2025-05-15 11:00,1747306800,1.1221,1.1224,1.12005,1.12035,9083
2025-05-15 12:00,1747310400,1.12045,1.1235,1.1203,1.12305,18244
2025-05-15 13:00,1747314000,1.1231,1.1245,1.1216,1.12215,17148
2025-05-15 14:00,1747317600,1.12215,1.12315,1.1196,1.12075,16846
2025-05-15 15:00,1747321200,1.12075,1.1218,1.11935,1.1209,12741
2025-05-15 16:00,1747324800,1.1209,1.1212,1.11935,1.12015,6693
2025-05-15 17:00,1747328400,1.1202,1.121,1.1191,1.1192,4808
2025-05-15 18:00,1747332000,1.1192,1.1201,1.11915,1.11975,4527
2025-05-15 19:00,1747335600,1.11975,1.12075,1.11935,1.12045,3631
2025-05-15 20:00,1747339200,1.1204,1.1209,1.1203,1.12075,2246
2025-05-15 22:00,1747346400,1.12075,1.1213,1.12055,1.1212,0
2025-05-15 23:00,1747350000,1.12125,1.1214,1.12095,1.1212,917
2025-05-16 00:00,1747353600,1.12115,1.12285,1.12105,1.12255,3165
2025-05-16 01:00,1747357200,1.1225,1.12285,1.12185,1.1223,1928
2025-05-16 02:00,1747360800,1.12235,1.12285,1.12195,1.12215,1951
2025-05-16 03:00,1747364400,1.12225,1.12255,1.1219,1.1222,1693
2025-05-16 04:00,1747368000,1.12185,1.1224,1.12165,1.12235,1349
2025-05-16 05:00,1747371600,1.1223,1.1239,1.12215,1.12355,2771
2025-05-16 06:00,1747375200,1.12355,1.124,1.12275,1.1232,4288
2025-05-16 07:00,1747378800,1.12325,1.1237,1.1226,1.1229,7560
2025-05-16 08:00,1747382400,1.12285,1.1229,1.12175,1.1219,7928
2025-05-16 09:00,1747386000,1.12185,1.1229,1.1212,1.12145,6865
2025-05-16 10:00,1747389600,1.12145,1.122,1.1208,1.122,5814
2025-05-16 11:00,1747393200,1.122,1.1228,1.12105,1.12145,5934
2025-05-16 12:00,1747396800,1.1214,1.12195,1.12105,1.1217,5199
2025-05-16 13:00,1747400400,1.12175,1.12265,1.1208,1.12205,13131
2025-05-16 14:00,1747404000,1.12205,1.12225,1.11715,1.1175,35055
2025-05-16 15:00,1747407600,1.11745,1.1179,1.11595,1.11605,15982
2025-05-16 16:00,1747411200,1.11605,1.1168,1.1151,1.11655,9884
2025-05-16 17:00,1747414800,1.11655,1.11675,1.11595,1.1165,4598
2025-05-16 18:00,1747418400,1.11655,1.11755,1.1163,1.1173,5915
2025-05-16 19:00,1747422000,1.11725,1.11785,1.11675,1.1169,5768
2025-05-16 20:00,1747425600,1.1169,1.1187,1.11655,1.1184,3750
2025-05-18 22:00,1747605600,1.1193,1.12135,1.119,1.121,2685
2025-05-18 23:00,1747609200,1.12105,1.1214,1.12015,1.1208,1433
2025-05-19 00:00,1747612800,1.12085,1.1218,1.11995,1.12165,2938
2025-05-19 01:00,1747616400,1.12165,1.12185,1.1193,1.11955,2736
2025-05-19 02:00,1747620000,1.1196,1.1208,1.1192,1.12015,1638
2025-05-19 03:00,1747623600,1.12015,1.1205,1.11985,1.12005,942
2025-05-19 04:00,1747627200,1.12005,1.12065,1.11965,1.12035,1153
2025-05-19 05:00,1747630800,1.1204,1.12075,1.1196,1.1204,1402
2025-05-19 06:00,1747634400,1.1204,1.12315,1.1201,1.12285,6944
2025-05-19 07:00,1747638000,1.12285,1.1265,1.12255,1.1258,11593
2025-05-19 08:00,1747641600,1.12585,1.1279,1.12555,1.1277,10433
2025-05-19 09:00,1747645200,1.1277,1.13,1.1274,1.1299,16716
2025-05-19 10:00,1747648800,1.1299,1.13075,1.12885,1.1298,14447
2025-05-19 11:00,1747652400,1.1298,1.12995,1.12815,1.12925,10556
2025-05-19 12:00,1747656000,1.12925,1.1293,1.12765,1.12765,8059
2025-05-19 13:00,1747659600,1.12765,1.1285,1.12665,1.1271,14237
2025-05-19 14:00,1747663200,1.1271,1.12775,1.1261,1.12735,14159
2025-05-19 15:00,1747666800,1.1272,1.12795,1.1253,1.1256,17103
2025-05-19 16:00,1747670400,1.1256,1.1259,1.12485,1.12545,6521
2025-05-19 17:00,1747674000,1.1255,1.12585,1.12435,1.125,5155
2025-05-19 18:00,1747677600,1.125,1.12565,1.12445,1.12545,6013
2025-05-19 19:00,1747681200,1.1254,1.1262,1.1253,1.126,3671
2025-05-19 20:00,1747684800,1.126,1.12645,1.1259,1.1261,2316
2025-05-19 22:00,1747692000,1.12615,1.1263,1.1254,1.12545,0
2025-05-19 23:00,1747695600,1.12545,1.1255,1.12505,1.12515,1537
2025-05-20 00:00,1747699200,1.1251,1.1251,1.1237,1.12465,3499
2025-05-20 01:00,1747702800,1.1247,1.12705,1.1247,1.1257,4346
2025-05-20 02:00,1747706400,1.12575,1.1265,1.1245,1.1251,2013
2025-05-20 03:00,1747710000,1.12505,1.1266,1.1248,1.1265,2385
2025-05-20 04:00,1747713600,1.1262,1.12695,1.12595,1.12605,1800
2025-05-20 05:00,1747717200,1.1261,1.12775,1.1261,1.1273,3262
2025-05-20 06:00,1747720800,1.12735,1.1281,1.12695,1.1276,6470
2025-05-20 07:00,1747724400,1.1276,1.1297,1.1272,1.1295,8971
2025-05-20 08:00,1747728000,1.1295,1.1295,1.12655,1.1277,12055
2025-05-20 09:00,1747731600,1.12775,1.12855,1.12685,1.12745,5676
2025-05-20 10:00,1747735200,1.1274,1.12765,1.1262,1.12635,4885
2025-05-20 11:00,1747738800,1.1264,1.12705,1.12625,1.1265,5381
2025-05-20 12:00,1747742400,1.12645,1.12665,1.12425,1.1253,9341
2025-05-20 13:00,1747746000,1.1253,1.12685,1.1243,1.12645,12522
2025-05-20 14:00,1747749600,1.1265,1.1289,1.12645,1.12875,17799
2025-05-20 15:00,1747753200,1.1288,1.1289,1.12685,1.1272,9665
2025-05-20 16:00,1747756800,1.1272,1.1277,1.12645,1.1276,6677
2025-05-20 17:00,1747760400,1.1275,1.1297,1.1274,1.1293,6168
2025-05-20 18:00,1747764000,1.1293,1.13,1.129,1.1292,6440
2025-05-20 19:00,1747767600,1.1292,1.1302,1.1291,1.12995,6807
2025-05-20 20:00,1747771200,1.12995,1.13055,1.12975,1.1303,2298
2025-05-20 22:00,1747778400,1.1303,1.13065,1.12985,1.12995,0
2025-05-20 23:00,1747782000,1.13,1.13085,1.1299,1.1307,1621
2025-05-21 00:00,1747785600,1.1307,1.13195,1.1306,1.1314,3866
2025-05-21 01:00,1747789200,1.1314,1.13215,1.13055,1.1317,3162
2025-05-21 02:00,1747792800,1.13165,1.13445,1.1316,1.13405,8509
2025-05-21 03:00,1747796400,1.13405,1.1358,1.13375,1.1353,3610
2025-05-21 04:00,1747800000,1.1348,1.1355,1.1344,1.1347,2780
2025-05-21 05:00,1747803600,1.1347,1.13565,1.1345,1.135,3612
2025-05-21 06:00,1747807200,1.135,1.13715,1.134,1.13515,11757
2025-05-21 07:00,1747810800,1.1351,1.13525,1.1333,1.1342,14166
2025-05-21 08:00,1747814400,1.1342,1.13525,1.13305,1.1341,7287
2025-05-21 09:00,1747818000,1.13415,1.1353,1.1333,1.1353,5605
2025-05-21 10:00,1747821600,1.1353,1.1381,1.135,1.13575,15737
2025-05-21 11:00,1747825200,1.1357,1.1363,1.13375,1.13425,8928
2025-05-21 12:00,1747828800,1.1343,1.13535,1.1336,1.1353,10649
2025-05-21 13:00,1747832400,1.1353,1.13575,1.13415,1.13555,13085
2025-05-21 14:00,1747836000,1.1355,1.1373,1.1351,1.13595,19550
2025-05-21 15:00,1747839600,1.1359,1.1367,1.13515,1.1361,11604
2025-05-21 16:00,1747843200,1.1361,1.13705,1.13575,1.1359,6629
2025-05-21 17:00,1747846800,1.13595,1.1382,1.1356,1.13665,12321
2025-05-21 18:00,1747850400,1.13665,1.13675,1.135,1.13515,7758
2025-05-21 19:00,1747854000,1.13515,1.1358,1.1337,1.1338,9184
2025-05-21 20:00,1747857600,1.13375,1.13505,1.1334,1.1348,2905
2025-05-21 22:00,1747864800,1.13475,1.13475,1.1331,1.1331,0
2025-05-21 23:00,1747868400,1.1332,1.1348,1.13265,1.13475,1951
2025-05-22 00:00,1747872000,1.1348,1.1359,1.13415,1.1343,2458
2025-05-22 01:00,1747875600,1.1343,1.13565,1.13335,1.13535,3841
2025-05-22 02:00,1747879200,1.13535,1.13605,1.13435,1.13535,2497
2025-05-22 03:00,1747882800,1.13545,1.13575,1.13465,1.135,1086
2025-05-22 04:00,1747886400,1.1348,1.135,1.13405,1.13495,1127
2025-05-22 05:00,1747890000,1.1349,1.13515,1.13405,1.1349,1450
2025-05-22 06:00,1747893600,1.13495,1.13575,1.1333,1.1338,5532
2025-05-22 07:00,1747897200,1.1338,1.13405,1.13115,1.13365,13344
2025-05-22 08:00,1747900800,1.1336,1.1351,1.13175,1.1318,10823
2025-05-22 09:00,1747904400,1.13175,1.1319,1.1307,1.131,7772
2025-05-22 10:00,1747908000,1.131,1.1315,1.1306,1.1308,5068
2025-05-22 11:00,1747911600,1.1308,1.1329,1.13075,1.13245,7821
2025-05-22 12:00,1747915200,1.1325,1.1331,1.13005,1.1311,14850
2025-05-22 13:00,1747918800,1.1311,1.13245,1.1297,1.1299,16029
2025-05-22 14:00,1747922400,1.12985,1.1314,1.129,1.12935,17835
2025-05-22 15:00,1747926000,1.12935,1.1304,1.12815,1.1296,14033
2025-05-22 16:00,1747929600,1.12965,1.13035,1.1284,1.12855,8858
2025-05-22 17:00,1747933200,1.12855,1.12865,1.1271,1.12835,9087
2025-05-22 18:00,1747936800,1.1284,1.12965,1.1283,1.12935,7359
2025-05-22 19:00,1747940400,1.1294,1.13015,1.1294,1.12945,3477
2025-05-22 20:00,1747944000,1.1294,1.1299,1.12925,1.1296,2065
2025-05-22 22:00,1747951200,1.1298,1.1303,1.1296,1.1302,0
2025-05-22 23:00,1747954800,1.13025,1.13045,1.1297,1.12975,922
2025-05-23 00:00,1747958400,1.1298,1.1316,1.12945,1.13125,3995
2025-05-23 01:00,1747962000,1.13125,1.1335,1.1311,1.133,5564
2025-05-23 02:00,1747965600,1.133,1.1334,1.1324,1.13305,2908
2025-05-23 03:00,1747969200,1.1331,1.1333,1.1327,1.1328,1134
2025-05-23 04:00,1747972800,1.13275,1.13365,1.13265,1.13335,1833
2025-05-23 05:00,1747976400,1.13335,1.13415,1.1324,1.13385,2886
2025-05-23 06:00,1747980000,1.13375,1.1343,1.13255,1.1328,5745
2025-05-23 07:00,1747983600,1.13285,1.13595,1.13245,1.1355,9243
2025-05-23 08:00,1747987200,1.1355,1.13605,1.1349,1.13575,4880
2025-05-23 09:00,1747990800,1.13575,1.137,1.13545,1.1365,6011
2025-05-23 10:00,1747994400,1.1365,1.1373,1.13605,1.13645,7333
2025-05-23 11:00,1747998000,1.13645,1.1394,1.13145,1.13375,44013
2025-05-23 12:00,1748001600,1.1338,1.13675,1.1313,1.13495,36048
2025-05-23 13:00,1748005200,1.13495,1.1354,1.1329,1.13305,19348
2025-05-23 14:00,1748008800,1.133,1.1362,1.13265,1.1361,20458
2025-05-23 15:00,1748012400,1.1361,1.1376,1.13475,1.13655,16818
2025-05-23 16:00,1748016000,1.13655,1.13755,1.1357,1.1374,6796
2025-05-23 17:00,1748019600,1.1374,1.13835,1.1368,1.1377,5151
2025-05-23 18:00,1748023200,1.13765,1.1385,1.13715,1.13755,5423
2025-05-23 19:00,1748026800,1.1376,1.13815,1.13715,1.13795,3184
2025-05-23 20:00,1748030400,1.1379,1.1384,1.13755,1.1381,2290
2025-05-25 22:00,1748210400,1.1382,1.1395,1.13775,1.13895,4185
2025-05-25 23:00,1748214000,1.13895,1.13975,1.13845,1.13895,1525
2025-05-26 00:00,1748217600,1.13905,1.1413,1.139,1.1412,3978
2025-05-26 01:00,1748221200,1.1412,1.1431,1.14035,1.1428,4188
2025-05-26 02:00,1748224800,1.14275,1.1434,1.1424,1.1425,2130
2025-05-26 03:00,1748228400,1.14245,1.14275,1.14205,1.1426,1249
2025-05-26 04:00,1748232000,1.14265,1.14285,1.14185,1.14245,1643
2025-05-26 05:00,1748235600,1.1425,1.14335,1.14155,1.1432,2581
2025-05-26 06:00,1748239200,1.14315,1.1434,1.1423,1.14245,3585
2025-05-26 07:00,1748242800,1.14235,1.14275,1.14035,1.1404,8409
2025-05-26 08:00,1748246400,1.14045,1.14105,1.1398,1.13995,4969
2025-05-26 09:00,1748250000,1.14005,1.1401,1.1391,1.1394,3088
2025-05-26 10:00,1748253600,1.13945,1.1402,1.13915,1.13995,2875
2025-05-26 11:00,1748257200,1.1399,1.1402,1.13895,1.1392,2608
2025-05-26 12:00,1748260800,1.1392,1.13975,1.1384,1.13905,3685
2025-05-26 13:00,1748264400,1.139,1.13985,1.13885,1.1397,2593
2025-05-26 14:00,1748268000,1.1397,1.14,1.1392,1.13995,3194
2025-05-26 15:00,1748271600,1.1399,1.1401,1.13925,1.13965,3444
2025-05-26 16:00,1748275200,1.1396,1.13985,1.13915,1.13985,1759
2025-05-26 17:00,1748278800,1.1399,1.1399,1.13935,1.1396,774
2025-05-26 18:00,1748282400,1.13955,1.13985,1.1395,1.13965,1216
2025-05-26 19:00,1748286000,1.1396,1.1401,1.1396,1.14005,466
2025-05-26 20:00,1748289600,1.14005,1.14035,1.1399,1.1402,552
2025-05-26 22:00,1748296800,1.14025,1.14095,1.13985,1.1405,1378
2025-05-26 23:00,1748300400,1.1405,1.1406,1.14015,1.1403,1091
2025-05-27 00:00,1748304000,1.14035,1.14175,1.14025,1.14145,3017
2025-05-27 01:00,1748307600,1.1415,1.1422,1.14055,1.14095,2717
2025-05-27 02:00,1748311200,1.14095,1.14175,1.14055,1.1407,1833
2025-05-27 03:00,1748314800,1.14075,1.14155,1.14045,1.14085,1233
2025-05-27 04:00,1748318400,1.14105,1.1412,1.1392,1.13935,2496
2025-05-27 05:00,1748322000,1.13935,1.1394,1.13815,1.1393,4752
2025-05-27 06:00,1748325600,1.13935,1.1407,1.13785,1.1379,7864
2025-05-27 07:00,1748329200,1.13795,1.13855,1.1351,1.1355,11994
2025-05-27 08:00,1748332800,1.13555,1.1372,1.1353,1.1363,7346
2025-05-27 09:00,1748336400,1.1363,1.13725,1.13595,1.1363,7923
2025-05-27 10:00,1748340000,1.1363,1.1366,1.1355,1.13585,5647
2025-05-27 11:00,1748343600,1.1358,1.1369,1.1356,1.13655,5721
2025-05-27 12:00,1748347200,1.1366,1.13825,1.13655,1.13815,8484
2025-05-27 13:00,1748350800,1.13815,1.139,1.13695,1.13735,9921
2025-05-27 14:00,1748354400,1.13735,1.1376,1.1352,1.1355,15007
2025-05-27 15:00,1748358000,1.1356,1.1356,1.1338,1.134,12270
2025-05-27 16:00,1748361600,1.134,1.13495,1.1338,1.1346,5358
2025-05-27 17:00,1748365200,1.13465,1.13515,1.13445,1.1347,2908
2025-05-27 18:00,1748368800,1.1347,1.13535,1.1343,1.13515,4685
2025-05-27 19:00,1748372400,1.13515,1.1353,1.13445,1.1345,3255
2025-05-27 20:00,1748376000,1.13455,1.1347,1.13405,1.1342,1591
2025-05-27 22:00,1748383200,1.1342,1.1351,1.13415,1.1351,0
2025-05-27 23:00,1748386800,1.13505,1.1352,1.13455,1.1351,960
2025-05-28 00:00,1748390400,1.13515,1.13595,1.13475,1.1348,2590
2025-05-28 01:00,1748394000,1.1348,1.13525,1.1329,1.13315,5151
2025-05-28 02:00,1748397600,1.1331,1.134,1.1315,1.13195,6188
2025-05-28 03:00,1748401200,1.1319,1.1327,1.1314,1.13225,2320
2025-05-28 04:00,1748404800,1.1319,1.13215,1.1317,1.132,1241
2025-05-28 05:00,1748408400,1.132,1.13285,1.13095,1.13285,4111
2025-05-28 06:00,1748412000,1.1329,1.13305,1.13175,1.13185,5922
2025-05-28 07:00,1748415600,1.13185,1.13445,1.1317,1.13405,7827
2025-05-28 08:00,1748419200,1.13405,1.13485,1.1332,1.1346,7477
2025-05-28 09:00,1748422800,1.1346,1.1354,1.13415,1.1347,5480
2025-05-28 10:00,1748426400,1.1347,1.13545,1.13375,1.13395,6339
2025-05-28 11:00,1748430000,1.13395,1.13425,1.13295,1.13315,7297
2025-05-28 12:00,1748433600,1.1332,1.1338,1.1321,1.1325,10555
2025-05-28 13:00,1748437200,1.13245,1.1327,1.13105,1.13225,15593
2025-05-28 14:00,1748440800,1.13225,1.13385,1.13145,1.13165,31295
2025-05-28 15:00,1748444400,1.13165,1.1322,1.12975,1.12985,19731
2025-05-28 16:00,1748448000,1.12985,1.131,1.1298,1.13075,6158
2025-05-28 17:00,1748451600,1.13075,1.13145,1.1304,1.1306,4702
2025-05-28 18:00,1748455200,1.1306,1.1312,1.12985,1.1307,4181
2025-05-28 19:00,1748458800,1.1307,1.1309,1.1301,1.1303,3280
2025-05-28 20:00,1748462400,1.13025,1.13095,1.13025,1.13075,0
2025-05-28 22:00,1748469600,1.13055,1.13085,1.1302,1.1303,636
2025-05-28 23:00,1748473200,1.12965,1.12985,1.12215,1.12415,18627
2025-05-29 00:00,1748476800,1.1241,1.12625,1.12345,1.1246,6818
2025-05-29 01:00,1748480400,1.12455,1.12645,1.12355,1.1263,5742
2025-05-29 02:00,1748484000,1.1263,1.1268,1.12535,1.12565,2196
2025-05-29 03:00,1748487600,1.1257,1.12675,1.1254,1.12595,2655
2025-05-29 04:00,1748491200,1.12555,1.1266,1.12555,1.12595,1942
2025-05-29 05:00,1748494800,1.1259,1.12615,1.12425,1.1255,4181
2025-05-29 06:00,1748498400,1.1255,1.1285,1.1253,1.1283,8909
2025-05-29 07:00,1748502000,1.12825,1.1294,1.12825,1.1287,7562
2025-05-29 08:00,1748505600,1.1287,1.12905,1.1273,1.1283,6232
2025-05-29 09:00,1748509200,1.1283,1.1295,1.1282,1.12895,4022
2025-05-29 10:00,1748512800,1.1289,1.1303,1.1288,1.1298,4544
2025-05-29 11:00,1748516400,1.12975,1.1302,1.12795,1.12825,5249
2025-05-29 12:00,1748520000,1.1283,1.13615,1.1283,1.13605,30220
2025-05-29 13:00,1748523600,1.1361,1.1372,1.1351,1.1363,28979
2025-05-29 14:00,1748527200,1.13635,1.1381,1.1354,1.13615,13341
2025-05-29 15:00,1748530800,1.1361,1.13825,1.13605,1.13815,15043
2025-05-29 16:00,1748534400,1.1381,1.13915,1.1378,1.1383,7699
2025-05-29 17:00,1748538000,1.13835,1.1396,1.1373,1.1389,5550
2025-05-29 18:00,1748541600,1.1389,1.1396,1.13855,1.1387,5458
2025-05-29 19:00,1748545200,1.13865,1.139,1.1377,1.1378,4456
2025-05-29 20:00,1748548800,1.13785,1.13815,1.1372,1.1377,2837
2025-05-29 22:00,1748556000,1.1382,1.13885,1.1377,1.1381,0
2025-05-29 23:00,1748559600,1.1382,1.139,1.138,1.13875,1230
2025-05-30 00:00,1748563200,1.13875,1.1396,1.13755,1.13835,3266
2025-05-30 01:00,1748566800,1.13835,1.1401,1.13635,1.13655,5224
2025-05-30 02:00,1748570400,1.13655,1.137,1.13595,1.13595,2341
2025-05-30 03:00,1748574000,1.13605,1.13675,1.13565,1.1359,1405
2025-05-30 04:00,1748577600,1.13605,1.1364,1.13565,1.13565,1081
2025-05-30 05:00,1748581200,1.1357,1.13655,1.1354,1.1362,2292
2025-05-30 06:00,1748584800,1.13625,1.13635,1.13465,1.13575,5129
2025-05-30 07:00,1748588400,1.13575,1.1359,1.13385,1.13485,12883
2025-05-30 08:00,1748592000,1.1349,1.13555,1.1334,1.1335,7919
2025-05-30 09:00,1748595600,1.13345,1.13425,1.1334,1.13365,4899
2025-05-30 10:00,1748599200,1.13365,1.13445,1.1335,1.1338,4109
2025-05-30 11:00,1748602800,1.1338,1.13495,1.13335,1.1349,4016
2025-05-30 12:00,1748606400,1.1349,1.13695,1.1345,1.1357,17377
2025-05-30 13:00,1748610000,1.1357,1.13585,1.1323,1.1328,17460
2025-05-30 14:00,1748613600,1.1329,1.13655,1.1324,1.13625,40407
2025-05-30 15:00,1748617200,1.1363,1.1369,1.1354,1.1357,20636
2025-05-30 16:00,1748620800,1.1357,1.1366,1.1354,1.1361,7760
2025-05-30 17:00,1748624400,1.13615,1.1378,1.1361,1.13685,5747
2025-05-30 18:00,1748628000,1.13685,1.13755,1.13655,1.13695,3987
2025-05-30 19:00,1748631600,1.13695,1.1372,1.13605,1.13675,3967
2025-05-30 20:00,1748635200,1.13675,1.137,1.13555,1.13575,1783
2025-06-01 22:00,1748815200,1.1365,1.13675,1.13575,1.13655,1467
2025-06-01 23:00,1748818800,1.13655,1.13705,1.1361,1.1363,1267
2025-06-02 00:00,1748822400,1.1363,1.1385,1.13625,1.1379,3009
2025-06-02 01:00,1748826000,1.1379,1.13925,1.13775,1.1381,3269
2025-06-02 02:00,1748829600,1.13805,1.13835,1.13715,1.13745,2370
2025-06-02 03:00,1748833200,1.1374,1.13765,1.13645,1.13715,2106
2025-06-02 04:00,1748836800,1.1372,1.13765,1.13695,1.13755,1891
2025-06-02 05:00,1748840400,1.13755,1.13905,1.1374,1.13895,2282
2025-06-02 06:00,1748844000,1.13895,1.1417,1.13885,1.14115,9831
2025-06-02 07:00,1748847600,1.14115,1.1447,1.1409,1.1434,17032
2025-06-02 08:00,1748851200,1.1434,1.1438,1.1423,1.143,8877
2025-06-02 09:00,1748854800,1.1431,1.14475,1.14295,1.1433,8381
2025-06-02 10:00,1748858400,1.1434,1.1438,1.14235,1.1425,6716
2025-06-02 11:00,1748862000,1.14255,1.14365,1.1419,1.14245,6973
2025-06-02 12:00,1748865600,1.1424,1.1439,1.14215,1.14285,14254
2025-06-02 13:00,1748869200,1.14285,1.1433,1.14145,1.143,12567
2025-06-02 14:00,1748872800,1.14305,1.14605,1.14305,1.1445,23823
2025-06-02 15:00,1748876400,1.14445,1.14485,1.1434,1.14405,15752
2025-06-02 16:00,1748880000,1.1441,1.14425,1.1422,1.1429,7454
2025-06-02 17:00,1748883600,1.14285,1.1436,1.14265,1.14325,5645
2025-06-02 18:00,1748887200,1.14325,1.14535,1.1429,1.1452,10829
2025-06-02 19:00,1748890800,1.1452,1.14555,1.14445,1.1455,4086
2025-06-02 20:00,1748894400,1.14555,1.14565,1.14505,1.1453,4232
2025-06-02 22:00,1748901600,1.1452,1.14555,1.14475,1.1455,0
2025-06-02 23:00,1748905200,1.1455,1.14635,1.14545,1.14625,1600
2025-06-03 00:00,1748908800,1.1462,1.14645,1.1448,1.1453,1801
2025-06-03 01:00,1748912400,1.14525,1.14525,1.14365,1.14375,2575
2025-06-03 02:00,1748916000,1.1437,1.144,1.14285,1.14345,2111
2025-06-03 03:00,1748919600,1.1435,1.1437,1.14255,1.1428,1915
2025-06-03 04:00,1748923200,1.14285,1.1435,1.14275,1.1435,1447
2025-06-03 05:00,1748926800,1.1435,1.1437,1.14215,1.1432,2003
2025-06-03 06:00,1748930400,1.1432,1.1441,1.14255,1.1438,4513
2025-06-03 07:00,1748934000,1.1438,1.14425,1.14235,1.14255,9561
2025-06-03 08:00,1748937600,1.1425,1.1428,1.1415,1.1421,10308
2025-06-03 09:00,1748941200,1.1421,1.14275,1.14105,1.14215,5313
2025-06-03 10:00,1748944800,1.14215,1.1422,1.14055,1.14075,5746
2025-06-03 11:00,1748948400,1.1408,1.14085,1.13955,1.14,8500
2025-06-03 12:00,1748952000,1.14005,1.14035,1.13865,1.1391,11003
2025-06-03 13:00,1748955600,1.13915,1.1404,1.1386,1.13975,13634
2025-06-03 14:00,1748959200,1.1398,1.14025,1.13725,1.1401,20706
2025-06-03 15:00,1748962800,1.1401,1.14025,1.138,1.13815,9566
2025-06-03 16:00,1748966400,1.1382,1.13925,1.1377,1.13825,5551
2025-06-03 17:00,1748970000,1.1383,1.13915,1.13825,1.13875,4369
2025-06-03 18:00,1748973600,1.13875,1.13875,1.1378,1.13845,4307
2025-06-03 19:00,1748977200,1.13845,1.13855,1.1377,1.13785,2628
2025-06-03 20:00,1748980800,1.1378,1.1384,1.13775,1.13785,0
2025-06-03 22:00,1748988000,1.1381,1.1384,1.138,1.13835,611
2025-06-03 23:00,1748991600,1.1383,1.1395,1.13825,1.1393,1322
2025-06-04 00:00,1748995200,1.1393,1.1398,1.1387,1.13915,1969
2025-06-04 01:00,1748998800,1.1391,1.1402,1.13805,1.13945,2828
2025-06-04 02:00,1749002400,1.13945,1.13965,1.13825,1.13845,1369
2025-06-04 03:00,1749006000,1.1385,1.13895,1.13745,1.1377,1858
2025-06-04 04:00,1749009600,1.13865,1.13875,1.13735,1.13745,2410
2025-06-04 05:00,1749013200,1.13755,1.138,1.13655,1.1371,3757
2025-06-04 06:00,1749016800,1.13715,1.13865,1.13665,1.13865,4525
2025-06-04 07:00,1749020400,1.13865,1.14055,1.13845,1.13955,9909
2025-06-04 08:00,1749024000,1.1395,1.1413,1.13915,1.1408,6240
2025-06-04 09:00,1749027600,1.1408,1.1408,1.139,1.13915,4905
2025-06-04 10:00,1749031200,1.13915,1.1394,1.13835,1.13905,8041
2025-06-04 11:00,1749034800,1.13905,1.1396,1.13855,1.1388,5363
2025-06-04 12:00,1749038400,1.13875,1.14195,1.13875,1.1418,21342
2025-06-04 13:00,1749042000,1.1418,1.14225,1.1402,1.14105,13307
2025-06-04 14:00,1749045600,1.141,1.1443,1.141,1.14415,23322
2025-06-04 15:00,1749049200,1.1441,1.14425,1.14255,1.14325,11175
2025-06-04 16:00,1749052800,1.14325,1.14435,1.1428,1.1442,7130
2025-06-04 17:00,1749056400,1.1442,1.1442,1.1432,1.14335,4699
2025-06-04 18:00,1749060000,1.14335,1.1437,1.1429,1.14295,4240
2025-06-04 19:00,1749063600,1.14295,1.14305,1.1421,1.1421,3957
2025-06-04 20:00,1749067200,1.14205,1.14315,1.14185,1.14285,2058
2025-06-04 22:00,1749074400,1.1427,1.143,1.1424,1.14275,0
2025-06-04 23:00,1749078000,1.1427,1.1436,1.14255,1.1428,1016
2025-06-05 00:00,1749081600,1.1428,1.14365,1.1423,1.14365,1864
2025-06-05 01:00,1749085200,1.1436,1.1442,1.14205,1.14235,2432
2025-06-05 02:00,1749088800,1.1423,1.14265,1.1417,1.14245,1431
2025-06-05 03:00,1749092400,1.14245,1.14295,1.14155,1.14175,1599
2025-06-05 04:00,1749096000,1.142,1.1421,1.14145,1.1417,1178
2025-06-05 05:00,1749099600,1.1417,1.14205,1.14115,1.1413,1758
2025-06-05 06:00,1749103200,1.14135,1.1424,1.14115,1.1416,3152
2025-06-05 07:00,1749106800,1.14155,1.1432,1.1414,1.14185,7884
2025-06-05 08:00,1749110400,1.14185,1.1426,1.14155,1.14195,5567
2025-06-05 09:00,1749114000,1.1419,1.14285,1.14165,1.1425,8930
2025-06-05 10:00,1749117600,1.1425,1.14395,1.14245,1.1431,15512
2025-06-05 11:00,1749121200,1.1431,1.1435,1.1423,1.14325,5987
2025-06-05 12:00,1749124800,1.14325,1.1456,1.142,1.14365,25086
2025-06-05 13:00,1749128400,1.1436,1.1502,1.1425,1.1487,52339
2025-06-05 14:00,1749132000,1.14885,1.1489,1.1461,1.14645,22218
2025-06-05 15:00,1749135600,1.1464,1.14655,1.14415,1.1446,28258
2025-06-05 16:00,1749139200,1.14455,1.1455,1.14385,1.14545,8886
2025-06-05 17:00,1749142800,1.14545,1.1455,1.14385,1.145,5025
2025-06-05 18:00,1749146400,1.14495,1.1451,1.14375,1.1449,5125
2025-06-05 19:00,1749150000,1.1449,1.14545,1.144,1.14445,5465
2025-06-05 20:00,1749153600,1.14445,1.1453,1.14415,1.14525,2667
2025-06-05 22:00,1749160800,1.1452,1.14575,1.14485,1.14575,0
2025-06-05 23:00,1749164400,1.1458,1.146,1.14525,1.1459,1620
2025-06-06 00:00,1749168000,1.1459,1.14635,1.1456,1.1456,1531
2025-06-06 01:00,1749171600,1.1456,1.14585,1.14475,1.14485,1750
2025-06-06 02:00,1749175200,1.1449,1.14495,1.1439,1.1444,1519
2025-06-06 03:00,1749178800,1.14435,1.14495,1.14425,1.1447,1101
2025-06-06 04:00,1749182400,1.14455,1.14485,1.14435,1.1446,1093
2025-06-06 05:00,1749186000,1.14455,1.1446,1.1436,1.1442,2278
2025-06-06 06:00,1749189600,1.14425,1.14485,1.1431,1.14415,7686
2025-06-06 07:00,1749193200,1.1441,1.14425,1.14275,1.1433,7598
2025-06-06 08:00,1749196800,1.14325,1.14355,1.14175,1.14205,9124
2025-06-06 09:00,1749200400,1.14205,1.1427,1.1417,1.14255,14908
2025-06-06 10:00,1749204000,1.14255,1.14305,1.14235,1.14285,3869
2025-06-06 11:00,1749207600,1.1429,1.14345,1.1423,1.1424,7261
2025-06-06 12:00,1749211200,1.14235,1.1433,1.13955,1.1403,33403
2025-06-06 13:00,1749214800,1.14025,1.1408,1.13775,1.1402,31457
2025-06-06 14:00,1749218400,1.1401,1.14225,1.1387,1.13955,31692
2025-06-06 15:00,1749222000,1.13955,1.14085,1.139,1.14025,20623
2025-06-06 16:00,1749225600,1.14025,1.14495,1.1392,1.13935,7982
2025-06-06 17:00,1749229200,1.13935,1.14035,1.1391,1.1399,6383
2025-06-06 18:00,1749232800,1.1399,1.14055,1.1399,1.14035,8174
2025-06-06 19:00,1749236400,1.14035,1.14085,1.13985,1.1402,4049
2025-06-06 20:00,1749240000,1.1402,1.1404,1.13975,1.14,1855
2025-06-08 22:00,1749420000,1.1397,1.1412,1.1397,1.14115,1272
2025-06-08 23:00,1749423600,1.1412,1.1416,1.1409,1.14115,1425
2025-06-09 00:00,1749427200,1.1412,1.1414,1.1398,1.13985,1775
2025-06-09 01:00,1749430800,1.13995,1.1422,1.13995,1.14205,2485
2025-06-09 02:00,1749434400,1.142,1.14305,1.14195,1.14225,2717
2025-06-09 03:00,1749438000,1.14225,1.14265,1.1417,1.1418,1111
2025-06-09 04:00,1749441600,1.14175,1.1424,1.1416,1.14235,621
2025-06-09 05:00,1749445200,1.1424,1.14295,1.14175,1.1427,1585
2025-06-09 06:00,1749448800,1.14275,1.1435,1.1423,1.1433,4113
2025-06-09 07:00,1749452400,1.14325,1.1434,1.14245,1.14275,3576
2025-06-09 08:00,1749456000,1.1428,1.1441,1.14235,1.14335,5604
2025-06-09 09:00,1749459600,1.14335,1.14445,1.1431,1.14315,6699
2025-06-09 10:00,1749463200,1.1432,1.1434,1.1421,1.1425,5617
2025-06-09 11:00,1749466800,1.1425,1.14285,1.14115,1.14225,34252
2025-06-09 12:00,1749470400,1.1423,1.14235,1.14,1.14055,16075
2025-06-09 13:00,1749474000,1.14055,1.141,1.13915,1.1407,14038
2025-06-09 14:00,1749477600,1.1407,1.14145,1.1399,1.14135,19355
2025-06-09 15:00,1749481200,1.1413,1.1431,1.1413,1.14295,37328
2025-06-09 16:00,1749484800,1.143,1.1431,1.14205,1.14295,6364
2025-06-09 17:00,1749488400,1.143,1.14315,1.1425,1.14275,6893
2025-06-09 18:00,1749492000,1.1427,1.14365,1.14245,1.1433,8143
2025-06-09 19:00,1749495600,1.14335,1.14345,1.1428,1.14285,4124
2025-06-09 20:00,1749499200,1.14285,1.1432,1.14235,1.14255,1401
2025-06-09 22:00,1749506400,1.1425,1.1429,1.14245,1.14275,0
2025-06-09 23:00,1749510000,1.1428,1.14325,1.1425,1.1431,920
2025-06-10 00:00,1749513600,1.14305,1.14405,1.1426,1.14285,2109
2025-06-10 01:00,1749517200,1.1429,1.14325,1.13995,1.14015,4317
2025-06-10 02:00,1749520800,1.1401,1.1405,1.13905,1.1403,3399
2025-06-10 03:00,1749524400,1.1403,1.14095,1.1396,1.1407,2411
2025-06-10 04:00,1749528000,1.14065,1.14075,1.1396,1.1404,1503
2025-06-10 05:00,1749531600,1.14035,1.1418,1.1402,1.141,11577
2025-06-10 06:00,1749535200,1.141,1.1419,1.13965,1.1399,18769
2025-06-10 07:00,1749538800,1.1399,1.14045,1.1377,1.13955,33686
2025-06-10 08:00,1749542400,1.1398,1.1416,1.1398,1.1413,33362
2025-06-10 09:00,1749546000,1.14125,1.14235,1.1408,1.1421,22274
2025-06-10 10:00,1749549600,1.14215,1.143,1.1419,1.1428,8591
2025-06-10 11:00,1749553200,1.1428,1.1439,1.1424,1.14335,9638
2025-06-10 12:00,1749556800,1.14335,1.14455,1.14295,1.1437,29907
2025-06-10 13:00,1749560400,1.14365,1.14525,1.1435,1.14475,16261
2025-06-10 14:00,1749564000,1.14475,1.14495,1.1427,1.14285,28051
2025-06-10 15:00,1749567600,1.14305,1.14325,1.14195,1.1427,34073
2025-06-10 16:00,1749571200,1.14275,1.14315,1.14205,1.1428,6037
2025-06-10 17:00,1749574800,1.14285,1.1433,1.1422,1.14275,3717
2025-06-10 18:00,1749578400,1.14275,1.14295,1.14215,1.14245,4028
2025-06-10 19:00,1749582000,1.1425,1.1441,1.14235,1.14305,5627
2025-06-10 20:00,1749585600,1.14305,1.14345,1.1424,1.14295,0
2025-06-10 22:00,1749592800,1.14325,1.14335,1.14275,1.14325,575
2025-06-10 23:00,1749596400,1.1433,1.1443,1.14255,1.14415,2219
2025-06-11 00:00,1749600000,1.14415,1.1443,1.14245,1.1425,2391
2025-06-11 01:00,1749603600,1.1425,1.14305,1.141,1.1413,2689
2025-06-11 02:00,1749607200,1.14125,1.14225,1.1411,1.1419,1344
2025-06-11 03:00,1749610800,1.1419,1.14215,1.14155,1.14195,934
2025-06-11 04:00,1749614400,1.14185,1.1422,1.1418,1.14195,737
2025-06-11 05:00,1749618000,1.1421,1.1427,1.14175,1.1426,9439
2025-06-11 06:00,1749621600,1.1426,1.1427,1.1411,1.1414,11496
2025-06-11 07:00,1749625200,1.1414,1.1428,1.1409,1.14235,60476
2025-06-11 08:00,1749628800,1.1423,1.1442,1.14225,1.14345,96140
2025-06-11 09:00,1749632400,1.14345,1.14495,1.1434,1.14385,131996
2025-06-11 10:00,1749636000,1.1439,1.14465,1.1437,1.1442,21556
2025-06-11 11:00,1749639600,1.14425,1.1444,1.14305,1.14365,122056
2025-06-11 12:00,1749643200,1.1436,1.1493,1.14075,1.14645,171398
2025-06-11 13:00,1749646800,1.14645,1.14775,1.1457,1.1474,149200
2025-06-11 14:00,1749650400,1.1474,1.14895,1.1471,1.14875,64084
2025-06-11 15:00,1749654000,1.1485,1.14945,1.14785,1.1493,76728
2025-06-11 16:00,1749657600,1.1493,1.15005,1.1486,1.14935,45874
2025-06-11 17:00,1749661200,1.14935,1.1503,1.1492,1.1501,17176
2025-06-11 18:00,1749664800,1.15015,1.1504,1.1487,1.149,29476
2025-06-11 19:00,1749668400,1.14905,1.1491,1.14835,1.14875,12510
2025-06-11 20:00,1749672000,1.1487,1.14935,1.1484,1.14925,7830
2025-06-11 22:00,1749679200,1.14925,1.1511,1.1489,1.15075,0
2025-06-11 23:00,1749682800,1.15075,1.1515,1.1506,1.15115,3712
2025-06-12 00:00,1749686400,1.1512,1.1528,1.15035,1.1523,9990
2025-06-12 01:00,1749690000,1.15225,1.15305,1.15165,1.15205,5616
2025-06-12 02:00,1749693600,1.15205,1.15205,1.15085,1.1513,3918
2025-06-12 03:00,1749697200,1.15125,1.1524,1.15125,1.1522,2326
2025-06-12 04:00,1749700800,1.1516,1.1521,1.1514,1.1517,859
2025-06-12 05:00,1749704400,1.15165,1.15345,1.15125,1.15295,3338
2025-06-12 06:00,1749708000,1.1529,1.1533,1.1513,1.1524,18804
2025-06-12 07:00,1749711600,1.15235,1.153,1.15075,1.1528,22694
2025-06-12 08:00,1749715200,1.1528,1.15485,1.1525,1.15455,29522
2025-06-12 09:00,1749718800,1.15455,1.159,1.1542,1.15735,78640
2025-06-12 10:00,1749722400,1.1574,1.16125,1.15685,1.15945,33858
2025-06-12 11:00,1749726000,1.15945,1.1608,1.1586,1.15915,41184
2025-06-12 12:00,1749729600,1.15915,1.16335,1.159,1.16115,34283
2025-06-12 13:00,1749733200,1.1611,1.1619,1.1581,1.15865,38359
2025-06-12 14:00,1749736800,1.15865,1.15915,1.15805,1.1584,21003
2025-06-12 15:00,1749740400,1.1584,1.15865,1.15695,1.15785,19448
2025-06-12 16:00,1749744000,1.1579,1.158,1.15695,1.1578,11491
2025-06-12 17:00,1749747600,1.1578,1.15795,1.1565,1.1577,6088
2025-06-12 18:00,1749751200,1.15765,1.15815,1.1572,1.1579,6614
2025-06-12 19:00,1749754800,1.15795,1.15825,1.15765,1.15775,7278
2025-06-12 20:00,1749758400,1.15775,1.15895,1.1577,1.15875,3753
2025-06-12 22:00,1749765600,1.1589,1.1594,1.1588,1.15905,0
2025-06-12 23:00,1749769200,1.15905,1.161,1.1587,1.1609,955
2025-06-13 00:00,1749772800,1.1608,1.1614,1.15405,1.1558,3604
2025-06-13 01:00,1749776400,1.156,1.15615,1.1538,1.15495,1043
2025-06-13 02:00,1749780000,1.155,1.15585,1.1538,1.1545,749
2025-06-13 03:00,1749783600,1.1545,1.1546,1.15275,1.15375,730
2025-06-13 04:00,1749787200,1.1535,1.1535,1.1515,1.15265,825
2025-06-13 05:00,1749790800,1.1526,1.1541,1.15125,1.153,1017
2025-06-13 06:00,1749794400,1.1531,1.1547,1.15255,1.15435,3634
2025-06-13 07:00,1749798000,1.1543,1.1561,1.1536,1.1537,10847
2025-06-13 08:00,1749801600,1.1537,1.16185,1.15255,1.1529,3886
2025-06-13 09:00,1749805200,1.16,1.1607,1.15195,1.1595,75744
2025-06-13 10:00,1749808800,1.15945,1.16015,1.1489,1.1576,16150
2025-06-13 11:00,1749812400,1.1576,1.1582,1.1491,1.15815,16847
2025-06-13 12:00,1749816000,1.15105,1.1594,1.15085,1.15875,45703
2025-06-13 13:00,1749819600,1.15875,1.1599,1.15025,1.15945,14800
2025-06-13 14:00,1749823200,1.15945,1.16175,1.15225,1.16155,64717
2025-06-13 15:00,1749826800,1.16155,1.1641,1.1539,1.16275,29532
2025-06-13 16:00,1749830400,1.1628,1.1637,1.1624,1.16255,9106
2025-06-13 17:00,1749834000,1.1626,1.1627,1.16085,1.16205,13950
2025-06-13 18:00,1749837600,1.16205,1.1622,1.16045,1.16125,8955
2025-06-13 19:00,1749841200,1.1612,1.16235,1.1608,1.16215,3519
2025-06-13 20:00,1749844800,1.16205,1.1626,1.1609,1.1622,5031
2025-06-15 22:00,1750024800,1.16095,1.16185,1.15965,1.16115,4088
2025-06-15 23:00,1750028400,1.16125,1.16125,1.1598,1.16085,2219
2025-06-16 00:00,1750032000,1.1607,1.1617,1.16015,1.1606,2452
2025-06-16 01:00,1750035600,1.16045,1.16145,1.1602,1.16025,1832
2025-06-16 02:00,1750039200,1.1603,1.16065,1.1597,1.16005,1491
2025-06-16 03:00,1750042800,1.16015,1.16055,1.15935,1.15985,1197
2025-06-16 04:00,1750046400,1.1599,1.16075,1.1599,1.16065,1221
2025-06-16 05:00,1750050000,1.16065,1.16325,1.16065,1.16275,3481
2025-06-16 06:00,1750053600,1.16275,1.1647,1.161,1.1644,8254
2025-06-16 07:00,1750057200,1.16435,1.1657,1.16375,1.16495,9495
2025-06-16 08:00,1750060800,1.1649,1.1655,1.1646,1.1649,5694
2025-06-16 09:00,1750064400,1.1649,1.16555,1.16465,1.1654,6067
2025-06-16 10:00,1750068000,1.1655,1.16565,1.16425,1.16455,4508
2025-06-16 11:00,1750071600,1.16455,1.1654,1.164,1.16435,8333
2025-06-16 12:00,1750075200,1.1644,1.16555,1.1641,1.1654,6707
2025-06-16 13:00,1750078800,1.1655,1.16765,1.1655,1.16715,23412
2025-06-16 14:00,1750082400,1.1672,1.16855,1.16605,1.1662,22136
2025-06-16 15:00,1750086000,1.16625,1.1666,1.165,1.1651,16108
2025-06-16 16:00,1750089600,1.1651,1.1657,1.1649,1.1655,4934
2025-06-16 17:00,1750093200,1.1655,1.1656,1.1643,1.16485,4132
2025-06-16 18:00,1750096800,1.16485,1.16525,1.16445,1.1651,7553
2025-06-16 19:00,1750100400,1.16505,1.16505,1.16255,1.16265,8803
2025-06-16 20:00,1750104000,1.1626,1.16345,1.1625,1.16305,1449
2025-06-16 22:00,1750111200,1.16335,1.1635,1.16215,1.16245,0
2025-06-16 23:00,1750114800,1.1625,1.16315,1.16185,1.1623,1689
2025-06-17 00:00,1750118400,1.16235,1.1624,1.16115,1.1619,2908
2025-06-17 01:00,1750122000,1.1619,1.16295,1.16185,1.1623,2147
2025-06-17 02:00,1750125600,1.1623,1.16295,1.1615,1.1628,3052
2025-06-17 03:00,1750129200,1.16275,1.16325,1.1624,1.163,1963
2025-06-17 04:00,1750132800,1.1632,1.16365,1.1629,1.163,1703
2025-06-17 05:00,1750136400,1.163,1.16345,1.16215,1.1627,1927
2025-06-17 06:00,1750140000,1.16275,1.1641,1.1622,1.16315,4201
2025-06-17 07:00,1750143600,1.1631,1.16325,1.16145,1.16265,7290
2025-06-17 08:00,1750147200,1.1627,1.1629,1.1619,1.1621,4755
2025-06-17 09:00,1750150800,1.16215,1.163,1.16195,1.16255,5042
2025-06-17 10:00,1750154400,1.1626,1.16375,1.16245,1.1637,4031
2025-06-17 11:00,1750158000,1.16365,1.16425,1.16265,1.1631,6636
2025-06-17 12:00,1750161600,1.1631,1.165,1.16165,1.16195,13464
2025-06-17 13:00,1750165200,1.16195,1.16385,1.16195,1.1628,9511
2025-06-17 14:00,1750168800,1.1628,1.163,1.1579,1.15955,26595
2025-06-17 15:00,1750172400,1.15955,1.1604,1.1587,1.16025,13876
2025-06-17 16:00,1750176000,1.1603,1.1608,1.1567,1.15715,14153
2025-06-17 17:00,1750179600,1.1572,1.1577,1.1547,1.1555,16603
2025-06-17 18:00,1750183200,1.15545,1.15585,1.1543,1.1548,9475
2025-06-17 19:00,1750186800,1.15475,1.15575,1.1545,1.1553,6937
2025-06-17 20:00,1750190400,1.1553,1.15545,1.1543,1.15485,4489
2025-06-17 22:00,1750197600,1.1549,1.15525,1.15425,1.1543,0
2025-06-17 23:00,1750201200,1.1544,1.15515,1.1544,1.15505,1101
2025-06-18 00:00,1750204800,1.15495,1.1565,1.15495,1.1561,3953
2025-06-18 01:00,1750208400,1.1561,1.15695,1.15575,1.15655,1947
2025-06-18 02:00,1750212000,1.15645,1.15695,1.15615,1.15665,1071
2025-06-18 03:00,1750215600,1.1566,1.1574,1.15645,1.1569,1578
2025-06-18 04:00,1750219200,1.15675,1.1576,1.15655,1.1574,1030
2025-06-18 05:00,1750222800,1.1574,1.15755,1.1569,1.1573,1576
2025-06-18 06:00,1750226400,1.1573,1.1584,1.15695,1.1579,6338
2025-06-18 07:00,1750230000,1.1579,1.1592,1.1578,1.1582,10475
2025-06-18 08:00,1750233600,1.15815,1.1585,1.1567,1.1571,7923
2025-06-18 09:00,1750237200,1.1571,1.1579,1.1566,1.15725,6020
2025-06-18 10:00,1750240800,1.15725,1.15795,1.15605,1.1562,7053
2025-06-18 11:00,1750244400,1.15625,1.1577,1.15605,1.1576,6435
2025-06-18 12:00,1750248000,1.15755,1.15855,1.15695,1.15745,7218
2025-06-18 13:00,1750251600,1.1574,1.15775,1.1556,1.1557,10798
2025-06-18 14:00,1750255200,1.15565,1.1591,1.1553,1.1576,20965
2025-06-18 15:00,1750258800,1.1575,1.1598,1.1575,1.1589,14455
2025-06-18 16:00,1750262400,1.15885,1.1594,1.157,1.1572,9104
2025-06-18 17:00,1750266000,1.15715,1.15775,1.1557,1.1566,5256
2025-06-18 18:00,1750269600,1.1568,1.15985,1.1542,1.15445,22457
2025-06-18 19:00,1750273200,1.15445,1.15555,1.1529,1.1543,16516
2025-06-18 20:00,1750276800,1.15425,1.1553,1.15405,1.15485,2469
2025-06-18 22:00,1750284000,1.1549,1.15555,1.15415,1.15465,0
2025-06-18 23:00,1750287600,1.15465,1.1548,1.15375,1.1543,1309
2025-06-19 00:00,1750291200,1.15425,1.155,1.154,1.1547,1684
2025-06-19 01:00,1750294800,1.15475,1.1548,1.15185,1.1519,4727
2025-06-19 02:00,1750298400,1.15195,1.1524,1.1516,1.1521,2544
2025-06-19 03:00,1750302000,1.15215,1.1534,1.15195,1.1532,2347
2025-06-19 04:00,1750305600,1.15325,1.1535,1.1529,1.1535,1078
2025-06-19 05:00,1750309200,1.15345,1.15345,1.15165,1.1522,2934
2025-06-19 06:00,1750312800,1.1522,1.15335,1.1512,1.1533,5397
2025-06-19 07:00,1750316400,1.15325,1.15435,1.1526,1.15275,5629
2025-06-19 08:00,1750320000,1.15275,1.1546,1.15225,1.1543,5251
2025-06-19 09:00,1750323600,1.1543,1.1546,1.1536,1.1542,4745
2025-06-19 10:00,1750327200,1.15415,1.1545,1.1536,1.154,3808
2025-06-19 11:00,1750330800,1.15395,1.15535,1.15335,1.15475,6999
2025-06-19 12:00,1750334400,1.1547,1.15525,1.1536,1.15435,8953
2025-06-19 13:00,1750338000,1.15435,1.15505,1.1538,1.1539,4358
2025-06-19 14:00,1750341600,1.1539,1.1547,1.1528,1.15345,5266
2025-06-19 15:00,1750345200,1.1535,1.15385,1.1525,1.1526,6631
2025-06-19 16:00,1750348800,1.1526,1.15275,1.1521,1.15235,3405
2025-06-19 17:00,1750352400,1.15225,1.15495,1.1522,1.15455,2847
2025-06-19 18:00,1750356000,1.1545,1.15535,1.15435,1.15515,2210
2025-06-19 19:00,1750359600,1.15515,1.15665,1.1551,1.15645,2019
2025-06-19 20:00,1750363200,1.1564,1.1566,1.15585,1.15625,653
2025-06-19 22:00,1750370400,1.1557,1.1566,1.1557,1.15635,1738
2025-06-19 23:00,1750374000,1.15635,1.15785,1.15625,1.15775,2820
2025-06-20 00:00,1750377600,1.1577,1.15895,1.1576,1.15885,2837
2025-06-20 01:00,1750381200,1.15875,1.15885,1.15785,1.1579,3172
2025-06-20 02:00,1750384800,1.15785,1.15875,1.15765,1.1584,1458
2025-06-20 03:00,1750388400,1.15825,1.1596,1.1581,1.15955,2376
2025-06-20 04:00,1750392000,1.15965,1.1598,1.159,1.15925,1538
2025-06-20 05:00,1750395600,1.1593,1.15945,1.1585,1.15935,2112
2025-06-20 06:00,1750399200,1.15935,1.1595,1.15795,1.15825,4769
2025-06-20 07:00,1750402800,1.1582,1.1585,1.15755,1.1582,6021
2025-06-20 08:00,1750406400,1.15825,1.1592,1.1577,1.1588,4865
2025-06-20 09:00,1750410000,1.1588,1.15945,1.15855,1.15925,3672
2025-06-20 10:00,1750413600,1.15925,1.16015,1.15885,1.159,4650
2025-06-20 11:00,1750417200,1.159,1.1592,1.1577,1.1587,7979
2025-06-20 12:00,1750420800,1.15865,1.1593,1.1571,1.15785,15361
2025-06-20 13:00,1750424400,1.15785,1.1587,1.1574,1.1584,9109
2025-06-20 14:00,1750428000,1.15835,1.1585,1.1561,1.15795,22307
2025-06-20 15:00,1750431600,1.1579,1.1595,1.15765,1.15855,12426
2025-06-20 16:00,1750435200,1.15855,1.1603,1.1585,1.1602,15328
2025-06-20 17:00,1750438800,1.1602,1.161,1.1598,1.1599,9419
2025-06-20 18:00,1750442400,1.1598,1.1603,1.1593,1.15945,5943
2025-06-20 19:00,1750446000,1.1594,1.1598,1.1581,1.15815,5709
2025-06-20 20:00,1750449600,1.1582,1.15885,1.15795,1.15875,3498
2025-06-22 22:00,1750629600,1.15425,1.156,1.1538,1.15535,5047
2025-06-22 23:00,1750633200,1.15545,1.15735,1.15505,1.1564,3511
2025-06-23 00:00,1750636800,1.1565,1.15705,1.15455,1.1554,3660
2025-06-23 01:00,1750640400,1.1554,1.1557,1.15365,1.1557,3236
2025-06-23 02:00,1750644000,1.1557,1.15715,1.1557,1.15645,1771
2025-06-23 03:00,1750647600,1.15645,1.1568,1.15565,1.1558,1429
2025-06-23 04:00,1750651200,1.15585,1.1561,1.15505,1.15555,1227
2025-06-23 05:00,1750654800,1.1556,1.1579,1.15555,1.1578,2912
2025-06-23 06:00,1750658400,1.15785,1.1586,1.1568,1.1572,5907
2025-06-23 07:00,1750662000,1.15725,1.15815,1.15505,1.15635,9572
2025-06-23 08:00,1750665600,1.1563,1.1567,1.1544,1.15465,5409
2025-06-23 09:00,1750669200,1.1546,1.15475,1.15185,1.1537,12864
2025-06-23 10:00,1750672800,1.15365,1.1541,1.15245,1.1527,6718
2025-06-23 11:00,1750676400,1.15275,1.15395,1.15255,1.15375,6939
2025-06-23 12:00,1750680000,1.1538,1.15425,1.15215,1.1532,9005
2025-06-23 13:00,1750683600,1.15325,1.1559,1.1529,1.15545,13620
2025-06-23 14:00,1750687200,1.15545,1.16055,1.1554,1.15955,38154
2025-06-23 15:00,1750690800,1.15945,1.16165,1.15935,1.1602,17348
2025-06-23 16:00,1750694400,1.1603,1.1622,1.15825,1.161,15635
2025-06-23 17:00,1750698000,1.16095,1.16385,1.16055,1.16345,16213
2025-06-23 18:00,1750701600,1.1634,1.1643,1.16315,1.16395,9666
2025-06-23 19:00,1750705200,1.1639,1.1644,1.16355,1.16435,3801
2025-06-23 20:00,1750708800,1.1643,1.16475,1.16395,1.1643,3480
2025-06-23 22:00,1750716000,1.164,1.16675,1.16375,1.16565,0
2025-06-23 23:00,1750719600,1.1657,1.16725,1.16515,1.16625,4763
2025-06-24 00:00,1750723200,1.1663,1.1673,1.16545,1.1664,4886
2025-06-24 01:00,1750726800,1.16635,1.167,1.16545,1.16555,2791
2025-06-24 02:00,1750730400,1.16555,1.1666,1.1651,1.16645,2262
2025-06-24 03:00,1750734000,1.1665,1.16745,1.16645,1.16715,1900
2025-06-24 04:00,1750737600,1.1669,1.1679,1.16675,1.1671,2125
2025-06-24 05:00,1750741200,1.1671,1.16785,1.1666,1.1675,2916
2025-06-24 06:00,1750744800,1.16755,1.16865,1.1666,1.16695,10914
2025-06-24 07:00,1750748400,1.1669,1.16745,1.16445,1.1656,16421
2025-06-24 08:00,1750752000,1.1656,1.1664,1.165,1.16565,8649
2025-06-24 09:00,1750755600,1.16565,1.16825,1.1656,1.16745,10067
2025-06-24 10:00,1750759200,1.1674,1.1674,1.16585,1.1661,5138
2025-06-24 11:00,1750762800,1.16615,1.16795,1.1661,1.1673,8448
2025-06-24 12:00,1750766400,1.1673,1.16755,1.1655,1.16655,14764
2025-06-24 13:00,1750770000,1.16655,1.1668,1.16465,1.16565,13732
2025-06-24 14:00,1750773600,1.16565,1.17065,1.1655,1.1681,33958
2025-06-24 15:00,1750777200,1.1682,1.16985,1.1671,1.16715,19275
2025-06-24 16:00,1750780800,1.1672,1.16895,1.16695,1.16885,8317
2025-06-24 17:00,1750784400,1.1688,1.16975,1.1687,1.16905,4660
2025-06-24 18:00,1750788000,1.1691,1.16935,1.16845,1.16885,4501
2025-06-24 19:00,1750791600,1.1688,1.16895,1.16765,1.1677,3672
2025-06-24 20:00,1750795200,1.1677,1.16805,1.1673,1.1675,1375
2025-06-24 22:00,1750802400,1.1672,1.1676,1.1668,1.16715,0
2025-06-24 23:00,1750806000,1.1672,1.16795,1.16715,1.16765,1071
2025-06-25 00:00,1750809600,1.16765,1.16915,1.1675,1.1689,2117
2025-06-25 01:00,1750813200,1.16885,1.16955,1.16815,1.1693,2203
2025-06-25 02:00,1750816800,1.16925,1.16935,1.1682,1.16845,1456
2025-06-25 03:00,1750820400,1.1685,1.1687,1.16755,1.16755,1231
2025-06-25 04:00,1750824000,1.16785,1.16815,1.16765,1.1678,519
2025-06-25 05:00,1750827600,1.16775,1.16845,1.16735,1.1683,1832
2025-06-25 06:00,1750831200,1.1683,1.16865,1.16675,1.16705,5542
2025-06-25 07:00,1750834800,1.1671,1.16735,1.16535,1.16625,7725
2025-06-25 08:00,1750838400,1.1663,1.1675,1.1657,1.16735,6193
2025-06-25 09:00,1750842000,1.16735,1.1675,1.16555,1.1664,7080
2025-06-25 10:00,1750845600,1.16645,1.16715,1.1661,1.1667,4040
2025-06-25 11:00,1750849200,1.16665,1.1677,1.16605,1.1663,5362
2025-06-25 12:00,1750852800,1.16625,1.16685,1.1653,1.16565,6917
2025-06-25 13:00,1750856400,1.16565,1.1671,1.1654,1.1664,9780
2025-06-25 14:00,1750860000,1.1665,1.1687,1.16645,1.16835,15572
2025-06-25 15:00,1750863600,1.16845,1.16935,1.168,1.16835,11897
2025-06-25 16:00,1750867200,1.16835,1.17,1.16835,1.16945,5363
2025-06-25 17:00,1750870800,1.1695,1.1708,1.1691,1.17065,4175
2025-06-25 18:00,1750874400,1.17065,1.17255,1.17055,1.17245,10725
2025-06-25 19:00,1750878000,1.1725,1.1729,1.172,1.1722,7658
2025-06-25 20:00,1750881600,1.1722,1.1725,1.1715,1.17245,5663
2025-06-25 22:00,1750888800,1.1719,1.17215,1.1717,1.1721,0
2025-06-25 23:00,1750892400,1.17215,1.1746,1.1721,1.1745,3853
2025-06-26 00:00,1750896000,1.1745,1.17505,1.17405,1.1744,3458
2025-06-26 01:00,1750899600,1.17435,1.17495,1.17285,1.17475,4441
2025-06-26 02:00,1750903200,1.1748,1.1757,1.17435,1.17525,3533
2025-06-26 03:00,1750906800,1.17525,1.1779,1.1751,1.17555,9182
2025-06-26 04:00,1750910400,1.1748,1.17495,1.174,1.17415,2188
2025-06-26 05:00,1750914000,1.1741,1.17465,1.1737,1.1746,3088
2025-06-26 06:00,1750917600,1.1743,1.1762,1.17335,1.1761,8998
2025-06-26 07:00,1750921200,1.17605,1.17745,1.17525,1.17715,16172
2025-06-26 08:00,1750924800,1.1772,1.18075,1.17685,1.17895,21363
2025-06-26 09:00,1750928400,1.1789,1.17905,1.1774,1.1787,11344
2025-06-26 10:00,1750932000,1.17865,1.17925,1.1775,1.17765,6379
2025-06-26 11:00,1750935600,1.17765,1.17775,1.17555,1.17565,13757
2025-06-26 12:00,1750939200,1.1756,1.1774,1.17515,1.1768,16868
2025-06-26 13:00,1750942800,1.1768,1.17825,1.1756,1.17785,15583
2025-06-26 14:00,1750946400,1.1778,1.1781,1.17675,1.177,17102
2025-06-26 15:00,1750950000,1.177,1.1779,1.1752,1.17785,16332
2025-06-26 16:00,1750953600,1.17785,1.1802,1.1771,1.1792,13931
2025-06-26 17:00,1750957200,1.1791,1.1794,1.17825,1.17865,6785
2025-06-26 18:00,1750960800,1.1786,1.179,1.1779,1.17825,4647
2025-06-26 19:00,1750964400,1.17825,1.17825,1.17655,1.17655,7640
2025-06-26 20:00,1750968000,1.17655,1.177,1.17555,1.17615,3169
2025-06-26 22:00,1750975200,1.1761,1.17615,1.17415,1.1744,0
2025-06-26 23:00,1750978800,1.1744,1.1759,1.1744,1.17535,2066
2025-06-27 00:00,1750982400,1.17545,1.17595,1.1749,1.1753,2124
2025-06-27 01:00,1750986000,1.1752,1.1765,1.1747,1.17625,1958
2025-06-27 02:00,1750989600,1.17625,1.1766,1.1746,1.17605,2215
2025-06-27 03:00,1750993200,1.176,1.177,1.17565,1.17565,2495
2025-06-27 04:00,1750996800,1.17575,1.17575,1.17455,1.17455,1077
2025-06-27 05:00,1751000400,1.1746,1.1754,1.17455,1.17495,2142
2025-06-27 06:00,1751004000,1.175,1.17795,1.17445,1.17795,8724
2025-06-27 07:00,1751007600,1.17795,1.17875,1.1768,1.1775,8960
2025-06-27 08:00,1751011200,1.17755,1.17865,1.1769,1.17705,6374
2025-06-27 09:00,1751014800,1.177,1.17725,1.1762,1.177,4199
2025-06-27 10:00,1751018400,1.17705,1.17765,1.17615,1.17745,5558
2025-06-27 11:00,1751022000,1.1775,1.17815,1.17715,1.1775,6360
2025-06-27 12:00,1751025600,1.17745,1.18115,1.17635,1.1808,26000
2025-06-27 13:00,1751029200,1.1808,1.18155,1.1777,1.1789,22355
2025-06-27 14:00,1751032800,1.17895,1.17995,1.1766,1.1779,20858
2025-06-27 15:00,1751036400,1.1779,1.1791,1.1772,1.17845,10375
2025-06-27 16:00,1751040000,1.17845,1.17935,1.17785,1.1783,5157
2025-06-27 17:00,1751043600,1.17835,1.1785,1.1756,1.17625,10763
2025-06-27 18:00,1751047200,1.1763,1.17665,1.17485,1.176,8449
2025-06-27 19:00,1751050800,1.17605,1.177,1.17595,1.1767,5266
2025-06-27 20:00,1751054400,1.1767,1.1782,1.1766,1.17755,2760
2025-06-29 22:00,1751234400,1.179,1.1793,1.1782,1.17895,1610
2025-06-29 23:00,1751238000,1.17905,1.17985,1.17855,1.1786,2012
2025-06-30 00:00,1751241600,1.17865,1.1788,1.1776,1.1778,2059
2025-06-30 01:00,1751245200,1.1778,1.17945,1.1775,1.17795,3346
2025-06-30 02:00,1751248800,1.17805,1.17915,1.17785,1.17795,2081
2025-06-30 03:00,1751252400,1.17785,1.1782,1.1772,1.17735,1362
2025-06-30 04:00,1751256000,1.17725,1.17915,1.17725,1.179,1585
2025-06-30 05:00,1751259600,1.179,1.17985,1.17835,1.1786,3237
2025-06-30 06:00,1751263200,1.1787,1.18105,1.17805,1.1803,8784
2025-06-30 07:00,1751266800,1.1803,1.18035,1.17845,1.1785,8550
2025-06-30 08:00,1751270400,1.17845,1.17905,1.17735,1.17895,9985
2025-06-30 09:00,1751274000,1.1789,1.17925,1.1777,1.17795,5538
2025-06-30 10:00,1751277600,1.17795,1.17845,1.17765,1.17845,2708
2025-06-30 11:00,1751281200,1.1784,1.17915,1.17825,1.1783,7015
2025-06-30 12:00,1751284800,1.17835,1.1785,1.1768,1.17735,7872
2025-06-30 13:00,1751288400,1.1773,1.17815,1.1772,1.1781,10093
2025-06-30 14:00,1751292000,1.17815,1.1811,1.17705,1.17985,21686
2025-06-30 15:00,1751295600,1.1799,1.1832,1.17935,1.18295,25793
2025-06-30 16:00,1751299200,1.18295,1.183,1.1809,1.1823,14935
2025-06-30 17:00,1751302800,1.18225,1.1831,1.1821,1.1826,6727
2025-06-30 18:00,1751306400,1.1826,1.18405,1.1825,1.18365,11122
2025-06-30 19:00,1751310000,1.18365,1.1841,1.1833,1.184,5683
2025-06-30 20:00,1751313600,1.184,1.1849,1.1838,1.1848,6040
2025-06-30 22:00,1751320800,1.1844,1.1851,1.1838,1.1845,0
2025-06-30 23:00,1751324400,1.18445,1.1847,1.1843,1.1846,1064
2025-07-01 00:00,1751328000,1.1846,1.1857,1.18455,1.1857,2614
2025-07-01 01:00,1751331600,1.1857,1.18675,1.1839,1.184,4526
2025-07-01 02:00,1751335200,1.18395,1.18495,1.1837,1.18475,2083
2025-07-01 03:00,1751338800,1.1847,1.1853,1.18465,1.18485,1577
2025-07-01 04:00,1751342400,1.1848,1.18535,1.1843,1.18455,1182
2025-07-01 05:00,1751346000,1.18455,1.1849,1.184,1.18465,1873
2025-07-01 06:00,1751349600,1.18455,1.18465,1.18355,1.1839,4590
2025-07-01 07:00,1751353200,1.1839,1.18475,1.1827,1.1845,8409
2025-07-01 08:00,1751356800,1.1845,1.1877,1.1834,1.18645,15166
2025-07-01 09:00,1751360400,1.18635,1.18895,1.1856,1.1873,14889
2025-07-01 10:00,1751364000,1.18735,1.18825,1.18705,1.18715,6512
2025-07-01 11:00,1751367600,1.1871,1.18785,1.18655,1.18735,7988
2025-07-01 12:00,1751371200,1.1873,1.1877,1.1862,1.18635,12132
2025-07-01 13:00,1751374800,1.18635,1.18715,1.18525,1.1866,19186
2025-07-01 14:00,1751378400,1.1865,1.1869,1.18345,1.18395,23516
2025-07-01 15:00,1751382000,1.18395,1.18395,1.18285,1.18355,15468
2025-07-01 16:00,1751385600,1.18355,1.18355,1.1821,1.1825,7935
2025-07-01 17:00,1751389200,1.18255,1.1843,1.1825,1.18425,6477
2025-07-01 18:00,1751392800,1.18425,1.1843,1.18345,1.18405,5049
2025-07-01 19:00,1751396400,1.184,1.1851,1.1839,1.185,4420
2025-07-01 20:00,1751400000,1.185,1.18675,1.185,1.18665,3173
2025-07-01 22:00,1751407200,1.1863,1.1864,1.1858,1.18595,0
2025-07-01 23:00,1751410800,1.18595,1.1863,1.18555,1.1862,1735
2025-07-02 00:00,1751414400,1.18615,1.1865,1.1856,1.1864,1606
2025-07-02 01:00,1751418000,1.18645,1.1867,1.1849,1.185,2002
2025-07-02 02:00,1751421600,1.18505,1.1859,1.1845,1.18565,1533
2025-07-02 03:00,1751425200,1.1857,1.186,1.18525,1.1856,1602
2025-07-02 04:00,1751428800,1.18575,1.1858,1.1852,1.1853,821
2025-07-02 05:00,1751432400,1.1853,1.18555,1.1841,1.1844,3191
2025-07-02 06:00,1751436000,1.1844,1.185,1.183,1.1838,5818
2025-07-02 07:00,1751439600,1.1838,1.184,1.1828,1.1831,6536
2025-07-02 08:00,1751443200,1.18305,1.18385,1.1826,1.18325,7554
2025-07-02 09:00,1751446800,1.18325,1.18345,1.18235,1.18265,7906
2025-07-02 10:00,1751450400,1.1827,1.18375,1.1821,1.1824,6353
2025-07-02 11:00,1751454000,1.1824,1.18275,1.1803,1.18065,9509
2025-07-02 12:00,1751457600,1.1806,1.1845,1.18035,1.18125,24950
2025-07-02 13:00,1751461200,1.18125,1.18335,1.1811,1.18165,16593
2025-07-02 14:00,1751464800,1.18165,1.18275,1.1807,1.1824,18641
2025-07-02 15:00,1751468400,1.18235,1.18465,1.1822,1.1846,12935
2025-07-02 16:00,1751472000,1.18455,1.18505,1.1842,1.18455,6543
2025-07-02 17:00,1751475600,1.1845,1.1857,1.18445,1.18525,5710
2025-07-02 18:00,1751479200,1.18515,1.1857,1.185,1.18565,5432
2025-07-02 19:00,1751482800,1.18565,1.186,1.1852,1.1859,3313
2025-07-02 20:00,1751486400,1.1859,1.1859,1.18525,1.18565,1955
2025-07-02 22:00,1751493600,1.1856,1.1857,1.1851,1.1855,0
2025-07-02 23:00,1751497200,1.18555,1.18585,1.1854,1.1856,939
2025-07-03 00:00,1751500800,1.1855,1.1866,1.18545,1.18635,2433
2025-07-03 01:00,1751504400,1.18635,1.1867,1.18605,1.1861,2043
2025-07-03 02:00,1751508000,1.18605,1.1861,1.1851,1.18545,1488
2025-07-03 03:00,1751511600,1.18545,1.1856,1.18455,1.18485,1210
2025-07-03 13:30,1751549400,1.1795,1.18365,1.17905,1.18315,25830
2025-07-03 14:30,1751553000,1.18305,1.18465,1.1808,1.18105,21017
2025-07-03 15:30,1751556600,1.18105,1.18235,1.1806,1.1814,9715
2025-07-03 16:30,1751560200,1.18145,1.18155,1.17965,1.18095,7726
2025-07-03 17:00,1751562000,1.18095,1.18155,1.18075,1.1811,3694
2025-07-04 04:00,1751601600,1.1831,1.18365,1.1828,1.1836,8384
2025-07-04 05:00,1751605200,1.18365,1.1842,1.1836,1.18405,1403
2025-07-04 06:00,1751608800,1.184,1.18415,1.18305,1.1837,3373
2025-07-04 07:00,1751612400,1.1837,1.18385,1.1824,1.1826,6090
2025-07-04 08:00,1751616000,1.1826,1.18335,1.18245,1.18305,3278
2025-07-04 09:00,1751619600,1.18305,1.18385,1.18285,1.18345,2992
2025-07-04 10:00,1751623200,1.18345,1.1837,1.1831,1.18345,2202
2025-07-04 11:00,1751626800,1.1834,1.18385,1.18245,1.1825,3412
2025-07-04 12:00,1751630400,1.18255,1.1828,1.182,1.1823,2547
2025-07-04 13:00,1751634000,1.1823,1.18375,1.1823,1.1836,3075
2025-07-04 14:00,1751637600,1.184,1.1844,1.18315,1.18345,5066
2025-07-04 15:00,1751641200,1.18345,1.1841,1.18325,1.1835,3145
2025-07-04 16:00,1751644800,1.18345,1.1838,1.183,1.1831,1793
2025-07-06 22:00,1751839200,1.1834,1.1838,1.1828,1.18355,1109
2025-07-06 23:00,1751842800,1.1836,1.1838,1.18305,1.1835,931
2025-07-07 00:00,1751846400,1.1836,1.18455,1.1834,1.1836,2136
2025-07-07 01:00,1751850000,1.1835,1.1836,1.18255,1.18275,1771
2025-07-07 02:00,1751853600,1.18275,1.18305,1.182,1.1823,1762
2025-07-07 03:00,1751857200,1.1823,1.18295,1.1822,1.1825,696
2025-07-07 04:00,1751860800,1.1825,1.18275,1.18195,1.1821,980
2025-07-07 05:00,1751864400,1.18205,1.1829,1.18185,1.1827,2411
2025-07-07 06:00,1751868000,1.18265,1.18285,1.18055,1.1811,6702
2025-07-07 07:00,1751871600,1.18115,1.1814,1.1801,1.1801,7589
2025-07-07 08:00,1751875200,1.18005,1.18025,1.17785,1.178,8515
2025-07-07 09:00,1751878800,1.1779,1.179,1.17775,1.1789,6926
2025-07-07 10:00,1751882400,1.1789,1.179,1.1778,1.1783,5253
2025-07-07 11:00,1751886000,1.1783,1.179,1.178,1.1785,5409
2025-07-07 12:00,1751889600,1.1785,1.17865,1.1773,1.17775,7002
2025-07-07 13:00,1751893200,1.17775,1.1796,1.17775,1.17905,10507
2025-07-07 14:00,1751896800,1.1791,1.18005,1.1788,1.1794,8257
2025-07-07 15:00,1751900400,1.17945,1.17955,1.17855,1.17885,8879
2025-07-07 16:00,1751904000,1.1788,1.1795,1.1743,1.17495,25739
2025-07-07 17:00,1751907600,1.175,1.1769,1.1741,1.1762,16472
2025-07-07 18:00,1751911200,1.1762,1.1776,1.1755,1.17745,9514
2025-07-07 19:00,1751914800,1.1774,1.17795,1.17715,1.1775,4692
2025-07-07 20:00,1751918400,1.17745,1.17765,1.1762,1.17625,3523
2025-07-07 22:00,1751925600,1.1764,1.1792,1.1763,1.17905,0
2025-07-07 23:00,1751929200,1.17905,1.1794,1.1786,1.1791,1867
2025-07-08 00:00,1751932800,1.1791,1.1803,1.1791,1.1798,2908
2025-07-08 01:00,1751936400,1.17985,1.1799,1.17855,1.1793,3429
2025-07-08 02:00,1751940000,1.1793,1.1803,1.1791,1.1793,1357
2025-07-08 03:00,1751943600,1.17935,1.18035,1.17915,1.1802,1622
2025-07-08 04:00,1751947200,1.18035,1.1805,1.1795,1.1796,1464
2025-07-08 05:00,1751950800,1.17955,1.17995,1.1788,1.1789,2261
2025-07-08 06:00,1751954400,1.17895,1.17995,1.1786,1.17965,4847
2025-07-08 07:00,1751958000,1.17965,1.18195,1.17965,1.1815,8829
2025-07-08 08:00,1751961600,1.18145,1.18155,1.1802,1.18035,6141
2025-07-08 09:00,1751965200,1.18035,1.1805,1.17935,1.17965,5819
2025-07-08 10:00,1751968800,1.1797,1.1797,1.17775,1.17825,4908
2025-07-08 11:00,1751972400,1.17825,1.1793,1.17755,1.17765,6147
2025-07-08 12:00,1751976000,1.1776,1.17795,1.17685,1.17755,8225
2025-07-08 13:00,1751979600,1.17755,1.17765,1.1748,1.17595,15413
2025-07-08 14:00,1751983200,1.17595,1.1761,1.1737,1.17465,18021
2025-07-08 15:00,1751986800,1.1747,1.17675,1.17445,1.1761,12294
2025-07-08 16:00,1751990400,1.17615,1.17675,1.1751,1.1763,12856
2025-07-08 17:00,1751994000,1.17635,1.17805,1.1762,1.1779,7902
2025-07-08 18:00,1751997600,1.1779,1.17835,1.1773,1.178,4801
2025-07-08 19:00,1752001200,1.17805,1.17845,1.17745,1.1779,7077
2025-07-08 20:00,1752004800,1.17795,1.1784,1.17775,1.17795,1632
2025-07-08 22:00,1752012000,1.1779,1.1783,1.1777,1.1783,0
2025-07-08 23:00,1752015600,1.1783,1.1783,1.1776,1.1777,874
2025-07-09 00:00,1752019200,1.17775,1.17795,1.17715,1.1779,1515
2025-07-09 01:00,1752022800,1.1778,1.178,1.17705,1.17745,1495
2025-07-09 02:00,1752026400,1.1775,1.1779,1.17585,1.1765,2133
2025-07-09 03:00,1752030000,1.1765,1.17655,1.1757,1.1759,982
2025-07-09 04:00,1752033600,1.17585,1.17675,1.17565,1.1766,1766
2025-07-09 05:00,1752037200,1.1766,1.1775,1.1765,1.17705,1723
2025-07-09 06:00,1752040800,1.1771,1.1782,1.1766,1.1779,3622
2025-07-09 07:00,1752044400,1.178,1.1782,1.17585,1.17625,6757
2025-07-09 08:00,1752048000,1.1761,1.1774,1.176,1.1767,6688
2025-07-09 09:00,1752051600,1.17675,1.17735,1.1761,1.1767,3498
2025-07-09 10:00,1752055200,1.1767,1.17715,1.1755,1.1756,3712
2025-07-09 11:00,1752058800,1.1756,1.17605,1.17435,1.1745,6185
2025-07-09 12:00,1752062400,1.1745,1.17705,1.17445,1.1769,10544
2025-07-09 13:00,1752066000,1.1769,1.1776,1.1754,1.1757,9261
2025-07-09 14:00,1752069600,1.17575,1.1778,1.17565,1.1768,11118
2025-07-09 15:00,1752073200,1.1768,1.17695,1.17585,1.176,6551
2025-07-09 16:00,1752076800,1.17595,1.17625,1.17545,1.17585,2991
2025-07-09 17:00,1752080400,1.17585,1.17645,1.1757,1.1763,5154
2025-07-09 18:00,1752084000,1.1762,1.17715,1.17585,1.1767,5848
2025-07-09 19:00,1752087600,1.17665,1.1777,1.17665,1.17725,3205
2025-07-09 20:00,1752091200,1.1773,1.1777,1.1765,1.17735,1641
2025-07-09 22:00,1752098400,1.1778,1.1778,1.17735,1.1776,0
2025-07-09 23:00,1752102000,1.1776,1.17915,1.1774,1.1789,2553
2025-07-10 00:00,1752105600,1.1789,1.1801,1.1787,1.17955,5367
2025-07-10 01:00,1752109200,1.1795,1.1796,1.17895,1.17915,1215
2025-07-10 02:00,1752112800,1.17915,1.1796,1.1789,1.17905,1810
2025-07-10 03:00,1752116400,1.17895,1.17915,1.1785,1.1786,1192
2025-07-10 04:00,1752120000,1.1785,1.17875,1.1782,1.17865,812
2025-07-10 05:00,1752123600,1.17865,1.17935,1.17865,1.17915,1550
2025-07-10 06:00,1752127200,1.1791,1.17945,1.1781,1.1784,4261
2025-07-10 07:00,1752130800,1.1784,1.17895,1.17775,1.1784,4556
2025-07-10 08:00,1752134400,1.1785,1.17855,1.17775,1.1779,3744
2025-07-10 09:00,1752138000,1.1779,1.17855,1.1779,1.1782,3183
2025-07-10 10:00,1752141600,1.17825,1.17855,1.1779,1.17795,3298
2025-07-10 11:00,1752145200,1.17795,1.17805,1.17595,1.1763,7084
2025-07-10 12:00,1752148800,1.1763,1.17655,1.17525,1.17575,8786
2025-07-10 13:00,1752152400,1.1758,1.17655,1.1738,1.1744,14093
2025-07-10 14:00,1752156000,1.1744,1.1745,1.17135,1.17315,29830
2025-07-10 15:00,1752159600,1.1731,1.174,1.17255,1.1738,18341
2025-07-10 16:00,1752163200,1.17385,1.17415,1.17335,1.1737,6681
2025-07-10 17:00,1752166800,1.1736,1.1743,1.1733,1.174,3684
2025-07-10 18:00,1752170400,1.17405,1.17465,1.1739,1.1744,3680
2025-07-10 19:00,1752174000,1.1743,1.17505,1.17415,1.17465,2882
2025-07-10 20:00,1752177600,1.17465,1.1752,1.1746,1.1751,2581
2025-07-10 22:00,1752184800,1.17515,1.17575,1.17515,1.1756,0
2025-07-10 23:00,1752188400,1.1756,1.17565,1.17495,1.1752,777
2025-07-11 00:00,1752192000,1.1752,1.1756,1.17155,1.17255,7735
2025-07-11 01:00,1752195600,1.1725,1.17365,1.1719,1.1726,3548
2025-07-11 02:00,1752199200,1.17265,1.17285,1.1721,1.1722,1004
2025-07-11 03:00,1752202800,1.1722,1.17345,1.1721,1.17315,948
2025-07-11 04:00,1752206400,1.1733,1.1733,1.17195,1.17265,1142
2025-07-11 05:00,1752210000,1.17265,1.1734,1.1725,1.1729,1666
2025-07-11 06:00,1752213600,1.1728,1.1735,1.1721,1.1725,4682
2025-07-11 07:00,1752217200,1.17255,1.17465,1.17255,1.17395,7939
2025-07-11 08:00,1752220800,1.174,1.1743,1.173,1.1733,6381
2025-07-11 09:00,1752224400,1.17325,1.1746,1.1732,1.17455,5168
2025-07-11 10:00,1752228000,1.17455,1.17475,1.1738,1.1743,3788
2025-07-11 11:00,1752231600,1.1743,1.17515,1.17365,1.17385,5965
2025-07-11 12:00,1752235200,1.1739,1.17505,1.1733,1.1739,7962
2025-07-11 13:00,1752238800,1.1739,1.17645,1.17365,1.1739,13693
2025-07-11 14:00,1752242400,1.1739,1.17445,1.17245,1.17425,13921
2025-07-11 15:00,1752246000,1.1742,1.1755,1.17395,1.17465,8255
2025-07-11 16:00,1752249600,1.1747,1.17485,1.17395,1.1742,9951
2025-07-11 17:00,1752253200,1.17415,1.1746,1.1737,1.1744,3855
2025-07-11 18:00,1752256800,1.1744,1.17465,1.17385,1.17385,5897
2025-07-11 19:00,1752260400,1.1739,1.17425,1.1736,1.1738,5545
2025-07-11 20:00,1752264000,1.17385,1.1744,1.17295,1.1739,2892
2025-07-14 04:00,1752465600,1.1739,1.1739,1.17245,1.17245,0
2025-07-14 05:00,1752469200,1.1724,1.1728,1.1714,1.1719,2834
2025-07-14 06:00,1752472800,1.1719,1.172,1.17035,1.1713,6273
2025-07-14 07:00,1752476400,1.17135,1.1737,1.1712,1.17355,7823
2025-07-14 08:00,1752480000,1.17345,1.17385,1.17295,1.17325,7820
2025-07-14 09:00,1752483600,1.1732,1.17415,1.1729,1.17405,4874
2025-07-14 10:00,1752487200,1.17405,1.17445,1.17375,1.1744,3849
2025-07-14 11:00,1752490800,1.17445,1.17465,1.17355,1.17385,6700
2025-07-14 12:00,1752494400,1.1738,1.1742,1.17295,1.1735,6334
2025-07-14 13:00,1752498000,1.1735,1.1736,1.17235,1.17315,6691
2025-07-14 14:00,1752501600,1.1731,1.1744,1.1728,1.1733,11714
2025-07-14 15:00,1752505200,1.1733,1.17455,1.17165,1.17205,14506
2025-07-14 16:00,1752508800,1.1721,1.1726,1.17095,1.17115,12863
2025-07-14 17:00,1752512400,1.17115,1.1716,1.17085,1.17115,4029
2025-07-14 18:00,1752516000,1.17125,1.17225,1.17125,1.172,6913
2025-07-14 19:00,1752519600,1.17195,1.1721,1.1714,1.17175,2500
2025-07-14 20:00,1752523200,1.1717,1.1719,1.1712,1.1713,874
2025-07-14 22:00,1752530400,1.1714,1.17165,1.1711,1.17155,0
2025-07-14 23:00,1752534000,1.1715,1.17155,1.1709,1.1714,693
2025-07-15 00:00,1752537600,1.1714,1.1726,1.17135,1.1721,1877
2025-07-15 01:00,1752541200,1.17205,1.1723,1.17145,1.17175,1453
2025-07-15 02:00,1752544800,1.1718,1.17235,1.1714,1.1723,893
2025-07-15 03:00,1752548400,1.1723,1.1726,1.1722,1.17245,973
2025-07-15 04:00,1752552000,1.17265,1.1729,1.1722,1.17245,643
2025-07-15 05:00,1752555600,1.17245,1.1735,1.17245,1.17345,2651
2025-07-15 06:00,1752559200,1.1734,1.17365,1.1723,1.17265,4975
2025-07-15 07:00,1752562800,1.17265,1.1741,1.17205,1.1739,9347
2025-07-15 08:00,1752566400,1.17385,1.174,1.17305,1.1735,4277
2025-07-15 09:00,1752570000,1.1736,1.174,1.17295,1.17335,5732
2025-07-15 10:00,1752573600,1.17335,1.17355,1.17245,1.1732,4463
2025-07-15 11:00,1752577200,1.1732,1.17325,1.1716,1.17185,6311
2025-07-15 12:00,1752580800,1.1718,1.1756,1.17105,1.17265,20901
2025-07-15 13:00,1752584400,1.17265,1.1728,1.1687,1.16915,23466
2025-07-15 14:00,1752588000,1.1691,1.16925,1.1663,1.16665,23432
2025-07-15 15:00,1752591600,1.16665,1.1667,1.16495,1.16665,19174
2025-07-15 16:00,1752595200,1.16665,1.16685,1.1642,1.16445,10051
2025-07-15 17:00,1752598800,1.1645,1.165,1.1641,1.16445,5482
2025-07-15 18:00,1752602400,1.1645,1.1654,1.16435,1.1652,6604
2025-07-15 19:00,1752606000,1.1651,1.1652,1.1647,1.1649,3499
2025-07-15 20:00,1752609600,1.1649,1.1652,1.1648,1.1649,1907
2025-07-15 22:00,1752616800,1.165,1.1652,1.16455,1.16515,0
2025-07-15 23:00,1752620400,1.1652,1.16555,1.16505,1.16545,2034
2025-07-16 00:00,1752624000,1.1655,1.1661,1.165,1.16555,2407
2025-07-16 01:00,1752627600,1.16555,1.1663,1.1654,1.1661,1994
2025-07-16 02:00,1752631200,1.16605,1.1661,1.16545,1.1658,1070
2025-07-16 03:00,1752634800,1.1658,1.16635,1.16535,1.16575,1139
2025-07-16 04:00,1752638400,1.16605,1.16675,1.1658,1.1667,1733
2025-07-16 05:00,1752642000,1.16675,1.16685,1.1662,1.1668,1853
2025-07-16 06:00,1752645600,1.16675,1.16755,1.1666,1.1675,6382
2025-07-16 07:00,1752649200,1.1675,1.1676,1.166,1.1666,7743
2025-07-16 08:00,1752652800,1.1666,1.16735,1.16655,1.1673,6434
2025-07-16 09:00,1752656400,1.1673,1.1674,1.1661,1.1663,5036
2025-07-16 10:00,1752660000,1.16635,1.1667,1.1657,1.1665,4101
2025-07-16 11:00,1752663600,1.1665,1.16685,1.16485,1.1651,5291
2025-07-16 12:00,1752667200,1.16515,1.16615,1.16405,1.16465,16841
2025-07-16 13:00,1752670800,1.1646,1.16505,1.1611,1.16195,19125
2025-07-16 14:00,1752674400,1.16205,1.1654,1.161,1.164,40504
2025-07-16 15:00,1752678000,1.164,1.17695,1.1639,1.16765,114379
2025-07-16 16:00,1752681600,1.1677,1.17045,1.1663,1.1687,25056
2025-07-16 17:00,1752685200,1.16875,1.17065,1.1684,1.1689,8222
2025-07-16 18:00,1752688800,1.169,1.16925,1.16745,1.1676,6632
2025-07-16 19:00,1752692400,1.16755,1.1685,1.16675,1.1684,5550
2025-07-16 20:00,1752696000,1.16835,1.16905,1.1681,1.1689,1181
2025-07-16 22:00,1752703200,1.16855,1.16885,1.16805,1.16815,0
2025-07-16 23:00,1752706800,1.1681,1.16855,1.16785,1.1681,1200
2025-07-17 00:00,1752710400,1.1681,1.16815,1.1663,1.1669,2029
2025-07-17 01:00,1752714000,1.167,1.1674,1.1659,1.16735,2366
2025-07-17 02:00,1752717600,1.1673,1.16755,1.1662,1.16635,1844
2025-07-17 03:00,1752721200,1.1664,1.1665,1.16595,1.16645,1083
2025-07-17 04:00,1752724800,1.1662,1.16695,1.1662,1.16695,601
2025-07-17 05:00,1752728400,1.16695,1.16725,1.1662,1.16625,2529
2025-07-17 06:00,1752732000,1.16615,1.1663,1.16185,1.16285,15427
2025-07-17 07:00,1752735600,1.16285,1.16415,1.1619,1.1636,11757
2025-07-17 08:00,1752739200,1.16355,1.16505,1.16345,1.16465,8354
2025-07-17 09:00,1752742800,1.1647,1.165,1.16335,1.1636,4002
2025-07-17 10:00,1752746400,1.16355,1.16365,1.16285,1.16315,3855
2025-07-17 11:00,1752750000,1.16315,1.1635,1.16155,1.16195,6901
2025-07-17 12:00,1752753600,1.16195,1.16375,1.16015,1.16325,17880
2025-07-17 13:00,1752757200,1.16325,1.1644,1.16255,1.1632,11315
2025-07-17 14:00,1752760800,1.1631,1.1638,1.1623,1.1633,11130
2025-07-17 15:00,1752764400,1.1633,1.1648,1.16305,1.16415,8284
2025-07-17 16:00,1752768000,1.1642,1.16475,1.16285,1.16315,7799
2025-07-17 17:00,1752771600,1.1631,1.1636,1.1628,1.163,3645
2025-07-17 18:00,1752775200,1.163,1.16335,1.1625,1.16295,4913
2025-07-17 19:00,1752778800,1.16295,1.16455,1.16295,1.1642,4816
2025-07-17 20:00,1752782400,1.16425,1.16455,1.1639,1.1641,1374
2025-07-17 22:00,1752789600,1.1641,1.1664,1.1641,1.16615,0
2025-07-17 23:00,1752793200,1.16615,1.16645,1.1659,1.166,1370
2025-07-18 00:00,1752796800,1.16595,1.1672,1.16595,1.1669,2497
2025-07-18 01:00,1752800400,1.16695,1.1679,1.16645,1.1673,2767
2025-07-18 02:00,1752804000,1.16735,1.1675,1.1669,1.1674,1111
2025-07-18 03:00,1752807600,1.16735,1.16765,1.16665,1.1668,860
2025-07-18 04:00,1752811200,1.1667,1.1667,1.1663,1.1664,1022
2025-07-18 05:00,1752814800,1.16635,1.16655,1.16565,1.16615,1488
2025-07-18 06:00,1752818400,1.1662,1.16675,1.1656,1.1665,4914
2025-07-18 07:00,1752822000,1.1665,1.16755,1.16645,1.1673,5517
2025-07-18 08:00,1752825600,1.16735,1.169,1.16725,1.168,6837
2025-07-18 09:00,1752829200,1.168,1.1688,1.1678,1.16785,3897
2025-07-18 10:00,1752832800,1.1678,1.16865,1.16765,1.16845,3543
2025-07-18 11:00,1752836400,1.16845,1.1693,1.1684,1.1689,4904
2025-07-18 12:00,1752840000,1.16885,1.17035,1.1688,1.17005,8548
2025-07-18 13:00,1752843600,1.17015,1.1712,1.16925,1.1711,13356
2025-07-18 14:00,1752847200,1.17115,1.17165,1.1689,1.16925,11539
2025-07-18 15:00,1752850800,1.1693,1.17025,1.16875,1.16895,13229
2025-07-18 16:00,1752854400,1.16895,1.16935,1.1671,1.1673,12289
2025-07-18 17:00,1752858000,1.1673,1.16745,1.16625,1.16715,7708
2025-07-18 18:00,1752861600,1.16715,1.16725,1.16635,1.16665,4571
2025-07-18 19:00,1752865200,1.1666,1.16675,1.16615,1.1667,5314
2025-07-18 20:00,1752868800,1.16665,1.16725,1.16635,1.16665,3604
2025-07-20 22:00,1753048800,1.16745,1.16785,1.16655,1.16705,1995
2025-07-20 23:00,1753052400,1.167,1.1675,1.16685,1.16735,1003
2025-07-21 00:00,1753056000,1.16735,1.168,1.16625,1.16625,1776
2025-07-21 01:00,1753059600,1.16625,1.16685,1.1659,1.1661,2725
2025-07-21 02:00,1753063200,1.16605,1.16675,1.1658,1.16655,2147
2025-07-21 03:00,1753066800,1.16655,1.1669,1.1663,1.1668,810
2025-07-21 04:00,1753070400,1.16685,1.16735,1.1667,1.1673,510
2025-07-21 05:00,1753074000,1.1673,1.1679,1.1671,1.1677,1274
2025-07-21 06:00,1753077600,1.16765,1.16865,1.16725,1.1685,5002
2025-07-21 07:00,1753081200,1.1685,1.1691,1.16785,1.1687,7345
2025-07-21 08:00,1753084800,1.1687,1.16955,1.16795,1.1686,6167
2025-07-21 09:00,1753088400,1.1686,1.1692,1.1682,1.1688,4261
2025-07-21 10:00,1753092000,1.1688,1.16895,1.16785,1.1689,5177
2025-07-21 11:00,1753095600,1.1689,1.1714,1.1688,1.17115,8873
2025-07-21 12:00,1753099200,1.1711,1.1717,1.1706,1.17085,5461
2025-07-21 13:00,1753102800,1.17085,1.1709,1.1701,1.17085,7419
2025-07-21 14:00,1753106400,1.1708,1.17425,1.17075,1.17405,29670
2025-07-21 15:00,1753110000,1.174,1.1761,1.17395,1.1749,21447
2025-07-21 16:00,1753113600,1.17485,1.175,1.17395,1.1744,9357
2025-07-21 17:00,1753117200,1.1744,1.17455,1.17295,1.1735,6784
2025-07-21 18:00,1753120800,1.1734,1.1739,1.173,1.17375,6344
2025-07-21 19:00,1753124400,1.1738,1.174,1.17325,1.1733,3869
2025-07-21 20:00,1753128000,1.1733,1.1741,1.1732,1.17395,1559
2025-07-21 22:00,1753135200,1.174,1.174,1.1735,1.1737,0
2025-07-21 23:00,1753138800,1.17375,1.17385,1.1733,1.17375,681
2025-07-22 00:00,1753142400,1.1738,1.17385,1.17265,1.17315,1820
2025-07-22 01:00,1753146000,1.1732,1.17335,1.17255,1.17315,1452
2025-07-22 02:00,1753149600,1.17315,1.17385,1.17315,1.1734,1049
2025-07-22 03:00,1753153200,1.1734,1.1734,1.1728,1.17305,1061
2025-07-22 04:00,1753156800,1.1731,1.17375,1.17305,1.17315,574
2025-07-22 05:00,1753160400,1.17315,1.17355,1.1726,1.173,1231
2025-07-22 06:00,1753164000,1.173,1.1735,1.17275,1.17335,5292
2025-07-22 07:00,1753167600,1.17335,1.17355,1.1725,1.17295,8910
2025-07-22 08:00,1753171200,1.17295,1.17465,1.1727,1.17415,10542
2025-07-22 09:00,1753174800,1.1742,1.175,1.17365,1.17485,8293
2025-07-22 10:00,1753178400,1.1749,1.1753,1.1743,1.1745,9035
2025-07-22 11:00,1753182000,1.17455,1.17475,1.17375,1.17445,12831
2025-07-22 12:00,1753185600,1.17445,1.17485,1.1726,1.17335,10422
2025-07-22 13:00,1753189200,1.1734,1.17475,1.17215,1.1747,12914
2025-07-22 14:00,1753192800,1.17475,1.17705,1.1734,1.17655,31590
2025-07-22 15:00,1753196400,1.17655,1.17925,1.1758,1.17915,23255
2025-07-22 16:00,1753200000,1.17915,1.1804,1.17885,1.17985,13980
2025-07-22 17:00,1753203600,1.1799,1.1799,1.1787,1.17895,7305
2025-07-22 18:00,1753207200,1.1789,1.1792,1.17855,1.17915,4866
2025-07-22 19:00,1753210800,1.1791,1.17965,1.17885,1.17945,4018
2025-07-22 20:00,1753214400,1.17945,1.17995,1.17885,1.17975,2631
2025-07-22 22:00,1753221600,1.17955,1.17955,1.1789,1.1791,0
2025-07-22 23:00,1753225200,1.1791,1.17985,1.17785,1.17805,2834
2025-07-23 00:00,1753228800,1.17805,1.179,1.1776,1.1789,3401
2025-07-23 01:00,1753232400,1.179,1.1791,1.1773,1.17795,2285
2025-07-23 02:00,1753236000,1.178,1.17845,1.17755,1.1777,2443
2025-07-23 03:00,1753239600,1.17775,1.17885,1.1776,1.17815,1619
2025-07-23 04:00,1753243200,1.178,1.1781,1.17745,1.17775,909
2025-07-23 05:00,1753246800,1.1777,1.17805,1.17695,1.17725,2112
2025-07-23 06:00,1753250400,1.17725,1.17855,1.17725,1.17845,4949
2025-07-23 07:00,1753254000,1.17845,1.17955,1.17765,1.1784,6993
2025-07-23 08:00,1753257600,1.17845,1.1791,1.1773,1.1775,6226
2025-07-23 09:00,1753261200,1.17745,1.17815,1.17725,1.1778,11370
2025-07-23 10:00,1753264800,1.17785,1.17785,1.17655,1.17685,7284
2025-07-23 11:00,1753268400,1.17685,1.17735,1.1765,1.1768,10324
2025-07-23 12:00,1753272000,1.17685,1.1776,1.17625,1.1767,11195
2025-07-23 13:00,1753275600,1.1767,1.17725,1.1753,1.17685,16742
2025-07-23 14:00,1753279200,1.1769,1.17805,1.17655,1.1776,13552
2025-07-23 15:00,1753282800,1.17755,1.18005,1.1764,1.1789,23201
2025-07-23 16:00,1753286400,1.17895,1.1803,1.17855,1.1793,17875
2025-07-23 17:00,1753290000,1.17945,1.18075,1.1788,1.1802,12720
2025-07-23 18:00,1753293600,1.1802,1.1816,1.1802,1.1814,10234
2025-07-23 19:00,1753297200,1.1814,1.18175,1.18105,1.1816,4286
2025-07-23 20:00,1753300800,1.1816,1.1818,1.1809,1.1816,2301
2025-07-23 22:00,1753308000,1.1812,1.1816,1.1811,1.1814,0
2025-07-23 23:00,1753311600,1.1814,1.18225,1.1813,1.18135,1649
2025-07-24 00:00,1753315200,1.18135,1.18135,1.18025,1.18075,3041
2025-07-24 01:00,1753318800,1.18075,1.182,1.18075,1.1815,2184
2025-07-24 02:00,1753322400,1.18145,1.18185,1.1811,1.1817,1295
2025-07-24 03:00,1753326000,1.1817,1.18205,1.1814,1.1816,1235
2025-07-24 04:00,1753329600,1.18155,1.1818,1.18145,1.18145,774
2025-07-24 05:00,1753333200,1.18145,1.18185,1.18105,1.1811,1772
2025-07-24 06:00,1753336800,1.1811,1.18135,1.17975,1.17975,5860
2025-07-24 07:00,1753340400,1.17975,1.182,1.17955,1.1802,6333
2025-07-24 08:00,1753344000,1.18025,1.18085,1.1796,1.17985,6057
2025-07-24 09:00,1753347600,1.1798,1.1799,1.1787,1.17925,4714
2025-07-24 10:00,1753351200,1.1793,1.1795,1.17845,1.17895,3401
2025-07-24 11:00,1753354800,1.17895,1.17965,1.1786,1.1796,5686
2025-07-24 12:00,1753358400,1.17955,1.17985,1.1772,1.1776,13856
2025-07-24 13:00,1753362000,1.17765,1.1817,1.1771,1.1811,32360
2025-07-24 14:00,1753365600,1.1812,1.1829,1.18015,1.18065,19225
2025-07-24 15:00,1753369200,1.18065,1.18185,1.1796,1.1805,12546
2025-07-24 16:00,1753372800,1.18055,1.1814,1.17965,1.1803,7625
2025-07-24 17:00,1753376400,1.18025,1.182,1.18005,1.181,5398
2025-07-24 18:00,1753380000,1.181,1.18115,1.18025,1.18055,4167
2025-07-24 19:00,1753383600,1.18055,1.181,1.17985,1.1799,2797
2025-07-24 20:00,1753387200,1.17985,1.18005,1.17855,1.17885,4978
2025-07-24 22:00,1753394400,1.1788,1.17925,1.1784,1.1792,0
2025-07-24 23:00,1753398000,1.1792,1.17965,1.17895,1.17945,901
2025-07-25 00:00,1753401600,1.17945,1.17985,1.17885,1.1794,2342
2025-07-25 01:00,1753405200,1.17945,1.1798,1.17785,1.17825,2491
2025-07-25 02:00,1753408800,1.17825,1.17835,1.1773,1.1778,2704
2025-07-25 03:00,1753412400,1.1778,1.1785,1.1776,1.1782,1897
2025-07-25 04:00,1753416000,1.1785,1.17855,1.1774,1.17795,1240
2025-07-25 05:00,1753419600,1.178,1.17885,1.17765,1.1786,1990
2025-07-25 06:00,1753423200,1.17865,1.18005,1.1781,1.1787,7040
2025-07-25 07:00,1753426800,1.17875,1.17985,1.17875,1.1792,6350
2025-07-25 08:00,1753430400,1.1792,1.1797,1.17805,1.17825,8274
2025-07-25 09:00,1753434000,1.17825,1.1783,1.1772,1.17745,6645
2025-07-25 10:00,1753437600,1.17745,1.1777,1.1764,1.17675,5928
2025-07-25 11:00,1753441200,1.17675,1.177,1.17505,1.17605,8561
2025-07-25 12:00,1753444800,1.1761,1.17665,1.17505,1.17575,6489
2025-07-25 13:00,1753448400,1.1758,1.17715,1.17425,1.1761,33653
2025-07-25 14:00,1753452000,1.1761,1.1775,1.176,1.17685,13245
2025-07-25 15:00,1753455600,1.1769,1.1778,1.1761,1.17675,8979
2025-07-25 16:00,1753459200,1.17685,1.177,1.1759,1.1768,6060
2025-07-25 17:00,1753462800,1.1768,1.17785,1.1768,1.1776,3544
2025-07-25 18:00,1753466400,1.1776,1.1786,1.1775,1.1785,4522
2025-07-25 19:00,1753470000,1.17845,1.17865,1.17805,1.17835,2839
2025-07-25 20:00,1753473600,1.1783,1.17835,1.17765,1.178,3116
2025-07-28 00:00,1753660800,1.18075,1.1809,1.1793,1.18025,2469
2025-07-28 01:00,1753664400,1.18025,1.1808,1.1786,1.1791,2290
2025-07-28 02:00,1753668000,1.17905,1.17955,1.17845,1.1794,1668
2025-07-28 03:00,1753671600,1.17915,1.17955,1.179,1.1795,1207
2025-07-28 04:00,1753675200,1.17955,1.17965,1.1784,1.1786,1056
2025-07-28 05:00,1753678800,1.17855,1.17865,1.17775,1.1779,3495
2025-07-28 06:00,1753682400,1.17795,1.1783,1.1749,1.17595,13270
2025-07-28 07:00,1753686000,1.17595,1.17625,1.1709,1.1713,15696
2025-07-28 08:00,1753689600,1.1713,1.17285,1.1709,1.17175,16889
2025-07-28 09:00,1753693200,1.1717,1.17225,1.16965,1.17055,7508
2025-07-28 10:00,1753696800,1.1705,1.17105,1.1693,1.16965,8298
2025-07-28 11:00,1753700400,1.16965,1.16975,1.1682,1.1689,12594
2025-07-28 12:00,1753704000,1.16895,1.1703,1.1686,1.1696,17457
2025-07-28 13:00,1753707600,1.1696,1.17005,1.1664,1.1671,19398
2025-07-28 14:00,1753711200,1.16715,1.16855,1.1669,1.16755,18439
2025-07-28 15:00,1753714800,1.16755,1.1677,1.16455,1.16465,17083
2025-07-28 16:00,1753718400,1.1647,1.16485,1.1636,1.1637,11443
2025-07-28 17:00,1753722000,1.1637,1.164,1.16265,1.16295,9028
2025-07-28 18:00,1753725600,1.16305,1.1633,1.1623,1.1633,11348
2025-07-28 19:00,1753729200,1.1633,1.1634,1.1627,1.1629,3889
2025-07-28 20:00,1753732800,1.1629,1.16325,1.1623,1.1625,3704
2025-07-28 22:00,1753740000,1.1625,1.16315,1.16245,1.16305,0
2025-07-28 23:00,1753743600,1.1631,1.1634,1.16265,1.16335,2145
2025-07-29 00:00,1753747200,1.1633,1.1635,1.16215,1.1622,2485
2025-07-29 01:00,1753750800,1.16225,1.1636,1.16225,1.1628,3091
2025-07-29 02:00,1753754400,1.16285,1.1636,1.16285,1.1634,2056
2025-07-29 03:00,1753758000,1.1634,1.16355,1.16185,1.16215,2603
2025-07-29 04:00,1753761600,1.16185,1.1626,1.1612,1.1626,3792
2025-07-29 05:00,1753765200,1.16255,1.16275,1.16145,1.1616,1977
2025-07-29 06:00,1753768800,1.16155,1.1623,1.1569,1.1571,19891
2025-07-29 07:00,1753772400,1.15715,1.15915,1.15635,1.15915,23610
2025-07-29 08:00,1753776000,1.15915,1.16065,1.1589,1.1606,15594
2025-07-29 09:00,1753779600,1.16065,1.16215,1.16,1.1614,11334
2025-07-29 10:00,1753783200,1.1614,1.16255,1.16095,1.1611,7327
2025-07-29 11:00,1753786800,1.16115,1.1612,1.15745,1.1577,18541
2025-07-29 12:00,1753790400,1.1577,1.1579,1.15615,1.15615,15333
2025-07-29 13:00,1753794000,1.15615,1.1584,1.1556,1.15825,19599
2025-07-29 14:00,1753797600,1.15825,1.1589,1.15585,1.15595,26609
2025-07-29 15:00,1753801200,1.15595,1.1578,1.15585,1.15705,17287
2025-07-29 16:00,1753804800,1.15705,1.15865,1.15705,1.15785,8761
2025-07-29 17:00,1753808400,1.15785,1.15975,1.1576,1.15785,12441
2025-07-29 18:00,1753812000,1.15785,1.15875,1.1574,1.1587,5008
2025-07-29 19:00,1753815600,1.15875,1.15945,1.1586,1.15865,4957
2025-07-29 20:00,1753819200,1.15865,1.15895,1.1581,1.1582,1648
2025-07-29 22:00,1753826400,1.1581,1.1587,1.1581,1.1586,0
2025-07-29 23:00,1753830000,1.15865,1.1587,1.1583,1.1587,1276
2025-07-30 00:00,1753833600,1.1587,1.1604,1.1587,1.16035,4045
2025-07-30 01:00,1753837200,1.16035,1.16085,1.15965,1.16005,3872
2025-07-30 02:00,1753840800,1.16005,1.16045,1.1597,1.16,1251
2025-07-30 03:00,1753844400,1.16,1.16065,1.15935,1.1598,1642
2025-07-30 04:00,1753848000,1.15895,1.1593,1.1587,1.15875,1496
2025-07-30 05:00,1753851600,1.1587,1.15955,1.15845,1.15865,2551
2025-07-30 06:00,1753855200,1.15865,1.1597,1.1576,1.1593,5876
2025-07-30 07:00,1753858800,1.15925,1.16045,1.1587,1.1589,7307
2025-07-30 08:00,1753862400,1.1589,1.1596,1.15845,1.1593,5386
2025-07-30 09:00,1753866000,1.15925,1.1597,1.1581,1.1588,4203
2025-07-30 10:00,1753869600,1.1588,1.15915,1.15685,1.15755,7978
2025-07-30 11:00,1753873200,1.15755,1.1577,1.15575,1.15675,9010
2025-07-30 12:00,1753876800,1.15675,1.15705,1.1504,1.1509,34815
2025-07-30 13:00,1753880400,1.15085,1.1517,1.14935,1.1505,25670
2025-07-30 14:00,1753884000,1.1505,1.1518,1.1501,1.15165,18048
2025-07-30 15:00,1753887600,1.1516,1.15215,1.1499,1.15045,10125
2025-07-30 16:00,1753891200,1.1505,1.151,1.1501,1.15095,6940
2025-07-30 17:00,1753894800,1.151,1.15185,1.151,1.15185,5570
2025-07-30 18:00,1753898400,1.15165,1.1539,1.14595,1.146,44033
2025-07-30 19:00,1753902000,1.146,1.1472,1.1449,1.14605,19593
2025-07-30 20:00,1753905600,1.146,1.14655,1.1437,1.14405,7432
2025-07-30 22:00,1753912800,1.14375,1.14585,1.1437,1.1457,0
2025-07-30 23:00,1753916400,1.1457,1.1464,1.1453,1.1462,2127
2025-07-31 00:00,1753920000,1.1462,1.14715,1.1462,1.14675,3935
2025-07-31 01:00,1753923600,1.1468,1.14715,1.14575,1.14645,3693
2025-07-31 02:00,1753927200,1.14645,1.14655,1.1455,1.14625,1933
2025-07-31 03:00,1753930800,1.1463,1.1468,1.14415,1.14565,4112
2025-07-31 04:00,1753934400,1.14555,1.147,1.1454,1.14695,1905
2025-07-31 05:00,1753938000,1.1469,1.14765,1.1465,1.14695,3346
2025-07-31 06:00,1753941600,1.14705,1.1494,1.1469,1.1492,9251
2025-07-31 07:00,1753945200,1.14915,1.14915,1.14665,1.1482,8479
2025-07-31 08:00,1753948800,1.1482,1.1489,1.14715,1.1483,8349
2025-07-31 09:00,1753952400,1.1484,1.14845,1.14665,1.14665,5169
2025-07-31 10:00,1753956000,1.14665,1.1475,1.14545,1.1473,8282
2025-07-31 11:00,1753959600,1.1473,1.14845,1.147,1.14825,9533
2025-07-31 12:00,1753963200,1.14825,1.1485,1.14585,1.14625,14135
2025-07-31 13:00,1753966800,1.14625,1.14635,1.1439,1.1445,19789
2025-07-31 14:00,1753970400,1.14445,1.14835,1.14405,1.1478,28460
2025-07-31 15:00,1753974000,1.1478,1.14835,1.1462,1.14645,18208
2025-07-31 16:00,1753977600,1.14635,1.1466,1.14555,1.1456,7608
2025-07-31 17:00,1753981200,1.1456,1.1458,1.14485,1.1453,4316
2025-07-31 18:00,1753984800,1.1453,1.1466,1.1449,1.146,6378
2025-07-31 19:00,1753988400,1.14605,1.1466,1.14455,1.14465,7773
2025-07-31 20:00,1753992000,1.14465,1.14515,1.1443,1.145,5032
2025-07-31 22:00,1753999200,1.145,1.1456,1.1447,1.14505,0
2025-07-31 23:00,1754002800,1.14505,1.1459,1.14445,1.14545,2117
2025-08-01 00:00,1754006400,1.14545,1.14615,1.14485,1.1457,1910
2025-08-01 01:00,1754010000,1.14565,1.14615,1.14375,1.1439,2506
2025-08-01 02:00,1754013600,1.14395,1.1448,1.1439,1.14435,2070
2025-08-01 03:00,1754017200,1.14445,1.14545,1.14435,1.145,1144
2025-08-01 04:00,1754020800,1.14505,1.1454,1.1448,1.14515,735
2025-08-01 05:00,1754024400,1.14515,1.14675,1.1449,1.14635,2464
2025-08-01 06:00,1754028000,1.1463,1.14705,1.1459,1.1462,4462
2025-08-01 07:00,1754031600,1.1462,1.14665,1.1445,1.1451,6003
2025-08-01 08:00,1754035200,1.14515,1.1453,1.14375,1.1439,5650
2025-08-01 09:00,1754038800,1.14395,1.14455,1.1426,1.14335,6978
2025-08-01 10:00,1754042400,1.1434,1.145,1.14335,1.14445,8856
2025-08-01 11:00,1754046000,1.14445,1.14555,1.1437,1.14375,6569
2025-08-01 12:00,1754049600,1.14375,1.1592,1.1424,1.15785,78284
2025-08-01 13:00,1754053200,1.15785,1.1616,1.157,1.15945,45614
2025-08-01 14:00,1754056800,1.15975,1.16215,1.1584,1.15895,36065
2025-08-01 15:00,1754060400,1.1589,1.15985,1.1569,1.15875,20017
2025-08-01 16:00,1754064000,1.1587,1.1598,1.1571,1.1573,10473
2025-08-01 17:00,1754067600,1.1572,1.15725,1.15495,1.156,12618
2025-08-01 18:00,1754071200,1.156,1.15815,1.1555,1.15585,9878
2025-08-01 19:00,1754074800,1.1559,1.1615,1.15565,1.16025,26565
2025-08-01 20:00,1754078400,1.1602,1.16305,1.16015,1.16195,7447
2025-08-03 22:00,1754258400,1.1559,1.16275,1.1559,1.16155,2798
2025-08-03 23:00,1754262000,1.1616,1.1623,1.161,1.162,3398
2025-08-04 00:00,1754265600,1.162,1.16215,1.1588,1.159,4175
2025-08-04 01:00,1754269200,1.159,1.1604,1.1582,1.16035,5089
2025-08-04 02:00,1754272800,1.16035,1.161,1.16,1.1608,2577
2025-08-04 03:00,1754276400,1.1608,1.1618,1.1608,1.16105,1818
2025-08-04 04:00,1754280000,1.16105,1.16175,1.1607,1.1607,1058
2025-08-04 05:00,1754283600,1.1607,1.16145,1.1599,1.16025,2231
2025-08-04 06:00,1754287200,1.16025,1.16155,1.15955,1.16035,6506
2025-08-04 07:00,1754290800,1.16035,1.16105,1.15825,1.1596,8860
2025-08-04 08:00,1754294400,1.15955,1.1597,1.1582,1.15905,6240
2025-08-04 09:00,1754298000,1.159,1.16095,1.15875,1.15965,8681
2025-08-04 10:00,1754301600,1.1597,1.1609,1.15865,1.1606,7171
2025-08-04 11:00,1754305200,1.1606,1.16185,1.15965,1.1599,8070
2025-08-04 12:00,1754308800,1.1599,1.1621,1.15925,1.16075,13755
2025-08-04 13:00,1754312400,1.16075,1.16205,1.16045,1.16075,11995
2025-08-04 14:00,1754316000,1.1608,1.16195,1.1589,1.1596,18458
2025-08-04 15:00,1754319600,1.15955,1.1609,1.1593,1.1599,14418
2025-08-04 16:00,1754323200,1.15995,1.16075,1.15895,1.16045,5708
2025-08-04 17:00,1754326800,1.16045,1.16065,1.15965,1.1605,3770
2025-08-04 18:00,1754330400,1.1605,1.16105,1.15955,1.1597,11817
2025-08-04 19:00,1754334000,1.1597,1.1605,1.15955,1.16,4275
2025-08-04 20:00,1754337600,1.16,1.16085,1.15975,1.16055,2713
2025-08-04 22:00,1754344800,1.1604,1.1613,1.16005,1.1611,0
2025-08-04 23:00,1754348400,1.1611,1.16175,1.1609,1.16155,1123
2025-08-05 00:00,1754352000,1.16165,1.162,1.1602,1.16035,2160
2025-08-05 01:00,1754355600,1.1603,1.1606,1.15915,1.15955,2682
2025-08-05 02:00,1754359200,1.15955,1.15955,1.15875,1.15915,1602
2025-08-05 03:00,1754362800,1.15915,1.1593,1.1586,1.1587,1170
2025-08-05 04:00,1754366400,1.1587,1.15915,1.15855,1.15895,1043
2025-08-05 05:00,1754370000,1.1589,1.15895,1.15755,1.15795,2457
2025-08-05 06:00,1754373600,1.158,1.1593,1.1574,1.15825,4896
2025-08-05 07:00,1754377200,1.1582,1.15935,1.15645,1.15775,8679
2025-08-05 08:00,1754380800,1.15775,1.15805,1.1562,1.1568,7014
2025-08-05 09:00,1754384400,1.15685,1.15775,1.15615,1.15735,4611
2025-08-05 10:00,1754388000,1.1573,1.1577,1.1565,1.15755,3749
2025-08-05 11:00,1754391600,1.1575,1.15795,1.1559,1.15705,6334
2025-08-05 12:00,1754395200,1.1571,1.158,1.15615,1.1569,10300
2025-08-05 13:00,1754398800,1.1569,1.15855,1.15635,1.157,12571
2025-08-05 14:00,1754402400,1.1571,1.1598,1.15655,1.15965,22456
2025-08-05 15:00,1754406000,1.1596,1.16165,1.1594,1.1611,16342
2025-08-05 16:00,1754409600,1.1611,1.1618,1.1609,1.16145,6693
2025-08-05 17:00,1754413200,1.16145,1.1616,1.1607,1.161,2751
2025-08-05 18:00,1754416800,1.161,1.1611,1.16025,1.16055,2812
2025-08-05 19:00,1754420400,1.16055,1.1607,1.1598,1.1604,2570
2025-08-05 20:00,1754424000,1.1604,1.1609,1.16035,1.1607,1116
2025-08-05 22:00,1754431200,1.16065,1.1608,1.1602,1.16075,0
2025-08-05 23:00,1754434800,1.16075,1.16125,1.1604,1.16095,1276
2025-08-06 00:00,1754438400,1.16095,1.16165,1.16035,1.1605,1293
2025-08-06 01:00,1754442000,1.16045,1.16045,1.1596,1.1598,1229
2025-08-06 02:00,1754445600,1.15985,1.16025,1.1595,1.16,1008
2025-08-06 03:00,1754449200,1.16005,1.16125,1.16005,1.16105,1036
2025-08-06 04:00,1754452800,1.161,1.16175,1.1609,1.16135,1468
2025-08-06 05:00,1754456400,1.16135,1.1614,1.1605,1.16095,1695
2025-08-06 06:00,1754460000,1.161,1.1619,1.16075,1.16095,6308
2025-08-06 07:00,1754463600,1.16095,1.1613,1.1602,1.1612,4843
2025-08-06 08:00,1754467200,1.1612,1.1614,1.1601,1.16055,4188
2025-08-06 09:00,1754470800,1.1605,1.16185,1.1605,1.1616,4139
2025-08-06 10:00,1754474400,1.1616,1.16425,1.16145,1.1638,13066
2025-08-06 11:00,1754478000,1.1638,1.1646,1.16285,1.16355,7193
2025-08-06 12:00,1754481600,1.1635,1.16595,1.1631,1.16545,11519
2025-08-06 13:00,1754485200,1.16545,1.1667,1.1648,1.1667,15214
2025-08-06 14:00,1754488800,1.1667,1.16685,1.1653,1.1658,13718
2025-08-06 15:00,1754492400,1.1658,1.1678,1.1654,1.16775,15858
2025-08-06 16:00,1754496000,1.16775,1.16795,1.16615,1.16655,7985
2025-08-06 17:00,1754499600,1.16655,1.1686,1.1664,1.168,7040
2025-08-06 18:00,1754503200,1.168,1.1697,1.1679,1.1693,12954
2025-08-06 19:00,1754506800,1.1693,1.1695,1.16835,1.16875,4812
2025-08-06 20:00,1754510400,1.16875,1.1693,1.1681,1.16915,3146
2025-08-06 22:00,1754517600,1.16895,1.16945,1.16875,1.1693,0
2025-08-06 23:00,1754521200,1.1693,1.1693,1.1688,1.16915,706
2025-08-07 00:00,1754524800,1.16915,1.16925,1.16795,1.16815,2252
2025-08-07 01:00,1754528400,1.1681,1.1692,1.16785,1.16865,1888
2025-08-07 02:00,1754532000,1.1686,1.1694,1.1685,1.1686,974
2025-08-07 03:00,1754535600,1.16855,1.16935,1.1682,1.1693,791
2025-08-07 04:00,1754539200,1.1698,1.1705,1.1697,1.16995,2315
2025-08-07 05:00,1754542800,1.17,1.17055,1.1697,1.1704,1245
2025-08-07 06:00,1754546400,1.17045,1.17085,1.1697,1.17045,3726
2025-08-07 07:00,1754550000,1.17045,1.172,1.1702,1.1718,6187
2025-08-07 08:00,1754553600,1.1718,1.1727,1.17045,1.1711,10546
2025-08-07 09:00,1754557200,1.17115,1.1713,1.1699,1.16995,5807
2025-08-07 10:00,1754560800,1.16995,1.17,1.169,1.16985,5324
2025-08-07 11:00,1754564400,1.16985,1.17055,1.1663,1.1673,17767
2025-08-07 12:00,1754568000,1.1673,1.1691,1.1666,1.16795,15400
2025-08-07 13:00,1754571600,1.168,1.1687,1.1666,1.16715,15354
2025-08-07 14:00,1754575200,1.16715,1.1678,1.1642,1.1653,29662
2025-08-07 15:00,1754578800,1.16525,1.16705,1.16395,1.16685,16013
2025-08-07 16:00,1754582400,1.16685,1.1673,1.16635,1.16665,5056
2025-08-07 17:00,1754586000,1.1667,1.16685,1.16605,1.1662,4861
2025-08-07 18:00,1754589600,1.1662,1.1666,1.165,1.1651,5315
2025-08-07 19:00,1754593200,1.1651,1.1686,1.16475,1.16825,16596
2025-08-07 20:00,1754596800,1.16835,1.17,1.16825,1.1696,5713
2025-08-07 22:00,1754604000,1.16925,1.1703,1.1692,1.17,0
2025-08-07 23:00,1754607600,1.1701,1.1706,1.16985,1.1705,1759
2025-08-08 00:00,1754611200,1.17055,1.1707,1.16955,1.1701,4049
2025-08-08 01:00,1754614800,1.17015,1.1702,1.1683,1.16855,3048
2025-08-08 02:00,1754618400,1.16855,1.1693,1.16855,1.1689,1655
2025-08-08 03:00,1754622000,1.1689,1.1689,1.16825,1.1687,876
2025-08-08 04:00,1754625600,1.1689,1.1692,1.16855,1.1687,625
2025-08-08 05:00,1754629200,1.1686,1.1688,1.16665,1.1669,3693
2025-08-08 06:00,1754632800,1.16695,1.16805,1.16685,1.1678,2948
2025-08-08 07:00,1754636400,1.1678,1.16925,1.16765,1.1687,5069
2025-08-08 08:00,1754640000,1.1687,1.16905,1.16625,1.1665,6493
2025-08-08 09:00,1754643600,1.16655,1.1672,1.16575,1.16695,5737
2025-08-08 10:00,1754647200,1.1669,1.1675,1.1657,1.16635,3886
2025-08-08 11:00,1754650800,1.16635,1.16775,1.1663,1.16715,5316
2025-08-08 12:00,1754654400,1.16715,1.1683,1.16655,1.167,7805
2025-08-08 13:00,1754658000,1.167,1.1683,1.16695,1.16765,6447
2025-08-08 14:00,1754661600,1.16765,1.1691,1.16735,1.16835,11668
2025-08-08 15:00,1754665200,1.16835,1.16955,1.1682,1.1688,6839
2025-08-08 16:00,1754668800,1.1688,1.1691,1.16775,1.16845,7914
2025-08-08 17:00,1754672400,1.1684,1.1695,1.16815,1.1687,5316
2025-08-08 18:00,1754676000,1.16875,1.16905,1.1676,1.1684,4764
2025-08-08 19:00,1754679600,1.16835,1.1684,1.16645,1.16705,7130
2025-08-08 20:00,1754683200,1.167,1.1684,1.16665,1.1684,2115
2025-08-10 22:00,1754863200,1.16715,1.1684,1.16705,1.1674,706
2025-08-10 23:00,1754866800,1.1674,1.1678,1.16715,1.16745,549
2025-08-11 00:00,1754870400,1.16745,1.1676,1.1669,1.16745,1049
2025-08-11 01:00,1754874000,1.16745,1.16865,1.16725,1.1686,1211
2025-08-11 02:00,1754877600,1.16865,1.1696,1.16865,1.1693,2118
2025-08-11 03:00,1754881200,1.16935,1.1703,1.1692,1.16995,1787
2025-08-11 04:00,1754884800,1.1699,1.17025,1.1698,1.1699,780
2025-08-11 05:00,1754888400,1.16985,1.17,1.16945,1.16965,1483
2025-08-11 06:00,1754892000,1.16965,1.17005,1.16905,1.16915,2864
2025-08-11 07:00,1754895600,1.1691,1.1693,1.1673,1.1674,4921
2025-08-11 08:00,1754899200,1.1674,1.16875,1.1671,1.1682,3668
2025-08-11 09:00,1754902800,1.16815,1.1685,1.16655,1.1668,4495
2025-08-11 10:00,1754906400,1.16685,1.1675,1.16675,1.1674,2664
2025-08-11 11:00,1754910000,1.1674,1.1674,1.16505,1.1656,8643
2025-08-11 12:00,1754913600,1.1656,1.1658,1.16415,1.1648,9507
2025-08-11 13:00,1754917200,1.16475,1.1655,1.1643,1.16465,7063
2025-08-11 14:00,1754920800,1.1647,1.16475,1.16175,1.1623,16082
2025-08-11 15:00,1754924400,1.16225,1.1634,1.16175,1.1633,10924
2025-08-11 16:00,1754928000,1.1634,1.16395,1.1629,1.16345,6079
2025-08-11 17:00,1754931600,1.1635,1.16395,1.1626,1.1638,3818
2025-08-11 18:00,1754935200,1.16385,1.16415,1.16345,1.1639,5101
2025-08-11 19:00,1754938800,1.16395,1.16395,1.1629,1.1632,3158
2025-08-11 20:00,1754942400,1.16315,1.1647,1.1631,1.16425,3688
2025-08-11 22:00,1754949600,1.16455,1.1646,1.16365,1.1639,0
2025-08-11 23:00,1754953200,1.16395,1.1644,1.16385,1.1643,629
2025-08-12 00:00,1754956800,1.16425,1.1646,1.16385,1.16415,1170
2025-08-12 01:00,1754960400,1.1642,1.16525,1.16405,1.16455,1345
2025-08-12 02:00,1754964000,1.16455,1.16525,1.16435,1.16495,800
2025-08-12 03:00,1754967600,1.16495,1.16505,1.16445,1.16475,1002
2025-08-12 04:00,1754971200,1.1647,1.16545,1.16415,1.1654,1306
2025-08-12 05:00,1754974800,1.1654,1.16555,1.16395,1.16405,2334
2025-08-12 06:00,1754978400,1.16405,1.16445,1.1635,1.16355,4045
2025-08-12 07:00,1754982000,1.1636,1.16505,1.16345,1.1647,5393
2025-08-12 08:00,1754985600,1.16465,1.16485,1.16385,1.16405,4492
2025-08-12 09:00,1754989200,1.16415,1.1645,1.1627,1.1633,3489
2025-08-12 10:00,1754992800,1.16325,1.1639,1.16325,1.16365,1992
2025-08-12 11:00,1754996400,1.1637,1.16375,1.1625,1.16315,4786
2025-08-12 12:00,1755000000,1.16315,1.1682,1.16275,1.1669,31929
2025-08-12 13:00,1755003600,1.16685,1.1695,1.1644,1.16785,31784
2025-08-12 14:00,1755007200,1.1679,1.1689,1.16685,1.16845,14092
2025-08-12 15:00,1755010800,1.1685,1.1724,1.16825,1.1699,23415
2025-08-12 16:00,1755014400,1.1699,1.17125,1.16925,1.17065,7423
2025-08-12 17:00,1755018000,1.1707,1.1707,1.16975,1.17,7210
2025-08-12 18:00,1755021600,1.17,1.17055,1.1691,1.16955,5209
2025-08-12 19:00,1755025200,1.16955,1.1702,1.16915,1.17015,2189
2025-08-12 20:00,1755028800,1.17015,1.17035,1.1698,1.1702,1577
2025-08-12 22:00,1755036000,1.1701,1.17035,1.17,1.17025,0
2025-08-12 23:00,1755039600,1.1702,1.1705,1.1701,1.1703,531
2025-08-13 00:00,1755043200,1.1703,1.17065,1.1696,1.17055,2924
2025-08-13 01:00,1755046800,1.17055,1.1712,1.1702,1.1703,1730
2025-08-13 02:00,1755050400,1.17035,1.17115,1.16965,1.17075,1771
2025-08-13 03:00,1755054000,1.17075,1.1714,1.1705,1.17095,791
2025-08-13 04:00,1755057600,1.1709,1.1712,1.17075,1.17095,800
2025-08-13 05:00,1755061200,1.171,1.17115,1.17025,1.1704,1353
2025-08-13 06:00,1755064800,1.17055,1.1723,1.17045,1.17185,4108
2025-08-13 07:00,1755068400,1.1718,1.1739,1.1718,1.1734,10724
2025-08-13 08:00,1755072000,1.17335,1.17465,1.1733,1.174,7638
2025-08-13 09:00,1755075600,1.174,1.17565,1.174,1.17555,6936
2025-08-13 10:00,1755079200,1.1755,1.17565,1.1742,1.17425,7805
2025-08-13 11:00,1755082800,1.17425,1.1745,1.1734,1.1745,6627
2025-08-13 12:00,1755086400,1.1745,1.17475,1.17235,1.17245,12838
2025-08-13 13:00,1755090000,1.17245,1.17335,1.17185,1.17305,13248
2025-08-13 14:00,1755093600,1.173,1.17495,1.17285,1.1746,14084
2025-08-13 15:00,1755097200,1.17455,1.1749,1.1734,1.17395,11138
2025-08-13 16:00,1755100800,1.174,1.1741,1.1732,1.1733,4742
2025-08-13 17:00,1755104400,1.1733,1.1737,1.17285,1.17305,3467
2025-08-13 18:00,1755108000,1.173,1.173,1.17215,1.1726,4736
2025-08-13 19:00,1755111600,1.17265,1.173,1.17235,1.17255,2426
2025-08-13 20:00,1755115200,1.1725,1.1733,1.1725,1.17305,1163
2025-08-13 22:00,1755122400,1.173,1.17335,1.1727,1.1731,0
2025-08-13 23:00,1755126000,1.1732,1.17365,1.1731,1.1736,518
2025-08-14 00:00,1755129600,1.17355,1.17385,1.1733,1.17345,1702
2025-08-14 01:00,1755133200,1.1735,1.17395,1.17325,1.17365,2206
2025-08-14 02:00,1755136800,1.17365,1.17365,1.1722,1.17285,2091
2025-08-14 03:00,1755140400,1.17285,1.1729,1.17235,1.17265,960
2025-08-14 04:00,1755144000,1.17255,1.17305,1.1725,1.17275,413
2025-08-14 05:00,1755147600,1.17265,1.17275,1.17205,1.1725,1410
2025-08-14 06:00,1755151200,1.17255,1.173,1.17085,1.1709,5817
2025-08-14 07:00,1755154800,1.1709,1.17165,1.17015,1.17035,5902
2025-08-14 08:00,1755158400,1.1703,1.17085,1.1691,1.16915,5982
2025-08-14 09:00,1755162000,1.16925,1.17105,1.1692,1.17055,4002
2025-08-14 10:00,1755165600,1.17055,1.17205,1.1705,1.1719,5459
2025-08-14 11:00,1755169200,1.1719,1.172,1.17065,1.17115,5333
2025-08-14 12:00,1755172800,1.1712,1.1717,1.16725,1.16875,24134
2025-08-14 13:00,1755176400,1.16875,1.1695,1.16725,1.16735,13719
2025-08-14 14:00,1755180000,1.1674,1.16895,1.1661,1.1684,17140
2025-08-14 15:00,1755183600,1.16845,1.16855,1.16605,1.16665,10626
2025-08-14 16:00,1755187200,1.16665,1.16685,1.16545,1.16575,7502
2025-08-14 17:00,1755190800,1.1658,1.1667,1.16545,1.16605,6524
2025-08-14 18:00,1755194400,1.16605,1.16655,1.16565,1.1665,5120
2025-08-14 19:00,1755198000,1.1665,1.16735,1.16645,1.1671,3264
2025-08-14 20:00,1755201600,1.1671,1.16735,1.1668,1.16705,1954
2025-08-14 22:00,1755208800,1.16725,1.1676,1.1671,1.1673,0
2025-08-14 23:00,1755212400,1.1673,1.16755,1.16685,1.1673,560
2025-08-15 00:00,1755216000,1.16725,1.1676,1.1669,1.16745,1097
2025-08-15 01:00,1755219600,1.1675,1.16805,1.16705,1.1675,2003
2025-08-15 02:00,1755223200,1.1675,1.168,1.1672,1.168,885
2025-08-15 03:00,1755226800,1.16795,1.1687,1.16795,1.1682,1187
2025-08-15 04:00,1755230400,1.16835,1.1686,1.16815,1.16855,529
2025-08-15 05:00,1755234000,1.1685,1.16935,1.1684,1.16935,1544
2025-08-15 06:00,1755237600,1.1694,1.16975,1.16875,1.16945,3728
2025-08-15 07:00,1755241200,1.1694,1.17065,1.1694,1.17055,4775
2025-08-15 08:00,1755244800,1.1705,1.1707,1.1699,1.17045,3708
2025-08-15 09:00,1755248400,1.17045,1.17125,1.1703,1.17105,3456
2025-08-15 10:00,1755252000,1.171,1.17145,1.17035,1.17085,4631
2025-08-15 11:00,1755255600,1.1708,1.17145,1.1704,1.17105,3958
2025-08-15 12:00,1755259200,1.171,1.1723,1.16965,1.17165,14139
2025-08-15 13:00,1755262800,1.1717,1.1731,1.1705,1.17265,16534
2025-08-15 14:00,1755266400,1.17255,1.1738,1.1723,1.1734,15761
2025-08-15 15:00,1755270000,1.1734,1.1738,1.1726,1.17295,8827
2025-08-15 16:00,1755273600,1.17295,1.17305,1.17225,1.17265,5705
2025-08-15 17:00,1755277200,1.1726,1.17285,1.1722,1.17275,4320
2025-08-15 18:00,1755280800,1.1727,1.17295,1.1721,1.17255,3908
2025-08-15 19:00,1755284400,1.1725,1.17265,1.1723,1.17235,1983
2025-08-15 20:00,1755288000,1.1724,1.1731,1.1723,1.17255,1926
2025-08-17 22:00,1755468000,1.17345,1.1741,1.17255,1.1736,614
2025-08-17 23:00,1755471600,1.1736,1.17365,1.1726,1.17285,990
2025-08-18 00:00,1755475200,1.17285,1.1732,1.1722,1.17235,1399
2025-08-18 01:00,1755478800,1.17235,1.17265,1.1716,1.1725,1677
2025-08-18 02:00,1755482400,1.1726,1.1727,1.17195,1.1723,665
2025-08-18 03:00,1755486000,1.1723,1.17265,1.1722,1.1724,668
2025-08-18 04:00,1755489600,1.1725,1.17325,1.17245,1.17305,981
2025-08-18 05:00,1755493200,1.17305,1.1731,1.17235,1.1728,1188
2025-08-18 06:00,1755496800,1.17285,1.17295,1.17155,1.17185,3442
2025-08-18 07:00,1755500400,1.1719,1.1725,1.1702,1.17025,6437
2025-08-18 08:00,1755504000,1.1703,1.17095,1.16925,1.17035,8001
2025-08-18 09:00,1755507600,1.1704,1.17075,1.1695,1.1702,5776
2025-08-18 10:00,1755511200,1.17015,1.1705,1.16995,1.17025,2227
2025-08-18 11:00,1755514800,1.17025,1.17105,1.1694,1.16975,5247
2025-08-18 12:00,1755518400,1.16975,1.1701,1.16885,1.1698,5263
2025-08-18 13:00,1755522000,1.1698,1.16995,1.16915,1.16995,6294
2025-08-18 14:00,1755525600,1.16995,1.1706,1.16825,1.16855,10562
2025-08-18 15:00,1755529200,1.16855,1.16965,1.16825,1.1689,8167
2025-08-18 16:00,1755532800,1.16885,1.1689,1.16775,1.16795,5733
2025-08-18 17:00,1755536400,1.16795,1.1688,1.16785,1.16845,4698
2025-08-18 18:00,1755540000,1.16845,1.169,1.168,1.16815,3456
2025-08-18 19:00,1755543600,1.1682,1.1692,1.16815,1.16895,2910
2025-08-18 20:00,1755547200,1.16885,1.1691,1.1681,1.1683,1477
2025-08-18 22:00,1755554400,1.16815,1.16965,1.1681,1.16905,0
2025-08-18 23:00,1755558000,1.1691,1.1691,1.1683,1.16895,1063
2025-08-19 00:00,1755561600,1.1689,1.1691,1.16765,1.16795,1477
2025-08-19 01:00,1755565200,1.16795,1.1683,1.166,1.16715,2998
2025-08-19 02:00,1755568800,1.167,1.1677,1.1668,1.16735,734
2025-08-19 03:00,1755572400,1.16745,1.168,1.16715,1.1676,726
2025-08-19 04:00,1755576000,1.1678,1.16835,1.1676,1.1682,537
2025-08-19 05:00,1755579600,1.1682,1.1687,1.1675,1.1677,1561
2025-08-19 06:00,1755583200,1.1677,1.1696,1.16725,1.1695,3825
2025-08-19 07:00,1755586800,1.16955,1.17055,1.1695,1.17045,5477
2025-08-19 08:00,1755590400,1.17045,1.17055,1.1693,1.16955,4069
2025-08-19 09:00,1755594000,1.1696,1.17035,1.1694,1.1701,3196
2025-08-19 10:00,1755597600,1.1701,1.1713,1.17,1.17095,4860
2025-08-19 11:00,1755601200,1.17095,1.1714,1.1701,1.1707,3600
2025-08-19 12:00,1755604800,1.1707,1.1709,1.1694,1.16965,9001
2025-08-19 13:00,1755608400,1.16965,1.16995,1.1689,1.16975,8800
2025-08-19 14:00,1755612000,1.1697,1.16985,1.16845,1.1693,10784
2025-08-19 15:00,1755615600,1.16935,1.16965,1.1678,1.16795,6290
2025-08-19 16:00,1755619200,1.168,1.16845,1.16755,1.16775,4593
2025-08-19 17:00,1755622800,1.16775,1.16815,1.1674,1.16755,2045
2025-08-19 18:00,1755626400,1.1676,1.1676,1.1663,1.1668,3760
2025-08-19 19:00,1755630000,1.1668,1.1669,1.16635,1.1668,2309
2025-08-19 20:00,1755633600,1.1668,1.16695,1.16655,1.1667,1788
2025-08-19 22:00,1755640800,1.16675,1.16695,1.1665,1.16685,0
2025-08-19 23:00,1755644400,1.16685,1.1669,1.16615,1.1662,963
2025-08-20 00:00,1755648000,1.1662,1.16625,1.16515,1.1659,2792
2025-08-20 01:00,1755651600,1.16595,1.16625,1.1647,1.16475,2666
2025-08-20 02:00,1755655200,1.16475,1.165,1.1642,1.1646,4084
2025-08-20 03:00,1755658800,1.1654,1.16565,1.16495,1.1654,1644
2025-08-20 04:00,1755662400,1.1656,1.16585,1.1654,1.1655,750
2025-08-20 05:00,1755666000,1.16545,1.16605,1.16525,1.16595,2055
2025-08-20 06:00,1755669600,1.166,1.16625,1.1643,1.1654,8272
2025-08-20 07:00,1755673200,1.1654,1.16675,1.1654,1.1665,6214
2025-08-20 08:00,1755676800,1.16645,1.1667,1.1652,1.1658,3921
2025-08-20 09:00,1755680400,1.16575,1.16665,1.1655,1.1665,3258
2025-08-20 10:00,1755684000,1.1665,1.16775,1.1664,1.1667,5942
2025-08-20 11:00,1755687600,1.1668,1.167,1.16605,1.1663,4134
2025-08-20 12:00,1755691200,1.16625,1.16945,1.16625,1.16915,11791
2025-08-20 13:00,1755694800,1.1691,1.1692,1.1676,1.1679,9392
2025-08-20 14:00,1755698400,1.1679,1.16895,1.1669,1.1683,13540
2025-08-20 15:00,1755702000,1.1683,1.16835,1.16665,1.1668,8464
2025-08-20 16:00,1755705600,1.16685,1.1682,1.1668,1.168,4421
2025-08-20 17:00,1755709200,1.168,1.16935,1.168,1.1692,3786
2025-08-20 18:00,1755712800,1.1692,1.1692,1.1675,1.16755,5227
2025-08-20 19:00,1755716400,1.1675,1.1679,1.16725,1.16735,2374
2025-08-20 20:00,1755720000,1.1673,1.16735,1.1667,1.16695,1666
2025-08-20 22:00,1755727200,1.16725,1.1673,1.167,1.167,0
2025-08-20 23:00,1755730800,1.167,1.1672,1.16665,1.1669,881
2025-08-21 00:00,1755734400,1.1669,1.16695,1.1659,1.16645,1298
2025-08-21 01:00,1755738000,1.16645,1.1669,1.1659,1.1664,1714
2025-08-21 02:00,1755741600,1.16635,1.16675,1.16615,1.16645,606
2025-08-21 03:00,1755745200,1.16645,1.1667,1.166,1.1664,746
2025-08-21 04:00,1755748800,1.1661,1.1666,1.1661,1.1663,619
2025-08-21 05:00,1755752400,1.16635,1.1668,1.16595,1.16675,1587
2025-08-21 06:00,1755756000,1.16675,1.1668,1.1644,1.16475,5189
2025-08-21 07:00,1755759600,1.16475,1.1679,1.16425,1.1676,11344
2025-08-21 08:00,1755763200,1.1676,1.16775,1.167,1.1673,5574
2025-08-21 09:00,1755766800,1.1673,1.16805,1.16715,1.16725,3216
2025-08-21 10:00,1755770400,1.16725,1.16745,1.16665,1.16675,3531
2025-08-21 11:00,1755774000,1.16675,1.16755,1.16575,1.16585,7432
2025-08-21 12:00,1755777600,1.1659,1.16745,1.16545,1.16645,11061
2025-08-21 13:00,1755781200,1.16645,1.1668,1.16335,1.1639,17095
2025-08-21 14:00,1755784800,1.1639,1.1647,1.16235,1.16335,16141
2025-08-21 15:00,1755788400,1.1633,1.1644,1.1619,1.16225,23754
2025-08-21 16:00,1755792000,1.16225,1.163,1.1619,1.1629,5669
2025-08-21 17:00,1755795600,1.1629,1.16365,1.1629,1.1633,5244
2025-08-21 18:00,1755799200,1.16325,1.1635,1.16245,1.1628,6589
2025-08-21 19:00,1755802800,1.1628,1.1628,1.16215,1.1623,2422
2025-08-21 20:00,1755806400,1.1623,1.16265,1.16215,1.16245,1248
2025-08-21 22:00,1755813600,1.1624,1.16305,1.1623,1.16305,0
2025-08-21 23:00,1755817200,1.16305,1.1632,1.1626,1.16295,874
2025-08-22 00:00,1755820800,1.16295,1.16335,1.1628,1.16315,1064
2025-08-22 01:00,1755824400,1.1632,1.16325,1.16215,1.1625,1732
2025-08-22 02:00,1755828000,1.1625,1.1631,1.1622,1.1626,1251
2025-08-22 03:00,1755831600,1.1626,1.1626,1.16065,1.1607,3066
2025-08-22 04:00,1755835200,1.16105,1.1611,1.16,1.16015,2893
2025-08-22 05:00,1755838800,1.1601,1.1606,1.16005,1.16035,1868
2025-08-22 06:00,1755842400,1.1604,1.1612,1.1601,1.16055,3328
2025-08-22 07:00,1755846000,1.1606,1.1616,1.1606,1.16115,4413
2025-08-22 08:00,1755849600,1.1612,1.16165,1.1608,1.16165,4625
2025-08-22 09:00,1755853200,1.1616,1.16195,1.16125,1.16135,4218
2025-08-22 10:00,1755856800,1.16145,1.1617,1.16105,1.1613,2626
2025-08-22 11:00,1755860400,1.16135,1.16235,1.1612,1.16215,7396
2025-08-22 12:00,1755864000,1.1622,1.16305,1.1622,1.1626,7181
2025-08-22 13:00,1755867600,1.16255,1.16365,1.16145,1.16175,14814
2025-08-22 14:00,1755871200,1.16175,1.1738,1.16175,1.17355,82702
2025-08-22 15:00,1755874800,1.1735,1.17495,1.173,1.173,25570
2025-08-22 16:00,1755878400,1.17295,1.17445,1.1729,1.17395,9136
2025-08-22 17:00,1755882000,1.174,1.17605,1.174,1.17545,9356
2025-08-22 18:00,1755885600,1.1754,1.17565,1.17385,1.17385,6850
2025-08-22 19:00,1755889200,1.1739,1.174,1.17325,1.17375,5514
2025-08-22 20:00,1755892800,1.17375,1.17445,1.1735,1.1739,3671
2025-08-24 22:00,1756072800,1.1738,1.17425,1.1727,1.1729,1831
2025-08-24 23:00,1756076400,1.173,1.1731,1.1724,1.1725,858
2025-08-25 00:00,1756080000,1.17245,1.1725,1.1712,1.17145,3812
2025-08-25 01:00,1756083600,1.17145,1.172,1.171,1.1713,1842
2025-08-25 02:00,1756087200,1.17135,1.1717,1.17105,1.1714,1146
2025-08-25 03:00,1756090800,1.17135,1.1724,1.17135,1.17235,1470
2025-08-25 04:00,1756094400,1.17235,1.17245,1.172,1.17225,873
2025-08-25 05:00,1756098000,1.1722,1.1722,1.17145,1.17165,1521
2025-08-25 06:00,1756101600,1.1717,1.1737,1.1717,1.17315,6530
2025-08-25 07:00,1756105200,1.17315,1.17345,1.1711,1.17145,6582
2025-08-25 08:00,1756108800,1.17135,1.17275,1.17135,1.1721,5219
2025-08-25 09:00,1756112400,1.17205,1.17215,1.17065,1.171,3872
2025-08-25 10:00,1756116000,1.171,1.17135,1.1702,1.17045,4925
2025-08-25 11:00,1756119600,1.17045,1.17195,1.1704,1.17195,3816
2025-08-25 12:00,1756123200,1.17195,1.17205,1.171,1.17165,4717
2025-08-25 13:00,1756126800,1.17165,1.17255,1.17115,1.17195,8140
2025-08-25 14:00,1756130400,1.17195,1.1722,1.1706,1.1707,11284
2025-08-25 15:00,1756134000,1.17065,1.1708,1.1682,1.16855,15832
2025-08-25 16:00,1756137600,1.16855,1.1686,1.1668,1.16715,9989
2025-08-25 17:00,1756141200,1.16715,1.1673,1.1657,1.1663,9317
2025-08-25 18:00,1756144800,1.1663,1.16645,1.1635,1.1637,17984
2025-08-25 19:00,1756148400,1.1637,1.16375,1.1619,1.1626,15466
2025-08-25 20:00,1756152000,1.16255,1.1642,1.16255,1.16345,6995
2025-08-25 22:00,1756159200,1.1637,1.16385,1.16335,1.1636,0
2025-08-25 23:00,1756162800,1.16365,1.16365,1.16285,1.163,1173
2025-08-26 00:00,1756166400,1.163,1.1676,1.16255,1.1663,16667
2025-08-26 01:00,1756170000,1.1664,1.1666,1.16505,1.16575,4858
2025-08-26 02:00,1756173600,1.16575,1.1663,1.16485,1.16525,3350
2025-08-26 03:00,1756177200,1.1652,1.1652,1.16395,1.1642,2484
2025-08-26 04:00,1756180800,1.16415,1.16475,1.16395,1.16475,1470
2025-08-26 05:00,1756184400,1.1648,1.166,1.16455,1.16565,4470
2025-08-26 06:00,1756188000,1.16565,1.1657,1.1629,1.1638,7552
2025-08-26 07:00,1756191600,1.1638,1.16445,1.1618,1.1637,11439
2025-08-26 08:00,1756195200,1.16375,1.1641,1.1624,1.16335,6382
2025-08-26 09:00,1756198800,1.16335,1.16595,1.16335,1.1658,6736
2025-08-26 10:00,1756202400,1.16585,1.1663,1.1653,1.1661,3764
2025-08-26 11:00,1756206000,1.1661,1.16765,1.1657,1.16695,9402
2025-08-26 12:00,1756209600,1.167,1.1676,1.16605,1.1662,12161
2025-08-26 13:00,1756213200,1.1662,1.1672,1.1653,1.1667,11962
2025-08-26 14:00,1756216800,1.16675,1.1681,1.1659,1.1671,9704
2025-08-26 15:00,1756220400,1.167,1.168,1.16645,1.1671,8303
2025-08-26 16:00,1756224000,1.16715,1.16775,1.1664,1.16645,5045
2025-08-26 17:00,1756227600,1.1665,1.16685,1.16535,1.16535,7381
2025-08-26 18:00,1756231200,1.16535,1.1663,1.1649,1.16595,6845
2025-08-26 19:00,1756234800,1.16595,1.16645,1.16555,1.16565,3558
2025-08-26 20:00,1756238400,1.1656,1.1659,1.16495,1.16575,2655
2025-08-26 22:00,1756245600,1.16575,1.16625,1.1656,1.1658,0
2025-08-26 23:00,1756249200,1.16585,1.1659,1.1652,1.1652,677
2025-08-27 00:00,1756252800,1.1652,1.16565,1.16485,1.16515,1386
2025-08-27 01:00,1756256400,1.1652,1.1656,1.1646,1.16485,2585
2025-08-27 02:00,1756260000,1.1649,1.1649,1.16395,1.16465,2251
2025-08-27 03:00,1756263600,1.1646,1.16475,1.1637,1.16395,1032
2025-08-27 04:00,1756267200,1.16365,1.1637,1.16265,1.16285,1904
2025-08-27 05:00,1756270800,1.16285,1.1635,1.16285,1.1635,1742
2025-08-27 06:00,1756274400,1.16345,1.1639,1.1629,1.16355,4060
2025-08-27 07:00,1756278000,1.1636,1.16365,1.16105,1.16185,9917
2025-08-27 08:00,1756281600,1.1618,1.1618,1.1592,1.16035,15067
2025-08-27 09:00,1756285200,1.1603,1.161,1.1601,1.1605,6167
2025-08-27 10:00,1756288800,1.16045,1.1607,1.1593,1.1594,5262
2025-08-27 11:00,1756292400,1.1594,1.16045,1.15885,1.1601,7168
2025-08-27 12:00,1756296000,1.16005,1.1613,1.15995,1.1601,12317
2025-08-27 13:00,1756299600,1.1601,1.1619,1.1599,1.16125,13463
2025-08-27 14:00,1756303200,1.16125,1.1618,1.1597,1.1607,14551
2025-08-27 15:00,1756306800,1.1607,1.1627,1.1607,1.16255,12090
2025-08-27 16:00,1756310400,1.16255,1.16555,1.16255,1.1653,10936
2025-08-27 17:00,1756314000,1.16535,1.1658,1.1647,1.16525,6992
2025-08-27 18:00,1756317600,1.16525,1.1653,1.1643,1.1645,5169
2025-08-27 19:00,1756321200,1.16455,1.16505,1.16435,1.16485,3051
2025-08-27 20:00,1756324800,1.1648,1.16545,1.16465,1.1654,2107
2025-08-27 22:00,1756332000,1.16485,1.1656,1.16485,1.1655,0
2025-08-27 23:00,1756335600,1.16555,1.16595,1.16545,1.1659,1497
2025-08-28 00:00,1756339200,1.1659,1.1661,1.16545,1.1657,1484
2025-08-28 01:00,1756342800,1.1658,1.16625,1.1653,1.1656,1899
2025-08-28 02:00,1756346400,1.1657,1.1667,1.1657,1.16645,3811
2025-08-28 03:00,1756350000,1.16645,1.16665,1.16545,1.16555,1345
2025-08-28 04:00,1756353600,1.1652,1.1656,1.1651,1.16515,992
2025-08-28 05:00,1756357200,1.16515,1.16525,1.16475,1.16495,2053
2025-08-28 06:00,1756360800,1.16495,1.16565,1.16455,1.1655,4350
2025-08-28 07:00,1756364400,1.16545,1.1661,1.1645,1.1655,5454
2025-08-28 08:00,1756368000,1.16555,1.16575,1.16405,1.1654,8591
2025-08-28 09:00,1756371600,1.16545,1.1666,1.1654,1.16605,5068
2025-08-28 10:00,1756375200,1.166,1.1687,1.166,1.1683,10467
2025-08-28 11:00,1756378800,1.1683,1.1685,1.16705,1.1678,6850
2025-08-28 12:00,1756382400,1.16785,1.16985,1.1674,1.16815,21364
2025-08-28 13:00,1756386000,1.1681,1.1689,1.16705,1.1684,11157
2025-08-28 14:00,1756389600,1.16835,1.1698,1.1678,1.16825,13646
2025-08-28 15:00,1756393200,1.16825,1.1687,1.16735,1.16835,12856
2025-08-28 16:00,1756396800,1.16835,1.1702,1.16835,1.1701,6302
2025-08-28 17:00,1756400400,1.17015,1.17095,1.16985,1.16995,7499
2025-08-28 18:00,1756404000,1.17,1.17025,1.16965,1.1701,3817
2025-08-28 19:00,1756407600,1.1701,1.1702,1.16935,1.1694,3177
2025-08-28 20:00,1756411200,1.1694,1.16955,1.1689,1.1695,3248
2025-08-28 22:00,1756418400,1.16925,1.16925,1.1685,1.16855,0
2025-08-28 23:00,1756422000,1.16855,1.16935,1.16855,1.16905,1613
2025-08-29 00:00,1756425600,1.1691,1.1694,1.16845,1.16865,1641
2025-08-29 01:00,1756429200,1.16865,1.1688,1.1668,1.16705,5579
2025-08-29 02:00,1756432800,1.1671,1.1677,1.16705,1.1674,2918
2025-08-29 03:00,1756436400,1.16735,1.1677,1.16715,1.1676,2276
2025-08-29 04:00,1756440000,1.1673,1.1677,1.167,1.16765,3987
2025-08-29 05:00,1756443600,1.1676,1.1682,1.1673,1.16815,1668
2025-08-29 06:00,1756447200,1.1681,1.1682,1.1673,1.1679,6032
2025-08-29 07:00,1756450800,1.16785,1.1689,1.16745,1.16875,5150
2025-08-29 08:00,1756454400,1.1687,1.1702,1.1683,1.1687,7680
2025-08-29 09:00,1756458000,1.1688,1.16945,1.16805,1.1685,4294
2025-08-29 10:00,1756461600,1.1684,1.16865,1.16775,1.16795,3420
2025-08-29 11:00,1756465200,1.168,1.168,1.16725,1.1675,4045
2025-08-29 12:00,1756468800,1.16745,1.1676,1.16625,1.16705,18890
2025-08-29 13:00,1756472400,1.16705,1.1685,1.1665,1.16805,11851
2025-08-29 14:00,1756476000,1.1681,1.1717,1.1681,1.1716,22414
2025-08-29 15:00,1756479600,1.1716,1.17205,1.17065,1.17065,26614
2025-08-29 16:00,1756483200,1.17065,1.1719,1.17055,1.17135,13295
2025-08-29 17:00,1756486800,1.1713,1.17145,1.1708,1.17085,2506
2025-08-29 18:00,1756490400,1.1708,1.17115,1.1705,1.17105,3617
2025-08-29 19:00,1756494000,1.17105,1.1711,1.1705,1.17095,3814
2025-08-29 20:00,1756497600,1.17105,1.17125,1.16925,1.16975,4272
2025-08-31 22:00,1756677600,1.16985,1.17105,1.16975,1.16995,1105
2025-08-31 23:00,1756681200,1.17,1.17015,1.16975,1.1701,705
2025-09-01 00:00,1756684800,1.1701,1.1709,1.1701,1.1708,1381
2025-09-01 01:00,1756688400,1.1708,1.17085,1.16985,1.1706,1860
2025-09-01 02:00,1756692000,1.1706,1.1725,1.1706,1.1723,4142
2025-09-01 03:00,1756695600,1.1723,1.17255,1.17155,1.17195,1959
2025-09-02 04:00,1756785600,1.17055,1.1706,1.17,1.17035,1491
2025-09-02 05:00,1756789200,1.17035,1.17075,1.16975,1.17045,4714
2025-09-02 06:00,1756792800,1.1705,1.17165,1.1705,1.17135,4047
2025-09-02 07:00,1756796400,1.17135,1.1717,1.16535,1.16565,21139
2025-09-02 08:00,1756800000,1.16565,1.1666,1.1644,1.16555,18211
2025-09-02 09:00,1756803600,1.16545,1.16585,1.16335,1.16475,14232
2025-09-02 10:00,1756807200,1.1648,1.1652,1.1637,1.1642,7926
2025-09-02 11:00,1756810800,1.1642,1.166,1.16375,1.1657,8025
2025-09-02 12:00,1756814400,1.1657,1.16635,1.1623,1.16275,19113
2025-09-02 13:00,1756818000,1.16275,1.16615,1.1625,1.166,16974
2025-09-02 14:00,1756821600,1.166,1.1693,1.166,1.16725,35493
2025-09-02 15:00,1756825200,1.1673,1.16785,1.166,1.16625,16846
2025-09-02 16:00,1756828800,1.1663,1.1665,1.1653,1.16545,6593
2025-09-02 17:00,1756832400,1.16545,1.1659,1.16515,1.1652,8660
2025-09-02 18:00,1756836000,1.1652,1.16535,1.16395,1.1644,10290
2025-09-02 19:00,1756839600,1.1644,1.16515,1.1642,1.1651,5487
2025-09-02 20:00,1756843200,1.16515,1.16535,1.1649,1.1651,1707
2025-09-02 22:00,1756850400,1.16525,1.16545,1.16455,1.1646,0
2025-09-02 23:00,1756854000,1.1647,1.16475,1.1642,1.16425,1756
2025-09-03 00:00,1756857600,1.1642,1.1646,1.16385,1.1642,2428
2025-09-03 01:00,1756861200,1.1643,1.16445,1.1636,1.16395,1535
2025-09-03 02:00,1756864800,1.164,1.1645,1.1634,1.16365,940
2025-09-03 03:00,1756868400,1.16365,1.16395,1.16325,1.1633,925
2025-09-03 04:00,1756872000,1.16355,1.1641,1.1635,1.1641,1478
2025-09-03 05:00,1756875600,1.1641,1.1644,1.16355,1.16395,1990
2025-09-03 06:00,1756879200,1.16395,1.16525,1.16375,1.16425,6797
2025-09-03 07:00,1756882800,1.16425,1.1645,1.16175,1.16445,11546
2025-09-03 08:00,1756886400,1.1645,1.16675,1.1645,1.16655,10782
2025-09-03 09:00,1756890000,1.1666,1.16745,1.16615,1.16655,8519
2025-09-03 10:00,1756893600,1.16655,1.1667,1.1649,1.16535,6000
2025-09-03 11:00,1756897200,1.1653,1.1664,1.16495,1.1661,6134
2025-09-03 12:00,1756900800,1.16605,1.1668,1.16545,1.16575,8581
2025-09-03 13:00,1756904400,1.1658,1.16635,1.1648,1.16595,23370
2025-09-03 14:00,1756908000,1.16595,1.169,1.16575,1.1673,28584
2025-09-03 15:00,1756911600,1.16735,1.16915,1.16725,1.16845,15723
2025-09-03 16:00,1756915200,1.16845,1.1687,1.16765,1.1685,4497
2025-09-03 17:00,1756918800,1.1685,1.1687,1.16685,1.1671,7377
2025-09-03 18:00,1756922400,1.16705,1.16775,1.1668,1.16715,4649
2025-09-03 19:00,1756926000,1.16715,1.1672,1.1665,1.1668,2826
2025-09-03 20:00,1756929600,1.16675,1.16745,1.16655,1.167,1692
2025-09-03 22:00,1756936800,1.167,1.1671,1.1667,1.16675,0
2025-09-03 23:00,1756940400,1.1668,1.167,1.16635,1.1668,780
2025-09-04 00:00,1756944000,1.16685,1.16695,1.16615,1.1666,1651
2025-09-04 01:00,1756947600,1.16665,1.1676,1.16595,1.16655,1460
2025-09-04 02:00,1756951200,1.16655,1.1666,1.1658,1.16595,1183
2025-09-04 03:00,1756954800,1.16605,1.16625,1.1658,1.1659,477
2025-09-04 04:00,1756958400,1.16615,1.1662,1.16575,1.1659,1050
2025-09-04 05:00,1756962000,1.16585,1.16625,1.16555,1.16625,1362
2025-09-04 06:00,1756965600,1.1662,1.16685,1.16575,1.1659,5881
2025-09-04 07:00,1756969200,1.1659,1.1666,1.1651,1.1658,5532
2025-09-04 08:00,1756972800,1.16575,1.16665,1.1655,1.16645,5407
2025-09-04 09:00,1756976400,1.16645,1.1667,1.1646,1.165,5375
2025-09-04 10:00,1756980000,1.16505,1.16665,1.165,1.16605,6755
2025-09-04 11:00,1756983600,1.16595,1.166,1.1646,1.165,5051
2025-09-04 12:00,1756987200,1.16505,1.16685,1.16365,1.16535,21490
2025-09-04 13:00,1756990800,1.1653,1.1663,1.1644,1.1657,26285
2025-09-04 14:00,1756994400,1.16565,1.16585,1.1639,1.16415,15562
2025-09-04 15:00,1756998000,1.1642,1.1657,1.16385,1.16545,8084
2025-09-04 16:00,1757001600,1.1655,1.1655,1.1641,1.16465,4974
2025-09-04 17:00,1757005200,1.1647,1.1647,1.16415,1.16445,2651
2025-09-04 18:00,1757008800,1.1645,1.1655,1.1644,1.16515,4383
2025-09-04 19:00,1757012400,1.16515,1.16595,1.1651,1.1658,3901
2025-09-04 20:00,1757016000,1.1658,1.16595,1.1656,1.1657,1346
2025-09-04 22:00,1757023200,1.1656,1.166,1.16555,1.16555,0
2025-09-04 23:00,1757026800,1.1656,1.16645,1.1655,1.1663,720
2025-09-05 00:00,1757030400,1.1663,1.1667,1.1659,1.1666,2787
2025-09-05 01:00,1757034000,1.1666,1.16785,1.16655,1.1677,1952
2025-09-05 02:00,1757037600,1.16765,1.1681,1.16745,1.16745,1613
2025-09-05 03:00,1757041200,1.1675,1.16795,1.1673,1.16785,1124
2025-09-05 04:00,1757044800,1.16775,1.16785,1.16715,1.16735,771
2025-09-05 05:00,1757048400,1.16735,1.1684,1.1673,1.1683,1539
2025-09-05 06:00,1757052000,1.1684,1.1684,1.16715,1.16755,4329
2025-09-05 07:00,1757055600,1.1676,1.1685,1.1673,1.1684,4628
2025-09-05 08:00,1757059200,1.1684,1.16905,1.16815,1.1689,8961
2025-09-05 09:00,1757062800,1.169,1.16985,1.1688,1.1694,7101
2025-09-05 10:00,1757066400,1.1694,1.1703,1.16935,1.1698,4613
2025-09-05 11:00,1757070000,1.1698,1.1698,1.16845,1.16935,16768
2025-09-05 12:00,1757073600,1.16935,1.17585,1.16925,1.1741,52514
2025-09-05 13:00,1757077200,1.1741,1.1757,1.17205,1.1755,47812
2025-09-05 14:00,1757080800,1.17555,1.1766,1.1729,1.1743,24924
2025-09-05 15:00,1757084400,1.1743,1.17655,1.1741,1.1765,14145
2025-09-05 16:00,1757088000,1.1765,1.1766,1.1743,1.17455,8042
2025-09-05 17:00,1757091600,1.17455,1.17455,1.17315,1.17325,8177
2025-09-05 18:00,1757095200,1.1732,1.17325,1.17205,1.17235,7473
2025-09-05 19:00,1757098800,1.1723,1.1729,1.1719,1.17235,7484
2025-09-05 20:00,1757102400,1.1724,1.1729,1.17215,1.17225,2013
2025-09-07 22:00,1757282400,1.1727,1.17285,1.17095,1.1711,1787
2025-09-07 23:00,1757286000,1.1712,1.17215,1.1711,1.17175,2827
2025-09-08 00:00,1757289600,1.1718,1.1719,1.171,1.17185,1605
2025-09-08 01:00,1757293200,1.1719,1.1723,1.1713,1.1718,2513
2025-09-08 02:00,1757296800,1.1719,1.17215,1.17155,1.17205,2131
2025-09-08 03:00,1757300400,1.17205,1.1721,1.17135,1.1715,536
2025-09-08 04:00,1757304000,1.1715,1.17195,1.17115,1.17185,1164
2025-09-08 05:00,1757307600,1.1718,1.17265,1.1718,1.172,1799
2025-09-08 06:00,1757311200,1.1721,1.17335,1.17175,1.17325,5663
2025-09-08 07:00,1757314800,1.17325,1.17395,1.1726,1.17385,6214
2025-09-08 08:00,1757318400,1.17385,1.1748,1.1731,1.17365,8978
2025-09-08 09:00,1757322000,1.17365,1.1737,1.17265,1.17295,8175
2025-09-08 10:00,1757325600,1.1729,1.1734,1.1725,1.17315,4861
2025-09-08 11:00,1757329200,1.17315,1.17375,1.173,1.1735,5166
2025-09-08 12:00,1757332800,1.17345,1.17475,1.17285,1.17435,13680
2025-09-08 13:00,1757336400,1.17435,1.1762,1.1742,1.17565,24818
2025-09-08 14:00,1757340000,1.17565,1.176,1.17455,1.1751,16072
2025-09-08 15:00,1757343600,1.17505,1.17575,1.1749,1.1756,20872
2025-09-08 16:00,1757347200,1.17555,1.17575,1.17405,1.1746,10425
2025-09-08 17:00,1757350800,1.1746,1.17525,1.17405,1.1745,4483
2025-09-08 18:00,1757354400,1.1745,1.17685,1.1745,1.1767,9398
2025-09-08 19:00,1757358000,1.17665,1.1771,1.1765,1.1768,8516
2025-09-08 20:00,1757361600,1.17675,1.17695,1.1765,1.1769,1613
2025-09-08 22:00,1757368800,1.1771,1.1771,1.17665,1.1767,0
2025-09-08 23:00,1757372400,1.17675,1.17785,1.1767,1.17735,1418
2025-09-09 00:00,1757376000,1.1773,1.1779,1.17705,1.17765,1616
2025-09-09 01:00,1757379600,1.17765,1.1783,1.1771,1.178,2171
2025-09-09 02:00,1757383200,1.17805,1.1782,1.1773,1.1774,9980
2025-09-09 03:00,1757386800,1.1774,1.1775,1.17685,1.17685,5328
2025-09-09 04:00,1757390400,1.1771,1.17805,1.1771,1.1778,1450
2025-09-09 05:00,1757394000,1.17775,1.1785,1.17765,1.1784,6315
2025-09-09 06:00,1757397600,1.1784,1.17845,1.17615,1.17695,13956
2025-09-09 07:00,1757401200,1.177,1.17735,1.1753,1.17575,47917
2025-09-09 08:00,1757404800,1.17565,1.1767,1.1749,1.17645,25333
2025-09-09 09:00,1757408400,1.17645,1.1777,1.1764,1.17725,21763
2025-09-09 10:00,1757412000,1.17725,1.1776,1.1757,1.17585,14537
2025-09-09 11:00,1757415600,1.1759,1.17595,1.1746,1.1747,26474
2025-09-09 12:00,1757419200,1.17465,1.175,1.17325,1.1742,29614
2025-09-09 13:00,1757422800,1.1742,1.1754,1.1739,1.17465,23180
2025-09-09 14:00,1757426400,1.1747,1.17675,1.17275,1.17355,43859
2025-09-09 15:00,1757430000,1.17355,1.1736,1.17205,1.1727,31424
2025-09-09 16:00,1757433600,1.1727,1.1735,1.17235,1.17235,5934
2025-09-09 17:00,1757437200,1.1724,1.1728,1.17135,1.1714,7361
2025-09-09 18:00,1757440800,1.17145,1.17195,1.17085,1.1711,7521
2025-09-09 19:00,1757444400,1.1711,1.17135,1.17085,1.17115,4487
2025-09-09 20:00,1757448000,1.17115,1.17165,1.1709,1.17125,5767
2025-09-09 22:00,1757455200,1.1717,1.1718,1.17125,1.1716,0
2025-09-09 23:00,1757458800,1.17155,1.1716,1.17015,1.17065,3694
2025-09-10 00:00,1757462400,1.17065,1.17065,1.17,1.1701,1127
2025-09-10 01:00,1757466000,1.17015,1.1707,1.16935,1.1704,2881
2025-09-10 02:00,1757469600,1.1704,1.1712,1.17035,1.17115,4353
2025-09-10 03:00,1757473200,1.17115,1.17145,1.1711,1.17125,740
2025-09-10 04:00,1757476800,1.1712,1.17195,1.1712,1.17195,1368
2025-09-10 05:00,1757480400,1.1719,1.172,1.1709,1.1712,2653
2025-09-10 06:00,1757484000,1.17125,1.1722,1.1696,1.17015,8445
2025-09-10 07:00,1757487600,1.1702,1.1712,1.16865,1.17065,49992
2025-09-10 08:00,1757491200,1.17065,1.1708,1.16945,1.17035,53773
2025-09-10 09:00,1757494800,1.17035,1.1721,1.17025,1.1717,63035
2025-09-10 10:00,1757498400,1.1717,1.1719,1.17005,1.1704,12698
2025-09-10 11:00,1757502000,1.1704,1.17105,1.1699,1.1709,44601
2025-09-10 12:00,1757505600,1.17085,1.1732,1.1695,1.1704,46539
2025-09-10 13:00,1757509200,1.17045,1.1729,1.17,1.17245,54461
2025-09-10 14:00,1757512800,1.1724,1.1735,1.17195,1.17315,50393
2025-09-10 15:00,1757516400,1.17315,1.17345,1.17175,1.17185,34851
2025-09-10 16:00,1757520000,1.17185,1.172,1.1707,1.17095,24451
2025-09-10 17:00,1757523600,1.17095,1.1715,1.17055,1.17095,5047
2025-09-10 18:00,1757527200,1.17095,1.17165,1.17065,1.1709,4763
2025-09-10 19:00,1757530800,1.1709,1.1709,1.16975,1.17045,6558
2025-09-10 20:00,1757534400,1.1704,1.17055,1.16975,1.1698,0
2025-09-10 22:00,1757541600,1.1702,1.1705,1.17,1.17045,941
2025-09-10 23:00,1757545200,1.1705,1.1709,1.1703,1.17045,633
2025-09-11 00:00,1757548800,1.1704,1.1704,1.1695,1.16955,1114
2025-09-11 01:00,1757552400,1.16955,1.1705,1.16945,1.16985,789
2025-09-11 02:00,1757556000,1.16995,1.17005,1.16955,1.1698,627
2025-09-11 03:00,1757559600,1.1698,1.17025,1.16965,1.1697,372
2025-09-11 04:00,1757563200,1.16975,1.1701,1.1696,1.1701,718
2025-09-11 05:00,1757566800,1.1701,1.1701,1.1691,1.16915,1731
2025-09-11 06:00,1757570400,1.16915,1.1698,1.16855,1.16925,6413
2025-09-11 07:00,1757574000,1.1693,1.1698,1.16885,1.1694,14761
2025-09-11 08:00,1757577600,1.16945,1.1697,1.16905,1.1693,17658
2025-09-11 09:00,1757581200,1.16935,1.16945,1.16795,1.16875,39959
2025-09-11 10:00,1757584800,1.16875,1.16895,1.1681,1.16845,21137
2025-09-11 11:00,1757588400,1.16845,1.16925,1.16795,1.16855,10528
2025-09-11 12:00,1757592000,1.1686,1.17225,1.1656,1.17165,62927
2025-09-11 13:00,1757595600,1.1717,1.1743,1.1715,1.1741,45837
2025-09-11 14:00,1757599200,1.17405,1.1746,1.1727,1.1729,48973
2025-09-11 15:00,1757602800,1.173,1.17475,1.1728,1.17335,33679
2025-09-11 16:00,1757606400,1.17335,1.17415,1.1732,1.17385,22711
2025-09-11 17:00,1757610000,1.17385,1.17415,1.17295,1.17335,8139
2025-09-11 18:00,1757613600,1.1733,1.174,1.17325,1.1737,25462
2025-09-11 19:00,1757617200,1.17375,1.17405,1.1735,1.17385,7238
2025-09-11 20:00,1757620800,1.17385,1.17415,1.17355,1.17365,0
2025-09-11 22:00,1757628000,1.1737,1.17415,1.1736,1.174,460
2025-09-11 23:00,1757631600,1.1739,1.17405,1.1734,1.17345,389
2025-09-12 00:00,1757635200,1.1734,1.17355,1.17285,1.1733,1277
2025-09-12 01:00,1757638800,1.1733,1.1733,1.1727,1.1727,1010
2025-09-12 02:00,1757642400,1.1726,1.173,1.1725,1.1728,1048
2025-09-12 03:00,1757646000,1.1726,1.1728,1.1724,1.17255,1873
2025-09-12 04:00,1757649600,1.17235,1.1728,1.17225,1.1726,381
2025-09-12 05:00,1757653200,1.17275,1.1734,1.1727,1.17325,112
2025-09-12 06:00,1757656800,1.1732,1.1741,1.17235,1.17405,2007
2025-09-12 07:00,1757660400,1.174,1.17485,1.17375,1.17415,6176
2025-09-12 08:00,1757664000,1.17415,1.1795,1.17165,1.178,36469
2025-09-12 09:00,1757667600,1.17795,1.17875,1.1714,1.1784,9103
2025-09-12 10:00,1757671200,1.1785,1.1797,1.1723,1.1796,5969
2025-09-12 11:00,1757674800,1.1796,1.1798,1.1721,1.17835,5104
2025-09-12 12:00,1757678400,1.1784,1.1785,1.17015,1.17745,35134
2025-09-12 13:00,1757682000,1.17135,1.17785,1.17045,1.17755,17827
2025-09-12 14:00,1757685600,1.17755,1.1791,1.1713,1.1787,18932
2025-09-12 15:00,1757689200,1.17875,1.179,1.1714,1.17145,0
2025-09-12 16:00,1757692800,1.1777,1.1794,1.17105,1.1728,2666
2025-09-12 17:00,1757696400,1.17895,1.18005,1.17275,1.17945,92169
2025-09-12 18:00,1757700000,1.1795,1.18045,1.1733,1.1804,3592
2025-09-12 19:00,1757703600,1.1804,1.1804,1.1735,1.1799,6974
2025-09-12 20:00,1757707200,1.17995,1.1804,1.173,1.1804,5332
2025-09-14 22:00,1757887200,1.17965,1.1804,1.17285,1.17905,781
2025-09-14 23:00,1757890800,1.1791,1.1793,1.17265,1.17875,771
2025-09-15 00:00,1757894400,1.1788,1.179,1.1722,1.17885,1202
2025-09-15 01:00,1757898000,1.17885,1.17915,1.1726,1.17895,2296
2025-09-15 02:00,1757901600,1.179,1.1791,1.17285,1.17895,1001
2025-09-15 03:00,1757905200,1.179,1.1796,1.173,1.17935,829
2025-09-15 04:00,1757908800,1.1793,1.17975,1.1732,1.1796,548
2025-09-15 05:00,1757912400,1.17965,1.17965,1.17285,1.17905,1222
2025-09-15 06:00,1757916000,1.1791,1.1792,1.17175,1.1787,9606
2025-09-15 07:00,1757919600,1.17865,1.1806,1.1726,1.17955,9458
2025-09-15 08:00,1757923200,1.17955,1.18055,1.1732,1.17985,9734
2025-09-15 09:00,1757926800,1.1799,1.1814,1.1738,1.1808,7740
2025-09-15 10:00,1757930400,1.1808,1.1825,1.1752,1.1815,8044
2025-09-15 11:00,1757934000,1.18155,1.1825,1.17535,1.18235,5726
2025-09-15 12:00,1757937600,1.18235,1.18335,1.1763,1.1832,9946
2025-09-15 13:00,1757941200,1.1832,1.18355,1.17585,1.1821,10388
2025-09-15 14:00,1757944800,1.1821,1.18225,1.17535,1.18195,10409
2025-09-15 15:00,1757948400,1.182,1.18345,1.1818,1.18335,5590
2025-09-15 16:00,1757952000,1.1833,1.18365,1.1818,1.18205,6802
2025-09-15 17:00,1757955600,1.18205,1.1835,1.182,1.18335,2734
2025-09-15 18:00,1757959200,1.18335,1.1835,1.1829,1.1831,4800
2025-09-15 19:00,1757962800,1.1832,1.1834,1.18265,1.18275,4232
2025-09-15 20:00,1757966400,1.18275,1.18305,1.18215,1.1823,1559
2025-09-15 22:00,1757973600,1.18255,1.1828,1.18225,1.1824,0
2025-09-15 23:00,1757977200,1.18245,1.18275,1.1824,1.18245,732
2025-09-16 00:00,1757980800,1.18245,1.18275,1.18185,1.18235,1516
2025-09-16 01:00,1757984400,1.18235,1.1831,1.18195,1.1829,1420
2025-09-16 02:00,1757988000,1.1829,1.1839,1.1829,1.18385,2186
2025-09-16 03:00,1757991600,1.1838,1.18485,1.18355,1.1839,3554
2025-09-16 04:00,1757995200,1.1839,1.184,1.18355,1.18385,1091
2025-09-16 05:00,1757998800,1.18385,1.1842,1.1835,1.18395,1222
2025-09-16 06:00,1758002400,1.184,1.1853,1.18395,1.18485,6278
2025-09-16 07:00,1758006000,1.18485,1.18635,1.1848,1.1856,10635
2025-09-16 08:00,1758009600,1.1856,1.1865,1.18515,1.1856,6047
2025-09-16 09:00,1758013200,1.18565,1.188,1.18565,1.1876,11908
2025-09-16 10:00,1758016800,1.1876,1.1877,1.1866,1.187,7914
2025-09-16 11:00,1758020400,1.187,1.1883,1.1863,1.1876,10558
2025-09-16 12:00,1758024000,1.1876,1.1877,1.18495,1.18665,15392
2025-09-16 13:00,1758027600,1.1866,1.18885,1.18655,1.1886,15461
2025-09-16 14:00,1758031200,1.18855,1.1915,1.18825,1.1913,27702
2025-09-16 15:00,1758034800,1.1913,1.1915,1.18965,1.1909,14796
2025-09-16 16:00,1758038400,1.19085,1.19335,1.19085,1.19265,12412
2025-09-16 17:00,1758042000,1.19265,1.19405,1.19255,1.1928,11995
2025-09-16 18:00,1758045600,1.1928,1.1933,1.1923,1.19285,7000
2025-09-16 19:00,1758049200,1.1928,1.19305,1.192,1.1922,6032
2025-09-16 20:00,1758052800,1.1922,1.19315,1.192,1.1929,3339
2025-09-16 22:00,1758060000,1.1927,1.193,1.1925,1.19275,0
2025-09-16 23:00,1758063600,1.19275,1.19345,1.1927,1.19325,1358
2025-09-17 00:00,1758067200,1.1933,1.1934,1.1919,1.19195,3322
2025-09-17 01:00,1758070800,1.192,1.1921,1.19135,1.19175,3527
2025-09-17 02:00,1758074400,1.1917,1.19195,1.19125,1.1917,1845
2025-09-17 03:00,1758078000,1.1917,1.1919,1.1913,1.19135,923
2025-09-17 04:00,1758081600,1.1914,1.1917,1.1913,1.1915,1089
2025-09-17 05:00,1758085200,1.19155,1.1921,1.19155,1.1919,1782
2025-09-17 06:00,1758088800,1.192,1.1922,1.19125,1.19175,7105
2025-09-17 07:00,1758092400,1.1917,1.19175,1.1899,1.19015,8877
2025-09-17 08:00,1758096000,1.19015,1.19125,1.19005,1.1909,8069
2025-09-17 09:00,1758099600,1.19095,1.1911,1.1902,1.19065,6304
2025-09-17 10:00,1758103200,1.1907,1.1908,1.18935,1.1897,7173
2025-09-17 11:00,1758106800,1.1897,1.1907,1.1895,1.19,7687
2025-09-17 12:00,1758110400,1.18995,1.1906,1.1895,1.19045,6717
2025-09-17 13:00,1758114000,1.19045,1.1914,1.1903,1.1911,10006
2025-09-17 14:00,1758117600,1.1911,1.19205,1.1907,1.19105,13716
2025-09-17 15:00,1758121200,1.19105,1.19135,1.19045,1.19055,9457
2025-09-17 16:00,1758124800,1.19055,1.19175,1.1903,1.1914,6437
2025-09-17 17:00,1758128400,1.19135,1.19165,1.1908,1.19135,6899
2025-09-17 18:00,1758132000,1.1915,1.19795,1.1879,1.1895,80221
2025-09-17 19:00,1758135600,1.18955,1.1917,1.1881,1.18855,21854
2025-09-17 20:00,1758139200,1.1885,1.18885,1.18685,1.1874,5731
2025-09-17 22:00,1758146400,1.18765,1.18805,1.18705,1.1878,0
2025-09-17 23:00,1758150000,1.1878,1.18875,1.18765,1.1884,2657
2025-09-18 00:00,1758153600,1.1884,1.1887,1.18735,1.1884,4077
2025-09-18 01:00,1758157200,1.1884,1.18875,1.18665,1.1872,2888
2025-09-18 02:00,1758160800,1.18725,1.1881,1.18715,1.1878,1698
2025-09-18 03:00,1758164400,1.18785,1.1881,1.1871,1.18715,886
2025-09-18 04:00,1758168000,1.18705,1.1872,1.18525,1.18535,3300
2025-09-18 05:00,1758171600,1.1854,1.18585,1.18435,1.1849,4730
2025-09-18 06:00,1758175200,1.18495,1.1858,1.1839,1.1853,11834
2025-09-18 07:00,1758178800,1.18525,1.18975,1.1852,1.18905,14958
2025-09-18 08:00,1758182400,1.18905,1.18925,1.188,1.18865,11502
2025-09-18 09:00,1758186000,1.1887,1.1907,1.1886,1.1897,8382
2025-09-18 10:00,1758189600,1.18965,1.1899,1.1891,1.18955,5819
2025-09-18 11:00,1758193200,1.1896,1.1896,1.1878,1.1884,8529
2025-09-18 12:00,1758196800,1.18845,1.1885,1.18535,1.1854,18208
2025-09-18 13:00,1758200400,1.1854,1.1855,1.18085,1.1825,39435
2025-09-18 14:00,1758204000,1.1825,1.184,1.1821,1.18335,23415
2025-09-18 15:00,1758207600,1.1834,1.18465,1.1828,1.1838,14823
2025-09-18 16:00,1758211200,1.18375,1.18465,1.18305,1.1845,6469
2025-09-18 17:00,1758214800,1.18455,1.18525,1.1844,1.1846,4701
2025-09-18 18:00,1758218400,1.1846,1.1848,1.18405,1.18465,4403
2025-09-18 19:00,1758222000,1.18465,1.185,1.1841,1.18435,3179
2025-09-18 20:00,1758225600,1.18435,1.1845,1.184,1.1845,1110
2025-09-18 22:00,1758232800,1.18425,1.18465,1.18415,1.1844,0
2025-09-18 23:00,1758236400,1.1844,1.1848,1.1844,1.18465,717
2025-09-19 00:00,1758240000,1.18465,1.1848,1.1833,1.18445,3775
2025-09-19 01:00,1758243600,1.18445,1.18445,1.18325,1.18335,1852
2025-09-19 02:00,1758247200,1.1833,1.18385,1.183,1.18375,1339
2025-09-19 03:00,1758250800,1.1838,1.1851,1.1838,1.184,2677
2025-09-19 04:00,1758254400,1.1847,1.18475,1.18285,1.1832,2709
2025-09-19 05:00,1758258000,1.1832,1.18355,1.18285,1.1831,1396
2025-09-19 06:00,1758261600,1.18315,1.1835,1.1821,1.18245,6383
2025-09-19 07:00,1758265200,1.18245,1.1836,1.18155,1.18275,7569
2025-09-19 08:00,1758268800,1.18275,1.18285,1.181,1.18185,10299
2025-09-19 09:00,1758272400,1.18185,1.18265,1.18145,1.18175,6022
2025-09-19 10:00,1758276000,1.18175,1.18235,1.1816,1.1819,3134
2025-09-19 11:00,1758279600,1.1819,1.182,1.1793,1.1795,10288
2025-09-19 12:00,1758283200,1.1795,1.1801,1.17865,1.17935,11521
2025-09-19 13:00,1758286800,1.17935,1.18215,1.1793,1.1816,14737
2025-09-19 14:00,1758290400,1.18155,1.18255,1.18135,1.1815,13135
2025-09-19 15:00,1758294000,1.1815,1.1817,1.17945,1.18095,12269
2025-09-19 16:00,1758297600,1.18095,1.1813,1.1799,1.1811,3987
2025-09-19 17:00,1758301200,1.18105,1.1813,1.1806,1.1808,4156
2025-09-19 18:00,1758304800,1.1808,1.18085,1.1804,1.1806,4947
2025-09-19 19:00,1758308400,1.18055,1.18085,1.1803,1.18055,2312
2025-09-19 20:00,1758312000,1.18045,1.18055,1.17985,1.1801,2024
2025-09-22 04:00,1758513600,1.17865,1.17895,1.1783,1.1787,0
2025-09-22 05:00,1758517200,1.1787,1.17955,1.17865,1.1795,1574
2025-09-22 06:00,1758520800,1.1795,1.18055,1.1793,1.18,3901
2025-09-22 07:00,1758524400,1.18005,1.1811,1.1796,1.1805,6391
2025-09-22 08:00,1758528000,1.18045,1.1826,1.1804,1.1819,8794
2025-09-22 09:00,1758531600,1.18195,1.1833,1.18185,1.18325,6774
2025-09-22 10:00,1758535200,1.1833,1.1843,1.18305,1.18305,9268
2025-09-22 11:00,1758538800,1.1831,1.1839,1.18265,1.18355,5835
2025-09-22 12:00,1758542400,1.18345,1.1844,1.183,1.18395,9559
2025-09-22 13:00,1758546000,1.18405,1.1845,1.18255,1.18335,14094
2025-09-22 14:00,1758549600,1.18335,1.1834,1.182,1.1827,11047
2025-09-22 15:00,1758553200,1.18265,1.18325,1.1821,1.18295,8147
2025-09-22 16:00,1758556800,1.1829,1.18475,1.18285,1.18455,12590
2025-09-22 17:00,1758560400,1.18455,1.1854,1.1843,1.18535,5535
2025-09-22 18:00,1758564000,1.18535,1.18565,1.18495,1.1854,6076
2025-09-22 19:00,1758567600,1.18535,1.18595,1.18525,1.18575,3445
2025-09-22 20:00,1758571200,1.1857,1.18615,1.1855,1.186,1837
2025-09-22 22:00,1758578400,1.1859,1.18615,1.1856,1.1858,0
2025-09-22 23:00,1758582000,1.1858,1.1859,1.18565,1.18575,623
2025-09-23 00:00,1758585600,1.1857,1.1864,1.1853,1.1863,2210
2025-09-23 01:00,1758589200,1.1863,1.18765,1.1861,1.18715,2778
2025-09-23 02:00,1758592800,1.1871,1.1873,1.1858,1.1861,1789
2025-09-23 03:00,1758596400,1.18605,1.1863,1.1853,1.1862,1172
2025-09-23 04:00,1758600000,1.186,1.18605,1.1854,1.18545,808
2025-09-23 05:00,1758603600,1.1854,1.18615,1.18515,1.1855,1419
2025-09-23 06:00,1758607200,1.18555,1.1861,1.18465,1.1852,4133
2025-09-23 07:00,1758610800,1.18515,1.18565,1.1835,1.18475,10571
2025-09-23 08:00,1758614400,1.1847,1.1862,1.18405,1.1859,6271
2025-09-23 09:00,1758618000,1.18595,1.1869,1.18565,1.1859,5172
2025-09-23 10:00,1758621600,1.1859,1.1863,1.18475,1.18525,5186
2025-09-23 11:00,1758625200,1.18525,1.18565,1.1848,1.18485,4753
2025-09-23 12:00,1758628800,1.1849,1.1855,1.1841,1.18535,6935
2025-09-23 13:00,1758632400,1.1853,1.18615,1.18405,1.18555,12911
2025-09-23 14:00,1758636000,1.1856,1.1862,1.18485,1.1852,10749
2025-09-23 15:00,1758639600,1.1852,1.18555,1.1845,1.18545,6086
2025-09-23 16:00,1758643200,1.18555,1.1866,1.1848,1.18615,8477
2025-09-23 17:00,1758646800,1.1862,1.18745,1.1859,1.18685,6249
2025-09-23 18:00,1758650400,1.1868,1.18735,1.18645,1.1868,4987
2025-09-23 19:00,1758654000,1.1868,1.18745,1.18635,1.1873,3544
2025-09-23 20:00,1758657600,1.18725,1.1875,1.1868,1.18735,1251
2025-09-23 22:00,1758664800,1.18705,1.18765,1.187,1.1871,0
2025-09-23 23:00,1758668400,1.1871,1.1873,1.18685,1.1871,640
2025-09-24 00:00,1758672000,1.18715,1.18725,1.1859,1.186,1940
2025-09-24 01:00,1758675600,1.18605,1.1861,1.18535,1.1856,1897
2025-09-24 02:00,1758679200,1.1856,1.18595,1.1852,1.1853,1312
2025-09-24 03:00,1758682800,1.18525,1.1856,1.1851,1.1853,794
2025-09-24 04:00,1758686400,1.1855,1.186,1.18525,1.1859,1243
2025-09-24 05:00,1758690000,1.18585,1.1861,1.18485,1.1854,1922
2025-09-24 06:00,1758693600,1.18535,1.1859,1.18415,1.18435,5546
2025-09-24 07:00,1758697200,1.18435,1.1851,1.18405,1.1845,5378
2025-09-24 08:00,1758700800,1.18445,1.18445,1.18215,1.18275,8335
2025-09-24 09:00,1758704400,1.1828,1.18305,1.1818,1.18235,4199
2025-09-24 10:00,1758708000,1.1823,1.18255,1.18065,1.1808,6766
2025-09-24 11:00,1758711600,1.18075,1.1811,1.18025,1.1805,8016
2025-09-24 12:00,1758715200,1.1805,1.18145,1.1795,1.1799,11970
2025-09-24 13:00,1758718800,1.17985,1.17995,1.1786,1.1794,19175
2025-09-24 14:00,1758722400,1.17945,1.1802,1.17835,1.17985,15053
2025-09-24 15:00,1758726000,1.17985,1.18015,1.17925,1.17975,10833
2025-09-24 16:00,1758729600,1.17975,1.1799,1.1786,1.1788,6653
2025-09-24 17:00,1758733200,1.1788,1.1796,1.1787,1.1793,3489
2025-09-24 18:00,1758736800,1.1793,1.17945,1.1788,1.17925,4606
2025-09-24 19:00,1758740400,1.17925,1.1795,1.17875,1.17935,3420
2025-09-24 20:00,1758744000,1.1793,1.1795,1.17905,1.1794,2108
2025-09-24 22:00,1758751200,1.1794,1.1799,1.17935,1.1798,0
2025-09-24 23:00,1758754800,1.17985,1.17995,1.1796,1.1796,1564
2025-09-25 00:00,1758758400,1.1796,1.18015,1.1794,1.18005,1755
2025-09-25 01:00,1758762000,1.1801,1.18025,1.17945,1.17975,1953
2025-09-25 02:00,1758765600,1.1798,1.1805,1.17965,1.1803,1340
2025-09-25 03:00,1758769200,1.1803,1.1807,1.18015,1.18065,769
2025-09-25 04:00,1758772800,1.18035,1.18065,1.18025,1.18055,747
2025-09-25 05:00,1758776400,1.1806,1.1806,1.17935,1.17955,2078
2025-09-25 06:00,1758780000,1.17955,1.1806,1.1791,1.17995,5750
2025-09-25 07:00,1758783600,1.17995,1.1802,1.17845,1.17865,7291
2025-09-25 08:00,1758787200,1.1787,1.1798,1.1784,1.1796,5935
2025-09-25 09:00,1758790800,1.1796,1.1805,1.17925,1.17985,5788
2025-09-25 10:00,1758794400,1.1799,1.1808,1.1798,1.18005,3957
2025-09-25 11:00,1758798000,1.1801,1.1801,1.1788,1.1794,8091
2025-09-25 12:00,1758801600,1.17935,1.17995,1.1741,1.17515,31261
2025-09-25 13:00,1758805200,1.17515,1.1764,1.17365,1.17395,21917
2025-09-25 14:00,1758808800,1.1739,1.1748,1.17265,1.17295,24041
2025-09-25 15:00,1758812400,1.17295,1.1734,1.172,1.17255,16410
2025-09-25 16:00,1758816000,1.1726,1.17365,1.1722,1.1724,7798
2025-09-25 17:00,1758819600,1.17245,1.17255,1.17055,1.1711,12360
2025-09-25 18:00,1758823200,1.17105,1.17135,1.16985,1.1706,8526
2025-09-25 19:00,1758826800,1.17055,1.1716,1.1705,1.1714,7557
2025-09-25 20:00,1758830400,1.17145,1.17225,1.17125,1.1718,2440
2025-09-25 22:00,1758837600,1.1717,1.17215,1.17135,1.17205,0
2025-09-25 23:00,1758841200,1.1721,1.1721,1.17125,1.1714,1359
2025-09-26 00:00,1758844800,1.1714,1.1724,1.17105,1.1724,2152
2025-09-26 01:00,1758848400,1.1724,1.1726,1.1718,1.17205,1805
2025-09-26 02:00,1758852000,1.17205,1.1732,1.17195,1.17295,2365
2025-09-26 03:00,1758855600,1.17295,1.17315,1.17275,1.17315,1244
2025-09-26 04:00,1758859200,1.1729,1.17345,1.1729,1.1732,1200
2025-09-26 05:00,1758862800,1.17325,1.17345,1.17285,1.17295,1238
2025-09-26 06:00,1758866400,1.1729,1.17365,1.17245,1.17325,6740
2025-09-26 07:00,1758870000,1.1732,1.17375,1.17215,1.17255,9335
2025-09-26 08:00,1758873600,1.1726,1.17405,1.17235,1.17335,6537
2025-09-26 09:00,1758877200,1.1733,1.1737,1.1728,1.17315,5240
2025-09-26 10:00,1758880800,1.1731,1.17335,1.1714,1.1716,7059
2025-09-26 11:00,1758884400,1.17165,1.17285,1.17155,1.17205,5165
2025-09-26 12:00,1758888000,1.1721,1.1739,1.17195,1.1736,14411
2025-09-26 13:00,1758891600,1.1736,1.1747,1.1731,1.1737,15594
2025-09-26 14:00,1758895200,1.17375,1.1758,1.17365,1.17445,20600
2025-09-26 15:00,1758898800,1.1744,1.1753,1.174,1.1744,11082
2025-09-26 16:00,1758902400,1.1744,1.17495,1.17395,1.1746,5490
2025-09-26 17:00,1758906000,1.1746,1.17545,1.1744,1.17525,4096
2025-09-26 18:00,1758909600,1.1753,1.17585,1.1749,1.17565,4927
2025-09-26 19:00,1758913200,1.17565,1.1759,1.1751,1.17585,3398
2025-09-26 20:00,1758916800,1.1758,1.176,1.1752,1.17565,2720
2025-09-28 22:00,1759096800,1.17555,1.1758,1.17555,1.17565,524
2025-09-28 23:00,1759100400,1.1757,1.1762,1.1756,1.17565,1049
2025-09-29 00:00,1759104000,1.1757,1.17755,1.17565,1.17735,3610
2025-09-29 01:00,1759107600,1.17735,1.17775,1.17665,1.1775,2371
2025-09-29 02:00,1759111200,1.17745,1.1781,1.1774,1.1778,1532
2025-09-29 03:00,1759114800,1.1778,1.17815,1.1777,1.17775,1256
2025-09-29 04:00,1759118400,1.1777,1.1785,1.1775,1.1779,1505
2025-09-29 05:00,1759122000,1.17795,1.17855,1.17765,1.178,3086
2025-09-29 06:00,1759125600,1.1781,1.1781,1.177,1.1772,5648
2025-09-29 07:00,1759129200,1.17715,1.1785,1.177,1.17795,5882
2025-09-29 08:00,1759132800,1.17795,1.1781,1.17605,1.1776,8245
2025-09-29 09:00,1759136400,1.17765,1.17785,1.1769,1.177,4098
2025-09-29 10:00,1759140000,1.177,1.17745,1.1768,1.1772,3966
2025-09-29 11:00,1759143600,1.1772,1.1783,1.1761,1.1781,9085
2025-09-29 12:00,1759147200,1.17815,1.18035,1.17705,1.1802,20825
2025-09-29 13:00,1759150800,1.1802,1.1807,1.17895,1.17935,13980
2025-09-29 14:00,1759154400,1.1793,1.17965,1.17815,1.17825,12702
2025-09-29 15:00,1759158000,1.1782,1.17865,1.1775,1.1781,11259
2025-09-29 16:00,1759161600,1.17815,1.1785,1.17775,1.17815,4586
2025-09-29 17:00,1759165200,1.1782,1.1784,1.17735,1.1774,2359
2025-09-29 18:00,1759168800,1.1774,1.17855,1.17725,1.17835,7013
2025-09-29 19:00,1759172400,1.17835,1.1784,1.17785,1.178,2147
2025-09-29 20:00,1759176000,1.17795,1.17805,1.17755,1.1779,1977
2025-09-29 22:00,1759183200,1.1779,1.17795,1.1776,1.1779,0
2025-09-29 23:00,1759186800,1.17795,1.1784,1.1779,1.1782,677
2025-09-30 00:00,1759190400,1.1782,1.1783,1.1764,1.17725,4871
2025-09-30 01:00,1759194000,1.17725,1.1777,1.1765,1.1766,2085
2025-09-30 02:00,1759197600,1.17655,1.1775,1.1764,1.1774,1049
2025-09-30 03:00,1759201200,1.17735,1.1778,1.1772,1.1776,1016
2025-09-30 04:00,1759204800,1.17755,1.17805,1.177,1.178,991
2025-09-30 05:00,1759208400,1.178,1.1789,1.17795,1.1785,2037
2025-09-30 06:00,1759212000,1.17845,1.1795,1.17825,1.1789,5709
2025-09-30 07:00,1759215600,1.17885,1.17995,1.17875,1.1793,7603
2025-09-30 08:00,1759219200,1.17935,1.1813,1.17935,1.1807,8685
2025-09-30 09:00,1759222800,1.1807,1.181,1.1796,1.17995,5224
2025-09-30 10:00,1759226400,1.18,1.18025,1.17915,1.17965,4012
2025-09-30 11:00,1759230000,1.1797,1.18,1.1788,1.17935,4708
2025-09-30 12:00,1759233600,1.1793,1.1799,1.1784,1.17885,7468
2025-09-30 13:00,1759237200,1.17885,1.179,1.17675,1.1782,12686
2025-09-30 14:00,1759240800,1.17825,1.1804,1.17745,1.1801,20861
2025-09-30 15:00,1759244400,1.18005,1.18015,1.17765,1.1785,17620
2025-09-30 16:00,1759248000,1.17855,1.181,1.1785,1.18075,7629
2025-09-30 17:00,1759251600,1.18075,1.18125,1.1798,1.18005,5691
2025-09-30 18:00,1759255200,1.18,1.18005,1.17865,1.17915,5989
2025-09-30 19:00,1759258800,1.17915,1.1792,1.17875,1.1791,3811
2025-09-30 20:00,1759262400,1.1791,1.1791,1.1784,1.17845,1777
2025-09-30 22:00,1759269600,1.17865,1.17925,1.17835,1.1785,0
2025-09-30 23:00,1759273200,1.1785,1.1793,1.1784,1.1785,799
2025-10-01 00:00,1759276800,1.17845,1.1788,1.178,1.1786,1893
2025-10-01 01:00,1759280400,1.17865,1.1791,1.1781,1.17895,1091
2025-10-01 02:00,1759284000,1.17895,1.179,1.17825,1.1788,992
2025-10-01 03:00,1759287600,1.1788,1.17895,1.17845,1.17885,641
2025-10-01 04:00,1759291200,1.17905,1.1809,1.17905,1.18085,1985
2025-10-01 05:00,1759294800,1.1809,1.1817,1.18025,1.1803,3534
2025-10-01 06:00,1759298400,1.1803,1.18255,1.18015,1.18185,8446
2025-10-01 07:00,1759302000,1.1818,1.18295,1.17925,1.18,21459
2025-10-01 08:00,1759305600,1.18005,1.1816,1.17995,1.18,8336
2025-10-01 09:00,1759309200,1.18005,1.18045,1.1781,1.1783,7110
2025-10-01 10:00,1759312800,1.1783,1.1784,1.17665,1.17755,11459
2025-10-01 11:00,1759316400,1.1776,1.17905,1.17755,1.1785,6610
2025-10-01 12:00,1759320000,1.1785,1.1819,1.17725,1.1799,43156
2025-10-01 13:00,1759323600,1.17995,1.1812,1.17965,1.18055,18050
2025-10-01 14:00,1759327200,1.18045,1.1814,1.17815,1.17965,40020
2025-10-01 15:00,1759330800,1.1796,1.18,1.1771,1.1773,22184
2025-10-01 16:00,1759334400,1.17725,1.1777,1.17655,1.1773,8955
2025-10-01 17:00,1759338000,1.1773,1.1783,1.1773,1.17735,4853
2025-10-01 18:00,1759341600,1.1774,1.17925,1.17715,1.17845,6943
2025-10-01 19:00,1759345200,1.17845,1.1787,1.178,1.17805,2835
2025-10-01 20:00,1759348800,1.1781,1.1781,1.17765,1.1781,1681
2025-10-01 22:00,1759356000,1.178,1.17855,1.17785,1.17815,0
2025-10-01 23:00,1759359600,1.1782,1.1785,1.17805,1.1781,867
2025-10-02 00:00,1759363200,1.17805,1.1783,1.17725,1.17775,1732
2025-10-02 01:00,1759366800,1.1777,1.1787,1.1772,1.17865,1685
2025-10-02 02:00,1759370400,1.1787,1.17895,1.1785,1.1785,1261
2025-10-02 03:00,1759374000,1.1785,1.1787,1.1781,1.17835,1545
2025-10-02 04:00,1759377600,1.1783,1.17835,1.1778,1.1782,690
2025-10-02 05:00,1759381200,1.17825,1.1785,1.17775,1.17835,1553
2025-10-02 06:00,1759384800,1.17835,1.1793,1.1782,1.1791,5246
2025-10-02 07:00,1759388400,1.1791,1.1805,1.1789,1.17985,6720
2025-10-02 08:00,1759392000,1.17985,1.1805,1.1793,1.18015,5608
2025-10-02 09:00,1759395600,1.1801,1.18065,1.1799,1.1803,4578
2025-10-02 10:00,1759399200,1.1803,1.1803,1.17945,1.18,4823
2025-10-02 11:00,1759402800,1.18,1.1805,1.1795,1.17985,7738
2025-10-02 12:00,1759406400,1.17985,1.18065,1.17825,1.17855,10407
2025-10-02 13:00,1759410000,1.1786,1.1792,1.17615,1.177,15378
2025-10-02 14:00,1759413600,1.177,1.177,1.17525,1.1761,21294
2025-10-02 15:00,1759417200,1.1761,1.1761,1.1731,1.1744,21008
2025-10-02 16:00,1759420800,1.1744,1.1763,1.1743,1.17625,7775
2025-10-02 17:00,1759424400,1.17625,1.17685,1.17605,1.1762,7599
2025-10-02 18:00,1759428000,1.17615,1.17705,1.17605,1.1769,3872
2025-10-02 19:00,1759431600,1.1769,1.17745,1.17655,1.1767,2606
2025-10-02 20:00,1759435200,1.17675,1.1772,1.17625,1.1763,2048
2025-10-02 22:00,1759442400,1.1763,1.17685,1.1763,1.17665,0
2025-10-02 23:00,1759446000,1.17665,1.1773,1.1766,1.1772,640
2025-10-03 00:00,1759449600,1.17715,1.1772,1.1766,1.17715,1294
2025-10-03 01:00,1759453200,1.17715,1.17765,1.1763,1.1774,2301
2025-10-03 02:00,1759456800,1.17735,1.1775,1.17675,1.1772,1086
2025-10-03 03:00,1759460400,1.17715,1.1774,1.17665,1.17735,630
2025-10-03 04:00,1759464000,1.1774,1.1774,1.17655,1.17655,805
2025-10-03 05:00,1759467600,1.17655,1.17685,1.17625,1.1764,2997
2025-10-03 06:00,1759471200,1.17645,1.1776,1.17635,1.17675,4286
2025-10-03 07:00,1759474800,1.1768,1.17815,1.1768,1.17795,4903
2025-10-03 08:00,1759478400,1.178,1.1792,1.1779,1.17875,6173
2025-10-03 09:00,1759482000,1.17875,1.17885,1.1779,1.1785,3885
2025-10-03 10:00,1759485600,1.1785,1.17875,1.1781,1.17835,3808
2025-10-03 11:00,1759489200,1.1784,1.17905,1.1778,1.17815,7605
2025-10-03 12:00,1759492800,1.1782,1.17885,1.17745,1.1787,8945
2025-10-03 13:00,1759496400,1.17875,1.1792,1.17805,1.1785,10799
2025-10-03 14:00,1759500000,1.1786,1.1807,1.1781,1.17885,22043
2025-10-03 15:00,1759503600,1.17885,1.17965,1.17845,1.1794,7339
2025-10-03 16:00,1759507200,1.17935,1.17955,1.17855,1.17875,3624
2025-10-03 17:00,1759510800,1.1787,1.1789,1.1779,1.17815,3518
2025-10-03 18:00,1759514400,1.17815,1.1788,1.17745,1.1787,4041
2025-10-03 19:00,1759518000,1.17875,1.17895,1.1785,1.1789,2443
2025-10-03 20:00,1759521600,1.1788,1.1792,1.1786,1.179,1883
2025-10-06 04:00,1759723200,1.177,1.1774,1.17665,1.1767,0
2025-10-06 05:00,1759726800,1.17665,1.17725,1.17605,1.1764,2280
2025-10-06 06:00,1759730400,1.17635,1.17665,1.17365,1.174,8304
2025-10-06 07:00,1759734000,1.174,1.17585,1.1709,1.1709,31285
2025-10-06 08:00,1759737600,1.1709,1.1727,1.1698,1.1714,22672
2025-10-06 09:00,1759741200,1.1714,1.17165,1.17035,1.17125,8930
2025-10-06 10:00,1759744800,1.17125,1.1713,1.1699,1.17095,7662
2025-10-06 11:00,1759748400,1.17095,1.17255,1.1704,1.1722,10133
2025-10-06 12:00,1759752000,1.17215,1.1736,1.17195,1.17355,13462
2025-10-06 13:00,1759755600,1.1736,1.17495,1.17305,1.1746,14981
2025-10-06 14:00,1759759200,1.1746,1.17645,1.1742,1.1763,20760
2025-10-06 15:00,1759762800,1.17635,1.17675,1.17495,1.1753,12817
2025-10-06 16:00,1759766400,1.1753,1.17585,1.17495,1.17585,5093
2025-10-06 17:00,1759770000,1.1759,1.1763,1.17565,1.1757,3364
2025-10-06 18:00,1759773600,1.1757,1.17625,1.17565,1.1759,4350
2025-10-06 19:00,1759777200,1.17595,1.17635,1.1757,1.1758,4210
2025-10-06 20:00,1759780800,1.17575,1.1761,1.17555,1.17585,2102
2025-10-06 22:00,1759788000,1.176,1.17605,1.17545,1.1756,0
2025-10-06 23:00,1759791600,1.17565,1.176,1.1754,1.17555,828
2025-10-07 00:00,1759795200,1.17555,1.1757,1.175,1.17545,2218
2025-10-07 01:00,1759798800,1.1755,1.1755,1.17425,1.17425,1914
2025-10-07 02:00,1759802400,1.17435,1.1752,1.17435,1.17475,1105
2025-10-07 03:00,1759806000,1.1748,1.1753,1.1746,1.17495,660
2025-10-07 04:00,1759809600,1.1751,1.17535,1.1741,1.17445,1156
2025-10-07 05:00,1759813200,1.1744,1.1746,1.1734,1.1738,2195
2025-10-07 06:00,1759816800,1.17375,1.17375,1.1729,1.17325,4900
2025-10-07 07:00,1759820400,1.17325,1.17335,1.1716,1.1722,11494
2025-10-07 08:00,1759824000,1.1722,1.1728,1.1711,1.17115,7635
2025-10-07 09:00,1759827600,1.17115,1.17165,1.1706,1.1712,8097
2025-10-07 10:00,1759831200,1.1712,1.17215,1.1709,1.17195,6903
2025-10-07 11:00,1759834800,1.17195,1.172,1.1699,1.17085,9657
2025-10-07 12:00,1759838400,1.1708,1.17125,1.1699,1.1712,9908
2025-10-07 13:00,1759842000,1.17125,1.1716,1.17045,1.1706,11919
2025-10-07 14:00,1759845600,1.1705,1.17115,1.17,1.17085,16504
2025-10-07 15:00,1759849200,1.17085,1.17255,1.17065,1.17185,13949
2025-10-07 16:00,1759852800,1.1719,1.17265,1.17155,1.17155,6369
2025-10-07 17:00,1759856400,1.17155,1.1725,1.17125,1.17125,5683
2025-10-07 18:00,1759860000,1.1713,1.17135,1.1702,1.17035,7241
2025-10-07 19:00,1759863600,1.1703,1.17035,1.1693,1.16955,7713
2025-10-07 20:00,1759867200,1.16955,1.1704,1.16945,1.17025,3247
2025-10-07 22:00,1759874400,1.1701,1.1706,1.1701,1.17035,0
2025-10-07 23:00,1759878000,1.1704,1.1704,1.1697,1.1697,1838
2025-10-08 00:00,1759881600,1.16975,1.16975,1.16905,1.16915,3465
2025-10-08 01:00,1759885200,1.16915,1.16915,1.167,1.1671,8593
2025-10-08 02:00,1759888800,1.16715,1.16715,1.16615,1.1668,4904
2025-10-08 03:00,1759892400,1.16685,1.1669,1.1662,1.1669,2060
2025-10-08 04:00,1759896000,1.1667,1.1667,1.166,1.16635,1704
2025-10-08 05:00,1759899600,1.1663,1.1664,1.16565,1.16615,2551
2025-10-08 06:00,1759903200,1.1661,1.1665,1.16515,1.1661,6847
2025-10-08 07:00,1759906800,1.1661,1.16785,1.1656,1.16755,19011
2025-10-08 08:00,1759910400,1.16755,1.16795,1.1655,1.1659,10448
2025-10-08 09:00,1759914000,1.16595,1.16645,1.165,1.16555,13576
2025-10-08 10:00,1759917600,1.16555,1.1681,1.1653,1.1678,11068
2025-10-08 11:00,1759921200,1.1678,1.1679,1.167,1.16705,6263
2025-10-08 12:00,1759924800,1.1671,1.16825,1.1669,1.1677,9049
2025-10-08 13:00,1759928400,1.16765,1.1689,1.1672,1.16765,13973
2025-10-08 14:00,1759932000,1.1676,1.16805,1.16645,1.1666,14657
2025-10-08 15:00,1759935600,1.16655,1.16665,1.1647,1.165,16294
2025-10-08 16:00,1759939200,1.16505,1.1651,1.1642,1.1649,9619
2025-10-08 17:00,1759942800,1.165,1.16535,1.16465,1.16515,5886
2025-10-08 18:00,1759946400,1.16515,1.16665,1.16435,1.1664,22362
2025-10-08 19:00,1759950000,1.16645,1.16725,1.16645,1.16725,4543
2025-10-08 20:00,1759953600,1.16725,1.1677,1.1671,1.16745,3491
2025-10-08 22:00,1759960800,1.1673,1.16765,1.167,1.16755,0
2025-10-08 23:00,1759964400,1.16755,1.1676,1.16695,1.167,2122
2025-10-09 00:00,1759968000,1.16705,1.16825,1.167,1.16795,2843
2025-10-09 01:00,1759971600,1.16785,1.1687,1.16785,1.16815,2055
2025-10-09 02:00,1759975200,1.16815,1.16895,1.168,1.1686,2157
2025-10-09 03:00,1759978800,1.1685,1.16885,1.1682,1.16855,1163
2025-10-09 04:00,1759982400,1.1687,1.1689,1.16835,1.16875,1045
2025-10-09 05:00,1759986000,1.1687,1.169,1.16795,1.168,1220
2025-10-09 06:00,1759989600,1.168,1.16805,1.1653,1.1657,8584
2025-10-09 07:00,1759993200,1.16575,1.16645,1.1648,1.16525,8855
2025-10-09 08:00,1759996800,1.16525,1.1656,1.16445,1.1654,7998
2025-10-09 09:00,1760000400,1.16535,1.1669,1.1652,1.16675,7854
2025-10-09 10:00,1760004000,1.16675,1.1669,1.16545,1.166,5142
2025-10-09 11:00,1760007600,1.16605,1.16635,1.1651,1.1654,7181
2025-10-09 12:00,1760011200,1.16535,1.16575,1.1646,1.16565,9917
2025-10-09 13:00,1760014800,1.1657,1.1665,1.1633,1.1644,22305
2025-10-09 14:00,1760018400,1.1644,1.1644,1.16175,1.16225,31583
2025-10-09 15:00,1760022000,1.16225,1.16235,1.15885,1.16,28463
2025-10-09 16:00,1760025600,1.16005,1.16045,1.15935,1.15995,12001
2025-10-09 17:00,1760029200,1.15995,1.16075,1.15955,1.1601,7115
2025-10-09 18:00,1760032800,1.16015,1.1602,1.15835,1.15875,6084
2025-10-09 19:00,1760036400,1.1588,1.1603,1.1588,1.16005,6066
2025-10-09 20:00,1760040000,1.16005,1.16085,1.15995,1.1605,2547
2025-10-09 22:00,1760047200,1.1605,1.16085,1.1603,1.16055,0
2025-10-09 23:00,1760050800,1.16055,1.16075,1.1598,1.16065,1526
2025-10-10 00:00,1760054400,1.16065,1.1612,1.16015,1.1609,2694
2025-10-10 01:00,1760058000,1.16095,1.16125,1.1604,1.16045,1817
2025-10-10 02:00,1760061600,1.16045,1.1614,1.1604,1.1611,1422
2025-10-10 03:00,1760065200,1.1611,1.16155,1.1609,1.16145,1676
2025-10-10 04:00,1760068800,1.1614,1.1615,1.16085,1.1615,962
2025-10-10 05:00,1760072400,1.1615,1.1619,1.1611,1.16115,2427
2025-10-10 06:00,1760076000,1.16115,1.1616,1.1602,1.1612,8091
2025-10-10 07:00,1760079600,1.1612,1.1621,1.16055,1.16195,9651
2025-10-10 08:00,1760083200,1.1619,1.1631,1.1617,1.16205,10777
2025-10-10 09:00,1760086800,1.16205,1.16215,1.16105,1.16155,6874
2025-10-10 10:00,1760090400,1.16155,1.16245,1.1612,1.1613,4550
2025-10-10 11:00,1760094000,1.16135,1.16165,1.16015,1.16025,10104
2025-10-10 12:00,1760097600,1.1602,1.1618,1.16005,1.1613,11699
2025-10-10 13:00,1760101200,1.1613,1.1615,1.16035,1.16105,13735
2025-10-10 14:00,1760104800,1.161,1.1624,1.1606,1.16195,19913
2025-10-10 15:00,1760108400,1.162,1.1672,1.16195,1.16545,52368
2025-10-10 16:00,1760112000,1.16545,1.1667,1.1646,1.1648,12469
2025-10-10 17:00,1760115600,1.16475,1.16515,1.1639,1.1643,6324
2025-10-10 18:00,1760119200,1.1643,1.1655,1.16415,1.165,4911
2025-10-10 19:00,1760122800,1.165,1.1657,1.16455,1.1654,2935
2025-10-10 20:00,1760126400,1.1654,1.16705,1.1646,1.16505,7016
2025-10-12 22:00,1760306400,1.16505,1.16505,1.16415,1.16435,459
2025-10-12 23:00,1760310000,1.16445,1.1651,1.1641,1.16425,1537
2025-10-13 00:00,1760313600,1.1642,1.1657,1.1641,1.16565,2055
2025-10-13 01:00,1760317200,1.1657,1.16625,1.1651,1.1661,2947
2025-10-13 02:00,1760320800,1.1661,1.1669,1.1658,1.16605,2106
2025-10-13 03:00,1760324400,1.16605,1.16625,1.1657,1.1662,770
2025-10-13 04:00,1760328000,1.16615,1.16665,1.16595,1.16615,953
2025-10-13 05:00,1760331600,1.1662,1.1665,1.1654,1.16555,2001
2025-10-13 06:00,1760335200,1.16555,1.1671,1.16515,1.1655,6280
2025-10-13 07:00,1760338800,1.1655,1.1657,1.1638,1.16405,10174
2025-10-13 08:00,1760342400,1.16405,1.16455,1.1622,1.1626,8787
2025-10-13 09:00,1760346000,1.1626,1.1639,1.16255,1.1635,4601
2025-10-13 10:00,1760349600,1.1635,1.16365,1.16225,1.1624,4733
2025-10-13 11:00,1760353200,1.16245,1.1636,1.16065,1.16085,9864
2025-10-13 12:00,1760356800,1.16095,1.1617,1.16025,1.16095,9210
2025-10-13 13:00,1760360400,1.1609,1.1618,1.16055,1.16155,10475
2025-10-13 14:00,1760364000,1.1616,1.1616,1.1598,1.1602,10252
2025-10-13 15:00,1760367600,1.1602,1.16165,1.16005,1.16145,6638
2025-10-13 16:00,1760371200,1.1615,1.162,1.16105,1.1616,5336
2025-10-13 17:00,1760374800,1.16165,1.1618,1.1611,1.1614,3634
2025-10-13 18:00,1760378400,1.16145,1.16185,1.16065,1.1609,7519
2025-10-13 19:00,1760382000,1.16095,1.16145,1.16065,1.16065,2670
2025-10-13 20:00,1760385600,1.1607,1.16115,1.16055,1.1611,2436
2025-10-13 22:00,1760392800,1.161,1.1614,1.16075,1.1608,0
2025-10-13 23:00,1760396400,1.1608,1.161,1.16035,1.1606,931
2025-10-14 00:00,1760400000,1.16055,1.1607,1.15945,1.1601,3756
2025-10-14 01:00,1760403600,1.16005,1.1613,1.16005,1.16105,3093
2025-10-14 02:00,1760407200,1.1611,1.16165,1.16105,1.1614,1767
2025-10-14 03:00,1760410800,1.16135,1.1622,1.1611,1.1619,1597
2025-10-14 04:00,1760414400,1.16185,1.1633,1.16185,1.1632,2652
2025-10-14 05:00,1760418000,1.1632,1.1632,1.16235,1.16235,804
2025-10-14 06:00,1760421600,1.16235,1.163,1.16035,1.161,11942
2025-10-14 07:00,1760425200,1.161,1.16145,1.1582,1.15895,13209
2025-10-14 08:00,1760428800,1.1589,1.16005,1.1586,1.1599,6424
2025-10-14 09:00,1760432400,1.15985,1.1603,1.15915,1.15945,5991
2025-10-14 10:00,1760436000,1.1595,1.16,1.1591,1.15935,6904
2025-10-14 11:00,1760439600,1.15935,1.1598,1.15865,1.1592,7302
2025-10-14 12:00,1760443200,1.1592,1.16055,1.15885,1.15955,11313
2025-10-14 13:00,1760446800,1.15955,1.1623,1.15945,1.1614,24820
2025-10-14 14:00,1760450400,1.1614,1.16375,1.1609,1.1634,20172
2025-10-14 15:00,1760454000,1.1634,1.16485,1.1627,1.1647,14659
2025-10-14 16:00,1760457600,1.1647,1.16555,1.16415,1.165,14575
2025-10-14 17:00,1760461200,1.16495,1.16525,1.1642,1.165,7254
2025-10-14 18:00,1760464800,1.165,1.1652,1.16435,1.16455,5006
2025-10-14 19:00,1760468400,1.1645,1.16515,1.1645,1.16455,7132
2025-10-14 20:00,1760472000,1.1646,1.16485,1.164,1.16465,2101
2025-10-14 22:00,1760479200,1.16495,1.16495,1.1643,1.1643,0
2025-10-14 23:00,1760482800,1.16435,1.1645,1.16415,1.1643,1009
2025-10-15 00:00,1760486400,1.16425,1.16535,1.16415,1.165,2859
2025-10-15 01:00,1760490000,1.16505,1.16625,1.1647,1.16585,2957
2025-10-15 02:00,1760493600,1.16585,1.16655,1.1658,1.16625,1645
2025-10-15 03:00,1760497200,1.1662,1.16635,1.16575,1.16615,1174
2025-10-15 04:00,1760500800,1.1663,1.1663,1.16565,1.1658,1061
2025-10-15 05:00,1760504400,1.16585,1.16665,1.16585,1.16595,1746
2025-10-15 06:00,1760508000,1.166,1.16785,1.1657,1.16735,8031
2025-10-15 07:00,1760511600,1.1674,1.16845,1.1669,1.16755,9591
2025-10-15 08:00,1760515200,1.16755,1.16855,1.1671,1.16725,7579
2025-10-15 09:00,1760518800,1.1672,1.1679,1.16675,1.1674,6640
2025-10-15 10:00,1760522400,1.16745,1.16745,1.166,1.1664,6205
2025-10-15 11:00,1760526000,1.1664,1.1672,1.1659,1.166,7104
2025-10-15 12:00,1760529600,1.16595,1.16675,1.16535,1.1657,11787
2025-10-15 13:00,1760533200,1.1657,1.1672,1.165,1.16675,18725
2025-10-15 14:00,1760536800,1.16675,1.167,1.1659,1.16645,9199
2025-10-15 15:00,1760540400,1.16645,1.16875,1.1658,1.16765,14392
2025-10-15 16:00,1760544000,1.16775,1.1681,1.1669,1.168,6930
2025-10-15 17:00,1760547600,1.16795,1.16805,1.1667,1.16695,7109
2025-10-15 18:00,1760551200,1.16695,1.1677,1.1668,1.1673,3257
2025-10-15 19:00,1760554800,1.1673,1.1685,1.16725,1.1684,3990
2025-10-15 20:00,1760558400,1.16845,1.16885,1.16825,1.16875,3816
2025-10-15 22:00,1760565600,1.1685,1.16905,1.168,1.1684,0
2025-10-15 23:00,1760569200,1.16845,1.1685,1.16825,1.1684,810
2025-10-16 00:00,1760572800,1.16835,1.1705,1.1681,1.1701,5089
2025-10-16 01:00,1760576400,1.1701,1.17135,1.16995,1.1708,4931
2025-10-16 02:00,1760580000,1.17085,1.1713,1.17025,1.17045,2317
2025-10-16 03:00,1760583600,1.1704,1.17055,1.16995,1.17005,1254
2025-10-16 04:00,1760587200,1.16995,1.17,1.1694,1.1694,1096
2025-10-16 05:00,1760590800,1.16945,1.16995,1.1692,1.1698,2053
2025-10-16 06:00,1760594400,1.1698,1.1706,1.169,1.1692,4827
2025-10-16 07:00,1760598000,1.1692,1.16945,1.16815,1.16895,9486
2025-10-16 08:00,1760601600,1.169,1.16985,1.16865,1.1696,5545
2025-10-16 09:00,1760605200,1.16965,1.1702,1.16905,1.16965,5343
2025-10-16 10:00,1760608800,1.16965,1.1701,1.1691,1.1693,3723
2025-10-16 11:00,1760612400,1.16935,1.1694,1.16845,1.1692,7065
2025-10-16 12:00,1760616000,1.1692,1.16995,1.1687,1.16985,8116
2025-10-16 13:00,1760619600,1.1699,1.17025,1.1688,1.1696,10936
2025-10-16 14:00,1760623200,1.16955,1.1716,1.1692,1.1715,16724
2025-10-16 15:00,1760626800,1.17155,1.17165,1.16995,1.17025,11623
2025-10-16 16:00,1760630400,1.17025,1.1717,1.17025,1.1715,11672
2025-10-16 17:00,1760634000,1.1715,1.17315,1.17145,1.1726,12823
2025-10-16 18:00,1760637600,1.1726,1.1731,1.17185,1.17265,8558
2025-10-16 19:00,1760641200,1.17265,1.1732,1.1725,1.1727,6060
2025-10-16 20:00,1760644800,1.17265,1.1729,1.17225,1.17255,1253
2025-10-16 22:00,1760652000,1.17265,1.1733,1.17245,1.17315,0
2025-10-16 23:00,1760655600,1.17315,1.1737,1.17305,1.17365,1258
2025-10-17 00:00,1760659200,1.1736,1.17485,1.17325,1.1744,3055
2025-10-17 01:00,1760662800,1.1744,1.1747,1.17375,1.17385,3098
2025-10-17 02:00,1760666400,1.1738,1.17485,1.1733,1.1743,2384
2025-10-17 03:00,1760670000,1.1743,1.17495,1.1742,1.17465,1287
2025-10-17 04:00,1760673600,1.17455,1.17495,1.1744,1.1747,1610
2025-10-17 05:00,1760677200,1.1747,1.17655,1.1747,1.17605,4962
2025-10-17 06:00,1760680800,1.1761,1.1764,1.17465,1.17485,10382
2025-10-17 07:00,1760684400,1.1748,1.17525,1.17315,1.1749,14147
2025-10-17 08:00,1760688000,1.17495,1.17535,1.17285,1.17345,8695
2025-10-17 09:00,1760691600,1.1735,1.17455,1.17335,1.1739,4494
2025-10-17 10:00,1760695200,1.17385,1.174,1.1725,1.1727,7961
2025-10-17 11:00,1760698800,1.17275,1.17345,1.17175,1.17225,14120
2025-10-17 12:00,1760702400,1.17225,1.1724,1.1704,1.1714,13587
2025-10-17 13:00,1760706000,1.17135,1.17185,1.17065,1.1708,10835
2025-10-17 14:00,1760709600,1.17075,1.17105,1.1694,1.17045,18998
2025-10-17 15:00,1760713200,1.17045,1.17105,1.1698,1.17105,11635
2025-10-17 16:00,1760716800,1.17105,1.17165,1.1707,1.1708,6350
2025-10-17 17:00,1760720400,1.1708,1.1713,1.17045,1.1705,3600
2025-10-17 18:00,1760724000,1.1705,1.17115,1.1701,1.1705,4357
2025-10-17 19:00,1760727600,1.17055,1.17085,1.1703,1.17075,3365
2025-10-17 20:00,1760731200,1.1708,1.1708,1.16875,1.169,7152
2025-10-19 22:00,1760911200,1.16925,1.17055,1.16885,1.16925,1384
2025-10-19 23:00,1760914800,1.1693,1.16985,1.1691,1.16945,1336
2025-10-20 00:00,1760918400,1.16945,1.1703,1.16945,1.17025,2519
2025-10-20 01:00,1760922000,1.1703,1.1704,1.1693,1.16965,1943
2025-10-20 02:00,1760925600,1.1697,1.1707,1.1697,1.1702,932
2025-10-20 03:00,1760929200,1.17015,1.1705,1.1701,1.1705,828
2025-10-20 04:00,1760932800,1.1705,1.17105,1.1702,1.1708,1251
2025-10-20 05:00,1760936400,1.1708,1.1712,1.17065,1.171,1083
2025-10-20 06:00,1760940000,1.17105,1.17105,1.16935,1.16945,5234
2025-10-20 07:00,1760943600,1.16945,1.1704,1.169,1.1699,5614
2025-10-20 08:00,1760947200,1.1699,1.17025,1.16945,1.1699,4502
2025-10-20 09:00,1760950800,1.16995,1.1704,1.16955,1.1698,5945
2025-10-20 10:00,1760954400,1.16985,1.16995,1.16875,1.169,5350
2025-10-20 11:00,1760958000,1.16895,1.1693,1.16805,1.16925,7382
2025-10-20 12:00,1760961600,1.1693,1.1697,1.1687,1.169,9295
2025-10-20 13:00,1760965200,1.169,1.1691,1.16825,1.1685,8095
2025-10-20 14:00,1760968800,1.16855,1.17005,1.1684,1.169,11154
2025-10-20 15:00,1760972400,1.16905,1.17005,1.1689,1.16915,9013
2025-10-20 16:00,1760976000,1.1692,1.1695,1.16855,1.1686,4683
2025-10-20 17:00,1760979600,1.16865,1.16895,1.1678,1.16795,6416
2025-10-20 18:00,1760983200,1.16795,1.1685,1.1675,1.16825,8618
2025-10-20 19:00,1760986800,1.1683,1.1686,1.16765,1.16775,3380
2025-10-20 20:00,1760990400,1.1677,1.1681,1.1677,1.16785,2430
2025-10-20 22:00,1760997600,1.1679,1.1681,1.1678,1.1679,0
2025-10-20 23:00,1761001200,1.1678,1.16805,1.1678,1.16795,988
2025-10-21 00:00,1761004800,1.1679,1.1691,1.1679,1.16885,2627
2025-10-21 01:00,1761008400,1.1688,1.16885,1.1678,1.16805,1494
2025-10-21 02:00,1761012000,1.16805,1.16805,1.1668,1.16695,2150
2025-10-21 03:00,1761015600,1.167,1.1671,1.16685,1.167,1008
2025-10-21 04:00,1761019200,1.1668,1.16725,1.1667,1.1671,1462
2025-10-21 05:00,1761022800,1.1671,1.1673,1.166,1.1661,4068
2025-10-21 06:00,1761026400,1.1661,1.16695,1.1654,1.16675,6060
2025-10-21 07:00,1761030000,1.16675,1.1671,1.1657,1.1661,10585
2025-10-21 08:00,1761033600,1.16605,1.1663,1.1648,1.16565,11012
2025-10-21 09:00,1761037200,1.16565,1.16625,1.1651,1.1656,6152
2025-10-21 10:00,1761040800,1.1656,1.1659,1.16425,1.16535,7544
2025-10-21 11:00,1761044400,1.1653,1.16615,1.1645,1.16485,10009
2025-10-21 12:00,1761048000,1.16485,1.16525,1.1637,1.16465,11973
2025-10-21 13:00,1761051600,1.16465,1.16525,1.16385,1.1648,15366
2025-10-21 14:00,1761055200,1.16485,1.16535,1.16335,1.164,15960
2025-10-21 15:00,1761058800,1.16395,1.16525,1.16395,1.16505,11037
2025-10-21 16:00,1761062400,1.1651,1.166,1.1644,1.1645,12445
2025-10-21 17:00,1761066000,1.1645,1.16455,1.16375,1.16395,6344
2025-10-21 18:00,1761069600,1.164,1.16445,1.16395,1.1641,3301
2025-10-21 19:00,1761073200,1.1641,1.16435,1.16355,1.1637,3214
2025-10-21 20:00,1761076800,1.1636,1.16385,1.16345,1.16345,2387
2025-10-21 22:00,1761084000,1.16395,1.16395,1.16345,1.1635,0
2025-10-21 23:00,1761087600,1.16355,1.16365,1.16335,1.16345,2228
2025-10-22 00:00,1761091200,1.16345,1.16425,1.16345,1.16395,4519
2025-10-22 01:00,1761094800,1.16395,1.1644,1.1636,1.164,2970
2025-10-22 02:00,1761098400,1.16395,1.1646,1.16395,1.16435,1739
2025-10-22 03:00,1761102000,1.1643,1.1644,1.1639,1.16425,657
2025-10-22 04:00,1761105600,1.16425,1.16445,1.16395,1.1644,643
2025-10-22 05:00,1761109200,1.1644,1.16505,1.1644,1.16485,2549
2025-10-22 06:00,1761112800,1.1649,1.16495,1.1639,1.16445,8953
2025-10-22 07:00,1761116400,1.1645,1.16475,1.1635,1.1635,8877
2025-10-22 08:00,1761120000,1.16355,1.1636,1.1626,1.16325,8654
2025-10-22 09:00,1761123600,1.16325,1.1637,1.16275,1.16295,3947
2025-10-22 10:00,1761127200,1.16295,1.1632,1.16175,1.1621,5307
2025-10-22 11:00,1761130800,1.16205,1.1624,1.16175,1.16175,6585
2025-10-22 12:00,1761134400,1.16175,1.16265,1.1612,1.16175,12229
2025-10-22 13:00,1761138000,1.1618,1.1633,1.1617,1.16295,13591
2025-10-22 14:00,1761141600,1.163,1.16465,1.1627,1.1646,15371
2025-10-22 15:00,1761145200,1.1646,1.1652,1.1644,1.16465,13885
2025-10-22 16:00,1761148800,1.16465,1.16575,1.16455,1.1654,9317
2025-10-22 17:00,1761152400,1.16545,1.16555,1.16475,1.165,5563
2025-10-22 18:00,1761156000,1.16495,1.16505,1.16425,1.1644,4677
2025-10-22 19:00,1761159600,1.16445,1.16465,1.16395,1.1641,4407
2025-10-22 20:00,1761163200,1.1641,1.1646,1.16405,1.1645,2282
2025-10-22 22:00,1761170400,1.1645,1.16475,1.16435,1.1645,0
2025-10-22 23:00,1761174000,1.16455,1.16455,1.16395,1.164,832
2025-10-23 00:00,1761177600,1.16395,1.164,1.16305,1.1637,2343
2025-10-23 01:00,1761181200,1.1637,1.16385,1.16305,1.1631,1283
2025-10-23 02:00,1761184800,1.163,1.1632,1.1628,1.16295,922
2025-10-23 03:00,1761188400,1.16295,1.1631,1.1625,1.16255,1088
2025-10-23 04:00,1761192000,1.16245,1.1632,1.1624,1.16315,1185
2025-10-23 05:00,1761195600,1.16315,1.1637,1.163,1.1634,2615
2025-10-23 06:00,1761199200,1.1634,1.16365,1.1624,1.16275,6886
2025-10-23 07:00,1761202800,1.1627,1.16345,1.16235,1.1633,7329
2025-10-23 08:00,1761206400,1.16335,1.1638,1.1626,1.1629,4705
2025-10-23 09:00,1761210000,1.16285,1.1633,1.1626,1.16265,3475
2025-10-23 10:00,1761213600,1.1626,1.1627,1.1618,1.1621,4050
2025-10-23 11:00,1761217200,1.16205,1.16255,1.1618,1.16205,4203
2025-10-23 12:00,1761220800,1.16205,1.16395,1.16195,1.16335,9182
2025-10-23 13:00,1761224400,1.16335,1.16435,1.16315,1.164,10135
2025-10-23 14:00,1761228000,1.164,1.1653,1.1639,1.16465,14568
2025-10-23 15:00,1761231600,1.1646,1.1649,1.16395,1.16445,11702
2025-10-23 16:00,1761235200,1.1645,1.1649,1.1639,1.164,5326
2025-10-23 17:00,1761238800,1.16395,1.1645,1.1637,1.16445,5515
2025-10-23 18:00,1761242400,1.16445,1.16505,1.16425,1.165,4298
2025-10-23 19:00,1761246000,1.165,1.1653,1.1648,1.1649,2734
2025-10-23 20:00,1761249600,1.1649,1.16525,1.16465,1.16515,1400
2025-10-23 22:00,1761256800,1.16505,1.1654,1.165,1.16505,0
2025-10-23 23:00,1761260400,1.165,1.1651,1.1647,1.16495,764
2025-10-24 00:00,1761264000,1.16495,1.1654,1.1649,1.165,1400
2025-10-24 01:00,1761267600,1.16505,1.16505,1.1641,1.16415,1655
2025-10-24 02:00,1761271200,1.16415,1.16445,1.16395,1.164,1750
2025-10-24 03:00,1761274800,1.164,1.16435,1.1639,1.1642,1150
2025-10-24 04:00,1761278400,1.16395,1.1641,1.16375,1.164,818
2025-10-24 05:00,1761282000,1.16395,1.164,1.16335,1.1638,1425
2025-10-24 06:00,1761285600,1.1638,1.16465,1.16325,1.1646,3928
2025-10-24 07:00,1761289200,1.16455,1.166,1.16325,1.165,13639
2025-10-24 08:00,1761292800,1.1651,1.1656,1.16385,1.16425,7341
2025-10-24 09:00,1761296400,1.1642,1.1645,1.16375,1.1644,4695
2025-10-24 10:00,1761300000,1.16435,1.16485,1.1643,1.1645,4720
2025-10-24 11:00,1761303600,1.16445,1.1648,1.1639,1.1647,6739
2025-10-24 12:00,1761307200,1.16475,1.169,1.1641,1.1666,28371
2025-10-24 13:00,1761310800,1.16665,1.16755,1.16525,1.16595,20444
2025-10-24 14:00,1761314400,1.166,1.16685,1.16505,1.16585,17910
2025-10-24 15:00,1761318000,1.1658,1.16675,1.16535,1.1658,9504
2025-10-24 16:00,1761321600,1.16575,1.166,1.1653,1.1658,4259
2025-10-24 17:00,1761325200,1.16585,1.16645,1.1657,1.166,4751
2025-10-24 18:00,1761328800,1.166,1.16605,1.1657,1.16585,3706
2025-10-24 19:00,1761332400,1.16585,1.16655,1.1658,1.16635,3820
2025-10-24 20:00,1761336000,1.1664,1.16685,1.16535,1.16585,4136
2025-10-26 22:00,1761516000,1.16585,1.1667,1.1657,1.16605,2434
2025-10-26 23:00,1761519600,1.166,1.1664,1.1657,1.1663,2163
2025-10-27 00:00,1761523200,1.16625,1.16695,1.16595,1.16665,2111
2025-10-27 01:00,1761526800,1.16665,1.1679,1.1665,1.16705,2698
2025-10-27 02:00,1761530400,1.16705,1.1671,1.16615,1.16625,1105
2025-10-27 03:00,1761534000,1.16625,1.1664,1.1659,1.1659,1344
2025-10-27 04:00,1761537600,1.16595,1.16595,1.1652,1.1656,1762
2025-10-27 05:00,1761541200,1.1656,1.16585,1.16525,1.16575,1961
2025-10-27 06:00,1761544800,1.1657,1.16635,1.1656,1.16575,3452
2025-10-27 07:00,1761548400,1.1658,1.1659,1.1651,1.16515,4850
2025-10-27 08:00,1761552000,1.1651,1.16645,1.16495,1.166,5707
2025-10-27 09:00,1761555600,1.16605,1.16715,1.1658,1.16695,5712
2025-10-27 10:00,1761559200,1.16695,1.1676,1.1667,1.1673,5482
2025-10-27 11:00,1761562800,1.1673,1.1679,1.1668,1.16785,6682
2025-10-27 12:00,1761566400,1.1678,1.16835,1.16695,1.1673,9601
2025-10-27 13:00,1761570000,1.1673,1.16745,1.16635,1.16675,12316
2025-10-27 14:00,1761573600,1.1668,1.16745,1.1664,1.1673,7402
2025-10-27 15:00,1761577200,1.16725,1.16735,1.16645,1.1667,8176
2025-10-27 16:00,1761580800,1.1667,1.1673,1.1664,1.16705,5691
2025-10-27 17:00,1761584400,1.16705,1.16735,1.16675,1.167,3400
2025-10-27 18:00,1761588000,1.167,1.1684,1.1667,1.16825,12556
2025-10-27 19:00,1761591600,1.16825,1.16825,1.1676,1.16795,5458
2025-10-27 20:00,1761595200,1.1679,1.1681,1.1675,1.1676,3522
2025-10-27 22:00,1761602400,1.16775,1.16815,1.16765,1.1681,0
2025-10-27 23:00,1761606000,1.1681,1.1686,1.1681,1.16825,1024
2025-10-28 00:00,1761609600,1.16825,1.169,1.16775,1.1687,2972
2025-10-28 01:00,1761613200,1.16865,1.16955,1.16865,1.16885,2417
2025-10-28 02:00,1761616800,1.1689,1.16945,1.1685,1.16855,2371
2025-10-28 03:00,1761620400,1.16855,1.1694,1.16855,1.16915,1427
2025-10-28 04:00,1761624000,1.1693,1.1699,1.16925,1.16975,1642
2025-10-28 05:00,1761627600,1.16975,1.16995,1.1694,1.1695,1073
2025-10-28 06:00,1761631200,1.16945,1.16985,1.16865,1.1687,2530
2025-10-28 07:00,1761634800,1.16875,1.1693,1.1682,1.16865,5765
2025-10-28 08:00,1761638400,1.16855,1.1694,1.168,1.16835,8682
2025-10-28 09:00,1761642000,1.16835,1.169,1.16765,1.1688,6107
2025-10-28 10:00,1761645600,1.16885,1.1696,1.1686,1.1695,4330
2025-10-28 11:00,1761649200,1.16955,1.16955,1.16855,1.16905,6073
2025-10-28 12:00,1761652800,1.16905,1.16915,1.1666,1.16715,13860
2025-10-28 13:00,1761656400,1.1672,1.1672,1.1656,1.16705,18618
2025-10-28 14:00,1761660000,1.16705,1.1695,1.1668,1.1692,16667
2025-10-28 15:00,1761663600,1.1692,1.16985,1.16865,1.169,17661
2025-10-28 16:00,1761667200,1.169,1.16995,1.16845,1.1699,16533
2025-10-28 17:00,1761670800,1.1699,1.17005,1.16905,1.16945,6457
2025-10-28 18:00,1761674400,1.16945,1.1695,1.16875,1.16935,4637
2025-10-28 19:00,1761678000,1.16935,1.16965,1.1683,1.16835,4726
2025-10-28 20:00,1761681600,1.16835,1.16885,1.16815,1.1682,2074
2025-10-28 22:00,1761688800,1.16835,1.16845,1.168,1.16805,0
2025-10-28 23:00,1761692400,1.16815,1.16875,1.16785,1.16875,1012
2025-10-29 00:00,1761696000,1.16875,1.1691,1.16835,1.16845,4857
2025-10-29 01:00,1761699600,1.1685,1.1686,1.1677,1.1678,2311
2025-10-29 02:00,1761703200,1.16775,1.16785,1.1672,1.1677,1229
2025-10-29 03:00,1761706800,1.16775,1.16775,1.16675,1.1668,1203
2025-10-29 04:00,1761710400,1.16665,1.16675,1.1662,1.1664,1955
2025-10-29 05:00,1761714000,1.1664,1.16655,1.1657,1.16615,3317
2025-10-29 06:00,1761717600,1.1662,1.1663,1.1655,1.166,4973
2025-10-29 07:00,1761721200,1.16605,1.16685,1.1659,1.1663,6394
2025-10-29 08:00,1761724800,1.1663,1.16645,1.16535,1.1654,8491
2025-10-29 09:00,1761728400,1.16535,1.16775,1.1649,1.1672,8208
2025-10-29 10:00,1761732000,1.16715,1.16795,1.16675,1.1678,4381
2025-10-29 11:00,1761735600,1.1678,1.1679,1.16635,1.16705,8287
2025-10-29 12:00,1761739200,1.16705,1.1676,1.1658,1.16645,11024
2025-10-29 13:00,1761742800,1.1665,1.16765,1.16645,1.16675,11572
2025-10-29 14:00,1761746400,1.1668,1.1682,1.1662,1.1681,10785
2025-10-29 15:00,1761750000,1.16815,1.16955,1.16755,1.16945,20103
2025-10-29 16:00,1761753600,1.1694,1.16965,1.1686,1.1688,9925
2025-10-29 17:00,1761757200,1.1688,1.16895,1.1676,1.16775,8122
2025-10-29 18:00,1761760800,1.16765,1.16825,1.16145,1.1625,59670
2025-10-29 19:00,1761764400,1.1625,1.1631,1.16085,1.16305,25909
2025-10-29 20:00,1761768000,1.163,1.1639,1.16215,1.1632,4112
2025-10-29 22:00,1761775200,1.16315,1.1634,1.16285,1.1632,0
2025-10-29 23:00,1761778800,1.1632,1.16335,1.16295,1.16315,1227
2025-10-30 00:00,1761782400,1.1631,1.1644,1.16255,1.164,2964
2025-10-30 01:00,1761786000,1.1641,1.16435,1.1637,1.16425,2430
2025-10-30 02:00,1761789600,1.16425,1.16485,1.1641,1.1646,1871
2025-10-30 03:00,1761793200,1.16465,1.16485,1.1635,1.16435,2611
2025-10-30 04:00,1761796800,1.1646,1.1666,1.16445,1.1661,6063
2025-10-30 05:00,1761800400,1.16605,1.1663,1.16525,1.1653,3702
2025-10-30 06:00,1761804000,1.16525,1.1659,1.16465,1.1648,6689
2025-10-30 07:00,1761807600,1.1648,1.16515,1.1638,1.16475,6108
2025-10-30 08:00,1761811200,1.16475,1.1649,1.16355,1.1646,8768
2025-10-30 09:00,1761814800,1.16455,1.1657,1.1643,1.1645,5670
2025-10-30 10:00,1761818400,1.16455,1.16485,1.16345,1.16355,4650
2025-10-30 11:00,1761822000,1.1635,1.164,1.16245,1.16265,7692
2025-10-30 12:00,1761825600,1.16265,1.16275,1.158,1.15835,27264
2025-10-30 13:00,1761829200,1.1583,1.1608,1.1575,1.1608,38677
2025-10-30 14:00,1761832800,1.16075,1.1615,1.1596,1.1602,18121
2025-10-30 15:00,1761836400,1.1625,1.1625,1.15885,1.1592,15000
2025-10-30 16:00,1761840000,1.1592,1.16,1.15875,1.15975,10081
2025-10-30 17:00,1761843600,1.1598,1.1598,1.15885,1.15945,6427
2025-10-30 18:00,1761847200,1.15945,1.15985,1.15925,1.15965,6566
2025-10-30 19:00,1761850800,1.1596,1.16,1.15905,1.15925,6104
2025-10-30 20:00,1761854400,1.15925,1.1601,1.1591,1.15935,2652
2025-10-30 22:00,1761861600,1.15955,1.15975,1.15935,1.1596,0
2025-10-30 23:00,1761865200,1.1596,1.1601,1.15935,1.15995,1008
2025-10-31 00:00,1761868800,1.15995,1.16045,1.1598,1.16015,2497
2025-10-31 01:00,1761872400,1.1602,1.16055,1.15945,1.1595,1412
2025-10-31 02:00,1761876000,1.15955,1.1602,1.15925,1.15955,1112
2025-10-31 03:00,1761879600,1.15955,1.15985,1.1593,1.1594,697
2025-10-31 04:00,1761883200,1.1597,1.1601,1.15965,1.16,961
2025-10-31 05:00,1761886800,1.15995,1.16,1.1594,1.1596,607
2025-10-31 06:00,1761890400,1.15955,1.1601,1.15885,1.1589,4037
2025-10-31 07:00,1761894000,1.1589,1.15935,1.15825,1.15925,5954
2025-10-31 08:00,1761897600,1.15925,1.1599,1.15875,1.15985,5746
2025-10-31 09:00,1761901200,1.1598,1.16045,1.15935,1.16035,5433
2025-10-31 10:00,1761904800,1.16035,1.1604,1.1595,1.15985,3781
2025-10-31 11:00,1761908400,1.1599,1.1602,1.15855,1.15945,6860
2025-10-31 12:00,1761912000,1.1594,1.15945,1.1581,1.15835,12608
2025-10-31 13:00,1761915600,1.1583,1.1584,1.15575,1.15665,20517
2025-10-31 14:00,1761919200,1.15665,1.15705,1.1549,1.15615,21787
2025-10-31 15:00,1761922800,1.1562,1.15705,1.1551,1.15685,23076
2025-10-31 16:00,1761926400,1.1568,1.1571,1.15555,1.1558,15730
2025-10-31 17:00,1761930000,1.1558,1.15585,1.155,1.15515,10950
2025-10-31 18:00,1761933600,1.15515,1.15545,1.1549,1.15525,6899
2025-10-31 19:00,1761937200,1.1553,1.1559,1.15505,1.15535,5168
2025-10-31 20:00,1761940800,1.15525,1.1567,1.1552,1.1552,5746
2025-11-03 00:00,1762128000,1.1552,1.15565,1.1551,1.1553,1327
2025-11-03 01:00,1762131600,1.15525,1.1556,1.1548,1.1554,1664
2025-11-03 02:00,1762135200,1.1554,1.1561,1.1553,1.15585,2064
2025-11-03 03:00,1762138800,1.15585,1.1561,1.15565,1.15605,794
2025-11-03 04:00,1762142400,1.15605,1.1564,1.15585,1.156,1129
2025-11-03 05:00,1762146000,1.15605,1.15645,1.15595,1.1562,1220
2025-11-03 06:00,1762149600,1.15615,1.1568,1.1561,1.15645,2591
2025-11-03 07:00,1762153200,1.1564,1.1568,1.15595,1.15665,7823
2025-11-03 08:00,1762156800,1.15665,1.1567,1.1536,1.154,11000
2025-11-03 09:00,1762160400,1.154,1.15475,1.15375,1.1541,6773
2025-11-03 10:00,1762164000,1.1541,1.15465,1.1535,1.1542,7008
2025-11-03 11:00,1762167600,1.15415,1.1547,1.1539,1.1542,4888
2025-11-03 12:00,1762171200,1.1542,1.15495,1.1541,1.15445,4020
2025-11-03 13:00,1762174800,1.1544,1.15445,1.15325,1.15375,9697
2025-11-03 14:00,1762178400,1.1538,1.154,1.1532,1.15375,9964
2025-11-03 15:00,1762182000,1.15375,1.1552,1.1533,1.1552,21249
2025-11-03 16:00,1762185600,1.15515,1.1559,1.15485,1.15575,13260
2025-11-03 17:00,1762189200,1.15575,1.15645,1.15535,1.15545,9999
2025-11-03 18:00,1762192800,1.15545,1.1558,1.15475,1.155,4163
2025-11-03 19:00,1762196400,1.155,1.15525,1.15435,1.1546,7779
2025-11-03 20:00,1762200000,1.1546,1.155,1.15445,1.15465,2660
2025-11-03 21:00,1762203600,1.1546,1.1548,1.1543,1.15465,3815
2025-11-03 23:00,1762210800,1.1548,1.1548,1.1545,1.15455,0
2025-11-04 00:00,1762214400,1.1545,1.1545,1.1532,1.1535,3713
2025-11-04 01:00,1762218000,1.15345,1.15365,1.15245,1.1536,3288
2025-11-04 02:00,1762221600,1.1536,1.15375,1.1531,1.15375,1506
2025-11-04 03:00,1762225200,1.1537,1.1544,1.15365,1.154,1663
2025-11-04 04:00,1762228800,1.154,1.1544,1.1536,1.1536,1095
2025-11-04 05:00,1762232400,1.1535,1.154,1.1534,1.15385,1913
2025-11-04 06:00,1762236000,1.1539,1.15525,1.1538,1.1549,4749
2025-11-04 07:00,1762239600,1.15495,1.156,1.1549,1.15535,4704
2025-11-04 08:00,1762243200,1.15535,1.1555,1.154,1.154,9274
2025-11-04 09:00,1762246800,1.15405,1.1544,1.1526,1.15275,6841
2025-11-04 10:00,1762250400,1.15275,1.1536,1.15255,1.15305,4856
2025-11-04 11:00,1762254000,1.15305,1.1532,1.1515,1.1516,6874
2025-11-04 12:00,1762257600,1.1516,1.1519,1.15025,1.15155,15672
2025-11-04 13:00,1762261200,1.1515,1.1523,1.1514,1.1518,8696
2025-11-04 14:00,1762264800,1.15175,1.1521,1.1499,1.1507,18751
2025-11-04 15:00,1762268400,1.1507,1.1519,1.1501,1.15175,11150
2025-11-04 16:00,1762272000,1.15175,1.1523,1.15135,1.15155,9285
2025-11-04 17:00,1762275600,1.1516,1.15165,1.15095,1.151,5508
2025-11-04 18:00,1762279200,1.151,1.15125,1.1507,1.151,3641
2025-11-04 19:00,1762282800,1.15095,1.1513,1.15045,1.15055,4800
2025-11-04 20:00,1762286400,1.15055,1.15095,1.15015,1.1506,4928
2025-11-04 21:00,1762290000,1.1506,1.1509,1.1505,1.15075,2372
2025-11-04 23:00,1762297200,1.1509,1.1511,1.1508,1.15105,0
2025-11-05 00:00,1762300800,1.151,1.15105,1.1506,1.1509,2340
2025-11-05 01:00,1762304400,1.15095,1.1523,1.15055,1.1515,4023
2025-11-05 02:00,1762308000,1.1515,1.15175,1.151,1.1514,1381
2025-11-05 03:00,1762311600,1.15135,1.15175,1.1511,1.1514,1538
2025-11-05 04:00,1762315200,1.1514,1.1517,1.1513,1.15165,822
2025-11-05 05:00,1762318800,1.1515,1.15195,1.1515,1.1517,1444
2025-11-05 06:00,1762322400,1.1517,1.15195,1.1512,1.15135,1762
2025-11-05 07:00,1762326000,1.1513,1.1516,1.1509,1.15125,3542
2025-11-05 08:00,1762329600,1.15125,1.1521,1.1511,1.15145,5735
2025-11-05 09:00,1762333200,1.1514,1.1518,1.1507,1.151,4763
2025-11-05 10:00,1762336800,1.151,1.15105,1.15015,1.1508,5156
2025-11-05 11:00,1762340400,1.15085,1.15145,1.1504,1.15135,3652
2025-11-05 12:00,1762344000,1.1514,1.1518,1.1512,1.15165,4004
2025-11-05 13:00,1762347600,1.1516,1.1519,1.1498,1.14995,10538
2025-11-05 14:00,1762351200,1.1499,1.15185,1.14935,1.15125,12518
2025-11-05 15:00,1762354800,1.1512,1.15125,1.1488,1.1504,16233
2025-11-05 16:00,1762358400,1.15045,1.1511,1.1495,1.15095,8800
2025-11-05 17:00,1762362000,1.15095,1.15115,1.15015,1.15055,5102
2025-11-05 18:00,1762365600,1.1506,1.1509,1.15045,1.1507,4267
2025-11-05 19:00,1762369200,1.1507,1.1513,1.1506,1.1511,3968
2025-11-05 20:00,1762372800,1.15115,1.15175,1.15115,1.1514,5333
2025-11-05 21:00,1762376400,1.1514,1.152,1.1513,1.15175,2261
2025-11-05 23:00,1762383600,1.15175,1.15205,1.15145,1.1519,0
2025-11-06 00:00,1762387200,1.15185,1.15255,1.1517,1.15245,1744
2025-11-06 01:00,1762390800,1.15245,1.15325,1.15245,1.15305,1807
2025-11-06 02:00,1762394400,1.15305,1.1532,1.15265,1.1529,1214
2025-11-06 03:00,1762398000,1.15285,1.15315,1.1527,1.15305,1253
2025-11-06 04:00,1762401600,1.15305,1.1532,1.15275,1.15305,752
2025-11-06 05:00,1762405200,1.1528,1.1534,1.1528,1.15335,2327
2025-11-06 06:00,1762408800,1.1533,1.1538,1.1529,1.15305,2495
2025-11-06 07:00,1762412400,1.1531,1.1537,1.153,1.15315,4876
2025-11-06 08:00,1762416000,1.15315,1.1547,1.1529,1.15445,9860
2025-11-06 09:00,1762419600,1.1545,1.15475,1.15345,1.15365,6027
2025-11-06 10:00,1762423200,1.15365,1.1541,1.15335,1.15335,3721
2025-11-06 11:00,1762426800,1.15335,1.1544,1.15335,1.15435,2719
2025-11-06 12:00,1762430400,1.1543,1.1556,1.15375,1.15545,11748
2025-11-06 13:00,1762434000,1.15545,1.15675,1.15525,1.15595,14787
2025-11-06 14:00,1762437600,1.15595,1.1561,1.15435,1.15435,11089
2025-11-06 15:00,1762441200,1.15435,1.1566,1.15425,1.1563,16422
2025-11-06 16:00,1762444800,1.1563,1.1565,1.1555,1.15615,13148
2025-11-06 17:00,1762448400,1.1561,1.1566,1.15535,1.1564,10223
2025-11-06 18:00,1762452000,1.1564,1.15735,1.15625,1.1571,5722
2025-11-06 19:00,1762455600,1.15705,1.1576,1.15655,1.15675,7715
2025-11-06 20:00,1762459200,1.1568,1.15725,1.15665,1.1571,4757
2025-11-06 21:00,1762462800,1.1571,1.15725,1.1568,1.15705,3342
2025-11-06 23:00,1762470000,1.1568,1.1574,1.1568,1.15705,0
2025-11-07 00:00,1762473600,1.1571,1.1571,1.156,1.1562,2560
2025-11-07 01:00,1762477200,1.15615,1.1564,1.15585,1.156,2103
2025-11-07 02:00,1762480800,1.15605,1.15655,1.156,1.1562,875
2025-11-07 03:00,1762484400,1.1563,1.15635,1.15575,1.156,1009
2025-11-07 04:00,1762488000,1.156,1.156,1.15545,1.1559,1862
2025-11-07 05:00,1762491600,1.1557,1.1561,1.1555,1.1556,620
2025-11-07 06:00,1762495200,1.15565,1.15585,1.15515,1.15535,2271
2025-11-07 07:00,1762498800,1.15535,1.15585,1.1553,1.1555,3719
2025-11-07 08:00,1762502400,1.1555,1.15625,1.1552,1.1557,4899
2025-11-07 09:00,1762506000,1.1557,1.15645,1.15565,1.15605,3320
2025-11-07 10:00,1762509600,1.156,1.15745,1.156,1.15725,4052
2025-11-07 11:00,1762513200,1.1572,1.1583,1.15715,1.15805,6274
2025-11-07 12:00,1762516800,1.158,1.15875,1.1576,1.1578,9547
2025-11-07 13:00,1762520400,1.15785,1.15925,1.1578,1.159,10336
2025-11-07 14:00,1762524000,1.159,1.1601,1.1588,1.15955,14326
2025-11-07 15:00,1762527600,1.15955,1.1613,1.15935,1.1594,31122
2025-11-07 16:00,1762531200,1.1594,1.16045,1.15935,1.16,9333
2025-11-07 17:00,1762534800,1.16,1.16045,1.1594,1.1603,7039
2025-11-07 18:00,1762538400,1.1603,1.1606,1.159,1.1591,7146
2025-11-07 19:00,1762542000,1.15905,1.15955,1.1578,1.1582,8547
2025-11-07 20:00,1762545600,1.15815,1.15895,1.15795,1.15865,5578
2025-11-07 21:00,1762549200,1.15865,1.1589,1.1581,1.15815,2543
2025-11-09 23:00,1762729200,1.1571,1.15815,1.1564,1.15655,2815
2025-11-10 00:00,1762732800,1.1566,1.15825,1.15655,1.15765,4350
2025-11-10 01:00,1762736400,1.1577,1.15825,1.1569,1.158,2182
2025-11-10 02:00,1762740000,1.15805,1.1583,1.15765,1.158,1277
2025-11-10 03:00,1762743600,1.158,1.15805,1.15735,1.15765,1093
2025-11-10 04:00,1762747200,1.1577,1.1585,1.1577,1.15835,894
2025-11-10 05:00,1762750800,1.15835,1.15885,1.15805,1.1584,973
2025-11-10 06:00,1762754400,1.15845,1.1587,1.1574,1.1576,1903
2025-11-10 07:00,1762758000,1.15765,1.15945,1.1576,1.159,5118
2025-11-10 08:00,1762761600,1.15895,1.16055,1.1587,1.1594,8641
2025-11-10 09:00,1762765200,1.1595,1.1596,1.15865,1.159,4047
2025-11-10 10:00,1762768800,1.159,1.15935,1.1583,1.1585,3377
2025-11-10 11:00,1762772400,1.15845,1.15865,1.1576,1.15855,5919
2025-11-10 12:00,1762776000,1.1585,1.15975,1.1585,1.15905,6701
2025-11-10 13:00,1762779600,1.15905,1.16005,1.15895,1.1591,6718
2025-11-10 14:00,1762783200,1.15905,1.15905,1.15815,1.1587,7386
2025-11-10 15:00,1762786800,1.1587,1.15895,1.15675,1.15675,14208
2025-11-10 16:00,1762790400,1.15675,1.15775,1.1565,1.1567,9054
2025-11-10 17:00,1762794000,1.15675,1.15835,1.15635,1.1583,9067
2025-11-10 18:00,1762797600,1.1583,1.1587,1.15805,1.15805,4188
2025-11-10 19:00,1762801200,1.1581,1.15855,1.15805,1.15835,4391
2025-11-10 20:00,1762804800,1.1583,1.15875,1.1583,1.1586,2746
2025-11-10 21:00,1762808400,1.15865,1.15865,1.15775,1.158,1542
2025-11-10 23:00,1762815600,1.158,1.1582,1.1578,1.15785,0
2025-11-11 00:00,1762819200,1.15785,1.1581,1.15735,1.1574,1508
2025-11-11 01:00,1762822800,1.1574,1.15765,1.1569,1.15765,1905
2025-11-11 02:00,1762826400,1.15765,1.1579,1.15735,1.1575,801
2025-11-11 03:00,1762830000,1.1575,1.158,1.1575,1.1578,624
2025-11-11 04:00,1762833600,1.15785,1.1581,1.1577,1.1579,617
2025-11-11 05:00,1762837200,1.158,1.15865,1.158,1.15835,1145
2025-11-11 06:00,1762840800,1.15835,1.15845,1.1572,1.1574,2980
2025-11-11 07:00,1762844400,1.1574,1.1583,1.15715,1.1582,5911
2025-11-11 08:00,1762848000,1.15825,1.15905,1.1576,1.15765,8459
2025-11-11 09:00,1762851600,1.1576,1.159,1.1575,1.15865,5558
2025-11-11 10:00,1762855200,1.15865,1.15965,1.15845,1.15945,4610
2025-11-11 11:00,1762858800,1.1595,1.15995,1.15915,1.15935,5238
2025-11-11 12:00,1762862400,1.15935,1.1599,1.159,1.1592,6809
2025-11-11 13:00,1762866000,1.15925,1.16275,1.1592,1.16225,24460
2025-11-11 14:00,1762869600,1.1623,1.1627,1.16155,1.16225,12393
2025-11-11 15:00,1762873200,1.16225,1.1625,1.1613,1.1617,9560
2025-11-11 16:00,1762876800,1.1617,1.16215,1.16125,1.1615,8159
2025-11-11 17:00,1762880400,1.1615,1.1621,1.16125,1.1617,2932
2025-11-11 18:00,1762884000,1.16165,1.16175,1.1613,1.16145,3541
2025-11-11 19:00,1762887600,1.1614,1.1615,1.1605,1.16065,5075
2025-11-11 20:00,1762891200,1.16065,1.1611,1.1605,1.1605,4474
2025-11-11 21:00,1762894800,1.1605,1.16075,1.16025,1.1604,2587
2025-11-11 23:00,1762902000,1.1605,1.1608,1.1603,1.16075,0
2025-11-12 00:00,1762905600,1.16075,1.1608,1.16,1.16005,1714
2025-11-12 01:00,1762909200,1.16005,1.1603,1.15955,1.15965,2996
2025-11-12 02:00,1762912800,1.15965,1.16005,1.1596,1.16,1269
2025-11-12 03:00,1762916400,1.16,1.16025,1.1597,1.1599,1063
2025-11-12 04:00,1762920000,1.15985,1.15995,1.15915,1.15925,1321
2025-11-12 05:00,1762923600,1.15945,1.16,1.15945,1.15975,2439
2025-11-12 06:00,1762927200,1.1597,1.16035,1.1596,1.1603,1302
2025-11-12 07:00,1762930800,1.16035,1.16095,1.1602,1.1605,3425
2025-11-12 08:00,1762934400,1.1605,1.1609,1.1598,1.15985,7600
2025-11-12 09:00,1762938000,1.15985,1.16015,1.15895,1.1591,7116
2025-11-12 10:00,1762941600,1.1591,1.15965,1.15865,1.1591,5287
2025-11-12 11:00,1762945200,1.1592,1.1599,1.1587,1.1599,3890
2025-11-12 12:00,1762948800,1.15985,1.16015,1.15925,1.1598,8026
2025-11-12 13:00,1762952400,1.15985,1.1601,1.15865,1.1593,8144
2025-11-12 14:00,1762956000,1.1593,1.1597,1.1584,1.15965,11539
2025-11-12 15:00,1762959600,1.15965,1.1617,1.15945,1.16155,18005
2025-11-12 16:00,1762963200,1.1615,1.1619,1.16095,1.16125,9210
2025-11-12 17:00,1762966800,1.16125,1.1618,1.16125,1.1614,5687
2025-11-12 18:00,1762970400,1.1614,1.1616,1.161,1.16105,3911
2025-11-12 19:00,1762974000,1.16105,1.16115,1.16055,1.16075,5263
2025-11-12 20:00,1762977600,1.1608,1.1612,1.16065,1.16105,4305
2025-11-12 21:00,1762981200,1.16105,1.1615,1.1606,1.1614,3680
2025-11-12 23:00,1762988400,1.1612,1.16145,1.16095,1.16105,0
2025-11-13 00:00,1762992000,1.1611,1.1611,1.15995,1.16,3388
2025-11-13 01:00,1762995600,1.16,1.1609,1.15985,1.16085,2045
2025-11-13 02:00,1762999200,1.1609,1.1612,1.1605,1.1609,1193
2025-11-13 03:00,1763002800,1.1609,1.1611,1.16065,1.1609,712
2025-11-13 04:00,1763006400,1.1609,1.1611,1.16065,1.16095,789
2025-11-13 05:00,1763010000,1.16075,1.1608,1.15995,1.16015,896
2025-11-13 06:00,1763013600,1.1601,1.1605,1.16005,1.1605,1565
2025-11-13 07:00,1763017200,1.16045,1.16315,1.1602,1.16305,7303
2025-11-13 08:00,1763020800,1.16305,1.1649,1.163,1.16475,11977
2025-11-13 09:00,1763024400,1.1648,1.16545,1.163,1.1636,12753
2025-11-13 10:00,1763028000,1.1636,1.16425,1.16305,1.16355,6485
2025-11-13 11:00,1763031600,1.1635,1.164,1.16245,1.1626,5573
2025-11-13 12:00,1763035200,1.1626,1.16425,1.16255,1.1642,5270
2025-11-13 13:00,1763038800,1.16425,1.16445,1.1631,1.16395,8050
2025-11-13 14:00,1763042400,1.164,1.1651,1.16365,1.16475,11869
2025-11-13 15:00,1763046000,1.1647,1.1663,1.16425,1.16595,13914
2025-11-13 16:00,1763049600,1.16585,1.16685,1.1656,1.16685,14633
2025-11-13 17:00,1763053200,1.1668,1.1676,1.16655,1.1671,13799
2025-11-13 18:00,1763056800,1.16705,1.16715,1.16565,1.1658,8363
2025-11-13 19:00,1763060400,1.16575,1.1661,1.16545,1.1655,6072
2025-11-13 20:00,1763064000,1.1655,1.1659,1.1652,1.16525,5222
2025-11-13 21:00,1763067600,1.16525,1.16575,1.165,1.16535,3339
2025-11-13 23:00,1763074800,1.16535,1.1657,1.1642,1.1649,0
2025-11-14 00:00,1763078400,1.16485,1.16525,1.1646,1.16515,2505
2025-11-14 01:00,1763082000,1.16515,1.1658,1.16485,1.16525,3341
2025-11-14 02:00,1763085600,1.1652,1.16565,1.1649,1.1655,1807
2025-11-14 03:00,1763089200,1.1655,1.1664,1.1654,1.1657,1258
2025-11-14 04:00,1763092800,1.1657,1.1662,1.16565,1.1661,856
2025-11-14 05:00,1763096400,1.16605,1.1667,1.1658,1.16665,1317
2025-11-14 06:00,1763100000,1.16665,1.16675,1.1652,1.16565,2790
2025-11-14 07:00,1763103600,1.1657,1.1665,1.1651,1.16515,5471
2025-11-14 08:00,1763107200,1.1652,1.1656,1.1639,1.16485,16145
2025-11-14 09:00,1763110800,1.1648,1.165,1.16395,1.16405,6297
2025-11-14 10:00,1763114400,1.16405,1.16405,1.16315,1.16325,7489
2025-11-14 11:00,1763118000,1.1632,1.16385,1.1628,1.1638,6202
2025-11-14 12:00,1763121600,1.1638,1.16715,1.1636,1.16715,13597
2025-11-14 13:00,1763125200,1.1672,1.16725,1.1653,1.16565,14940
2025-11-14 14:00,1763128800,1.16565,1.16575,1.164,1.1642,17205
2025-11-14 15:00,1763132400,1.16415,1.1644,1.1625,1.16315,18435
2025-11-14 16:00,1763136000,1.1632,1.16415,1.1629,1.16355,9138
2025-11-14 17:00,1763139600,1.16355,1.16365,1.16265,1.16325,6058
2025-11-14 18:00,1763143200,1.1633,1.1637,1.16285,1.1635,6033
2025-11-14 19:00,1763146800,1.16355,1.16385,1.16345,1.16365,4018
2025-11-14 20:00,1763150400,1.1637,1.1642,1.1636,1.1639,6036
2025-11-14 21:00,1763154000,1.16395,1.16425,1.16365,1.1637,2227
2025-11-16 23:00,1763334000,1.16415,1.16415,1.16295,1.1633,2017
2025-11-17 00:00,1763337600,1.1633,1.1633,1.1623,1.16245,6206
2025-11-17 01:00,1763341200,1.1624,1.16285,1.16235,1.16245,3475
2025-11-17 02:00,1763344800,1.16245,1.1625,1.16195,1.162,2858
2025-11-17 03:00,1763348400,1.162,1.162,1.1614,1.1617,2828
2025-11-17 04:00,1763352000,1.1617,1.1621,1.16155,1.1621,1071
2025-11-17 05:00,1763355600,1.1621,1.1623,1.16175,1.16185,1112
2025-11-17 06:00,1763359200,1.16185,1.16265,1.1613,1.16255,3650
2025-11-17 07:00,1763362800,1.16255,1.1633,1.16245,1.16315,3487
2025-11-17 08:00,1763366400,1.16315,1.1633,1.1617,1.16215,7257
2025-11-17 09:00,1763370000,1.16215,1.16225,1.1615,1.1619,6662
2025-11-17 10:00,1763373600,1.16195,1.16265,1.1614,1.1615,7058
2025-11-17 11:00,1763377200,1.16145,1.1621,1.16125,1.16195,6959
2025-11-17 12:00,1763380800,1.1619,1.1623,1.1614,1.16165,6656
2025-11-17 13:00,1763384400,1.1617,1.1618,1.16065,1.1609,11530
2025-11-17 14:00,1763388000,1.1609,1.16135,1.1601,1.16035,12850
2025-11-17 15:00,1763391600,1.16035,1.16165,1.15995,1.16155,15772
2025-11-17 16:00,1763395200,1.16155,1.16195,1.16115,1.1615,8188
2025-11-17 17:00,1763398800,1.16155,1.1617,1.16095,1.16115,4957
2025-11-17 18:00,1763402400,1.1612,1.1613,1.1606,1.1609,4097
2025-11-17 19:00,1763406000,1.16085,1.1614,1.16015,1.16025,10055
2025-11-17 20:00,1763409600,1.1602,1.1609,1.1601,1.16065,3703
2025-11-17 21:00,1763413200,1.16065,1.16105,1.16055,1.161,2782
2025-11-17 23:00,1763420400,1.16065,1.1612,1.16065,1.16075,0
2025-11-18 00:00,1763424000,1.1607,1.1607,1.16025,1.16045,1715
2025-11-18 01:00,1763427600,1.16045,1.16105,1.1602,1.1608,2165
2025-11-18 02:00,1763431200,1.1608,1.16115,1.16055,1.16105,1277
2025-11-18 03:00,1763434800,1.16105,1.1613,1.1609,1.161,928
2025-11-18 04:00,1763438400,1.16095,1.1621,1.16065,1.1616,2852
2025-11-18 05:00,1763442000,1.16155,1.16175,1.16125,1.16155,902
2025-11-18 06:00,1763445600,1.1615,1.16185,1.1611,1.16115,1460
2025-11-18 07:00,1763449200,1.1612,1.16175,1.1608,1.16085,3723
2025-11-18 08:00,1763452800,1.16085,1.1624,1.1607,1.16095,7913
2025-11-18 09:00,1763456400,1.1609,1.1613,1.1605,1.16065,9888
2025-11-18 10:00,1763460000,1.1606,1.16085,1.15965,1.15995,5365
2025-11-18 11:00,1763463600,1.15995,1.1606,1.15975,1.1602,3680
2025-11-18 12:00,1763467200,1.1602,1.16105,1.16005,1.16095,3710
2025-11-18 13:00,1763470800,1.16095,1.16195,1.1606,1.1614,11969
2025-11-18 14:00,1763474400,1.16145,1.162,1.161,1.16175,7374
2025-11-18 15:00,1763478000,1.1618,1.1625,1.1599,1.15995,20365
2025-11-18 16:00,1763481600,1.15995,1.16015,1.15895,1.1596,21440
2025-11-18 17:00,1763485200,1.1596,1.1598,1.15885,1.1593,7937
2025-11-18 18:00,1763488800,1.15925,1.1603,1.15925,1.1599,7331
2025-11-18 19:00,1763492400,1.1599,1.1604,1.15975,1.1603,3881
2025-11-18 20:00,1763496000,1.1603,1.1604,1.1596,1.1598,5830
2025-11-18 21:00,1763499600,1.15975,1.1601,1.15955,1.1598,2427
2025-11-18 23:00,1763506800,1.1597,1.15985,1.15945,1.15965,0
2025-11-19 00:00,1763510400,1.1597,1.1601,1.1595,1.1599,1518
2025-11-19 01:00,1763514000,1.1599,1.16015,1.1593,1.15935,3277
2025-11-19 02:00,1763517600,1.15935,1.15985,1.15895,1.15955,3133
2025-11-19 03:00,1763521200,1.1595,1.16005,1.15935,1.16,1206
2025-11-19 04:00,1763524800,1.16005,1.16005,1.15945,1.16,755
2025-11-19 05:00,1763528400,1.1601,1.1607,1.15995,1.16055,2663
2025-11-19 06:00,1763532000,1.1606,1.1608,1.1603,1.16035,1598
2025-11-19 07:00,1763535600,1.16035,1.1614,1.1594,1.1598,7918
2025-11-19 08:00,1763539200,1.15985,1.1606,1.15875,1.15905,7580
2025-11-19 09:00,1763542800,1.159,1.1597,1.1582,1.15895,7703
2025-11-19 10:00,1763546400,1.159,1.1594,1.1584,1.1586,10290
2025-11-19 11:00,1763550000,1.15855,1.1604,1.1585,1.16035,9895
2025-11-19 12:00,1763553600,1.1603,1.1606,1.1593,1.15955,6890
2025-11-19 13:00,1763557200,1.1595,1.1608,1.15875,1.159,13261
2025-11-19 14:00,1763560800,1.1589,1.1591,1.1571,1.1572,21760
2025-11-19 15:00,1763564400,1.15715,1.1573,1.15565,1.1563,21296
2025-11-19 16:00,1763568000,1.1563,1.1564,1.1551,1.1556,16336
2025-11-19 17:00,1763571600,1.1556,1.1559,1.1542,1.1549,16167
2025-11-19 18:00,1763575200,1.155,1.1554,1.15455,1.1547,4750
2025-11-19 19:00,1763578800,1.1547,1.1548,1.15345,1.15375,16368
2025-11-19 20:00,1763582400,1.1538,1.1545,1.15365,1.1543,5788
2025-11-19 21:00,1763586000,1.1543,1.1556,1.154,1.15535,5583
2025-11-19 23:00,1763593200,1.1554,1.1557,1.1551,1.1554,0
2025-11-20 00:00,1763596800,1.1554,1.1554,1.15435,1.1549,2896
2025-11-20 01:00,1763600400,1.1549,1.155,1.1537,1.15375,3114
2025-11-20 02:00,1763604000,1.15375,1.15385,1.153,1.15345,2709
2025-11-20 03:00,1763607600,1.15345,1.1537,1.1525,1.15285,2719
2025-11-20 04:00,1763611200,1.15285,1.1535,1.1528,1.15345,1402
2025-11-20 05:00,1763614800,1.15315,1.15335,1.1529,1.15305,1117
2025-11-20 06:00,1763618400,1.1529,1.1538,1.1528,1.15345,3030
2025-11-20 07:00,1763622000,1.1534,1.15375,1.15295,1.15345,5738
2025-11-20 08:00,1763625600,1.1534,1.1538,1.1526,1.1536,7544
2025-11-20 09:00,1763629200,1.15355,1.15425,1.1532,1.1542,4213
2025-11-20 10:00,1763632800,1.15425,1.1544,1.1539,1.1542,6199
2025-11-20 11:00,1763636400,1.15415,1.1542,1.1528,1.1529,7734
2025-11-20 12:00,1763640000,1.15285,1.1531,1.1522,1.1526,10855
2025-11-20 13:00,1763643600,1.15255,1.1555,1.1511,1.15425,36505
2025-11-20 14:00,1763647200,1.1542,1.15645,1.1538,1.15495,25265
2025-11-20 15:00,1763650800,1.155,1.15515,1.1535,1.1542,15707
2025-11-20 16:00,1763654400,1.1542,1.15555,1.1542,1.15485,12916
2025-11-20 17:00,1763658000,1.1549,1.15525,1.15395,1.15435,9912
2025-11-20 18:00,1763661600,1.1543,1.1551,1.15415,1.1551,5629
2025-11-20 19:00,1763665200,1.1551,1.15555,1.15505,1.1553,4762
2025-11-20 20:00,1763668800,1.1553,1.1553,1.15405,1.1541,4893
2025-11-20 21:00,1763672400,1.15405,1.15435,1.1539,1.15415,1911
2025-11-20 23:00,1763679600,1.15415,1.15485,1.15375,1.1548,0
2025-11-21 00:00,1763683200,1.1548,1.155,1.15425,1.15495,1034
2025-11-21 01:00,1763686800,1.1549,1.1552,1.15465,1.15465,981
2025-11-21 02:00,1763690400,1.1547,1.1553,1.15465,1.155,866
2025-11-21 03:00,1763694000,1.155,1.15515,1.1548,1.155,561
2025-11-21 04:00,1763697600,1.15505,1.1556,1.155,1.1552,1191
2025-11-21 05:00,1763701200,1.1555,1.15555,1.1549,1.1549,661
2025-11-21 06:00,1763704800,1.15495,1.15605,1.15495,1.15555,3264
2025-11-21 07:00,1763708400,1.1555,1.15615,1.15525,1.1555,5817
2025-11-21 08:00,1763712000,1.15555,1.15665,1.15485,1.1555,10462
2025-11-21 09:00,1763715600,1.15555,1.1557,1.1539,1.15395,6846
2025-11-21 10:00,1763719200,1.15395,1.15415,1.15265,1.1534,10460
2025-11-21 11:00,1763722800,1.15345,1.1537,1.1519,1.15205,7693
2025-11-21 12:00,1763726400,1.15195,1.154,1.1511,1.1539,37643
2025-11-21 13:00,1763730000,1.15385,1.1541,1.15295,1.15345,11153
2025-11-21 14:00,1763733600,1.15345,1.15375,1.1519,1.1528,16717
2025-11-21 15:00,1763737200,1.1528,1.15375,1.1514,1.1517,19706
2025-11-21 16:00,1763740800,1.15165,1.1519,1.15045,1.15185,18419
2025-11-21 17:00,1763744400,1.1519,1.1527,1.15145,1.15215,10059
2025-11-21 18:00,1763748000,1.1521,1.1522,1.15155,1.1518,5326
2025-11-21 19:00,1763751600,1.15185,1.1532,1.15185,1.1527,4410
2025-11-21 20:00,1763755200,1.1527,1.1532,1.1523,1.1532,5471
2025-11-21 21:00,1763758800,1.15315,1.15345,1.15265,1.15275,3165
2025-11-23 23:00,1763938800,1.15245,1.1525,1.15195,1.15205,3356
2025-11-24 00:00,1763942400,1.15205,1.15215,1.1515,1.152,2807
2025-11-24 01:00,1763946000,1.15205,1.15265,1.1518,1.1524,1625
2025-11-24 02:00,1763949600,1.1524,1.15315,1.1524,1.1529,1201
2025-11-24 03:00,1763953200,1.153,1.15325,1.1527,1.15295,1021
2025-11-24 04:00,1763956800,1.15295,1.15355,1.15295,1.15345,543
2025-11-24 05:00,1763960400,1.1534,1.15415,1.1534,1.1536,2255
2025-11-24 06:00,1763964000,1.1536,1.15405,1.15335,1.1534,1581
2025-11-24 07:00,1763967600,1.1534,1.15355,1.15245,1.15255,5412
2025-11-24 08:00,1763971200,1.15255,1.1548,1.15225,1.15415,8847
2025-11-24 09:00,1763974800,1.1542,1.1548,1.1538,1.1543,5184
2025-11-24 10:00,1763978400,1.1543,1.15555,1.1543,1.1554,7397
2025-11-24 11:00,1763982000,1.15545,1.15605,1.155,1.1559,5231
2025-11-24 12:00,1763985600,1.1559,1.15635,1.15495,1.1561,9630
2025-11-24 13:00,1763989200,1.1561,1.1563,1.1551,1.1552,7726
2025-11-24 14:00,1763992800,1.1552,1.1554,1.15395,1.154,10265
2025-11-24 15:00,1763996400,1.15405,1.15435,1.153,1.1542,12975
2025-11-24 16:00,1764000000,1.15425,1.1544,1.15305,1.1531,8587
2025-11-24 17:00,1764003600,1.1531,1.15335,1.15245,1.15315,8403
2025-11-24 18:00,1764007200,1.15315,1.15415,1.15305,1.1541,4286
2025-11-24 19:00,1764010800,1.15415,1.15425,1.15365,1.15415,8947
2025-11-24 20:00,1764014400,1.15405,1.1542,1.1535,1.1535,5308
2025-11-24 21:00,1764018000,1.1536,1.1537,1.1532,1.15335,1477
2025-11-24 23:00,1764025200,1.15355,1.15365,1.15305,1.1532,0
2025-11-25 00:00,1764028800,1.15325,1.15355,1.1531,1.15355,1756
2025-11-25 01:00,1764032400,1.1535,1.1542,1.1534,1.1538,1312
2025-11-25 02:00,1764036000,1.1538,1.154,1.15345,1.154,739
2025-11-25 03:00,1764039600,1.15405,1.1542,1.1529,1.153,1334
2025-11-25 04:00,1764043200,1.15295,1.15295,1.1526,1.15265,890
2025-11-25 05:00,1764046800,1.15275,1.153,1.15235,1.1529,916
2025-11-25 06:00,1764050400,1.15285,1.15335,1.1527,1.15305,2643
2025-11-25 07:00,1764054000,1.1531,1.1542,1.153,1.15345,4899
2025-11-25 08:00,1764057600,1.1535,1.1546,1.15325,1.1541,8043
2025-11-25 09:00,1764061200,1.15405,1.15485,1.1539,1.1546,6489
2025-11-25 10:00,1764064800,1.15455,1.1553,1.15445,1.15505,6392
2025-11-25 11:00,1764068400,1.15505,1.15505,1.15365,1.15385,5688
2025-11-25 12:00,1764072000,1.15385,1.1569,1.15375,1.15565,18205
2025-11-25 13:00,1764075600,1.1557,1.15785,1.15545,1.15705,24364
2025-11-25 14:00,1764079200,1.15705,1.1584,1.15645,1.1579,20290
2025-11-25 15:00,1764082800,1.15795,1.1596,1.15735,1.15745,25152
2025-11-25 16:00,1764086400,1.15745,1.1584,1.1562,1.1565,15159
2025-11-25 17:00,1764090000,1.1565,1.1596,1.15645,1.1595,28268
2025-11-25 18:00,1764093600,1.15945,1.15985,1.1589,1.1592,12280
2025-11-25 19:00,1764097200,1.15915,1.15975,1.1586,1.1596,6306
2025-11-25 20:00,1764100800,1.15955,1.15965,1.157,1.1577,9141
2025-11-25 21:00,1764104400,1.15765,1.1596,1.15765,1.1596,3615
2025-11-25 23:00,1764111600,1.1582,1.1585,1.1576,1.15765,0
2025-11-26 00:00,1764115200,1.1577,1.15845,1.1575,1.15805,1690
2025-11-26 01:00,1764118800,1.15805,1.1595,1.1577,1.1589,3635
2025-11-26 02:00,1764122400,1.1589,1.1599,1.15865,1.15935,2744
2025-11-26 03:00,1764126000,1.15935,1.1604,1.1593,1.1603,2847
2025-11-26 04:00,1764129600,1.16025,1.1604,1.15945,1.1595,2143
2025-11-26 05:00,1764133200,1.15985,1.1603,1.15945,1.1603,1547
2025-11-26 06:00,1764136800,1.16025,1.16085,1.1596,1.15985,3674
2025-11-26 07:00,1764140400,1.1599,1.16045,1.1587,1.15915,4986
2025-11-26 08:00,1764144000,1.15915,1.1593,1.15775,1.1584,7203
2025-11-26 09:00,1764147600,1.1584,1.15915,1.158,1.15835,6235
2025-11-26 10:00,1764151200,1.1584,1.159,1.15805,1.15855,3933
2025-11-26 11:00,1764154800,1.15855,1.1593,1.15805,1.1586,6961
2025-11-26 12:00,1764158400,1.1586,1.15925,1.1581,1.15845,12983
2025-11-26 13:00,1764162000,1.15845,1.15965,1.15605,1.15645,30467
2025-11-26 14:00,1764165600,1.1564,1.1594,1.15595,1.1591,17559
2025-11-26 15:00,1764169200,1.15905,1.1607,1.159,1.16015,16546
2025-11-26 16:00,1764172800,1.1601,1.16135,1.1601,1.16025,13452
2025-11-26 17:00,1764176400,1.1603,1.1606,1.1597,1.1605,8709
2025-11-26 18:00,1764180000,1.1605,1.1608,1.1601,1.1606,4577
2025-11-26 19:00,1764183600,1.16055,1.16085,1.16025,1.16055,5662
2025-11-26 20:00,1764187200,1.16055,1.16095,1.16045,1.16065,2675
2025-11-26 21:00,1764190800,1.16065,1.16095,1.16055,1.1607,1289
2025-11-26 23:00,1764198000,1.1604,1.16125,1.16035,1.16125,0
2025-11-27 00:00,1764201600,1.1612,1.16155,1.161,1.16125,1999
2025-11-27 01:00,1764205200,1.1612,1.1623,1.1611,1.1619,3721
2025-11-27 02:00,1764208800,1.162,1.16235,1.16105,1.1614,2531
2025-11-27 03:00,1764212400,1.16135,1.16165,1.16105,1.16125,787
2025-11-27 04:00,1764216000,1.1612,1.16155,1.16105,1.16105,705
2025-11-28 14:30,1764340200,1.15845,1.15945,1.158,1.1594,4718
2025-11-28 15:30,1764343800,1.1593,1.1617,1.15885,1.16165,8286
2025-11-28 16:30,1764347400,1.1617,1.1617,1.1602,1.16085,8324
2025-11-28 17:30,1764351000,1.1608,1.1614,1.1602,1.1612,4089
2025-11-28 18:00,1764352800,1.16125,1.1613,1.1605,1.16115,0
2025-11-30 23:00,1764543600,1.16135,1.16165,1.16045,1.1609,2168
2025-12-01 00:00,1764547200,1.161,1.16155,1.1606,1.16115,1539
2025-12-01 01:00,1764550800,1.16115,1.1625,1.16095,1.16135,3580
2025-12-01 02:00,1764554400,1.1614,1.16145,1.16015,1.1603,2537
2025-12-01 03:00,1764558000,1.1603,1.1606,1.15975,1.16055,2469
2025-12-01 04:00,1764561600,1.16055,1.1611,1.1603,1.1608,1033
2025-12-01 05:00,1764565200,1.1607,1.161,1.16035,1.16065,1184
2025-12-01 06:00,1764568800,1.1606,1.16075,1.1599,1.16045,2866
2025-12-01 07:00,1764572400,1.1605,1.16215,1.1604,1.1616,7159
2025-12-01 08:00,1764576000,1.16155,1.1631,1.16125,1.1622,9769
2025-12-01 09:00,1764579600,1.1622,1.1632,1.1622,1.1631,5701
2025-12-01 10:00,1764583200,1.1631,1.1637,1.16275,1.16365,8344
2025-12-01 11:00,1764586800,1.1636,1.1641,1.1633,1.16365,4987
2025-12-01 12:00,1764590400,1.16365,1.1658,1.1635,1.16575,14201
2025-12-01 13:00,1764594000,1.1658,1.16615,1.1648,1.16535,22680
2025-12-01 14:00,1764597600,1.16535,1.1654,1.1639,1.1642,18294
2025-12-01 15:00,1764601200,1.1642,1.1651,1.16315,1.16375,15626
2025-12-01 16:00,1764604800,1.16375,1.1643,1.16295,1.1631,11157
2025-12-01 17:00,1764608400,1.16315,1.16375,1.16265,1.163,6847
2025-12-01 18:00,1764612000,1.16295,1.1632,1.16205,1.1621,6009
2025-12-01 19:00,1764615600,1.162,1.1621,1.16155,1.1617,9320
2025-12-01 20:00,1764619200,1.16175,1.1619,1.1615,1.16185,4542
2025-12-01 21:00,1764622800,1.1618,1.16195,1.16165,1.1618,2416
2025-12-01 23:00,1764630000,1.1617,1.16185,1.16145,1.1615,0
2025-12-02 00:00,1764633600,1.1615,1.16175,1.1612,1.16135,2072
2025-12-02 01:00,1764637200,1.1614,1.16195,1.16115,1.16165,1589
2025-12-02 02:00,1764640800,1.1617,1.162,1.1617,1.16195,848
2025-12-02 03:00,1764644400,1.162,1.16205,1.1617,1.16195,735
2025-12-02 04:00,1764648000,1.16205,1.1622,1.1617,1.16175,826
2025-12-02 05:00,1764651600,1.16165,1.1619,1.1615,1.1618,692
2025-12-02 06:00,1764655200,1.1618,1.16195,1.1613,1.16175,2093
2025-12-02 07:00,1764658800,1.1618,1.1624,1.1617,1.16205,4981
2025-12-02 08:00,1764662400,1.1621,1.16245,1.1617,1.16185,5075
2025-12-02 09:00,1764666000,1.16185,1.1622,1.161,1.16175,5778
2025-12-02 10:00,1764669600,1.16185,1.16205,1.16065,1.16145,5620
2025-12-02 11:00,1764673200,1.16145,1.1621,1.16115,1.162,2971
2025-12-02 12:00,1764676800,1.16195,1.1627,1.16155,1.1626,5676
2025-12-02 13:00,1764680400,1.1626,1.16275,1.1619,1.16255,4779
2025-12-02 14:00,1764684000,1.16255,1.1631,1.1621,1.16255,10023
2025-12-02 15:00,1764687600,1.16255,1.16265,1.16015,1.16145,22133
2025-12-02 16:00,1764691200,1.16135,1.1618,1.1599,1.16035,12665
2025-12-02 17:00,1764694800,1.16035,1.1616,1.1601,1.1615,8442
2025-12-02 18:00,1764698400,1.16155,1.16215,1.1614,1.16165,6052
2025-12-02 19:00,1764702000,1.1617,1.1633,1.16165,1.16285,10679
2025-12-02 20:00,1764705600,1.16285,1.1634,1.1628,1.1632,9354
2025-12-02 21:00,1764709200,1.1632,1.1635,1.16295,1.1633,1822
2025-12-02 23:00,1764716400,1.1633,1.16365,1.16315,1.16355,0
2025-12-03 00:00,1764720000,1.1636,1.16405,1.16355,1.16385,2333
2025-12-03 01:00,1764723600,1.16385,1.16455,1.16385,1.16445,1520
2025-12-03 02:00,1764727200,1.16445,1.16465,1.1643,1.16455,1152
2025-12-03 03:00,1764730800,1.16455,1.1647,1.16445,1.16455,921
2025-12-03 04:00,1764734400,1.16455,1.16495,1.1644,1.1648,725
2025-12-03 05:00,1764738000,1.16505,1.1651,1.16485,1.165,1685
2025-12-03 06:00,1764741600,1.16505,1.16555,1.1649,1.16505,2240
2025-12-03 07:00,1764745200,1.1651,1.16605,1.1647,1.16485,8309
2025-12-03 08:00,1764748800,1.1649,1.1653,1.1643,1.16515,5523
2025-12-03 09:00,1764752400,1.1652,1.16555,1.16475,1.1653,8092
2025-12-03 10:00,1764756000,1.1653,1.1671,1.1652,1.16675,6447
2025-12-03 11:00,1764759600,1.16685,1.16735,1.16625,1.1673,15941
2025-12-03 12:00,1764763200,1.1673,1.16775,1.16695,1.1671,10085
2025-12-03 13:00,1764766800,1.16705,1.16845,1.16695,1.1674,18072
2025-12-03 14:00,1764770400,1.1674,1.1674,1.1663,1.167,30234
2025-12-03 15:00,1764774000,1.16695,1.16755,1.16605,1.16675,21691
2025-12-03 16:00,1764777600,1.16675,1.16735,1.1666,1.1667,12978
2025-12-03 17:00,1764781200,1.1667,1.16785,1.16645,1.1677,9102
2025-12-03 18:00,1764784800,1.16765,1.1683,1.16755,1.16795,8999
2025-12-03 19:00,1764788400,1.16795,1.1685,1.1679,1.168,4610
2025-12-03 20:00,1764792000,1.168,1.168,1.16725,1.16735,5912
2025-12-03 21:00,1764795600,1.16735,1.16805,1.1672,1.16805,2075
2025-12-03 23:00,1764802800,1.1677,1.1678,1.1669,1.1672,0
2025-12-04 00:00,1764806400,1.1672,1.16725,1.16645,1.1668,1830
2025-12-04 01:00,1764810000,1.16685,1.167,1.16645,1.16685,1482
2025-12-04 02:00,1764813600,1.16685,1.1669,1.16645,1.16655,1503
2025-12-04 03:00,1764817200,1.1665,1.1665,1.16585,1.16615,1665
2025-12-04 04:00,1764820800,1.1661,1.1664,1.1661,1.16625,752
2025-12-04 05:00,1764824400,1.16635,1.16675,1.1662,1.1665,1961
2025-12-04 06:00,1764828000,1.1665,1.16655,1.16585,1.16635,1749
2025-12-04 07:00,1764831600,1.1664,1.1671,1.16605,1.1671,4227
2025-12-04 08:00,1764835200,1.1671,1.16875,1.1669,1.16825,8154
2025-12-04 09:00,1764838800,1.1682,1.1686,1.1679,1.1683,5987
2025-12-04 10:00,1764842400,1.1683,1.16855,1.16695,1.16725,7608
2025-12-04 11:00,1764846000,1.1672,1.16865,1.16705,1.16855,6238
2025-12-04 12:00,1764849600,1.16855,1.16865,1.16705,1.16755,8934
2025-12-04 13:00,1764853200,1.16755,1.1677,1.16575,1.1671,20851
2025-12-04 14:00,1764856800,1.1671,1.16825,1.16695,1.16755,42331
2025-12-04 15:00,1764860400,1.1675,1.16805,1.16635,1.1679,17543
2025-12-04 16:00,1764864000,1.1679,1.1679,1.1659,1.1664,12090
2025-12-04 17:00,1764867600,1.1664,1.16655,1.16585,1.16615,4462
2025-12-04 18:00,1764871200,1.16615,1.1665,1.1659,1.16595,4624
2025-12-04 19:00,1764874800,1.16595,1.16605,1.16555,1.16585,4259
2025-12-04 20:00,1764878400,1.1658,1.1658,1.16465,1.165,7628
2025-12-04 21:00,1764882000,1.1649,1.1651,1.1646,1.1649,1822
2025-12-04 23:00,1764889200,1.1649,1.16495,1.16455,1.1648,0
2025-12-05 00:00,1764892800,1.16485,1.1655,1.16485,1.16545,2002
2025-12-05 01:00,1764896400,1.1655,1.1658,1.16545,1.1658,1553
2025-12-05 02:00,1764900000,1.16585,1.1659,1.1656,1.1657,708
2025-12-05 03:00,1764903600,1.16565,1.16565,1.1651,1.1654,687
2025-12-05 04:00,1764907200,1.1654,1.1659,1.1654,1.1658,789
2025-12-05 05:00,1764910800,1.1659,1.16635,1.1658,1.16635,1307
2025-12-05 06:00,1764914400,1.16635,1.1666,1.166,1.1664,1840
2025-12-05 07:00,1764918000,1.16645,1.16765,1.1663,1.1668,7489
2025-12-05 08:00,1764921600,1.1668,1.1669,1.1657,1.16585,6823
2025-12-05 09:00,1764925200,1.16585,1.166,1.1653,1.16585,8185
2025-12-05 10:00,1764928800,1.16585,1.16615,1.16525,1.16555,8475
2025-12-05 11:00,1764932400,1.16555,1.1657,1.1646,1.1651,6537
2025-12-05 12:00,1764936000,1.1651,1.1658,1.16485,1.1657,10594
2025-12-05 13:00,1764939600,1.16565,1.16585,1.1648,1.16565,8557
2025-12-05 14:00,1764943200,1.16565,1.1665,1.16505,1.1655,16527
2025-12-05 15:00,1764946800,1.16555,1.16635,1.16485,1.1653,27113
2025-12-05 16:00,1764950400,1.16525,1.1654,1.1633,1.1639,16993
2025-12-05 17:00,1764954000,1.16385,1.16485,1.16375,1.16485,5237
2025-12-05 18:00,1764957600,1.1649,1.1653,1.1647,1.16475,6218
2025-12-05 19:00,1764961200,1.16475,1.1649,1.16445,1.1648,4858
2025-12-05 20:00,1764964800,1.16475,1.16495,1.1645,1.1649,2103
2025-12-05 21:00,1764968400,1.1649,1.16515,1.16445,1.1648,1812
2025-12-07 23:00,1765148400,1.16475,1.165,1.1644,1.16445,1544
2025-12-08 00:00,1765152000,1.1645,1.1656,1.1644,1.1656,2362
2025-12-08 01:00,1765155600,1.16555,1.1657,1.16495,1.1656,1451
2025-12-08 02:00,1765159200,1.16565,1.16585,1.1653,1.1658,834
2025-12-08 03:00,1765162800,1.16585,1.16595,1.16535,1.16545,1299
2025-12-08 04:00,1765166400,1.16545,1.16595,1.1654,1.16585,688
2025-12-08 05:00,1765170000,1.1659,1.16605,1.1657,1.166,802
2025-12-08 06:00,1765173600,1.16605,1.1676,1.16605,1.16645,4526
2025-12-08 07:00,1765177200,1.16655,1.1672,1.16595,1.16625,4190
2025-12-08 08:00,1765180800,1.16625,1.16665,1.16525,1.166,6441
2025-12-08 09:00,1765184400,1.166,1.16615,1.1652,1.16525,12640
2025-12-08 10:00,1765188000,1.16525,1.166,1.16515,1.16545,7668
2025-12-08 11:00,1765191600,1.16545,1.16575,1.1651,1.16545,5446
2025-12-08 12:00,1765195200,1.16545,1.1658,1.16515,1.16575,5172
2025-12-08 13:00,1765198800,1.16575,1.16615,1.16495,1.16525,9478
2025-12-08 14:00,1765202400,1.1653,1.1659,1.1642,1.16445,22349
2025-12-08 15:00,1765206000,1.16435,1.1644,1.16215,1.16295,38833
2025-12-08 16:00,1765209600,1.16295,1.1633,1.16205,1.1629,14726
2025-12-08 17:00,1765213200,1.1629,1.1643,1.1624,1.1643,10061
2025-12-08 18:00,1765216800,1.16435,1.1646,1.16385,1.1641,6774
2025-12-08 19:00,1765220400,1.16415,1.1646,1.16405,1.1644,11225
2025-12-08 20:00,1765224000,1.16435,1.1646,1.16415,1.16425,6912
2025-12-08 21:00,1765227600,1.1642,1.1643,1.1639,1.16415,0
2025-12-08 23:00,1765234800,1.16415,1.16445,1.164,1.1644,2252
2025-12-09 00:00,1765238400,1.1644,1.16465,1.164,1.1642,915
2025-12-09 01:00,1765242000,1.1642,1.1651,1.16395,1.16505,1309
2025-12-09 02:00,1765245600,1.16505,1.1652,1.16475,1.16495,1352
2025-12-09 03:00,1765249200,1.16495,1.1652,1.16475,1.16495,6804
2025-12-09 04:00,1765252800,1.16495,1.16505,1.16475,1.16505,11465
2025-12-09 05:00,1765256400,1.1649,1.1654,1.1649,1.1653,13511
2025-12-09 06:00,1765260000,1.16525,1.16525,1.16455,1.16475,21333
2025-12-09 07:00,1765263600,1.1648,1.16495,1.1642,1.1643,22637
2025-12-09 08:00,1765267200,1.1644,1.16535,1.16375,1.16485,40548
2025-12-09 09:00,1765270800,1.16485,1.1661,1.16475,1.16555,22027
2025-12-09 10:00,1765274400,1.1656,1.16575,1.1644,1.1648,10302
2025-12-09 11:00,1765278000,1.16485,1.1651,1.16415,1.1647,47108
2025-12-09 12:00,1765281600,1.1647,1.16475,1.16375,1.16415,25263
2025-12-09 13:00,1765285200,1.16415,1.1643,1.16325,1.1638,37953
2025-12-09 14:00,1765288800,1.16375,1.1642,1.16315,1.16415,35496
2025-12-09 15:00,1765292400,1.1641,1.16425,1.1618,1.16325,52519
2025-12-09 16:00,1765296000,1.1632,1.1645,1.1632,1.1642,22892
2025-12-09 17:00,1765299600,1.1642,1.1643,1.16255,1.16275,8611
2025-12-09 18:00,1765303200,1.1628,1.16285,1.162,1.16275,9285
2025-12-09 19:00,1765306800,1.1628,1.16335,1.16255,1.16325,5329
2025-12-09 20:00,1765310400,1.16325,1.16355,1.163,1.163,4397
2025-12-09 21:00,1765314000,1.16305,1.16325,1.1627,1.16285,0
2025-12-09 23:00,1765321200,1.1629,1.16315,1.16275,1.1631,1342
2025-12-10 00:00,1765324800,1.1631,1.16315,1.1627,1.1629,3299
2025-12-10 01:00,1765328400,1.16295,1.16315,1.1625,1.1627,901
2025-12-10 02:00,1765332000,1.1627,1.1631,1.1626,1.1627,965
2025-12-10 03:00,1765335600,1.1627,1.163,1.16245,1.1629,1054
2025-12-10 04:00,1765339200,1.16295,1.16325,1.1628,1.1631,852
2025-12-10 05:00,1765342800,1.163,1.1634,1.16295,1.16325,739
2025-12-10 06:00,1765346400,1.1633,1.16385,1.1632,1.1638,1188
2025-12-10 07:00,1765350000,1.16385,1.16525,1.16375,1.1651,15558
2025-12-10 08:00,1765353600,1.1651,1.16605,1.16465,1.1656,30182
2025-12-10 09:00,1765357200,1.1655,1.16565,1.16385,1.16395,42078
2025-12-10 10:00,1765360800,1.1639,1.16425,1.16305,1.1637,38877
2025-12-10 11:00,1765364400,1.16375,1.16415,1.16325,1.16375,30789
2025-12-10 12:00,1765368000,1.1638,1.1645,1.1636,1.1642,11412
2025-12-10 13:00,1765371600,1.1642,1.16445,1.16305,1.1643,26667
2025-12-10 14:00,1765375200,1.1643,1.1648,1.1637,1.16465,63789
2025-12-10 15:00,1765378800,1.16465,1.1654,1.1637,1.1645,37250
2025-12-10 16:00,1765382400,1.16445,1.16525,1.164,1.16525,44361
2025-12-10 17:00,1765386000,1.16525,1.1663,1.16485,1.16615,16625
2025-12-10 18:00,1765389600,1.16615,1.1664,1.16565,1.1658,12288
2025-12-10 19:00,1765393200,1.1659,1.16855,1.164,1.1681,92570
2025-12-10 20:00,1765396800,1.1681,1.1703,1.16765,1.16965,24265
2025-12-10 21:00,1765400400,1.16965,1.1699,1.16925,1.16985,3202
2025-12-10 23:00,1765407600,1.1698,1.1704,1.1696,1.17025,0
2025-12-11 00:00,1765411200,1.1703,1.1706,1.1698,1.1703,7589
2025-12-11 01:00,1765414800,1.17035,1.17085,1.1702,1.1703,2393
2025-12-11 02:00,1765418400,1.17035,1.17075,1.16945,1.16955,2591
2025-12-11 03:00,1765422000,1.16955,1.1699,1.16915,1.1692,2475
2025-12-11 04:00,1765425600,1.1692,1.1693,1.16865,1.1692,18220
2025-12-11 05:00,1765429200,1.16915,1.16915,1.1686,1.16865,1339
2025-12-11 06:00,1765432800,1.1687,1.1691,1.16835,1.169,3007
2025-12-11 07:00,1765436400,1.169,1.1702,1.1689,1.16945,25614
2025-12-11 08:00,1765440000,1.1695,1.17075,1.16945,1.16985,41101
2025-12-11 09:00,1765443600,1.1699,1.1705,1.16885,1.1703,24749
2025-12-11 10:00,1765447200,1.1704,1.1709,1.17005,1.17085,13215
2025-12-11 11:00,1765450800,1.1708,1.1719,1.1707,1.17145,15974
2025-12-11 12:00,1765454400,1.1714,1.1721,1.1711,1.17175,20515
2025-12-11 13:00,1765458000,1.1718,1.1738,1.17145,1.1732,52044
2025-12-11 14:00,1765461600,1.1732,1.17495,1.17315,1.17395,34835
2025-12-11 15:00,1765465200,1.1739,1.17585,1.17325,1.17575,28310
2025-12-11 16:00,1765468800,1.17575,1.1761,1.17475,1.17565,29448
2025-12-11 17:00,1765472400,1.17565,1.1764,1.1751,1.17565,12223
2025-12-11 18:00,1765476000,1.17565,1.17605,1.17525,1.17545,7705
2025-12-11 19:00,1765479600,1.17545,1.17545,1.17415,1.1742,7613
2025-12-11 20:00,1765483200,1.1742,1.1747,1.1738,1.17425,6831
2025-12-11 21:00,1765486800,1.17425,1.17445,1.17375,1.17375,3022
2025-12-11 23:00,1765494000,1.17385,1.17425,1.17375,1.17415,0
2025-12-12 00:00,1765497600,1.17425,1.1745,1.174,1.17415,451
2025-12-12 01:00,1765501200,1.17415,1.1747,1.17335,1.17355,542
2025-12-12 02:00,1765504800,1.1736,1.17385,1.1732,1.17365,988
2025-12-12 03:00,1765508400,1.1735,1.1738,1.1734,1.17355,47
2025-12-12 04:00,1765512000,1.1735,1.1736,1.17325,1.1733,0
2025-12-12 05:00,1765515600,1.1734,1.174,1.1734,1.1739,6166
2025-12-12 06:00,1765519200,1.17395,1.1742,1.17345,1.17395,345
2025-12-12 07:00,1765522800,1.1739,1.1743,1.17365,1.1738,2519
2025-12-12 08:00,1765526400,1.17385,1.1794,1.1729,1.17295,4802
2025-12-12 09:00,1765530000,1.17815,1.17885,1.17275,1.17865,40151
2025-12-12 10:00,1765533600,1.17865,1.17865,1.1725,1.1781,14241
2025-12-12 11:00,1765537200,1.17805,1.1783,1.1723,1.178,13868
2025-12-12 12:00,1765540800,1.17265,1.17815,1.172,1.17785,13026
2025-12-12 13:00,1765544400,1.1726,1.1789,1.17245,1.1781,13255
2025-12-12 14:00,1765548000,1.17805,1.1797,1.17245,1.17955,18936
2025-12-12 15:00,1765551600,1.1795,1.17985,1.17305,1.17915,24420
2025-12-12 16:00,1765555200,1.1791,1.1797,1.1728,1.17845,13903
2025-12-12 17:00,1765558800,1.17845,1.18015,1.1731,1.1801,8702
2025-12-12 18:00,1765562400,1.18015,1.1803,1.17415,1.1742,0
2025-12-12 19:00,1765566000,1.17945,1.17945,1.1736,1.1794,109450
2025-12-12 20:00,1765569600,1.1796,1.18,1.1738,1.1793,10906
2025-12-12 21:00,1765573200,1.1793,1.1798,1.17395,1.1742,1953
2025-12-14 23:00,1765753200,1.1793,1.1794,1.17375,1.179,625
2025-12-15 00:00,1765756800,1.179,1.179,1.17295,1.1787,1500
2025-12-15 01:00,1765760400,1.17865,1.1795,1.17305,1.17945,1540
2025-12-15 02:00,1765764000,1.1795,1.1798,1.17385,1.17945,2155
2025-12-15 03:00,1765767600,1.17945,1.1798,1.1738,1.17875,1228
2025-12-15 04:00,1765771200,1.1787,1.17885,1.1735,1.1786,1111
2025-12-15 05:00,1765774800,1.17855,1.17885,1.1785,1.17875,1782
2025-12-15 06:00,1765778400,1.17875,1.1789,1.1733,1.1788,2187
2025-12-15 07:00,1765782000,1.17885,1.1791,1.17275,1.17815,4819
2025-12-15 08:00,1765785600,1.1781,1.17915,1.1727,1.1784,7532
2025-12-15 09:00,1765789200,1.1784,1.17965,1.1736,1.17955,4923
2025-12-15 10:00,1765792800,1.1796,1.1799,1.17405,1.1795,4670
2025-12-15 11:00,1765796400,1.17955,1.18025,1.17435,1.18015,3082
2025-12-15 12:00,1765800000,1.1801,1.1812,1.1749,1.18055,5399
2025-12-15 13:00,1765803600,1.1806,1.1813,1.175,1.18,11748
2025-12-15 14:00,1765807200,1.17995,1.1817,1.17455,1.1816,15499
2025-12-15 15:00,1765810800,1.18165,1.18215,1.1763,1.1816,22350
2025-12-15 16:00,1765814400,1.1816,1.18175,1.1805,1.1808,9211
2025-12-15 17:00,1765818000,1.1808,1.18085,1.17975,1.17985,5643
2025-12-15 18:00,1765821600,1.17985,1.1801,1.1792,1.1796,3577
2025-12-15 19:00,1765825200,1.1796,1.1803,1.1791,1.1802,6401
2025-12-15 20:00,1765828800,1.1802,1.1805,1.18005,1.1804,1910
2025-12-15 21:00,1765832400,1.18035,1.18075,1.18015,1.1805,3141
2025-12-15 23:00,1765839600,1.1805,1.1808,1.1805,1.1806,0
2025-12-16 00:00,1765843200,1.1806,1.18105,1.1801,1.1802,2446
2025-12-16 01:00,1765846800,1.1802,1.18075,1.17995,1.18045,1897
2025-12-16 02:00,1765850400,1.18045,1.18085,1.18025,1.18085,1157
2025-12-16 03:00,1765854000,1.18085,1.18115,1.18025,1.1804,1427
2025-12-16 04:00,1765857600,1.18045,1.18065,1.1802,1.18035,418
2025-12-16 05:00,1765861200,1.18045,1.18065,1.18015,1.18025,993
2025-12-16 06:00,1765864800,1.1803,1.1806,1.17985,1.1805,2426
2025-12-16 07:00,1765868400,1.18045,1.18065,1.1797,1.18045,4229
2025-12-16 08:00,1765872000,1.18045,1.18185,1.1799,1.1807,8410
2025-12-16 09:00,1765875600,1.1806,1.18135,1.1802,1.1808,6712
2025-12-16 10:00,1765879200,1.18085,1.18135,1.18055,1.1809,5757
2025-12-16 11:00,1765882800,1.1809,1.1815,1.18035,1.1815,3529
2025-12-16 12:00,1765886400,1.18155,1.18305,1.1813,1.183,8309
2025-12-16 13:00,1765890000,1.183,1.1848,1.1809,1.18275,37476
2025-12-16 14:00,1765893600,1.18275,1.1853,1.1821,1.18515,18990
2025-12-16 15:00,1765897200,1.18515,1.18565,1.18195,1.18225,20271
2025-12-16 16:00,1765900800,1.1822,1.1828,1.18135,1.18215,13678
2025-12-16 17:00,1765904400,1.1821,1.18305,1.1815,1.18165,6325
2025-12-16 18:00,1765908000,1.1816,1.1816,1.17975,1.1805,10912
2025-12-16 19:00,1765911600,1.1805,1.18145,1.17855,1.181,12293
2025-12-16 20:00,1765915200,1.181,1.1815,1.17985,1.18,4820
2025-12-16 21:00,1765918800,1.17995,1.18035,1.1798,1.17985,1935
2025-12-16 23:00,1765926000,1.18005,1.18025,1.18,1.1801,0
2025-12-17 00:00,1765929600,1.1801,1.1803,1.1797,1.18015,2193
2025-12-17 01:00,1765933200,1.1801,1.18035,1.17965,1.17985,1588
2025-12-17 02:00,1765936800,1.1799,1.17995,1.17885,1.1791,2008
2025-12-17 03:00,1765940400,1.1791,1.17915,1.1788,1.17905,814
2025-12-17 04:00,1765944000,1.17905,1.1791,1.1779,1.1782,2192
2025-12-17 05:00,1765947600,1.17805,1.1782,1.1776,1.17805,1354
2025-12-17 06:00,1765951200,1.17805,1.1782,1.1758,1.17615,5691
2025-12-17 07:00,1765954800,1.1762,1.17645,1.1754,1.1764,12273
2025-12-17 08:00,1765958400,1.1764,1.1772,1.1757,1.17695,12940
2025-12-17 09:00,1765962000,1.17695,1.17715,1.1763,1.1767,8948
2025-12-17 10:00,1765965600,1.17675,1.17765,1.1764,1.17765,6330
2025-12-17 11:00,1765969200,1.1776,1.17785,1.1759,1.176,5363
2025-12-17 12:00,1765972800,1.17605,1.17785,1.176,1.17775,8067
2025-12-17 13:00,1765976400,1.1778,1.17845,1.1771,1.17835,14820
2025-12-17 14:00,1765980000,1.1783,1.1796,1.17795,1.1792,9510
2025-12-17 15:00,1765983600,1.17925,1.18095,1.17915,1.18045,17113
2025-12-17 16:00,1765987200,1.1804,1.18075,1.17965,1.1798,9895
2025-12-17 17:00,1765990800,1.1798,1.18055,1.1796,1.18005,8464
2025-12-17 18:00,1765994400,1.1801,1.18065,1.17935,1.1795,4339
2025-12-17 19:00,1765998000,1.17955,1.17985,1.17925,1.17965,4193
2025-12-17 20:00,1766001600,1.17965,1.17975,1.17895,1.1791,3441
2025-12-17 21:00,1766005200,1.17905,1.17925,1.179,1.1792,2268
2025-12-17 23:00,1766012400,1.17895,1.17925,1.17895,1.1791,0
2025-12-18 00:00,1766016000,1.1791,1.17955,1.17895,1.17935,1442
2025-12-18 01:00,1766019600,1.1793,1.17945,1.1785,1.1788,2855
2025-12-18 02:00,1766023200,1.1788,1.17925,1.17865,1.17905,1988
2025-12-18 03:00,1766026800,1.179,1.17915,1.17865,1.1789,1381
2025-12-18 04:00,1766030400,1.1789,1.1792,1.1788,1.17915,706
2025-12-18 13:00,1766062800,1.1765,1.1812,1.1764,1.17965,77299
2025-12-18 14:00,1766066400,1.1796,1.1805,1.1782,1.1784,20253
2025-12-18 15:00,1766070000,1.1784,1.17895,1.1765,1.17765,24021
2025-12-18 16:00,1766073600,1.1777,1.1795,1.1775,1.1777,13321
2025-12-18 17:00,1766077200,1.17775,1.1778,1.17645,1.1768,6548
2025-12-18 18:00,1766080800,1.17685,1.1774,1.17645,1.1769,4062
2025-12-18 19:00,1766084400,1.1769,1.1777,1.17675,1.17745,3644
2025-12-18 20:00,1766088000,1.1774,1.1777,1.17695,1.17715,2524
2025-12-18 21:00,1766091600,1.17715,1.17745,1.17705,1.1774,754
2025-12-18 23:00,1766098800,1.1775,1.17765,1.17725,1.17735,0
2025-12-19 00:00,1766102400,1.17735,1.1775,1.17705,1.1775,1259
2025-12-19 01:00,1766106000,1.17745,1.1777,1.1769,1.1773,1532
2025-12-19 02:00,1766109600,1.1773,1.1777,1.177,1.1771,848
2025-12-19 03:00,1766113200,1.1771,1.1774,1.17665,1.17695,2006
2025-12-19 04:00,1766116800,1.17695,1.17715,1.17635,1.1766,1121
2025-12-19 05:00,1766120400,1.1768,1.1769,1.1767,1.17685,869
2025-12-19 06:00,1766124000,1.17685,1.17705,1.17605,1.17685,3427
2025-12-19 07:00,1766127600,1.1768,1.1769,1.17515,1.1756,5623
2025-12-19 08:00,1766131200,1.17565,1.1765,1.1755,1.1761,5061
2025-12-19 09:00,1766134800,1.1761,1.17665,1.17575,1.1761,5925
2025-12-19 10:00,1766138400,1.17605,1.17665,1.17575,1.1765,4273
2025-12-19 11:00,1766142000,1.1765,1.1766,1.1756,1.176,4400
2025-12-19 12:00,1766145600,1.17595,1.1764,1.1756,1.1759,5464
2025-12-19 13:00,1766149200,1.1759,1.1768,1.1751,1.17675,13075
2025-12-19 14:00,1766152800,1.1768,1.1787,1.1768,1.17755,15151
2025-12-19 15:00,1766156400,1.1776,1.1777,1.1758,1.17585,18028
2025-12-19 16:00,1766160000,1.17585,1.17695,1.1757,1.17695,11176
2025-12-19 17:00,1766163600,1.17695,1.177,1.17625,1.1768,4392
2025-12-19 18:00,1766167200,1.1768,1.1776,1.1767,1.17685,5468
2025-12-19 19:00,1766170800,1.17685,1.1774,1.17655,1.1772,4470
2025-12-19 20:00,1766174400,1.1772,1.17745,1.17555,1.17585,4569
2025-12-19 21:00,1766178000,1.1759,1.17625,1.17545,1.1757,2430
2025-12-21 23:00,1766358000,1.1762,1.1763,1.17545,1.17585,1281
2025-12-22 00:00,1766361600,1.1758,1.17645,1.1758,1.1764,3703
2025-12-22 01:00,1766365200,1.1764,1.17675,1.17615,1.17655,2353
2025-12-22 02:00,1766368800,1.1766,1.17675,1.1763,1.17645,569
2025-12-22 03:00,1766372400,1.1764,1.1766,1.1762,1.1766,809
2025-12-22 04:00,1766376000,1.1766,1.177,1.17645,1.17685,715
2025-12-22 05:00,1766379600,1.1768,1.177,1.1764,1.17655,760
2025-12-22 06:00,1766383200,1.1765,1.17675,1.1761,1.1764,1954
2025-12-22 07:00,1766386800,1.1764,1.1779,1.1763,1.1777,4077
2025-12-22 08:00,1766390400,1.1777,1.1786,1.1771,1.1784,6910
2025-12-22 09:00,1766394000,1.1784,1.17845,1.17755,1.1778,5417
2025-12-22 10:00,1766397600,1.1778,1.1786,1.17775,1.1781,5504
2025-12-22 11:00,1766401200,1.1781,1.1785,1.17765,1.1781,2852
2025-12-22 12:00,1766404800,1.17815,1.17915,1.1781,1.179,5540
2025-12-22 13:00,1766408400,1.179,1.18025,1.179,1.17985,10195
2025-12-22 14:00,1766412000,1.1799,1.1815,1.1793,1.18085,11329
2025-12-22 15:00,1766415600,1.1808,1.18175,1.1806,1.1812,9689
2025-12-22 16:00,1766419200,1.1812,1.18125,1.17965,1.17975,8091
2025-12-22 17:00,1766422800,1.17975,1.18125,1.17975,1.18065,6389
2025-12-22 18:00,1766426400,1.18055,1.1806,1.1797,1.18005,4545
2025-12-22 19:00,1766430000,1.18005,1.1804,1.1797,1.1803,5652
2025-12-22 20:00,1766433600,1.1803,1.1807,1.18,1.1803,2623
2025-12-22 21:00,1766437200,1.18035,1.18105,1.18025,1.1809,1830
2025-12-22 23:00,1766444400,1.1806,1.18105,1.18055,1.1809,0
2025-12-23 00:00,1766448000,1.1809,1.18155,1.18085,1.1814,988
2025-12-23 01:00,1766451600,1.1814,1.1822,1.1811,1.18185,1800
2025-12-23 02:00,1766455200,1.18185,1.18255,1.1818,1.18225,1709
2025-12-23 03:00,1766458800,1.18235,1.18245,1.18185,1.18215,1592
2025-12-23 04:00,1766462400,1.1822,1.18245,1.1819,1.18205,1468
2025-12-23 05:00,1766466000,1.1823,1.1825,1.182,1.18205,1442
2025-12-23 06:00,1766469600,1.1821,1.18215,1.1814,1.18165,1862
2025-12-23 07:00,1766473200,1.1817,1.18265,1.18145,1.1824,4175
2025-12-23 08:00,1766476800,1.18235,1.183,1.1821,1.183,5197
2025-12-23 09:00,1766480400,1.183,1.1838,1.1827,1.18375,6153
2025-12-23 10:00,1766484000,1.1838,1.18455,1.1837,1.1844,6517
2025-12-23 11:00,1766487600,1.1844,1.1845,1.1838,1.1841,4887
2025-12-23 12:00,1766491200,1.1841,1.18475,1.1834,1.1835,6193
2025-12-23 13:00,1766494800,1.1835,1.1839,1.18195,1.182,14837
2025-12-23 14:00,1766498400,1.182,1.18245,1.18135,1.1814,10997
2025-12-23 15:00,1766502000,1.1814,1.1824,1.1809,1.18195,12791
2025-12-23 16:00,1766505600,1.1819,1.18255,1.18185,1.1821,7832
2025-12-23 17:00,1766509200,1.18205,1.1824,1.18145,1.1816,6169
2025-12-23 18:00,1766512800,1.1816,1.18285,1.18145,1.1828,3808
2025-12-23 19:00,1766516400,1.1828,1.18365,1.18275,1.18355,4099
2025-12-23 20:00,1766520000,1.18355,1.18385,1.18325,1.18345,2429
2025-12-23 21:00,1766523600,1.1835,1.18425,1.1834,1.1842,1515
2025-12-23 23:00,1766530800,1.1841,1.1842,1.1837,1.18395,0
2025-12-24 00:00,1766534400,1.18395,1.1844,1.1835,1.18435,1767
2025-12-24 01:00,1766538000,1.18435,1.1851,1.18415,1.185,2287
2025-12-24 02:00,1766541600,1.185,1.1853,1.1843,1.1843,1660
2025-12-24 03:00,1766545200,1.18435,1.18435,1.1832,1.18325,1860
2025-12-24 04:00,1766548800,1.1832,1.18385,1.1831,1.1836,1027
2025-12-24 14:30,1766586600,1.183,1.18325,1.18225,1.18255,5280
2025-12-24 15:30,1766590200,1.1825,1.1827,1.18205,1.18235,4791
2025-12-24 16:30,1766593800,1.1823,1.18255,1.18175,1.18245,4003
2025-12-24 17:30,1766597400,1.18245,1.1828,1.18175,1.18215,2761
2025-12-24 18:00,1766599200,1.1822,1.1822,1.1819,1.18215,0
2025-12-26 05:00,1766725200,1.18275,1.1831,1.18245,1.18305,665
2025-12-26 06:00,1766728800,1.18305,1.1832,1.18165,1.1821,1718
2025-12-26 07:00,1766732400,1.1822,1.18225,1.18145,1.1817,2390
2025-12-26 08:00,1766736000,1.18175,1.1822,1.18105,1.18215,2503
2025-12-26 09:00,1766739600,1.18215,1.1822,1.18125,1.18145,1655
2025-12-26 10:00,1766743200,1.1814,1.18235,1.1813,1.18175,1574
2025-12-26 11:00,1766746800,1.18175,1.18265,1.18175,1.1822,1339
2025-12-26 12:00,1766750400,1.1822,1.18265,1.1817,1.1826,1528
2025-12-26 13:00,1766754000,1.1826,1.18415,1.1826,1.1836,4992
2025-12-26 14:00,1766757600,1.18365,1.1839,1.1826,1.1829,3285
2025-12-26 15:00,1766761200,1.18285,1.18375,1.18165,1.1822,6136
2025-12-26 16:00,1766764800,1.18225,1.18245,1.1807,1.18095,5799
2025-12-26 17:00,1766768400,1.18095,1.18145,1.1806,1.18145,3034
2025-12-26 18:00,1766772000,1.1815,1.18185,1.18135,1.1816,2026
2025-12-26 19:00,1766775600,1.1816,1.1821,1.18135,1.1821,2440
2025-12-26 20:00,1766779200,1.18215,1.1826,1.1817,1.18195,3128
2025-12-26 21:00,1766782800,1.182,1.18215,1.18105,1.18165,1187
2025-12-28 23:00,1766962800,1.18195,1.1822,1.1815,1.1817,1294
2025-12-29 00:00,1766966400,1.18165,1.1828,1.1816,1.1824,2330
2025-12-29 01:00,1766970000,1.1824,1.18305,1.18225,1.1828,1087
2025-12-29 02:00,1766973600,1.1828,1.1829,1.18195,1.182,1299
2025-12-29 03:00,1766977200,1.18195,1.182,1.1815,1.18175,784
2025-12-29 04:00,1766980800,1.1817,1.1817,1.1809,1.1809,941
2025-12-29 05:00,1766984400,1.1808,1.18085,1.17975,1.17995,3378
2025-12-29 06:00,1766988000,1.18,1.1813,1.1798,1.18125,2726
2025-12-29 07:00,1766991600,1.1813,1.18225,1.1809,1.1821,4261
2025-12-29 08:00,1766995200,1.18205,1.18325,1.1815,1.18275,6795
2025-12-29 09:00,1766998800,1.1828,1.18335,1.1816,1.182,6505
2025-12-29 10:00,1767002400,1.18205,1.18245,1.18095,1.181,6738
2025-12-29 11:00,1767006000,1.181,1.1815,1.18015,1.181,5606
2025-12-29 12:00,1767009600,1.18095,1.1813,1.17995,1.18055,4400
2025-12-29 13:00,1767013200,1.1805,1.18175,1.1804,1.18135,6609
2025-12-29 14:00,1767016800,1.18135,1.18325,1.1811,1.1827,10400
2025-12-29 15:00,1767020400,1.1827,1.18305,1.18105,1.18125,19772
2025-12-29 16:00,1767024000,1.18115,1.1812,1.17965,1.17995,14357
2025-12-29 17:00,1767027600,1.18,1.1801,1.1793,1.17955,5524
2025-12-29 18:00,1767031200,1.17955,1.1803,1.17945,1.1801,4844
2025-12-29 19:00,1767034800,1.1801,1.1812,1.18005,1.18115,3524
2025-12-29 20:00,1767038400,1.18115,1.18145,1.1808,1.18145,3051
2025-12-29 21:00,1767042000,1.18145,1.18185,1.1814,1.18175,1466
2025-12-29 23:00,1767049200,1.1813,1.1817,1.1813,1.1814,0
2025-12-30 00:00,1767052800,1.1814,1.18175,1.1814,1.1815,1547
2025-12-30 01:00,1767056400,1.18145,1.1817,1.18115,1.1817,1123
2025-12-30 02:00,1767060000,1.18175,1.18185,1.18135,1.18155,1084
2025-12-30 03:00,1767063600,1.18155,1.1818,1.1813,1.1815,736
2025-12-30 04:00,1767067200,1.1815,1.18205,1.1814,1.18195,768
2025-12-30 05:00,1767070800,1.18195,1.18215,1.18155,1.18175,640
2025-12-30 06:00,1767074400,1.18175,1.1822,1.18165,1.18205,1177
2025-12-30 07:00,1767078000,1.18205,1.18205,1.18085,1.1812,4345
2025-12-30 08:00,1767081600,1.18125,1.1817,1.1808,1.1809,5299
2025-12-30 09:00,1767085200,1.1809,1.182,1.1806,1.1811,4445
2025-12-30 10:00,1767088800,1.1811,1.18195,1.18105,1.1816,2974
2025-12-30 11:00,1767092400,1.18155,1.18185,1.1808,1.18085,2982
2025-12-30 12:00,1767096000,1.18085,1.181,1.1803,1.18035,4367
2025-12-30 13:00,1767099600,1.18035,1.18095,1.1797,1.1805,10640
2025-12-30 14:00,1767103200,1.1805,1.18055,1.17985,1.1805,6408
2025-12-30 15:00,1767106800,1.18055,1.1808,1.1787,1.18015,11325
2025-12-30 16:00,1767110400,1.1801,1.1808,1.1796,1.18065,7921
2025-12-30 17:00,1767114000,1.1807,1.18085,1.1797,1.17985,4141
2025-12-30 18:00,1767117600,1.1798,1.1801,1.179,1.1792,2812
2025-12-30 19:00,1767121200,1.17925,1.1795,1.1787,1.1789,5224
2025-12-30 20:00,1767124800,1.1789,1.1792,1.1785,1.1786,3045
2025-12-30 21:00,1767128400,1.1786,1.17905,1.17855,1.1789,1011
2025-12-30 23:00,1767135600,1.17885,1.17895,1.17855,1.1786,0
2025-12-31 00:00,1767139200,1.17865,1.1788,1.17845,1.17875,637
2025-12-31 01:00,1767142800,1.17875,1.1789,1.17815,1.1783,1366
2025-12-31 02:00,1767146400,1.1783,1.1783,1.17785,1.17805,1443
2025-12-31 03:00,1767150000,1.178,1.17835,1.178,1.1783,560
2025-12-31 04:00,1767153600,1.17825,1.17825,1.1773,1.1774,1023
2025-12-31 05:00,1767157200,1.17765,1.17795,1.17745,1.17785,1004
2025-12-31 06:00,1767160800,1.17785,1.178,1.17735,1.17775,1099
2025-12-31 07:00,1767164400,1.1777,1.17785,1.177,1.17765,3052
2025-12-31 08:00,1767168000,1.1777,1.17795,1.176,1.17625,4373
2025-12-31 09:00,1767171600,1.17625,1.17785,1.176,1.17745,5344
2025-12-31 10:00,1767175200,1.1775,1.17835,1.17685,1.17785,3658
2025-12-31 11:00,1767178800,1.17785,1.17875,1.17765,1.1787,2339
2025-12-31 12:00,1767182400,1.17875,1.1799,1.17875,1.1795,4753
2025-12-31 13:00,1767186000,1.17955,1.1799,1.17815,1.1782,6379
2025-12-31 14:00,1767189600,1.1782,1.17825,1.17675,1.17695,5738
2025-12-31 15:00,1767193200,1.17695,1.1786,1.176,1.17835,15593
2025-12-31 16:00,1767196800,1.17835,1.17885,1.1769,1.17745,9867
2025-12-31 17:00,1767200400,1.1775,1.17785,1.1771,1.17755,3604
2025-12-31 18:00,1767204000,1.17755,1.17785,1.177,1.17755,3651
2025-12-31 19:00,1767207600,1.1776,1.17825,1.1776,1.17805,2639
2025-12-31 20:00,1767211200,1.178,1.17925,1.178,1.17915,2192
2025-12-31 21:00,1767214800,1.1792,1.17925,1.17845,1.17855,1666
2026-01-02 05:00,1767330000,1.1795,1.17975,1.17905,1.1791,719
2026-01-02 06:00,1767333600,1.1791,1.1791,1.17805,1.1783,2089
2026-01-02 07:00,1767337200,1.1783,1.17865,1.17715,1.1774,5314
2026-01-02 08:00,1767340800,1.1774,1.17775,1.17625,1.1768,9639
2026-01-02 09:00,1767344400,1.1768,1.17765,1.17595,1.17605,6881
2026-01-02 10:00,1767348000,1.1761,1.17625,1.1752,1.176,8024
2026-01-02 11:00,1767351600,1.17595,1.17615,1.1754,1.17615,3956
2026-01-02 12:00,1767355200,1.1761,1.17665,1.17595,1.17625,4927
2026-01-02 13:00,1767358800,1.1763,1.1768,1.17575,1.17605,5902
2026-01-02 14:00,1767362400,1.1761,1.17695,1.1755,1.17675,7965
2026-01-02 15:00,1767366000,1.17675,1.1792,1.17675,1.179,20012
2026-01-02 16:00,1767369600,1.17895,1.17935,1.1773,1.17765,13407
2026-01-02 17:00,1767373200,1.17765,1.17765,1.1768,1.17695,5609
2026-01-02 18:00,1767376800,1.17695,1.177,1.1754,1.1758,6337
2026-01-02 19:00,1767380400,1.1758,1.17635,1.17535,1.17625,7036
2026-01-02 20:00,1767384000,1.17625,1.17625,1.17545,1.1757,7071
2026-01-02 21:00,1767387600,1.1757,1.17625,1.17565,1.17625,1942
2026-01-04 23:00,1767567600,1.1751,1.17515,1.17405,1.17435,1417
2026-01-05 00:00,1767571200,1.1743,1.1749,1.17415,1.1743,2418
2026-01-05 01:00,1767574800,1.1743,1.1746,1.17375,1.17385,2564
2026-01-05 02:00,1767578400,1.1739,1.174,1.1722,1.17265,5962
2026-01-05 03:00,1767582000,1.1727,1.1729,1.171,1.17135,7537
2026-01-05 04:00,1767585600,1.1713,1.17205,1.1711,1.172,5104
2026-01-05 05:00,1767589200,1.17195,1.17245,1.17185,1.17235,3275
2026-01-05 06:00,1767592800,1.1723,1.173,1.17165,1.1729,4435
2026-01-05 07:00,1767596400,1.17285,1.173,1.1722,1.1724,5061
2026-01-05 08:00,1767600000,1.1724,1.17335,1.17185,1.17205,8121
2026-01-05 09:00,1767603600,1.17215,1.1725,1.17115,1.172,7739
2026-01-05 10:00,1767607200,1.172,1.1728,1.17175,1.1728,5197
2026-01-05 11:00,1767610800,1.17285,1.1729,1.17185,1.17195,4274
2026-01-05 12:00,1767614400,1.17195,1.17235,1.1708,1.1709,7755
2026-01-05 13:00,1767618000,1.17085,1.1713,1.1697,1.17125,16329
2026-01-05 14:00,1767621600,1.1713,1.17255,1.17115,1.17235,13141
2026-01-05 15:00,1767625200,1.1724,1.17425,1.17235,1.17425,14507
2026-01-05 16:00,1767628800,1.17425,1.1757,1.1742,1.17525,16768
2026-01-05 17:00,1767632400,1.1753,1.17585,1.17485,1.17525,9289
2026-01-05 18:00,1767636000,1.17525,1.17645,1.1752,1.17635,6311
2026-01-05 19:00,1767639600,1.17635,1.1768,1.17605,1.1766,12128
2026-01-05 20:00,1767643200,1.17655,1.17675,1.1762,1.17635,3614
2026-01-05 21:00,1767646800,1.1763,1.1765,1.1758,1.17605,2804
2026-01-05 23:00,1767654000,1.1761,1.1761,1.1751,1.17525,0
2026-01-06 00:00,1767657600,1.1753,1.1755,1.17485,1.1755,2145
2026-01-06 01:00,1767661200,1.1755,1.1763,1.17505,1.1763,2948
2026-01-06 02:00,1767664800,1.17635,1.1776,1.17605,1.1775,3326
2026-01-06 03:00,1767668400,1.17745,1.17765,1.177,1.17725,1393
2026-01-06 04:00,1767672000,1.17725,1.1774,1.17695,1.17715,778
2026-01-06 05:00,1767675600,1.1773,1.17745,1.17655,1.17665,1180
2026-01-06 06:00,1767679200,1.17665,1.1775,1.17665,1.1774,1012
2026-01-06 07:00,1767682800,1.17735,1.1781,1.1764,1.1767,4849
2026-01-06 08:00,1767686400,1.1767,1.1777,1.17635,1.1767,6882
2026-01-06 09:00,1767690000,1.17665,1.1767,1.1746,1.17505,13519
2026-01-06 10:00,1767693600,1.1751,1.1755,1.17465,1.17505,4937
2026-01-06 11:00,1767697200,1.17505,1.1751,1.17425,1.1744,3898
2026-01-06 12:00,1767700800,1.17445,1.175,1.17345,1.17395,7180
2026-01-06 13:00,1767704400,1.17395,1.17515,1.17355,1.1749,8840
2026-01-06 14:00,1767708000,1.17495,1.17555,1.17375,1.1747,11500
2026-01-06 15:00,1767711600,1.17465,1.1747,1.1722,1.17335,20145
2026-01-06 16:00,1767715200,1.1733,1.1736,1.17235,1.17265,16397
2026-01-06 17:00,1767718800,1.1726,1.17385,1.1726,1.17385,7743
2026-01-06 18:00,1767722400,1.17385,1.174,1.1725,1.17275,8308
2026-01-06 19:00,1767726000,1.17275,1.1729,1.1722,1.1728,6218
2026-01-06 20:00,1767729600,1.1729,1.17315,1.17245,1.17255,4530
2026-01-06 21:00,1767733200,1.1725,1.1727,1.17225,1.17265,3381
2026-01-06 23:00,1767740400,1.1725,1.1728,1.17245,1.1725,0
2026-01-07 00:00,1767744000,1.1725,1.1732,1.1723,1.1729,1781
2026-01-07 01:00,1767747600,1.1729,1.17375,1.17275,1.1733,2108
2026-01-07 02:00,1767751200,1.1733,1.174,1.17325,1.17335,1317
2026-01-07 03:00,1767754800,1.17335,1.17375,1.17335,1.1736,989
2026-01-07 04:00,1767758400,1.1736,1.17395,1.17285,1.1729,1553
2026-01-07 05:00,1767762000,1.173,1.17315,1.17285,1.17305,895
2026-01-07 06:00,1767765600,1.173,1.1737,1.17295,1.1735,1489
2026-01-07 07:00,1767769200,1.17345,1.1736,1.17165,1.172,7081
2026-01-07 08:00,1767772800,1.172,1.17245,1.17105,1.17235,7051
2026-01-07 09:00,1767776400,1.1723,1.17245,1.17185,1.17215,4660
2026-01-07 10:00,1767780000,1.1722,1.17315,1.1721,1.1726,5148
2026-01-07 11:00,1767783600,1.17255,1.173,1.17225,1.17265,3684
2026-01-07 12:00,1767787200,1.17265,1.17285,1.1719,1.1726,5436
2026-01-07 13:00,1767790800,1.1725,1.17325,1.17195,1.17285,8995
2026-01-07 14:00,1767794400,1.1729,1.1736,1.1724,1.1734,9568
2026-01-07 15:00,1767798000,1.17335,1.1736,1.17175,1.1728,20089
2026-01-07 16:00,1767801600,1.17275,1.17305,1.17195,1.17265,10072
2026-01-07 17:00,1767805200,1.1727,1.1732,1.1724,1.17255,4806
2026-01-07 18:00,1767808800,1.1725,1.17275,1.17195,1.17205,4261
2026-01-07 19:00,1767812400,1.172,1.1723,1.1716,1.17195,4536
2026-01-07 20:00,1767816000,1.172,1.1721,1.17165,1.17165,3259
2026-01-07 21:00,1767819600,1.17165,1.17175,1.1711,1.17125,2530
2026-01-07 23:00,1767826800,1.1714,1.1714,1.17105,1.1713,0
2026-01-08 00:00,1767830400,1.1713,1.1714,1.17115,1.17115,1146
2026-01-08 01:00,1767834000,1.1711,1.17135,1.17085,1.17105,1165
2026-01-08 02:00,1767837600,1.1711,1.17165,1.1708,1.1716,1072
2026-01-08 03:00,1767841200,1.1716,1.17185,1.17145,1.1716,1013
2026-01-08 04:00,1767844800,1.17155,1.1717,1.1714,1.1716,664
2026-01-08 05:00,1767848400,1.17155,1.1719,1.1713,1.17185,1175
2026-01-08 06:00,1767852000,1.1718,1.17185,1.1711,1.17175,2135
2026-01-08 07:00,1767855600,1.1717,1.17185,1.1713,1.17135,3729
2026-01-08 08:00,1767859200,1.1714,1.1715,1.17045,1.1707,9454
2026-01-08 09:00,1767862800,1.17065,1.1713,1.1705,1.17125,6438
2026-01-08 10:00,1767866400,1.1713,1.17175,1.1711,1.17155,4992
2026-01-08 11:00,1767870000,1.17155,1.1716,1.1711,1.17135,2514
2026-01-08 12:00,1767873600,1.17125,1.17135,1.17055,1.1709,7272
2026-01-08 13:00,1767877200,1.17095,1.17135,1.16935,1.16985,14432
2026-01-08 14:00,1767880800,1.1698,1.1702,1.16915,1.17,12789
2026-01-08 15:00,1767884400,1.17,1.17095,1.16965,1.17025,11792
2026-01-08 16:00,1767888000,1.1702,1.17035,1.1688,1.169,9050
2026-01-08 17:00,1767891600,1.169,1.1691,1.1679,1.1686,7887
2026-01-08 18:00,1767895200,1.1686,1.1689,1.16805,1.16805,4978
2026-01-08 19:00,1767898800,1.1681,1.16865,1.16785,1.16855,4888
2026-01-08 20:00,1767902400,1.16855,1.169,1.16855,1.1687,3153
2026-01-08 21:00,1767906000,1.1687,1.16985,1.16865,1.1696,4402
2026-01-08 23:00,1767913200,1.1695,1.1697,1.1692,1.16935,0
2026-01-09 00:00,1767916800,1.1693,1.1693,1.1689,1.1689,1195
2026-01-09 01:00,1767920400,1.1689,1.1692,1.16835,1.16845,1699
2026-01-09 02:00,1767924000,1.16845,1.169,1.1681,1.16895,1151
2026-01-09 03:00,1767927600,1.16895,1.1694,1.1689,1.16915,1023
2026-01-09 04:00,1767931200,1.16915,1.1692,1.1687,1.169,507
2026-01-09 05:00,1767934800,1.16895,1.16905,1.1685,1.1686,725
2026-01-09 06:00,1767938400,1.16865,1.1688,1.16835,1.1684,1569
2026-01-09 07:00,1767942000,1.16835,1.1686,1.1675,1.1686,4895
2026-01-09 08:00,1767945600,1.1686,1.16885,1.1676,1.1684,9206
2026-01-09 09:00,1767949200,1.16845,1.1685,1.1677,1.1677,3892
2026-01-09 10:00,1767952800,1.16775,1.1682,1.1672,1.1681,5380
2026-01-09 11:00,1767956400,1.1682,1.1682,1.1677,1.1681,3289
2026-01-09 12:00,1767960000,1.1681,1.16815,1.1675,1.1677,7551
2026-01-09 13:00,1767963600,1.1677,1.1696,1.1656,1.16805,28118
2026-01-09 14:00,1767967200,1.168,1.1688,1.1665,1.16725,21388
2026-01-09 15:00,1767970800,1.1672,1.1676,1.1653,1.1676,21896
2026-01-09 16:00,1767974400,1.16755,1.1679,1.1664,1.16685,10648
2026-01-09 17:00,1767978000,1.16685,1.167,1.16625,1.1667,4754
2026-01-09 18:00,1767981600,1.16675,1.16755,1.16665,1.16695,4460
2026-01-09 19:00,1767985200,1.167,1.1674,1.16685,1.167,4511
2026-01-09 20:00,1767988800,1.167,1.16735,1.16695,1.167,2378
2026-01-09 21:00,1767992400,1.16705,1.1672,1.1665,1.167,3173
2026-01-11 23:00,1768172400,1.16675,1.16675,1.1658,1.1659,1452
2026-01-12 00:00,1768176000,1.1659,1.17005,1.1657,1.17,10975
2026-01-12 01:00,1768179600,1.16995,1.17065,1.16905,1.1691,5816
2026-01-12 02:00,1768183200,1.1691,1.1699,1.1689,1.16895,3688
2026-01-12 03:00,1768186800,1.16895,1.16945,1.16895,1.16905,1257
2026-01-12 04:00,1768190400,1.169,1.16935,1.1688,1.169,705
2026-01-12 05:00,1768194000,1.1691,1.1706,1.1691,1.17045,3149
2026-01-12 06:00,1768197600,1.1704,1.1708,1.16995,1.17045,3831
2026-01-12 07:00,1768201200,1.17045,1.17225,1.17035,1.172,12378
2026-01-12 08:00,1768204800,1.17195,1.17265,1.1711,1.1723,10079
2026-01-12 09:00,1768208400,1.1723,1.17305,1.1716,1.17165,7567
2026-01-12 10:00,1768212000,1.1717,1.17205,1.1711,1.172,4859
2026-01-12 11:00,1768215600,1.172,1.17245,1.17105,1.17135,5969
2026-01-12 12:00,1768219200,1.1714,1.1723,1.1712,1.17165,6496
2026-01-12 13:00,1768222800,1.17165,1.17335,1.17125,1.17275,15040
2026-01-12 14:00,1768226400,1.17275,1.17275,1.17085,1.17115,13546
2026-01-12 15:00,1768230000,1.1712,1.1721,1.17075,1.1716,10573
2026-01-12 16:00,1768233600,1.1716,1.1717,1.17065,1.1707,8310
2026-01-12 17:00,1768237200,1.17065,1.1711,1.1701,1.1704,7475
2026-01-12 18:00,1768240800,1.17035,1.17065,1.17,1.1704,5151
2026-01-12 19:00,1768244400,1.17035,1.1709,1.17025,1.17065,4922
2026-01-12 20:00,1768248000,1.1707,1.17075,1.16965,1.16995,11939
2026-01-12 21:00,1768251600,1.16995,1.17035,1.1699,1.17005,2094
2026-01-12 23:00,1768258800,1.17015,1.1705,1.17,1.1702,0
2026-01-13 00:00,1768262400,1.1702,1.1702,1.16945,1.1698,1910
2026-01-13 01:00,1768266000,1.16975,1.16985,1.169,1.1693,2249
2026-01-13 02:00,1768269600,1.16925,1.16955,1.1691,1.16935,1320
2026-01-13 03:00,1768273200,1.16935,1.16975,1.16905,1.16925,1252
2026-01-13 04:00,1768276800,1.16925,1.17,1.1692,1.1699,1378
2026-01-13 05:00,1768280400,1.1697,1.1702,1.1696,1.1697,1108
2026-01-13 06:00,1768284000,1.1697,1.1697,1.1688,1.1693,3058
2026-01-13 07:00,1768287600,1.16925,1.1699,1.169,1.1698,5621
2026-01-13 08:00,1768291200,1.1698,1.17035,1.1693,1.17035,6119
2026-01-13 09:00,1768294800,1.1703,1.1707,1.1698,1.1706,4742
2026-01-13 10:00,1768298400,1.17065,1.17085,1.16995,1.17005,5143
2026-01-13 11:00,1768302000,1.17,1.17045,1.16985,1.1703,2928
2026-01-13 12:00,1768305600,1.17025,1.1703,1.1687,1.16895,8118
2026-01-13 13:00,1768309200,1.1689,1.1712,1.1684,1.1703,21684
2026-01-13 14:00,1768312800,1.17025,1.17075,1.1691,1.1699,13696
2026-01-13 15:00,1768316400,1.16985,1.16995,1.1678,1.16865,18877
2026-01-13 16:00,1768320000,1.1686,1.16885,1.16685,1.168,13692
2026-01-13 17:00,1768323600,1.16805,1.16825,1.16755,1.16805,4646
2026-01-13 18:00,1768327200,1.168,1.1689,1.16755,1.16875,3690
2026-01-13 19:00,1768330800,1.16875,1.1688,1.16805,1.16835,5074
2026-01-13 20:00,1768334400,1.16835,1.16845,1.1679,1.168,2363
2026-01-13 21:00,1768338000,1.16795,1.1681,1.16765,1.16775,2176
2026-01-13 23:00,1768345200,1.16775,1.16795,1.1676,1.16765,0
2026-01-14 00:00,1768348800,1.16755,1.16775,1.1672,1.1677,1326
2026-01-14 01:00,1768352400,1.1677,1.1677,1.167,1.1672,1533
2026-01-14 02:00,1768356000,1.16725,1.1678,1.167,1.1677,1164
2026-01-14 03:00,1768359600,1.16775,1.16825,1.16775,1.1681,945
2026-01-14 04:00,1768363200,1.1681,1.1682,1.1677,1.1678,635
2026-01-14 05:00,1768366800,1.1677,1.1678,1.16755,1.16755,487
2026-01-14 06:00,1768370400,1.16755,1.1684,1.1675,1.16825,1307
2026-01-14 07:00,1768374000,1.16825,1.1686,1.1678,1.16795,2162
2026-01-14 08:00,1768377600,1.16795,1.1684,1.16745,1.1681,6597
2026-01-14 09:00,1768381200,1.1681,1.16875,1.168,1.16855,6193
2026-01-14 10:00,1768384800,1.16855,1.1692,1.16805,1.16885,5940
2026-01-14 11:00,1768388400,1.16885,1.1689,1.1678,1.16805,4438
2026-01-14 12:00,1768392000,1.1681,1.16935,1.16785,1.16935,9453
2026-01-14 13:00,1768395600,1.16935,1.1694,1.1676,1.16835,10487
2026-01-14 14:00,1768399200,1.16835,1.1694,1.16825,1.16895,8258
2026-01-14 15:00,1768402800,1.169,1.16945,1.16825,1.16935,10994
2026-01-14 16:00,1768406400,1.16935,1.16955,1.1686,1.16885,8492
2026-01-14 17:00,1768410000,1.1688,1.1689,1.16795,1.1681,4122
2026-01-14 18:00,1768413600,1.16805,1.1681,1.16715,1.16715,5629
2026-01-14 19:00,1768417200,1.16715,1.1673,1.1669,1.167,4663
2026-01-14 20:00,1768420800,1.16695,1.1681,1.16695,1.16765,7620
2026-01-14 21:00,1768424400,1.16765,1.168,1.1676,1.16775,2020
2026-01-14 23:00,1768431600,1.1676,1.16785,1.1676,1.16765,0
2026-01-15 00:00,1768435200,1.1676,1.1677,1.1667,1.1669,3353
2026-01-15 01:00,1768438800,1.1669,1.1673,1.16645,1.16705,2473
2026-01-15 02:00,1768442400,1.16695,1.16725,1.16675,1.16715,955
2026-01-15 03:00,1768446000,1.16715,1.16725,1.1668,1.167,872
2026-01-15 04:00,1768449600,1.16705,1.16705,1.16655,1.1666,448
2026-01-15 05:00,1768453200,1.1669,1.1669,1.1666,1.16665,1329
2026-01-15 06:00,1768456800,1.16665,1.16695,1.1661,1.1664,2589
2026-01-15 07:00,1768460400,1.1664,1.16675,1.1657,1.166,5552
2026-01-15 08:00,1768464000,1.16595,1.16665,1.1658,1.1662,8272
2026-01-15 09:00,1768467600,1.1662,1.1671,1.16615,1.1667,7685
2026-01-15 10:00,1768471200,1.16675,1.1672,1.16645,1.1667,5834
2026-01-15 11:00,1768474800,1.1667,1.16695,1.16615,1.16625,4083
2026-01-15 12:00,1768478400,1.16615,1.16665,1.16515,1.16545,9210
2026-01-15 13:00,1768482000,1.16545,1.1656,1.16295,1.16325,25068
2026-01-15 14:00,1768485600,1.1632,1.1642,1.1624,1.16315,20256
2026-01-15 15:00,1768489200,1.1632,1.1641,1.1628,1.16335,18071
2026-01-15 16:00,1768492800,1.1634,1.16425,1.16295,1.16355,12538
2026-01-15 17:00,1768496400,1.1636,1.1645,1.16345,1.164,7110
2026-01-15 18:00,1768500000,1.16405,1.16465,1.164,1.1646,4273
2026-01-15 19:00,1768503600,1.16465,1.1649,1.16425,1.16445,5302
2026-01-15 20:00,1768507200,1.16445,1.16465,1.16345,1.16355,7139
2026-01-15 21:00,1768510800,1.1635,1.1642,1.16345,1.16405,1740
2026-01-15 23:00,1768518000,1.16385,1.16415,1.16375,1.164,0
2026-01-16 00:00,1768521600,1.164,1.1641,1.1634,1.1635,1733
2026-01-16 01:00,1768525200,1.16345,1.16395,1.16335,1.1638,1264
2026-01-16 02:00,1768528800,1.16385,1.16455,1.16375,1.16405,2381
2026-01-16 03:00,1768532400,1.1641,1.16435,1.1638,1.1643,973
2026-01-16 04:00,1768536000,1.16435,1.16445,1.16415,1.16425,846
2026-01-16 05:00,1768539600,1.1642,1.1642,1.1637,1.1638,756
2026-01-16 06:00,1768543200,1.1638,1.1641,1.1635,1.16405,1540
2026-01-16 07:00,1768546800,1.164,1.1646,1.16395,1.1643,6351
2026-01-16 08:00,1768550400,1.16435,1.1646,1.164,1.16405,5189
2026-01-16 09:00,1768554000,1.16405,1.16465,1.1639,1.1639,4178
2026-01-16 10:00,1768557600,1.164,1.1649,1.1639,1.16445,7109
2026-01-16 11:00,1768561200,1.1644,1.16545,1.16435,1.165,7104
2026-01-16 12:00,1768564800,1.16505,1.1653,1.16445,1.16505,5954
2026-01-16 13:00,1768568400,1.165,1.1652,1.16425,1.16495,9241
2026-01-16 14:00,1768572000,1.165,1.1652,1.16435,1.1649,9879
2026-01-16 15:00,1768575600,1.165,1.16585,1.16155,1.16245,46451
2026-01-16 16:00,1768579200,1.1625,1.1637,1.1625,1.1629,16906
2026-01-16 17:00,1768582800,1.16295,1.1634,1.1626,1.16265,6715
2026-01-16 18:00,1768586400,1.16265,1.16305,1.16205,1.16265,4887
2026-01-16 19:00,1768590000,1.16265,1.16285,1.1622,1.16275,4707
2026-01-16 20:00,1768593600,1.16275,1.16335,1.16265,1.16305,2891
2026-01-16 21:00,1768597200,1.163,1.16335,1.16285,1.16305,1608
2026-01-19 04:00,1768795200,1.1627,1.1665,1.1627,1.16635,1292
2026-01-20 05:00,1768885200,1.16955,1.17025,1.16935,1.16935,2880
2026-01-20 06:00,1768888800,1.16935,1.17,1.1693,1.1699,2177
2026-01-20 07:00,1768892400,1.16985,1.1725,1.1694,1.17195,12519
2026-01-20 08:00,1768896000,1.17195,1.17525,1.1718,1.1747,26695
2026-01-20 09:00,1768899600,1.1747,1.17635,1.17465,1.1757,20216
2026-01-20 10:00,1768903200,1.17565,1.1763,1.17465,1.1762,14013
2026-01-20 11:00,1768906800,1.1762,1.177,1.1753,1.1766,11424
2026-01-20 12:00,1768910400,1.17655,1.17745,1.17565,1.1757,13943
2026-01-20 13:00,1768914000,1.17565,1.1801,1.1749,1.17645,43582
2026-01-20 14:00,1768917600,1.1764,1.1768,1.1746,1.175,21053
2026-01-20 15:00,1768921200,1.17505,1.1768,1.1747,1.1758,15051
2026-01-20 16:00,1768924800,1.17575,1.17705,1.17575,1.177,14614
2026-01-20 17:00,1768928400,1.17695,1.17735,1.17605,1.17625,7838
2026-01-20 18:00,1768932000,1.1762,1.17645,1.17575,1.17575,3881
2026-01-20 19:00,1768935600,1.17575,1.1759,1.17415,1.1743,18326
2026-01-20 20:00,1768939200,1.1743,1.17515,1.1741,1.17495,8770
2026-01-20 21:00,1768942800,1.17505,1.17575,1.17475,1.1756,3648
2026-01-20 23:00,1768950000,1.1755,1.17595,1.1752,1.17575,0
2026-01-21 00:00,1768953600,1.1757,1.1757,1.17465,1.1754,1922
2026-01-21 01:00,1768957200,1.1754,1.17645,1.1753,1.1759,2605
2026-01-21 02:00,1768960800,1.17595,1.17615,1.17545,1.17565,1611
2026-01-21 03:00,1768964400,1.1757,1.1759,1.1741,1.1749,4154
2026-01-21 04:00,1768968000,1.17495,1.1751,1.17445,1.17485,1658
2026-01-21 05:00,1768971600,1.17515,1.1752,1.1746,1.17475,1246
2026-01-21 06:00,1768975200,1.17475,1.1755,1.1746,1.17535,2831
2026-01-21 07:00,1768978800,1.17535,1.17555,1.174,1.17475,8692
2026-01-21 08:00,1768982400,1.17475,1.17495,1.1735,1.17405,9493
2026-01-21 09:00,1768986000,1.174,1.1743,1.17315,1.1734,5429
2026-01-21 10:00,1768989600,1.17335,1.17385,1.17315,1.1737,6091
2026-01-21 11:00,1768993200,1.1737,1.1751,1.1734,1.1744,7521
2026-01-21 12:00,1768996800,1.17445,1.17655,1.1742,1.1765,7476
2026-01-21 13:00,1769000400,1.1765,1.1773,1.17585,1.17695,12640
2026-01-21 14:00,1769004000,1.17695,1.1771,1.17455,1.1755,22433
2026-01-21 15:00,1769007600,1.17545,1.1759,1.17305,1.17325,27090
2026-01-21 16:00,1769011200,1.17325,1.1741,1.1725,1.1733,17867
2026-01-21 17:00,1769014800,1.17335,1.17415,1.1727,1.1733,7208
2026-01-21 18:00,1769018400,1.17335,1.17335,1.1724,1.1727,4798
2026-01-21 19:00,1769022000,1.1727,1.17355,1.1707,1.17215,24721
2026-01-21 20:00,1769025600,1.17215,1.1722,1.17065,1.1717,9427
2026-01-21 21:00,1769029200,1.17175,1.17195,1.1714,1.17155,2137
2026-01-21 23:00,1769036400,1.17125,1.1714,1.16975,1.17015,0
2026-01-22 00:00,1769040000,1.17015,1.17185,1.17015,1.17155,3216
2026-01-22 01:00,1769043600,1.17155,1.17185,1.171,1.1717,2150
2026-01-22 02:00,1769047200,1.1717,1.1722,1.1712,1.1714,1950
2026-01-22 03:00,1769050800,1.17145,1.17185,1.17135,1.1717,675
2026-01-22 04:00,1769054400,1.17175,1.1726,1.1717,1.172,1156
2026-01-22 05:00,1769058000,1.17195,1.17205,1.1713,1.17165,1279
2026-01-22 06:00,1769061600,1.1717,1.172,1.1713,1.17165,1948
2026-01-22 07:00,1769065200,1.17165,1.17245,1.1713,1.1719,4246
2026-01-22 08:00,1769068800,1.17185,1.1723,1.1712,1.1717,8773
2026-01-22 09:00,1769072400,1.17175,1.17255,1.1716,1.1721,6830
2026-01-22 10:00,1769076000,1.1721,1.17235,1.17145,1.17235,3947
2026-01-22 11:00,1769079600,1.1723,1.17325,1.17185,1.173,14842
2026-01-22 12:00,1769083200,1.173,1.17375,1.17285,1.17325,5666
2026-01-22 13:00,1769086800,1.1732,1.1747,1.1729,1.1742,13572
2026-01-22 14:00,1769090400,1.17425,1.17545,1.1739,1.17485,13366
2026-01-22 15:00,1769094000,1.17485,1.17625,1.17465,1.1762,14882
2026-01-22 16:00,1769097600,1.1762,1.1779,1.17615,1.1767,19209
2026-01-22 17:00,1769101200,1.1767,1.17765,1.1755,1.17755,16818
2026-01-22 18:00,1769104800,1.17745,1.1777,1.17715,1.1776,3547
2026-01-22 19:00,1769108400,1.1776,1.17765,1.17695,1.17725,4429
2026-01-22 20:00,1769112000,1.17725,1.17815,1.17705,1.17775,4303
2026-01-22 21:00,1769115600,1.1777,1.17845,1.1775,1.17835,2795
2026-01-22 23:00,1769122800,1.17835,1.17875,1.1781,1.1782,0
2026-01-23 00:00,1769126400,1.17815,1.17815,1.17755,1.1776,2372
2026-01-23 01:00,1769130000,1.1776,1.1782,1.17745,1.17775,2532
2026-01-23 02:00,1769133600,1.1777,1.1778,1.1772,1.17735,2628
2026-01-23 03:00,1769137200,1.17735,1.17765,1.17715,1.17715,1168
2026-01-23 04:00,1769140800,1.17715,1.17785,1.17715,1.1778,713
2026-01-23 05:00,1769144400,1.178,1.1782,1.17775,1.1779,1151
2026-01-23 06:00,1769148000,1.17785,1.1781,1.17695,1.177,3938
2026-01-23 07:00,1769151600,1.17695,1.1775,1.17625,1.1764,13545
2026-01-23 08:00,1769155200,1.17635,1.1773,1.1756,1.1768,10035
2026-01-23 09:00,1769158800,1.1768,1.1773,1.1763,1.17635,6682
2026-01-23 10:00,1769162400,1.1763,1.1764,1.1758,1.1762,5373
2026-01-23 11:00,1769166000,1.17625,1.17685,1.17585,1.17655,4789
2026-01-23 12:00,1769169600,1.1765,1.1772,1.17645,1.17705,4125
2026-01-23 13:00,1769173200,1.17705,1.17755,1.17605,1.17615,9099
2026-01-23 14:00,1769176800,1.17615,1.17765,1.17595,1.17745,9546
2026-01-23 15:00,1769180400,1.17745,1.17895,1.17735,1.17865,16592
2026-01-23 16:00,1769184000,1.17865,1.18035,1.17745,1.17985,19099
2026-01-23 17:00,1769187600,1.1799,1.18265,1.1797,1.1822,22643
2026-01-23 18:00,1769191200,1.18225,1.18235,1.18055,1.18205,15981
2026-01-23 19:00,1769194800,1.18205,1.1843,1.18195,1.184,15439
2026-01-23 20:00,1769198400,1.184,1.18545,1.1838,1.1849,13029
2026-01-23 21:00,1769202000,1.18495,1.1862,1.1849,1.18605,8765
2026-01-25 23:00,1769382000,1.1913,1.1926,1.18815,1.1887,9360
2026-01-26 00:00,1769385600,1.18875,1.1891,1.1872,1.1889,8646
2026-01-26 01:00,1769389200,1.1889,1.1897,1.18825,1.18855,7579
2026-01-26 02:00,1769392800,1.1885,1.19045,1.18835,1.1895,6159
2026-01-26 03:00,1769396400,1.1895,1.1895,1.1886,1.18895,3206
2026-01-26 04:00,1769400000,1.189,1.18965,1.18835,1.1887,2452
2026-01-26 05:00,1769403600,1.1887,1.1897,1.1886,1.18925,2197
2026-01-26 06:00,1769407200,1.1893,1.1893,1.18785,1.18795,4580
2026-01-26 07:00,1769410800,1.18795,1.18905,1.18645,1.18665,14754
2026-01-26 08:00,1769414400,1.18665,1.1887,1.1866,1.18815,17123
2026-01-26 09:00,1769418000,1.1882,1.1895,1.187,1.18915,11121
2026-01-26 10:00,1769421600,1.18915,1.1893,1.18815,1.18885,9048
2026-01-26 11:00,1769425200,1.1888,1.1888,1.18765,1.1884,8531
2026-01-26 12:00,1769428800,1.18835,1.18845,1.18675,1.187,9827
2026-01-26 13:00,1769432400,1.187,1.1885,1.18625,1.18835,16520
2026-01-26 14:00,1769436000,1.1884,1.19075,1.188,1.1907,17076
2026-01-26 15:00,1769439600,1.1907,1.19245,1.1898,1.1923,20825
2026-01-26 16:00,1769443200,1.19225,1.19345,1.19075,1.1914,23647
2026-01-26 17:00,1769446800,1.19135,1.19195,1.19025,1.19065,9440
2026-01-26 18:00,1769450400,1.1907,1.1918,1.1906,1.19065,6536
2026-01-26 19:00,1769454000,1.1907,1.191,1.18985,1.19075,14444
2026-01-26 20:00,1769457600,1.19075,1.19115,1.1905,1.19105,4215
2026-01-26 21:00,1769461200,1.19105,1.1914,1.1902,1.1909,3675
2026-01-26 23:00,1769468400,1.1906,1.19095,1.1899,1.1901,0
2026-01-27 00:00,1769472000,1.1901,1.19105,1.19,1.1905,4666
2026-01-27 01:00,1769475600,1.19045,1.1909,1.1901,1.1906,4480
2026-01-27 02:00,1769479200,1.1906,1.1927,1.19035,1.19205,3967
2026-01-27 03:00,1769482800,1.19205,1.19205,1.1907,1.1907,2656
2026-01-27 04:00,1769486400,1.19075,1.19095,1.1897,1.19,2441
2026-01-27 05:00,1769490000,1.19015,1.1906,1.1899,1.1904,1043
2026-01-27 06:00,1769493600,1.19035,1.19085,1.1898,1.18995,2718
2026-01-27 07:00,1769497200,1.18995,1.1903,1.18885,1.1891,9330
2026-01-27 08:00,1769500800,1.18915,1.18945,1.18775,1.1888,14850
2026-01-27 09:00,1769504400,1.18875,1.19175,1.1886,1.19155,15095
2026-01-27 10:00,1769508000,1.1916,1.1917,1.1901,1.1916,12365
2026-01-27 11:00,1769511600,1.19165,1.1924,1.19125,1.19225,7518
2026-01-27 12:00,1769515200,1.19225,1.19615,1.19215,1.19555,30049
2026-01-27 13:00,1769518800,1.1955,1.1966,1.19415,1.19505,23505
2026-01-27 14:00,1769522400,1.19505,1.19835,1.1946,1.19715,28092
2026-01-27 15:00,1769526000,1.1971,1.20005,1.19705,1.19785,36355
2026-01-27 16:00,1769529600,1.1978,1.2018,1.1977,1.20065,27935
2026-01-27 17:00,1769533200,1.20065,1.2011,1.1986,1.2008,25903
2026-01-27 18:00,1769536800,1.20075,1.2015,1.1999,1.20055,11671
2026-01-27 19:00,1769540400,1.2005,1.20085,1.19985,1.2005,10597
2026-01-27 20:00,1769544000,1.2005,1.21105,1.19995,1.20575,59423
2026-01-27 21:00,1769547600,1.2057,1.20775,1.2051,1.207,14117
2026-01-27 23:00,1769554800,1.20735,1.2074,1.2043,1.20495,0
2026-01-28 00:00,1769558400,1.20495,1.205,1.20345,1.2042,10530
2026-01-28 01:00,1769562000,1.2042,1.20425,1.20195,1.20195,6820
2026-01-28 02:00,1769565600,1.202,1.20265,1.2014,1.20245,6362
2026-01-28 03:00,1769569200,1.20245,1.2032,1.2022,1.20235,3183
2026-01-28 04:00,1769572800,1.2024,1.2028,1.2018,1.2028,2294
2026-01-28 05:00,1769576400,1.2008,1.2024,1.2004,1.2024,7320
2026-01-28 06:00,1769580000,1.20235,1.20335,1.20175,1.2022,3745
2026-01-28 07:00,1769583600,1.20225,1.20525,1.20115,1.2018,12917
2026-01-28 08:00,1769587200,1.20185,1.20315,1.1997,1.20075,19472
2026-01-28 09:00,1769590800,1.2007,1.20195,1.2002,1.20135,14121
2026-01-28 10:00,1769594400,1.20135,1.2022,1.19995,1.2016,10681
2026-01-28 11:00,1769598000,1.2016,1.2017,1.1989,1.1995,12130
2026-01-28 12:00,1769601600,1.19945,1.201,1.1993,1.20065,11592
2026-01-28 13:00,1769605200,1.2007,1.2008,1.19785,1.19845,18319
2026-01-28 14:00,1769608800,1.19845,1.20045,1.19795,1.19895,21320
2026-01-28 15:00,1769612400,1.19895,1.1997,1.1949,1.19705,69173
2026-01-28 16:00,1769616000,1.197,1.19795,1.1945,1.1967,23447
2026-01-28 17:00,1769619600,1.1967,1.197,1.1955,1.19675,7071
2026-01-28 18:00,1769623200,1.19675,1.1969,1.1941,1.19485,9279
2026-01-28 19:00,1769626800,1.19485,1.19685,1.1922,1.19665,34428
2026-01-28 20:00,1769630400,1.19675,1.1977,1.19565,1.19725,11999
2026-01-28 21:00,1769634000,1.1972,1.1981,1.19685,1.1981,3907
2026-01-28 23:00,1769641200,1.1982,1.2006,1.19775,1.2006,0
2026-01-29 00:00,1769644800,1.20055,1.201,1.1994,1.19985,5409
2026-01-29 01:00,1769648400,1.19985,1.19985,1.1982,1.19865,4711
2026-01-29 02:00,1769652000,1.19865,1.20005,1.19785,1.19985,5661
2026-01-29 03:00,1769655600,1.1998,1.2012,1.1996,1.2011,3184
2026-01-29 04:00,1769659200,1.20115,1.2016,1.2,1.2015,4323
2026-01-29 05:00,1769662800,1.2016,1.20185,1.2006,1.20065,2768
2026-01-29 06:00,1769666400,1.2006,1.20145,1.20005,1.20095,5307
2026-01-29 07:00,1769670000,1.2009,1.2022,1.19925,1.1999,13788
2026-01-29 08:00,1769673600,1.1999,1.20105,1.19865,1.19935,15730
2026-01-29 09:00,1769677200,1.19935,1.19995,1.19765,1.19805,10608
2026-01-29 10:00,1769680800,1.1981,1.1983,1.1962,1.1967,10984
2026-01-29 11:00,1769684400,1.19675,1.19785,1.1963,1.1972,8069
2026-01-29 12:00,1769688000,1.19725,1.19875,1.1967,1.1986,9039
2026-01-29 13:00,1769691600,1.19855,1.1996,1.19645,1.19805,25233
2026-01-29 14:00,1769695200,1.1982,1.19965,1.1977,1.1995,17670
2026-01-29 15:00,1769698800,1.1995,1.1998,1.1931,1.1954,67314
2026-01-29 16:00,1769702400,1.19545,1.19775,1.1952,1.19675,19181
2026-01-29 17:00,1769706000,1.1968,1.19865,1.19675,1.19805,13904
2026-01-29 18:00,1769709600,1.1981,1.19895,1.19735,1.1983,5433
2026-01-29 19:00,1769713200,1.19825,1.1985,1.1975,1.19765,6847
2026-01-29 20:00,1769716800,1.1976,1.1993,1.19705,1.199,7457
2026-01-29 21:00,1769720400,1.199,1.1997,1.1987,1.19955,2976
2026-01-29 23:00,1769727600,1.19905,1.1999,1.1989,1.1992,0
2026-01-30 00:00,1769731200,1.1992,1.1998,1.19545,1.19565,13415
2026-01-30 01:00,1769734800,1.19565,1.1964,1.19385,1.1941,10982
2026-01-30 02:00,1769738400,1.1942,1.19525,1.1917,1.1943,14581
2026-01-30 03:00,1769742000,1.19435,1.1947,1.1937,1.1944,2366
2026-01-30 04:00,1769745600,1.1944,1.19585,1.1943,1.1948,1921
2026-01-30 05:00,1769749200,1.19535,1.1959,1.1939,1.1949,2290
2026-01-30 06:00,1769752800,1.19485,1.1957,1.19385,1.1942,4490
2026-01-30 07:00,1769756400,1.1943,1.19675,1.1939,1.19615,7242
2026-01-30 08:00,1769760000,1.19625,1.19675,1.19475,1.1957,7936
2026-01-30 09:00,1769763600,1.19575,1.1962,1.19225,1.19315,13044
2026-01-30 10:00,1769767200,1.1932,1.19495,1.1929,1.19445,8379
2026-01-30 11:00,1769770800,1.1946,1.1975,1.1945,1.1973,13659
2026-01-30 12:00,1769774400,1.1973,1.1979,1.1939,1.1944,14018
2026-01-30 13:00,1769778000,1.19435,1.1949,1.1926,1.19365,17411
2026-01-30 14:00,1769781600,1.1937,1.1945,1.1925,1.19305,12976
2026-01-30 15:00,1769785200,1.193,1.193,1.19075,1.19195,33450
2026-01-30 16:00,1769788800,1.1919,1.1922,1.1895,1.191,24980
2026-01-30 17:00,1769792400,1.191,1.19115,1.18905,1.18965,20312
2026-01-30 18:00,1769796000,1.1896,1.19765,1.1879,1.19025,18971
2026-01-30 19:00,1769799600,1.1902,1.19095,1.18885,1.1894,12001
2026-01-30 20:00,1769803200,1.18935,1.1894,1.1877,1.1877,8688
2026-01-30 21:00,1769806800,1.18775,1.18805,1.18735,1.18745,3957
2026-02-01 23:00,1769986800,1.18645,1.1881,1.1863,1.18705,4311
2026-02-02 00:00,1769990400,1.18705,1.1898,1.18705,1.189,5791
2026-02-02 01:00,1769994000,1.189,1.1896,1.18765,1.18945,5696
2026-02-02 02:00,1769997600,1.18945,1.18985,1.18865,1.18865,4054
2026-02-02 03:00,1770001200,1.1887,1.18955,1.1887,1.18875,2770
2026-02-02 04:00,1770004800,1.1888,1.1896,1.18815,1.1885,4490
2026-02-02 05:00,1770008400,1.18865,1.1887,1.18645,1.18745,3583
2026-02-02 06:00,1770012000,1.18745,1.18785,1.1867,1.1877,4733
2026-02-02 07:00,1770015600,1.18775,1.18875,1.1875,1.1877,7698
2026-02-02 08:00,1770019200,1.18775,1.189,1.18675,1.18745,10778
2026-02-02 09:00,1770022800,1.1874,1.18885,1.18685,1.1886,9088
2026-02-02 10:00,1770026400,1.18855,1.1894,1.18825,1.18885,9326
2026-02-02 11:00,1770030000,1.18885,1.1895,1.1884,1.18885,5722
2026-02-02 12:00,1770033600,1.1888,1.18935,1.1866,1.18735,7513
2026-02-02 13:00,1770037200,1.1874,1.1874,1.18405,1.18445,16223
2026-02-02 14:00,1770040800,1.1844,1.18535,1.1829,1.18455,23577
2026-02-02 15:00,1770044400,1.18445,1.18445,1.18135,1.1816,34092
2026-02-02 16:00,1770048000,1.18155,1.18315,1.1814,1.1829,24289
2026-02-02 17:00,1770051600,1.18295,1.1836,1.18185,1.18235,18114
2026-02-02 18:00,1770055200,1.1824,1.1825,1.1801,1.18035,17028
2026-02-02 19:00,1770058800,1.18035,1.1815,1.1799,1.18125,16688
2026-02-02 20:00,1770062400,1.1812,1.18155,1.18035,1.1815,6179
2026-02-02 21:00,1770066000,1.1815,1.1818,1.1812,1.18145,3265
2026-02-02 23:00,1770073200,1.18165,1.18215,1.181,1.18215,0
2026-02-03 00:00,1770076800,1.18215,1.183,1.1821,1.1829,2678
2026-02-03 01:00,1770080400,1.18295,1.1838,1.18245,1.18365,2903
2026-02-03 02:00,1770084000,1.18365,1.1837,1.18235,1.18245,2015
2026-02-03 03:00,1770087600,1.1824,1.18355,1.1824,1.18325,2525
2026-02-03 04:00,1770091200,1.1832,1.18395,1.1832,1.1832,1840
2026-02-03 05:00,1770094800,1.18335,1.1836,1.1828,1.1832,1666
2026-02-03 06:00,1770098400,1.18315,1.1839,1.1831,1.18365,2823
2026-02-03 07:00,1770102000,1.1836,1.1847,1.18325,1.1838,9145
2026-02-03 08:00,1770105600,1.18385,1.18425,1.1827,1.1836,8751
2026-02-03 09:00,1770109200,1.1836,1.18385,1.18155,1.18155,8581
2026-02-03 10:00,1770112800,1.18155,1.1823,1.18095,1.181,6092
2026-02-03 11:00,1770116400,1.181,1.18175,1.18055,1.181,6859
2026-02-03 12:00,1770120000,1.181,1.1823,1.181,1.18195,7005
2026-02-03 13:00,1770123600,1.182,1.18295,1.18155,1.1819,10969
2026-02-03 14:00,1770127200,1.18195,1.1824,1.1803,1.18135,15690
2026-02-03 15:00,1770130800,1.1814,1.1837,1.1809,1.1836,16837
2026-02-03 16:00,1770134400,1.18355,1.1844,1.1833,1.1841,11857
2026-02-03 17:00,1770138000,1.1841,1.18525,1.1836,1.1839,11253
2026-02-03 18:00,1770141600,1.18385,1.18455,1.1832,1.1832,6074
2026-02-03 19:00,1770145200,1.18315,1.18405,1.18285,1.1836,6811
2026-02-03 20:00,1770148800,1.1836,1.1845,1.18325,1.1844,4844
2026-02-03 21:00,1770152400,1.18435,1.18485,1.18405,1.18445,2280
2026-02-03 23:00,1770159600,1.184,1.1843,1.1835,1.1838,0
2026-02-04 00:00,1770163200,1.1838,1.184,1.1831,1.18365,2076
2026-02-04 01:00,1770166800,1.18365,1.18545,1.18345,1.1848,1941
2026-02-04 02:00,1770170400,1.18485,1.1854,1.1841,1.1844,1198
2026-02-04 03:00,1770174000,1.1845,1.185,1.1843,1.18495,918
2026-02-04 04:00,1770177600,1.1849,1.1858,1.1848,1.18575,1180
2026-02-04 05:00,1770181200,1.1857,1.18585,1.1853,1.1856,1025
2026-02-04 06:00,1770184800,1.18555,1.18585,1.18515,1.1852,1426
2026-02-04 07:00,1770188400,1.1852,1.18565,1.18465,1.1854,5000
2026-02-04 08:00,1770192000,1.1854,1.18605,1.1846,1.1851,6243
2026-02-04 09:00,1770195600,1.18515,1.1855,1.18335,1.18365,6171
2026-02-04 10:00,1770199200,1.1836,1.18405,1.18265,1.1836,5742
2026-02-04 11:00,1770202800,1.18355,1.18375,1.1828,1.1833,4891
2026-02-04 12:00,1770206400,1.18325,1.1847,1.1832,1.1844,6036
2026-02-04 13:00,1770210000,1.1844,1.185,1.18335,1.18445,9552
2026-02-04 14:00,1770213600,1.18445,1.1848,1.18245,1.1837,13683
2026-02-04 15:00,1770217200,1.18365,1.18445,1.1815,1.1819,18282
2026-02-04 16:00,1770220800,1.1819,1.18275,1.18125,1.18245,17862
2026-02-04 17:00,1770224400,1.1825,1.1837,1.1816,1.1819,11599
2026-02-04 18:00,1770228000,1.182,1.1824,1.1817,1.18225,5547
2026-02-04 19:00,1770231600,1.1823,1.1832,1.18165,1.18315,8276
2026-02-04 20:00,1770235200,1.18315,1.18315,1.18235,1.1826,3145
2026-02-04 21:00,1770238800,1.18265,1.18305,1.1825,1.18295,1172
2026-02-04 23:00,1770246000,1.183,1.183,1.1821,1.18215,0
2026-02-05 00:00,1770249600,1.18225,1.1825,1.18205,1.1825,1333
2026-02-05 01:00,1770253200,1.1825,1.18285,1.18225,1.18245,1265
2026-02-05 02:00,1770256800,1.18245,1.18255,1.1805,1.1806,3321
2026-02-05 03:00,1770260400,1.1806,1.18115,1.18035,1.181,1863
2026-02-05 04:00,1770264000,1.181,1.18115,1.1807,1.1809,676
2026-02-05 05:00,1770267600,1.1807,1.1811,1.1805,1.18105,1424
2026-02-05 06:00,1770271200,1.18105,1.1812,1.1805,1.1811,2160
2026-02-05 07:00,1770274800,1.18105,1.1824,1.18105,1.18195,5924
2026-02-05 08:00,1770278400,1.1819,1.1829,1.1816,1.18235,7245
2026-02-05 09:00,1770282000,1.1823,1.1823,1.1801,1.1801,10722
2026-02-05 10:00,1770285600,1.18015,1.18125,1.1801,1.18085,5792
2026-02-05 11:00,1770289200,1.18085,1.1816,1.1807,1.18145,3300
2026-02-05 12:00,1770292800,1.18135,1.1824,1.1806,1.182,13227
2026-02-05 13:00,1770296400,1.182,1.18365,1.1811,1.1832,17518
2026-02-05 14:00,1770300000,1.1832,1.18425,1.1816,1.18185,31734
2026-02-05 15:00,1770303600,1.1818,1.18325,1.1802,1.1812,25965
2026-02-05 16:00,1770307200,1.18115,1.1824,1.18055,1.18215,11558
2026-02-05 17:00,1770310800,1.1822,1.1825,1.1817,1.18215,5765
2026-02-05 18:00,1770314400,1.1822,1.18235,1.1813,1.18145,4045
2026-02-05 19:00,1770318000,1.1814,1.1818,1.18135,1.1815,4453
2026-02-05 20:00,1770321600,1.1815,1.1815,1.18005,1.1802,6169
2026-02-05 21:00,1770325200,1.18015,1.1805,1.17955,1.17975,7001
2026-02-05 23:00,1770332400,1.1801,1.1801,1.1794,1.17965,0
2026-02-06 00:00,1770336000,1.17965,1.18035,1.17855,1.1803,4186
2026-02-06 01:00,1770339600,1.18025,1.18085,1.1799,1.1805,3566
2026-02-06 02:00,1770343200,1.18055,1.18115,1.1805,1.18075,1859
2026-02-06 03:00,1770346800,1.18075,1.181,1.18055,1.18075,1270
2026-02-06 04:00,1770350400,1.18075,1.18165,1.1807,1.18145,2511
2026-02-06 05:00,1770354000,1.18165,1.18215,1.1815,1.1818,1649
2026-02-06 06:00,1770357600,1.1818,1.1822,1.18145,1.1817,3818
2026-02-06 07:00,1770361200,1.18175,1.1818,1.18085,1.1811,3351
2026-02-06 08:00,1770364800,1.18115,1.1816,1.1805,1.1812,10512
2026-02-06 09:00,1770368400,1.18125,1.18185,1.181,1.18115,5622
2026-02-06 10:00,1770372000,1.18115,1.182,1.181,1.18125,4553
2026-02-06 11:00,1770375600,1.1812,1.18135,1.1806,1.181,4603
2026-02-06 12:00,1770379200,1.181,1.18135,1.18085,1.1813,5272
2026-02-06 13:00,1770382800,1.1813,1.1831,1.18125,1.18305,8947
2026-02-06 14:00,1770386400,1.183,1.18465,1.183,1.1841,19987
2026-02-06 15:00,1770390000,1.18415,1.1844,1.1825,1.18395,16568
2026-02-06 16:00,1770393600,1.1839,1.1842,1.183,1.18325,10903
2026-02-06 17:00,1770397200,1.1832,1.1841,1.18305,1.1838,5457
2026-02-06 18:00,1770400800,1.18385,1.1843,1.18375,1.18395,3583
2026-02-06 19:00,1770404400,1.1839,1.18415,1.18345,1.1839,4162
2026-02-06 20:00,1770408000,1.1839,1.18435,1.18385,1.1842,4651
2026-02-06 21:00,1770411600,1.18425,1.18445,1.18335,1.18395,3090
2026-02-08 23:00,1770591600,1.18315,1.18475,1.1829,1.1846,2000
2026-02-09 00:00,1770595200,1.1846,1.1853,1.18435,1.18505,3032
2026-02-09 01:00,1770598800,1.18505,1.18525,1.18445,1.1845,3031
2026-02-09 02:00,1770602400,1.1845,1.18455,1.18355,1.18395,1764
2026-02-09 03:00,1770606000,1.18395,1.18445,1.18375,1.18385,1196
2026-02-09 04:00,1770609600,1.18385,1.18455,1.1838,1.18455,805
2026-02-09 05:00,1770613200,1.18465,1.1856,1.18455,1.1853,1416
2026-02-09 06:00,1770616800,1.1853,1.18775,1.1853,1.18715,10738
2026-02-09 07:00,1770620400,1.18715,1.188,1.1867,1.18755,8038
2026-02-09 08:00,1770624000,1.18755,1.18845,1.18715,1.18835,7506
2026-02-09 09:00,1770627600,1.18835,1.189,1.18795,1.18815,7684
2026-02-09 10:00,1770631200,1.18815,1.1889,1.1875,1.188,8066
2026-02-09 11:00,1770634800,1.18795,1.18915,1.1875,1.18895,7189
2026-02-09 12:00,1770638400,1.18895,1.19025,1.18895,1.1901,9729
2026-02-09 13:00,1770642000,1.1901,1.19255,1.1901,1.19235,24638
2026-02-09 14:00,1770645600,1.1924,1.19385,1.19225,1.1938,20793
2026-02-09 15:00,1770649200,1.19385,1.19465,1.1923,1.1932,23020
2026-02-09 16:00,1770652800,1.1932,1.19375,1.1913,1.1917,15881
2026-02-09 17:00,1770656400,1.19175,1.19305,1.1917,1.19285,6193
2026-02-09 18:00,1770660000,1.19285,1.1937,1.19235,1.19355,7263
2026-02-09 19:00,1770663600,1.19355,1.1942,1.1932,1.194,7147
2026-02-09 20:00,1770667200,1.19395,1.19405,1.19335,1.1934,4126
2026-02-09 21:00,1770670800,1.1934,1.19355,1.193,1.19345,2971
2026-02-09 23:00,1770678000,1.1936,1.1936,1.19205,1.19225,0
2026-02-10 00:00,1770681600,1.19225,1.19245,1.19175,1.1921,3301
2026-02-10 01:00,1770685200,1.1921,1.193,1.1916,1.1925,3041
2026-02-10 02:00,1770688800,1.1925,1.19335,1.1925,1.19325,1621
2026-02-10 03:00,1770692400,1.19325,1.19365,1.1929,1.19305,1911
2026-02-10 04:00,1770696000,1.1931,1.1932,1.19255,1.19275,1037
2026-02-10 05:00,1770699600,1.1926,1.19295,1.19225,1.1926,1082
2026-02-10 06:00,1770703200,1.1926,1.19325,1.19205,1.1922,2813
2026-02-10 07:00,1770706800,1.19225,1.19295,1.19185,1.19275,4871
2026-02-10 08:00,1770710400,1.1928,1.19345,1.1919,1.19285,9150
2026-02-10 09:00,1770714000,1.19285,1.19395,1.19275,1.19335,6479
2026-02-10 10:00,1770717600,1.1933,1.19365,1.19285,1.1929,4438
2026-02-10 11:00,1770721200,1.1929,1.19295,1.192,1.19235,5161
2026-02-10 12:00,1770724800,1.19235,1.1928,1.191,1.1912,11919
2026-02-10 13:00,1770728400,1.1912,1.19325,1.1907,1.19245,16791
2026-02-10 14:00,1770732000,1.1925,1.1948,1.1922,1.1934,22539
2026-02-10 15:00,1770735600,1.19335,1.19385,1.19155,1.19335,27400
2026-02-10 16:00,1770739200,1.19335,1.1934,1.1916,1.1917,15765
2026-02-10 17:00,1770742800,1.19175,1.19245,1.1912,1.1915,7477
2026-02-10 18:00,1770746400,1.19155,1.1917,1.19095,1.1911,4905
2026-02-10 19:00,1770750000,1.1912,1.1922,1.1906,1.19215,7523
2026-02-10 20:00,1770753600,1.1921,1.19225,1.19135,1.1914,4499
2026-02-10 21:00,1770757200,1.19145,1.1916,1.19115,1.19145,1469
2026-02-10 23:00,1770764400,1.19135,1.19135,1.19055,1.1906,0
2026-02-11 00:00,1770768000,1.1906,1.1919,1.19045,1.19155,2318
2026-02-11 01:00,1770771600,1.19155,1.19205,1.19125,1.1916,2358
2026-02-11 02:00,1770775200,1.1916,1.1931,1.1916,1.19265,4587
2026-02-11 03:00,1770778800,1.1927,1.1932,1.1922,1.193,1463
2026-02-11 04:00,1770782400,1.19295,1.19335,1.19255,1.19265,1307
2026-02-11 05:00,1770786000,1.1928,1.19375,1.19275,1.1937,2202
2026-02-11 06:00,1770789600,1.1937,1.19445,1.1931,1.1934,3895
2026-02-11 07:00,1770793200,1.1934,1.19365,1.19285,1.19365,4298
2026-02-11 08:00,1770796800,1.1936,1.1939,1.1932,1.1937,6324
2026-02-11 09:00,1770800400,1.1937,1.19385,1.19285,1.19365,8760
2026-02-11 10:00,1770804000,1.19365,1.19455,1.1934,1.19405,5942
2026-02-11 11:00,1770807600,1.194,1.19405,1.19235,1.19265,8277
2026-02-11 12:00,1770811200,1.1927,1.19275,1.1917,1.1919,8873
2026-02-11 13:00,1770814800,1.1919,1.1923,1.18515,1.18805,53072
2026-02-11 14:00,1770818400,1.188,1.19015,1.1871,1.18785,25359
2026-02-11 15:00,1770822000,1.18785,1.18905,1.1869,1.1878,22480
2026-02-11 16:00,1770825600,1.18775,1.1902,1.18715,1.19015,12868
2026-02-11 17:00,1770829200,1.19015,1.1912,1.1896,1.1904,10138
2026-02-11 18:00,1770832800,1.1904,1.19095,1.1897,1.19005,5273
2026-02-11 19:00,1770836400,1.19005,1.1903,1.1896,1.1898,5416
2026-02-11 20:00,1770840000,1.18985,1.18995,1.1888,1.18895,4028
2026-02-11 21:00,1770843600,1.18895,1.18925,1.18875,1.18905,0
2026-02-11 23:00,1770850800,1.1891,1.1898,1.1886,1.18915,1717
2026-02-12 00:00,1770854400,1.1891,1.18945,1.1883,1.1893,2559
2026-02-12 01:00,1770858000,1.18925,1.1899,1.189,1.1897,1923
2026-02-12 02:00,1770861600,1.18975,1.19005,1.18915,1.1895,2038
2026-02-12 03:00,1770865200,1.1895,1.1897,1.18815,1.1886,2179
2026-02-12 04:00,1770868800,1.18855,1.1889,1.18765,1.18785,1711
2026-02-12 05:00,1770872400,1.1878,1.18815,1.18745,1.18805,2723
2026-02-12 06:00,1770876000,1.1881,1.1884,1.18685,1.18775,5798
2026-02-12 07:00,1770879600,1.1877,1.1891,1.18755,1.18895,4803
2026-02-12 08:00,1770883200,1.18895,1.1897,1.18875,1.1896,5160
2026-02-12 09:00,1770886800,1.1896,1.1904,1.1896,1.19035,5666
2026-02-12 10:00,1770890400,1.19035,1.19035,1.1891,1.18935,7248
2026-02-12 11:00,1770894000,1.1893,1.1901,1.18915,1.19005,3490
2026-02-12 12:00,1770897600,1.1901,1.19025,1.18835,1.18895,6113
2026-02-12 13:00,1770901200,1.18895,1.19015,1.18875,1.1901,7745
2026-02-12 14:00,1770904800,1.19015,1.19045,1.1891,1.18995,13742
2026-02-12 15:00,1770908400,1.18995,1.19045,1.18945,1.1902,13428
2026-02-12 16:00,1770912000,1.1902,1.19065,1.18785,1.1887,29248
2026-02-12 17:00,1770915600,1.18865,1.1893,1.1876,1.18815,13734
2026-02-12 18:00,1770919200,1.1882,1.18855,1.18725,1.18795,8753
2026-02-12 19:00,1770922800,1.188,1.1888,1.1877,1.1886,6783
2026-02-12 20:00,1770926400,1.1886,1.18865,1.188,1.1886,3118
2026-02-12 21:00,1770930000,1.1886,1.1889,1.18845,1.18865,1362
2026-02-12 23:00,1770937200,1.1887,1.1888,1.1883,1.18855,0
2026-02-13 00:00,1770940800,1.1885,1.18885,1.18825,1.18885,1850
2026-02-13 01:00,1770944400,1.18885,1.18895,1.18795,1.1883,2262
2026-02-13 02:00,1770948000,1.1883,1.1887,1.1879,1.18855,1131
2026-02-13 03:00,1770951600,1.1886,1.18865,1.1882,1.1883,864
2026-02-13 04:00,1770955200,1.18835,1.18835,1.18765,1.18775,817
2026-02-13 05:00,1770958800,1.18755,1.18815,1.1874,1.18755,2998
2026-02-13 06:00,1770962400,1.18755,1.18785,1.187,1.18725,3786
2026-02-13 07:00,1770966000,1.18725,1.1876,1.1863,1.1875,12345
2026-02-13 08:00,1770969600,1.18745,1.1879,1.1872,1.1879,4519
2026-02-13 09:00,1770973200,1.18785,1.1883,1.18765,1.1877,4577
2026-02-13 10:00,1770976800,1.18765,1.1877,1.18695,1.18735,5467
2026-02-13 11:00,1770980400,1.18735,1.18775,1.1871,1.1875,4488
2026-02-13 12:00,1770984000,1.1875,1.188,1.1872,1.18785,5548
2026-02-13 13:00,1770987600,1.18785,1.19045,1.1873,1.18905,20103
2026-02-13 14:00,1770991200,1.189,1.1891,1.18735,1.18755,16708
2026-02-13 15:00,1770994800,1.18755,1.1887,1.1864,1.1865,20491
2026-02-13 16:00,1770998400,1.1865,1.18905,1.1865,1.1885,13408
2026-02-13 17:00,1771002000,1.18855,1.18995,1.1885,1.1891,8352
2026-02-13 18:00,1771005600,1.18915,1.1897,1.18885,1.18905,3513
2026-02-13 19:00,1771009200,1.18905,1.18915,1.18825,1.1883,4320
2026-02-13 20:00,1771012800,1.18825,1.1891,1.18805,1.18905,4527
2026-02-13 21:00,1771016400,1.18905,1.1893,1.1884,1.18845,3424
2026-02-15 23:00,1771196400,1.1883,1.1883,1.18785,1.1882,405
2026-02-16 00:00,1771200000,1.18825,1.1883,1.18765,1.18775,1223
2026-02-16 01:00,1771203600,1.1877,1.18825,1.18745,1.18805,1735
2026-02-16 02:00,1771207200,1.18805,1.18825,1.1877,1.1881,2028
2026-02-16 03:00,1771210800,1.1881,1.1885,1.18795,1.1883,971
2026-02-16 04:00,1771214400,1.1883,1.18835,1.18765,1.1877,788
2026-02-17 05:00,1771304400,1.1855,1.1857,1.18505,1.18565,1880
2026-02-17 06:00,1771308000,1.1857,1.1861,1.1857,1.1859,1648
2026-02-17 07:00,1771311600,1.18595,1.18595,1.18435,1.18475,6925
2026-02-17 08:00,1771315200,1.1848,1.1859,1.1845,1.1856,6859
2026-02-17 09:00,1771318800,1.18565,1.1865,1.1855,1.18615,5329
2026-02-17 10:00,1771322400,1.18615,1.18625,1.18565,1.18585,4436
2026-02-17 11:00,1771326000,1.18585,1.18595,1.1839,1.1846,6745
2026-02-17 12:00,1771329600,1.18465,1.1851,1.1842,1.1843,8863
2026-02-17 13:00,1771333200,1.18425,1.18455,1.1831,1.18375,17114
2026-02-17 14:00,1771336800,1.18375,1.1843,1.18315,1.1839,16803
2026-02-17 15:00,1771340400,1.1839,1.1839,1.182,1.1826,19558
2026-02-17 16:00,1771344000,1.18255,1.18505,1.18255,1.18455,14844
2026-02-17 17:00,1771347600,1.1846,1.1857,1.18445,1.1854,8665
2026-02-17 18:00,1771351200,1.1854,1.1868,1.1854,1.18635,9175
2026-02-17 19:00,1771354800,1.18635,1.18655,1.18585,1.18635,5696
2026-02-17 20:00,1771358400,1.1863,1.1868,1.18625,1.1866,4049
2026-02-17 21:00,1771362000,1.1866,1.1871,1.1865,1.18705,2718
2026-02-17 23:00,1771369200,1.18705,1.18725,1.1865,1.18655,0
2026-02-18 00:00,1771372800,1.18655,1.1868,1.18615,1.1862,1945
2026-02-18 01:00,1771376400,1.18615,1.18625,1.1857,1.1861,1544
2026-02-18 02:00,1771380000,1.186,1.1862,1.1856,1.1859,1191
2026-02-18 03:00,1771383600,1.1859,1.1861,1.18555,1.1856,831
2026-02-18 04:00,1771387200,1.18555,1.1858,1.1854,1.18565,791
2026-02-18 05:00,1771390800,1.1859,1.18605,1.1857,1.18605,675
2026-02-18 06:00,1771394400,1.18605,1.1861,1.1855,1.18595,1215
2026-02-18 07:00,1771398000,1.186,1.1861,1.18475,1.18495,4738
2026-02-18 08:00,1771401600,1.18495,1.1853,1.1843,1.1846,5190
2026-02-18 09:00,1771405200,1.18455,1.1853,1.1843,1.18505,6167
2026-02-18 10:00,1771408800,1.18505,1.18555,1.18455,1.1847,4698
2026-02-18 11:00,1771412400,1.18465,1.18525,1.18455,1.1849,4103
2026-02-18 12:00,1771416000,1.18495,1.1862,1.18485,1.18545,6327
2026-02-18 13:00,1771419600,1.1855,1.18635,1.18385,1.18385,9060
2026-02-18 14:00,1771423200,1.18385,1.18425,1.1827,1.183,17092
2026-02-18 15:00,1771426800,1.183,1.1841,1.1828,1.18375,14536
2026-02-18 16:00,1771430400,1.1837,1.1841,1.18235,1.18245,14358
2026-02-18 17:00,1771434000,1.18245,1.1829,1.18165,1.1821,7921
2026-02-18 18:00,1771437600,1.1821,1.1822,1.1802,1.1805,11526
2026-02-18 19:00,1771441200,1.1805,1.181,1.1798,1.18015,12112
2026-02-18 20:00,1771444800,1.18015,1.1805,1.17965,1.1798,6332
2026-02-18 21:00,1771448400,1.1798,1.1802,1.1796,1.17975,4160
2026-02-18 23:00,1771455600,1.17985,1.18025,1.1797,1.18015,0
2026-02-19 00:00,1771459200,1.18015,1.18045,1.17975,1.1803,4262
2026-02-19 01:00,1771462800,1.18025,1.1808,1.18025,1.18075,2652
2026-02-19 02:00,1771466400,1.1807,1.18085,1.1803,1.18035,1574
2026-02-19 03:00,1771470000,1.1804,1.1806,1.18005,1.18035,1722
2026-02-19 04:00,1771473600,1.18035,1.18045,1.1798,1.1803,1274
2026-02-19 05:00,1771477200,1.1801,1.18055,1.17995,1.18045,1042
2026-02-19 06:00,1771480800,1.18045,1.18135,1.1803,1.18115,2874
2026-02-19 07:00,1771484400,1.1811,1.18165,1.18055,1.18135,8420
2026-02-19 08:00,1771488000,1.18135,1.18185,1.181,1.1814,8462
2026-02-19 09:00,1771491600,1.1814,1.18205,1.1812,1.18125,6474
2026-02-19 10:00,1771495200,1.18125,1.1816,1.18,1.1802,9398
2026-02-19 11:00,1771498800,1.1802,1.18035,1.17895,1.17935,7639
2026-02-19 12:00,1771502400,1.17935,1.1794,1.17795,1.17825,15376
2026-02-19 13:00,1771506000,1.17825,1.17825,1.1764,1.17785,26821
2026-02-19 14:00,1771509600,1.17785,1.17795,1.1755,1.17645,22131
2026-02-19 15:00,1771513200,1.1764,1.1788,1.17615,1.17765,32898
2026-02-19 16:00,1771516800,1.1776,1.17835,1.1771,1.1774,11424
2026-02-19 17:00,1771520400,1.1774,1.1781,1.17695,1.17785,7663
2026-02-19 18:00,1771524000,1.1779,1.1787,1.17775,1.1781,5542
2026-02-19 19:00,1771527600,1.17815,1.17845,1.17715,1.1777,6620
2026-02-19 20:00,1771531200,1.17765,1.1782,1.17765,1.1782,2731
2026-02-19 21:00,1771534800,1.17815,1.1791,1.1781,1.17875,4735
2026-02-19 23:00,1771542000,1.17865,1.17885,1.17805,1.17805,0
2026-02-20 00:00,1771545600,1.1781,1.17845,1.1779,1.1783,2298
2026-02-20 01:00,1771549200,1.17825,1.1784,1.1768,1.1772,3126
2026-02-20 02:00,1771552800,1.17715,1.1772,1.17655,1.1767,1518
2026-02-20 03:00,1771556400,1.17675,1.1771,1.17675,1.1769,911
2026-02-20 04:00,1771560000,1.17695,1.1772,1.1765,1.1766,1216
2026-02-20 05:00,1771563600,1.17635,1.1769,1.17625,1.17675,1609
2026-02-20 06:00,1771567200,1.17675,1.1769,1.1764,1.17675,2015
2026-02-20 07:00,1771570800,1.1767,1.1775,1.1762,1.17635,6549
2026-02-20 08:00,1771574400,1.1763,1.1778,1.17535,1.1773,10076
2026-02-20 09:00,1771578000,1.17735,1.17805,1.1771,1.1779,7594
2026-02-20 10:00,1771581600,1.17795,1.1781,1.177,1.1776,6392
2026-02-20 11:00,1771585200,1.17755,1.17815,1.1772,1.178,4406
2026-02-20 12:00,1771588800,1.17795,1.17835,1.1776,1.17785,10467
2026-02-20 13:00,1771592400,1.1778,1.18095,1.1769,1.17815,18823
2026-02-20 14:00,1771596000,1.17815,1.1788,1.1768,1.1781,13544
2026-02-20 15:00,1771599600,1.17805,1.182,1.1768,1.18005,42783
2026-02-20 16:00,1771603200,1.1801,1.18105,1.17865,1.17925,13141
2026-02-20 17:00,1771606800,1.1793,1.17975,1.1778,1.17925,8015
2026-02-20 18:00,1771610400,1.1793,1.18115,1.17895,1.1799,11042
2026-02-20 19:00,1771614000,1.17985,1.1802,1.1791,1.1793,6850
2026-02-20 20:00,1771617600,1.1793,1.18005,1.179,1.17985,3896
2026-02-20 21:00,1771621200,1.1799,1.1804,1.17925,1.1793,3019
2026-02-22 23:00,1771801200,1.18115,1.1847,1.1811,1.18455,6894
2026-02-23 00:00,1771804800,1.1845,1.18465,1.1835,1.1843,5083
2026-02-23 01:00,1771808400,1.1843,1.18455,1.1833,1.18385,3347
2026-02-23 02:00,1771812000,1.18385,1.1843,1.18355,1.18395,2350
2026-02-23 03:00,1771815600,1.18395,1.184,1.18285,1.1835,2077
2026-02-23 04:00,1771819200,1.18355,1.18355,1.183,1.1833,885
2026-02-23 05:00,1771822800,1.18325,1.18335,1.1827,1.18315,1115
2026-02-23 06:00,1771826400,1.1831,1.1846,1.1829,1.1837,3101
2026-02-23 07:00,1771830000,1.1836,1.18395,1.1831,1.18355,4311
2026-02-23 08:00,1771833600,1.18355,1.1837,1.1819,1.1822,9609
2026-02-23 09:00,1771837200,1.1822,1.1825,1.1812,1.1813,5953
2026-02-23 10:00,1771840800,1.1813,1.18135,1.1807,1.18105,4959
2026-02-23 11:00,1771844400,1.18105,1.18105,1.17925,1.1798,8209
2026-02-23 12:00,1771848000,1.17975,1.1798,1.17865,1.17935,7247
2026-02-23 13:00,1771851600,1.1793,1.181,1.179,1.18075,10499
2026-02-23 14:00,1771855200,1.1808,1.18215,1.1806,1.18175,13063
2026-02-23 15:00,1771858800,1.1818,1.1822,1.1804,1.1807,10530
2026-02-23 16:00,1771862400,1.18065,1.1818,1.18,1.18155,11000
2026-02-23 17:00,1771866000,1.1816,1.18205,1.18025,1.181,7871
2026-02-23 18:00,1771869600,1.181,1.1813,1.1807,1.181,3266
2026-02-23 19:00,1771873200,1.181,1.18125,1.18,1.1803,6147
2026-02-23 20:00,1771876800,1.1803,1.1806,1.1799,1.18005,4618
2026-02-23 21:00,1771880400,1.1801,1.1804,1.1796,1.1797,2100
2026-02-23 23:00,1771887600,1.17975,1.1807,1.17975,1.18045,0
2026-02-24 00:00,1771891200,1.1804,1.18075,1.17985,1.17995,4336
2026-02-24 01:00,1771894800,1.1799,1.1799,1.1783,1.1793,5131
2026-02-24 02:00,1771898400,1.1793,1.1796,1.17895,1.1795,1637
2026-02-24 03:00,1771902000,1.1795,1.17965,1.1786,1.1786,938
2026-02-24 04:00,1771905600,1.17865,1.1788,1.17795,1.1781,1708
2026-02-24 05:00,1771909200,1.1782,1.1792,1.17805,1.17915,1891
2026-02-24 06:00,1771912800,1.17915,1.17935,1.1789,1.17915,2117
2026-02-24 07:00,1771916400,1.17915,1.17935,1.1783,1.17905,7020
2026-02-24 08:00,1771920000,1.17905,1.1801,1.1785,1.17955,6868
2026-02-24 09:00,1771923600,1.1795,1.18045,1.17945,1.1799,10796
2026-02-24 10:00,1771927200,1.17985,1.18025,1.1794,1.17965,4811
2026-02-24 11:00,1771930800,1.1797,1.1797,1.17905,1.1792,4137
2026-02-24 12:00,1771934400,1.17915,1.17945,1.1784,1.17925,5536
2026-02-24 13:00,1771938000,1.17925,1.17925,1.1779,1.1783,9221
2026-02-24 14:00,1771941600,1.17835,1.17895,1.17785,1.1785,9270
2026-02-24 15:00,1771945200,1.17845,1.1792,1.1777,1.1784,16327
2026-02-24 16:00,1771948800,1.17845,1.18015,1.1783,1.17995,9653
2026-02-24 17:00,1771952400,1.18,1.18005,1.17935,1.1797,11248
2026-02-24 18:00,1771956000,1.1797,1.1798,1.17885,1.17895,5870
2026-02-24 19:00,1771959600,1.179,1.1796,1.17875,1.179,4060
2026-02-24 20:00,1771963200,1.17905,1.17945,1.1786,1.17865,3324
2026-02-24 21:00,1771966800,1.1787,1.17885,1.17825,1.17845,1736
2026-02-24 23:00,1771974000,1.17845,1.1787,1.1783,1.17845,0
2026-02-25 00:00,1771977600,1.1785,1.17905,1.1784,1.17885,2510
2026-02-25 01:00,1771981200,1.1789,1.17925,1.1787,1.17885,1732
2026-02-25 02:00,1771984800,1.17885,1.18045,1.17885,1.1803,3242
2026-02-25 03:00,1771988400,1.18035,1.18055,1.17965,1.18005,2338
2026-02-25 04:00,1771992000,1.18005,1.18065,1.1799,1.18065,1107
2026-02-25 05:00,1771995600,1.18065,1.18165,1.18065,1.18115,3438
2026-02-25 06:00,1771999200,1.18115,1.18175,1.1808,1.1816,3359
2026-02-25 07:00,1772002800,1.18155,1.18185,1.18075,1.1808,5205
2026-02-25 08:00,1772006400,1.1808,1.18105,1.18005,1.18005,11261
2026-02-25 09:00,1772010000,1.18005,1.1804,1.1796,1.17985,6712
2026-02-25 10:00,1772013600,1.17985,1.1799,1.179,1.17905,8190
2026-02-25 11:00,1772017200,1.179,1.17915,1.17815,1.1786,6941
2026-02-25 12:00,1772020800,1.17855,1.17975,1.1785,1.1797,6198
2026-02-25 13:00,1772024400,1.1797,1.1801,1.1783,1.1784,11804
2026-02-25 14:00,1772028000,1.1784,1.18,1.17835,1.1797,11665
2026-02-25 15:00,1772031600,1.17975,1.18135,1.17955,1.18125,14066
2026-02-25 16:00,1772035200,1.18125,1.18185,1.18095,1.1815,10951
2026-02-25 17:00,1772038800,1.18145,1.1825,1.18135,1.1818,8239
2026-02-25 18:00,1772042400,1.18185,1.1822,1.1815,1.18155,2968
2026-02-25 19:00,1772046000,1.18155,1.18205,1.18135,1.18165,3194
2026-02-25 20:00,1772049600,1.18165,1.18195,1.18155,1.1817,2485
2026-02-25 21:00,1772053200,1.18165,1.18235,1.1814,1.182,1677
2026-02-25 23:00,1772060400,1.1821,1.18255,1.18195,1.1824,0
2026-02-26 00:00,1772064000,1.18235,1.18285,1.1821,1.1828,1841
2026-02-26 01:00,1772067600,1.18275,1.1838,1.1827,1.1836,2842
2026-02-26 02:00,1772071200,1.1837,1.1838,1.18225,1.18265,2455
2026-02-26 03:00,1772074800,1.18265,1.1831,1.1825,1.1826,1095
2026-02-26 04:00,1772078400,1.1826,1.18275,1.1822,1.18275,1102
2026-02-26 05:00,1772082000,1.1828,1.18315,1.18255,1.18285,2042
2026-02-26 06:00,1772085600,1.18285,1.18315,1.1824,1.1828,2326
2026-02-26 07:00,1772089200,1.18275,1.18275,1.1818,1.18245,4959
2026-02-26 08:00,1772092800,1.1825,1.1825,1.1811,1.18115,7498
2026-02-26 09:00,1772096400,1.18115,1.1815,1.1806,1.18065,6584
2026-02-26 10:00,1772100000,1.1806,1.18085,1.1802,1.1807,4130
2026-02-26 11:00,1772103600,1.1807,1.1814,1.1807,1.1809,7201
2026-02-26 12:00,1772107200,1.18095,1.1819,1.1809,1.18185,3985
2026-02-26 13:00,1772110800,1.18185,1.1826,1.18115,1.18155,8351
2026-02-26 14:00,1772114400,1.1816,1.1825,1.18105,1.1822,9939
2026-02-26 15:00,1772118000,1.18215,1.18235,1.17895,1.1808,24014
2026-02-26 16:00,1772121600,1.1808,1.18085,1.1795,1.1801,8786
2026-02-26 17:00,1772125200,1.1801,1.18025,1.1783,1.17845,10112
2026-02-26 18:00,1772128800,1.1785,1.17965,1.17825,1.17935,11345
2026-02-26 19:00,1772132400,1.17935,1.1807,1.17915,1.18055,7932
2026-02-26 20:00,1772136000,1.1806,1.1812,1.1805,1.18105,4895
2026-02-26 21:00,1772139600,1.181,1.18125,1.1806,1.18065,2250
2026-02-26 23:00,1772146800,1.1805,1.18115,1.18045,1.18115,0
2026-02-27 00:00,1772150400,1.1812,1.1814,1.18045,1.1805,2203
2026-02-27 01:00,1772154000,1.1805,1.18105,1.17975,1.1799,2882
2026-02-27 02:00,1772157600,1.1799,1.18095,1.1799,1.1809,1175
2026-02-27 03:00,1772161200,1.1809,1.1814,1.18085,1.18125,1061
2026-02-27 04:00,1772164800,1.1812,1.18215,1.18105,1.1819,1357
2026-02-27 05:00,1772168400,1.1817,1.182,1.18145,1.1817,1441
2026-02-27 06:00,1772172000,1.18165,1.18195,1.18105,1.18125,1747
2026-02-27 07:00,1772175600,1.18125,1.1828,1.1806,1.1824,6870
2026-02-27 08:00,1772179200,1.1824,1.18305,1.18165,1.1818,7647
2026-02-27 09:00,1772182800,1.1818,1.18205,1.18015,1.18035,9806
2026-02-27 10:00,1772186400,1.1804,1.1812,1.1803,1.1807,4697
2026-02-27 11:00,1772190000,1.1807,1.18125,1.18045,1.1809,3951
2026-02-27 12:00,1772193600,1.1809,1.18165,1.1807,1.18115,5439
2026-02-27 13:00,1772197200,1.18115,1.18155,1.17985,1.1801,13190
2026-02-27 14:00,1772200800,1.1801,1.18245,1.17995,1.1806,15261
2026-02-27 15:00,1772204400,1.1805,1.18255,1.18045,1.18155,22515
2026-02-27 16:00,1772208000,1.1816,1.18335,1.1814,1.1831,13129
2026-02-27 17:00,1772211600,1.1831,1.18355,1.1824,1.1825,8046
2026-02-27 18:00,1772215200,1.18255,1.1828,1.182,1.18265,6897
2026-02-27 19:00,1772218800,1.1826,1.18315,1.1825,1.1828,6401
2026-02-27 20:00,1772222400,1.18275,1.18345,1.1824,1.18245,6019
2026-02-27 21:00,1772226000,1.1825,1.1827,1.182,1.1826,2670
2026-03-01 23:00,1772406000,1.17935,1.17945,1.17645,1.1767,5622
2026-03-02 00:00,1772409600,1.1767,1.17855,1.17635,1.1785,6786
2026-03-02 01:00,1772413200,1.17845,1.18025,1.17835,1.17995,4694
2026-03-02 02:00,1772416800,1.18,1.18015,1.1789,1.1796,2528
2026-03-02 03:00,1772420400,1.1797,1.1804,1.17965,1.17965,2096
2026-03-02 04:00,1772424000,1.1797,1.1798,1.17895,1.17935,1453
2026-03-02 05:00,1772427600,1.1794,1.1794,1.1774,1.17745,1925
2026-03-02 06:00,1772431200,1.17745,1.17745,1.1736,1.174,13861
2026-03-02 07:00,1772434800,1.174,1.1742,1.17115,1.1724,17390
2026-03-02 08:00,1772438400,1.17235,1.1732,1.17055,1.17305,28482
2026-03-02 09:00,1772442000,1.17305,1.17515,1.1729,1.1741,20683
2026-03-02 10:00,1772445600,1.1741,1.17555,1.1741,1.17465,12105
2026-03-02 11:00,1772449200,1.1747,1.1749,1.17345,1.17415,8581
2026-03-02 12:00,1772452800,1.1741,1.1742,1.171,1.17115,17475
2026-03-02 13:00,1772456400,1.1712,1.17265,1.1703,1.17065,29041
2026-03-02 14:00,1772460000,1.17065,1.1732,1.17025,1.1726,27555
2026-03-02 15:00,1772463600,1.1725,1.1725,1.16875,1.1688,32083
2026-03-02 16:00,1772467200,1.16885,1.17025,1.168,1.16975,34362
2026-03-02 17:00,1772470800,1.1698,1.1716,1.1695,1.1715,16851
2026-03-02 18:00,1772474400,1.17155,1.17155,1.16945,1.17025,13103
2026-03-02 19:00,1772478000,1.17025,1.1722,1.1702,1.1719,15562
2026-03-02 20:00,1772481600,1.17195,1.17215,1.16865,1.1698,19391
2026-03-02 21:00,1772485200,1.16985,1.1703,1.16965,1.16975,1717
2026-03-02 23:00,1772492400,1.1697,1.17055,1.16935,1.1702,0
2026-03-03 00:00,1772496000,1.1702,1.1703,1.16935,1.17025,2326
2026-03-03 01:00,1772499600,1.17025,1.1714,1.16995,1.17045,3499
2026-03-03 02:00,1772503200,1.1704,1.1707,1.16935,1.1702,4543
2026-03-03 03:00,1772506800,1.1702,1.1705,1.1694,1.1698,1187
2026-03-03 04:00,1772510400,1.1698,1.1701,1.16865,1.1687,1501
2026-03-03 05:00,1772514000,1.1691,1.16925,1.16725,1.16745,6262
2026-03-03 06:00,1772517600,1.16745,1.1679,1.167,1.1677,5005
2026-03-03 07:00,1772521200,1.16765,1.16765,1.16505,1.16515,20592
2026-03-03 08:00,1772524800,1.16515,1.1654,1.1625,1.163,27025
2026-03-03 09:00,1772528400,1.163,1.16365,1.16055,1.1613,27992
2026-03-03 10:00,1772532000,1.1613,1.162,1.15965,1.1599,21455
2026-03-03 11:00,1772535600,1.1599,1.1611,1.15885,1.16045,24097
2026-03-03 12:00,1772539200,1.16045,1.16225,1.1598,1.162,23611
2026-03-03 13:00,1772542800,1.16205,1.16225,1.15975,1.1598,24822
2026-03-03 14:00,1772546400,1.1598,1.16065,1.1572,1.1575,35521
2026-03-03 15:00,1772550000,1.15745,1.1592,1.15375,1.158,77198
2026-03-03 16:00,1772553600,1.15805,1.16135,1.1576,1.16105,39050
2026-03-03 17:00,1772557200,1.16105,1.1611,1.1594,1.15975,20147
2026-03-03 18:00,1772560800,1.15975,1.16295,1.15975,1.1623,15215
2026-03-03 19:00,1772564400,1.1623,1.16335,1.1607,1.162,18556
2026-03-03 20:00,1772568000,1.16195,1.16315,1.16185,1.1625,12452
2026-03-03 21:00,1772571600,1.16245,1.1625,1.1617,1.1622,3873
2026-03-03 23:00,1772578800,1.16165,1.1627,1.1614,1.16175,0
2026-03-04 00:00,1772582400,1.16175,1.16175,1.1599,1.15995,7007
2026-03-04 01:00,1772586000,1.16,1.16045,1.15815,1.16005,7177
2026-03-04 02:00,1772589600,1.16005,1.16115,1.15985,1.1605,5214
2026-03-04 03:00,1772593200,1.16045,1.16165,1.1602,1.1615,2135
2026-03-04 04:00,1772596800,1.16155,1.16175,1.1597,1.1601,2329
2026-03-04 05:00,1772600400,1.16025,1.16055,1.1594,1.1602,2957
2026-03-04 06:00,1772604000,1.16015,1.16245,1.15965,1.16175,4321
2026-03-04 07:00,1772607600,1.16175,1.16345,1.1617,1.16225,12841
2026-03-04 08:00,1772611200,1.1623,1.16235,1.16015,1.16065,13453
2026-03-04 09:00,1772614800,1.1606,1.16265,1.1599,1.16155,13032
2026-03-04 10:00,1772618400,1.1616,1.1654,1.16155,1.1641,25356
2026-03-04 11:00,1772622000,1.16405,1.1662,1.1637,1.16415,11998
2026-03-04 12:00,1772625600,1.16415,1.1655,1.163,1.1637,10204
2026-03-04 13:00,1772629200,1.16365,1.1659,1.16365,1.16375,16143
2026-03-04 14:00,1772632800,1.16375,1.16475,1.16275,1.16315,21942
2026-03-04 15:00,1772636400,1.1631,1.1647,1.16225,1.16465,21260
2026-03-04 16:00,1772640000,1.16465,1.16525,1.16355,1.1644,15079
2026-03-04 17:00,1772643600,1.16435,1.165,1.1633,1.164,8414
2026-03-04 18:00,1772647200,1.164,1.164,1.163,1.16315,4715
2026-03-04 19:00,1772650800,1.1631,1.16485,1.1631,1.1646,8610
2026-03-04 20:00,1772654400,1.16465,1.16505,1.1645,1.16465,5948
2026-03-04 21:00,1772658000,1.1647,1.16485,1.16405,1.1642,1964
2026-03-04 23:00,1772665200,1.16425,1.16435,1.1638,1.164,0
2026-03-05 00:00,1772668800,1.164,1.16505,1.16375,1.165,2196
2026-03-05 01:00,1772672400,1.165,1.16525,1.1632,1.16325,4621
2026-03-05 02:00,1772676000,1.16325,1.16365,1.16275,1.163,3984
2026-03-05 03:00,1772679600,1.16305,1.16325,1.16145,1.1618,3180
2026-03-05 04:00,1772683200,1.1618,1.162,1.16105,1.16125,3454
2026-03-05 05:00,1772686800,1.16145,1.16185,1.1599,1.15995,3578
2026-03-05 06:00,1772690400,1.15995,1.1621,1.15925,1.1612,9979
2026-03-05 07:00,1772694000,1.16115,1.1621,1.1604,1.161,7967
2026-03-05 08:00,1772697600,1.161,1.161,1.15865,1.16035,13620
2026-03-05 09:00,1772701200,1.16035,1.165,1.16015,1.16275,31212
2026-03-05 10:00,1772704800,1.1628,1.16375,1.1611,1.1616,11137
2026-03-05 11:00,1772708400,1.1616,1.1622,1.1609,1.1616,12591
2026-03-05 12:00,1772712000,1.16165,1.163,1.16125,1.16255,10398
2026-03-05 13:00,1772715600,1.1625,1.16295,1.15945,1.16025,12930
2026-03-05 14:00,1772719200,1.1602,1.16135,1.1597,1.16075,39989
2026-03-05 15:00,1772722800,1.1608,1.1614,1.1574,1.1588,28843
2026-03-05 16:00,1772726400,1.15875,1.15915,1.15635,1.15885,27120
2026-03-05 17:00,1772730000,1.15885,1.15965,1.1577,1.15925,23903
2026-03-05 18:00,1772733600,1.15925,1.15965,1.1576,1.15905,13096
2026-03-05 19:00,1772737200,1.15905,1.1593,1.1575,1.15775,6774
2026-03-05 20:00,1772740800,1.15775,1.16155,1.1575,1.16095,17579
2026-03-05 21:00,1772744400,1.16095,1.1616,1.16065,1.16135,3592
2026-03-05 23:00,1772751600,1.16105,1.1615,1.1608,1.1611,0
2026-03-06 00:00,1772755200,1.1611,1.16185,1.161,1.16155,2217
2026-03-06 01:00,1772758800,1.1615,1.16245,1.16115,1.16195,3223
2026-03-06 02:00,1772762400,1.1619,1.16245,1.1619,1.1621,2477
2026-03-06 03:00,1772766000,1.16205,1.1625,1.16205,1.16245,1240
2026-03-06 04:00,1772769600,1.16245,1.16255,1.16175,1.1618,2673
2026-03-06 05:00,1772773200,1.16185,1.1621,1.161,1.1611,2707
2026-03-06 06:00,1772776800,1.1611,1.16165,1.16065,1.16165,2856
2026-03-06 07:00,1772780400,1.1616,1.16225,1.16105,1.1619,4842
2026-03-06 08:00,1772784000,1.1619,1.1619,1.1606,1.16075,11383
2026-03-06 09:00,1772787600,1.1607,1.1607,1.15765,1.15785,11826
2026-03-06 10:00,1772791200,1.15785,1.15895,1.1577,1.1583,9841
2026-03-06 11:00,1772794800,1.1583,1.15855,1.1565,1.1567,11712
2026-03-06 12:00,1772798400,1.15675,1.1573,1.1557,1.15595,15313
2026-03-06 13:00,1772802000,1.1559,1.16015,1.15545,1.1559,45504
2026-03-06 14:00,1772805600,1.1559,1.1579,1.155,1.15765,48617
2026-03-06 15:00,1772809200,1.1576,1.15975,1.1575,1.1584,49879
2026-03-06 16:00,1772812800,1.15835,1.1618,1.1583,1.161,31763
2026-03-06 17:00,1772816400,1.16095,1.1614,1.15985,1.16,21737
2026-03-06 18:00,1772820000,1.16005,1.1626,1.15975,1.1603,16051
2026-03-06 19:00,1772823600,1.1603,1.1614,1.1601,1.16055,7960
2026-03-06 20:00,1772827200,1.16055,1.1614,1.16,1.16105,24546
2026-03-06 21:00,1772830800,1.161,1.1624,1.16055,1.16055,0
2026-03-08 22:00,1773007200,1.15355,1.1557,1.15295,1.154,12987
2026-03-08 23:00,1773010800,1.154,1.1544,1.1525,1.15285,6871
2026-03-09 00:00,1773014400,1.1528,1.1535,1.152,1.15215,6238
2026-03-09 01:00,1773018000,1.15215,1.1528,1.1511,1.15125,8633
2026-03-09 02:00,1773021600,1.1513,1.1532,1.1512,1.1529,6212
2026-03-09 03:00,1773025200,1.1529,1.1533,1.1517,1.15205,2918
2026-03-09 04:00,1773028800,1.1521,1.15335,1.152,1.15295,2390
2026-03-09 05:00,1773032400,1.153,1.15755,1.15275,1.1572,11159
2026-03-09 06:00,1773036000,1.1572,1.1573,1.1549,1.1549,10053
2026-03-09 07:00,1773039600,1.15485,1.15695,1.1539,1.15675,17600
2026-03-09 08:00,1773043200,1.1568,1.15695,1.15195,1.15385,29483
2026-03-09 09:00,1773046800,1.15385,1.1578,1.1535,1.1558,39750
2026-03-09 10:00,1773050400,1.15585,1.1569,1.1551,1.15645,21297
2026-03-09 11:00,1773054000,1.15645,1.1572,1.1559,1.1565,10156
2026-03-09 12:00,1773057600,1.15655,1.15725,1.1554,1.1557,22953
2026-03-09 13:00,1773061200,1.15575,1.15915,1.15565,1.158,43081
2026-03-09 14:00,1773064800,1.158,1.1582,1.15515,1.1577,40910
2026-03-09 15:00,1773068400,1.15775,1.15975,1.1576,1.1595,34338
2026-03-09 16:00,1773072000,1.1595,1.16035,1.1589,1.15915,16939
2026-03-09 17:00,1773075600,1.15915,1.15935,1.15825,1.15825,17004
2026-03-09 18:00,1773079200,1.15825,1.15885,1.15795,1.158,10847
2026-03-09 19:00,1773082800,1.158,1.16375,1.15795,1.1613,51254
2026-03-09 20:00,1773086400,1.1613,1.16415,1.16125,1.1638,11891
2026-03-09 22:00,1773093600,1.16405,1.16495,1.1626,1.16325,0
2026-03-09 23:00,1773097200,1.16335,1.16345,1.16175,1.162,4362
2026-03-10 00:00,1773100800,1.16195,1.16385,1.1615,1.16295,4484
2026-03-10 01:00,1773104400,1.1629,1.1633,1.1615,1.16235,3336
2026-03-10 02:00,1773108000,1.16235,1.163,1.1615,1.1616,6819
2026-03-10 03:00,1773111600,1.16165,1.1619,1.1611,1.1614,5874
2026-03-10 04:00,1773115200,1.16125,1.16175,1.16115,1.16155,6445
2026-03-10 05:00,1773118800,1.1615,1.16235,1.1615,1.16235,9164
2026-03-10 06:00,1773122400,1.1624,1.16405,1.1624,1.16365,26962
2026-03-10 07:00,1773126000,1.16355,1.1667,1.16315,1.1664,48758
2026-03-10 08:00,1773129600,1.16635,1.16655,1.16465,1.16495,28478
2026-03-10 09:00,1773133200,1.1649,1.16625,1.16475,1.16545,20250
2026-03-10 10:00,1773136800,1.16545,1.1655,1.1624,1.16425,34957
2026-03-10 11:00,1773140400,1.1643,1.1657,1.164,1.16425,20527
2026-03-10 12:00,1773144000,1.1642,1.16445,1.16245,1.1638,40978
2026-03-10 13:00,1773147600,1.1638,1.1652,1.16325,1.16355,28515
2026-03-10 14:00,1773151200,1.16355,1.1654,1.16305,1.16515,28141
2026-03-10 15:00,1773154800,1.16515,1.1659,1.1643,1.16505,34474
2026-03-10 16:00,1773158400,1.1651,1.16575,1.1642,1.1655,20105
2026-03-10 17:00,1773162000,1.1655,1.16705,1.1645,1.16485,27758
2026-03-10 18:00,1773165600,1.1649,1.16495,1.16175,1.16275,26157
2026-03-10 19:00,1773169200,1.1628,1.1632,1.1609,1.1618,12832
2026-03-10 20:00,1773172800,1.16175,1.16185,1.16115,1.1614,8496
2026-03-10 22:00,1773180000,1.1614,1.16165,1.16055,1.1608,0
2026-03-10 23:00,1773183600,1.16075,1.1615,1.16075,1.1614,2075
2026-03-11 00:00,1773187200,1.16145,1.1628,1.1609,1.16205,5012
2026-03-11 01:00,1773190800,1.1621,1.1631,1.16155,1.16295,2865
2026-03-11 02:00,1773194400,1.163,1.1632,1.16215,1.1629,1804
2026-03-11 03:00,1773198000,1.16285,1.16345,1.1628,1.16335,1111
2026-03-11 04:00,1773201600,1.16325,1.1638,1.1632,1.16365,1468
2026-03-11 05:00,1773205200,1.1636,1.16385,1.1633,1.16355,2335
2026-03-11 06:00,1773208800,1.16355,1.16435,1.16325,1.1636,4145
2026-03-11 07:00,1773212400,1.1636,1.16485,1.16165,1.162,16678
2026-03-11 08:00,1773216000,1.16195,1.1624,1.16065,1.1615,27569
2026-03-11 09:00,1773219600,1.16155,1.16165,1.1593,1.1595,72434
2026-03-11 10:00,1773223200,1.1595,1.1614,1.1594,1.161,34113
2026-03-11 11:00,1773226800,1.16095,1.1613,1.15975,1.15975,58831
2026-03-11 12:00,1773230400,1.1597,1.1609,1.158,1.1585,67463
2026-03-11 13:00,1773234000,1.15845,1.15965,1.15795,1.1594,67730
2026-03-11 14:00,1773237600,1.1594,1.16155,1.15835,1.1585,62722
2026-03-11 15:00,1773241200,1.1585,1.1587,1.1568,1.1569,66789
2026-03-11 16:00,1773244800,1.15685,1.15795,1.15655,1.15735,28717
2026-03-11 17:00,1773248400,1.1574,1.1579,1.15635,1.1574,58556
2026-03-11 18:00,1773252000,1.1574,1.1577,1.15665,1.1574,8378
2026-03-11 19:00,1773255600,1.15745,1.1579,1.1571,1.1576,4640
2026-03-11 20:00,1773259200,1.15765,1.15765,1.15675,1.157,2273
2026-03-11 22:00,1773266400,1.15715,1.15745,1.15505,1.15515,0
2026-03-11 23:00,1773270000,1.15515,1.15545,1.15405,1.1544,5165
2026-03-12 00:00,1773273600,1.1544,1.1551,1.15355,1.1547,4321
2026-03-12 01:00,1773277200,1.15475,1.1557,1.1547,1.15515,4793
2026-03-12 02:00,1773280800,1.1552,1.15555,1.15335,1.154,2205
2026-03-12 03:00,1773284400,1.1539,1.15415,1.15345,1.1539,1495
2026-03-12 04:00,1773288000,1.154,1.1541,1.1533,1.1534,3118
2026-03-12 05:00,1773291600,1.15345,1.1546,1.1534,1.1541,3392
2026-03-12 06:00,1773295200,1.1541,1.15525,1.154,1.1549,7017
2026-03-12 07:00,1773298800,1.1549,1.15535,1.1543,1.1552,7811
2026-03-12 08:00,1773302400,1.15525,1.1557,1.15445,1.1548,19324
2026-03-12 09:00,1773306000,1.1549,1.1562,1.15455,1.15605,28030
2026-03-12 10:00,1773309600,1.15605,1.15645,1.15505,1.1559,27696
2026-03-12 11:00,1773313200,1.15585,1.15685,1.1554,1.15575,13198
2026-03-12 12:00,1773316800,1.15575,1.1558,1.15335,1.154,35888
2026-03-12 13:00,1773320400,1.15405,1.1551,1.1521,1.15275,44524
2026-03-12 14:00,1773324000,1.15275,1.1534,1.15165,1.1522,41968
2026-03-12 15:00,1773327600,1.15215,1.15305,1.15115,1.1523,43882
2026-03-12 16:00,1773331200,1.15225,1.15335,1.15145,1.1523,18320
2026-03-12 17:00,1773334800,1.15225,1.1533,1.15205,1.1523,13228
2026-03-12 18:00,1773338400,1.15235,1.1526,1.15125,1.15135,5261
2026-03-12 19:00,1773342000,1.1513,1.152,1.15115,1.1516,14563
2026-03-12 20:00,1773345600,1.1516,1.1517,1.15105,1.15125,0
2026-03-12 22:00,1773352800,1.1513,1.15205,1.1511,1.1519,742
2026-03-12 23:00,1773356400,1.152,1.15235,1.1516,1.15215,264
2026-03-13 00:00,1773360000,1.1522,1.1529,1.1521,1.15245,467
2026-03-13 01:00,1773363600,1.1525,1.153,1.15155,1.15165,1234
2026-03-13 02:00,1773367200,1.1518,1.1523,1.1512,1.15145,296
2026-03-13 03:00,1773370800,1.15145,1.15165,1.15055,1.1509,352
2026-03-13 04:00,1773374400,1.1508,1.1508,1.15005,1.1502,241
2026-03-13 05:00,1773378000,1.1504,1.15065,1.15005,1.15015,831
2026-03-13 06:00,1773381600,1.1502,1.15035,1.1483,1.1484,792
2026-03-13 07:00,1773385200,1.14835,1.1525,1.1467,1.15085,33594
2026-03-13 08:00,1773388800,1.15085,1.151,1.14835,1.1496,24976
2026-03-13 09:00,1773392400,1.14965,1.1512,1.1496,1.15045,17595
2026-03-13 10:00,1773396000,1.1504,1.15225,1.1503,1.151,15721
2026-03-13 11:00,1773399600,1.1509,1.15215,1.1506,1.1519,16198
2026-03-13 12:00,1773403200,1.1519,1.1539,1.1512,1.15285,25472
2026-03-13 13:00,1773406800,1.1529,1.1541,1.15245,1.153,37397
2026-03-13 14:00,1773410400,1.1529,1.15355,1.1506,1.1508,30437
2026-03-13 15:00,1773414000,1.1508,1.15115,1.14855,1.1494,25809
2026-03-13 16:00,1773417600,1.14935,1.15015,1.1487,1.1493,12541
2026-03-13 17:00,1773421200,1.1493,1.14965,1.14845,1.1493,9742
2026-03-13 18:00,1773424800,1.14935,1.14935,1.1482,1.14865,9587
2026-03-13 19:00,1773428400,1.14865,1.14875,1.14705,1.1473,9067
2026-03-13 20:00,1773432000,1.14735,1.14865,1.14615,1.14865,0
2026-03-15 22:00,1773612000,1.14695,1.14825,1.1469,1.148,4674
2026-03-15 23:00,1773615600,1.14795,1.14855,1.1476,1.14855,3648
2026-03-16 00:00,1773619200,1.14855,1.15055,1.14855,1.15045,6509
2026-03-16 01:00,1773622800,1.1505,1.15065,1.14895,1.1499,3226
2026-03-16 02:00,1773626400,1.1499,1.15015,1.1495,1.1498,1940
2026-03-16 03:00,1773630000,1.1498,1.15035,1.1496,1.15005,1320
2026-03-16 04:00,1773633600,1.15005,1.1501,1.1491,1.1491,1123
2026-03-16 05:00,1773637200,1.14915,1.1493,1.1483,1.1485,2754
2026-03-16 06:00,1773640800,1.14845,1.14865,1.1474,1.14815,3482
2026-03-16 07:00,1773644400,1.14815,1.1485,1.1464,1.14755,5717
2026-03-16 08:00,1773648000,1.1476,1.1495,1.1476,1.14945,11784
2026-03-16 09:00,1773651600,1.14945,1.15025,1.1491,1.14995,8815
2026-03-16 10:00,1773655200,1.14995,1.1528,1.1497,1.15255,17120
2026-03-16 11:00,1773658800,1.15255,1.15375,1.1521,1.15295,11971
2026-03-16 12:00,1773662400,1.15295,1.1538,1.15225,1.1524,12445
2026-03-16 13:00,1773666000,1.1524,1.1551,1.1524,1.155,13008
2026-03-16 14:00,1773669600,1.155,1.15525,1.15305,1.1539,14934
2026-03-16 15:00,1773673200,1.15385,1.155,1.153,1.15365,12043
2026-03-16 16:00,1773676800,1.15365,1.1549,1.15275,1.15435,12528
2026-03-16 17:00,1773680400,1.1544,1.15545,1.154,1.15425,10497
2026-03-16 18:00,1773684000,1.1542,1.1574,1.1542,1.15685,16406
2026-03-16 19:00,1773687600,1.15685,1.1575,1.1554,1.15575,22093
2026-03-16 20:00,1773691200,1.15575,1.15605,1.1553,1.15545,3929
2026-03-16 22:00,1773698400,1.15555,1.15555,1.1547,1.15475,0
2026-03-16 23:00,1773702000,1.1548,1.1549,1.1544,1.1547,2406
2026-03-17 00:00,1773705600,1.15475,1.1548,1.1538,1.15415,4402
2026-03-17 01:00,1773709200,1.1541,1.15445,1.1535,1.1542,4272
2026-03-17 02:00,1773712800,1.1542,1.15475,1.15405,1.1544,2015
2026-03-17 03:00,1773716400,1.1544,1.1552,1.15415,1.15415,2520
2026-03-17 04:00,1773720000,1.1539,1.1549,1.1539,1.1546,1177
2026-03-17 05:00,1773723600,1.1546,1.1548,1.1527,1.15285,3090
2026-03-17 06:00,1773727200,1.1529,1.1531,1.15155,1.15305,5972
2026-03-17 07:00,1773730800,1.15305,1.155,1.1529,1.15445,6818
2026-03-17 08:00,1773734400,1.15445,1.15675,1.15365,1.15595,11380
2026-03-17 09:00,1773738000,1.156,1.1574,1.15575,1.1566,11064
2026-03-17 10:00,1773741600,1.1565,1.15655,1.15535,1.15555,6810
2026-03-17 11:00,1773745200,1.1555,1.1568,1.1554,1.1557,6566
2026-03-17 12:00,1773748800,1.15565,1.15745,1.1554,1.1573,10898
2026-03-17 13:00,1773752400,1.1574,1.15935,1.1574,1.158,23496
2026-03-17 14:00,1773756000,1.15795,1.15885,1.157,1.15825,12543
2026-03-17 15:00,1773759600,1.15825,1.1588,1.15705,1.1574,21534
2026-03-17 16:00,1773763200,1.1574,1.15825,1.1568,1.1578,18640
2026-03-17 17:00,1773766800,1.15775,1.15895,1.15755,1.1589,10229
2026-03-17 18:00,1773770400,1.15895,1.1597,1.15875,1.1589,7898
2026-03-17 19:00,1773774000,1.15885,1.1591,1.15835,1.15855,4243
2026-03-17 20:00,1773777600,1.1585,1.15925,1.15845,1.1592,2136
2026-03-17 22:00,1773784800,1.1588,1.15945,1.1587,1.15895,0
2026-03-17 23:00,1773788400,1.1589,1.15905,1.15865,1.15885,1660
2026-03-18 00:00,1773792000,1.15885,1.1593,1.15815,1.1582,3011
2026-03-18 01:00,1773795600,1.1582,1.15895,1.1581,1.1583,2031
2026-03-18 02:00,1773799200,1.15835,1.1587,1.1581,1.15815,1388
2026-03-18 03:00,1773802800,1.15815,1.1586,1.15815,1.15855,722
2026-03-18 04:00,1773806400,1.1588,1.1592,1.15865,1.15905,1040
2026-03-18 05:00,1773810000,1.15905,1.1596,1.1589,1.15945,2099
2026-03-18 06:00,1773813600,1.1594,1.15985,1.15885,1.15915,2441
2026-03-18 07:00,1773817200,1.15915,1.1595,1.15725,1.15755,6855
2026-03-18 08:00,1773820800,1.15755,1.1583,1.1567,1.15815,7991
2026-03-18 09:00,1773824400,1.1581,1.15885,1.1574,1.15875,8047
2026-03-18 10:00,1773828000,1.15875,1.15925,1.15825,1.1589,6518
2026-03-18 11:00,1773831600,1.1589,1.1604,1.1579,1.15955,17263
2026-03-18 12:00,1773835200,1.1596,1.1597,1.1554,1.1556,29505
2026-03-18 13:00,1773838800,1.1556,1.15645,1.1539,1.15635,25406
2026-03-18 14:00,1773842400,1.1564,1.1576,1.1553,1.15655,17141
2026-03-18 15:00,1773846000,1.15655,1.1578,1.156,1.1562,20453
2026-03-18 16:00,1773849600,1.15615,1.1571,1.15555,1.15595,10814
2026-03-18 17:00,1773853200,1.1559,1.15655,1.1551,1.15655,10343
2026-03-18 18:00,1773856800,1.15655,1.1574,1.1525,1.1526,21045
2026-03-18 19:00,1773860400,1.1526,1.15315,1.15175,1.15185,15409
2026-03-18 20:00,1773864000,1.1518,1.1519,1.1498,1.15,8103
2026-03-18 22:00,1773871200,1.1508,1.15125,1.14985,1.15045,0
2026-03-18 23:00,1773874800,1.1504,1.15135,1.1503,1.1511,7183
2026-03-19 00:00,1773878400,1.15105,1.15215,1.151,1.15215,4755
2026-03-19 01:00,1773882000,1.15215,1.15315,1.1521,1.15235,5449
2026-03-19 02:00,1773885600,1.1524,1.15385,1.15195,1.15295,6196
2026-03-19 03:00,1773889200,1.153,1.1531,1.15215,1.15235,2399
2026-03-19 04:00,1773892800,1.15195,1.1521,1.1514,1.1517,2251
2026-03-19 05:00,1773896400,1.15165,1.1518,1.1511,1.1513,2034
2026-03-19 06:00,1773900000,1.1513,1.1524,1.15085,1.15125,5023
2026-03-19 07:00,1773903600,1.1513,1.15225,1.1498,1.15,15732
2026-03-19 08:00,1773907200,1.15,1.1506,1.14905,1.1498,15637
2026-03-19 09:00,1773910800,1.14985,1.1535,1.14985,1.15275,26470
2026-03-19 10:00,1773914400,1.15275,1.15275,1.1514,1.15215,8243
2026-03-19 11:00,1773918000,1.1521,1.1529,1.15135,1.15275,10418
2026-03-19 12:00,1773921600,1.15265,1.15375,1.151,1.15345,29655
2026-03-19 13:00,1773925200,1.15345,1.15745,1.1517,1.1565,39495
2026-03-19 14:00,1773928800,1.15645,1.1576,1.15475,1.1564,33787
2026-03-19 15:00,1773932400,1.15635,1.1586,1.1546,1.1561,27764
2026-03-19 16:00,1773936000,1.1561,1.1586,1.1559,1.1583,24695
2026-03-19 17:00,1773939600,1.1583,1.16145,1.15825,1.16075,21901
2026-03-19 18:00,1773943200,1.1607,1.16315,1.1598,1.16305,20422
2026-03-19 19:00,1773946800,1.16305,1.16635,1.16245,1.1632,33197
2026-03-19 20:00,1773950400,1.1632,1.1637,1.1628,1.16345,3963
2026-03-19 22:00,1773957600,1.16345,1.1642,1.1624,1.16245,0
2026-03-19 23:00,1773961200,1.16245,1.1628,1.1621,1.16225,2766
2026-03-20 00:00,1773964800,1.16225,1.16265,1.1617,1.162,2923
2026-03-20 01:00,1773968400,1.16205,1.16235,1.161,1.16115,5471
2026-03-20 02:00,1773972000,1.1612,1.16145,1.16085,1.16105,2109
2026-03-20 03:00,1773975600,1.161,1.161,1.1603,1.1603,1601
2026-03-20 04:00,1773979200,1.16045,1.16065,1.1601,1.16025,1324
2026-03-20 05:00,1773982800,1.1602,1.1608,1.1599,1.15995,2658
2026-03-20 06:00,1773986400,1.15995,1.1613,1.1599,1.16055,3584
2026-03-20 07:00,1773990000,1.1606,1.16215,1.16025,1.162,8286
2026-03-20 08:00,1773993600,1.16205,1.16275,1.1614,1.16145,9366
2026-03-20 09:00,1773997200,1.1614,1.16195,1.1594,1.1595,17101
2026-03-20 10:00,1774000800,1.1595,1.16085,1.15815,1.1606,14746
2026-03-20 11:00,1774004400,1.1606,1.1626,1.1604,1.1618,12096
2026-03-20 12:00,1774008000,1.16185,1.1627,1.16085,1.1611,17416
2026-03-20 13:00,1774011600,1.16115,1.16125,1.15865,1.15875,17819
2026-03-20 14:00,1774015200,1.15875,1.15905,1.1571,1.1581,25674
2026-03-20 15:00,1774018800,1.15815,1.1604,1.1581,1.1588,20501
2026-03-20 16:00,1774022400,1.15885,1.1613,1.15875,1.1606,12770
2026-03-20 17:00,1774026000,1.1606,1.1617,1.1596,1.16045,17457
2026-03-20 18:00,1774029600,1.16045,1.1618,1.1594,1.15965,15666
2026-03-20 19:00,1774033200,1.15965,1.16085,1.1593,1.16045,7391
2026-03-20 20:00,1774036800,1.16045,1.16195,1.15965,1.15965,0
2026-03-22 22:00,1774216800,1.16005,1.1609,1.1592,1.1604,3780
2026-03-22 23:00,1774220400,1.16045,1.1611,1.16035,1.1608,2782
2026-03-23 00:00,1774224000,1.1608,1.161,1.15845,1.15905,4320
2026-03-23 01:00,1774227600,1.15905,1.1608,1.15905,1.16,3860
2026-03-23 02:00,1774231200,1.16005,1.1603,1.1589,1.15925,2847
2026-03-23 03:00,1774234800,1.1593,1.1596,1.15885,1.1593,1276
2026-03-23 04:00,1774238400,1.1594,1.1597,1.15915,1.15965,1465
2026-03-23 05:00,1774242000,1.1596,1.15985,1.158,1.158,2619
2026-03-23 06:00,1774245600,1.158,1.158,1.1566,1.15765,6390
2026-03-23 07:00,1774249200,1.15765,1.15865,1.157,1.1573,8738
2026-03-23 08:00,1774252800,1.15735,1.15915,1.15715,1.1575,12590
2026-03-23 09:00,1774256400,1.15755,1.158,1.15365,1.15405,14648
2026-03-23 10:00,1774260000,1.154,1.1547,1.153,1.1531,12957
2026-03-23 11:00,1774263600,1.1531,1.16665,1.1531,1.1602,91140
2026-03-23 12:00,1774267200,1.16015,1.1661,1.1592,1.16585,27392
2026-03-23 13:00,1774270800,1.1659,1.1662,1.1626,1.1646,28652
2026-03-23 14:00,1774274400,1.16465,1.1686,1.16395,1.1662,30141
2026-03-23 15:00,1774278000,1.1662,1.16775,1.16285,1.16315,23142
2026-03-23 16:00,1774281600,1.16315,1.16465,1.1622,1.16365,18659
2026-03-23 17:00,1774285200,1.16375,1.16555,1.16325,1.1648,11369
2026-03-23 18:00,1774288800,1.1648,1.1685,1.1638,1.1681,23105
2026-03-23 19:00,1774292400,1.1681,1.16815,1.16585,1.16595,9038
2026-03-23 20:00,1774296000,1.1659,1.16615,1.1655,1.16605,1592
2026-03-23 22:00,1774303200,1.1658,1.16635,1.1654,1.166,0
2026-03-23 23:00,1774306800,1.166,1.16615,1.16515,1.16535,1547
2026-03-24 00:00,1774310400,1.16535,1.16535,1.16265,1.16335,7708
2026-03-24 01:00,1774314000,1.1634,1.1641,1.16235,1.163,4827
2026-03-24 02:00,1774317600,1.163,1.16375,1.16285,1.1631,3364
2026-03-24 03:00,1774321200,1.16315,1.16345,1.16265,1.16275,2071
2026-03-24 04:00,1774324800,1.16255,1.1628,1.16205,1.1625,1834
2026-03-24 05:00,1774328400,1.16255,1.1634,1.1621,1.1629,2719
2026-03-24 06:00,1774332000,1.1629,1.16375,1.1624,1.1637,6058
2026-03-24 07:00,1774335600,1.16365,1.1663,1.1634,1.16535,11502
2026-03-24 08:00,1774339200,1.1653,1.1654,1.16265,1.16325,14618
2026-03-24 09:00,1774342800,1.16335,1.1642,1.16235,1.164,9016
2026-03-24 10:00,1774346400,1.16395,1.1641,1.16275,1.1637,7780
2026-03-24 11:00,1774350000,1.16365,1.16455,1.1624,1.16345,10134
2026-03-24 12:00,1774353600,1.1634,1.16445,1.1626,1.163,14118
2026-03-24 13:00,1774357200,1.163,1.16355,1.16125,1.16225,20402
2026-03-24 14:00,1774360800,1.16225,1.1652,1.1622,1.16345,24125
2026-03-24 15:00,1774364400,1.16345,1.16425,1.1621,1.1623,13856
2026-03-24 16:00,1774368000,1.1623,1.16375,1.1619,1.1628,9600
2026-03-24 17:00,1774371600,1.1628,1.1629,1.16025,1.1621,21708
2026-03-24 18:00,1774375200,1.1621,1.16375,1.16125,1.16275,10899
2026-03-24 19:00,1774378800,1.1627,1.1638,1.1627,1.16305,5888
2026-03-24 20:00,1774382400,1.1631,1.1673,1.1628,1.1651,14729
2026-03-24 22:00,1774389600,1.1653,1.16635,1.1649,1.16595,0
2026-03-24 23:00,1774393200,1.1659,1.16625,1.1653,1.1658,3102
2026-03-25 00:00,1774396800,1.16585,1.16755,1.1657,1.1668,6857
2026-03-25 01:00,1774400400,1.16675,1.16695,1.1657,1.1657,6041
2026-03-25 02:00,1774404000,1.16565,1.16575,1.1646,1.16485,3235
2026-03-25 03:00,1774407600,1.16485,1.165,1.1645,1.1648,1362
2026-03-25 04:00,1774411200,1.1643,1.1649,1.1642,1.16425,2486
2026-03-25 05:00,1774414800,1.1643,1.1643,1.16335,1.16365,2785
2026-03-25 06:00,1774418400,1.1637,1.16445,1.1632,1.16405,3515
2026-03-25 07:00,1774422000,1.1641,1.165,1.1633,1.1642,7742
2026-03-25 08:00,1774425600,1.1643,1.1662,1.16355,1.16475,14714
2026-03-25 09:00,1774429200,1.1648,1.16545,1.1636,1.1644,11721
2026-03-25 10:00,1774432800,1.16445,1.16505,1.1641,1.1649,6869
2026-03-25 11:00,1774436400,1.1649,1.1656,1.1639,1.16505,11161
2026-03-25 12:00,1774440000,1.16505,1.16585,1.1631,1.1636,17687
2026-03-25 13:00,1774443600,1.16365,1.1644,1.16165,1.16175,20043
2026-03-25 14:00,1774447200,1.1618,1.16325,1.16115,1.16305,16661
2026-03-25 15:00,1774450800,1.16305,1.1634,1.16065,1.16145,19534
2026-03-25 16:00,1774454400,1.1615,1.1621,1.16,1.16125,16096
2026-03-25 17:00,1774458000,1.1612,1.1629,1.1609,1.1623,12830
2026-03-25 18:00,1774461600,1.1623,1.16255,1.16055,1.1611,7399
2026-03-25 19:00,1774465200,1.1611,1.16115,1.16035,1.1608,9269
2026-03-25 20:00,1774468800,1.1608,1.16085,1.16005,1.1603,3454
2026-03-25 22:00,1774476000,1.1603,1.16055,1.15985,1.16035,0
2026-03-25 23:00,1774479600,1.16035,1.1605,1.1602,1.16045,986
2026-03-26 00:00,1774483200,1.16045,1.16075,1.15965,1.1601,2409
2026-03-26 01:00,1774486800,1.1601,1.161,1.1601,1.1607,2729
2026-03-26 02:00,1774490400,1.16075,1.16085,1.15975,1.1602,1490
2026-03-26 03:00,1774494000,1.16015,1.16125,1.16005,1.1611,1582
2026-03-26 04:00,1774497600,1.1611,1.1615,1.1611,1.16125,1080
2026-03-26 05:00,1774501200,1.16125,1.16125,1.1601,1.1601,1836
2026-03-26 06:00,1774504800,1.16015,1.161,1.15945,1.1609,4336
2026-03-26 07:00,1774508400,1.16095,1.16095,1.1594,1.1596,6741
2026-03-26 08:00,1774512000,1.1597,1.16045,1.15905,1.16025,7807
2026-03-26 09:00,1774515600,1.16025,1.16075,1.15955,1.16025,7390
2026-03-26 10:00,1774519200,1.1603,1.1608,1.15975,1.16005,5957
2026-03-26 11:00,1774522800,1.16,1.16015,1.1566,1.15675,10966
2026-03-26 12:00,1774526400,1.15675,1.15785,1.1565,1.1578,19617
2026-03-26 13:00,1774530000,1.1578,1.15955,1.15775,1.1586,29139
2026-03-26 14:00,1774533600,1.15855,1.1598,1.158,1.15905,16174
2026-03-26 15:00,1774537200,1.1591,1.1594,1.1574,1.1584,15373
2026-03-26 16:00,1774540800,1.1584,1.1586,1.15735,1.1578,15754
2026-03-26 17:00,1774544400,1.15785,1.15805,1.1568,1.1568,9919
2026-03-26 18:00,1774548000,1.15685,1.1577,1.1568,1.1577,5547
2026-03-26 19:00,1774551600,1.1577,1.1577,1.15645,1.15645,6427
2026-03-26 20:00,1774555200,1.15645,1.16025,1.15615,1.15725,15515
2026-03-26 22:00,1774562400,1.15765,1.15825,1.15745,1.15805,0
2026-03-26 23:00,1774566000,1.15805,1.1582,1.15765,1.15765,713
2026-03-27 00:00,1774569600,1.15765,1.15805,1.1567,1.15725,2932
2026-03-27 01:00,1774573200,1.15735,1.1583,1.1572,1.15825,1384
2026-03-27 02:00,1774576800,1.1583,1.1585,1.1578,1.15805,1240
2026-03-27 03:00,1774580400,1.1581,1.15825,1.1576,1.15805,1123
2026-03-27 04:00,1774584000,1.1581,1.1586,1.15805,1.1585,1079
2026-03-27 05:00,1774587600,1.15845,1.15885,1.15795,1.1583,1714
2026-03-27 06:00,1774591200,1.1583,1.1586,1.15765,1.1577,2887
2026-03-27 07:00,1774594800,1.15765,1.1577,1.1559,1.15615,6269
2026-03-27 08:00,1774598400,1.1561,1.15675,1.1558,1.1563,10126
2026-03-27 09:00,1774602000,1.15625,1.1569,1.15565,1.1562,9298
2026-03-27 10:00,1774605600,1.1562,1.1569,1.1553,1.1554,9091
2026-03-27 11:00,1774609200,1.1554,1.15565,1.15475,1.1551,6536
2026-03-27 12:00,1774612800,1.155,1.15605,1.15445,1.1558,11470
2026-03-27 13:00,1774616400,1.1558,1.15755,1.15565,1.1567,15130
2026-03-27 14:00,1774620000,1.15665,1.15785,1.15655,1.15715,12469
2026-03-27 15:00,1774623600,1.15715,1.159,1.15605,1.15625,26113
2026-03-27 16:00,1774627200,1.15625,1.15705,1.15575,1.1562,19773
2026-03-27 17:00,1774630800,1.15615,1.1572,1.1549,1.1555,10505
2026-03-27 18:00,1774634400,1.15555,1.15625,1.155,1.1556,8168
2026-03-27 19:00,1774638000,1.1556,1.15605,1.1553,1.156,5229
2026-03-27 20:00,1774641600,1.15595,1.1564,1.1552,1.15525,4961
2026-03-29 22:00,1774821600,1.1536,1.1542,1.15305,1.1531,3589
2026-03-29 23:00,1774825200,1.1531,1.1537,1.15295,1.1533,2651
2026-03-30 00:00,1774828800,1.1534,1.15545,1.15315,1.1549,4126
2026-03-30 01:00,1774832400,1.15495,1.1553,1.15455,1.15475,1368
2026-03-30 02:00,1774836000,1.1547,1.15575,1.1543,1.1553,2142
2026-03-30 03:00,1774839600,1.1553,1.15605,1.1552,1.1558,1480
2026-03-30 04:00,1774843200,1.1558,1.1563,1.1556,1.1556,1199
2026-03-30 05:00,1774846800,1.15555,1.156,1.15515,1.1558,1752
2026-03-30 06:00,1774850400,1.15575,1.1562,1.15535,1.15545,3546
2026-03-30 07:00,1774854000,1.1554,1.15545,1.1535,1.15395,10448
2026-03-30 08:00,1774857600,1.15395,1.15405,1.1532,1.1537,9067
2026-03-30 09:00,1774861200,1.15375,1.154,1.15245,1.15365,8673
2026-03-30 10:00,1774864800,1.1536,1.1539,1.15295,1.1531,5322
2026-03-30 11:00,1774868400,1.1531,1.15435,1.15255,1.15265,13458
2026-03-30 12:00,1774872000,1.1526,1.153,1.1514,1.15235,14451
2026-03-30 13:00,1774875600,1.15245,1.15295,1.1503,1.15055,14299
2026-03-30 14:00,1774879200,1.15055,1.1512,1.1496,1.1506,19029
2026-03-30 15:00,1774882800,1.15065,1.1507,1.1484,1.14945,16640
2026-03-30 16:00,1774886400,1.14945,1.1503,1.14885,1.15015,9072
2026-03-30 17:00,1774890000,1.1501,1.1507,1.1497,1.14985,6942
2026-03-30 18:00,1774893600,1.14985,1.15075,1.14985,1.15025,10182
2026-03-30 19:00,1774897200,1.1502,1.15035,1.1495,1.1501,4822
2026-03-30 20:00,1774900800,1.1501,1.1504,1.14985,1.15035,2387
2026-03-30 22:00,1774908000,1.1505,1.1507,1.15005,1.15005,0
2026-03-30 23:00,1774911600,1.14995,1.14995,1.1493,1.1496,1645
2026-03-31 00:00,1774915200,1.14975,1.1517,1.1488,1.15155,7335
2026-03-31 01:00,1774918800,1.1516,1.1532,1.1514,1.1517,6201
2026-03-31 02:00,1774922400,1.15165,1.1521,1.1514,1.15165,2167
2026-03-31 03:00,1774926000,1.15165,1.1517,1.15075,1.151,1292
2026-03-31 04:00,1774929600,1.15115,1.1514,1.151,1.15105,823
2026-03-31 05:00,1774933200,1.151,1.15125,1.15025,1.15055,3105
2026-03-31 06:00,1774936800,1.15055,1.1515,1.15015,1.15125,4039
2026-03-31 07:00,1774940400,1.15125,1.1515,1.1503,1.1513,7233
2026-03-31 08:00,1774944000,1.1513,1.1516,1.15045,1.1508,7692
2026-03-31 09:00,1774947600,1.15075,1.15135,1.15025,1.15085,5173
2026-03-31 10:00,1774951200,1.1509,1.15105,1.1499,1.14995,3915
2026-03-31 11:00,1774954800,1.14995,1.1532,1.1498,1.15315,16491
2026-03-31 12:00,1774958400,1.15315,1.15505,1.1528,1.15435,23158
2026-03-31 13:00,1774962000,1.1544,1.15735,1.1541,1.1573,17629
2026-03-31 14:00,1774965600,1.1574,1.15815,1.1552,1.1561,48176
2026-03-31 15:00,1774969200,1.1561,1.15735,1.1552,1.15575,31186
2026-03-31 16:00,1774972800,1.1558,1.1601,1.15545,1.1582,31017
2026-03-31 17:00,1774976400,1.15815,1.15975,1.15795,1.15805,17696
2026-03-31 18:00,1774980000,1.15805,1.1592,1.1579,1.1585,13260
2026-03-31 19:00,1774983600,1.1585,1.16005,1.15795,1.15995,7689
2026-03-31 20:00,1774987200,1.15995,1.1604,1.15925,1.1594,3527
2026-03-31 22:00,1774994400,1.1591,1.1598,1.15905,1.1597,0
2026-03-31 23:00,1774998000,1.1597,1.16125,1.1595,1.1612,2189
2026-04-01 00:00,1775001600,1.1612,1.16165,1.16075,1.16125,4098
2026-04-01 01:00,1775005200,1.16125,1.16135,1.15925,1.1599,4695
2026-04-01 02:00,1775008800,1.16,1.16085,1.1598,1.16065,2210
2026-04-01 03:00,1775012400,1.1606,1.16065,1.15975,1.15985,1030
2026-04-01 04:00,1775016000,1.16,1.16045,1.15975,1.1603,555
2026-04-01 05:00,1775019600,1.16035,1.1614,1.1603,1.1606,3311
2026-04-01 06:00,1775023200,1.1606,1.1631,1.15995,1.16295,15761
2026-04-01 07:00,1775026800,1.163,1.1637,1.16155,1.16205,16939
2026-04-01 08:00,1775030400,1.162,1.1649,1.1616,1.1634,15888
2026-04-01 09:00,1775034000,1.16345,1.1641,1.1619,1.1634,18563
2026-04-01 10:00,1775037600,1.1634,1.1642,1.16315,1.1638,11818
2026-04-01 11:00,1775041200,1.1638,1.16485,1.16365,1.16455,6906
2026-04-01 12:00,1775044800,1.16455,1.1662,1.1632,1.1643,23269
2026-04-01 13:00,1775048400,1.1643,1.1662,1.1637,1.165,24623
2026-04-01 14:00,1775052000,1.165,1.1665,1.1643,1.1661,28020
2026-04-01 15:00,1775055600,1.16605,1.1666,1.16435,1.16515,16131
2026-04-01 16:00,1775059200,1.1652,1.16575,1.16425,1.16575,12112
2026-04-01 17:00,1775062800,1.16575,1.1662,1.1632,1.16325,15356
2026-04-01 18:00,1775066400,1.16325,1.16325,1.1615,1.1617,14584
2026-04-01 19:00,1775070000,1.1617,1.16255,1.16145,1.1622,8853
2026-04-01 20:00,1775073600,1.1622,1.163,1.16215,1.1626,3628
2026-04-01 22:00,1775080800,1.1628,1.16315,1.1627,1.16285,0
2026-04-01 23:00,1775084400,1.1629,1.16325,1.1627,1.16275,683
2026-04-02 00:00,1775088000,1.1627,1.1635,1.1624,1.1633,2829
2026-04-02 01:00,1775091600,1.1633,1.1643,1.1583,1.15905,18340
2026-04-02 02:00,1775095200,1.15905,1.1598,1.15815,1.15845,4254
2026-04-02 03:00,1775098800,1.1584,1.15865,1.1575,1.1577,2390
2026-04-02 04:00,1775102400,1.15755,1.1579,1.15695,1.1574,2282
2026-04-02 05:00,1775106000,1.15755,1.15765,1.1562,1.15625,5596
2026-04-02 06:00,1775109600,1.1563,1.1573,1.15525,1.1572,10329
2026-04-02 07:00,1775113200,1.1572,1.1575,1.1556,1.157,11883
2026-04-02 08:00,1775116800,1.15705,1.15735,1.15615,1.15625,5878
2026-04-02 09:00,1775120400,1.1563,1.15695,1.15595,1.1564,5221
2026-04-02 10:00,1775124000,1.1564,1.1564,1.15485,1.155,7071
2026-04-02 11:00,1775127600,1.155,1.1557,1.15465,1.1555,7001
2026-04-02 12:00,1775131200,1.15555,1.1569,1.15545,1.15615,11096
2026-04-02 13:00,1775134800,1.1562,1.15695,1.15575,1.15685,12618
2026-04-02 14:00,1775138400,1.1569,1.1601,1.15645,1.15885,30850
2026-04-02 15:00,1775142000,1.15895,1.15965,1.15795,1.15825,16723
2026-04-02 16:00,1775145600,1.1583,1.15855,1.15765,1.15765,12547
2026-04-02 17:00,1775149200,1.15765,1.15865,1.1574,1.1575,4633
2026-04-02 18:00,1775152800,1.1576,1.1578,1.1571,1.1574,7465
2026-04-02 19:00,1775156400,1.1574,1.1581,1.1571,1.1572,5615
2026-04-02 20:00,1775160000,1.15725,1.15775,1.15695,1.15755,2046
2026-04-02 22:00,1775167200,1.1577,1.1579,1.1574,1.1578,0
2026-04-02 23:00,1775170800,1.15775,1.1581,1.1577,1.15795,806
2026-04-03 00:00,1775174400,1.15795,1.1583,1.1576,1.1576,771
2026-04-03 01:00,1775178000,1.1576,1.15775,1.1571,1.1573,875
2026-04-03 02:00,1775181600,1.1573,1.1576,1.157,1.1574,1082
2026-04-03 03:00,1775185200,1.1574,1.1575,1.1572,1.1574,330
2026-04-05 22:00,1775426400,1.15445,1.15545,1.15425,1.15525,4007
2026-04-05 23:00,1775430000,1.1553,1.1555,1.15465,1.15475,1736
2026-04-06 00:00,1775433600,1.15475,1.15565,1.1547,1.15495,1957
2026-04-06 01:00,1775437200,1.155,1.1552,1.1544,1.15445,1107
2026-04-06 02:00,1775440800,1.1545,1.15665,1.1545,1.15585,3706
2026-04-06 03:00,1775444400,1.1558,1.1561,1.15545,1.1557,1392
2026-04-06 04:00,1775448000,1.1557,1.1563,1.15565,1.15615,1051
2026-04-06 05:00,1775451600,1.15625,1.15675,1.1561,1.1563,1107
2026-04-06 06:00,1775455200,1.15635,1.1575,1.15595,1.15705,4620
2026-04-06 07:00,1775458800,1.15705,1.1607,1.1563,1.1602,7585
2026-04-06 08:00,1775462400,1.16025,1.16065,1.1592,1.1593,5217
2026-04-06 09:00,1775466000,1.15935,1.1598,1.1585,1.15885,4079
2026-04-06 10:00,1775469600,1.15885,1.15925,1.1575,1.1586,5388
2026-04-06 11:00,1775473200,1.1586,1.15875,1.1578,1.15835,3807
2026-04-06 12:00,1775476800,1.1583,1.15925,1.15805,1.15915,3361
2026-04-06 13:00,1775480400,1.15915,1.15985,1.1587,1.1598,6438
2026-04-06 14:00,1775484000,1.1598,1.1609,1.15805,1.15805,20558
2026-04-06 15:00,1775487600,1.1581,1.15825,1.1573,1.1582,9252
2026-04-06 16:00,1775491200,1.15815,1.1586,1.15795,1.15825,4307
2026-04-06 17:00,1775494800,1.15825,1.1587,1.1571,1.1579,4773
2026-04-06 18:00,1775498400,1.1579,1.159,1.15775,1.1583,7314
2026-04-06 19:00,1775502000,1.15835,1.1584,1.15785,1.15805,2679
2026-04-06 20:00,1775505600,1.15805,1.15815,1.1578,1.15785,976
2026-04-06 22:00,1775512800,1.15785,1.1585,1.15785,1.158,0
2026-04-06 23:00,1775516400,1.15795,1.1583,1.15755,1.15775,762
2026-04-07 00:00,1775520000,1.1577,1.15805,1.15735,1.1574,1904
2026-04-07 01:00,1775523600,1.1574,1.1577,1.1564,1.1567,3398
2026-04-07 02:00,1775527200,1.1567,1.1569,1.1561,1.15665,1750
2026-04-07 03:00,1775530800,1.1567,1.15715,1.15655,1.15715,957
2026-04-07 04:00,1775534400,1.15705,1.15755,1.157,1.1575,960
2026-04-07 05:00,1775538000,1.1575,1.1577,1.1567,1.15725,2075
2026-04-07 06:00,1775541600,1.1573,1.15825,1.157,1.15815,3197
2026-04-07 07:00,1775545200,1.1582,1.1583,1.15735,1.15795,4652
2026-04-07 08:00,1775548800,1.1579,1.16125,1.15785,1.16105,15574
2026-04-07 09:00,1775552400,1.16105,1.1612,1.1599,1.15995,7813
2026-04-07 10:00,1775556000,1.16,1.16005,1.15825,1.15915,15730
2026-04-07 11:00,1775559600,1.1591,1.1599,1.1585,1.1597,7601
2026-04-07 12:00,1775563200,1.1597,1.16065,1.15905,1.1598,12108
2026-04-07 13:00,1775566800,1.15975,1.1602,1.15925,1.16005,12051
2026-04-07 14:00,1775570400,1.16,1.16205,1.1595,1.16085,18182
2026-04-07 15:00,1775574000,1.16075,1.16155,1.16025,1.16075,14630
2026-04-07 16:00,1775577600,1.1608,1.16165,1.1606,1.1608,12597
2026-04-07 17:00,1775581200,1.16075,1.1616,1.1603,1.1614,9476
2026-04-07 18:00,1775584800,1.16135,1.16195,1.16075,1.16105,6136
2026-04-07 19:00,1775588400,1.1611,1.16385,1.16095,1.16315,17111
2026-04-07 20:00,1775592000,1.1632,1.16415,1.1629,1.16305,6697
2026-04-07 22:00,1775599200,1.16345,1.1706,1.1615,1.1704,0
2026-04-07 23:00,1775602800,1.1704,1.17295,1.1698,1.17225,17425
2026-04-08 00:00,1775606400,1.1723,1.1736,1.17025,1.1708,14659
2026-04-08 01:00,1775610000,1.17085,1.1725,1.17075,1.17125,5764
2026-04-08 02:00,1775613600,1.17125,1.17195,1.1706,1.17105,4735
2026-04-08 03:00,1775617200,1.1711,1.17125,1.1703,1.1708,2583
2026-04-08 04:00,1775620800,1.1713,1.17185,1.1711,1.1713,2988
2026-04-08 05:00,1775624400,1.17135,1.17455,1.17085,1.1728,9268
2026-04-08 06:00,1775628000,1.17285,1.17485,1.1721,1.1733,12497
2026-04-08 07:00,1775631600,1.17335,1.17375,1.1715,1.17325,14280
2026-04-08 08:00,1775635200,1.17325,1.17365,1.17065,1.1718,15528
2026-04-08 09:00,1775638800,1.17185,1.17265,1.17145,1.17165,9381
2026-04-08 10:00,1775642400,1.17165,1.17295,1.17145,1.17275,11413
2026-04-08 11:00,1775646000,1.1727,1.1748,1.17225,1.17375,12041
2026-04-08 12:00,1775649600,1.17375,1.17555,1.17255,1.17515,28103
2026-04-08 13:00,1775653200,1.1751,1.1759,1.1724,1.17315,26189
2026-04-08 14:00,1775656800,1.1731,1.17405,1.17265,1.1732,22811
2026-04-08 15:00,1775660400,1.1731,1.1734,1.1721,1.1723,15499
2026-04-08 16:00,1775664000,1.17235,1.17255,1.17145,1.1719,12735
2026-04-08 17:00,1775667600,1.1719,1.17225,1.1706,1.1711,16012
2026-04-08 18:00,1775671200,1.17115,1.1717,1.16865,1.1687,17831
2026-04-08 19:00,1775674800,1.16865,1.17075,1.16805,1.1705,16423
2026-04-08 20:00,1775678400,1.17045,1.17065,1.16975,1.1699,2688
2026-04-08 22:00,1775685600,1.1703,1.1704,1.1695,1.16975,0
2026-04-08 23:00,1775689200,1.1697,1.16985,1.16925,1.1694,1186
2026-04-09 00:00,1775692800,1.1694,1.16965,1.16875,1.1692,2932
2026-04-09 01:00,1775696400,1.16925,1.16985,1.16855,1.1697,2768
2026-04-09 02:00,1775700000,1.16975,1.17025,1.16945,1.17005,1695
2026-04-09 03:00,1775703600,1.17,1.17015,1.1696,1.16975,2388
2026-04-09 04:00,1775707200,1.17045,1.1706,1.17015,1.17025,1468
2026-04-09 05:00,1775710800,1.17015,1.17025,1.16945,1.1696,1824
2026-04-09 06:00,1775714400,1.16965,1.16995,1.16895,1.16995,5997
2026-04-09 07:00,1775718000,1.16995,1.17045,1.1691,1.1698,5699
2026-04-09 08:00,1775721600,1.16975,1.17105,1.1695,1.1707,6676
2026-04-09 09:00,1775725200,1.1707,1.17145,1.17035,1.17095,4646
2026-04-09 10:00,1775728800,1.17095,1.17145,1.1706,1.17065,4632
2026-04-09 11:00,1775732400,1.1706,1.17245,1.1705,1.1723,6911
2026-04-09 12:00,1775736000,1.1724,1.17255,1.17145,1.17215,10209
2026-04-09 13:00,1775739600,1.17215,1.17305,1.17165,1.1717,12672
2026-04-09 14:00,1775743200,1.1717,1.17235,1.17095,1.172,18434
2026-04-09 15:00,1775746800,1.172,1.1743,1.1713,1.1741,22717
2026-04-09 16:00,1775750400,1.17415,1.175,1.17385,1.1747,11422
2026-04-09 17:00,1775754000,1.17465,1.17595,1.1746,1.175,7824
2026-04-09 18:00,1775757600,1.17495,1.17505,1.1733,1.1735,9606
2026-04-09 19:00,1775761200,1.1735,1.17445,1.17335,1.1736,6410
2026-04-09 20:00,1775764800,1.17365,1.1737,1.1731,1.17335,3889
2026-04-09 22:00,1775772000,1.1736,1.1738,1.1728,1.1729,0
2026-04-09 23:00,1775775600,1.1729,1.1731,1.17255,1.17265,1355
2026-04-10 00:00,1775779200,1.17265,1.17265,1.1721,1.1723,3588
2026-04-10 01:00,1775782800,1.17235,1.17295,1.1721,1.17275,2130
2026-04-10 02:00,1775786400,1.1728,1.1729,1.1722,1.17255,1345
2026-04-10 03:00,1775790000,1.17255,1.17315,1.1725,1.17305,1244
2026-04-10 04:00,1775793600,1.17305,1.1731,1.17265,1.17265,868
2026-04-10 05:00,1775797200,1.1727,1.17275,1.17225,1.1725,1118
2026-04-10 06:00,1775800800,1.17245,1.17285,1.1718,1.17195,3923
2026-04-10 07:00,1775804400,1.17195,1.17245,1.17135,1.1715,5853
2026-04-10 08:00,1775808000,1.17145,1.17245,1.1712,1.1721,5062
2026-04-10 09:00,1775811600,1.1721,1.1746,1.17195,1.17455,16027
2026-04-10 10:00,1775815200,1.17455,1.17505,1.1741,1.17475,6163
2026-04-10 11:00,1775818800,1.17475,1.17535,1.1746,1.1749,5569
2026-04-10 12:00,1775822400,1.1749,1.1764,1.1744,1.1756,12711
2026-04-10 13:00,1775826000,1.17555,1.177,1.17535,1.1763,11118
2026-04-10 14:00,1775829600,1.1763,1.17735,1.1755,1.17625,19765
2026-04-10 15:00,1775833200,1.1763,1.17755,1.17565,1.17575,12627
2026-04-10 16:00,1775836800,1.1757,1.17605,1.17485,1.17555,9122
2026-04-10 17:00,1775840400,1.1755,1.1761,1.1754,1.17585,2865
2026-04-10 18:00,1775844000,1.1758,1.17705,1.1754,1.1766,6118
2026-04-10 19:00,1775847600,1.17665,1.17675,1.1762,1.17625,4912
2026-04-10 20:00,1775851200,1.1762,1.1766,1.1758,1.17595,1850
2026-04-12 22:00,1776031200,1.1712,1.1713,1.16995,1.1707,3527
2026-04-12 23:00,1776034800,1.17065,1.17105,1.16985,1.1709,2933
2026-04-13 00:00,1776038400,1.17095,1.1722,1.17055,1.17215,4711
2026-04-13 01:00,1776042000,1.1722,1.17235,1.1714,1.17205,2908
2026-04-13 02:00,1776045600,1.17205,1.17245,1.17195,1.17225,1191
2026-04-13 03:00,1776049200,1.1723,1.17235,1.172,1.1722,693
2026-04-13 04:00,1776052800,1.17225,1.1724,1.172,1.172,836
2026-04-13 05:00,1776056400,1.17205,1.1723,1.17175,1.17215,2378
2026-04-13 06:00,1776060000,1.17225,1.1729,1.1712,1.17195,10053
2026-04-13 07:00,1776063600,1.172,1.1734,1.172,1.1731,5663
2026-04-13 08:00,1776067200,1.17305,1.1731,1.17175,1.17205,5259
2026-04-13 09:00,1776070800,1.17205,1.17265,1.1718,1.172,4409
2026-04-13 10:00,1776074400,1.17205,1.1729,1.17165,1.17275,3611
2026-04-13 11:00,1776078000,1.1728,1.1734,1.1715,1.1716,7111
2026-04-13 12:00,1776081600,1.17165,1.17335,1.1715,1.17325,10055
2026-04-13 13:00,1776085200,1.17325,1.1747,1.17305,1.174,12910
2026-04-13 14:00,1776088800,1.174,1.1755,1.17345,1.1745,16199
2026-04-13 15:00,1776092400,1.1745,1.17465,1.1737,1.1744,11525
2026-04-13 16:00,1776096000,1.17445,1.1766,1.1741,1.1759,17746
2026-04-13 17:00,1776099600,1.17595,1.17735,1.1759,1.1768,9127
2026-04-13 18:00,1776103200,1.1768,1.1802,1.1768,1.17995,37225
2026-04-13 19:00,1776106800,1.17995,1.18,1.17885,1.1795,8566
2026-04-13 20:00,1776110400,1.1795,1.1798,1.1791,1.17945,2838
2026-04-13 22:00,1776117600,1.17955,1.1799,1.1792,1.17955,0
2026-04-13 23:00,1776121200,1.17955,1.1801,1.1795,1.1801,1402
2026-04-14 00:00,1776124800,1.1801,1.18025,1.17945,1.18005,4671
2026-04-14 01:00,1776128400,1.18,1.1802,1.17935,1.1794,2160
2026-04-14 02:00,1776132000,1.17945,1.17965,1.17905,1.1795,2062
2026-04-14 03:00,1776135600,1.17945,1.1803,1.1793,1.1802,2250
2026-04-14 04:00,1776139200,1.18005,1.1804,1.1799,1.1801,826
2026-04-14 05:00,1776142800,1.18005,1.18035,1.1793,1.1798,3508
2026-04-14 06:00,1776146400,1.1799,1.18125,1.17925,1.18115,5748
2026-04-14 07:00,1776150000,1.1812,1.1831,1.18115,1.18145,15074
2026-04-14 08:00,1776153600,1.1814,1.18185,1.18095,1.1817,6880
2026-04-14 09:00,1776157200,1.18175,1.1827,1.1816,1.1823,4755
2026-04-14 10:00,1776160800,1.18225,1.18335,1.1822,1.1831,7893
2026-04-14 11:00,1776164400,1.18305,1.1841,1.18295,1.18335,13739
2026-04-14 12:00,1776168000,1.1834,1.18405,1.1827,1.1839,14822
2026-04-14 13:00,1776171600,1.18385,1.1842,1.18275,1.18335,12160
2026-04-14 14:00,1776175200,1.18335,1.18455,1.18275,1.1843,18289
2026-04-14 15:00,1776178800,1.18425,1.18425,1.1822,1.18245,18366
2026-04-14 16:00,1776182400,1.1825,1.1831,1.1822,1.18285,7236
2026-04-14 17:00,1776186000,1.18285,1.18335,1.1826,1.183,3867
2026-04-14 18:00,1776189600,1.18305,1.18315,1.1825,1.1828,7408
2026-04-14 19:00,1776193200,1.1827,1.183,1.1825,1.18265,3324
2026-04-14 20:00,1776196800,1.18265,1.1831,1.1826,1.183,2133
2026-04-14 22:00,1776204000,1.1829,1.18335,1.18275,1.1829,0
2026-04-14 23:00,1776207600,1.1829,1.1836,1.18285,1.1832,1583
2026-04-15 00:00,1776211200,1.1832,1.18325,1.1823,1.1828,3551
2026-04-15 01:00,1776214800,1.18275,1.18305,1.18235,1.18245,1580
2026-04-15 02:00,1776218400,1.18245,1.1825,1.18125,1.1817,2624
2026-04-15 03:00,1776222000,1.1817,1.1823,1.1814,1.18215,1156
2026-04-15 04:00,1776225600,1.1822,1.18235,1.1821,1.18225,723
2026-04-15 05:00,1776229200,1.18225,1.1832,1.18225,1.1826,2386
2026-04-15 06:00,1776232800,1.18255,1.18335,1.1818,1.1818,4960
2026-04-15 07:00,1776236400,1.1818,1.1824,1.18165,1.182,5589
2026-04-15 08:00,1776240000,1.18195,1.1829,1.18195,1.1823,4010
2026-04-15 09:00,1776243600,1.18235,1.18255,1.18095,1.18155,8726
2026-04-15 10:00,1776247200,1.18155,1.18205,1.1806,1.18105,9561
2026-04-15 11:00,1776250800,1.18105,1.1819,1.1807,1.18175,8106
2026-04-15 12:00,1776254400,1.1817,1.18265,1.1811,1.1822,9795
2026-04-15 13:00,1776258000,1.1822,1.18315,1.18175,1.1821,11208
2026-04-15 14:00,1776261600,1.1822,1.1834,1.18185,1.18305,9304
2026-04-15 15:00,1776265200,1.18305,1.18425,1.1828,1.18315,13627
2026-04-15 16:00,1776268800,1.18315,1.1836,1.18305,1.18345,9515
2026-04-15 17:00,1776272400,1.1835,1.1836,1.18265,1.1829,3060
2026-04-15 18:00,1776276000,1.18285,1.18355,1.18275,1.18345,7564
2026-04-15 19:00,1776279600,1.1834,1.18385,1.18325,1.18335,3837
2026-04-15 20:00,1776283200,1.18335,1.18345,1.1829,1.18305,2593
2026-04-15 22:00,1776290400,1.183,1.1835,1.183,1.18345,0
2026-04-15 23:00,1776294000,1.1835,1.18395,1.18345,1.18385,1252
2026-04-16 00:00,1776297600,1.1839,1.1841,1.1835,1.18395,1853
2026-04-16 01:00,1776301200,1.1839,1.18415,1.1829,1.18345,2495
2026-04-16 02:00,1776304800,1.1835,1.18495,1.18345,1.1849,3389
2026-04-16 03:00,1776308400,1.18495,1.18565,1.18445,1.18455,2683
2026-04-16 04:00,1776312000,1.18435,1.18455,1.18405,1.1842,1062
2026-04-16 05:00,1776315600,1.18415,1.18425,1.18355,1.18365,2128
2026-04-16 06:00,1776319200,1.1837,1.18395,1.18255,1.18355,5742
2026-04-16 07:00,1776322800,1.1836,1.1837,1.18235,1.1824,5921
2026-04-16 08:00,1776326400,1.1824,1.1826,1.18085,1.18185,9967
2026-04-16 09:00,1776330000,1.1818,1.182,1.18095,1.1812,6948
2026-04-16 10:00,1776333600,1.1812,1.1813,1.1805,1.18115,5703
2026-04-16 11:00,1776337200,1.1812,1.1821,1.1812,1.18165,6781
2026-04-16 12:00,1776340800,1.18165,1.18175,1.1808,1.1814,9545
2026-04-16 13:00,1776344400,1.18135,1.1816,1.1799,1.18045,12718
2026-04-16 14:00,1776348000,1.1805,1.18145,1.1801,1.1804,14485
2026-04-16 15:00,1776351600,1.1804,1.18145,1.1802,1.1814,10744
2026-04-16 16:00,1776355200,1.18145,1.18195,1.18015,1.1807,7566
2026-04-16 17:00,1776358800,1.18075,1.1808,1.18,1.18055,3607
2026-04-16 18:00,1776362400,1.1806,1.1813,1.18055,1.1812,5806
2026-04-16 19:00,1776366000,1.18115,1.1818,1.18115,1.1813,5148
2026-04-16 20:00,1776369600,1.1813,1.18155,1.1811,1.18135,2442
2026-04-16 22:00,1776376800,1.1813,1.1819,1.1811,1.18175,0
2026-04-16 23:00,1776380400,1.18165,1.1818,1.18125,1.1813,941
2026-04-17 00:00,1776384000,1.18125,1.1815,1.18085,1.18105,1760
2026-04-17 01:00,1776387600,1.18105,1.18115,1.1806,1.18075,1399
2026-04-17 02:00,1776391200,1.1808,1.18095,1.18045,1.1809,1079
2026-04-17 03:00,1776394800,1.1809,1.18165,1.1807,1.1815,1643
2026-04-17 04:00,1776398400,1.18145,1.18155,1.1813,1.1814,703
2026-04-17 05:00,1776402000,1.1814,1.18165,1.18115,1.18125,1258
2026-04-17 06:00,1776405600,1.18125,1.18145,1.18035,1.18065,2938
2026-04-17 07:00,1776409200,1.1807,1.18155,1.18065,1.1814,4994
2026-04-17 08:00,1776412800,1.18145,1.1827,1.1812,1.18255,4081
2026-04-17 09:00,1776416400,1.1826,1.1831,1.18225,1.18255,4749
2026-04-17 10:00,1776420000,1.18255,1.1828,1.1823,1.1826,5055
2026-04-17 11:00,1776423600,1.18265,1.18315,1.18235,1.18255,4821
2026-04-17 12:00,1776427200,1.1826,1.1869,1.18255,1.18675,37298
2026-04-17 13:00,1776430800,1.18675,1.18815,1.1856,1.18655,43375
2026-04-17 14:00,1776434400,1.18655,1.1868,1.18455,1.18455,25825
2026-04-17 15:00,1776438000,1.1846,1.18485,1.1831,1.18325,22164
2026-04-17 16:00,1776441600,1.18325,1.18365,1.1824,1.1831,11848
2026-04-17 17:00,1776445200,1.18305,1.18305,1.1817,1.18275,9524
2026-04-17 18:00,1776448800,1.18275,1.18295,1.1806,1.18115,14374
2026-04-17 19:00,1776452400,1.18115,1.18155,1.1799,1.1801,9547
2026-04-17 20:00,1776456000,1.1801,1.18125,1.1792,1.18125,5348
2026-04-20 09:00,1776675600,1.18125,1.18125,1.17905,1.1797,1594
2026-04-20 10:00,1776679200,1.1797,1.18125,1.1793,1.18015,4515
2026-04-20 11:00,1776682800,1.1802,1.18125,1.17965,1.17985,6743
2026-04-20 12:00,1776686400,1.1798,1.18,1.1787,1.1796,7826
2026-04-20 13:00,1776690000,1.17965,1.1813,1.17925,1.18065,13201
2026-04-20 14:00,1776693600,1.18065,1.1809,1.1793,1.1803,15484
2026-04-20 15:00,1776697200,1.1803,1.18205,1.17995,1.1815,13584
2026-04-20 16:00,1776700800,1.18155,1.1819,1.1813,1.1817,3903
2026-04-20 17:00,1776704400,1.18175,1.18225,1.18125,1.1815,3344
2026-04-20 18:00,1776708000,1.1815,1.1821,1.18095,1.1811,17611
2026-04-20 19:00,1776711600,1.1811,1.182,1.18105,1.18175,3767
2026-04-20 20:00,1776715200,1.18175,1.18205,1.1815,1.18195,2651
2026-04-20 22:00,1776722400,1.1819,1.1821,1.1816,1.1821,0
2026-04-20 23:00,1776726000,1.1821,1.18215,1.18135,1.18145,967
2026-04-21 00:00,1776729600,1.1815,1.1816,1.1811,1.18135,1877
2026-04-21 01:00,1776733200,1.1813,1.18165,1.181,1.1811,1098
2026-04-21 02:00,1776736800,1.18115,1.1813,1.1808,1.181,747
2026-04-21 03:00,1776740400,1.181,1.18105,1.1804,1.1806,895
2026-04-21 04:00,1776744000,1.1806,1.1807,1.18045,1.1806,432
2026-04-21 05:00,1776747600,1.1806,1.1813,1.1806,1.18085,1545
2026-04-21 06:00,1776751200,1.18085,1.1811,1.18025,1.18055,3548
2026-04-21 07:00,1776754800,1.1805,1.1808,1.1794,1.1795,5737
2026-04-21 08:00,1776758400,1.1795,1.17975,1.17875,1.1795,7065
2026-04-21 09:00,1776762000,1.1796,1.1796,1.1787,1.17905,5047
2026-04-21 10:00,1776765600,1.179,1.1792,1.1787,1.17915,3095
2026-04-21 11:00,1776769200,1.1792,1.1799,1.17865,1.1798,4306
2026-04-21 12:00,1776772800,1.1798,1.1799,1.17845,1.179,9698
2026-04-21 13:00,1776776400,1.179,1.18025,1.17885,1.1796,8541
2026-04-21 14:00,1776780000,1.17965,1.18065,1.17825,1.17835,17022
2026-04-21 15:00,1776783600,1.17835,1.1791,1.1772,1.17815,15994
2026-04-21 16:00,1776787200,1.1782,1.1786,1.17705,1.17715,7301
2026-04-21 17:00,1776790800,1.17715,1.1794,1.17495,1.17735,30657
2026-04-21 18:00,1776794400,1.17735,1.17775,1.176,1.1771,15532
2026-04-21 19:00,1776798000,1.1771,1.17825,1.1748,1.17555,17818
2026-04-21 20:00,1776801600,1.1756,1.17835,1.17535,1.17725,12385
2026-04-21 22:00,1776808800,1.1772,1.17745,1.17685,1.17685,0
2026-04-21 23:00,1776812400,1.17685,1.1774,1.17675,1.17735,1361
2026-04-22 00:00,1776816000,1.1774,1.1781,1.17735,1.17735,3411
2026-04-22 01:00,1776819600,1.1774,1.1777,1.17685,1.17745,1776
2026-04-22 02:00,1776823200,1.1775,1.17785,1.17695,1.17705,979
2026-04-22 03:00,1776826800,1.177,1.17725,1.17675,1.1769,1312
2026-04-22 04:00,1776830400,1.1771,1.17725,1.17685,1.17695,788
2026-04-22 05:00,1776834000,1.17695,1.17925,1.1769,1.17805,7202
2026-04-22 06:00,1776837600,1.178,1.17845,1.17745,1.1779,5442
2026-04-22 07:00,1776841200,1.1779,1.17865,1.17755,1.17855,4698
2026-04-22 08:00,1776844800,1.17855,1.1789,1.17775,1.17835,5350
2026-04-22 09:00,1776848400,1.1783,1.1787,1.1776,1.17775,5108
2026-04-22 10:00,1776852000,1.17775,1.1783,1.1774,1.17815,3972
2026-04-22 11:00,1776855600,1.1781,1.1781,1.1762,1.1765,7818
2026-04-22 12:00,1776859200,1.17645,1.17675,1.17545,1.1757,11449
2026-04-22 13:00,1776862800,1.17575,1.17735,1.1754,1.1771,15711
2026-04-22 14:00,1776866400,1.1771,1.1773,1.1748,1.17485,17163
2026-04-22 15:00,1776870000,1.1748,1.17535,1.17425,1.17425,12475
2026-04-22 16:00,1776873600,1.17435,1.17455,1.17395,1.17425,7488
2026-04-22 17:00,1776877200,1.1743,1.1747,1.174,1.174,4331
2026-04-22 18:00,1776880800,1.174,1.1743,1.1737,1.1739,6588
2026-04-22 19:00,1776884400,1.1739,1.1741,1.17345,1.17355,4048
2026-04-22 20:00,1776888000,1.1735,1.17375,1.1732,1.1734,4589
2026-04-22 22:00,1776895200,1.17345,1.17375,1.1733,1.17345,0
2026-04-22 23:00,1776898800,1.17345,1.17355,1.17325,1.17335,782
2026-04-23 00:00,1776902400,1.1734,1.17415,1.17205,1.17395,11356
2026-04-23 01:00,1776906000,1.174,1.17415,1.17355,1.1737,1695
2026-04-23 02:00,1776909600,1.17375,1.17385,1.17245,1.17255,2237
2026-04-23 03:00,1776913200,1.17255,1.173,1.17235,1.17235,1767
2026-04-23 04:00,1776916800,1.17245,1.17285,1.1724,1.17285,1269
2026-04-23 05:00,1776920400,1.17285,1.1735,1.1728,1.1735,1865
2026-04-23 06:00,1776924000,1.17345,1.17375,1.17305,1.1732,3080
2026-04-23 07:00,1776927600,1.1732,1.17405,1.17235,1.17305,9099
2026-04-23 08:00,1776931200,1.1731,1.1733,1.1725,1.1729,4852
2026-04-23 09:00,1776934800,1.17295,1.17305,1.17185,1.17215,5727
2026-04-23 10:00,1776938400,1.17215,1.17245,1.17075,1.17105,5727
2026-04-23 11:00,1776942000,1.1711,1.17255,1.1707,1.1719,10168
2026-04-23 12:00,1776945600,1.17185,1.17265,1.17145,1.17205,15266
2026-04-23 13:00,1776949200,1.17205,1.1725,1.17095,1.17195,18131
2026-04-23 14:00,1776952800,1.17195,1.1745,1.17155,1.1739,16546
2026-04-23 15:00,1776956400,1.1739,1.1744,1.1729,1.1732,11113
2026-04-23 16:00,1776960000,1.1732,1.17335,1.17265,1.17305,5118
2026-04-23 17:00,1776963600,1.1731,1.1731,1.16975,1.1721,29724
2026-04-23 18:00,1776967200,1.17215,1.1729,1.1716,1.17175,10629
2026-04-23 19:00,1776970800,1.17175,1.17185,1.17085,1.1715,6933
2026-04-23 20:00,1776974400,1.1715,1.17155,1.1709,1.1711,1622
2026-04-23 22:00,1776981600,1.17135,1.1715,1.17125,1.1714,0
2026-04-23 23:00,1776985200,1.17135,1.17135,1.171,1.1711,515
2026-04-24 00:00,1776988800,1.1711,1.1716,1.17095,1.17135,1807
2026-04-24 01:00,1776992400,1.17135,1.1717,1.17095,1.1716,2302
2026-04-24 02:00,1776996000,1.17165,1.17175,1.1706,1.17065,1274
2026-04-24 03:00,1776999600,1.1707,1.17075,1.17005,1.17055,1382
2026-04-24 04:00,1777003200,1.1706,1.1709,1.1705,1.17065,1084
2026-04-24 05:00,1777006800,1.1707,1.1711,1.17045,1.171,910
2026-04-24 06:00,1777010400,1.171,1.17115,1.1705,1.1706,4142
2026-04-24 07:00,1777014000,1.1706,1.17215,1.17035,1.17185,7414
2026-04-24 08:00,1777017600,1.17185,1.1724,1.17115,1.17175,7234
2026-04-24 09:00,1777021200,1.1718,1.17185,1.1712,1.1714,3215
2026-04-24 10:00,1777024800,1.1714,1.1731,1.1713,1.1731,5681
2026-04-24 11:00,1777028400,1.1731,1.17465,1.17305,1.17425,22452
2026-04-24 12:00,1777032000,1.1742,1.17455,1.1731,1.17365,10580
2026-04-24 13:00,1777035600,1.1737,1.17405,1.17265,1.17345,11485
2026-04-24 14:00,1777039200,1.1734,1.1745,1.17275,1.17345,23220
2026-04-24 15:00,1777042800,1.1734,1.1748,1.1729,1.1745,17669
2026-04-24 16:00,1777046400,1.17455,1.1748,1.1741,1.1747,5291
2026-04-24 17:00,1777050000,1.1747,1.1749,1.174,1.1741,8588
2026-04-24 18:00,1777053600,1.1741,1.17475,1.1739,1.1745,6120
2026-04-24 19:00,1777057200,1.17455,1.17485,1.1743,1.17465,5543
2026-04-24 20:00,1777060800,1.1746,1.1751,1.1744,1.1745,5826
2026-04-26 22:00,1777240800,1.17345,1.1736,1.17305,1.1735,1072
2026-04-26 23:00,1777244400,1.1735,1.1737,1.17325,1.1733,817
2026-04-27 00:00,1777248000,1.1733,1.17445,1.1733,1.1743,2398
2026-04-27 01:00,1777251600,1.17435,1.1754,1.17435,1.17515,4110
2026-04-27 02:00,1777255200,1.1752,1.1756,1.1747,1.1754,1214
2026-04-27 03:00,1777258800,1.1754,1.17595,1.1754,1.1757,1235
2026-04-27 04:00,1777262400,1.17565,1.1759,1.17525,1.1754,1508
2026-04-27 05:00,1777266000,1.17545,1.1755,1.17495,1.175,1263
2026-04-27 06:00,1777269600,1.17495,1.1757,1.1744,1.1757,4098
2026-04-27 07:00,1777273200,1.17565,1.17725,1.1756,1.17715,7704
2026-04-27 08:00,1777276800,1.1771,1.17785,1.1767,1.17755,7490
2026-04-27 09:00,1777280400,1.1776,1.17785,1.17685,1.17695,4560
2026-04-27 10:00,1777284000,1.1769,1.1775,1.17665,1.17735,2852
2026-04-27 11:00,1777287600,1.1773,1.1774,1.1765,1.1769,3514
2026-04-27 12:00,1777291200,1.1769,1.17825,1.17685,1.1772,9645
2026-04-27 13:00,1777294800,1.1772,1.1782,1.1763,1.1767,12631
2026-04-27 14:00,1777298400,1.1767,1.17755,1.17605,1.17635,13714
2026-04-27 15:00,1777302000,1.1763,1.1764,1.1757,1.1758,10425
2026-04-27 16:00,1777305600,1.1758,1.17615,1.17525,1.17535,7612
2026-04-27 17:00,1777309200,1.1754,1.17575,1.1747,1.17505,6183
2026-04-27 18:00,1777312800,1.17505,1.1752,1.1746,1.1747,5729
2026-04-27 19:00,1777316400,1.1747,1.17535,1.17465,1.1748,3848
2026-04-27 20:00,1777320000,1.17475,1.17505,1.1747,1.1748,1741
2026-04-27 22:00,1777327200,1.17475,1.175,1.17455,1.1749,0
2026-04-27 23:00,1777330800,1.17485,1.175,1.1748,1.175,466
2026-04-28 00:00,1777334400,1.175,1.1754,1.17435,1.17455,1486
2026-04-28 01:00,1777338000,1.1745,1.17455,1.1739,1.17395,1435
2026-04-28 02:00,1777341600,1.1739,1.174,1.17345,1.1735,1072
2026-04-28 03:00,1777345200,1.1735,1.17445,1.1735,1.174,2617
2026-04-28 04:00,1777348800,1.1738,1.1743,1.1738,1.1739,1025
2026-04-28 05:00,1777352400,1.17395,1.174,1.17325,1.1733,1849
2026-04-28 06:00,1777356000,1.17325,1.17345,1.1714,1.17145,7505
2026-04-28 07:00,1777359600,1.1714,1.17275,1.17125,1.1723,10422
2026-04-28 08:00,1777363200,1.17235,1.1734,1.17215,1.1728,9000
2026-04-28 09:00,1777366800,1.17285,1.1729,1.1713,1.1719,8406
2026-04-28 10:00,1777370400,1.1719,1.17225,1.1717,1.172,4010
2026-04-28 11:00,1777374000,1.17195,1.1726,1.1708,1.17095,14611
2026-04-28 12:00,1777377600,1.17095,1.17265,1.1704,1.17235,33806
2026-04-28 13:00,1777381200,1.17235,1.17305,1.1715,1.1724,17038
2026-04-28 14:00,1777384800,1.1724,1.17295,1.17175,1.1728,17424
2026-04-28 15:00,1777388400,1.1727,1.1743,1.1727,1.17405,16757
2026-04-28 16:00,1777392000,1.17405,1.17435,1.1732,1.1737,6976
2026-04-28 17:00,1777395600,1.1737,1.1745,1.1733,1.17405,5364
2026-04-28 18:00,1777399200,1.17405,1.1743,1.17375,1.1738,4295
2026-04-28 19:00,1777402800,1.1738,1.17415,1.17335,1.1736,3937
2026-04-28 20:00,1777406400,1.17365,1.1742,1.17355,1.17385,6526
2026-04-28 22:00,1777413600,1.17385,1.17425,1.17385,1.174,0
2026-04-28 23:00,1777417200,1.17405,1.17415,1.17395,1.17415,342
2026-04-29 00:00,1777420800,1.1742,1.17445,1.1739,1.174,1107
2026-04-29 01:00,1777424400,1.174,1.17405,1.1731,1.1736,2607
2026-04-29 02:00,1777428000,1.17365,1.1741,1.17315,1.1732,2477
2026-04-29 03:00,1777431600,1.1732,1.1735,1.1729,1.17305,1238
2026-04-29 04:00,1777435200,1.173,1.1732,1.17285,1.17295,1055
2026-04-29 05:00,1777438800,1.17295,1.173,1.1722,1.17245,2260
2026-04-29 06:00,1777442400,1.1725,1.17285,1.17205,1.17235,3168
2026-04-29 07:00,1777446000,1.1724,1.17325,1.17225,1.17295,4977
2026-04-29 08:00,1777449600,1.17295,1.173,1.1718,1.17235,7420
2026-04-29 09:00,1777453200,1.1724,1.17285,1.17205,1.17215,3771
2026-04-29 10:00,1777456800,1.17215,1.17335,1.17205,1.17335,4392
2026-04-29 11:00,1777460400,1.17335,1.1734,1.17235,1.1725,4042
2026-04-29 12:00,1777464000,1.17255,1.1732,1.1717,1.1723,12526
2026-04-29 13:00,1777467600,1.1723,1.1727,1.17065,1.17125,17132
2026-04-29 14:00,1777471200,1.17125,1.1727,1.1708,1.17245,14678
2026-04-29 15:00,1777474800,1.1725,1.17285,1.1711,1.1718,20474
2026-04-29 16:00,1777478400,1.17185,1.17225,1.1708,1.17085,5978
2026-04-29 17:00,1777482000,1.17085,1.17125,1.17035,1.1712,11528
2026-04-29 18:00,1777485600,1.1711,1.17155,1.1685,1.1696,24021
2026-04-29 19:00,1777489200,1.1696,1.17045,1.16905,1.17,7925
2026-04-29 20:00,1777492800,1.16995,1.17015,1.1695,1.16995,2409
2026-04-29 22:00,1777500000,1.17005,1.1702,1.16945,1.17015,0
2026-04-29 23:00,1777503600,1.17015,1.171,1.16995,1.1708,1159
2026-04-30 00:00,1777507200,1.1708,1.1713,1.17025,1.1703,2903
2026-04-30 01:00,1777510800,1.17025,1.1705,1.16965,1.1698,2466
2026-04-30 02:00,1777514400,1.1698,1.17,1.16855,1.169,3647
2026-04-30 03:00,1777518000,1.16905,1.1694,1.16885,1.1689,1190
2026-04-30 04:00,1777521600,1.1689,1.1689,1.16775,1.16835,3549
2026-04-30 05:00,1777525200,1.16835,1.16875,1.1682,1.1682,2549
2026-04-30 06:00,1777528800,1.1682,1.1694,1.16815,1.16935,5527
2026-04-30 07:00,1777532400,1.16935,1.17075,1.16935,1.1703,9719
2026-04-30 08:00,1777536000,1.17025,1.1721,1.16965,1.17025,14881
2026-04-30 09:00,1777539600,1.17025,1.1721,1.16965,1.1718,10414
2026-04-30 10:00,1777543200,1.1718,1.1739,1.17125,1.17385,23627
2026-04-30 11:00,1777546800,1.17385,1.17435,1.1726,1.1729,24614
2026-04-30 12:00,1777550400,1.17285,1.1731,1.1713,1.17165,18497
2026-04-30 13:00,1777554000,1.17165,1.1725,1.17055,1.17135,18279
2026-04-30 14:00,1777557600,1.1714,1.1757,1.17115,1.1752,28993
2026-04-30 15:00,1777561200,1.17515,1.17595,1.17465,1.1752,24566
2026-04-30 16:00,1777564800,1.17525,1.1759,1.1747,1.1749,9347
2026-04-30 17:00,1777568400,1.17495,1.1756,1.1746,1.17495,6418
2026-04-30 18:00,1777572000,1.17495,1.1764,1.17495,1.176,7161
2026-04-30 19:00,1777575600,1.176,1.17655,1.1756,1.17575,8775
2026-04-30 20:00,1777579200,1.1757,1.17605,1.17535,1.1756,4983
2026-04-30 22:00,1777586400,1.17585,1.1761,1.17535,1.17555,0
2026-04-30 23:00,1777590000,1.17555,1.1757,1.17525,1.17525,745
2026-05-01 00:00,1777593600,1.1753,1.17535,1.17475,1.17515,2712
2026-05-01 01:00,1777597200,1.1752,1.17565,1.17485,1.1755,1382
2026-05-01 02:00,1777600800,1.1755,1.1758,1.17535,1.17575,1888
2026-05-01 03:00,1777604400,1.17575,1.176,1.17545,1.17555,770
2026-05-01 04:00,1777608000,1.1753,1.17535,1.17495,1.17505,923
2026-05-01 05:00,1777611600,1.175,1.1751,1.1746,1.17465,959
2026-05-01 06:00,1777615200,1.1746,1.1769,1.17425,1.17595,7643
2026-05-01 07:00,1777618800,1.17595,1.17655,1.17555,1.17585,6450
2026-05-01 08:00,1777622400,1.17585,1.17715,1.1756,1.1767,3712
2026-05-01 09:00,1777626000,1.17675,1.17675,1.1755,1.17555,2782
2026-05-01 10:00,1777629600,1.1755,1.17695,1.17545,1.17685,2702
2026-05-01 11:00,1777633200,1.1769,1.1782,1.1768,1.17755,7998
2026-05-01 12:00,1777636800,1.1775,1.1793,1.1772,1.1781,15065
2026-05-01 13:00,1777640400,1.1781,1.17875,1.17675,1.17855,15634
2026-05-01 14:00,1777644000,1.17865,1.1809,1.1783,1.17915,21262
2026-05-01 15:00,1777647600,1.17915,1.1795,1.1777,1.17785,14581
2026-05-01 16:00,1777651200,1.17785,1.17815,1.1762,1.1762,13701
2026-05-01 17:00,1777654800,1.1762,1.1764,1.17525,1.17575,14896
2026-05-01 18:00,1777658400,1.1757,1.1758,1.17435,1.17515,13400
2026-05-01 19:00,1777662000,1.1751,1.17525,1.17415,1.17435,3841
2026-05-01 20:00,1777665600,1.1743,1.17465,1.17395,1.17445,2745
2026-05-03 22:00,1777845600,1.1758,1.17595,1.175,1.17565,2369
2026-05-03 23:00,1777849200,1.1756,1.1756,1.17485,1.1749,1608
2026-05-04 00:00,1777852800,1.17485,1.17515,1.17445,1.175,2428
2026-05-04 01:00,1777856400,1.175,1.17525,1.17435,1.17485,2093
2026-05-04 02:00,1777860000,1.17485,1.17515,1.17455,1.1751,2958
2026-05-04 03:00,1777863600,1.17505,1.1762,1.1748,1.17605,6029
2026-05-04 04:00,1777867200,1.1761,1.1761,1.1751,1.1752,1312
2026-05-04 05:00,1777870800,1.1752,1.1756,1.1749,1.1754,2451
2026-05-04 06:00,1777874400,1.17535,1.176,1.17445,1.1752,4241
2026-05-04 07:00,1777878000,1.17515,1.1752,1.1738,1.17405,7603
2026-05-04 08:00,1777881600,1.174,1.17465,1.1734,1.1742,6669
2026-05-04 09:00,1777885200,1.17425,1.1747,1.17385,1.17405,3600
2026-05-04 10:00,1777888800,1.17405,1.17405,1.17115,1.1728,24970
2026-05-04 11:00,1777892400,1.17285,1.17315,1.1716,1.17165,11277
2026-05-04 12:00,1777896000,1.1716,1.17355,1.17155,1.17325,8830
2026-05-04 13:00,1777899600,1.1732,1.1741,1.1725,1.1738,15258
2026-05-04 14:00,1777903200,1.17375,1.1739,1.17275,1.173,12137
2026-05-04 15:00,1777906800,1.17305,1.1739,1.1717,1.17205,20205
2026-05-04 16:00,1777910400,1.17205,1.17235,1.1704,1.1705,15756
2026-05-04 17:00,1777914000,1.17055,1.172,1.17045,1.17165,9213
2026-05-04 18:00,1777917600,1.17165,1.1721,1.1711,1.172,12428
2026-05-04 19:00,1777921200,1.172,1.1725,1.1716,1.1718,6572
2026-05-04 20:00,1777924800,1.17185,1.17185,1.171,1.17145,2001
2026-05-04 22:00,1777932000,1.17155,1.17155,1.1711,1.17125,0
2026-05-04 23:00,1777935600,1.17125,1.17155,1.17125,1.1714,531
2026-05-05 00:00,1777939200,1.1714,1.17165,1.17075,1.1709,1412
2026-05-05 01:00,1777942800,1.1709,1.17105,1.1702,1.17095,2421
2026-05-05 02:00,1777946400,1.17095,1.1714,1.1709,1.171,870
2026-05-05 03:00,1777950000,1.17095,1.17105,1.1706,1.17065,631
2026-05-05 04:00,1777953600,1.1708,1.17095,1.16995,1.17005,1571
2026-05-05 05:00,1777957200,1.17,1.1707,1.1699,1.17055,1756
2026-05-05 06:00,1777960800,1.17055,1.1712,1.1702,1.17085,4994
2026-05-05 07:00,1777964400,1.1709,1.1719,1.17085,1.17115,5740
2026-05-05 08:00,1777968000,1.1711,1.17195,1.17075,1.17115,4329
2026-05-05 09:00,1777971600,1.1711,1.1715,1.17035,1.17125,4930
2026-05-05 10:00,1777975200,1.17125,1.17205,1.17095,1.17125,4346
2026-05-05 11:00,1777978800,1.1712,1.1717,1.17055,1.17115,5839
2026-05-05 12:00,1777982400,1.17115,1.17205,1.17075,1.1715,9576
2026-05-05 13:00,1777986000,1.1715,1.1727,1.17145,1.172,9994
2026-05-05 14:00,1777989600,1.1721,1.17285,1.1714,1.17285,17436
2026-05-05 15:00,1777993200,1.1728,1.17365,1.1724,1.1729,13354
2026-05-05 16:00,1777996800,1.1729,1.1731,1.17205,1.1722,5054
2026-05-05 17:00,1778000400,1.1722,1.1727,1.17185,1.17215,4849
2026-05-05 18:00,1778004000,1.1721,1.17235,1.17195,1.17225,3218
2026-05-05 19:00,1778007600,1.17225,1.17235,1.17165,1.17175,3670
2026-05-05 20:00,1778011200,1.17175,1.17195,1.17145,1.1716,2377
2026-05-05 22:00,1778018400,1.1716,1.1731,1.17135,1.1728,0
2026-05-05 23:00,1778022000,1.1728,1.17475,1.1727,1.1737,3349
2026-05-06 00:00,1778025600,1.1737,1.17435,1.17335,1.1742,2729
2026-05-06 01:00,1778029200,1.1742,1.1749,1.17395,1.17435,3742
2026-05-06 02:00,1778032800,1.17435,1.1747,1.17375,1.17395,1870
2026-05-06 03:00,1778036400,1.17395,1.1745,1.17385,1.174,1565
2026-05-06 04:00,1778040000,1.17385,1.17655,1.17385,1.1759,13692
2026-05-06 05:00,1778043600,1.17585,1.176,1.17525,1.1755,3750
2026-05-06 06:00,1778047200,1.17545,1.17575,1.17505,1.1756,5396
2026-05-06 07:00,1778050800,1.17555,1.17605,1.17465,1.17595,6453
2026-05-06 08:00,1778054400,1.176,1.1793,1.1755,1.1785,22499
2026-05-06 09:00,1778058000,1.1785,1.17995,1.1778,1.17975,14781
2026-05-06 10:00,1778061600,1.17975,1.18195,1.1789,1.18115,23577
2026-05-06 11:00,1778065200,1.1811,1.1814,1.179,1.17915,19005
2026-05-06 12:00,1778068800,1.17925,1.17925,1.17735,1.1776,16957
2026-05-06 13:00,1778072400,1.17755,1.17815,1.1768,1.1774,17060
2026-05-06 14:00,1778076000,1.17735,1.1785,1.17665,1.1777,15707
2026-05-06 15:00,1778079600,1.1777,1.1781,1.17705,1.17745,12920
2026-05-06 16:00,1778083200,1.17745,1.1775,1.17635,1.17665,7306
2026-05-06 17:00,1778086800,1.1766,1.17775,1.17645,1.177,9560
2026-05-06 18:00,1778090400,1.17705,1.17735,1.17665,1.17715,4627
2026-05-06 19:00,1778094000,1.17715,1.17775,1.17695,1.177,4187
2026-05-06 20:00,1778097600,1.17695,1.17725,1.1767,1.17705,2183
2026-05-06 22:00,1778104800,1.17705,1.17725,1.17685,1.17705,0
2026-05-06 23:00,1778108400,1.17705,1.17725,1.1767,1.17685,732
2026-05-07 00:00,1778112000,1.1768,1.17745,1.1767,1.17685,2375
2026-05-07 01:00,1778115600,1.17685,1.17845,1.1767,1.17795,2921
2026-05-07 02:00,1778119200,1.1779,1.1781,1.1775,1.1777,1243
2026-05-07 03:00,1778122800,1.17765,1.17765,1.1769,1.1769,1628
2026-05-07 04:00,1778126400,1.1771,1.17735,1.17705,1.1771,750
2026-05-07 05:00,1778130000,1.17715,1.1774,1.177,1.1772,1095
2026-05-07 06:00,1778133600,1.17715,1.1777,1.17655,1.1768,6257
2026-05-07 07:00,1778137200,1.17685,1.1789,1.17685,1.1787,9608
2026-05-07 08:00,1778140800,1.17875,1.1795,1.17835,1.1792,6329
2026-05-07 09:00,1778144400,1.1792,1.17985,1.1786,1.1791,4713
2026-05-07 10:00,1778148000,1.17905,1.17965,1.17855,1.17875,5617
2026-05-07 11:00,1778151600,1.17875,1.1791,1.17825,1.17905,4686
2026-05-07 12:00,1778155200,1.17905,1.17985,1.1788,1.1793,7569
2026-05-07 13:00,1778158800,1.1793,1.17975,1.1787,1.1789,8208
2026-05-07 14:00,1778162400,1.17885,1.1798,1.1784,1.17965,13254
2026-05-07 15:00,1778166000,1.17965,1.17985,1.17835,1.1784,10510
2026-05-07 16:00,1778169600,1.17845,1.17865,1.1777,1.1781,7606
2026-05-07 17:00,1778173200,1.1781,1.1781,1.17555,1.17695,16359
2026-05-07 18:00,1778176800,1.17695,1.17725,1.176,1.177,13936
2026-05-07 19:00,1778180400,1.17705,1.17745,1.17535,1.1754,13293
2026-05-07 20:00,1778184000,1.17545,1.17705,1.17425,1.1745,8183
2026-05-07 22:00,1778191200,1.17435,1.17515,1.17405,1.17445,0
2026-05-07 23:00,1778194800,1.1745,1.1751,1.1744,1.17505,784
2026-05-08 00:00,1778198400,1.17505,1.1755,1.1746,1.1747,2450
2026-05-08 01:00,1778202000,1.1747,1.17535,1.1747,1.1752,1553
2026-05-08 02:00,1778205600,1.1752,1.1752,1.1744,1.17475,2022
2026-05-08 03:00,1778209200,1.17475,1.1754,1.17465,1.17485,1930
2026-05-08 04:00,1778212800,1.17485,1.17555,1.17465,1.1755,2294
2026-05-08 05:00,1778216400,1.17555,1.17585,1.17525,1.1757,1704
2026-05-08 06:00,1778220000,1.1757,1.1768,1.1757,1.17645,5869
2026-05-08 07:00,1778223600,1.1764,1.17675,1.1762,1.1763,4225
2026-05-08 08:00,1778227200,1.1763,1.17855,1.1762,1.17835,8180
2026-05-08 09:00,1778230800,1.1784,1.17935,1.17835,1.1789,6559
2026-05-08 10:00,1778234400,1.1789,1.17925,1.17815,1.1784,4555
2026-05-08 11:00,1778238000,1.1784,1.1789,1.17815,1.17855,4938
2026-05-08 12:00,1778241600,1.17855,1.1799,1.17705,1.1794,14571
2026-05-08 13:00,1778245200,1.17935,1.1807,1.1786,1.1799,12978
2026-05-08 14:00,1778248800,1.1799,1.18,1.1787,1.1794,11894
2026-05-08 15:00,1778252400,1.17945,1.1798,1.17865,1.1793,11923
2026-05-08 16:00,1778256000,1.17925,1.17985,1.1791,1.1791,4390
2026-05-08 17:00,1778259600,1.17905,1.1796,1.17905,1.17925,3669
2026-05-08 18:00,1778263200,1.1792,1.18015,1.1791,1.17985,7241
2026-05-08 19:00,1778266800,1.17985,1.1803,1.17965,1.18,4587
2026-05-08 20:00,1778270400,1.18,1.18085,1.17985,1.17985,3057
2026-05-10 22:00,1778450400,1.17795,1.1784,1.17765,1.1783,1213
2026-05-10 23:00,1778454000,1.1783,1.1789,1.1783,1.17865,1337
2026-05-11 00:00,1778457600,1.17865,1.1791,1.1785,1.17895,3058
2026-05-11 01:00,1778461200,1.179,1.17905,1.1781,1.1782,2338
2026-05-11 02:00,1778464800,1.1782,1.17855,1.17785,1.17785,1606
2026-05-11 03:00,1778468400,1.17785,1.17785,1.17755,1.17755,1128
2026-05-11 04:00,1778472000,1.1776,1.17765,1.17695,1.177,1374
2026-05-11 05:00,1778475600,1.177,1.1774,1.1768,1.17695,1693
2026-05-11 06:00,1778479200,1.17695,1.17875,1.17695,1.17865,5230
2026-05-11 07:00,1778482800,1.1787,1.1794,1.1784,1.17915,5521
2026-05-11 08:00,1778486400,1.17915,1.18015,1.179,1.17905,6060
2026-05-11 09:00,1778490000,1.17905,1.1794,1.17865,1.1787,3180
2026-05-11 10:00,1778493600,1.17865,1.17935,1.1784,1.17885,4751
2026-05-11 11:00,1778497200,1.17885,1.1794,1.17825,1.1788,9454
2026-05-11 12:00,1778500800,1.1788,1.1794,1.1784,1.1794,9615
2026-05-11 13:00,1778504400,1.1794,1.1807,1.1794,1.18045,11910
2026-05-11 14:00,1778508000,1.1805,1.18075,1.17985,1.1799,15049
2026-05-11 15:00,1778511600,1.1799,1.18045,1.1796,1.17995,9788
2026-05-11 16:00,1778515200,1.17995,1.18,1.17915,1.1793,4481
2026-05-11 17:00,1778518800,1.1793,1.1798,1.17905,1.17975,5071
2026-05-11 18:00,1778522400,1.17975,1.17995,1.17935,1.1794,7384
2026-05-11 19:00,1778526000,1.1794,1.17975,1.17935,1.17965,4675
2026-05-11 20:00,1778529600,1.1797,1.1803,1.1793,1.18025,5129
2026-05-11 22:00,1778536800,1.18025,1.18065,1.18025,1.1804,0
2026-05-11 23:00,1778540400,1.1804,1.1804,1.17965,1.1797,1014
2026-05-12 00:00,1778544000,1.1797,1.1797,1.1785,1.1786,2723
2026-05-12 01:00,1778547600,1.17855,1.17875,1.17765,1.17805,3946
2026-05-12 02:00,1778551200,1.17805,1.1783,1.1778,1.17815,1158
2026-05-12 03:00,1778554800,1.1781,1.17815,1.17735,1.17745,2077
2026-05-12 04:00,1778558400,1.1776,1.17785,1.17745,1.17765,1192
2026-05-12 05:00,1778562000,1.17755,1.1787,1.17715,1.1781,4256
2026-05-12 06:00,1778565600,1.17815,1.17845,1.17685,1.1769,5191
2026-05-12 07:00,1778569200,1.1769,1.1772,1.1762,1.17665,8304
2026-05-12 08:00,1778572800,1.17665,1.1769,1.17585,1.17635,8705
2026-05-12 09:00,1778576400,1.1764,1.17705,1.17625,1.1766,5865
2026-05-12 10:00,1778580000,1.1766,1.17675,1.17595,1.17595,4590
2026-05-12 11:00,1778583600,1.17595,1.1767,1.1753,1.17625,7381
2026-05-12 12:00,1778587200,1.1763,1.1769,1.17545,1.17665,22127
2026-05-12 13:00,1778590800,1.1766,1.17685,1.17455,1.1749,20822
2026-05-12 14:00,1778594400,1.1749,1.1755,1.17465,1.1755,16450
2026-05-12 15:00,1778598000,1.17545,1.17555,1.17405,1.1751,13327
2026-05-12 16:00,1778601600,1.17515,1.17575,1.17465,1.1747,7662
2026-05-12 17:00,1778605200,1.1747,1.17525,1.17465,1.17525,5970
2026-05-12 18:00,1778608800,1.1752,1.176,1.1748,1.17595,6154
2026-05-12 19:00,1778612400,1.1759,1.1766,1.17585,1.17595,5617
2026-05-12 20:00,1778616000,1.1759,1.176,1.17565,1.1757,2520
2026-05-12 22:00,1778623200,1.17575,1.17585,1.17555,1.17575,0
2026-05-12 23:00,1778626800,1.17575,1.17595,1.1753,1.1753,1265
2026-05-13 00:00,1778630400,1.1753,1.17565,1.1751,1.17565,1392
2026-05-13 01:00,1778634000,1.1756,1.176,1.175,1.1757,1520
2026-05-13 02:00,1778637600,1.1757,1.176,1.1754,1.17555,684
2026-05-13 03:00,1778641200,1.17555,1.1756,1.1751,1.17525,1060
2026-05-13 04:00,1778644800,1.1753,1.17535,1.175,1.1753,648
2026-05-13 05:00,1778648400,1.17525,1.1755,1.1751,1.1752,1059
2026-05-13 06:00,1778652000,1.17525,1.17525,1.1736,1.1738,5210
2026-05-13 07:00,1778655600,1.1738,1.1741,1.1725,1.17255,6985
2026-05-13 08:00,1778659200,1.1725,1.173,1.1718,1.1721,7206
2026-05-13 09:00,1778662800,1.17205,1.1725,1.17135,1.17245,7491
2026-05-13 10:00,1778666400,1.1724,1.1733,1.172,1.1731,7793
2026-05-13 11:00,1778670000,1.1731,1.17355,1.17295,1.173,3960
2026-05-13 12:00,1778673600,1.173,1.1734,1.1713,1.172,14220
2026-05-13 13:00,1778677200,1.172,1.17305,1.17195,1.1728,9513
2026-05-13 14:00,1778680800,1.1728,1.1731,1.17215,1.1726,8261
2026-05-13 15:00,1778684400,1.1726,1.17345,1.17255,1.1729,7872
2026-05-13 16:00,1778688000,1.17285,1.1736,1.1726,1.17265,8071
2026-05-13 17:00,1778691600,1.17265,1.1729,1.1722,1.1722,3308
2026-05-13 18:00,1778695200,1.17225,1.17285,1.1722,1.1726,4950
2026-05-13 19:00,1778698800,1.1726,1.1731,1.17255,1.17285,2883
2026-05-13 20:00,1778702400,1.1728,1.17325,1.1727,1.17305,2447
2026-05-13 22:00,1778709600,1.17315,1.17355,1.17305,1.1734,0
2026-05-13 23:00,1778713200,1.1734,1.17345,1.1732,1.1732,697
2026-05-14 00:00,1778716800,1.1732,1.17345,1.1731,1.17335,1577
2026-05-14 01:00,1778720400,1.17335,1.1734,1.1729,1.173,2949
2026-05-14 02:00,1778724000,1.173,1.17315,1.17275,1.1729,1042
2026-05-14 03:00,1778727600,1.17285,1.17315,1.17265,1.1729,1005
2026-05-14 04:00,1778731200,1.1731,1.17335,1.17305,1.1731,1449
2026-05-14 05:00,1778734800,1.1731,1.17325,1.17265,1.1727,1569
2026-05-14 06:00,1778738400,1.17265,1.1738,1.17235,1.17345,4688
2026-05-14 07:00,1778742000,1.17345,1.1735,1.1722,1.1724,3769
2026-05-14 08:00,1778745600,1.17235,1.17305,1.1721,1.17275,4715
2026-05-14 09:00,1778749200,1.1728,1.17295,1.17225,1.1724,3450
2026-05-14 10:00,1778752800,1.17235,1.1729,1.17215,1.1725,3587
2026-05-14 11:00,1778756400,1.1725,1.1725,1.1716,1.17165,4619
2026-05-14 12:00,1778760000,1.1716,1.17225,1.17125,1.17135,8332
2026-05-14 13:00,1778763600,1.1714,1.1716,1.1702,1.1706,18470
2026-05-14 14:00,1778767200,1.17055,1.17165,1.1695,1.1695,29708
2026-05-14 15:00,1778770800,1.16955,1.16975,1.16875,1.1694,19686
2026-05-14 16:00,1778774400,1.16935,1.16975,1.16865,1.16925,10076
2026-05-14 17:00,1778778000,1.16925,1.1697,1.1692,1.1694,11454
2026-05-14 18:00,1778781600,1.16945,1.1695,1.16905,1.1694,5244
2026-05-14 19:00,1778785200,1.1694,1.16955,1.16845,1.16875,4343
2026-05-14 20:00,1778788800,1.1687,1.16885,1.1682,1.16845,3529
2026-05-14 22:00,1778796000,1.1685,1.1687,1.16845,1.16855,0
2026-05-14 23:00,1778799600,1.1685,1.16855,1.1677,1.16775,2537
2026-05-15 00:00,1778803200,1.1678,1.16795,1.1668,1.1671,3917
2026-05-15 01:00,1778806800,1.1671,1.16725,1.16615,1.16625,3690
2026-05-15 02:00,1778810400,1.1663,1.16735,1.1661,1.16695,2615
2026-05-15 03:00,1778814000,1.1669,1.1671,1.1666,1.16675,1202
2026-05-15 04:00,1778817600,1.16675,1.16685,1.1662,1.1663,1134
2026-05-15 05:00,1778821200,1.16635,1.1664,1.1648,1.16485,7937
2026-05-15 06:00,1778824800,1.1648,1.16595,1.1648,1.16505,7496
2026-05-15 07:00,1778828400,1.16505,1.16645,1.16475,1.16525,14189
2026-05-15 08:00,1778832000,1.16525,1.1654,1.1646,1.16485,7880
2026-05-15 09:00,1778835600,1.16485,1.1649,1.1633,1.16435,10067
2026-05-15 10:00,1778839200,1.16435,1.16715,1.16435,1.1665,13079
2026-05-15 11:00,1778842800,1.1665,1.16665,1.16455,1.1648,10833
2026-05-15 12:00,1778846400,1.1647,1.16475,1.16345,1.16415,12976
2026-05-15 13:00,1778850000,1.1642,1.1648,1.16345,1.16395,16443
2026-05-15 14:00,1778853600,1.1639,1.1654,1.16375,1.1645,16366
2026-05-15 15:00,1778857200,1.1645,1.16465,1.16365,1.1642,9417
2026-05-15 16:00,1778860800,1.16425,1.1647,1.1639,1.16455,6136
2026-05-15 17:00,1778864400,1.16455,1.1651,1.16425,1.16425,6468
2026-05-15 18:00,1778868000,1.16425,1.1643,1.16325,1.16375,13384
2026-05-15 19:00,1778871600,1.1638,1.1639,1.16345,1.1637,3765
2026-05-15 20:00,1778875200,1.1637,1.16415,1.1635,1.1637,3607
2026-05-17 22:00,1779055200,1.1639,1.164,1.1635,1.1638,1294
2026-05-17 23:00,1779058800,1.16385,1.16385,1.1627,1.16285,2371
2026-05-18 00:00,1779062400,1.16295,1.16365,1.16235,1.1627,3622
2026-05-18 01:00,1779066000,1.1627,1.1634,1.16235,1.16325,2287
2026-05-18 02:00,1779069600,1.16325,1.16345,1.16285,1.1631,1729
2026-05-18 03:00,1779073200,1.1631,1.16375,1.16305,1.1637,1330
2026-05-18 04:00,1779076800,1.1637,1.16415,1.16345,1.1636,1612
2026-05-18 05:00,1779080400,1.1636,1.1638,1.1632,1.1638,2967
2026-05-18 06:00,1779084000,1.1638,1.1652,1.1637,1.1651,7415
2026-05-18 07:00,1779087600,1.1651,1.16555,1.16465,1.16475,7823
2026-05-18 08:00,1779091200,1.1647,1.16605,1.1644,1.16565,8750
2026-05-18 09:00,1779094800,1.16565,1.16575,1.165,1.165,3719
2026-05-18 10:00,1779098400,1.165,1.1652,1.16415,1.1642,4794
2026-05-18 11:00,1779102000,1.1642,1.1665,1.16415,1.1657,13000
2026-05-18 12:00,1779105600,1.16575,1.16725,1.1656,1.16665,14682
2026-05-18 13:00,1779109200,1.16665,1.1671,1.1659,1.1666,16759
2026-05-18 14:00,1779112800,1.16665,1.16685,1.16565,1.16575,20268
2026-05-18 15:00,1779116400,1.16575,1.16685,1.16485,1.1664,20832
2026-05-18 16:00,1779120000,1.1664,1.16715,1.16595,1.16665,11655
2026-05-18 17:00,1779123600,1.16665,1.1669,1.16635,1.16635,5247
2026-05-18 18:00,1779127200,1.16635,1.1664,1.16435,1.1644,16840
2026-05-18 19:00,1779130800,1.16445,1.16715,1.1644,1.1666,14696
2026-05-18 20:00,1779134400,1.1666,1.1676,1.1666,1.16705,5515
2026-05-18 22:00,1779141600,1.16735,1.1677,1.1672,1.16725,0
2026-05-18 23:00,1779145200,1.16725,1.1673,1.1669,1.16695,1223
2026-05-19 00:00,1779148800,1.16695,1.167,1.16585,1.1659,3078
2026-05-19 01:00,1779152400,1.1659,1.1667,1.1658,1.16605,2294
2026-05-19 02:00,1779156000,1.16605,1.16615,1.16555,1.16575,1813
2026-05-19 03:00,1779159600,1.16575,1.166,1.16555,1.16565,573
2026-05-19 04:00,1779163200,1.1656,1.1658,1.165,1.16515,1904
2026-05-19 05:00,1779166800,1.16515,1.16575,1.16485,1.1657,2215
2026-05-19 06:00,1779170400,1.1657,1.16605,1.1651,1.16515,3486
2026-05-19 07:00,1779174000,1.1651,1.16525,1.16445,1.16495,6699
2026-05-19 08:00,1779177600,1.165,1.16505,1.1637,1.16375,6208
2026-05-19 09:00,1779181200,1.16375,1.16375,1.1629,1.16335,7990
2026-05-19 10:00,1779184800,1.16335,1.16415,1.16255,1.16365,9349
2026-05-19 11:00,1779188400,1.16365,1.1637,1.1631,1.1631,4088
2026-05-19 12:00,1779192000,1.1631,1.16385,1.163,1.1631,10920
2026-05-19 13:00,1779195600,1.1631,1.16325,1.16165,1.1628,20254
2026-05-19 14:00,1779199200,1.16275,1.1631,1.1609,1.161,24579
2026-05-19 15:00,1779202800,1.161,1.16175,1.1607,1.1616,16298
2026-05-19 16:00,1779206400,1.16165,1.1624,1.16105,1.16215,8844
2026-05-19 17:00,1779210000,1.1621,1.16265,1.1621,1.16245,6280
2026-05-19 18:00,1779213600,1.16255,1.1629,1.1617,1.16175,8407
2026-05-19 19:00,1779217200,1.1618,1.16225,1.1617,1.16205,3920
2026-05-19 20:00,1779220800,1.16205,1.16215,1.16175,1.16195,1921
2026-05-19 22:00,1779228000,1.162,1.16235,1.16195,1.1622,0
2026-05-19 23:00,1779231600,1.16225,1.1627,1.162,1.16205,984
2026-05-20 00:00,1779235200,1.16205,1.1625,1.16145,1.1615,2860
2026-05-20 01:00,1779238800,1.1615,1.16165,1.16075,1.1611,3111
2026-05-20 02:00,1779242400,1.1611,1.16165,1.1608,1.16125,2185
2026-05-20 03:00,1779246000,1.16115,1.16195,1.16095,1.16165,1428
2026-05-20 04:00,1779249600,1.16195,1.16195,1.1611,1.1611,1384
2026-05-20 05:00,1779253200,1.1612,1.16155,1.16055,1.16095,1640
2026-05-20 06:00,1779256800,1.1609,1.162,1.1607,1.16105,4794
2026-05-20 07:00,1779260400,1.16105,1.1615,1.1606,1.1607,4831
2026-05-20 08:00,1779264000,1.1607,1.1609,1.15975,1.1604,8143
2026-05-20 09:00,1779267600,1.1604,1.16085,1.16025,1.16025,4601
2026-05-20 10:00,1779271200,1.16015,1.1617,1.1601,1.1615,5698
2026-05-20 11:00,1779274800,1.16145,1.16195,1.161,1.16145,8087
2026-05-20 12:00,1779278400,1.1615,1.1618,1.16075,1.1609,6785
2026-05-20 13:00,1779282000,1.1609,1.1611,1.1603,1.16045,8134
2026-05-20 14:00,1779285600,1.1605,1.16385,1.15965,1.1632,39376
2026-05-20 15:00,1779289200,1.1632,1.16595,1.16265,1.1633,34644
2026-05-20 16:00,1779292800,1.1633,1.16445,1.1633,1.164,13043
2026-05-20 17:00,1779296400,1.16385,1.1641,1.16325,1.1633,12349
2026-05-20 18:00,1779300000,1.1633,1.165,1.163,1.16445,8496
2026-05-20 19:00,1779303600,1.16455,1.165,1.16415,1.1642,5183
2026-05-20 20:00,1779307200,1.16415,1.1643,1.16345,1.16365,2289
2026-05-20 22:00,1779314400,1.1637,1.164,1.16355,1.1638,0
2026-05-20 23:00,1779318000,1.16375,1.16395,1.16345,1.16365,786
2026-05-21 00:00,1779321600,1.16365,1.1641,1.16335,1.16405,2421
2026-05-21 01:00,1779325200,1.1641,1.1647,1.16345,1.1638,2950
2026-05-21 02:00,1779328800,1.1638,1.164,1.16275,1.16295,1454
2026-05-21 03:00,1779332400,1.163,1.1634,1.1629,1.1631,1111
2026-05-21 04:00,1779336000,1.16305,1.16355,1.16305,1.1634,1144
2026-05-21 05:00,1779339600,1.1634,1.1635,1.16295,1.16335,1563
2026-05-21 06:00,1779343200,1.1633,1.1639,1.16275,1.1632,4634
2026-05-21 07:00,1779346800,1.1632,1.16325,1.1606,1.1619,15226
2026-05-21 08:00,1779350400,1.1619,1.16475,1.1618,1.16355,11735
2026-05-21 09:00,1779354000,1.16355,1.1645,1.1633,1.1639,5399
2026-05-21 10:00,1779357600,1.16395,1.1642,1.1612,1.1619,12012
2026-05-21 11:00,1779361200,1.1619,1.1628,1.1608,1.16105,6659
2026-05-21 12:00,1779364800,1.1611,1.16205,1.1605,1.16095,12391
2026-05-21 13:00,1779368400,1.1609,1.1613,1.15885,1.16065,26093
2026-05-21 14:00,1779372000,1.16065,1.16085,1.1596,1.16045,14662
2026-05-21 15:00,1779375600,1.1605,1.1606,1.1594,1.16,14975
2026-05-21 16:00,1779379200,1.16005,1.1608,1.15965,1.16075,6800
2026-05-21 17:00,1779382800,1.16075,1.16425,1.16045,1.16365,24727
2026-05-21 18:00,1779386400,1.16365,1.1642,1.1619,1.1623,14213
2026-05-21 19:00,1779390000,1.16235,1.1636,1.16215,1.1633,8468
2026-05-21 20:00,1779393600,1.16335,1.1635,1.16275,1.1629,2906
2026-05-21 22:00,1779400800,1.1629,1.16325,1.1627,1.16295,0
2026-05-21 23:00,1779404400,1.16295,1.16305,1.1628,1.16295,388
2026-05-22 00:00,1779408000,1.16295,1.16295,1.16245,1.16265,1015
2026-05-22 01:00,1779411600,1.1626,1.16275,1.16215,1.1622,1168
2026-05-22 02:00,1779415200,1.16215,1.16265,1.16215,1.16235,867
2026-05-22 03:00,1779418800,1.1624,1.1625,1.16205,1.16235,903
2026-05-22 04:00,1779422400,1.1626,1.1627,1.1625,1.1627,590
2026-05-22 05:00,1779426000,1.1627,1.16285,1.16185,1.1621,1638
2026-05-22 06:00,1779429600,1.16205,1.1626,1.1617,1.16215,6151
2026-05-22 07:00,1779433200,1.1622,1.1622,1.1613,1.162,5999
2026-05-22 08:00,1779436800,1.16205,1.16275,1.16155,1.1619,6397
2026-05-22 09:00,1779440400,1.16195,1.16195,1.1608,1.1616,3700
2026-05-22 10:00,1779444000,1.1616,1.16195,1.1607,1.16095,3193
2026-05-22 11:00,1779447600,1.16095,1.1614,1.1605,1.16085,7188
2026-05-22 12:00,1779451200,1.1609,1.1619,1.16065,1.1616,14126
2026-05-22 13:00,1779454800,1.16165,1.16305,1.16115,1.1616,20960
2026-05-22 14:00,1779458400,1.1616,1.1616,1.16005,1.161,17248
2026-05-22 15:00,1779462000,1.161,1.16175,1.1608,1.1615,10692
2026-05-22 16:00,1779465600,1.1615,1.1623,1.16115,1.1623,6453
2026-05-22 17:00,1779469200,1.16235,1.1631,1.1621,1.1626,11916
2026-05-22 18:00,1779472800,1.1625,1.16275,1.16215,1.16235,9604
2026-05-22 19:00,1779476400,1.1624,1.1626,1.16175,1.1618,5379
2026-05-22 20:00,1779480000,1.16175,1.1624,1.161,1.1624,3729
2026-05-26 04:00,1779768000,1.1647,1.1647,1.16405,1.16405,732
2026-05-26 05:00,1779771600,1.16405,1.16415,1.16385,1.1639,1469
2026-05-26 06:00,1779775200,1.16385,1.16485,1.1638,1.1646,6422
2026-05-26 07:00,1779778800,1.1646,1.16515,1.1635,1.1648,8390
2026-05-26 08:00,1779782400,1.16485,1.1653,1.1645,1.16475,4788
2026-05-26 09:00,1779786000,1.16475,1.1655,1.16435,1.1654,4675
2026-05-26 10:00,1779789600,1.1654,1.1656,1.16485,1.16525,5442
2026-05-26 11:00,1779793200,1.16525,1.16555,1.16445,1.16455,4573
2026-05-26 12:00,1779796800,1.1646,1.16475,1.1642,1.1643,9011
2026-05-26 13:00,1779800400,1.16425,1.16445,1.1628,1.16365,10697
2026-05-26 14:00,1779804000,1.16365,1.16405,1.16325,1.1636,13315
2026-05-26 15:00,1779807600,1.1636,1.16365,1.1627,1.163,10179
2026-05-26 16:00,1779811200,1.16305,1.16405,1.16305,1.16355,8703
2026-05-26 17:00,1779814800,1.1635,1.16385,1.1632,1.1635,6365
2026-05-26 18:00,1779818400,1.1635,1.16415,1.1634,1.164,5523
2026-05-26 19:00,1779822000,1.16405,1.16435,1.1638,1.1643,3899
2026-05-26 20:00,1779825600,1.1643,1.1644,1.1641,1.16425,1156
2026-05-26 22:00,1779832800,1.1641,1.16445,1.164,1.16435,0
2026-05-26 23:00,1779836400,1.16435,1.16505,1.16435,1.1647,1041
2026-05-27 00:00,1779840000,1.16465,1.16515,1.16465,1.16485,2637
2026-05-27 01:00,1779843600,1.1648,1.165,1.1643,1.16445,2139
2026-05-27 02:00,1779847200,1.16445,1.1649,1.16445,1.1649,1891
2026-05-27 03:00,1779850800,1.1649,1.16525,1.16475,1.1649,1114
2026-05-27 04:00,1779854400,1.16495,1.16525,1.16495,1.16515,747
2026-05-27 05:00,1779858000,1.1652,1.1655,1.1649,1.165,1637
2026-05-27 06:00,1779861600,1.16505,1.166,1.16475,1.1656,4581
2026-05-27 07:00,1779865200,1.1656,1.16595,1.1651,1.1651,4405
2026-05-27 08:00,1779868800,1.16515,1.16575,1.1649,1.1655,4971
2026-05-27 09:00,1779872400,1.1655,1.1659,1.16525,1.1655,3434
2026-05-27 10:00,1779876000,1.1655,1.1655,1.1646,1.165,4797
2026-05-27 11:00,1779879600,1.16495,1.1652,1.16435,1.1648,7659
2026-05-27 12:00,1779883200,1.16485,1.1672,1.1645,1.1654,32002
2026-05-27 13:00,1779886800,1.1654,1.1659,1.1648,1.1652,16910
2026-05-27 14:00,1779890400,1.1652,1.1663,1.16355,1.1636,34712
2026-05-27 15:00,1779894000,1.1636,1.1647,1.1633,1.16405,19273
2026-05-27 16:00,1779897600,1.1641,1.1643,1.16345,1.16425,5891
2026-05-27 17:00,1779901200,1.16425,1.16435,1.16325,1.1638,6410
2026-05-27 18:00,1779904800,1.16375,1.1641,1.1633,1.16395,5274
2026-05-27 19:00,1779908400,1.16395,1.16425,1.1637,1.16395,3430
2026-05-27 20:00,1779912000,1.16395,1.1641,1.16355,1.16355,2390
2026-05-27 22:00,1779919200,1.16355,1.1639,1.16345,1.16345,0
2026-05-27 23:00,1779922800,1.16345,1.16375,1.16245,1.16265,2094
2026-05-28 00:00,1779926400,1.1626,1.1632,1.16255,1.16295,2169
2026-05-28 01:00,1779930000,1.16295,1.163,1.1618,1.16185,2615
2026-05-28 02:00,1779933600,1.1619,1.1624,1.1618,1.1621,1766
2026-05-28 03:00,1779937200,1.1621,1.16225,1.15955,1.15965,7085
2026-05-28 04:00,1779940800,1.15985,1.1601,1.1596,1.16,3657
2026-05-28 05:00,1779944400,1.16005,1.1611,1.15975,1.1608,6093
2026-05-28 06:00,1779948000,1.1608,1.1621,1.16075,1.16185,5761
2026-05-28 07:00,1779951600,1.1619,1.1626,1.1619,1.16205,5766
2026-05-28 08:00,1779955200,1.1621,1.16255,1.1615,1.1624,4566
2026-05-28 09:00,1779958800,1.1624,1.1628,1.16215,1.1622,3527
2026-05-28 10:00,1779962400,1.16215,1.16245,1.16125,1.16125,5968
2026-05-28 11:00,1779966000,1.16125,1.16315,1.16125,1.1626,9397
2026-05-28 12:00,1779969600,1.16255,1.1647,1.16245,1.16455,14013
2026-05-28 13:00,1779973200,1.16455,1.1652,1.1638,1.1639,12450
2026-05-28 14:00,1779976800,1.1639,1.1667,1.16355,1.16565,42094
2026-05-28 15:00,1779980400,1.16565,1.16655,1.1656,1.1657,10902
2026-05-28 16:00,1779984000,1.1657,1.16705,1.1654,1.1666,9711
2026-05-28 17:00,1779987600,1.1666,1.1666,1.16595,1.1662,3925
2026-05-28 18:00,1779991200,1.1662,1.1664,1.1655,1.16565,7738
2026-05-28 19:00,1779994800,1.16565,1.166,1.1655,1.1657,7591
2026-05-28 20:00,1779998400,1.16565,1.1659,1.16535,1.16585,1657
2026-05-28 22:00,1780005600,1.16595,1.16615,1.1658,1.16585,0
2026-05-28 23:00,1780009200,1.16585,1.16615,1.16585,1.1661,647
2026-05-29 00:00,1780012800,1.166,1.16635,1.16555,1.1657,1672
2026-05-29 01:00,1780016400,1.16575,1.16645,1.16515,1.16535,2805
2026-05-29 02:00,1780020000,1.1653,1.1657,1.16515,1.16535,1112
2026-05-29 03:00,1780023600,1.1653,1.1653,1.16445,1.1645,2301
2026-05-29 04:00,1780027200,1.1647,1.16475,1.16425,1.1647,2228
2026-05-29 05:00,1780030800,1.16475,1.1652,1.1646,1.16495,1930
2026-05-29 06:00,1780034400,1.165,1.16625,1.165,1.16615,4346
2026-05-29 07:00,1780038000,1.1661,1.1662,1.1646,1.16505,5946
2026-05-29 08:00,1780041600,1.165,1.165,1.1633,1.1636,9612
2026-05-29 09:00,1780045200,1.16365,1.1651,1.16345,1.165,4409
2026-05-29 10:00,1780048800,1.165,1.16535,1.1646,1.1651,4352
2026-05-29 11:00,1780052400,1.1651,1.16565,1.1648,1.16555,5122
2026-05-29 12:00,1780056000,1.16565,1.16575,1.1649,1.1657,9680
2026-05-29 13:00,1780059600,1.16575,1.16615,1.1653,1.16555,12012
2026-05-29 14:00,1780063200,1.16555,1.16825,1.16485,1.1677,35387
2026-05-29 15:00,1780066800,1.1677,1.1694,1.16755,1.1686,24272
2026-05-29 16:00,1780070400,1.1686,1.1687,1.16745,1.168,11916
2026-05-29 17:00,1780074000,1.16805,1.16815,1.16705,1.16705,11760
2026-05-29 18:00,1780077600,1.167,1.16765,1.1668,1.1672,8894
2026-05-29 19:00,1780081200,1.1672,1.1678,1.16715,1.1673,5420
2026-05-29 20:00,1780084800,1.1673,1.16735,1.1666,1.1673,2864
2026-05-31 22:00,1780264800,1.1661,1.16635,1.166,1.16625,1143
2026-05-31 23:00,1780268400,1.1662,1.16635,1.1656,1.1656,2740
2026-06-01 00:00,1780272000,1.1656,1.1661,1.16525,1.1655,3141
2026-06-01 01:00,1780275600,1.1655,1.16555,1.1649,1.1652,3577
2026-06-01 02:00,1780279200,1.1652,1.16545,1.1651,1.1654,940
2026-06-01 03:00,1780282800,1.1654,1.16565,1.16495,1.16515,1473
2026-06-01 04:00,1780286400,1.1651,1.1656,1.1651,1.16555,720
2026-06-01 05:00,1780290000,1.16555,1.1661,1.16555,1.1659,1471
2026-06-01 06:00,1780293600,1.16595,1.16725,1.16575,1.1672,7670
2026-06-01 07:00,1780297200,1.1672,1.1672,1.16595,1.16645,5733
2026-06-01 08:00,1780300800,1.16645,1.16675,1.1661,1.16655,3670
2026-06-01 09:00,1780304400,1.1665,1.1668,1.16555,1.16585,5452
2026-06-01 10:00,1780308000,1.16585,1.16585,1.16535,1.1655,2438
2026-06-01 11:00,1780311600,1.1655,1.16555,1.16495,1.1654,3628
2026-06-01 12:00,1780315200,1.1654,1.1658,1.1653,1.1655,5607
2026-06-01 13:00,1780318800,1.1655,1.16555,1.1617,1.16175,33699
2026-06-01 14:00,1780322400,1.1617,1.16255,1.1614,1.1625,29535
2026-06-01 15:00,1780326000,1.1625,1.1636,1.16225,1.16305,24183
2026-06-01 16:00,1780329600,1.1631,1.1638,1.16235,1.1637,11180
2026-06-01 17:00,1780333200,1.1637,1.1646,1.16325,1.16425,18323
2026-06-01 18:00,1780336800,1.1642,1.1643,1.1638,1.16385,7033
2026-06-01 19:00,1780340400,1.16385,1.16415,1.16345,1.16395,6138
2026-06-01 20:00,1780344000,1.1639,1.16415,1.1638,1.16385,2408
2026-06-01 22:00,1780351200,1.16385,1.16415,1.16385,1.1641,0
2026-06-01 23:00,1780354800,1.1641,1.1643,1.16395,1.16425,587
2026-06-02 00:00,1780358400,1.16425,1.16425,1.1636,1.1638,1571
2026-06-02 01:00,1780362000,1.16385,1.1644,1.16355,1.16375,1873
2026-06-02 02:00,1780365600,1.16375,1.16415,1.16375,1.16385,739
2026-06-02 03:00,1780369200,1.1638,1.1642,1.1638,1.16415,577
2026-06-02 04:00,1780372800,1.1642,1.1646,1.16415,1.1645,941
2026-06-02 05:00,1780376400,1.1645,1.1647,1.16435,1.1644,1783
2026-06-02 06:00,1780380000,1.16445,1.1659,1.16445,1.16575,7198
2026-06-02 07:00,1780383600,1.16575,1.1658,1.1652,1.16555,6362
2026-06-02 08:00,1780387200,1.1656,1.16595,1.1649,1.165,5316
2026-06-02 09:00,1780390800,1.1651,1.16515,1.1647,1.16505,5966
2026-06-02 10:00,1780394400,1.165,1.1653,1.16455,1.1651,4030
2026-06-02 11:00,1780398000,1.16505,1.166,1.16505,1.16565,5972
2026-06-02 12:00,1780401600,1.1657,1.1663,1.16545,1.16575,7498
2026-06-02 13:00,1780405200,1.16575,1.16595,1.16465,1.16505,10284
2026-06-02 14:00,1780408800,1.16505,1.1657,1.16405,1.16505,14204
2026-06-02 15:00,1780412400,1.16505,1.1652,1.16425,1.1648,11428
2026-06-02 16:00,1780416000,1.1648,1.1648,1.1634,1.16355,7287
2026-06-02 17:00,1780419600,1.1635,1.16365,1.1627,1.16285,5350
2026-06-02 18:00,1780423200,1.16285,1.1637,1.16205,1.1635,13746
2026-06-02 19:00,1780426800,1.16355,1.164,1.16355,1.16395,3302
2026-06-02 20:00,1780430400,1.1639,1.16415,1.1637,1.16385,1799
2026-06-02 22:00,1780437600,1.16365,1.1637,1.1633,1.1633,0
2026-06-02 23:00,1780441200,1.16335,1.1634,1.1626,1.1628,1507
2026-06-03 00:00,1780444800,1.16275,1.1637,1.1627,1.1635,1268
2026-06-03 01:00,1780448400,1.16355,1.164,1.16325,1.1636,1243
2026-06-03 02:00,1780452000,1.16365,1.16385,1.1631,1.16345,756
2026-06-03 03:00,1780455600,1.16345,1.1636,1.1633,1.16335,913
2026-06-03 04:00,1780459200,1.16325,1.16325,1.16305,1.1632,429
2026-06-03 05:00,1780462800,1.16325,1.16335,1.1625,1.1625,1941
2026-06-03 06:00,1780466400,1.16255,1.1629,1.1619,1.1623,5585
2026-06-03 07:00,1780470000,1.1623,1.1631,1.16195,1.1623,6957
2026-06-03 08:00,1780473600,1.1623,1.16235,1.16115,1.16145,5948
2026-06-03 09:00,1780477200,1.1614,1.1622,1.1614,1.162,3667
2026-06-03 10:00,1780480800,1.162,1.16295,1.1619,1.16225,7558
2026-06-03 11:00,1780484400,1.1623,1.1629,1.16215,1.16245,4455
2026-06-03 12:00,1780488000,1.16245,1.1625,1.1603,1.16065,10881
2026-06-03 13:00,1780491600,1.1607,1.1613,1.16035,1.1609,14754
2026-06-03 14:00,1780495200,1.16095,1.1619,1.1601,1.16185,28218
2026-06-03 15:00,1780498800,1.1619,1.16195,1.1609,1.1611,12423
2026-06-03 16:00,1780502400,1.16115,1.16115,1.16015,1.16065,7665
2026-06-03 17:00,1780506000,1.1607,1.161,1.1603,1.16045,4001
2026-06-03 18:00,1780509600,1.1605,1.16065,1.16015,1.1605,10168
2026-06-03 19:00,1780513200,1.16045,1.16075,1.16035,1.16045,4920
2026-06-03 20:00,1780516800,1.1604,1.1607,1.16035,1.1605,2339
2026-06-03 22:00,1780524000,1.1604,1.1617,1.15995,1.1611,0
2026-06-03 23:00,1780527600,1.16105,1.16155,1.16065,1.16135,2647
2026-06-04 00:00,1780531200,1.16135,1.1617,1.16105,1.16115,2491
2026-06-04 01:00,1780534800,1.1611,1.1615,1.16085,1.16145,1473
2026-06-04 02:00,1780538400,1.16145,1.16165,1.1611,1.1615,1283
2026-06-04 03:00,1780542000,1.16145,1.16145,1.1607,1.16105,1294
2026-06-04 04:00,1780545600,1.16095,1.1618,1.1609,1.16145,2160
2026-06-04 05:00,1780549200,1.16145,1.1615,1.161,1.1614,1486
2026-06-04 06:00,1780552800,1.1615,1.16195,1.1612,1.16155,4537
2026-06-04 07:00,1780556400,1.16155,1.1617,1.16035,1.16085,5722
2026-06-04 08:00,1780560000,1.16085,1.1619,1.1608,1.1618,5775
2026-06-04 09:00,1780563600,1.1618,1.1633,1.16175,1.16305,8900
2026-06-04 10:00,1780567200,1.16305,1.1639,1.163,1.16355,8878
2026-06-04 11:00,1780570800,1.16355,1.16505,1.1635,1.16475,14842
2026-06-04 12:00,1780574400,1.16465,1.165,1.16395,1.1642,15076
2026-06-04 13:00,1780578000,1.16415,1.1645,1.1639,1.1641,8709
2026-06-04 14:00,1780581600,1.1641,1.1645,1.1634,1.16355,9371
2026-06-04 15:00,1780585200,1.1635,1.16365,1.1627,1.1633,9929
2026-06-04 16:00,1780588800,1.16325,1.16345,1.1628,1.16285,3288
2026-06-04 17:00,1780592400,1.1628,1.16285,1.1624,1.16255,3519
2026-06-04 18:00,1780596000,1.16255,1.1627,1.1618,1.162,9293
2026-06-04 19:00,1780599600,1.16195,1.1621,1.16155,1.16175,11372
2026-06-04 20:00,1780603200,1.1617,1.16185,1.1613,1.1615,2836
2026-06-04 22:00,1780610400,1.1617,1.16185,1.16155,1.1616,0
2026-06-04 23:00,1780614000,1.16165,1.1618,1.1616,1.16165,647
2026-06-05 00:00,1780617600,1.16165,1.16185,1.16155,1.1617,1374
2026-06-05 01:00,1780621200,1.1617,1.1619,1.1614,1.16175,1917
2026-06-05 02:00,1780624800,1.1618,1.16205,1.16165,1.16185,1130
2026-06-05 03:00,1780628400,1.16185,1.162,1.1618,1.1619,654
2026-06-05 04:00,1780632000,1.16195,1.16215,1.1618,1.16205,760
2026-06-05 05:00,1780635600,1.162,1.16235,1.16195,1.162,1259
2026-06-05 06:00,1780639200,1.16205,1.1627,1.1617,1.16265,4367
2026-06-05 07:00,1780642800,1.1626,1.16415,1.1626,1.16365,6478
2026-06-05 08:00,1780646400,1.16365,1.1644,1.16365,1.16405,5818
2026-06-05 09:00,1780650000,1.16405,1.16485,1.1639,1.1643,5552
2026-06-05 10:00,1780653600,1.1643,1.16485,1.16425,1.16445,4543
2026-06-05 11:00,1780657200,1.16445,1.16465,1.1639,1.16465,10019
2026-06-05 12:00,1780660800,1.16465,1.16475,1.15905,1.15915,33984
2026-06-05 13:00,1780664400,1.15905,1.16035,1.15755,1.1576,43261
2026-06-05 14:00,1780668000,1.15765,1.1585,1.1554,1.1563,43802
2026-06-05 15:00,1780671600,1.15635,1.1564,1.15355,1.1536,45896
2026-06-05 16:00,1780675200,1.1537,1.1537,1.15265,1.1536,19872
2026-06-05 17:00,1780678800,1.15365,1.1537,1.15235,1.15285,10193
2026-06-05 18:00,1780682400,1.15285,1.1533,1.15235,1.15275,13371
2026-06-05 19:00,1780686000,1.15275,1.15315,1.15225,1.1529,9156
2026-06-05 20:00,1780689600,1.153,1.153,1.1522,1.15275,5561
2026-06-07 22:00,1780869600,1.1513,1.15225,1.1513,1.1517,3288
2026-06-07 23:00,1780873200,1.1517,1.15265,1.1517,1.1526,2417
2026-06-08 00:00,1780876800,1.15255,1.1537,1.1525,1.1537,4239
2026-06-08 01:00,1780880400,1.1537,1.15385,1.15155,1.153,8274
2026-06-08 02:00,1780884000,1.15305,1.1535,1.15245,1.1532,2664
2026-06-08 03:00,1780887600,1.15325,1.1536,1.153,1.15355,1320
2026-06-08 04:00,1780891200,1.1536,1.15375,1.1534,1.1535,1355
2026-06-08 05:00,1780894800,1.1535,1.15435,1.15215,1.1523,6457
2026-06-08 06:00,1780898400,1.15235,1.15285,1.15175,1.1519,7213
2026-06-08 07:00,1780902000,1.15195,1.1531,1.15185,1.15205,11946
2026-06-08 08:00,1780905600,1.15205,1.1527,1.15115,1.1512,9419
2026-06-08 09:00,1780909200,1.1512,1.15185,1.15035,1.15165,13657
2026-06-08 10:00,1780912800,1.15165,1.15365,1.1514,1.1528,16130
2026-06-08 11:00,1780916400,1.15285,1.15475,1.15275,1.15405,14182
2026-06-08 12:00,1780920000,1.154,1.15475,1.1539,1.1546,22419
2026-06-08 13:00,1780923600,1.1546,1.15585,1.1545,1.1545,23199
2026-06-08 14:00,1780927200,1.15455,1.15485,1.15355,1.15465,29262
2026-06-08 15:00,1780930800,1.15465,1.1552,1.15405,1.1548,19128
2026-06-08 16:00,1780934400,1.1548,1.155,1.15425,1.1543,19867
2026-06-08 17:00,1780938000,1.1543,1.15455,1.1539,1.15415,8859
2026-06-08 18:00,1780941600,1.1542,1.1546,1.1531,1.15315,21344
2026-06-08 19:00,1780945200,1.1532,1.1538,1.15315,1.1534,9640
2026-06-08 20:00,1780948800,1.15345,1.1537,1.15335,1.1537,6743
2026-06-08 22:00,1780956000,1.15385,1.1539,1.1532,1.1537,0
2026-06-08 23:00,1780959600,1.1537,1.15375,1.1531,1.15315,795
2026-06-09 00:00,1780963200,1.1531,1.15345,1.153,1.15345,1757
2026-06-09 01:00,1780966800,1.1534,1.15425,1.1534,1.15425,2352
2026-06-09 02:00,1780970400,1.1543,1.15435,1.15395,1.1541,1650
2026-06-09 03:00,1780974000,1.15405,1.1543,1.15385,1.15405,11374
2026-06-09 04:00,1780977600,1.1542,1.15515,1.1542,1.15485,3720
2026-06-09 05:00,1780981200,1.1549,1.15505,1.1543,1.1548,42286
2026-06-09 06:00,1780984800,1.15485,1.15565,1.15465,1.15475,39243
2026-06-09 07:00,1780988400,1.15475,1.155,1.15405,1.15425,32135
2026-06-09 08:00,1780992000,1.1542,1.15555,1.1539,1.15535,15687
2026-06-09 09:00,1780995600,1.1554,1.1567,1.15535,1.15645,35458
2026-06-09 10:00,1780999200,1.15645,1.1573,1.1563,1.15685,26549
2026-06-09 11:00,1781002800,1.15685,1.15775,1.15685,1.1576,16455
2026-06-09 12:00,1781006400,1.1576,1.15785,1.15725,1.1577,28385
2026-06-09 13:00,1781010000,1.15775,1.15815,1.1567,1.15695,40200
2026-06-09 14:00,1781013600,1.15695,1.15765,1.15615,1.15655,48182
2026-06-09 15:00,1781017200,1.1566,1.1571,1.1549,1.15585,33355
2026-06-09 16:00,1781020800,1.1558,1.15605,1.1532,1.1544,24421
2026-06-09 17:00,1781024400,1.1544,1.15565,1.1543,1.15515,11877
2026-06-09 18:00,1781028000,1.15515,1.15565,1.15495,1.1553,5769
2026-06-09 19:00,1781031600,1.1553,1.15535,1.1543,1.1545,9371
2026-06-09 20:00,1781035200,1.1545,1.1549,1.1544,1.1545,2879
2026-06-09 22:00,1781042400,1.15435,1.1544,1.1539,1.15395,0
2026-06-09 23:00,1781046000,1.15395,1.1542,1.1536,1.15375,1454
2026-06-10 00:00,1781049600,1.15375,1.1546,1.1536,1.1545,2804
2026-06-10 01:00,1781053200,1.15455,1.15455,1.1538,1.15405,1852
2026-06-10 02:00,1781056800,1.15405,1.15475,1.154,1.1545,2072
2026-06-10 03:00,1781060400,1.1545,1.1555,1.1545,1.1553,2182
2026-06-10 04:00,1781064000,1.15525,1.15525,1.15475,1.15485,2343
2026-06-10 05:00,1781067600,1.1549,1.15585,1.15485,1.1557,2078
2026-06-10 06:00,1781071200,1.15575,1.1561,1.1551,1.15515,12674
2026-06-10 07:00,1781074800,1.1551,1.15615,1.15495,1.1556,30225
2026-06-10 08:00,1781078400,1.15565,1.15565,1.1551,1.1556,87232
2026-06-10 09:00,1781082000,1.1556,1.15625,1.1553,1.15605,29911
2026-06-10 10:00,1781085600,1.15605,1.1562,1.1553,1.15545,25552
2026-06-10 11:00,1781089200,1.1555,1.15555,1.1538,1.154,26171
2026-06-10 12:00,1781092800,1.15395,1.15675,1.1538,1.1551,53743
2026-06-10 13:00,1781096400,1.1551,1.1576,1.15505,1.15655,30352
2026-06-10 14:00,1781100000,1.15655,1.157,1.15525,1.1555,26248
2026-06-10 15:00,1781103600,1.15545,1.15595,1.1537,1.1552,50104
2026-06-10 16:00,1781107200,1.15525,1.1562,1.15515,1.15565,62580
2026-06-10 17:00,1781110800,1.15565,1.15595,1.1547,1.1555,12775
2026-06-10 18:00,1781114400,1.15555,1.15605,1.15505,1.1551,16553
2026-06-10 19:00,1781118000,1.1551,1.15515,1.15435,1.15445,12599
2026-06-10 20:00,1781121600,1.1544,1.15445,1.1537,1.15375,9570
2026-06-10 22:00,1781128800,1.15375,1.1538,1.15295,1.1531,0
2026-06-10 23:00,1781132400,1.1531,1.1539,1.15265,1.1536,5808
2026-06-11 00:00,1781136000,1.15365,1.1544,1.15365,1.15435,2469
2026-06-11 01:00,1781139600,1.1544,1.1557,1.15425,1.1555,3225
2026-06-11 02:00,1781143200,1.15545,1.1555,1.15475,1.1549,1560
2026-06-11 03:00,1781146800,1.1549,1.155,1.1545,1.1546,1247
2026-06-11 04:00,1781150400,1.15455,1.1551,1.15445,1.15495,2548
2026-06-11 05:00,1781154000,1.1549,1.1552,1.15465,1.15485,1156
2026-06-11 06:00,1781157600,1.1548,1.15485,1.15415,1.15425,14531
2026-06-11 07:00,1781161200,1.1543,1.15565,1.15425,1.1546,17683
2026-06-11 08:00,1781164800,1.15455,1.15465,1.15315,1.1533,53767
2026-06-11 09:00,1781168400,1.15325,1.1538,1.15305,1.1535,35794
2026-06-11 10:00,1781172000,1.15345,1.1535,1.15245,1.1532,16715
2026-06-11 11:00,1781175600,1.15325,1.1543,1.15325,1.15395,12219
2026-06-11 12:00,1781179200,1.15395,1.15445,1.15175,1.1541,29453
2026-06-11 13:00,1781182800,1.15415,1.15415,1.1518,1.15305,40307
2026-06-11 14:00,1781186400,1.1531,1.15315,1.1516,1.15205,14061
2026-06-11 15:00,1781190000,1.152,1.15255,1.1515,1.15155,52938
2026-06-11 16:00,1781193600,1.1516,1.15175,1.1508,1.151,12016
2026-06-11 17:00,1781197200,1.151,1.15675,1.1504,1.1552,43692
2026-06-11 18:00,1781200800,1.15525,1.15675,1.15425,1.1559,13801
2026-06-11 19:00,1781204400,1.15595,1.15915,1.15595,1.158,18302
2026-06-11 20:00,1781208000,1.158,1.15845,1.1578,1.15795,6524
2026-06-11 22:00,1781215200,1.158,1.1586,1.1574,1.15855,0
2026-06-11 23:00,1781218800,1.1586,1.1587,1.1575,1.15755,533
2026-06-12 00:00,1781222400,1.15765,1.1577,1.1567,1.157,375
2026-06-12 01:00,1781226000,1.157,1.157,1.15625,1.1564,928
2026-06-12 02:00,1781229600,1.15645,1.1571,1.15635,1.15675,107
2026-06-12 03:00,1781233200,1.15675,1.1575,1.1566,1.15725,929
2026-06-12 04:00,1781236800,1.15715,1.15755,1.1571,1.1572,245
2026-06-12 05:00,1781240400,1.15725,1.1575,1.1558,1.1558,815
2026-06-12 06:00,1781244000,1.15595,1.15735,1.15595,1.15735,4298
2026-06-12 07:00,1781247600,1.1573,1.161,1.1561,1.1609,38113
2026-06-12 08:00,1781251200,1.161,1.16285,1.16085,1.16195,15575
2026-06-12 09:00,1781254800,1.162,1.1632,1.16165,1.1627,10085
2026-06-12 10:00,1781258400,1.1626,1.16285,1.1612,1.1617,9105
2026-06-12 11:00,1781262000,1.1617,1.16225,1.16135,1.1614,6728
2026-06-12 12:00,1781265600,1.16145,1.16155,1.16025,1.16065,15225
2026-06-12 13:00,1781269200,1.16065,1.16215,1.1605,1.16125,19986
2026-06-12 14:00,1781272800,1.1613,1.16225,1.1609,1.16165,36107
2026-06-12 15:00,1781276400,1.1616,1.16265,1.16125,1.1616,18576
2026-06-12 16:00,1781280000,1.1616,1.16205,1.1612,1.1618,13949
2026-06-12 17:00,1781283600,1.16175,1.1621,1.1615,1.16175,5614
2026-06-12 18:00,1781287200,1.16175,1.16215,1.1615,1.16175,6591
2026-06-12 19:00,1781290800,1.1618,1.16205,1.16115,1.16145,6194
2026-06-12 20:00,1781294400,1.16145,1.16175,1.1609,1.16175,2727
2026-06-14 22:00,1781474400,1.16585,1.1659,1.1646,1.1651,3629
2026-06-14 23:00,1781478000,1.16505,1.1651,1.1644,1.16455,3071
2026-06-15 00:00,1781481600,1.1645,1.1654,1.16405,1.1641,5159
2026-06-15 01:00,1781485200,1.1641,1.1644,1.16365,1.16405,2042
2026-06-15 02:00,1781488800,1.164,1.1644,1.16365,1.1642,1829
2026-06-15 03:00,1781492400,1.1642,1.16475,1.1641,1.1647,1482
2026-06-15 04:00,1781496000,1.1647,1.16555,1.1646,1.1655,1751
2026-06-15 05:00,1781499600,1.1655,1.16645,1.1655,1.16595,4076
2026-06-15 06:00,1781503200,1.16595,1.16605,1.1643,1.1649,4926
2026-06-15 07:00,1781506800,1.1649,1.16535,1.1644,1.1649,8372
2026-06-15 08:00,1781510400,1.16485,1.1653,1.164,1.1644,6471
2026-06-15 09:00,1781514000,1.1644,1.16535,1.1643,1.16495,5150
2026-06-15 10:00,1781517600,1.16495,1.1657,1.16455,1.1653,4147
2026-06-15 11:00,1781521200,1.16535,1.16565,1.16485,1.16515,7369
2026-06-15 12:00,1781524800,1.1651,1.16625,1.1647,1.1658,14970
2026-06-15 13:00,1781528400,1.1658,1.1663,1.1655,1.1659,11568
2026-06-15 14:00,1781532000,1.1659,1.1661,1.1648,1.16505,13511
2026-06-15 15:00,1781535600,1.165,1.165,1.1639,1.16405,10694
2026-06-15 16:00,1781539200,1.1641,1.1648,1.164,1.1646,6877
2026-06-15 17:00,1781542800,1.1646,1.1646,1.164,1.1642,3892
2026-06-15 18:00,1781546400,1.1642,1.16455,1.1636,1.16365,12703
2026-06-15 19:00,1781550000,1.16365,1.16385,1.16265,1.16275,8913
2026-06-15 20:00,1781553600,1.16275,1.1633,1.1626,1.16315,2955
2026-06-15 22:00,1781560800,1.16315,1.1633,1.16275,1.16305,0
2026-06-15 23:00,1781564400,1.1631,1.1636,1.163,1.16335,539
2026-06-16 00:00,1781568000,1.1633,1.1636,1.163,1.1635,1158
2026-06-16 01:00,1781571600,1.16345,1.1637,1.16285,1.163,1682
2026-06-16 02:00,1781575200,1.163,1.1631,1.16245,1.163,1083
2026-06-16 03:00,1781578800,1.163,1.16305,1.1626,1.16285,864
2026-06-16 04:00,1781582400,1.16245,1.16245,1.1618,1.1621,1938
2026-06-16 05:00,1781586000,1.1621,1.1623,1.1617,1.1617,1189
2026-06-16 06:00,1781589600,1.16175,1.16295,1.1616,1.1629,4093
2026-06-16 07:00,1781593200,1.16295,1.16375,1.1627,1.16375,4719
2026-06-16 08:00,1781596800,1.16375,1.16485,1.1635,1.1647,6000
2026-06-16 09:00,1781600400,1.1648,1.16515,1.1642,1.1643,4962
2026-06-16 10:00,1781604000,1.1643,1.16545,1.16425,1.16535,5326
2026-06-16 11:00,1781607600,1.16535,1.1654,1.1639,1.1641,5861
2026-06-16 12:00,1781611200,1.16405,1.16435,1.1633,1.16415,10020
2026-06-16 13:00,1781614800,1.1641,1.1646,1.1633,1.16345,11059
2026-06-16 14:00,1781618400,1.1635,1.16505,1.163,1.16485,15753
2026-06-16 15:00,1781622000,1.16485,1.16605,1.1642,1.1656,10911
2026-06-16 16:00,1781625600,1.1656,1.16615,1.1654,1.16555,5825
2026-06-16 17:00,1781629200,1.16555,1.1656,1.16525,1.16535,3201
2026-06-16 18:00,1781632800,1.16535,1.16565,1.16485,1.1652,5035
2026-06-16 19:00,1781636400,1.1652,1.16555,1.1648,1.16505,5826
2026-06-16 20:00,1781640000,1.16505,1.16515,1.16485,1.165,1453
2026-06-16 22:00,1781647200,1.1651,1.16535,1.1649,1.1653,0
2026-06-16 23:00,1781650800,1.16525,1.16555,1.16495,1.165,735
2026-06-17 00:00,1781654400,1.16505,1.1657,1.1649,1.1655,2506
2026-06-17 01:00,1781658000,1.1655,1.16565,1.16505,1.1652,860
2026-06-17 02:00,1781661600,1.1652,1.1655,1.1649,1.1649,386
2026-06-17 03:00,1781665200,1.165,1.1652,1.1649,1.1651,328
2026-06-17 04:00,1781668800,1.16515,1.16535,1.16505,1.1652,451
2026-06-17 05:00,1781672400,1.16525,1.1655,1.1651,1.1652,1073
2026-06-17 06:00,1781676000,1.16525,1.16545,1.1644,1.16475,4413
2026-06-17 07:00,1781679600,1.1648,1.1655,1.1645,1.16485,5270
2026-06-17 08:00,1781683200,1.1648,1.1648,1.16385,1.16425,4106
2026-06-17 09:00,1781686800,1.1642,1.16465,1.1641,1.1644,2845
2026-06-17 10:00,1781690400,1.1644,1.16445,1.1636,1.16375,4231
2026-06-17 11:00,1781694000,1.1637,1.16375,1.1625,1.1632,5115
2026-06-17 12:00,1781697600,1.1632,1.16425,1.16305,1.1642,9448
2026-06-17 13:00,1781701200,1.1642,1.1643,1.1636,1.16375,10683
2026-06-17 14:00,1781704800,1.1637,1.1639,1.1621,1.163,16962
2026-06-17 15:00,1781708400,1.16295,1.1634,1.1627,1.16325,13387
2026-06-17 16:00,1781712000,1.1633,1.16335,1.1629,1.1632,4083
2026-06-17 17:00,1781715600,1.16315,1.1637,1.1627,1.16355,6026
2026-06-17 18:00,1781719200,1.1636,1.1636,1.1576,1.1579,61963
2026-06-17 19:00,1781722800,1.1579,1.1582,1.1517,1.1535,61388
2026-06-17 20:00,1781726400,1.15345,1.1546,1.15275,1.15415,7182
2026-06-17 22:00,1781733600,1.1543,1.1546,1.154,1.1545,0
2026-06-17 23:00,1781737200,1.1545,1.1549,1.1544,1.1547,2054
2026-06-18 00:00,1781740800,1.15475,1.1561,1.1547,1.15565,7375
2026-06-18 01:00,1781744400,1.1556,1.1563,1.15555,1.1557,3090
2026-06-18 02:00,1781748000,1.1557,1.1561,1.15535,1.15585,2154
2026-06-18 03:00,1781751600,1.15585,1.1565,1.1558,1.15635,1155
2026-06-18 04:00,1781755200,1.15645,1.1566,1.1561,1.1564,2671
2026-06-18 05:00,1781758800,1.1564,1.1565,1.15505,1.1551,1990
2026-06-18 06:00,1781762400,1.15515,1.1569,1.15505,1.15605,9993
2026-06-18 07:00,1781766000,1.156,1.15635,1.1547,1.15535,7970
2026-06-18 08:00,1781769600,1.15535,1.1554,1.1523,1.15235,12040
2026-06-18 09:00,1781773200,1.15235,1.15265,1.1515,1.15175,12036
2026-06-18 10:00,1781776800,1.15175,1.15175,1.15,1.1501,12574
2026-06-18 11:00,1781780400,1.1502,1.15075,1.14945,1.1498,12867
2026-06-18 12:00,1781784000,1.14975,1.1522,1.1494,1.151,25116
2026-06-18 13:00,1781787600,1.151,1.15245,1.15035,1.15125,17882
2026-06-18 14:00,1781791200,1.15125,1.1528,1.1508,1.1527,16778
2026-06-18 15:00,1781794800,1.1527,1.1528,1.15095,1.151,18037
2026-06-18 16:00,1781798400,1.151,1.15125,1.1502,1.15055,10127
2026-06-18 17:00,1781802000,1.15065,1.1514,1.1503,1.1503,5389
2026-06-18 18:00,1781805600,1.15035,1.15065,1.14995,1.15,8715
2026-06-18 19:00,1781809200,1.15,1.15035,1.1492,1.14985,11772
2026-06-18 20:00,1781812800,1.1499,1.15035,1.14965,1.1499,2364
2026-06-18 22:00,1781820000,1.15,1.1504,1.14985,1.15035,0
2026-06-18 23:00,1781823600,1.15035,1.15035,1.1497,1.14985,833
2026-06-19 00:00,1781827200,1.14985,1.1506,1.14985,1.1502,2074
2026-06-19 01:00,1781830800,1.15025,1.15035,1.14925,1.14935,1686
2026-06-19 02:00,1781834400,1.1493,1.1498,1.1492,1.1495,836
2026-06-19 03:00,1781838000,1.1495,1.1495,1.1482,1.14825,3394
2026-06-21 22:00,1782079200,1.1499,1.1509,1.1497,1.15025,1883
2026-06-21 23:00,1782082800,1.15025,1.1509,1.1498,1.1502,1966
2026-06-22 00:00,1782086400,1.15025,1.1509,1.14975,1.15065,2201
2026-06-22 01:00,1782090000,1.15065,1.15135,1.15045,1.15045,1873
2026-06-22 02:00,1782093600,1.15035,1.1509,1.14995,1.1506,1212
2026-06-22 03:00,1782097200,1.15055,1.1509,1.14945,1.14955,780
2026-06-22 04:00,1782100800,1.1496,1.1497,1.14925,1.14955,1493
2026-06-22 05:00,1782104400,1.1496,1.1503,1.14935,1.14945,1396
2026-06-22 06:00,1782108000,1.1494,1.1503,1.14925,1.15,4715
2026-06-22 07:00,1782111600,1.15,1.15025,1.14845,1.1486,7392
2026-06-22 08:00,1782115200,1.1486,1.1493,1.14815,1.14905,6823
2026-06-22 09:00,1782118800,1.1491,1.15025,1.149,1.1498,5888
2026-06-22 10:00,1782122400,1.14975,1.15035,1.14945,1.1496,3919
2026-06-22 11:00,1782126000,1.1496,1.15,1.1487,1.14885,8086
2026-06-22 12:00,1782129600,1.1489,1.1502,1.14875,1.1495,8114
2026-06-22 13:00,1782133200,1.1495,1.1495,1.14685,1.1469,24348
2026-06-22 14:00,1782136800,1.14685,1.1491,1.1466,1.1485,21928
2026-06-22 15:00,1782140400,1.14855,1.14905,1.14705,1.1472,10223
2026-06-22 16:00,1782144000,1.14725,1.14725,1.1466,1.14715,7663
2026-06-22 17:00,1782147600,1.1471,1.14745,1.14675,1.1469,5819
2026-06-22 18:00,1782151200,1.14695,1.1472,1.1462,1.14645,14384
2026-06-22 19:00,1782154800,1.1464,1.14655,1.1459,1.14645,6135
2026-06-22 20:00,1782158400,1.1465,1.14695,1.14645,1.1468,2821
2026-06-22 22:00,1782165600,1.1467,1.1469,1.14655,1.14675,0
2026-06-22 23:00,1782169200,1.1467,1.14685,1.14655,1.14665,679
2026-06-23 00:00,1782172800,1.1466,1.14675,1.14625,1.14665,2387
2026-06-23 01:00,1782176400,1.1467,1.1468,1.1462,1.14665,3574
2026-06-23 02:00,1782180000,1.1467,1.14715,1.1465,1.14655,1389
2026-06-23 03:00,1782183600,1.1466,1.14695,1.14585,1.14695,1596
2026-06-23 04:00,1782187200,1.1469,1.1469,1.14595,1.14605,1218
2026-06-23 05:00,1782190800,1.14605,1.1466,1.1459,1.1463,1917
2026-06-23 06:00,1782194400,1.14625,1.147,1.14595,1.1463,4545
2026-06-23 07:00,1782198000,1.14625,1.1479,1.14495,1.14515,15629
2026-06-23 08:00,1782201600,1.1452,1.1457,1.14445,1.1448,7087
2026-06-23 09:00,1782205200,1.1448,1.1451,1.14455,1.14505,4625
2026-06-23 10:00,1782208800,1.14505,1.1452,1.1435,1.14405,7202
2026-06-23 11:00,1782212400,1.14405,1.14425,1.14235,1.14255,9299
2026-06-23 12:00,1782216000,1.14255,1.14345,1.1422,1.14285,13665
2026-06-23 13:00,1782219600,1.14285,1.14395,1.14245,1.1429,18462
2026-06-23 14:00,1782223200,1.14295,1.1431,1.14125,1.14215,20478
2026-06-23 15:00,1782226800,1.1422,1.1425,1.14145,1.14225,15729
2026-06-23 16:00,1782230400,1.1423,1.14235,1.14185,1.1419,6254
2026-06-23 17:00,1782234000,1.14195,1.14215,1.14165,1.1419,4447
2026-06-23 18:00,1782237600,1.14195,1.14205,1.14155,1.1419,4898
2026-06-23 19:00,1782241200,1.14185,1.14225,1.14185,1.1419,5112
2026-06-23 20:00,1782244800,1.14185,1.14215,1.1418,1.14195,2046
2026-06-23 22:00,1782252000,1.1422,1.14225,1.14185,1.14205,0
2026-06-23 23:00,1782255600,1.14205,1.14225,1.14185,1.14185,799
2026-06-24 00:00,1782259200,1.1418,1.14215,1.14125,1.14155,2031
2026-06-24 01:00,1782262800,1.14155,1.1416,1.14105,1.1416,1661
2026-06-24 02:00,1782266400,1.14155,1.1416,1.1406,1.1407,1876
2026-06-24 03:00,1782270000,1.14065,1.1408,1.1401,1.1407,1874
2026-06-24 04:00,1782273600,1.14015,1.14065,1.14005,1.1402,1337
2026-06-24 05:00,1782277200,1.14025,1.14075,1.1402,1.14075,1367
2026-06-24 06:00,1782280800,1.1407,1.14145,1.1397,1.1399,6394
2026-06-24 07:00,1782284400,1.13985,1.1401,1.13905,1.13905,10040
2026-06-24 08:00,1782288000,1.13905,1.1395,1.13775,1.13925,13865
2026-06-24 09:00,1782291600,1.1392,1.1393,1.1384,1.13855,6585
2026-06-24 10:00,1782295200,1.1385,1.13855,1.1378,1.1379,5286
2026-06-24 11:00,1782298800,1.13795,1.13885,1.1376,1.13795,7885
2026-06-24 12:00,1782302400,1.13795,1.13855,1.13645,1.13685,14086
2026-06-24 13:00,1782306000,1.13685,1.1387,1.13635,1.13835,26671
2026-06-24 14:00,1782309600,1.13835,1.13915,1.1375,1.1381,20421
2026-06-24 15:00,1782313200,1.13805,1.14015,1.1379,1.13875,19642
2026-06-24 16:00,1782316800,1.13875,1.1407,1.1386,1.1399,13842
2026-06-24 17:00,1782320400,1.13985,1.14005,1.1388,1.13885,9410
2026-06-24 18:00,1782324000,1.1389,1.14,1.1389,1.1394,7245
2026-06-24 19:00,1782327600,1.1394,1.1398,1.13895,1.1393,6415
2026-06-24 20:00,1782331200,1.13925,1.13995,1.13915,1.1399,4056
2026-06-24 22:00,1782338400,1.1399,1.1399,1.13925,1.1393,0
2026-06-24 23:00,1782342000,1.13935,1.1394,1.13905,1.13915,1046
2026-06-25 00:00,1782345600,1.1392,1.13925,1.13855,1.1391,1636
2026-06-25 01:00,1782349200,1.1391,1.14055,1.1391,1.1396,3157
2026-06-25 02:00,1782352800,1.13955,1.1403,1.13945,1.1401,1742
2026-06-25 03:00,1782356400,1.14005,1.1409,1.14005,1.1407,2415
2026-06-25 04:00,1782360000,1.14065,1.14085,1.14035,1.1405,1168
2026-06-25 05:00,1782363600,1.14045,1.14055,1.13975,1.1399,2233
2026-06-25 06:00,1782367200,1.13985,1.1403,1.13905,1.13905,7498
2026-06-25 07:00,1782370800,1.13905,1.1398,1.13825,1.1397,9357
2026-06-25 08:00,1782374400,1.13975,1.14105,1.1397,1.14055,9267
2026-06-25 09:00,1782378000,1.14055,1.1412,1.13995,1.13995,5915
2026-06-25 10:00,1782381600,1.13995,1.14,1.1381,1.13835,11279
2026-06-25 11:00,1782385200,1.1384,1.1384,1.13715,1.13755,9158
2026-06-25 12:00,1782388800,1.13755,1.1402,1.1374,1.13915,19389
2026-06-25 13:00,1782392400,1.13915,1.1407,1.1387,1.1401,17733
2026-06-25 14:00,1782396000,1.1401,1.1421,1.14005,1.14125,27956
2026-06-25 15:00,1782399600,1.14125,1.1426,1.1411,1.1422,20645
2026-06-25 16:00,1782403200,1.1422,1.1425,1.1411,1.1412,8504
2026-06-25 17:00,1782406800,1.1412,1.14155,1.14095,1.1412,4006
2026-06-25 18:00,1782410400,1.1412,1.1418,1.14075,1.14105,7391
2026-06-25 19:00,1782414000,1.14105,1.1418,1.14065,1.141,6279
2026-06-25 20:00,1782417600,1.141,1.1412,1.14065,1.14065,2019
2026-06-25 22:00,1782424800,1.14105,1.14105,1.1404,1.1407,0
2026-06-25 23:00,1782428400,1.1407,1.1408,1.1397,1.13985,1939
2026-06-26 00:00,1782432000,1.1399,1.1404,1.1398,1.1402,1958
2026-06-26 01:00,1782435600,1.1402,1.14065,1.1393,1.1397,2960
2026-06-26 02:00,1782439200,1.13965,1.13995,1.13915,1.1396,1733
2026-06-26 03:00,1782442800,1.1396,1.14085,1.1396,1.1408,1653
2026-06-26 04:00,1782446400,1.14075,1.1414,1.1406,1.1414,1650
2026-06-26 05:00,1782450000,1.14135,1.1419,1.1412,1.14155,2173
2026-06-26 06:00,1782453600,1.1415,1.14195,1.14085,1.1412,4100
2026-06-26 07:00,1782457200,1.1412,1.1426,1.14105,1.14235,7759
2026-06-26 08:00,1782460800,1.14235,1.14445,1.14205,1.14385,12667
2026-06-26 09:00,1782464400,1.14385,1.14495,1.1433,1.1444,9545
2026-06-26 10:00,1782468000,1.1444,1.14455,1.14375,1.14425,6045
2026-06-26 11:00,1782471600,1.14425,1.1444,1.1431,1.1436,9094
2026-06-26 12:00,1782475200,1.1436,1.1471,1.1435,1.14645,21343
2026-06-26 13:00,1782478800,1.1465,1.1467,1.1449,1.14625,23387
2026-06-26 14:00,1782482400,1.14625,1.14685,1.1431,1.14315,26987
2026-06-26 15:00,1782486000,1.1432,1.14455,1.14295,1.144,21595
2026-06-26 16:00,1782489600,1.144,1.1441,1.14205,1.14275,11488
2026-06-26 17:00,1782493200,1.14275,1.14305,1.1422,1.1424,3317
2026-06-26 18:00,1782496800,1.1424,1.1429,1.14225,1.14235,5596
2026-06-26 19:00,1782500400,1.1423,1.14265,1.1418,1.1424,6695
2026-06-26 20:00,1782504000,1.14245,1.1429,1.14185,1.14235,4773
2026-06-28 22:00,1782684000,1.14215,1.1423,1.14185,1.1422,900
2026-06-28 23:00,1782687600,1.14215,1.14235,1.1419,1.1422,835
2026-06-29 00:00,1782691200,1.14215,1.1426,1.142,1.1424,1404
2026-06-29 01:00,1782694800,1.14245,1.14275,1.14215,1.14215,980
2026-06-29 02:00,1782698400,1.14215,1.143,1.1421,1.14245,1398
2026-06-29 03:00,1782702000,1.14245,1.14265,1.14205,1.1421,1236
2026-06-29 04:00,1782705600,1.14195,1.14215,1.14175,1.1419,968
2026-06-29 05:00,1782709200,1.1419,1.14315,1.1419,1.1431,1555
2026-06-29 06:00,1782712800,1.14305,1.1452,1.1429,1.1449,6190
2026-06-29 07:00,1782716400,1.14485,1.14495,1.14365,1.1439,6096
2026-06-29 08:00,1782720000,1.14395,1.1444,1.14295,1.14325,5823
2026-06-29 09:00,1782723600,1.1433,1.1441,1.14315,1.144,3953
2026-06-29 10:00,1782727200,1.14395,1.14425,1.1436,1.14415,2587
2026-06-29 11:00,1782730800,1.14415,1.14485,1.14355,1.14455,5160
2026-06-29 12:00,1782734400,1.1446,1.1446,1.1437,1.1439,5429
2026-06-29 13:00,1782738000,1.14395,1.1449,1.1437,1.14465,9289
2026-06-29 14:00,1782741600,1.1447,1.146,1.1441,1.14585,22835
2026-06-29 15:00,1782745200,1.14585,1.14615,1.14535,1.14605,15096
2026-06-29 16:00,1782748800,1.14605,1.14675,1.146,1.1463,7976
2026-06-29 17:00,1782752400,1.1463,1.1465,1.1458,1.14635,6016
2026-06-29 18:00,1782756000,1.14635,1.14655,1.1461,1.1462,8633
2026-06-29 19:00,1782759600,1.1462,1.14635,1.14585,1.1462,3250
2026-06-29 20:00,1782763200,1.14625,1.1464,1.1459,1.14595,1484
2026-06-29 22:00,1782770400,1.1458,1.14625,1.1458,1.1461,0
2026-06-29 23:00,1782774000,1.1461,1.1461,1.14555,1.14555,701
2026-06-30 00:00,1782777600,1.1455,1.14565,1.14485,1.1452,3175
2026-06-30 01:00,1782781200,1.14525,1.1453,1.14385,1.14405,4454
2026-06-30 02:00,1782784800,1.14405,1.1443,1.1438,1.14395,1364
2026-06-30 03:00,1782788400,1.144,1.1441,1.1433,1.1435,1479
2026-06-30 04:00,1782792000,1.14345,1.14355,1.1425,1.14255,3108
2026-06-30 05:00,1782795600,1.1426,1.1429,1.14185,1.14205,6442
2026-06-30 06:00,1782799200,1.14205,1.14405,1.14195,1.1439,10453
2026-06-30 07:00,1782802800,1.1439,1.14475,1.1433,1.14345,6711
2026-06-30 08:00,1782806400,1.14345,1.1436,1.14195,1.14295,10503
2026-06-30 09:00,1782810000,1.1429,1.14345,1.1425,1.1433,5276
2026-06-30 10:00,1782813600,1.1433,1.1438,1.14285,1.1438,4320
2026-06-30 11:00,1782817200,1.1438,1.14385,1.14225,1.14295,10286
2026-06-30 12:00,1782820800,1.1429,1.14385,1.1425,1.1432,10289
2026-06-30 13:00,1782824400,1.1432,1.1443,1.143,1.14325,9951
2026-06-30 14:00,1782828000,1.14325,1.14715,1.1427,1.1469,43903
2026-06-30 15:00,1782831600,1.14685,1.14725,1.14515,1.1453,22254
2026-06-30 16:00,1782835200,1.14535,1.1454,1.14485,1.145,7771
2026-06-30 17:00,1782838800,1.14505,1.1458,1.14505,1.14575,5309
2026-06-30 18:00,1782842400,1.1458,1.1463,1.14535,1.1457,8635
2026-06-30 19:00,1782846000,1.14565,1.1463,1.1452,1.14625,6537
2026-06-30 20:00,1782849600,1.1462,1.14635,1.14565,1.1458,2997
2026-06-30 22:00,1782856800,1.1458,1.1459,1.1454,1.14555,0
2026-06-30 23:00,1782860400,1.1456,1.1456,1.14485,1.14485,809
2026-07-01 00:00,1782864000,1.1449,1.145,1.1444,1.14455,1778
2026-07-01 01:00,1782867600,1.1445,1.1445,1.14385,1.144,2468
2026-07-01 02:00,1782871200,1.144,1.1444,1.14385,1.1441,1545
2026-07-01 03:00,1782874800,1.1441,1.14435,1.1437,1.144,899
2026-07-01 04:00,1782878400,1.1438,1.1447,1.1438,1.14445,2029
2026-07-01 05:00,1782882000,1.1444,1.1446,1.1439,1.1441,1734
2026-07-01 06:00,1782885600,1.1441,1.14455,1.14355,1.14385,2760
2026-07-01 07:00,1782889200,1.14385,1.14395,1.14285,1.1438,6596
2026-07-01 08:00,1782892800,1.14375,1.14395,1.143,1.1432,5919
2026-07-01 09:00,1782896400,1.1432,1.1435,1.14205,1.14235,6593
2026-07-01 10:00,1782900000,1.14235,1.14365,1.1422,1.14335,3962
2026-07-01 11:00,1782903600,1.14335,1.14345,1.14205,1.14215,8010
2026-07-01 12:00,1782907200,1.14215,1.14235,1.14045,1.1407,15171
2026-07-01 13:00,1782910800,1.1407,1.14475,1.13975,1.1431,50861
2026-07-01 14:00,1782914400,1.14315,1.1441,1.142,1.14305,22659
2026-07-01 15:00,1782918000,1.14305,1.14315,1.1414,1.1419,16690
2026-07-01 16:00,1782921600,1.14195,1.14295,1.14155,1.1418,10678
2026-07-01 17:00,1782925200,1.1418,1.14215,1.14145,1.14165,5108
2026-07-01 18:00,1782928800,1.14165,1.1418,1.1411,1.1415,6095
2026-07-01 19:00,1782932400,1.1415,1.1417,1.1413,1.1414,3045
2026-07-01 20:00,1782936000,1.1414,1.1415,1.1409,1.1412,2581
2026-07-01 22:00,1782943200,1.14115,1.1414,1.1411,1.1413,0
2026-07-01 23:00,1782946800,1.14135,1.14135,1.14115,1.1412,556
2026-07-02 00:00,1782950400,1.14115,1.1417,1.14085,1.1411,1943
2026-07-02 01:00,1782954000,1.14105,1.142,1.14105,1.1416,1267
2026-07-02 02:00,1782957600,1.1416,1.14225,1.14155,1.14165,1217
2026-07-02 03:00,1782961200,1.14165,1.14175,1.14125,1.14155,1500
2026-07-02 04:00,1782964800,1.14205,1.14225,1.14185,1.1421,1400
2026-07-02 05:00,1782968400,1.1421,1.14225,1.14155,1.14195,1213
2026-07-02 06:00,1782972000,1.14195,1.14385,1.1419,1.1429,6764
2026-07-02 07:00,1782975600,1.1429,1.14435,1.1425,1.1442,7182
2026-07-02 08:00,1782979200,1.1442,1.14555,1.1441,1.1454,10339
2026-07-02 09:00,1782982800,1.14545,1.14555,1.14425,1.14445,6719
2026-07-02 10:00,1782986400,1.1444,1.14455,1.14375,1.14445,10889
2026-07-02 11:00,1782990000,1.1445,1.1449,1.1435,1.1438,6121
2026-07-02 12:00,1782993600,1.14385,1.15065,1.14295,1.1486,56061
2026-07-02 13:00,1782997200,1.14855,1.1489,1.1473,1.1485,24448
2026-07-02 14:00,1783000800,1.1485,1.14925,1.1468,1.1478,27201
2026-07-02 15:00,1783004400,1.1478,1.1484,1.14735,1.14815,11810
2026-07-02 16:00,1783008000,1.14815,1.1482,1.14695,1.14715,7198
2026-07-02 17:00,1783011600,1.14715,1.14715,1.14625,1.14645,5582
2026-07-02 18:00,1783015200,1.1464,1.14705,1.14635,1.14665,6097
2026-07-02 19:00,1783018800,1.14665,1.14675,1.146,1.14645,4252
2026-07-02 20:00,1783022400,1.1465,1.14695,1.14635,1.14655,1759
2026-07-02 22:00,1783029600,1.1469,1.1469,1.14605,1.1462,0
2026-07-02 23:00,1783033200,1.14625,1.14635,1.1455,1.14555,1548
2026-07-03 00:00,1783036800,1.1456,1.1464,1.14535,1.1464,2873
2026-07-03 01:00,1783040400,1.1464,1.1478,1.1463,1.147,3937
2026-07-03 02:00,1783044000,1.147,1.1478,1.1469,1.1473,1555
2026-07-03 03:00,1783047600,1.1473,1.1475,1.14705,1.14745,2655
2026-07-05 22:00,1783288800,1.1471,1.1471,1.14675,1.147,879
2026-07-05 23:00,1783292400,1.147,1.1471,1.14665,1.147,713
2026-07-06 00:00,1783296000,1.14695,1.1474,1.14655,1.1471,1712
2026-07-06 01:00,1783299600,1.14715,1.14715,1.14615,1.14615,1734
2026-07-06 02:00,1783303200,1.14615,1.1471,1.1461,1.1467,1030
2026-07-06 03:00,1783306800,1.14675,1.1471,1.1461,1.14645,915
2026-07-06 04:00,1783310400,1.1465,1.14675,1.14645,1.1466,447
2026-07-06 05:00,1783314000,1.14665,1.14665,1.1456,1.1457,1763
2026-07-06 06:00,1783317600,1.14565,1.1462,1.14525,1.1456,3539
2026-07-06 07:00,1783321200,1.1456,1.14615,1.145,1.146,6741
2026-07-06 08:00,1783324800,1.14595,1.14605,1.1448,1.14535,5217
2026-07-06 09:00,1783328400,1.14535,1.14545,1.14445,1.14465,4378
2026-07-06 10:00,1783332000,1.1446,1.14545,1.1443,1.1453,4088
2026-07-06 11:00,1783335600,1.1453,1.14535,1.1445,1.14485,5225
2026-07-06 12:00,1783339200,1.14485,1.1453,1.1444,1.1446,9050
2026-07-06 13:00,1783342800,1.1446,1.1456,1.14415,1.1446,10792
2026-07-06 14:00,1783346400,1.14455,1.1453,1.14435,1.145,9653
2026-07-06 15:00,1783350000,1.14505,1.1459,1.14485,1.1458,6958
2026-07-06 16:00,1783353600,1.14585,1.1465,1.14585,1.1464,6825
2026-07-06 17:00,1783357200,1.1464,1.1473,1.14635,1.14695,4679
2026-07-06 18:00,1783360800,1.14695,1.14785,1.1468,1.1476,8186
2026-07-06 19:00,1783364400,1.1476,1.1476,1.14715,1.14745,5063
2026-07-06 20:00,1783368000,1.14745,1.14755,1.14725,1.14745,1419
2026-07-06 22:00,1783375200,1.1476,1.1478,1.14745,1.14775,0
2026-07-06 23:00,1783378800,1.1478,1.14805,1.14735,1.1474,619
2026-07-07 00:00,1783382400,1.1474,1.1475,1.14705,1.1471,1450
2026-07-07 01:00,1783386000,1.14715,1.14805,1.14695,1.14765,2531
2026-07-07 02:00,1783389600,1.14765,1.14785,1.1472,1.1472,703
2026-07-07 03:00,1783393200,1.1472,1.14755,1.14685,1.14695,933
2026-07-07 04:00,1783396800,1.1471,1.1472,1.1468,1.1468,659
2026-07-07 05:00,1783400400,1.1468,1.147,1.1461,1.14645,1962
2026-07-07 06:00,1783404000,1.14645,1.14655,1.1458,1.14625,3583
2026-07-07 07:00,1783407600,1.1463,1.14645,1.14575,1.1458,3973
2026-07-07 08:00,1783411200,1.1458,1.14685,1.14575,1.14605,5612
2026-07-07 09:00,1783414800,1.1461,1.14625,1.14575,1.1458,3440
2026-07-07 10:00,1783418400,1.14575,1.1467,1.14565,1.1467,2219
2026-07-07 11:00,1783422000,1.1467,1.1472,1.1458,1.1465,6601
2026-07-07 12:00,1783425600,1.14655,1.1475,1.1464,1.14685,6517
2026-07-07 13:00,1783429200,1.1469,1.14745,1.14635,1.1469,8995
2026-07-07 14:00,1783432800,1.1469,1.14705,1.1456,1.14655,12172
2026-07-07 15:00,1783436400,1.14655,1.1468,1.14545,1.14555,6239
2026-07-07 16:00,1783440000,1.1456,1.14585,1.1451,1.14555,6623
2026-07-07 17:00,1783443600,1.14555,1.1462,1.14545,1.14605,5135
2026-07-07 18:00,1783447200,1.1461,1.14625,1.14505,1.14515,10106
2026-07-07 19:00,1783450800,1.14515,1.1452,1.144,1.14495,9055
2026-07-07 20:00,1783454400,1.1449,1.145,1.1443,1.1445,3548
2026-07-07 22:00,1783461600,1.1442,1.1442,1.1435,1.14395,0
2026-07-07 23:00,1783465200,1.1439,1.14405,1.14325,1.1434,1129
2026-07-08 00:00,1783468800,1.14335,1.1444,1.14325,1.14405,2082
2026-07-08 01:00,1783472400,1.14405,1.1442,1.1431,1.1438,3403
2026-07-08 02:00,1783476000,1.1438,1.1445,1.1437,1.1444,2160
2026-07-08 03:00,1783479600,1.14435,1.1449,1.14435,1.1446,1118
2026-07-08 04:00,1783483200,1.14455,1.1448,1.1443,1.14465,844
2026-07-08 05:00,1783486800,1.14465,1.1453,1.14445,1.1452,2966
2026-07-08 06:00,1783490400,1.1452,1.14565,1.14495,1.1455,6725
2026-07-08 07:00,1783494000,1.1455,1.1464,1.1449,1.1458,7202
2026-07-08 08:00,1783497600,1.1458,1.146,1.1433,1.14425,23793
2026-07-08 09:00,1783501200,1.14425,1.14435,1.1428,1.14365,12966
2026-07-08 10:00,1783504800,1.1437,1.1447,1.1434,1.14405,4808
2026-07-08 11:00,1783508400,1.14405,1.14415,1.14255,1.1431,9398
2026-07-08 12:00,1783512000,1.143,1.1439,1.14275,1.1428,10189
2026-07-08 13:00,1783515600,1.1428,1.1446,1.1428,1.14425,19216
2026-07-08 14:00,1783519200,1.1442,1.1445,1.1435,1.1439,12456
2026-07-08 15:00,1783522800,1.1439,1.1444,1.1423,1.1427,17607
2026-07-08 16:00,1783526400,1.1427,1.14465,1.14265,1.1446,13758
2026-07-08 17:00,1783530000,1.1446,1.1459,1.1446,1.1451,8935
2026-07-08 18:00,1783533600,1.14505,1.1461,1.14485,1.1457,6768
2026-07-08 19:00,1783537200,1.14575,1.1462,1.14545,1.1459,4385
2026-07-08 20:00,1783540800,1.1459,1.14595,1.14465,1.14485,3740
2026-07-08 22:00,1783548000,1.1449,1.145,1.1447,1.145,0
2026-07-08 23:00,1783551600,1.14495,1.1453,1.14475,1.1452,1138
2026-07-09 00:00,1783555200,1.1452,1.14605,1.14515,1.1456,2864
2026-07-09 01:00,1783558800,1.1456,1.14575,1.14505,1.1456,1546
2026-07-09 02:00,1783562400,1.14565,1.1459,1.1454,1.1455,1528
2026-07-09 03:00,1783566000,1.14545,1.14605,1.14535,1.14575,883
2026-07-09 04:00,1783569600,1.14575,1.1458,1.14535,1.14575,641
2026-07-09 05:00,1783573200,1.1457,1.1465,1.1457,1.14615,4698
2026-07-09 06:00,1783576800,1.14615,1.148,1.14615,1.14725,8439
2026-07-09 07:00,1783580400,1.14725,1.14725,1.1463,1.1466,4859
2026-07-09 08:00,1783584000,1.1466,1.1469,1.14555,1.14565,5366
2026-07-09 09:00,1783587600,1.14565,1.1462,1.14545,1.1461,3364
2026-07-09 10:00,1783591200,1.1461,1.1462,1.1451,1.1453,4214
2026-07-09 11:00,1783594800,1.1454,1.146,1.1452,1.14595,7379
2026-07-09 12:00,1783598400,1.146,1.1466,1.14535,1.1455,7790
2026-07-09 13:00,1783602000,1.1455,1.147,1.14545,1.14695,9297
2026-07-09 14:00,1783605600,1.147,1.1476,1.14615,1.1463,14210
2026-07-09 15:00,1783609200,1.1463,1.1471,1.14595,1.1469,7477
2026-07-09 16:00,1783612800,1.1469,1.14715,1.1465,1.14675,5309
2026-07-09 17:00,1783616400,1.1467,1.1471,1.1464,1.1468,3521
2026-07-09 18:00,1783620000,1.1468,1.14685,1.14615,1.14635,3462
2026-07-09 19:00,1783623600,1.14635,1.14645,1.1456,1.1458,5377
2026-07-09 20:00,1783627200,1.1458,1.14605,1.14575,1.146,2371
2026-07-09 22:00,1783634400,1.146,1.14635,1.1459,1.1463,0
2026-07-09 23:00,1783638000,1.1463,1.1464,1.1461,1.14625,394
2026-07-10 00:00,1783641600,1.1463,1.1472,1.14605,1.147,1915
2026-07-10 01:00,1783645200,1.14695,1.14795,1.1468,1.1477,3105
2026-07-10 02:00,1783648800,1.1477,1.1491,1.1477,1.14885,7837
2026-07-10 03:00,1783652400,1.14885,1.14895,1.14775,1.1478,2266
2026-07-10 04:00,1783656000,1.14775,1.14785,1.1469,1.14725,2678
2026-07-10 05:00,1783659600,1.1473,1.14745,1.1465,1.14695,2913
2026-07-10 06:00,1783663200,1.147,1.1477,1.14685,1.14715,3069
2026-07-10 07:00,1783666800,1.1472,1.1472,1.1466,1.1467,3783
2026-07-10 08:00,1783670400,1.1467,1.1472,1.14595,1.14605,6682
2026-07-10 09:00,1783674000,1.14595,1.1464,1.1456,1.1457,3584
2026-07-10 10:00,1783677600,1.1457,1.1465,1.14565,1.1463,4292
2026-07-10 11:00,1783681200,1.14635,1.1465,1.1456,1.1461,4517
2026-07-10 12:00,1783684800,1.1461,1.14715,1.1453,1.1459,12873
2026-07-10 13:00,1783688400,1.1459,1.1459,1.1449,1.145,10129
2026-07-10 14:00,1783692000,1.14505,1.1458,1.1441,1.1452,19024
2026-07-10 15:00,1783695600,1.1452,1.14685,1.1451,1.14675,11037
2026-07-10 16:00,1783699200,1.1468,1.14715,1.14595,1.146,8055
2026-07-10 17:00,1783702800,1.14595,1.1461,1.1447,1.1448,5939
2026-07-10 18:00,1783706400,1.1448,1.1448,1.14415,1.1446,8034
2026-07-10 19:00,1783710000,1.1446,1.14475,1.14435,1.1446,3781
2026-07-10 20:00,1783713600,1.1446,1.14485,1.14415,1.1446,2799
2026-07-12 22:00,1783893600,1.1422,1.14265,1.1418,1.14245,1678
2026-07-12 23:00,1783897200,1.1424,1.1434,1.1423,1.1434,1210
2026-07-13 00:00,1783900800,1.1434,1.14355,1.14245,1.1425,3447
2026-07-13 01:00,1783904400,1.1425,1.1427,1.14135,1.14265,3278
2026-07-13 02:00,1783908000,1.1427,1.14295,1.1423,1.14235,2514
2026-07-13 03:00,1783911600,1.1424,1.1428,1.14205,1.1428,1231
2026-07-13 04:00,1783915200,1.1428,1.14345,1.14265,1.14335,1038
2026-07-13 05:00,1783918800,1.14335,1.1439,1.1427,1.1427,3080
2026-07-13 06:00,1783922400,1.14285,1.1437,1.14255,1.14305,5231
2026-07-13 07:00,1783926000,1.1431,1.1456,1.14305,1.14545,9423
2026-07-13 08:00,1783929600,1.14545,1.1476,1.1454,1.1466,16170
2026-07-13 09:00,1783933200,1.14655,1.14675,1.1457,1.1461,6211
2026-07-13 10:00,1783936800,1.1461,1.1465,1.1456,1.1465,3968
2026-07-13 11:00,1783940400,1.14655,1.1467,1.14545,1.1457,5578
2026-07-13 12:00,1783944000,1.1457,1.14605,1.145,1.14605,7880
2026-07-13 13:00,1783947600,1.1461,1.14635,1.1444,1.1445,11294
2026-07-13 14:00,1783951200,1.14445,1.1446,1.1428,1.14355,22762
2026-07-13 15:00,1783954800,1.14355,1.1436,1.1426,1.1431,10799
2026-07-13 16:00,1783958400,1.1431,1.1432,1.14125,1.1418,16639
2026-07-13 17:00,1783962000,1.14185,1.142,1.1415,1.14155,12154
2026-07-13 18:00,1783965600,1.14155,1.14185,1.1414,1.14165,9300
2026-07-13 19:00,1783969200,1.14165,1.14175,1.1411,1.1413,5455
2026-07-13 20:00,1783972800,1.14125,1.1414,1.1407,1.14115,3473
2026-07-13 22:00,1783980000,1.14115,1.14165,1.141,1.141,0
2026-07-13 23:00,1783983600,1.14105,1.1413,1.1409,1.14125,885
2026-07-14 00:00,1783987200,1.14125,1.1419,1.1407,1.1414,4577
2026-07-14 01:00,1783990800,1.1414,1.142,1.1414,1.1418,1564
2026-07-14 02:00,1783994400,1.1418,1.14235,1.1418,1.142,2169
2026-07-14 03:00,1783998000,1.142,1.14255,1.14175,1.1423,2326
2026-07-14 04:00,1784001600,1.14225,1.1424,1.14165,1.142,2847
2026-07-14 05:00,1784005200,1.142,1.1425,1.142,1.1421,1795
2026-07-14 06:00,1784008800,1.14205,1.1423,1.1414,1.1415,4112
2026-07-14 07:00,1784012400,1.14155,1.1427,1.1413,1.1425,7533
2026-07-14 08:00,1784016000,1.1425,1.14355,1.1422,1.14285,7223
2026-07-14 09:00,1784019600,1.1429,1.1433,1.1424,1.14305,5556
2026-07-14 10:00,1784023200,1.14305,1.1431,1.142,1.1421,3563
2026-07-14 11:00,1784026800,1.14215,1.14385,1.14195,1.14355,8959
2026-07-14 12:00,1784030400,1.14355,1.1493,1.14335,1.1475,55330
2026-07-14 13:00,1784034000,1.1475,1.1484,1.14705,1.1481,24210
2026-07-14 14:00,1784037600,1.14805,1.1488,1.1469,1.14735,21640
2026-07-14 15:00,1784041200,1.14735,1.14825,1.14545,1.1456,13916
2026-07-14 16:00,1784044800,1.14565,1.1463,1.1453,1.1461,7582
2026-07-14 17:00,1784048400,1.14605,1.1462,1.1448,1.14525,8039
2026-07-14 18:00,1784052000,1.1452,1.1455,1.14445,1.14525,9065
2026-07-14 19:00,1784055600,1.1452,1.1455,1.14495,1.14495,6541
2026-07-14 20:00,1784059200,1.14495,1.14515,1.1447,1.14505,2417
2026-07-14 22:00,1784066400,1.14505,1.14515,1.14435,1.14485,0
2026-07-14 23:00,1784070000,1.14485,1.1453,1.1448,1.14525,1348
2026-07-15 00:00,1784073600,1.1453,1.14625,1.1452,1.14615,2997
2026-07-15 01:00,1784077200,1.14615,1.14655,1.14605,1.14635,2120
2026-07-15 02:00,1784080800,1.14635,1.14705,1.14615,1.14685,2607
2026-07-15 03:00,1784084400,1.14685,1.14705,1.14615,1.1466,1562
2026-07-15 04:00,1784088000,1.14655,1.1469,1.1465,1.14655,1099
2026-07-15 05:00,1784091600,1.14655,1.1472,1.14635,1.1469,1608
2026-07-15 06:00,1784095200,1.1469,1.14725,1.14565,1.1457,8733
2026-07-15 07:00,1784098800,1.14575,1.146,1.1448,1.14515,7897
2026-07-15 08:00,1784102400,1.1452,1.14555,1.14495,1.1452,4526
2026-07-15 09:00,1784106000,1.1453,1.1454,1.1445,1.14455,5563
2026-07-15 10:00,1784109600,1.14455,1.14465,1.14395,1.1444,6176
2026-07-15 11:00,1784113200,1.1444,1.1448,1.14385,1.144,9103
2026-07-15 12:00,1784116800,1.14405,1.1458,1.14345,1.14565,19507
2026-07-15 13:00,1784120400,1.14565,1.1464,1.14515,1.1458,13660
2026-07-15 14:00,1784124000,1.14585,1.147,1.14585,1.14655,15023
2026-07-15 15:00,1784127600,1.1465,1.147,1.146,1.14635,12421
2026-07-15 16:00,1784131200,1.1463,1.14705,1.14585,1.147,15597
2026-07-15 17:00,1784134800,1.14705,1.15035,1.147,1.1502,21507
2026-07-15 18:00,1784138400,1.1502,1.1511,1.14945,1.14955,15667
2026-07-15 19:00,1784142000,1.1495,1.1503,1.14895,1.14925,8414
2026-07-15 20:00,1784145600,1.1492,1.14925,1.14895,1.1492,2738
2026-07-15 22:00,1784152800,1.14925,1.14955,1.14925,1.1494,0
2026-07-15 23:00,1784156400,1.14945,1.1498,1.14935,1.14965,1057
2026-07-16 00:00,1784160000,1.1497,1.15015,1.14945,1.15005,3184
2026-07-16 01:00,1784163600,1.15005,1.15005,1.1492,1.14925,2045
2026-07-16 02:00,1784167200,1.14925,1.14925,1.1487,1.14915,2316
2026-07-16 03:00,1784170800,1.14915,1.1496,1.14905,1.1493,813
2026-07-16 04:00,1784174400,1.14915,1.1494,1.149,1.14935,832
2026-07-16 05:00,1784178000,1.1493,1.1496,1.1489,1.14905,1352
2026-07-16 06:00,1784181600,1.1491,1.1498,1.149,1.1496,5489
2026-07-16 07:00,1784185200,1.1496,1.15035,1.1494,1.14965,6394
2026-07-16 08:00,1784188800,1.14965,1.1499,1.14895,1.14925,5612
2026-07-16 09:00,1784192400,1.14925,1.1495,1.14875,1.1493,4622
2026-07-16 10:00,1784196000,1.1493,1.1495,1.14865,1.14865,3755
2026-07-16 11:00,1784199600,1.1487,1.1496,1.1483,1.14955,8628
2026-07-16 12:00,1784203200,1.1496,1.14975,1.14735,1.14745,15435
2026-07-16 13:00,1784206800,1.14745,1.1486,1.1471,1.1477,11511
2026-07-16 14:00,1784210400,1.14765,1.14805,1.14665,1.14695,11099
2026-07-16 15:00,1784214000,1.14695,1.14765,1.14635,1.14735,11127
2026-07-16 16:00,1784217600,1.14735,1.14735,1.14605,1.14615,5913
2026-07-16 17:00,1784221200,1.14615,1.1465,1.1457,1.1463,4696
2026-07-16 18:00,1784224800,1.1463,1.1466,1.14615,1.14655,4645
2026-07-16 19:00,1784228400,1.1465,1.14685,1.1461,1.14675,5270
2026-07-16 20:00,1784232000,1.14675,1.14715,1.14655,1.14695,1899
2026-07-16 22:00,1784239200,1.14685,1.14715,1.14685,1.147,0
2026-07-16 23:00,1784242800,1.147,1.14725,1.1469,1.14715,509
2026-07-17 00:00,1784246400,1.1472,1.14735,1.14675,1.1473,2166
2026-07-17 01:00,1784250000,1.14735,1.1474,1.1464,1.1465,1696
2026-07-17 02:00,1784253600,1.14655,1.14675,1.1463,1.1463,931
2026-07-17 03:00,1784257200,1.14635,1.14665,1.1462,1.14655,1049
2026-07-17 04:00,1784260800,1.14645,1.1465,1.1461,1.14625,808
2026-07-17 05:00,1784264400,1.1462,1.14695,1.14615,1.1466,1951
2026-07-17 06:00,1784268000,1.14665,1.14785,1.14655,1.14765,4555
2026-07-17 07:00,1784271600,1.1476,1.14785,1.1471,1.14715,4474
2026-07-17 08:00,1784275200,1.14715,1.1474,1.1462,1.14675,7496
2026-07-17 09:00,1784278800,1.14675,1.14695,1.14625,1.14665,4822
2026-07-17 10:00,1784282400,1.14665,1.14665,1.14525,1.14535,5241
2026-07-17 11:00,1784286000,1.14535,1.1462,1.14505,1.1456,4723
2026-07-17 12:00,1784289600,1.1457,1.1462,1.14515,1.1455,5203
2026-07-17 13:00,1784293200,1.14555,1.1464,1.1451,1.14625,10715
2026-07-17 14:00,1784296800,1.1463,1.14705,1.14595,1.1466,15092
2026-07-17 15:00,1784300400,1.14665,1.1471,1.14635,1.1466,12960
2026-07-17 16:00,1784304000,1.1466,1.1468,1.14605,1.1465,7283
2026-07-17 17:00,1784307600,1.1465,1.14655,1.14595,1.1461,4496
2026-07-17 18:00,1784311200,1.14605,1.14635,1.146,1.1462,3741
2026-07-17 19:00,1784314800,1.1462,1.1468,1.14605,1.14675,8073
2026-07-17 20:00,1784318400,1.1467,1.1469,1.1462,1.1462,1868
2026-07-19 22:00,1784498400,1.1455,1.1457,1.1452,1.14525,1572
2026-07-19 23:00,1784502000,1.14525,1.14535,1.1449,1.1453,1771
2026-07-20 00:00,1784505600,1.14535,1.14595,1.14525,1.14595,1883
2026-07-20 01:00,1784509200,1.14595,1.1462,1.14565,1.1462,2312
2026-07-20 02:00,1784512800,1.14615,1.14685,1.14605,1.1467,1757
2026-07-20 03:00,1784516400,1.1467,1.14685,1.14655,1.14675,375
2026-07-20 04:00,1784520000,1.1468,1.1471,1.14675,1.147,1303
2026-07-20 05:00,1784523600,1.147,1.14705,1.1466,1.1466,908
2026-07-20 06:00,1784527200,1.14665,1.1468,1.146,1.14615,4213
2026-07-20 07:00,1784530800,1.1461,1.1475,1.146,1.147,7527
2026-07-20 08:00,1784534400,1.147,1.14715,1.14635,1.1465,5393
2026-07-20 09:00,1784538000,1.1465,1.1466,1.14535,1.1456,4434
2026-07-20 10:00,1784541600,1.1456,1.1462,1.14545,1.1457,3085
2026-07-20 11:00,1784545200,1.14575,1.14665,1.14545,1.14555,7065
2026-07-20 12:00,1784548800,1.1456,1.1456,1.14425,1.145,12229
2026-07-20 13:00,1784552400,1.145,1.14505,1.144,1.14415,8104
2026-07-20 14:00,1784556000,1.14415,1.1444,1.14285,1.14325,11425
2026-07-20 15:00,1784559600,1.14325,1.1438,1.14305,1.1437,9303
2026-07-20 16:00,1784563200,1.1437,1.1443,1.14335,1.14375,7791
2026-07-20 17:00,1784566800,1.1438,1.14415,1.14375,1.14395,4170
2026-07-20 18:00,1784570400,1.144,1.1445,1.1439,1.1441,9162
2026-07-20 19:00,1784574000,1.1441,1.1444,1.1439,1.1442,5028
2026-07-20 20:00,1784577600,1.14415,1.1443,1.14385,1.14395,2323
2026-07-20 22:00,1784584800,1.1439,1.1439,1.14355,1.14385,0
2026-07-20 23:00,1784588400,1.1439,1.14415,1.1438,1.14415,580
2026-07-21 00:00,1784592000,1.1441,1.1444,1.1437,1.14395,1565
2026-07-21 01:00,1784595600,1.14385,1.14425,1.1438,1.144,1471
2026-07-21 02:00,1784599200,1.14405,1.1442,1.1436,1.1437,728
2026-07-21 03:00,1784602800,1.1437,1.1441,1.1434,1.14385,704
2026-07-21 04:00,1784606400,1.144,1.1444,1.144,1.14435,676
2026-07-21 05:00,1784610000,1.14435,1.1447,1.14415,1.14435,1546
2026-07-21 06:00,1784613600,1.1443,1.145,1.14425,1.1447,3309
2026-07-21 07:00,1784617200,1.1447,1.14535,1.14465,1.14485,5931
2026-07-21 08:00,1784620800,1.14485,1.1452,1.1444,1.14465,4779
2026-07-21 09:00,1784624400,1.1447,1.14545,1.1446,1.14485,4526
2026-07-21 10:00,1784628000,1.1448,1.1454,1.14455,1.1446,3890
2026-07-21 11:00,1784631600,1.1446,1.14485,1.1442,1.1445,3885
2026-07-21 12:00,1784635200,1.14445,1.1446,1.1439,1.1443,7900
2026-07-21 13:00,1784638800,1.1443,1.14435,1.1431,1.14365,12529
2026-07-21 14:00,1784642400,1.14375,1.1445,1.1428,1.14315,15404
2026-07-21 15:00,1784646000,1.14315,1.14375,1.14285,1.1433,10488
2026-07-21 16:00,1784649600,1.1433,1.14365,1.14325,1.1434,3832
2026-07-21 17:00,1784653200,1.1434,1.14365,1.1432,1.14325,3269
2026-07-21 18:00,1784656800,1.1433,1.1433,1.14245,1.1429,6357
2026-07-21 19:00,1784660400,1.14285,1.143,1.14265,1.14275,2201
2026-07-21 20:00,1784664000,1.1428,1.1429,1.14225,1.1425,1354
2026-07-21 22:00,1784671200,1.1425,1.14265,1.14245,1.1425,0
2026-07-21 23:00,1784674800,1.14245,1.1428,1.1424,1.14275,703
2026-07-22 00:00,1784678400,1.1428,1.14325,1.1427,1.14295,1884
2026-07-22 01:00,1784682000,1.143,1.14325,1.14245,1.14285,895
2026-07-22 02:00,1784685600,1.1429,1.14355,1.1427,1.14315,1026
2026-07-22 03:00,1784689200,1.1431,1.14335,1.143,1.14325,493
2026-07-22 04:00,1784692800,1.1432,1.1434,1.14305,1.1434,512
2026-07-22 05:00,1784696400,1.1434,1.1435,1.1431,1.1435,1061
2026-07-22 06:00,1784700000,1.14345,1.144,1.14325,1.1438,6217
2026-07-22 07:00,1784703600,1.1438,1.1444,1.1429,1.1435,7281
2026-07-22 08:00,1784707200,1.1435,1.1438,1.143,1.14355,4047
2026-07-22 09:00,1784710800,1.14355,1.1439,1.143,1.14305,3733
2026-07-22 10:00,1784714400,1.143,1.1433,1.1426,1.14295,3474
2026-07-22 11:00,1784718000,1.1429,1.14335,1.1428,1.1433,5144
2026-07-22 12:00,1784721600,1.1433,1.14395,1.1429,1.14335,7990
2026-07-22 13:00,1784725200,1.14335,1.1447,1.1433,1.1439,9171
2026-07-22 14:00,1784728800,1.14395,1.1444,1.14335,1.1435,16652
2026-07-22 15:00,1784732400,1.14345,1.144,1.14335,1.14395,8205
2026-07-22 16:00,1784736000,1.1439,1.144,1.1432,1.14355,7595
2026-07-22 17:00,1784739600,1.1435,1.14385,1.1434,1.1436,4814
2026-07-22 18:00,1784743200,1.1436,1.1437,1.1434,1.14365,3838
2026-07-22 19:00,1784746800,1.1437,1.14385,1.14355,1.14375,2063
2026-07-22 20:00,1784750400,1.14375,1.14385,1.14365,1.14375,1778
2026-07-22 22:00,1784757600,1.14365,1.14365,1.14305,1.14325,0
2026-07-22 23:00,1784761200,1.14335,1.14365,1.14325,1.1436,501
2026-07-23 00:00,1784764800,1.1436,1.14425,1.1435,1.14425,1602
2026-07-23 01:00,1784768400,1.14425,1.14455,1.14405,1.1441,2898
2026-07-23 02:00,1784772000,1.1441,1.14525,1.1441,1.14525,2533
2026-07-23 03:00,1784775600,1.14525,1.14555,1.14475,1.14545,3815
2026-07-23 04:00,1784779200,1.1459,1.1461,1.1455,1.14575,5852
2026-07-23 05:00,1784782800,1.1457,1.14595,1.14535,1.1455,1388
2026-07-23 06:00,1784786400,1.1455,1.14575,1.14485,1.145,4046
2026-07-23 07:00,1784790000,1.14505,1.14525,1.14445,1.14495,5319
2026-07-23 08:00,1784793600,1.14495,1.14495,1.14315,1.14345,10178
2026-07-23 09:00,1784797200,1.1435,1.144,1.1434,1.1437,5311
2026-07-23 10:00,1784800800,1.14375,1.14375,1.1428,1.1429,4995
2026-07-23 11:00,1784804400,1.1429,1.14315,1.1408,1.14195,21072
2026-07-23 12:00,1784808000,1.14195,1.1421,1.14005,1.141,21418
2026-07-23 13:00,1784811600,1.14095,1.1411,1.1393,1.13965,23383
2026-07-23 14:00,1784815200,1.13975,1.14005,1.1388,1.1396,20166
2026-07-23 15:00,1784818800,1.13965,1.1401,1.1391,1.13975,16330
2026-07-23 16:00,1784822400,1.13975,1.1405,1.13975,1.1405,11834
2026-07-23 17:00,1784826000,1.1405,1.14055,1.1396,1.1396,4342
2026-07-23 18:00,1784829600,1.1396,1.14015,1.1396,1.1401,3916
2026-07-23 19:00,1784833200,1.1401,1.1405,1.13985,1.14025,3494
2026-07-23 20:00,1784836800,1.1402,1.14045,1.14015,1.1402,2353
2026-07-23 22:00,1784844000,1.1402,1.14045,1.1401,1.1404,0
2026-07-23 23:00,1784847600,1.14035,1.14045,1.14005,1.1401,1586
2026-07-24 00:00,1784851200,1.14005,1.1409,1.13995,1.1409,2049
2026-07-24 01:00,1784854800,1.1409,1.1412,1.1406,1.1408,1879
2026-07-24 02:00,1784858400,1.14085,1.1412,1.14055,1.14055,1061
2026-07-24 03:00,1784862000,1.1405,1.1407,1.14025,1.14065,1267
2026-07-24 04:00,1784865600,1.14075,1.1408,1.14005,1.14035,1042
2026-07-24 05:00,1784869200,1.1404,1.14075,1.1401,1.1402,1904
2026-07-24 06:00,1784872800,1.1402,1.14115,1.14015,1.14115,3954
2026-07-24 07:00,1784876400,1.14115,1.14255,1.1411,1.14145,7835
2026-07-24 08:00,1784880000,1.14145,1.1415,1.14055,1.14075,6934
2026-07-24 09:00,1784883600,1.1407,1.1413,1.1407,1.1413,5083
2026-07-24 10:00,1784887200,1.14135,1.1417,1.14055,1.14075,5604
2026-07-24 11:00,1784890800,1.14075,1.14125,1.13955,1.1399,11243
2026-07-24 12:00,1784894400,1.13995,1.1403,1.13915,1.1394,10996
2026-07-24 13:00,1784898000,1.1394,1.14015,1.1389,1.1401,15090
2026-07-24 14:00,1784901600,1.1401,1.1405,1.1395,1.14025,17524
2026-07-24 15:00,1784905200,1.14025,1.14155,1.1401,1.1409,14122
2026-07-24 16:00,1784908800,1.14085,1.14105,1.1402,1.14025,4035
2026-07-24 17:00,1784912400,1.1402,1.1402,1.13915,1.13935,6527
2026-07-24 18:00,1784916000,1.1394,1.13955,1.1392,1.1394,4860
2026-07-24 19:00,1784919600,1.1394,1.1397,1.13925,1.1394,4543
2026-07-24 20:00,1784923200,1.1394,1.13975,1.1392,1.1394,2005
2026-07-26 22:00,1785103200,1.14195,1.1421,1.14125,1.14135,1102
2026-07-26 23:00,1785106800,1.14135,1.14195,1.14125,1.1419,1374
2026-07-27 00:00,1785110400,1.1419,1.14375,1.1419,1.14255,8038
2026-07-27 01:00,1785114000,1.1426,1.14385,1.1426,1.14385,4187
2026-07-27 02:00,1785117600,1.1438,1.14385,1.14295,1.14295,1647
2026-07-27 03:00,1785121200,1.143,1.1431,1.14255,1.14275,1163
2026-07-27 04:00,1785124800,1.1428,1.1429,1.1426,1.1428,663
2026-07-27 05:00,1785128400,1.14275,1.14315,1.1427,1.143,1577
2026-07-27 06:00,1785132000,1.143,1.1442,1.14295,1.14325,6348
2026-07-27 07:00,1785135600,1.1432,1.1434,1.142,1.1421,8875
2026-07-27 08:00,1785139200,1.1421,1.14275,1.1419,1.1426,4605
2026-07-27 09:00,1785142800,1.1426,1.1427,1.14185,1.142,2779
2026-07-27 10:00,1785146400,1.142,1.14255,1.14175,1.1419,3209
2026-07-27 11:00,1785150000,1.1419,1.14195,1.14095,1.1411,5128
2026-07-27 12:00,1785153600,1.1411,1.1414,1.14005,1.14075,8408
2026-07-27 13:00,1785157200,1.14075,1.14105,1.13965,1.13985,9520
2026-07-27 14:00,1785160800,1.1398,1.1401,1.13925,1.1396,11275
2026-07-27 15:00,1785164400,1.1396,1.1402,1.1392,1.1399,9903
2026-07-27 16:00,1785168000,1.1399,1.14095,1.13975,1.14035,8695
2026-07-27 17:00,1785171600,1.14035,1.14035,1.13925,1.13965,8291
2026-07-27 18:00,1785175200,1.13965,1.13975,1.1391,1.1392,15501
2026-07-27 19:00,1785178800,1.13925,1.1397,1.1391,1.1394,4871
2026-07-27 20:00,1785182400,1.1394,1.1396,1.13905,1.13915,0
2026-07-27 22:00,1785189600,1.1395,1.13955,1.1392,1.1392,1228
2026-07-27 23:00,1785193200,1.1393,1.1394,1.1391,1.13925,907
2026-07-28 00:00,1785196800,1.1392,1.1398,1.139,1.13975,3571
2026-07-28 01:00,1785200400,1.13975,1.1401,1.1394,1.13965,1443
2026-07-28 02:00,1785204000,1.13965,1.1402,1.1395,1.14005,1204
2026-07-28 03:00,1785207600,1.1401,1.14035,1.1397,1.1398,739
2026-07-28 04:00,1785211200,1.1395,1.13955,1.13915,1.1392,1177
2026-07-28 05:00,1785214800,1.1392,1.1392,1.1385,1.13895,2153
2026-07-28 06:00,1785218400,1.1389,1.1396,1.13885,1.1392,4277
2026-07-28 07:00,1785222000,1.1392,1.1397,1.13865,1.13885,4523
2026-07-28 08:00,1785225600,1.13885,1.13965,1.13885,1.1396,4548
2026-07-28 09:00,1785229200,1.1396,1.13965,1.13795,1.138,4226
2026-07-28 10:00,1785232800,1.13795,1.1386,1.1377,1.1384,5218
2026-07-28 11:00,1785236400,1.1384,1.1391,1.138,1.1389,5577
2026-07-28 12:00,1785240000,1.1389,1.1392,1.13835,1.13895,6848
2026-07-28 13:00,1785243600,1.13895,1.1397,1.1389,1.1396,11267
2026-07-28 14:00,1785247200,1.13955,1.141,1.1394,1.14085,21002
2026-07-28 15:00,1785250800,1.14085,1.14255,1.1407,1.14235,20941
2026-07-28 16:00,1785254400,1.14235,1.14285,1.1419,1.142,9661
2026-07-28 17:00,1785258000,1.14195,1.1421,1.14115,1.14125,5833
2026-07-28 18:00,1785261600,1.14125,1.1415,1.14095,1.14105,4285
2026-07-28 19:00,1785265200,1.141,1.1415,1.141,1.14105,4587
2026-07-28 20:00,1785268800,1.14105,1.14125,1.14085,1.14105,2140
2026-07-28 22:00,1785276000,1.1411,1.1414,1.14065,1.1408,0
2026-07-28 23:00,1785279600,1.1408,1.1409,1.1405,1.1409,1217
2026-07-29 00:00,1785283200,1.1409,1.1414,1.14055,1.14135,3575
2026-07-29 01:00,1785286800,1.14135,1.1415,1.1408,1.1414,2445
2026-07-29 02:00,1785290400,1.1414,1.14185,1.1413,1.14175,1184
2026-07-29 03:00,1785294000,1.14175,1.1424,1.14175,1.1419,2498
2026-07-29 04:00,1785297600,1.14215,1.14265,1.1421,1.1424,2950
2026-07-29 05:00,1785301200,1.14235,1.1426,1.14205,1.14215,2109
2026-07-29 06:00,1785304800,1.14215,1.1424,1.14125,1.14145,4205
2026-07-29 07:00,1785308400,1.14145,1.1424,1.1413,1.1421,5013
2026-07-29 08:00,1785312000,1.1421,1.1423,1.1416,1.14195,3942
2026-07-29 09:00,1785315600,1.1419,1.142,1.14145,1.1415,2273
2026-07-29 10:00,1785319200,1.14145,1.14155,1.1406,1.1408,5704
2026-07-29 11:00,1785322800,1.14085,1.1411,1.14035,1.1405,5086
2026-07-29 12:00,1785326400,1.1405,1.1406,1.13975,1.1401,8576
2026-07-29 13:00,1785330000,1.14015,1.1415,1.13995,1.1415,9829
2026-07-29 14:00,1785333600,1.1415,1.142,1.14035,1.14035,18462
2026-07-29 15:00,1785337200,1.14035,1.14085,1.14005,1.14055,11097
2026-07-29 16:00,1785340800,1.1406,1.1409,1.13995,1.14075,7348
2026-07-29 17:00,1785344400,1.14075,1.14235,1.14075,1.14185,11967
2026-07-29 18:00,1785348000,1.1417,1.1474,1.1409,1.14735,56013
2026-07-29 19:00,1785351600,1.14735,1.14885,1.1462,1.147,32206
2026-07-29 20:00,1785355200,1.14695,1.14925,1.14685,1.1489,8055
2026-07-29 22:00,1785362400,1.14855,1.1492,1.1482,1.14915,0
2026-07-29 23:00,1785366000,1.1492,1.14955,1.1485,1.14875,2229
2026-07-30 00:00,1785369600,1.1487,1.1488,1.1476,1.1478,3312
2026-07-30 01:00,1785373200,1.14785,1.1481,1.1473,1.1474,4828
2026-07-30 02:00,1785376800,1.14735,1.14755,1.14715,1.1473,1398
2026-07-30 03:00,1785380400,1.14735,1.14745,1.1468,1.14705,1289
2026-07-30 04:00,1785384000,1.14715,1.1474,1.14705,1.14715,697
2026-07-30 05:00,1785387600,1.1471,1.1477,1.14695,1.14705,1990
2026-07-30 06:00,1785391200,1.14705,1.1472,1.14635,1.1468,6031
2026-07-30 07:00,1785394800,1.1468,1.14715,1.1455,1.1458,12630
2026-07-30 08:00,1785398400,1.14575,1.1476,1.14575,1.1468,10278
2026-07-30 09:00,1785402000,1.14685,1.1488,1.14685,1.14855,6591
2026-07-30 10:00,1785405600,1.1485,1.1505,1.14815,1.1493,16049
2026-07-30 11:00,1785409200,1.1494,1.1498,1.14855,1.1496,7114
2026-07-30 12:00,1785412800,1.1496,1.15035,1.149,1.1493,13276
2026-07-30 13:00,1785416400,1.1493,1.1544,1.149,1.1544,51368
2026-07-30 14:00,1785420000,1.1544,1.15575,1.1523,1.15235,63278
2026-07-30 15:00,1785423600,1.15235,1.1545,1.1519,1.15415,21958
2026-07-30 16:00,1785427200,1.1541,1.1551,1.1541,1.1549,12918
2026-07-30 17:00,1785430800,1.1549,1.15515,1.1534,1.155,18754
2026-07-30 18:00,1785434400,1.15495,1.1556,1.1548,1.15555,11103
2026-07-30 19:00,1785438000,1.15555,1.1556,1.1548,1.15515,7474
2026-07-30 20:00,1785441600,1.15515,1.1553,1.1547,1.15485,2812
2026-07-30 22:00,1785448800,1.15475,1.15515,1.15455,1.1549,0
2026-07-30 23:00,1785452400,1.1549,1.1551,1.1542,1.1543,3367
2026-07-31 00:00,1785456000,1.15435,1.1546,1.1535,1.1538,5532
2026-07-31 01:00,1785459600,1.1538,1.15415,1.15295,1.15295,5693
2026-07-31 02:00,1785463200,1.153,1.15365,1.153,1.1532,2554
2026-07-31 03:00,1785466800,1.1532,1.1533,1.1526,1.15325,5956
2026-07-31 04:00,1785470400,1.1533,1.15345,1.1524,1.1528,1986
2026-07-31 05:00,1785474000,1.1528,1.15295,1.1524,1.1526,4129
2026-07-31 06:00,1785477600,1.15265,1.1542,1.15255,1.15365,8027
2026-07-31 07:00,1785481200,1.1537,1.15445,1.1531,1.1534,7156
2026-07-31 08:00,1785484800,1.1534,1.1546,1.1524,1.15405,10349
2026-07-31 09:00,1785488400,1.154,1.1545,1.15225,1.15255,10680
2026-07-31 10:00,1785492000,1.1525,1.15275,1.15205,1.15215,6968
2026-07-31 11:00,1785495600,1.15215,1.15215,1.15045,1.1505,11650
2026-07-31 12:00,1785499200,1.1505,1.151,1.1501,1.15075,11269
2026-07-31 13:00,1785502800,1.15075,1.15235,1.14745,1.14865,55114
2026-07-31 14:00,1785506400,1.14865,1.1526,1.1482,1.1524,42417
2026-07-31 15:00,1785510000,1.15245,1.1538,1.1517,1.1538,22310
2026-07-31 16:00,1785513600,1.15375,1.1539,1.1532,1.1537,7457
2026-07-31 17:00,1785517200,1.1537,1.1557,1.1537,1.1553,19174
2026-07-31 18:00,1785520800,1.15525,1.1556,1.1544,1.15505,15972
2026-07-31 19:00,1785524400,1.155,1.1556,1.1547,1.1551,6011
2026-07-31 20:00,1785528000,1.1551,1.1567,1.1541,1.155,18652
2026-08-02 22:00,1785708000,1.15735,1.1578,1.1567,1.15675,2539
2026-08-02 23:00,1785711600,1.15675,1.157,1.15615,1.15625,2522
2026-08-03 00:00,1785715200,1.1563,1.15755,1.15545,1.15615,10206
2026-08-03 01:00,1785718800,1.1562,1.1565,1.15495,1.15515,4529
2026-08-03 02:00,1785722400,1.15515,1.1555,1.1548,1.15505,1535
2026-08-03 03:00,1785726000,1.155,1.15505,1.1546,1.1549,1742
2026-08-03 04:00,1785729600,1.15495,1.1555,1.15485,1.15535,959
2026-08-03 05:00,1785733200,1.1554,1.1557,1.1551,1.15565,1459
2026-08-03 06:00,1785736800,1.1557,1.15585,1.15435,1.15465,6465
2026-08-03 07:00,1785740400,1.1546,1.1552,1.154,1.15455,7362
2026-08-03 08:00,1785744000,1.15455,1.1547,1.154,1.15415,4218
2026-08-03 09:00,1785747600,1.1542,1.15495,1.1539,1.15415,4065
2026-08-03 10:00,1785751200,1.15415,1.1544,1.15355,1.15415,6743
2026-08-03 11:00,1785754800,1.15415,1.1552,1.154,1.1552,5245
2026-08-03 12:00,1785758400,1.1552,1.15545,1.1542,1.1547,7180
2026-08-03 13:00,1785762000,1.15475,1.15545,1.1541,1.15465,10270
2026-08-03 14:00,1785765600,1.1546,1.1547,1.15295,1.15335,17227
2026-08-03 15:00,1785769200,1.1533,1.15335,1.152,1.15285,19388
2026-08-03 16:00,1785772800,1.1529,1.153,1.1524,1.1526,5207
2026-08-03 17:00,1785776400,1.1526,1.1526,1.15205,1.1521,5155
2026-08-03 18:00,1785780000,1.1521,1.15345,1.1521,1.1533,8916
2026-08-03 19:00,1785783600,1.15325,1.1534,1.1529,1.15295,4184
2026-08-03 20:00,1785787200,1.15295,1.153,1.15255,1.1528,3132
2026-08-03 22:00,1785794400,1.1528,1.15315,1.15255,1.15275,0
2026-08-03 23:00,1785798000,1.15275,1.15295,1.15255,1.1526,668
2026-08-04 00:00,1785801600,1.1526,1.15335,1.1524,1.15245,2812
2026-08-04 01:00,1785805200,1.1524,1.15335,1.1521,1.15315,2220
2026-08-04 02:00,1785808800,1.15315,1.15325,1.1527,1.15275,942
2026-08-04 03:00,1785812400,1.15275,1.1533,1.15265,1.1527,835
2026-08-04 04:00,1785816000,1.15255,1.153,1.1525,1.1529,525
2026-08-04 05:00,1785819600,1.15285,1.1529,1.15225,1.1526,1035
2026-08-04 06:00,1785823200,1.1526,1.1529,1.15225,1.1526,2974
2026-08-04 07:00,1785826800,1.15265,1.15355,1.1525,1.15295,4393
2026-08-04 08:00,1785830400,1.15295,1.1533,1.1525,1.1526,3857
2026-08-04 09:00,1785834000,1.1527,1.15305,1.1522,1.15265,2559
2026-08-04 10:00,1785837600,1.1527,1.1538,1.15265,1.15325,4020
2026-08-04 11:00,1785841200,1.1533,1.15425,1.15305,1.1535,5666
2026-08-04 12:00,1785844800,1.15355,1.15425,1.15325,1.15335,5604
2026-08-04 13:00,1785848400,1.1534,1.1545,1.15285,1.1543,13078
2026-08-04 14:00,1785852000,1.1543,1.15495,1.1538,1.1542,11789
2026-08-04 15:00,1785855600,1.1542,1.15455,1.1532,1.1545,12340
2026-08-04 16:00,1785859200,1.15455,1.15455,1.15355,1.15375,6228
2026-08-04 17:00,1785862800,1.15375,1.15455,1.15375,1.1543,3930
2026-08-04 18:00,1785866400,1.1543,1.1553,1.15415,1.1552,4636
2026-08-04 19:00,1785870000,1.1552,1.15525,1.15485,1.155,3244
2026-08-04 20:00,1785873600,1.155,1.1553,1.1549,1.15505,2157
2026-08-04 22:00,1785880800,1.15495,1.1551,1.1548,1.1551,0
2026-08-04 23:00,1785884400,1.1551,1.1552,1.1548,1.15505,627
2026-08-05 00:00,1785888000,1.15505,1.15545,1.15485,1.15495,1101
2026-08-05 01:00,1785891600,1.155,1.15505,1.1545,1.15455,938
2026-08-05 02:00,1785895200,1.15455,1.15595,1.1545,1.15535,1935
2026-08-05 03:00,1785898800,1.15535,1.1559,1.15535,1.1556,763
2026-08-05 04:00,1785902400,1.1557,1.1559,1.1553,1.15545,692
2026-08-05 05:00,1785906000,1.15545,1.15565,1.15505,1.15545,994
2026-08-05 06:00,1785909600,1.15545,1.15645,1.1551,1.1563,3288
2026-08-05 07:00,1785913200,1.1563,1.1565,1.15525,1.15565,4068
2026-08-05 08:00,1785916800,1.15565,1.1563,1.15495,1.15535,5495
2026-08-05 09:00,1785920400,1.15545,1.1561,1.1552,1.15585,3489
2026-08-05 10:00,1785924000,1.15585,1.1559,1.15535,1.1558,2695
2026-08-05 11:00,1785927600,1.15585,1.15735,1.15585,1.15715,5326
2026-08-05 12:00,1785931200,1.1571,1.15755,1.15635,1.1564,8448
2026-08-05 13:00,1785934800,1.1564,1.15725,1.15585,1.1562,13098
2026-08-05 14:00,1785938400,1.15615,1.15755,1.15575,1.1572,15048
2026-08-05 15:00,1785942000,1.15715,1.1575,1.15615,1.1565,8251
2026-08-05 16:00,1785945600,1.15645,1.15675,1.15615,1.15645,5540
2026-08-05 17:00,1785949200,1.1565,1.1576,1.15615,1.1575,2885
2026-08-05 18:00,1785952800,1.15745,1.1578,1.15715,1.15725,6374
2026-08-05 19:00,1785956400,1.15725,1.1573,1.1566,1.15695,4330
2026-08-05 20:00,1785960000,1.1569,1.15725,1.1568,1.1572,1695
2026-08-05 22:00,1785967200,1.1572,1.1572,1.15685,1.1572,0
2026-08-05 23:00,1785970800,1.15725,1.1575,1.1571,1.1574,300
2026-08-06 00:00,1785974400,1.1574,1.15765,1.15715,1.1574,961
2026-08-06 01:00,1785978000,1.1573,1.15745,1.15705,1.1572,847
2026-08-06 02:00,1785981600,1.15725,1.15755,1.157,1.1571,1154
2026-08-06 03:00,1785985200,1.157,1.1571,1.1564,1.1565,813
2026-08-06 04:00,1785988800,1.1566,1.15665,1.15645,1.1566,555
2026-08-06 05:00,1785992400,1.1566,1.15675,1.15615,1.1566,1045
2026-08-06 06:00,1785996000,1.1567,1.1569,1.15605,1.15625,3088
2026-08-06 07:00,1785999600,1.1562,1.1564,1.1558,1.15615,4718
2026-08-06 08:00,1786003200,1.15615,1.15625,1.1556,1.15605,6254
2026-08-06 09:00,1786006800,1.156,1.1561,1.15535,1.15555,4088
2026-08-06 10:00,1786010400,1.15555,1.156,1.15535,1.1558,4633
2026-08-06 11:00,1786014000,1.15585,1.1564,1.15545,1.1562,4462
2026-08-06 12:00,1786017600,1.15625,1.15625,1.1554,1.1556,5479
2026-08-06 13:00,1786021200,1.1556,1.1562,1.15525,1.156,7026
2026-08-06 14:00,1786024800,1.156,1.1561,1.15475,1.15525,10144
2026-08-06 15:00,1786028400,1.1552,1.1553,1.1536,1.15375,12325
2026-08-06 16:00,1786032000,1.15375,1.154,1.1532,1.15375,6577
2026-08-06 17:00,1786035600,1.1538,1.154,1.1535,1.15395,4287
2026-08-06 18:00,1786039200,1.154,1.1542,1.15385,1.1541,2946
2026-08-06 19:00,1786042800,1.1541,1.1543,1.1534,1.15405,7050
2026-08-06 20:00,1786046400,1.154,1.15415,1.1536,1.15415,2327
2026-08-06 22:00,1786053600,1.15385,1.15395,1.15375,1.15385,0
2026-08-06 23:00,1786057200,1.1539,1.1541,1.1539,1.1541,372
2026-08-07 00:00,1786060800,1.15405,1.15405,1.1535,1.1536,1606
2026-08-07 01:00,1786064400,1.1536,1.15425,1.1535,1.15385,1013
2026-08-07 02:00,1786068000,1.1538,1.154,1.15375,1.1538,543
2026-08-07 03:00,1786071600,1.15385,1.15395,1.1536,1.15395,431
2026-08-07 04:00,1786075200,1.15385,1.15415,1.15385,1.15405,642
2026-08-07 05:00,1786078800,1.15405,1.1542,1.1537,1.1539,1368
2026-08-07 06:00,1786082400,1.1539,1.1542,1.15375,1.1539,2647
2026-08-07 07:00,1786086000,1.1539,1.15405,1.15345,1.1539,2774
2026-08-07 08:00,1786089600,1.1539,1.1542,1.1535,1.154,3451
2026-08-07 09:00,1786093200,1.154,1.15475,1.154,1.15455,2923
2026-08-07 10:00,1786096800,1.15455,1.1546,1.15425,1.1544,2684
2026-08-07 11:00,1786100400,1.1544,1.155,1.15435,1.155,2893
2026-08-07 12:00,1786104000,1.155,1.1598,1.1543,1.15895,35126
2026-08-07 13:00,1786107600,1.15895,1.15925,1.15735,1.1574,18509
2026-08-07 14:00,1786111200,1.15745,1.1581,1.1567,1.157,18592
2026-08-07 15:00,1786114800,1.157,1.15805,1.1567,1.1575,8229
2026-08-07 16:00,1786118400,1.1575,1.15845,1.15745,1.1576,7743
2026-08-07 17:00,1786122000,1.1576,1.158,1.1574,1.1578,2595
2026-08-07 18:00,1786125600,1.15775,1.1583,1.15755,1.1582,5763
2026-08-07 19:00,1786129200,1.1582,1.15865,1.15775,1.15785,5062
2026-08-07 20:00,1786132800,1.15785,1.1581,1.15725,1.1581,3083
2026-08-09 22:00,1786312800,1.1574,1.1574,1.1571,1.1572,584
2026-08-09 23:00,1786316400,1.1572,1.15745,1.15705,1.1572,710
2026-08-10 00:00,1786320000,1.1572,1.15755,1.15705,1.15745,1736
2026-08-10 01:00,1786323600,1.15745,1.1575,1.15685,1.15705,2069
2026-08-10 02:00,1786327200,1.15705,1.15715,1.15675,1.1568,687
2026-08-10 03:00,1786330800,1.15685,1.1569,1.15655,1.15655,832
2026-08-10 04:00,1786334400,1.15655,1.1569,1.15645,1.1568,610
2026-08-10 05:00,1786338000,1.1568,1.15725,1.15665,1.1571,1102
2026-08-10 06:00,1786341600,1.15715,1.1574,1.1569,1.15715,4104
2026-08-10 07:00,1786345200,1.1571,1.15815,1.15685,1.15775,4263
2026-08-10 08:00,1786348800,1.15775,1.15815,1.1576,1.15775,3001
2026-08-10 09:00,1786352400,1.15775,1.158,1.1573,1.1573,2758
2026-08-10 10:00,1786356000,1.1573,1.1574,1.15705,1.1572,4383
2026-08-10 11:00,1786359600,1.15715,1.15725,1.1565,1.1569,5122
2026-08-10 12:00,1786363200,1.1569,1.15715,1.1561,1.1563,6436
2026-08-10 13:00,1786366800,1.15635,1.157,1.156,1.1561,7174
2026-08-10 14:00,1786370400,1.1561,1.1572,1.15605,1.15685,7556
2026-08-10 15:00,1786374000,1.15685,1.15695,1.15625,1.15675,6635
2026-08-10 16:00,1786377600,1.1568,1.15705,1.15615,1.1563,5932
2026-08-10 17:00,1786381200,1.1563,1.1564,1.1557,1.1559,5569
2026-08-10 18:00,1786384800,1.1559,1.1561,1.1556,1.1558,6634
2026-08-10 19:00,1786388400,1.1558,1.15595,1.15565,1.1557,2788
2026-08-10 20:00,1786392000,1.1558,1.15595,1.15575,1.15595,0
2026-08-10 22:00,1786399200,1.15585,1.156,1.1558,1.15595,291
2026-08-10 23:00,1786402800,1.15595,1.15625,1.1558,1.1562,461
2026-08-11 00:00,1786406400,1.1562,1.15655,1.1561,1.1562,1208
2026-08-11 01:00,1786410000,1.15615,1.15655,1.1559,1.1562,558
2026-08-11 02:00,1786413600,1.1562,1.1562,1.15545,1.15555,1216
2026-08-11 03:00,1786417200,1.1556,1.15605,1.15555,1.15585,780
2026-08-11 04:00,1786420800,1.15595,1.1561,1.1555,1.15585,1015
2026-08-11 05:00,1786424400,1.15585,1.15585,1.1554,1.15565,654
2026-08-11 06:00,1786428000,1.1557,1.1559,1.15485,1.15525,3527
2026-08-11 07:00,1786431600,1.1553,1.15555,1.1547,1.15475,3754
2026-08-11 08:00,1786435200,1.15475,1.15545,1.1547,1.15515,4439
2026-08-11 09:00,1786438800,1.1552,1.1553,1.15485,1.1553,2835
2026-08-11 10:00,1786442400,1.15525,1.1554,1.1549,1.1552,2575
2026-08-11 11:00,1786446000,1.15515,1.1559,1.155,1.1552,5617
2026-08-11 12:00,1786449600,1.15515,1.156,1.15495,1.15575,6217
2026-08-11 13:00,1786453200,1.15575,1.15645,1.15545,1.15595,8496
2026-08-11 14:00,1786456800,1.15595,1.15595,1.15535,1.15585,5924
2026-08-11 15:00,1786460400,1.15585,1.15605,1.1552,1.15585,6486
2026-08-11 16:00,1786464000,1.1559,1.15595,1.1555,1.1555,4537
2026-08-11 17:00,1786467600,1.15555,1.1556,1.15505,1.15535,3256
2026-08-11 18:00,1786471200,1.15535,1.1558,1.1551,1.1556,3415
2026-08-11 19:00,1786474800,1.15565,1.1559,1.15555,1.15585,2351
2026-08-11 20:00,1786478400,1.1559,1.15595,1.15555,1.15595,953
2026-08-11 22:00,1786485600,1.15605,1.15605,1.1557,1.1559,0
2026-08-11 23:00,1786489200,1.15585,1.15595,1.15565,1.15585,425
2026-08-12 00:00,1786492800,1.1559,1.156,1.1555,1.15565,819
2026-08-12 01:00,1786496400,1.1556,1.1556,1.1552,1.15535,1221
2026-08-12 02:00,1786500000,1.1553,1.1555,1.1551,1.15535,1319
2026-08-12 03:00,1786503600,1.15535,1.15535,1.155,1.155,500
2026-08-12 04:00,1786507200,1.1551,1.15515,1.1548,1.1551,1267
2026-08-12 05:00,1786510800,1.1551,1.15515,1.15475,1.15495,918
2026-08-12 06:00,1786514400,1.15495,1.15525,1.15485,1.1552,2306
2026-08-12 07:00,1786518000,1.15525,1.15545,1.1551,1.15525,2534
2026-08-12 08:00,1786521600,1.1553,1.15555,1.155,1.15525,3540
2026-08-12 09:00,1786525200,1.15525,1.15655,1.15505,1.15515,6842
2026-08-12 10:00,1786528800,1.1551,1.1554,1.1548,1.15505,4653
2026-08-12 11:00,1786532400,1.15495,1.1561,1.1549,1.1559,4581
2026-08-12 12:00,1786536000,1.1559,1.15795,1.15455,1.1575,23161
2026-08-12 13:00,1786539600,1.1575,1.15785,1.1561,1.15675,14772
2026-08-12 14:00,1786543200,1.15675,1.157,1.15545,1.15585,14213
2026-08-12 15:00,1786546800,1.1558,1.15595,1.15505,1.15545,8922
2026-08-12 16:00,1786550400,1.15545,1.15555,1.154,1.1543,9355
2026-08-12 17:00,1786554000,1.15435,1.1546,1.15365,1.15365,8944
2026-08-12 18:00,1786557600,1.15365,1.15425,1.1535,1.15365,5216
2026-08-12 19:00,1786561200,1.1536,1.154,1.1535,1.15375,3694
2026-08-12 20:00,1786564800,1.15375,1.15415,1.1537,1.15405,1730
2026-08-12 22:00,1786572000,1.1538,1.1541,1.15375,1.1541,0
2026-08-12 23:00,1786575600,1.15405,1.1542,1.154,1.15415,621
2026-08-13 00:00,1786579200,1.1542,1.15455,1.154,1.1543,2145
2026-08-13 01:00,1786582800,1.1543,1.1545,1.15375,1.15385,2030
2026-08-13 02:00,1786586400,1.15385,1.15395,1.15335,1.1536,1072
2026-08-13 03:00,1786590000,1.15355,1.1538,1.15335,1.1536,1497
2026-08-13 04:00,1786593600,1.15355,1.15405,1.15335,1.15395,950
2026-08-13 05:00,1786597200,1.15395,1.1541,1.15375,1.15395,754
2026-08-13 06:00,1786600800,1.15395,1.154,1.15255,1.1532,5225
2026-08-13 07:00,1786604400,1.15315,1.1542,1.15305,1.154,3330
2026-08-13 08:00,1786608000,1.15395,1.15425,1.15365,1.15375,2981
2026-08-13 09:00,1786611600,1.15375,1.15485,1.15375,1.15485,4339
2026-08-13 10:00,1786615200,1.15485,1.15525,1.15475,1.15495,3762
2026-08-13 11:00,1786618800,1.1549,1.15525,1.15465,1.1548,4268
2026-08-13 12:00,1786622400,1.1548,1.15585,1.15395,1.15575,15592
2026-08-13 13:00,1786626000,1.1558,1.1559,1.15445,1.1548,11059
2026-08-13 14:00,1786629600,1.1548,1.15595,1.15455,1.1558,9894
2026-08-13 15:00,1786633200,1.1558,1.15595,1.1544,1.15445,10337
2026-08-13 16:00,1786636800,1.15445,1.1547,1.1538,1.15435,6255
2026-08-13 17:00,1786640400,1.15435,1.15455,1.154,1.1542,2923
2026-08-13 18:00,1786644000,1.1542,1.1546,1.154,1.1543,2681
2026-08-13 19:00,1786647600,1.15425,1.15455,1.15415,1.1543,2876
2026-08-13 20:00,1786651200,1.1543,1.1544,1.15405,1.1543,1535
2026-08-13 22:00,1786658400,1.1543,1.1545,1.1542,1.1545,0
2026-08-13 23:00,1786662000,1.1545,1.15475,1.15445,1.1547,686
2026-08-14 00:00,1786665600,1.1547,1.15525,1.1547,1.1552,1505
2026-08-14 01:00,1786669200,1.15515,1.15515,1.15455,1.1547,749
2026-08-14 02:00,1786672800,1.15475,1.1551,1.1547,1.15475,820
2026-08-14 03:00,1786676400,1.15475,1.15525,1.1547,1.155,1137
2026-08-14 04:00,1786680000,1.15525,1.1554,1.15505,1.1552,1051
2026-08-14 05:00,1786683600,1.15525,1.15565,1.1552,1.1555,1106
2026-08-14 06:00,1786687200,1.15555,1.1558,1.15525,1.15575,1882
2026-08-14 07:00,1786690800,1.1558,1.1565,1.15565,1.15645,4088
2026-08-14 08:00,1786694400,1.15645,1.1571,1.1564,1.15695,6121
2026-08-14 09:00,1786698000,1.15685,1.157,1.15645,1.1568,5181
2026-08-14 10:00,1786701600,1.1568,1.157,1.15655,1.1569,2605
2026-08-14 11:00,1786705200,1.1569,1.15855,1.1569,1.1579,11083
2026-08-14 12:00,1786708800,1.15795,1.1592,1.1576,1.15795,15571
2026-08-14 13:00,1786712400,1.15795,1.15985,1.15755,1.1594,19983
2026-08-14 14:00,1786716000,1.15935,1.1599,1.159,1.15945,15172
2026-08-14 15:00,1786719600,1.15945,1.1599,1.15905,1.1594,10828
2026-08-14 16:00,1786723200,1.15935,1.15955,1.1584,1.15845,6116
2026-08-14 17:00,1786726800,1.15845,1.1585,1.15765,1.15785,6148
2026-08-14 18:00,1786730400,1.1578,1.158,1.15765,1.1579,4631
2026-08-14 19:00,1786734000,1.1579,1.15825,1.1578,1.1582,4652
2026-08-14 20:00,1786737600,1.1582,1.1584,1.1579,1.1579,2588
