time_utc,unix,open,high,low,close,volume
2016-08-15 04:00,1471233600,1.11845,1.1219,1.1168,1.11965,66849
2016-08-16 04:00,1471320000,1.1197,1.13375,1.1192,1.12905,207887
2016-08-17 04:00,1471406400,1.129,1.13305,1.12535,1.1304,139701
2016-08-18 04:00,1471492800,1.1301,1.138,1.13,1.1367,159275
2016-08-19 04:00,1471579200,1.13655,1.1373,1.13165,1.13355,122551
2016-08-22 04:00,1471838400,1.1326,1.1343,1.12825,1.13365,103805
2016-08-23 04:00,1471924800,1.1333,1.13665,1.1315,1.13175,108149
2016-08-24 04:00,1472011200,1.1318,1.13225,1.12565,1.12735,121460
2016-08-25 04:00,1472097600,1.1274,1.1308,1.12695,1.1289,103635
2016-08-26 04:00,1472184000,1.1295,1.1352,1.11895,1.11965,261824
2016-08-29 04:00,1472443200,1.11965,1.1217,1.1167,1.11955,115729
2016-08-30 04:00,1472529600,1.11945,1.12005,1.11405,1.11495,129704
2016-08-31 04:00,1472616000,1.1151,1.1173,1.1131,1.11665,148992
2016-09-01 04:00,1472702400,1.1165,1.1211,1.1133,1.12045,174294
2016-09-02 04:00,1472788800,1.12025,1.12605,1.1155,1.1165,203258
2016-09-06 04:00,1473134400,1.1159,1.1268,1.11435,1.12595,267554
2016-09-07 04:00,1473220800,1.12555,1.1276,1.1233,1.1248,141988
2016-09-08 04:00,1473307200,1.1243,1.1331,1.1237,1.1262,259421
2016-09-09 04:00,1473393600,1.1268,1.12875,1.1201,1.1231,188058
2016-09-12 04:00,1473652800,1.12375,1.1273,1.1213,1.1245,183833
2016-09-13 04:00,1473739200,1.1237,1.12625,1.1206,1.12105,225113
2016-09-14 04:00,1473825600,1.1219,1.12765,1.1215,1.1252,296864
2016-09-15 04:00,1473912000,1.12505,1.129,1.12195,1.1244,248876
2016-09-16 04:00,1473998400,1.12435,1.12515,1.115,1.11515,61445
2016-09-19 04:00,1474257600,1.11565,1.11835,1.11525,1.1178,116856
2016-09-20 04:00,1474344000,1.1218,1.1255,1.1191,1.11985,131280
2016-09-21 04:00,1474430400,1.11935,1.1238,1.1164,1.12175,183371
2016-09-22 04:00,1474516800,1.1232,1.12985,1.1224,1.1241,164867
2016-09-23 04:00,1474603200,1.1248,1.128,1.12325,1.12715,129823
2016-09-26 04:00,1474862400,1.1266,1.132,1.12605,1.12955,119056
2016-09-27 04:00,1474948800,1.12925,1.13,1.12315,1.1262,170328
2016-09-28 04:00,1475035200,1.12595,1.1277,1.12215,1.12545,152461
2016-09-29 04:00,1475121600,1.1256,1.12875,1.1233,1.1252,155508
2016-09-30 04:00,1475208000,1.12535,1.12905,1.11915,1.1277,252917
2016-10-03 04:00,1475467200,1.12765,1.1285,1.1243,1.1255,106821
2016-10-04 04:00,1475553600,1.125,1.12755,1.11735,1.1232,254938
2016-10-05 04:00,1475640000,1.1242,1.12675,1.12235,1.1247,147447
2016-10-06 04:00,1475726400,1.1241,1.12445,1.1171,1.11725,159827
2016-10-07 04:00,1475812800,1.1178,1.12365,1.11355,1.12105,243699
2016-10-11 04:00,1476158400,1.1169,1.1173,1.1078,1.108,186158
2016-10-12 04:00,1476244800,1.10855,1.10985,1.10335,1.10405,190172
2016-10-13 04:00,1476331200,1.1035,1.10875,1.1014,1.1084,183857
2016-10-14 04:00,1476417600,1.1082,1.10865,1.0998,1.10095,168037
2016-10-17 04:00,1476676800,1.09985,1.1037,1.0992,1.1025,110703
2016-10-18 04:00,1476763200,1.1026,1.1054,1.0997,1.1005,131698
2016-10-19 04:00,1476849600,1.1005,1.10315,1.0981,1.09935,118489
2016-10-20 04:00,1476936000,1.09985,1.1065,1.09405,1.0951,208172
2016-10-21 04:00,1477022400,1.0952,1.09545,1.08835,1.08985,150215
2016-10-24 04:00,1477281600,1.0903,1.09245,1.0884,1.09015,115649
2016-10-25 04:00,1477368000,1.0898,1.0929,1.0875,1.09135,153415
2016-10-26 04:00,1477454400,1.09125,1.097,1.0898,1.09315,161001
2016-10-27 04:00,1477540800,1.0931,1.09645,1.09045,1.0925,151887
2016-10-28 04:00,1477627200,1.0919,1.1014,1.09145,1.10025,178627
2016-10-31 04:00,1477886400,1.1003,1.10165,1.0958,1.0987,122256
2016-11-01 04:00,1477972800,1.0997,1.10905,1.09815,1.1082,171880
2016-11-02 04:00,1478059200,1.10785,1.1143,1.10705,1.11155,203584
2016-11-03 04:00,1478145600,1.11175,1.1145,1.1078,1.1124,172545
2016-11-04 04:00,1478232000,1.11235,1.1163,1.10985,1.1138,154498
2016-11-07 05:00,1478494800,1.11095,1.1129,1.10455,1.10565,151641
2016-11-08 05:00,1478581200,1.10615,1.10845,1.10265,1.1047,126449
2016-11-09 05:00,1478667600,1.103,1.1317,1.092,1.0946,461271
2016-11-10 05:00,1478754000,1.094,1.0969,1.0879,1.0906,237963
2016-11-14 05:00,1479099600,1.085,1.0856,1.07225,1.0739,247721
2016-11-15 05:00,1479186000,1.07585,1.083,1.07275,1.073,213822
2016-11-16 05:00,1479272400,1.0735,1.0773,1.06795,1.06945,223264
2016-11-17 05:00,1479358800,1.07115,1.0757,1.0631,1.06385,226961
2016-11-18 05:00,1479445200,1.0637,1.0654,1.058,1.0611,246421
2016-11-21 05:00,1479704400,1.05985,1.06595,1.05895,1.062,181472
2016-11-22 05:00,1479790800,1.064,1.06685,1.05935,1.06345,177466
2016-11-23 05:00,1479877200,1.0635,1.0654,1.05365,1.0558,239846
2016-11-25 05:00,1480050000,1.056,1.06365,1.0527,1.06005,247723
2016-11-28 05:00,1480309200,1.06085,1.06945,1.05725,1.06045,209003
2016-11-29 05:00,1480395600,1.06185,1.0663,1.05735,1.0656,195819
2016-11-30 05:00,1480482000,1.0656,1.06745,1.05595,1.06045,266875
2016-12-01 05:00,1480568400,1.06,1.0676,1.05905,1.06535,226919
2016-12-02 05:00,1480654800,1.0667,1.0696,1.06305,1.06645,195184
2016-12-05 05:00,1480914000,1.055,1.0802,1.051,1.07745,304739
2016-12-06 05:00,1481000400,1.0767,1.07905,1.0703,1.07215,199821
2016-12-07 05:00,1481086800,1.0724,1.0773,1.07145,1.07635,136627
2016-12-08 05:00,1481173200,1.0762,1.0878,1.0601,1.0617,356309
2016-12-09 05:00,1481259600,1.0617,1.06335,1.05335,1.0557,220016
2016-12-12 05:00,1481518800,1.0549,1.0655,1.0528,1.0633,252251
2016-12-13 05:00,1481605200,1.0646,1.067,1.06065,1.0623,209256
2016-12-14 05:00,1481691600,1.06285,1.06725,1.04985,1.05605,391800
2016-12-15 05:00,1481778000,1.05305,1.05305,1.03675,1.0426,355581
2016-12-16 05:00,1481864400,1.0422,1.0475,1.0401,1.0433,68085
2016-12-19 05:00,1482123600,1.04475,1.0478,1.0411,1.0441,154407
2016-12-20 05:00,1482210000,1.0447,1.0464,1.0398,1.04355,148136
2016-12-21 05:00,1482296400,1.0437,1.04965,1.0428,1.04715,119956
2016-12-22 05:00,1482382800,1.047,1.05435,1.04675,1.0479,140543
2016-12-23 05:00,1482469200,1.04785,1.0514,1.0471,1.0491,71023
2016-12-27 05:00,1482814800,1.04985,1.05085,1.0474,1.05015,55644
2016-12-28 05:00,1482901200,1.0501,1.0524,1.04205,1.0458,127199
2016-12-29 05:00,1482987600,1.0457,1.05305,1.04505,1.0521,139611
2016-12-30 05:00,1483074000,1.0528,1.06935,1.052,1.0574,175634
2017-01-03 05:00,1483419600,1.05005,1.0524,1.03735,1.04455,242830
2017-01-04 05:00,1483506000,1.0442,1.0532,1.0422,1.04985,197711
2017-01-05 05:00,1483592400,1.0516,1.0646,1.0511,1.0622,281509
2017-01-06 05:00,1483678800,1.06345,1.06595,1.0554,1.0561,215663
2017-01-09 05:00,1483938000,1.056,1.0612,1.05395,1.06065,150749
2017-01-10 05:00,1484024400,1.061,1.06555,1.0579,1.05865,168448
2017-01-11 05:00,1484110800,1.0582,1.06505,1.04805,1.06035,312235
2017-01-12 05:00,1484197200,1.061,1.07105,1.05975,1.0651,251202
2017-01-13 05:00,1484283600,1.0636,1.07015,1.0621,1.0668,185293
2017-01-17 05:00,1484629200,1.065,1.0745,1.06035,1.0734,313999
2017-01-18 05:00,1484715600,1.0736,1.0737,1.06525,1.06915,166779
2017-01-19 05:00,1484802000,1.0655,1.07,1.06115,1.0682,241553
2017-01-20 05:00,1484888400,1.0683,1.07325,1.0647,1.073,193044
2017-01-23 05:00,1485147600,1.07275,1.07925,1.0725,1.0768,195583
2017-01-24 05:00,1485234000,1.079,1.07965,1.0741,1.0743,148585
2017-01-25 05:00,1485320400,1.07515,1.079,1.07315,1.07615,166635
2017-01-26 05:00,1485406800,1.0768,1.07845,1.06765,1.07175,204441
2017-01-27 05:00,1485493200,1.07,1.0744,1.0677,1.07175,175241
2017-01-30 05:00,1485752400,1.0729,1.07585,1.06375,1.0711,206051
2017-01-31 05:00,1485838800,1.0717,1.0829,1.07015,1.0821,294460
2017-02-01 05:00,1485925200,1.08135,1.0824,1.07465,1.0793,213569
2017-02-02 05:00,1486011600,1.07835,1.0844,1.0771,1.07785,191364
2017-02-03 05:00,1486098000,1.07775,1.08125,1.0725,1.07815,206821
2017-02-06 05:00,1486357200,1.0798,1.0803,1.07195,1.0762,151778
2017-02-07 05:00,1486443600,1.0761,1.07635,1.06695,1.07085,176874
2017-02-08 05:00,1486530000,1.0695,1.07275,1.0653,1.06985,190456
2017-02-09 05:00,1486616400,1.07055,1.0721,1.0662,1.067,168986
2017-02-10 05:00,1486702800,1.06645,1.0679,1.06185,1.06425,176378
2017-02-13 05:00,1486962000,1.06415,1.06695,1.06025,1.06095,138249
2017-02-14 05:00,1487048400,1.06055,1.0644,1.0571,1.0583,201934
2017-02-15 05:00,1487134800,1.05885,1.0619,1.0531,1.06,211922
2017-02-16 05:00,1487221200,1.06035,1.06885,1.0601,1.0685,207182
2017-02-17 05:00,1487307600,1.0679,1.06855,1.06135,1.06145,158980
2017-02-21 05:00,1487653200,1.0628,1.06415,1.05335,1.0556,245054
2017-02-22 05:00,1487739600,1.05425,1.05815,1.05015,1.05785,241801
2017-02-23 05:00,1487826000,1.05625,1.0602,1.05435,1.05785,168514
2017-02-24 05:00,1487912400,1.0584,1.0624,1.0562,1.05695,207934
2017-02-27 05:00,1488171600,1.0565,1.0636,1.0557,1.05935,168333
2017-02-28 05:00,1488258000,1.05915,1.06355,1.05705,1.05975,200080
2017-03-01 05:00,1488344400,1.05765,1.05945,1.0518,1.0548,243721
2017-03-02 05:00,1488430800,1.0551,1.05545,1.0498,1.05045,195151
2017-03-03 05:00,1488517200,1.0508,1.0628,1.05055,1.06015,280776
2017-03-06 05:00,1488776400,1.06145,1.06425,1.0577,1.05895,207698
2017-03-07 05:00,1488862800,1.0583,1.0605,1.056,1.05695,201552
2017-03-08 05:00,1488949200,1.05665,1.0576,1.05365,1.055,295448
2017-03-09 05:00,1489035600,1.0542,1.0616,1.05255,1.05935,402889
2017-03-10 05:00,1489122000,1.05765,1.07005,1.05715,1.06935,144628
2017-03-13 04:00,1489377600,1.0685,1.0715,1.06565,1.06645,1412
2017-03-14 04:00,1489464000,1.0671,1.06795,1.0618,1.06285,1926
2017-03-15 04:00,1489550400,1.06285,1.0765,1.06275,1.0721,1348
2017-03-16 04:00,1489636800,1.0755,1.07855,1.07225,1.07655,748
2017-03-17 04:00,1489723200,1.07875,1.07975,1.07455,1.0758,526
2017-03-20 04:00,1489982400,1.0755,1.0793,1.07425,1.07485,611
2017-03-21 04:00,1490068800,1.0752,1.0834,1.0752,1.0815,521
2017-03-22 04:00,1490155200,1.08205,1.0836,1.0792,1.0812,700
2017-03-23 04:00,1490241600,1.08045,1.0816,1.0784,1.0799,747
2017-03-24 04:00,1490328000,1.07785,1.08235,1.0776,1.08195,255
2017-03-27 04:00,1490587200,1.0849,1.0917,1.0849,1.088,958
2017-03-28 04:00,1490673600,1.0874,1.08815,1.0811,1.08195,705
2017-03-29 04:00,1490760000,1.08235,1.0829,1.0755,1.0768,517
2017-03-30 04:00,1490846400,1.0772,1.0775,1.06795,1.0697,408
2017-03-31 04:00,1490932800,1.0673,1.0708,1.066,1.06905,558
2017-04-03 04:00,1491192000,1.0695,1.0695,1.06495,1.0673,359
2017-04-04 04:00,1491278400,1.06725,1.0682,1.06425,1.0674,313
2017-04-05 04:00,1491364800,1.06805,1.06935,1.06415,1.06715,488
2017-04-06 04:00,1491451200,1.0688,1.0688,1.06345,1.0651,386
2017-04-07 04:00,1491537600,1.06475,1.0673,1.0585,1.05925,586
2017-04-10 04:00,1491796800,1.0588,1.0609,1.05755,1.05975,488
2017-04-11 04:00,1491883200,1.0601,1.06325,1.0585,1.06105,227
2017-04-12 04:00,1491969600,1.0603,1.06735,1.0595,1.0596,438
2017-04-13 04:00,1492056000,1.0662,1.06775,1.06085,1.06225,821
2017-04-17 04:00,1492401600,1.06155,1.06615,1.06155,1.06615,317
2017-04-18 04:00,1492488000,1.0664,1.07485,1.06575,1.0745,346
2017-04-19 04:00,1492574400,1.07375,1.07485,1.0715,1.0733,273
2017-04-20 04:00,1492660800,1.0722,1.0786,1.0722,1.0732,581
2017-04-21 04:00,1492747200,1.0725,1.07455,1.0695,1.0706,1009
2017-04-24 04:00,1493006400,1.08,1.09085,1.08,1.0869,977
2017-04-25 04:00,1493092800,1.088,1.09595,1.0864,1.095,1081
2017-04-26 04:00,1493179200,1.0938,1.0956,1.0868,1.09075,501
2017-04-27 04:00,1493265600,1.09155,1.0939,1.08615,1.08905,1464
2017-04-28 04:00,1493352000,1.0869,1.09545,1.08655,1.09025,1038
2017-05-01 04:00,1493611200,1.0908,1.093,1.08965,1.0913,195
2017-05-02 04:00,1493697600,1.09255,1.0944,1.0898,1.0934,563
2017-05-03 04:00,1493784000,1.09355,1.09405,1.08935,1.091,733
2017-05-04 04:00,1493870400,1.08905,1.0992,1.0884,1.0982,1425
2017-05-05 04:00,1493956800,1.0984,1.1008,1.0953,1.0993,1450
2017-05-08 04:00,1494216000,1.10115,1.1012,1.0921,1.09365,1199
2017-05-09 04:00,1494302400,1.09255,1.0927,1.08705,1.08715,1493
2017-05-10 04:00,1494388800,1.0879,1.08995,1.0857,1.08635,685
2017-05-11 04:00,1494475200,1.08715,1.08865,1.08395,1.0867,845
2017-05-12 04:00,1494561600,1.08705,1.09335,1.08595,1.0924,627
2017-05-15 04:00,1494820800,1.094,1.0984,1.094,1.09795,133125
2017-05-16 04:00,1494907200,1.09965,1.1115,1.09945,1.11125,228579
2017-05-17 04:00,1494993600,1.11,1.118,1.10975,1.1166,241181
2017-05-18 04:00,1495080000,1.1183,1.1188,1.10915,1.112,253933
2017-05-19 04:00,1495166400,1.1116,1.12275,1.1114,1.12205,198552
2017-05-22 04:00,1495425600,1.12205,1.12785,1.1176,1.1251,206695
2017-05-23 04:00,1495512000,1.1253,1.12825,1.11895,1.11985,243344
2017-05-24 04:00,1495598400,1.11965,1.12355,1.1182,1.1212,193571
2017-05-25 04:00,1495684800,1.1227,1.12625,1.1205,1.1216,146755
2017-05-26 04:00,1495771200,1.122,1.1246,1.11725,1.11895,162243
2017-05-30 04:00,1496116800,1.1186,1.12165,1.112,1.1199,257785
2017-05-31 04:00,1496203200,1.11935,1.12625,1.1174,1.1256,211806
2017-06-01 04:00,1496289600,1.1251,1.12655,1.12095,1.12235,140453
2017-06-02 04:00,1496376000,1.1222,1.1294,1.12125,1.12855,180335
2017-06-05 04:00,1496635200,1.12865,1.1291,1.12415,1.12645,111446
2017-06-06 04:00,1496721600,1.1263,1.12915,1.1247,1.12755,156412
2017-06-07 04:00,1496808000,1.12845,1.12895,1.121,1.12605,262232
2017-06-08 04:00,1496894400,1.12635,1.1274,1.11995,1.1228,234545
2017-06-09 04:00,1496980800,1.1208,1.122,1.11705,1.1202,197853
2017-06-12 04:00,1497240000,1.1209,1.12365,1.11955,1.1212,170480
2017-06-13 04:00,1497326400,1.12075,1.12285,1.11885,1.12155,196134
2017-06-14 04:00,1497412800,1.1212,1.1299,1.1196,1.1219,495287
2017-06-15 04:00,1497499200,1.12185,1.12295,1.1133,1.1154,238047
2017-06-16 04:00,1497585600,1.1146,1.12025,1.11385,1.1194,66378
2017-06-19 04:00,1497844800,1.12,1.1212,1.1172,1.1178,748
2017-06-20 04:00,1497931200,1.11685,1.1181,1.1138,1.1146,718
2017-06-21 04:00,1498017600,1.11525,1.1187,1.11445,1.11795,629
2017-06-22 04:00,1498104000,1.11825,1.11925,1.1155,1.1162,401
2017-06-23 04:00,1498190400,1.1165,1.12185,1.1163,1.1212,527
2017-06-26 04:00,1498449600,1.121,1.12325,1.11875,1.1195,510
2017-06-27 04:00,1498536000,1.1193,1.1363,1.1193,1.1361,1476
2017-06-28 04:00,1498622400,1.1349,1.14025,1.1304,1.13925,3902
2017-06-29 04:00,1498708800,1.1388,1.1455,1.1385,1.1442,2885
2017-06-30 04:00,1498795200,1.145,1.1451,1.14025,1.14295,1208
2017-07-03 13:30,1499088600,1.1434,1.1434,1.13645,1.13645,1081
2017-07-05 04:00,1499227200,1.1373,1.1384,1.13195,1.13485,2309
2017-07-06 04:00,1499313600,1.13565,1.1429,1.1338,1.1427,1199
2017-07-07 04:00,1499400000,1.14265,1.144,1.1385,1.1407,840
2017-07-10 04:00,1499659200,1.1405,1.1421,1.1386,1.1407,234
2017-07-11 04:00,1499745600,1.14,1.14825,1.13875,1.14805,746
2017-07-12 04:00,1499832000,1.14665,1.149,1.13955,1.1418,1057
2017-07-13 04:00,1499918400,1.14295,1.14535,1.1375,1.14065,1275
2017-07-14 04:00,1500004800,1.1405,1.14715,1.14025,1.1467,693
2017-07-17 04:00,1500264000,1.14615,1.14775,1.144,1.1476,518
2017-07-18 04:00,1500350400,1.1494,1.16,1.1493,1.15775,1196
2017-07-19 04:00,1500436800,1.1567,1.1567,1.15255,1.1534,542
2017-07-20 04:00,1500523200,1.1541,1.167,1.14945,1.1638,2443
2017-07-21 04:00,1500609600,1.16475,1.1696,1.16375,1.16915,643
2017-07-24 04:00,1500868800,1.168,1.16935,1.16395,1.16555,517
2017-07-25 04:00,1500955200,1.16525,1.17235,1.16465,1.1662,804
2017-07-26 04:00,1501041600,1.1658,1.1752,1.1629,1.17145,1077
2017-07-27 04:00,1501128000,1.1743,1.17845,1.1664,1.1693,1108
2017-07-28 04:00,1501214400,1.16925,1.177,1.16885,1.177,2229
2017-07-31 04:00,1501473600,1.1761,1.1853,1.1732,1.1839,1234
2017-08-01 04:00,1501560000,1.18455,1.18455,1.1794,1.181,544
2017-08-02 04:00,1501646400,1.18125,1.19115,1.18065,1.1868,986
2017-08-03 04:00,1501732800,1.186,1.18925,1.18415,1.1873,636
2017-08-04 04:00,1501819200,1.18785,1.18925,1.1735,1.17695,751
2017-08-07 04:00,1502078400,1.17875,1.1818,1.1783,1.1799,521
2017-08-08 04:00,1502164800,1.1803,1.1825,1.1724,1.17565,363
2017-08-09 04:00,1502251200,1.1752,1.17655,1.16945,1.1756,488
2017-08-10 04:00,1502337600,1.17625,1.17835,1.17055,1.1771,516
2017-08-11 04:00,1502424000,1.177,1.18435,1.1753,1.1824,731
2017-08-14 04:00,1502683200,1.1827,1.18385,1.1779,1.1779,143809
2017-08-15 04:00,1502769600,1.1798,1.1814,1.1708,1.17545,191384
2017-08-16 04:00,1502856000,1.17565,1.1799,1.17015,1.17885,227828
2017-08-17 04:00,1502942400,1.17885,1.18085,1.168,1.1759,249368
2017-08-18 04:00,1503028800,1.17435,1.17925,1.17255,1.17765,163095
2017-08-21 04:00,1503288000,1.1777,1.18455,1.1748,1.18275,144246
2017-08-22 04:00,1503374400,1.18285,1.1841,1.17615,1.1768,143913
2017-08-23 04:00,1503460800,1.17805,1.1839,1.1756,1.18355,159410
2017-08-24 04:00,1503547200,1.18225,1.1832,1.1798,1.1818,114770
2017-08-25 04:00,1503633600,1.1814,1.1955,1.17865,1.1892,244695
2017-08-28 04:00,1503892800,1.19565,1.1997,1.19295,1.1993,151146
2017-08-29 04:00,1503979200,1.1991,1.20825,1.1958,1.2003,287421
2017-08-30 04:00,1504065600,1.19815,1.1996,1.1892,1.19025,242905
2017-08-31 04:00,1504152000,1.1903,1.1923,1.1832,1.1912,252044
2017-09-01 04:00,1504238400,1.19275,1.19895,1.18575,1.18755,273582
2017-09-05 04:00,1504584000,1.189,1.19485,1.1876,1.19265,251429
2017-09-06 04:00,1504670400,1.1923,1.1958,1.191,1.19185,190153
2017-09-07 04:00,1504756800,1.19255,1.2065,1.19195,1.20105,382340
2017-09-08 04:00,1504843200,1.2025,1.20975,1.20195,1.20325,239632
2017-09-11 04:00,1505102400,1.2029,1.2034,1.1951,1.1967,226746
2017-09-12 04:00,1505188800,1.19585,1.1982,1.193,1.19735,248358
2017-09-13 04:00,1505275200,1.1969,1.1998,1.18755,1.18765,368890
2017-09-14 04:00,1505361600,1.189,1.1924,1.18375,1.19145,296129
2017-09-15 04:00,1505448000,1.1916,1.19885,1.19015,1.19405,87247
2017-09-18 04:00,1505707200,1.19355,1.1969,1.1916,1.1961,1275
2017-09-19 04:00,1505793600,1.1972,1.20215,1.1972,1.2015,2177
2017-09-20 04:00,1505880000,1.2012,1.205,1.1872,1.1907,1409
2017-09-21 04:00,1505966400,1.1909,1.19675,1.1882,1.19465,896
2017-09-22 04:00,1506052800,1.19595,1.2018,1.1954,1.19575,1373
2017-09-25 04:00,1506312000,1.1937,1.1949,1.1849,1.186,2972
2017-09-26 04:00,1506398400,1.18615,1.1875,1.17725,1.1813,2374
2017-09-27 04:00,1506484800,1.18055,1.18055,1.1733,1.1771,3174
2017-09-28 04:00,1506571200,1.17545,1.18145,1.1732,1.1801,1498
2017-09-29 04:00,1506657600,1.17915,1.1841,1.1784,1.18245,1296
2017-10-02 04:00,1506916800,1.1813,1.18235,1.17405,1.1752,1410
2017-10-03 04:00,1507003200,1.174,1.17815,1.17055,1.17575,2132
2017-10-04 04:00,1507089600,1.175,1.1795,1.17495,1.17715,1123
2017-10-05 04:00,1507176000,1.1762,1.17835,1.1705,1.171,1351
2017-10-06 04:00,1507262400,1.17165,1.17415,1.16775,1.1738,1777
2017-10-09 04:00,1507521600,1.1742,1.17605,1.17265,1.17535,1514
2017-10-10 04:00,1507608000,1.1745,1.18295,1.1745,1.18075,3133
2017-10-11 04:00,1507694400,1.183,1.1872,1.1801,1.1857,2587
2017-10-12 04:00,1507780800,1.18625,1.188,1.1828,1.18355,2145
2017-10-13 04:00,1507867200,1.1831,1.1875,1.1807,1.1819,1254
2017-10-16 04:00,1508126400,1.17915,1.1808,1.17915,1.17995,542
2017-10-17 04:00,1508212800,1.18075,1.18075,1.17565,1.17875,1492
2017-10-18 04:00,1508299200,1.1782,1.182,1.1745,1.1819,1531
2017-10-19 04:00,1508385600,1.1808,1.1868,1.1782,1.18435,5070
2017-10-20 04:00,1508472000,1.18595,1.18695,1.1778,1.17925,891
2017-10-23 04:00,1508731200,1.17865,1.17865,1.174,1.17505,923
2017-10-24 04:00,1508817600,1.17625,1.1805,1.17555,1.17985,718
2017-10-25 04:00,1508904000,1.17735,1.1829,1.17655,1.18175,2543
2017-10-26 04:00,1508990400,1.1825,1.1841,1.165,1.1669,2619
2017-10-27 04:00,1509076800,1.16535,1.16545,1.15825,1.16075,1577
2017-10-30 04:00,1509336000,1.1613,1.1666,1.161,1.16475,779
2017-10-31 04:00,1509422400,1.165,1.1664,1.1635,1.16595,2535
2017-11-01 04:00,1509508800,1.16615,1.16645,1.1615,1.16255,1049
2017-11-02 04:00,1509595200,1.1639,1.169,1.1633,1.16665,2463
2017-11-03 04:00,1509681600,1.16615,1.16925,1.16055,1.16125,1058
2017-11-06 05:00,1509944400,1.1618,1.1628,1.1587,1.16115,2520
2017-11-07 05:00,1510030800,1.16145,1.1618,1.1561,1.1591,1171
2017-11-08 05:00,1510117200,1.15985,1.1611,1.15835,1.1598,3273
2017-11-09 05:00,1510203600,1.15965,1.16555,1.15955,1.16485,1630
2017-11-10 05:00,1510290000,1.1645,1.1675,1.163,1.16655,639
2017-11-13 05:00,1510549200,1.1659,1.1671,1.1646,1.1671,136647
2017-11-14 05:00,1510635600,1.16855,1.1826,1.16825,1.1815,291584
2017-11-15 05:00,1510722000,1.18165,1.18815,1.18055,1.1813,289868
2017-11-16 05:00,1510808400,1.1802,1.18195,1.1775,1.1784,178838
2017-11-17 05:00,1510894800,1.17895,1.18395,1.1783,1.1815,196780
2017-11-20 05:00,1511154000,1.1787,1.18265,1.17395,1.17495,230765
2017-11-21 05:00,1511240400,1.175,1.1774,1.1728,1.1759,181539
2017-11-22 05:00,1511326800,1.1752,1.18435,1.1749,1.184,261964
2017-11-24 14:30,1511533800,1.1834,1.1959,1.18275,1.1942,263437
2017-11-27 05:00,1511758800,1.19475,1.1975,1.1909,1.19135,198729
2017-11-28 05:00,1511845200,1.1913,1.1933,1.184,1.18495,224825
2017-11-29 05:00,1511931600,1.18605,1.18955,1.1829,1.18745,198240
2017-11-30 05:00,1512018000,1.1861,1.1942,1.18185,1.1908,271925
2017-12-01 05:00,1512104400,1.19005,1.195,1.186,1.1903,289430
2017-12-04 05:00,1512363600,1.18785,1.18875,1.1838,1.1866,170174
2017-12-05 05:00,1512450000,1.18755,1.18855,1.1808,1.1823,185404
2017-12-06 05:00,1512536400,1.1837,1.1856,1.1788,1.17985,197952
2017-12-07 05:00,1512622800,1.18085,1.1821,1.1777,1.1779,197235
2017-12-08 05:00,1512709200,1.1781,1.1782,1.17345,1.1772,257159
2017-12-11 05:00,1512968400,1.17755,1.1816,1.17685,1.17905,211877
2017-12-12 05:00,1513054800,1.1777,1.1797,1.17215,1.17415,308603
2017-12-13 05:00,1513141200,1.17415,1.1835,1.17325,1.1824,423777
2017-12-14 05:00,1513227600,1.18265,1.18645,1.1772,1.17935,356013
2017-12-15 05:00,1513314000,1.1767,1.1813,1.175,1.1758,145034
2017-12-18 05:00,1513573200,1.17485,1.18165,1.1741,1.1813,2751
2017-12-19 05:00,1513659600,1.18245,1.18815,1.1818,1.1878,2430
2017-12-20 05:00,1513746000,1.1874,1.1931,1.1862,1.19095,1814
2017-12-21 05:00,1513832400,1.1908,1.19195,1.1883,1.1904,991
2017-12-22 05:00,1513918800,1.186,1.1896,1.18575,1.18835,743
2017-12-26 05:00,1514264400,1.1907,1.19155,1.1879,1.1897,743
2017-12-27 05:00,1514350800,1.1888,1.1938,1.1888,1.1926,3040
2017-12-28 05:00,1514437200,1.19125,1.1969,1.1911,1.1963,3247
2017-12-29 05:00,1514523600,1.1951,1.20335,1.195,1.20295,1064
2018-01-02 05:00,1514869200,1.2017,1.2089,1.2014,1.20615,1882
2018-01-03 05:00,1514955600,1.2064,1.2065,1.201,1.2024,809
2018-01-04 05:00,1515042000,1.2017,1.2092,1.20125,1.20775,3205
2018-01-05 05:00,1515128400,1.2075,1.20885,1.203,1.20535,2329
2018-01-08 05:00,1515387600,1.2055,1.2055,1.1962,1.1968,2093
2018-01-09 05:00,1515474000,1.19755,1.19755,1.192,1.1935,2696
2018-01-10 05:00,1515560400,1.1935,1.202,1.19275,1.19615,1814
2018-01-11 05:00,1515646800,1.196,1.2058,1.193,1.204,1207
2018-01-12 05:00,1515733200,1.2035,1.2145,1.2035,1.2145,530
2018-01-16 05:00,1516078800,1.2237,1.2319,1.2215,1.2296,1907
2018-01-17 05:00,1516165200,1.2299,1.23395,1.221,1.2263,1201
2018-01-18 05:00,1516251600,1.2189,1.2284,1.2189,1.2266,1455
2018-01-19 05:00,1516338000,1.2263,1.2315,1.224,1.22545,1284
2018-01-22 05:00,1516597200,1.22695,1.22875,1.22375,1.2279,1183
2018-01-23 05:00,1516683600,1.22785,1.23195,1.22455,1.2315,1417
2018-01-24 05:00,1516770000,1.2318,1.24325,1.231,1.2424,901
2018-01-25 05:00,1516856400,1.2421,1.255,1.23825,1.24075,1639
2018-01-26 05:00,1516942800,1.2407,1.251,1.2407,1.2439,949
2018-01-29 05:00,1517202000,1.2434,1.24435,1.236,1.24055,1506
2018-01-30 05:00,1517288400,1.2397,1.2467,1.235,1.242,1883
2018-01-31 05:00,1517374800,1.2418,1.2483,1.2408,1.2426,1609
2018-02-01 05:00,1517461200,1.2439,1.25315,1.24075,1.2516,3077
2018-02-02 05:00,1517547600,1.2518,1.25255,1.24265,1.2464,1917
2018-02-05 05:00,1517806800,1.24465,1.2482,1.23785,1.241,2013
2018-02-06 05:00,1517893200,1.23855,1.2434,1.2325,1.24025,2158
2018-02-07 05:00,1517979600,1.23915,1.241,1.22565,1.2284,242
2018-02-08 05:00,1518066000,1.2262,1.23005,1.2228,1.22695,3360
2018-02-09 05:00,1518152400,1.22655,1.22805,1.2219,1.22375,2198
2018-02-12 05:00,1518411600,1.22545,1.2299,1.22425,1.2287,2396
2018-02-13 05:00,1518498000,1.23,1.2372,1.22935,1.2359,1901
2018-02-14 05:00,1518584400,1.2353,1.24595,1.2282,1.2441,2398
2018-02-15 05:00,1518670800,1.2458,1.251,1.2458,1.25075,1101
2018-02-16 05:00,1518757200,1.252,1.254,1.2436,1.2444,233936
2018-02-20 05:00,1519102800,1.24335,1.24575,1.23405,1.23565,325966
2018-02-21 05:00,1519189200,1.2354,1.23805,1.2301,1.23215,220540
2018-02-22 05:00,1519275600,1.2295,1.237,1.2277,1.2349,222821
2018-02-23 05:00,1519362000,1.2346,1.2354,1.22965,1.23135,0
2018-02-26 05:00,1519621200,1.23055,1.23715,1.22945,1.23275,177858
2018-02-27 05:00,1519707600,1.23275,1.2362,1.22365,1.2253,280019
2018-02-28 05:00,1519794000,1.2249,1.22565,1.2202,1.2217,216326
2018-03-01 05:00,1519880400,1.2206,1.22855,1.2166,1.22655,272621
2018-03-02 05:00,1519966800,1.22835,1.23475,1.22625,1.2341,208998
2018-03-05 05:00,1520226000,1.2356,1.236,1.2279,1.23355,212186
2018-03-06 05:00,1520312400,1.2344,1.243,1.23375,1.2414,218947
2018-03-07 05:00,1520398800,1.24295,1.24615,1.2393,1.24135,205870
2018-03-08 05:00,1520485200,1.24155,1.24535,1.2304,1.2312,372406
2018-03-09 05:00,1520571600,1.23175,1.234,1.22785,1.23205,240854
2018-03-12 04:00,1520827200,1.2318,1.23505,1.22945,1.23415,204675
2018-03-13 04:00,1520913600,1.23375,1.2412,1.2319,1.2402,325993
2018-03-14 04:00,1521000000,1.2397,1.24165,1.2351,1.23785,356237
2018-03-15 04:00,1521086400,1.237,1.23855,1.23015,1.2305,334000
2018-03-16 04:00,1521172800,1.2304,1.23365,1.226,1.22855,149648
2018-03-19 04:00,1521432000,1.229,1.23255,1.226,1.23195,1145
2018-03-20 04:00,1521518400,1.2367,1.2381,1.22715,1.2279,748
2018-03-21 04:00,1521604800,1.22735,1.2373,1.22735,1.23545,2184
2018-03-22 04:00,1521691200,1.23635,1.24055,1.2311,1.23295,2352
2018-03-23 04:00,1521777600,1.23455,1.2394,1.2342,1.23895,3944
2018-03-26 04:00,1522036800,1.2381,1.2479,1.2379,1.24765,1497
2018-03-27 04:00,1522123200,1.24765,1.2495,1.2395,1.24205,2061
2018-03-28 04:00,1522209600,1.2425,1.24255,1.2315,1.23245,3673
2018-03-29 04:00,1522296000,1.2322,1.2345,1.22985,1.2302,1512
2018-04-02 04:00,1522641600,1.2333,1.2355,1.2298,1.23115,158
2018-04-03 04:00,1522728000,1.2313,1.23465,1.2267,1.22785,1117
2018-04-04 04:00,1522814400,1.22795,1.2325,1.227,1.2291,1956
2018-04-05 04:00,1522900800,1.2297,1.2297,1.22275,1.2244,1917
2018-04-06 04:00,1522987200,1.2256,1.2297,1.2227,1.2292,463
2018-04-09 04:00,1523246400,1.2282,1.23345,1.2273,1.2327,573
2018-04-10 04:00,1523332800,1.233,1.2376,1.231,1.23655,1268
2018-04-11 04:00,1523419200,1.23605,1.24,1.23515,1.2367,1630
2018-04-12 04:00,1523505600,1.23695,1.2375,1.23085,1.23315,1512
2018-04-13 04:00,1523592000,1.2331,1.2338,1.23185,1.2333,494
2018-04-16 04:00,1523851200,1.2348,1.23925,1.2348,1.23875,530
2018-04-17 04:00,1523937600,1.2403,1.24315,1.236,1.23905,980
2018-04-18 04:00,1524024000,1.23975,1.24185,1.2365,1.23995,1698
2018-04-19 04:00,1524110400,1.2395,1.24085,1.2357,1.2357,2234
2018-04-20 04:00,1524196800,1.23645,1.23715,1.22715,1.23015,4554
2018-04-23 04:00,1524456000,1.22995,1.23035,1.222,1.22225,1652
2018-04-24 04:00,1524542400,1.2225,1.2262,1.22,1.2254,601
2018-04-25 04:00,1524628800,1.22475,1.22475,1.21775,1.21935,817
2018-04-26 04:00,1524715200,1.219,1.22215,1.21145,1.21195,3205
2018-04-27 04:00,1524801600,1.2118,1.2142,1.207,1.21335,2893
2018-04-30 04:00,1525060800,1.2132,1.21445,1.2078,1.20925,916
2018-05-01 04:00,1525147200,1.2088,1.2088,1.1997,1.20055,1914
2018-05-02 04:00,1525233600,1.20035,1.2036,1.1948,1.19955,4293
2018-05-03 04:00,1525320000,1.1984,1.2013,1.19645,1.2,4701
2018-05-04 04:00,1525406400,1.19905,1.1996,1.1924,1.19695,3311
2018-05-07 04:00,1525665600,1.1976,1.1976,1.1904,1.19295,675
2018-05-08 04:00,1525752000,1.19295,1.19325,1.1845,1.18615,3174
2018-05-09 04:00,1525838400,1.1865,1.1892,1.18275,1.18655,2906
2018-05-10 04:00,1525924800,1.1869,1.19455,1.18555,1.19275,8251
2018-05-11 04:00,1526011200,1.1909,1.1968,1.1893,1.1944,1956
2018-05-14 04:00,1526270400,1.1944,1.19955,1.1944,1.19825,201921
2018-05-15 04:00,1526356800,1.1957,1.1966,1.1848,1.18755,331653
2018-05-16 04:00,1526443200,1.1867,1.18815,1.179,1.1828,381691
2018-05-17 04:00,1526529600,1.1835,1.1862,1.1801,1.18225,283482
2018-05-18 04:00,1526616000,1.182,1.1846,1.17725,1.1797,257054
2018-05-21 04:00,1526875200,1.1789,1.1819,1.17395,1.1795,265071
2018-05-22 04:00,1526961600,1.18155,1.1852,1.1779,1.18,291627
2018-05-23 04:00,1527048000,1.1798,1.1811,1.1696,1.1719,430841
2018-05-24 04:00,1527134400,1.1719,1.1768,1.1709,1.17455,308535
2018-05-25 04:00,1527220800,1.1738,1.1752,1.1663,1.16795,363578
2018-05-29 04:00,1527566400,1.1642,1.16555,1.1526,1.1548,731721
2018-05-30 04:00,1527652800,1.1558,1.16915,1.15335,1.1668,504707
2018-05-31 04:00,1527739200,1.16795,1.1738,1.1653,1.17005,411583
2018-06-01 04:00,1527825600,1.1705,1.17295,1.1628,1.1675,347073
2018-06-04 04:00,1528084800,1.1673,1.17555,1.1672,1.1709,250314
2018-06-05 04:00,1528171200,1.1706,1.1742,1.16625,1.1724,278736
2018-06-06 04:00,1528257600,1.1726,1.1805,1.1723,1.17775,328571
2018-06-07 04:00,1528344000,1.1785,1.1848,1.17815,1.18145,299866
2018-06-08 04:00,1528430400,1.1805,1.1817,1.1733,1.17765,270952
2018-06-11 04:00,1528689600,1.1779,1.18265,1.1777,1.1793,228004
2018-06-12 04:00,1528776000,1.1786,1.18145,1.17375,1.17545,327959
2018-06-13 04:00,1528862400,1.17495,1.18055,1.17295,1.17775,457432
2018-06-14 04:00,1528948800,1.1796,1.1858,1.1564,1.15935,570616
2018-06-15 04:00,1529035200,1.15745,1.16275,1.15445,1.16075,85077
2018-06-18 04:00,1529294400,1.15965,1.1623,1.1566,1.16,976
2018-06-19 04:00,1529380800,1.16445,1.1668,1.15555,1.15985,1041
2018-06-20 04:00,1529467200,1.1607,1.16195,1.15745,1.16085,1368
2018-06-21 04:00,1529553600,1.1597,1.16535,1.15365,1.1643,1678
2018-06-22 04:00,1529640000,1.16295,1.16935,1.16255,1.16825,1386
2018-06-25 04:00,1529899200,1.1687,1.1729,1.1648,1.17225,2670
2018-06-26 04:00,1529985600,1.17205,1.1739,1.1655,1.1668,1107
2018-06-27 04:00,1530072000,1.1665,1.1688,1.1559,1.15735,2625
2018-06-28 04:00,1530158400,1.1575,1.161,1.1542,1.1569,1843
2018-06-29 04:00,1530244800,1.1575,1.17,1.1575,1.16815,4232
2018-07-02 04:00,1530504000,1.1681,1.1681,1.1603,1.162,835
2018-07-03 13:30,1530624600,1.1652,1.1682,1.16335,1.166,0
2018-07-05 04:00,1530763200,1.1666,1.1726,1.1664,1.1687,2540
2018-07-06 04:00,1530849600,1.17015,1.17685,1.17,1.175,1731
2018-07-09 04:00,1531108800,1.17535,1.17925,1.1749,1.1754,1251
2018-07-10 04:00,1531195200,1.17625,1.17625,1.1697,1.175,2831
2018-07-11 04:00,1531281600,1.1732,1.1762,1.1674,1.1677,1600
2018-07-12 04:00,1531368000,1.16755,1.169,1.16535,1.16725,690
2018-07-13 04:00,1531454400,1.16645,1.16805,1.1618,1.1678,1642
2018-07-16 04:00,1531713600,1.1682,1.17195,1.1682,1.17165,288
2018-07-17 04:00,1531800000,1.17345,1.1765,1.168,1.1686,334
2018-07-18 04:00,1531886400,1.16745,1.168,1.1625,1.16695,598
2018-07-19 04:00,1531972800,1.1663,1.1694,1.16,1.16635,1296
2018-07-20 04:00,1532059200,1.1663,1.1755,1.1655,1.17435,902
2018-07-23 04:00,1532318400,1.17575,1.177,1.1705,1.1707,140
2018-07-24 04:00,1532404800,1.17105,1.1733,1.1672,1.17,432
2018-07-25 04:00,1532491200,1.1698,1.17505,1.16875,1.17165,1236
2018-07-26 04:00,1532577600,1.1742,1.17515,1.1658,1.16585,507
2018-07-27 04:00,1532664000,1.16625,1.16715,1.16355,1.16695,107
2018-07-30 04:00,1532923200,1.16705,1.1727,1.1666,1.1721,685
2018-07-31 04:00,1533009600,1.1717,1.1754,1.17045,1.1708,1074
2018-08-01 04:00,1533096000,1.16945,1.1705,1.16675,1.1673,311
2018-08-02 04:00,1533182400,1.16715,1.1673,1.159,1.1594,507
2018-08-03 04:00,1533268800,1.15965,1.16125,1.15705,1.15845,797
2018-08-06 04:00,1533528000,1.15685,1.1573,1.154,1.1562,929
2018-08-07 04:00,1533614400,1.15625,1.1611,1.1557,1.1599,1937
2018-08-08 04:00,1533700800,1.1604,1.1629,1.1587,1.1623,1311
2018-08-09 04:00,1533787200,1.16115,1.1616,1.1528,1.1544,2381
2018-08-10 04:00,1533873600,1.1523,1.1534,1.1397,1.14005,3566
2018-08-13 04:00,1534132800,1.1388,1.1428,1.13655,1.14215,325193
2018-08-14 04:00,1534219200,1.1432,1.1457,1.1357,1.1366,263133
2018-08-15 04:00,1534305600,1.1371,1.13815,1.13275,1.13725,289694
2018-08-16 04:00,1534392000,1.1368,1.1433,1.13595,1.13895,305497
2018-08-17 04:00,1534478400,1.13965,1.14685,1.13895,1.14675,251028
2018-08-20 04:00,1534737600,1.1461,1.1508,1.14165,1.149,214346
2018-08-21 04:00,1534824000,1.151,1.1624,1.1507,1.15945,317259
2018-08-22 04:00,1534910400,1.1594,1.16445,1.1574,1.16095,248075
2018-08-23 04:00,1534996800,1.1615,1.1619,1.15485,1.15555,222981
2018-08-24 04:00,1535083200,1.15605,1.1658,1.15525,1.16435,240625
2018-08-27 04:00,1535342400,1.1643,1.17115,1.1612,1.1696,192624
2018-08-28 04:00,1535428800,1.1697,1.17505,1.16795,1.1711,232968
2018-08-29 04:00,1535515200,1.1708,1.17265,1.1668,1.17145,247248
2018-08-30 04:00,1535601600,1.17215,1.17315,1.1654,1.1677,246754
2018-08-31 04:00,1535688000,1.1678,1.1703,1.15965,1.1609,266733
2018-09-04 04:00,1536033600,1.1609,1.16395,1.15405,1.15905,347935
2018-09-05 04:00,1536120000,1.1592,1.16505,1.1552,1.16335,300428
2018-09-06 04:00,1536206400,1.16395,1.1667,1.1613,1.16335,238352
2018-09-07 04:00,1536292800,1.16315,1.1656,1.1557,1.15715,291942
2018-09-10 04:00,1536552000,1.15555,1.16225,1.15305,1.16025,218940
2018-09-11 04:00,1536638400,1.15995,1.1649,1.15705,1.159,331638
2018-09-12 04:00,1536724800,1.16045,1.1654,1.1574,1.16365,345733
2018-09-13 04:00,1536811200,1.1632,1.1703,1.16105,1.16935,447496
2018-09-14 04:00,1536897600,1.16905,1.17225,1.16205,1.16335,126923
2018-09-17 04:00,1537156800,1.16255,1.1694,1.16185,1.16915,2399
2018-09-18 04:00,1537243200,1.17105,1.17455,1.16775,1.1691,1297
2018-09-19 04:00,1537329600,1.17015,1.1735,1.16795,1.1697,2108
2018-09-20 04:00,1537416000,1.16945,1.18055,1.16945,1.1797,1936
2018-09-21 04:00,1537502400,1.18,1.1821,1.1756,1.17675,1976
2018-09-24 04:00,1537761600,1.1767,1.1832,1.17445,1.1778,2636
2018-09-25 04:00,1537848000,1.1768,1.18105,1.1754,1.1785,13867
2018-09-26 04:00,1537934400,1.17835,1.1811,1.1746,1.17785,1554
2018-09-27 04:00,1538020800,1.17655,1.17655,1.16555,1.1672,1713
2018-09-28 04:00,1538107200,1.1654,1.1661,1.1585,1.1624,1332
2018-10-01 04:00,1538366400,1.1618,1.1636,1.15765,1.1587,784
2018-10-02 04:00,1538452800,1.1587,1.1591,1.1517,1.15555,7122
2018-10-03 04:00,1538539200,1.1559,1.16005,1.14865,1.15275,1172
2018-10-04 04:00,1538625600,1.14875,1.1544,1.14705,1.1522,4179
2018-10-05 04:00,1538712000,1.15215,1.15565,1.14925,1.15325,1169
2018-10-08 04:00,1538971200,1.1531,1.15315,1.1468,1.1495,908
2018-10-09 04:00,1539057600,1.1498,1.1504,1.14375,1.1503,1678
2018-10-10 04:00,1539144000,1.1518,1.15475,1.14895,1.15295,4966
2018-10-11 04:00,1539230400,1.1542,1.16,1.154,1.1596,14753
2018-10-12 04:00,1539316800,1.1594,1.1604,1.1544,1.15645,2947
2018-10-15 04:00,1539576000,1.1549,1.159,1.15485,1.159,1922
2018-10-16 04:00,1539662400,1.1616,1.16525,1.15995,1.16085,2714
2018-10-17 04:00,1539748800,1.1602,1.161,1.1527,1.1536,11039
2018-10-18 04:00,1539835200,1.1525,1.155,1.1478,1.1492,3021
2018-10-19 04:00,1539921600,1.14805,1.156,1.1462,1.1536,2157
2018-10-22 04:00,1540180800,1.15405,1.1572,1.14835,1.1492,1428
2018-10-23 04:00,1540267200,1.1491,1.1516,1.1468,1.1492,2838
2018-10-24 04:00,1540353600,1.14945,1.14975,1.1405,1.1411,2256
2018-10-25 04:00,1540440000,1.14175,1.1452,1.138,1.1383,3794
2018-10-26 04:00,1540526400,1.13925,1.14405,1.1358,1.14295,2072
2018-10-29 04:00,1540785600,1.1419,1.14325,1.1384,1.14095,1325
2018-10-30 04:00,1540872000,1.1392,1.1404,1.136,1.136,705
2018-10-31 04:00,1540958400,1.13625,1.1372,1.1322,1.1331,1012
2018-11-01 04:00,1541044800,1.1328,1.1437,1.1328,1.14225,2735
2018-11-02 04:00,1541131200,1.14145,1.14675,1.13895,1.1398,2848
2018-11-05 05:00,1541394000,1.1411,1.1431,1.1369,1.1431,1822
2018-11-06 05:00,1541480400,1.1419,1.1445,1.1407,1.1424,2670
2018-11-07 05:00,1541566800,1.1451,1.1518,1.1411,1.14655,1677
2018-11-08 05:00,1541653200,1.1436,1.1448,1.13635,1.13635,1306
2018-11-09 05:00,1541739600,1.1372,1.1373,1.1332,1.13425,851
2018-11-12 05:00,1541998800,1.1324,1.1336,1.123,1.12465,622
2018-11-13 05:00,1542085200,1.12405,1.12855,1.12345,1.12735,1602
2018-11-14 05:00,1542171600,1.1302,1.1342,1.127,1.1342,2605
2018-11-15 05:00,1542258000,1.1317,1.13525,1.1295,1.13525,3015
2018-11-16 05:00,1542344400,1.1325,1.1417,1.1325,1.14135,1053
2018-11-19 05:00,1542603600,1.1408,1.14475,1.1408,1.14475,145884
2018-11-20 05:00,1542690000,1.14745,1.1495,1.1381,1.13905,197119
2018-11-21 05:00,1542776400,1.1391,1.14475,1.13885,1.1411,186238
2018-11-23 14:30,1542983400,1.1424,1.14405,1.135,1.13545,203792
2018-11-26 05:00,1543208400,1.1355,1.14025,1.1342,1.1347,147894
2018-11-27 05:00,1543294800,1.13485,1.1361,1.12945,1.1312,200671
2018-11-28 05:00,1543381200,1.1312,1.14055,1.1283,1.1392,242326
2018-11-29 05:00,1543467600,1.1382,1.14155,1.13625,1.1404,220747
2018-11-30 05:00,1543554000,1.14025,1.14135,1.1318,1.1322,202672
2018-12-03 05:00,1543813200,1.13465,1.13915,1.1331,1.13545,196671
2018-12-04 05:00,1543899600,1.13665,1.14305,1.1329,1.1353,252191
2018-12-06 05:00,1544072400,1.1354,1.142,1.13285,1.1381,252497
2018-12-07 05:00,1544158800,1.13845,1.1431,1.1367,1.14295,224989
2018-12-10 05:00,1544418000,1.1407,1.1449,1.1356,1.13585,317374
2018-12-11 05:00,1544504400,1.1357,1.14055,1.1311,1.1332,363418
2018-12-12 05:00,1544590800,1.1325,1.1392,1.1319,1.13715,342016
2018-12-13 05:00,1544677200,1.1375,1.1396,1.13325,1.13675,348196
2018-12-14 05:00,1544763600,1.1359,1.1366,1.127,1.13045,139597
2018-12-17 05:00,1545022800,1.1304,1.1354,1.1303,1.1342,1454
2018-12-18 05:00,1545109200,1.13795,1.1433,1.13715,1.1386,5912
2018-12-19 05:00,1545195600,1.14045,1.14715,1.13965,1.14025,3195
2018-12-20 05:00,1545282000,1.1414,1.15125,1.1405,1.14965,742
2018-12-21 05:00,1545368400,1.1474,1.14935,1.13795,1.13915,1440
2018-12-24 14:30,1545661800,1.1392,1.1456,1.1392,1.1432,309
2018-12-26 05:00,1545800400,1.1434,1.14365,1.1366,1.13725,1023
2018-12-27 05:00,1545886800,1.13835,1.1469,1.13835,1.14655,1910
2018-12-28 05:00,1545973200,1.14475,1.1483,1.14445,1.1454,992
2018-12-31 05:00,1546232400,1.1453,1.14765,1.1438,1.1461,137
2019-01-02 05:00,1546405200,1.1476,1.1505,1.1339,1.1354,3079
2019-01-03 05:00,1546491600,1.1358,1.141,1.13225,1.14,1483
2019-01-04 05:00,1546578000,1.14015,1.1426,1.13555,1.14065,1302
2019-01-07 05:00,1546837200,1.1415,1.14875,1.1415,1.14855,2140
2019-01-08 05:00,1546923600,1.1486,1.14905,1.143,1.14475,2116
2019-01-09 05:00,1547010000,1.14665,1.1559,1.1455,1.1549,1423
2019-01-10 05:00,1547096400,1.1552,1.15705,1.15,1.15015,967
2019-01-11 05:00,1547182800,1.1499,1.1531,1.1465,1.14665,1844
2019-01-14 05:00,1547442000,1.14665,1.1474,1.1458,1.14675,801
2019-01-15 05:00,1547528400,1.15175,1.15175,1.1418,1.14335,928
2019-01-16 05:00,1547614800,1.14405,1.14515,1.14115,1.14295,280
2019-01-17 05:00,1547701200,1.1426,1.1428,1.13985,1.1418,1355
2019-01-18 05:00,1547787600,1.14215,1.14365,1.1384,1.1398,606
2019-01-22 05:00,1548133200,1.1393,1.1413,1.137,1.1388,1123
2019-01-23 05:00,1548219600,1.1388,1.14185,1.1376,1.14085,2114
2019-01-24 05:00,1548306000,1.1398,1.1402,1.1317,1.13215,1419
2019-01-25 05:00,1548392400,1.1324,1.1437,1.1324,1.14355,1145
2019-01-28 05:00,1548651600,1.1428,1.14565,1.1415,1.1449,696
2019-01-29 05:00,1548738000,1.1444,1.1468,1.14335,1.1448,1635
2019-01-30 05:00,1548824400,1.1458,1.15105,1.14265,1.15105,2030
2019-01-31 05:00,1548910800,1.15,1.1524,1.1458,1.14595,2225
2019-02-01 05:00,1548997200,1.1461,1.1499,1.1452,1.14745,2039
2019-02-04 05:00,1549256400,1.146,1.14645,1.144,1.1445,511
2019-02-05 05:00,1549342800,1.1437,1.1442,1.1419,1.14215,2551
2019-02-06 05:00,1549429200,1.1414,1.1414,1.1372,1.13755,1585
2019-02-07 05:00,1549515600,1.1375,1.1377,1.1333,1.1359,1855
2019-02-08 05:00,1549602000,1.1348,1.1358,1.133,1.133,2279
2019-02-11 05:00,1549861200,1.1332,1.1332,1.1279,1.12825,1995
2019-02-12 05:00,1549947600,1.1282,1.13375,1.12635,1.13375,2775
2019-02-13 05:00,1550034000,1.1342,1.13425,1.12685,1.1275,472
2019-02-14 05:00,1550120400,1.1273,1.1303,1.1265,1.1302,3455
2019-02-15 05:00,1550206800,1.12755,1.12775,1.12375,1.12715,181232
2019-02-19 05:00,1550552400,1.13185,1.13835,1.13005,1.13655,282210
2019-02-20 05:00,1550638800,1.13625,1.13965,1.1349,1.1375,175231
2019-02-21 05:00,1550725200,1.13635,1.1388,1.13405,1.13575,198651
2019-02-22 05:00,1550811600,1.1355,1.1377,1.1336,1.1359,141185
2019-02-25 05:00,1551070800,1.1355,1.13875,1.13545,1.13845,118394
2019-02-26 05:00,1551157200,1.1377,1.14215,1.13635,1.14155,187286
2019-02-27 05:00,1551243600,1.1411,1.14215,1.138,1.1388,141669
2019-02-28 05:00,1551330000,1.13865,1.14365,1.13745,1.13935,201724
2019-03-01 05:00,1551416400,1.13865,1.1423,1.1367,1.13715,157333
2019-03-04 05:00,1551675600,1.1388,1.13935,1.1321,1.13435,156233
2019-03-05 05:00,1551762000,1.1349,1.1351,1.13015,1.13145,158626
2019-03-06 05:00,1551848400,1.13125,1.13355,1.1296,1.1318,149341
2019-03-07 05:00,1551934800,1.1315,1.13285,1.11845,1.1191,365760
2019-03-08 05:00,1552021200,1.12015,1.12535,1.11925,1.125,240958
2019-03-11 04:00,1552276800,1.1243,1.12645,1.1228,1.1246,233454
2019-03-12 04:00,1552363200,1.1253,1.1311,1.12525,1.1302,336634
2019-03-13 04:00,1552449600,1.1294,1.1343,1.1282,1.13345,330049
2019-03-14 04:00,1552536000,1.13315,1.13395,1.12955,1.1302,285176
2019-03-15 04:00,1552622400,1.1306,1.13455,1.1301,1.13215,83543
2019-03-18 04:00,1552881600,1.1322,1.13585,1.13195,1.13435,5101
2019-03-19 04:00,1552968000,1.1363,1.13865,1.1362,1.1379,612
2019-03-20 04:00,1553054400,1.13705,1.1472,1.1361,1.14715,403
2019-03-21 04:00,1553140800,1.1452,1.14555,1.13665,1.13755,1228
2019-03-22 04:00,1553227200,1.1395,1.14115,1.12965,1.13155,2258
2019-03-25 04:00,1553486400,1.1318,1.13505,1.13175,1.13325,2634
2019-03-26 04:00,1553572800,1.13355,1.1345,1.1286,1.12985,627
2019-03-27 04:00,1553659200,1.129,1.13025,1.1263,1.1283,1258
2019-03-28 04:00,1553745600,1.12685,1.1275,1.123,1.1241,762
2019-03-29 04:00,1553832000,1.12415,1.12605,1.1228,1.1229,374
2019-04-01 04:00,1554091200,1.1242,1.1263,1.12175,1.12255,458
2019-04-02 04:00,1554177600,1.1215,1.1225,1.1196,1.121,343
2019-04-03 04:00,1554264000,1.12205,1.1266,1.12205,1.12505,3171
2019-04-04 04:00,1554350400,1.12485,1.1254,1.1218,1.12285,955
2019-04-05 04:00,1554436800,1.123,1.126,1.1224,1.1225,2960
2019-04-08 04:00,1554696000,1.1224,1.128,1.1224,1.12685,657
2019-04-09 04:00,1554782400,1.12615,1.12875,1.12615,1.12725,2587
2019-04-10 04:00,1554868800,1.12705,1.1292,1.1241,1.1276,313
2019-04-11 04:00,1554955200,1.12815,1.1288,1.1257,1.12575,506
2019-04-12 04:00,1555041600,1.1288,1.1324,1.1285,1.1297,1404
2019-04-15 04:00,1555300800,1.1304,1.1318,1.13025,1.1306,616
2019-04-16 04:00,1555387200,1.1328,1.13395,1.13055,1.1314,671
2019-04-17 04:00,1555473600,1.1308,1.13435,1.13005,1.13205,415
2019-04-18 04:00,1555560000,1.1315,1.13215,1.12485,1.125,1022
2019-04-22 04:00,1555905600,1.126,1.12805,1.1257,1.1279,826
2019-04-23 04:00,1555992000,1.12655,1.128,1.1211,1.12345,1004
2019-04-24 04:00,1556078400,1.12375,1.124,1.116,1.116,624
2019-04-25 04:00,1556164800,1.11625,1.11715,1.11375,1.11435,790
2019-04-26 04:00,1556251200,1.11515,1.11865,1.1125,1.1168,649
2019-04-29 04:00,1556510400,1.11625,1.1196,1.11625,1.1196,491
2019-04-30 04:00,1556596800,1.11945,1.1239,1.1192,1.1233,549
2019-05-01 04:00,1556683200,1.1223,1.12755,1.1206,1.12065,826
2019-05-02 04:00,1556769600,1.121,1.12235,1.118,1.11825,439
2019-05-03 04:00,1556856000,1.1185,1.121,1.1148,1.1202,493
2019-05-06 04:00,1557115200,1.1188,1.12125,1.1188,1.12105,380
2019-05-07 04:00,1557201600,1.1217,1.1217,1.11785,1.11875,792
2019-05-08 04:00,1557288000,1.1209,1.1216,1.11905,1.11965,502
2019-05-09 04:00,1557374400,1.12,1.125,1.11795,1.12265,1046
2019-05-10 04:00,1557460800,1.1229,1.1253,1.12265,1.12325,925
2019-05-13 04:00,1557720000,1.12345,1.1255,1.12345,1.1255,160360
2019-05-14 04:00,1557806400,1.12565,1.12755,1.1233,1.1239,161357
2019-05-15 04:00,1557892800,1.1239,1.12555,1.1208,1.12345,177617
2019-05-16 04:00,1557979200,1.1234,1.1252,1.1194,1.1198,139482
2019-05-17 04:00,1558065600,1.12035,1.1211,1.1182,1.11865,142331
2019-05-20 04:00,1558324800,1.1185,1.1201,1.11765,1.11935,107746
2019-05-21 04:00,1558411200,1.1192,1.1214,1.11665,1.1183,171890
2019-05-22 04:00,1558497600,1.11855,1.1205,1.11725,1.1184,126258
2019-05-23 04:00,1558584000,1.1174,1.12085,1.11265,1.12035,240487
2019-05-24 04:00,1558670400,1.12025,1.1233,1.11975,1.1226,151706
2019-05-28 04:00,1559016000,1.1228,1.12345,1.1177,1.11835,206639
2019-05-29 04:00,1559102400,1.1183,1.119,1.11415,1.1151,183465
2019-05-30 04:00,1559188800,1.11495,1.1158,1.11305,1.11495,126119
2019-05-31 04:00,1559275200,1.11445,1.1194,1.1139,1.1187,258132
2019-06-03 04:00,1559534400,1.11805,1.12755,1.11735,1.1271,237367
2019-06-04 04:00,1559620800,1.1256,1.12895,1.1238,1.1271,259080
2019-06-05 04:00,1559707200,1.12645,1.1318,1.12305,1.12375,268165
2019-06-06 04:00,1559793600,1.1234,1.1318,1.12075,1.1281,290766
2019-06-07 04:00,1559880000,1.12845,1.1355,1.12585,1.13465,252288
2019-06-10 04:00,1560139200,1.1335,1.13395,1.12965,1.1322,189337
2019-06-11 04:00,1560225600,1.13185,1.1343,1.1307,1.1338,307807
2019-06-12 04:00,1560312000,1.1332,1.1348,1.1287,1.1291,436690
2019-06-13 04:00,1560398400,1.12935,1.13055,1.12705,1.12805,251284
2019-06-14 04:00,1560484800,1.12775,1.129,1.1204,1.12085,98074
2019-06-17 04:00,1560744000,1.12125,1.12475,1.12045,1.1239,1264
2019-06-18 04:00,1560830400,1.12515,1.1268,1.12075,1.12195,1254
2019-06-19 04:00,1560916800,1.12195,1.12735,1.1214,1.1271,1686
2019-06-20 04:00,1561003200,1.12585,1.13375,1.12585,1.1315,1547
2019-06-21 04:00,1561089600,1.1316,1.1398,1.13075,1.13895,1920
2019-06-24 04:00,1561348800,1.1395,1.1421,1.1393,1.1421,2077
2019-06-25 04:00,1561435200,1.14285,1.14305,1.13655,1.1393,2405
2019-06-26 04:00,1561521600,1.13755,1.1409,1.1369,1.13875,1276
2019-06-27 04:00,1561608000,1.1386,1.13925,1.13655,1.13875,1185
2019-06-28 04:00,1561694400,1.13785,1.1405,1.1368,1.1391,1671
2019-07-01 04:00,1561953600,1.1366,1.1369,1.1296,1.1298,1839
2019-07-02 04:00,1562040000,1.1297,1.13315,1.1288,1.13025,1371
2019-07-03 13:30,1562160600,1.1302,1.13165,1.128,1.1292,2176
2019-07-05 04:00,1562299200,1.12945,1.12955,1.12155,1.12295,2834
2019-07-08 04:00,1562558400,1.1235,1.12405,1.1217,1.12195,532
2019-07-09 04:00,1562644800,1.12215,1.1222,1.1202,1.1214,304
2019-07-10 04:00,1562731200,1.1212,1.12585,1.1212,1.12575,2253
2019-07-11 04:00,1562817600,1.127,1.1287,1.1255,1.126,655
2019-07-12 04:00,1562904000,1.12645,1.1275,1.12475,1.1273,815
2019-07-15 04:00,1563163200,1.12705,1.12815,1.1264,1.12665,739
2019-07-16 04:00,1563249600,1.12895,1.1293,1.12345,1.1238,774
2019-07-17 04:00,1563336000,1.124,1.1262,1.12315,1.1253,495
2019-07-18 04:00,1563422400,1.1256,1.1305,1.1233,1.12955,1978
2019-07-19 04:00,1563508800,1.1307,1.13075,1.123,1.1246,1206
2019-07-22 04:00,1563768000,1.12425,1.12465,1.12315,1.12365,241
2019-07-23 04:00,1563854400,1.1232,1.1232,1.11715,1.1174,682
2019-07-24 04:00,1563940800,1.1175,1.11755,1.11515,1.11585,599
2019-07-25 04:00,1564027200,1.11565,1.1203,1.1125,1.1165,568
2019-07-26 04:00,1564113600,1.11655,1.11655,1.11345,1.11455,651
2019-07-29 04:00,1564372800,1.11505,1.11655,1.1135,1.11655,413
2019-07-30 04:00,1564459200,1.1164,1.11745,1.11565,1.11745,337
2019-07-31 04:00,1564545600,1.117,1.11775,1.1078,1.1103,830
2019-08-01 04:00,1564632000,1.10925,1.10985,1.1044,1.10985,658
2019-08-02 04:00,1564718400,1.10915,1.1124,1.1085,1.1124,848
2019-08-05 04:00,1564977600,1.1132,1.12235,1.11255,1.12145,499
2019-08-06 04:00,1565064000,1.1225,1.126,1.1182,1.1212,319
2019-08-07 04:00,1565150400,1.12245,1.1247,1.1193,1.1225,243
2019-08-08 04:00,1565236800,1.121,1.1235,1.11865,1.11935,492
2019-08-09 04:00,1565323200,1.11935,1.12265,1.11905,1.12135,401
2019-08-12 04:00,1565582400,1.1211,1.12345,1.117,1.1227,328
2019-08-13 04:00,1565668800,1.12165,1.1233,1.118,1.118,197
2019-08-14 04:00,1565755200,1.1181,1.11895,1.1138,1.1143,230
2019-08-15 04:00,1565841600,1.11435,1.1154,1.1097,1.1109,871
2019-08-16 04:00,1565928000,1.11015,1.11065,1.10695,1.10985,847
2019-08-19 04:00,1566187200,1.1088,1.11135,1.1088,1.1103,112292
2019-08-20 04:00,1566273600,1.11,1.11295,1.1088,1.11195,130817
2019-08-21 04:00,1566360000,1.1118,1.1129,1.11015,1.11075,107256
2019-08-22 04:00,1566446400,1.11085,1.1133,1.10825,1.1105,202399
2019-08-23 04:00,1566532800,1.10975,1.11725,1.107,1.1165,215588
2019-08-26 04:00,1566792000,1.1166,1.11825,1.11125,1.1116,135087
2019-08-27 04:00,1566878400,1.1118,1.1133,1.1103,1.111,121813
2019-08-28 04:00,1566964800,1.1107,1.1114,1.1089,1.10955,132449
2019-08-29 04:00,1567051200,1.1094,1.11065,1.10545,1.1065,186886
2019-08-30 04:00,1567137600,1.1069,1.10725,1.09755,1.09895,214473
2019-09-03 04:00,1567483200,1.10015,1.1009,1.0936,1.0978,296655
2019-09-04 04:00,1567569600,1.0979,1.10485,1.0978,1.1042,219746
2019-09-05 04:00,1567656000,1.10445,1.10925,1.10235,1.1043,225438
2019-09-06 04:00,1567742400,1.10425,1.10635,1.10265,1.1037,197420
2019-09-09 04:00,1568001600,1.10325,1.10735,1.1021,1.1058,183127
2019-09-10 04:00,1568088000,1.1054,1.10645,1.10355,1.1052,306069
2019-09-11 04:00,1568174400,1.1052,1.10595,1.09895,1.10115,319817
2019-09-12 04:00,1568260800,1.1011,1.10895,1.0928,1.10755,586075
2019-09-13 04:00,1568347200,1.1066,1.1111,1.10565,1.10685,148316
2019-09-16 04:00,1568606400,1.1075,1.1085,1.10035,1.10075,938
2019-09-17 04:00,1568692800,1.1028,1.10995,1.102,1.109,1949
2019-09-18 04:00,1568779200,1.1097,1.1097,1.10365,1.10535,1443
2019-09-19 04:00,1568865600,1.105,1.10925,1.1047,1.1074,763
2019-09-20 04:00,1568952000,1.10655,1.10825,1.1018,1.1034,2245
2019-09-23 04:00,1569211200,1.1038,1.10415,1.09845,1.1014,396
2019-09-24 04:00,1569297600,1.1007,1.1042,1.10025,1.10355,594
2019-09-25 04:00,1569384000,1.103,1.103,1.09535,1.0958,540
2019-09-26 04:00,1569470400,1.0968,1.0979,1.0924,1.09425,658
2019-09-27 04:00,1569556800,1.093,1.09675,1.0919,1.0952,301
2019-09-30 04:00,1569816000,1.09535,1.09575,1.08975,1.09135,160
2019-10-01 04:00,1569902400,1.0906,1.09525,1.0891,1.0947,242
2019-10-02 04:00,1569988800,1.09475,1.09715,1.0916,1.09685,532
2019-10-03 04:00,1570075200,1.09665,1.10065,1.0949,1.0981,337
2019-10-04 04:00,1570161600,1.0983,1.1005,1.09665,1.0989,452
2019-10-07 04:00,1570420800,1.0995,1.1,1.09695,1.0979,186
2019-10-08 04:00,1570507200,1.09695,1.0999,1.0952,1.0961,474
2019-10-09 04:00,1570593600,1.0966,1.09945,1.09645,1.09775,1333
2019-10-10 04:00,1570680000,1.0984,1.1029,1.0982,1.1008,346
2019-10-11 04:00,1570766400,1.1014,1.1058,1.1004,1.10475,297
2019-10-14 04:00,1571025600,1.1059,1.1066,1.1041,1.10565,132
2019-10-15 04:00,1571112000,1.10695,1.10695,1.1018,1.1061,258
2019-10-16 04:00,1571198400,1.10515,1.111,1.10505,1.10985,514
2019-10-17 04:00,1571284800,1.1097,1.1154,1.10875,1.11465,903
2019-10-18 04:00,1571371200,1.11455,1.11865,1.11455,1.1184,184
2019-10-21 04:00,1571630400,1.118,1.1201,1.1162,1.1168,68
2019-10-22 04:00,1571716800,1.1172,1.1175,1.1144,1.11445,1047
2019-10-23 04:00,1571803200,1.1145,1.11515,1.11315,1.1148,90
2019-10-24 04:00,1571889600,1.11475,1.11765,1.11105,1.11265,76
2019-10-25 04:00,1571976000,1.1126,1.1135,1.109,1.1097,106
2019-10-28 04:00,1572235200,1.1103,1.11195,1.11025,1.11135,640
2019-10-29 04:00,1572321600,1.11145,1.11325,1.1091,1.1125,1077
2019-10-30 04:00,1572408000,1.1128,1.11645,1.11165,1.11395,572
2019-10-31 04:00,1572494400,1.1174,1.11865,1.11515,1.11565,77
2019-11-01 04:00,1572580800,1.1168,1.1181,1.114,1.11745,60
2019-11-04 05:00,1572843600,1.11765,1.11835,1.11375,1.11375,330
2019-11-05 05:00,1572930000,1.11375,1.1143,1.1073,1.1074,165
2019-11-06 05:00,1573016400,1.1076,1.1095,1.1074,1.1077,162
2019-11-07 05:00,1573102800,1.1074,1.10965,1.1043,1.1053,533
2019-11-08 05:00,1573189200,1.1054,1.1059,1.1025,1.1029,699
2019-11-11 05:00,1573448400,1.10365,1.1047,1.1033,1.10385,119
2019-11-12 05:00,1573534800,1.1035,1.1041,1.10115,1.10155,387
2019-11-13 05:00,1573621200,1.10145,1.102,1.10005,1.1005,149
2019-11-14 05:00,1573707600,1.10045,1.10235,1.0992,1.10235,348
2019-11-15 05:00,1573794000,1.1025,1.1055,1.1018,1.10535,928
2019-11-18 05:00,1574053200,1.1062,1.10665,1.1061,1.10665,134057
2019-11-19 05:00,1574139600,1.109,1.1102,1.1081,1.10965,112903
2019-11-20 05:00,1574226000,1.10945,1.1099,1.10705,1.1087,157999
2019-11-21 05:00,1574312400,1.10915,1.1113,1.1067,1.10745,147805
2019-11-22 05:00,1574398800,1.1076,1.11115,1.1029,1.10355,166247
2019-11-25 05:00,1574658000,1.10355,1.1047,1.10175,1.10235,136427
2019-11-26 05:00,1574744400,1.10265,1.10385,1.102,1.10345,110868
2019-11-27 05:00,1574830800,1.1035,1.1037,1.10045,1.10175,141835
2019-11-29 14:30,1575037800,1.1016,1.10385,1.09905,1.1027,193646
2019-12-02 05:00,1575262800,1.10295,1.11,1.1012,1.10885,251056
2019-12-03 05:00,1575349200,1.10865,1.1103,1.10745,1.10895,177238
2019-12-04 05:00,1575435600,1.10895,1.1124,1.10745,1.10825,266105
2019-12-05 05:00,1575522000,1.1083,1.1114,1.1083,1.1106,199336
2019-12-06 05:00,1575608400,1.11095,1.1115,1.10445,1.1061,240326
2019-12-09 05:00,1575867600,1.1063,1.1083,1.1058,1.1069,197297
2019-12-10 05:00,1575954000,1.1068,1.1102,1.1067,1.11005,304698
2019-12-11 05:00,1576040400,1.1096,1.11485,1.10735,1.11415,560754
2019-12-12 05:00,1576126800,1.11345,1.1156,1.1104,1.1115,378344
2019-12-13 05:00,1576213200,1.11805,1.11945,1.11125,1.1122,106491
2019-12-16 05:00,1576472400,1.1128,1.11545,1.1123,1.1153,1084
2019-12-17 05:00,1576558800,1.11605,1.1198,1.11555,1.11715,728
2019-12-18 05:00,1576645200,1.1163,1.1164,1.1136,1.1139,606
2019-12-19 05:00,1576731600,1.11525,1.1164,1.1133,1.11445,693
2019-12-20 05:00,1576818000,1.1135,1.1139,1.1088,1.1096,732
2019-12-23 05:00,1577077200,1.108,1.11125,1.108,1.11125,313
2019-12-24 14:30,1577197800,1.11045,1.1109,1.1087,1.11055,59
2019-12-26 05:00,1577336400,1.11095,1.1125,1.1105,1.11215,646
2019-12-27 05:00,1577422800,1.11215,1.12,1.11205,1.12,802
2019-12-30 05:00,1577682000,1.12,1.12295,1.11955,1.12125,3256
2019-12-31 05:00,1577768400,1.12155,1.12465,1.12075,1.12375,337
2020-01-02 05:00,1577941200,1.1213,1.122,1.11705,1.11735,714
2020-01-03 05:00,1578027600,1.1174,1.1185,1.1132,1.1173,660
2020-01-06 05:00,1578286800,1.1166,1.121,1.1166,1.11965,289
2020-01-07 05:00,1578373200,1.1196,1.1196,1.1138,1.11485,1850
2020-01-08 05:00,1578459600,1.1169,1.1169,1.1113,1.11145,850
2020-01-09 05:00,1578546000,1.11065,1.11255,1.1094,1.1108,1296
2020-01-10 05:00,1578632400,1.1107,1.11225,1.1088,1.11225,1115
2020-01-13 05:00,1578891600,1.11275,1.11325,1.11185,1.1125,10583
2020-01-14 05:00,1578978000,1.1163,1.1166,1.11295,1.1152,672
2020-01-15 05:00,1579064400,1.11525,1.11855,1.11435,1.1173,345
2020-01-16 05:00,1579150800,1.11755,1.11885,1.1148,1.1155,202
2020-01-17 05:00,1579237200,1.1159,1.1159,1.11085,1.11135,153
2020-01-21 05:00,1579582800,1.1115,1.11355,1.11,1.11135,258
2020-01-22 05:00,1579669200,1.10955,1.1116,1.1091,1.11105,8156
2020-01-23 05:00,1579755600,1.1111,1.1124,1.10525,1.107,3645
2020-01-24 05:00,1579842000,1.10665,1.10685,1.1035,1.10445,420
2020-01-27 05:00,1580101200,1.1046,1.10485,1.10265,1.103,50
2020-01-28 05:00,1580187600,1.10365,1.10365,1.10155,1.103,370
2020-01-29 05:00,1580274000,1.10365,1.1039,1.1009,1.1032,166
2020-01-30 05:00,1580360400,1.10275,1.1045,1.10215,1.104,190
2020-01-31 05:00,1580446800,1.1034,1.11,1.10305,1.10995,461
2020-02-03 05:00,1580706000,1.1098,1.1098,1.1055,1.10735,1010
2020-02-04 05:00,1580792400,1.10695,1.10695,1.1043,1.1051,231
2020-02-05 05:00,1580878800,1.10455,1.1049,1.10045,1.10045,189
2020-02-06 05:00,1580965200,1.1005,1.1013,1.0971,1.0983,1089
2020-02-07 05:00,1581051600,1.0989,1.0989,1.0949,1.09515,278
2020-02-10 05:00,1581310800,1.0957,1.0959,1.09125,1.0919,256
2020-02-11 05:00,1581397200,1.09135,1.0926,1.0896,1.0926,389
2020-02-12 05:00,1581483600,1.09175,1.0926,1.08695,1.087,1765
2020-02-13 05:00,1581570000,1.0871,1.08865,1.08385,1.0844,612
2020-02-14 05:00,1581656400,1.08405,1.086,1.08405,1.0848,163585
2020-02-18 05:00,1582002000,1.0857,1.08695,1.08025,1.08115,313856
2020-02-19 05:00,1582088400,1.081,1.0829,1.0799,1.08135,180548
2020-02-20 05:00,1582174800,1.0822,1.08365,1.0793,1.08045,232080
2020-02-21 05:00,1582261200,1.0798,1.08785,1.07975,1.0872,259525
2020-02-24 05:00,1582520400,1.0845,1.0887,1.0819,1.08565,255787
2020-02-25 05:00,1582606800,1.0867,1.09035,1.0843,1.0894,265324
2020-02-26 05:00,1582693200,1.08945,1.09215,1.08675,1.09115,273653
2020-02-27 05:00,1582779600,1.08935,1.1018,1.089,1.0998,369600
2020-02-28 05:00,1582866000,1.1014,1.10635,1.09615,1.10395,410546
2020-03-02 05:00,1583125200,1.1064,1.11945,1.10465,1.1173,440293
2020-03-03 05:00,1583211600,1.11545,1.1221,1.1104,1.11865,374128
2020-03-04 05:00,1583298000,1.1183,1.1195,1.1103,1.1146,304342
2020-03-05 05:00,1583384400,1.11395,1.12505,1.1125,1.1207,336945
2020-03-06 05:00,1583470800,1.1239,1.13605,1.12155,1.1322,424461
2020-03-09 04:00,1583726400,1.13485,1.1502,1.1344,1.1466,424629
2020-03-10 04:00,1583812800,1.1453,1.14625,1.1279,1.13,466261
2020-03-11 04:00,1583899200,1.1294,1.13695,1.12605,1.1284,493256
2020-03-12 04:00,1583985600,1.12655,1.1336,1.1056,1.1178,524008
2020-03-13 04:00,1584072000,1.1169,1.1223,1.1055,1.10725,150468
2020-03-16 04:00,1584331200,1.11715,1.1232,1.1094,1.11355,395
2020-03-17 04:00,1584417600,1.1185,1.1215,1.09895,1.1021,246
2020-03-18 04:00,1584504000,1.10105,1.1065,1.08185,1.0895,353
2020-03-19 04:00,1584590400,1.09395,1.0984,1.06685,1.0684,604
2020-03-20 04:00,1584676800,1.06665,1.0844,1.0648,1.06635,390
2020-03-23 04:00,1584936000,1.0704,1.0842,1.067,1.074,3144
2020-03-24 04:00,1585022400,1.0838,1.0898,1.0757,1.07685,216
2020-03-25 04:00,1585108800,1.0798,1.09,1.0796,1.0877,201
2020-03-26 04:00,1585195200,1.089,1.10535,1.0887,1.1052,282
2020-03-27 04:00,1585281600,1.1031,1.11515,1.09695,1.1126,163
2020-03-30 04:00,1585540800,1.11215,1.1132,1.1019,1.10335,73
2020-03-31 04:00,1585627200,1.1039,1.10415,1.09405,1.1022,111
2020-04-01 04:00,1585713600,1.1032,1.1032,1.09115,1.0932,77
2020-04-02 04:00,1585800000,1.0942,1.0963,1.083,1.0852,1046
2020-04-03 04:00,1585886400,1.0852,1.08595,1.07805,1.08135,252
2020-04-06 04:00,1586145600,1.08135,1.0834,1.0773,1.0799,261
2020-04-07 04:00,1586232000,1.08135,1.092,1.08135,1.0905,199
2020-04-08 04:00,1586318400,1.0876,1.08835,1.0841,1.0862,239
2020-04-09 04:00,1586404800,1.08545,1.0944,1.08545,1.0936,218
2020-04-13 04:00,1586750400,1.09295,1.0931,1.0915,1.0915,116
2020-04-14 04:00,1586836800,1.09555,1.0993,1.09285,1.09915,63
2020-04-15 04:00,1586923200,1.0949,1.0949,1.0871,1.0931,79
2020-04-16 04:00,1587009600,1.09105,1.0911,1.08255,1.08535,151
2020-04-17 04:00,1587096000,1.0873,1.0899,1.082,1.08755,106
2020-04-20 04:00,1587355200,1.0868,1.09025,1.08495,1.0869,297
2020-04-21 04:00,1587441600,1.08745,1.0875,1.0824,1.0859,94
2020-04-22 04:00,1587528000,1.0863,1.089,1.08115,1.08255,246
2020-04-23 04:00,1587614400,1.0824,1.085,1.07655,1.07905,181
2020-04-24 04:00,1587700800,1.0782,1.083,1.07335,1.08035,206
2020-04-27 04:00,1587960000,1.0822,1.0861,1.0822,1.08365,96
2020-04-28 04:00,1588046400,1.08385,1.089,1.08145,1.084,320
2020-04-29 04:00,1588132800,1.08275,1.0886,1.08275,1.08745,83
2020-04-30 04:00,1588219200,1.0875,1.09735,1.08415,1.0956,171
2020-05-01 04:00,1588305600,1.0954,1.10085,1.09435,1.09805,39
2020-05-04 04:00,1588564800,1.096,1.096,1.0901,1.09085,40
2020-05-05 04:00,1588651200,1.0915,1.09175,1.08305,1.08535,1226
2020-05-06 04:00,1588737600,1.08385,1.08385,1.079,1.08065,260
2020-05-07 04:00,1588824000,1.08,1.08295,1.077,1.08285,244
2020-05-08 04:00,1588910400,1.085,1.0876,1.08255,1.0844,52
2020-05-11 04:00,1589169600,1.0842,1.0842,1.0809,1.08105,112
2020-05-12 04:00,1589256000,1.0807,1.0886,1.08035,1.08545,191
2020-05-13 04:00,1589342400,1.0836,1.08965,1.0816,1.0816,125
2020-05-14 04:00,1589428800,1.0807,1.08175,1.07755,1.0783,202
2020-05-15 04:00,1589515200,1.08,1.0845,1.08,1.0814,329
2020-05-18 04:00,1589774400,1.08245,1.0865,1.08045,1.08555,182678
2020-05-19 04:00,1589860800,1.0921,1.09815,1.0908,1.0952,154098
2020-05-20 04:00,1589947200,1.09285,1.1005,1.0924,1.09915,133456
2020-05-21 04:00,1590033600,1.0984,1.1014,1.09415,1.09605,138798
2020-05-22 04:00,1590120000,1.09525,1.09585,1.089,1.0892,120721
2020-05-26 04:00,1590465600,1.09025,1.1,1.0874,1.0998,203562
2020-05-27 04:00,1590552000,1.09815,1.10345,1.09375,1.09945,247118
2020-05-28 04:00,1590638400,1.10105,1.1097,1.09945,1.10925,186555
2020-05-29 04:00,1590724800,1.1084,1.11485,1.1073,1.1101,225494
2020-06-01 04:00,1590984000,1.1119,1.11575,1.11035,1.11355,126750
2020-06-02 04:00,1591070400,1.11345,1.11995,1.11175,1.11745,189688
2020-06-03 04:00,1591156800,1.11735,1.12605,1.11695,1.12405,218626
2020-06-04 04:00,1591243200,1.1237,1.13645,1.11965,1.1352,294675
2020-06-05 04:00,1591329600,1.13385,1.13855,1.12805,1.12955,243548
2020-06-08 04:00,1591588800,1.1296,1.1321,1.127,1.1306,193781
2020-06-09 04:00,1591675200,1.1294,1.13655,1.1242,1.13465,305661
2020-06-10 04:00,1591761600,1.13405,1.1424,1.1322,1.1394,499266
2020-06-11 04:00,1591848000,1.13785,1.14045,1.1289,1.1301,311532
2020-06-12 04:00,1591934400,1.1295,1.13405,1.12125,1.1231,143814
2020-06-15 04:00,1592193600,1.1242,1.12805,1.1228,1.1276,874
2020-06-16 04:00,1592280000,1.13325,1.1358,1.12355,1.12795,877
2020-06-17 04:00,1592366400,1.12615,1.13,1.12175,1.1238,821
2020-06-18 04:00,1592452800,1.1254,1.1269,1.11945,1.12145,454
2020-06-19 04:00,1592539200,1.12125,1.126,1.11725,1.1191,1073
2020-06-22 04:00,1592798400,1.1181,1.1271,1.11755,1.12655,340
2020-06-23 04:00,1592884800,1.128,1.1352,1.12395,1.1317,699
2020-06-24 04:00,1592971200,1.13155,1.133,1.1255,1.1264,498
2020-06-25 04:00,1593057600,1.12565,1.1261,1.1195,1.122,721
2020-06-26 04:00,1593144000,1.12245,1.12415,1.11985,1.1231,160
2020-06-29 04:00,1593403200,1.1223,1.12905,1.1223,1.12385,199
2020-06-30 04:00,1593489600,1.12525,1.12645,1.11935,1.1238,253
2020-07-01 04:00,1593576000,1.12365,1.1273,1.1188,1.1248,541
2020-07-02 04:00,1593662400,1.1255,1.1305,1.12285,1.123,1393
2020-07-06 04:00,1594008000,1.12475,1.13465,1.12475,1.13175,823
2020-07-07 04:00,1594094400,1.132,1.133,1.1266,1.12875,550
2020-07-08 04:00,1594180800,1.12745,1.1352,1.12645,1.1337,719
2020-07-09 04:00,1594267200,1.1334,1.137,1.1286,1.1297,749
2020-07-10 04:00,1594353600,1.12825,1.13255,1.1263,1.12995,482
2020-07-13 04:00,1594612800,1.1329,1.1361,1.1306,1.1361,427
2020-07-14 04:00,1594699200,1.13565,1.1415,1.1336,1.1403,359
2020-07-15 04:00,1594785600,1.1416,1.146,1.14015,1.14145,955
2020-07-16 04:00,1594872000,1.1425,1.14475,1.13785,1.1386,645
2020-07-17 04:00,1594958400,1.13875,1.14515,1.13835,1.1445,491
2020-07-20 04:00,1595217600,1.14315,1.1474,1.14145,1.14485,1144
2020-07-21 04:00,1595304000,1.1452,1.15455,1.14315,1.15375,608
2020-07-22 04:00,1595390400,1.15375,1.16065,1.1519,1.1576,1677
2020-07-23 04:00,1595476800,1.1578,1.16305,1.155,1.1615,2619
2020-07-24 04:00,1595563200,1.161,1.1661,1.15895,1.16425,772
2020-07-27 04:00,1595822400,1.1651,1.17855,1.16495,1.1756,819
2020-07-28 04:00,1595908800,1.17655,1.1777,1.17055,1.17285,690
2020-07-29 04:00,1595995200,1.1727,1.18095,1.1722,1.177,594
2020-07-30 04:00,1596081600,1.1798,1.1851,1.174,1.18405,959
2020-07-31 04:00,1596168000,1.18465,1.1909,1.177,1.17925,417
2020-08-03 04:00,1596427200,1.1778,1.1798,1.16995,1.17635,471
2020-08-04 04:00,1596513600,1.17625,1.1804,1.1729,1.1785,594
2020-08-05 04:00,1596600000,1.17985,1.1905,1.17985,1.1864,2098
2020-08-06 04:00,1596686400,1.1876,1.19175,1.1825,1.1877,688
2020-08-07 04:00,1596772800,1.18665,1.18665,1.17595,1.17845,520
2020-08-10 04:00,1597032000,1.17885,1.1797,1.17385,1.17455,504
2020-08-11 04:00,1597118400,1.1743,1.18055,1.1724,1.1747,423
2020-08-12 04:00,1597204800,1.1732,1.18125,1.17125,1.17855,292
2020-08-13 04:00,1597291200,1.18065,1.1863,1.1795,1.17995,986
2020-08-14 04:00,1597377600,1.18085,1.18485,1.1798,1.1838,169
2020-08-17 04:00,1597636800,1.1842,1.18785,1.1842,1.1874,128995
2020-08-18 04:00,1597723200,1.18775,1.1973,1.1875,1.1945,206561
2020-08-19 04:00,1597809600,1.19405,1.19595,1.1836,1.1862,219334
2020-08-20 04:00,1597896000,1.18465,1.18745,1.18075,1.1858,203582
2020-08-21 04:00,1597982400,1.1868,1.1888,1.17585,1.17935,195602
2020-08-24 04:00,1598241600,1.17995,1.18555,1.17895,1.17975,140117
2020-08-25 04:00,1598328000,1.17935,1.18485,1.1789,1.1838,154929
2020-08-26 04:00,1598414400,1.1839,1.1845,1.17765,1.18195,164948
2020-08-27 04:00,1598500800,1.18365,1.19065,1.17655,1.1828,336033
2020-08-28 04:00,1598587200,1.18245,1.19235,1.18145,1.18945,236265
2020-08-31 04:00,1598846400,1.1914,1.19695,1.18875,1.19395,200188
2020-09-01 04:00,1598932800,1.1941,1.2015,1.19045,1.1913,263767
2020-09-02 04:00,1599019200,1.1918,1.19315,1.18245,1.1828,241988
2020-09-03 04:00,1599105600,1.1855,1.1867,1.17905,1.18585,219832
2020-09-04 04:00,1599192000,1.18505,1.18675,1.17825,1.1853,220600
2020-09-08 04:00,1599537600,1.1841,1.18505,1.17665,1.17825,386505
2020-09-09 04:00,1599624000,1.17735,1.1836,1.1753,1.1809,426011
2020-09-10 04:00,1599710400,1.1805,1.1918,1.1801,1.1826,488178
2020-09-11 04:00,1599796800,1.182,1.1874,1.18195,1.1831,107143
2020-09-14 04:00,1600056000,1.18405,1.18875,1.18335,1.1882,702
2020-09-15 04:00,1600142400,1.1876,1.1908,1.1849,1.18625,872
2020-09-16 04:00,1600228800,1.1847,1.1891,1.18,1.1807,959
2020-09-17 04:00,1600315200,1.1817,1.18595,1.1736,1.1847,1195
2020-09-18 04:00,1600401600,1.18615,1.1876,1.1839,1.186,657
2020-09-21 04:00,1600660800,1.18555,1.1876,1.1739,1.1762,786
2020-09-22 04:00,1600747200,1.17765,1.17765,1.17,1.1712,879
2020-09-23 04:00,1600833600,1.17105,1.1725,1.1658,1.1664,823
2020-09-24 04:00,1600920000,1.1669,1.1685,1.16355,1.16715,448
2020-09-25 04:00,1601006400,1.1678,1.169,1.16195,1.16275,485
2020-09-28 04:00,1601265600,1.1639,1.16855,1.16265,1.1669,448
2020-09-29 04:00,1601352000,1.168,1.175,1.1671,1.1742,591
2020-09-30 04:00,1601438400,1.17425,1.17545,1.1691,1.1722,725
2020-10-01 04:00,1601524800,1.173,1.1769,1.17215,1.175,412
2020-10-02 04:00,1601611200,1.17465,1.17465,1.1702,1.17165,331
2020-10-05 04:00,1601870400,1.17145,1.18,1.17145,1.1779,1101
2020-10-06 04:00,1601956800,1.179,1.18095,1.1736,1.1756,792
2020-10-07 04:00,1602043200,1.17395,1.1783,1.1728,1.177,460
2020-10-08 04:00,1602129600,1.17665,1.1781,1.1737,1.17595,280
2020-10-09 04:00,1602216000,1.1772,1.18305,1.1772,1.18265,272
2020-10-12 04:00,1602475200,1.1821,1.1825,1.179,1.1811,754
2020-10-13 04:00,1602561600,1.1807,1.1807,1.17325,1.1746,194
2020-10-14 04:00,1602648000,1.175,1.17695,1.1721,1.1752,216
2020-10-15 04:00,1602734400,1.17465,1.17465,1.16895,1.16975,467
2020-10-16 04:00,1602820800,1.17025,1.1745,1.16945,1.17185,508
2020-10-19 04:00,1603080000,1.1715,1.1787,1.17075,1.17825,435
2020-10-20 04:00,1603166400,1.1781,1.1847,1.1767,1.1833,612
2020-10-21 04:00,1603252800,1.18395,1.1886,1.1839,1.1868,894
2020-10-22 04:00,1603339200,1.1858,1.1869,1.1822,1.1824,336
2020-10-23 04:00,1603425600,1.1817,1.18685,1.1793,1.18645,413
2020-10-26 04:00,1603684800,1.1866,1.1866,1.1812,1.1819,438
2020-10-27 04:00,1603771200,1.1818,1.18415,1.1798,1.1818,403
2020-10-28 04:00,1603857600,1.1785,1.17895,1.1723,1.1756,600
2020-10-29 04:00,1603944000,1.17595,1.17615,1.1655,1.1675,304
2020-10-30 04:00,1604030400,1.16765,1.1707,1.1647,1.1648,290
2020-11-02 05:00,1604293200,1.16465,1.1656,1.16295,1.1635,319
2020-11-03 05:00,1604379600,1.16435,1.17435,1.16435,1.17095,238
2020-11-04 05:00,1604466000,1.1733,1.1765,1.161,1.1728,560
2020-11-05 05:00,1604552400,1.1741,1.1858,1.1713,1.1841,743
2020-11-06 05:00,1604638800,1.1822,1.1893,1.17995,1.18845,406
2020-11-09 05:00,1604898000,1.1887,1.19205,1.1799,1.18335,706
2020-11-10 05:00,1604984400,1.1825,1.18445,1.1784,1.18145,1457
2020-11-11 05:00,1605070800,1.1819,1.18305,1.1749,1.1775,552
2020-11-12 05:00,1605157200,1.1778,1.18185,1.17645,1.18075,250
2020-11-13 05:00,1605243600,1.18105,1.18365,1.1808,1.1833,414
2020-11-16 05:00,1605502800,1.1841,1.18685,1.18205,1.1833,124456
2020-11-17 05:00,1605589200,1.18625,1.19015,1.18495,1.18715,125537
2020-11-18 05:00,1605675600,1.18695,1.18975,1.1856,1.18695,113510
2020-11-19 05:00,1605762000,1.18595,1.18885,1.1822,1.18815,141175
2020-11-20 05:00,1605848400,1.1879,1.18965,1.1855,1.18635,121670
2020-11-23 05:00,1606107600,1.1865,1.1912,1.18045,1.18475,205523
2020-11-24 05:00,1606194000,1.1847,1.1902,1.18435,1.18875,148296
2020-11-25 05:00,1606280400,1.1898,1.1935,1.18865,1.19215,182930
2020-11-27 14:30,1606487400,1.1921,1.19665,1.1889,1.19605,192734
2020-11-30 05:00,1606712400,1.1968,1.20075,1.19275,1.19505,236326
2020-12-01 05:00,1606798800,1.1932,1.208,1.1932,1.2051,242725
2020-12-02 05:00,1606885200,1.2076,1.21215,1.2043,1.2102,233075
2020-12-03 05:00,1606971600,1.21155,1.2177,1.2103,1.21445,234305
2020-12-04 05:00,1607058000,1.2144,1.2179,1.2112,1.21395,231778
2020-12-07 05:00,1607317200,1.2132,1.2168,1.208,1.21205,254159
2020-12-08 05:00,1607403600,1.21125,1.21355,1.20965,1.21055,254924
2020-12-09 05:00,1607490000,1.21065,1.2149,1.20595,1.20735,427302
2020-12-10 05:00,1607576400,1.20815,1.21595,1.2076,1.2134,456339
2020-12-11 05:00,1607662800,1.21415,1.21635,1.21055,1.21125,133213
2020-12-14 05:00,1607922000,1.2132,1.21765,1.2118,1.21345,494
2020-12-15 05:00,1608008400,1.217,1.21825,1.2135,1.2172,489
2020-12-16 05:00,1608094800,1.21655,1.22255,1.21435,1.2179,821
2020-12-17 05:00,1608181200,1.2209,1.22875,1.22055,1.22785,1259
2020-12-18 05:00,1608267600,1.2271,1.22795,1.2243,1.2257,505
2020-12-21 05:00,1608526800,1.22475,1.22655,1.2145,1.2265,622
2020-12-22 05:00,1608613200,1.2258,1.22745,1.2171,1.2179,925
2020-12-23 05:00,1608699600,1.21845,1.2235,1.2174,1.21935,509
2020-12-24 14:30,1608820200,1.2201,1.22275,1.21925,1.2196,353
2020-12-28 05:00,1609131600,1.2205,1.226,1.2199,1.22175,372
2020-12-29 05:00,1609218000,1.2237,1.2283,1.2235,1.22615,370
2020-12-30 05:00,1609304400,1.226,1.23135,1.22575,1.22935,276
2020-12-31 05:00,1609390800,1.2307,1.2312,1.2215,1.2231,156
2021-01-04 05:00,1609736400,1.224,1.2309,1.224,1.2256,383
2021-01-05 05:00,1609822800,1.2254,1.2308,1.2254,1.2307,155
2021-01-06 05:00,1609909200,1.2305,1.235,1.22715,1.23115,1761
2021-01-07 05:00,1609995600,1.2338,1.2345,1.2249,1.227,371
2021-01-08 05:00,1610082000,1.2272,1.22845,1.2196,1.22175,752
2021-01-11 05:00,1610341200,1.2216,1.2216,1.21405,1.2164,648
2021-01-12 05:00,1610427600,1.21555,1.2206,1.2144,1.2202,125
2021-01-13 05:00,1610514000,1.22185,1.2223,1.2146,1.21555,275
2021-01-14 05:00,1610600400,1.21685,1.2169,1.21115,1.21555,855
2021-01-15 05:00,1610686800,1.21515,1.21515,1.2087,1.20955,263
2021-01-19 05:00,1611032400,1.2092,1.2151,1.20645,1.21335,476
2021-01-20 05:00,1611118800,1.21455,1.21655,1.20855,1.2114,222
2021-01-21 05:00,1611205200,1.212,1.2178,1.21165,1.21655,284
2021-01-22 05:00,1611291600,1.2179,1.21935,1.2157,1.21735,324
2021-01-25 05:00,1611550800,1.2172,1.21875,1.2122,1.2144,282
2021-01-26 05:00,1611637200,1.2149,1.218,1.2114,1.21705,293
2021-01-27 05:00,1611723600,1.2167,1.21735,1.2065,1.21055,417
2021-01-28 05:00,1611810000,1.21075,1.21455,1.2086,1.21365,268
2021-01-29 05:00,1611896400,1.21285,1.21555,1.20995,1.2136,274
2021-02-01 05:00,1612155600,1.2128,1.21395,1.2054,1.2071,255
2021-02-02 05:00,1612242000,1.20655,1.2086,1.20205,1.20235,165
2021-02-03 05:00,1612328400,1.2042,1.2051,1.2011,1.2029,429
2021-02-04 05:00,1612414800,1.2039,1.2039,1.1959,1.19685,1040
2021-02-05 05:00,1612501200,1.19675,1.20465,1.1966,1.20455,103
2021-02-08 05:00,1612760400,1.2052,1.2063,1.20235,1.20575,162
2021-02-09 05:00,1612846800,1.20585,1.21195,1.20585,1.21195,279
2021-02-10 05:00,1612933200,1.21285,1.2139,1.21165,1.21305,440
2021-02-11 05:00,1613019600,1.21145,1.21485,1.2114,1.2131,106
2021-02-12 05:00,1613106000,1.21305,1.21305,1.20845,1.2093,146837
2021-02-16 05:00,1613451600,1.2129,1.21765,1.2101,1.2122,263881
2021-02-17 05:00,1613538000,1.21105,1.2112,1.20295,1.2043,207928
2021-02-18 05:00,1613624400,1.20485,1.21005,1.2041,1.20915,176081
2021-02-19 05:00,1613710800,1.2098,1.21505,1.20875,1.21215,172777
2021-02-22 05:00,1613970000,1.21295,1.21745,1.2096,1.2173,192525
2021-02-23 05:00,1614056400,1.2164,1.2186,1.214,1.21485,157735
2021-02-24 05:00,1614142800,1.21525,1.21795,1.21135,1.2153,217783
2021-02-25 05:00,1614229200,1.2171,1.2249,1.216,1.21885,323554
2021-02-26 05:00,1614315600,1.2185,1.2188,1.2066,1.20815,309072
2021-03-01 05:00,1614574800,1.208,1.2105,1.2031,1.20505,221325
2021-03-02 05:00,1614661200,1.20525,1.20975,1.19945,1.20875,213958
2021-03-03 05:00,1614747600,1.20875,1.2116,1.20455,1.20685,192159
2021-03-04 05:00,1614834000,1.2067,1.20685,1.19635,1.19675,253320
2021-03-05 05:00,1614920400,1.1975,1.1977,1.18945,1.1915,291503
2021-03-08 05:00,1615179600,1.1919,1.1934,1.18455,1.1859,226412
2021-03-09 05:00,1615266000,1.18485,1.19165,1.18365,1.1902,262709
2021-03-10 05:00,1615352400,1.19045,1.1931,1.187,1.1923,473974
2021-03-11 05:00,1615438800,1.19275,1.19905,1.19155,1.19835,440108
2021-03-12 05:00,1615525200,1.19845,1.1988,1.191,1.19495,83306
2021-03-15 04:00,1615780800,1.1948,1.19655,1.1917,1.19245,611
2021-03-16 04:00,1615867200,1.19345,1.19605,1.18925,1.1913,358
2021-03-17 04:00,1615953600,1.1911,1.19935,1.1898,1.19865,566
2021-03-18 04:00,1616040000,1.19925,1.1996,1.19175,1.1922,516
2021-03-19 04:00,1616126400,1.19255,1.1943,1.1884,1.1916,293
2021-03-22 04:00,1616385600,1.1885,1.19505,1.18835,1.19495,423
2021-03-23 04:00,1616472000,1.19415,1.19415,1.18495,1.1859,327
2021-03-24 04:00,1616558400,1.1859,1.1859,1.18175,1.18285,1103
2021-03-25 04:00,1616644800,1.18245,1.18335,1.17685,1.17825,958
2021-03-26 04:00,1616731200,1.17775,1.18085,1.17775,1.17955,322
2021-03-29 04:00,1616990400,1.1797,1.1798,1.17685,1.1769,638
2021-03-30 04:00,1617076800,1.1776,1.1776,1.17195,1.1722,990
2021-03-31 04:00,1617163200,1.1726,1.1764,1.17085,1.17285,941
2021-04-01 04:00,1617249600,1.17305,1.1784,1.172,1.17745,575
2021-04-05 04:00,1617595200,1.1762,1.18225,1.1744,1.1815,1088
2021-04-06 04:00,1617681600,1.182,1.1879,1.1806,1.18735,671
2021-04-07 04:00,1617768000,1.1874,1.19165,1.18655,1.18685,496
2021-04-08 04:00,1617854400,1.1875,1.1928,1.1867,1.1919,256
2021-04-09 04:00,1617940800,1.1916,1.1918,1.1871,1.19045,325
2021-04-12 04:00,1618200000,1.1899,1.1918,1.1875,1.19065,202
2021-04-13 04:00,1618286400,1.19015,1.1956,1.18855,1.19475,1132
2021-04-14 04:00,1618372800,1.19565,1.19875,1.19535,1.1972,182
2021-04-15 04:00,1618459200,1.1985,1.19895,1.1958,1.1975,267
2021-04-16 04:00,1618545600,1.19685,1.19905,1.19525,1.19785,479
2021-04-19 04:00,1618804800,1.19675,1.20425,1.19445,1.20175,548
2021-04-20 04:00,1618891200,1.20485,1.20805,1.2032,1.2037,175
2021-04-21 04:00,1618977600,1.2038,1.2042,1.2007,1.20355,135
2021-04-22 04:00,1619064000,1.20435,1.2072,1.2,1.2013,140
2021-04-23 04:00,1619150400,1.202,1.21045,1.202,1.2098,107
2021-04-26 04:00,1619409600,1.20965,1.21205,1.2068,1.20975,139
2021-04-27 04:00,1619496000,1.2076,1.2095,1.2063,1.2092,192
2021-04-28 04:00,1619582400,1.20905,1.21355,1.20615,1.21295,157
2021-04-29 04:00,1619668800,1.214,1.21505,1.2107,1.2129,109
2021-04-30 04:00,1619755200,1.2121,1.2121,1.20225,1.2026,402
2021-05-03 04:00,1620014400,1.2033,1.2075,1.2019,1.207,289
2021-05-04 04:00,1620100800,1.20505,1.20505,1.2003,1.2015,242
2021-05-05 04:00,1620187200,1.2008,1.2022,1.199,1.2002,192
2021-05-06 04:00,1620273600,1.2003,1.2072,1.19955,1.2057,179
2021-05-07 04:00,1620360000,1.20615,1.21705,1.20575,1.2167,797
2021-05-10 04:00,1620619200,1.2175,1.2176,1.2128,1.21475,1100
2021-05-11 04:00,1620705600,1.2136,1.21785,1.2136,1.21535,640
2021-05-12 04:00,1620792000,1.2146,1.21485,1.20715,1.2081,887
2021-05-13 04:00,1620878400,1.20815,1.20975,1.2065,1.2077,290
2021-05-14 04:00,1620964800,1.2096,1.2145,1.2096,1.21435,605
2021-05-17 04:00,1621224000,1.21435,1.21635,1.2133,1.21395,124821
2021-05-18 04:00,1621310400,1.21605,1.22415,1.2159,1.22355,178672
2021-05-19 04:00,1621396800,1.22305,1.22515,1.21655,1.21785,191975
2021-05-20 04:00,1621483200,1.21815,1.22345,1.2174,1.2225,122935
2021-05-21 04:00,1621569600,1.2235,1.22455,1.2166,1.21865,163653
2021-05-24 04:00,1621828800,1.21885,1.22355,1.2176,1.2218,128352
2021-05-25 04:00,1621915200,1.222,1.2271,1.22165,1.22605,166554
2021-05-26 04:00,1622001600,1.22555,1.22675,1.21865,1.2197,164005
2021-05-27 04:00,1622088000,1.2197,1.2218,1.21785,1.22025,152471
2021-05-28 04:00,1622174400,1.2198,1.22085,1.2136,1.22045,181970
2021-06-01 04:00,1622520000,1.22005,1.2258,1.21865,1.22315,210947
2021-06-02 04:00,1622606400,1.2217,1.22295,1.21665,1.2214,164072
2021-06-03 04:00,1622692800,1.2216,1.22165,1.212,1.21275,197372
2021-06-04 04:00,1622779200,1.2128,1.21885,1.21055,1.2167,180453
2021-06-07 04:00,1623038400,1.21675,1.2204,1.21465,1.21965,151318
2021-06-08 04:00,1623124800,1.2193,1.2196,1.21655,1.2181,208737
2021-06-09 04:00,1623211200,1.2174,1.22195,1.2172,1.21805,437114
2021-06-10 04:00,1623297600,1.2179,1.2195,1.21435,1.2172,435986
2021-06-11 04:00,1623384000,1.2175,1.2193,1.2093,1.21025,99452
2021-06-14 04:00,1623643200,1.2111,1.21295,1.20955,1.2122,298
2021-06-15 04:00,1623729600,1.2127,1.21535,1.21135,1.21335,254
2021-06-16 04:00,1623816000,1.2133,1.21415,1.20035,1.2026,457
2021-06-17 04:00,1623902400,1.20015,1.201,1.1899,1.1918,888
2021-06-18 04:00,1623988800,1.19155,1.19285,1.1852,1.1879,1762
2021-06-21 04:00,1624248000,1.188,1.1927,1.1855,1.19165,621
2021-06-22 04:00,1624334400,1.19195,1.1959,1.18885,1.1943,579
2021-06-23 04:00,1624420800,1.19475,1.19745,1.1922,1.19355,550
2021-06-24 04:00,1624507200,1.19375,1.1957,1.1927,1.1937,448
2021-06-25 04:00,1624593600,1.19435,1.1979,1.1933,1.19365,486
2021-06-28 04:00,1624852800,1.1928,1.195,1.19085,1.19285,449
2021-06-29 04:00,1624939200,1.1934,1.1934,1.1885,1.1907,360
2021-06-30 04:00,1625025600,1.19045,1.1908,1.18515,1.1852,289
2021-07-01 04:00,1625112000,1.18555,1.1882,1.1844,1.1845,171
2021-07-02 04:00,1625198400,1.1848,1.1873,1.1815,1.18475,362
2021-07-06 04:00,1625544000,1.1863,1.1896,1.181,1.18265,341
2021-07-07 04:00,1625630400,1.1823,1.1835,1.17905,1.18085,149
2021-07-08 04:00,1625716800,1.17865,1.1862,1.17865,1.18415,1157
2021-07-09 04:00,1625803200,1.1851,1.18785,1.18285,1.18785,112
2021-07-12 04:00,1626062400,1.18645,1.1874,1.1849,1.18595,131
2021-07-13 04:00,1626148800,1.18645,1.18645,1.1775,1.1783,324
2021-07-14 04:00,1626235200,1.1779,1.1837,1.1778,1.1831,1454
2021-07-15 04:00,1626321600,1.1837,1.185,1.1798,1.18075,612
2021-07-16 04:00,1626408000,1.18135,1.18185,1.17925,1.1809,376
2021-07-19 04:00,1626667200,1.1802,1.18215,1.1766,1.1819,484
2021-07-20 04:00,1626753600,1.1804,1.1808,1.17635,1.1788,381
2021-07-21 04:00,1626840000,1.1789,1.181,1.176,1.1806,702
2021-07-22 04:00,1626926400,1.17975,1.18345,1.17635,1.1777,946
2021-07-23 04:00,1627012800,1.1773,1.1789,1.176,1.1776,539
2021-07-26 04:00,1627272000,1.17775,1.1822,1.17765,1.1806,377
2021-07-27 04:00,1627358400,1.1816,1.18415,1.17765,1.18275,565
2021-07-28 04:00,1627444800,1.18175,1.1852,1.17795,1.1843,552
2021-07-29 04:00,1627531200,1.18475,1.1897,1.18465,1.18945,350
2021-07-30 04:00,1627617600,1.1883,1.191,1.1857,1.18595,321
2021-08-02 04:00,1627876800,1.1871,1.19,1.1871,1.1876,526
2021-08-03 04:00,1627963200,1.1878,1.18955,1.186,1.1866,224
2021-08-04 04:00,1628049600,1.1872,1.1902,1.1839,1.18415,424
2021-08-05 04:00,1628136000,1.1835,1.18585,1.18335,1.1838,153
2021-08-06 04:00,1628222400,1.18335,1.18335,1.17585,1.1759,219
2021-08-09 04:00,1628481600,1.1759,1.177,1.1742,1.1742,313
2021-08-10 04:00,1628568000,1.17395,1.17395,1.17115,1.1723,208
2021-08-11 04:00,1628654400,1.17165,1.17535,1.17075,1.1739,156
2021-08-12 04:00,1628740800,1.1745,1.1745,1.1725,1.173,251
2021-08-13 04:00,1628827200,1.1733,1.1803,1.1733,1.1795,938
2021-08-16 04:00,1629086400,1.1794,1.17945,1.177,1.17815,100012
2021-08-17 04:00,1629172800,1.17845,1.17905,1.17135,1.17165,142598
2021-08-18 04:00,1629259200,1.17175,1.1749,1.1699,1.1718,135019
2021-08-19 04:00,1629345600,1.17135,1.1721,1.16705,1.16805,134972
2021-08-20 04:00,1629432000,1.16815,1.17095,1.1669,1.17015,112699
2021-08-23 04:00,1629691200,1.17005,1.1755,1.16975,1.1753,129024
2021-08-24 04:00,1629777600,1.1751,1.17695,1.1732,1.17595,116765
2021-08-25 04:00,1629864000,1.1762,1.1779,1.17305,1.17755,120592
2021-08-26 04:00,1629950400,1.17755,1.17825,1.17495,1.1755,113221
2021-08-27 04:00,1630036800,1.1759,1.1806,1.17375,1.1798,182266
2021-08-30 04:00,1630296000,1.1801,1.18135,1.1786,1.1807,96863
2021-08-31 04:00,1630382400,1.18005,1.1849,1.17985,1.18155,187033
2021-09-01 04:00,1630468800,1.1813,1.18605,1.1796,1.1849,154692
2021-09-02 04:00,1630555200,1.1843,1.1878,1.1836,1.18765,127627
2021-09-03 04:00,1630641600,1.1876,1.19115,1.1868,1.18925,178516
2021-09-07 04:00,1630987200,1.18815,1.1888,1.1839,1.1847,338657
2021-09-08 04:00,1631073600,1.18465,1.1852,1.1803,1.1826,504047
2021-09-09 04:00,1631160000,1.1819,1.1843,1.18055,1.18305,318034
2021-09-10 04:00,1631246400,1.18255,1.1851,1.18095,1.1815,104673
2021-09-13 04:00,1631505600,1.18125,1.1814,1.177,1.1804,492
2021-09-14 04:00,1631592000,1.182,1.18535,1.18085,1.18155,305
2021-09-15 04:00,1631678400,1.1815,1.18375,1.1807,1.1815,148
2021-09-16 04:00,1631764800,1.1824,1.1824,1.1758,1.17605,930
2021-09-17 04:00,1631851200,1.1771,1.17935,1.173,1.1736,2297
2021-09-20 04:00,1632110400,1.17325,1.17395,1.1709,1.1731,1329
2021-09-21 04:00,1632196800,1.1734,1.17495,1.1725,1.1732,596
2021-09-22 04:00,1632283200,1.17295,1.17595,1.1693,1.1699,618
2021-09-23 04:00,1632369600,1.17015,1.1755,1.169,1.1752,412
2021-09-24 04:00,1632456000,1.1748,1.17515,1.1711,1.1721,486
2021-09-27 04:00,1632715200,1.17225,1.1729,1.1691,1.1704,165
2021-09-28 04:00,1632801600,1.16895,1.17045,1.1675,1.16815,227
2021-09-29 04:00,1632888000,1.16865,1.16915,1.15945,1.1605,206
2021-09-30 04:00,1632974400,1.16055,1.1612,1.1568,1.15875,295
2021-10-01 04:00,1633060800,1.1585,1.16095,1.1574,1.16005,501
2021-10-04 04:00,1633320000,1.1612,1.1643,1.16,1.16275,469
2021-10-05 04:00,1633406400,1.1621,1.1621,1.15835,1.16,743
2021-10-06 04:00,1633492800,1.15935,1.1595,1.1534,1.15525,145
2021-10-07 04:00,1633579200,1.15615,1.15715,1.15515,1.15535,131
2021-10-08 04:00,1633665600,1.1556,1.1584,1.1547,1.1579,232
2021-10-11 04:00,1633924800,1.15755,1.1586,1.1552,1.15615,262
2021-10-12 04:00,1634011200,1.155,1.157,1.1526,1.15315,277
2021-10-13 04:00,1634097600,1.1536,1.1595,1.1536,1.1591,721
2021-10-14 04:00,1634184000,1.1593,1.16245,1.1584,1.16,1504
2021-10-15 04:00,1634270400,1.1598,1.1614,1.15905,1.1606,411
2021-10-18 04:00,1634529600,1.16,1.1605,1.15915,1.16025,596
2021-10-19 04:00,1634616000,1.16245,1.16745,1.16245,1.1645,399
2021-10-20 04:00,1634702400,1.1639,1.1663,1.1626,1.16615,253
2021-10-21 04:00,1634788800,1.16585,1.1665,1.16265,1.1628,371
2021-10-22 04:00,1634875200,1.1628,1.16585,1.1628,1.1641,358
2021-10-25 04:00,1635134400,1.1648,1.16655,1.1598,1.1617,331
2021-10-26 04:00,1635220800,1.1602,1.16305,1.15895,1.16015,368
2021-10-27 04:00,1635307200,1.1608,1.16285,1.1593,1.16135,223
2021-10-28 04:00,1635393600,1.1602,1.16925,1.1587,1.16885,587
2021-10-29 04:00,1635480000,1.1688,1.1689,1.15415,1.1562,713
2021-11-01 04:00,1635739200,1.1559,1.1611,1.155,1.161,326
2021-11-02 04:00,1635825600,1.1604,1.16115,1.1581,1.1585,123
2021-11-03 04:00,1635912000,1.1586,1.1616,1.1571,1.1614,505
2021-11-04 04:00,1635998400,1.1616,1.16175,1.15295,1.1555,408
2021-11-05 04:00,1636084800,1.1552,1.15695,1.15145,1.1552,463
2021-11-08 05:00,1636347600,1.15675,1.1597,1.15535,1.1591,421
2021-11-09 05:00,1636434000,1.1586,1.1607,1.1575,1.15955,123
2021-11-10 05:00,1636520400,1.15845,1.15845,1.1479,1.14845,424
2021-11-11 05:00,1636606800,1.1486,1.1486,1.1444,1.14455,778
2021-11-12 05:00,1636693200,1.14415,1.146,1.14335,1.1444,1092
2021-11-15 05:00,1636952400,1.1456,1.1456,1.14355,1.1439,165611
2021-11-16 05:00,1637038800,1.1373,1.13915,1.13145,1.1322,187699
2021-11-17 05:00,1637125200,1.1326,1.13375,1.12685,1.132,196271
2021-11-18 05:00,1637211600,1.1324,1.1379,1.1318,1.13755,172355
2021-11-19 05:00,1637298000,1.1377,1.13775,1.1254,1.12935,253560
2021-11-22 05:00,1637557200,1.1289,1.12945,1.1235,1.1236,198908
2021-11-23 05:00,1637643600,1.12395,1.12785,1.123,1.1254,179263
2021-11-24 05:00,1637730000,1.12525,1.1259,1.119,1.1202,205974
2021-11-26 14:30,1637937000,1.1203,1.1325,1.1203,1.1306,272394
2021-11-29 05:00,1638162000,1.13,1.1304,1.12615,1.1276,149519
2021-11-30 05:00,1638248400,1.1294,1.1386,1.12375,1.13265,315551
2021-12-01 05:00,1638334800,1.1342,1.1363,1.1305,1.13205,195363
2021-12-02 05:00,1638421200,1.132,1.135,1.1297,1.1299,154645
2021-12-03 05:00,1638507600,1.1304,1.1336,1.12685,1.13135,195525
2021-12-06 05:00,1638766800,1.13125,1.13155,1.1268,1.12805,194470
2021-12-07 05:00,1638853200,1.1286,1.13,1.12285,1.12625,271791
2021-12-08 05:00,1638939600,1.127,1.1356,1.1267,1.1351,371382
2021-12-09 05:00,1639026000,1.1343,1.1346,1.12785,1.12885,470618
2021-12-10 05:00,1639112400,1.1293,1.1324,1.12655,1.13115,119604
2021-12-13 05:00,1639371600,1.1309,1.13185,1.12625,1.1277,2775
2021-12-14 05:00,1639458000,1.12955,1.13345,1.12695,1.12705,680
2021-12-15 05:00,1639544400,1.1271,1.131,1.12375,1.12845,3412
2021-12-16 05:00,1639630800,1.13065,1.137,1.1295,1.1337,1994
2021-12-17 05:00,1639717200,1.13435,1.1349,1.1251,1.1264,656
2021-12-20 05:00,1639976400,1.12485,1.1313,1.12485,1.1284,1318
2021-12-21 05:00,1640062800,1.1284,1.131,1.1271,1.1289,2327
2021-12-22 05:00,1640149200,1.129,1.135,1.12745,1.134,335
2021-12-23 05:00,1640235600,1.1331,1.13465,1.12985,1.1344,3659
2021-12-27 05:00,1640581200,1.1375,1.1386,1.1312,1.1332,1355
2021-12-28 05:00,1640667600,1.1335,1.1339,1.1302,1.1309,190
2021-12-29 05:00,1640754000,1.13195,1.13665,1.1288,1.13495,1933
2021-12-30 05:00,1640840400,1.1339,1.1345,1.13065,1.1332,782
2021-12-31 05:00,1640926800,1.1318,1.139,1.13155,1.13895,1686
2022-01-03 05:00,1641186000,1.1379,1.1379,1.12895,1.13005,590
2022-01-04 05:00,1641272400,1.13015,1.1323,1.12765,1.1291,408
2022-01-05 05:00,1641358800,1.12965,1.13455,1.12965,1.1313,953
2022-01-06 05:00,1641445200,1.1319,1.132,1.1289,1.1289,132
2022-01-07 05:00,1641531600,1.1299,1.1365,1.1295,1.1365,1242
2022-01-10 05:00,1641790800,1.1358,1.1358,1.1289,1.1325,592
2022-01-11 05:00,1641877200,1.13425,1.13705,1.13185,1.13695,837
2022-01-12 05:00,1641963600,1.13725,1.1451,1.1359,1.14505,2587
2022-01-13 05:00,1642050000,1.1443,1.1478,1.14415,1.14615,2533
2022-01-14 05:00,1642136400,1.1457,1.14735,1.14255,1.14315,732
2022-01-18 05:00,1642482000,1.1392,1.1438,1.1325,1.13325,1087
2022-01-19 05:00,1642568400,1.13315,1.13615,1.13315,1.13575,143
2022-01-20 05:00,1642654800,1.1356,1.13725,1.1311,1.1318,523
2022-01-21 05:00,1642741200,1.1318,1.13635,1.1318,1.13465,510
2022-01-24 05:00,1643000400,1.13425,1.13445,1.12965,1.13255,595
2022-01-25 05:00,1643086800,1.13265,1.13265,1.12735,1.1309,195
2022-01-26 05:00,1643173200,1.1309,1.13095,1.124,1.1258,628
2022-01-27 05:00,1643259600,1.12435,1.12435,1.1136,1.11445,1727
2022-01-28 05:00,1643346000,1.11565,1.1177,1.11295,1.11485,459
2022-01-31 05:00,1643605200,1.1156,1.1248,1.11525,1.1247,728
2022-02-01 05:00,1643691600,1.12325,1.12795,1.1227,1.12555,264
2022-02-02 05:00,1643778000,1.1278,1.1329,1.12685,1.1313,1630
2022-02-03 05:00,1643864400,1.1301,1.1452,1.1269,1.14355,935
2022-02-04 05:00,1643950800,1.14445,1.14825,1.14175,1.145,292
2022-02-07 05:00,1644210000,1.14565,1.1459,1.1418,1.14455,960
2022-02-08 05:00,1644296400,1.1446,1.145,1.14,1.1415,860
2022-02-09 05:00,1644382800,1.14085,1.14475,1.1406,1.14335,453
2022-02-10 05:00,1644469200,1.1426,1.1493,1.13815,1.145,1325
2022-02-11 05:00,1644555600,1.13925,1.1403,1.13365,1.13365,2823
2022-02-14 05:00,1644814800,1.13605,1.13605,1.13025,1.13025,196923
2022-02-15 05:00,1644901200,1.13125,1.13745,1.131,1.1366,164346
2022-02-16 05:00,1644987600,1.13625,1.1402,1.13515,1.1396,133192
2022-02-17 05:00,1645074000,1.138,1.1392,1.13285,1.1369,165653
2022-02-18 05:00,1645160400,1.1367,1.13825,1.13185,1.13375,131424
2022-02-22 05:00,1645506000,1.13235,1.13965,1.1293,1.134,292834
2022-02-23 05:00,1645592400,1.13315,1.1364,1.13055,1.13125,133507
2022-02-24 05:00,1645678800,1.131,1.1313,1.11105,1.1191,375205
2022-02-25 05:00,1645765200,1.12,1.12785,1.117,1.12675,236997
2022-02-28 05:00,1646024400,1.11635,1.1252,1.11485,1.12265,266849
2022-03-01 05:00,1646110800,1.12235,1.12365,1.10935,1.11265,254228
2022-03-02 05:00,1646197200,1.11245,1.1146,1.106,1.1126,270057
2022-03-03 05:00,1646283600,1.11215,1.1125,1.1035,1.106,192381
2022-03-04 05:00,1646370000,1.10675,1.10695,1.08875,1.0913,297263
2022-03-07 05:00,1646629200,1.0928,1.0934,1.08065,1.08485,358901
2022-03-08 05:00,1646715600,1.0854,1.0959,1.085,1.09075,417350
2022-03-09 05:00,1646802000,1.09005,1.10965,1.089,1.1079,594422
2022-03-10 05:00,1646888400,1.10705,1.11225,1.0977,1.09865,461359
2022-03-11 05:00,1646974800,1.099,1.10435,1.09015,1.0907,149314
2022-03-14 04:00,1647230400,1.0915,1.0988,1.09045,1.0961,1965
2022-03-15 04:00,1647316800,1.09515,1.10295,1.0943,1.09535,1393
2022-03-16 04:00,1647403200,1.0977,1.1057,1.0966,1.10155,1549
2022-03-17 04:00,1647489600,1.103,1.11475,1.103,1.1112,2217
2022-03-18 04:00,1647576000,1.11,1.11265,1.1014,1.10595,1003
2022-03-21 04:00,1647835200,1.1064,1.10745,1.10235,1.1025,662
2022-03-22 04:00,1647921600,1.10195,1.1049,1.097,1.10315,532
2022-03-23 04:00,1648008000,1.10495,1.10495,1.09735,1.1017,983
2022-03-24 04:00,1648094400,1.1014,1.10215,1.09785,1.1007,1968
2022-03-25 04:00,1648180800,1.1015,1.1042,1.09885,1.0995,768
2022-03-28 04:00,1648440000,1.0988,1.1004,1.0955,1.09975,414
2022-03-29 04:00,1648526400,1.09805,1.1144,1.09805,1.1096,579
2022-03-30 04:00,1648612800,1.11,1.11735,1.11,1.11685,664
2022-03-31 04:00,1648699200,1.117,1.119,1.1069,1.1075,730
2022-04-01 04:00,1648785600,1.10715,1.1076,1.10345,1.10445,551
2022-04-04 04:00,1649044800,1.10455,1.10575,1.097,1.09765,353
2022-04-05 04:00,1649131200,1.09795,1.099,1.09055,1.09085,386
2022-04-06 04:00,1649217600,1.0909,1.094,1.0883,1.0904,1272
2022-04-07 04:00,1649304000,1.09015,1.09395,1.08685,1.0883,1471
2022-04-08 04:00,1649390400,1.08635,1.08925,1.08375,1.08865,458
2022-04-11 04:00,1649649600,1.0916,1.0931,1.0879,1.08925,605
2022-04-12 04:00,1649736000,1.0886,1.0905,1.08245,1.08315,854
2022-04-13 04:00,1649822400,1.08295,1.08855,1.081,1.08855,671
2022-04-14 04:00,1649908800,1.0908,1.092,1.0772,1.08315,2176
2022-04-18 04:00,1650254400,1.079,1.0806,1.07895,1.0802,278
2022-04-19 04:00,1650340800,1.0795,1.0821,1.0775,1.08,591
2022-04-20 04:00,1650427200,1.0796,1.0873,1.0796,1.08515,716
2022-04-21 04:00,1650513600,1.08375,1.09375,1.08375,1.08475,672
2022-04-22 04:00,1650600000,1.0847,1.086,1.0784,1.0795,727
2022-04-25 04:00,1650859200,1.0815,1.08185,1.07105,1.07185,601
2022-04-26 04:00,1650945600,1.0737,1.07385,1.06535,1.06535,484
2022-04-27 04:00,1651032000,1.06555,1.06605,1.05235,1.05685,758
2022-04-28 04:00,1651118400,1.0549,1.05665,1.04795,1.05115,911
2022-04-29 04:00,1651204800,1.05235,1.05835,1.0521,1.0576,346
2022-05-02 04:00,1651464000,1.0551,1.0551,1.0498,1.0498,94
2022-05-03 04:00,1651550400,1.05135,1.0578,1.0504,1.05315,95
2022-05-04 04:00,1651636800,1.0519,1.0626,1.05155,1.06225,255
2022-05-05 04:00,1651723200,1.063,1.0639,1.0508,1.0519,905
2022-05-06 04:00,1651809600,1.0542,1.06,1.0502,1.05505,104
2022-05-09 04:00,1652068800,1.0517,1.0592,1.05095,1.05685,465
2022-05-10 04:00,1652155200,1.05655,1.05825,1.0532,1.0533,131
2022-05-11 04:00,1652241600,1.05385,1.05725,1.0514,1.05325,508
2022-05-12 04:00,1652328000,1.0513,1.05265,1.03575,1.037,552
2022-05-13 04:00,1652414400,1.03835,1.0415,1.03735,1.04045,674
2022-05-16 04:00,1652673600,1.0423,1.04315,1.04085,1.04085,128856
2022-05-17 04:00,1652760000,1.04495,1.05675,1.04395,1.0556,195154
2022-05-18 04:00,1652846400,1.056,1.0575,1.04715,1.04855,156046
2022-05-19 04:00,1652932800,1.04755,1.06175,1.0471,1.0609,204257
2022-05-20 04:00,1653019200,1.0595,1.06085,1.0542,1.05555,144651
2022-05-23 04:00,1653278400,1.05755,1.0707,1.05695,1.0702,208386
2022-05-24 04:00,1653364800,1.0702,1.0757,1.067,1.07335,201509
2022-05-25 04:00,1653451200,1.07415,1.07475,1.06505,1.0696,158841
2022-05-26 04:00,1653537600,1.06885,1.0739,1.0669,1.0727,121917
2022-05-27 04:00,1653624000,1.0737,1.0772,1.0703,1.07385,156848
2022-05-31 04:00,1653969600,1.0741,1.07935,1.0685,1.0742,264239
2022-06-01 04:00,1654056000,1.07385,1.07445,1.06325,1.06605,197477
2022-06-02 04:00,1654142400,1.0654,1.07545,1.06485,1.0743,136648
2022-06-03 04:00,1654228800,1.0752,1.0768,1.0707,1.07245,116622
2022-06-06 04:00,1654488000,1.07215,1.07555,1.06875,1.06935,130736
2022-06-07 04:00,1654574400,1.0697,1.0717,1.0655,1.07095,255412
2022-06-08 04:00,1654660800,1.07075,1.0751,1.06735,1.07175,505278
2022-06-09 04:00,1654747200,1.0719,1.0775,1.06115,1.0628,512937
2022-06-10 04:00,1654833600,1.0619,1.06425,1.05055,1.0522,137507
2022-06-13 04:00,1655092800,1.0508,1.0512,1.04315,1.04315,493
2022-06-14 04:00,1655179200,1.043,1.05,1.0425,1.0434,911
2022-06-15 04:00,1655265600,1.0443,1.05295,1.03835,1.04455,1885
2022-06-16 04:00,1655352000,1.04715,1.062,1.0402,1.05955,1388
2022-06-17 04:00,1655438400,1.05665,1.0571,1.0467,1.0511,700
2022-06-21 04:00,1655784000,1.0505,1.06,1.0493,1.05495,1003
2022-06-22 04:00,1655870400,1.0556,1.06185,1.04885,1.05845,1469
2022-06-23 04:00,1655956800,1.05835,1.05935,1.05015,1.05365,2158
2022-06-24 04:00,1656043200,1.0531,1.0586,1.0531,1.0564,410
2022-06-27 04:00,1656302400,1.05695,1.063,1.0566,1.05985,135
2022-06-28 04:00,1656388800,1.05965,1.0618,1.0524,1.05365,1357
2022-06-29 04:00,1656475200,1.05365,1.0545,1.04495,1.04535,867
2022-06-30 04:00,1656561600,1.0463,1.0494,1.03955,1.04905,1246
2022-07-01 04:00,1656648000,1.04785,1.048,1.038,1.0434,357
2022-07-05 04:00,1656993600,1.0447,1.0467,1.02445,1.02695,1041
2022-07-06 04:00,1657080000,1.02725,1.02745,1.0171,1.01885,267
2022-07-07 04:00,1657166400,1.01935,1.0216,1.0154,1.0163,122
2022-07-08 04:00,1657252800,1.01795,1.019,1.00845,1.01785,226
2022-07-11 04:00,1657512000,1.01745,1.01745,1.004,1.00665,262
2022-07-12 04:00,1657598400,1.00345,1.00775,1.00045,1.0048,370
2022-07-13 04:00,1657684800,1.0034,1.01165,1.0004,1.0066,1168
2022-07-14 04:00,1657771200,1.0037,1.00475,0.9956,1.0031,637
2022-07-15 04:00,1657857600,1.00175,1.0096,1.0015,1.00805,1172
2022-07-18 04:00,1658116800,1.0107,1.01715,1.0092,1.01715,585
2022-07-19 04:00,1658203200,1.015,1.02875,1.0142,1.0252,525
2022-07-20 04:00,1658289600,1.0248,1.0289,1.01785,1.0196,329
2022-07-21 04:00,1658376000,1.02025,1.02945,1.01805,1.0209,787
2022-07-22 04:00,1658462400,1.02235,1.0266,1.015,1.0211,343
2022-07-25 04:00,1658721600,1.02265,1.0269,1.02,1.0236,356
2022-07-26 04:00,1658808000,1.0243,1.0246,1.0124,1.0136,522
2022-07-27 04:00,1658894400,1.0147,1.02215,1.01135,1.02105,545
2022-07-28 04:00,1658980800,1.0209,1.024,1.0127,1.01875,497
2022-07-29 04:00,1659067200,1.0226,1.02605,1.01605,1.02305,1359
2022-08-01 04:00,1659326400,1.02195,1.0283,1.02195,1.0264,124
2022-08-02 04:00,1659412800,1.02665,1.03015,1.01785,1.01815,172
2022-08-03 04:00,1659499200,1.0176,1.0218,1.0133,1.01625,358
2022-08-04 04:00,1659585600,1.01715,1.02565,1.017,1.02565,258
2022-08-05 04:00,1659672000,1.02355,1.02355,1.0156,1.0182,142
2022-08-08 04:00,1659931200,1.01675,1.0219,1.01645,1.0192,330
2022-08-09 04:00,1660017600,1.0198,1.0251,1.0198,1.02095,301
2022-08-10 04:00,1660104000,1.02135,1.03695,1.0208,1.0308,427
2022-08-11 04:00,1660190400,1.02955,1.0365,1.029,1.0326,469
2022-08-12 04:00,1660276800,1.0318,1.0318,1.02505,1.0266,1053
2022-08-15 04:00,1660536000,1.0265,1.027,1.01875,1.0192,171051
2022-08-16 04:00,1660622400,1.01815,1.02175,1.01445,1.0191,188654
2022-08-17 04:00,1660708800,1.0191,1.0225,1.0167,1.02065,170845
2022-08-18 04:00,1660795200,1.0197,1.02125,1.00985,1.01095,227077
2022-08-19 04:00,1660881600,1.0106,1.0114,1.00505,1.0051,181920
2022-08-22 04:00,1661140800,1.00565,1.0065,0.99435,0.99505,222495
2022-08-23 04:00,1661227200,0.99585,1.00355,0.9916,0.9978,271379
2022-08-24 04:00,1661313600,0.99835,1.00165,0.9926,0.9979,241878
2022-08-25 04:00,1661400000,0.99835,1.0048,0.99635,0.9984,219088
2022-08-26 04:00,1661486400,0.99895,1.0104,0.996,0.9978,320202
2022-08-29 04:00,1661745600,0.997,1.00425,0.99265,1.0004,240802
2022-08-30 04:00,1661832000,1.001,1.0067,0.99935,1.0033,259394
2022-08-31 04:00,1661918400,1.00285,1.00905,0.99825,1.0056,270752
2022-09-01 04:00,1662004800,1.00615,1.0064,0.9919,0.99535,283439
2022-09-02 04:00,1662091200,0.99545,1.00425,0.99505,0.9974,284030
2022-09-06 04:00,1662436800,0.99375,0.9994,0.9871,0.99165,458847
2022-09-07 04:00,1662523200,0.9911,1.00185,0.98825,0.9989,304998
2022-09-08 04:00,1662609600,1.0014,1.005,0.9935,0.99965,361481
2022-09-09 04:00,1662696000,0.99995,1.01175,0.99995,1.0048,269894
2022-09-12 04:00,1662955200,1.0092,1.0202,1.0062,1.01215,367733
2022-09-13 04:00,1663041600,1.01245,1.019,0.99685,0.998,395987
2022-09-14 04:00,1663128000,0.99695,1.00265,0.9958,0.99825,555034
2022-09-15 04:00,1663214400,0.9981,1.0019,0.9957,0.99935,340455
2022-09-16 04:00,1663300800,0.99985,1.00365,0.9945,1.0003,77782
2022-09-19 04:00,1663560000,1.0014,1.0027,0.99675,0.99895,1235
2022-09-20 04:00,1663646400,1.00485,1.0075,0.99765,0.99885,3124
2022-09-21 04:00,1663732800,0.99925,0.9993,0.98335,0.99255,1293
2022-09-22 04:00,1663819200,0.98555,0.9921,0.9826,0.9847,729
2022-09-23 04:00,1663905600,0.98535,0.9866,0.9686,0.96875,1187
2022-09-26 04:00,1664164800,0.9714,0.9723,0.9578,0.96265,720
2022-09-27 04:00,1664251200,0.9642,0.9681,0.9585,0.96135,1447
2022-09-28 04:00,1664337600,0.961,0.9762,0.9552,0.97575,476
2022-09-29 04:00,1664424000,0.9743,0.982,0.965,0.9802,1642
2022-09-30 04:00,1664510400,0.98255,0.9861,0.97455,0.98175,2086
2022-10-03 04:00,1664769600,0.98035,0.98525,0.9766,0.9826,1478
2022-10-04 04:00,1664856000,0.98405,1.0007,0.98325,1.0007,664
2022-10-05 04:00,1664942400,0.99895,0.99905,0.98435,0.99015,393
2022-10-06 04:00,1665028800,0.9917,0.9928,0.9798,0.9798,519
2022-10-07 04:00,1665115200,0.98,0.9817,0.9737,0.9741,872
2022-10-10 04:00,1665374400,0.9734,0.9748,0.969,0.97085,646
2022-10-11 04:00,1665460800,0.9717,0.9775,0.9687,0.97115,885
2022-10-12 04:00,1665547200,0.9704,0.9736,0.96725,0.97005,1132
2022-10-13 04:00,1665633600,0.9704,0.9804,0.9636,0.97875,2119
2022-10-14 04:00,1665720000,0.9773,0.98,0.9719,0.97245,1882
2022-10-17 04:00,1665979200,0.9739,0.97985,0.97355,0.97985,1210
2022-10-18 04:00,1666065600,0.987,0.9885,0.9835,0.98685,1652
2022-10-19 04:00,1666152000,0.98805,0.98805,0.9778,0.97845,528
2022-10-20 04:00,1666238400,0.9792,0.986,0.9789,0.98,485
2022-10-21 04:00,1666324800,0.97985,0.9882,0.97215,0.98605,868
2022-10-24 04:00,1666584000,0.9906,0.99145,0.98315,0.989,576
2022-10-25 04:00,1666670400,0.98975,0.9987,0.98675,0.9973,1448
2022-10-26 04:00,1666756800,0.99735,1.01,0.9957,1.00945,1561
2022-10-27 04:00,1666843200,1.0095,1.0103,0.9969,0.9973,1967
2022-10-28 04:00,1666929600,0.9978,1.0005,0.99435,0.9966,1803
2022-10-31 04:00,1667188800,0.9964,0.9966,0.9886,0.98975,1211
2022-11-01 04:00,1667275200,0.98935,0.99545,0.98685,0.9892,1270
2022-11-02 04:00,1667361600,0.989,0.9975,0.9824,0.98945,786
2022-11-03 04:00,1667448000,0.9817,0.983,0.9744,0.97585,1319
2022-11-04 04:00,1667534400,0.97685,0.997,0.9768,0.9954,1318
2022-11-07 05:00,1667797200,0.9931,1.0035,0.99235,1.0031,720
2022-11-08 05:00,1667883600,1.00225,1.0093,0.9991,1.0078,846
2022-11-09 05:00,1667970000,1.0058,1.00835,0.99985,1.0003,267
2022-11-10 05:00,1668056400,1.0022,1.02165,0.994,1.0182,1866
2022-11-11 05:00,1668142800,1.01795,1.03635,1.01745,1.03635,4070
2022-11-14 05:00,1668402000,1.03305,1.03305,1.0281,1.03305,221118
2022-11-15 05:00,1668488400,1.03495,1.05085,1.03055,1.039,356311
2022-11-16 05:00,1668574800,1.0372,1.04635,1.0356,1.0417,243491
2022-11-17 05:00,1668661200,1.0419,1.0429,1.03275,1.0387,182882
2022-11-18 05:00,1668747600,1.0388,1.0418,1.03355,1.035,148836
2022-11-21 05:00,1669006800,1.03495,1.03545,1.02435,1.026,146340
2022-11-22 05:00,1669093200,1.02635,1.0328,1.02595,1.0315,126878
2022-11-23 05:00,1669179600,1.0323,1.0425,1.0316,1.042,176840
2022-11-25 14:30,1669386600,1.0415,1.0466,1.0371,1.0422,216841
2022-11-28 05:00,1669611600,1.03955,1.05135,1.0346,1.0354,220977
2022-11-29 05:00,1669698000,1.03595,1.041,1.03345,1.0342,177718
2022-11-30 05:00,1669784400,1.03455,1.0443,1.03045,1.04285,269790
2022-12-01 05:00,1669870800,1.0421,1.05485,1.04055,1.05315,262082
2022-12-02 05:00,1669957200,1.0537,1.0557,1.04395,1.05475,248892
2022-12-05 05:00,1670216400,1.0549,1.0606,1.04915,1.05045,221630
2022-12-06 05:00,1670302800,1.0507,1.05435,1.04695,1.04735,168170
2022-12-07 05:00,1670389200,1.04735,1.056,1.04525,1.05235,240041
2022-12-08 05:00,1670475600,1.0517,1.0573,1.04965,1.05675,175731
2022-12-09 05:00,1670562000,1.05635,1.05955,1.05,1.0553,208338
2022-12-12 05:00,1670821200,1.0543,1.05865,1.0512,1.0529,245288
2022-12-13 05:00,1670907600,1.0544,1.06795,1.0533,1.0642,450111
2022-12-14 05:00,1670994000,1.0639,1.0701,1.062,1.06695,559291
2022-12-15 05:00,1671080400,1.06845,1.07385,1.05945,1.06315,437740
2022-12-16 05:00,1671166800,1.0628,1.0664,1.05865,1.06015,65403
2022-12-19 05:00,1671426000,1.05895,1.0657,1.05825,1.06095,2199
2022-12-20 05:00,1671512400,1.06355,1.06805,1.06055,1.06465,1837
2022-12-21 05:00,1671598800,1.06505,1.06675,1.06135,1.0637,769
2022-12-22 05:00,1671685200,1.06285,1.0675,1.05955,1.0615,1015
2022-12-23 05:00,1671771600,1.06135,1.0655,1.06085,1.06405,931
2022-12-27 05:00,1672117200,1.0658,1.0685,1.06335,1.066,257
2022-12-28 05:00,1672203600,1.065,1.06895,1.0625,1.06335,626
2022-12-29 05:00,1672290000,1.0636,1.0696,1.06285,1.069,494
2022-12-30 05:00,1672376400,1.0677,1.072,1.06535,1.0712,298
2023-01-03 05:00,1672722000,1.0671,1.0688,1.0535,1.05765,1083
2023-01-04 05:00,1672808400,1.05605,1.06365,1.05545,1.0615,755
2023-01-05 05:00,1672894800,1.0612,1.0636,1.0525,1.0537,648
2023-01-06 05:00,1672981200,1.0528,1.06535,1.049,1.0653,801
2023-01-09 05:00,1673240400,1.0665,1.0767,1.0663,1.0757,2470
2023-01-10 05:00,1673326800,1.0735,1.0757,1.0715,1.0745,684
2023-01-11 05:00,1673413200,1.0748,1.07755,1.07305,1.0767,901
2023-01-12 05:00,1673499600,1.07585,1.0867,1.07445,1.085,1622
2023-01-13 05:00,1673586000,1.08685,1.08685,1.0787,1.0832,294
2023-01-17 05:00,1673931600,1.0858,1.08845,1.0809,1.08135,856
2023-01-18 05:00,1674018000,1.08045,1.09035,1.07895,1.08155,255
2023-01-19 05:00,1674104400,1.08,1.08485,1.08,1.08485,998
2023-01-20 05:00,1674190800,1.08535,1.08735,1.08335,1.08705,90
2023-01-23 05:00,1674450000,1.0887,1.09345,1.08645,1.08735,409
2023-01-24 05:00,1674536400,1.08885,1.0912,1.08525,1.0899,252
2023-01-25 05:00,1674622800,1.0901,1.09345,1.08725,1.0929,187
2023-01-26 05:00,1674709200,1.0933,1.09375,1.0863,1.09005,254
2023-01-27 05:00,1674795600,1.09075,1.09085,1.08505,1.08805,239
2023-01-30 05:00,1675054800,1.08765,1.0923,1.08505,1.0857,426
2023-01-31 05:00,1675141200,1.0861,1.08835,1.0812,1.0873,478
2023-02-01 05:00,1675227600,1.0868,1.1013,1.0867,1.09865,1193
2023-02-02 05:00,1675314000,1.1014,1.1032,1.08935,1.09145,557
2023-02-03 05:00,1675400400,1.0903,1.0942,1.0802,1.08095,601
2023-02-06 05:00,1675659600,1.07955,1.08,1.0715,1.0729,437
2023-02-07 05:00,1675746000,1.07375,1.0769,1.06845,1.07235,717
2023-02-08 05:00,1675832400,1.0734,1.0763,1.07135,1.0727,677
2023-02-09 05:00,1675918800,1.0718,1.0792,1.07145,1.0739,419
2023-02-10 05:00,1676005200,1.07335,1.0744,1.0667,1.0674,739
2023-02-13 05:00,1676264400,1.06715,1.07035,1.06695,1.07035,143300
2023-02-14 05:00,1676350800,1.07425,1.08245,1.07245,1.07565,274364
2023-02-15 05:00,1676437200,1.07515,1.0762,1.06775,1.0698,189147
2023-02-16 05:00,1676523600,1.0703,1.07365,1.06675,1.07045,188628
2023-02-17 05:00,1676610000,1.0686,1.0713,1.06265,1.0711,189740
2023-02-21 05:00,1676955600,1.0706,1.07185,1.06505,1.06615,252448
2023-02-22 05:00,1677042000,1.0665,1.0676,1.0611,1.06125,164068
2023-02-23 05:00,1677128400,1.06165,1.0638,1.0587,1.06055,166113
2023-02-24 05:00,1677214800,1.06055,1.0624,1.05455,1.05605,202417
2023-02-27 05:00,1677474000,1.05535,1.06295,1.0542,1.0618,177211
2023-02-28 05:00,1677560400,1.0617,1.0654,1.0583,1.0592,202147
2023-03-01 05:00,1677646800,1.0589,1.06995,1.05735,1.06655,222729
2023-03-02 05:00,1677733200,1.06775,1.0679,1.0582,1.05965,198643
2023-03-03 05:00,1677819600,1.06025,1.0644,1.05935,1.06405,184802
2023-03-06 05:00,1678078800,1.06345,1.0699,1.06265,1.068,217779
2023-03-07 05:00,1678165200,1.06855,1.06985,1.05495,1.0555,347159
2023-03-08 05:00,1678251600,1.0553,1.05775,1.05275,1.05495,648642
2023-03-09 05:00,1678338000,1.0548,1.05925,1.05395,1.05775,398301
2023-03-10 05:00,1678424400,1.05845,1.0702,1.0549,1.0644,162990
2023-03-13 04:00,1678680000,1.0687,1.0737,1.06545,1.07195,751
2023-03-14 04:00,1678766400,1.07595,1.07715,1.0708,1.07625,618
2023-03-15 04:00,1678852800,1.07535,1.0778,1.054,1.061,1375
2023-03-16 04:00,1678939200,1.05915,1.0652,1.057,1.06315,839
2023-03-17 04:00,1679025600,1.0656,1.07005,1.06335,1.07005,567
2023-03-20 04:00,1679284800,1.0709,1.0748,1.0656,1.07405,1251
2023-03-21 04:00,1679371200,1.07345,1.0805,1.0722,1.07815,253
2023-03-22 04:00,1679457600,1.07785,1.09225,1.0778,1.0898,137
2023-03-23 04:00,1679544000,1.0888,1.09405,1.0842,1.08565,445
2023-03-24 04:00,1679630400,1.0851,1.0851,1.0738,1.07745,454
2023-03-27 04:00,1679889600,1.079,1.08125,1.076,1.0809,126
2023-03-28 04:00,1679976000,1.0825,1.0857,1.0825,1.0856,115
2023-03-29 04:00,1680062400,1.0858,1.088,1.08385,1.08565,170
2023-03-30 04:00,1680148800,1.08555,1.09305,1.08445,1.0915,265
2023-03-31 04:00,1680235200,1.09255,1.09255,1.0856,1.08645,184
2023-04-03 04:00,1680494400,1.08325,1.0921,1.08015,1.09045,218
2023-04-04 04:00,1680580800,1.08965,1.0974,1.0895,1.0961,224
2023-04-05 04:00,1680667200,1.09705,1.09705,1.08995,1.0914,119
2023-04-06 04:00,1680753600,1.09035,1.09395,1.0891,1.0936,136
2023-04-10 04:00,1681099200,1.09145,1.0919,1.08365,1.0863,53
2023-04-11 04:00,1681185600,1.087,1.093,1.087,1.0911,1156
2023-04-12 04:00,1681272000,1.0919,1.1003,1.09175,1.0998,1282
2023-04-13 04:00,1681358400,1.09955,1.1068,1.0979,1.1049,809
2023-04-14 04:00,1681444800,1.1071,1.1072,1.0974,1.0999,1099
2023-04-17 04:00,1681704000,1.0988,1.0988,1.09245,1.09245,306
2023-04-18 04:00,1681790400,1.09405,1.0999,1.09405,1.0989,67
2023-04-19 04:00,1681876800,1.10005,1.10005,1.0937,1.0969,125
2023-04-20 04:00,1681963200,1.0971,1.09945,1.09535,1.09795,376
2023-04-21 04:00,1682049600,1.0986,1.10025,1.0952,1.09905,171
2023-04-24 04:00,1682308800,1.09985,1.106,1.09885,1.106,77
2023-04-25 04:00,1682395200,1.1065,1.10775,1.09775,1.0985,324
2023-04-26 04:00,1682481600,1.09855,1.1101,1.09855,1.1051,1216
2023-04-27 04:00,1682568000,1.1059,1.1067,1.10105,1.1036,93
2023-04-28 04:00,1682654400,1.1027,1.105,1.0978,1.10265,65
2023-05-01 04:00,1682913600,1.1003,1.1017,1.09745,1.0979,6
2023-05-02 04:00,1683000000,1.099,1.1009,1.0954,1.1009,322
2023-05-03 04:00,1683086400,1.10315,1.1092,1.10285,1.10685,196
2023-05-04 04:00,1683172800,1.1088,1.1092,1.10115,1.1021,77
2023-05-05 04:00,1683259200,1.1018,1.1049,1.0977,1.10315,43
2023-05-08 04:00,1683518400,1.1024,1.1054,1.101,1.101,180
2023-05-09 04:00,1683604800,1.1,1.1003,1.0955,1.097,851
2023-05-10 04:00,1683691200,1.09705,1.10065,1.0953,1.09795,112
2023-05-11 04:00,1683777600,1.0967,1.0967,1.09045,1.09195,816
2023-05-12 04:00,1683864000,1.09225,1.0927,1.0854,1.0854,752
2023-05-15 04:00,1684123200,1.0863,1.088,1.0863,1.08795,153258
2023-05-16 04:00,1684209600,1.0897,1.0926,1.08755,1.0889,151791
2023-05-17 04:00,1684296000,1.08835,1.0894,1.0831,1.0858,173545
2023-05-18 04:00,1684382400,1.08595,1.08665,1.0781,1.0785,166280
2023-05-19 04:00,1684468800,1.07885,1.08475,1.0778,1.0826,211013
2023-05-22 04:00,1684728000,1.0827,1.08485,1.0813,1.0836,162641
2023-05-23 04:00,1684814400,1.08295,1.0837,1.0777,1.07925,204007
2023-05-24 04:00,1684900800,1.07885,1.08175,1.0763,1.0766,227412
2023-05-25 04:00,1684987200,1.07655,1.07705,1.07215,1.0735,205617
2023-05-26 04:00,1685073600,1.074,1.0774,1.07155,1.07435,219134
2023-05-30 04:00,1685419200,1.07385,1.07595,1.0685,1.0732,259570
2023-05-31 04:00,1685505600,1.0749,1.0749,1.0647,1.06855,281888
2023-06-01 04:00,1685592000,1.07005,1.07785,1.06715,1.07715,228350
2023-06-02 04:00,1685678400,1.07725,1.0788,1.0714,1.07205,205107
2023-06-05 04:00,1685937600,1.07165,1.0731,1.06825,1.07225,178742
2023-06-06 04:00,1686024000,1.0721,1.07405,1.06745,1.0702,191540
2023-06-07 04:00,1686110400,1.0701,1.0747,1.06755,1.0709,246296
2023-06-08 04:00,1686196800,1.07055,1.07925,1.07025,1.0785,219446
2023-06-09 04:00,1686283200,1.0788,1.07905,1.07475,1.07545,230751
2023-06-12 04:00,1686542400,1.07525,1.07945,1.07375,1.076,349852
2023-06-13 04:00,1686628800,1.076,1.0828,1.076,1.07935,535272
2023-06-14 04:00,1686715200,1.07935,1.0867,1.0777,1.0837,379669
2023-06-15 04:00,1686801600,1.0833,1.09535,1.08045,1.0951,102160
2023-06-16 04:00,1686888000,1.0947,1.0969,1.0936,1.0942,1320
2023-06-20 04:00,1687233600,1.0953,1.096,1.09085,1.09325,545
2023-06-21 04:00,1687320000,1.09325,1.1005,1.0921,1.09995,641
2023-06-22 04:00,1687406400,1.1,1.10195,1.0965,1.09715,727
2023-06-23 04:00,1687492800,1.0971,1.09715,1.08585,1.09035,962
2023-06-26 04:00,1687752000,1.0912,1.09315,1.09,1.0926,1049
2023-06-27 04:00,1687838400,1.0917,1.0987,1.0916,1.09705,375
2023-06-28 04:00,1687924800,1.09675,1.09705,1.09075,1.0933,427
2023-06-29 04:00,1688011200,1.09195,1.0948,1.0868,1.08755,528
2023-06-30 04:00,1688097600,1.0872,1.09385,1.0843,1.09185,870
2023-07-03 13:30,1688391000,1.0916,1.0938,1.0877,1.09185,428
2023-07-05 04:00,1688529600,1.09165,1.09165,1.08595,1.08595,489
2023-07-06 04:00,1688616000,1.0853,1.09055,1.08385,1.08855,364
2023-07-07 04:00,1688702400,1.08965,1.09745,1.0872,1.0972,415
2023-07-10 04:00,1688961600,1.0971,1.10045,1.0953,1.1003,525
2023-07-11 04:00,1689048000,1.1006,1.1027,1.0985,1.10025,339
2023-07-12 04:00,1689134400,1.1014,1.11435,1.1014,1.1141,874
2023-07-13 04:00,1689220800,1.11375,1.1228,1.11355,1.12235,598
2023-07-14 04:00,1689307200,1.12295,1.12425,1.1207,1.12345,598
2023-07-17 04:00,1689566400,1.1232,1.1246,1.1206,1.1225,916
2023-07-18 04:00,1689652800,1.12545,1.12865,1.1228,1.12435,523
2023-07-19 04:00,1689739200,1.1246,1.1251,1.12,1.12165,752
2023-07-20 04:00,1689825600,1.1222,1.12405,1.1137,1.1139,884
2023-07-21 04:00,1689912000,1.11455,1.1154,1.11245,1.1137,837
2023-07-24 04:00,1690171200,1.1139,1.11535,1.1073,1.10825,410
2023-07-25 04:00,1690257600,1.1071,1.10935,1.1039,1.10565,458
2023-07-26 04:00,1690344000,1.10785,1.11135,1.1068,1.11135,197
2023-07-27 04:00,1690430400,1.11065,1.11495,1.09755,1.09815,313
2023-07-28 04:00,1690516800,1.0986,1.105,1.0953,1.10315,336
2023-07-31 04:00,1690776000,1.10265,1.10505,1.1006,1.1006,134
2023-08-01 04:00,1690862400,1.1006,1.1006,1.09635,1.098,590
2023-08-02 04:00,1690948800,1.1023,1.1023,1.0931,1.0949,52
2023-08-03 04:00,1691035200,1.09315,1.0964,1.0919,1.09475,76
2023-08-04 04:00,1691121600,1.09475,1.1044,1.09405,1.1013,306
2023-08-07 04:00,1691380800,1.1013,1.1014,1.09755,1.101,153
2023-08-08 04:00,1691467200,1.1005,1.1005,1.09395,1.09625,1039
2023-08-09 04:00,1691553600,1.09635,1.09905,1.09635,1.09775,201
2023-08-10 04:00,1691640000,1.0978,1.10635,1.0978,1.0992,1682
2023-08-11 04:00,1691726400,1.0991,1.1001,1.09435,1.0951,1548
2023-08-14 04:00,1691985600,1.0946,1.09595,1.09,1.09,173926
2023-08-15 04:00,1692072000,1.09235,1.09705,1.0914,1.0922,185079
2023-08-16 04:00,1692158400,1.09215,1.0951,1.08885,1.08975,135438
2023-08-17 04:00,1692244800,1.0896,1.09345,1.08715,1.08725,156866
2023-08-18 04:00,1692331200,1.0888,1.0909,1.08595,1.0893,144221
2023-08-21 04:00,1692590400,1.0889,1.0929,1.0884,1.0913,120744
2023-08-22 04:00,1692676800,1.0911,1.09445,1.08465,1.0866,195338
2023-08-23 04:00,1692763200,1.08575,1.0885,1.08155,1.08725,212948
2023-08-24 04:00,1692849600,1.08765,1.08885,1.08165,1.08205,154437
2023-08-25 04:00,1692936000,1.0824,1.0853,1.07765,1.08185,231486
2023-08-28 04:00,1693195200,1.08085,1.08325,1.0804,1.0822,112616
2023-08-29 04:00,1693281600,1.083,1.0902,1.0792,1.0882,239560
2023-08-30 04:00,1693368000,1.08885,1.09555,1.08645,1.09335,234282
2023-08-31 04:00,1693454400,1.0937,1.09475,1.08425,1.08525,253955
2023-09-01 04:00,1693540800,1.08505,1.08895,1.0779,1.0786,222120
2023-09-05 04:00,1693886400,1.07815,1.08155,1.07125,1.0728,287431
2023-09-06 04:00,1693972800,1.07285,1.0755,1.07085,1.07315,220167
2023-09-07 04:00,1694059200,1.07315,1.0736,1.06905,1.0699,183256
2023-09-08 04:00,1694145600,1.06995,1.0748,1.0698,1.07015,221189
2023-09-11 04:00,1694404800,1.07175,1.0763,1.0711,1.07485,223922
2023-09-12 04:00,1694491200,1.0755,1.07725,1.07085,1.07355,332730
2023-09-13 04:00,1694577600,1.0762,1.07675,1.0713,1.0735,552945
2023-09-14 04:00,1694664000,1.0729,1.07535,1.06325,1.0636,385312
2023-09-15 04:00,1694750400,1.06445,1.0688,1.06335,1.06615,81682
2023-09-18 04:00,1695009600,1.06635,1.06765,1.06565,1.0666,954
2023-09-19 04:00,1695096000,1.07035,1.073,1.06865,1.06895,771
2023-09-20 04:00,1695182400,1.0694,1.07485,1.06615,1.0697,386
2023-09-21 04:00,1695268800,1.0667,1.0683,1.0628,1.0672,801
2023-09-22 04:00,1695355200,1.06695,1.06775,1.0626,1.0657,436
2023-09-25 04:00,1695614400,1.06585,1.06615,1.05865,1.0596,425
2023-09-26 04:00,1695700800,1.06025,1.0617,1.0574,1.0575,710
2023-09-27 04:00,1695787200,1.0583,1.0583,1.04985,1.0516,482
2023-09-28 04:00,1695873600,1.0516,1.0585,1.04985,1.0561,530
2023-09-29 04:00,1695960000,1.05735,1.06225,1.0571,1.0584,370
2023-10-02 04:00,1696219200,1.0569,1.05975,1.04875,1.04985,1105
2023-10-03 04:00,1696305600,1.0487,1.0493,1.0457,1.0481,2562
2023-10-04 04:00,1696392000,1.04535,1.0538,1.04535,1.05085,1007
2023-10-05 04:00,1696478400,1.05085,1.05545,1.05055,1.05545,557
2023-10-06 04:00,1696564800,1.05435,1.0602,1.0496,1.05965,637
2023-10-09 04:00,1696824000,1.0557,1.05745,1.053,1.05665,4365
2023-10-10 04:00,1696910400,1.0578,1.06215,1.05615,1.06015,2012
2023-10-11 04:00,1696996800,1.0606,1.0636,1.05895,1.0609,5589
2023-10-12 04:00,1697083200,1.0625,1.06325,1.0527,1.0527,2823
2023-10-13 04:00,1697169600,1.0545,1.0545,1.05005,1.0512,2271
2023-10-16 04:00,1697428800,1.0523,1.0539,1.05175,1.05305,6424
2023-10-17 04:00,1697515200,1.0568,1.06055,1.0547,1.058,614
2023-10-18 04:00,1697601600,1.0586,1.06005,1.0534,1.0546,733
2023-10-19 04:00,1697688000,1.0548,1.06225,1.0542,1.0591,893
2023-10-20 04:00,1697774400,1.05915,1.06075,1.0575,1.06015,573
2023-10-23 04:00,1698033600,1.0599,1.0684,1.0583,1.0684,546
2023-10-24 04:00,1698120000,1.06785,1.0698,1.0593,1.0597,837
2023-10-25 04:00,1698206400,1.0599,1.0613,1.05735,1.05745,939
2023-10-26 04:00,1698292800,1.0574,1.0574,1.05345,1.05675,923
2023-10-27 04:00,1698379200,1.057,1.0602,1.0545,1.0574,1012
2023-10-30 04:00,1698638400,1.0573,1.0631,1.05545,1.0624,1298
2023-10-31 04:00,1698724800,1.0623,1.0676,1.0564,1.05875,807
2023-11-01 04:00,1698811200,1.05825,1.05845,1.05215,1.05475,737
2023-11-02 04:00,1698897600,1.06045,1.0671,1.0599,1.06295,459
2023-11-03 04:00,1698984000,1.06255,1.07445,1.0623,1.07395,1121
2023-11-06 05:00,1699246800,1.0732,1.07555,1.07265,1.07275,661
2023-11-07 05:00,1699333200,1.07215,1.07215,1.06695,1.0698,870
2023-11-08 05:00,1699419600,1.06915,1.0715,1.06615,1.07035,734
2023-11-09 05:00,1699506000,1.07055,1.07195,1.0663,1.0668,645
2023-11-10 05:00,1699592400,1.0669,1.0693,1.06655,1.06805,1523
2023-11-13 05:00,1699851600,1.06925,1.06945,1.0665,1.06785,138511
2023-11-14 05:00,1699938000,1.0713,1.0902,1.06725,1.08965,316911
2023-11-15 05:00,1700024400,1.0892,1.0901,1.0846,1.08605,250800
2023-11-16 05:00,1700110800,1.0863,1.09085,1.08435,1.08685,198247
2023-11-17 05:00,1700197200,1.0866,1.0931,1.08375,1.0913,179310
2023-11-20 05:00,1700456400,1.09235,1.09645,1.09095,1.09585,184807
2023-11-21 05:00,1700542800,1.09535,1.09765,1.09115,1.0927,195692
2023-11-22 05:00,1700629200,1.0922,1.09345,1.0864,1.08955,233355
2023-11-24 14:30,1700836200,1.08985,1.09555,1.08925,1.09505,198786
2023-11-27 05:00,1701061200,1.09545,1.09685,1.09345,1.09655,155442
2023-11-28 05:00,1701147600,1.0964,1.1018,1.09435,1.10005,211866
2023-11-29 05:00,1701234000,1.1002,1.1025,1.09685,1.09915,228819
2023-11-30 05:00,1701320400,1.09785,1.0991,1.0886,1.0897,299314
2023-12-01 05:00,1701406800,1.0897,1.09195,1.0835,1.0879,268007
2023-12-04 05:00,1701666000,1.08905,1.0901,1.08095,1.0834,245698
2023-12-05 05:00,1701752400,1.0839,1.0853,1.0784,1.07895,246654
2023-12-06 05:00,1701838800,1.0802,1.08095,1.07635,1.0773,192859
2023-12-07 05:00,1701925200,1.0771,1.08215,1.0759,1.0802,198814
2023-12-08 05:00,1702011600,1.07985,1.08035,1.0727,1.0762,230789
2023-12-11 05:00,1702270800,1.0765,1.0782,1.07445,1.07645,247842
2023-12-12 05:00,1702357200,1.0768,1.08325,1.07635,1.07925,385335
2023-12-13 05:00,1702443600,1.0797,1.0899,1.0775,1.089,542261
2023-12-14 05:00,1702530000,1.08765,1.10105,1.08765,1.0993,388462
2023-12-15 05:00,1702616400,1.0994,1.10045,1.08885,1.08995,78956
2023-12-18 05:00,1702875600,1.0895,1.09305,1.0893,1.0919,534
2023-12-19 05:00,1702962000,1.09385,1.1,1.09305,1.09895,950
2023-12-20 05:00,1703048400,1.09925,1.09935,1.0943,1.0958,851
2023-12-21 05:00,1703134800,1.09525,1.1015,1.09465,1.10105,1163
2023-12-22 05:00,1703221200,1.1019,1.10505,1.10055,1.1026,1119
2023-12-26 05:00,1703566800,1.10265,1.1055,1.10215,1.1055,130
2023-12-27 05:00,1703653200,1.10535,1.11295,1.10425,1.111,412
2023-12-28 05:00,1703739600,1.11195,1.114,1.10625,1.1071,896
2023-12-29 05:00,1703826000,1.10735,1.1085,1.1042,1.1046,484
2024-01-02 05:00,1704171600,1.10445,1.1046,1.0946,1.09515,523
2024-01-03 05:00,1704258000,1.0953,1.09675,1.09005,1.0922,402
2024-01-04 05:00,1704344400,1.0929,1.0972,1.0925,1.09515,458
2024-01-05 05:00,1704430800,1.09475,1.09925,1.08745,1.0949,733
2024-01-08 05:00,1704690000,1.0944,1.0981,1.0927,1.09645,375
2024-01-09 05:00,1704776400,1.09525,1.09635,1.09165,1.09275,549
2024-01-10 05:00,1704862800,1.09365,1.0975,1.09275,1.0973,1336
2024-01-11 05:00,1704949200,1.09795,1.09895,1.0934,1.09825,1047
2024-01-12 05:00,1705035600,1.09805,1.09865,1.0938,1.09865,171
2024-01-16 05:00,1705381200,1.096,1.0981,1.08765,1.0888,825
2024-01-17 05:00,1705467600,1.0892,1.08985,1.08605,1.0889,226
2024-01-18 05:00,1705554000,1.0897,1.09195,1.0861,1.0875,288
2024-01-19 05:00,1705640400,1.0892,1.09115,1.08795,1.0905,246
2024-01-22 05:00,1705899600,1.09055,1.092,1.0893,1.08965,262
2024-01-23 05:00,1705986000,1.08915,1.09265,1.0834,1.08565,1007
2024-01-24 05:00,1706072400,1.0869,1.094,1.08645,1.08995,329
2024-01-25 05:00,1706158800,1.08965,1.0912,1.0835,1.0846,256
2024-01-26 05:00,1706245200,1.08545,1.08915,1.0823,1.0868,273
2024-01-29 05:00,1706504400,1.0852,1.08585,1.0806,1.08275,351
2024-01-30 05:00,1706590800,1.08435,1.0865,1.08215,1.0854,280
2024-01-31 05:00,1706677200,1.0853,1.0895,1.0805,1.08475,895
2024-02-01 05:00,1706763600,1.0823,1.08815,1.0788,1.0879,695
2024-02-02 05:00,1706850000,1.088,1.09035,1.0788,1.07985,299
2024-02-05 05:00,1707109200,1.0794,1.0794,1.07305,1.07485,1119
2024-02-06 05:00,1707195600,1.0748,1.07675,1.0728,1.0755,492
2024-02-07 05:00,1707282000,1.07615,1.0787,1.0761,1.0777,581
2024-02-08 05:00,1707368400,1.07795,1.0792,1.0747,1.07785,736
2024-02-09 05:00,1707454800,1.07795,1.07985,1.07675,1.07855,854
2024-02-12 05:00,1707714000,1.07955,1.08075,1.07605,1.07715,542
2024-02-13 05:00,1707800400,1.0775,1.07955,1.07035,1.07035,1320
2024-02-14 05:00,1707886800,1.07175,1.0734,1.0701,1.073,700
2024-02-15 05:00,1707973200,1.0735,1.07825,1.073,1.07695,1961
2024-02-16 05:00,1708059600,1.07675,1.0775,1.07435,1.077,198486
2024-02-20 05:00,1708405200,1.07895,1.08505,1.0773,1.0818,337055
2024-02-21 05:00,1708491600,1.0822,1.08355,1.0801,1.0828,161716
2024-02-22 05:00,1708578000,1.0831,1.0899,1.08125,1.0832,272260
2024-02-23 05:00,1708664400,1.0832,1.0849,1.08215,1.0833,168902
2024-02-26 05:00,1708923600,1.0831,1.0869,1.0822,1.08555,149888
2024-02-27 05:00,1709010000,1.08605,1.08745,1.08415,1.08535,171507
2024-02-28 05:00,1709096400,1.08525,1.0854,1.08045,1.0842,185902
2024-02-29 05:00,1709182800,1.08455,1.0863,1.08025,1.0809,274847
2024-03-01 05:00,1709269200,1.0811,1.085,1.0804,1.0848,223251
2024-03-04 05:00,1709528400,1.08485,1.08725,1.08435,1.0862,152041
2024-03-05 05:00,1709614800,1.08635,1.0882,1.0845,1.08585,159822
2024-03-06 05:00,1709701200,1.0862,1.09205,1.0847,1.0902,199566
2024-03-07 05:00,1709787600,1.09015,1.0953,1.08715,1.0951,266168
2024-03-08 05:00,1709874000,1.09525,1.0985,1.09215,1.09455,283408
2024-03-11 04:00,1710129600,1.09425,1.09515,1.0917,1.09275,232151
2024-03-12 04:00,1710216000,1.09275,1.09465,1.09045,1.0927,343086
2024-03-13 04:00,1710302400,1.0928,1.0966,1.0922,1.09535,537276
2024-03-14 04:00,1710388800,1.095,1.0956,1.08815,1.0886,340888
2024-03-15 04:00,1710475200,1.08875,1.09,1.08735,1.08905,67749
2024-03-18 04:00,1710734400,1.089,1.09045,1.08825,1.0891,344
2024-03-19 04:00,1710820800,1.0884,1.08875,1.08465,1.08745,525
2024-03-20 04:00,1710907200,1.08755,1.09335,1.08485,1.09265,844
2024-03-21 04:00,1710993600,1.094,1.09525,1.08655,1.08725,1011
2024-03-22 04:00,1711080000,1.087,1.08765,1.08115,1.08135,1175
2024-03-25 04:00,1711339200,1.0815,1.08515,1.0812,1.08445,944
2024-03-26 04:00,1711425600,1.0847,1.08725,1.08345,1.0841,933
2024-03-27 04:00,1711512000,1.08385,1.0845,1.0818,1.08285,535
2024-03-28 04:00,1711598400,1.0831,1.0831,1.0781,1.0793,960
2024-04-01 04:00,1711944000,1.0789,1.08035,1.07375,1.07425,1133
2024-04-02 04:00,1712030400,1.07475,1.0783,1.0731,1.0769,764
2024-04-03 04:00,1712116800,1.07755,1.08415,1.07695,1.084,517
2024-04-04 04:00,1712203200,1.08405,1.088,1.08375,1.0854,1383
2024-04-05 04:00,1712289600,1.0842,1.08475,1.07995,1.0838,422
2024-04-08 04:00,1712548800,1.0841,1.08625,1.0825,1.086,528
2024-04-09 04:00,1712635200,1.08635,1.0887,1.08505,1.08555,753
2024-04-10 04:00,1712721600,1.0861,1.0868,1.07305,1.0738,465
2024-04-11 04:00,1712808000,1.0742,1.0757,1.0701,1.07265,1101
2024-04-12 04:00,1712894400,1.07255,1.07275,1.0627,1.06395,892
2024-04-15 04:00,1713153600,1.06395,1.06615,1.0616,1.06315,734
2024-04-16 04:00,1713240000,1.06375,1.06645,1.0614,1.0642,1037
2024-04-17 04:00,1713326400,1.0629,1.06895,1.0622,1.0681,855
2024-04-18 04:00,1713412800,1.0683,1.0699,1.06525,1.06545,663
2024-04-19 04:00,1713499200,1.0652,1.06855,1.06215,1.06595,675
2024-04-22 04:00,1713758400,1.06665,1.06795,1.0633,1.06675,371
2024-04-23 04:00,1713844800,1.06625,1.072,1.0648,1.0712,1434
2024-04-24 04:00,1713931200,1.0713,1.072,1.06875,1.0701,830
2024-04-25 04:00,1714017600,1.0706,1.07465,1.0687,1.07345,986
2024-04-26 04:00,1714104000,1.07365,1.0755,1.0682,1.0712,570
2024-04-29 04:00,1714363200,1.06995,1.07385,1.0696,1.073,165
2024-04-30 04:00,1714449600,1.0724,1.0737,1.0677,1.06825,390
2024-05-01 04:00,1714536000,1.06735,1.0737,1.06565,1.07325,906
2024-05-02 04:00,1714622400,1.072,1.0734,1.0679,1.0734,334
2024-05-03 04:00,1714708800,1.07325,1.08155,1.07325,1.07705,1051
2024-05-06 04:00,1714968000,1.0767,1.0793,1.0764,1.0778,241
2024-05-07 04:00,1715054400,1.0769,1.079,1.0752,1.07535,393
2024-05-08 04:00,1715140800,1.07505,1.07555,1.0739,1.07475,580
2024-05-09 04:00,1715227200,1.0749,1.0785,1.07275,1.07825,594
2024-05-10 04:00,1715313600,1.0785,1.079,1.0763,1.0774,1304
2024-05-13 04:00,1715572800,1.07705,1.0801,1.07705,1.0801,133042
2024-05-14 04:00,1715659200,1.0807,1.08415,1.07805,1.08355,199348
2024-05-15 04:00,1715745600,1.0834,1.09015,1.08285,1.08935,233825
2024-05-16 04:00,1715832000,1.08995,1.09095,1.0868,1.0885,189968
2024-05-17 04:00,1715918400,1.08815,1.0892,1.08495,1.0889,162932
2024-05-20 04:00,1716177600,1.08825,1.08975,1.0867,1.0878,130461
2024-05-21 04:00,1716264000,1.08715,1.08875,1.08555,1.0865,142312
2024-05-22 04:00,1716350400,1.0868,1.0876,1.08295,1.0834,173233
2024-05-23 04:00,1716436800,1.0837,1.0872,1.0815,1.08155,211289
2024-05-24 04:00,1716523200,1.0825,1.08685,1.0816,1.08605,144020
2024-05-28 04:00,1716868800,1.08585,1.0899,1.0851,1.08685,254031
2024-05-29 04:00,1716955200,1.0868,1.08715,1.0809,1.08155,254908
2024-05-30 04:00,1717041600,1.0812,1.0853,1.0796,1.08445,223036
2024-05-31 04:00,1717128000,1.084,1.089,1.0818,1.085,273138
2024-06-03 04:00,1717387200,1.08575,1.09125,1.08345,1.09045,245034
2024-06-04 04:00,1717473600,1.0912,1.0923,1.08655,1.0889,266646
2024-06-05 04:00,1717560000,1.0885,1.0898,1.08605,1.08815,211115
2024-06-06 04:00,1717646400,1.0874,1.09075,1.08665,1.08985,207696
2024-06-07 04:00,1717732800,1.08955,1.0919,1.08035,1.081,295885
2024-06-10 04:00,1717992000,1.07745,1.07855,1.07365,1.0766,327799
2024-06-11 04:00,1718078400,1.0768,1.0777,1.0723,1.07465,417297
2024-06-12 04:00,1718164800,1.0743,1.08555,1.07375,1.0817,569877
2024-06-13 04:00,1718251200,1.0814,1.0818,1.07345,1.0741,368141
2024-06-14 04:00,1718337600,1.0738,1.07455,1.0668,1.06995,100280
2024-06-17 04:00,1718596800,1.0704,1.0719,1.0687,1.07145,834
2024-06-18 04:00,1718683200,1.07435,1.0775,1.0725,1.07535,1362
2024-06-20 04:00,1718856000,1.07535,1.07665,1.07135,1.07225,2015
2024-06-21 04:00,1718942400,1.07135,1.073,1.06835,1.0706,1044
2024-06-24 04:00,1719201600,1.0704,1.0756,1.0695,1.07465,1149
2024-06-25 04:00,1719288000,1.0745,1.0753,1.07005,1.0726,931
2024-06-26 04:00,1719374400,1.07205,1.0725,1.06755,1.06885,548
2024-06-27 04:00,1719460800,1.0687,1.07305,1.0686,1.0713,664
2024-06-28 04:00,1719547200,1.07095,1.0731,1.0694,1.07195,402
2024-07-01 04:00,1719806400,1.0733,1.07815,1.07275,1.07365,1771
2024-07-02 04:00,1719892800,1.0751,1.0752,1.0719,1.07485,718
2024-07-03 13:30,1720013400,1.0754,1.08185,1.07435,1.07855,877
2024-07-05 04:00,1720152000,1.07925,1.0845,1.0791,1.0841,1030
2024-07-08 04:00,1720411200,1.0831,1.08485,1.08185,1.0829,688
2024-07-09 04:00,1720497600,1.08285,1.08325,1.0809,1.0816,124
2024-07-10 04:00,1720584000,1.0816,1.08325,1.0816,1.08275,427
2024-07-11 04:00,1720670400,1.0833,1.09,1.0833,1.08695,490
2024-07-12 04:00,1720756800,1.08645,1.0908,1.0864,1.0907,1758
2024-07-15 04:00,1721016000,1.08875,1.0916,1.0886,1.0916,648
2024-07-16 04:00,1721102400,1.09105,1.092,1.0893,1.0914,146
2024-07-17 04:00,1721188800,1.0916,1.09625,1.09125,1.0954,515
2024-07-18 04:00,1721275200,1.09505,1.0952,1.09095,1.0915,400
2024-07-19 04:00,1721361600,1.09125,1.0913,1.0894,1.0894,237
2024-07-22 04:00,1721620800,1.0902,1.0917,1.0891,1.0904,231
2024-07-23 04:00,1721707200,1.09065,1.09065,1.08575,1.0866,261
2024-07-24 04:00,1721793600,1.0861,1.08795,1.08415,1.08505,261
2024-07-25 04:00,1721880000,1.0853,1.08765,1.0844,1.08595,545
2024-07-26 04:00,1721966400,1.0856,1.08765,1.0856,1.0868,296
2024-07-29 04:00,1722225600,1.08675,1.08755,1.0814,1.08325,352
2024-07-30 04:00,1722312000,1.08295,1.0842,1.0809,1.0821,845
2024-07-31 04:00,1722398400,1.0828,1.086,1.08155,1.08355,1213
2024-08-01 04:00,1722484800,1.08345,1.08395,1.07875,1.07925,378
2024-08-02 04:00,1722571200,1.0799,1.0932,1.0793,1.09205,1333
2024-08-05 04:00,1722830400,1.0927,1.1015,1.09,1.0958,2035
2024-08-06 04:00,1722916800,1.0967,1.0967,1.09115,1.09345,324
2024-08-07 04:00,1723003200,1.09355,1.0942,1.09125,1.0928,147
2024-08-08 04:00,1723089600,1.0928,1.0948,1.0888,1.0923,168
2024-08-09 04:00,1723176000,1.0919,1.09345,1.0916,1.0924,66
2024-08-12 04:00,1723435200,1.0917,1.0937,1.0917,1.09345,1100
2024-08-13 04:00,1723521600,1.0939,1.10025,1.092,1.10025,1135
2024-08-14 04:00,1723608000,1.0995,1.1047,1.0994,1.1019,314
2024-08-15 04:00,1723694400,1.1015,1.1015,1.0954,1.0979,1819
2024-08-16 04:00,1723780800,1.09815,1.1024,1.098,1.1021,1346
2024-08-19 04:00,1724040000,1.10315,1.1054,1.10315,1.1054,179877
2024-08-20 04:00,1724126400,1.11,1.1145,1.10855,1.1135,182037
2024-08-21 04:00,1724212800,1.11415,1.11875,1.1113,1.1175,232250
2024-08-22 04:00,1724299200,1.1162,1.11895,1.111,1.11225,201295
2024-08-23 04:00,1724385600,1.1124,1.12125,1.1117,1.1199,250831
2024-08-26 04:00,1724644800,1.12025,1.12125,1.11605,1.11745,167327
2024-08-27 04:00,1724731200,1.117,1.1201,1.11595,1.11965,146141
2024-08-28 04:00,1724817600,1.11935,1.11955,1.11145,1.11255,215724
2024-08-29 04:00,1724904000,1.11275,1.11475,1.10635,1.10865,207561
2024-08-30 04:00,1724990400,1.1085,1.1103,1.1051,1.10595,198316
2024-09-03 04:00,1725336000,1.1054,1.1085,1.1033,1.1045,270277
2024-09-04 04:00,1725422400,1.10505,1.11015,1.1045,1.1082,184659
2024-09-05 04:00,1725508800,1.10885,1.11255,1.1079,1.11085,193325
2024-09-06 04:00,1725595200,1.1115,1.11595,1.10695,1.10905,299028
2024-09-09 04:00,1725854400,1.10895,1.1095,1.1037,1.1047,299028
2024-09-10 04:00,1725940800,1.1039,1.1053,1.1018,1.10275,357444
2024-09-11 04:00,1726027200,1.10215,1.10575,1.10045,1.1021,504119
2024-09-12 04:00,1726113600,1.1015,1.10765,1.10065,1.10625,325342
2024-09-13 04:00,1726200000,1.10755,1.11025,1.1071,1.10785,69668
2024-09-16 04:00,1726459200,1.1077,1.11375,1.10765,1.11265,1394
2024-09-17 04:00,1726545600,1.1137,1.1158,1.11235,1.1136,964
2024-09-18 04:00,1726632000,1.1134,1.12,1.11135,1.116,1018
2024-09-19 04:00,1726718400,1.1131,1.11885,1.1079,1.1176,1416
2024-09-20 04:00,1726804800,1.1169,1.1191,1.115,1.1175,652
2024-09-23 04:00,1727064000,1.11675,1.1174,1.1093,1.1126,1426
2024-09-24 04:00,1727150400,1.11225,1.11855,1.11145,1.11755,2040
2024-09-25 04:00,1727236800,1.11875,1.122,1.11335,1.1142,533
2024-09-26 04:00,1727323200,1.114,1.1194,1.11345,1.11865,868
2024-09-27 04:00,1727409600,1.11825,1.12055,1.1133,1.1174,846
2024-09-30 04:00,1727668800,1.1204,1.1213,1.1122,1.1139,898
2024-10-01 04:00,1727755200,1.11405,1.11475,1.10525,1.1077,1105
2024-10-02 04:00,1727841600,1.1075,1.10865,1.1039,1.10435,488
2024-10-03 04:00,1727928000,1.10515,1.10515,1.10145,1.10295,1182
2024-10-04 04:00,1728014400,1.10355,1.10425,1.0956,1.0976,674
2024-10-07 04:00,1728273600,1.0973,1.09895,1.09585,1.09725,622
2024-10-08 04:00,1728360000,1.0984,1.0995,1.0966,1.0975,777
2024-10-09 04:00,1728446400,1.09825,1.09825,1.0939,1.0939,1111
2024-10-10 04:00,1728532800,1.0943,1.0956,1.09045,1.0923,1313
2024-10-11 04:00,1728619200,1.0935,1.095,1.0926,1.0943,299
2024-10-14 04:00,1728878400,1.0951,1.0951,1.0907,1.0913,235
2024-10-15 04:00,1728964800,1.09245,1.09305,1.0899,1.0903,708
2024-10-16 04:00,1729051200,1.09035,1.09135,1.0871,1.0871,518
2024-10-17 04:00,1729137600,1.0873,1.08825,1.08255,1.08395,683
2024-10-18 04:00,1729224000,1.08425,1.0883,1.0842,1.08795,414
2024-10-21 04:00,1729483200,1.0882,1.0883,1.08245,1.08245,674
2024-10-22 04:00,1729569600,1.08305,1.0845,1.0806,1.08125,434
2024-10-23 04:00,1729656000,1.081,1.0816,1.0774,1.0793,1427
2024-10-24 04:00,1729742400,1.0794,1.084,1.07825,1.08335,888
2024-10-25 04:00,1729828800,1.08335,1.08495,1.0804,1.08135,996
2024-10-28 04:00,1730088000,1.08005,1.08375,1.0793,1.08215,893
2024-10-29 04:00,1730174400,1.0827,1.0832,1.07795,1.0823,828
2024-10-30 04:00,1730260800,1.0826,1.0879,1.082,1.08785,782
2024-10-31 04:00,1730347200,1.0861,1.08925,1.08515,1.0878,772
2024-11-01 04:00,1730433600,1.08895,1.091,1.08385,1.08455,1073
2024-11-04 05:00,1730696400,1.086,1.09195,1.086,1.0885,613
2024-11-05 05:00,1730782800,1.08795,1.094,1.08795,1.09375,707
2024-11-06 05:00,1730869200,1.09245,1.0938,1.06895,1.074,1805
2024-11-07 05:00,1730955600,1.0739,1.0828,1.0719,1.0787,1105
2024-11-08 05:00,1731042000,1.0799,1.08005,1.069,1.0717,476
2024-11-11 05:00,1731301200,1.07145,1.07305,1.0641,1.0654,564
2024-11-12 05:00,1731387600,1.0665,1.0665,1.05995,1.06155,348
2024-11-13 05:00,1731474000,1.0623,1.0654,1.05585,1.05675,1358
2024-11-14 05:00,1731560400,1.05645,1.0581,1.04985,1.05485,1356
2024-11-15 05:00,1731646800,1.0528,1.05895,1.05245,1.0538,445
2024-11-18 05:00,1731906000,1.05345,1.05695,1.05345,1.05695,171990
2024-11-19 05:00,1731992400,1.06115,1.06125,1.05345,1.0605,218122
2024-11-20 05:00,1732078800,1.0608,1.06205,1.05175,1.05505,176136
2024-11-21 05:00,1732165200,1.05535,1.05645,1.04715,1.0494,225906
2024-11-22 05:00,1732251600,1.0484,1.05085,1.03405,1.042,323358
2024-11-25 05:00,1732510800,1.046,1.05395,1.0451,1.0514,267465
2024-11-26 05:00,1732597200,1.0503,1.05525,1.0433,1.04815,277339
2024-11-27 05:00,1732683600,1.0497,1.0596,1.04825,1.05705,266738
2024-11-29 14:30,1732890600,1.0574,1.0603,1.05345,1.05735,244649
2024-12-02 05:00,1733115600,1.0575,1.0575,1.04665,1.04955,271419
2024-12-03 05:00,1733202000,1.05035,1.05405,1.0486,1.051,203141
2024-12-04 05:00,1733288400,1.0515,1.0549,1.0477,1.0519,242263
2024-12-05 05:00,1733374800,1.05145,1.05935,1.05115,1.05915,218391
2024-12-06 05:00,1733461200,1.059,1.06335,1.05455,1.05575,269946
2024-12-09 05:00,1733720400,1.05655,1.05975,1.0535,1.05575,263171
2024-12-10 05:00,1733806800,1.0559,1.05705,1.0501,1.0529,404294
2024-12-11 05:00,1733893200,1.0529,1.05415,1.0482,1.04935,447931
2024-12-12 05:00,1733979600,1.0499,1.05315,1.04645,1.04735,376701
2024-12-13 05:00,1734066000,1.04675,1.05245,1.04535,1.04945,88340
2024-12-16 05:00,1734325200,1.0496,1.05245,1.0476,1.04915,666
2024-12-17 05:00,1734411600,1.0523,1.0547,1.04925,1.0501,2004
2024-12-18 05:00,1734498000,1.0505,1.05225,1.0357,1.03885,1578
2024-12-19 05:00,1734584400,1.0368,1.04305,1.03585,1.03725,708
2024-12-20 05:00,1734670800,1.0372,1.04575,1.0358,1.04545,996
2024-12-23 05:00,1734930000,1.044,1.04525,1.03945,1.0421,852
2024-12-24 14:30,1735050600,1.04155,1.04165,1.03925,1.0397,484
2024-12-26 05:00,1735189200,1.0409,1.04375,1.03985,1.04265,414
2024-12-27 05:00,1735275600,1.04295,1.04515,1.04135,1.0436,466
2024-12-30 05:00,1735534800,1.04365,1.0462,1.03785,1.04015,477
2024-12-31 05:00,1735621200,1.041,1.04225,1.035,1.03595,522
2025-01-02 05:00,1735794000,1.036,1.03785,1.0234,1.02535,2080
2025-01-03 05:00,1735880400,1.02705,1.031,1.02685,1.03045,752
2025-01-06 05:00,1736139600,1.03065,1.0437,1.03055,1.03905,3125
2025-01-07 05:00,1736226000,1.0384,1.04325,1.03425,1.0358,720
2025-01-08 05:00,1736312400,1.03455,1.03585,1.0282,1.0311,1608
2025-01-09 05:00,1736398800,1.0316,1.032,1.0288,1.02985,1414
2025-01-10 05:00,1736485200,1.02975,1.0309,1.02185,1.02455,530
2025-01-13 05:00,1736744400,1.0241,1.0242,1.01845,1.0201,599
2025-01-14 05:00,1736830800,1.0279,1.03205,1.02565,1.0312,815
2025-01-15 05:00,1736917200,1.03155,1.03635,1.0277,1.03075,1100
2025-01-16 05:00,1737003600,1.03045,1.03245,1.02745,1.0314,694
2025-01-17 05:00,1737090000,1.03165,1.03375,1.02785,1.02885,641
2025-01-21 05:00,1737435600,1.02865,1.0447,1.02865,1.043,1900
2025-01-22 05:00,1737522000,1.04365,1.0467,1.0404,1.04315,468
2025-01-23 05:00,1737608400,1.0419,1.0448,1.0383,1.04335,600
2025-01-24 05:00,1737694800,1.0426,1.05295,1.0426,1.05055,883
2025-01-27 05:00,1737954000,1.04905,1.05375,1.04645,1.0502,476
2025-01-28 05:00,1738040400,1.04915,1.04915,1.04245,1.0445,461
2025-01-29 05:00,1738126800,1.04365,1.04525,1.03915,1.0424,1104
2025-01-30 05:00,1738213200,1.0435,1.04715,1.03955,1.0436,1563
2025-01-31 05:00,1738299600,1.0398,1.04405,1.0357,1.0383,1143
2025-02-03 05:00,1738558800,1.02995,1.03485,1.022,1.02905,1383
2025-02-04 05:00,1738645200,1.03485,1.0392,1.0283,1.0388,1603
2025-02-05 05:00,1738731600,1.0384,1.0444,1.03785,1.04125,867
2025-02-06 05:00,1738818000,1.04065,1.04065,1.0357,1.03895,208
2025-02-07 05:00,1738904400,1.03935,1.04095,1.03125,1.03365,746
2025-02-10 05:00,1739163600,1.03,1.0337,1.0297,1.03105,2331
2025-02-11 05:00,1739250000,1.0307,1.0378,1.0297,1.0361,3567
2025-02-12 05:00,1739336400,1.0358,1.04295,1.0323,1.03935,2520
2025-02-13 05:00,1739422800,1.0391,1.04665,1.0387,1.0437,698
2025-02-14 05:00,1739509200,1.04595,1.05,1.04585,1.04985,203180
2025-02-18 05:00,1739854800,1.0505,1.05205,1.04485,1.04585,243357
2025-02-19 05:00,1739941200,1.04635,1.0474,1.0414,1.04385,152343
2025-02-20 05:00,1740027600,1.04355,1.05155,1.04305,1.0513,170417
2025-02-21 05:00,1740114000,1.0511,1.0517,1.04605,1.0474,181596
2025-02-24 05:00,1740373200,1.04835,1.05395,1.04635,1.04845,200252
2025-02-25 05:00,1740459600,1.0479,1.05295,1.04665,1.05205,177237
2025-02-26 05:00,1740546000,1.0525,1.0539,1.04845,1.05015,209027
2025-02-27 05:00,1740632400,1.0495,1.0505,1.0405,1.0413,249469
2025-02-28 05:00,1740718800,1.04,1.0428,1.0367,1.0375,243659
2025-03-03 05:00,1740978000,1.04095,1.0512,1.0396,1.0481,313366
2025-03-04 05:00,1741064400,1.0492,1.0635,1.0478,1.0608,397006
2025-03-05 05:00,1741150800,1.0629,1.0804,1.06085,1.0797,473901
2025-03-06 05:00,1741237200,1.0798,1.0859,1.0771,1.08075,392404
2025-03-07 05:00,1741323600,1.07935,1.0894,1.0786,1.0847,331076
2025-03-10 04:00,1741579200,1.08465,1.08795,1.08095,1.0834,321711
2025-03-11 04:00,1741665600,1.08375,1.09505,1.0837,1.0935,504306
2025-03-12 04:00,1741752000,1.09175,1.09355,1.08785,1.08875,535145
2025-03-13 04:00,1741838400,1.0891,1.08985,1.0824,1.0855,305527
2025-03-14 04:00,1741924800,1.0854,1.0912,1.08315,1.08815,92394
2025-03-17 04:00,1742184000,1.08815,1.0911,1.087,1.0911,879
2025-03-18 04:00,1742270400,1.0936,1.097,1.09165,1.09595,876
2025-03-19 04:00,1742356800,1.09605,1.09605,1.08755,1.0924,1028
2025-03-20 04:00,1742443200,1.0922,1.0931,1.0829,1.0862,799
2025-03-21 04:00,1742529600,1.0871,1.0873,1.0812,1.08335,577
2025-03-24 04:00,1742788800,1.0843,1.087,1.07935,1.0818,881
2025-03-25 04:00,1742875200,1.0812,1.084,1.07885,1.0809,258
2025-03-26 04:00,1742961600,1.0799,1.0813,1.07555,1.07655,898
2025-03-27 04:00,1743048000,1.07615,1.0828,1.07435,1.08,1007
2025-03-28 04:00,1743134400,1.08055,1.0853,1.0775,1.0833,783
2025-03-31 04:00,1743393600,1.08275,1.0853,1.07925,1.0823,1379
2025-04-01 04:00,1743480000,1.0825,1.08365,1.0788,1.07945,865
2025-04-02 04:00,1743566400,1.08015,1.0924,1.07875,1.08615,1397
2025-04-03 04:00,1743652800,1.0824,1.1139,1.08085,1.10425,3375
2025-04-04 04:00,1743739200,1.10565,1.1111,1.09305,1.09485,1371
2025-04-07 04:00,1743998400,1.0944,1.1039,1.09065,1.094,1475
2025-04-08 04:00,1744084800,1.0958,1.09935,1.0895,1.09555,555
2025-04-09 04:00,1744171200,1.09785,1.1098,1.09285,1.0965,1339
2025-04-10 04:00,1744257600,1.09605,1.1239,1.09575,1.12175,3087
2025-04-11 04:00,1744344000,1.12205,1.14375,1.1208,1.13135,2246
2025-04-14 04:00,1744603200,1.1339,1.1423,1.1298,1.1341,717
2025-04-15 04:00,1744689600,1.1385,1.13925,1.1289,1.12965,1046
2025-04-16 04:00,1744776000,1.13045,1.1429,1.1304,1.1407,814
2025-04-17 04:00,1744862400,1.1418,1.1418,1.13595,1.1394,542
2025-04-21 04:00,1745208000,1.1414,1.1592,1.141,1.1542,407
2025-04-22 04:00,1745294400,1.15045,1.15645,1.14375,1.14455,661
2025-04-23 04:00,1745380800,1.1414,1.1458,1.13305,1.1341,1300
2025-04-24 04:00,1745467200,1.1357,1.14135,1.1347,1.13945,901
2025-04-25 04:00,1745553600,1.1402,1.1402,1.1332,1.13955,750
2025-04-28 04:00,1745812800,1.1365,1.1438,1.1347,1.1428,397
2025-04-29 04:00,1745899200,1.14205,1.14295,1.13875,1.1395,860
2025-04-30 04:00,1745985600,1.14,1.14075,1.133,1.136,592
2025-05-01 04:00,1746072000,1.13315,1.13505,1.1277,1.1297,753
2025-05-02 04:00,1746158400,1.13005,1.1385,1.12945,1.131,833
2025-05-05 04:00,1746417600,1.1324,1.1374,1.13095,1.13235,322
2025-05-06 04:00,1746504000,1.1323,1.1386,1.1289,1.13805,451
2025-05-07 04:00,1746590400,1.134,1.1381,1.1301,1.1343,379
2025-05-08 04:00,1746676800,1.1314,1.13395,1.1221,1.12315,1012
2025-05-09 04:00,1746763200,1.12355,1.1285,1.1203,1.12645,335
2025-05-12 04:00,1747022400,1.12405,1.12405,1.1074,1.1094,1719
2025-05-13 04:00,1747108800,1.1096,1.11985,1.1096,1.1189,1207
2025-05-14 04:00,1747195200,1.11935,1.12625,1.1169,1.1182,2358
2025-05-15 04:00,1747281600,1.118,1.1225,1.11715,1.1178,855
2025-05-16 04:00,1747368000,1.12,1.12175,1.1134,1.11525,2127
2025-05-19 04:00,1747627200,1.1183,1.12825,1.11795,1.125,179842
2025-05-20 04:00,1747713600,1.12615,1.13055,1.1237,1.12915,141939
2025-05-21 04:00,1747800000,1.1303,1.1382,1.12985,1.1352,188620
2025-05-22 04:00,1747886400,1.13475,1.13605,1.1271,1.1294,161939
2025-05-23 04:00,1747972800,1.1298,1.1394,1.12945,1.1376,215938
2025-05-27 04:00,1748318400,1.1382,1.1434,1.1338,1.13525,197126
2025-05-28 04:00,1748404800,1.1342,1.13595,1.12975,1.13075,162534
2025-05-29 04:00,1748491200,1.13055,1.1396,1.12215,1.1387,194477
2025-05-30 04:00,1748577600,1.1382,1.1401,1.1323,1.137,178049
2025-06-02 04:00,1748836800,1.1365,1.14605,1.13575,1.1452,175139
2025-06-03 04:00,1748923200,1.1452,1.14645,1.13725,1.13845,133033
2025-06-04 04:00,1749009600,1.1381,1.14435,1.13655,1.14295,147206
2025-06-05 04:00,1749096000,1.1427,1.1502,1.14115,1.14495,0
2025-06-06 04:00,1749182400,1.1452,1.14635,1.13775,1.1403,211605
2025-06-09 04:00,1749441600,1.1397,1.14445,1.13915,1.14335,201813
2025-06-10 04:00,1749528000,1.1425,1.14525,1.1377,1.1425,296933
2025-06-11 04:00,1749614400,1.14325,1.1504,1.14075,1.14905,540870
2025-06-12 04:00,1749700800,1.14925,1.16335,1.1489,1.158,395729
2025-06-13 04:00,1749787200,1.1589,1.1614,1.1489,1.15425,181049
2025-06-16 04:00,1750046400,1.15365,1.16115,1.15245,1.16115,715
2025-06-17 04:00,1750132800,1.1576,1.1593,1.14945,1.14995,903
2025-06-18 04:00,1750219200,1.14995,1.15505,1.1481,1.14955,0
2025-06-20 04:00,1750392000,1.15015,1.1562,1.1464,1.1546,2153
2025-06-23 04:00,1750651200,1.1514,1.1597,1.145,1.15905,1399
2025-06-24 04:00,1750737600,1.161,1.16555,1.15985,1.164,1454
2025-06-25 04:00,1750824000,1.1623,1.168,1.16045,1.1676,936
2025-06-26 04:00,1750910400,1.16705,1.1755,1.16705,1.1733,809
2025-06-27 04:00,1750996800,1.1707,1.17565,1.16975,1.17115,498
2025-06-30 04:00,1751256000,1.17405,1.17995,1.172,1.1787,1183
2025-07-01 04:00,1751342400,1.1795,1.1838,1.1773,1.17905,787
2025-07-02 04:00,1751428800,1.1814,1.18175,1.17595,1.1807,1106
2025-07-03 13:30,1751549400,1.1807,1.18175,1.17275,1.17555,0
2025-07-04 04:00,1751601600,1.1777,1.1792,1.17725,1.17825,0
2025-07-07 04:00,1751860800,1.17855,1.1792,1.1694,1.1725,1570
2025-07-08 04:00,1751947200,1.1728,1.17675,1.1694,1.173,1177
2025-07-09 04:00,1752033600,1.17275,1.17305,1.17015,1.1717,2200
2025-07-10 04:00,1752120000,1.17265,1.1749,1.16685,1.1694,1625
2025-07-11 04:00,1752206400,1.17065,1.1708,1.1664,1.1691,1441
2025-07-14 04:00,1752465600,1.16605,1.16975,1.166,1.16855,715
2025-07-15 04:00,1752552000,1.1691,1.1722,1.1619,1.16295,1043
2025-07-16 04:00,1752638400,1.1628,1.17445,1.159,1.16535,874
2025-07-17 04:00,1752724800,1.16485,1.16505,1.1581,1.1608,360
2025-07-18 04:00,1752811200,1.16375,1.16855,1.1636,1.16445,1572
2025-07-21 04:00,1753070400,1.16505,1.17365,1.16405,1.1715,708
2025-07-22 04:00,1753156800,1.17135,1.17815,1.17005,1.1769,1267
2025-07-23 04:00,1753243200,1.17695,1.17945,1.17315,1.1792,845
2025-07-24 04:00,1753329600,1.17965,1.1806,1.175,1.1784,885
2025-07-25 04:00,1753416000,1.1763,1.1777,1.1725,1.17635,626
2025-07-28 04:00,1753675200,1.1775,1.1787,1.16015,1.16105,1894
2025-07-29 04:00,1753761600,1.16105,1.1614,1.15365,1.1565,1312
2025-07-30 04:00,1753848000,1.15635,1.1584,1.14205,1.144,1779
2025-07-31 04:00,1753934400,1.1432,1.14695,1.14185,1.1439,816
2025-08-01 04:00,1754020800,1.143,1.1607,1.1405,1.1537,1386
2025-08-04 04:00,1754280000,1.15925,1.15995,1.1561,1.15745,559
2025-08-05 04:00,1754366400,1.1589,1.15955,1.154,1.15835,479
2025-08-06 04:00,1754452800,1.15765,1.1675,1.15765,1.1671,524
2025-08-07 04:00,1754539200,1.16695,1.1705,1.16255,1.16285,672
2025-08-08 04:00,1754625600,1.16715,1.16835,1.16365,1.1662,751
2025-08-11 04:00,1754884800,1.165,1.1677,1.15995,1.1617,671
2025-08-12 04:00,1754971200,1.1615,1.16965,1.16035,1.1673,951
2025-08-13 04:00,1755057600,1.1686,1.1734,1.1677,1.17045,920
2025-08-14 04:00,1755144000,1.1712,1.1717,1.1635,1.16425,1416
2025-08-15 04:00,1755230400,1.165,1.1714,1.165,1.17035,1130
2025-08-18 04:00,1755489600,1.17125,1.17125,1.1671,1.16795,91137
2025-08-19 04:00,1755576000,1.16815,1.1714,1.166,1.1668,87716
2025-08-20 04:00,1755662400,1.16675,1.16945,1.1642,1.1675,109560
2025-08-21 04:00,1755748800,1.16725,1.16805,1.1619,1.16275,134638
2025-08-22 04:00,1755835200,1.1624,1.17605,1.16,1.1739,208237
2025-08-25 04:00,1756094400,1.1738,1.17425,1.1619,1.1636,151842
2025-08-26 04:00,1756180800,1.1637,1.1681,1.1618,1.1659,150763
2025-08-27 04:00,1756267200,1.16575,1.16625,1.15885,1.16455,141641
2025-08-28 04:00,1756353600,1.16485,1.17095,1.16405,1.17005,143384
2025-08-29 04:00,1756440000,1.16925,1.17205,1.16625,1.17105,0
2025-09-02 04:00,1756785600,1.16985,1.17475,1.1623,1.16435,276183
2025-09-03 04:00,1756872000,1.16525,1.16915,1.16175,1.1671,162780
2025-09-04 04:00,1756958400,1.167,1.1676,1.16365,1.1651,131523
2025-09-05 04:00,1757044800,1.1656,1.1766,1.1655,1.17225,245605
2025-09-08 04:00,1757304000,1.1727,1.1771,1.17095,1.17665,179807
2025-09-09 04:00,1757390400,1.1771,1.1785,1.17085,1.1711,390990
2025-09-10 04:00,1757476800,1.1717,1.1735,1.16865,1.17085,534380
2025-09-11 04:00,1757563200,1.1702,1.17475,1.1656,1.17375,378653
2025-09-12 04:00,1757649600,1.1737,1.17485,1.17015,1.17425,118703
2025-09-15 04:00,1757908800,1.17315,1.17715,1.17175,1.17535,833
2025-09-16 04:00,1757995200,1.17845,1.1898,1.17815,1.1887,1278
2025-09-17 04:00,1758081600,1.18885,1.19345,1.1827,1.18535,1872
2025-09-18 04:00,1758168000,1.1836,1.1864,1.17675,1.18045,1305
2025-09-19 04:00,1758254400,1.18025,1.1806,1.1745,1.17645,2852
2025-09-22 04:00,1758513600,1.17605,1.18165,1.17445,1.1812,3104
2025-09-23 04:00,1758600000,1.18215,1.1834,1.1798,1.18255,1097
2025-09-24 04:00,1758686400,1.1831,1.1833,1.17435,1.17505,6596
2025-09-25 04:00,1758772800,1.1753,1.17635,1.1658,1.1664,1847
2025-09-26 04:00,1758859200,1.1678,1.1715,1.1672,1.17145,924
2025-09-29 04:00,1759118400,1.1728,1.17645,1.172,1.1742,607
2025-09-30 04:00,1759204800,1.17315,1.177,1.1723,1.17505,628
2025-10-01 04:00,1759291200,1.1742,1.17865,1.17235,1.17435,1022
2025-10-02 04:00,1759377600,1.17415,1.17645,1.169,1.1728,242
2025-10-03 04:00,1759464000,1.1729,1.1765,1.17235,1.17455,988
2025-10-06 04:00,1759723200,1.1729,1.1734,1.1657,1.1718,1256
2025-10-07 04:00,1759809600,1.1714,1.1714,1.1653,1.16625,1283
2025-10-08 04:00,1759896000,1.16625,1.16625,1.1603,1.16235,2519
2025-10-09 04:00,1759982400,1.16335,1.16485,1.1547,1.1547,2739
2025-10-10 04:00,1760068800,1.157,1.1588,1.1563,1.15735,4329
2025-10-13 04:00,1760328000,1.16395,1.16505,1.15835,1.1591,4329
2025-10-14 04:00,1760414400,1.1592,1.1637,1.1566,1.16275,5301
2025-10-15 04:00,1760500800,1.16305,1.16685,1.16305,1.1656,758
2025-10-16 04:00,1760587200,1.1668,1.1713,1.16665,1.171,934
2025-10-17 04:00,1760673600,1.1715,1.1748,1.16705,1.1688,632
2025-10-20 04:00,1760932800,1.1672,1.1687,1.1659,1.16655,236
2025-10-21 04:00,1761019200,1.1657,1.1657,1.1616,1.16235,2370
2025-10-22 04:00,1761105600,1.1618,1.1638,1.1595,1.1627,9525
2025-10-23 04:00,1761192000,1.1618,1.16345,1.1602,1.1633,7384
2025-10-24 04:00,1761278400,1.1631,1.16565,1.16175,1.1641,2425
2025-10-27 04:00,1761537600,1.16425,1.1665,1.1632,1.16645,9239
2025-10-28 04:00,1761624000,1.1663,1.16815,1.16475,1.16755,4167
2025-10-29 04:00,1761710400,1.1666,1.16775,1.15915,1.16075,2481
2025-10-30 04:00,1761796800,1.1617,1.1645,1.1558,1.15775,910
2025-10-31 04:00,1761883200,1.1577,1.15855,1.15325,1.1534,9182
2025-11-03 05:00,1762146000,1.15375,1.15485,1.15145,1.1528,0
2025-11-04 05:00,1762232400,1.15305,1.15385,1.1482,1.1488,7629
2025-11-05 05:00,1762318800,1.14935,1.1503,1.14755,1.14935,3824
2025-11-06 05:00,1762405200,1.1513,1.15555,1.15095,1.155,1315
2025-11-07 05:00,1762491600,1.1545,1.15925,1.15395,1.1564,1527
2025-11-10 05:00,1762750800,1.1555,1.15845,1.15475,1.1566,728
2025-11-11 05:00,1762837200,1.15525,1.1607,1.15525,1.1588,1585
2025-11-12 05:00,1762923600,1.15905,1.15995,1.15675,1.159,1096
2025-11-13 05:00,1763010000,1.159,1.1657,1.1582,1.16375,1906
2025-11-14 05:00,1763096400,1.1628,1.1651,1.16115,1.1619,1469
2025-11-17 05:00,1763355600,1.16035,1.16125,1.15835,1.15855,136119
2025-11-18 05:00,1763442000,1.16065,1.1625,1.15885,1.1603,138198
2025-11-19 05:00,1763528400,1.1597,1.1614,1.15345,1.15375,187065
2025-11-20 05:00,1763614800,1.1554,1.15645,1.1511,1.15525,181506
2025-11-21 05:00,1763701200,1.15415,1.15665,1.15045,1.15275,185575
2025-11-24 05:00,1763960400,1.15295,1.15635,1.1515,1.1541,125841
2025-11-25 05:00,1764046800,1.15355,1.15985,1.15235,1.1596,206021
2025-11-26 05:00,1764133200,1.1582,1.16135,1.15595,1.1606,163237
2025-11-28 14:30,1764340200,1.1604,1.16235,1.15755,1.16115,97851
2025-12-01 05:00,1764565200,1.1608,1.16615,1.15975,1.16175,168390
2025-12-02 05:00,1764651600,1.1617,1.1635,1.1599,1.1629,135910
2025-12-03 05:00,1764738000,1.1633,1.1685,1.16315,1.16805,188969
2025-12-04 05:00,1764824400,1.1677,1.16875,1.1646,1.1658,178017
2025-12-05 05:00,1764910800,1.1649,1.16765,1.1633,1.1648,166150
2025-12-08 05:00,1765170000,1.1648,1.1676,1.16205,1.1644,201434
2025-12-09 05:00,1765256400,1.16415,1.1661,1.1618,1.1632,431266
2025-12-10 05:00,1765342800,1.1629,1.1703,1.16245,1.16815,562127
2025-12-11 05:00,1765429200,1.1698,1.1764,1.16835,1.17425,380280
2025-12-12 05:00,1765515600,1.17385,1.175,1.172,1.1741,85793
2025-12-15 05:00,1765774800,1.1741,1.1768,1.1727,1.1765,587
2025-12-16 05:00,1765861200,1.1775,1.1824,1.1757,1.17785,597
2025-12-17 05:00,1765947600,1.1769,1.17745,1.17235,1.17645,646
2025-12-18 05:00,1766034000,1.176,1.17795,1.17335,1.17435,777
2025-12-19 05:00,1766120400,1.17425,1.17535,1.172,1.17415,448
2025-12-22 05:00,1766379600,1.17295,1.1785,1.17295,1.17715,554
2025-12-23 05:00,1766466000,1.17785,1.18155,1.17785,1.18035,842
2025-12-24 14:30,1766586600,1.18045,1.1821,1.17875,1.179,414
2025-12-26 05:00,1766725200,1.17945,1.18095,1.1775,1.1789,270
2025-12-29 05:00,1766984400,1.17825,1.18015,1.17625,1.178,493
2025-12-30 05:00,1767070800,1.1784,1.17905,1.17575,1.17575,466
2025-12-31 05:00,1767157200,1.17565,1.1768,1.1731,1.1749,187
2026-01-02 05:00,1767330000,1.17545,1.1772,1.17215,1.17315,249
2026-01-05 05:00,1767589200,1.17185,1.1737,1.16685,1.1735,1419
2026-01-06 05:00,1767675600,1.1727,1.1748,1.1692,1.1697,557
2026-01-07 05:00,1767762000,1.1697,1.17085,1.1683,1.16885,369
2026-01-08 05:00,1767848400,1.1682,1.1686,1.16485,1.16545,616
2026-01-09 05:00,1767934800,1.1664,1.1664,1.16235,1.1639,875
2026-01-12 05:00,1768194000,1.1635,1.17,1.16275,1.16755,1088
2026-01-13 05:00,1768280400,1.167,1.16785,1.16435,1.1652,1323
2026-01-14 05:00,1768366800,1.1642,1.16625,1.16385,1.16385,743
2026-01-15 05:00,1768453200,1.16395,1.16395,1.15935,1.1613,1604
2026-01-16 05:00,1768539600,1.16055,1.1628,1.1605,1.1628,1901
2026-01-20 05:00,1768885200,1.1595,1.1783,1.15905,1.17265,4611
2026-01-21 05:00,1768971600,1.1739,1.1757,1.16925,1.1705,4925
2026-01-22 05:00,1769058000,1.16925,1.17665,1.16825,1.1757,1156
2026-01-23 05:00,1769144400,1.177,1.18455,1.1743,1.1824,804
2026-01-26 05:00,1769403600,1.1864,1.19185,1.18485,1.1891,2096
2026-01-27 05:00,1769490000,1.1888,1.20755,1.18635,1.1989,1939
2026-01-28 05:00,1769576400,1.2057,1.2057,1.19085,1.19505,1700
2026-01-29 05:00,1769662800,1.19875,1.20025,1.1924,1.19605,1575
2026-01-30 05:00,1769749200,1.198,1.1983,1.18605,1.1877,714
2026-02-02 05:00,1770008400,1.18555,1.18815,1.17845,1.17965,5244
2026-02-03 05:00,1770094800,1.17975,1.1834,1.17905,1.18205,1575
2026-02-04 05:00,1770181200,1.1822,1.1843,1.18,1.18155,1918
2026-02-05 05:00,1770267600,1.181,1.18245,1.17805,1.17995,1495
2026-02-06 05:00,1770354000,1.178,1.18295,1.1774,1.1824,1835
2026-02-09 05:00,1770613200,1.18155,1.19285,1.18155,1.1924,2589
2026-02-10 05:00,1770699600,1.19095,1.1929,1.18945,1.19055,2041
2026-02-11 05:00,1770786000,1.19105,1.1925,1.18485,1.18825,3779
2026-02-12 05:00,1770872400,1.18735,1.189,1.18575,1.187,2049
2026-02-13 05:00,1770958800,1.1868,1.18745,1.1849,1.18715,148729
2026-02-17 05:00,1771304400,1.1885,1.1886,1.182,1.18635,214559
2026-02-18 05:00,1771390800,1.18705,1.18725,1.1796,1.18015,140457
2026-02-19 05:00,1771477200,1.17985,1.18205,1.1755,1.17765,202459
2026-02-20 05:00,1771563600,1.17865,1.182,1.17535,1.1793,182753
2026-02-23 05:00,1771822800,1.1803,1.1847,1.17865,1.1803,137010
2026-02-24 05:00,1771909200,1.17975,1.18075,1.1777,1.179,138612
2026-02-25 05:00,1771995600,1.17845,1.1825,1.17815,1.1817,130704
2026-02-26 05:00,1772082000,1.1821,1.1838,1.17825,1.18055,137411
2026-02-27 05:00,1772168400,1.1805,1.18355,1.17975,1.1828,150064
2026-03-02 05:00,1772427600,1.17775,1.1804,1.168,1.17195,345143
2026-03-03 05:00,1772514000,1.1697,1.1714,1.15375,1.16195,428828
2026-03-04 05:00,1772600400,1.16165,1.1662,1.15815,1.1646,242783
2026-03-05 05:00,1772686800,1.16425,1.16525,1.15635,1.1577,320532
2026-03-06 05:00,1772773200,1.16105,1.1626,1.155,1.16055,348646
2026-03-09 04:00,1773028800,1.15555,1.16415,1.1511,1.15805,464821
2026-03-10 04:00,1773115200,1.16405,1.16705,1.1609,1.16275,510973
2026-03-11 04:00,1773201600,1.1614,1.16485,1.15635,1.1574,617491
2026-03-12 04:00,1773288000,1.15715,1.15745,1.15105,1.1513,366792
2026-03-13 04:00,1773374400,1.1513,1.153,1.14115,1.14365,91806
2026-03-16 04:00,1773633600,1.14215,1.15015,1.14155,1.14975,1866
2026-03-17 04:00,1773720000,1.1519,1.156,1.1482,1.15535,2331
2026-03-18 04:00,1773806400,1.1558,1.1569,1.14645,1.14925,3785
2026-03-19 04:00,1773892800,1.14775,1.16275,1.146,1.15945,4242
2026-03-20 04:00,1773979200,1.16,1.16055,1.1538,1.15625,2237
2026-03-23 04:00,1774238400,1.15645,1.1651,1.14975,1.1648,6338
2026-03-24 04:00,1774324800,1.16195,1.16355,1.1572,1.1593,4952
2026-03-25 04:00,1774411200,1.1623,1.16405,1.1566,1.15765,3245
2026-03-26 04:00,1774497600,1.15665,1.158,1.1529,1.1542,1918
2026-03-27 04:00,1774584000,1.1546,1.15545,1.15105,1.15225,2162
2026-03-30 04:00,1774843200,1.15095,1.15275,1.1451,1.1469,1349
2026-03-31 04:00,1774929600,1.14675,1.15705,1.1454,1.15515,2106
2026-04-01 04:00,1775016000,1.15575,1.1631,1.15575,1.1583,3850
2026-04-02 04:00,1775102400,1.15975,1.1604,1.1514,1.1541,2657
2026-04-06 04:00,1775448000,1.1511,1.1571,1.1511,1.15495,1777
2026-04-07 04:00,1775534400,1.15405,1.16045,1.1532,1.15775,2109
2026-04-08 04:00,1775620800,1.16165,1.172,1.16165,1.16535,1612
2026-04-09 04:00,1775707200,1.16545,1.172,1.1652,1.1701,1948
2026-04-10 04:00,1775793600,1.1696,1.17385,1.16785,1.17315,1279
2026-04-13 04:00,1776052800,1.1673,1.17075,1.16665,1.17075,1522
2026-04-14 04:00,1776139200,1.1781,1.1827,1.178,1.1812,937
2026-04-15 04:00,1776225600,1.1818,1.18265,1.1791,1.18195,945
2026-04-16 04:00,1776312000,1.18195,1.18385,1.17835,1.17965,602
2026-04-17 04:00,1776398400,1.18005,1.1864,1.178,1.1797,1254
2026-04-20 04:00,1776657600,1.176,1.1804,1.17455,1.17955,857
2026-04-21 04:00,1776744000,1.1799,1.17995,1.1736,1.1755,893
2026-04-22 04:00,1776830400,1.176,1.1773,1.17175,1.1723,1213
2026-04-23 04:00,1776916800,1.17185,1.1725,1.1684,1.1702,2794
2026-04-24 04:00,1777003200,1.1697,1.1733,1.16865,1.17295,1019
2026-04-27 04:00,1777262400,1.172,1.1764,1.17165,1.1731,1129
2026-04-28 04:00,1777348800,1.1735,1.1736,1.16895,1.17225,1090
2026-04-29 04:00,1777435200,1.1725,1.1725,1.167,1.168,1487
2026-04-30 04:00,1777521600,1.1686,1.1749,1.1665,1.17445,1354
2026-05-01 04:00,1777608000,1.17385,1.1793,1.17275,1.17365,972
2026-05-04 04:00,1777867200,1.17445,1.17455,1.16915,1.1704,2355
2026-05-05 04:00,1777953600,1.1687,1.1713,1.1686,1.17065,1941
2026-05-06 04:00,1778040000,1.1705,1.1803,1.1705,1.1756,3741
2026-05-07 04:00,1778126400,1.1756,1.1782,1.17305,1.1755,1948
2026-05-08 04:00,1778212800,1.1737,1.17875,1.17315,1.1783,640
2026-05-11 04:00,1778472000,1.1768,1.1791,1.1753,1.1779,1579
2026-05-12 04:00,1778558400,1.17725,1.17725,1.173,1.1744,1460
2026-05-13 04:00,1778644800,1.17405,1.17405,1.17,1.17105,642
2026-05-14 04:00,1778731200,1.17195,1.17195,1.167,1.1678,1606
2026-05-15 04:00,1778817600,1.166,1.16635,1.162,1.16215,1963
2026-05-18 04:00,1779076800,1.1627,1.16555,1.1611,1.16465,203868
2026-05-19 04:00,1779163200,1.16735,1.1677,1.1607,1.16185,170412
2026-05-20 04:00,1779249600,1.162,1.16595,1.15965,1.1645,196980
2026-05-21 04:00,1779336000,1.1637,1.16475,1.15885,1.1623,198950
2026-05-22 04:00,1779422400,1.1629,1.16325,1.16005,1.1624,140845
2026-05-26 04:00,1779768000,1.1641,1.16645,1.1627,1.164,188379
2026-05-27 04:00,1779854400,1.1641,1.1672,1.16325,1.16395,168323
2026-05-28 04:00,1779940800,1.16355,1.16705,1.15945,1.16565,171849
2026-05-29 04:00,1780027200,1.16595,1.1694,1.1633,1.1673,170536
2026-06-01 04:00,1780286400,1.1668,1.16725,1.1614,1.16385,184161
2026-06-02 04:00,1780372800,1.16385,1.1663,1.16205,1.16355,119362
2026-06-03 04:00,1780459200,1.16365,1.164,1.1601,1.16045,145412
2026-06-04 04:00,1780545600,1.1604,1.16505,1.15995,1.16195,138500
2026-06-05 04:00,1780632000,1.1617,1.16485,1.1522,1.15275,271860
2026-06-08 04:00,1780891200,1.15195,1.15585,1.15035,1.1532,269317
2026-06-09 04:00,1780977600,1.15385,1.15815,1.153,1.1553,510220
2026-06-10 04:00,1781064000,1.15435,1.1576,1.1536,1.1551,543048
2026-06-11 04:00,1781150400,1.15375,1.15915,1.1504,1.15595,404510
2026-06-12 04:00,1781236800,1.158,1.159,1.1558,1.1575,83328
2026-06-15 04:00,1781496000,1.16005,1.16205,1.1595,1.16145,497
2026-06-16 04:00,1781582400,1.16055,1.16305,1.15895,1.16235,932
2026-06-17 04:00,1781668800,1.1626,1.1626,1.14895,1.155,1996
2026-06-18 04:00,1781755200,1.1516,1.15375,1.14625,1.1471,953
2026-06-22 04:00,1782100800,1.1473,1.14775,1.14295,1.14325,2471
2026-06-23 04:00,1782187200,1.1438,1.1448,1.13845,1.1388,703
2026-06-24 04:00,1782273600,1.13915,1.13915,1.13345,1.13635,543
2026-06-25 04:00,1782360000,1.13635,1.13955,1.1343,1.1381,2245
2026-06-26 04:00,1782446400,1.138,1.1438,1.1364,1.13935,6901
2026-06-29 04:00,1782705600,1.13895,1.14345,1.13875,1.1432,3671
2026-06-30 04:00,1782792000,1.14305,1.14415,1.1392,1.14265,1908
2026-07-01 04:00,1782878400,1.14275,1.14275,1.1367,1.13855,431
2026-07-02 04:00,1782964800,1.1383,1.1472,1.13825,1.14365,1183
2026-07-06 04:00,1783310400,1.14355,1.1448,1.14115,1.14465,2161
2026-07-07 04:00,1783396800,1.1445,1.1449,1.14115,1.14215,882
2026-07-08 04:00,1783483200,1.14085,1.14325,1.13945,1.14275,619
2026-07-09 04:00,1783569600,1.1419,1.1447,1.1419,1.1434,2901
2026-07-10 04:00,1783656000,1.14445,1.146,1.1414,1.14165,1611
2026-07-13 04:00,1783915200,1.1393,1.1446,1.1393,1.14145,1048
2026-07-14 04:00,1784001600,1.14035,1.1477,1.14,1.14395,1710
2026-07-15 04:00,1784088000,1.1434,1.1496,1.14215,1.1482,813
2026-07-16 04:00,1784174400,1.1486,1.1488,1.1445,1.1452,2176
2026-07-17 04:00,1784260800,1.14585,1.1465,1.1439,1.1449,388
2026-07-20 04:00,1784520000,1.14395,1.1458,1.1418,1.14275,491
2026-07-21 04:00,1784606400,1.1425,1.14405,1.14125,1.1415,1302
2026-07-22 04:00,1784692800,1.141,1.14305,1.141,1.1423,284
2026-07-23 04:00,1784779200,1.14165,1.14445,1.1377,1.1387,445
2026-07-24 04:00,1784865600,1.1389,1.1407,1.1378,1.138,411
2026-07-27 04:00,1785124800,1.14075,1.1424,1.13775,1.13775,934
2026-07-28 04:00,1785211200,1.13805,1.1414,1.1365,1.1397,183
2026-07-29 04:00,1785297600,1.13935,1.1478,1.13855,1.14605,2089
2026-07-30 04:00,1785384000,1.14755,1.1542,1.1442,1.1542,1068
2026-07-31 04:00,1785470400,1.1527,1.15505,1.1465,1.1537,616
2026-08-03 04:00,1785729600,1.1565,1.1565,1.1508,1.15205,1756
2026-08-04 04:00,1785816000,1.1516,1.1539,1.1509,1.1538,1870
2026-08-05 04:00,1785902400,1.1537,1.1565,1.1537,1.15595,945
2026-08-06 04:00,1785988800,1.1559,1.156,1.15205,1.1528,2163
2026-08-07 04:00,1786075200,1.1523,1.1582,1.1523,1.1568,782
2026-08-10 04:00,1786334400,1.1558,1.1568,1.1545,1.15455,821
2026-08-11 04:00,1786420800,1.155,1.155,1.1535,1.1543,3111
2026-08-12 04:00,1786507200,1.15405,1.15635,1.1523,1.1523,2871
2026-08-13 04:00,1786593600,1.15265,1.15455,1.15135,1.153,3235
2026-08-14 04:00,1786680000,1.15395,1.1585,1.1538,1.1566,3235
