time_utc,unix,open,high,low,close,volume
2026-06-04 04:05,1780545900,1.16095,1.16095,1.16095,1.16095,0
2026-06-04 04:10,1780546200,1.16095,1.161,1.1609,1.1609,24
2026-06-04 04:15,1780546500,1.16095,1.16105,1.16095,1.161,55
2026-06-04 04:20,1780546800,1.16105,1.16105,1.161,1.161,30
2026-06-04 04:25,1780547100,1.161,1.16105,1.161,1.16105,32
2026-06-04 04:30,1780547400,1.1611,1.1618,1.1611,1.1614,624
2026-06-04 04:35,1780547700,1.16135,1.16145,1.16135,1.1614,110
2026-06-04 04:40,1780548000,1.1614,1.16155,1.16135,1.16155,78
2026-06-04 04:45,1780548300,1.1616,1.16175,1.16145,1.16145,1034
2026-06-04 04:50,1780548600,1.16145,1.16145,1.16135,1.16135,28
2026-06-04 04:55,1780548900,1.16135,1.16145,1.16135,1.16145,45
2026-06-04 05:00,1780549200,1.16145,1.1615,1.1614,1.1614,94
2026-06-04 05:05,1780549500,1.16135,1.16145,1.16135,1.16135,209
2026-06-04 05:10,1780549800,1.1613,1.1613,1.1612,1.1613,66
2026-06-04 05:15,1780550100,1.16125,1.1614,1.16125,1.1613,175
2026-06-04 05:20,1780550400,1.16125,1.16125,1.1611,1.1611,377
2026-06-04 05:25,1780550700,1.16105,1.1611,1.16105,1.16105,16
2026-06-04 05:30,1780551000,1.1611,1.1612,1.161,1.1612,63
2026-06-04 05:35,1780551300,1.1611,1.16125,1.1611,1.16115,112
2026-06-04 05:40,1780551600,1.1611,1.16135,1.1611,1.1613,148
2026-06-04 05:45,1780551900,1.1613,1.1613,1.16125,1.1613,29
2026-06-04 05:50,1780552200,1.1613,1.1615,1.1613,1.1615,119
2026-06-04 05:55,1780552500,1.16145,1.16145,1.1614,1.1614,78
2026-06-04 06:00,1780552800,1.1615,1.1617,1.16135,1.16155,282
2026-06-04 06:05,1780553100,1.16155,1.1617,1.16145,1.1616,140
2026-06-04 06:10,1780553400,1.1616,1.1617,1.16155,1.1617,261
2026-06-04 06:15,1780553700,1.16165,1.1618,1.16145,1.1615,289
2026-06-04 06:20,1780554000,1.16145,1.16145,1.1612,1.16135,296
2026-06-04 06:25,1780554300,1.1613,1.1616,1.1613,1.16155,199
2026-06-04 06:30,1780554600,1.1615,1.16175,1.16135,1.1617,655
2026-06-04 06:35,1780554900,1.16175,1.16195,1.1617,1.1619,830
2026-06-04 06:40,1780555200,1.1619,1.16195,1.1617,1.16175,418
2026-06-04 06:45,1780555500,1.16175,1.16175,1.1614,1.16145,278
2026-06-04 06:50,1780555800,1.16145,1.1617,1.16135,1.16165,487
2026-06-04 06:55,1780556100,1.16165,1.1617,1.1613,1.16155,402
2026-06-04 07:00,1780556400,1.16155,1.1617,1.1614,1.1616,641
2026-06-04 07:05,1780556700,1.1616,1.1616,1.16145,1.16155,407
2026-06-04 07:10,1780557000,1.1615,1.16165,1.1615,1.1615,484
2026-06-04 07:15,1780557300,1.16155,1.1616,1.16145,1.1616,118
2026-06-04 07:20,1780557600,1.16155,1.16155,1.1611,1.16125,434
2026-06-04 07:25,1780557900,1.1612,1.1612,1.16085,1.16115,520
2026-06-04 07:30,1780558200,1.1611,1.1612,1.161,1.161,437
2026-06-04 07:35,1780558500,1.16105,1.16105,1.16055,1.16055,779
2026-06-04 07:40,1780558800,1.16055,1.1606,1.16035,1.1606,883
2026-06-04 07:45,1780559100,1.1606,1.16075,1.16045,1.16075,419
2026-06-04 07:50,1780559400,1.16075,1.16075,1.16065,1.1607,299
2026-06-04 07:55,1780559700,1.16065,1.16095,1.16065,1.16085,301
2026-06-04 08:00,1780560000,1.16085,1.16125,1.1608,1.16115,673
2026-06-04 08:05,1780560300,1.1612,1.1612,1.161,1.1611,238
2026-06-04 08:10,1780560600,1.16105,1.16105,1.16095,1.161,195
2026-06-04 08:15,1780560900,1.161,1.1613,1.161,1.16125,243
2026-06-04 08:20,1780561200,1.1612,1.1613,1.1611,1.1613,194
2026-06-04 08:25,1780561500,1.16135,1.1616,1.16125,1.1615,882
2026-06-04 08:30,1780561800,1.16155,1.1619,1.1614,1.16145,1083
2026-06-04 08:35,1780562100,1.16155,1.16155,1.16115,1.1612,310
2026-06-04 08:40,1780562400,1.1612,1.1613,1.16115,1.1612,742
2026-06-04 08:45,1780562700,1.16125,1.16155,1.1612,1.1614,371
2026-06-04 08:50,1780563000,1.16145,1.16155,1.1614,1.16145,202
2026-06-04 08:55,1780563300,1.1615,1.16185,1.1615,1.1618,642
2026-06-04 09:00,1780563600,1.1618,1.1624,1.16175,1.1623,1788
2026-06-04 09:05,1780563900,1.16225,1.16245,1.1622,1.16235,601
2026-06-04 09:10,1780564200,1.16235,1.16245,1.1622,1.1624,378
2026-06-04 09:15,1780564500,1.16235,1.16265,1.1623,1.1626,467
2026-06-04 09:20,1780564800,1.1626,1.1627,1.16245,1.1626,519
2026-06-04 09:25,1780565100,1.1626,1.16275,1.16245,1.16255,545
2026-06-04 09:30,1780565400,1.16255,1.16295,1.1624,1.16275,815
2026-06-04 09:35,1780565700,1.16275,1.1632,1.1627,1.16315,1160
2026-06-04 09:40,1780566000,1.1632,1.1632,1.16305,1.16315,516
2026-06-04 09:45,1780566300,1.16315,1.16325,1.16295,1.1632,553
2026-06-04 09:50,1780566600,1.1632,1.1633,1.16315,1.16325,637
2026-06-04 09:55,1780566900,1.16325,1.16325,1.163,1.16305,921
2026-06-04 10:00,1780567200,1.16305,1.16345,1.163,1.16345,602
2026-06-04 10:05,1780567500,1.16345,1.16355,1.1632,1.1633,393
2026-06-04 10:10,1780567800,1.1633,1.1635,1.16325,1.16345,604
2026-06-04 10:15,1780568100,1.1635,1.16355,1.1634,1.16345,351
2026-06-04 10:20,1780568400,1.16345,1.16345,1.1631,1.1632,828
2026-06-04 10:25,1780568700,1.16325,1.1634,1.16315,1.16335,647
2026-06-04 10:30,1780569000,1.1634,1.16375,1.1633,1.16365,592
2026-06-04 10:35,1780569300,1.1636,1.1638,1.16355,1.1638,644
2026-06-04 10:40,1780569600,1.1638,1.16385,1.1636,1.1637,512
2026-06-04 10:45,1780569900,1.16375,1.1639,1.1636,1.1636,1157
2026-06-04 10:50,1780570200,1.1636,1.1636,1.1633,1.1635,2007
2026-06-04 10:55,1780570500,1.16345,1.16375,1.16345,1.16355,541
2026-06-04 11:00,1780570800,1.16355,1.16405,1.1635,1.16395,1287
2026-06-04 11:05,1780571100,1.16395,1.16405,1.16375,1.16405,415
2026-06-04 11:10,1780571400,1.164,1.1642,1.16395,1.16405,911
2026-06-04 11:15,1780571700,1.164,1.1645,1.164,1.1645,1008
2026-06-04 11:20,1780572000,1.1645,1.16465,1.16435,1.1646,1004
2026-06-04 11:25,1780572300,1.16465,1.16485,1.16445,1.16455,812
2026-06-04 11:30,1780572600,1.1646,1.16465,1.1642,1.16435,1411
2026-06-04 11:35,1780572900,1.1643,1.16455,1.16425,1.1645,1033
2026-06-04 11:40,1780573200,1.1645,1.16495,1.16435,1.1649,737
2026-06-04 11:45,1780573500,1.16485,1.16505,1.1646,1.16485,1283
2026-06-04 11:50,1780573800,1.16485,1.16495,1.1648,1.16485,499
2026-06-04 11:55,1780574100,1.16485,1.16485,1.1646,1.16475,4442
2026-06-04 12:00,1780574400,1.16465,1.165,1.16455,1.16465,1130
2026-06-04 12:05,1780574700,1.16465,1.1648,1.1643,1.16445,1714
2026-06-04 12:10,1780575000,1.16445,1.16455,1.16395,1.16425,2244
2026-06-04 12:15,1780575300,1.1643,1.1644,1.1642,1.1642,691
2026-06-04 12:20,1780575600,1.16425,1.16455,1.16415,1.1644,753
2026-06-04 12:25,1780575900,1.16435,1.16445,1.1643,1.1643,574
2026-06-04 12:30,1780576200,1.1644,1.1646,1.16435,1.1646,723
2026-06-04 12:35,1780576500,1.1646,1.16465,1.16445,1.16455,1059
2026-06-04 12:40,1780576800,1.16455,1.16455,1.1643,1.1645,1111
2026-06-04 12:45,1780577100,1.1645,1.1646,1.16435,1.16455,1413
2026-06-04 12:50,1780577400,1.16455,1.16485,1.1645,1.1648,2380
2026-06-04 12:55,1780577700,1.1648,1.1648,1.1642,1.1642,1284
2026-06-04 13:00,1780578000,1.16415,1.16435,1.1641,1.16435,1003
2026-06-04 13:05,1780578300,1.16435,1.1645,1.1642,1.16435,516
2026-06-04 13:10,1780578600,1.16435,1.16435,1.1639,1.16395,778
2026-06-04 13:15,1780578900,1.16395,1.1643,1.1639,1.1642,861
2026-06-04 13:20,1780579200,1.1642,1.1643,1.16405,1.1641,484
2026-06-04 13:25,1780579500,1.1641,1.16415,1.1639,1.1641,665
2026-06-04 13:30,1780579800,1.16415,1.1643,1.164,1.1642,722
2026-06-04 13:35,1780580100,1.1642,1.1643,1.16415,1.1643,819
2026-06-04 13:40,1780580400,1.1643,1.16445,1.1641,1.1644,773
2026-06-04 13:45,1780580700,1.16445,1.16445,1.16415,1.16435,669
2026-06-04 13:50,1780581000,1.16435,1.1644,1.164,1.16415,697
2026-06-04 13:55,1780581300,1.16415,1.1643,1.1641,1.1641,722
2026-06-04 14:00,1780581600,1.1641,1.1645,1.16385,1.16385,814
2026-06-04 14:05,1780581900,1.1639,1.164,1.1638,1.1638,1139
2026-06-04 14:10,1780582200,1.1638,1.16385,1.1637,1.1638,1566
2026-06-04 14:15,1780582500,1.16385,1.16395,1.1638,1.16395,435
2026-06-04 14:20,1780582800,1.1639,1.16395,1.16375,1.1638,472
2026-06-04 14:25,1780583100,1.1638,1.16385,1.1636,1.1636,375
2026-06-04 14:30,1780583400,1.1636,1.16365,1.16345,1.16355,708
2026-06-04 14:35,1780583700,1.1635,1.16355,1.1634,1.1635,644
2026-06-04 14:40,1780584000,1.1635,1.16375,1.1635,1.1636,427
2026-06-04 14:45,1780584300,1.16365,1.1637,1.16345,1.1636,455
2026-06-04 14:50,1780584600,1.16365,1.1637,1.1635,1.16365,747
2026-06-04 14:55,1780584900,1.1636,1.1638,1.16345,1.16355,1589
2026-06-04 15:00,1780585200,1.1635,1.16365,1.1633,1.1633,1738
2026-06-04 15:05,1780585500,1.1633,1.1633,1.16295,1.1631,1359
2026-06-04 15:10,1780585800,1.16315,1.16315,1.16285,1.163,1701
2026-06-04 15:15,1780586100,1.163,1.16315,1.1629,1.1629,456
2026-06-04 15:20,1780586400,1.1629,1.16305,1.16285,1.163,307
2026-06-04 15:25,1780586700,1.163,1.163,1.16275,1.16285,414
2026-06-04 15:30,1780587000,1.1628,1.16305,1.1627,1.16295,1639
2026-06-04 15:35,1780587300,1.16295,1.16315,1.16295,1.163,462
2026-06-04 15:40,1780587600,1.163,1.16305,1.16275,1.16285,399
2026-06-04 15:45,1780587900,1.16285,1.16305,1.16275,1.16295,322
2026-06-04 15:50,1780588200,1.163,1.16335,1.163,1.16315,431
2026-06-04 15:55,1780588500,1.16315,1.16345,1.16315,1.1633,701
2026-06-04 16:00,1780588800,1.16325,1.16335,1.1632,1.1632,580
2026-06-04 16:05,1780589100,1.16325,1.16335,1.1632,1.1633,460
2026-06-04 16:10,1780589400,1.16335,1.1634,1.1631,1.1632,355
2026-06-04 16:15,1780589700,1.16325,1.16345,1.16315,1.16335,375
2026-06-04 16:20,1780590000,1.1633,1.1634,1.16325,1.16325,103
2026-06-04 16:25,1780590300,1.1633,1.16335,1.1633,1.1633,128
2026-06-04 16:30,1780590600,1.1633,1.16335,1.16315,1.16315,268
2026-06-04 16:35,1780590900,1.1631,1.16325,1.16305,1.16315,247
2026-06-04 16:40,1780591200,1.16315,1.1632,1.1631,1.1631,128
2026-06-04 16:45,1780591500,1.1631,1.1631,1.1629,1.163,239
2026-06-04 16:50,1780591800,1.163,1.163,1.16285,1.1629,182
2026-06-04 16:55,1780592100,1.1629,1.16295,1.1628,1.16285,223
2026-06-04 17:00,1780592400,1.1628,1.16285,1.16275,1.1628,282
2026-06-04 17:05,1780592700,1.1628,1.1628,1.16265,1.1627,179
2026-06-04 17:10,1780593000,1.1627,1.16275,1.1626,1.1626,375
2026-06-04 17:15,1780593300,1.1626,1.1627,1.16255,1.16265,335
2026-06-04 17:20,1780593600,1.16265,1.16265,1.16255,1.1626,343
2026-06-04 17:25,1780593900,1.1626,1.1626,1.1625,1.1625,322
2026-06-04 17:30,1780594200,1.1625,1.1627,1.1625,1.16265,500
2026-06-04 17:35,1780594500,1.16265,1.1627,1.16245,1.1625,448
2026-06-04 17:40,1780594800,1.1625,1.16255,1.1625,1.16255,191
2026-06-04 17:45,1780595100,1.1625,1.16255,1.1625,1.1625,93
2026-06-04 17:50,1780595400,1.1625,1.1626,1.16245,1.16245,135
2026-06-04 17:55,1780595700,1.16245,1.1626,1.1624,1.16255,316
2026-06-04 18:00,1780596000,1.16255,1.1627,1.1625,1.16255,938
2026-06-04 18:05,1780596300,1.16255,1.1626,1.1625,1.1625,784
2026-06-04 18:10,1780596600,1.16245,1.16255,1.16245,1.1625,381
2026-06-04 18:15,1780596900,1.16255,1.16255,1.1624,1.16245,292
2026-06-04 18:20,1780597200,1.16245,1.1625,1.16235,1.16235,218
2026-06-04 18:25,1780597500,1.16235,1.1624,1.16215,1.16215,297
2026-06-04 18:30,1780597800,1.16215,1.1622,1.16195,1.16205,1058
2026-06-04 18:35,1780598100,1.1621,1.16225,1.162,1.16225,592
2026-06-04 18:40,1780598400,1.1622,1.16225,1.1621,1.1621,539
2026-06-04 18:45,1780598700,1.16215,1.16225,1.1621,1.1621,532
2026-06-04 18:50,1780599000,1.1621,1.1621,1.16185,1.16195,675
2026-06-04 18:55,1780599300,1.16195,1.162,1.1618,1.162,2987
2026-06-04 19:00,1780599600,1.16195,1.1621,1.16195,1.16195,750
2026-06-04 19:05,1780599900,1.1619,1.1619,1.1617,1.1617,960
2026-06-04 19:10,1780600200,1.16175,1.16175,1.1616,1.16165,3888
2026-06-04 19:15,1780600500,1.1617,1.1618,1.1617,1.16175,315
2026-06-04 19:20,1780600800,1.16175,1.1618,1.1617,1.1618,137
2026-06-04 19:25,1780601100,1.1617,1.16175,1.1617,1.1617,3182
2026-06-04 19:30,1780601400,1.16175,1.1618,1.16165,1.1617,267
2026-06-04 19:35,1780601700,1.1617,1.1617,1.1616,1.16165,214
2026-06-04 19:40,1780602000,1.16165,1.1617,1.1616,1.1616,246
2026-06-04 19:45,1780602300,1.1616,1.1616,1.16155,1.16155,213
2026-06-04 19:50,1780602600,1.1616,1.1618,1.1616,1.1618,477
2026-06-04 19:55,1780602900,1.16175,1.1618,1.1617,1.16175,723
2026-06-04 20:00,1780603200,1.1617,1.16185,1.1616,1.16175,592
2026-06-04 20:05,1780603500,1.16175,1.16175,1.1616,1.1616,153
2026-06-04 20:10,1780603800,1.1616,1.1616,1.1615,1.1615,143
2026-06-04 20:15,1780604100,1.1615,1.16155,1.1614,1.16155,132
2026-06-04 20:20,1780604400,1.16155,1.1616,1.16135,1.16145,267
2026-06-04 20:25,1780604700,1.16145,1.16145,1.16135,1.1614,156
2026-06-04 20:30,1780605000,1.1614,1.16145,1.1613,1.16145,147
2026-06-04 20:35,1780605300,1.1614,1.1615,1.16135,1.1615,581
2026-06-04 20:40,1780605600,1.1615,1.16155,1.16145,1.16155,160
2026-06-04 20:45,1780605900,1.16155,1.1616,1.1615,1.16155,43
2026-06-04 20:50,1780606200,1.1616,1.16165,1.16155,1.16165,207
2026-06-04 20:55,1780606500,1.16165,1.1617,1.16145,1.1615,255
2026-06-04 22:00,1780610400,1.1617,1.16175,1.16155,1.16165,0
2026-06-04 22:05,1780610700,1.1617,1.16185,1.1617,1.16175,211
2026-06-04 22:10,1780611000,1.16175,1.16175,1.1617,1.1617,44
2026-06-04 22:15,1780611300,1.16165,1.1617,1.16165,1.1617,24
2026-06-04 22:20,1780611600,1.16165,1.1617,1.1616,1.1617,26
2026-06-04 22:25,1780611900,1.1617,1.16175,1.1617,1.1617,9
2026-06-04 22:30,1780612200,1.1617,1.16175,1.16165,1.16165,102
2026-06-04 22:35,1780612500,1.1617,1.1617,1.1617,1.1617,1
2026-06-04 22:40,1780612800,1.1617,1.1617,1.16155,1.16155,29
2026-06-04 22:45,1780613100,1.16155,1.16155,1.16155,1.16155,27
2026-06-04 22:50,1780613400,1.16155,1.1616,1.16155,1.1616,82
2026-06-04 22:55,1780613700,1.1616,1.16165,1.1616,1.1616,30
2026-06-04 23:00,1780614000,1.16165,1.16175,1.16165,1.16175,37
2026-06-04 23:05,1780614300,1.16175,1.16175,1.16165,1.16165,64
2026-06-04 23:10,1780614600,1.16165,1.1617,1.16165,1.1617,33
2026-06-04 23:15,1780614900,1.16175,1.16175,1.16175,1.16175,26
2026-06-04 23:20,1780615200,1.16175,1.1618,1.16175,1.1618,104
2026-06-04 23:25,1780615500,1.16175,1.16175,1.1617,1.16175,7
2026-06-04 23:30,1780615800,1.16175,1.16175,1.1617,1.1617,3
2026-06-04 23:35,1780616100,1.1617,1.1617,1.16165,1.16165,27
2026-06-04 23:40,1780616400,1.1617,1.1617,1.16165,1.16165,53
2026-06-04 23:45,1780616700,1.16165,1.1617,1.16165,1.1617,49
2026-06-04 23:50,1780617000,1.16175,1.1618,1.1617,1.1617,181
2026-06-04 23:55,1780617300,1.1617,1.1617,1.1616,1.16165,63
2026-06-05 00:00,1780617600,1.16165,1.1618,1.1616,1.16175,294
2026-06-05 00:05,1780617900,1.16175,1.16185,1.16165,1.16175,84
2026-06-05 00:10,1780618200,1.1618,1.1618,1.16155,1.16155,285
2026-06-05 00:15,1780618500,1.1616,1.1617,1.16155,1.1616,209
2026-06-05 00:20,1780618800,1.16165,1.1617,1.16155,1.16165,83
2026-06-05 00:25,1780619100,1.16165,1.16175,1.16165,1.1617,73
2026-06-05 00:30,1780619400,1.16175,1.16175,1.16165,1.1617,53
2026-06-05 00:35,1780619700,1.1617,1.1617,1.1616,1.16165,34
2026-06-05 00:40,1780620000,1.16165,1.16175,1.1616,1.1616,57
2026-06-05 00:45,1780620300,1.16155,1.16165,1.16155,1.1616,56
2026-06-05 00:50,1780620600,1.1616,1.16165,1.16155,1.16165,34
2026-06-05 00:55,1780620900,1.16165,1.1618,1.1616,1.1617,112
2026-06-05 01:00,1780621200,1.1617,1.16175,1.1616,1.16165,181
2026-06-05 01:05,1780621500,1.16165,1.1618,1.16165,1.1617,110
2026-06-05 01:10,1780621800,1.1617,1.16175,1.1616,1.1616,129
2026-06-05 01:15,1780622100,1.1616,1.16175,1.1616,1.1617,280
2026-06-05 01:20,1780622400,1.16165,1.1617,1.16155,1.16155,120
2026-06-05 01:25,1780622700,1.16155,1.1616,1.1614,1.1616,196
2026-06-05 01:30,1780623000,1.1616,1.16185,1.1616,1.1617,223
2026-06-05 01:35,1780623300,1.1617,1.1617,1.1616,1.1616,34
2026-06-05 01:40,1780623600,1.1616,1.16175,1.1615,1.16175,114
2026-06-05 01:45,1780623900,1.16175,1.16185,1.1617,1.16175,109
2026-06-05 01:50,1780624200,1.1618,1.1619,1.1618,1.16185,146
2026-06-05 01:55,1780624500,1.16185,1.1619,1.16175,1.16175,275
2026-06-05 02:00,1780624800,1.1618,1.16195,1.16165,1.1619,230
2026-06-05 02:05,1780625100,1.1619,1.16195,1.16185,1.16195,80
2026-06-05 02:10,1780625400,1.1619,1.162,1.1619,1.16195,95
2026-06-05 02:15,1780625700,1.16195,1.16205,1.16185,1.16195,233
2026-06-05 02:20,1780626000,1.16195,1.162,1.16195,1.162,71
2026-06-05 02:25,1780626300,1.16205,1.16205,1.162,1.162,79
2026-06-05 02:30,1780626600,1.162,1.162,1.16185,1.16185,147
2026-06-05 02:35,1780626900,1.16185,1.1619,1.16185,1.1619,35
2026-06-05 02:40,1780627200,1.16185,1.1619,1.16175,1.16185,47
2026-06-05 02:45,1780627500,1.1618,1.16185,1.16175,1.1618,30
2026-06-05 02:50,1780627800,1.16185,1.16195,1.16185,1.1619,22
2026-06-05 02:55,1780628100,1.1619,1.1619,1.16185,1.16185,61
2026-06-05 03:00,1780628400,1.16185,1.1619,1.16185,1.1619,52
2026-06-05 03:05,1780628700,1.16185,1.16185,1.1618,1.16185,43
2026-06-05 03:10,1780629000,1.1619,1.1619,1.16185,1.16185,70
2026-06-05 03:15,1780629300,1.1619,1.16195,1.16185,1.16185,20
2026-06-05 03:20,1780629600,1.16185,1.1619,1.1618,1.1619,75
2026-06-05 03:25,1780629900,1.16195,1.162,1.1619,1.1619,86
2026-06-05 03:30,1780630200,1.16185,1.16195,1.1618,1.1618,61
2026-06-05 03:35,1780630500,1.16185,1.16185,1.16185,1.16185,29
2026-06-05 03:40,1780630800,1.16185,1.16185,1.1618,1.1618,33
2026-06-05 03:45,1780631100,1.16185,1.16185,1.16185,1.16185,29
2026-06-05 03:50,1780631400,1.16185,1.1619,1.1618,1.16185,97
2026-06-05 03:55,1780631700,1.1619,1.1619,1.16185,1.1619,59
2026-06-05 04:05,1780632300,1.16195,1.16195,1.16195,1.16195,273
2026-06-05 04:10,1780632600,1.16195,1.16195,1.16185,1.1619,59
2026-06-05 04:15,1780632900,1.1619,1.16205,1.1619,1.16195,71
2026-06-05 04:20,1780633200,1.1619,1.16195,1.1619,1.16195,9
2026-06-05 04:25,1780633500,1.16195,1.162,1.1618,1.1618,48
2026-06-05 04:30,1780633800,1.1618,1.16195,1.1618,1.1619,15
2026-06-05 04:35,1780634100,1.16195,1.16195,1.16195,1.16195,18
2026-06-05 04:40,1780634400,1.162,1.16205,1.16195,1.16195,67
2026-06-05 04:45,1780634700,1.16195,1.16195,1.16195,1.16195,18
2026-06-05 04:50,1780635000,1.16195,1.162,1.16195,1.162,81
2026-06-05 04:55,1780635300,1.16205,1.16215,1.162,1.16205,101
2026-06-05 05:00,1780635600,1.162,1.16205,1.16195,1.16195,66
2026-06-05 05:05,1780635900,1.162,1.162,1.16195,1.16195,21
2026-06-05 05:10,1780636200,1.162,1.162,1.16195,1.162,55
2026-06-05 05:15,1780636500,1.162,1.16205,1.16195,1.16205,60
2026-06-05 05:20,1780636800,1.16205,1.16205,1.16195,1.162,72
2026-06-05 05:25,1780637100,1.162,1.16205,1.162,1.16205,10
2026-06-05 05:30,1780637400,1.16205,1.16225,1.16205,1.16225,205
2026-06-05 05:35,1780637700,1.16225,1.16235,1.1621,1.1621,240
2026-06-05 05:40,1780638000,1.16215,1.1622,1.1621,1.1621,85
2026-06-05 05:45,1780638300,1.16215,1.16225,1.16215,1.16225,74
2026-06-05 05:50,1780638600,1.1622,1.16225,1.1621,1.16215,165
2026-06-05 05:55,1780638900,1.1622,1.1622,1.162,1.162,206
2026-06-05 06:00,1780639200,1.16205,1.16205,1.16175,1.1619,527
2026-06-05 06:05,1780639500,1.1619,1.1619,1.16175,1.16175,211
2026-06-05 06:10,1780639800,1.16175,1.16195,1.1617,1.1619,267
2026-06-05 06:15,1780640100,1.16195,1.162,1.1617,1.1619,323
2026-06-05 06:20,1780640400,1.1619,1.16195,1.16185,1.1619,95
2026-06-05 06:25,1780640700,1.1619,1.1622,1.1619,1.1622,363
2026-06-05 06:30,1780641000,1.1622,1.16245,1.1622,1.1623,498
2026-06-05 06:35,1780641300,1.1623,1.16255,1.1623,1.1625,552
2026-06-05 06:40,1780641600,1.16255,1.1626,1.16245,1.1626,142
2026-06-05 06:45,1780641900,1.1626,1.1627,1.16255,1.16255,258
2026-06-05 06:50,1780642200,1.16255,1.1626,1.16225,1.16255,888
2026-06-05 06:55,1780642500,1.1625,1.16265,1.1625,1.16265,243
2026-06-05 07:00,1780642800,1.1626,1.16275,1.1626,1.1627,623
2026-06-05 07:05,1780643100,1.16275,1.1629,1.1627,1.1628,807
2026-06-05 07:10,1780643400,1.16285,1.16315,1.1628,1.163,635
2026-06-05 07:15,1780643700,1.16305,1.16325,1.16305,1.1631,450
2026-06-05 07:20,1780644000,1.1631,1.16335,1.16305,1.1633,338
2026-06-05 07:25,1780644300,1.16325,1.16345,1.16325,1.16345,175
2026-06-05 07:30,1780644600,1.1634,1.1638,1.16335,1.16375,653
2026-06-05 07:35,1780644900,1.16375,1.16415,1.1637,1.164,924
2026-06-05 07:40,1780645200,1.164,1.164,1.1637,1.16375,457
2026-06-05 07:45,1780645500,1.16375,1.16405,1.16375,1.16395,369
2026-06-05 07:50,1780645800,1.1639,1.164,1.1638,1.16385,450
2026-06-05 07:55,1780646100,1.16385,1.164,1.16365,1.16365,597
2026-06-05 08:00,1780646400,1.16365,1.16405,1.16365,1.164,566
2026-06-05 08:05,1780646700,1.16405,1.1643,1.16405,1.16415,593
2026-06-05 08:10,1780647000,1.16415,1.1644,1.1641,1.16435,387
2026-06-05 08:15,1780647300,1.16435,1.1644,1.16415,1.1644,570
2026-06-05 08:20,1780647600,1.16435,1.1644,1.1641,1.16435,553
2026-06-05 08:25,1780647900,1.16435,1.16435,1.1641,1.1642,770
2026-06-05 08:30,1780648200,1.1642,1.1644,1.1641,1.16415,884
2026-06-05 08:35,1780648500,1.1641,1.1644,1.1641,1.16435,242
2026-06-05 08:40,1780648800,1.16435,1.16435,1.1642,1.16425,151
2026-06-05 08:45,1780649100,1.16425,1.1643,1.1641,1.1642,330
2026-06-05 08:50,1780649400,1.1642,1.16425,1.1641,1.16415,348
2026-06-05 08:55,1780649700,1.16415,1.1642,1.16405,1.16405,424
2026-06-05 09:00,1780650000,1.16405,1.16425,1.1639,1.16415,438
2026-06-05 09:05,1780650300,1.16405,1.1644,1.16405,1.1644,579
2026-06-05 09:10,1780650600,1.16445,1.1648,1.1643,1.16465,1426
2026-06-05 09:15,1780650900,1.16465,1.1647,1.1645,1.1645,554
2026-06-05 09:20,1780651200,1.1645,1.16485,1.1645,1.1647,312
2026-06-05 09:25,1780651500,1.1647,1.1647,1.16435,1.1644,417
2026-06-05 09:30,1780651800,1.1644,1.16445,1.16425,1.1643,706
2026-06-05 09:35,1780652100,1.16425,1.16445,1.16425,1.1643,145
2026-06-05 09:40,1780652400,1.16435,1.16435,1.1642,1.1643,186
2026-06-05 09:45,1780652700,1.1643,1.16435,1.16425,1.16435,103
2026-06-05 09:50,1780653000,1.16435,1.16435,1.16415,1.1643,318
2026-06-05 09:55,1780653300,1.1643,1.1644,1.16425,1.1643,368
2026-06-05 10:00,1780653600,1.1643,1.1644,1.16425,1.1644,368
2026-06-05 10:05,1780653900,1.1644,1.16445,1.16425,1.1644,111
2026-06-05 10:10,1780654200,1.16435,1.16445,1.16435,1.16445,143
2026-06-05 10:15,1780654500,1.1644,1.1645,1.16435,1.1644,266
2026-06-05 10:20,1780654800,1.1644,1.1645,1.16435,1.1645,495
2026-06-05 10:25,1780655100,1.1645,1.1647,1.16445,1.16465,367
2026-06-05 10:30,1780655400,1.16465,1.16485,1.16465,1.16475,248
2026-06-05 10:35,1780655700,1.16475,1.1648,1.1646,1.16465,254
2026-06-05 10:40,1780656000,1.1646,1.16465,1.16445,1.16455,1191
2026-06-05 10:45,1780656300,1.16455,1.1647,1.16445,1.16445,676
2026-06-05 10:50,1780656600,1.16445,1.16445,1.16435,1.1644,209
2026-06-05 10:55,1780656900,1.16435,1.16445,1.16435,1.16445,215
2026-06-05 11:00,1780657200,1.16445,1.1645,1.1642,1.16425,634
2026-06-05 11:05,1780657500,1.16425,1.16425,1.16395,1.1641,679
2026-06-05 11:10,1780657800,1.16415,1.1642,1.164,1.16405,253
2026-06-05 11:15,1780658100,1.16405,1.1642,1.16395,1.1641,260
2026-06-05 11:20,1780658400,1.1641,1.16425,1.16395,1.16425,1833
2026-06-05 11:25,1780658700,1.16425,1.1645,1.1641,1.16435,1387
2026-06-05 11:30,1780659000,1.16435,1.1644,1.16425,1.16425,206
2026-06-05 11:35,1780659300,1.16425,1.16435,1.16395,1.16395,1182
2026-06-05 11:40,1780659600,1.164,1.1641,1.1639,1.164,268
2026-06-05 11:45,1780659900,1.164,1.16425,1.16395,1.16405,768
2026-06-05 11:50,1780660200,1.1641,1.16465,1.1641,1.16455,1487
2026-06-05 11:55,1780660500,1.16455,1.16465,1.16445,1.16465,1062
2026-06-05 12:00,1780660800,1.16465,1.16475,1.1644,1.16445,3834
2026-06-05 12:05,1780661100,1.1644,1.16455,1.16435,1.16445,465
2026-06-05 12:10,1780661400,1.1645,1.1646,1.16445,1.1645,420
2026-06-05 12:15,1780661700,1.16445,1.1645,1.1641,1.16435,445
2026-06-05 12:20,1780662000,1.1643,1.1645,1.1643,1.16435,1091
2026-06-05 12:25,1780662300,1.1643,1.1643,1.1639,1.1639,1108
2026-06-05 12:30,1780662600,1.1641,1.1641,1.16155,1.16195,9266
2026-06-05 12:35,1780662900,1.1619,1.16215,1.16095,1.16145,5202
2026-06-05 12:40,1780663200,1.1615,1.16175,1.16115,1.16115,2286
2026-06-05 12:45,1780663500,1.1611,1.16125,1.16075,1.1609,1853
2026-06-05 12:50,1780663800,1.1609,1.1609,1.15995,1.16,2948
2026-06-05 12:55,1780664100,1.15995,1.16,1.15905,1.15915,5066
2026-06-05 13:00,1780664400,1.15905,1.16035,1.15875,1.1596,11052
2026-06-05 13:05,1780664700,1.1596,1.15985,1.15915,1.1598,2449
2026-06-05 13:10,1780665000,1.1598,1.1603,1.1598,1.15995,3677
2026-06-05 13:15,1780665300,1.15995,1.16015,1.15975,1.15995,2152
2026-06-05 13:20,1780665600,1.16,1.1603,1.15945,1.15945,1432
2026-06-05 13:25,1780665900,1.15945,1.1597,1.1588,1.1589,1622
2026-06-05 13:30,1780666200,1.1589,1.15905,1.15855,1.15885,2328
2026-06-05 13:35,1780666500,1.15885,1.1591,1.1584,1.15845,2329
2026-06-05 13:40,1780666800,1.15855,1.1586,1.1581,1.1585,3650
2026-06-05 13:45,1780667100,1.15855,1.15895,1.15855,1.15875,3599
2026-06-05 13:50,1780667400,1.15875,1.15875,1.15775,1.1582,5686
2026-06-05 13:55,1780667700,1.1582,1.1583,1.15755,1.1576,3285
2026-06-05 14:00,1780668000,1.15765,1.1585,1.1574,1.1578,5638
2026-06-05 14:05,1780668300,1.15785,1.1581,1.15695,1.1571,4315
2026-06-05 14:10,1780668600,1.1571,1.1573,1.1565,1.1567,2797
2026-06-05 14:15,1780668900,1.15665,1.1567,1.1562,1.1564,4996
2026-06-05 14:20,1780669200,1.1564,1.1565,1.15595,1.156,2075
2026-06-05 14:25,1780669500,1.15605,1.15615,1.15585,1.156,1755
2026-06-05 14:30,1780669800,1.156,1.15665,1.15595,1.15625,3907
2026-06-05 14:35,1780670100,1.1563,1.1564,1.1559,1.1561,2267
2026-06-05 14:40,1780670400,1.1561,1.1562,1.1554,1.15555,3379
2026-06-05 14:45,1780670700,1.1556,1.1562,1.1556,1.1561,2748
2026-06-05 14:50,1780671000,1.1561,1.1562,1.15565,1.1557,3220
2026-06-05 14:55,1780671300,1.1557,1.15645,1.1556,1.1563,6705
2026-06-05 15:00,1780671600,1.15635,1.1564,1.15585,1.15595,4501
2026-06-05 15:05,1780671900,1.15595,1.156,1.1555,1.15555,2660
2026-06-05 15:10,1780672200,1.1555,1.1555,1.155,1.15505,3316
2026-06-05 15:15,1780672500,1.15505,1.15515,1.15485,1.155,20620
2026-06-05 15:20,1780672800,1.155,1.15555,1.15475,1.15515,1931
2026-06-05 15:25,1780673100,1.15515,1.1553,1.155,1.15505,3201
2026-06-05 15:30,1780673400,1.15505,1.1552,1.15455,1.1546,2335
2026-06-05 15:35,1780673700,1.1546,1.1547,1.1539,1.154,2560
2026-06-05 15:40,1780674000,1.154,1.15415,1.1539,1.15405,760
2026-06-05 15:45,1780674300,1.15405,1.15405,1.15365,1.15375,1212
2026-06-05 15:50,1780674600,1.15375,1.15395,1.1537,1.15375,1088
2026-06-05 15:55,1780674900,1.15375,1.15385,1.15355,1.1536,1712
2026-06-05 16:00,1780675200,1.1537,1.1537,1.1533,1.15335,1719
2026-06-05 16:05,1780675500,1.15335,1.15345,1.15305,1.1531,3103
2026-06-05 16:10,1780675800,1.1531,1.15345,1.1531,1.15325,2064
2026-06-05 16:15,1780676100,1.1532,1.15325,1.1527,1.15285,2357
2026-06-05 16:20,1780676400,1.1529,1.153,1.15275,1.1529,1597
2026-06-05 16:25,1780676700,1.15295,1.15345,1.15295,1.1531,2068
2026-06-05 16:30,1780677000,1.15305,1.1531,1.1527,1.15285,874
2026-06-05 16:35,1780677300,1.1528,1.15285,1.1527,1.1528,1137
2026-06-05 16:40,1780677600,1.1528,1.15295,1.15265,1.1529,1178
2026-06-05 16:45,1780677900,1.1529,1.15315,1.15285,1.1531,821
2026-06-05 16:50,1780678200,1.1531,1.15335,1.15305,1.15335,1365
2026-06-05 16:55,1780678500,1.15335,1.1537,1.1532,1.1536,1589
2026-06-05 17:00,1780678800,1.15365,1.1537,1.15325,1.1534,1156
2026-06-05 17:05,1780679100,1.1534,1.1535,1.15315,1.15315,777
2026-06-05 17:10,1780679400,1.1532,1.15335,1.1531,1.15335,984
2026-06-05 17:15,1780679700,1.1533,1.1533,1.1531,1.15315,403
2026-06-05 17:20,1780680000,1.1532,1.15335,1.15315,1.15325,444
2026-06-05 17:25,1780680300,1.1533,1.15335,1.153,1.1531,783
2026-06-05 17:30,1780680600,1.1531,1.15315,1.1528,1.1529,352
2026-06-05 17:35,1780680900,1.15295,1.153,1.15275,1.15295,480
2026-06-05 17:40,1780681200,1.153,1.1531,1.1526,1.15265,589
2026-06-05 17:45,1780681500,1.15265,1.15275,1.15235,1.1525,1418
2026-06-05 17:50,1780681800,1.15245,1.15265,1.1524,1.15255,954
2026-06-05 17:55,1780682100,1.15255,1.15295,1.1525,1.15285,1853
2026-06-05 18:00,1780682400,1.15285,1.1529,1.15245,1.1525,1351
2026-06-05 18:05,1780682700,1.1524,1.1526,1.15235,1.1525,1131
2026-06-05 18:10,1780683000,1.15245,1.15265,1.15235,1.1525,625
2026-06-05 18:15,1780683300,1.1525,1.1528,1.15245,1.15275,600
2026-06-05 18:20,1780683600,1.15275,1.153,1.15275,1.15285,1092
2026-06-05 18:25,1780683900,1.15285,1.1529,1.15265,1.1527,1742
2026-06-05 18:30,1780684200,1.15265,1.15285,1.1526,1.15285,420
2026-06-05 18:35,1780684500,1.15285,1.1531,1.1528,1.1528,864
2026-06-05 18:40,1780684800,1.1528,1.15285,1.1526,1.1527,415
2026-06-05 18:45,1780685100,1.1527,1.15295,1.15255,1.15295,790
2026-06-05 18:50,1780685400,1.1529,1.15295,1.15275,1.15295,489
2026-06-05 18:55,1780685700,1.1529,1.1533,1.15265,1.15275,3852
2026-06-05 19:00,1780686000,1.15275,1.1528,1.15255,1.1526,1827
2026-06-05 19:05,1780686300,1.15255,1.1526,1.1523,1.1525,952
2026-06-05 19:10,1780686600,1.1525,1.15255,1.15235,1.1524,561
2026-06-05 19:15,1780686900,1.1524,1.1524,1.15225,1.15235,1729
2026-06-05 19:20,1780687200,1.15235,1.15255,1.15225,1.1525,711
2026-06-05 19:25,1780687500,1.15255,1.15265,1.1525,1.1526,425
2026-06-05 19:30,1780687800,1.1526,1.1526,1.1525,1.15255,295
2026-06-05 19:35,1780688100,1.15255,1.1527,1.1525,1.1527,356
2026-06-05 19:40,1780688400,1.1527,1.1529,1.15255,1.1528,452
2026-06-05 19:45,1780688700,1.15285,1.15295,1.1528,1.1529,391
2026-06-05 19:50,1780689000,1.15295,1.15315,1.1529,1.15305,410
2026-06-05 19:55,1780689300,1.153,1.15315,1.15285,1.1529,1047
2026-06-05 20:00,1780689600,1.153,1.153,1.1528,1.15285,434
2026-06-05 20:05,1780689900,1.1528,1.15285,1.1523,1.15235,1349
2026-06-05 20:10,1780690200,1.1524,1.15255,1.1522,1.15225,420
2026-06-05 20:15,1780690500,1.1522,1.15255,1.1522,1.15255,209
2026-06-05 20:20,1780690800,1.1526,1.1528,1.1526,1.1527,213
2026-06-05 20:25,1780691100,1.15275,1.1528,1.1527,1.1528,216
2026-06-05 20:30,1780691400,1.15275,1.153,1.15275,1.15295,399
2026-06-05 20:35,1780691700,1.15295,1.153,1.1526,1.1526,419
2026-06-05 20:40,1780692000,1.1526,1.1527,1.1526,1.15265,41
2026-06-05 20:45,1780692300,1.1527,1.1528,1.1526,1.15265,382
2026-06-05 20:50,1780692600,1.15265,1.15285,1.1526,1.1526,719
2026-06-05 20:55,1780692900,1.1527,1.1529,1.1523,1.15275,760
2026-06-07 22:10,1780870200,1.1513,1.1521,1.1513,1.1521,570
2026-06-07 22:15,1780870500,1.1521,1.15225,1.15205,1.1521,311
2026-06-07 22:20,1780870800,1.1521,1.15225,1.15205,1.15215,226
2026-06-07 22:25,1780871100,1.15215,1.15215,1.15175,1.15175,191
2026-06-07 22:30,1780871400,1.15175,1.1518,1.1516,1.1517,635
2026-06-07 22:35,1780871700,1.1517,1.15205,1.1517,1.15195,223
2026-06-07 22:40,1780872000,1.15195,1.15195,1.15175,1.1518,129
2026-06-07 22:45,1780872300,1.15175,1.1519,1.15165,1.1517,521
2026-06-07 22:50,1780872600,1.1517,1.15185,1.1517,1.1518,172
2026-06-07 22:55,1780872900,1.15175,1.1518,1.15145,1.1517,310
2026-06-07 23:00,1780873200,1.1517,1.15195,1.1517,1.15195,276
2026-06-07 23:05,1780873500,1.1519,1.1521,1.1518,1.1521,203
2026-06-07 23:10,1780873800,1.1521,1.15215,1.15205,1.15215,167
2026-06-07 23:15,1780874100,1.15215,1.15235,1.15215,1.15235,173
2026-06-07 23:20,1780874400,1.1524,1.1524,1.1522,1.15225,296
2026-06-07 23:25,1780874700,1.1522,1.15225,1.15215,1.1522,93
2026-06-07 23:30,1780875000,1.15225,1.1524,1.15225,1.1523,169
2026-06-07 23:35,1780875300,1.15225,1.15225,1.15215,1.1522,104
2026-06-07 23:40,1780875600,1.15225,1.15235,1.1522,1.15235,83
2026-06-07 23:45,1780875900,1.1523,1.15255,1.15225,1.1525,348
2026-06-07 23:50,1780876200,1.1525,1.15255,1.1524,1.15255,174
2026-06-07 23:55,1780876500,1.15255,1.15265,1.15255,1.1526,331
2026-06-08 00:00,1780876800,1.15255,1.15285,1.1525,1.1527,601
2026-06-08 00:05,1780877100,1.15265,1.15285,1.15265,1.15285,211
2026-06-08 00:10,1780877400,1.1528,1.1528,1.15265,1.1527,138
2026-06-08 00:15,1780877700,1.15265,1.1527,1.1525,1.1526,293
2026-06-08 00:20,1780878000,1.1526,1.15285,1.15255,1.15275,392
2026-06-08 00:25,1780878300,1.1527,1.1528,1.15265,1.15265,155
2026-06-08 00:30,1780878600,1.15265,1.1529,1.15265,1.1529,258
2026-06-08 00:35,1780878900,1.15285,1.15305,1.15285,1.15305,344
2026-06-08 00:40,1780879200,1.15305,1.1532,1.15295,1.1532,341
2026-06-08 00:45,1780879500,1.1532,1.15345,1.15315,1.1534,280
2026-06-08 00:50,1780879800,1.15335,1.15355,1.15335,1.15345,715
2026-06-08 00:55,1780880100,1.15345,1.1537,1.1534,1.1537,511
2026-06-08 01:00,1780880400,1.1537,1.15385,1.15365,1.15385,1052
2026-06-08 01:05,1780880700,1.1538,1.15385,1.15365,1.15375,328
2026-06-08 01:10,1780881000,1.1538,1.1538,1.15335,1.1534,571
2026-06-08 01:15,1780881300,1.15345,1.15345,1.15315,1.15315,1419
2026-06-08 01:20,1780881600,1.15315,1.1532,1.1529,1.1529,729
2026-06-08 01:25,1780881900,1.1529,1.1529,1.1522,1.1523,943
2026-06-08 01:30,1780882200,1.15235,1.1524,1.15155,1.1524,1548
2026-06-08 01:35,1780882500,1.1524,1.15255,1.1523,1.15235,220
2026-06-08 01:40,1780882800,1.1524,1.15285,1.1524,1.15275,396
2026-06-08 01:45,1780883100,1.1528,1.1531,1.1527,1.1527,368
2026-06-08 01:50,1780883400,1.15265,1.15285,1.15255,1.1526,327
2026-06-08 01:55,1780883700,1.1526,1.153,1.1526,1.153,373
2026-06-08 02:00,1780884000,1.15305,1.15315,1.1528,1.1528,387
2026-06-08 02:05,1780884300,1.15275,1.15285,1.15255,1.15255,191
2026-06-08 02:10,1780884600,1.15255,1.1528,1.15245,1.1528,208
2026-06-08 02:15,1780884900,1.15275,1.1529,1.1527,1.1528,115
2026-06-08 02:20,1780885200,1.15275,1.1532,1.15275,1.1532,291
2026-06-08 02:25,1780885500,1.15325,1.15335,1.1531,1.1533,497
2026-06-08 02:30,1780885800,1.15325,1.1533,1.15295,1.1531,210
2026-06-08 02:35,1780886100,1.15315,1.1533,1.1531,1.15325,277
2026-06-08 02:40,1780886400,1.15325,1.15325,1.15315,1.15325,77
2026-06-08 02:45,1780886700,1.15325,1.15335,1.1532,1.15325,99
2026-06-08 02:50,1780887000,1.1533,1.1534,1.15315,1.15335,134
2026-06-08 02:55,1780887300,1.15335,1.1535,1.1532,1.1532,178
2026-06-08 03:00,1780887600,1.15325,1.1533,1.153,1.153,126
2026-06-08 03:05,1780887900,1.15305,1.15325,1.153,1.1532,203
2026-06-08 03:10,1780888200,1.1532,1.1532,1.153,1.1531,73
2026-06-08 03:15,1780888500,1.15305,1.1531,1.153,1.153,48
2026-06-08 03:20,1780888800,1.15305,1.15325,1.153,1.1531,151
2026-06-08 03:25,1780889100,1.1531,1.15315,1.153,1.1531,28
2026-06-08 03:30,1780889400,1.1531,1.1533,1.1531,1.1533,74
2026-06-08 03:35,1780889700,1.15325,1.1533,1.15325,1.15325,43
2026-06-08 03:40,1780890000,1.15325,1.1534,1.1532,1.1534,221
2026-06-08 03:45,1780890300,1.1534,1.15345,1.1534,1.1534,66
2026-06-08 03:50,1780890600,1.1534,1.15355,1.1533,1.15355,194
2026-06-08 03:55,1780890900,1.1535,1.1536,1.15345,1.15355,93
2026-06-08 04:00,1780891200,1.1536,1.15365,1.1534,1.1534,145
2026-06-08 04:05,1780891500,1.15345,1.15355,1.1534,1.1535,121
2026-06-08 04:10,1780891800,1.15355,1.1536,1.1535,1.1536,50
2026-06-08 04:15,1780892100,1.15365,1.1537,1.15355,1.15355,168
2026-06-08 04:20,1780892400,1.15355,1.1536,1.15345,1.1536,38
2026-06-08 04:25,1780892700,1.15365,1.15375,1.15365,1.1537,38
2026-06-08 04:30,1780893000,1.1537,1.15375,1.15345,1.15355,357
2026-06-08 04:35,1780893300,1.1536,1.1537,1.1535,1.15365,112
2026-06-08 04:40,1780893600,1.15365,1.15365,1.1534,1.15345,60
2026-06-08 04:45,1780893900,1.15345,1.1536,1.15345,1.1535,138
2026-06-08 04:50,1780894200,1.15355,1.1536,1.15345,1.1535,83
2026-06-08 04:55,1780894500,1.15355,1.15355,1.1534,1.1535,45
2026-06-08 05:00,1780894800,1.1535,1.15395,1.1535,1.1539,381
2026-06-08 05:05,1780895100,1.1539,1.1539,1.15375,1.1538,232
2026-06-08 05:10,1780895400,1.15385,1.1539,1.15355,1.1536,295
2026-06-08 05:15,1780895700,1.15365,1.1543,1.1536,1.15425,643
2026-06-08 05:20,1780896000,1.15425,1.15435,1.1542,1.15425,344
2026-06-08 05:25,1780896300,1.1542,1.15425,1.1538,1.1538,377
2026-06-08 05:30,1780896600,1.15385,1.15385,1.15335,1.1534,259
2026-06-08 05:35,1780896900,1.15345,1.15345,1.15295,1.1532,518
2026-06-08 05:40,1780897200,1.1532,1.15325,1.15285,1.1532,356
2026-06-08 05:45,1780897500,1.15315,1.1533,1.15295,1.153,190
2026-06-08 05:50,1780897800,1.15305,1.1531,1.15265,1.1527,709
2026-06-08 05:55,1780898100,1.15265,1.15265,1.15215,1.1523,2153
2026-06-08 06:00,1780898400,1.15235,1.15255,1.152,1.1521,2143
2026-06-08 06:05,1780898700,1.15215,1.1526,1.15205,1.1526,867
2026-06-08 06:10,1780899000,1.1526,1.15265,1.15225,1.1523,245
2026-06-08 06:15,1780899300,1.15225,1.15255,1.15225,1.1524,237
2026-06-08 06:20,1780899600,1.1524,1.15285,1.15235,1.1527,498
2026-06-08 06:25,1780899900,1.1527,1.1528,1.15255,1.15275,373
2026-06-08 06:30,1780900200,1.1527,1.1527,1.15235,1.15235,239
2026-06-08 06:35,1780900500,1.15235,1.1524,1.152,1.15215,459
2026-06-08 06:40,1780900800,1.1521,1.1524,1.15205,1.15225,469
2026-06-08 06:45,1780901100,1.15225,1.15235,1.15215,1.1523,526
2026-06-08 06:50,1780901400,1.1523,1.1525,1.15215,1.15215,404
2026-06-08 06:55,1780901700,1.15205,1.15225,1.15175,1.1519,753
2026-06-08 07:00,1780902000,1.15195,1.1524,1.15185,1.15225,1172
2026-06-08 07:05,1780902300,1.15225,1.15235,1.15185,1.15235,733
2026-06-08 07:10,1780902600,1.15235,1.153,1.1523,1.15275,1070
2026-06-08 07:15,1780902900,1.15275,1.15305,1.15235,1.153,1904
2026-06-08 07:20,1780903200,1.15295,1.15305,1.15275,1.153,643
2026-06-08 07:25,1780903500,1.153,1.1531,1.1527,1.1527,813
2026-06-08 07:30,1780903800,1.1527,1.153,1.15265,1.15295,758
2026-06-08 07:35,1780904100,1.15295,1.15295,1.15235,1.1526,1399
2026-06-08 07:40,1780904400,1.1526,1.15285,1.1526,1.15275,900
2026-06-08 07:45,1780904700,1.1528,1.1529,1.15265,1.1529,1259
2026-06-08 07:50,1780905000,1.15285,1.15285,1.1524,1.15265,417
2026-06-08 07:55,1780905300,1.15265,1.1528,1.152,1.15205,878
2026-06-08 08:00,1780905600,1.15205,1.15235,1.1518,1.1522,672
2026-06-08 08:05,1780905900,1.1522,1.1527,1.15215,1.15265,802
2026-06-08 08:10,1780906200,1.1526,1.1526,1.1522,1.15225,347
2026-06-08 08:15,1780906500,1.15225,1.1523,1.1519,1.1521,945
2026-06-08 08:20,1780906800,1.1521,1.1521,1.15185,1.15195,546
2026-06-08 08:25,1780907100,1.1519,1.15235,1.1519,1.15235,758
2026-06-08 08:30,1780907400,1.15235,1.1525,1.15195,1.15195,1174
2026-06-08 08:35,1780907700,1.15195,1.1523,1.15185,1.15195,501
2026-06-08 08:40,1780908000,1.1519,1.15195,1.1515,1.15195,396
2026-06-08 08:45,1780908300,1.15195,1.15205,1.15155,1.15165,425
2026-06-08 08:50,1780908600,1.1517,1.1518,1.15135,1.1514,809
2026-06-08 08:55,1780908900,1.15145,1.15155,1.15115,1.1512,2044
2026-06-08 09:00,1780909200,1.1512,1.1515,1.15115,1.15135,1962
2026-06-08 09:05,1780909500,1.15135,1.15135,1.151,1.15105,1349
2026-06-08 09:10,1780909800,1.151,1.1511,1.15095,1.15105,632
2026-06-08 09:15,1780910100,1.15105,1.15115,1.151,1.151,728
2026-06-08 09:20,1780910400,1.151,1.1511,1.15075,1.15095,1192
2026-06-08 09:25,1780910700,1.15095,1.15095,1.1505,1.15055,903
2026-06-08 09:30,1780911000,1.15055,1.1507,1.15035,1.1504,1522
2026-06-08 09:35,1780911300,1.15045,1.1514,1.15035,1.1513,2671
2026-06-08 09:40,1780911600,1.15125,1.1513,1.1508,1.15095,710
2026-06-08 09:45,1780911900,1.1509,1.1513,1.1509,1.1513,876
2026-06-08 09:50,1780912200,1.1513,1.15145,1.15115,1.1514,552
2026-06-08 09:55,1780912500,1.1514,1.15185,1.1514,1.15165,560
2026-06-08 10:00,1780912800,1.15165,1.1517,1.1514,1.15155,1146
2026-06-08 10:05,1780913100,1.15155,1.1521,1.15145,1.15205,680
2026-06-08 10:10,1780913400,1.15205,1.1522,1.15195,1.1521,454
2026-06-08 10:15,1780913700,1.1521,1.15215,1.1518,1.152,3115
2026-06-08 10:20,1780914000,1.152,1.15225,1.1519,1.1521,2318
2026-06-08 10:25,1780914300,1.1521,1.1524,1.152,1.1521,671
2026-06-08 10:30,1780914600,1.15215,1.15365,1.15195,1.15285,2813
2026-06-08 10:35,1780914900,1.1528,1.1531,1.15245,1.15245,1977
2026-06-08 10:40,1780915200,1.15245,1.15285,1.1524,1.15285,555
2026-06-08 10:45,1780915500,1.1529,1.1532,1.1527,1.153,849
2026-06-08 10:50,1780915800,1.153,1.15305,1.1529,1.15305,691
2026-06-08 10:55,1780916100,1.15305,1.15305,1.1527,1.1528,861
2026-06-08 11:00,1780916400,1.15285,1.15295,1.15275,1.1528,421
2026-06-08 11:05,1780916700,1.15285,1.153,1.15275,1.153,578
2026-06-08 11:10,1780917000,1.153,1.1539,1.153,1.1538,2593
2026-06-08 11:15,1780917300,1.1538,1.15395,1.1535,1.15395,2296
2026-06-08 11:20,1780917600,1.15395,1.15455,1.15395,1.15395,3185
2026-06-08 11:25,1780917900,1.154,1.15445,1.15395,1.15445,859
2026-06-08 11:30,1780918200,1.15445,1.15475,1.15425,1.15455,961
2026-06-08 11:35,1780918500,1.1545,1.15455,1.1541,1.1541,682
2026-06-08 11:40,1780918800,1.15405,1.1541,1.1539,1.15395,805
2026-06-08 11:45,1780919100,1.154,1.154,1.1537,1.15385,463
2026-06-08 11:50,1780919400,1.15385,1.15415,1.15375,1.154,622
2026-06-08 11:55,1780919700,1.154,1.1543,1.1539,1.15405,717
2026-06-08 12:00,1780920000,1.154,1.1546,1.154,1.1545,1247
2026-06-08 12:05,1780920300,1.1546,1.1547,1.15435,1.15435,1261
2026-06-08 12:10,1780920600,1.1543,1.15445,1.1541,1.1541,988
2026-06-08 12:15,1780920900,1.1541,1.1543,1.15405,1.1542,2371
2026-06-08 12:20,1780921200,1.1542,1.15435,1.15405,1.1543,7330
2026-06-08 12:25,1780921500,1.15425,1.1544,1.1541,1.1543,479
2026-06-08 12:30,1780921800,1.1543,1.15435,1.15415,1.15415,2061
2026-06-08 12:35,1780922100,1.1542,1.1543,1.1539,1.154,1547
2026-06-08 12:40,1780922400,1.154,1.15475,1.154,1.1545,2701
2026-06-08 12:45,1780922700,1.15445,1.1545,1.15425,1.1544,490
2026-06-08 12:50,1780923000,1.1544,1.1544,1.1539,1.1543,911
2026-06-08 12:55,1780923300,1.1543,1.15465,1.15415,1.1546,1033
2026-06-08 13:00,1780923600,1.1546,1.15505,1.1546,1.15485,2784
2026-06-08 13:05,1780923900,1.1549,1.15495,1.1546,1.1547,662
2026-06-08 13:10,1780924200,1.15475,1.15485,1.1545,1.15475,946
2026-06-08 13:15,1780924500,1.15475,1.15495,1.1546,1.15495,854
2026-06-08 13:20,1780924800,1.155,1.15585,1.15495,1.1554,5829
2026-06-08 13:25,1780925100,1.1554,1.15545,1.1552,1.15535,1157
2026-06-08 13:30,1780925400,1.1553,1.1556,1.1553,1.15545,1320
2026-06-08 13:35,1780925700,1.1554,1.15555,1.15515,1.1553,2331
2026-06-08 13:40,1780926000,1.1553,1.15535,1.15485,1.1549,1943
2026-06-08 13:45,1780926300,1.15495,1.15515,1.1548,1.15495,1884
2026-06-08 13:50,1780926600,1.155,1.15505,1.1547,1.15475,1994
2026-06-08 13:55,1780926900,1.15475,1.1551,1.1545,1.1545,1495
2026-06-08 14:00,1780927200,1.15455,1.15485,1.15445,1.1545,1765
2026-06-08 14:05,1780927500,1.1545,1.1546,1.15425,1.15425,2614
2026-06-08 14:10,1780927800,1.15425,1.15445,1.15415,1.15425,1365
2026-06-08 14:15,1780928100,1.15425,1.1543,1.15395,1.15405,2801
2026-06-08 14:20,1780928400,1.15405,1.15405,1.15355,1.15365,3043
2026-06-08 14:25,1780928700,1.15365,1.1541,1.15365,1.15405,2312
2026-06-08 14:30,1780929000,1.154,1.15435,1.1539,1.15425,2034
2026-06-08 14:35,1780929300,1.15425,1.15435,1.15375,1.1541,2707
2026-06-08 14:40,1780929600,1.15405,1.1541,1.15375,1.154,811
2026-06-08 14:45,1780929900,1.15395,1.1542,1.15375,1.15375,3269
2026-06-08 14:50,1780930200,1.1538,1.15455,1.15365,1.1544,2694
2026-06-08 14:55,1780930500,1.1544,1.15465,1.15425,1.15465,3847
2026-06-08 15:00,1780930800,1.15465,1.155,1.15455,1.1548,2958
2026-06-08 15:05,1780931100,1.1548,1.15485,1.15445,1.1545,1713
2026-06-08 15:10,1780931400,1.15455,1.1552,1.1544,1.15485,2153
2026-06-08 15:15,1780931700,1.15485,1.1551,1.1546,1.15495,3275
2026-06-08 15:20,1780932000,1.15495,1.1551,1.1548,1.1551,557
2026-06-08 15:25,1780932300,1.15505,1.15505,1.1543,1.15435,2897
2026-06-08 15:30,1780932600,1.1544,1.1544,1.15405,1.15405,1390
2026-06-08 15:35,1780932900,1.1541,1.1543,1.15405,1.1542,354
2026-06-08 15:40,1780933200,1.1542,1.15455,1.1542,1.1544,1695
2026-06-08 15:45,1780933500,1.1544,1.1546,1.15435,1.15445,586
2026-06-08 15:50,1780933800,1.1545,1.15495,1.1545,1.15495,742
2026-06-08 15:55,1780934100,1.15495,1.15505,1.1548,1.1548,808
2026-06-08 16:00,1780934400,1.1548,1.15485,1.15465,1.1548,536
2026-06-08 16:05,1780934700,1.15485,1.155,1.1547,1.1547,606
2026-06-08 16:10,1780935000,1.1547,1.15475,1.1546,1.15475,1408
2026-06-08 16:15,1780935300,1.15475,1.1548,1.15455,1.15465,491
2026-06-08 16:20,1780935600,1.1547,1.1548,1.1545,1.1547,1359
2026-06-08 16:25,1780935900,1.1547,1.15475,1.1545,1.15455,2172
2026-06-08 16:30,1780936200,1.15455,1.15475,1.1545,1.1545,649
2026-06-08 16:35,1780936500,1.1545,1.1547,1.1545,1.15465,3917
2026-06-08 16:40,1780936800,1.1546,1.15465,1.1544,1.15465,444
2026-06-08 16:45,1780937100,1.1546,1.1546,1.15435,1.1546,457
2026-06-08 16:50,1780937400,1.1546,1.1547,1.1545,1.1546,4455
2026-06-08 16:55,1780937700,1.1546,1.15465,1.15425,1.1543,3373
2026-06-08 17:00,1780938000,1.1543,1.1545,1.1542,1.1542,501
2026-06-08 17:05,1780938300,1.1542,1.1544,1.1542,1.15425,431
2026-06-08 17:10,1780938600,1.15425,1.15445,1.15415,1.15445,514
2026-06-08 17:15,1780938900,1.15445,1.15455,1.15435,1.1544,408
2026-06-08 17:20,1780939200,1.1544,1.15445,1.15425,1.15435,1050
2026-06-08 17:25,1780939500,1.15435,1.15445,1.1542,1.15435,2178
2026-06-08 17:30,1780939800,1.15435,1.15435,1.1539,1.15405,1871
2026-06-08 17:35,1780940100,1.15405,1.15425,1.1539,1.1542,596
2026-06-08 17:40,1780940400,1.1542,1.15435,1.1542,1.1543,370
2026-06-08 17:45,1780940700,1.1543,1.15445,1.15425,1.1543,302
2026-06-08 17:50,1780941000,1.1543,1.15435,1.15425,1.15435,269
2026-06-08 17:55,1780941300,1.15435,1.15435,1.15415,1.15415,369
2026-06-08 18:00,1780941600,1.1542,1.15455,1.1542,1.15455,418
2026-06-08 18:05,1780941900,1.1545,1.1546,1.15445,1.15455,410
2026-06-08 18:10,1780942200,1.1545,1.15455,1.15425,1.15435,563
2026-06-08 18:15,1780942500,1.15435,1.1544,1.1543,1.15435,976
2026-06-08 18:20,1780942800,1.1544,1.1544,1.15425,1.1543,1471
2026-06-08 18:25,1780943100,1.1543,1.15445,1.15425,1.1544,1338
2026-06-08 18:30,1780943400,1.15445,1.15455,1.15435,1.15445,811
2026-06-08 18:35,1780943700,1.15445,1.1545,1.1542,1.15425,553
2026-06-08 18:40,1780944000,1.15425,1.1543,1.154,1.154,962
2026-06-08 18:45,1780944300,1.154,1.154,1.15375,1.1538,1021
2026-06-08 18:50,1780944600,1.1538,1.1538,1.1536,1.15365,2517
2026-06-08 18:55,1780944900,1.15365,1.15365,1.1531,1.15315,10304
2026-06-08 19:00,1780945200,1.1532,1.15375,1.15315,1.15365,4243
2026-06-08 19:05,1780945500,1.15365,1.1537,1.15355,1.15355,302
2026-06-08 19:10,1780945800,1.1535,1.15365,1.1534,1.15345,279
2026-06-08 19:15,1780946100,1.15345,1.15365,1.15345,1.15355,220
2026-06-08 19:20,1780946400,1.15355,1.1536,1.1534,1.15345,270
2026-06-08 19:25,1780946700,1.15345,1.1536,1.15335,1.15355,187
2026-06-08 19:30,1780947000,1.15355,1.1538,1.15355,1.1536,559
2026-06-08 19:35,1780947300,1.15365,1.15375,1.15365,1.1537,185
2026-06-08 19:40,1780947600,1.1537,1.1537,1.1534,1.15345,347
2026-06-08 19:45,1780947900,1.15345,1.1535,1.15335,1.15345,181
2026-06-08 19:50,1780948200,1.1535,1.1536,1.15335,1.1534,1121
2026-06-08 19:55,1780948500,1.1534,1.1535,1.1533,1.1534,1746
2026-06-08 20:00,1780948800,1.15345,1.1536,1.15345,1.1535,516
2026-06-08 20:05,1780949100,1.1535,1.1536,1.15335,1.1534,905
2026-06-08 20:10,1780949400,1.15345,1.15355,1.15345,1.15355,417
2026-06-08 20:15,1780949700,1.1535,1.1535,1.1534,1.1534,40
2026-06-08 20:20,1780950000,1.1534,1.1537,1.1534,1.15365,2619
2026-06-08 20:25,1780950300,1.15365,1.1537,1.1535,1.1536,1139
2026-06-08 20:30,1780950600,1.1536,1.15365,1.15355,1.15355,114
2026-06-08 20:35,1780950900,1.1536,1.1536,1.15345,1.15345,207
2026-06-08 20:40,1780951200,1.15345,1.1535,1.15345,1.1535,40
2026-06-08 20:45,1780951500,1.1535,1.15355,1.1535,1.15355,17
2026-06-08 20:50,1780951800,1.15355,1.15355,1.15345,1.1535,345
2026-06-08 20:55,1780952100,1.15345,1.1537,1.15345,1.1537,384
2026-06-08 22:00,1780956000,1.15385,1.1539,1.15365,1.1537,0
2026-06-08 22:05,1780956300,1.15375,1.1538,1.15355,1.1536,363
2026-06-08 22:10,1780956600,1.15365,1.15375,1.15365,1.15375,80
2026-06-08 22:15,1780956900,1.15365,1.1537,1.15365,1.15365,57
2026-06-08 22:25,1780957500,1.1532,1.15365,1.1532,1.15365,87
2026-06-08 22:30,1780957800,1.15365,1.15365,1.1536,1.15365,61
2026-06-08 22:35,1780958100,1.1536,1.15365,1.15355,1.15365,68
2026-06-08 22:40,1780958400,1.15365,1.1537,1.15355,1.15355,69
2026-06-08 22:45,1780958700,1.15355,1.15365,1.15355,1.1536,109
2026-06-08 22:50,1780959000,1.15355,1.15365,1.15355,1.1536,95
2026-06-08 22:55,1780959300,1.15365,1.1537,1.1536,1.1537,59
2026-06-08 23:00,1780959600,1.1537,1.1537,1.1537,1.1537,27
2026-06-08 23:05,1780959900,1.1537,1.1537,1.1537,1.1537,28
2026-06-08 23:10,1780960200,1.1537,1.15375,1.15365,1.1537,44
2026-06-08 23:15,1780960500,1.1537,1.1537,1.1536,1.1536,74
2026-06-08 23:20,1780960800,1.1536,1.1536,1.1536,1.1536,81
2026-06-08 23:25,1780961100,1.1536,1.1536,1.1534,1.15345,158
2026-06-08 23:30,1780961400,1.1534,1.1534,1.1533,1.15335,60
2026-06-08 23:35,1780961700,1.15335,1.1534,1.1533,1.15335,54
2026-06-08 23:40,1780962000,1.1534,1.1534,1.1533,1.15335,65
2026-06-08 23:45,1780962300,1.15335,1.15335,1.1532,1.1533,71
2026-06-08 23:50,1780962600,1.1533,1.1533,1.1533,1.1533,55
2026-06-08 23:55,1780962900,1.15325,1.15325,1.1531,1.15315,78
2026-06-09 00:00,1780963200,1.1531,1.1533,1.153,1.15315,221
2026-06-09 00:05,1780963500,1.15315,1.1533,1.1531,1.1532,226
2026-06-09 00:10,1780963800,1.15315,1.15335,1.15315,1.15315,356
2026-06-09 00:15,1780964100,1.15315,1.1533,1.15315,1.1532,168
2026-06-09 00:20,1780964400,1.1532,1.15325,1.15315,1.15315,67
2026-06-09 00:25,1780964700,1.1532,1.1533,1.1532,1.1532,107
2026-06-09 00:30,1780965000,1.1532,1.1533,1.15305,1.1533,127
2026-06-09 00:35,1780965300,1.1533,1.15345,1.1533,1.1534,147
2026-06-09 00:40,1780965600,1.15335,1.1534,1.1533,1.1534,44
2026-06-09 00:45,1780965900,1.15335,1.1534,1.1533,1.15335,70
2026-06-09 00:50,1780966200,1.15335,1.15335,1.1531,1.15315,91
2026-06-09 00:55,1780966500,1.1531,1.15345,1.1531,1.15345,133
2026-06-09 01:00,1780966800,1.1534,1.15365,1.1534,1.1535,172
2026-06-09 01:05,1780967100,1.1535,1.15365,1.1535,1.1536,143
2026-06-09 01:10,1780967400,1.1536,1.1537,1.15355,1.1537,105
2026-06-09 01:15,1780967700,1.15375,1.1538,1.1537,1.1537,112
2026-06-09 01:20,1780968000,1.1537,1.154,1.1537,1.1538,1110
2026-06-09 01:25,1780968300,1.15385,1.15395,1.1538,1.15385,97
2026-06-09 01:30,1780968600,1.1539,1.154,1.15385,1.154,94
2026-06-09 01:35,1780968900,1.15395,1.154,1.1539,1.15395,84
2026-06-09 01:40,1780969200,1.154,1.15405,1.1539,1.154,111
2026-06-09 01:45,1780969500,1.15395,1.15425,1.15395,1.1541,145
2026-06-09 01:50,1780969800,1.1541,1.15415,1.154,1.15415,92
2026-06-09 01:55,1780970100,1.15415,1.15425,1.15415,1.15425,87
2026-06-09 02:00,1780970400,1.1543,1.15435,1.1542,1.15435,135
2026-06-09 02:05,1780970700,1.1543,1.1543,1.15425,1.1543,188
2026-06-09 02:10,1780971000,1.1543,1.15435,1.1542,1.1543,208
2026-06-09 02:15,1780971300,1.15425,1.15425,1.15395,1.154,172
2026-06-09 02:20,1780971600,1.154,1.15425,1.154,1.1542,232
2026-06-09 02:25,1780971900,1.1542,1.1543,1.15415,1.15425,67
2026-06-09 02:30,1780972200,1.15425,1.1543,1.1542,1.1542,128
2026-06-09 02:35,1780972500,1.15415,1.15415,1.1541,1.15415,37
2026-06-09 02:40,1780972800,1.15415,1.1542,1.15415,1.15415,41
2026-06-09 02:45,1780973100,1.15415,1.1542,1.15415,1.1542,50
2026-06-09 02:50,1780973400,1.1542,1.1542,1.1541,1.1542,346
2026-06-09 02:55,1780973700,1.1542,1.15425,1.15405,1.1541,46
2026-06-09 03:00,1780974000,1.15405,1.15405,1.154,1.154,143
2026-06-09 03:05,1780974300,1.154,1.1542,1.154,1.1542,403
2026-06-09 03:10,1780974600,1.15415,1.15425,1.1541,1.1542,65
2026-06-09 03:15,1780974900,1.15425,1.1543,1.15415,1.15415,68
2026-06-09 03:20,1780975200,1.1541,1.1541,1.15385,1.15385,47
2026-06-09 03:25,1780975500,1.1539,1.154,1.1539,1.15395,46
2026-06-09 03:30,1780975800,1.15405,1.15405,1.15395,1.15395,39
2026-06-09 03:35,1780976100,1.15395,1.154,1.15395,1.154,34
2026-06-09 03:40,1780976400,1.154,1.15405,1.15395,1.15405,5059
2026-06-09 03:45,1780976700,1.1541,1.1541,1.15405,1.1541,2986
2026-06-09 03:50,1780977000,1.15405,1.15405,1.1539,1.1539,2212
2026-06-09 03:55,1780977300,1.1539,1.15405,1.15385,1.15405,272
2026-06-09 04:05,1780977900,1.1542,1.15425,1.1542,1.15425,2294
2026-06-09 04:10,1780978200,1.15425,1.15425,1.15425,1.15425,21
2026-06-09 04:15,1780978500,1.15425,1.1543,1.1542,1.1543,60
2026-06-09 04:20,1780978800,1.1543,1.15445,1.1543,1.15445,44
2026-06-09 04:25,1780979100,1.1544,1.1545,1.15435,1.1545,206
2026-06-09 04:30,1780979400,1.1545,1.1545,1.1544,1.1544,190
2026-06-09 04:35,1780979700,1.15445,1.15485,1.15445,1.15485,274
2026-06-09 04:40,1780980000,1.1548,1.15495,1.1548,1.1549,302
2026-06-09 04:45,1780980300,1.1549,1.15515,1.15485,1.1551,188
2026-06-09 04:50,1780980600,1.15515,1.15515,1.155,1.155,48
2026-06-09 04:55,1780980900,1.15495,1.155,1.15485,1.15485,93
2026-06-09 05:00,1780981200,1.1549,1.1549,1.1547,1.15475,453
2026-06-09 05:05,1780981500,1.15475,1.15485,1.1545,1.1546,284
2026-06-09 05:10,1780981800,1.1546,1.1546,1.1543,1.1543,294
2026-06-09 05:15,1780982100,1.15435,1.1545,1.15435,1.1545,50
2026-06-09 05:20,1780982400,1.15455,1.1547,1.1544,1.1545,4829
2026-06-09 05:25,1780982700,1.15455,1.15455,1.15445,1.1545,5021
2026-06-09 05:30,1780983000,1.1545,1.1549,1.1545,1.1549,8769
2026-06-09 05:35,1780983300,1.15495,1.15505,1.1549,1.15495,393
2026-06-09 05:40,1780983600,1.155,1.155,1.15485,1.1549,120
2026-06-09 05:45,1780983900,1.1549,1.15505,1.1548,1.15495,11202
2026-06-09 05:50,1780984200,1.155,1.15505,1.15485,1.155,5122
2026-06-09 05:55,1780984500,1.155,1.155,1.15475,1.1548,5749
2026-06-09 06:00,1780984800,1.15485,1.155,1.15465,1.1549,2672
2026-06-09 06:05,1780985100,1.1549,1.15505,1.1548,1.1548,1996
2026-06-09 06:10,1780985400,1.1548,1.15535,1.1548,1.15535,1450
2026-06-09 06:15,1780985700,1.1553,1.15565,1.15525,1.1556,677
2026-06-09 06:20,1780986000,1.1556,1.15565,1.15545,1.1555,897
2026-06-09 06:25,1780986300,1.1555,1.1555,1.1552,1.1553,9473
2026-06-09 06:30,1780986600,1.15525,1.15525,1.15505,1.15515,3289
2026-06-09 06:35,1780986900,1.15515,1.15525,1.15495,1.15505,4873
2026-06-09 06:40,1780987200,1.15505,1.15515,1.1548,1.15495,2309
2026-06-09 06:45,1780987500,1.15495,1.155,1.1548,1.15485,10697
2026-06-09 06:50,1780987800,1.1549,1.155,1.15485,1.1549,231
2026-06-09 06:55,1780988100,1.15495,1.155,1.1547,1.15475,679
2026-06-09 07:00,1780988400,1.15475,1.155,1.15465,1.1547,1548
2026-06-09 07:05,1780988700,1.15465,1.1547,1.1544,1.1546,876
2026-06-09 07:10,1780989000,1.15455,1.1546,1.1543,1.15435,3561
2026-06-09 07:15,1780989300,1.1543,1.1544,1.15405,1.1542,702
2026-06-09 07:20,1780989600,1.1542,1.1546,1.1542,1.1546,592
2026-06-09 07:25,1780989900,1.15455,1.1546,1.1543,1.15435,845
2026-06-09 07:30,1780990200,1.1543,1.1544,1.15415,1.1543,564
2026-06-09 07:35,1780990500,1.1543,1.1545,1.1543,1.1544,605
2026-06-09 07:40,1780990800,1.15445,1.15455,1.1543,1.1545,358
2026-06-09 07:45,1780991100,1.1545,1.15455,1.1544,1.15455,1262
2026-06-09 07:50,1780991400,1.1545,1.1547,1.15445,1.1545,20935
2026-06-09 07:55,1780991700,1.1545,1.1545,1.1542,1.15425,287
2026-06-09 08:00,1780992000,1.1542,1.15435,1.154,1.15425,721
2026-06-09 08:05,1780992300,1.1542,1.1542,1.1539,1.1541,920
2026-06-09 08:10,1780992600,1.1541,1.1546,1.15405,1.1543,836
2026-06-09 08:15,1780992900,1.15425,1.1545,1.1542,1.15435,347
2026-06-09 08:20,1780993200,1.1544,1.15465,1.1544,1.1546,6632
2026-06-09 08:25,1780993500,1.15465,1.15485,1.1546,1.15475,716
2026-06-09 08:30,1780993800,1.1548,1.15495,1.15475,1.1548,1189
2026-06-09 08:35,1780994100,1.1548,1.15505,1.1548,1.15495,706
2026-06-09 08:40,1780994400,1.1549,1.15505,1.1548,1.15495,1047
2026-06-09 08:45,1780994700,1.15495,1.15495,1.15485,1.1549,1159
2026-06-09 08:50,1780995000,1.1549,1.1553,1.15485,1.1553,553
2026-06-09 08:55,1780995300,1.1553,1.15555,1.15515,1.15535,861
2026-06-09 09:00,1780995600,1.1554,1.1557,1.15535,1.1557,2470
2026-06-09 09:05,1780995900,1.1557,1.15595,1.1557,1.15595,1470
2026-06-09 09:10,1780996200,1.15595,1.156,1.1558,1.1559,1011
2026-06-09 09:15,1780996500,1.15595,1.15615,1.15585,1.156,809
2026-06-09 09:20,1780996800,1.156,1.15625,1.156,1.15615,985
2026-06-09 09:25,1780997100,1.15615,1.1562,1.1558,1.1559,370
2026-06-09 09:30,1780997400,1.1559,1.156,1.15585,1.156,963
2026-06-09 09:35,1780997700,1.156,1.15625,1.156,1.1562,421
2026-06-09 09:40,1780998000,1.1562,1.1563,1.15615,1.1563,270
2026-06-09 09:45,1780998300,1.1563,1.1564,1.15625,1.15635,1966
2026-06-09 09:50,1780998600,1.15635,1.1567,1.15635,1.15655,23648
2026-06-09 09:55,1780998900,1.15655,1.1566,1.1564,1.15645,1075
2026-06-09 10:00,1780999200,1.15645,1.1566,1.1564,1.1565,484
2026-06-09 10:05,1780999500,1.1565,1.1566,1.1563,1.1564,1812
2026-06-09 10:10,1780999800,1.1564,1.1566,1.15635,1.1566,879
2026-06-09 10:15,1781000100,1.15655,1.15685,1.1565,1.15675,2334
2026-06-09 10:20,1781000400,1.15675,1.1569,1.15665,1.15675,2146
2026-06-09 10:25,1781000700,1.15675,1.157,1.15675,1.15685,1562
2026-06-09 10:30,1781001000,1.1569,1.15695,1.1568,1.15695,7494
2026-06-09 10:35,1781001300,1.15695,1.157,1.15685,1.1569,2891
2026-06-09 10:40,1781001600,1.1569,1.15715,1.1569,1.15715,2225
2026-06-09 10:45,1781001900,1.15715,1.15715,1.15695,1.15695,2937
2026-06-09 10:50,1781002200,1.15695,1.1573,1.15695,1.1571,1126
2026-06-09 10:55,1781002500,1.15705,1.15705,1.1568,1.15685,659
2026-06-09 11:00,1781002800,1.15685,1.15715,1.15685,1.15715,1071
2026-06-09 11:05,1781003100,1.15715,1.1573,1.15715,1.15715,2261
2026-06-09 11:10,1781003400,1.15715,1.15725,1.1571,1.15715,1045
2026-06-09 11:15,1781003700,1.15715,1.1573,1.15705,1.1573,893
2026-06-09 11:20,1781004000,1.1573,1.1575,1.15725,1.15745,547
2026-06-09 11:25,1781004300,1.1574,1.1576,1.15735,1.15755,971
2026-06-09 11:30,1781004600,1.15755,1.15765,1.15745,1.15745,4414
2026-06-09 11:35,1781004900,1.15745,1.15745,1.15725,1.1573,352
2026-06-09 11:40,1781005200,1.1573,1.1573,1.1571,1.1571,937
2026-06-09 11:45,1781005500,1.1571,1.1573,1.157,1.15725,400
2026-06-09 11:50,1781005800,1.15735,1.1577,1.15735,1.1577,2944
2026-06-09 11:55,1781006100,1.1577,1.15775,1.15745,1.1576,620
2026-06-09 12:00,1781006400,1.1576,1.15785,1.15755,1.1577,6265
2026-06-09 12:05,1781006700,1.1577,1.15775,1.15755,1.1576,650
2026-06-09 12:10,1781007000,1.1576,1.1576,1.1574,1.15745,922
2026-06-09 12:15,1781007300,1.15745,1.15755,1.1573,1.15745,1431
2026-06-09 12:20,1781007600,1.15745,1.15755,1.1573,1.1575,4394
2026-06-09 12:25,1781007900,1.15745,1.1575,1.15725,1.1573,3557
2026-06-09 12:30,1781008200,1.15725,1.15775,1.15725,1.15775,3043
2026-06-09 12:35,1781008500,1.15765,1.15775,1.1576,1.1576,1665
2026-06-09 12:40,1781008800,1.1576,1.1578,1.1575,1.1577,758
2026-06-09 12:45,1781009100,1.15765,1.15775,1.1576,1.15765,730
2026-06-09 12:50,1781009400,1.1577,1.15785,1.15755,1.1578,1703
2026-06-09 12:55,1781009700,1.1578,1.15785,1.1576,1.1577,3267
2026-06-09 13:00,1781010000,1.15775,1.1581,1.1577,1.15775,3123
2026-06-09 13:05,1781010300,1.15775,1.15805,1.15775,1.158,3509
2026-06-09 13:10,1781010600,1.15805,1.15815,1.158,1.158,3530
2026-06-09 13:15,1781010900,1.158,1.15805,1.1577,1.1577,5962
2026-06-09 13:20,1781011200,1.15765,1.15775,1.1576,1.1577,458
2026-06-09 13:25,1781011500,1.1577,1.15775,1.15745,1.15755,2560
2026-06-09 13:30,1781011800,1.15755,1.1576,1.15715,1.1572,9426
2026-06-09 13:35,1781012100,1.1572,1.15725,1.1567,1.15685,2634
2026-06-09 13:40,1781012400,1.15685,1.15695,1.1568,1.15685,1200
2026-06-09 13:45,1781012700,1.15685,1.158,1.15675,1.1575,3617
2026-06-09 13:50,1781013000,1.1575,1.15755,1.157,1.157,2430
2026-06-09 13:55,1781013300,1.15695,1.15715,1.1569,1.15695,1751
2026-06-09 14:00,1781013600,1.15695,1.15765,1.1569,1.15745,1014
2026-06-09 14:05,1781013900,1.15745,1.15755,1.1571,1.1575,4902
2026-06-09 14:10,1781014200,1.1575,1.1575,1.1567,1.15675,1416
2026-06-09 14:15,1781014500,1.15675,1.15675,1.15615,1.1565,1938
2026-06-09 14:20,1781014800,1.15645,1.15705,1.1564,1.157,1336
2026-06-09 14:25,1781015100,1.15695,1.157,1.1566,1.15665,843
2026-06-09 14:30,1781015400,1.1566,1.15725,1.1566,1.1572,2695
2026-06-09 14:35,1781015700,1.15715,1.1572,1.1566,1.15665,2993
2026-06-09 14:40,1781016000,1.15665,1.1569,1.1565,1.1566,1177
2026-06-09 14:45,1781016300,1.15655,1.15695,1.1565,1.15655,3007
2026-06-09 14:50,1781016600,1.15655,1.157,1.1565,1.1568,1575
2026-06-09 14:55,1781016900,1.15675,1.1568,1.1564,1.15655,25286
2026-06-09 15:00,1781017200,1.1566,1.15675,1.1564,1.1567,6956
2026-06-09 15:05,1781017500,1.1567,1.1569,1.15655,1.1569,4422
2026-06-09 15:10,1781017800,1.1569,1.1571,1.15665,1.1568,2475
2026-06-09 15:15,1781018100,1.1568,1.1568,1.1563,1.15635,585
2026-06-09 15:20,1781018400,1.1563,1.15645,1.1561,1.1564,1446
2026-06-09 15:25,1781018700,1.1564,1.15645,1.1561,1.15615,1986
2026-06-09 15:30,1781019000,1.15615,1.15635,1.15565,1.15575,1596
2026-06-09 15:35,1781019300,1.15575,1.1558,1.1549,1.1552,4859
2026-06-09 15:40,1781019600,1.1552,1.1558,1.15515,1.15565,2002
2026-06-09 15:45,1781019900,1.1557,1.15575,1.15545,1.15565,4260
2026-06-09 15:50,1781020200,1.15565,1.15585,1.15545,1.1557,1232
2026-06-09 15:55,1781020500,1.1557,1.156,1.15565,1.15585,1536
2026-06-09 16:00,1781020800,1.1558,1.15605,1.1556,1.156,4144
2026-06-09 16:05,1781021100,1.156,1.15605,1.15525,1.1554,1409
2026-06-09 16:10,1781021400,1.15535,1.15545,1.1549,1.1549,1008
2026-06-09 16:15,1781021700,1.15495,1.1551,1.15485,1.15495,1211
2026-06-09 16:20,1781022000,1.15495,1.155,1.1544,1.1547,1864
2026-06-09 16:25,1781022300,1.1547,1.155,1.15465,1.1549,829
2026-06-09 16:30,1781022600,1.1549,1.155,1.15475,1.155,815
2026-06-09 16:35,1781022900,1.1549,1.15505,1.1536,1.15375,6214
2026-06-09 16:40,1781023200,1.1537,1.1541,1.1532,1.1539,3250
2026-06-09 16:45,1781023500,1.15385,1.1542,1.1537,1.15395,1710
2026-06-09 16:50,1781023800,1.154,1.1542,1.1538,1.15385,761
2026-06-09 16:55,1781024100,1.15385,1.15445,1.15385,1.1544,1206
2026-06-09 17:00,1781024400,1.1544,1.15485,1.1543,1.15475,1845
2026-06-09 17:05,1781024700,1.15475,1.15485,1.15465,1.1548,567
2026-06-09 17:10,1781025000,1.15475,1.15475,1.1544,1.1546,2117
2026-06-09 17:15,1781025300,1.1546,1.15495,1.15455,1.15495,1155
2026-06-09 17:20,1781025600,1.1549,1.15565,1.15485,1.15555,1661
2026-06-09 17:25,1781025900,1.1555,1.15555,1.15535,1.1554,616
2026-06-09 17:30,1781026200,1.15545,1.1555,1.15515,1.1553,585
2026-06-09 17:35,1781026500,1.1553,1.15535,1.15515,1.15525,329
2026-06-09 17:40,1781026800,1.15535,1.1556,1.1553,1.1554,966
2026-06-09 17:45,1781027100,1.15535,1.1554,1.15515,1.1552,868
2026-06-09 17:50,1781027400,1.1552,1.1554,1.15515,1.1552,324
2026-06-09 17:55,1781027700,1.1552,1.1552,1.15495,1.15515,844
2026-06-09 18:00,1781028000,1.15515,1.15525,1.15495,1.15505,545
2026-06-09 18:05,1781028300,1.1551,1.1553,1.1551,1.15525,233
2026-06-09 18:10,1781028600,1.15525,1.1553,1.15505,1.15525,710
2026-06-09 18:15,1781028900,1.15525,1.1555,1.15515,1.1555,535
2026-06-09 18:20,1781029200,1.15545,1.15565,1.1553,1.1556,456
2026-06-09 18:25,1781029500,1.1556,1.1556,1.1554,1.1555,262
2026-06-09 18:30,1781029800,1.1555,1.1556,1.15535,1.15545,260
2026-06-09 18:35,1781030100,1.15545,1.1555,1.15525,1.1555,181
2026-06-09 18:40,1781030400,1.15545,1.15555,1.1553,1.1553,264
2026-06-09 18:45,1781030700,1.1553,1.15535,1.15515,1.15525,619
2026-06-09 18:50,1781031000,1.1552,1.15535,1.15515,1.15525,303
2026-06-09 18:55,1781031300,1.1553,1.1554,1.15525,1.1553,1401
2026-06-09 19:00,1781031600,1.1553,1.15535,1.1551,1.15515,1390
2026-06-09 19:05,1781031900,1.15515,1.1552,1.15505,1.1551,389
2026-06-09 19:10,1781032200,1.15505,1.15505,1.15495,1.155,177
2026-06-09 19:15,1781032500,1.155,1.155,1.1547,1.1547,1974
2026-06-09 19:20,1781032800,1.1547,1.15475,1.1546,1.15465,691
2026-06-09 19:25,1781033100,1.15465,1.1547,1.15455,1.15465,404
2026-06-09 19:30,1781033400,1.1546,1.15465,1.15455,1.1546,129
2026-06-09 19:35,1781033700,1.1546,1.15465,1.1545,1.1545,245
2026-06-09 19:40,1781034000,1.1545,1.1545,1.15445,1.15445,528
2026-06-09 19:45,1781034300,1.15445,1.15445,1.1543,1.1543,472
2026-06-09 19:50,1781034600,1.15435,1.1547,1.15435,1.1547,1103
2026-06-09 19:55,1781034900,1.1546,1.1547,1.1544,1.1545,1869
2026-06-09 20:00,1781035200,1.1545,1.15465,1.1544,1.15465,668
2026-06-09 20:05,1781035500,1.15465,1.15465,1.15455,1.1546,161
2026-06-09 20:10,1781035800,1.1546,1.15465,1.1545,1.1546,224
2026-06-09 20:15,1781036100,1.15465,1.1549,1.15465,1.1548,396
2026-06-09 20:20,1781036400,1.1548,1.1548,1.15475,1.15475,37
2026-06-09 20:25,1781036700,1.1547,1.15475,1.15465,1.15465,26
2026-06-09 20:30,1781037000,1.1547,1.1547,1.1546,1.1546,122
2026-06-09 20:35,1781037300,1.15465,1.15465,1.15465,1.15465,216
2026-06-09 20:40,1781037600,1.15465,1.1547,1.15465,1.15465,102
2026-06-09 20:45,1781037900,1.15465,1.15475,1.15465,1.15475,130
2026-06-09 20:50,1781038200,1.15475,1.15475,1.1546,1.15465,215
2026-06-09 20:55,1781038500,1.15465,1.15475,1.1545,1.1545,582
2026-06-09 22:00,1781042400,1.15435,1.1544,1.15395,1.154,0
2026-06-09 22:05,1781042700,1.15405,1.15415,1.154,1.15415,260
2026-06-09 22:10,1781043000,1.1542,1.15425,1.15415,1.15425,67
2026-06-09 22:15,1781043300,1.15425,1.1543,1.15415,1.15425,114
2026-06-09 22:20,1781043600,1.15425,1.1543,1.15425,1.1543,23
2026-06-09 22:25,1781043900,1.1543,1.15435,1.15425,1.1543,50
2026-06-09 22:30,1781044200,1.15435,1.15435,1.1542,1.15425,287
2026-06-09 22:35,1781044500,1.15425,1.15425,1.15415,1.15415,144
2026-06-09 22:40,1781044800,1.15415,1.15425,1.154,1.154,181
2026-06-09 22:45,1781045100,1.154,1.15405,1.1539,1.15395,132
2026-06-09 22:50,1781045400,1.15395,1.15395,1.1539,1.1539,115
2026-06-09 22:55,1781045700,1.15395,1.15395,1.15395,1.15395,24
2026-06-09 23:00,1781046000,1.15395,1.15405,1.1539,1.15405,49
2026-06-09 23:05,1781046300,1.1541,1.1542,1.1541,1.1542,61
2026-06-09 23:10,1781046600,1.1542,1.1542,1.1541,1.1541,101
2026-06-09 23:15,1781046900,1.1541,1.1541,1.154,1.154,46
2026-06-09 23:20,1781047200,1.154,1.15405,1.15375,1.1538,205
2026-06-09 23:25,1781047500,1.1538,1.15385,1.1538,1.1538,90
2026-06-09 23:30,1781047800,1.15375,1.15385,1.1537,1.15385,56
2026-06-09 23:35,1781048100,1.1538,1.1539,1.15375,1.1539,212
2026-06-09 23:40,1781048400,1.1539,1.15395,1.1539,1.1539,73
2026-06-09 23:45,1781048700,1.1539,1.1539,1.1538,1.1538,96
2026-06-09 23:50,1781049000,1.1538,1.1538,1.1537,1.15375,124
2026-06-09 23:55,1781049300,1.1538,1.1539,1.1536,1.15375,341
2026-06-10 00:00,1781049600,1.15375,1.1541,1.15365,1.15405,467
2026-06-10 00:05,1781049900,1.1541,1.15425,1.15405,1.15425,269
2026-06-10 00:10,1781050200,1.1542,1.1544,1.1541,1.1544,324
2026-06-10 00:15,1781050500,1.15435,1.15435,1.1542,1.1543,196
2026-06-10 00:20,1781050800,1.1543,1.1544,1.1543,1.1544,86
2026-06-10 00:25,1781051100,1.1544,1.15445,1.15425,1.15445,90
2026-06-10 00:30,1781051400,1.1544,1.15445,1.154,1.15405,173
2026-06-10 00:35,1781051700,1.1541,1.1541,1.154,1.15405,123
2026-06-10 00:40,1781052000,1.15405,1.15405,1.15365,1.15375,143
2026-06-10 00:45,1781052300,1.15375,1.1538,1.1536,1.15375,127
2026-06-10 00:50,1781052600,1.15375,1.154,1.15365,1.15395,236
2026-06-10 00:55,1781052900,1.154,1.1546,1.15395,1.1545,570
2026-06-10 01:00,1781053200,1.15455,1.15455,1.1542,1.15445,372
2026-06-10 01:05,1781053500,1.1544,1.1544,1.15415,1.15415,195
2026-06-10 01:10,1781053800,1.15415,1.15435,1.15415,1.15425,55
2026-06-10 01:15,1781054100,1.15425,1.15455,1.1542,1.15455,128
2026-06-10 01:20,1781054400,1.15445,1.15445,1.15425,1.1543,157
2026-06-10 01:25,1781054700,1.1543,1.1543,1.1541,1.1542,200
2026-06-10 01:30,1781055000,1.1542,1.1543,1.154,1.15425,248
2026-06-10 01:35,1781055300,1.1543,1.1543,1.15415,1.15425,61
2026-06-10 01:40,1781055600,1.15425,1.15425,1.1541,1.15415,100
2026-06-10 01:45,1781055900,1.1542,1.1543,1.15405,1.15425,125
2026-06-10 01:50,1781056200,1.1542,1.1542,1.1538,1.15395,136
2026-06-10 01:55,1781056500,1.1539,1.1542,1.1539,1.15405,75
2026-06-10 02:00,1781056800,1.15405,1.15415,1.154,1.15405,97
2026-06-10 02:05,1781057100,1.154,1.1541,1.154,1.1541,697
2026-06-10 02:10,1781057400,1.15405,1.15435,1.15405,1.1543,85
2026-06-10 02:15,1781057700,1.1543,1.15445,1.1543,1.15435,90
2026-06-10 02:20,1781058000,1.15435,1.15435,1.15425,1.15435,93
2026-06-10 02:25,1781058300,1.1544,1.15455,1.1543,1.15455,71
2026-06-10 02:30,1781058600,1.1546,1.15465,1.1545,1.15455,207
2026-06-10 02:35,1781058900,1.15455,1.1547,1.15455,1.15455,82
2026-06-10 02:40,1781059200,1.15455,1.1547,1.15455,1.15465,51
2026-06-10 02:45,1781059500,1.15465,1.15475,1.1546,1.1547,140
2026-06-10 02:50,1781059800,1.1547,1.1547,1.15445,1.15445,120
2026-06-10 02:55,1781060100,1.1545,1.1546,1.15445,1.1545,339
2026-06-10 03:00,1781060400,1.1545,1.1548,1.1545,1.15475,267
2026-06-10 03:05,1781060700,1.1548,1.15505,1.1548,1.15495,167
2026-06-10 03:10,1781061000,1.15495,1.1551,1.15495,1.15505,705
2026-06-10 03:15,1781061300,1.155,1.15525,1.155,1.15505,142
2026-06-10 03:20,1781061600,1.15505,1.15505,1.15495,1.15495,97
2026-06-10 03:25,1781061900,1.15495,1.15495,1.1549,1.15495,50
2026-06-10 03:30,1781062200,1.15495,1.15505,1.15495,1.15505,137
2026-06-10 03:35,1781062500,1.155,1.155,1.15485,1.1549,88
2026-06-10 03:40,1781062800,1.1549,1.1549,1.1548,1.1548,26
2026-06-10 03:45,1781063100,1.15485,1.1553,1.15485,1.15525,134
2026-06-10 03:50,1781063400,1.15525,1.1555,1.15525,1.1555,300
2026-06-10 03:55,1781063700,1.1554,1.1554,1.15515,1.1553,69
2026-06-10 04:05,1781064300,1.15525,1.15525,1.1552,1.1552,154
2026-06-10 04:10,1781064600,1.1552,1.1552,1.15505,1.15505,65
2026-06-10 04:15,1781064900,1.1551,1.1551,1.155,1.155,90
2026-06-10 04:20,1781065200,1.155,1.15515,1.155,1.1551,243
2026-06-10 04:25,1781065500,1.15505,1.15525,1.15505,1.1552,771
2026-06-10 04:30,1781065800,1.1551,1.15515,1.155,1.1551,284
2026-06-10 04:35,1781066100,1.1551,1.15515,1.15495,1.15495,68
2026-06-10 04:40,1781066400,1.155,1.155,1.15475,1.1548,212
2026-06-10 04:45,1781066700,1.1548,1.15485,1.1548,1.1548,111
2026-06-10 04:50,1781067000,1.15485,1.15485,1.15475,1.1548,154
2026-06-10 04:55,1781067300,1.1548,1.1549,1.15475,1.15485,191
2026-06-10 05:00,1781067600,1.1549,1.15505,1.15485,1.15505,82
2026-06-10 05:05,1781067900,1.15505,1.15515,1.15505,1.15505,151
2026-06-10 05:10,1781068200,1.15505,1.1551,1.1549,1.15495,85
2026-06-10 05:15,1781068500,1.15495,1.15495,1.15485,1.1549,72
2026-06-10 05:20,1781068800,1.1549,1.15515,1.1549,1.15515,307
2026-06-10 05:25,1781069100,1.1551,1.15525,1.155,1.15525,226
2026-06-10 05:30,1781069400,1.15525,1.15545,1.1552,1.15545,313
2026-06-10 05:35,1781069700,1.15545,1.15565,1.15545,1.15565,166
2026-06-10 05:40,1781070000,1.1557,1.15585,1.15565,1.1557,203
2026-06-10 05:45,1781070300,1.1557,1.15575,1.1556,1.1557,86
2026-06-10 05:50,1781070600,1.1557,1.15575,1.15565,1.15565,317
2026-06-10 05:55,1781070900,1.15565,1.1557,1.1556,1.1557,70
2026-06-10 06:00,1781071200,1.15575,1.15585,1.1557,1.1557,568
2026-06-10 06:05,1781071500,1.15565,1.15595,1.15565,1.15585,211
2026-06-10 06:10,1781071800,1.1558,1.1561,1.15575,1.1559,1507
2026-06-10 06:15,1781072100,1.1559,1.15595,1.1556,1.1559,461
2026-06-10 06:20,1781072400,1.15595,1.156,1.15575,1.1558,210
2026-06-10 06:25,1781072700,1.1558,1.15595,1.15565,1.1559,149
2026-06-10 06:30,1781073000,1.15585,1.15585,1.1557,1.1558,154
2026-06-10 06:35,1781073300,1.1558,1.1559,1.15575,1.15585,89
2026-06-10 06:40,1781073600,1.15585,1.1559,1.1557,1.1558,408
2026-06-10 06:45,1781073900,1.15575,1.1558,1.1555,1.15555,1084
2026-06-10 06:50,1781074200,1.15555,1.15555,1.15525,1.15535,887
2026-06-10 06:55,1781074500,1.1554,1.1556,1.1551,1.15515,6946
2026-06-10 07:00,1781074800,1.1551,1.15535,1.15495,1.15525,1081
2026-06-10 07:05,1781075100,1.15525,1.1555,1.15525,1.1555,448
2026-06-10 07:10,1781075400,1.1555,1.1559,1.1554,1.15585,5458
2026-06-10 07:15,1781075700,1.15585,1.1561,1.15585,1.156,582
2026-06-10 07:20,1781076000,1.15605,1.15615,1.15585,1.15595,2825
2026-06-10 07:25,1781076300,1.1559,1.1559,1.15555,1.1556,588
2026-06-10 07:30,1781076600,1.15565,1.15575,1.15555,1.1557,662
2026-06-10 07:35,1781076900,1.15575,1.15575,1.15555,1.1556,936
2026-06-10 07:40,1781077200,1.1556,1.1557,1.1556,1.15565,5322
2026-06-10 07:45,1781077500,1.1557,1.15575,1.15555,1.15565,486
2026-06-10 07:50,1781077800,1.15565,1.1557,1.15545,1.15555,10876
2026-06-10 07:55,1781078100,1.1555,1.1557,1.1555,1.1556,961
2026-06-10 08:00,1781078400,1.15565,1.15565,1.1551,1.15515,389
2026-06-10 08:05,1781078700,1.1552,1.15535,1.15515,1.1553,428
2026-06-10 08:10,1781079000,1.15535,1.1555,1.15515,1.15515,245
2026-06-10 08:15,1781079300,1.1552,1.1555,1.1552,1.1553,6764
2026-06-10 08:20,1781079600,1.1553,1.1555,1.15525,1.1553,2148
2026-06-10 08:25,1781079900,1.15535,1.1556,1.1553,1.1555,57212
2026-06-10 08:30,1781080200,1.1556,1.1556,1.1554,1.1555,1721
2026-06-10 08:35,1781080500,1.1555,1.1555,1.1553,1.15535,4667
2026-06-10 08:40,1781080800,1.1554,1.1555,1.1553,1.1553,4875
2026-06-10 08:45,1781081100,1.1553,1.1554,1.1551,1.1554,1780
2026-06-10 08:50,1781081400,1.1554,1.15545,1.1552,1.15535,3331
2026-06-10 08:55,1781081700,1.15535,1.1556,1.15535,1.1556,3672
2026-06-10 09:00,1781082000,1.1556,1.15585,1.15555,1.15585,2606
2026-06-10 09:05,1781082300,1.15585,1.15595,1.15565,1.1557,2496
2026-06-10 09:10,1781082600,1.1557,1.15595,1.15535,1.1554,4162
2026-06-10 09:15,1781082900,1.1554,1.15555,1.1554,1.15555,1386
2026-06-10 09:20,1781083200,1.15555,1.1556,1.1553,1.1555,3309
2026-06-10 09:25,1781083500,1.1555,1.1556,1.1555,1.1555,390
2026-06-10 09:30,1781083800,1.15555,1.15585,1.15555,1.15575,849
2026-06-10 09:35,1781084100,1.1557,1.15595,1.1556,1.1557,3513
2026-06-10 09:40,1781084400,1.1557,1.1559,1.15565,1.15585,1455
2026-06-10 09:45,1781084700,1.1559,1.15625,1.1559,1.1561,773
2026-06-10 09:50,1781085000,1.1561,1.1562,1.15605,1.15605,4334
2026-06-10 09:55,1781085300,1.1561,1.1561,1.1559,1.15605,4638
2026-06-10 10:00,1781085600,1.15605,1.1562,1.15595,1.15615,680
2026-06-10 10:05,1781085900,1.15615,1.15615,1.1559,1.156,1604
2026-06-10 10:10,1781086200,1.15595,1.15595,1.1558,1.15585,1257
2026-06-10 10:15,1781086500,1.1559,1.15595,1.15575,1.1558,3523
2026-06-10 10:20,1781086800,1.15585,1.1559,1.15575,1.15585,314
2026-06-10 10:25,1781087100,1.15585,1.156,1.1558,1.15585,796
2026-06-10 10:30,1781087400,1.15585,1.15595,1.15575,1.15575,3677
2026-06-10 10:35,1781087700,1.15575,1.15585,1.15565,1.15565,670
2026-06-10 10:40,1781088000,1.1557,1.1557,1.1555,1.15555,5106
2026-06-10 10:45,1781088300,1.15555,1.1556,1.1553,1.15545,748
2026-06-10 10:50,1781088600,1.15545,1.15555,1.15545,1.1555,256
2026-06-10 10:55,1781088900,1.1555,1.15575,1.15545,1.15545,6921
2026-06-10 11:00,1781089200,1.1555,1.15555,1.1539,1.15405,5588
2026-06-10 11:05,1781089500,1.1541,1.15495,1.1539,1.15465,4657
2026-06-10 11:10,1781089800,1.15465,1.155,1.15465,1.155,1020
2026-06-10 11:15,1781090100,1.15505,1.15515,1.15485,1.1549,844
2026-06-10 11:20,1781090400,1.15495,1.15515,1.15485,1.15495,6788
2026-06-10 11:25,1781090700,1.1549,1.15505,1.1543,1.1546,2667
2026-06-10 11:30,1781091000,1.1546,1.15475,1.15435,1.1544,557
2026-06-10 11:35,1781091300,1.1544,1.15445,1.1538,1.15385,1910
2026-06-10 11:40,1781091600,1.1539,1.15415,1.1539,1.15405,379
2026-06-10 11:45,1781091900,1.154,1.1541,1.15385,1.1539,750
2026-06-10 11:50,1781092200,1.1539,1.15435,1.1539,1.15425,504
2026-06-10 11:55,1781092500,1.15425,1.15425,1.1539,1.154,507
2026-06-10 12:00,1781092800,1.15395,1.1541,1.1538,1.15405,1746
2026-06-10 12:05,1781093100,1.1541,1.15435,1.1541,1.1541,529
2026-06-10 12:10,1781093400,1.1541,1.1545,1.15405,1.1543,1272
2026-06-10 12:15,1781093700,1.15425,1.1545,1.1542,1.1543,4144
2026-06-10 12:20,1781094000,1.15435,1.15445,1.1543,1.15445,816
2026-06-10 12:25,1781094300,1.1544,1.15505,1.1544,1.15505,1936
2026-06-10 12:30,1781094600,1.1548,1.1561,1.15455,1.15525,9103
2026-06-10 12:35,1781094900,1.1553,1.1558,1.15515,1.1557,2177
2026-06-10 12:40,1781095200,1.15565,1.1562,1.15555,1.15615,2202
2026-06-10 12:45,1781095500,1.1562,1.15675,1.1562,1.15645,1478
2026-06-10 12:50,1781095800,1.15645,1.1565,1.15565,1.15565,19267
2026-06-10 12:55,1781096100,1.1557,1.1558,1.1551,1.1551,9073
2026-06-10 13:00,1781096400,1.1551,1.15555,1.15505,1.1555,1378
2026-06-10 13:05,1781096700,1.1555,1.1555,1.15505,1.15525,937
2026-06-10 13:10,1781097000,1.1553,1.15575,1.15525,1.15575,1066
2026-06-10 13:15,1781097300,1.15575,1.15595,1.1556,1.15585,811
2026-06-10 13:20,1781097600,1.15585,1.15625,1.1558,1.1561,1666
2026-06-10 13:25,1781097900,1.15605,1.15625,1.15595,1.156,830
2026-06-10 13:30,1781098200,1.156,1.15645,1.15595,1.1564,2886
2026-06-10 13:35,1781098500,1.1564,1.15725,1.1563,1.15715,10436
2026-06-10 13:40,1781098800,1.15715,1.15735,1.1569,1.15735,2185
2026-06-10 13:45,1781099100,1.15735,1.1576,1.1571,1.1575,3985
2026-06-10 13:50,1781099400,1.1575,1.1575,1.1567,1.15675,2089
2026-06-10 13:55,1781099700,1.15675,1.1568,1.1565,1.15655,2083
2026-06-10 14:00,1781100000,1.15655,1.1566,1.1562,1.1566,3101
2026-06-10 14:05,1781100300,1.1566,1.1568,1.1565,1.1566,2670
2026-06-10 14:10,1781100600,1.15655,1.157,1.1565,1.1566,5205
2026-06-10 14:15,1781100900,1.1566,1.1566,1.15595,1.15595,1922
2026-06-10 14:20,1781101200,1.1559,1.15645,1.1558,1.1564,804
2026-06-10 14:25,1781101500,1.1564,1.15645,1.15585,1.15595,1065
2026-06-10 14:30,1781101800,1.156,1.1562,1.1558,1.1562,2569
2026-06-10 14:35,1781102100,1.1562,1.1562,1.15585,1.15595,1240
2026-06-10 14:40,1781102400,1.15595,1.1562,1.15585,1.15595,653
2026-06-10 14:45,1781102700,1.15595,1.1562,1.15575,1.15575,789
2026-06-10 14:50,1781103000,1.1558,1.1559,1.15555,1.15575,1975
2026-06-10 14:55,1781103300,1.15575,1.15575,1.15525,1.1555,4255
2026-06-10 15:00,1781103600,1.15545,1.1558,1.15535,1.15555,2674
2026-06-10 15:05,1781103900,1.1556,1.1556,1.15525,1.15525,5714
2026-06-10 15:10,1781104200,1.1553,1.15545,1.15495,1.1554,8509
2026-06-10 15:15,1781104500,1.1554,1.1554,1.155,1.15515,1491
2026-06-10 15:20,1781104800,1.15515,1.1559,1.1551,1.15575,1844
2026-06-10 15:25,1781105100,1.1557,1.1559,1.15565,1.1557,1458
2026-06-10 15:30,1781105400,1.15575,1.1559,1.1556,1.1557,10957
2026-06-10 15:35,1781105700,1.1557,1.15595,1.1555,1.15555,1747
2026-06-10 15:40,1781106000,1.1555,1.1556,1.15535,1.15555,794
2026-06-10 15:45,1781106300,1.1555,1.15555,1.1537,1.155,8121
2026-06-10 15:50,1781106600,1.155,1.1555,1.15435,1.15525,2814
2026-06-10 15:55,1781106900,1.15515,1.1552,1.15475,1.1552,3981
2026-06-10 16:00,1781107200,1.15525,1.15555,1.15515,1.1554,13862
2026-06-10 16:05,1781107500,1.15535,1.1557,1.1553,1.1557,1968
2026-06-10 16:10,1781107800,1.1557,1.15615,1.1555,1.15595,37632
2026-06-10 16:15,1781108100,1.1559,1.15595,1.1557,1.15585,857
2026-06-10 16:20,1781108400,1.1559,1.15605,1.15575,1.15585,1988
2026-06-10 16:25,1781108700,1.15585,1.15605,1.15585,1.15595,2633
2026-06-10 16:30,1781109000,1.156,1.15605,1.15585,1.15605,767
2026-06-10 16:35,1781109300,1.1561,1.1562,1.15595,1.15615,410
2026-06-10 16:40,1781109600,1.15615,1.1562,1.1558,1.1558,388
2026-06-10 16:45,1781109900,1.1558,1.15585,1.1555,1.1557,408
2026-06-10 16:50,1781110200,1.15565,1.1557,1.1555,1.15565,1362
2026-06-10 16:55,1781110500,1.15565,1.15565,1.15555,1.15565,305
2026-06-10 17:00,1781110800,1.15565,1.15595,1.15565,1.15585,471
2026-06-10 17:05,1781111100,1.1558,1.1558,1.15545,1.15545,575
2026-06-10 17:10,1781111400,1.15545,1.15545,1.15525,1.15535,4409
2026-06-10 17:15,1781111700,1.15535,1.1554,1.1552,1.1552,403
2026-06-10 17:20,1781112000,1.15525,1.1553,1.15515,1.1553,569
2026-06-10 17:25,1781112300,1.15535,1.15535,1.1552,1.15525,423
2026-06-10 17:30,1781112600,1.1552,1.1552,1.15505,1.15515,342
2026-06-10 17:35,1781112900,1.15515,1.15515,1.15485,1.15485,847
2026-06-10 17:40,1781113200,1.1549,1.15495,1.15475,1.15475,518
2026-06-10 17:45,1781113500,1.15475,1.15525,1.1547,1.15525,303
2026-06-10 17:50,1781113800,1.15525,1.15545,1.15475,1.1554,2098
2026-06-10 17:55,1781114100,1.1554,1.15555,1.15535,1.1555,1817
2026-06-10 18:00,1781114400,1.15555,1.15605,1.15555,1.156,1337
2026-06-10 18:05,1781114700,1.156,1.156,1.15585,1.15595,2080
2026-06-10 18:10,1781115000,1.15595,1.156,1.15565,1.1557,441
2026-06-10 18:15,1781115300,1.1557,1.1557,1.1554,1.1555,248
2026-06-10 18:20,1781115600,1.1555,1.1556,1.15525,1.1554,1053
2026-06-10 18:25,1781115900,1.1554,1.1555,1.1553,1.15535,233
2026-06-10 18:30,1781116200,1.15535,1.15545,1.1553,1.15535,4588
2026-06-10 18:35,1781116500,1.1553,1.1554,1.1551,1.15525,1302
2026-06-10 18:40,1781116800,1.15525,1.1553,1.1552,1.15525,358
2026-06-10 18:45,1781117100,1.15525,1.15545,1.15525,1.15535,946
2026-06-10 18:50,1781117400,1.1553,1.1553,1.15505,1.1553,537
2026-06-10 18:55,1781117700,1.15525,1.1553,1.15505,1.1551,3430
2026-06-10 19:00,1781118000,1.1551,1.15515,1.15485,1.1549,1010
2026-06-10 19:05,1781118300,1.15485,1.1549,1.1548,1.1548,397
2026-06-10 19:10,1781118600,1.15475,1.15485,1.1546,1.15465,497
2026-06-10 19:15,1781118900,1.15465,1.1547,1.15455,1.15465,588
2026-06-10 19:20,1781119200,1.1546,1.15465,1.1546,1.1546,403
2026-06-10 19:25,1781119500,1.1546,1.15465,1.15455,1.15465,2906
2026-06-10 19:30,1781119800,1.15465,1.1548,1.15465,1.15475,411
2026-06-10 19:35,1781120100,1.15475,1.1548,1.1547,1.1548,1691
2026-06-10 19:40,1781120400,1.1548,1.15495,1.15475,1.15495,781
2026-06-10 19:45,1781120700,1.1549,1.1549,1.1547,1.15475,364
2026-06-10 19:50,1781121000,1.15475,1.1549,1.1546,1.1546,829
2026-06-10 19:55,1781121300,1.1546,1.1546,1.15435,1.15445,2722
2026-06-10 20:00,1781121600,1.1544,1.15445,1.15425,1.15425,781
2026-06-10 20:05,1781121900,1.15425,1.1543,1.15405,1.1541,736
2026-06-10 20:10,1781122200,1.15405,1.1541,1.154,1.15405,1554
2026-06-10 20:15,1781122500,1.15405,1.1541,1.15395,1.1541,3393
2026-06-10 20:20,1781122800,1.15405,1.1542,1.15405,1.15415,525
2026-06-10 20:25,1781123100,1.15415,1.15425,1.15415,1.1542,157
2026-06-10 20:30,1781123400,1.15415,1.1543,1.15415,1.1542,120
2026-06-10 20:35,1781123700,1.1542,1.15425,1.15415,1.15415,172
2026-06-10 20:40,1781124000,1.15415,1.15415,1.1538,1.1539,997
2026-06-10 20:45,1781124300,1.15385,1.15395,1.1538,1.1538,458
2026-06-10 20:50,1781124600,1.15375,1.15385,1.15375,1.15385,361
2026-06-10 20:55,1781124900,1.1538,1.15385,1.1537,1.15375,316
2026-06-10 22:00,1781128800,1.15375,1.1538,1.15305,1.1533,0
2026-06-10 22:05,1781129100,1.15315,1.1532,1.15295,1.1531,198
2026-06-10 22:10,1781129400,1.1531,1.15315,1.15295,1.15315,101
2026-06-10 22:15,1781129700,1.15315,1.15315,1.153,1.1531,49
2026-06-10 22:20,1781130000,1.15315,1.15315,1.15295,1.15305,112
2026-06-10 22:25,1781130300,1.15315,1.15325,1.1531,1.1532,278
2026-06-10 22:30,1781130600,1.15315,1.1534,1.15315,1.15335,121
2026-06-10 22:35,1781130900,1.1534,1.15355,1.1534,1.1535,162
2026-06-10 22:40,1781131200,1.15355,1.15365,1.1533,1.15355,405
2026-06-10 22:45,1781131500,1.15355,1.15375,1.15355,1.15365,220
2026-06-10 22:50,1781131800,1.1536,1.15365,1.1534,1.1535,72
2026-06-10 22:55,1781132100,1.1534,1.1534,1.1531,1.1531,200
2026-06-10 23:00,1781132400,1.1531,1.15315,1.1529,1.15295,947
2026-06-10 23:05,1781132700,1.15295,1.15295,1.15265,1.15285,1256
2026-06-10 23:10,1781133000,1.15285,1.1529,1.1527,1.1528,276
2026-06-10 23:15,1781133300,1.15275,1.1535,1.15275,1.1533,941
2026-06-10 23:20,1781133600,1.1533,1.15365,1.15315,1.1532,741
2026-06-10 23:25,1781133900,1.15325,1.15375,1.15325,1.15365,472
2026-06-10 23:30,1781134200,1.15365,1.1537,1.15335,1.1534,533
2026-06-10 23:35,1781134500,1.1534,1.15375,1.1534,1.1537,100
2026-06-10 23:40,1781134800,1.15365,1.1539,1.15365,1.1538,170
2026-06-10 23:45,1781135100,1.1537,1.1537,1.15355,1.15355,130
2026-06-10 23:50,1781135400,1.1536,1.1537,1.1536,1.1537,95
2026-06-10 23:55,1781135700,1.15375,1.15385,1.1535,1.1536,147
2026-06-11 00:00,1781136000,1.15365,1.1541,1.15365,1.15395,297
2026-06-11 00:05,1781136300,1.15395,1.15415,1.1539,1.1539,228
2026-06-11 00:10,1781136600,1.15385,1.1542,1.1538,1.15405,298
2026-06-11 00:15,1781136900,1.15405,1.15435,1.154,1.15415,351
2026-06-11 00:20,1781137200,1.15415,1.15425,1.1541,1.1542,197
2026-06-11 00:25,1781137500,1.1542,1.15425,1.1541,1.1542,97
2026-06-11 00:30,1781137800,1.1542,1.1543,1.1541,1.1542,222
2026-06-11 00:35,1781138100,1.15415,1.1542,1.15405,1.1541,242
2026-06-11 00:40,1781138400,1.15405,1.1543,1.15405,1.1542,85
2026-06-11 00:45,1781138700,1.1542,1.1544,1.15415,1.15415,113
2026-06-11 00:50,1781139000,1.15415,1.1542,1.1541,1.1542,113
2026-06-11 00:55,1781139300,1.1542,1.15435,1.15415,1.15435,226
2026-06-11 01:00,1781139600,1.1544,1.1548,1.15425,1.15465,545
2026-06-11 01:05,1781139900,1.1546,1.155,1.1546,1.15495,332
2026-06-11 01:10,1781140200,1.15495,1.1553,1.15495,1.1553,328
2026-06-11 01:15,1781140500,1.15535,1.15535,1.15505,1.1552,279
2026-06-11 01:20,1781140800,1.1552,1.1553,1.15515,1.1553,237
2026-06-11 01:25,1781141100,1.15535,1.15565,1.15535,1.1556,267
2026-06-11 01:30,1781141400,1.15555,1.15555,1.1554,1.1554,180
2026-06-11 01:35,1781141700,1.15545,1.1556,1.15545,1.1556,157
2026-06-11 01:40,1781142000,1.1556,1.1557,1.15545,1.1555,218
2026-06-11 01:45,1781142300,1.1555,1.15565,1.1554,1.1556,237
2026-06-11 01:50,1781142600,1.1555,1.1555,1.15545,1.1555,127
2026-06-11 01:55,1781142900,1.1555,1.15555,1.15545,1.1555,318
2026-06-11 02:00,1781143200,1.15545,1.1555,1.15535,1.1554,184
2026-06-11 02:05,1781143500,1.1554,1.1554,1.1553,1.1553,105
2026-06-11 02:10,1781143800,1.1553,1.1555,1.1553,1.1553,94
2026-06-11 02:15,1781144100,1.1553,1.1553,1.1551,1.15515,115
2026-06-11 02:20,1781144400,1.15515,1.1552,1.155,1.155,224
2026-06-11 02:25,1781144700,1.15505,1.15505,1.15485,1.1549,197
2026-06-11 02:30,1781145000,1.1549,1.155,1.15475,1.1548,178
2026-06-11 02:35,1781145300,1.15485,1.1549,1.15485,1.15485,80
2026-06-11 02:40,1781145600,1.1548,1.15485,1.15475,1.15485,78
2026-06-11 02:45,1781145900,1.15485,1.1549,1.1548,1.1549,72
2026-06-11 02:50,1781146200,1.15495,1.15495,1.15475,1.15475,130
2026-06-11 02:55,1781146500,1.1548,1.155,1.1548,1.1549,103
2026-06-11 03:00,1781146800,1.1549,1.155,1.1549,1.15495,140
2026-06-11 03:05,1781147100,1.15495,1.15495,1.1546,1.15485,168
2026-06-11 03:10,1781147400,1.1548,1.15485,1.1545,1.1545,121
2026-06-11 03:15,1781147700,1.15455,1.1547,1.15455,1.15465,178
2026-06-11 03:20,1781148000,1.1546,1.15475,1.1546,1.15475,53
2026-06-11 03:25,1781148300,1.15475,1.15485,1.15475,1.1548,97
2026-06-11 03:30,1781148600,1.1548,1.15485,1.15475,1.15485,87
2026-06-11 03:35,1781148900,1.15485,1.15485,1.1547,1.15475,51
2026-06-11 03:40,1781149200,1.1548,1.1548,1.15475,1.1548,73
2026-06-11 03:45,1781149500,1.1548,1.1548,1.15465,1.15465,97
2026-06-11 03:50,1781149800,1.15465,1.15475,1.1546,1.1547,134
2026-06-11 03:55,1781150100,1.15465,1.15465,1.1546,1.1546,48
2026-06-11 04:05,1781150700,1.15455,1.15455,1.15445,1.15455,1153
2026-06-11 04:10,1781151000,1.15455,1.15465,1.15455,1.1546,121
2026-06-11 04:15,1781151300,1.1546,1.1547,1.1546,1.15465,265
2026-06-11 04:20,1781151600,1.1547,1.15485,1.1547,1.15475,276
2026-06-11 04:25,1781151900,1.15475,1.15485,1.1547,1.1548,88
2026-06-11 04:30,1781152200,1.1548,1.15495,1.15475,1.15475,168
2026-06-11 04:35,1781152500,1.15475,1.15495,1.15475,1.1549,70
2026-06-11 04:40,1781152800,1.1549,1.15495,1.1549,1.15495,44
2026-06-11 04:45,1781153100,1.155,1.1551,1.155,1.155,75
2026-06-11 04:50,1781153400,1.15495,1.15505,1.15485,1.15505,159
2026-06-11 04:55,1781153700,1.15505,1.15505,1.15495,1.15495,129
2026-06-11 05:00,1781154000,1.1549,1.1549,1.1548,1.1549,102
2026-06-11 05:05,1781154300,1.1549,1.1551,1.15485,1.15505,59
2026-06-11 05:10,1781154600,1.15505,1.1551,1.155,1.1551,37
2026-06-11 05:15,1781154900,1.1551,1.1551,1.155,1.1551,27
2026-06-11 05:20,1781155200,1.15515,1.1552,1.15515,1.15515,70
2026-06-11 05:25,1781155500,1.1551,1.15515,1.15505,1.1551,57
2026-06-11 05:30,1781155800,1.15515,1.1552,1.155,1.155,69
2026-06-11 05:35,1781156100,1.15505,1.15505,1.1549,1.15495,82
2026-06-11 05:40,1781156400,1.155,1.15505,1.15495,1.15505,78
2026-06-11 05:45,1781156700,1.15505,1.15505,1.15495,1.155,207
2026-06-11 05:50,1781157000,1.1549,1.1549,1.15465,1.15465,177
2026-06-11 05:55,1781157300,1.1547,1.1549,1.1547,1.15485,191
2026-06-11 06:00,1781157600,1.1548,1.15485,1.15445,1.15445,426
2026-06-11 06:05,1781157900,1.1544,1.1545,1.15435,1.1544,212
2026-06-11 06:10,1781158200,1.15445,1.15475,1.15445,1.15475,342
2026-06-11 06:15,1781158500,1.1547,1.15485,1.1547,1.1548,215
2026-06-11 06:20,1781158800,1.15475,1.15475,1.15445,1.15465,150
2026-06-11 06:25,1781159100,1.1546,1.1546,1.1544,1.1544,186
2026-06-11 06:30,1781159400,1.15445,1.15455,1.1544,1.15455,268
2026-06-11 06:35,1781159700,1.15455,1.15475,1.15445,1.15455,11571
2026-06-11 06:40,1781160000,1.1546,1.1546,1.1544,1.1545,265
2026-06-11 06:45,1781160300,1.15455,1.15465,1.1542,1.15425,411
2026-06-11 06:50,1781160600,1.1543,1.1545,1.15415,1.1545,177
2026-06-11 06:55,1781160900,1.1545,1.1545,1.15415,1.15425,308
2026-06-11 07:00,1781161200,1.1543,1.15465,1.15425,1.1546,607
2026-06-11 07:05,1781161500,1.15465,1.15485,1.1546,1.15475,550
2026-06-11 07:10,1781161800,1.1548,1.15485,1.1546,1.1548,1142
2026-06-11 07:15,1781162100,1.1548,1.15515,1.1548,1.15515,629
2026-06-11 07:20,1781162400,1.1551,1.1553,1.155,1.15525,513
2026-06-11 07:25,1781162700,1.15525,1.15565,1.15525,1.1554,8455
2026-06-11 07:30,1781163000,1.15545,1.1555,1.1552,1.15525,1290
2026-06-11 07:35,1781163300,1.1552,1.1553,1.1549,1.1549,343
2026-06-11 07:40,1781163600,1.15485,1.15495,1.1548,1.1548,2447
2026-06-11 07:45,1781163900,1.15475,1.1548,1.1547,1.1547,861
2026-06-11 07:50,1781164200,1.15465,1.15485,1.1545,1.15485,351
2026-06-11 07:55,1781164500,1.1548,1.1548,1.1546,1.1546,495
2026-06-11 08:00,1781164800,1.15455,1.15465,1.15435,1.15435,3078
2026-06-11 08:05,1781165100,1.15435,1.1546,1.15425,1.15435,3044
2026-06-11 08:10,1781165400,1.15435,1.15435,1.1542,1.1542,3886
2026-06-11 08:15,1781165700,1.1542,1.15435,1.1541,1.1542,1524
2026-06-11 08:20,1781166000,1.15415,1.1543,1.1541,1.15425,750
2026-06-11 08:25,1781166300,1.15425,1.15425,1.15395,1.15395,1641
2026-06-11 08:30,1781166600,1.154,1.15405,1.1538,1.154,4752
2026-06-11 08:35,1781166900,1.15405,1.15415,1.15395,1.15405,5528
2026-06-11 08:40,1781167200,1.15405,1.15405,1.1538,1.1539,2188
2026-06-11 08:45,1781167500,1.15395,1.15395,1.15355,1.15365,5120
2026-06-11 08:50,1781167800,1.15365,1.15375,1.15315,1.15325,12041
2026-06-11 08:55,1781168100,1.1533,1.15365,1.15325,1.1533,10215
2026-06-11 09:00,1781168400,1.15325,1.15335,1.1532,1.15325,1251
2026-06-11 09:05,1781168700,1.1533,1.1533,1.15305,1.1531,2333
2026-06-11 09:10,1781169000,1.15315,1.1535,1.1531,1.1535,4172
2026-06-11 09:15,1781169300,1.15355,1.1538,1.1535,1.15375,4547
2026-06-11 09:20,1781169600,1.1537,1.1537,1.1534,1.15355,2108
2026-06-11 09:25,1781169900,1.1535,1.1535,1.1533,1.15335,9779
2026-06-11 09:30,1781170200,1.15335,1.1534,1.1532,1.15325,3706
2026-06-11 09:35,1781170500,1.15325,1.1534,1.1532,1.15335,512
2026-06-11 09:40,1781170800,1.15335,1.1535,1.15335,1.1535,3108
2026-06-11 09:45,1781171100,1.1535,1.1536,1.15325,1.1536,2464
2026-06-11 09:50,1781171400,1.1536,1.15375,1.15345,1.15375,1208
2026-06-11 09:55,1781171700,1.15375,1.1538,1.1534,1.1535,606
2026-06-11 10:00,1781172000,1.15345,1.1535,1.153,1.15315,2974
2026-06-11 10:05,1781172300,1.15315,1.1532,1.15305,1.1532,1453
2026-06-11 10:10,1781172600,1.1532,1.1532,1.15265,1.15275,590
2026-06-11 10:15,1781172900,1.15275,1.15275,1.15245,1.15245,1881
2026-06-11 10:20,1781173200,1.15245,1.15285,1.15245,1.1528,905
2026-06-11 10:25,1781173500,1.1528,1.1528,1.1526,1.1526,882
2026-06-11 10:30,1781173800,1.15265,1.15295,1.1526,1.1529,1682
2026-06-11 10:35,1781174100,1.15285,1.15305,1.1528,1.1528,903
2026-06-11 10:40,1781174400,1.1528,1.1529,1.15275,1.1528,1142
2026-06-11 10:45,1781174700,1.15285,1.1529,1.15275,1.1528,395
2026-06-11 10:50,1781175000,1.15285,1.15325,1.15285,1.1532,3232
2026-06-11 10:55,1781175300,1.15325,1.1533,1.15315,1.1532,676
2026-06-11 11:00,1781175600,1.15325,1.15375,1.15325,1.1537,1002
2026-06-11 11:05,1781175900,1.15375,1.15385,1.1535,1.1538,1596
2026-06-11 11:10,1781176200,1.1538,1.15405,1.15375,1.15395,501
2026-06-11 11:15,1781176500,1.154,1.154,1.15375,1.1538,1046
2026-06-11 11:20,1781176800,1.1538,1.15385,1.15355,1.15375,950
2026-06-11 11:25,1781177100,1.1538,1.15395,1.1537,1.15385,1251
2026-06-11 11:30,1781177400,1.15385,1.1543,1.15385,1.1539,2572
2026-06-11 11:35,1781177700,1.15385,1.15405,1.1538,1.1539,744
2026-06-11 11:40,1781178000,1.15385,1.154,1.1538,1.1539,268
2026-06-11 11:45,1781178300,1.1539,1.1539,1.15365,1.15385,1318
2026-06-11 11:50,1781178600,1.1539,1.15405,1.1537,1.15395,614
2026-06-11 11:55,1781178900,1.1539,1.154,1.15375,1.15395,357
2026-06-11 12:00,1781179200,1.15395,1.15415,1.1539,1.154,612
2026-06-11 12:05,1781179500,1.154,1.1541,1.1538,1.1538,464
2026-06-11 12:10,1781179800,1.1538,1.1538,1.1534,1.1535,833
2026-06-11 12:15,1781180100,1.15355,1.15405,1.1533,1.1533,8801
2026-06-11 12:20,1781180400,1.1533,1.15375,1.15205,1.15245,4025
2026-06-11 12:25,1781180700,1.15245,1.1529,1.15175,1.1528,2226
2026-06-11 12:30,1781181000,1.15295,1.1533,1.15205,1.15245,3541
2026-06-11 12:35,1781181300,1.1525,1.1528,1.15225,1.15275,1090
2026-06-11 12:40,1781181600,1.1527,1.1537,1.15265,1.1532,2640
2026-06-11 12:45,1781181900,1.1532,1.15405,1.153,1.15385,1673
2026-06-11 12:50,1781182200,1.15385,1.154,1.1536,1.1539,1210
2026-06-11 12:55,1781182500,1.1539,1.15445,1.1537,1.1541,2338
2026-06-11 13:00,1781182800,1.15415,1.15415,1.1539,1.1539,1166
2026-06-11 13:05,1781183100,1.15385,1.1539,1.15325,1.15345,6437
2026-06-11 13:10,1781183400,1.15345,1.15345,1.15265,1.15265,2251
2026-06-11 13:15,1781183700,1.15265,1.15275,1.1522,1.1522,4407
2026-06-11 13:20,1781184000,1.15225,1.1528,1.1518,1.15275,2593
2026-06-11 13:25,1781184300,1.15275,1.1533,1.1527,1.15315,2600
2026-06-11 13:30,1781184600,1.1531,1.15355,1.15295,1.1534,7145
2026-06-11 13:35,1781184900,1.1534,1.1534,1.1528,1.153,1503
2026-06-11 13:40,1781185200,1.153,1.15355,1.15295,1.1533,5008
2026-06-11 13:45,1781185500,1.1533,1.1541,1.1532,1.15345,2665
2026-06-11 13:50,1781185800,1.1534,1.15365,1.15325,1.15325,1892
2026-06-11 13:55,1781186100,1.1533,1.15355,1.15305,1.15305,2640
2026-06-11 14:00,1781186400,1.1531,1.15315,1.1526,1.1527,1351
2026-06-11 14:05,1781186700,1.15265,1.15285,1.1524,1.15265,1386
2026-06-11 14:10,1781187000,1.15265,1.15265,1.1522,1.1524,724
2026-06-11 14:15,1781187300,1.15245,1.1525,1.15215,1.15225,812
2026-06-11 14:20,1781187600,1.15225,1.1526,1.15225,1.15235,756
2026-06-11 14:25,1781187900,1.15235,1.1525,1.15225,1.15225,932
2026-06-11 14:30,1781188200,1.1523,1.1523,1.15185,1.15185,1841
2026-06-11 14:35,1781188500,1.15185,1.15215,1.15165,1.1521,2070
2026-06-11 14:40,1781188800,1.1521,1.1521,1.1518,1.15185,849
2026-06-11 14:45,1781189100,1.1519,1.15205,1.1518,1.15185,826
2026-06-11 14:50,1781189400,1.1518,1.15195,1.15175,1.15175,670
2026-06-11 14:55,1781189700,1.15175,1.15205,1.1516,1.15205,1844
2026-06-11 15:00,1781190000,1.152,1.15215,1.1517,1.15215,2256
2026-06-11 15:05,1781190300,1.1521,1.15235,1.15165,1.15165,17287
2026-06-11 15:10,1781190600,1.15165,1.15195,1.1515,1.1518,11161
2026-06-11 15:15,1781190900,1.1518,1.1522,1.1518,1.15215,788
2026-06-11 15:20,1781191200,1.1522,1.15245,1.1522,1.15235,1305
2026-06-11 15:25,1781191500,1.15235,1.15255,1.15235,1.15235,2715
2026-06-11 15:30,1781191800,1.15235,1.1524,1.1521,1.1522,973
2026-06-11 15:35,1781192100,1.1522,1.15225,1.1519,1.1519,1073
2026-06-11 15:40,1781192400,1.1519,1.1523,1.15185,1.15205,6416
2026-06-11 15:45,1781192700,1.15205,1.15215,1.15185,1.15195,705
2026-06-11 15:50,1781193000,1.15195,1.15195,1.15155,1.15165,583
2026-06-11 15:55,1781193300,1.15165,1.15175,1.1515,1.15155,7676
2026-06-11 16:00,1781193600,1.1516,1.15175,1.15125,1.15125,971
2026-06-11 16:05,1781193900,1.1513,1.1514,1.15115,1.15115,700
2026-06-11 16:10,1781194200,1.1511,1.1511,1.15095,1.1511,750
2026-06-11 16:15,1781194500,1.1511,1.15115,1.15095,1.1511,4912
2026-06-11 16:20,1781194800,1.1511,1.1512,1.1508,1.15115,1096
2026-06-11 16:25,1781195100,1.1512,1.15125,1.15105,1.15105,615
2026-06-11 16:30,1781195400,1.151,1.1513,1.1509,1.15115,619
2026-06-11 16:35,1781195700,1.15115,1.1512,1.15095,1.15095,427
2026-06-11 16:40,1781196000,1.151,1.1511,1.151,1.1511,350
2026-06-11 16:45,1781196300,1.1511,1.15115,1.15095,1.151,370
2026-06-11 16:50,1781196600,1.151,1.1511,1.15095,1.15095,370
2026-06-11 16:55,1781196900,1.151,1.1511,1.15095,1.151,836
2026-06-11 17:00,1781197200,1.151,1.15105,1.15065,1.15075,843
2026-06-11 17:05,1781197500,1.15075,1.1508,1.1507,1.1508,434
2026-06-11 17:10,1781197800,1.1508,1.15085,1.15045,1.1506,828
2026-06-11 17:15,1781198100,1.15055,1.15065,1.15045,1.1505,325
2026-06-11 17:20,1781198400,1.1505,1.1505,1.1504,1.1505,348
2026-06-11 17:25,1781198700,1.1505,1.1526,1.1505,1.15245,6047
2026-06-11 17:30,1781199000,1.15245,1.15655,1.15245,1.15615,13242
2026-06-11 17:35,1781199300,1.15605,1.15675,1.1553,1.15625,7906
2026-06-11 17:40,1781199600,1.15625,1.1566,1.15575,1.15615,5213
2026-06-11 17:45,1781199900,1.1562,1.1564,1.1552,1.15535,3204
2026-06-11 17:50,1781200200,1.15535,1.15575,1.1547,1.15515,2176
2026-06-11 17:55,1781200500,1.15515,1.15535,1.1549,1.1552,3126
2026-06-11 18:00,1781200800,1.15525,1.1555,1.1543,1.15445,1648
2026-06-11 18:05,1781201100,1.15445,1.15545,1.15425,1.1548,2272
2026-06-11 18:10,1781201400,1.1548,1.1554,1.15475,1.1554,728
2026-06-11 18:15,1781201700,1.1553,1.156,1.15525,1.15595,638
2026-06-11 18:20,1781202000,1.1559,1.15615,1.15545,1.1557,1790
2026-06-11 18:25,1781202300,1.15565,1.15585,1.1555,1.15565,460
2026-06-11 18:30,1781202600,1.1557,1.15575,1.15495,1.1554,1026
2026-06-11 18:35,1781202900,1.1554,1.1556,1.1553,1.1554,273
2026-06-11 18:40,1781203200,1.1554,1.1559,1.1554,1.15585,795
2026-06-11 18:45,1781203500,1.1559,1.15665,1.1559,1.1566,555
2026-06-11 18:50,1781203800,1.1566,1.15675,1.15625,1.15625,544
2026-06-11 18:55,1781204100,1.1563,1.15635,1.15585,1.1559,3072
2026-06-11 19:00,1781204400,1.15595,1.15695,1.15595,1.15695,813
2026-06-11 19:05,1781204700,1.15695,1.1571,1.1566,1.15705,993
2026-06-11 19:10,1781205000,1.157,1.15765,1.157,1.1575,2948
2026-06-11 19:15,1781205300,1.15755,1.15785,1.1574,1.15785,1984
2026-06-11 19:20,1781205600,1.1579,1.1579,1.15765,1.1578,1402
2026-06-11 19:25,1781205900,1.1578,1.15825,1.1578,1.15815,979
2026-06-11 19:30,1781206200,1.1582,1.15915,1.15815,1.15855,2565
2026-06-11 19:35,1781206500,1.1586,1.15865,1.15815,1.15815,666
2026-06-11 19:40,1781206800,1.1582,1.15855,1.15805,1.1581,811
2026-06-11 19:45,1781207100,1.1581,1.15815,1.15785,1.15805,846
2026-06-11 19:50,1781207400,1.15805,1.1582,1.15795,1.15805,877
2026-06-11 19:55,1781207700,1.1581,1.1581,1.15785,1.158,3418
2026-06-11 20:00,1781208000,1.158,1.15845,1.1579,1.15825,668
2026-06-11 20:05,1781208300,1.1583,1.15835,1.1581,1.1582,404
2026-06-11 20:10,1781208600,1.1582,1.1583,1.15805,1.15815,244
2026-06-11 20:15,1781208900,1.15815,1.1582,1.15805,1.15805,513
2026-06-11 20:20,1781209200,1.1581,1.15845,1.1581,1.15845,138
2026-06-11 20:25,1781209500,1.1584,1.1584,1.1579,1.15815,2532
2026-06-11 20:30,1781209800,1.15815,1.1583,1.158,1.15805,68
2026-06-11 20:35,1781210100,1.15805,1.1581,1.1578,1.15805,534
2026-06-11 20:40,1781210400,1.15805,1.15805,1.15785,1.15785,370
2026-06-11 20:45,1781210700,1.1578,1.1581,1.1578,1.1581,327
2026-06-11 20:50,1781211000,1.1581,1.1581,1.15795,1.15795,549
2026-06-11 20:55,1781211300,1.15795,1.15815,1.1579,1.15795,177
2026-06-11 22:00,1781215200,1.158,1.15825,1.15785,1.15815,0
2026-06-11 22:05,1781215500,1.15795,1.15795,1.1578,1.15785,9
2026-06-11 22:10,1781215800,1.1578,1.15785,1.15765,1.1577,19
2026-06-11 22:15,1781216100,1.1576,1.1577,1.1576,1.1577,64
2026-06-11 22:20,1781216400,1.1575,1.1575,1.1574,1.1575,19
2026-06-11 22:30,1781217000,1.15755,1.15755,1.15755,1.15755,4
2026-06-11 22:35,1781217300,1.15745,1.15755,1.15745,1.15755,4
2026-06-11 22:40,1781217600,1.1577,1.1579,1.1577,1.1579,43
2026-06-11 22:45,1781217900,1.1582,1.1583,1.1582,1.1583,17
2026-06-11 22:50,1781218200,1.1582,1.15825,1.15815,1.15815,18
2026-06-11 22:55,1781218500,1.1582,1.1586,1.1582,1.15855,232
2026-06-11 23:00,1781218800,1.1586,1.1587,1.15845,1.15845,16
2026-06-11 23:05,1781219100,1.1584,1.15855,1.15835,1.15835,24
2026-06-11 23:10,1781219400,1.1583,1.15835,1.1583,1.1583,13
2026-06-11 23:15,1781219700,1.15835,1.15835,1.1581,1.1581,27
2026-06-11 23:20,1781220000,1.15815,1.15825,1.15815,1.15825,20
2026-06-11 23:25,1781220300,1.15805,1.15805,1.1578,1.1578,307
2026-06-11 23:30,1781220600,1.15785,1.15785,1.15755,1.1576,38
2026-06-11 23:35,1781220900,1.1577,1.15775,1.15755,1.15775,20
2026-06-11 23:40,1781221200,1.15775,1.15775,1.15765,1.15765,15
2026-06-11 23:45,1781221500,1.1577,1.1577,1.15765,1.1577,8
2026-06-11 23:50,1781221800,1.1576,1.1576,1.1575,1.15755,7
2026-06-11 23:55,1781222100,1.15765,1.15775,1.1575,1.15755,38
2026-06-12 00:00,1781222400,1.15765,1.1577,1.157,1.15705,79
2026-06-12 00:05,1781222700,1.15705,1.15725,1.15705,1.1572,33
2026-06-12 00:10,1781223000,1.15715,1.15725,1.15715,1.15725,36
2026-06-12 00:15,1781223300,1.1572,1.1572,1.1569,1.1571,41
2026-06-12 00:20,1781223600,1.157,1.15715,1.157,1.157,23
2026-06-12 00:25,1781223900,1.157,1.1572,1.157,1.15715,37
2026-06-12 00:30,1781224200,1.15725,1.15725,1.15695,1.15695,10
2026-06-12 00:35,1781224500,1.15685,1.15685,1.15685,1.15685,1
2026-06-12 00:40,1781224800,1.1568,1.1568,1.1567,1.1567,13
2026-06-12 00:45,1781225100,1.15675,1.1568,1.15675,1.1568,3
2026-06-12 00:50,1781225400,1.1568,1.1571,1.1568,1.1571,30
2026-06-12 00:55,1781225700,1.1571,1.1571,1.1569,1.157,69
2026-06-12 01:00,1781226000,1.157,1.157,1.1568,1.1568,156
2026-06-12 01:05,1781226300,1.15675,1.15675,1.15655,1.15655,33
2026-06-12 01:10,1781226600,1.1566,1.15665,1.1564,1.15665,19
2026-06-12 01:15,1781226900,1.15665,1.15665,1.15655,1.1566,511
2026-06-12 01:20,1781227200,1.15655,1.15655,1.1564,1.1564,25
2026-06-12 01:25,1781227500,1.1564,1.1564,1.15625,1.15625,19
2026-06-12 01:30,1781227800,1.1563,1.1566,1.1563,1.1566,21
2026-06-12 01:35,1781228100,1.15665,1.15675,1.1564,1.15645,49
2026-06-12 01:40,1781228400,1.15645,1.1565,1.1564,1.1564,26
2026-06-12 01:45,1781228700,1.15635,1.1566,1.15635,1.1566,18
2026-06-12 01:50,1781229000,1.1566,1.1566,1.15635,1.15635,33
2026-06-12 01:55,1781229300,1.15635,1.1564,1.15625,1.1564,18
2026-06-12 02:00,1781229600,1.15645,1.15645,1.15635,1.1564,6
2026-06-12 02:05,1781229900,1.1566,1.1567,1.15655,1.1567,10
2026-06-12 02:10,1781230200,1.1568,1.1571,1.1568,1.15705,28
2026-06-12 02:15,1781230500,1.1569,1.1569,1.15675,1.1568,26
2026-06-12 02:20,1781230800,1.1568,1.1568,1.15675,1.15675,3
2026-06-12 02:25,1781231100,1.15675,1.15675,1.15655,1.15655,4
2026-06-12 02:30,1781231400,1.1566,1.1566,1.15645,1.1565,6
2026-06-12 02:35,1781231700,1.1565,1.15675,1.1565,1.1567,6
2026-06-12 02:40,1781232000,1.1567,1.1567,1.1566,1.1566,4
2026-06-12 02:45,1781232300,1.1566,1.15675,1.1566,1.15675,4
2026-06-12 02:50,1781232600,1.1567,1.15675,1.15665,1.1567,7
2026-06-12 02:55,1781232900,1.15675,1.15675,1.15675,1.15675,3
2026-06-12 03:00,1781233200,1.15675,1.1568,1.1567,1.1567,6
2026-06-12 03:05,1781233500,1.15685,1.15685,1.1566,1.15665,709
2026-06-12 03:10,1781233800,1.1566,1.15675,1.1566,1.15675,3
2026-06-12 03:15,1781234100,1.1568,1.15685,1.1568,1.1568,3
2026-06-12 03:20,1781234400,1.1568,1.15695,1.15675,1.15695,47
2026-06-12 03:25,1781234700,1.15695,1.15715,1.15695,1.15715,61
2026-06-12 03:30,1781235000,1.15715,1.1575,1.15715,1.1575,25
2026-06-12 03:35,1781235300,1.1574,1.1574,1.1574,1.1574,1
2026-06-12 03:40,1781235600,1.1574,1.1574,1.1574,1.1574,3
2026-06-12 03:45,1781235900,1.1574,1.1574,1.1571,1.1571,6
2026-06-12 03:50,1781236200,1.15715,1.15725,1.1571,1.15725,18
2026-06-12 03:55,1781236500,1.15725,1.15725,1.15725,1.15725,47
2026-06-12 04:05,1781237100,1.15715,1.15715,1.15715,1.15715,2
2026-06-12 04:10,1781237400,1.15715,1.15715,1.1571,1.15715,10
2026-06-12 04:15,1781237700,1.1571,1.1571,1.1571,1.1571,128
2026-06-12 04:20,1781238000,1.1571,1.15715,1.1571,1.15715,16
2026-06-12 04:25,1781238300,1.15715,1.15725,1.1571,1.15725,10
2026-06-12 04:30,1781238600,1.15715,1.15735,1.15715,1.15725,17
2026-06-12 04:35,1781238900,1.15725,1.15735,1.15725,1.15735,7
2026-06-12 04:40,1781239200,1.1575,1.15755,1.1575,1.15755,32
2026-06-12 04:45,1781239500,1.1573,1.15735,1.1573,1.15735,3
2026-06-12 04:50,1781239800,1.15735,1.1574,1.15735,1.1574,12
2026-06-12 04:55,1781240100,1.1573,1.1573,1.1572,1.1572,8
2026-06-12 05:00,1781240400,1.15725,1.1575,1.15725,1.15725,448
2026-06-12 05:05,1781240700,1.15735,1.15735,1.1571,1.15715,26
2026-06-12 05:10,1781241000,1.1572,1.1572,1.1568,1.15695,15
2026-06-12 05:15,1781241300,1.15685,1.15695,1.15655,1.15665,7
2026-06-12 05:20,1781241600,1.1567,1.1568,1.1567,1.15675,21
2026-06-12 05:25,1781241900,1.15665,1.15675,1.15645,1.15665,43
2026-06-12 05:30,1781242200,1.15655,1.15665,1.15655,1.15665,10
2026-06-12 05:35,1781242500,1.15655,1.1566,1.1564,1.15645,23
2026-06-12 05:40,1781242800,1.15635,1.1565,1.15635,1.15645,60
2026-06-12 05:45,1781243100,1.15645,1.15645,1.1563,1.1563,11
2026-06-12 05:50,1781243400,1.15625,1.15625,1.1561,1.15615,44
2026-06-12 05:55,1781243700,1.15615,1.1562,1.1558,1.1558,107
2026-06-12 06:00,1781244000,1.15595,1.15645,1.15595,1.15645,8
2026-06-12 06:05,1781244300,1.15655,1.1566,1.15635,1.15645,47
2026-06-12 06:10,1781244600,1.15655,1.1569,1.15655,1.15685,51
2026-06-12 06:15,1781244900,1.15665,1.15675,1.1566,1.1567,38
2026-06-12 06:20,1781245200,1.1567,1.15685,1.1567,1.15685,18
2026-06-12 06:25,1781245500,1.1568,1.1569,1.15675,1.15685,558
2026-06-12 06:30,1781245800,1.15665,1.1569,1.1566,1.1568,1175
2026-06-12 06:35,1781246100,1.15675,1.1569,1.15675,1.15685,52
2026-06-12 06:40,1781246400,1.15695,1.1571,1.1569,1.1569,1526
2026-06-12 06:45,1781246700,1.15695,1.157,1.1567,1.1568,69
2026-06-12 06:50,1781247000,1.1569,1.15705,1.1569,1.15705,461
2026-06-12 06:55,1781247300,1.1571,1.15735,1.15705,1.15735,295
2026-06-12 07:00,1781247600,1.1573,1.1573,1.15695,1.15695,2245
2026-06-12 07:05,1781247900,1.15695,1.15695,1.15685,1.15685,2762
2026-06-12 07:10,1781248200,1.157,1.157,1.15635,1.15645,573
2026-06-12 07:15,1781248500,1.15655,1.15665,1.1564,1.15665,2044
2026-06-12 07:20,1781248800,1.15675,1.15675,1.15645,1.1565,1911
2026-06-12 07:25,1781249100,1.15635,1.15635,1.1561,1.1561,36
2026-06-12 07:30,1781249400,1.15615,1.16045,1.15615,1.1604,21778
2026-06-12 07:35,1781249700,1.16045,1.16055,1.16005,1.1602,831
2026-06-12 07:40,1781250000,1.1602,1.1604,1.16,1.16035,462
2026-06-12 07:45,1781250300,1.16035,1.16045,1.16,1.16,485
2026-06-12 07:50,1781250600,1.16005,1.16025,1.16005,1.1602,648
2026-06-12 07:55,1781250900,1.16015,1.161,1.16015,1.1609,4338
2026-06-12 08:00,1781251200,1.161,1.1613,1.16085,1.161,1276
2026-06-12 08:05,1781251500,1.16105,1.1614,1.16105,1.1612,1622
2026-06-12 08:10,1781251800,1.1612,1.16135,1.1611,1.16125,660
2026-06-12 08:15,1781252100,1.16125,1.16275,1.16115,1.1626,2544
2026-06-12 08:20,1781252400,1.16265,1.16285,1.1622,1.1622,1295
2026-06-12 08:25,1781252700,1.1622,1.16225,1.16185,1.16185,1902
2026-06-12 08:30,1781253000,1.1619,1.1622,1.1618,1.1621,1443
2026-06-12 08:35,1781253300,1.1621,1.1626,1.1619,1.16245,1659
2026-06-12 08:40,1781253600,1.16245,1.16245,1.16205,1.1623,664
2026-06-12 08:45,1781253900,1.16235,1.1625,1.1621,1.16225,815
2026-06-12 08:50,1781254200,1.16225,1.16225,1.162,1.162,1170
2026-06-12 08:55,1781254500,1.16195,1.162,1.1618,1.16195,525
2026-06-12 09:00,1781254800,1.162,1.162,1.16165,1.1618,1183
2026-06-12 09:05,1781255100,1.16185,1.16195,1.16165,1.16175,499
2026-06-12 09:10,1781255400,1.1618,1.16205,1.1618,1.162,427
2026-06-12 09:15,1781255700,1.162,1.1629,1.162,1.1625,2404
2026-06-12 09:20,1781256000,1.1625,1.16265,1.16225,1.16265,834
2026-06-12 09:25,1781256300,1.16265,1.1632,1.1626,1.1631,1009
2026-06-12 09:30,1781256600,1.1631,1.16315,1.16275,1.1629,612
2026-06-12 09:35,1781256900,1.16285,1.16295,1.1627,1.1629,337
2026-06-12 09:40,1781257200,1.1629,1.16305,1.16285,1.16285,347
2026-06-12 09:45,1781257500,1.16285,1.16295,1.16265,1.16265,601
2026-06-12 09:50,1781257800,1.1626,1.16275,1.1623,1.1626,1164
2026-06-12 09:55,1781258100,1.16265,1.1629,1.16265,1.1627,668
2026-06-12 10:00,1781258400,1.1626,1.16285,1.16255,1.1627,651
2026-06-12 10:05,1781258700,1.1627,1.1628,1.16265,1.1627,607
2026-06-12 10:10,1781259000,1.16265,1.1628,1.16245,1.16255,572
2026-06-12 10:15,1781259300,1.1626,1.1627,1.16245,1.1625,1030
2026-06-12 10:20,1781259600,1.1625,1.1625,1.16185,1.162,1441
2026-06-12 10:25,1781259900,1.162,1.162,1.1612,1.16175,2242
2026-06-12 10:30,1781260200,1.1617,1.16225,1.16165,1.1621,835
2026-06-12 10:35,1781260500,1.16205,1.16205,1.1619,1.1619,419
2026-06-12 10:40,1781260800,1.16195,1.162,1.16185,1.1619,217
2026-06-12 10:45,1781261100,1.1619,1.1621,1.1619,1.162,115
2026-06-12 10:50,1781261400,1.162,1.162,1.16165,1.1617,419
2026-06-12 10:55,1781261700,1.1617,1.1618,1.1615,1.1617,557
2026-06-12 11:00,1781262000,1.1617,1.16175,1.1615,1.1616,373
2026-06-12 11:05,1781262300,1.1616,1.1616,1.1615,1.16155,261
2026-06-12 11:10,1781262600,1.1616,1.16175,1.1615,1.16175,576
2026-06-12 11:15,1781262900,1.16175,1.1619,1.1617,1.16185,403
2026-06-12 11:20,1781263200,1.1618,1.16205,1.1618,1.16195,963
2026-06-12 11:25,1781263500,1.1619,1.16195,1.1618,1.1618,275
2026-06-12 11:30,1781263800,1.16175,1.1619,1.16165,1.1617,773
2026-06-12 11:35,1781264100,1.1617,1.1619,1.1617,1.1619,660
2026-06-12 11:40,1781264400,1.16195,1.16225,1.16195,1.16215,354
2026-06-12 11:45,1781264700,1.16215,1.16215,1.1619,1.1619,366
2026-06-12 11:50,1781265000,1.16195,1.162,1.16185,1.16185,427
2026-06-12 11:55,1781265300,1.1618,1.1618,1.16135,1.1614,1297
2026-06-12 12:00,1781265600,1.16145,1.16155,1.1612,1.1613,1472
2026-06-12 12:05,1781265900,1.16125,1.16135,1.16095,1.16095,838
2026-06-12 12:10,1781266200,1.16095,1.16115,1.16095,1.1611,374
2026-06-12 12:15,1781266500,1.16115,1.1612,1.16095,1.16115,2953
2026-06-12 12:20,1781266800,1.16115,1.16115,1.16055,1.16055,2021
2026-06-12 12:25,1781267100,1.16055,1.1607,1.16045,1.16045,1251
2026-06-12 12:30,1781267400,1.16045,1.16075,1.1604,1.16075,835
2026-06-12 12:35,1781267700,1.16075,1.16075,1.16055,1.16055,483
2026-06-12 12:40,1781268000,1.1606,1.1608,1.16055,1.1606,1624
2026-06-12 12:45,1781268300,1.16055,1.16065,1.16025,1.16065,931
2026-06-12 12:50,1781268600,1.1606,1.16065,1.16035,1.16045,911
2026-06-12 12:55,1781268900,1.1605,1.16075,1.1603,1.16065,1532
2026-06-12 13:00,1781269200,1.16065,1.1611,1.1605,1.1611,1393
2026-06-12 13:05,1781269500,1.16105,1.16115,1.16075,1.161,1078
2026-06-12 13:10,1781269800,1.16105,1.1611,1.1608,1.1609,510
2026-06-12 13:15,1781270100,1.1609,1.1615,1.16085,1.1615,1446
2026-06-12 13:20,1781270400,1.1615,1.16185,1.16145,1.16165,836
2026-06-12 13:25,1781270700,1.16165,1.1619,1.1615,1.16185,835
2026-06-12 13:30,1781271000,1.1619,1.16215,1.16175,1.1618,1684
2026-06-12 13:35,1781271300,1.1618,1.16195,1.1616,1.1618,990
2026-06-12 13:40,1781271600,1.1618,1.1618,1.16065,1.161,6910
2026-06-12 13:45,1781271900,1.16105,1.1614,1.16105,1.16135,1896
2026-06-12 13:50,1781272200,1.1614,1.1617,1.16125,1.1616,1183
2026-06-12 13:55,1781272500,1.1616,1.1616,1.16115,1.16125,1225
2026-06-12 14:00,1781272800,1.1613,1.16205,1.161,1.16195,2780
2026-06-12 14:05,1781273100,1.162,1.162,1.16165,1.1618,685
2026-06-12 14:10,1781273400,1.16175,1.1618,1.16155,1.1616,915
2026-06-12 14:15,1781273700,1.1616,1.16185,1.16115,1.16115,1665
2026-06-12 14:20,1781274000,1.16115,1.16145,1.1609,1.1613,1485
2026-06-12 14:25,1781274300,1.16125,1.1614,1.1612,1.1612,1066
2026-06-12 14:30,1781274600,1.1612,1.16165,1.16115,1.1616,720
2026-06-12 14:35,1781274900,1.1616,1.1618,1.1615,1.16175,2338
2026-06-12 14:40,1781275200,1.1618,1.1619,1.1614,1.1616,7552
2026-06-12 14:45,1781275500,1.1616,1.16165,1.16135,1.16155,656
2026-06-12 14:50,1781275800,1.1615,1.16225,1.1611,1.162,5031
2026-06-12 14:55,1781276100,1.16195,1.16225,1.16155,1.16165,11214
2026-06-12 15:00,1781276400,1.1616,1.16185,1.16125,1.1618,4094
2026-06-12 15:05,1781276700,1.16175,1.16195,1.1616,1.1617,1456
2026-06-12 15:10,1781277000,1.1617,1.16205,1.16165,1.16205,559
2026-06-12 15:15,1781277300,1.162,1.1622,1.1619,1.16205,1077
2026-06-12 15:20,1781277600,1.16205,1.1623,1.16195,1.16215,1580
2026-06-12 15:25,1781277900,1.1621,1.16265,1.1621,1.16255,1414
2026-06-12 15:30,1781278200,1.1625,1.1626,1.16235,1.16235,890
2026-06-12 15:35,1781278500,1.1623,1.1626,1.16205,1.1622,2814
2026-06-12 15:40,1781278800,1.1622,1.1622,1.16165,1.16185,937
2026-06-12 15:45,1781279100,1.16185,1.162,1.16175,1.16185,2063
2026-06-12 15:50,1781279400,1.16185,1.16215,1.16175,1.16195,838
2026-06-12 15:55,1781279700,1.1619,1.16195,1.1616,1.1616,854
2026-06-12 16:00,1781280000,1.1616,1.16165,1.16135,1.1615,1815
2026-06-12 16:05,1781280300,1.16145,1.16145,1.1613,1.1614,636
2026-06-12 16:10,1781280600,1.1614,1.16205,1.16125,1.16155,4461
2026-06-12 16:15,1781280900,1.1616,1.1619,1.16155,1.16155,1360
2026-06-12 16:20,1781281200,1.1616,1.1616,1.1612,1.1613,1372
2026-06-12 16:25,1781281500,1.1613,1.16165,1.1613,1.1615,906
2026-06-12 16:30,1781281800,1.16155,1.1618,1.16155,1.16175,647
2026-06-12 16:35,1781282100,1.1617,1.1617,1.1615,1.1616,284
2026-06-12 16:40,1781282400,1.16165,1.1618,1.16145,1.1615,1304
2026-06-12 16:45,1781282700,1.16155,1.16175,1.1615,1.16165,328
2026-06-12 16:50,1781283000,1.16165,1.1618,1.1616,1.16175,470
2026-06-12 16:55,1781283300,1.16175,1.1618,1.16165,1.1618,366
2026-06-12 17:00,1781283600,1.16175,1.16185,1.16165,1.16175,365
2026-06-12 17:05,1781283900,1.16175,1.1621,1.1617,1.1618,1605
2026-06-12 17:10,1781284200,1.1618,1.16185,1.1615,1.16165,1621
2026-06-12 17:15,1781284500,1.16165,1.16165,1.16155,1.16165,384
2026-06-12 17:20,1781284800,1.16165,1.1618,1.16165,1.16175,153
2026-06-12 17:25,1781285100,1.1617,1.1619,1.1617,1.16185,199
2026-06-12 17:30,1781285400,1.1618,1.16185,1.1617,1.16175,137
2026-06-12 17:35,1781285700,1.16175,1.1618,1.1617,1.16175,179
2026-06-12 17:40,1781286000,1.1617,1.1619,1.1617,1.16185,234
2026-06-12 17:45,1781286300,1.16185,1.16185,1.16175,1.16175,216
2026-06-12 17:50,1781286600,1.1618,1.16185,1.16175,1.1618,189
2026-06-12 17:55,1781286900,1.1618,1.1618,1.16165,1.16175,332
2026-06-12 18:00,1781287200,1.16175,1.1618,1.1616,1.1616,500
2026-06-12 18:05,1781287500,1.1616,1.1616,1.16155,1.16155,289
2026-06-12 18:10,1781287800,1.1615,1.16175,1.1615,1.16165,344
2026-06-12 18:15,1781288100,1.1616,1.16175,1.1616,1.1617,678
2026-06-12 18:20,1781288400,1.1617,1.16185,1.1617,1.16185,1091
2026-06-12 18:25,1781288700,1.16185,1.1619,1.1618,1.16185,137
2026-06-12 18:30,1781289000,1.16185,1.1621,1.16185,1.16205,409
2026-06-12 18:35,1781289300,1.16205,1.16215,1.162,1.16205,126
2026-06-12 18:40,1781289600,1.1621,1.16215,1.16205,1.16205,146
2026-06-12 18:45,1781289900,1.16205,1.16215,1.162,1.1621,252
2026-06-12 18:50,1781290200,1.1621,1.16215,1.162,1.1621,307
2026-06-12 18:55,1781290500,1.1621,1.16215,1.1617,1.16175,2312
2026-06-12 19:00,1781290800,1.1618,1.16205,1.1616,1.162,577
2026-06-12 19:05,1781291100,1.162,1.16205,1.16185,1.1619,702
2026-06-12 19:10,1781291400,1.16185,1.16185,1.1617,1.1618,171
2026-06-12 19:15,1781291700,1.1618,1.1619,1.1617,1.1619,464
2026-06-12 19:20,1781292000,1.1619,1.16195,1.1617,1.1617,138
2026-06-12 19:25,1781292300,1.16165,1.1618,1.16165,1.16175,290
2026-06-12 19:30,1781292600,1.16175,1.1618,1.16155,1.16155,222
2026-06-12 19:35,1781292900,1.1615,1.1617,1.16145,1.1615,560
2026-06-12 19:40,1781293200,1.1615,1.16155,1.16135,1.16135,65
2026-06-12 19:45,1781293500,1.16135,1.1614,1.1613,1.16135,156
2026-06-12 19:50,1781293800,1.1614,1.1615,1.1612,1.16125,629
2026-06-12 19:55,1781294100,1.16125,1.16145,1.16115,1.16145,2220
2026-06-12 20:00,1781294400,1.16145,1.16145,1.16125,1.16135,627
2026-06-12 20:05,1781294700,1.16135,1.16135,1.16115,1.16125,678
2026-06-12 20:10,1781295000,1.16125,1.16135,1.1612,1.1612,220
2026-06-12 20:15,1781295300,1.1612,1.1612,1.1611,1.16115,185
2026-06-12 20:20,1781295600,1.1612,1.16125,1.16115,1.1612,35
2026-06-12 20:25,1781295900,1.16125,1.1614,1.16115,1.16115,102
2026-06-12 20:30,1781296200,1.1611,1.1611,1.16105,1.16105,114
2026-06-12 20:35,1781296500,1.16105,1.16115,1.16105,1.16105,46
2026-06-12 20:40,1781296800,1.1611,1.1611,1.16095,1.161,85
2026-06-12 20:45,1781297100,1.161,1.16115,1.161,1.1611,89
2026-06-12 20:50,1781297400,1.16115,1.16125,1.16105,1.16105,255
2026-06-12 20:55,1781297700,1.1611,1.16175,1.1609,1.16175,291
2026-06-14 22:10,1781475000,1.16585,1.1659,1.16535,1.1654,659
2026-06-14 22:15,1781475300,1.16535,1.1657,1.16505,1.1657,486
2026-06-14 22:20,1781475600,1.1657,1.1657,1.1654,1.16545,448
2026-06-14 22:25,1781475900,1.16545,1.16545,1.16495,1.16505,452
2026-06-14 22:30,1781476200,1.16505,1.16535,1.1648,1.1649,366
2026-06-14 22:35,1781476500,1.1649,1.165,1.1646,1.16495,404
2026-06-14 22:40,1781476800,1.16495,1.16525,1.16485,1.16505,427
2026-06-14 22:45,1781477100,1.1651,1.16525,1.16505,1.16515,149
2026-06-14 22:50,1781477400,1.16515,1.1653,1.16515,1.16525,122
2026-06-14 22:55,1781477700,1.1652,1.1653,1.1651,1.1651,116
2026-06-14 23:00,1781478000,1.16505,1.1651,1.16465,1.16465,365
2026-06-14 23:05,1781478300,1.1647,1.16485,1.16465,1.16485,227
2026-06-14 23:10,1781478600,1.1648,1.16485,1.1646,1.16465,118
2026-06-14 23:15,1781478900,1.16465,1.16485,1.16465,1.1648,171
2026-06-14 23:20,1781479200,1.1647,1.16475,1.1646,1.16475,162
2026-06-14 23:25,1781479500,1.1648,1.1648,1.1646,1.1646,202
2026-06-14 23:30,1781479800,1.16465,1.16465,1.1645,1.1646,86
2026-06-14 23:35,1781480100,1.16465,1.1648,1.1646,1.1648,126
2026-06-14 23:40,1781480400,1.16475,1.1649,1.1647,1.16485,170
2026-06-14 23:45,1781480700,1.1649,1.16505,1.1648,1.16485,311
2026-06-14 23:50,1781481000,1.1649,1.1651,1.16485,1.1649,263
2026-06-14 23:55,1781481300,1.16485,1.16485,1.1644,1.16455,870
2026-06-15 00:00,1781481600,1.1645,1.16495,1.1645,1.16485,370
2026-06-15 00:05,1781481900,1.1649,1.16505,1.16485,1.16485,214
2026-06-15 00:10,1781482200,1.1649,1.1653,1.1649,1.1653,687
2026-06-15 00:15,1781482500,1.1653,1.16535,1.165,1.1653,608
2026-06-15 00:20,1781482800,1.16525,1.1654,1.16525,1.16535,1131
2026-06-15 00:25,1781483100,1.16535,1.16535,1.16495,1.165,358
2026-06-15 00:30,1781483400,1.16495,1.165,1.1648,1.16495,388
2026-06-15 00:35,1781483700,1.1649,1.16495,1.1648,1.1648,374
2026-06-15 00:40,1781484000,1.1648,1.16485,1.16475,1.1648,98
2026-06-15 00:45,1781484300,1.16485,1.16485,1.16465,1.16465,166
2026-06-15 00:50,1781484600,1.16465,1.1647,1.16425,1.16425,421
2026-06-15 00:55,1781484900,1.1643,1.16435,1.16405,1.1641,344
2026-06-15 01:00,1781485200,1.1641,1.16415,1.1639,1.1641,287
2026-06-15 01:05,1781485500,1.1641,1.1641,1.16365,1.16385,494
2026-06-15 01:10,1781485800,1.1639,1.16415,1.1639,1.164,193
2026-06-15 01:15,1781486100,1.16395,1.1641,1.16395,1.164,83
2026-06-15 01:20,1781486400,1.164,1.16415,1.164,1.1641,93
2026-06-15 01:25,1781486700,1.16405,1.1641,1.164,1.16405,124
2026-06-15 01:30,1781487000,1.1641,1.1641,1.164,1.16405,134
2026-06-15 01:35,1781487300,1.164,1.16405,1.16395,1.164,60
2026-06-15 01:40,1781487600,1.164,1.164,1.16385,1.1639,117
2026-06-15 01:45,1781487900,1.1639,1.16405,1.1638,1.164,96
2026-06-15 01:50,1781488200,1.164,1.16435,1.164,1.16435,268
2026-06-15 01:55,1781488500,1.16435,1.1644,1.16395,1.16405,93
2026-06-15 02:00,1781488800,1.164,1.1641,1.164,1.1641,119
2026-06-15 02:05,1781489100,1.1641,1.1642,1.164,1.1642,309
2026-06-15 02:10,1781489400,1.1641,1.1641,1.16365,1.16375,331
2026-06-15 02:15,1781489700,1.16375,1.1638,1.16365,1.16375,164
2026-06-15 02:20,1781490000,1.1638,1.16385,1.1637,1.1638,296
2026-06-15 02:25,1781490300,1.16385,1.16405,1.1638,1.16405,85
2026-06-15 02:30,1781490600,1.16415,1.16415,1.16405,1.16415,42
2026-06-15 02:35,1781490900,1.1641,1.16435,1.1641,1.16435,223
2026-06-15 02:40,1781491200,1.16435,1.1644,1.16405,1.1641,83
2026-06-15 02:45,1781491500,1.1641,1.1641,1.164,1.164,58
2026-06-15 02:50,1781491800,1.164,1.1641,1.164,1.16405,66
2026-06-15 02:55,1781492100,1.1641,1.1642,1.16405,1.1642,53
2026-06-15 03:00,1781492400,1.1642,1.1643,1.16415,1.16425,146
2026-06-15 03:05,1781492700,1.1643,1.1643,1.16415,1.16425,50
2026-06-15 03:10,1781493000,1.16425,1.16425,1.1641,1.1641,87
2026-06-15 03:15,1781493300,1.16415,1.16425,1.16415,1.1642,121
2026-06-15 03:20,1781493600,1.1642,1.16435,1.1642,1.16435,210
2026-06-15 03:25,1781493900,1.1644,1.16445,1.16435,1.16445,156
2026-06-15 03:30,1781494200,1.1644,1.16455,1.1644,1.16455,147
2026-06-15 03:35,1781494500,1.1645,1.1646,1.1644,1.16455,142
2026-06-15 03:40,1781494800,1.16455,1.16465,1.16455,1.1646,117
2026-06-15 03:45,1781495100,1.1646,1.16475,1.1646,1.16465,198
2026-06-15 03:50,1781495400,1.16465,1.16475,1.16465,1.1647,20
2026-06-15 03:55,1781495700,1.1647,1.16475,1.1647,1.1647,88
2026-06-15 04:00,1781496000,1.1647,1.16475,1.1646,1.1646,70
2026-06-15 04:05,1781496300,1.1646,1.1647,1.1646,1.1647,91
2026-06-15 04:10,1781496600,1.1647,1.16475,1.16465,1.16475,82
2026-06-15 04:15,1781496900,1.16475,1.1648,1.16475,1.16475,128
2026-06-15 04:20,1781497200,1.16475,1.16485,1.1647,1.16485,103
2026-06-15 04:25,1781497500,1.16485,1.1651,1.16485,1.1651,382
2026-06-15 04:30,1781497800,1.16515,1.1653,1.1651,1.16525,263
2026-06-15 04:35,1781498100,1.16525,1.16535,1.1652,1.16535,96
2026-06-15 04:40,1781498400,1.1653,1.16535,1.16525,1.1653,171
2026-06-15 04:45,1781498700,1.16535,1.16545,1.1653,1.16545,82
2026-06-15 04:50,1781499000,1.1655,1.16555,1.1654,1.16545,161
2026-06-15 04:55,1781499300,1.16545,1.16555,1.16535,1.1655,122
2026-06-15 05:00,1781499600,1.1655,1.16575,1.1655,1.16575,391
2026-06-15 05:05,1781499900,1.1657,1.16575,1.1657,1.16575,153
2026-06-15 05:10,1781500200,1.1657,1.16645,1.1657,1.1662,1164
2026-06-15 05:15,1781500500,1.1662,1.1663,1.16605,1.16625,167
2026-06-15 05:20,1781500800,1.1662,1.1663,1.1661,1.1662,173
2026-06-15 05:25,1781501100,1.1662,1.16625,1.16605,1.1661,113
2026-06-15 05:30,1781501400,1.1661,1.1662,1.16585,1.1659,218
2026-06-15 05:35,1781501700,1.1659,1.16595,1.16575,1.1658,486
2026-06-15 05:40,1781502000,1.16575,1.16585,1.16565,1.16565,219
2026-06-15 05:45,1781502300,1.16565,1.166,1.16565,1.166,378
2026-06-15 05:50,1781502600,1.16595,1.16595,1.16575,1.1658,211
2026-06-15 05:55,1781502900,1.1658,1.166,1.16565,1.16595,403
2026-06-15 06:00,1781503200,1.16595,1.16605,1.1656,1.1657,594
2026-06-15 06:05,1781503500,1.16565,1.16565,1.16515,1.16515,619
2026-06-15 06:10,1781503800,1.1651,1.1653,1.1651,1.1652,271
2026-06-15 06:15,1781504100,1.16525,1.1654,1.1652,1.1652,263
2026-06-15 06:20,1781504400,1.1652,1.1652,1.1649,1.16505,284
2026-06-15 06:25,1781504700,1.16505,1.1652,1.16495,1.16505,496
2026-06-15 06:30,1781505000,1.165,1.16505,1.1643,1.16435,825
2026-06-15 06:35,1781505300,1.1644,1.16495,1.16435,1.16495,385
2026-06-15 06:40,1781505600,1.1649,1.1651,1.1648,1.16495,227
2026-06-15 06:45,1781505900,1.16495,1.16515,1.16495,1.1651,341
2026-06-15 06:50,1781506200,1.16505,1.1651,1.16495,1.16495,158
2026-06-15 06:55,1781506500,1.16495,1.16495,1.16465,1.1649,463
2026-06-15 07:00,1781506800,1.1649,1.165,1.1644,1.16465,1740
2026-06-15 07:05,1781507100,1.1647,1.1652,1.16465,1.16515,963
2026-06-15 07:10,1781507400,1.16515,1.16515,1.16465,1.1649,999
2026-06-15 07:15,1781507700,1.1649,1.165,1.1648,1.1648,479
2026-06-15 07:20,1781508000,1.1648,1.16535,1.1646,1.16515,734
2026-06-15 07:25,1781508300,1.16515,1.1652,1.165,1.1651,440
2026-06-15 07:30,1781508600,1.16515,1.1652,1.16475,1.16505,717
2026-06-15 07:35,1781508900,1.1651,1.1651,1.1647,1.1648,900
2026-06-15 07:40,1781509200,1.1648,1.16515,1.1648,1.16505,340
2026-06-15 07:45,1781509500,1.16505,1.16515,1.1648,1.1648,236
2026-06-15 07:50,1781509800,1.1648,1.16495,1.16465,1.1649,508
2026-06-15 07:55,1781510100,1.1649,1.16495,1.16475,1.1649,316
2026-06-15 08:00,1781510400,1.16485,1.16505,1.1648,1.165,351
2026-06-15 08:05,1781510700,1.16505,1.16505,1.16465,1.16475,488
2026-06-15 08:10,1781511000,1.16475,1.1649,1.1647,1.16485,421
2026-06-15 08:15,1781511300,1.1648,1.16505,1.16475,1.16505,300
2026-06-15 08:20,1781511600,1.16505,1.16515,1.1649,1.16505,441
2026-06-15 08:25,1781511900,1.165,1.1653,1.16495,1.165,328
2026-06-15 08:30,1781512200,1.165,1.16525,1.1649,1.16525,398
2026-06-15 08:35,1781512500,1.16525,1.16525,1.1647,1.1647,786
2026-06-15 08:40,1781512800,1.1647,1.1647,1.16425,1.16435,688
2026-06-15 08:45,1781513100,1.1644,1.16445,1.164,1.164,813
2026-06-15 08:50,1781513400,1.164,1.1642,1.164,1.1642,568
2026-06-15 08:55,1781513700,1.16415,1.1644,1.1641,1.1644,889
2026-06-15 09:00,1781514000,1.1644,1.16505,1.1643,1.165,989
2026-06-15 09:05,1781514300,1.165,1.1652,1.16495,1.1651,323
2026-06-15 09:10,1781514600,1.16515,1.16535,1.16495,1.16495,992
2026-06-15 09:15,1781514900,1.16495,1.16495,1.1647,1.1649,421
2026-06-15 09:20,1781515200,1.16495,1.16495,1.1647,1.16475,281
2026-06-15 09:25,1781515500,1.1648,1.16485,1.1646,1.1648,274
2026-06-15 09:30,1781515800,1.1648,1.165,1.16475,1.16495,199
2026-06-15 09:35,1781516100,1.16495,1.1653,1.16495,1.1652,469
2026-06-15 09:40,1781516400,1.16525,1.16525,1.16505,1.16505,216
2026-06-15 09:45,1781516700,1.165,1.1651,1.16485,1.165,222
2026-06-15 09:50,1781517000,1.16505,1.16515,1.16495,1.16495,300
2026-06-15 09:55,1781517300,1.165,1.165,1.16475,1.16495,464
2026-06-15 10:00,1781517600,1.16495,1.16495,1.16475,1.16475,222
2026-06-15 10:05,1781517900,1.16475,1.16485,1.16455,1.16465,234
2026-06-15 10:10,1781518200,1.16465,1.16495,1.1646,1.1649,216
2026-06-15 10:15,1781518500,1.1649,1.1652,1.16485,1.1652,418
2026-06-15 10:20,1781518800,1.16525,1.1653,1.1652,1.16525,572
2026-06-15 10:25,1781519100,1.16525,1.1654,1.1652,1.1653,252
2026-06-15 10:30,1781519400,1.1653,1.1655,1.1653,1.16545,479
2026-06-15 10:35,1781519700,1.1655,1.1657,1.1655,1.1656,518
2026-06-15 10:40,1781520000,1.1656,1.16565,1.1655,1.16555,172
2026-06-15 10:45,1781520300,1.1656,1.1656,1.1653,1.1654,502
2026-06-15 10:50,1781520600,1.1654,1.1656,1.1653,1.16545,213
2026-06-15 10:55,1781520900,1.16545,1.16545,1.16525,1.1653,349
2026-06-15 11:00,1781521200,1.16535,1.16555,1.1653,1.16535,324
2026-06-15 11:05,1781521500,1.16535,1.16555,1.1653,1.16545,170
2026-06-15 11:10,1781521800,1.16545,1.16565,1.16545,1.1655,232
2026-06-15 11:15,1781522100,1.16535,1.1654,1.1652,1.1652,206
2026-06-15 11:20,1781522400,1.1652,1.16535,1.16505,1.16505,440
2026-06-15 11:25,1781522700,1.16505,1.16515,1.16495,1.16495,776
2026-06-15 11:30,1781523000,1.16495,1.1653,1.16495,1.1652,271
2026-06-15 11:35,1781523300,1.16515,1.16515,1.16495,1.16505,361
2026-06-15 11:40,1781523600,1.16515,1.16525,1.16485,1.1649,656
2026-06-15 11:45,1781523900,1.16495,1.1652,1.16495,1.1652,2853
2026-06-15 11:50,1781524200,1.16525,1.16565,1.16525,1.16565,536
2026-06-15 11:55,1781524500,1.1656,1.1656,1.1651,1.16515,544
2026-06-15 12:00,1781524800,1.1651,1.16545,1.1651,1.16535,473
2026-06-15 12:05,1781525100,1.16535,1.1655,1.16495,1.16495,398
2026-06-15 12:10,1781525400,1.165,1.16505,1.16485,1.1649,1333
2026-06-15 12:15,1781525700,1.1649,1.16495,1.1647,1.16485,963
2026-06-15 12:20,1781526000,1.1648,1.165,1.1647,1.1649,1078
2026-06-15 12:25,1781526300,1.16495,1.1652,1.1649,1.1652,772
2026-06-15 12:30,1781526600,1.1652,1.1655,1.16515,1.1654,786
2026-06-15 12:35,1781526900,1.1654,1.1655,1.1651,1.16525,500
2026-06-15 12:40,1781527200,1.1653,1.1657,1.1653,1.1657,435
2026-06-15 12:45,1781527500,1.1657,1.16595,1.1656,1.1658,819
2026-06-15 12:50,1781527800,1.1658,1.166,1.16575,1.16595,1049
2026-06-15 12:55,1781528100,1.166,1.16625,1.16555,1.1658,6364
2026-06-15 13:00,1781528400,1.1658,1.1659,1.1655,1.16575,1011
2026-06-15 13:05,1781528700,1.1657,1.16585,1.1656,1.1658,405
2026-06-15 13:10,1781529000,1.16575,1.16585,1.16565,1.1658,1118
2026-06-15 13:15,1781529300,1.1658,1.166,1.16575,1.16585,571
2026-06-15 13:20,1781529600,1.16585,1.16605,1.1658,1.166,529
2026-06-15 13:25,1781529900,1.166,1.16605,1.1658,1.1659,590
2026-06-15 13:30,1781530200,1.1659,1.16595,1.16555,1.1659,1375
2026-06-15 13:35,1781530500,1.1659,1.16625,1.1658,1.1662,1188
2026-06-15 13:40,1781530800,1.1662,1.1663,1.16575,1.166,2022
2026-06-15 13:45,1781531100,1.166,1.16605,1.16575,1.166,559
2026-06-15 13:50,1781531400,1.16605,1.1661,1.16565,1.1657,953
2026-06-15 13:55,1781531700,1.1657,1.16595,1.1657,1.1659,1247
2026-06-15 14:00,1781532000,1.1659,1.16595,1.16575,1.1658,786
2026-06-15 14:05,1781532300,1.16575,1.1661,1.16575,1.16585,653
2026-06-15 14:10,1781532600,1.16585,1.16595,1.1655,1.16555,987
2026-06-15 14:15,1781532900,1.1656,1.16575,1.1655,1.1655,638
2026-06-15 14:20,1781533200,1.16525,1.1653,1.16525,1.1653,1354
2026-06-15 14:25,1781533500,1.1653,1.16555,1.1653,1.1655,536
2026-06-15 14:30,1781533800,1.1655,1.16555,1.165,1.165,953
2026-06-15 14:35,1781534100,1.16505,1.16525,1.165,1.16505,702
2026-06-15 14:40,1781534400,1.16505,1.16505,1.1648,1.1649,694
2026-06-15 14:45,1781534700,1.16495,1.16525,1.1648,1.16525,1083
2026-06-15 14:50,1781535000,1.16525,1.1653,1.16485,1.165,1775
2026-06-15 14:55,1781535300,1.165,1.1655,1.1649,1.16505,3350
2026-06-15 15:00,1781535600,1.165,1.165,1.16465,1.1647,2293
2026-06-15 15:05,1781535900,1.16475,1.16485,1.1647,1.16485,401
2026-06-15 15:10,1781536200,1.16485,1.16495,1.1647,1.1647,601
2026-06-15 15:15,1781536500,1.1647,1.1649,1.16465,1.1648,338
2026-06-15 15:20,1781536800,1.16475,1.16485,1.16445,1.1645,871
2026-06-15 15:25,1781537100,1.1645,1.16465,1.1644,1.16455,756
2026-06-15 15:30,1781537400,1.16455,1.16455,1.1641,1.1642,1771
2026-06-15 15:35,1781537700,1.1642,1.1643,1.1642,1.1642,679
2026-06-15 15:40,1781538000,1.1642,1.1643,1.16405,1.16405,827
2026-06-15 15:45,1781538300,1.16405,1.16405,1.1639,1.16395,1056
2026-06-15 15:50,1781538600,1.16395,1.16405,1.1639,1.16405,574
2026-06-15 15:55,1781538900,1.16405,1.1641,1.164,1.16405,527
2026-06-15 16:00,1781539200,1.1641,1.1642,1.164,1.16415,1014
2026-06-15 16:05,1781539500,1.1642,1.1644,1.16415,1.16435,679
2026-06-15 16:10,1781539800,1.16435,1.1645,1.16435,1.1645,475
2026-06-15 16:15,1781540100,1.1645,1.1646,1.1643,1.1644,786
2026-06-15 16:20,1781540400,1.1644,1.1646,1.16435,1.16455,593
2026-06-15 16:25,1781540700,1.16455,1.1647,1.16455,1.1647,408
2026-06-15 16:30,1781541000,1.16475,1.16475,1.16445,1.1646,639
2026-06-15 16:35,1781541300,1.1646,1.1646,1.1642,1.1642,682
2026-06-15 16:40,1781541600,1.16415,1.16425,1.164,1.16415,539
2026-06-15 16:45,1781541900,1.16415,1.1644,1.1641,1.16435,370
2026-06-15 16:50,1781542200,1.16435,1.16455,1.16425,1.16455,242
2026-06-15 16:55,1781542500,1.16455,1.1648,1.16445,1.1646,450
2026-06-15 17:00,1781542800,1.1646,1.1646,1.16435,1.1644,450
2026-06-15 17:05,1781543100,1.1644,1.16445,1.1642,1.1644,650
2026-06-15 17:10,1781543400,1.1644,1.16455,1.1643,1.16445,208
2026-06-15 17:15,1781543700,1.1644,1.16445,1.16415,1.16415,141
2026-06-15 17:20,1781544000,1.16415,1.16435,1.1641,1.16435,217
2026-06-15 17:25,1781544300,1.16435,1.1645,1.1643,1.1643,301
2026-06-15 17:30,1781544600,1.16435,1.16435,1.164,1.1642,499
2026-06-15 17:35,1781544900,1.1641,1.1643,1.1641,1.1643,291
2026-06-15 17:40,1781545200,1.16425,1.1643,1.16415,1.1642,179
2026-06-15 17:45,1781545500,1.1642,1.16435,1.1642,1.1643,263
2026-06-15 17:50,1781545800,1.1643,1.16435,1.16425,1.1643,225
2026-06-15 17:55,1781546100,1.1643,1.1643,1.1641,1.1642,468
2026-06-15 18:00,1781546400,1.1642,1.1644,1.1641,1.1643,371
2026-06-15 18:05,1781546700,1.1643,1.16455,1.1643,1.16435,666
2026-06-15 18:10,1781547000,1.16435,1.16445,1.16435,1.1644,581
2026-06-15 18:15,1781547300,1.1644,1.1644,1.1642,1.1643,522
2026-06-15 18:20,1781547600,1.16425,1.16435,1.1642,1.16425,546
2026-06-15 18:25,1781547900,1.16425,1.1643,1.16395,1.164,562
2026-06-15 18:30,1781548200,1.164,1.164,1.16375,1.16385,1019
2026-06-15 18:35,1781548500,1.16385,1.16395,1.1637,1.16385,765
2026-06-15 18:40,1781548800,1.16385,1.1639,1.16375,1.16385,1079
2026-06-15 18:45,1781549100,1.1639,1.16395,1.16375,1.16395,957
2026-06-15 18:50,1781549400,1.16395,1.1641,1.1638,1.1638,1963
2026-06-15 18:55,1781549700,1.1638,1.16385,1.1636,1.16365,3672
2026-06-15 19:00,1781550000,1.16365,1.16385,1.1632,1.16325,1519
2026-06-15 19:05,1781550300,1.1633,1.1636,1.16325,1.1636,1247
2026-06-15 19:10,1781550600,1.1636,1.1636,1.16335,1.1634,259
2026-06-15 19:15,1781550900,1.1634,1.1636,1.1634,1.1636,236
2026-06-15 19:20,1781551200,1.1636,1.1636,1.1634,1.1634,218
2026-06-15 19:25,1781551500,1.16345,1.16345,1.1633,1.16335,315
2026-06-15 19:30,1781551800,1.1634,1.16365,1.16335,1.16355,1922
2026-06-15 19:35,1781552100,1.16355,1.16355,1.1634,1.1635,333
2026-06-15 19:40,1781552400,1.1635,1.16355,1.16345,1.1635,194
2026-06-15 19:45,1781552700,1.1635,1.16365,1.1635,1.1635,220
2026-06-15 19:50,1781553000,1.16345,1.16355,1.16335,1.16335,312
2026-06-15 19:55,1781553300,1.16335,1.16335,1.16265,1.16275,2138
2026-06-15 20:00,1781553600,1.16275,1.16295,1.1626,1.16295,1122
2026-06-15 20:05,1781553900,1.1629,1.16305,1.1629,1.16295,204
2026-06-15 20:10,1781554200,1.163,1.1631,1.16295,1.16305,68
2026-06-15 20:15,1781554500,1.1631,1.16315,1.163,1.163,167
2026-06-15 20:20,1781554800,1.163,1.163,1.16295,1.163,92
2026-06-15 20:25,1781555100,1.163,1.16315,1.16295,1.1631,140
2026-06-15 20:30,1781555400,1.16315,1.1632,1.163,1.16305,365
2026-06-15 20:35,1781555700,1.16305,1.1631,1.16295,1.16295,100
2026-06-15 20:40,1781556000,1.163,1.16315,1.163,1.1631,93
2026-06-15 20:45,1781556300,1.1631,1.16315,1.16305,1.16305,55
2026-06-15 20:50,1781556600,1.16305,1.1631,1.16295,1.1631,297
2026-06-15 20:55,1781556900,1.16305,1.1633,1.163,1.16315,252
2026-06-15 22:00,1781560800,1.16315,1.1633,1.16305,1.16325,0
2026-06-15 22:05,1781561100,1.1632,1.16325,1.16305,1.16305,167
2026-06-15 22:10,1781561400,1.16305,1.16305,1.16285,1.16285,114
2026-06-15 22:15,1781561700,1.1629,1.16295,1.1628,1.1628,92
2026-06-15 22:20,1781562000,1.16275,1.1628,1.16275,1.16275,17
2026-06-15 22:25,1781562300,1.1628,1.16285,1.16275,1.16285,69
2026-06-15 22:30,1781562600,1.1628,1.1629,1.1628,1.16285,26
2026-06-15 22:35,1781562900,1.16285,1.1629,1.1628,1.1629,34
2026-06-15 22:40,1781563200,1.1629,1.16295,1.1629,1.16295,21
2026-06-15 22:45,1781563500,1.16295,1.16295,1.1629,1.1629,23
2026-06-15 22:50,1781563800,1.1629,1.163,1.1629,1.163,90
2026-06-15 22:55,1781564100,1.16305,1.1631,1.16305,1.16305,65
2026-06-15 23:00,1781564400,1.1631,1.1631,1.163,1.163,10
2026-06-15 23:05,1781564700,1.1631,1.16325,1.1631,1.16325,77
2026-06-15 23:10,1781565000,1.16325,1.16325,1.1632,1.1632,69
2026-06-15 23:15,1781565300,1.16315,1.1632,1.16315,1.1632,26
2026-06-15 23:20,1781565600,1.16325,1.1633,1.16325,1.16325,27
2026-06-15 23:25,1781565900,1.1633,1.1634,1.1633,1.16335,49
2026-06-15 23:30,1781566200,1.1633,1.16335,1.1633,1.16335,19
2026-06-15 23:35,1781566500,1.16335,1.16335,1.16335,1.16335,2
2026-06-15 23:40,1781566800,1.16335,1.16345,1.16335,1.16345,46
2026-06-15 23:45,1781567100,1.16355,1.1636,1.16335,1.16335,104
2026-06-15 23:50,1781567400,1.16335,1.1634,1.1633,1.16335,50
2026-06-15 23:55,1781567700,1.1634,1.1634,1.16335,1.16335,60
2026-06-16 00:00,1781568000,1.1633,1.1634,1.1633,1.1634,93
2026-06-16 00:05,1781568300,1.16335,1.1634,1.16325,1.1633,42
2026-06-16 00:10,1781568600,1.1633,1.1633,1.1632,1.1632,171
2026-06-16 00:15,1781568900,1.16315,1.1632,1.1631,1.1632,86
2026-06-16 00:20,1781569200,1.1632,1.16325,1.1631,1.16315,32
2026-06-16 00:25,1781569500,1.1631,1.1631,1.163,1.16305,61
2026-06-16 00:30,1781569800,1.1631,1.1632,1.1631,1.1632,63
2026-06-16 00:35,1781570100,1.16315,1.16325,1.16315,1.16325,29
2026-06-16 00:40,1781570400,1.1632,1.1634,1.1632,1.16335,47
2026-06-16 00:45,1781570700,1.16335,1.16335,1.16325,1.16325,27
2026-06-16 00:50,1781571000,1.16325,1.16325,1.1631,1.16315,194
2026-06-16 00:55,1781571300,1.1632,1.1636,1.1632,1.1635,313
2026-06-16 01:00,1781571600,1.16345,1.1637,1.16345,1.16365,252
2026-06-16 01:05,1781571900,1.16365,1.16365,1.1634,1.1635,192
2026-06-16 01:10,1781572200,1.16345,1.16355,1.1633,1.1634,219
2026-06-16 01:15,1781572500,1.1634,1.1634,1.16325,1.1633,69
2026-06-16 01:20,1781572800,1.16335,1.16335,1.16315,1.16315,57
2026-06-16 01:25,1781573100,1.16315,1.1633,1.16315,1.1633,38
2026-06-16 01:30,1781573400,1.1633,1.1634,1.16325,1.16325,127
2026-06-16 01:35,1781573700,1.16325,1.16325,1.16305,1.1631,106
2026-06-16 01:40,1781574000,1.16305,1.1632,1.16295,1.16305,365
2026-06-16 01:45,1781574300,1.1631,1.1634,1.1631,1.16335,110
2026-06-16 01:50,1781574600,1.16335,1.16335,1.16325,1.16325,37
2026-06-16 01:55,1781574900,1.16325,1.16325,1.16285,1.163,110
2026-06-16 02:00,1781575200,1.163,1.163,1.16275,1.16275,107
2026-06-16 02:05,1781575500,1.1627,1.16285,1.1627,1.1628,118
2026-06-16 02:10,1781575800,1.16275,1.1628,1.1627,1.1627,115
2026-06-16 02:15,1781576100,1.1627,1.16275,1.1625,1.1625,213
2026-06-16 02:20,1781576400,1.16255,1.1627,1.16245,1.16265,107
2026-06-16 02:25,1781576700,1.16265,1.1628,1.16265,1.1628,59
2026-06-16 02:30,1781577000,1.16285,1.163,1.16285,1.163,87
2026-06-16 02:35,1781577300,1.16295,1.1631,1.16295,1.16305,54
2026-06-16 02:40,1781577600,1.16305,1.16305,1.163,1.16305,34
2026-06-16 02:45,1781577900,1.163,1.163,1.1628,1.16295,110
2026-06-16 02:50,1781578200,1.1629,1.16295,1.1628,1.1629,39
2026-06-16 02:55,1781578500,1.16285,1.163,1.1628,1.163,40
2026-06-16 03:00,1781578800,1.163,1.163,1.1627,1.16275,72
2026-06-16 03:05,1781579100,1.1628,1.1629,1.1628,1.1629,91
2026-06-16 03:10,1781579400,1.1629,1.16295,1.16285,1.16285,17
2026-06-16 03:15,1781579700,1.16285,1.1629,1.1626,1.1628,151
2026-06-16 03:20,1781580000,1.1628,1.1629,1.16265,1.1628,86
2026-06-16 03:25,1781580300,1.16285,1.1629,1.1627,1.1627,52
2026-06-16 03:30,1781580600,1.1628,1.16285,1.1628,1.16285,48
2026-06-16 03:35,1781580900,1.1629,1.16295,1.1629,1.1629,50
2026-06-16 03:40,1781581200,1.16285,1.1629,1.16285,1.16285,14
2026-06-16 03:45,1781581500,1.16285,1.163,1.16285,1.163,59
2026-06-16 03:50,1781581800,1.16305,1.16305,1.16295,1.16295,32
2026-06-16 03:55,1781582100,1.1629,1.1629,1.16275,1.16285,192
2026-06-16 04:05,1781582700,1.16245,1.16245,1.1624,1.16245,41
2026-06-16 04:10,1781583000,1.16245,1.16245,1.16205,1.16215,490
2026-06-16 04:15,1781583300,1.1622,1.1623,1.16205,1.16225,110
2026-06-16 04:20,1781583600,1.1623,1.1623,1.162,1.162,122
2026-06-16 04:25,1781583900,1.162,1.16205,1.1618,1.16205,362
2026-06-16 04:30,1781584200,1.16205,1.1622,1.16195,1.16195,140
2026-06-16 04:35,1781584500,1.16195,1.1621,1.16195,1.16205,88
2026-06-16 04:40,1781584800,1.1621,1.1621,1.16205,1.16205,28
2026-06-16 04:45,1781585100,1.1621,1.1621,1.16195,1.1621,101
2026-06-16 04:50,1781585400,1.16205,1.16205,1.16185,1.1619,221
2026-06-16 04:55,1781585700,1.1619,1.1621,1.1619,1.1621,235
2026-06-16 05:00,1781586000,1.1621,1.1623,1.1621,1.1622,202
2026-06-16 05:05,1781586300,1.1622,1.1622,1.16215,1.16215,53
2026-06-16 05:10,1781586600,1.16215,1.16215,1.16195,1.16195,188
2026-06-16 05:15,1781586900,1.16195,1.16205,1.16195,1.16195,83
2026-06-16 05:20,1781587200,1.16195,1.1621,1.1619,1.16205,60
2026-06-16 05:25,1781587500,1.16205,1.1621,1.16205,1.1621,50
2026-06-16 05:30,1781587800,1.1621,1.1622,1.16205,1.1621,84
2026-06-16 05:35,1781588100,1.1621,1.16225,1.16205,1.16205,131
2026-06-16 05:40,1781588400,1.1621,1.16215,1.1619,1.1619,52
2026-06-16 05:45,1781588700,1.16195,1.16195,1.1617,1.16175,138
2026-06-16 05:50,1781589000,1.1618,1.1619,1.16175,1.16175,60
2026-06-16 05:55,1781589300,1.16175,1.1618,1.1617,1.1617,88
2026-06-16 06:00,1781589600,1.16175,1.16195,1.1616,1.1619,374
2026-06-16 06:05,1781589900,1.1619,1.16195,1.1617,1.1617,144
2026-06-16 06:10,1781590200,1.1617,1.16195,1.16165,1.16185,369
2026-06-16 06:15,1781590500,1.1619,1.16195,1.16175,1.1618,340
2026-06-16 06:20,1781590800,1.1618,1.1618,1.1617,1.1617,116
2026-06-16 06:25,1781591100,1.1617,1.16205,1.1617,1.162,245
2026-06-16 06:30,1781591400,1.162,1.16265,1.16195,1.1626,848
2026-06-16 06:35,1781591700,1.16255,1.1627,1.1624,1.1627,620
2026-06-16 06:40,1781592000,1.16265,1.16275,1.16235,1.16235,209
2026-06-16 06:45,1781592300,1.16235,1.1626,1.1623,1.16255,92
2026-06-16 06:50,1781592600,1.16255,1.16275,1.1625,1.1626,329
2026-06-16 06:55,1781592900,1.1626,1.16295,1.1626,1.1629,407
2026-06-16 07:00,1781593200,1.16295,1.16305,1.1627,1.1629,562
2026-06-16 07:05,1781593500,1.1629,1.16325,1.16285,1.1631,427
2026-06-16 07:10,1781593800,1.16305,1.1631,1.1629,1.16305,281
2026-06-16 07:15,1781594100,1.163,1.1632,1.16295,1.16315,433
2026-06-16 07:20,1781594400,1.1631,1.1631,1.163,1.163,186
2026-06-16 07:25,1781594700,1.16295,1.1633,1.16295,1.1633,596
2026-06-16 07:30,1781595000,1.16325,1.16335,1.1631,1.1632,355
2026-06-16 07:35,1781595300,1.16325,1.16345,1.16325,1.16345,572
2026-06-16 07:40,1781595600,1.1635,1.16355,1.16345,1.16345,336
2026-06-16 07:45,1781595900,1.16345,1.1635,1.1634,1.1634,181
2026-06-16 07:50,1781596200,1.1634,1.1636,1.1634,1.1634,352
2026-06-16 07:55,1781596500,1.16345,1.16375,1.16345,1.16375,438
2026-06-16 08:00,1781596800,1.16375,1.16385,1.1635,1.1638,556
2026-06-16 08:05,1781597100,1.1638,1.164,1.16375,1.16375,531
2026-06-16 08:10,1781597400,1.1638,1.16415,1.1638,1.1641,414
2026-06-16 08:15,1781597700,1.1641,1.1642,1.16395,1.16405,464
2026-06-16 08:20,1781598000,1.1641,1.16415,1.16395,1.164,280
2026-06-16 08:25,1781598300,1.164,1.16435,1.164,1.16435,949
2026-06-16 08:30,1781598600,1.16435,1.1644,1.1642,1.16435,485
2026-06-16 08:35,1781598900,1.1643,1.16435,1.1641,1.16415,535
2026-06-16 08:40,1781599200,1.1642,1.1643,1.16415,1.16425,455
2026-06-16 08:45,1781599500,1.1643,1.16435,1.16415,1.16435,279
2026-06-16 08:50,1781599800,1.16435,1.16465,1.1643,1.16465,445
2026-06-16 08:55,1781600100,1.16465,1.16485,1.1646,1.1647,607
2026-06-16 09:00,1781600400,1.1648,1.1649,1.1646,1.16465,885
2026-06-16 09:05,1781600700,1.16465,1.1651,1.16455,1.16495,933
2026-06-16 09:10,1781601000,1.1649,1.16515,1.1648,1.1649,413
2026-06-16 09:15,1781601300,1.1649,1.16495,1.1646,1.1647,330
2026-06-16 09:20,1781601600,1.1647,1.16475,1.1645,1.16455,448
2026-06-16 09:25,1781601900,1.1645,1.1645,1.16425,1.16435,390
2026-06-16 09:30,1781602200,1.1644,1.16455,1.16435,1.16435,206
2026-06-16 09:35,1781602500,1.1644,1.1644,1.1642,1.16435,315
2026-06-16 09:40,1781602800,1.1644,1.16445,1.16425,1.16425,269
2026-06-16 09:45,1781603100,1.1643,1.16435,1.1642,1.1642,332
2026-06-16 09:50,1781603400,1.16425,1.16435,1.16425,1.1643,153
2026-06-16 09:55,1781603700,1.16435,1.1644,1.1643,1.1643,288
2026-06-16 10:00,1781604000,1.1643,1.1645,1.1643,1.1643,317
2026-06-16 10:05,1781604300,1.1643,1.16455,1.16425,1.16455,294
2026-06-16 10:10,1781604600,1.16455,1.165,1.16455,1.1649,880
2026-06-16 10:15,1781604900,1.1649,1.1652,1.1649,1.1651,417
2026-06-16 10:20,1781605200,1.1651,1.16545,1.1651,1.1653,1226
2026-06-16 10:25,1781605500,1.1653,1.16535,1.1651,1.1651,377
2026-06-16 10:30,1781605800,1.1651,1.1652,1.16495,1.16515,216
2026-06-16 10:35,1781606100,1.1651,1.16525,1.1651,1.16515,293
2026-06-16 10:40,1781606400,1.16515,1.1654,1.16515,1.1653,252
2026-06-16 10:45,1781606700,1.16535,1.1654,1.16515,1.1652,266
2026-06-16 10:50,1781607000,1.1652,1.1653,1.1652,1.16525,295
2026-06-16 10:55,1781607300,1.1652,1.16545,1.1651,1.16535,493
2026-06-16 11:00,1781607600,1.16535,1.1654,1.16505,1.16505,374
2026-06-16 11:05,1781607900,1.1651,1.16515,1.16495,1.165,233
2026-06-16 11:10,1781608200,1.165,1.16515,1.16495,1.1651,331
2026-06-16 11:15,1781608500,1.1651,1.1651,1.1648,1.1648,192
2026-06-16 11:20,1781608800,1.1648,1.16485,1.1646,1.16465,889
2026-06-16 11:25,1781609100,1.1646,1.1647,1.1645,1.16465,250
2026-06-16 11:30,1781609400,1.1646,1.16485,1.1646,1.16475,385
2026-06-16 11:35,1781609700,1.16475,1.1648,1.1645,1.1645,406
2026-06-16 11:40,1781610000,1.1645,1.1645,1.164,1.16415,1210
2026-06-16 11:45,1781610300,1.16415,1.1642,1.16405,1.16415,407
2026-06-16 11:50,1781610600,1.16415,1.16425,1.1639,1.16405,459
2026-06-16 11:55,1781610900,1.16395,1.16415,1.1639,1.1641,725
2026-06-16 12:00,1781611200,1.16405,1.1641,1.1638,1.1638,915
2026-06-16 12:05,1781611500,1.16385,1.16385,1.1636,1.16365,828
2026-06-16 12:10,1781611800,1.1636,1.16395,1.1636,1.16395,690
2026-06-16 12:15,1781612100,1.164,1.164,1.1636,1.1637,487
2026-06-16 12:20,1781612400,1.16375,1.16375,1.1633,1.1637,1193
2026-06-16 12:25,1781612700,1.16365,1.1638,1.16355,1.16365,454
2026-06-16 12:30,1781613000,1.16365,1.164,1.16365,1.16375,1047
2026-06-16 12:35,1781613300,1.16375,1.1641,1.1637,1.16405,450
2026-06-16 12:40,1781613600,1.16405,1.16435,1.164,1.1643,868
2026-06-16 12:45,1781613900,1.1643,1.16435,1.16385,1.1639,1681
2026-06-16 12:50,1781614200,1.16385,1.1643,1.1638,1.1639,885
2026-06-16 12:55,1781614500,1.1639,1.1642,1.1639,1.16415,522
2026-06-16 13:00,1781614800,1.1641,1.1645,1.1641,1.16425,2133
2026-06-16 13:05,1781615100,1.1642,1.1644,1.16415,1.16435,645
2026-06-16 13:10,1781615400,1.1643,1.16435,1.1641,1.1642,537
2026-06-16 13:15,1781615700,1.1642,1.16425,1.164,1.1642,866
2026-06-16 13:20,1781616000,1.16415,1.16415,1.1637,1.1639,577
2026-06-16 13:25,1781616300,1.1639,1.16405,1.16375,1.16395,783
2026-06-16 13:30,1781616600,1.16395,1.1646,1.1639,1.16445,1309
2026-06-16 13:35,1781616900,1.1644,1.1644,1.16425,1.16425,759
2026-06-16 13:40,1781617200,1.16425,1.16435,1.1641,1.1641,777
2026-06-16 13:45,1781617500,1.16415,1.16415,1.16375,1.16385,812
2026-06-16 13:50,1781617800,1.1638,1.16385,1.16355,1.1636,1084
2026-06-16 13:55,1781618100,1.1636,1.16365,1.1633,1.16345,777
2026-06-16 14:00,1781618400,1.1635,1.16385,1.1634,1.16345,1764
2026-06-16 14:05,1781618700,1.1634,1.1634,1.163,1.16335,1197
2026-06-16 14:10,1781619000,1.1634,1.16385,1.1634,1.1637,857
2026-06-16 14:15,1781619300,1.16365,1.16365,1.16345,1.1635,912
2026-06-16 14:20,1781619600,1.16355,1.1639,1.16355,1.16375,1239
2026-06-16 14:25,1781619900,1.1637,1.16385,1.1633,1.1633,911
2026-06-16 14:30,1781620200,1.1633,1.16335,1.163,1.16315,1060
2026-06-16 14:35,1781620500,1.16315,1.16355,1.16315,1.16355,679
2026-06-16 14:40,1781620800,1.16355,1.16385,1.1635,1.16385,994
2026-06-16 14:45,1781621100,1.1638,1.1642,1.16375,1.16405,1193
2026-06-16 14:50,1781621400,1.16405,1.1644,1.16405,1.16435,1669
2026-06-16 14:55,1781621700,1.16435,1.16505,1.16435,1.16485,3278
2026-06-16 15:00,1781622000,1.16485,1.165,1.1646,1.16465,1884
2026-06-16 15:05,1781622300,1.16465,1.1648,1.16445,1.1645,936
2026-06-16 15:10,1781622600,1.1645,1.1645,1.1642,1.1644,696
2026-06-16 15:15,1781622900,1.16435,1.16455,1.16435,1.16445,381
2026-06-16 15:20,1781623200,1.16445,1.1646,1.1644,1.1645,441
2026-06-16 15:25,1781623500,1.16455,1.1647,1.1644,1.1644,681
2026-06-16 15:30,1781623800,1.1644,1.16485,1.16435,1.1648,569
2026-06-16 15:35,1781624100,1.1649,1.16505,1.16485,1.1649,793
2026-06-16 15:40,1781624400,1.1649,1.1649,1.1646,1.1649,518
2026-06-16 15:45,1781624700,1.16475,1.16475,1.16455,1.16475,623
2026-06-16 15:50,1781625000,1.1648,1.16585,1.1648,1.1656,1993
2026-06-16 15:55,1781625300,1.16565,1.16605,1.16555,1.1656,1396
2026-06-16 16:00,1781625600,1.1656,1.16575,1.1655,1.1655,808
2026-06-16 16:05,1781625900,1.1655,1.16595,1.1655,1.1658,862
2026-06-16 16:10,1781626200,1.16585,1.166,1.16575,1.1659,560
2026-06-16 16:15,1781626500,1.16595,1.16615,1.16585,1.16615,506
2026-06-16 16:20,1781626800,1.16615,1.16615,1.16585,1.16585,858
2026-06-16 16:25,1781627100,1.1658,1.16605,1.16575,1.1659,326
2026-06-16 16:30,1781627400,1.1659,1.16595,1.16575,1.16575,403
2026-06-16 16:35,1781627700,1.1658,1.16585,1.1657,1.16575,342
2026-06-16 16:40,1781628000,1.16575,1.16575,1.1656,1.1656,243
2026-06-16 16:45,1781628300,1.1656,1.1657,1.16545,1.1655,267
2026-06-16 16:50,1781628600,1.16545,1.1656,1.1654,1.16555,391
2026-06-16 16:55,1781628900,1.16555,1.16565,1.1655,1.16555,259
2026-06-16 17:00,1781629200,1.16555,1.1656,1.1654,1.1654,276
2026-06-16 17:05,1781629500,1.1654,1.16545,1.16535,1.16545,715
2026-06-16 17:10,1781629800,1.16545,1.16555,1.1654,1.1654,223
2026-06-16 17:15,1781630100,1.16545,1.1655,1.1654,1.16545,380
2026-06-16 17:20,1781630400,1.16545,1.16545,1.16525,1.1654,198
2026-06-16 17:25,1781630700,1.1654,1.1655,1.16535,1.1654,239
2026-06-16 17:30,1781631000,1.1654,1.16545,1.1653,1.16535,170
2026-06-16 17:35,1781631300,1.1654,1.16545,1.16525,1.1653,148
2026-06-16 17:40,1781631600,1.16535,1.16555,1.1653,1.16545,196
2026-06-16 17:45,1781631900,1.16545,1.1655,1.16535,1.1654,198
2026-06-16 17:50,1781632200,1.1654,1.16545,1.16535,1.1654,162
2026-06-16 17:55,1781632500,1.16535,1.1654,1.16525,1.16535,296
2026-06-16 18:00,1781632800,1.16535,1.16565,1.16535,1.1655,588
2026-06-16 18:05,1781633100,1.16545,1.16545,1.1653,1.1653,277
2026-06-16 18:10,1781633400,1.16535,1.1654,1.1653,1.16535,110
2026-06-16 18:15,1781633700,1.1653,1.16535,1.1652,1.1653,318
2026-06-16 18:20,1781634000,1.1653,1.16535,1.16525,1.1653,142
2026-06-16 18:25,1781634300,1.16525,1.1654,1.1652,1.16525,545
2026-06-16 18:30,1781634600,1.16525,1.1653,1.1651,1.1651,389
2026-06-16 18:35,1781634900,1.1651,1.16515,1.1649,1.1649,393
2026-06-16 18:40,1781635200,1.1649,1.165,1.16485,1.16495,390
2026-06-16 18:45,1781635500,1.16495,1.165,1.16485,1.1649,185
2026-06-16 18:50,1781635800,1.16485,1.165,1.16485,1.165,109
2026-06-16 18:55,1781636100,1.16505,1.1653,1.16505,1.1652,1589
2026-06-16 19:00,1781636400,1.1652,1.16555,1.1652,1.16555,1108
2026-06-16 19:05,1781636700,1.16555,1.16555,1.16535,1.1654,290
2026-06-16 19:10,1781637000,1.1654,1.1654,1.1653,1.1653,256
2026-06-16 19:15,1781637300,1.1653,1.16545,1.16525,1.1653,354
2026-06-16 19:20,1781637600,1.1653,1.1654,1.16525,1.16535,313
2026-06-16 19:25,1781637900,1.1653,1.1654,1.1653,1.16535,165
2026-06-16 19:30,1781638200,1.16535,1.16535,1.1652,1.16525,263
2026-06-16 19:35,1781638500,1.1652,1.16525,1.165,1.16505,801
2026-06-16 19:40,1781638800,1.16505,1.16515,1.16495,1.165,641
2026-06-16 19:45,1781639100,1.165,1.1651,1.165,1.16505,188
2026-06-16 19:50,1781639400,1.1651,1.16515,1.1649,1.16495,436
2026-06-16 19:55,1781639700,1.16495,1.16505,1.1648,1.16505,1011
2026-06-16 20:00,1781640000,1.16505,1.1651,1.16485,1.16495,369
2026-06-16 20:05,1781640300,1.16495,1.16505,1.16495,1.16495,133
2026-06-16 20:10,1781640600,1.16495,1.16495,1.16495,1.16495,34
2026-06-16 20:15,1781640900,1.16495,1.16515,1.16495,1.1651,53
2026-06-16 20:20,1781641200,1.16515,1.16515,1.1651,1.1651,19
2026-06-16 20:25,1781641500,1.1651,1.16515,1.16505,1.16515,34
2026-06-16 20:30,1781641800,1.1651,1.1651,1.1649,1.16495,302
2026-06-16 20:35,1781642100,1.16495,1.16505,1.1649,1.16505,54
2026-06-16 20:40,1781642400,1.16505,1.16505,1.1649,1.1649,177
2026-06-16 20:45,1781642700,1.1649,1.16495,1.16485,1.16495,117
2026-06-16 20:50,1781643000,1.16495,1.1651,1.16495,1.16505,80
2026-06-16 20:55,1781643300,1.1651,1.1651,1.165,1.165,81
2026-06-16 22:00,1781647200,1.1651,1.1652,1.1649,1.1651,0
2026-06-16 22:05,1781647500,1.16515,1.1652,1.16505,1.1652,98
2026-06-16 22:10,1781647800,1.1652,1.1652,1.1651,1.1651,32
2026-06-16 22:15,1781648100,1.16515,1.16515,1.16505,1.16505,21
2026-06-16 22:20,1781648400,1.16515,1.1652,1.1651,1.1651,20
2026-06-16 22:25,1781648700,1.1652,1.1652,1.1651,1.1652,6
2026-06-16 22:30,1781649000,1.1652,1.16525,1.16515,1.16525,54
2026-06-16 22:35,1781649300,1.16525,1.16525,1.16515,1.16515,37
2026-06-16 22:40,1781649600,1.16525,1.1653,1.1652,1.16525,110
2026-06-16 22:45,1781649900,1.1653,1.16535,1.16525,1.16535,103
2026-06-16 22:50,1781650200,1.16535,1.16535,1.1653,1.16535,21
2026-06-16 22:55,1781650500,1.1653,1.1653,1.1653,1.1653,6
2026-06-16 23:00,1781650800,1.16525,1.16535,1.16525,1.16535,11
2026-06-16 23:05,1781651100,1.1653,1.16545,1.1653,1.16545,77
2026-06-16 23:10,1781651400,1.16545,1.16545,1.16535,1.1654,23
2026-06-16 23:15,1781651700,1.1654,1.16545,1.1654,1.16545,37
2026-06-16 23:20,1781652000,1.1654,1.1654,1.16535,1.1654,18
2026-06-16 23:25,1781652300,1.1654,1.16555,1.1654,1.1655,20
2026-06-16 23:30,1781652600,1.1655,1.16555,1.1653,1.16535,62
2026-06-16 23:35,1781652900,1.1654,1.1654,1.16525,1.1653,87
2026-06-16 23:40,1781653200,1.1653,1.1654,1.1653,1.1654,33
2026-06-16 23:45,1781653500,1.1654,1.1654,1.16525,1.16525,62
2026-06-16 23:50,1781653800,1.16525,1.16525,1.16515,1.16515,58
2026-06-16 23:55,1781654100,1.16515,1.16515,1.16495,1.165,247
2026-06-17 00:00,1781654400,1.16505,1.16515,1.1649,1.16515,114
2026-06-17 00:05,1781654700,1.16515,1.1654,1.16515,1.16535,103
2026-06-17 00:10,1781655000,1.16535,1.16545,1.1653,1.1654,47
2026-06-17 00:15,1781655300,1.1654,1.1655,1.1654,1.16545,135
2026-06-17 00:20,1781655600,1.16555,1.16555,1.16545,1.16545,63
2026-06-17 00:25,1781655900,1.1655,1.1657,1.1655,1.16555,1281
2026-06-17 00:30,1781656200,1.16555,1.16555,1.16545,1.1655,114
2026-06-17 00:35,1781656500,1.16555,1.1656,1.16555,1.16555,28
2026-06-17 00:40,1781656800,1.16555,1.1656,1.16555,1.16555,65
2026-06-17 00:45,1781657100,1.16555,1.16555,1.1654,1.1654,158
2026-06-17 00:50,1781657400,1.16535,1.16545,1.16525,1.1653,180
2026-06-17 00:55,1781657700,1.16535,1.1655,1.16525,1.1655,218
2026-06-17 01:00,1781658000,1.1655,1.1655,1.1654,1.1655,217
2026-06-17 01:05,1781658300,1.16545,1.16565,1.16545,1.1655,298
2026-06-17 01:10,1781658600,1.1655,1.1656,1.16545,1.16545,33
2026-06-17 01:15,1781658900,1.1654,1.1654,1.16535,1.1654,30
2026-06-17 01:20,1781659200,1.16535,1.16545,1.16535,1.1654,35
2026-06-17 01:25,1781659500,1.1654,1.1654,1.16525,1.16525,36
2026-06-17 01:30,1781659800,1.1652,1.16525,1.16505,1.1652,43
2026-06-17 01:35,1781660100,1.1652,1.16525,1.1652,1.16525,26
2026-06-17 01:40,1781660400,1.1652,1.16535,1.1652,1.1653,42
2026-06-17 01:45,1781660700,1.16535,1.16545,1.1652,1.1652,53
2026-06-17 01:50,1781661000,1.1652,1.16525,1.1652,1.1652,20
2026-06-17 01:55,1781661300,1.1652,1.16525,1.1652,1.1652,27
2026-06-17 02:00,1781661600,1.1652,1.1653,1.16515,1.16525,120
2026-06-17 02:05,1781661900,1.16525,1.1653,1.1652,1.1652,18
2026-06-17 02:10,1781662200,1.16525,1.16525,1.1652,1.16525,28
2026-06-17 02:15,1781662500,1.16525,1.16525,1.1652,1.16525,24
2026-06-17 02:20,1781662800,1.16525,1.1655,1.16525,1.1655,46
2026-06-17 02:25,1781663100,1.1655,1.1655,1.1654,1.1654,26
2026-06-17 02:30,1781663400,1.1654,1.1654,1.1653,1.1653,29
2026-06-17 02:35,1781663700,1.16525,1.1653,1.16525,1.1653,17
2026-06-17 02:40,1781664000,1.1653,1.1653,1.1653,1.1653,2
2026-06-17 02:45,1781664300,1.16525,1.16525,1.1652,1.1652,11
2026-06-17 02:50,1781664600,1.1652,1.16525,1.16505,1.16505,16
2026-06-17 02:55,1781664900,1.1651,1.16515,1.1649,1.1649,49
2026-06-17 03:00,1781665200,1.165,1.165,1.1649,1.1649,33
2026-06-17 03:05,1781665500,1.1649,1.16505,1.1649,1.16505,11
2026-06-17 03:10,1781665800,1.16505,1.1651,1.16505,1.1651,29
2026-06-17 03:15,1781666100,1.1651,1.1651,1.16495,1.16505,41
2026-06-17 03:20,1781666400,1.16505,1.1651,1.16505,1.1651,25
2026-06-17 03:25,1781666700,1.1651,1.1651,1.165,1.16505,23
2026-06-17 03:30,1781667000,1.1651,1.1652,1.1651,1.1651,15
2026-06-17 03:35,1781667300,1.1651,1.1651,1.16505,1.16505,37
2026-06-17 03:40,1781667600,1.1651,1.1652,1.1651,1.16515,39
2026-06-17 03:45,1781667900,1.1651,1.1651,1.1651,1.1651,20
2026-06-17 03:50,1781668200,1.1651,1.16515,1.1651,1.16515,18
2026-06-17 03:55,1781668500,1.1651,1.1651,1.16505,1.1651,37
2026-06-17 04:05,1781669100,1.16515,1.16515,1.16515,1.16515,86
2026-06-17 04:10,1781669400,1.1652,1.1653,1.1652,1.16525,47
2026-06-17 04:15,1781669700,1.1653,1.16535,1.16525,1.16535,34
2026-06-17 04:20,1781670000,1.1653,1.1653,1.16525,1.16525,3
2026-06-17 04:25,1781670300,1.16525,1.16525,1.1652,1.1652,14
2026-06-17 04:30,1781670600,1.1652,1.1652,1.16515,1.16515,16
2026-06-17 04:35,1781670900,1.16515,1.16515,1.16505,1.16505,37
2026-06-17 04:40,1781671200,1.1651,1.1652,1.1651,1.16515,28
2026-06-17 04:45,1781671500,1.16515,1.16525,1.16515,1.1652,40
2026-06-17 04:50,1781671800,1.1652,1.1653,1.1652,1.16525,56
2026-06-17 04:55,1781672100,1.1653,1.1653,1.16515,1.1652,90
2026-06-17 05:00,1781672400,1.16525,1.16535,1.16525,1.16535,54
2026-06-17 05:05,1781672700,1.1654,1.1654,1.1653,1.1653,19
2026-06-17 05:10,1781673000,1.16525,1.16525,1.16515,1.1652,40
2026-06-17 05:15,1781673300,1.16525,1.1654,1.16525,1.1654,21
2026-06-17 05:20,1781673600,1.1654,1.16545,1.1654,1.1654,32
2026-06-17 05:25,1781673900,1.1653,1.1653,1.1652,1.1652,56
2026-06-17 05:30,1781674200,1.16525,1.1653,1.16515,1.1653,83
2026-06-17 05:35,1781674500,1.1653,1.1654,1.1653,1.1654,150
2026-06-17 05:40,1781674800,1.16535,1.16545,1.16535,1.16545,45
2026-06-17 05:45,1781675100,1.16545,1.1655,1.1654,1.16545,93
2026-06-17 05:50,1781675400,1.16545,1.16545,1.1653,1.16535,108
2026-06-17 05:55,1781675700,1.16535,1.16535,1.1651,1.1652,372
2026-06-17 06:00,1781676000,1.16525,1.16535,1.165,1.16525,1631
2026-06-17 06:05,1781676300,1.1653,1.16545,1.1653,1.16535,381
2026-06-17 06:10,1781676600,1.16535,1.16535,1.16495,1.16515,207
2026-06-17 06:15,1781676900,1.16515,1.16515,1.1649,1.165,135
2026-06-17 06:20,1781677200,1.165,1.165,1.16475,1.1648,236
2026-06-17 06:25,1781677500,1.16475,1.1649,1.1646,1.1646,183
2026-06-17 06:30,1781677800,1.16465,1.1647,1.16445,1.16455,309
2026-06-17 06:35,1781678100,1.1645,1.16465,1.1644,1.1646,361
2026-06-17 06:40,1781678400,1.16465,1.16475,1.16465,1.16475,285
2026-06-17 06:45,1781678700,1.16475,1.1648,1.16455,1.1648,229
2026-06-17 06:50,1781679000,1.1648,1.1649,1.16475,1.16475,205
2026-06-17 06:55,1781679300,1.16475,1.1648,1.16455,1.16475,251
2026-06-17 07:00,1781679600,1.1648,1.16505,1.1647,1.165,776
2026-06-17 07:05,1781679900,1.16495,1.1653,1.16485,1.16525,601
2026-06-17 07:10,1781680200,1.1652,1.1654,1.1652,1.1654,284
2026-06-17 07:15,1781680500,1.1654,1.16545,1.16525,1.1653,247
2026-06-17 07:20,1781680800,1.1653,1.1655,1.16505,1.16515,408
2026-06-17 07:25,1781681100,1.16515,1.16515,1.1647,1.16475,1112
2026-06-17 07:30,1781681400,1.1647,1.16475,1.1645,1.16455,432
2026-06-17 07:35,1781681700,1.1645,1.16475,1.1645,1.16475,355
2026-06-17 07:40,1781682000,1.16475,1.16485,1.1645,1.1646,229
2026-06-17 07:45,1781682300,1.1646,1.16465,1.1645,1.1646,347
2026-06-17 07:50,1781682600,1.16465,1.1649,1.1646,1.1648,241
2026-06-17 07:55,1781682900,1.1648,1.1649,1.1647,1.16485,238
2026-06-17 08:00,1781683200,1.1648,1.1648,1.1645,1.1646,264
2026-06-17 08:05,1781683500,1.16465,1.1647,1.16445,1.1646,498
2026-06-17 08:10,1781683800,1.1646,1.1646,1.1641,1.1645,743
2026-06-17 08:15,1781684100,1.16445,1.1645,1.164,1.16405,323
2026-06-17 08:20,1781684400,1.164,1.1641,1.1639,1.1639,299
2026-06-17 08:25,1781684700,1.1639,1.1643,1.16385,1.16425,344
2026-06-17 08:30,1781685000,1.16425,1.16435,1.16405,1.1643,544
2026-06-17 08:35,1781685300,1.1643,1.1643,1.16415,1.16415,218
2026-06-17 08:40,1781685600,1.1641,1.1643,1.1641,1.16415,228
2026-06-17 08:45,1781685900,1.16415,1.1642,1.164,1.16415,148
2026-06-17 08:50,1781686200,1.1641,1.16425,1.1641,1.16425,241
2026-06-17 08:55,1781686500,1.16425,1.16435,1.1642,1.16425,256
2026-06-17 09:00,1781686800,1.1642,1.1643,1.1641,1.1643,538
2026-06-17 09:05,1781687100,1.1643,1.16435,1.1642,1.16425,135
2026-06-17 09:10,1781687400,1.1642,1.16425,1.16415,1.1642,147
2026-06-17 09:15,1781687700,1.1642,1.16425,1.16415,1.16425,139
2026-06-17 09:20,1781688000,1.1642,1.16445,1.1642,1.16445,146
2026-06-17 09:25,1781688300,1.16445,1.16465,1.16445,1.16445,371
2026-06-17 09:30,1781688600,1.1645,1.1646,1.16425,1.16445,196
2026-06-17 09:35,1781688900,1.16445,1.1645,1.16425,1.16435,482
2026-06-17 09:40,1781689200,1.1643,1.1643,1.16415,1.16425,95
2026-06-17 09:45,1781689500,1.1642,1.1644,1.16415,1.1644,64
2026-06-17 09:50,1781689800,1.1643,1.1643,1.1642,1.1643,61
2026-06-17 09:55,1781690100,1.1643,1.16445,1.16415,1.1644,471
2026-06-17 10:00,1781690400,1.1644,1.16445,1.1642,1.16435,340
2026-06-17 10:05,1781690700,1.1644,1.16445,1.16435,1.1644,292
2026-06-17 10:10,1781691000,1.1644,1.16445,1.1643,1.16445,125
2026-06-17 10:15,1781691300,1.1644,1.1644,1.1641,1.1641,146
2026-06-17 10:20,1781691600,1.16405,1.16405,1.1637,1.16375,751
2026-06-17 10:25,1781691900,1.16375,1.16375,1.1636,1.16365,758
2026-06-17 10:30,1781692200,1.16365,1.16395,1.1636,1.16385,657
2026-06-17 10:35,1781692500,1.16385,1.16405,1.16385,1.164,310
2026-06-17 10:40,1781692800,1.16405,1.16405,1.16375,1.16385,122
2026-06-17 10:45,1781693100,1.1639,1.16405,1.1639,1.16395,136
2026-06-17 10:50,1781693400,1.164,1.16415,1.1636,1.16365,378
2026-06-17 10:55,1781693700,1.16365,1.16375,1.16365,1.16375,216
2026-06-17 11:00,1781694000,1.1637,1.16375,1.16365,1.1637,143
2026-06-17 11:05,1781694300,1.1637,1.1637,1.1634,1.1634,251
2026-06-17 11:10,1781694600,1.1634,1.16345,1.16315,1.16315,352
2026-06-17 11:15,1781694900,1.16315,1.1635,1.1631,1.1633,369
2026-06-17 11:20,1781695200,1.1633,1.1633,1.16305,1.1631,207
2026-06-17 11:25,1781695500,1.1631,1.16325,1.16295,1.163,379
2026-06-17 11:30,1781695800,1.163,1.163,1.1626,1.1627,670
2026-06-17 11:35,1781696100,1.16275,1.16295,1.1627,1.16285,429
2026-06-17 11:40,1781696400,1.16285,1.1629,1.1625,1.16265,399
2026-06-17 11:45,1781696700,1.1627,1.16295,1.1627,1.16285,436
2026-06-17 11:50,1781697000,1.1628,1.1631,1.16275,1.16305,335
2026-06-17 11:55,1781697300,1.16305,1.1632,1.16285,1.1632,1145
2026-06-17 12:00,1781697600,1.1632,1.1634,1.1631,1.1633,505
2026-06-17 12:05,1781697900,1.16325,1.1633,1.16305,1.1631,520
2026-06-17 12:10,1781698200,1.16315,1.1632,1.16305,1.1632,1203
2026-06-17 12:15,1781698500,1.16325,1.1635,1.1631,1.1634,662
2026-06-17 12:20,1781698800,1.1634,1.1638,1.16335,1.1637,888
2026-06-17 12:25,1781699100,1.1637,1.16385,1.1636,1.1636,1711
2026-06-17 12:30,1781699400,1.1636,1.1638,1.16325,1.16375,957
2026-06-17 12:35,1781699700,1.16375,1.16385,1.16365,1.1638,469
2026-06-17 12:40,1781700000,1.1638,1.16395,1.1637,1.1637,632
2026-06-17 12:45,1781700300,1.16375,1.164,1.16375,1.16395,682
2026-06-17 12:50,1781700600,1.16395,1.16425,1.16395,1.16425,763
2026-06-17 12:55,1781700900,1.1642,1.16425,1.16395,1.1642,456
2026-06-17 13:00,1781701200,1.1642,1.1642,1.1638,1.16385,420
2026-06-17 13:05,1781701500,1.16385,1.1641,1.16385,1.1641,2475
2026-06-17 13:10,1781701800,1.16405,1.1642,1.164,1.1641,469
2026-06-17 13:15,1781702100,1.1641,1.16415,1.164,1.16415,622
2026-06-17 13:20,1781702400,1.16415,1.1643,1.1641,1.1642,498
2026-06-17 13:25,1781702700,1.1642,1.1642,1.1638,1.16385,520
2026-06-17 13:30,1781703000,1.1639,1.1639,1.16365,1.1637,770
2026-06-17 13:35,1781703300,1.16375,1.16405,1.1636,1.1638,1131
2026-06-17 13:40,1781703600,1.1638,1.16385,1.1636,1.1638,925
2026-06-17 13:45,1781703900,1.16375,1.164,1.1637,1.164,671
2026-06-17 13:50,1781704200,1.16395,1.1642,1.1636,1.16365,1161
2026-06-17 13:55,1781704500,1.16365,1.1639,1.16365,1.16375,1021
2026-06-17 14:00,1781704800,1.1637,1.1639,1.16335,1.16345,1565
2026-06-17 14:05,1781705100,1.16345,1.1637,1.16335,1.16335,857
2026-06-17 14:10,1781705400,1.16335,1.16345,1.16325,1.1633,1141
2026-06-17 14:15,1781705700,1.16325,1.16345,1.1632,1.1633,1389
2026-06-17 14:20,1781706000,1.1633,1.16335,1.16305,1.1632,559
2026-06-17 14:25,1781706300,1.1632,1.16335,1.1631,1.16325,646
2026-06-17 14:30,1781706600,1.16325,1.1636,1.16325,1.16345,1081
2026-06-17 14:35,1781706900,1.16345,1.1635,1.1631,1.1633,481
2026-06-17 14:40,1781707200,1.16335,1.16345,1.16315,1.1633,1220
2026-06-17 14:45,1781707500,1.16325,1.16335,1.1621,1.1629,5095
2026-06-17 14:50,1781707800,1.16295,1.16335,1.16285,1.1629,1137
2026-06-17 14:55,1781708100,1.16295,1.1632,1.16285,1.163,1791
2026-06-17 15:00,1781708400,1.16295,1.16325,1.1627,1.16315,2311
2026-06-17 15:05,1781708700,1.16315,1.16325,1.16295,1.16295,1062
2026-06-17 15:10,1781709000,1.16295,1.16305,1.1629,1.163,441
2026-06-17 15:15,1781709300,1.163,1.1634,1.16295,1.1634,1295
2026-06-17 15:20,1781709600,1.16335,1.1634,1.1631,1.16315,431
2026-06-17 15:25,1781709900,1.1631,1.16335,1.16305,1.16325,1168
2026-06-17 15:30,1781710200,1.16325,1.16335,1.1631,1.16335,1519
2026-06-17 15:35,1781710500,1.16335,1.1634,1.16315,1.16315,2310
2026-06-17 15:40,1781710800,1.1631,1.1634,1.16295,1.1633,1487
2026-06-17 15:45,1781711100,1.16335,1.1634,1.1632,1.1634,604
2026-06-17 15:50,1781711400,1.1634,1.1634,1.16315,1.1632,379
2026-06-17 15:55,1781711700,1.1632,1.16335,1.1632,1.16325,380
2026-06-17 16:00,1781712000,1.1633,1.16335,1.1631,1.16315,313
2026-06-17 16:05,1781712300,1.1631,1.16315,1.16295,1.1631,474
2026-06-17 16:10,1781712600,1.1631,1.16315,1.1629,1.1629,228
2026-06-17 16:15,1781712900,1.163,1.1631,1.163,1.1631,330
2026-06-17 16:20,1781713200,1.1631,1.1633,1.16305,1.1632,665
2026-06-17 16:25,1781713500,1.16325,1.16335,1.1631,1.1632,769
2026-06-17 16:30,1781713800,1.1632,1.1632,1.1629,1.16295,486
2026-06-17 16:35,1781714100,1.16295,1.16305,1.1629,1.16305,142
2026-06-17 16:40,1781714400,1.163,1.16305,1.16295,1.16305,138
2026-06-17 16:45,1781714700,1.16305,1.1631,1.16295,1.16305,151
2026-06-17 16:50,1781715000,1.16305,1.1632,1.16305,1.16305,184
2026-06-17 16:55,1781715300,1.16305,1.1633,1.16305,1.1632,203
2026-06-17 17:00,1781715600,1.16315,1.16315,1.16305,1.16315,284
2026-06-17 17:05,1781715900,1.16315,1.16315,1.1627,1.1631,1565
2026-06-17 17:10,1781716200,1.1631,1.16315,1.163,1.1631,122
2026-06-17 17:15,1781716500,1.1631,1.1632,1.163,1.16315,578
2026-06-17 17:20,1781716800,1.16315,1.16315,1.16305,1.1631,181
2026-06-17 17:25,1781717100,1.1631,1.16315,1.163,1.1631,216
2026-06-17 17:30,1781717400,1.16305,1.16325,1.16305,1.16315,369
2026-06-17 17:35,1781717700,1.1632,1.1633,1.16315,1.1632,578
2026-06-17 17:40,1781718000,1.16325,1.1634,1.16315,1.1633,554
2026-06-17 17:45,1781718300,1.16335,1.16345,1.16325,1.1634,550
2026-06-17 17:50,1781718600,1.1634,1.1636,1.1634,1.1635,430
2026-06-17 17:55,1781718900,1.16355,1.1637,1.1635,1.16355,599
2026-06-17 18:00,1781719200,1.1636,1.1636,1.1586,1.1594,13190
2026-06-17 18:05,1781719500,1.1595,1.15965,1.15845,1.1586,6217
2026-06-17 18:10,1781719800,1.15855,1.15875,1.15815,1.15845,3067
2026-06-17 18:15,1781720100,1.1585,1.1593,1.15845,1.15915,4227
2026-06-17 18:20,1781720400,1.15915,1.15965,1.15915,1.1595,3094
2026-06-17 18:25,1781720700,1.15945,1.15945,1.15865,1.1589,1594
2026-06-17 18:30,1781721000,1.1589,1.16055,1.1576,1.15765,9887
2026-06-17 18:35,1781721300,1.15765,1.15995,1.1576,1.1593,4567
2026-06-17 18:40,1781721600,1.1594,1.16075,1.1588,1.16035,6389
2026-06-17 18:45,1781721900,1.16035,1.16035,1.1595,1.1601,3342
2026-06-17 18:50,1781722200,1.16015,1.16035,1.15925,1.15925,2131
2026-06-17 18:55,1781722500,1.15925,1.15925,1.1577,1.1579,4258
2026-06-17 19:00,1781722800,1.1579,1.1582,1.1561,1.1561,6734
2026-06-17 19:05,1781723100,1.15615,1.15675,1.1556,1.15565,5486
2026-06-17 19:10,1781723400,1.15565,1.1559,1.1546,1.1557,10883
2026-06-17 19:15,1781723700,1.1557,1.1558,1.1546,1.1548,4763
2026-06-17 19:20,1781724000,1.1547,1.15485,1.1539,1.15395,4165
2026-06-17 19:25,1781724300,1.15395,1.15455,1.1536,1.15365,3566
2026-06-17 19:30,1781724600,1.1537,1.1538,1.15245,1.1525,6695
2026-06-17 19:35,1781724900,1.15255,1.15275,1.15185,1.15215,4860
2026-06-17 19:40,1781725200,1.1521,1.15285,1.1517,1.15245,3736
2026-06-17 19:45,1781725500,1.1525,1.15315,1.1525,1.15295,4607
2026-06-17 19:50,1781725800,1.15295,1.1533,1.1526,1.1533,2908
2026-06-17 19:55,1781726100,1.1533,1.1538,1.1533,1.1535,2985
2026-06-17 20:00,1781726400,1.15345,1.15375,1.15275,1.15285,1756
2026-06-17 20:05,1781726700,1.1529,1.1532,1.1529,1.15305,574
2026-06-17 20:10,1781727000,1.15305,1.1533,1.15305,1.15315,255
2026-06-17 20:15,1781727300,1.1531,1.1539,1.15295,1.1538,536
2026-06-17 20:20,1781727600,1.1538,1.1539,1.1536,1.1537,565
2026-06-17 20:25,1781727900,1.15375,1.154,1.15365,1.15395,369
2026-06-17 20:30,1781728200,1.15405,1.15425,1.15395,1.1542,368
2026-06-17 20:35,1781728500,1.1542,1.15455,1.1541,1.15445,371
2026-06-17 20:40,1781728800,1.1544,1.1546,1.15425,1.15425,1583
2026-06-17 20:45,1781729100,1.15425,1.1544,1.1541,1.15415,200
2026-06-17 20:50,1781729400,1.15415,1.15435,1.1541,1.15415,241
2026-06-17 20:55,1781729700,1.1542,1.1543,1.1541,1.15415,364
2026-06-17 22:00,1781733600,1.1543,1.1546,1.154,1.1541,0
2026-06-17 22:05,1781733900,1.15415,1.1545,1.15415,1.1545,191
2026-06-17 22:10,1781734200,1.1544,1.15455,1.15435,1.15435,432
2026-06-17 22:15,1781734500,1.15435,1.15435,1.1543,1.1543,41
2026-06-17 22:20,1781734800,1.15435,1.15445,1.15415,1.1542,133
2026-06-17 22:25,1781735100,1.1542,1.1543,1.15415,1.1543,120
2026-06-17 22:30,1781735400,1.15425,1.1544,1.1542,1.15435,184
2026-06-17 22:35,1781735700,1.15435,1.15455,1.1543,1.1545,259
2026-06-17 22:40,1781736000,1.1545,1.15455,1.1544,1.1544,104
2026-06-17 22:45,1781736300,1.15445,1.15455,1.15435,1.15435,231
2026-06-17 22:50,1781736600,1.15445,1.1546,1.15445,1.1546,160
2026-06-17 22:55,1781736900,1.1546,1.1546,1.1545,1.1545,82
2026-06-17 23:00,1781737200,1.1545,1.1546,1.15445,1.1546,73
2026-06-17 23:05,1781737500,1.1546,1.1547,1.1546,1.1547,120
2026-06-17 23:10,1781737800,1.15465,1.15485,1.15465,1.1548,192
2026-06-17 23:15,1781738100,1.1548,1.1548,1.1547,1.15475,202
2026-06-17 23:20,1781738400,1.15475,1.1549,1.15475,1.1548,269
2026-06-17 23:25,1781738700,1.1548,1.15485,1.15465,1.15465,205
2026-06-17 23:30,1781739000,1.15465,1.15475,1.1546,1.1547,149
2026-06-17 23:35,1781739300,1.1547,1.1547,1.15455,1.15455,236
2026-06-17 23:40,1781739600,1.15455,1.15475,1.1544,1.1547,196
2026-06-17 23:45,1781739900,1.15475,1.1548,1.1546,1.1547,113
2026-06-17 23:50,1781740200,1.1547,1.1548,1.15465,1.15475,99
2026-06-17 23:55,1781740500,1.15475,1.1548,1.1546,1.1547,200
2026-06-18 00:00,1781740800,1.15475,1.1557,1.1547,1.1557,2137
2026-06-18 00:05,1781741100,1.1557,1.1561,1.1555,1.1555,1259
2026-06-18 00:10,1781741400,1.1555,1.1555,1.1552,1.15525,418
2026-06-18 00:15,1781741700,1.15525,1.15545,1.15525,1.15525,361
2026-06-18 00:20,1781742000,1.15525,1.1553,1.15505,1.1552,200
2026-06-18 00:25,1781742300,1.15515,1.15525,1.155,1.15515,150
2026-06-18 00:30,1781742600,1.1551,1.1554,1.1551,1.15525,185
2026-06-18 00:35,1781742900,1.1552,1.15525,1.15505,1.15515,171
2026-06-18 00:40,1781743200,1.15515,1.1552,1.15505,1.1552,168
2026-06-18 00:45,1781743500,1.15515,1.15515,1.155,1.15505,175
2026-06-18 00:50,1781743800,1.15505,1.15555,1.155,1.1554,1071
2026-06-18 00:55,1781744100,1.1554,1.1557,1.1553,1.15565,1080
2026-06-18 01:00,1781744400,1.1556,1.1559,1.15555,1.15575,833
2026-06-18 01:05,1781744700,1.1558,1.15605,1.15575,1.1559,254
2026-06-18 01:10,1781745000,1.15585,1.15605,1.1558,1.15605,182
2026-06-18 01:15,1781745300,1.156,1.15605,1.1559,1.15595,188
2026-06-18 01:20,1781745600,1.156,1.1562,1.15595,1.15615,204
2026-06-18 01:25,1781745900,1.15615,1.15625,1.1561,1.15615,167
2026-06-18 01:30,1781746200,1.1562,1.1563,1.156,1.15615,409
2026-06-18 01:35,1781746500,1.15615,1.1562,1.15605,1.15615,77
2026-06-18 01:40,1781746800,1.1562,1.15625,1.1561,1.1562,112
2026-06-18 01:45,1781747100,1.1562,1.1562,1.1558,1.1559,344
2026-06-18 01:50,1781747400,1.1559,1.156,1.1558,1.15595,132
2026-06-18 01:55,1781747700,1.156,1.156,1.15565,1.1557,188
2026-06-18 02:00,1781748000,1.1557,1.15585,1.15565,1.15585,168
2026-06-18 02:05,1781748300,1.15585,1.1559,1.15555,1.15555,511
2026-06-18 02:10,1781748600,1.1556,1.1556,1.15545,1.1555,249
2026-06-18 02:15,1781748900,1.1555,1.15555,1.15535,1.15545,431
2026-06-18 02:20,1781749200,1.1555,1.15555,1.15545,1.15555,49
2026-06-18 02:25,1781749500,1.1555,1.15565,1.1555,1.15565,134
2026-06-18 02:30,1781749800,1.1557,1.15575,1.1556,1.15575,60
2026-06-18 02:35,1781750100,1.1558,1.15585,1.1557,1.1558,210
2026-06-18 02:40,1781750400,1.15585,1.156,1.15585,1.156,112
2026-06-18 02:45,1781750700,1.156,1.15605,1.15595,1.156,95
2026-06-18 02:50,1781751000,1.156,1.1561,1.15585,1.15585,108
2026-06-18 02:55,1781751300,1.1559,1.1559,1.15585,1.15585,27
2026-06-18 03:00,1781751600,1.15585,1.1559,1.1558,1.1559,49
2026-06-18 03:05,1781751900,1.1559,1.15595,1.15585,1.15585,22
2026-06-18 03:10,1781752200,1.15595,1.15595,1.1559,1.15595,51
2026-06-18 03:15,1781752500,1.156,1.1561,1.15595,1.1561,81
2026-06-18 03:20,1781752800,1.15605,1.1562,1.15605,1.15615,94
2026-06-18 03:25,1781753100,1.1561,1.1564,1.1561,1.1563,225
2026-06-18 03:30,1781753400,1.1563,1.1565,1.15625,1.15625,200
2026-06-18 03:35,1781753700,1.15625,1.15625,1.15615,1.15625,70
2026-06-18 03:40,1781754000,1.15625,1.1563,1.15625,1.1563,38
2026-06-18 03:45,1781754300,1.1563,1.15635,1.15625,1.15635,70
2026-06-18 03:50,1781754600,1.15635,1.15635,1.1562,1.1563,170
2026-06-18 03:55,1781754900,1.15625,1.15645,1.15625,1.15635,85
2026-06-18 04:05,1781755500,1.15645,1.15645,1.15635,1.15645,462
2026-06-18 04:10,1781755800,1.15645,1.15645,1.1561,1.15615,189
2026-06-18 04:15,1781756100,1.15615,1.1564,1.15615,1.15625,142
2026-06-18 04:20,1781756400,1.15625,1.1564,1.1562,1.1562,225
2026-06-18 04:25,1781756700,1.1562,1.15635,1.1562,1.15635,310
2026-06-18 04:30,1781757000,1.1563,1.15635,1.15625,1.15635,267
2026-06-18 04:35,1781757300,1.15635,1.1565,1.1563,1.15645,293
2026-06-18 04:40,1781757600,1.1564,1.1566,1.1564,1.15645,273
2026-06-18 04:45,1781757900,1.1564,1.15655,1.1564,1.15645,256
2026-06-18 04:50,1781758200,1.1565,1.15655,1.15645,1.1565,171
2026-06-18 04:55,1781758500,1.1565,1.1565,1.1564,1.1564,83
2026-06-18 05:00,1781758800,1.1564,1.1564,1.15625,1.15635,117
2026-06-18 05:05,1781759100,1.15635,1.1565,1.15635,1.15645,65
2026-06-18 05:10,1781759400,1.1564,1.1564,1.15625,1.1563,69
2026-06-18 05:15,1781759700,1.15625,1.15625,1.1562,1.15625,105
2026-06-18 05:20,1781760000,1.1562,1.1562,1.156,1.156,306
2026-06-18 05:25,1781760300,1.156,1.156,1.1558,1.15585,104
2026-06-18 05:30,1781760600,1.15585,1.1559,1.1557,1.1558,364
2026-06-18 05:35,1781760900,1.1558,1.1558,1.15565,1.15565,174
2026-06-18 05:40,1781761200,1.15565,1.15585,1.1556,1.1558,131
2026-06-18 05:45,1781761500,1.15585,1.15585,1.1557,1.1557,70
2026-06-18 05:50,1781761800,1.1556,1.15565,1.15545,1.1555,122
2026-06-18 05:55,1781762100,1.1555,1.1555,1.15505,1.1551,363
2026-06-18 06:00,1781762400,1.15515,1.15575,1.15505,1.15575,1714
2026-06-18 06:05,1781762700,1.1557,1.1559,1.15545,1.15555,327
2026-06-18 06:10,1781763000,1.1555,1.1564,1.1555,1.1563,1065
2026-06-18 06:15,1781763300,1.15635,1.15645,1.15605,1.1561,630
2026-06-18 06:20,1781763600,1.1561,1.1566,1.15605,1.15645,837
2026-06-18 06:25,1781763900,1.1564,1.1568,1.1564,1.15675,1080
2026-06-18 06:30,1781764200,1.15675,1.1569,1.1565,1.1568,453
2026-06-18 06:35,1781764500,1.1568,1.15685,1.15605,1.1563,490
2026-06-18 06:40,1781764800,1.1563,1.1566,1.1561,1.1566,1276
2026-06-18 06:45,1781765100,1.1566,1.15665,1.1563,1.1563,657
2026-06-18 06:50,1781765400,1.1563,1.15635,1.15615,1.15625,601
2026-06-18 06:55,1781765700,1.15625,1.15625,1.15595,1.15605,863
2026-06-18 07:00,1781766000,1.156,1.15635,1.15565,1.15575,1342
2026-06-18 07:05,1781766300,1.15575,1.1558,1.1553,1.1556,884
2026-06-18 07:10,1781766600,1.1556,1.1556,1.1553,1.15535,575
2026-06-18 07:15,1781766900,1.1553,1.15545,1.15525,1.1553,431
2026-06-18 07:20,1781767200,1.1553,1.15555,1.1552,1.15525,509
2026-06-18 07:25,1781767500,1.1552,1.15525,1.15485,1.1551,526
2026-06-18 07:30,1781767800,1.1551,1.1551,1.1547,1.15485,783
2026-06-18 07:35,1781768100,1.1549,1.1551,1.15475,1.155,502
2026-06-18 07:40,1781768400,1.15505,1.1556,1.15505,1.15555,670
2026-06-18 07:45,1781768700,1.1556,1.15605,1.1556,1.1559,708
2026-06-18 07:50,1781769000,1.1559,1.1561,1.15545,1.1555,712
2026-06-18 07:55,1781769300,1.1555,1.1555,1.1553,1.15535,328
2026-06-18 08:00,1781769600,1.15535,1.1554,1.155,1.15505,862
2026-06-18 08:05,1781769900,1.1551,1.1552,1.1547,1.1551,843
2026-06-18 08:10,1781770200,1.1551,1.1551,1.15455,1.1546,653
2026-06-18 08:15,1781770500,1.1546,1.15475,1.15435,1.15465,1169
2026-06-18 08:20,1781770800,1.15465,1.1548,1.15435,1.1544,1341
2026-06-18 08:25,1781771100,1.1544,1.15455,1.15415,1.1543,804
2026-06-18 08:30,1781771400,1.1543,1.15435,1.1536,1.1537,1918
2026-06-18 08:35,1781771700,1.15365,1.1539,1.1534,1.15365,741
2026-06-18 08:40,1781772000,1.1536,1.1537,1.1533,1.1533,571
2026-06-18 08:45,1781772300,1.1533,1.1534,1.15295,1.15315,904
2026-06-18 08:50,1781772600,1.15315,1.15325,1.15275,1.15275,706
2026-06-18 08:55,1781772900,1.15275,1.15275,1.1523,1.15235,1528
2026-06-18 09:00,1781773200,1.15235,1.15265,1.152,1.15245,2942
2026-06-18 09:05,1781773500,1.1525,1.15255,1.1519,1.1519,751
2026-06-18 09:10,1781773800,1.1519,1.152,1.1515,1.15165,1495
2026-06-18 09:15,1781774100,1.1517,1.1522,1.15165,1.15215,862
2026-06-18 09:20,1781774400,1.15215,1.15225,1.15185,1.1519,870
2026-06-18 09:25,1781774700,1.1519,1.152,1.1516,1.15165,409
2026-06-18 09:30,1781775000,1.15165,1.15185,1.1515,1.15185,611
2026-06-18 09:35,1781775300,1.1518,1.1523,1.15175,1.15225,919
2026-06-18 09:40,1781775600,1.1523,1.1524,1.1521,1.1522,1747
2026-06-18 09:45,1781775900,1.1522,1.15235,1.1522,1.15235,453
2026-06-18 09:50,1781776200,1.1523,1.1523,1.15195,1.15195,521
2026-06-18 09:55,1781776500,1.15195,1.15195,1.15175,1.15175,456
2026-06-18 10:00,1781776800,1.15175,1.15175,1.1511,1.15125,1180
2026-06-18 10:05,1781777100,1.15115,1.1512,1.15025,1.1504,2003
2026-06-18 10:10,1781777400,1.1504,1.1512,1.15015,1.1511,2287
2026-06-18 10:15,1781777700,1.1511,1.1514,1.1508,1.1514,1681
2026-06-18 10:20,1781778000,1.15135,1.1515,1.1508,1.15085,734
2026-06-18 10:25,1781778300,1.1509,1.1512,1.15075,1.1512,645
2026-06-18 10:30,1781778600,1.15125,1.1513,1.15075,1.1508,736
2026-06-18 10:35,1781778900,1.15075,1.15085,1.1505,1.15065,810
2026-06-18 10:40,1781779200,1.15065,1.1507,1.1504,1.1504,506
2026-06-18 10:45,1781779500,1.15045,1.1506,1.1503,1.1504,577
2026-06-18 10:50,1781779800,1.15035,1.1506,1.15035,1.1504,685
2026-06-18 10:55,1781780100,1.1504,1.1505,1.15,1.1501,730
2026-06-18 11:00,1781780400,1.1502,1.15055,1.15005,1.1503,1134
2026-06-18 11:05,1781780700,1.1503,1.15075,1.15025,1.15035,926
2026-06-18 11:10,1781781000,1.1504,1.1504,1.1499,1.15005,2347
2026-06-18 11:15,1781781300,1.15005,1.1502,1.14955,1.1497,1252
2026-06-18 11:20,1781781600,1.1497,1.1503,1.14945,1.1503,1435
2026-06-18 11:25,1781781900,1.15035,1.1506,1.1501,1.1503,1240
2026-06-18 11:30,1781782200,1.1503,1.1506,1.1502,1.15055,662
2026-06-18 11:35,1781782500,1.15055,1.15055,1.1503,1.1503,722
2026-06-18 11:40,1781782800,1.1503,1.1503,1.1499,1.15,1016
2026-06-18 11:45,1781783100,1.15,1.15015,1.1499,1.15,367
2026-06-18 11:50,1781783400,1.15,1.15,1.14965,1.14975,615
2026-06-18 11:55,1781783700,1.1498,1.1499,1.1496,1.1498,1151
2026-06-18 12:00,1781784000,1.14975,1.1499,1.1494,1.14985,1215
2026-06-18 12:05,1781784300,1.1498,1.1502,1.14975,1.15015,1495
2026-06-18 12:10,1781784600,1.15015,1.15105,1.15015,1.151,1562
2026-06-18 12:15,1781784900,1.15095,1.1511,1.15055,1.1509,891
2026-06-18 12:20,1781785200,1.15085,1.1522,1.15085,1.1516,7441
2026-06-18 12:25,1781785500,1.15165,1.15205,1.15115,1.15115,2433
2026-06-18 12:30,1781785800,1.15115,1.15135,1.15095,1.151,1089
2026-06-18 12:35,1781786100,1.151,1.15115,1.1506,1.1506,659
2026-06-18 12:40,1781786400,1.1506,1.151,1.15045,1.1505,3183
2026-06-18 12:45,1781786700,1.15055,1.1509,1.1505,1.1509,941
2026-06-18 12:50,1781787000,1.1509,1.15125,1.15085,1.15095,2467
2026-06-18 12:55,1781787300,1.151,1.15125,1.1508,1.151,1740
2026-06-18 13:00,1781787600,1.151,1.15115,1.1506,1.1506,1719
2026-06-18 13:05,1781787900,1.15055,1.15085,1.15035,1.15065,1219
2026-06-18 13:10,1781788200,1.1507,1.1511,1.1507,1.1511,1635
2026-06-18 13:15,1781788500,1.15105,1.15125,1.1505,1.1508,1239
2026-06-18 13:20,1781788800,1.1508,1.1508,1.15035,1.15055,633
2026-06-18 13:25,1781789100,1.1506,1.15115,1.15055,1.15115,1210
2026-06-18 13:30,1781789400,1.15115,1.15185,1.15115,1.1518,1782
2026-06-18 13:35,1781789700,1.1518,1.15245,1.15175,1.1523,2264
2026-06-18 13:40,1781790000,1.1523,1.1523,1.1516,1.15165,1496
2026-06-18 13:45,1781790300,1.15165,1.15175,1.1513,1.15165,1531
2026-06-18 13:50,1781790600,1.1516,1.15165,1.1512,1.15125,1614
2026-06-18 13:55,1781790900,1.15125,1.15145,1.15115,1.15125,1540
2026-06-18 14:00,1781791200,1.15125,1.15145,1.15105,1.1513,1100
2026-06-18 14:05,1781791500,1.15125,1.1515,1.15115,1.15125,1348
2026-06-18 14:10,1781791800,1.15125,1.1513,1.1508,1.1513,1551
2026-06-18 14:15,1781792100,1.1512,1.15145,1.151,1.15145,845
2026-06-18 14:20,1781792400,1.15145,1.15175,1.15135,1.1517,851
2026-06-18 14:25,1781792700,1.15175,1.1518,1.1514,1.1515,800
2026-06-18 14:30,1781793000,1.15145,1.15155,1.15125,1.1515,1081
2026-06-18 14:35,1781793300,1.1515,1.15155,1.15105,1.1513,1320
2026-06-18 14:40,1781793600,1.1513,1.1513,1.15105,1.15115,988
2026-06-18 14:45,1781793900,1.1511,1.1517,1.1511,1.15165,912
2026-06-18 14:50,1781794200,1.15165,1.1522,1.1516,1.1522,1805
2026-06-18 14:55,1781794500,1.15215,1.1528,1.152,1.1527,4177
2026-06-18 15:00,1781794800,1.1527,1.1528,1.1521,1.15215,3513
2026-06-18 15:05,1781795100,1.15215,1.15225,1.15195,1.152,1307
2026-06-18 15:10,1781795400,1.15205,1.1523,1.15185,1.15185,1143
2026-06-18 15:15,1781795700,1.1519,1.15215,1.1518,1.152,795
2026-06-18 15:20,1781796000,1.152,1.15215,1.1518,1.1518,628
2026-06-18 15:25,1781796300,1.1518,1.1519,1.1516,1.1518,1904
2026-06-18 15:30,1781796600,1.1518,1.15185,1.15145,1.1517,1901
2026-06-18 15:35,1781796900,1.15165,1.15185,1.15125,1.15125,1355
2026-06-18 15:40,1781797200,1.1512,1.1516,1.15115,1.15145,1096
2026-06-18 15:45,1781797500,1.15145,1.15165,1.15135,1.1516,845
2026-06-18 15:50,1781797800,1.15165,1.1517,1.1512,1.1512,1078
2026-06-18 15:55,1781798100,1.1512,1.1513,1.15095,1.151,2472
2026-06-18 16:00,1781798400,1.151,1.15125,1.1506,1.15065,1055
2026-06-18 16:05,1781798700,1.15065,1.15095,1.1506,1.15095,1109
2026-06-18 16:10,1781799000,1.15095,1.15105,1.15075,1.15075,798
2026-06-18 16:15,1781799300,1.15075,1.1508,1.15045,1.15055,776
2026-06-18 16:20,1781799600,1.15055,1.15075,1.15035,1.15075,838
2026-06-18 16:25,1781799900,1.1508,1.1512,1.1508,1.15105,1014
2026-06-18 16:30,1781800200,1.1511,1.1511,1.15075,1.15085,464
2026-06-18 16:35,1781800500,1.15085,1.15095,1.15045,1.15085,1569
2026-06-18 16:40,1781800800,1.15085,1.15095,1.15065,1.15075,551
2026-06-18 16:45,1781801100,1.1507,1.1508,1.1505,1.1505,543
2026-06-18 16:50,1781801400,1.1505,1.1505,1.1502,1.1504,1050
2026-06-18 16:55,1781801700,1.15035,1.15065,1.15025,1.15055,360
2026-06-18 17:00,1781802000,1.15065,1.151,1.1504,1.151,527
2026-06-18 17:05,1781802300,1.15095,1.15105,1.15085,1.15095,282
2026-06-18 17:10,1781802600,1.151,1.1513,1.15095,1.1512,393
2026-06-18 17:15,1781802900,1.1512,1.15135,1.15105,1.15135,316
2026-06-18 17:20,1781803200,1.15135,1.1514,1.15125,1.1513,459
2026-06-18 17:25,1781803500,1.15135,1.15135,1.15125,1.1513,407
2026-06-18 17:30,1781803800,1.1512,1.1512,1.1509,1.15095,518
2026-06-18 17:35,1781804100,1.1509,1.1509,1.15065,1.1507,375
2026-06-18 17:40,1781804400,1.15065,1.15085,1.1506,1.1507,636
2026-06-18 17:45,1781804700,1.15065,1.15065,1.1505,1.1505,492
2026-06-18 17:50,1781805000,1.1505,1.1506,1.1505,1.1505,513
2026-06-18 17:55,1781805300,1.15045,1.1505,1.1503,1.1503,471
2026-06-18 18:00,1781805600,1.15035,1.15035,1.15005,1.15025,702
2026-06-18 18:05,1781805900,1.1503,1.15055,1.1503,1.1505,441
2026-06-18 18:10,1781806200,1.1506,1.1506,1.1504,1.15045,667
2026-06-18 18:15,1781806500,1.15045,1.15045,1.1503,1.15045,186
2026-06-18 18:20,1781806800,1.1504,1.1505,1.15035,1.15045,175
2026-06-18 18:25,1781807100,1.1505,1.15065,1.1503,1.15035,428
2026-06-18 18:30,1781807400,1.15035,1.15045,1.1503,1.1504,319
2026-06-18 18:35,1781807700,1.15045,1.1505,1.1504,1.15045,289
2026-06-18 18:40,1781808000,1.15045,1.1506,1.15045,1.1505,332
2026-06-18 18:45,1781808300,1.1505,1.15055,1.15005,1.1502,571
2026-06-18 18:50,1781808600,1.15015,1.1502,1.15005,1.15005,289
2026-06-18 18:55,1781808900,1.15005,1.15025,1.14995,1.15,4316
2026-06-18 19:00,1781809200,1.15,1.1501,1.1495,1.1495,1878
2026-06-18 19:05,1781809500,1.1495,1.14965,1.1495,1.14955,627
2026-06-18 19:10,1781809800,1.14955,1.1497,1.14935,1.14965,804
2026-06-18 19:15,1781810100,1.14965,1.14965,1.1492,1.14965,1822
2026-06-18 19:20,1781810400,1.14965,1.14965,1.1492,1.14925,1108
2026-06-18 19:25,1781810700,1.14925,1.14935,1.1492,1.1493,450
2026-06-18 19:30,1781811000,1.1493,1.14965,1.14925,1.1495,1396
2026-06-18 19:35,1781811300,1.1495,1.1496,1.1494,1.1496,268
2026-06-18 19:40,1781811600,1.1496,1.1501,1.1496,1.1499,1445
2026-06-18 19:45,1781811900,1.1499,1.1501,1.1499,1.15005,312
2026-06-18 19:50,1781812200,1.15005,1.15035,1.15,1.1503,421
2026-06-18 19:55,1781812500,1.1503,1.1503,1.1498,1.14985,1241
2026-06-18 20:00,1781812800,1.1499,1.15015,1.14965,1.15015,488
2026-06-18 20:05,1781813100,1.1502,1.1502,1.15005,1.15015,192
2026-06-18 20:10,1781813400,1.15015,1.15035,1.15015,1.1503,280
2026-06-18 20:15,1781813700,1.1503,1.15035,1.1503,1.15035,122
2026-06-18 20:20,1781814000,1.15035,1.15035,1.15015,1.15025,215
2026-06-18 20:25,1781814300,1.15015,1.1503,1.1501,1.1503,306
2026-06-18 20:30,1781814600,1.1503,1.1503,1.15015,1.1502,140
2026-06-18 20:35,1781814900,1.15025,1.1503,1.1501,1.1501,142
2026-06-18 20:40,1781815200,1.1501,1.15015,1.15,1.15,89
2026-06-18 20:45,1781815500,1.14995,1.14995,1.1498,1.1499,117
2026-06-18 20:50,1781815800,1.14985,1.14995,1.1498,1.14985,66
2026-06-18 20:55,1781816100,1.1498,1.14995,1.14975,1.1499,207
2026-06-18 22:00,1781820000,1.15,1.15005,1.14985,1.15,0
2026-06-18 22:05,1781820300,1.15005,1.1504,1.15,1.1502,3036
2026-06-18 22:10,1781820600,1.15015,1.15025,1.1501,1.15015,860
2026-06-18 22:15,1781820900,1.15015,1.1502,1.15,1.15,65
2026-06-18 22:20,1781821200,1.15,1.15,1.1499,1.14995,52
2026-06-18 22:25,1781821500,1.14995,1.1501,1.1499,1.15005,35
2026-06-18 22:30,1781821800,1.15,1.15005,1.15,1.15,30
2026-06-18 22:35,1781822100,1.15005,1.15005,1.15,1.15005,22
2026-06-18 22:40,1781822400,1.15005,1.1501,1.15,1.15005,27
2026-06-18 22:45,1781822700,1.15005,1.15015,1.15005,1.15015,102
2026-06-18 22:50,1781823000,1.15015,1.15025,1.1501,1.1502,58
2026-06-18 22:55,1781823300,1.15025,1.15035,1.1502,1.15035,227
2026-06-18 23:00,1781823600,1.15035,1.15035,1.1501,1.1501,101
2026-06-18 23:05,1781823900,1.1501,1.15015,1.15005,1.15015,29
2026-06-18 23:10,1781824200,1.1501,1.15025,1.1501,1.1502,47
2026-06-18 23:15,1781824500,1.15015,1.1502,1.15,1.15,30
2026-06-18 23:20,1781824800,1.15,1.1501,1.15,1.15,23
2026-06-18 23:25,1781825100,1.1501,1.1501,1.15,1.15005,68
2026-06-18 23:30,1781825400,1.15005,1.1501,1.15,1.15,58
2026-06-18 23:35,1781825700,1.15,1.1501,1.14995,1.15005,55
2026-06-18 23:40,1781826000,1.15005,1.1501,1.15,1.15,38
2026-06-18 23:45,1781826300,1.14995,1.15005,1.14995,1.15,232
2026-06-18 23:50,1781826600,1.15,1.15,1.14985,1.1499,45
2026-06-18 23:55,1781826900,1.1499,1.1499,1.1497,1.14985,107
2026-06-19 00:00,1781827200,1.14985,1.15035,1.14985,1.15035,572
2026-06-19 00:05,1781827500,1.15035,1.15045,1.15025,1.1503,384
2026-06-19 00:10,1781827800,1.15035,1.1504,1.1502,1.1502,54
2026-06-19 00:15,1781828100,1.15025,1.1504,1.15025,1.15025,96
2026-06-19 00:20,1781828400,1.15025,1.1503,1.1502,1.1503,36
2026-06-19 00:25,1781828700,1.1503,1.15035,1.15005,1.1501,55
2026-06-19 00:30,1781829000,1.1501,1.1502,1.1501,1.15015,33
2026-06-19 00:35,1781829300,1.1501,1.1506,1.1501,1.1502,300
2026-06-19 00:40,1781829600,1.1501,1.15025,1.15005,1.15025,51
2026-06-19 00:45,1781829900,1.15025,1.1504,1.1502,1.1503,172
2026-06-19 00:50,1781830200,1.1503,1.1505,1.1503,1.15035,231
2026-06-19 00:55,1781830500,1.15035,1.1504,1.1502,1.1502,90
2026-06-19 01:00,1781830800,1.15025,1.15035,1.1502,1.1503,87
2026-06-19 01:05,1781831100,1.1503,1.1503,1.15,1.15005,115
2026-06-19 01:10,1781831400,1.15005,1.15015,1.15,1.1501,282
2026-06-19 01:15,1781831700,1.1501,1.1502,1.15,1.15015,81
2026-06-19 01:20,1781832000,1.1501,1.1502,1.1499,1.14995,116
2026-06-19 01:25,1781832300,1.14995,1.15015,1.14995,1.15015,109
2026-06-19 01:30,1781832600,1.1501,1.15015,1.14995,1.15005,168
2026-06-19 01:35,1781832900,1.1501,1.1501,1.14985,1.14985,128
2026-06-19 01:40,1781833200,1.1499,1.14995,1.14975,1.1498,109
2026-06-19 01:45,1781833500,1.1498,1.14985,1.1497,1.1497,92
2026-06-19 01:50,1781833800,1.1497,1.14975,1.14955,1.14955,175
2026-06-19 01:55,1781834100,1.14955,1.1496,1.14925,1.14935,224
2026-06-19 02:00,1781834400,1.1493,1.14945,1.1493,1.1494,90
2026-06-19 02:05,1781834700,1.14935,1.1494,1.1492,1.1493,199
2026-06-19 02:10,1781835000,1.1493,1.14935,1.14925,1.1493,35
2026-06-19 02:15,1781835300,1.1493,1.1494,1.1492,1.1493,73
2026-06-19 02:20,1781835600,1.14935,1.14965,1.14935,1.1496,125
2026-06-19 02:25,1781835900,1.14965,1.14975,1.1495,1.14975,74
2026-06-19 02:30,1781836200,1.14975,1.1498,1.1497,1.14975,34
2026-06-19 02:35,1781836500,1.14975,1.14975,1.14965,1.1497,46
2026-06-19 02:40,1781836800,1.1497,1.14975,1.1497,1.14975,39
2026-06-19 02:45,1781837100,1.14965,1.14965,1.14955,1.1496,16
2026-06-19 02:50,1781837400,1.14955,1.14965,1.14945,1.14945,20
2026-06-19 02:55,1781837700,1.14945,1.1495,1.14945,1.1495,85
2026-06-19 03:00,1781838000,1.1495,1.1495,1.1493,1.14935,110
2026-06-19 03:05,1781838300,1.14935,1.14935,1.1493,1.1493,42
2026-06-19 03:10,1781838600,1.14935,1.14935,1.14895,1.1491,399
2026-06-19 03:15,1781838900,1.14905,1.14905,1.14835,1.1485,1494
2026-06-19 03:20,1781839200,1.1485,1.14875,1.1485,1.14865,238
2026-06-19 03:25,1781839500,1.1487,1.1487,1.1484,1.1484,208
2026-06-19 03:30,1781839800,1.14845,1.1486,1.1484,1.14855,296
2026-06-19 03:35,1781840100,1.1485,1.1487,1.1485,1.14855,160
2026-06-19 03:40,1781840400,1.14855,1.14865,1.14855,1.1486,79
2026-06-19 03:45,1781840700,1.1486,1.1486,1.14855,1.14855,97
2026-06-19 03:50,1781841000,1.1485,1.1486,1.14845,1.14845,114
2026-06-19 03:55,1781841300,1.14845,1.1485,1.1482,1.14825,157
2026-06-21 22:00,1782079200,1.1499,1.1509,1.1497,1.1504,538
2026-06-21 22:05,1782079500,1.1505,1.15075,1.1502,1.1503,324
2026-06-21 22:10,1782079800,1.1503,1.15035,1.15015,1.15035,359
2026-06-21 22:15,1782080100,1.1504,1.15055,1.1503,1.1505,110
2026-06-21 22:20,1782080400,1.15055,1.15065,1.1505,1.1505,93
2026-06-21 22:25,1782080700,1.15055,1.1509,1.1503,1.15035,80
2026-06-21 22:30,1782081000,1.15035,1.1504,1.15015,1.15015,169
2026-06-21 22:35,1782081300,1.15015,1.15025,1.1501,1.1502,57
2026-06-21 22:40,1782081600,1.15015,1.15025,1.15015,1.15015,40
2026-06-21 22:45,1782081900,1.15025,1.15025,1.15015,1.15025,30
2026-06-21 22:50,1782082200,1.15025,1.1509,1.1502,1.15025,55
2026-06-21 22:55,1782082500,1.1503,1.1503,1.1502,1.15025,28
2026-06-21 23:00,1782082800,1.15025,1.15045,1.15025,1.1504,382
2026-06-21 23:05,1782083100,1.1504,1.15065,1.15035,1.15055,174
2026-06-21 23:10,1782083400,1.1506,1.1506,1.15035,1.15045,147
2026-06-21 23:15,1782083700,1.15045,1.1509,1.15025,1.15025,147
2026-06-21 23:20,1782084000,1.1503,1.15045,1.1503,1.1504,77
2026-06-21 23:25,1782084300,1.1503,1.1503,1.15025,1.1503,9
2026-06-21 23:30,1782084600,1.1503,1.15035,1.1502,1.15035,135
2026-06-21 23:35,1782084900,1.1503,1.1509,1.15005,1.15005,134
2026-06-21 23:40,1782085200,1.15,1.1509,1.14985,1.1499,322
2026-06-21 23:45,1782085500,1.1499,1.1499,1.14985,1.14985,75
2026-06-21 23:50,1782085800,1.14985,1.1499,1.1498,1.14985,176
2026-06-21 23:55,1782086100,1.14985,1.1502,1.14985,1.1502,188
2026-06-22 00:00,1782086400,1.15025,1.1509,1.15025,1.1503,401
2026-06-22 00:05,1782086700,1.1503,1.1509,1.1503,1.15045,46
2026-06-22 00:10,1782087000,1.1505,1.1505,1.1503,1.1503,46
2026-06-22 00:15,1782087300,1.15035,1.15045,1.1503,1.1503,134
2026-06-22 00:20,1782087600,1.1503,1.1503,1.1501,1.15025,34
2026-06-22 00:25,1782087900,1.15025,1.1509,1.1502,1.1509,129
2026-06-22 00:30,1782088200,1.1503,1.1509,1.15,1.15,195
2026-06-22 00:35,1782088500,1.15005,1.15015,1.15,1.1501,164
2026-06-22 00:40,1782088800,1.1501,1.15015,1.1499,1.14995,98
2026-06-22 00:45,1782089100,1.14995,1.14995,1.1498,1.1498,85
2026-06-22 00:50,1782089400,1.1498,1.1509,1.14975,1.15,593
2026-06-22 00:55,1782089700,1.15,1.1509,1.15,1.15065,276
2026-06-22 01:00,1782090000,1.15065,1.15125,1.15065,1.15115,611
2026-06-22 01:05,1782090300,1.15125,1.15135,1.15115,1.1512,187
2026-06-22 01:10,1782090600,1.15115,1.15125,1.15105,1.15115,110
2026-06-22 01:15,1782090900,1.15115,1.15115,1.1507,1.1508,256
2026-06-22 01:20,1782091200,1.1507,1.1509,1.15065,1.15075,71
2026-06-22 01:25,1782091500,1.15075,1.1509,1.1507,1.1508,143
2026-06-22 01:30,1782091800,1.1508,1.1508,1.15045,1.1506,138
2026-06-22 01:35,1782092100,1.1505,1.15075,1.15045,1.15065,89
2026-06-22 01:40,1782092400,1.1506,1.1509,1.1505,1.15075,65
2026-06-22 01:45,1782092700,1.1508,1.1509,1.1507,1.1507,88
2026-06-22 01:50,1782093000,1.1507,1.1508,1.1506,1.1506,44
2026-06-22 01:55,1782093300,1.1506,1.1507,1.15045,1.15045,71
2026-06-22 02:00,1782093600,1.15035,1.1504,1.1502,1.15035,161
2026-06-22 02:05,1782093900,1.15035,1.1509,1.1503,1.1504,108
2026-06-22 02:10,1782094200,1.15045,1.1509,1.15025,1.15025,96
2026-06-22 02:15,1782094500,1.15015,1.15015,1.14995,1.1501,259
2026-06-22 02:20,1782094800,1.1501,1.1503,1.15005,1.15025,122
2026-06-22 02:25,1782095100,1.15025,1.1503,1.1502,1.15025,27
2026-06-22 02:30,1782095400,1.15035,1.1509,1.15035,1.1506,96
2026-06-22 02:35,1782095700,1.1506,1.1509,1.15045,1.15045,28
2026-06-22 02:40,1782096000,1.15045,1.15055,1.15045,1.15055,28
2026-06-22 02:45,1782096300,1.1505,1.15055,1.15045,1.1505,56
2026-06-22 02:50,1782096600,1.1505,1.15065,1.1505,1.15065,79
2026-06-22 02:55,1782096900,1.15065,1.1509,1.1506,1.1506,152
2026-06-22 03:00,1782097200,1.15055,1.1509,1.15045,1.1505,74
2026-06-22 03:05,1782097500,1.15045,1.15055,1.1504,1.1504,25
2026-06-22 03:10,1782097800,1.1503,1.1504,1.15025,1.1503,36
2026-06-22 03:15,1782098100,1.1503,1.1504,1.1503,1.1504,39
2026-06-22 03:20,1782098400,1.15045,1.1509,1.1504,1.1505,34
2026-06-22 03:25,1782098700,1.15045,1.1509,1.15025,1.1503,22
2026-06-22 03:30,1782099000,1.1503,1.15035,1.15005,1.15005,38
2026-06-22 03:35,1782099300,1.1501,1.1501,1.1499,1.14995,60
2026-06-22 03:40,1782099600,1.14995,1.14995,1.14985,1.14985,31
2026-06-22 03:45,1782099900,1.1499,1.1509,1.1499,1.1509,103
2026-06-22 03:50,1782100200,1.1501,1.15015,1.14995,1.14995,14
2026-06-22 03:55,1782100500,1.1499,1.1499,1.14945,1.14955,304
2026-06-22 04:00,1782100800,1.1496,1.14965,1.14935,1.1495,188
2026-06-22 04:05,1782101100,1.14945,1.14945,1.14925,1.1493,149
2026-06-22 04:10,1782101400,1.1494,1.14955,1.1493,1.1495,86
2026-06-22 04:15,1782101700,1.14945,1.1495,1.14935,1.14945,36
2026-06-22 04:20,1782102000,1.14945,1.14955,1.14945,1.1495,77
2026-06-22 04:25,1782102300,1.14955,1.1496,1.1495,1.14955,106
2026-06-22 04:30,1782102600,1.14955,1.14965,1.1495,1.14955,149
2026-06-22 04:35,1782102900,1.1496,1.14965,1.1495,1.14965,87
2026-06-22 04:40,1782103200,1.1496,1.14965,1.14945,1.14955,145
2026-06-22 04:45,1782103500,1.14955,1.1497,1.1493,1.1494,307
2026-06-22 04:50,1782103800,1.14935,1.1495,1.14935,1.14945,33
2026-06-22 04:55,1782104100,1.14945,1.14955,1.14935,1.14955,130
2026-06-22 05:00,1782104400,1.1496,1.14965,1.1495,1.14965,102
2026-06-22 05:05,1782104700,1.14965,1.14965,1.14955,1.14955,41
2026-06-22 05:10,1782105000,1.1496,1.1498,1.1496,1.14975,82
2026-06-22 05:15,1782105300,1.1497,1.1497,1.14965,1.1497,82
2026-06-22 05:20,1782105600,1.14975,1.1498,1.1497,1.1498,60
2026-06-22 05:25,1782105900,1.1498,1.1499,1.1498,1.1499,94
2026-06-22 05:30,1782106200,1.14995,1.15005,1.1499,1.15005,78
2026-06-22 05:35,1782106500,1.15005,1.1503,1.15005,1.15015,207
2026-06-22 05:40,1782106800,1.15015,1.15015,1.15,1.1501,149
2026-06-22 05:45,1782107100,1.15005,1.1501,1.14985,1.15,107
2026-06-22 05:50,1782107400,1.14995,1.15,1.14985,1.1499,152
2026-06-22 05:55,1782107700,1.1499,1.1499,1.14935,1.14945,242
2026-06-22 06:00,1782108000,1.1494,1.14965,1.1493,1.14945,1048
2026-06-22 06:05,1782108300,1.14945,1.14975,1.14935,1.1497,405
2026-06-22 06:10,1782108600,1.14965,1.1497,1.14935,1.1496,303
2026-06-22 06:15,1782108900,1.1496,1.14975,1.14955,1.14955,177
2026-06-22 06:20,1782109200,1.1495,1.14965,1.1494,1.1496,150
2026-06-22 06:25,1782109500,1.1496,1.15,1.1496,1.1498,459
2026-06-22 06:30,1782109800,1.1498,1.14985,1.1494,1.1496,469
2026-06-22 06:35,1782110100,1.14965,1.14975,1.1494,1.1494,78
2026-06-22 06:40,1782110400,1.14935,1.1495,1.14935,1.1494,230
2026-06-22 06:45,1782110700,1.14935,1.14945,1.14925,1.1494,253
2026-06-22 06:50,1782111000,1.1494,1.1498,1.1494,1.1498,315
2026-06-22 06:55,1782111300,1.1498,1.1503,1.1497,1.15,828
2026-06-22 07:00,1782111600,1.15,1.15025,1.14985,1.15,489
2026-06-22 07:05,1782111900,1.14995,1.1502,1.1499,1.1499,252
2026-06-22 07:10,1782112200,1.14995,1.1501,1.14985,1.14995,407
2026-06-22 07:15,1782112500,1.14995,1.1501,1.14985,1.1499,977
2026-06-22 07:20,1782112800,1.14995,1.14995,1.14935,1.1494,878
2026-06-22 07:25,1782113100,1.14935,1.1495,1.14915,1.14915,242
2026-06-22 07:30,1782113400,1.1492,1.1492,1.14875,1.1489,641
2026-06-22 07:35,1782113700,1.14885,1.149,1.14845,1.14855,750
2026-06-22 07:40,1782114000,1.1486,1.1487,1.14845,1.1486,322
2026-06-22 07:45,1782114300,1.14855,1.14865,1.14845,1.1485,486
2026-06-22 07:50,1782114600,1.14855,1.14885,1.14855,1.1487,1464
2026-06-22 07:55,1782114900,1.14875,1.14885,1.1485,1.1486,484
2026-06-22 08:00,1782115200,1.1486,1.14865,1.1484,1.14865,715
2026-06-22 08:05,1782115500,1.1486,1.14865,1.14815,1.14835,328
2026-06-22 08:10,1782115800,1.1483,1.14845,1.14815,1.1483,371
2026-06-22 08:15,1782116100,1.14825,1.14855,1.1482,1.1485,374
2026-06-22 08:20,1782116400,1.1485,1.14925,1.14845,1.14885,978
2026-06-22 08:25,1782116700,1.14885,1.14895,1.14875,1.14875,317
2026-06-22 08:30,1782117000,1.14875,1.1491,1.1487,1.14895,856
2026-06-22 08:35,1782117300,1.149,1.1493,1.14855,1.1486,1091
2026-06-22 08:40,1782117600,1.1486,1.14875,1.1484,1.1487,563
2026-06-22 08:45,1782117900,1.14875,1.14895,1.1486,1.14895,402
2026-06-22 08:50,1782118200,1.149,1.1491,1.1488,1.1489,353
2026-06-22 08:55,1782118500,1.14895,1.1491,1.1487,1.14905,475
2026-06-22 09:00,1782118800,1.1491,1.14985,1.149,1.1498,1215
2026-06-22 09:05,1782119100,1.1498,1.15025,1.14975,1.14975,922
2026-06-22 09:10,1782119400,1.1498,1.1499,1.1496,1.14975,296
2026-06-22 09:15,1782119700,1.14975,1.1499,1.14965,1.1499,236
2026-06-22 09:20,1782120000,1.14995,1.15,1.1497,1.1498,294
2026-06-22 09:25,1782120300,1.14985,1.14995,1.14955,1.1497,323
2026-06-22 09:30,1782120600,1.14975,1.1501,1.14955,1.14975,751
2026-06-22 09:35,1782120900,1.14975,1.1499,1.14955,1.14975,421
2026-06-22 09:40,1782121200,1.1497,1.14975,1.14955,1.14955,223
2026-06-22 09:45,1782121500,1.1496,1.15,1.14955,1.15,380
2026-06-22 09:50,1782121800,1.15,1.1502,1.15,1.15005,543
2026-06-22 09:55,1782122100,1.15005,1.15005,1.14975,1.1498,284
2026-06-22 10:00,1782122400,1.14975,1.14985,1.14965,1.1497,276
2026-06-22 10:05,1782122700,1.1497,1.15035,1.1496,1.15005,482
2026-06-22 10:10,1782123000,1.15005,1.1502,1.14995,1.15015,389
2026-06-22 10:15,1782123300,1.1501,1.1501,1.14985,1.14985,357
2026-06-22 10:20,1782123600,1.14985,1.1499,1.1497,1.14985,406
2026-06-22 10:25,1782123900,1.14985,1.1501,1.14985,1.14995,475
2026-06-22 10:30,1782124200,1.15,1.15,1.1497,1.14975,390
2026-06-22 10:35,1782124500,1.1498,1.14985,1.14945,1.14945,284
2026-06-22 10:40,1782124800,1.1495,1.1499,1.1495,1.1498,222
2026-06-22 10:45,1782125100,1.14985,1.1499,1.14965,1.1498,153
2026-06-22 10:50,1782125400,1.14985,1.14995,1.14975,1.1499,228
2026-06-22 10:55,1782125700,1.1499,1.14995,1.1495,1.1496,257
2026-06-22 11:00,1782126000,1.1496,1.1497,1.14935,1.14955,980
2026-06-22 11:05,1782126300,1.14955,1.15,1.1495,1.1495,1727
2026-06-22 11:10,1782126600,1.1495,1.1495,1.14925,1.1493,454
2026-06-22 11:15,1782126900,1.14925,1.1493,1.14905,1.1492,238
2026-06-22 11:20,1782127200,1.1492,1.1493,1.1491,1.14915,376
2026-06-22 11:25,1782127500,1.14915,1.1492,1.1489,1.1492,289
2026-06-22 11:30,1782127800,1.1492,1.1495,1.14915,1.1494,731
2026-06-22 11:35,1782128100,1.1494,1.14945,1.14925,1.14925,239
2026-06-22 11:40,1782128400,1.1493,1.14935,1.1492,1.14935,329
2026-06-22 11:45,1782128700,1.1493,1.1494,1.1492,1.1494,419
2026-06-22 11:50,1782129000,1.1494,1.1494,1.1489,1.149,887
2026-06-22 11:55,1782129300,1.149,1.149,1.1487,1.14885,1417
2026-06-22 12:00,1782129600,1.1489,1.14955,1.14875,1.1495,1380
2026-06-22 12:05,1782129900,1.1495,1.1497,1.14945,1.1496,581
2026-06-22 12:10,1782130200,1.1496,1.14985,1.1494,1.1497,741
2026-06-22 12:15,1782130500,1.14965,1.14975,1.1495,1.1497,308
2026-06-22 12:20,1782130800,1.14965,1.1502,1.1496,1.1502,861
2026-06-22 12:25,1782131100,1.15015,1.15015,1.1498,1.1499,532
2026-06-22 12:30,1782131400,1.14995,1.15005,1.1498,1.14995,807
2026-06-22 12:35,1782131700,1.15,1.1502,1.15,1.1501,698
2026-06-22 12:40,1782132000,1.15005,1.15015,1.14995,1.15005,536
2026-06-22 12:45,1782132300,1.15005,1.1501,1.1497,1.1499,716
2026-06-22 12:50,1782132600,1.14985,1.15,1.1497,1.1499,396
2026-06-22 12:55,1782132900,1.1499,1.1499,1.14945,1.1495,558
2026-06-22 13:00,1782133200,1.1495,1.1495,1.14745,1.14865,10324
2026-06-22 13:05,1782133500,1.14865,1.1487,1.14795,1.1481,2128
2026-06-22 13:10,1782133800,1.14805,1.14865,1.14805,1.14845,1974
2026-06-22 13:15,1782134100,1.1485,1.1485,1.1481,1.14835,790
2026-06-22 13:20,1782134400,1.14835,1.14835,1.14785,1.14785,725
2026-06-22 13:25,1782134700,1.14785,1.14795,1.14745,1.1476,1201
2026-06-22 13:30,1782135000,1.14765,1.14785,1.14755,1.14785,1082
2026-06-22 13:35,1782135300,1.1478,1.1483,1.1478,1.148,1112
2026-06-22 13:40,1782135600,1.148,1.148,1.1474,1.1475,993
2026-06-22 13:45,1782135900,1.1475,1.14775,1.1474,1.1475,946
2026-06-22 13:50,1782136200,1.1475,1.1477,1.1473,1.1474,1689
2026-06-22 13:55,1782136500,1.1474,1.1475,1.14685,1.1469,1384
2026-06-22 14:00,1782136800,1.14685,1.147,1.14665,1.14695,1542
2026-06-22 14:05,1782137100,1.1469,1.14795,1.1466,1.1475,4122
2026-06-22 14:10,1782137400,1.1474,1.1476,1.1471,1.1475,1796
2026-06-22 14:15,1782137700,1.1475,1.14775,1.147,1.14705,896
2026-06-22 14:20,1782138000,1.14705,1.1475,1.14695,1.1475,1312
2026-06-22 14:25,1782138300,1.1475,1.1479,1.1474,1.1477,1300
2026-06-22 14:30,1782138600,1.14775,1.14785,1.1472,1.1472,818
2026-06-22 14:35,1782138900,1.14725,1.1475,1.14715,1.14735,1117
2026-06-22 14:40,1782139200,1.1473,1.14785,1.1473,1.1476,1726
2026-06-22 14:45,1782139500,1.14765,1.1485,1.14765,1.1484,2099
2026-06-22 14:50,1782139800,1.14835,1.1491,1.14825,1.1488,3306
2026-06-22 14:55,1782140100,1.1488,1.1489,1.14845,1.1485,1894
2026-06-22 15:00,1782140400,1.14855,1.1489,1.14845,1.1489,1281
2026-06-22 15:05,1782140700,1.1489,1.14905,1.1487,1.1487,914
2026-06-22 15:10,1782141000,1.1487,1.1488,1.14865,1.1487,685
2026-06-22 15:15,1782141300,1.1487,1.1488,1.14855,1.14865,509
2026-06-22 15:20,1782141600,1.14865,1.14865,1.1483,1.1484,749
2026-06-22 15:25,1782141900,1.14845,1.1485,1.1481,1.1482,1470
2026-06-22 15:30,1782142200,1.1482,1.1482,1.1478,1.14795,1319
2026-06-22 15:35,1782142500,1.148,1.14815,1.1478,1.1479,757
2026-06-22 15:40,1782142800,1.14795,1.1481,1.1478,1.14785,425
2026-06-22 15:45,1782143100,1.1478,1.14785,1.14705,1.1471,1098
2026-06-22 15:50,1782143400,1.14715,1.1474,1.1471,1.14725,650
2026-06-22 15:55,1782143700,1.14725,1.1473,1.1471,1.1472,366
2026-06-22 16:00,1782144000,1.14725,1.14725,1.14685,1.1469,657
2026-06-22 16:05,1782144300,1.14685,1.14705,1.14675,1.14675,363
2026-06-22 16:10,1782144600,1.14685,1.1469,1.1467,1.1468,484
2026-06-22 16:15,1782144900,1.1468,1.14695,1.14665,1.14685,370
2026-06-22 16:20,1782145200,1.1469,1.1471,1.14675,1.1468,1209
2026-06-22 16:25,1782145500,1.1468,1.14685,1.1467,1.14675,295
2026-06-22 16:30,1782145800,1.1467,1.14685,1.1466,1.1468,674
2026-06-22 16:35,1782146100,1.14685,1.1471,1.14675,1.1468,457
2026-06-22 16:40,1782146400,1.1468,1.14685,1.1466,1.1467,328
2026-06-22 16:45,1782146700,1.1467,1.14685,1.14665,1.14685,292
2026-06-22 16:50,1782147000,1.14685,1.1471,1.14685,1.14705,480
2026-06-22 16:55,1782147300,1.147,1.14725,1.1469,1.14715,2054
2026-06-22 17:00,1782147600,1.1471,1.1472,1.147,1.1472,575
2026-06-22 17:05,1782147900,1.14715,1.14745,1.14705,1.1473,795
2026-06-22 17:10,1782148200,1.14735,1.14735,1.14705,1.14705,154
2026-06-22 17:15,1782148500,1.14705,1.1471,1.147,1.1471,863
2026-06-22 17:20,1782148800,1.1471,1.14725,1.1471,1.1472,781
2026-06-22 17:25,1782149100,1.14725,1.1473,1.14695,1.14695,512
2026-06-22 17:30,1782149400,1.147,1.1471,1.1468,1.14685,589
2026-06-22 17:35,1782149700,1.1468,1.14695,1.14675,1.14695,409
2026-06-22 17:40,1782150000,1.1469,1.14695,1.14685,1.1469,236
2026-06-22 17:45,1782150300,1.1469,1.14705,1.14685,1.1469,246
2026-06-22 17:50,1782150600,1.1469,1.14705,1.1469,1.14705,249
2026-06-22 17:55,1782150900,1.14705,1.14705,1.14685,1.1469,410
2026-06-22 18:00,1782151200,1.14695,1.147,1.1469,1.147,159
2026-06-22 18:05,1782151500,1.14695,1.14705,1.1469,1.147,227
2026-06-22 18:10,1782151800,1.14705,1.1472,1.147,1.1471,112
2026-06-22 18:15,1782152100,1.14705,1.14705,1.14685,1.14695,337
2026-06-22 18:20,1782152400,1.147,1.14705,1.1468,1.1469,1051
2026-06-22 18:25,1782152700,1.1469,1.1469,1.1467,1.14675,613
2026-06-22 18:30,1782153000,1.1468,1.1468,1.1464,1.1466,1666
2026-06-22 18:35,1782153300,1.14665,1.14675,1.14655,1.1466,593
2026-06-22 18:40,1782153600,1.1466,1.14665,1.1465,1.1466,807
2026-06-22 18:45,1782153900,1.14665,1.1467,1.1466,1.1466,905
2026-06-22 18:50,1782154200,1.1466,1.1467,1.14655,1.14665,846
2026-06-22 18:55,1782154500,1.1466,1.1466,1.1462,1.14645,7068
2026-06-22 19:00,1782154800,1.1464,1.14655,1.1463,1.1464,1410
2026-06-22 19:05,1782155100,1.1464,1.14645,1.14635,1.14635,293
2026-06-22 19:10,1782155400,1.1464,1.14655,1.14635,1.1464,475
2026-06-22 19:15,1782155700,1.1464,1.1464,1.1462,1.1462,491
2026-06-22 19:20,1782156000,1.1462,1.1463,1.1461,1.14625,180
2026-06-22 19:25,1782156300,1.1462,1.14625,1.1461,1.1461,270
2026-06-22 19:30,1782156600,1.1461,1.14615,1.14595,1.146,583
2026-06-22 19:35,1782156900,1.146,1.14605,1.1459,1.14605,355
2026-06-22 19:40,1782157200,1.14605,1.1462,1.14595,1.14595,307
2026-06-22 19:45,1782157500,1.14595,1.14605,1.1459,1.14605,200
2026-06-22 19:50,1782157800,1.14605,1.1465,1.14605,1.14645,756
2026-06-22 19:55,1782158100,1.1465,1.14655,1.14635,1.14645,815
2026-06-22 20:00,1782158400,1.1465,1.1467,1.14645,1.14665,535
2026-06-22 20:05,1782158700,1.14665,1.14685,1.14665,1.14675,497
2026-06-22 20:10,1782159000,1.14675,1.14695,1.1467,1.14685,583
2026-06-22 20:15,1782159300,1.1469,1.1469,1.1468,1.1469,100
2026-06-22 20:20,1782159600,1.1469,1.1469,1.14665,1.1467,361
2026-06-22 20:25,1782159900,1.1467,1.1468,1.1467,1.14675,65
2026-06-22 20:30,1782160200,1.14675,1.14675,1.14665,1.14675,82
2026-06-22 20:35,1782160500,1.14675,1.14675,1.14665,1.1467,32
2026-06-22 20:40,1782160800,1.14665,1.14675,1.14665,1.14675,72
2026-06-22 20:45,1782161100,1.1467,1.1467,1.1466,1.14665,103
2026-06-22 20:50,1782161400,1.14665,1.14685,1.14665,1.1468,196
2026-06-22 20:55,1782161700,1.1468,1.14695,1.1468,1.1468,195
2026-06-22 22:00,1782165600,1.1467,1.1469,1.1467,1.1469,0
2026-06-22 22:05,1782165900,1.14685,1.14685,1.14665,1.1467,232
2026-06-22 22:10,1782166200,1.14675,1.1469,1.14675,1.14685,137
2026-06-22 22:15,1782166500,1.1468,1.14685,1.1468,1.1468,68
2026-06-22 22:20,1782166800,1.14675,1.14675,1.14665,1.14665,83
2026-06-22 22:25,1782167100,1.14665,1.14665,1.1466,1.14665,15
2026-06-22 22:30,1782167400,1.14665,1.1467,1.14665,1.1467,26
2026-06-22 22:35,1782167700,1.14665,1.14665,1.1466,1.1466,84
2026-06-22 22:40,1782168000,1.1466,1.1466,1.14655,1.14655,42
2026-06-22 22:45,1782168300,1.1466,1.1467,1.1466,1.1467,87
2026-06-22 22:50,1782168600,1.14665,1.14665,1.1466,1.1466,39
2026-06-22 22:55,1782168900,1.14665,1.14675,1.1466,1.14675,107
2026-06-22 23:00,1782169200,1.1467,1.14685,1.1467,1.1467,117
2026-06-22 23:05,1782169500,1.1467,1.14675,1.1467,1.14675,35
2026-06-22 23:10,1782169800,1.14675,1.14675,1.1467,1.14675,28
2026-06-22 23:15,1782170100,1.14675,1.14675,1.1467,1.1467,4
2026-06-22 23:20,1782170400,1.14675,1.14675,1.1466,1.1466,79
2026-06-22 23:25,1782170700,1.1466,1.1467,1.14655,1.14665,70
2026-06-22 23:30,1782171000,1.1466,1.1466,1.1466,1.1466,6
2026-06-22 23:35,1782171300,1.14665,1.1467,1.14665,1.14665,33
2026-06-22 23:40,1782171600,1.1467,1.1467,1.14655,1.14655,36
2026-06-22 23:45,1782171900,1.14665,1.14665,1.14655,1.1466,66
2026-06-22 23:50,1782172200,1.14665,1.14665,1.1466,1.1466,48
2026-06-22 23:55,1782172500,1.14655,1.1467,1.14655,1.14665,157
2026-06-23 00:00,1782172800,1.1466,1.1466,1.14635,1.1465,375
2026-06-23 00:05,1782173100,1.14655,1.1466,1.14635,1.1464,481
2026-06-23 00:10,1782173400,1.14635,1.1464,1.14625,1.14625,181
2026-06-23 00:15,1782173700,1.1463,1.14645,1.14625,1.1463,236
2026-06-23 00:20,1782174000,1.1464,1.14645,1.1463,1.14635,197
2026-06-23 00:25,1782174300,1.14635,1.14655,1.1463,1.14655,82
2026-06-23 00:30,1782174600,1.14655,1.14675,1.1465,1.1465,372
2026-06-23 00:35,1782174900,1.1465,1.14655,1.14645,1.1465,46
2026-06-23 00:40,1782175200,1.1465,1.1466,1.14645,1.14655,82
2026-06-23 00:45,1782175500,1.1466,1.1467,1.14655,1.1466,95
2026-06-23 00:50,1782175800,1.1466,1.14675,1.14655,1.14675,156
2026-06-23 00:55,1782176100,1.14675,1.14675,1.1466,1.14665,84
2026-06-23 01:00,1782176400,1.1467,1.1468,1.14645,1.1466,383
2026-06-23 01:05,1782176700,1.14655,1.14655,1.14635,1.14645,571
2026-06-23 01:10,1782177000,1.14645,1.14645,1.1463,1.1463,90
2026-06-23 01:15,1782177300,1.14635,1.14635,1.1462,1.1463,400
2026-06-23 01:20,1782177600,1.1463,1.14645,1.14625,1.1464,273
2026-06-23 01:25,1782177900,1.1464,1.1465,1.1463,1.14635,41
2026-06-23 01:30,1782178200,1.14635,1.1464,1.1462,1.14635,726
2026-06-23 01:35,1782178500,1.14635,1.14645,1.14635,1.14645,87
2026-06-23 01:40,1782178800,1.14645,1.14655,1.1464,1.14645,90
2026-06-23 01:45,1782179100,1.14645,1.14645,1.1463,1.1464,597
2026-06-23 01:50,1782179400,1.14645,1.1468,1.14635,1.1467,204
2026-06-23 01:55,1782179700,1.1467,1.14675,1.1466,1.14665,112
2026-06-23 02:00,1782180000,1.1467,1.14695,1.14665,1.1469,157
2026-06-23 02:05,1782180300,1.14685,1.1469,1.1468,1.14685,127
2026-06-23 02:10,1782180600,1.1469,1.14705,1.1468,1.147,213
2026-06-23 02:15,1782180900,1.14705,1.14715,1.14705,1.1471,116
2026-06-23 02:20,1782181200,1.1471,1.1471,1.147,1.147,75
2026-06-23 02:25,1782181500,1.14705,1.14705,1.1469,1.14695,116
2026-06-23 02:30,1782181800,1.147,1.147,1.14685,1.14685,97
2026-06-23 02:35,1782182100,1.14685,1.14695,1.14685,1.1469,65
2026-06-23 02:40,1782182400,1.14685,1.14695,1.14685,1.1469,43
2026-06-23 02:45,1782182700,1.14685,1.14685,1.14675,1.14675,83
2026-06-23 02:50,1782183000,1.1468,1.1468,1.14665,1.14665,90
2026-06-23 02:55,1782183300,1.14665,1.1467,1.1465,1.14655,207
2026-06-23 03:00,1782183600,1.1466,1.14665,1.14655,1.1466,125
2026-06-23 03:05,1782183900,1.1466,1.1466,1.14625,1.14625,131
2026-06-23 03:10,1782184200,1.1463,1.14645,1.14625,1.14645,151
2026-06-23 03:15,1782184500,1.1464,1.14645,1.14585,1.14595,368
2026-06-23 03:20,1782184800,1.14595,1.1463,1.14595,1.14625,252
2026-06-23 03:25,1782185100,1.1463,1.1466,1.1463,1.1465,114
2026-06-23 03:30,1782185400,1.1465,1.1465,1.1464,1.1464,43
2026-06-23 03:35,1782185700,1.1464,1.1465,1.14635,1.14645,116
2026-06-23 03:40,1782186000,1.14645,1.14665,1.14645,1.14665,71
2026-06-23 03:45,1782186300,1.14665,1.1467,1.14655,1.14665,79
2026-06-23 03:50,1782186600,1.1467,1.1468,1.1467,1.1467,78
2026-06-23 03:55,1782186900,1.14675,1.14695,1.14675,1.14695,68
2026-06-23 04:05,1782187500,1.1469,1.1469,1.1469,1.1469,429
2026-06-23 04:10,1782187800,1.1469,1.1469,1.1467,1.1467,31
2026-06-23 04:15,1782188100,1.1467,1.1467,1.14665,1.1467,99
2026-06-23 04:20,1782188400,1.1467,1.1467,1.14645,1.14645,78
2026-06-23 04:25,1782188700,1.1465,1.14655,1.1465,1.14655,32
2026-06-23 04:30,1782189000,1.14655,1.14655,1.14635,1.1465,70
2026-06-23 04:35,1782189300,1.14655,1.14655,1.1465,1.1465,63
2026-06-23 04:40,1782189600,1.1464,1.14645,1.1464,1.14645,45
2026-06-23 04:45,1782189900,1.1465,1.1465,1.14645,1.1465,44
2026-06-23 04:50,1782190200,1.1465,1.14655,1.14645,1.14645,44
2026-06-23 04:55,1782190500,1.14645,1.14645,1.14595,1.14605,283
2026-06-23 05:00,1782190800,1.14605,1.1462,1.1459,1.1462,335
2026-06-23 05:05,1782191100,1.14625,1.1463,1.1461,1.1461,126
2026-06-23 05:10,1782191400,1.14615,1.1462,1.14605,1.14605,48
2026-06-23 05:15,1782191700,1.1461,1.1465,1.1461,1.1464,286
2026-06-23 05:20,1782192000,1.1464,1.14645,1.1463,1.1463,64
2026-06-23 05:25,1782192300,1.1463,1.1464,1.1463,1.1464,97
2026-06-23 05:30,1782192600,1.1464,1.14645,1.14635,1.14635,89
2026-06-23 05:35,1782192900,1.1465,1.1466,1.1464,1.1464,111
2026-06-23 05:40,1782193200,1.14635,1.14635,1.1461,1.1463,148
2026-06-23 05:45,1782193500,1.1462,1.1462,1.14595,1.1461,263
2026-06-23 05:50,1782193800,1.14605,1.14625,1.146,1.14625,196
2026-06-23 05:55,1782194100,1.14625,1.1463,1.1461,1.1463,154
2026-06-23 06:00,1782194400,1.14625,1.14645,1.14615,1.14625,372
2026-06-23 06:05,1782194700,1.1463,1.1466,1.1463,1.14635,581
2026-06-23 06:10,1782195000,1.14635,1.14655,1.1462,1.14655,240
2026-06-23 06:15,1782195300,1.1465,1.14675,1.1463,1.1467,208
2026-06-23 06:20,1782195600,1.14675,1.147,1.14675,1.147,270
2026-06-23 06:25,1782195900,1.14695,1.14695,1.1465,1.14665,484
2026-06-23 06:30,1782196200,1.1466,1.1468,1.14645,1.1468,423
2026-06-23 06:35,1782196500,1.14685,1.14685,1.1464,1.1464,290
2026-06-23 06:40,1782196800,1.14645,1.14655,1.14615,1.1462,281
2026-06-23 06:45,1782197100,1.14615,1.14625,1.14595,1.14605,373
2026-06-23 06:50,1782197400,1.1461,1.14645,1.1461,1.1464,451
2026-06-23 06:55,1782197700,1.1464,1.1464,1.14625,1.1463,572
2026-06-23 07:00,1782198000,1.14625,1.1471,1.14625,1.1471,1502
2026-06-23 07:05,1782198300,1.14705,1.14755,1.1467,1.1474,1269
2026-06-23 07:10,1782198600,1.14735,1.1474,1.147,1.14705,543
2026-06-23 07:15,1782198900,1.14705,1.1474,1.14705,1.1474,1763
2026-06-23 07:20,1782199200,1.1474,1.1479,1.1474,1.14755,1462
2026-06-23 07:25,1782199500,1.14755,1.1478,1.14745,1.1478,424
2026-06-23 07:30,1782199800,1.1477,1.1477,1.1464,1.1467,2375
2026-06-23 07:35,1782200100,1.14665,1.1467,1.14605,1.14615,835
2026-06-23 07:40,1782200400,1.1462,1.1462,1.1452,1.14555,2886
2026-06-23 07:45,1782200700,1.14555,1.1458,1.14535,1.14575,441
2026-06-23 07:50,1782201000,1.14575,1.14575,1.14495,1.1453,1513
2026-06-23 07:55,1782201300,1.14525,1.14525,1.14495,1.14515,616
2026-06-23 08:00,1782201600,1.1452,1.1457,1.14495,1.14535,853
2026-06-23 08:05,1782201900,1.1454,1.1456,1.14535,1.1454,400
2026-06-23 08:10,1782202200,1.1454,1.1456,1.1453,1.1454,433
2026-06-23 08:15,1782202500,1.1453,1.1454,1.14475,1.1448,763
2026-06-23 08:20,1782202800,1.1448,1.145,1.1446,1.1447,439
2026-06-23 08:25,1782203100,1.14465,1.1448,1.14445,1.14475,851
2026-06-23 08:30,1782203400,1.1447,1.1449,1.14445,1.1446,822
2026-06-23 08:35,1782203700,1.1446,1.1447,1.14445,1.1446,495
2026-06-23 08:40,1782204000,1.1446,1.14485,1.1445,1.14465,551
2026-06-23 08:45,1782204300,1.14465,1.14475,1.14455,1.14475,333
2026-06-23 08:50,1782204600,1.1447,1.1449,1.14455,1.1448,653
2026-06-23 08:55,1782204900,1.1448,1.1449,1.14475,1.1448,494
2026-06-23 09:00,1782205200,1.1448,1.14495,1.1446,1.14465,722
2026-06-23 09:05,1782205500,1.1446,1.1448,1.14455,1.1447,276
2026-06-23 09:10,1782205800,1.14465,1.145,1.14465,1.14495,522
2026-06-23 09:15,1782206100,1.1449,1.1449,1.14475,1.14485,241
2026-06-23 09:20,1782206400,1.1448,1.1451,1.1446,1.145,353
2026-06-23 09:25,1782206700,1.14495,1.145,1.1448,1.1449,386
2026-06-23 09:30,1782207000,1.14495,1.1451,1.14485,1.1449,433
2026-06-23 09:35,1782207300,1.14495,1.1451,1.14485,1.14485,334
2026-06-23 09:40,1782207600,1.14485,1.1449,1.14465,1.14475,490
2026-06-23 09:45,1782207900,1.1448,1.1449,1.14475,1.1449,116
2026-06-23 09:50,1782208200,1.1449,1.14495,1.1448,1.1449,474
2026-06-23 09:55,1782208500,1.1449,1.1451,1.14485,1.14505,278
2026-06-23 10:00,1782208800,1.14505,1.1452,1.14505,1.14515,416
2026-06-23 10:05,1782209100,1.14515,1.14515,1.14485,1.145,843
2026-06-23 10:10,1782209400,1.145,1.145,1.1446,1.14475,317
2026-06-23 10:15,1782209700,1.14475,1.145,1.1447,1.1447,276
2026-06-23 10:20,1782210000,1.1447,1.14485,1.14445,1.14475,472
2026-06-23 10:25,1782210300,1.14475,1.14475,1.1445,1.1445,416
2026-06-23 10:30,1782210600,1.14445,1.1447,1.1444,1.14465,385
2026-06-23 10:35,1782210900,1.14465,1.1447,1.1445,1.1446,395
2026-06-23 10:40,1782211200,1.1446,1.1447,1.14445,1.14445,204
2026-06-23 10:45,1782211500,1.14445,1.1445,1.14395,1.14405,1159
2026-06-23 10:50,1782211800,1.14405,1.1441,1.1435,1.1436,1719
2026-06-23 10:55,1782212100,1.1436,1.1441,1.1436,1.14405,600
2026-06-23 11:00,1782212400,1.14405,1.14415,1.14385,1.14385,524
2026-06-23 11:05,1782212700,1.1438,1.14405,1.1438,1.144,348
2026-06-23 11:10,1782213000,1.14395,1.1442,1.1439,1.14415,321
2026-06-23 11:15,1782213300,1.1442,1.1442,1.1439,1.14395,362
2026-06-23 11:20,1782213600,1.14395,1.14425,1.1438,1.14385,1062
2026-06-23 11:25,1782213900,1.1438,1.14385,1.1435,1.1435,334
2026-06-23 11:30,1782214200,1.14355,1.14355,1.14325,1.14335,682
2026-06-23 11:35,1782214500,1.1433,1.14335,1.14305,1.1433,762
2026-06-23 11:40,1782214800,1.1433,1.1434,1.14315,1.1433,397
2026-06-23 11:45,1782215100,1.14335,1.14335,1.14315,1.14325,465
2026-06-23 11:50,1782215400,1.14325,1.14335,1.14275,1.14295,3049
2026-06-23 11:55,1782215700,1.1429,1.14295,1.14235,1.14255,993
2026-06-23 12:00,1782216000,1.14255,1.14315,1.1425,1.1431,1042
2026-06-23 12:05,1782216300,1.1431,1.14345,1.14305,1.14315,924
2026-06-23 12:10,1782216600,1.1432,1.14325,1.1427,1.1427,1067
2026-06-23 12:15,1782216900,1.14275,1.14295,1.14265,1.14275,619
2026-06-23 12:20,1782217200,1.14275,1.1428,1.14225,1.1426,2198
2026-06-23 12:25,1782217500,1.1426,1.1426,1.1422,1.1424,1064
2026-06-23 12:30,1782217800,1.1424,1.14315,1.14235,1.1429,1372
2026-06-23 12:35,1782218100,1.14285,1.14305,1.1428,1.143,687
2026-06-23 12:40,1782218400,1.143,1.14305,1.1426,1.1426,592
2026-06-23 12:45,1782218700,1.14265,1.143,1.1426,1.1429,2108
2026-06-23 12:50,1782219000,1.1429,1.1431,1.1427,1.1429,705
2026-06-23 12:55,1782219300,1.14295,1.14305,1.1426,1.14285,1287
2026-06-23 13:00,1782219600,1.14285,1.1433,1.1427,1.1432,1351
2026-06-23 13:05,1782219900,1.1432,1.14345,1.14305,1.14315,851
2026-06-23 13:10,1782220200,1.14315,1.14315,1.1425,1.1426,655
2026-06-23 13:15,1782220500,1.1426,1.14285,1.14245,1.1428,994
2026-06-23 13:20,1782220800,1.1428,1.1433,1.1427,1.14325,1294
2026-06-23 13:25,1782221100,1.14325,1.14335,1.1429,1.14305,1757
2026-06-23 13:30,1782221400,1.1431,1.14365,1.14295,1.14365,4401
2026-06-23 13:35,1782221700,1.1436,1.1438,1.14345,1.1437,1965
2026-06-23 13:40,1782222000,1.14375,1.14395,1.1436,1.1437,1737
2026-06-23 13:45,1782222300,1.14365,1.1439,1.14365,1.14365,1103
2026-06-23 13:50,1782222600,1.1437,1.1437,1.1433,1.14335,1075
2026-06-23 13:55,1782222900,1.1433,1.1433,1.14285,1.1429,1279
2026-06-23 14:00,1782223200,1.14295,1.1431,1.14265,1.14275,1206
2026-06-23 14:05,1782223500,1.14275,1.1429,1.1425,1.1427,1163
2026-06-23 14:10,1782223800,1.14265,1.1428,1.14235,1.1424,1571
2026-06-23 14:15,1782224100,1.1424,1.14255,1.14195,1.14215,1664
2026-06-23 14:20,1782224400,1.1422,1.1423,1.14125,1.14195,3963
2026-06-23 14:25,1782224700,1.14195,1.1421,1.1418,1.1419,1619
2026-06-23 14:30,1782225000,1.14195,1.14205,1.1417,1.14185,1459
2026-06-23 14:35,1782225300,1.14185,1.14195,1.14145,1.1417,1248
2026-06-23 14:40,1782225600,1.14175,1.142,1.14165,1.14195,887
2026-06-23 14:45,1782225900,1.142,1.14245,1.142,1.14225,1833
2026-06-23 14:50,1782226200,1.14225,1.14225,1.142,1.14225,1481
2026-06-23 14:55,1782226500,1.1422,1.14235,1.14185,1.14215,2384
2026-06-23 15:00,1782226800,1.1422,1.14225,1.142,1.1421,1260
2026-06-23 15:05,1782227100,1.1421,1.1421,1.14145,1.1416,1568
2026-06-23 15:10,1782227400,1.14165,1.14235,1.14165,1.14215,946
2026-06-23 15:15,1782227700,1.14225,1.1425,1.1421,1.1421,648
2026-06-23 15:20,1782228000,1.14215,1.14225,1.14195,1.14225,781
2026-06-23 15:25,1782228300,1.14225,1.14235,1.142,1.14205,1589
2026-06-23 15:30,1782228600,1.14205,1.14245,1.14205,1.1422,1257
2026-06-23 15:35,1782228900,1.1422,1.14225,1.14185,1.14185,1200
2026-06-23 15:40,1782229200,1.14185,1.1419,1.14175,1.1419,1138
2026-06-23 15:45,1782229500,1.1419,1.14195,1.14175,1.1418,3753
2026-06-23 15:50,1782229800,1.1418,1.14205,1.14175,1.14205,795
2026-06-23 15:55,1782230100,1.14205,1.14225,1.14195,1.14225,794
2026-06-23 16:00,1782230400,1.1423,1.14235,1.142,1.14215,677
2026-06-23 16:05,1782230700,1.1422,1.1423,1.14185,1.14205,342
2026-06-23 16:10,1782231000,1.142,1.14235,1.1419,1.14225,1443
2026-06-23 16:15,1782231300,1.1423,1.1423,1.1421,1.14225,512
2026-06-23 16:20,1782231600,1.14225,1.14235,1.1422,1.14225,331
2026-06-23 16:25,1782231900,1.14225,1.1423,1.14195,1.142,602
2026-06-23 16:30,1782232200,1.14195,1.142,1.14185,1.142,358
2026-06-23 16:35,1782232500,1.142,1.14235,1.14195,1.14235,680
2026-06-23 16:40,1782232800,1.1423,1.14235,1.14225,1.14235,301
2026-06-23 16:45,1782233100,1.1423,1.14235,1.1422,1.1422,320
2026-06-23 16:50,1782233400,1.14225,1.14225,1.142,1.14205,187
2026-06-23 16:55,1782233700,1.1421,1.1421,1.14185,1.1419,501
2026-06-23 17:00,1782234000,1.14195,1.14195,1.1417,1.14175,266
2026-06-23 17:05,1782234300,1.14175,1.1419,1.14165,1.1419,317
2026-06-23 17:10,1782234600,1.1419,1.14205,1.14185,1.14195,547
2026-06-23 17:15,1782234900,1.142,1.142,1.1419,1.14195,225
2026-06-23 17:20,1782235200,1.1419,1.14205,1.14185,1.142,511
2026-06-23 17:25,1782235500,1.1419,1.14195,1.1418,1.1418,317
2026-06-23 17:30,1782235800,1.14185,1.142,1.1418,1.142,448
2026-06-23 17:35,1782236100,1.14195,1.14205,1.1418,1.14195,268
2026-06-23 17:40,1782236400,1.14195,1.14215,1.14195,1.14205,634
2026-06-23 17:45,1782236700,1.14205,1.14205,1.14195,1.14195,308
2026-06-23 17:50,1782237000,1.14195,1.142,1.1419,1.142,309
2026-06-23 17:55,1782237300,1.142,1.14205,1.14185,1.1419,297
2026-06-23 18:00,1782237600,1.14195,1.142,1.14185,1.1419,325
2026-06-23 18:05,1782237900,1.1419,1.142,1.14185,1.14195,233
2026-06-23 18:10,1782238200,1.142,1.142,1.14195,1.14195,112
2026-06-23 18:15,1782238500,1.142,1.14205,1.14195,1.14195,110
2026-06-23 18:20,1782238800,1.1419,1.142,1.1419,1.14195,118
2026-06-23 18:25,1782239100,1.14195,1.14195,1.14185,1.14185,172
2026-06-23 18:30,1782239400,1.14185,1.14195,1.1418,1.1419,181
2026-06-23 18:35,1782239700,1.14195,1.14195,1.14165,1.14165,669
2026-06-23 18:40,1782240000,1.14165,1.14175,1.14155,1.14155,483
2026-06-23 18:45,1782240300,1.1416,1.14165,1.1416,1.14165,260
2026-06-23 18:50,1782240600,1.14165,1.14185,1.14165,1.1418,444
2026-06-23 18:55,1782240900,1.1418,1.14195,1.14165,1.1419,1791
2026-06-23 19:00,1782241200,1.14185,1.1422,1.14185,1.1421,1008
2026-06-23 19:05,1782241500,1.1421,1.1422,1.142,1.14215,651
2026-06-23 19:10,1782241800,1.1422,1.14225,1.1421,1.14215,265
2026-06-23 19:15,1782242100,1.1422,1.14225,1.142,1.14205,147
2026-06-23 19:20,1782242400,1.142,1.1421,1.142,1.1421,135
2026-06-23 19:25,1782242700,1.14215,1.14215,1.14205,1.1421,185
2026-06-23 19:30,1782243000,1.1421,1.1422,1.14205,1.1421,349
2026-06-23 19:35,1782243300,1.14215,1.14215,1.142,1.142,241
2026-06-23 19:40,1782243600,1.14205,1.1421,1.142,1.14205,217
2026-06-23 19:45,1782243900,1.14205,1.1421,1.142,1.14205,175
2026-06-23 19:50,1782244200,1.14205,1.14205,1.14195,1.14205,224
2026-06-23 19:55,1782244500,1.142,1.14215,1.14185,1.1419,1515
2026-06-23 20:00,1782244800,1.14185,1.14195,1.1418,1.1419,357
2026-06-23 20:05,1782245100,1.1419,1.14205,1.1419,1.1419,42
2026-06-23 20:10,1782245400,1.1419,1.14195,1.14185,1.1419,118
2026-06-23 20:15,1782245700,1.14195,1.14195,1.14185,1.1419,120
2026-06-23 20:20,1782246000,1.1419,1.14195,1.14185,1.1419,159
2026-06-23 20:25,1782246300,1.1419,1.142,1.1419,1.14195,98
2026-06-23 20:30,1782246600,1.1419,1.142,1.1419,1.142,85
2026-06-23 20:35,1782246900,1.142,1.142,1.1419,1.1419,51
2026-06-23 20:40,1782247200,1.1419,1.142,1.1419,1.142,107
2026-06-23 20:45,1782247500,1.142,1.14205,1.14195,1.14205,286
2026-06-23 20:50,1782247800,1.142,1.1421,1.142,1.1421,183
2026-06-23 20:55,1782248100,1.14205,1.14215,1.14195,1.14195,440
2026-06-23 22:00,1782252000,1.1422,1.14225,1.14185,1.1419,0
2026-06-23 22:05,1782252300,1.1419,1.142,1.14185,1.14195,83
2026-06-23 22:10,1782252600,1.14195,1.142,1.14195,1.14195,41
2026-06-23 22:15,1782252900,1.14195,1.14195,1.1419,1.14195,92
2026-06-23 22:20,1782253200,1.14195,1.14195,1.1419,1.1419,17
2026-06-23 22:25,1782253500,1.1419,1.14195,1.1419,1.1419,22
2026-06-23 22:30,1782253800,1.1419,1.142,1.1419,1.1419,46
2026-06-23 22:35,1782254100,1.1419,1.142,1.1419,1.142,30
2026-06-23 22:40,1782254400,1.142,1.14205,1.142,1.14205,57
2026-06-23 22:45,1782254700,1.14205,1.1421,1.14205,1.1421,20
2026-06-23 22:50,1782255000,1.1421,1.14215,1.14205,1.1421,117
2026-06-23 22:55,1782255300,1.1421,1.1421,1.14205,1.14205,25
2026-06-23 23:00,1782255600,1.14205,1.14215,1.142,1.14215,50
2026-06-23 23:05,1782255900,1.1421,1.14215,1.14205,1.1421,116
2026-06-23 23:10,1782256200,1.1421,1.1421,1.14205,1.14205,22
2026-06-23 23:15,1782256500,1.1421,1.1421,1.1421,1.1421,25
2026-06-23 23:20,1782256800,1.1421,1.14215,1.14205,1.14215,18
2026-06-23 23:25,1782257100,1.1421,1.1421,1.1419,1.14195,75
2026-06-23 23:30,1782257400,1.14195,1.14195,1.14185,1.14185,60
2026-06-23 23:35,1782257700,1.14185,1.142,1.14185,1.1419,49
2026-06-23 23:40,1782258000,1.1419,1.1421,1.14185,1.1421,113
2026-06-23 23:45,1782258300,1.14215,1.14225,1.1421,1.1422,52
2026-06-23 23:50,1782258600,1.14225,1.14225,1.1421,1.1421,75
2026-06-23 23:55,1782258900,1.14205,1.14205,1.14185,1.14185,144
2026-06-24 00:00,1782259200,1.1418,1.14205,1.1417,1.14195,376
2026-06-24 00:05,1782259500,1.142,1.14215,1.14195,1.14205,89
2026-06-24 00:10,1782259800,1.14205,1.1421,1.1417,1.14175,112
2026-06-24 00:15,1782260100,1.1418,1.14185,1.14165,1.14165,123
2026-06-24 00:20,1782260400,1.1417,1.14175,1.14145,1.14145,183
2026-06-24 00:25,1782260700,1.14145,1.1415,1.14125,1.14135,468
2026-06-24 00:30,1782261000,1.1414,1.14155,1.1414,1.14155,129
2026-06-24 00:35,1782261300,1.14155,1.1416,1.14145,1.14155,114
2026-06-24 00:40,1782261600,1.1415,1.14155,1.1413,1.1415,121
2026-06-24 00:45,1782261900,1.14155,1.14175,1.14155,1.1417,76
2026-06-24 00:50,1782262200,1.14165,1.14175,1.14165,1.14165,52
2026-06-24 00:55,1782262500,1.14155,1.14165,1.1415,1.14155,188
2026-06-24 01:00,1782262800,1.14155,1.14155,1.14105,1.1412,301
2026-06-24 01:05,1782263100,1.14125,1.1415,1.1412,1.14135,102
2026-06-24 01:10,1782263400,1.1413,1.14145,1.1413,1.1414,89
2026-06-24 01:15,1782263700,1.1414,1.1414,1.1411,1.1412,119
2026-06-24 01:20,1782264000,1.14125,1.14125,1.14105,1.1411,175
2026-06-24 01:25,1782264300,1.1411,1.1412,1.14105,1.14115,229
2026-06-24 01:30,1782264600,1.1411,1.1414,1.14105,1.1413,198
2026-06-24 01:35,1782264900,1.1413,1.1413,1.1412,1.1412,149
2026-06-24 01:40,1782265200,1.1413,1.1415,1.1413,1.1414,106
2026-06-24 01:45,1782265500,1.14135,1.1414,1.14125,1.14135,61
2026-06-24 01:50,1782265800,1.14135,1.1415,1.14135,1.1415,88
2026-06-24 01:55,1782266100,1.1415,1.1416,1.1414,1.1416,44
2026-06-24 02:00,1782266400,1.14155,1.1416,1.14145,1.14155,49
2026-06-24 02:05,1782266700,1.14155,1.14155,1.1414,1.14145,57
2026-06-24 02:10,1782267000,1.14155,1.14155,1.14145,1.1415,23
2026-06-24 02:15,1782267300,1.14155,1.1416,1.14155,1.14155,49
2026-06-24 02:20,1782267600,1.1415,1.1415,1.14145,1.14145,165
2026-06-24 02:25,1782267900,1.14145,1.1415,1.14145,1.14145,43
2026-06-24 02:30,1782268200,1.14145,1.14155,1.1414,1.14155,95
2026-06-24 02:35,1782268500,1.1415,1.14155,1.1413,1.14135,312
2026-06-24 02:40,1782268800,1.14135,1.14145,1.1412,1.1412,143
2026-06-24 02:45,1782269100,1.14125,1.1413,1.1411,1.14115,86
2026-06-24 02:50,1782269400,1.1411,1.1412,1.14095,1.14115,113
2026-06-24 02:55,1782269700,1.14105,1.1412,1.1406,1.1407,741
2026-06-24 03:00,1782270000,1.14065,1.1408,1.14045,1.14045,312
2026-06-24 03:05,1782270300,1.1405,1.1405,1.14015,1.14025,476
2026-06-24 03:10,1782270600,1.1402,1.14045,1.14015,1.14025,198
2026-06-24 03:15,1782270900,1.14025,1.1403,1.1401,1.14025,188
2026-06-24 03:20,1782271200,1.14025,1.1403,1.14015,1.1402,91
2026-06-24 03:25,1782271500,1.1402,1.1404,1.1402,1.1404,152
2026-06-24 03:30,1782271800,1.14045,1.1405,1.1403,1.1404,134
2026-06-24 03:35,1782272100,1.1404,1.14055,1.1404,1.14055,54
2026-06-24 03:40,1782272400,1.1405,1.1408,1.1405,1.1408,133
2026-06-24 03:45,1782272700,1.1407,1.1407,1.14065,1.1407,35
2026-06-24 03:50,1782273000,1.1407,1.14075,1.14065,1.1407,62
2026-06-24 03:55,1782273300,1.1407,1.1407,1.14065,1.1407,39
2026-06-24 04:05,1782273900,1.14015,1.1402,1.14015,1.14015,353
2026-06-24 04:10,1782274200,1.14015,1.14025,1.14005,1.14025,161
2026-06-24 04:15,1782274500,1.14025,1.1404,1.14025,1.1403,167
2026-06-24 04:20,1782274800,1.1403,1.14035,1.1403,1.14035,92
2026-06-24 04:25,1782275100,1.14035,1.14065,1.1403,1.1404,145
2026-06-24 04:30,1782275400,1.1404,1.14045,1.1403,1.14035,118
2026-06-24 04:35,1782275700,1.1403,1.14035,1.1403,1.14035,83
2026-06-24 04:40,1782276000,1.14035,1.14045,1.14035,1.14035,54
2026-06-24 04:45,1782276300,1.1403,1.1404,1.1403,1.1403,25
2026-06-24 04:50,1782276600,1.1403,1.1403,1.14015,1.14015,97
2026-06-24 04:55,1782276900,1.14015,1.14025,1.14015,1.1402,42
2026-06-24 05:00,1782277200,1.14025,1.14035,1.1402,1.14035,79
2026-06-24 05:05,1782277500,1.1403,1.1406,1.14025,1.1406,129
2026-06-24 05:10,1782277800,1.1406,1.1407,1.14055,1.14055,55
2026-06-24 05:15,1782278100,1.14055,1.1407,1.14055,1.14065,113
2026-06-24 05:20,1782278400,1.1406,1.1406,1.14045,1.14055,67
2026-06-24 05:25,1782278700,1.14055,1.14065,1.1405,1.14055,156
2026-06-24 05:30,1782279000,1.1406,1.14065,1.14055,1.1406,104
2026-06-24 05:35,1782279300,1.1406,1.14065,1.1405,1.1406,67
2026-06-24 05:40,1782279600,1.14055,1.14055,1.1404,1.1404,240
2026-06-24 05:45,1782279900,1.14045,1.14075,1.14045,1.14065,129
2026-06-24 05:50,1782280200,1.1406,1.14065,1.1406,1.14065,68
2026-06-24 05:55,1782280500,1.14065,1.14075,1.1406,1.14075,160
2026-06-24 06:00,1782280800,1.1407,1.1409,1.14065,1.1409,452
2026-06-24 06:05,1782281100,1.1409,1.14115,1.1408,1.14115,297
2026-06-24 06:10,1782281400,1.14115,1.14145,1.14115,1.1413,557
2026-06-24 06:15,1782281700,1.1413,1.1413,1.14055,1.1408,408
2026-06-24 06:20,1782282000,1.1407,1.141,1.14065,1.1408,292
2026-06-24 06:25,1782282300,1.1408,1.1408,1.14035,1.1405,703
2026-06-24 06:30,1782282600,1.14045,1.1406,1.14035,1.14055,337
2026-06-24 06:35,1782282900,1.14055,1.1407,1.1404,1.1404,207
2026-06-24 06:40,1782283200,1.1404,1.14065,1.1404,1.14065,206
2026-06-24 06:45,1782283500,1.1406,1.1407,1.1405,1.1405,327
2026-06-24 06:50,1782283800,1.1405,1.1405,1.1402,1.1403,212
2026-06-24 06:55,1782284100,1.14005,1.1401,1.1397,1.1399,2396
2026-06-24 07:00,1782284400,1.13985,1.1401,1.13945,1.13975,1762
2026-06-24 07:05,1782284700,1.13975,1.1398,1.13935,1.13945,752
2026-06-24 07:10,1782285000,1.13945,1.1395,1.1391,1.1393,1256
2026-06-24 07:15,1782285300,1.1393,1.13965,1.13925,1.1395,886
2026-06-24 07:20,1782285600,1.13955,1.1396,1.13935,1.13945,854
2026-06-24 07:25,1782285900,1.1394,1.1397,1.13925,1.1395,735
2026-06-24 07:30,1782286200,1.1395,1.1396,1.13935,1.1395,783
2026-06-24 07:35,1782286500,1.1395,1.1395,1.13925,1.13925,509
2026-06-24 07:40,1782286800,1.13925,1.1399,1.13915,1.1399,758
2026-06-24 07:45,1782287100,1.13985,1.14005,1.1397,1.1399,602
2026-06-24 07:50,1782287400,1.1399,1.1399,1.13955,1.13975,504
2026-06-24 07:55,1782287700,1.13975,1.13975,1.13905,1.13905,639
2026-06-24 08:00,1782288000,1.13905,1.1395,1.1389,1.13935,997
2026-06-24 08:05,1782288300,1.13935,1.13935,1.1391,1.1392,540
2026-06-24 08:10,1782288600,1.13915,1.13915,1.13775,1.1379,3293
2026-06-24 08:15,1782288900,1.1379,1.13875,1.13785,1.13875,1269
2026-06-24 08:20,1782289200,1.13875,1.1389,1.1385,1.1387,1356
2026-06-24 08:25,1782289500,1.1387,1.13925,1.13865,1.13925,632
2026-06-24 08:30,1782289800,1.1392,1.13945,1.1391,1.1393,502
2026-06-24 08:35,1782290100,1.13925,1.13925,1.13835,1.1385,736
2026-06-24 08:40,1782290400,1.13855,1.13915,1.13855,1.139,647
2026-06-24 08:45,1782290700,1.13895,1.1393,1.1389,1.1392,1573
2026-06-24 08:50,1782291000,1.1392,1.13945,1.1392,1.13935,1021
2026-06-24 08:55,1782291300,1.1394,1.1394,1.1392,1.13925,1299
2026-06-24 09:00,1782291600,1.1392,1.1393,1.13885,1.13885,1700
2026-06-24 09:05,1782291900,1.1388,1.1389,1.1386,1.13865,557
2026-06-24 09:10,1782292200,1.1386,1.1391,1.1384,1.1391,734
2026-06-24 09:15,1782292500,1.1391,1.1392,1.13885,1.13915,330
2026-06-24 09:20,1782292800,1.1392,1.13925,1.1389,1.13895,484
2026-06-24 09:25,1782293100,1.1389,1.1389,1.13855,1.13875,604
2026-06-24 09:30,1782293400,1.13875,1.13875,1.1384,1.13855,523
2026-06-24 09:35,1782293700,1.13855,1.13885,1.1385,1.1388,282
2026-06-24 09:40,1782294000,1.13875,1.13885,1.13845,1.13845,472
2026-06-24 09:45,1782294300,1.13845,1.13875,1.13845,1.13875,298
2026-06-24 09:50,1782294600,1.1387,1.1389,1.13865,1.1388,316
2026-06-24 09:55,1782294900,1.1388,1.1388,1.13855,1.13855,285
2026-06-24 10:00,1782295200,1.1385,1.13855,1.1383,1.13835,563
2026-06-24 10:05,1782295500,1.1384,1.13845,1.13795,1.138,482
2026-06-24 10:10,1782295800,1.13795,1.13825,1.13795,1.1382,496
2026-06-24 10:15,1782296100,1.1382,1.13825,1.13805,1.1381,484
2026-06-24 10:20,1782296400,1.1381,1.1381,1.1379,1.1379,288
2026-06-24 10:25,1782296700,1.1379,1.138,1.1379,1.138,340
2026-06-24 10:30,1782297000,1.13805,1.13815,1.13795,1.13805,232
2026-06-24 10:35,1782297300,1.13805,1.13805,1.1378,1.138,295
2026-06-24 10:40,1782297600,1.13795,1.1385,1.1379,1.1382,544
2026-06-24 10:45,1782297900,1.13815,1.13825,1.13795,1.13805,710
2026-06-24 10:50,1782298200,1.13805,1.1382,1.1378,1.13785,306
2026-06-24 10:55,1782298500,1.1379,1.13805,1.1378,1.1379,546
2026-06-24 11:00,1782298800,1.13795,1.1381,1.1377,1.1377,475
2026-06-24 11:05,1782299100,1.13775,1.138,1.1376,1.138,328
2026-06-24 11:10,1782299400,1.138,1.13815,1.1379,1.13795,740
2026-06-24 11:15,1782299700,1.13795,1.13805,1.1379,1.138,461
2026-06-24 11:20,1782300000,1.138,1.1382,1.1379,1.13815,250
2026-06-24 11:25,1782300300,1.13815,1.1384,1.13815,1.1383,485
2026-06-24 11:30,1782300600,1.1383,1.13845,1.13815,1.13845,412
2026-06-24 11:35,1782300900,1.13845,1.1388,1.1384,1.13855,893
2026-06-24 11:40,1782301200,1.13855,1.1386,1.1382,1.1384,901
2026-06-24 11:45,1782301500,1.1384,1.13845,1.1381,1.13835,641
2026-06-24 11:50,1782301800,1.13835,1.13885,1.13835,1.13845,620
2026-06-24 11:55,1782302100,1.1384,1.1384,1.13775,1.13795,1679
2026-06-24 12:00,1782302400,1.13795,1.13855,1.13795,1.1383,1073
2026-06-24 12:05,1782302700,1.13825,1.13825,1.1378,1.13795,701
2026-06-24 12:10,1782303000,1.1379,1.13805,1.1377,1.13785,549
2026-06-24 12:15,1782303300,1.1379,1.13805,1.13765,1.13795,1219
2026-06-24 12:20,1782303600,1.13795,1.13815,1.1378,1.1378,916
2026-06-24 12:25,1782303900,1.1378,1.13785,1.13765,1.1378,652
2026-06-24 12:30,1782304200,1.13775,1.1378,1.13695,1.1372,2549
2026-06-24 12:35,1782304500,1.13715,1.1374,1.13695,1.137,1064
2026-06-24 12:40,1782304800,1.137,1.1371,1.13645,1.13695,2901
2026-06-24 12:45,1782305100,1.13695,1.1372,1.1366,1.13675,918
2026-06-24 12:50,1782305400,1.13675,1.13685,1.1365,1.13675,813
2026-06-24 12:55,1782305700,1.13675,1.1369,1.13665,1.13685,731
2026-06-24 13:00,1782306000,1.13685,1.1371,1.13655,1.1368,1180
2026-06-24 13:05,1782306300,1.1368,1.13685,1.13635,1.13655,794
2026-06-24 13:10,1782306600,1.13655,1.1366,1.1364,1.1365,560
2026-06-24 13:15,1782306900,1.13655,1.1369,1.13645,1.1369,1056
2026-06-24 13:20,1782307200,1.13685,1.13715,1.13655,1.1371,1462
2026-06-24 13:25,1782307500,1.13715,1.1378,1.13715,1.13765,3709
2026-06-24 13:30,1782307800,1.13765,1.1382,1.1376,1.1378,4064
2026-06-24 13:35,1782308100,1.1378,1.13815,1.1376,1.1378,2348
2026-06-24 13:40,1782308400,1.1378,1.13805,1.1378,1.13795,2032
2026-06-24 13:45,1782308700,1.13795,1.13795,1.1373,1.13775,2346
2026-06-24 13:50,1782309000,1.13775,1.13835,1.13775,1.1383,3700
2026-06-24 13:55,1782309300,1.1383,1.1387,1.1382,1.13835,3420
2026-06-24 14:00,1782309600,1.13835,1.13885,1.13815,1.13885,2344
2026-06-24 14:05,1782309900,1.1389,1.13915,1.13865,1.1391,3015
2026-06-24 14:10,1782310200,1.13915,1.13915,1.13835,1.1386,2186
2026-06-24 14:15,1782310500,1.1386,1.1387,1.13805,1.13805,1633
2026-06-24 14:20,1782310800,1.138,1.13825,1.1378,1.1382,2015
2026-06-24 14:25,1782311100,1.1382,1.13865,1.1382,1.13845,1733
2026-06-24 14:30,1782311400,1.1384,1.13855,1.1381,1.13845,1249
2026-06-24 14:35,1782311700,1.13845,1.13845,1.13775,1.1378,885
2026-06-24 14:40,1782312000,1.13785,1.13815,1.1377,1.13815,930
2026-06-24 14:45,1782312300,1.1381,1.1383,1.1376,1.13775,1174
2026-06-24 14:50,1782312600,1.13775,1.13805,1.13765,1.13775,1067
2026-06-24 14:55,1782312900,1.13775,1.1381,1.1375,1.1381,2190
2026-06-24 15:00,1782313200,1.13805,1.13865,1.1379,1.1385,2772
2026-06-24 15:05,1782313500,1.13855,1.13865,1.13835,1.1385,1099
2026-06-24 15:10,1782313800,1.1385,1.1391,1.13845,1.139,1832
2026-06-24 15:15,1782314100,1.139,1.13935,1.1389,1.13935,788
2026-06-24 15:20,1782314400,1.13935,1.13995,1.1393,1.13975,3284
2026-06-24 15:25,1782314700,1.13975,1.14015,1.13925,1.13945,4998
2026-06-24 15:30,1782315000,1.13945,1.13945,1.1392,1.1392,932
2026-06-24 15:35,1782315300,1.13925,1.13925,1.1388,1.13885,680
2026-06-24 15:40,1782315600,1.13885,1.1392,1.13875,1.13915,827
2026-06-24 15:45,1782315900,1.13915,1.13935,1.13905,1.1392,603
2026-06-24 15:50,1782316200,1.1392,1.1392,1.1386,1.13885,1326
2026-06-24 15:55,1782316500,1.1389,1.13895,1.1387,1.13875,501
2026-06-24 16:00,1782316800,1.13875,1.139,1.1386,1.1389,791
2026-06-24 16:05,1782317100,1.13895,1.1393,1.13895,1.1392,651
2026-06-24 16:10,1782317400,1.1392,1.13925,1.1389,1.1391,1121
2026-06-24 16:15,1782317700,1.1391,1.13955,1.139,1.13935,1618
2026-06-24 16:20,1782318000,1.13935,1.1396,1.13935,1.1396,672
2026-06-24 16:25,1782318300,1.1396,1.14005,1.1396,1.14005,1310
2026-06-24 16:30,1782318600,1.14005,1.14025,1.14,1.14015,995
2026-06-24 16:35,1782318900,1.1402,1.1407,1.1402,1.14045,2452
2026-06-24 16:40,1782319200,1.14045,1.1405,1.13975,1.13995,3054
2026-06-24 16:45,1782319500,1.14,1.14005,1.1397,1.13975,520
2026-06-24 16:50,1782319800,1.13975,1.13995,1.13975,1.1398,364
2026-06-24 16:55,1782320100,1.1398,1.1399,1.1397,1.1399,294
2026-06-24 17:00,1782320400,1.13985,1.14005,1.1398,1.1399,476
2026-06-24 17:05,1782320700,1.13985,1.13985,1.1394,1.13945,917
2026-06-24 17:10,1782321000,1.13945,1.1395,1.1393,1.13945,1044
2026-06-24 17:15,1782321300,1.13945,1.1395,1.1393,1.13935,486
2026-06-24 17:20,1782321600,1.1393,1.13935,1.13905,1.13915,805
2026-06-24 17:25,1782321900,1.1391,1.13915,1.139,1.1391,569
2026-06-24 17:30,1782322200,1.1391,1.1399,1.1391,1.1396,2587
2026-06-24 17:35,1782322500,1.13965,1.1397,1.1392,1.1394,579
2026-06-24 17:40,1782322800,1.1394,1.1394,1.13905,1.1392,403
2026-06-24 17:45,1782323100,1.1392,1.1392,1.13885,1.1389,493
2026-06-24 17:50,1782323400,1.1389,1.13895,1.1388,1.1389,646
2026-06-24 17:55,1782323700,1.13895,1.1392,1.13885,1.13885,405
2026-06-24 18:00,1782324000,1.1389,1.1391,1.1389,1.13905,588
2026-06-24 18:05,1782324300,1.1391,1.1394,1.1391,1.1392,553
2026-06-24 18:10,1782324600,1.1392,1.13935,1.13915,1.1392,288
2026-06-24 18:15,1782324900,1.1392,1.1394,1.1392,1.1394,581
2026-06-24 18:20,1782325200,1.13935,1.13955,1.13915,1.1395,478
2026-06-24 18:25,1782325500,1.13955,1.1397,1.13955,1.1397,404
2026-06-24 18:30,1782325800,1.1397,1.14,1.13965,1.1397,805
2026-06-24 18:35,1782326100,1.13965,1.13965,1.13945,1.13955,284
2026-06-24 18:40,1782326400,1.1396,1.13965,1.1394,1.13945,275
2026-06-24 18:45,1782326700,1.1394,1.1395,1.13935,1.1395,257
2026-06-24 18:50,1782327000,1.1395,1.1396,1.1395,1.13955,397
2026-06-24 18:55,1782327300,1.13955,1.1396,1.13925,1.1394,2335
2026-06-24 19:00,1782327600,1.1394,1.1398,1.1394,1.13975,1744
2026-06-24 19:05,1782327900,1.13975,1.13975,1.1394,1.13945,346
2026-06-24 19:10,1782328200,1.13945,1.13945,1.13925,1.13925,289
2026-06-24 19:15,1782328500,1.13925,1.13925,1.13895,1.1391,578
2026-06-24 19:20,1782328800,1.1391,1.13925,1.1391,1.1392,199
2026-06-24 19:25,1782329100,1.13925,1.1394,1.13925,1.13935,265
2026-06-24 19:30,1782329400,1.1394,1.13955,1.1393,1.1394,284
2026-06-24 19:35,1782329700,1.1394,1.13945,1.1393,1.13945,203
2026-06-24 19:40,1782330000,1.1395,1.1396,1.1394,1.13955,769
2026-06-24 19:45,1782330300,1.1396,1.13965,1.13955,1.13955,293
2026-06-24 19:50,1782330600,1.1395,1.13965,1.1394,1.13965,582
2026-06-24 19:55,1782330900,1.1396,1.1396,1.13925,1.1393,863
2026-06-24 20:00,1782331200,1.13925,1.13955,1.13915,1.1394,747
2026-06-24 20:05,1782331500,1.13935,1.13945,1.1393,1.13935,90
2026-06-24 20:10,1782331800,1.13935,1.13945,1.1392,1.1393,275
2026-06-24 20:15,1782332100,1.1393,1.13935,1.1392,1.13935,192
2026-06-24 20:20,1782332400,1.1394,1.13965,1.13935,1.13955,726
2026-06-24 20:25,1782332700,1.13955,1.1397,1.1395,1.13965,178
2026-06-24 20:30,1782333000,1.13965,1.13985,1.1396,1.1397,272
2026-06-24 20:35,1782333300,1.1397,1.1398,1.1397,1.13975,378
2026-06-24 20:40,1782333600,1.13975,1.1399,1.13975,1.13985,269
2026-06-24 20:45,1782333900,1.13985,1.1399,1.13965,1.13965,291
2026-06-24 20:50,1782334200,1.13965,1.13995,1.1396,1.13985,394
2026-06-24 20:55,1782334500,1.1399,1.1399,1.1397,1.1399,244
2026-06-24 22:00,1782338400,1.1399,1.1399,1.13955,1.13955,0
2026-06-24 22:05,1782338700,1.13955,1.1396,1.13945,1.13945,113
2026-06-24 22:10,1782339000,1.1395,1.13955,1.13945,1.13945,36
2026-06-24 22:15,1782339300,1.13945,1.13945,1.13935,1.13935,96
2026-06-24 22:20,1782339600,1.13935,1.1394,1.1393,1.13935,108
2026-06-24 22:25,1782339900,1.13935,1.13935,1.13935,1.13935,24
2026-06-24 22:30,1782340200,1.1394,1.13945,1.1394,1.13945,61
2026-06-24 22:35,1782340500,1.13945,1.13945,1.13945,1.13945,12
2026-06-24 22:40,1782340800,1.1395,1.1395,1.13945,1.13945,20
2026-06-24 22:45,1782341100,1.13945,1.1395,1.1394,1.1394,21
2026-06-24 22:50,1782341400,1.1394,1.1394,1.1393,1.1393,46
2026-06-24 22:55,1782341700,1.13925,1.1393,1.13925,1.1393,16
2026-06-24 23:00,1782342000,1.13935,1.13935,1.13915,1.13915,37
2026-06-24 23:05,1782342300,1.13915,1.1392,1.13915,1.1392,129
2026-06-24 23:10,1782342600,1.13925,1.13925,1.1392,1.13925,31
2026-06-24 23:15,1782342900,1.1393,1.1394,1.1393,1.1394,206
2026-06-24 23:20,1782343200,1.13935,1.13935,1.1393,1.1393,68
2026-06-24 23:25,1782343500,1.1393,1.1393,1.1393,1.1393,19
2026-06-24 23:30,1782343800,1.13925,1.1393,1.13915,1.1393,194
2026-06-24 23:35,1782344100,1.1393,1.1394,1.1393,1.1394,63
2026-06-24 23:40,1782344400,1.13935,1.13935,1.13925,1.1393,44
2026-06-24 23:45,1782344700,1.1393,1.1394,1.13915,1.1392,88
2026-06-24 23:50,1782345000,1.13915,1.13915,1.13905,1.1391,57
2026-06-24 23:55,1782345300,1.1391,1.1392,1.1391,1.13915,110
2026-06-25 00:00,1782345600,1.1392,1.13925,1.139,1.1392,289
2026-06-25 00:05,1782345900,1.1392,1.13925,1.13905,1.13905,109
2026-06-25 00:10,1782346200,1.13905,1.1391,1.13885,1.1389,84
2026-06-25 00:15,1782346500,1.13895,1.139,1.13885,1.1389,72
2026-06-25 00:20,1782346800,1.13885,1.1389,1.13885,1.13885,152
2026-06-25 00:25,1782347100,1.13885,1.13885,1.13865,1.13875,159
2026-06-25 00:30,1782347400,1.13875,1.13875,1.1386,1.13865,112
2026-06-25 00:35,1782347700,1.13865,1.13865,1.13855,1.1386,166
2026-06-25 00:40,1782348000,1.13865,1.1387,1.13855,1.1387,89
2026-06-25 00:45,1782348300,1.13865,1.13885,1.13865,1.1388,61
2026-06-25 00:50,1782348600,1.1388,1.1392,1.1388,1.1391,164
2026-06-25 00:55,1782348900,1.1391,1.13915,1.139,1.1391,179
2026-06-25 01:00,1782349200,1.1391,1.13965,1.1391,1.13955,270
2026-06-25 01:05,1782349500,1.13945,1.13975,1.1394,1.13975,176
2026-06-25 01:10,1782349800,1.1397,1.1399,1.1396,1.13985,330
2026-06-25 01:15,1782350100,1.13985,1.14045,1.1398,1.14045,649
2026-06-25 01:20,1782350400,1.1404,1.14055,1.1402,1.14025,407
2026-06-25 01:25,1782350700,1.14025,1.1403,1.13995,1.13995,248
2026-06-25 01:30,1782351000,1.13995,1.1402,1.13955,1.1396,332
2026-06-25 01:35,1782351300,1.1395,1.1399,1.1395,1.13985,152
2026-06-25 01:40,1782351600,1.13985,1.1399,1.1397,1.13985,177
2026-06-25 01:45,1782351900,1.13985,1.13985,1.13965,1.1397,77
2026-06-25 01:50,1782352200,1.1397,1.13985,1.13965,1.13975,175
2026-06-25 01:55,1782352500,1.13975,1.13985,1.13945,1.1396,164
2026-06-25 02:00,1782352800,1.13955,1.1396,1.13945,1.1396,85
2026-06-25 02:05,1782353100,1.13955,1.1399,1.13955,1.13975,288
2026-06-25 02:10,1782353400,1.13975,1.13985,1.13965,1.13985,189
2026-06-25 02:15,1782353700,1.1398,1.14005,1.13975,1.14005,134
2026-06-25 02:20,1782354000,1.14005,1.1402,1.14005,1.14015,130
2026-06-25 02:25,1782354300,1.14015,1.14025,1.14015,1.1402,252
2026-06-25 02:30,1782354600,1.1402,1.1402,1.1401,1.14015,72
2026-06-25 02:35,1782354900,1.14015,1.1403,1.14015,1.14025,54
2026-06-25 02:40,1782355200,1.14025,1.14025,1.13995,1.14005,233
2026-06-25 02:45,1782355500,1.14005,1.14005,1.13995,1.13995,93
2026-06-25 02:50,1782355800,1.13995,1.1401,1.13995,1.1401,84
2026-06-25 02:55,1782356100,1.1401,1.14015,1.14005,1.1401,128
2026-06-25 03:00,1782356400,1.14005,1.14035,1.14005,1.14035,191
2026-06-25 03:05,1782356700,1.14035,1.14045,1.14025,1.14025,178
2026-06-25 03:10,1782357000,1.1402,1.14045,1.1402,1.14045,191
2026-06-25 03:15,1782357300,1.14045,1.1405,1.1402,1.1405,312
2026-06-25 03:20,1782357600,1.1405,1.1405,1.14025,1.1404,168
2026-06-25 03:25,1782357900,1.14035,1.14045,1.1403,1.1403,94
2026-06-25 03:30,1782358200,1.14035,1.1404,1.1403,1.1404,102
2026-06-25 03:35,1782358500,1.14035,1.14045,1.1403,1.14045,128
2026-06-25 03:40,1782358800,1.14045,1.14055,1.1404,1.1405,322
2026-06-25 03:45,1782359100,1.14055,1.1408,1.1405,1.14075,342
2026-06-25 03:50,1782359400,1.14075,1.1409,1.14075,1.14075,242
2026-06-25 03:55,1782359700,1.1407,1.1407,1.1405,1.1407,145
2026-06-25 04:05,1782360300,1.14065,1.1407,1.14065,1.1407,212
2026-06-25 04:10,1782360600,1.14065,1.1408,1.14065,1.14075,61
2026-06-25 04:15,1782360900,1.1408,1.1408,1.14065,1.14075,134
2026-06-25 04:20,1782361200,1.1408,1.14085,1.1407,1.1407,51
2026-06-25 04:25,1782361500,1.14075,1.1408,1.14075,1.14075,76
2026-06-25 04:30,1782361800,1.14075,1.14075,1.14055,1.1406,127
2026-06-25 04:35,1782362100,1.1406,1.14065,1.1406,1.1406,42
2026-06-25 04:40,1782362400,1.1405,1.1405,1.14035,1.14045,230
2026-06-25 04:45,1782362700,1.1404,1.14045,1.1404,1.1404,66
2026-06-25 04:50,1782363000,1.1404,1.1405,1.1404,1.14045,52
2026-06-25 04:55,1782363300,1.14045,1.1406,1.14045,1.1405,117
2026-06-25 05:00,1782363600,1.14045,1.14055,1.14045,1.14055,236
2026-06-25 05:05,1782363900,1.14055,1.14055,1.14035,1.14045,158
2026-06-25 05:10,1782364200,1.14045,1.14055,1.14035,1.14035,144
2026-06-25 05:15,1782364500,1.14035,1.1404,1.14035,1.14035,227
2026-06-25 05:20,1782364800,1.1403,1.1403,1.14015,1.1402,179
2026-06-25 05:25,1782365100,1.14025,1.1403,1.14015,1.1402,138
2026-06-25 05:30,1782365400,1.14015,1.14025,1.1401,1.1402,144
2026-06-25 05:35,1782365700,1.1402,1.1403,1.14015,1.1402,197
2026-06-25 05:40,1782366000,1.14015,1.14015,1.14,1.14,189
2026-06-25 05:45,1782366300,1.14,1.1401,1.1399,1.14005,236
2026-06-25 05:50,1782366600,1.14,1.14015,1.14,1.14,153
2026-06-25 05:55,1782366900,1.14,1.14,1.13975,1.1399,232
2026-06-25 06:00,1782367200,1.13985,1.1401,1.13985,1.1399,708
2026-06-25 06:05,1782367500,1.1399,1.14005,1.1397,1.13995,625
2026-06-25 06:10,1782367800,1.1399,1.14015,1.1399,1.14015,583
2026-06-25 06:15,1782368100,1.1402,1.1402,1.14,1.1401,205
2026-06-25 06:20,1782368400,1.14005,1.1403,1.14,1.1402,468
2026-06-25 06:25,1782368700,1.1402,1.1402,1.14,1.14005,699
2026-06-25 06:30,1782369000,1.14,1.14,1.13925,1.1393,1807
2026-06-25 06:35,1782369300,1.1393,1.1395,1.13925,1.1395,445
2026-06-25 06:40,1782369600,1.1395,1.1395,1.13925,1.13945,379
2026-06-25 06:45,1782369900,1.1395,1.1396,1.13925,1.1394,399
2026-06-25 06:50,1782370200,1.1394,1.13955,1.13925,1.1393,272
2026-06-25 06:55,1782370500,1.1393,1.1393,1.13905,1.13905,908
2026-06-25 07:00,1782370800,1.13905,1.13965,1.139,1.1396,919
2026-06-25 07:05,1782371100,1.13965,1.1398,1.13945,1.13955,706
2026-06-25 07:10,1782371400,1.13955,1.1396,1.1388,1.1388,1062
2026-06-25 07:15,1782371700,1.1388,1.13895,1.13825,1.13895,1838
2026-06-25 07:20,1782372000,1.13895,1.13925,1.13865,1.1388,1156
2026-06-25 07:25,1782372300,1.13885,1.1392,1.1387,1.139,1200
2026-06-25 07:30,1782372600,1.139,1.1394,1.139,1.1391,351
2026-06-25 07:35,1782372900,1.1391,1.13935,1.13905,1.13925,423
2026-06-25 07:40,1782373200,1.1392,1.1393,1.1391,1.13925,501
2026-06-25 07:45,1782373500,1.1392,1.13935,1.1391,1.1392,411
2026-06-25 07:50,1782373800,1.1393,1.13965,1.13925,1.13945,359
2026-06-25 07:55,1782374100,1.13945,1.13975,1.13935,1.1397,431
2026-06-25 08:00,1782374400,1.13975,1.14015,1.1397,1.13995,1682
2026-06-25 08:05,1782374700,1.13995,1.1402,1.13975,1.1399,403
2026-06-25 08:10,1782375000,1.1399,1.1401,1.1399,1.13995,443
2026-06-25 08:15,1782375300,1.13995,1.14005,1.13985,1.13995,405
2026-06-25 08:20,1782375600,1.14,1.14055,1.14,1.14055,796
2026-06-25 08:25,1782375900,1.1405,1.1406,1.14035,1.14055,805
2026-06-25 08:30,1782376200,1.14055,1.14105,1.14055,1.14085,1456
2026-06-25 08:35,1782376500,1.14085,1.141,1.14075,1.14095,917
2026-06-25 08:40,1782376800,1.1409,1.1409,1.14075,1.14085,433
2026-06-25 08:45,1782377100,1.14085,1.14095,1.14065,1.1409,808
2026-06-25 08:50,1782377400,1.1409,1.14095,1.14045,1.14045,606
2026-06-25 08:55,1782377700,1.14045,1.1406,1.1404,1.14055,513
2026-06-25 09:00,1782378000,1.14055,1.14055,1.1403,1.14055,428
2026-06-25 09:05,1782378300,1.1405,1.14055,1.1401,1.1402,252
2026-06-25 09:10,1782378600,1.1402,1.14035,1.14015,1.14035,348
2026-06-25 09:15,1782378900,1.14035,1.14045,1.1403,1.1403,295
2026-06-25 09:20,1782379200,1.1403,1.1404,1.1402,1.1404,352
2026-06-25 09:25,1782379500,1.1404,1.14085,1.14025,1.14075,770
2026-06-25 09:30,1782379800,1.14075,1.1412,1.14075,1.1408,1420
2026-06-25 09:35,1782380100,1.14085,1.14085,1.1406,1.14065,359
2026-06-25 09:40,1782380400,1.1406,1.1406,1.1402,1.1402,391
2026-06-25 09:45,1782380700,1.1402,1.14025,1.14,1.1402,482
2026-06-25 09:50,1782381000,1.14015,1.1404,1.1401,1.14035,389
2026-06-25 09:55,1782381300,1.1403,1.14035,1.13995,1.13995,429
2026-06-25 10:00,1782381600,1.13995,1.14,1.13955,1.13955,1266
2026-06-25 10:05,1782381900,1.13955,1.13965,1.13945,1.1395,1005
2026-06-25 10:10,1782382200,1.13945,1.1395,1.13925,1.13945,1062
2026-06-25 10:15,1782382500,1.1394,1.1394,1.13915,1.1392,1062
2026-06-25 10:20,1782382800,1.13925,1.1394,1.1392,1.1393,1298
2026-06-25 10:25,1782383100,1.13935,1.1394,1.13915,1.1393,954
2026-06-25 10:30,1782383400,1.13925,1.13935,1.139,1.13915,616
2026-06-25 10:35,1782383700,1.1391,1.1391,1.1388,1.1389,723
2026-06-25 10:40,1782384000,1.13885,1.13895,1.13865,1.13865,696
2026-06-25 10:45,1782384300,1.13865,1.13865,1.1384,1.13845,684
2026-06-25 10:50,1782384600,1.1385,1.1386,1.1382,1.1383,1120
2026-06-25 10:55,1782384900,1.13825,1.13835,1.1381,1.13835,793
2026-06-25 11:00,1782385200,1.1384,1.1384,1.13795,1.13815,731
2026-06-25 11:05,1782385500,1.13815,1.1383,1.1381,1.1382,205
2026-06-25 11:10,1782385800,1.1382,1.1383,1.13815,1.1382,292
2026-06-25 11:15,1782386100,1.1382,1.1382,1.1378,1.13785,698
2026-06-25 11:20,1782386400,1.1379,1.138,1.13765,1.13775,2066
2026-06-25 11:25,1782386700,1.13775,1.13785,1.1375,1.13755,555
2026-06-25 11:30,1782387000,1.1375,1.13765,1.13735,1.13735,822
2026-06-25 11:35,1782387300,1.13735,1.13745,1.13715,1.1373,711
2026-06-25 11:40,1782387600,1.1373,1.1377,1.1373,1.13755,619
2026-06-25 11:45,1782387900,1.13755,1.13755,1.1373,1.1374,240
2026-06-25 11:50,1782388200,1.1374,1.13765,1.13715,1.1373,1166
2026-06-25 11:55,1782388500,1.13725,1.13755,1.13715,1.13755,1053
2026-06-25 12:00,1782388800,1.13755,1.13775,1.1374,1.1376,846
2026-06-25 12:05,1782389100,1.1376,1.13805,1.1376,1.13795,1073
2026-06-25 12:10,1782389400,1.1379,1.13795,1.13775,1.13795,750
2026-06-25 12:15,1782389700,1.13795,1.13805,1.13765,1.13795,579
2026-06-25 12:20,1782390000,1.1379,1.13795,1.1376,1.1379,791
2026-06-25 12:25,1782390300,1.1379,1.13795,1.13775,1.1378,964
2026-06-25 12:30,1782390600,1.13795,1.13955,1.13785,1.13885,4701
2026-06-25 12:35,1782390900,1.1389,1.13965,1.13875,1.13935,2433
2026-06-25 12:40,1782391200,1.13935,1.1402,1.13905,1.14005,2647
2026-06-25 12:45,1782391500,1.14,1.1402,1.1396,1.13965,2517
2026-06-25 12:50,1782391800,1.13965,1.1397,1.1393,1.1395,1043
2026-06-25 12:55,1782392100,1.13955,1.1397,1.13895,1.13915,1045
2026-06-25 13:00,1782392400,1.13915,1.13955,1.13905,1.1391,1155
2026-06-25 13:05,1782392700,1.1391,1.13935,1.1388,1.1388,898
2026-06-25 13:10,1782393000,1.13875,1.1392,1.1387,1.1391,684
2026-06-25 13:15,1782393300,1.13915,1.13935,1.1391,1.13935,2208
2026-06-25 13:20,1782393600,1.13935,1.14025,1.13935,1.14005,1926
2026-06-25 13:25,1782393900,1.14005,1.1403,1.13995,1.1403,1224
2026-06-25 13:30,1782394200,1.1403,1.14045,1.1399,1.14015,1883
2026-06-25 13:35,1782394500,1.14015,1.1407,1.1401,1.1407,1116
2026-06-25 13:40,1782394800,1.1407,1.1407,1.13985,1.1399,1511
2026-06-25 13:45,1782395100,1.1399,1.1405,1.1398,1.1402,1545
2026-06-25 13:50,1782395400,1.1402,1.1406,1.13995,1.14005,1285
2026-06-25 13:55,1782395700,1.14,1.14015,1.13965,1.1401,2298
2026-06-25 14:00,1782396000,1.1401,1.14175,1.14005,1.1417,2743
2026-06-25 14:05,1782396300,1.1417,1.1421,1.1411,1.1414,6831
2026-06-25 14:10,1782396600,1.1414,1.1416,1.1411,1.14115,1039
2026-06-25 14:15,1782396900,1.1412,1.1415,1.1407,1.1409,2133
2026-06-25 14:20,1782397200,1.14085,1.1409,1.1403,1.1404,1406
2026-06-25 14:25,1782397500,1.1404,1.14095,1.14035,1.1409,1527
2026-06-25 14:30,1782397800,1.1409,1.14125,1.1408,1.14125,1855
2026-06-25 14:35,1782398100,1.14115,1.1415,1.1411,1.14145,1816
2026-06-25 14:40,1782398400,1.14145,1.14165,1.14115,1.14155,1258
2026-06-25 14:45,1782398700,1.1416,1.14195,1.14145,1.14175,2464
2026-06-25 14:50,1782399000,1.1417,1.14185,1.14115,1.1414,2071
2026-06-25 14:55,1782399300,1.1414,1.14185,1.14125,1.14125,2813
2026-06-25 15:00,1782399600,1.14125,1.14215,1.1412,1.14215,3637
2026-06-25 15:05,1782399900,1.1421,1.14235,1.1416,1.14165,3714
2026-06-25 15:10,1782400200,1.14165,1.14165,1.1411,1.14135,1836
2026-06-25 15:15,1782400500,1.14135,1.14175,1.14115,1.14175,2128
2026-06-25 15:20,1782400800,1.1417,1.14215,1.14165,1.14215,1119
2026-06-25 15:25,1782401100,1.14215,1.14255,1.14215,1.14245,1718
2026-06-25 15:30,1782401400,1.1425,1.1426,1.142,1.14215,1126
2026-06-25 15:35,1782401700,1.14215,1.1423,1.14195,1.14205,1788
2026-06-25 15:40,1782402000,1.14205,1.1421,1.1418,1.14185,713
2026-06-25 15:45,1782402300,1.1418,1.14215,1.14175,1.14195,808
2026-06-25 15:50,1782402600,1.14195,1.14195,1.1416,1.1417,887
2026-06-25 15:55,1782402900,1.1417,1.14225,1.14155,1.1422,1171
2026-06-25 16:00,1782403200,1.1422,1.14235,1.14205,1.1421,859
2026-06-25 16:05,1782403500,1.1421,1.14215,1.1418,1.14195,600
2026-06-25 16:10,1782403800,1.142,1.1421,1.1419,1.1419,312
2026-06-25 16:15,1782404100,1.14195,1.1425,1.14185,1.14225,1501
2026-06-25 16:20,1782404400,1.1423,1.14235,1.1421,1.14215,451
2026-06-25 16:25,1782404700,1.14215,1.14245,1.1421,1.1423,861
2026-06-25 16:30,1782405000,1.1423,1.1423,1.142,1.14205,627
2026-06-25 16:35,1782405300,1.142,1.14205,1.14185,1.14195,332
2026-06-25 16:40,1782405600,1.14195,1.14195,1.14155,1.1416,314
2026-06-25 16:45,1782405900,1.14155,1.1416,1.14115,1.1415,1659
2026-06-25 16:50,1782406200,1.1415,1.1415,1.1412,1.1413,489
2026-06-25 16:55,1782406500,1.1413,1.14135,1.1411,1.1412,499
2026-06-25 17:00,1782406800,1.1412,1.1413,1.1411,1.14125,374
2026-06-25 17:05,1782407100,1.1413,1.1415,1.1412,1.1413,351
2026-06-25 17:10,1782407400,1.1413,1.1414,1.14125,1.14125,332
2026-06-25 17:15,1782407700,1.14125,1.14125,1.1411,1.1411,200
2026-06-25 17:20,1782408000,1.1411,1.1411,1.14095,1.14105,342
2026-06-25 17:25,1782408300,1.1411,1.14125,1.141,1.14115,406
2026-06-25 17:30,1782408600,1.14115,1.14125,1.14095,1.14105,251
2026-06-25 17:35,1782408900,1.14105,1.14115,1.141,1.14105,177
2026-06-25 17:40,1782409200,1.1411,1.1412,1.14105,1.1411,175
2026-06-25 17:45,1782409500,1.1411,1.1411,1.141,1.1411,334
2026-06-25 17:50,1782409800,1.14115,1.14145,1.14115,1.14145,508
2026-06-25 17:55,1782410100,1.14145,1.14155,1.1412,1.1412,556
2026-06-25 18:00,1782410400,1.1412,1.14125,1.14075,1.141,1267
2026-06-25 18:05,1782410700,1.14095,1.14125,1.14095,1.14125,277
2026-06-25 18:10,1782411000,1.1413,1.14165,1.1413,1.14165,333
2026-06-25 18:15,1782411300,1.1416,1.1418,1.14155,1.14165,488
2026-06-25 18:20,1782411600,1.1417,1.1417,1.14155,1.14155,191
2026-06-25 18:25,1782411900,1.1416,1.1417,1.1414,1.1417,365
2026-06-25 18:30,1782412200,1.1417,1.1417,1.14135,1.14135,263
2026-06-25 18:35,1782412500,1.1414,1.1415,1.14115,1.1414,1280
2026-06-25 18:40,1782412800,1.1414,1.1414,1.14115,1.14125,246
2026-06-25 18:45,1782413100,1.1412,1.1413,1.14115,1.1412,222
2026-06-25 18:50,1782413400,1.1412,1.14155,1.14115,1.14145,346
2026-06-25 18:55,1782413700,1.1415,1.14155,1.141,1.14105,2113
2026-06-25 19:00,1782414000,1.14105,1.14125,1.141,1.14115,764
2026-06-25 19:05,1782414300,1.14115,1.1412,1.14095,1.14095,299
2026-06-25 19:10,1782414600,1.14095,1.1411,1.14085,1.1411,207
2026-06-25 19:15,1782414900,1.1411,1.1414,1.1411,1.14115,372
2026-06-25 19:20,1782415200,1.1412,1.14135,1.1412,1.14135,164
2026-06-25 19:25,1782415500,1.1414,1.1415,1.14135,1.1415,198
2026-06-25 19:30,1782415800,1.14155,1.14165,1.1415,1.14155,208
2026-06-25 19:35,1782416100,1.14155,1.14165,1.1415,1.14155,196
2026-06-25 19:40,1782416400,1.1416,1.1418,1.14105,1.1411,1866
2026-06-25 19:45,1782416700,1.14105,1.1412,1.1409,1.14095,683
2026-06-25 19:50,1782417000,1.14095,1.141,1.14065,1.14075,660
2026-06-25 19:55,1782417300,1.1407,1.14105,1.1407,1.141,662
2026-06-25 20:00,1782417600,1.141,1.1412,1.141,1.1411,458
2026-06-25 20:05,1782417900,1.14115,1.14115,1.14095,1.141,323
2026-06-25 20:10,1782418200,1.141,1.14105,1.14095,1.14095,93
2026-06-25 20:15,1782418500,1.14095,1.141,1.1409,1.14095,120
2026-06-25 20:20,1782418800,1.141,1.14105,1.141,1.141,111
2026-06-25 20:25,1782419100,1.141,1.1411,1.141,1.14105,263
2026-06-25 20:30,1782419400,1.141,1.1411,1.141,1.14105,115
2026-06-25 20:35,1782419700,1.1411,1.1411,1.1409,1.1409,91
2026-06-25 20:40,1782420000,1.14095,1.141,1.1409,1.141,82
2026-06-25 20:45,1782420300,1.14095,1.141,1.1409,1.14095,36
2026-06-25 20:50,1782420600,1.1409,1.14095,1.1409,1.1409,112
2026-06-25 20:55,1782420900,1.14085,1.14085,1.14065,1.14065,215
2026-06-25 22:00,1782424800,1.14105,1.14105,1.14085,1.1409,0
2026-06-25 22:05,1782425100,1.1409,1.14095,1.14085,1.1409,129
2026-06-25 22:10,1782425400,1.1409,1.14095,1.14085,1.1409,57
2026-06-25 22:15,1782425700,1.14085,1.1409,1.14085,1.14085,27
2026-06-25 22:20,1782426000,1.14085,1.14085,1.1408,1.14085,43
2026-06-25 22:25,1782426300,1.1408,1.14085,1.14055,1.14055,165
2026-06-25 22:30,1782426600,1.14065,1.1408,1.1406,1.14075,133
2026-06-25 22:35,1782426900,1.1408,1.1408,1.14065,1.1407,77
2026-06-25 22:40,1782427200,1.14065,1.1407,1.14055,1.14055,82
2026-06-25 22:45,1782427500,1.1405,1.14065,1.1405,1.1405,116
2026-06-25 22:50,1782427800,1.1405,1.1405,1.1404,1.1404,62
2026-06-25 22:55,1782428100,1.1404,1.1407,1.1404,1.1407,510
2026-06-25 23:00,1782428400,1.1407,1.1408,1.14015,1.14035,695
2026-06-25 23:05,1782428700,1.1404,1.14045,1.14025,1.1403,99
2026-06-25 23:10,1782429000,1.14035,1.14045,1.1403,1.14035,118
2026-06-25 23:15,1782429300,1.14035,1.14035,1.14005,1.1401,251
2026-06-25 23:20,1782429600,1.1401,1.14015,1.14005,1.14005,87
2026-06-25 23:25,1782429900,1.1401,1.1402,1.14005,1.14015,66
2026-06-25 23:30,1782430200,1.1402,1.1402,1.13985,1.13985,133
2026-06-25 23:35,1782430500,1.13985,1.1399,1.1398,1.13985,74
2026-06-25 23:40,1782430800,1.13985,1.14,1.13985,1.14,56
2026-06-25 23:45,1782431100,1.13995,1.14,1.13985,1.13995,97
2026-06-25 23:50,1782431400,1.13995,1.14005,1.1399,1.14,72
2026-06-25 23:55,1782431700,1.14,1.14,1.1397,1.13985,191
2026-06-26 00:00,1782432000,1.1399,1.14005,1.1398,1.13995,322
2026-06-26 00:05,1782432300,1.1399,1.14,1.13985,1.14,128
2026-06-26 00:10,1782432600,1.13995,1.14005,1.13985,1.14005,119
2026-06-26 00:15,1782432900,1.14005,1.14005,1.1399,1.13995,176
2026-06-26 00:20,1782433200,1.13995,1.14015,1.1399,1.14015,110
2026-06-26 00:25,1782433500,1.14015,1.1402,1.13995,1.1402,181
2026-06-26 00:30,1782433800,1.1402,1.14025,1.1401,1.14015,154
2026-06-26 00:35,1782434100,1.1402,1.14035,1.14,1.14,161
2026-06-26 00:40,1782434400,1.14005,1.1402,1.14005,1.1402,107
2026-06-26 00:45,1782434700,1.14015,1.1404,1.14015,1.14025,150
2026-06-26 00:50,1782435000,1.14025,1.1404,1.14,1.14005,207
2026-06-26 00:55,1782435300,1.1401,1.14025,1.1401,1.1402,143
2026-06-26 01:00,1782435600,1.1402,1.1404,1.1402,1.1404,218
2026-06-26 01:05,1782435900,1.14035,1.14045,1.14025,1.14035,100
2026-06-26 01:10,1782436200,1.14045,1.14065,1.14035,1.14035,199
2026-06-26 01:15,1782436500,1.14045,1.1405,1.14025,1.1404,264
2026-06-26 01:20,1782436800,1.1404,1.14045,1.14015,1.14015,102
2026-06-26 01:25,1782437100,1.14015,1.14025,1.1401,1.14025,78
2026-06-26 01:30,1782437400,1.1403,1.1403,1.13985,1.13985,286
2026-06-26 01:35,1782437700,1.1398,1.1398,1.13945,1.1396,643
2026-06-26 01:40,1782438000,1.1396,1.13965,1.1395,1.1396,111
2026-06-26 01:45,1782438300,1.1396,1.1397,1.1395,1.1395,209
2026-06-26 01:50,1782438600,1.1395,1.1396,1.13945,1.13955,281
2026-06-26 01:55,1782438900,1.13955,1.1397,1.1393,1.1397,469
2026-06-26 02:00,1782439200,1.13965,1.13995,1.1396,1.13985,165
2026-06-26 02:05,1782439500,1.1399,1.13995,1.13985,1.1399,141
2026-06-26 02:10,1782439800,1.1399,1.1399,1.1396,1.1396,132
2026-06-26 02:15,1782440100,1.13955,1.1396,1.13935,1.13935,184
2026-06-26 02:20,1782440400,1.1394,1.1395,1.13915,1.1392,295
2026-06-26 02:25,1782440700,1.1392,1.13935,1.13915,1.13925,207
2026-06-26 02:30,1782441000,1.1393,1.13935,1.13925,1.13935,53
2026-06-26 02:35,1782441300,1.1393,1.1394,1.13925,1.1394,72
2026-06-26 02:40,1782441600,1.1394,1.13975,1.13935,1.1396,162
2026-06-26 02:45,1782441900,1.1396,1.1396,1.13955,1.1396,24
2026-06-26 02:50,1782442200,1.1396,1.1397,1.1395,1.13955,154
2026-06-26 02:55,1782442500,1.1395,1.13965,1.13945,1.1396,144
2026-06-26 03:00,1782442800,1.1396,1.13985,1.1396,1.1398,189
2026-06-26 03:05,1782443100,1.1398,1.1399,1.13975,1.13985,60
2026-06-26 03:10,1782443400,1.1399,1.1402,1.1399,1.14,151
2026-06-26 03:15,1782443700,1.14,1.14015,1.14,1.14015,83
2026-06-26 03:20,1782444000,1.1401,1.1401,1.14,1.14,50
2026-06-26 03:25,1782444300,1.14005,1.1401,1.14005,1.1401,34
2026-06-26 03:30,1782444600,1.1401,1.1401,1.13995,1.13995,57
2026-06-26 03:35,1782444900,1.14,1.1403,1.14,1.14015,113
2026-06-26 03:40,1782445200,1.1401,1.14045,1.1401,1.14045,178
2026-06-26 03:45,1782445500,1.14045,1.14045,1.1403,1.14035,151
2026-06-26 03:50,1782445800,1.1403,1.1408,1.1403,1.14075,479
2026-06-26 03:55,1782446100,1.1407,1.14085,1.14065,1.1408,108
2026-06-26 04:05,1782446700,1.14075,1.14075,1.1407,1.1407,369
2026-06-26 04:10,1782447000,1.14075,1.14095,1.14075,1.14085,96
2026-06-26 04:15,1782447300,1.1409,1.14105,1.1409,1.14105,61
2026-06-26 04:20,1782447600,1.14105,1.14105,1.14095,1.14095,90
2026-06-26 04:25,1782447900,1.141,1.1412,1.141,1.1411,245
2026-06-26 04:30,1782448200,1.14105,1.14105,1.1409,1.1409,58
2026-06-26 04:35,1782448500,1.14095,1.141,1.1408,1.14085,88
2026-06-26 04:40,1782448800,1.1408,1.14095,1.1406,1.14095,225
2026-06-26 04:45,1782449100,1.14095,1.1411,1.14095,1.14105,67
2026-06-26 04:50,1782449400,1.1411,1.1413,1.1411,1.1413,99
2026-06-26 04:55,1782449700,1.1413,1.1414,1.1413,1.1414,252
2026-06-26 05:00,1782450000,1.14135,1.1415,1.14125,1.1413,332
2026-06-26 05:05,1782450300,1.1413,1.1414,1.14125,1.1414,121
2026-06-26 05:10,1782450600,1.14135,1.1414,1.1413,1.1413,107
2026-06-26 05:15,1782450900,1.14135,1.1415,1.14125,1.14135,187
2026-06-26 05:20,1782451200,1.14135,1.14135,1.1412,1.14125,73
2026-06-26 05:25,1782451500,1.14125,1.1416,1.14125,1.1415,144
2026-06-26 05:30,1782451800,1.1415,1.14155,1.14145,1.14145,80
2026-06-26 05:35,1782452100,1.14145,1.14145,1.1414,1.1414,34
2026-06-26 05:40,1782452400,1.1414,1.1417,1.1414,1.14165,179
2026-06-26 05:45,1782452700,1.1416,1.1416,1.1415,1.1416,105
2026-06-26 05:50,1782453000,1.1416,1.1419,1.14155,1.14185,514
2026-06-26 05:55,1782453300,1.14185,1.14185,1.14155,1.14155,297
2026-06-26 06:00,1782453600,1.1415,1.14165,1.14125,1.1413,355
2026-06-26 06:05,1782453900,1.1413,1.14135,1.14115,1.14115,140
2026-06-26 06:10,1782454200,1.14115,1.14125,1.14105,1.1412,219
2026-06-26 06:15,1782454500,1.14125,1.14135,1.14115,1.1413,128
2026-06-26 06:20,1782454800,1.1413,1.14145,1.1413,1.1414,93
2026-06-26 06:25,1782455100,1.14135,1.1416,1.14125,1.1416,266
2026-06-26 06:30,1782455400,1.1416,1.14195,1.1416,1.14175,417
2026-06-26 06:35,1782455700,1.14175,1.1418,1.1416,1.1416,222
2026-06-26 06:40,1782456000,1.14155,1.14175,1.1414,1.1414,289
2026-06-26 06:45,1782456300,1.14135,1.14155,1.14095,1.14095,979
2026-06-26 06:50,1782456600,1.14095,1.14145,1.14085,1.1413,592
2026-06-26 06:55,1782456900,1.1413,1.14145,1.1412,1.1412,400
2026-06-26 07:00,1782457200,1.1412,1.14145,1.14105,1.14105,619
2026-06-26 07:05,1782457500,1.1411,1.14155,1.1411,1.14145,818
2026-06-26 07:10,1782457800,1.14145,1.14155,1.1413,1.1414,526
2026-06-26 07:15,1782458100,1.1414,1.1415,1.14125,1.14145,287
2026-06-26 07:20,1782458400,1.14145,1.14145,1.14115,1.14135,316
2026-06-26 07:25,1782458700,1.14135,1.1414,1.1412,1.1412,261
2026-06-26 07:30,1782459000,1.1412,1.1419,1.1412,1.14175,1539
2026-06-26 07:35,1782459300,1.14175,1.1426,1.14175,1.14255,652
2026-06-26 07:40,1782459600,1.1425,1.14255,1.14225,1.1423,667
2026-06-26 07:45,1782459900,1.14225,1.14235,1.14215,1.1423,745
2026-06-26 07:50,1782460200,1.1423,1.1426,1.14225,1.1424,867
2026-06-26 07:55,1782460500,1.14235,1.1425,1.14225,1.14235,462
2026-06-26 08:00,1782460800,1.14235,1.1425,1.14205,1.1422,1380
2026-06-26 08:05,1782461100,1.1422,1.14345,1.1421,1.1433,1466
2026-06-26 08:10,1782461400,1.1433,1.1435,1.1428,1.1435,2022
2026-06-26 08:15,1782461700,1.1435,1.14375,1.1432,1.14345,1091
2026-06-26 08:20,1782462000,1.14345,1.14345,1.1432,1.14325,424
2026-06-26 08:25,1782462300,1.1433,1.14395,1.14315,1.14395,776
2026-06-26 08:30,1782462600,1.14395,1.14395,1.14325,1.1435,846
2026-06-26 08:35,1782462900,1.14355,1.14365,1.1434,1.14355,526
2026-06-26 08:40,1782463200,1.1436,1.1441,1.1435,1.144,1238
2026-06-26 08:45,1782463500,1.144,1.14445,1.1438,1.14395,1397
2026-06-26 08:50,1782463800,1.14395,1.14445,1.14395,1.1443,673
2026-06-26 08:55,1782464100,1.14435,1.14435,1.1438,1.14385,828
2026-06-26 09:00,1782464400,1.14385,1.14385,1.14335,1.1434,1606
2026-06-26 09:05,1782464700,1.1434,1.14375,1.1433,1.14365,783
2026-06-26 09:10,1782465000,1.1436,1.14365,1.1434,1.14345,272
2026-06-26 09:15,1782465300,1.14345,1.14375,1.14335,1.1436,1099
2026-06-26 09:20,1782465600,1.1436,1.1437,1.14355,1.14365,393
2026-06-26 09:25,1782465900,1.1436,1.14415,1.1436,1.14405,363
2026-06-26 09:30,1782466200,1.1441,1.14415,1.1438,1.14415,490
2026-06-26 09:35,1782466500,1.1442,1.14435,1.14405,1.14425,890
2026-06-26 09:40,1782466800,1.1443,1.1445,1.1442,1.14425,555
2026-06-26 09:45,1782467100,1.1443,1.14495,1.14425,1.1447,1800
2026-06-26 09:50,1782467400,1.1447,1.1449,1.14465,1.14465,687
2026-06-26 09:55,1782467700,1.14465,1.1447,1.1444,1.1444,607
2026-06-26 10:00,1782468000,1.1444,1.14455,1.1441,1.1443,426
2026-06-26 10:05,1782468300,1.14425,1.1444,1.1441,1.1443,196
2026-06-26 10:10,1782468600,1.14435,1.14435,1.14415,1.14425,459
2026-06-26 10:15,1782468900,1.1442,1.1444,1.14395,1.144,890
2026-06-26 10:20,1782469200,1.144,1.14405,1.14375,1.1439,1087
2026-06-26 10:25,1782469500,1.14385,1.1441,1.1438,1.1441,198
2026-06-26 10:30,1782469800,1.14405,1.14425,1.14405,1.14425,499
2026-06-26 10:35,1782470100,1.14425,1.14435,1.14415,1.1443,347
2026-06-26 10:40,1782470400,1.1443,1.1444,1.14395,1.14405,523
2026-06-26 10:45,1782470700,1.14405,1.14415,1.1439,1.14405,758
2026-06-26 10:50,1782471000,1.1441,1.1443,1.144,1.14425,366
2026-06-26 10:55,1782471300,1.14425,1.14425,1.14405,1.14425,296
2026-06-26 11:00,1782471600,1.14425,1.14435,1.14405,1.14415,634
2026-06-26 11:05,1782471900,1.1441,1.14415,1.14395,1.14415,346
2026-06-26 11:10,1782472200,1.1441,1.1443,1.14385,1.14395,505
2026-06-26 11:15,1782472500,1.14395,1.1442,1.14375,1.14415,1145
2026-06-26 11:20,1782472800,1.1442,1.1444,1.1441,1.14415,739
2026-06-26 11:25,1782473100,1.1441,1.14435,1.14395,1.1443,299
2026-06-26 11:30,1782473400,1.1443,1.14435,1.1439,1.14395,355
2026-06-26 11:35,1782473700,1.1439,1.1439,1.14365,1.1438,710
2026-06-26 11:40,1782474000,1.14385,1.1439,1.14365,1.1437,291
2026-06-26 11:45,1782474300,1.1437,1.14375,1.1435,1.14355,2156
2026-06-26 11:50,1782474600,1.14355,1.14355,1.1431,1.14335,935
2026-06-26 11:55,1782474900,1.14335,1.14365,1.14335,1.1436,979
2026-06-26 12:00,1782475200,1.1436,1.14385,1.1435,1.14385,753
2026-06-26 12:05,1782475500,1.14385,1.14395,1.14375,1.14385,519
2026-06-26 12:10,1782475800,1.14385,1.14395,1.1438,1.14385,193
2026-06-26 12:15,1782476100,1.14385,1.14415,1.14385,1.144,688
2026-06-26 12:20,1782476400,1.144,1.144,1.1437,1.1439,1566
2026-06-26 12:25,1782476700,1.14395,1.1444,1.14395,1.1442,1284
2026-06-26 12:30,1782477000,1.14415,1.1444,1.1439,1.144,1134
2026-06-26 12:35,1782477300,1.14405,1.1445,1.14395,1.1443,1135
2026-06-26 12:40,1782477600,1.1443,1.1447,1.1443,1.1445,1197
2026-06-26 12:45,1782477900,1.1445,1.14485,1.1444,1.1446,960
2026-06-26 12:50,1782478200,1.14465,1.14515,1.14455,1.145,1986
2026-06-26 12:55,1782478500,1.14505,1.1471,1.14505,1.14645,9928
2026-06-26 13:00,1782478800,1.1465,1.1467,1.14595,1.14615,3382
2026-06-26 13:05,1782479100,1.14615,1.14645,1.14555,1.1456,2922
2026-06-26 13:10,1782479400,1.1456,1.1459,1.14555,1.14575,3115
2026-06-26 13:15,1782479700,1.1457,1.14575,1.1449,1.1454,3664
2026-06-26 13:20,1782480000,1.1454,1.1461,1.14535,1.1458,2297
2026-06-26 13:25,1782480300,1.14575,1.14605,1.14575,1.14595,773
2026-06-26 13:30,1782480600,1.1459,1.1461,1.14575,1.14605,1300
2026-06-26 13:35,1782480900,1.14605,1.1462,1.14595,1.146,581
2026-06-26 13:40,1782481200,1.146,1.14625,1.14585,1.1461,845
2026-06-26 13:45,1782481500,1.14605,1.14605,1.1455,1.1456,1407
2026-06-26 13:50,1782481800,1.1456,1.14575,1.14545,1.1457,876
2026-06-26 13:55,1782482100,1.1457,1.1463,1.1455,1.14625,2225
2026-06-26 14:00,1782482400,1.14625,1.14685,1.1457,1.14585,3122
2026-06-26 14:05,1782482700,1.1458,1.146,1.1456,1.14585,1032
2026-06-26 14:10,1782483000,1.1459,1.1461,1.1457,1.1459,819
2026-06-26 14:15,1782483300,1.1459,1.14635,1.14575,1.14575,1345
2026-06-26 14:20,1782483600,1.1458,1.14645,1.14575,1.14605,765
2026-06-26 14:25,1782483900,1.14605,1.14615,1.14545,1.1455,824
2026-06-26 14:30,1782484200,1.1455,1.1457,1.1452,1.14525,608
2026-06-26 14:35,1782484500,1.14525,1.14545,1.1452,1.1453,514
2026-06-26 14:40,1782484800,1.14535,1.14545,1.14475,1.14535,1575
2026-06-26 14:45,1782485100,1.14535,1.14575,1.14525,1.14545,1606
2026-06-26 14:50,1782485400,1.14545,1.14545,1.1441,1.1442,4320
2026-06-26 14:55,1782485700,1.1442,1.14425,1.1431,1.14315,10457
2026-06-26 15:00,1782486000,1.1432,1.1436,1.14295,1.1434,7378
2026-06-26 15:05,1782486300,1.14345,1.1439,1.14335,1.1439,2030
2026-06-26 15:10,1782486600,1.14395,1.1441,1.1438,1.144,956
2026-06-26 15:15,1782486900,1.144,1.1441,1.1438,1.14395,777
2026-06-26 15:20,1782487200,1.14395,1.1444,1.14395,1.14425,1608
2026-06-26 15:25,1782487500,1.14425,1.1443,1.1441,1.14415,948
2026-06-26 15:30,1782487800,1.14425,1.1444,1.1439,1.144,1172
2026-06-26 15:35,1782488100,1.144,1.14435,1.14395,1.14425,774
2026-06-26 15:40,1782488400,1.1442,1.14435,1.144,1.14425,592
2026-06-26 15:45,1782488700,1.1443,1.14455,1.1442,1.1444,797
2026-06-26 15:50,1782489000,1.1444,1.1444,1.14325,1.1435,3763
2026-06-26 15:55,1782489300,1.14355,1.14405,1.1435,1.144,800
2026-06-26 16:00,1782489600,1.144,1.1441,1.14375,1.14395,763
2026-06-26 16:05,1782489900,1.1439,1.14405,1.14365,1.1437,401
2026-06-26 16:10,1782490200,1.1437,1.1438,1.14345,1.1437,593
2026-06-26 16:15,1782490500,1.14365,1.14375,1.14355,1.14365,494
2026-06-26 16:20,1782490800,1.1436,1.1436,1.14285,1.1429,2141
2026-06-26 16:25,1782491100,1.14285,1.143,1.14275,1.1429,874
2026-06-26 16:30,1782491400,1.1429,1.1432,1.1426,1.14265,1064
2026-06-26 16:35,1782491700,1.1426,1.14275,1.14205,1.1424,2997
2026-06-26 16:40,1782492000,1.14235,1.1428,1.14235,1.14265,763
2026-06-26 16:45,1782492300,1.1426,1.14275,1.1426,1.14265,434
2026-06-26 16:50,1782492600,1.14255,1.1428,1.14255,1.1427,570
2026-06-26 16:55,1782492900,1.14275,1.1429,1.14265,1.14275,394
2026-06-26 17:00,1782493200,1.14275,1.1429,1.1426,1.1428,364
2026-06-26 17:05,1782493500,1.14285,1.14305,1.14285,1.14295,200
2026-06-26 17:10,1782493800,1.14295,1.14305,1.14285,1.1429,319
2026-06-26 17:15,1782494100,1.14285,1.143,1.14275,1.1428,215
2026-06-26 17:20,1782494400,1.14275,1.1429,1.1427,1.14275,299
2026-06-26 17:25,1782494700,1.14275,1.1428,1.1426,1.1426,215
2026-06-26 17:30,1782495000,1.14265,1.1427,1.14225,1.1423,402
2026-06-26 17:35,1782495300,1.14235,1.14245,1.1422,1.1423,360
2026-06-26 17:40,1782495600,1.1423,1.1427,1.1422,1.14265,371
2026-06-26 17:45,1782495900,1.14265,1.14265,1.14245,1.14255,119
2026-06-26 17:50,1782496200,1.14255,1.1427,1.14255,1.1426,88
2026-06-26 17:55,1782496500,1.1426,1.1426,1.14225,1.1424,365
2026-06-26 18:00,1782496800,1.1424,1.1428,1.14225,1.1428,833
2026-06-26 18:05,1782497100,1.1428,1.1429,1.14265,1.1427,381
2026-06-26 18:10,1782497400,1.1427,1.14275,1.1426,1.1427,211
2026-06-26 18:15,1782497700,1.1427,1.1428,1.14255,1.1426,1170
2026-06-26 18:20,1782498000,1.14265,1.14265,1.14255,1.14255,118
2026-06-26 18:25,1782498300,1.14255,1.1427,1.14255,1.1427,155
2026-06-26 18:30,1782498600,1.1427,1.14285,1.1427,1.14285,122
2026-06-26 18:35,1782498900,1.14285,1.1429,1.1427,1.1428,186
2026-06-26 18:40,1782499200,1.14275,1.1428,1.1426,1.1427,122
2026-06-26 18:45,1782499500,1.1427,1.1427,1.1424,1.14255,326
2026-06-26 18:50,1782499800,1.14255,1.1427,1.1425,1.1426,317
2026-06-26 18:55,1782500100,1.14265,1.14275,1.14225,1.14235,1655
2026-06-26 19:00,1782500400,1.1423,1.14245,1.1422,1.14235,1029
2026-06-26 19:05,1782500700,1.14235,1.14245,1.14225,1.1424,143
2026-06-26 19:10,1782501000,1.14245,1.14245,1.1423,1.14235,149
2026-06-26 19:15,1782501300,1.1423,1.1423,1.14215,1.14215,1381
2026-06-26 19:20,1782501600,1.1421,1.14215,1.14185,1.14185,629
2026-06-26 19:25,1782501900,1.14185,1.14195,1.14185,1.1419,225
2026-06-26 19:30,1782502200,1.1419,1.14215,1.1418,1.1421,584
2026-06-26 19:35,1782502500,1.1421,1.14215,1.142,1.142,184
2026-06-26 19:40,1782502800,1.14205,1.14205,1.1419,1.142,288
2026-06-26 19:45,1782503100,1.14195,1.14225,1.1419,1.14225,396
2026-06-26 19:50,1782503400,1.1422,1.14265,1.1422,1.14255,1091
2026-06-26 19:55,1782503700,1.14255,1.14265,1.1424,1.1424,596
2026-06-26 20:00,1782504000,1.14245,1.1426,1.1424,1.14245,398
2026-06-26 20:05,1782504300,1.14245,1.14255,1.14225,1.14255,467
2026-06-26 20:10,1782504600,1.14255,1.1426,1.14255,1.14255,131
2026-06-26 20:15,1782504900,1.1426,1.1428,1.14255,1.1428,460
2026-06-26 20:20,1782505200,1.14275,1.14285,1.14275,1.14285,117
2026-06-26 20:25,1782505500,1.14285,1.14285,1.1427,1.1427,293
2026-06-26 20:30,1782505800,1.14275,1.1429,1.14255,1.14265,535
2026-06-26 20:35,1782506100,1.1426,1.1426,1.14205,1.1423,924
2026-06-26 20:40,1782506400,1.1423,1.1424,1.14205,1.14235,682
2026-06-26 20:45,1782506700,1.14235,1.14245,1.14215,1.14245,175
2026-06-26 20:50,1782507000,1.1424,1.1424,1.1419,1.14195,179
2026-06-26 20:55,1782507300,1.14185,1.1424,1.14185,1.14235,412
2026-06-28 22:10,1782684600,1.14215,1.14215,1.14195,1.142,125
2026-06-28 22:15,1782684900,1.14195,1.14205,1.14185,1.14185,112
2026-06-28 22:20,1782685200,1.14185,1.14195,1.14185,1.14185,56
2026-06-28 22:25,1782685500,1.1419,1.14205,1.14185,1.14195,236
2026-06-28 22:30,1782685800,1.142,1.1421,1.142,1.14205,40
2026-06-28 22:35,1782686100,1.14205,1.1421,1.14205,1.1421,11
2026-06-28 22:40,1782686400,1.1421,1.1422,1.1421,1.1422,142
2026-06-28 22:45,1782686700,1.1422,1.14225,1.1422,1.14225,19
2026-06-28 22:50,1782687000,1.14225,1.1423,1.14215,1.1422,112
2026-06-28 22:55,1782687300,1.14225,1.14225,1.1422,1.1422,47
2026-06-28 23:00,1782687600,1.14215,1.14235,1.14215,1.1423,253
2026-06-28 23:05,1782687900,1.14225,1.1423,1.1422,1.1423,44
2026-06-28 23:10,1782688200,1.14235,1.14235,1.1422,1.1422,74
2026-06-28 23:15,1782688500,1.1422,1.1422,1.1422,1.1422,43
2026-06-28 23:20,1782688800,1.14215,1.1422,1.14215,1.1422,60
2026-06-28 23:25,1782689100,1.1422,1.1422,1.1422,1.1422,21
2026-06-28 23:30,1782689400,1.14215,1.14215,1.1419,1.1419,131
2026-06-28 23:35,1782689700,1.14195,1.142,1.14195,1.142,18
2026-06-28 23:40,1782690000,1.142,1.14205,1.142,1.14205,33
2026-06-28 23:45,1782690300,1.1421,1.14215,1.14205,1.14215,79
2026-06-28 23:50,1782690600,1.14205,1.1422,1.14205,1.14215,40
2026-06-28 23:55,1782690900,1.1421,1.14225,1.1421,1.1422,39
2026-06-29 00:00,1782691200,1.14215,1.1425,1.142,1.1425,327
2026-06-29 00:05,1782691500,1.1424,1.1424,1.1423,1.1424,71
2026-06-29 00:10,1782691800,1.1424,1.1425,1.1423,1.1423,70
2026-06-29 00:15,1782692100,1.14225,1.14235,1.14205,1.14215,208
2026-06-29 00:20,1782692400,1.1422,1.1423,1.14215,1.14225,86
2026-06-29 00:25,1782692700,1.1422,1.14225,1.14215,1.14215,61
2026-06-29 00:30,1782693000,1.14215,1.14225,1.14205,1.14225,67
2026-06-29 00:35,1782693300,1.1422,1.14245,1.1422,1.1424,71
2026-06-29 00:40,1782693600,1.1424,1.14245,1.1424,1.1424,64
2026-06-29 00:45,1782693900,1.1424,1.1424,1.1421,1.14215,103
2026-06-29 00:50,1782694200,1.1422,1.1424,1.1422,1.1424,44
2026-06-29 00:55,1782694500,1.14245,1.1426,1.1424,1.1424,232
2026-06-29 01:00,1782694800,1.14245,1.1426,1.14215,1.14215,205
2026-06-29 01:05,1782695100,1.1422,1.1424,1.1422,1.1423,60
2026-06-29 01:10,1782695400,1.14235,1.1424,1.1423,1.14235,42
2026-06-29 01:15,1782695700,1.14235,1.14245,1.1422,1.14235,104
2026-06-29 01:20,1782696000,1.14235,1.1426,1.14235,1.1426,48
2026-06-29 01:25,1782696300,1.14255,1.1426,1.1425,1.1426,24
2026-06-29 01:30,1782696600,1.14245,1.1426,1.14245,1.14255,70
2026-06-29 01:35,1782696900,1.14255,1.1427,1.14255,1.1426,44
2026-06-29 01:40,1782697200,1.14265,1.14275,1.1426,1.1426,123
2026-06-29 01:45,1782697500,1.14255,1.14255,1.14245,1.14245,88
2026-06-29 01:50,1782697800,1.14245,1.14245,1.1423,1.1423,56
2026-06-29 01:55,1782698100,1.1423,1.1423,1.14215,1.14215,116
2026-06-29 02:00,1782698400,1.14215,1.14225,1.1421,1.14225,171
2026-06-29 02:05,1782698700,1.1423,1.14235,1.1422,1.1423,163
2026-06-29 02:10,1782699000,1.1423,1.1424,1.1423,1.14235,172
2026-06-29 02:15,1782699300,1.1424,1.1426,1.1424,1.1426,60
2026-06-29 02:20,1782699600,1.14265,1.1428,1.1426,1.14275,217
2026-06-29 02:25,1782699900,1.14275,1.143,1.14275,1.14295,180
2026-06-29 02:30,1782700200,1.1429,1.14295,1.14265,1.1427,127
2026-06-29 02:35,1782700500,1.14275,1.14275,1.1426,1.14265,28
2026-06-29 02:40,1782700800,1.1426,1.14265,1.14255,1.1426,120
2026-06-29 02:45,1782701100,1.1426,1.1426,1.14255,1.1426,65
2026-06-29 02:50,1782701400,1.14255,1.14255,1.1425,1.1425,41
2026-06-29 02:55,1782701700,1.1425,1.1425,1.14245,1.14245,54
2026-06-29 03:00,1782702000,1.14245,1.1425,1.14245,1.1425,54
2026-06-29 03:05,1782702300,1.14255,1.14255,1.14245,1.14255,52
2026-06-29 03:10,1782702600,1.1425,1.14265,1.1425,1.1426,33
2026-06-29 03:15,1782702900,1.14255,1.14255,1.14245,1.1425,78
2026-06-29 03:20,1782703200,1.14245,1.14255,1.1423,1.1424,279
2026-06-29 03:25,1782703500,1.1424,1.1425,1.1424,1.14245,31
2026-06-29 03:30,1782703800,1.1425,1.14255,1.1425,1.14255,90
2026-06-29 03:35,1782704100,1.1426,1.14265,1.1426,1.1426,62
2026-06-29 03:40,1782704400,1.1426,1.14265,1.14235,1.14235,159
2026-06-29 03:45,1782704700,1.14235,1.14235,1.1422,1.14225,136
2026-06-29 03:50,1782705000,1.14225,1.1423,1.14215,1.1423,149
2026-06-29 03:55,1782705300,1.1423,1.1423,1.14205,1.1421,113
2026-06-29 04:00,1782705600,1.14195,1.1421,1.14195,1.142,87
2026-06-29 04:05,1782705900,1.14195,1.14205,1.14195,1.142,71
2026-06-29 04:10,1782706200,1.142,1.142,1.1419,1.14195,44
2026-06-29 04:15,1782706500,1.14195,1.14195,1.1419,1.1419,28
2026-06-29 04:20,1782706800,1.14185,1.14185,1.1418,1.14185,106
2026-06-29 04:25,1782707100,1.14185,1.142,1.1418,1.142,69
2026-06-29 04:30,1782707400,1.14205,1.14215,1.14205,1.14215,82
2026-06-29 04:35,1782707700,1.14215,1.14215,1.14205,1.1421,45
2026-06-29 04:40,1782708000,1.14205,1.1421,1.142,1.14205,61
2026-06-29 04:45,1782708300,1.142,1.1421,1.142,1.1421,85
2026-06-29 04:50,1782708600,1.14205,1.14205,1.1419,1.1419,51
2026-06-29 04:55,1782708900,1.14185,1.1419,1.14175,1.1419,239
2026-06-29 05:00,1782709200,1.1419,1.14215,1.1419,1.14215,126
2026-06-29 05:05,1782709500,1.14215,1.1422,1.14215,1.1422,53
2026-06-29 05:10,1782709800,1.14225,1.14235,1.14225,1.1423,118
2026-06-29 05:15,1782710100,1.14235,1.14235,1.1422,1.1422,50
2026-06-29 05:20,1782710400,1.1422,1.14225,1.14215,1.14225,50
2026-06-29 05:25,1782710700,1.14225,1.1423,1.14225,1.1423,27
2026-06-29 05:30,1782711000,1.14235,1.1426,1.14235,1.1426,100
2026-06-29 05:35,1782711300,1.14265,1.1427,1.14255,1.14265,138
2026-06-29 05:40,1782711600,1.1427,1.14285,1.14265,1.14275,312
2026-06-29 05:45,1782711900,1.1427,1.143,1.1427,1.1429,157
2026-06-29 05:50,1782712200,1.1429,1.14315,1.1429,1.14305,314
2026-06-29 05:55,1782712500,1.143,1.1431,1.143,1.1431,110
2026-06-29 06:00,1782712800,1.14305,1.14315,1.1429,1.14295,252
2026-06-29 06:05,1782713100,1.14295,1.1431,1.14295,1.1431,180
2026-06-29 06:10,1782713400,1.143,1.14325,1.143,1.1432,207
2026-06-29 06:15,1782713700,1.14315,1.1434,1.14305,1.14335,300
2026-06-29 06:20,1782714000,1.1433,1.14335,1.1432,1.14325,106
2026-06-29 06:25,1782714300,1.1433,1.1434,1.14325,1.1434,174
2026-06-29 06:30,1782714600,1.1434,1.1436,1.1433,1.1436,327
2026-06-29 06:35,1782714900,1.1436,1.1439,1.14355,1.14385,490
2026-06-29 06:40,1782715200,1.1438,1.1439,1.1437,1.1437,229
2026-06-29 06:45,1782715500,1.1437,1.14405,1.1437,1.14405,288
2026-06-29 06:50,1782715800,1.14405,1.14465,1.14405,1.14445,1269
2026-06-29 06:55,1782716100,1.1444,1.1452,1.1444,1.1449,2368
2026-06-29 07:00,1782716400,1.14485,1.14495,1.1443,1.14445,980
2026-06-29 07:05,1782716700,1.14445,1.14445,1.1442,1.1443,231
2026-06-29 07:10,1782717000,1.14425,1.14435,1.14415,1.1443,422
2026-06-29 07:15,1782717300,1.14435,1.14455,1.1442,1.1444,511
2026-06-29 07:20,1782717600,1.1444,1.14465,1.14435,1.14455,434
2026-06-29 07:25,1782717900,1.1445,1.1445,1.1443,1.14445,166
2026-06-29 07:30,1782718200,1.1445,1.14455,1.1444,1.14445,292
2026-06-29 07:35,1782718500,1.14445,1.1448,1.1444,1.1448,269
2026-06-29 07:40,1782718800,1.14475,1.14475,1.1443,1.14435,310
2026-06-29 07:45,1782719100,1.14435,1.14445,1.14425,1.1443,709
2026-06-29 07:50,1782719400,1.14435,1.1444,1.1437,1.14375,646
2026-06-29 07:55,1782719700,1.14375,1.14405,1.14365,1.1439,1126
2026-06-29 08:00,1782720000,1.14395,1.1444,1.1439,1.14415,706
2026-06-29 08:05,1782720300,1.14415,1.1444,1.144,1.1441,192
2026-06-29 08:10,1782720600,1.1441,1.14415,1.14385,1.14385,175
2026-06-29 08:15,1782720900,1.14385,1.14395,1.14365,1.14365,343
2026-06-29 08:20,1782721200,1.1437,1.14385,1.1434,1.14355,519
2026-06-29 08:25,1782721500,1.1436,1.1439,1.1436,1.14385,449
2026-06-29 08:30,1782721800,1.14385,1.1442,1.14385,1.14395,472
2026-06-29 08:35,1782722100,1.1439,1.14395,1.14355,1.14355,679
2026-06-29 08:40,1782722400,1.1435,1.1437,1.1435,1.14355,222
2026-06-29 08:45,1782722700,1.1435,1.1435,1.14325,1.1433,502
2026-06-29 08:50,1782723000,1.1433,1.14335,1.1431,1.1431,979
2026-06-29 08:55,1782723300,1.1431,1.1433,1.14295,1.14325,585
2026-06-29 09:00,1782723600,1.1433,1.14355,1.14315,1.14335,464
2026-06-29 09:05,1782723900,1.1433,1.14355,1.1433,1.1434,145
2026-06-29 09:10,1782724200,1.1434,1.14365,1.1434,1.1435,259
2026-06-29 09:15,1782724500,1.1435,1.1437,1.1435,1.14355,200
2026-06-29 09:20,1782724800,1.1435,1.14365,1.1435,1.14355,210
2026-06-29 09:25,1782725100,1.14355,1.1439,1.1434,1.1437,770
2026-06-29 09:30,1782725400,1.14375,1.1439,1.1437,1.1438,207
2026-06-29 09:35,1782725700,1.1438,1.1439,1.14355,1.1436,282
2026-06-29 09:40,1782726000,1.1436,1.1436,1.14335,1.1435,652
2026-06-29 09:45,1782726300,1.1435,1.1437,1.14345,1.14365,86
2026-06-29 09:50,1782726600,1.1436,1.14375,1.14335,1.14375,408
2026-06-29 09:55,1782726900,1.14375,1.1441,1.14375,1.144,270
2026-06-29 10:00,1782727200,1.14395,1.14405,1.1439,1.144,83
2026-06-29 10:05,1782727500,1.144,1.1441,1.14395,1.14405,293
2026-06-29 10:10,1782727800,1.14405,1.14415,1.1439,1.1439,163
2026-06-29 10:15,1782728100,1.1439,1.1439,1.14375,1.14385,174
2026-06-29 10:20,1782728400,1.14385,1.14385,1.1437,1.14375,156
2026-06-29 10:25,1782728700,1.14375,1.14385,1.1436,1.14385,362
2026-06-29 10:30,1782729000,1.14385,1.14385,1.1437,1.14375,85
2026-06-29 10:35,1782729300,1.1437,1.1438,1.14365,1.1437,101
2026-06-29 10:40,1782729600,1.14375,1.14395,1.14375,1.1438,164
2026-06-29 10:45,1782729900,1.14375,1.1439,1.14365,1.1439,385
2026-06-29 10:50,1782730200,1.1439,1.14425,1.1439,1.14415,464
2026-06-29 10:55,1782730500,1.14415,1.1442,1.14415,1.14415,157
2026-06-29 11:00,1782730800,1.14415,1.1444,1.1441,1.1444,202
2026-06-29 11:05,1782731100,1.14445,1.14445,1.1442,1.14425,164
2026-06-29 11:10,1782731400,1.1443,1.1443,1.1441,1.14425,204
2026-06-29 11:15,1782731700,1.14425,1.1443,1.1441,1.1441,268
2026-06-29 11:20,1782732000,1.14415,1.14415,1.144,1.14405,102
2026-06-29 11:25,1782732300,1.144,1.14405,1.1439,1.144,355
2026-06-29 11:30,1782732600,1.14395,1.1443,1.1438,1.1441,1277
2026-06-29 11:35,1782732900,1.1442,1.1442,1.14385,1.14385,208
2026-06-29 11:40,1782733200,1.14385,1.14385,1.14355,1.14365,629
2026-06-29 11:45,1782733500,1.14365,1.1439,1.14355,1.14375,343
2026-06-29 11:50,1782733800,1.1438,1.1442,1.1438,1.1441,211
2026-06-29 11:55,1782734100,1.14415,1.14485,1.14415,1.14455,1197
2026-06-29 12:00,1782734400,1.1446,1.1446,1.14425,1.1443,517
2026-06-29 12:05,1782734700,1.1443,1.14435,1.1442,1.1443,288
2026-06-29 12:10,1782735000,1.1443,1.1444,1.1442,1.14435,273
2026-06-29 12:15,1782735300,1.14435,1.14445,1.14395,1.14395,537
2026-06-29 12:20,1782735600,1.14395,1.14425,1.14395,1.14405,749
2026-06-29 12:25,1782735900,1.14405,1.14405,1.14375,1.14395,555
2026-06-29 12:30,1782736200,1.144,1.14425,1.1439,1.14415,375
2026-06-29 12:35,1782736500,1.14415,1.1443,1.14395,1.14395,249
2026-06-29 12:40,1782736800,1.1439,1.1441,1.14375,1.1441,577
2026-06-29 12:45,1782737100,1.144,1.1441,1.14375,1.1438,382
2026-06-29 12:50,1782737400,1.1438,1.14405,1.1438,1.1439,516
2026-06-29 12:55,1782737700,1.14385,1.14395,1.1437,1.1439,411
2026-06-29 13:00,1782738000,1.14395,1.1442,1.1439,1.1441,490
2026-06-29 13:05,1782738300,1.1441,1.14425,1.144,1.14405,288
2026-06-29 13:10,1782738600,1.144,1.14415,1.14395,1.14405,359
2026-06-29 13:15,1782738900,1.144,1.14405,1.14375,1.1439,371
2026-06-29 13:20,1782739200,1.1439,1.14405,1.1437,1.14405,512
2026-06-29 13:25,1782739500,1.144,1.1442,1.144,1.14415,882
2026-06-29 13:30,1782739800,1.1442,1.14445,1.14415,1.14435,1225
2026-06-29 13:35,1782740100,1.1443,1.1444,1.1439,1.144,984
2026-06-29 13:40,1782740400,1.14395,1.1442,1.14385,1.14415,675
2026-06-29 13:45,1782740700,1.1441,1.14445,1.144,1.1444,1207
2026-06-29 13:50,1782741000,1.14445,1.1445,1.1443,1.14445,816
2026-06-29 13:55,1782741300,1.14445,1.1449,1.1443,1.14465,1480
2026-06-29 14:00,1782741600,1.1447,1.145,1.14435,1.1445,1539
2026-06-29 14:05,1782741900,1.14455,1.1449,1.1445,1.1448,622
2026-06-29 14:10,1782742200,1.14485,1.1451,1.1446,1.14465,1494
2026-06-29 14:15,1782742500,1.14465,1.1453,1.1441,1.14525,4810
2026-06-29 14:20,1782742800,1.14525,1.1457,1.14505,1.1456,3451
2026-06-29 14:25,1782743100,1.14555,1.1457,1.1451,1.14515,1518
2026-06-29 14:30,1782743400,1.14515,1.1456,1.14515,1.1455,1302
2026-06-29 14:35,1782743700,1.1455,1.1458,1.14545,1.1456,934
2026-06-29 14:40,1782744000,1.14555,1.14595,1.14495,1.1451,1551
2026-06-29 14:45,1782744300,1.1451,1.14515,1.1448,1.1449,1242
2026-06-29 14:50,1782744600,1.14495,1.14585,1.14485,1.14585,1705
2026-06-29 14:55,1782744900,1.14585,1.146,1.1457,1.14585,2667
2026-06-29 15:00,1782745200,1.14585,1.14585,1.14555,1.14555,1683
2026-06-29 15:05,1782745500,1.14555,1.14565,1.1454,1.14545,974
2026-06-29 15:10,1782745800,1.1455,1.1457,1.14535,1.1456,1144
2026-06-29 15:15,1782746100,1.1456,1.14585,1.14555,1.14565,863
2026-06-29 15:20,1782746400,1.14565,1.14575,1.1456,1.14565,458
2026-06-29 15:25,1782746700,1.1457,1.14605,1.14565,1.1459,1041
2026-06-29 15:30,1782747000,1.1459,1.14615,1.14585,1.146,1653
2026-06-29 15:35,1782747300,1.14595,1.14595,1.14555,1.1457,1917
2026-06-29 15:40,1782747600,1.1457,1.14575,1.1456,1.14575,2417
2026-06-29 15:45,1782747900,1.14575,1.14615,1.14575,1.1461,1650
2026-06-29 15:50,1782748200,1.1461,1.1461,1.14585,1.14595,564
2026-06-29 15:55,1782748500,1.14595,1.1461,1.14575,1.14605,732
2026-06-29 16:00,1782748800,1.14605,1.1464,1.14605,1.1463,1144
2026-06-29 16:05,1782749100,1.14625,1.1465,1.14625,1.1464,568
2026-06-29 16:10,1782749400,1.1464,1.1464,1.14605,1.1461,600
2026-06-29 16:15,1782749700,1.1461,1.1463,1.1461,1.14625,236
2026-06-29 16:20,1782750000,1.14625,1.14625,1.14605,1.14615,1312
2026-06-29 16:25,1782750300,1.1461,1.1461,1.146,1.14605,230
2026-06-29 16:30,1782750600,1.14605,1.14625,1.14605,1.14605,356
2026-06-29 16:35,1782750900,1.14605,1.14625,1.14605,1.14615,1214
2026-06-29 16:40,1782751200,1.14615,1.14635,1.14615,1.1463,269
2026-06-29 16:45,1782751500,1.1463,1.14655,1.14625,1.14655,673
2026-06-29 16:50,1782751800,1.14655,1.14675,1.14655,1.14665,917
2026-06-29 16:55,1782752100,1.14665,1.14665,1.1462,1.1463,457
2026-06-29 17:00,1782752400,1.1463,1.1464,1.14625,1.1463,431
2026-06-29 17:05,1782752700,1.14635,1.1464,1.14625,1.14625,260
2026-06-29 17:10,1782753000,1.14625,1.1464,1.1461,1.14635,296
2026-06-29 17:15,1782753300,1.14635,1.14635,1.146,1.14605,425
2026-06-29 17:20,1782753600,1.14605,1.14605,1.1458,1.14585,802
2026-06-29 17:25,1782753900,1.14585,1.14595,1.1458,1.14595,739
2026-06-29 17:30,1782754200,1.1459,1.146,1.14585,1.146,237
2026-06-29 17:35,1782754500,1.14605,1.14625,1.146,1.14615,982
2026-06-29 17:40,1782754800,1.14615,1.1462,1.14605,1.14605,317
2026-06-29 17:45,1782755100,1.14605,1.14615,1.14585,1.14615,842
2026-06-29 17:50,1782755400,1.14615,1.1465,1.14615,1.1465,280
2026-06-29 17:55,1782755700,1.14645,1.14645,1.1463,1.14635,405
2026-06-29 18:00,1782756000,1.14635,1.14645,1.1463,1.1464,233
2026-06-29 18:05,1782756300,1.1464,1.1464,1.14625,1.14635,164
2026-06-29 18:10,1782756600,1.14635,1.14655,1.14635,1.14655,416
2026-06-29 18:15,1782756900,1.1465,1.1465,1.1464,1.14645,301
2026-06-29 18:20,1782757200,1.1465,1.14655,1.1464,1.1465,447
2026-06-29 18:25,1782757500,1.1465,1.1465,1.14635,1.1464,554
2026-06-29 18:30,1782757800,1.1464,1.14645,1.14635,1.14635,418
2026-06-29 18:35,1782758100,1.1464,1.14645,1.14635,1.1464,693
2026-06-29 18:40,1782758400,1.1464,1.1465,1.14635,1.1465,740
2026-06-29 18:45,1782758700,1.14645,1.1465,1.14635,1.14645,703
2026-06-29 18:50,1782759000,1.14645,1.1465,1.1464,1.1464,667
2026-06-29 18:55,1782759300,1.1464,1.1464,1.1461,1.1462,3297
2026-06-29 19:00,1782759600,1.1462,1.14635,1.1462,1.1462,715
2026-06-29 19:05,1782759900,1.1462,1.1462,1.1461,1.1462,125
2026-06-29 19:10,1782760200,1.14615,1.14615,1.14585,1.14595,517
2026-06-29 19:15,1782760500,1.146,1.1461,1.146,1.14605,106
2026-06-29 19:20,1782760800,1.14605,1.14615,1.14605,1.1461,57
2026-06-29 19:25,1782761100,1.14605,1.14625,1.14605,1.1462,218
2026-06-29 19:30,1782761400,1.14625,1.14625,1.1461,1.1461,118
2026-06-29 19:35,1782761700,1.1461,1.14625,1.1461,1.1462,257
2026-06-29 19:40,1782762000,1.1462,1.14625,1.14615,1.14625,84
2026-06-29 19:45,1782762300,1.14625,1.1463,1.14615,1.1463,328
2026-06-29 19:50,1782762600,1.1463,1.14635,1.1462,1.1462,363
2026-06-29 19:55,1782762900,1.14625,1.1463,1.14615,1.1462,362
2026-06-29 20:00,1782763200,1.14625,1.14625,1.14615,1.1462,238
2026-06-29 20:05,1782763500,1.14625,1.1463,1.1462,1.1463,128
2026-06-29 20:10,1782763800,1.1463,1.1464,1.14625,1.14625,79
2026-06-29 20:15,1782764100,1.1463,1.14635,1.14625,1.14625,72
2026-06-29 20:20,1782764400,1.14625,1.1463,1.14625,1.1463,46
2026-06-29 20:25,1782764700,1.1463,1.14635,1.1463,1.1463,39
2026-06-29 20:30,1782765000,1.1463,1.1463,1.1461,1.14615,79
2026-06-29 20:35,1782765300,1.1461,1.1461,1.1459,1.14595,349
2026-06-29 20:40,1782765600,1.14595,1.14605,1.1459,1.146,34
2026-06-29 20:45,1782765900,1.14605,1.1461,1.14595,1.146,60
2026-06-29 20:50,1782766200,1.146,1.14605,1.14595,1.14605,159
2026-06-29 20:55,1782766500,1.14605,1.1461,1.14595,1.14595,201
2026-06-29 22:00,1782770400,1.1458,1.14625,1.1458,1.1461,0
2026-06-29 22:05,1782770700,1.1461,1.1461,1.14595,1.146,150
2026-06-29 22:10,1782771000,1.146,1.14615,1.146,1.1461,79
2026-06-29 22:15,1782771300,1.1461,1.14615,1.1461,1.1461,68
2026-06-29 22:20,1782771600,1.14615,1.14615,1.14605,1.14605,57
2026-06-29 22:25,1782771900,1.14605,1.14605,1.14595,1.146,160
2026-06-29 22:30,1782772200,1.14595,1.14605,1.14595,1.146,41
2026-06-29 22:35,1782772500,1.146,1.146,1.1459,1.1459,47
2026-06-29 22:40,1782772800,1.1459,1.1459,1.14585,1.1459,58
2026-06-29 22:45,1782773100,1.14595,1.14595,1.14595,1.14595,5
2026-06-29 22:50,1782773400,1.14595,1.146,1.14595,1.146,56
2026-06-29 22:55,1782773700,1.14605,1.1461,1.14605,1.1461,33
2026-06-29 23:00,1782774000,1.1461,1.1461,1.1461,1.1461,66
2026-06-29 23:05,1782774300,1.14605,1.14605,1.14605,1.14605,19
2026-06-29 23:10,1782774600,1.14605,1.1461,1.146,1.146,26
2026-06-29 23:15,1782774900,1.14605,1.14605,1.146,1.146,32
2026-06-29 23:20,1782775200,1.14605,1.1461,1.14605,1.14605,38
2026-06-29 23:25,1782775500,1.146,1.14605,1.14595,1.14595,54
2026-06-29 23:30,1782775800,1.14595,1.14595,1.14595,1.14595,28
2026-06-29 23:35,1782776100,1.1459,1.1459,1.14575,1.14575,45
2026-06-29 23:40,1782776400,1.14575,1.1458,1.14575,1.1458,49
2026-06-29 23:45,1782776700,1.14575,1.14575,1.14565,1.14575,241
2026-06-29 23:50,1782777000,1.1458,1.1458,1.14575,1.14575,22
2026-06-29 23:55,1782777300,1.1457,1.1457,1.14555,1.14555,81
2026-06-30 00:00,1782777600,1.1455,1.14565,1.14535,1.14555,348
2026-06-30 00:05,1782777900,1.14555,1.14555,1.1453,1.1453,125
2026-06-30 00:10,1782778200,1.14535,1.14545,1.1453,1.1453,128
2026-06-30 00:15,1782778500,1.1453,1.1453,1.14515,1.14525,60
2026-06-30 00:20,1782778800,1.14525,1.14525,1.14515,1.14515,123
2026-06-30 00:25,1782779100,1.14515,1.1452,1.145,1.14505,127
2026-06-30 00:30,1782779400,1.14505,1.14525,1.14505,1.14515,95
2026-06-30 00:35,1782779700,1.14515,1.14525,1.1451,1.1451,82
2026-06-30 00:40,1782780000,1.14515,1.14515,1.14495,1.14495,291
2026-06-30 00:45,1782780300,1.145,1.14515,1.145,1.1451,76
2026-06-30 00:50,1782780600,1.1451,1.14525,1.14485,1.145,1248
2026-06-30 00:55,1782780900,1.145,1.1453,1.14485,1.1452,472
2026-06-30 01:00,1782781200,1.14525,1.1453,1.1451,1.1451,113
2026-06-30 01:05,1782781500,1.14505,1.14505,1.1447,1.14475,319
2026-06-30 01:10,1782781800,1.14475,1.14475,1.14425,1.14425,1276
2026-06-30 01:15,1782782100,1.14425,1.1447,1.14425,1.14465,332
2026-06-30 01:20,1782782400,1.14465,1.14495,1.14465,1.14495,239
2026-06-30 01:25,1782782700,1.14495,1.14515,1.14485,1.1451,260
2026-06-30 01:30,1782783000,1.14505,1.1452,1.145,1.1452,134
2026-06-30 01:35,1782783300,1.1452,1.1452,1.1448,1.1448,124
2026-06-30 01:40,1782783600,1.1448,1.1448,1.14425,1.14425,517
2026-06-30 01:45,1782783900,1.14425,1.14435,1.1442,1.14425,446
2026-06-30 01:50,1782784200,1.14425,1.1444,1.14405,1.1441,211
2026-06-30 01:55,1782784500,1.14405,1.14425,1.14385,1.14405,483
2026-06-30 02:00,1782784800,1.14405,1.14425,1.144,1.14425,115
2026-06-30 02:05,1782785100,1.1442,1.1442,1.144,1.144,235
2026-06-30 02:10,1782785400,1.14405,1.14405,1.144,1.144,47
2026-06-30 02:15,1782785700,1.14395,1.144,1.14385,1.1439,72
2026-06-30 02:20,1782786000,1.1439,1.1442,1.1439,1.1441,142
2026-06-30 02:25,1782786300,1.1441,1.1441,1.144,1.144,34
2026-06-30 02:30,1782786600,1.14395,1.14415,1.14395,1.14415,50
2026-06-30 02:35,1782786900,1.14415,1.1443,1.14415,1.14425,76
2026-06-30 02:40,1782787200,1.14425,1.14425,1.14395,1.14415,73
2026-06-30 02:45,1782787500,1.14415,1.14415,1.14395,1.14395,80
2026-06-30 02:50,1782787800,1.144,1.14405,1.1438,1.14385,268
2026-06-30 02:55,1782788100,1.14385,1.14395,1.14385,1.14395,172
2026-06-30 03:00,1782788400,1.144,1.1441,1.144,1.1441,79
2026-06-30 03:05,1782788700,1.1441,1.1441,1.14385,1.14385,52
2026-06-30 03:10,1782789000,1.1438,1.1439,1.1438,1.14385,51
2026-06-30 03:15,1782789300,1.14385,1.1439,1.1436,1.14365,200
2026-06-30 03:20,1782789600,1.1437,1.1437,1.1436,1.1436,151
2026-06-30 03:25,1782789900,1.1436,1.14375,1.1435,1.14355,284
2026-06-30 03:30,1782790200,1.1436,1.1436,1.1435,1.1435,93
2026-06-30 03:35,1782790500,1.14355,1.14355,1.14335,1.1434,106
2026-06-30 03:40,1782790800,1.1434,1.14345,1.1433,1.1434,78
2026-06-30 03:45,1782791100,1.1434,1.1434,1.14335,1.1434,106
2026-06-30 03:50,1782791400,1.1434,1.14355,1.1434,1.1435,240
2026-06-30 03:55,1782791700,1.1435,1.1435,1.14345,1.1435,39
2026-06-30 04:05,1782792300,1.14345,1.14345,1.14345,1.14345,118
2026-06-30 04:10,1782792600,1.1434,1.14345,1.14335,1.1434,92
2026-06-30 04:15,1782792900,1.1434,1.14345,1.1434,1.14345,97
2026-06-30 04:20,1782793200,1.14345,1.14345,1.1432,1.14325,360
2026-06-30 04:25,1782793500,1.14325,1.1433,1.1432,1.14325,101
2026-06-30 04:30,1782793800,1.14325,1.1434,1.14325,1.1434,108
2026-06-30 04:35,1782794100,1.14345,1.14355,1.14335,1.14345,141
2026-06-30 04:40,1782794400,1.1435,1.14355,1.1434,1.14345,150
2026-06-30 04:45,1782794700,1.1434,1.14345,1.14325,1.14325,198
2026-06-30 04:50,1782795000,1.14325,1.1434,1.14315,1.1433,283
2026-06-30 04:55,1782795300,1.1433,1.1433,1.1425,1.14255,1460
2026-06-30 05:00,1782795600,1.1426,1.14275,1.1422,1.1425,3069
2026-06-30 05:05,1782795900,1.14245,1.14275,1.1424,1.1426,332
2026-06-30 05:10,1782796200,1.14265,1.1427,1.14245,1.14265,338
2026-06-30 05:15,1782796500,1.14265,1.14285,1.1426,1.14275,204
2026-06-30 05:20,1782796800,1.1427,1.1429,1.1427,1.14285,134
2026-06-30 05:25,1782797100,1.1429,1.1429,1.1427,1.1427,83
2026-06-30 05:30,1782797400,1.1427,1.14285,1.1427,1.1428,90
2026-06-30 05:35,1782797700,1.14275,1.14285,1.14275,1.1428,73
2026-06-30 05:40,1782798000,1.14285,1.1429,1.14275,1.1428,104
2026-06-30 05:45,1782798300,1.14275,1.14275,1.14265,1.1427,129
2026-06-30 05:50,1782798600,1.14275,1.1429,1.1427,1.1427,142
2026-06-30 05:55,1782798900,1.14265,1.14265,1.14185,1.14205,1744
2026-06-30 06:00,1782799200,1.14205,1.1423,1.14195,1.14225,1514
2026-06-30 06:05,1782799500,1.14225,1.14245,1.14215,1.1424,702
2026-06-30 06:10,1782799800,1.1424,1.14255,1.14225,1.14245,492
2026-06-30 06:15,1782800100,1.14245,1.14265,1.1424,1.14265,213
2026-06-30 06:20,1782800400,1.14265,1.14315,1.14255,1.1431,708
2026-06-30 06:25,1782800700,1.1431,1.14345,1.14305,1.1433,1455
2026-06-30 06:30,1782801000,1.1433,1.14355,1.14325,1.1435,850
2026-06-30 06:35,1782801300,1.14355,1.14355,1.1433,1.14335,561
2026-06-30 06:40,1782801600,1.1434,1.1436,1.1434,1.1435,965
2026-06-30 06:45,1782801900,1.14345,1.14365,1.14315,1.1435,1478
2026-06-30 06:50,1782802200,1.14345,1.1437,1.1433,1.1437,441
2026-06-30 06:55,1782802500,1.14375,1.14405,1.1437,1.1439,1074
2026-06-30 07:00,1782802800,1.1439,1.14415,1.14375,1.1441,849
2026-06-30 07:05,1782803100,1.1441,1.14425,1.144,1.14405,576
2026-06-30 07:10,1782803400,1.144,1.1442,1.144,1.14405,263
2026-06-30 07:15,1782803700,1.14405,1.14415,1.144,1.1441,216
2026-06-30 07:20,1782804000,1.1441,1.14425,1.144,1.14425,363
2026-06-30 07:25,1782804300,1.14425,1.14475,1.14425,1.1443,1227
2026-06-30 07:30,1782804600,1.14425,1.14435,1.1441,1.14435,322
2026-06-30 07:35,1782804900,1.1443,1.1443,1.1441,1.1442,368
2026-06-30 07:40,1782805200,1.14415,1.14425,1.144,1.1442,793
2026-06-30 07:45,1782805500,1.1442,1.14425,1.1438,1.14385,455
2026-06-30 07:50,1782805800,1.1438,1.1438,1.14345,1.1435,658
2026-06-30 07:55,1782806100,1.14355,1.14355,1.1433,1.14345,621
2026-06-30 08:00,1782806400,1.14345,1.1436,1.14275,1.1431,3174
2026-06-30 08:05,1782806700,1.14305,1.1435,1.1424,1.14265,1246
2026-06-30 08:10,1782807000,1.1427,1.143,1.1426,1.1426,541
2026-06-30 08:15,1782807300,1.14265,1.1428,1.1424,1.1427,638
2026-06-30 08:20,1782807600,1.1427,1.1429,1.14265,1.1428,340
2026-06-30 08:25,1782807900,1.1428,1.143,1.1427,1.14285,654
2026-06-30 08:30,1782808200,1.14285,1.14295,1.1426,1.14265,607
2026-06-30 08:35,1782808500,1.14265,1.1427,1.142,1.1422,904
2026-06-30 08:40,1782808800,1.1422,1.1424,1.1422,1.1423,366
2026-06-30 08:45,1782809100,1.1423,1.14235,1.14195,1.14235,303
2026-06-30 08:50,1782809400,1.14235,1.1426,1.1422,1.1426,945
2026-06-30 08:55,1782809700,1.1426,1.143,1.1426,1.14295,785
2026-06-30 09:00,1782810000,1.1429,1.143,1.14265,1.14295,500
2026-06-30 09:05,1782810300,1.14295,1.14325,1.1428,1.1431,422
2026-06-30 09:10,1782810600,1.14305,1.1431,1.14295,1.14295,233
2026-06-30 09:15,1782810900,1.14295,1.14295,1.14275,1.1428,249
2026-06-30 09:20,1782811200,1.14285,1.14305,1.1428,1.1428,408
2026-06-30 09:25,1782811500,1.1428,1.14315,1.1428,1.14285,459
2026-06-30 09:30,1782811800,1.14285,1.1429,1.1425,1.1425,313
2026-06-30 09:35,1782812100,1.14255,1.1429,1.1425,1.1428,356
2026-06-30 09:40,1782812400,1.1428,1.1431,1.14275,1.143,371
2026-06-30 09:45,1782812700,1.14305,1.1431,1.14295,1.143,99
2026-06-30 09:50,1782813000,1.14305,1.1433,1.14295,1.1433,1054
2026-06-30 09:55,1782813300,1.14325,1.14345,1.1431,1.1433,812
2026-06-30 10:00,1782813600,1.1433,1.1434,1.14315,1.14325,456
2026-06-30 10:05,1782813900,1.14325,1.1433,1.1431,1.1432,281
2026-06-30 10:10,1782814200,1.14315,1.14315,1.14295,1.14305,300
2026-06-30 10:15,1782814500,1.14305,1.1432,1.143,1.143,259
2026-06-30 10:20,1782814800,1.14295,1.14315,1.14285,1.14295,266
2026-06-30 10:25,1782815100,1.143,1.14325,1.143,1.14315,263
2026-06-30 10:30,1782815400,1.1431,1.14315,1.1429,1.14315,81
2026-06-30 10:35,1782815700,1.1431,1.1436,1.1431,1.14355,1182
2026-06-30 10:40,1782816000,1.1435,1.1437,1.14335,1.14355,417
2026-06-30 10:45,1782816300,1.1435,1.1435,1.1434,1.14345,240
2026-06-30 10:50,1782816600,1.1435,1.1436,1.14335,1.1436,395
2026-06-30 10:55,1782816900,1.14355,1.1438,1.14345,1.1438,180
2026-06-30 11:00,1782817200,1.1438,1.14385,1.14365,1.14375,526
2026-06-30 11:05,1782817500,1.14375,1.1438,1.1435,1.1435,253
2026-06-30 11:10,1782817800,1.14345,1.14365,1.14335,1.1435,128
2026-06-30 11:15,1782818100,1.1435,1.14355,1.1432,1.14345,605
2026-06-30 11:20,1782818400,1.1434,1.1437,1.14315,1.1434,1447
2026-06-30 11:25,1782818700,1.14335,1.14345,1.14325,1.1433,320
2026-06-30 11:30,1782819000,1.1433,1.1433,1.14275,1.14285,509
2026-06-30 11:35,1782819300,1.1429,1.14295,1.14225,1.14235,2212
2026-06-30 11:40,1782819600,1.14235,1.14345,1.14225,1.1433,2110
2026-06-30 11:45,1782819900,1.1433,1.1433,1.14305,1.14325,1016
2026-06-30 11:50,1782820200,1.14325,1.1433,1.1431,1.1431,576
2026-06-30 11:55,1782820500,1.14315,1.14315,1.14285,1.14295,584
2026-06-30 12:00,1782820800,1.1429,1.14305,1.1426,1.14295,640
2026-06-30 12:05,1782821100,1.1429,1.1432,1.14285,1.143,532
2026-06-30 12:10,1782821400,1.14295,1.14325,1.14285,1.14315,416
2026-06-30 12:15,1782821700,1.1432,1.14325,1.143,1.1431,758
2026-06-30 12:20,1782822000,1.14315,1.14315,1.14255,1.14255,924
2026-06-30 12:25,1782822300,1.14255,1.14285,1.1425,1.1427,940
2026-06-30 12:30,1782822600,1.1427,1.14325,1.14255,1.14305,2026
2026-06-30 12:35,1782822900,1.1431,1.14325,1.143,1.14305,632
2026-06-30 12:40,1782823200,1.143,1.14345,1.143,1.1434,798
2026-06-30 12:45,1782823500,1.1434,1.1434,1.1429,1.14315,450
2026-06-30 12:50,1782823800,1.14315,1.14385,1.14315,1.1438,1062
2026-06-30 12:55,1782824100,1.14385,1.14385,1.1432,1.1432,1111
2026-06-30 13:00,1782824400,1.1432,1.1433,1.1431,1.14315,461
2026-06-30 13:05,1782824700,1.1431,1.1437,1.143,1.1437,430
2026-06-30 13:10,1782825000,1.14375,1.14385,1.1435,1.14355,313
2026-06-30 13:15,1782825300,1.1436,1.14415,1.1436,1.1441,794
2026-06-30 13:20,1782825600,1.14415,1.1443,1.1437,1.1438,785
2026-06-30 13:25,1782825900,1.14375,1.144,1.1436,1.1438,887
2026-06-30 13:30,1782826200,1.1438,1.14395,1.1434,1.14355,1146
2026-06-30 13:35,1782826500,1.14345,1.1437,1.14335,1.1434,972
2026-06-30 13:40,1782826800,1.14345,1.1437,1.1434,1.1437,803
2026-06-30 13:45,1782827100,1.1437,1.14375,1.14335,1.14355,603
2026-06-30 13:50,1782827400,1.14355,1.14375,1.1434,1.1435,1543
2026-06-30 13:55,1782827700,1.14345,1.1435,1.1432,1.14325,1214
2026-06-30 14:00,1782828000,1.14325,1.14335,1.1427,1.14335,3046
2026-06-30 14:05,1782828300,1.14335,1.1438,1.1433,1.14375,1494
2026-06-30 14:10,1782828600,1.14375,1.1443,1.1437,1.14425,3775
2026-06-30 14:15,1782828900,1.14425,1.1449,1.14425,1.14455,2194
2026-06-30 14:20,1782829200,1.1446,1.1452,1.1446,1.14505,2880
2026-06-30 14:25,1782829500,1.1451,1.14515,1.14485,1.14495,1072
2026-06-30 14:30,1782829800,1.1449,1.14525,1.14465,1.14485,2007
2026-06-30 14:35,1782830100,1.14485,1.145,1.14445,1.14475,1896
2026-06-30 14:40,1782830400,1.1447,1.1456,1.14465,1.1455,2184
2026-06-30 14:45,1782830700,1.1455,1.14575,1.1452,1.14535,5402
2026-06-30 14:50,1782831000,1.1454,1.14665,1.1454,1.14645,6938
2026-06-30 14:55,1782831300,1.1465,1.14715,1.1461,1.1469,11015
2026-06-30 15:00,1782831600,1.14685,1.14725,1.1463,1.1464,8223
2026-06-30 15:05,1782831900,1.14645,1.14675,1.14635,1.1465,2054
2026-06-30 15:10,1782832200,1.14645,1.14655,1.14615,1.14625,2567
2026-06-30 15:15,1782832500,1.1462,1.1463,1.1459,1.14605,1399
2026-06-30 15:20,1782832800,1.1461,1.14615,1.14585,1.14605,647
2026-06-30 15:25,1782833100,1.14605,1.14615,1.14575,1.14575,1890
2026-06-30 15:30,1782833400,1.1458,1.14625,1.14575,1.14595,1311
2026-06-30 15:35,1782833700,1.1459,1.14595,1.1455,1.1456,989
2026-06-30 15:40,1782834000,1.1456,1.1457,1.14545,1.14545,390
2026-06-30 15:45,1782834300,1.14545,1.14565,1.14535,1.14555,825
2026-06-30 15:50,1782834600,1.1455,1.14555,1.14535,1.14545,891
2026-06-30 15:55,1782834900,1.14545,1.14555,1.14515,1.1453,1068
2026-06-30 16:00,1782835200,1.14535,1.1454,1.1449,1.1449,1105
2026-06-30 16:05,1782835500,1.14495,1.14515,1.14485,1.14515,664
2026-06-30 16:10,1782835800,1.1452,1.1452,1.145,1.1451,695
2026-06-30 16:15,1782836100,1.1451,1.1451,1.14485,1.14495,727
2026-06-30 16:20,1782836400,1.145,1.14525,1.145,1.14515,342
2026-06-30 16:25,1782836700,1.14505,1.1451,1.1449,1.14505,354
2026-06-30 16:30,1782837000,1.14515,1.14515,1.14495,1.14495,284
2026-06-30 16:35,1782837300,1.14495,1.14525,1.14495,1.14525,499
2026-06-30 16:40,1782837600,1.14525,1.1454,1.1452,1.14525,1088
2026-06-30 16:45,1782837900,1.14525,1.1454,1.14525,1.14535,770
2026-06-30 16:50,1782838200,1.14535,1.1454,1.1449,1.1449,798
2026-06-30 16:55,1782838500,1.1449,1.1451,1.1449,1.145,445
2026-06-30 17:00,1782838800,1.14505,1.14555,1.14505,1.1454,766
2026-06-30 17:05,1782839100,1.1454,1.14545,1.14515,1.1452,220
2026-06-30 17:10,1782839400,1.14515,1.14525,1.1451,1.1451,328
2026-06-30 17:15,1782839700,1.1451,1.1454,1.1451,1.1454,456
2026-06-30 17:20,1782840000,1.14535,1.14535,1.1452,1.14535,250
2026-06-30 17:25,1782840300,1.1453,1.14555,1.1453,1.1455,1000
2026-06-30 17:30,1782840600,1.14545,1.1456,1.1454,1.14545,367
2026-06-30 17:35,1782840900,1.14545,1.1455,1.1453,1.1453,318
2026-06-30 17:40,1782841200,1.1453,1.1455,1.1453,1.1455,291
2026-06-30 17:45,1782841500,1.1455,1.1458,1.1455,1.1458,378
2026-06-30 17:50,1782841800,1.1458,1.1458,1.1457,1.1457,420
2026-06-30 17:55,1782842100,1.1457,1.1458,1.14565,1.14575,515
2026-06-30 18:00,1782842400,1.1458,1.14605,1.1458,1.14605,864
2026-06-30 18:05,1782842700,1.14605,1.1463,1.14605,1.14625,1069
2026-06-30 18:10,1782843000,1.14625,1.1463,1.14615,1.14625,509
2026-06-30 18:15,1782843300,1.14625,1.14625,1.146,1.14615,487
2026-06-30 18:20,1782843600,1.1462,1.1463,1.1461,1.14615,164
2026-06-30 18:25,1782843900,1.1462,1.14625,1.14615,1.1462,196
2026-06-30 18:30,1782844200,1.1462,1.14625,1.1461,1.1461,348
2026-06-30 18:35,1782844500,1.1461,1.14615,1.1459,1.1459,278
2026-06-30 18:40,1782844800,1.14595,1.14595,1.14565,1.1457,648
2026-06-30 18:45,1782845100,1.1457,1.1461,1.1457,1.1461,380
2026-06-30 18:50,1782845400,1.14605,1.14625,1.146,1.1461,418
2026-06-30 18:55,1782845700,1.146,1.146,1.14535,1.1457,3274
2026-06-30 19:00,1782846000,1.14565,1.14585,1.1456,1.1458,1265
2026-06-30 19:05,1782846300,1.1458,1.1458,1.1456,1.14565,270
2026-06-30 19:10,1782846600,1.1457,1.1458,1.1457,1.1457,161
2026-06-30 19:15,1782846900,1.1457,1.1458,1.1456,1.14565,266
2026-06-30 19:20,1782847200,1.14565,1.14565,1.1453,1.1453,432
2026-06-30 19:25,1782847500,1.14535,1.1454,1.1452,1.14525,263
2026-06-30 19:30,1782847800,1.1452,1.14555,1.1452,1.14545,356
2026-06-30 19:35,1782848100,1.1455,1.14555,1.14545,1.1455,274
2026-06-30 19:40,1782848400,1.14545,1.1455,1.1453,1.14545,193
2026-06-30 19:45,1782848700,1.14545,1.1455,1.1454,1.14545,191
2026-06-30 19:50,1782849000,1.14545,1.14545,1.14535,1.14545,681
2026-06-30 19:55,1782849300,1.1455,1.1463,1.14545,1.14625,2185
2026-06-30 20:00,1782849600,1.1462,1.14635,1.14615,1.14635,1199
2026-06-30 20:05,1782849900,1.14635,1.14635,1.1461,1.14615,229
2026-06-30 20:10,1782850200,1.14615,1.1462,1.1461,1.14615,211
2026-06-30 20:15,1782850500,1.1462,1.1462,1.146,1.1462,187
2026-06-30 20:20,1782850800,1.1462,1.1462,1.14615,1.14615,46
2026-06-30 20:25,1782851100,1.1461,1.14615,1.14605,1.1461,182
2026-06-30 20:30,1782851400,1.1461,1.1461,1.14595,1.14605,143
2026-06-30 20:35,1782851700,1.146,1.146,1.1459,1.14595,80
2026-06-30 20:40,1782852000,1.1459,1.146,1.14585,1.146,90
2026-06-30 20:45,1782852300,1.14595,1.14595,1.1458,1.1459,289
2026-06-30 20:50,1782852600,1.1459,1.14595,1.1458,1.1458,144
2026-06-30 20:55,1782852900,1.1458,1.14585,1.14565,1.1458,197
2026-06-30 22:00,1782856800,1.1458,1.1458,1.1456,1.1457,0
2026-06-30 22:05,1782857100,1.14575,1.1459,1.14575,1.1459,104
2026-06-30 22:10,1782857400,1.1458,1.1458,1.1457,1.1457,39
2026-06-30 22:15,1782857700,1.14575,1.1458,1.14575,1.14575,34
2026-06-30 22:20,1782858000,1.1458,1.1458,1.1457,1.1457,60
2026-06-30 22:25,1782858300,1.1457,1.1457,1.1457,1.1457,27
2026-06-30 22:30,1782858600,1.1457,1.1457,1.14565,1.1457,95
2026-06-30 22:35,1782858900,1.14565,1.1457,1.14565,1.1457,12
2026-06-30 22:40,1782859200,1.1457,1.1457,1.14565,1.14565,43
2026-06-30 22:45,1782859500,1.14565,1.1457,1.14545,1.1455,87
2026-06-30 22:50,1782859800,1.14545,1.1455,1.1454,1.14545,25
2026-06-30 22:55,1782860100,1.1455,1.14555,1.1455,1.14555,24
2026-06-30 23:00,1782860400,1.1456,1.1456,1.14545,1.1455,68
2026-06-30 23:05,1782860700,1.1455,1.14555,1.1455,1.14555,21
2026-06-30 23:10,1782861000,1.1455,1.14555,1.14545,1.14545,56
2026-06-30 23:15,1782861300,1.14545,1.14545,1.14545,1.14545,2
2026-06-30 23:20,1782861600,1.14545,1.1455,1.14545,1.1455,57
2026-06-30 23:25,1782861900,1.14545,1.14545,1.14525,1.1453,89
2026-06-30 23:30,1782862200,1.1453,1.1454,1.14525,1.1454,49
2026-06-30 23:35,1782862500,1.14535,1.1454,1.1452,1.1452,78
2026-06-30 23:40,1782862800,1.1452,1.1452,1.14505,1.14505,98
2026-06-30 23:45,1782863100,1.14505,1.1451,1.145,1.145,71
2026-06-30 23:50,1782863400,1.145,1.145,1.14485,1.1449,138
2026-06-30 23:55,1782863700,1.14485,1.14495,1.14485,1.14485,82
2026-07-01 00:00,1782864000,1.1449,1.145,1.14475,1.145,260
2026-07-01 00:05,1782864300,1.14495,1.14495,1.14485,1.14485,41
2026-07-01 00:10,1782864600,1.14485,1.1449,1.14485,1.1449,67
2026-07-01 00:15,1782864900,1.14485,1.14485,1.1446,1.1446,287
2026-07-01 00:20,1782865200,1.14465,1.14485,1.1446,1.14485,242
2026-07-01 00:25,1782865500,1.14485,1.1449,1.14485,1.14485,141
2026-07-01 00:30,1782865800,1.14485,1.14485,1.1448,1.1448,34
2026-07-01 00:35,1782866100,1.1448,1.14485,1.14465,1.14485,67
2026-07-01 00:40,1782866400,1.1448,1.1448,1.14455,1.14455,61
2026-07-01 00:45,1782866700,1.14455,1.1446,1.14445,1.14445,124
2026-07-01 00:50,1782867000,1.14445,1.1446,1.1444,1.14445,239
2026-07-01 00:55,1782867300,1.14445,1.14465,1.14445,1.14455,215
2026-07-01 01:00,1782867600,1.1445,1.1445,1.1443,1.14435,306
2026-07-01 01:05,1782867900,1.14435,1.14435,1.1441,1.1441,687
2026-07-01 01:10,1782868200,1.14405,1.14415,1.144,1.14405,367
2026-07-01 01:15,1782868500,1.1441,1.1444,1.14405,1.14435,292
2026-07-01 01:20,1782868800,1.1444,1.1444,1.1442,1.1442,92
2026-07-01 01:25,1782869100,1.14425,1.14435,1.14415,1.14425,90
2026-07-01 01:30,1782869400,1.14425,1.14425,1.14405,1.14415,168
2026-07-01 01:35,1782869700,1.1441,1.14415,1.14405,1.14415,88
2026-07-01 01:40,1782870000,1.1441,1.1442,1.1441,1.1442,125
2026-07-01 01:45,1782870300,1.1442,1.1443,1.14395,1.144,116
2026-07-01 01:50,1782870600,1.14405,1.14405,1.1439,1.1439,60
2026-07-01 01:55,1782870900,1.14385,1.14405,1.14385,1.144,77
2026-07-01 02:00,1782871200,1.144,1.14415,1.144,1.144,86
2026-07-01 02:05,1782871500,1.144,1.14405,1.14395,1.144,136
2026-07-01 02:10,1782871800,1.144,1.1442,1.14395,1.1442,134
2026-07-01 02:15,1782872100,1.14425,1.14435,1.14425,1.1443,116
2026-07-01 02:20,1782872400,1.1443,1.1444,1.14425,1.1443,57
2026-07-01 02:25,1782872700,1.1443,1.1443,1.14395,1.144,199
2026-07-01 02:30,1782873000,1.144,1.14405,1.14385,1.14385,95
2026-07-01 02:35,1782873300,1.1439,1.14405,1.1439,1.14405,83
2026-07-01 02:40,1782873600,1.14405,1.14415,1.144,1.14415,202
2026-07-01 02:45,1782873900,1.14415,1.14425,1.14415,1.1442,112
2026-07-01 02:50,1782874200,1.1441,1.14425,1.1441,1.1442,251
2026-07-01 02:55,1782874500,1.14425,1.14425,1.14405,1.1441,74
2026-07-01 03:00,1782874800,1.1441,1.1442,1.1441,1.1442,85
2026-07-01 03:05,1782875100,1.14425,1.14435,1.14425,1.14435,44
2026-07-01 03:10,1782875400,1.1443,1.14435,1.1443,1.1443,19
2026-07-01 03:15,1782875700,1.14425,1.1443,1.1442,1.1442,23
2026-07-01 03:20,1782876000,1.14415,1.1442,1.1441,1.1441,35
2026-07-01 03:25,1782876300,1.1441,1.1441,1.144,1.14405,122
2026-07-01 03:30,1782876600,1.1441,1.1441,1.14375,1.1438,76
2026-07-01 03:35,1782876900,1.1438,1.144,1.1438,1.144,138
2026-07-01 03:40,1782877200,1.144,1.14405,1.1437,1.1438,183
2026-07-01 03:45,1782877500,1.1438,1.1439,1.1438,1.1438,43
2026-07-01 03:50,1782877800,1.1438,1.14385,1.1438,1.1438,31
2026-07-01 03:55,1782878100,1.14375,1.144,1.14375,1.144,100
2026-07-01 04:10,1782879000,1.1438,1.14405,1.1438,1.14405,195
2026-07-01 04:15,1782879300,1.144,1.14405,1.14395,1.14395,137
2026-07-01 04:20,1782879600,1.1439,1.14405,1.1439,1.1439,125
2026-07-01 04:25,1782879900,1.1439,1.14405,1.1438,1.144,77
2026-07-01 04:30,1782880200,1.144,1.1444,1.144,1.14425,487
2026-07-01 04:35,1782880500,1.14425,1.1444,1.14425,1.14435,173
2026-07-01 04:40,1782880800,1.14435,1.1444,1.1443,1.14435,106
2026-07-01 04:45,1782881100,1.14435,1.1447,1.14435,1.14445,611
2026-07-01 04:50,1782881400,1.14455,1.1446,1.1445,1.14455,105
2026-07-01 04:55,1782881700,1.14455,1.14455,1.14445,1.14445,13
2026-07-01 05:00,1782882000,1.1444,1.1445,1.1443,1.1444,159
2026-07-01 05:05,1782882300,1.14445,1.1445,1.14445,1.1445,29
2026-07-01 05:10,1782882600,1.1445,1.1445,1.14445,1.14445,90
2026-07-01 05:15,1782882900,1.14445,1.14455,1.1444,1.1445,70
2026-07-01 05:20,1782883200,1.14455,1.14455,1.14445,1.14455,26
2026-07-01 05:25,1782883500,1.1445,1.1446,1.1445,1.14455,57
2026-07-01 05:30,1782883800,1.14455,1.1446,1.1445,1.1445,21
2026-07-01 05:35,1782884100,1.14445,1.14445,1.14435,1.1444,170
2026-07-01 05:40,1782884400,1.14435,1.1446,1.14435,1.14455,202
2026-07-01 05:45,1782884700,1.14455,1.14455,1.14435,1.14435,92
2026-07-01 05:50,1782885000,1.14435,1.14445,1.14405,1.1441,344
2026-07-01 05:55,1782885300,1.14405,1.14415,1.1439,1.1441,474
2026-07-01 06:00,1782885600,1.1441,1.14455,1.1441,1.14435,484
2026-07-01 06:05,1782885900,1.14435,1.14435,1.144,1.14405,162
2026-07-01 06:10,1782886200,1.144,1.144,1.14375,1.1438,260
2026-07-01 06:15,1782886500,1.1438,1.14405,1.14375,1.14395,345
2026-07-01 06:20,1782886800,1.14395,1.144,1.14375,1.14395,171
2026-07-01 06:25,1782887100,1.14395,1.144,1.1438,1.1438,261
2026-07-01 06:30,1782887400,1.14385,1.144,1.14385,1.14395,195
2026-07-01 06:35,1782887700,1.1439,1.14405,1.14385,1.1439,165
2026-07-01 06:40,1782888000,1.14385,1.1439,1.14355,1.14375,202
2026-07-01 06:45,1782888300,1.14375,1.14395,1.14375,1.1438,198
2026-07-01 06:50,1782888600,1.1438,1.14395,1.14375,1.14395,122
2026-07-01 06:55,1782888900,1.14395,1.14395,1.1438,1.14385,195
2026-07-01 07:00,1782889200,1.14385,1.14395,1.14335,1.1438,1251
2026-07-01 07:05,1782889500,1.1438,1.1438,1.1434,1.1434,619
2026-07-01 07:10,1782889800,1.14335,1.1434,1.1432,1.14325,734
2026-07-01 07:15,1782890100,1.1432,1.1433,1.143,1.1431,566
2026-07-01 07:20,1782890400,1.14305,1.1432,1.14295,1.14305,280
2026-07-01 07:25,1782890700,1.143,1.14315,1.14285,1.1429,234
2026-07-01 07:30,1782891000,1.14285,1.1433,1.14285,1.14325,690
2026-07-01 07:35,1782891300,1.14325,1.14345,1.14325,1.1434,242
2026-07-01 07:40,1782891600,1.14335,1.1435,1.14325,1.1434,321
2026-07-01 07:45,1782891900,1.1434,1.14355,1.14325,1.14335,530
2026-07-01 07:50,1782892200,1.1434,1.1435,1.14335,1.1435,526
2026-07-01 07:55,1782892500,1.14345,1.1439,1.14345,1.1438,603
2026-07-01 08:00,1782892800,1.14375,1.14375,1.14355,1.14355,440
2026-07-01 08:05,1782893100,1.1435,1.14375,1.1435,1.1437,210
2026-07-01 08:10,1782893400,1.1437,1.14375,1.14355,1.14355,270
2026-07-01 08:15,1782893700,1.1436,1.14395,1.1436,1.14375,526
2026-07-01 08:20,1782894000,1.14375,1.14375,1.14335,1.1434,353
2026-07-01 08:25,1782894300,1.14345,1.14355,1.14315,1.14315,1118
2026-07-01 08:30,1782894600,1.1432,1.14325,1.143,1.14325,996
2026-07-01 08:35,1782894900,1.14325,1.1434,1.1431,1.1433,383
2026-07-01 08:40,1782895200,1.14335,1.14355,1.14335,1.14355,356
2026-07-01 08:45,1782895500,1.1435,1.1435,1.1433,1.14335,221
2026-07-01 08:50,1782895800,1.14335,1.1436,1.14335,1.14355,442
2026-07-01 08:55,1782896100,1.1436,1.14375,1.14305,1.1432,604
2026-07-01 09:00,1782896400,1.1432,1.1435,1.143,1.14345,975
2026-07-01 09:05,1782896700,1.14345,1.14345,1.143,1.143,729
2026-07-01 09:10,1782897000,1.14305,1.14345,1.14305,1.14335,330
2026-07-01 09:15,1782897300,1.1433,1.1433,1.14285,1.14285,219
2026-07-01 09:20,1782897600,1.1429,1.14305,1.1429,1.143,298
2026-07-01 09:25,1782897900,1.143,1.143,1.1427,1.14285,484
2026-07-01 09:30,1782898200,1.1428,1.1428,1.14245,1.1426,851
2026-07-01 09:35,1782898500,1.1426,1.14275,1.1424,1.1424,406
2026-07-01 09:40,1782898800,1.1424,1.14255,1.1423,1.14245,909
2026-07-01 09:45,1782899100,1.1425,1.1425,1.14235,1.14245,479
2026-07-01 09:50,1782899400,1.1425,1.1425,1.14205,1.1424,549
2026-07-01 09:55,1782899700,1.1424,1.1425,1.14235,1.14235,364
2026-07-01 10:00,1782900000,1.14235,1.14245,1.1422,1.14235,169
2026-07-01 10:05,1782900300,1.14235,1.14255,1.14235,1.14245,610
2026-07-01 10:10,1782900600,1.1424,1.1425,1.14235,1.1425,256
2026-07-01 10:15,1782900900,1.1425,1.14295,1.1425,1.14295,543
2026-07-01 10:20,1782901200,1.14295,1.143,1.14275,1.1428,177
2026-07-01 10:25,1782901500,1.14275,1.143,1.14275,1.143,321
2026-07-01 10:30,1782901800,1.14305,1.1432,1.143,1.1432,205
2026-07-01 10:35,1782902100,1.14325,1.14335,1.14315,1.14325,151
2026-07-01 10:40,1782902400,1.1433,1.1433,1.1431,1.14315,709
2026-07-01 10:45,1782902700,1.1432,1.1434,1.1432,1.1433,157
2026-07-01 10:50,1782903000,1.14335,1.14355,1.14335,1.1435,432
2026-07-01 10:55,1782903300,1.1435,1.14365,1.14335,1.14335,232
2026-07-01 11:00,1782903600,1.14335,1.14345,1.14295,1.143,480
2026-07-01 11:05,1782903900,1.1431,1.14315,1.14295,1.14305,308
2026-07-01 11:10,1782904200,1.14305,1.1431,1.1428,1.14295,469
2026-07-01 11:15,1782904500,1.1429,1.14305,1.14285,1.143,344
2026-07-01 11:20,1782904800,1.143,1.14305,1.14285,1.143,117
2026-07-01 11:25,1782905100,1.14295,1.1431,1.14295,1.14305,187
2026-07-01 11:30,1782905400,1.1431,1.1431,1.1429,1.143,236
2026-07-01 11:35,1782905700,1.143,1.14315,1.14295,1.143,588
2026-07-01 11:40,1782906000,1.143,1.1432,1.143,1.1431,338
2026-07-01 11:45,1782906300,1.14305,1.1431,1.1426,1.1426,577
2026-07-01 11:50,1782906600,1.14265,1.1429,1.14255,1.14255,563
2026-07-01 11:55,1782906900,1.1425,1.1426,1.14205,1.14215,3803
2026-07-01 12:00,1782907200,1.14215,1.14235,1.1421,1.14225,840
2026-07-01 12:05,1782907500,1.14225,1.14225,1.14175,1.1418,714
2026-07-01 12:10,1782907800,1.14185,1.1419,1.1416,1.1418,1007
2026-07-01 12:15,1782908100,1.1419,1.1423,1.1419,1.1422,1494
2026-07-01 12:20,1782908400,1.1422,1.1423,1.1418,1.14195,1229
2026-07-01 12:25,1782908700,1.1419,1.14205,1.14165,1.14165,772
2026-07-01 12:30,1782909000,1.1417,1.1419,1.14125,1.1413,1646
2026-07-01 12:35,1782909300,1.1413,1.1413,1.1405,1.1405,1636
2026-07-01 12:40,1782909600,1.14055,1.14105,1.14045,1.14085,1914
2026-07-01 12:45,1782909900,1.1409,1.141,1.14055,1.1409,718
2026-07-01 12:50,1782910200,1.1409,1.14105,1.14075,1.1409,1114
2026-07-01 12:55,1782910500,1.14085,1.1409,1.1406,1.1407,2087
2026-07-01 13:00,1782910800,1.1407,1.14105,1.14055,1.141,1928
2026-07-01 13:05,1782911100,1.14095,1.14105,1.14065,1.141,1456
2026-07-01 13:10,1782911400,1.14095,1.14095,1.13975,1.1398,5906
2026-07-01 13:15,1782911700,1.1398,1.14075,1.1398,1.1405,5136
2026-07-01 13:20,1782912000,1.14055,1.14165,1.14055,1.14155,3213
2026-07-01 13:25,1782912300,1.14155,1.14235,1.14135,1.14215,6648
2026-07-01 13:30,1782912600,1.14215,1.14305,1.14185,1.14255,8846
2026-07-01 13:35,1782912900,1.14255,1.1428,1.1421,1.14235,3373
2026-07-01 13:40,1782913200,1.1423,1.144,1.1423,1.144,5374
2026-07-01 13:45,1782913500,1.14395,1.14475,1.1438,1.14395,4091
2026-07-01 13:50,1782913800,1.14395,1.14405,1.1433,1.14335,2897
2026-07-01 13:55,1782914100,1.14335,1.14345,1.1428,1.1431,1993
2026-07-01 14:00,1782914400,1.14315,1.1438,1.14275,1.1429,2794
2026-07-01 14:05,1782914700,1.1429,1.1438,1.1428,1.1438,1714
2026-07-01 14:10,1782915000,1.14385,1.1441,1.1435,1.14365,1211
2026-07-01 14:15,1782915300,1.14355,1.1436,1.14295,1.143,2130
2026-07-01 14:20,1782915600,1.143,1.14335,1.14275,1.1428,2222
2026-07-01 14:25,1782915900,1.1428,1.14295,1.1426,1.14275,1123
2026-07-01 14:30,1782916200,1.1427,1.1437,1.14265,1.1437,1606
2026-07-01 14:35,1782916500,1.14365,1.14375,1.14305,1.1432,1887
2026-07-01 14:40,1782916800,1.14315,1.14345,1.1429,1.14295,853
2026-07-01 14:45,1782917100,1.14305,1.1434,1.14275,1.1428,1578
2026-07-01 14:50,1782917400,1.14275,1.14275,1.14215,1.14215,2370
2026-07-01 14:55,1782917700,1.14215,1.14305,1.142,1.14305,3171
2026-07-01 15:00,1782918000,1.14305,1.14315,1.1424,1.1425,2395
2026-07-01 15:05,1782918300,1.1425,1.1429,1.14215,1.1422,1612
2026-07-01 15:10,1782918600,1.1422,1.14235,1.14215,1.14225,935
2026-07-01 15:15,1782918900,1.14225,1.1423,1.14195,1.14205,1023
2026-07-01 15:20,1782919200,1.14205,1.14255,1.14205,1.1424,941
2026-07-01 15:25,1782919500,1.14245,1.14285,1.14235,1.1428,927
2026-07-01 15:30,1782919800,1.14275,1.14295,1.1418,1.14185,2837
2026-07-01 15:35,1782920100,1.14185,1.14205,1.1417,1.1419,1612
2026-07-01 15:40,1782920400,1.1419,1.1419,1.1414,1.14155,1527
2026-07-01 15:45,1782920700,1.1416,1.14185,1.14145,1.14175,661
2026-07-01 15:50,1782921000,1.14175,1.1422,1.14175,1.14205,772
2026-07-01 15:55,1782921300,1.1421,1.14225,1.14185,1.1419,1448
2026-07-01 16:00,1782921600,1.14195,1.1428,1.14195,1.14275,2198
2026-07-01 16:05,1782921900,1.14275,1.14295,1.1425,1.14255,1200
2026-07-01 16:10,1782922200,1.1426,1.1427,1.14225,1.1423,1260
2026-07-01 16:15,1782922500,1.1423,1.14235,1.1419,1.14195,1114
2026-07-01 16:20,1782922800,1.142,1.1423,1.142,1.1422,1018
2026-07-01 16:25,1782923100,1.14215,1.14245,1.1421,1.14215,492
2026-07-01 16:30,1782923400,1.14215,1.14215,1.14185,1.14185,1092
2026-07-01 16:35,1782923700,1.14185,1.14185,1.14165,1.14165,709
2026-07-01 16:40,1782924000,1.1417,1.1418,1.14165,1.1417,197
2026-07-01 16:45,1782924300,1.1417,1.14195,1.1417,1.14175,607
2026-07-01 16:50,1782924600,1.14175,1.14175,1.1416,1.14165,291
2026-07-01 16:55,1782924900,1.1417,1.14195,1.14155,1.1418,500
2026-07-01 17:00,1782925200,1.1418,1.14205,1.14175,1.14185,520
2026-07-01 17:05,1782925500,1.14185,1.14195,1.1418,1.14185,363
2026-07-01 17:10,1782925800,1.14185,1.1419,1.1416,1.1416,702
2026-07-01 17:15,1782926100,1.14155,1.1419,1.14145,1.14185,596
2026-07-01 17:20,1782926400,1.1419,1.142,1.1418,1.1419,185
2026-07-01 17:25,1782926700,1.14195,1.1421,1.1419,1.142,1059
2026-07-01 17:30,1782927000,1.142,1.14215,1.142,1.14205,498
2026-07-01 17:35,1782927300,1.142,1.14205,1.14175,1.1418,170
2026-07-01 17:40,1782927600,1.1418,1.1418,1.14155,1.14155,237
2026-07-01 17:45,1782927900,1.14155,1.1418,1.14155,1.14175,224
2026-07-01 17:50,1782928200,1.14175,1.1418,1.1416,1.1416,274
2026-07-01 17:55,1782928500,1.1416,1.14165,1.14155,1.14165,280
2026-07-01 18:00,1782928800,1.14165,1.1418,1.1416,1.1417,458
2026-07-01 18:05,1782929100,1.14165,1.14165,1.1414,1.14145,264
2026-07-01 18:10,1782929400,1.1414,1.14145,1.1413,1.14145,673
2026-07-01 18:15,1782929700,1.1414,1.14145,1.1411,1.14115,349
2026-07-01 18:20,1782930000,1.1412,1.1413,1.1411,1.1412,304
2026-07-01 18:25,1782930300,1.1412,1.14125,1.1411,1.14125,255
2026-07-01 18:30,1782930600,1.1413,1.1414,1.14115,1.14135,180
2026-07-01 18:35,1782930900,1.14135,1.1414,1.1413,1.1414,202
2026-07-01 18:40,1782931200,1.1414,1.14155,1.14135,1.14155,575
2026-07-01 18:45,1782931500,1.14145,1.1415,1.1414,1.1414,148
2026-07-01 18:50,1782931800,1.1414,1.14145,1.1413,1.14135,228
2026-07-01 18:55,1782932100,1.1414,1.1416,1.1414,1.1415,2459
2026-07-01 19:00,1782932400,1.1415,1.1417,1.1415,1.14155,732
2026-07-01 19:05,1782932700,1.14155,1.14165,1.14155,1.14165,88
2026-07-01 19:10,1782933000,1.14165,1.14165,1.14145,1.1415,159
2026-07-01 19:15,1782933300,1.1415,1.14155,1.1413,1.14135,203
2026-07-01 19:20,1782933600,1.14135,1.1414,1.1413,1.14135,83
2026-07-01 19:25,1782933900,1.14135,1.1415,1.1413,1.1415,122
2026-07-01 19:30,1782934200,1.1415,1.14155,1.14135,1.1415,171
2026-07-01 19:35,1782934500,1.14155,1.1416,1.1415,1.14155,288
2026-07-01 19:40,1782934800,1.1416,1.1416,1.1415,1.14155,208
2026-07-01 19:45,1782935100,1.14155,1.14165,1.1415,1.1416,157
2026-07-01 19:50,1782935400,1.1416,1.1416,1.1413,1.14135,380
2026-07-01 19:55,1782935700,1.14135,1.1415,1.14135,1.1414,454
2026-07-01 20:00,1782936000,1.1414,1.1415,1.14135,1.1414,317
2026-07-01 20:05,1782936300,1.14145,1.14145,1.14135,1.1414,115
2026-07-01 20:10,1782936600,1.14135,1.1414,1.1413,1.14135,76
2026-07-01 20:15,1782936900,1.14135,1.1414,1.1412,1.1412,151
2026-07-01 20:20,1782937200,1.1412,1.14135,1.14115,1.1413,434
2026-07-01 20:25,1782937500,1.14125,1.14125,1.1412,1.1412,113
2026-07-01 20:30,1782937800,1.14115,1.14125,1.1411,1.1411,101
2026-07-01 20:35,1782938100,1.14115,1.1412,1.1411,1.14115,534
2026-07-01 20:40,1782938400,1.14115,1.14115,1.14095,1.141,153
2026-07-01 20:45,1782938700,1.141,1.1412,1.1409,1.14115,158
2026-07-01 20:50,1782939000,1.1412,1.1413,1.14115,1.1412,211
2026-07-01 20:55,1782939300,1.14125,1.14135,1.1411,1.1412,218
2026-07-01 22:00,1782943200,1.14115,1.14125,1.1411,1.14115,0
2026-07-01 22:05,1782943500,1.14115,1.1413,1.14115,1.1412,91
2026-07-01 22:10,1782943800,1.14125,1.14125,1.1412,1.1412,17
2026-07-01 22:15,1782944100,1.1412,1.1413,1.1412,1.1413,25
2026-07-01 22:20,1782944400,1.1413,1.1414,1.1413,1.1414,19
2026-07-01 22:25,1782944700,1.14135,1.1414,1.1413,1.1413,25
2026-07-01 22:30,1782945000,1.1413,1.1414,1.1413,1.14135,31
2026-07-01 22:35,1782945300,1.1414,1.1414,1.14135,1.14135,14
2026-07-01 22:40,1782945600,1.14135,1.1414,1.14135,1.1414,8
2026-07-01 22:45,1782945900,1.1413,1.14135,1.1413,1.1413,56
2026-07-01 22:50,1782946200,1.1413,1.1413,1.1413,1.1413,20
2026-07-01 22:55,1782946500,1.1413,1.1413,1.1413,1.1413,14
2026-07-01 23:00,1782946800,1.14135,1.14135,1.1413,1.1413,22
2026-07-01 23:05,1782947100,1.14135,1.14135,1.14125,1.1413,7
2026-07-01 23:10,1782947400,1.14125,1.1413,1.14125,1.1413,31
2026-07-01 23:15,1782947700,1.14125,1.14125,1.1412,1.1412,142
2026-07-01 23:20,1782948000,1.1412,1.1413,1.14115,1.14125,46
2026-07-01 23:25,1782948300,1.14125,1.14125,1.14125,1.14125,3
2026-07-01 23:30,1782948600,1.14125,1.14125,1.1412,1.14125,47
2026-07-01 23:35,1782948900,1.1412,1.14125,1.1412,1.1412,24
2026-07-01 23:40,1782949200,1.14125,1.14125,1.1412,1.14125,47
2026-07-01 23:45,1782949500,1.14125,1.14125,1.1412,1.14125,78
2026-07-01 23:50,1782949800,1.1412,1.14125,1.14115,1.1412,48
2026-07-01 23:55,1782950100,1.1412,1.14125,1.14115,1.1412,61
2026-07-02 00:00,1782950400,1.14115,1.14135,1.14105,1.14135,328
2026-07-02 00:05,1782950700,1.14135,1.1417,1.14135,1.1416,275
2026-07-02 00:10,1782951000,1.14165,1.14165,1.14145,1.14145,65
2026-07-02 00:15,1782951300,1.14145,1.14145,1.1412,1.1412,83
2026-07-02 00:20,1782951600,1.1412,1.1413,1.1412,1.14125,48
2026-07-02 00:25,1782951900,1.14125,1.14125,1.14105,1.14105,42
2026-07-02 00:30,1782952200,1.1411,1.1411,1.14085,1.1409,478
2026-07-02 00:35,1782952500,1.1409,1.1411,1.1409,1.14105,158
2026-07-02 00:40,1782952800,1.14105,1.14125,1.14105,1.1411,41
2026-07-02 00:45,1782953100,1.14115,1.14135,1.14115,1.14135,29
2026-07-02 00:50,1782953400,1.14125,1.1413,1.14115,1.1412,245
2026-07-02 00:55,1782953700,1.14115,1.14115,1.141,1.1411,151
2026-07-02 01:00,1782954000,1.14105,1.1413,1.14105,1.14125,181
2026-07-02 01:05,1782954300,1.1412,1.1414,1.1412,1.14135,59
2026-07-02 01:10,1782954600,1.1413,1.14145,1.14115,1.14135,82
2026-07-02 01:15,1782954900,1.14135,1.14135,1.1412,1.1413,89
2026-07-02 01:20,1782955200,1.14125,1.1414,1.14125,1.14135,188
2026-07-02 01:25,1782955500,1.14135,1.14135,1.14125,1.1413,59
2026-07-02 01:30,1782955800,1.14135,1.14135,1.1412,1.14125,79
2026-07-02 01:35,1782956100,1.14125,1.1415,1.14125,1.1415,54
2026-07-02 01:40,1782956400,1.14155,1.1417,1.14155,1.14155,73
2026-07-02 01:45,1782956700,1.1415,1.14195,1.1415,1.14195,120
2026-07-02 01:50,1782957000,1.1419,1.142,1.14175,1.1418,156
2026-07-02 01:55,1782957300,1.14175,1.14175,1.14155,1.1416,127
2026-07-02 02:00,1782957600,1.1416,1.14185,1.1416,1.14175,66
2026-07-02 02:05,1782957900,1.1418,1.14185,1.1418,1.14185,167
2026-07-02 02:10,1782958200,1.1418,1.1421,1.14175,1.1421,81
2026-07-02 02:15,1782958500,1.14205,1.14225,1.14205,1.1422,347
2026-07-02 02:20,1782958800,1.1422,1.1422,1.14195,1.14195,76
2026-07-02 02:25,1782959100,1.1419,1.14195,1.1418,1.1419,94
2026-07-02 02:30,1782959400,1.1419,1.14205,1.1419,1.14205,44
2026-07-02 02:35,1782959700,1.14205,1.14205,1.1419,1.1419,58
2026-07-02 02:40,1782960000,1.14185,1.14195,1.14185,1.14185,73
2026-07-02 02:45,1782960300,1.1419,1.1419,1.14175,1.1418,59
2026-07-02 02:50,1782960600,1.1418,1.1419,1.14165,1.14175,88
2026-07-02 02:55,1782960900,1.14175,1.14175,1.14155,1.14165,64
2026-07-02 03:00,1782961200,1.14165,1.14175,1.14155,1.14155,129
2026-07-02 03:05,1782961500,1.1415,1.1416,1.1415,1.1415,88
2026-07-02 03:10,1782961800,1.1415,1.1415,1.1413,1.1414,238
2026-07-02 03:15,1782962100,1.1414,1.14145,1.1413,1.1413,70
2026-07-02 03:20,1782962400,1.14125,1.1413,1.14125,1.14125,33
2026-07-02 03:25,1782962700,1.1413,1.1414,1.14125,1.1414,63
2026-07-02 03:30,1782963000,1.14145,1.14155,1.1414,1.1414,59
2026-07-02 03:35,1782963300,1.1414,1.14145,1.14135,1.1414,133
2026-07-02 03:40,1782963600,1.14145,1.1415,1.14145,1.1415,295
2026-07-02 03:45,1782963900,1.1415,1.1415,1.1414,1.14145,188
2026-07-02 03:50,1782964200,1.1415,1.14155,1.14135,1.1414,62
2026-07-02 03:55,1782964500,1.14135,1.1416,1.14135,1.14155,142
2026-07-02 04:05,1782965100,1.14205,1.1421,1.14205,1.1421,323
2026-07-02 04:10,1782965400,1.1421,1.1421,1.1419,1.14195,84
2026-07-02 04:15,1782965700,1.142,1.142,1.1419,1.14195,60
2026-07-02 04:20,1782966000,1.142,1.142,1.14185,1.1419,47
2026-07-02 04:25,1782966300,1.14195,1.142,1.1419,1.1419,42
2026-07-02 04:30,1782966600,1.1419,1.14205,1.1419,1.142,149
2026-07-02 04:35,1782966900,1.142,1.14205,1.142,1.142,122
2026-07-02 04:40,1782967200,1.142,1.142,1.14195,1.142,29
2026-07-02 04:45,1782967500,1.142,1.142,1.142,1.142,34
2026-07-02 04:50,1782967800,1.142,1.14225,1.142,1.14215,391
2026-07-02 04:55,1782968100,1.14215,1.1422,1.14205,1.1421,119
2026-07-02 05:00,1782968400,1.1421,1.1422,1.1421,1.1421,184
2026-07-02 05:05,1782968700,1.1421,1.14225,1.142,1.1421,77
2026-07-02 05:10,1782969000,1.14215,1.14215,1.14205,1.14205,49
2026-07-02 05:15,1782969300,1.142,1.14205,1.142,1.14205,47
2026-07-02 05:20,1782969600,1.142,1.14205,1.142,1.14205,27
2026-07-02 05:25,1782969900,1.14205,1.14205,1.14185,1.14185,61
2026-07-02 05:30,1782970200,1.14185,1.14185,1.14155,1.14175,200
2026-07-02 05:35,1782970500,1.1417,1.14175,1.14165,1.1417,162
2026-07-02 05:40,1782970800,1.1417,1.1419,1.1417,1.1418,106
2026-07-02 05:45,1782971100,1.14175,1.1419,1.14175,1.1418,99
2026-07-02 05:50,1782971400,1.14185,1.14195,1.14185,1.14185,102
2026-07-02 05:55,1782971700,1.1418,1.142,1.1418,1.14195,99
2026-07-02 06:00,1782972000,1.14195,1.1424,1.1419,1.14225,618
2026-07-02 06:05,1782972300,1.1423,1.14255,1.14215,1.1422,352
2026-07-02 06:10,1782972600,1.14225,1.14255,1.14225,1.14235,330
2026-07-02 06:15,1782972900,1.1423,1.1423,1.142,1.14215,142
2026-07-02 06:20,1782973200,1.14215,1.1423,1.14205,1.1422,608
2026-07-02 06:25,1782973500,1.1422,1.14225,1.1421,1.14215,222
2026-07-02 06:30,1782973800,1.14215,1.14235,1.14215,1.1423,508
2026-07-02 06:35,1782974100,1.14225,1.14235,1.1422,1.1423,453
2026-07-02 06:40,1782974400,1.14225,1.1426,1.14225,1.14255,335
2026-07-02 06:45,1782974700,1.14255,1.1434,1.1425,1.14335,1160
2026-07-02 06:50,1782975000,1.14335,1.14385,1.14285,1.14285,1665
2026-07-02 06:55,1782975300,1.14285,1.14315,1.14285,1.1429,371
2026-07-02 07:00,1782975600,1.1429,1.1429,1.1426,1.1427,887
2026-07-02 07:05,1782975900,1.14275,1.14285,1.1425,1.14285,567
2026-07-02 07:10,1782976200,1.1428,1.14315,1.14275,1.14295,501
2026-07-02 07:15,1782976500,1.14295,1.1431,1.14275,1.1429,331
2026-07-02 07:20,1782976800,1.1429,1.14335,1.1429,1.1433,713
2026-07-02 07:25,1782977100,1.1433,1.14355,1.1432,1.1435,556
2026-07-02 07:30,1782977400,1.1435,1.14355,1.1431,1.1432,402
2026-07-02 07:35,1782977700,1.14315,1.14365,1.14305,1.14365,369
2026-07-02 07:40,1782978000,1.14365,1.14415,1.14365,1.144,914
2026-07-02 07:45,1782978300,1.14395,1.14395,1.14365,1.1439,534
2026-07-02 07:50,1782978600,1.1439,1.14435,1.14375,1.14435,872
2026-07-02 07:55,1782978900,1.1443,1.14435,1.14405,1.1442,536
2026-07-02 08:00,1782979200,1.1442,1.1449,1.1441,1.14485,1123
2026-07-02 08:05,1782979500,1.14485,1.14525,1.1447,1.14495,1238
2026-07-02 08:10,1782979800,1.14495,1.14525,1.14495,1.14515,832
2026-07-02 08:15,1782980100,1.1451,1.1452,1.1449,1.1451,744
2026-07-02 08:20,1782980400,1.14515,1.1453,1.1449,1.14495,1806
2026-07-02 08:25,1782980700,1.14495,1.14515,1.1448,1.1451,645
2026-07-02 08:30,1782981000,1.14505,1.1451,1.1447,1.145,661
2026-07-02 08:35,1782981300,1.145,1.14515,1.14485,1.14505,322
2026-07-02 08:40,1782981600,1.1451,1.1454,1.145,1.1451,430
2026-07-02 08:45,1782981900,1.1451,1.14555,1.145,1.14545,1406
2026-07-02 08:50,1782982200,1.14545,1.1455,1.14515,1.1452,652
2026-07-02 08:55,1782982500,1.1452,1.14545,1.1451,1.1454,480
2026-07-02 09:00,1782982800,1.14545,1.14555,1.14495,1.14495,688
2026-07-02 09:05,1782983100,1.14495,1.14495,1.14425,1.14455,1591
2026-07-02 09:10,1782983400,1.1446,1.1448,1.14455,1.1447,436
2026-07-02 09:15,1782983700,1.14475,1.14505,1.1447,1.1449,462
2026-07-02 09:20,1782984000,1.14495,1.145,1.14465,1.14485,205
2026-07-02 09:25,1782984300,1.1448,1.1448,1.1444,1.1444,306
2026-07-02 09:30,1782984600,1.14445,1.1445,1.14435,1.1445,201
2026-07-02 09:35,1782984900,1.14455,1.14485,1.14455,1.1447,220
2026-07-02 09:40,1782985200,1.1447,1.1448,1.14455,1.1446,352
2026-07-02 09:45,1782985500,1.1447,1.1448,1.14455,1.1447,296
2026-07-02 09:50,1782985800,1.1447,1.14495,1.14455,1.1446,832
2026-07-02 09:55,1782986100,1.14455,1.14485,1.14445,1.14445,1130
2026-07-02 10:00,1782986400,1.1444,1.1445,1.14425,1.14425,1196
2026-07-02 10:05,1782986700,1.14425,1.14445,1.14425,1.14435,1488
2026-07-02 10:10,1782987000,1.14435,1.1444,1.14415,1.14415,350
2026-07-02 10:15,1782987300,1.1442,1.14425,1.1441,1.1441,377
2026-07-02 10:20,1782987600,1.14415,1.14415,1.14395,1.14405,1889
2026-07-02 10:25,1782987900,1.144,1.14425,1.144,1.1442,3592
2026-07-02 10:30,1782988200,1.1442,1.1442,1.1439,1.14405,324
2026-07-02 10:35,1782988500,1.1441,1.1441,1.14375,1.1439,290
2026-07-02 10:40,1782988800,1.1439,1.1441,1.1439,1.144,125
2026-07-02 10:45,1782989100,1.14405,1.14425,1.14405,1.14415,225
2026-07-02 10:50,1782989400,1.1441,1.14445,1.14405,1.1444,342
2026-07-02 10:55,1782989700,1.1444,1.14455,1.14415,1.14445,691
2026-07-02 11:00,1782990000,1.1445,1.1445,1.1443,1.14435,274
2026-07-02 11:05,1782990300,1.1443,1.1444,1.1441,1.14435,301
2026-07-02 11:10,1782990600,1.1444,1.14455,1.1444,1.1444,550
2026-07-02 11:15,1782990900,1.14445,1.1449,1.1444,1.14485,335
2026-07-02 11:20,1782991200,1.14485,1.1449,1.1447,1.1448,315
2026-07-02 11:25,1782991500,1.14475,1.1448,1.1446,1.14475,298
2026-07-02 11:30,1782991800,1.14475,1.14485,1.1446,1.1446,190
2026-07-02 11:35,1782992100,1.1446,1.14465,1.14455,1.14455,449
2026-07-02 11:40,1782992400,1.14455,1.14455,1.1442,1.14425,438
2026-07-02 11:45,1782992700,1.1442,1.1443,1.14395,1.144,556
2026-07-02 11:50,1782993000,1.14405,1.14405,1.14365,1.1437,832
2026-07-02 11:55,1782993300,1.1437,1.14385,1.1435,1.1438,1583
2026-07-02 12:00,1782993600,1.14385,1.1439,1.1435,1.14375,935
2026-07-02 12:05,1782993900,1.14375,1.14385,1.14325,1.1433,866
2026-07-02 12:10,1782994200,1.1433,1.14355,1.1433,1.1433,508
2026-07-02 12:15,1782994500,1.1433,1.1434,1.14295,1.143,719
2026-07-02 12:20,1782994800,1.143,1.14335,1.143,1.14335,1402
2026-07-02 12:25,1782995100,1.14335,1.1436,1.1433,1.1434,824
2026-07-02 12:30,1782995400,1.14325,1.1485,1.1432,1.1484,16756
2026-07-02 12:35,1782995700,1.14835,1.14965,1.14825,1.14965,10542
2026-07-02 12:40,1782996000,1.1496,1.1506,1.149,1.1506,9577
2026-07-02 12:45,1782996300,1.15055,1.15065,1.14895,1.14925,7679
2026-07-02 12:50,1782996600,1.1493,1.1497,1.14875,1.149,2754
2026-07-02 12:55,1782996900,1.14905,1.1491,1.14825,1.1486,3499
2026-07-02 13:00,1782997200,1.14855,1.1489,1.14795,1.1489,3197
2026-07-02 13:05,1782997500,1.14885,1.1489,1.14785,1.14795,2202
2026-07-02 13:10,1782997800,1.14795,1.14875,1.1479,1.1484,2362
2026-07-02 13:15,1782998100,1.1484,1.1484,1.148,1.1483,2400
2026-07-02 13:20,1782998400,1.1483,1.1483,1.1476,1.14765,2211
2026-07-02 13:25,1782998700,1.14765,1.1479,1.1473,1.1475,1484
2026-07-02 13:30,1782999000,1.1475,1.1486,1.14735,1.14835,2811
2026-07-02 13:35,1782999300,1.1483,1.14855,1.1477,1.14805,2789
2026-07-02 13:40,1782999600,1.14805,1.14845,1.1477,1.1482,1101
2026-07-02 13:45,1782999900,1.1482,1.14855,1.14805,1.14825,1316
2026-07-02 13:50,1783000200,1.14825,1.14875,1.1482,1.1483,1304
2026-07-02 13:55,1783000500,1.1483,1.1487,1.1482,1.1485,1271
2026-07-02 14:00,1783000800,1.1485,1.1486,1.14775,1.1479,3171
2026-07-02 14:05,1783001100,1.14795,1.14895,1.14785,1.14865,2122
2026-07-02 14:10,1783001400,1.1487,1.14925,1.14835,1.14905,4661
2026-07-02 14:15,1783001700,1.14905,1.1492,1.14875,1.1489,1719
2026-07-02 14:20,1783002000,1.1489,1.1489,1.14825,1.1484,916
2026-07-02 14:25,1783002300,1.1484,1.14845,1.1476,1.14765,2196
2026-07-02 14:30,1783002600,1.1477,1.14795,1.14735,1.1474,3007
2026-07-02 14:35,1783002900,1.1474,1.14765,1.14715,1.1472,1588
2026-07-02 14:40,1783003200,1.1472,1.14725,1.1468,1.14695,1801
2026-07-02 14:45,1783003500,1.147,1.14755,1.1469,1.1474,1505
2026-07-02 14:50,1783003800,1.1474,1.14775,1.1473,1.1473,1570
2026-07-02 14:55,1783004100,1.14735,1.14785,1.14735,1.1478,2945
2026-07-02 15:00,1783004400,1.1478,1.1482,1.14735,1.14785,2647
2026-07-02 15:05,1783004700,1.1479,1.14815,1.1477,1.1481,1530
2026-07-02 15:10,1783005000,1.1481,1.14815,1.1479,1.1479,1209
2026-07-02 15:15,1783005300,1.1479,1.1479,1.14745,1.1477,864
2026-07-02 15:20,1783005600,1.14775,1.14815,1.1477,1.14785,485
2026-07-02 15:25,1783005900,1.14785,1.148,1.14745,1.1475,440
2026-07-02 15:30,1783006200,1.1475,1.1483,1.1475,1.1481,610
2026-07-02 15:35,1783006500,1.14815,1.1484,1.1481,1.1481,496
2026-07-02 15:40,1783006800,1.1481,1.1481,1.1478,1.14785,585
2026-07-02 15:45,1783007100,1.14785,1.14795,1.14775,1.14775,263
2026-07-02 15:50,1783007400,1.1477,1.14785,1.1476,1.14785,536
2026-07-02 15:55,1783007700,1.1479,1.14815,1.1479,1.14815,2145
2026-07-02 16:00,1783008000,1.14815,1.1482,1.1478,1.148,784
2026-07-02 16:05,1783008300,1.14805,1.14805,1.14755,1.1477,320
2026-07-02 16:10,1783008600,1.14765,1.1479,1.14745,1.1477,824
2026-07-02 16:15,1783008900,1.1477,1.1477,1.1472,1.1472,1031
2026-07-02 16:20,1783009200,1.14725,1.1473,1.1471,1.1472,764
2026-07-02 16:25,1783009500,1.14725,1.14735,1.14695,1.14705,463
2026-07-02 16:30,1783009800,1.147,1.1471,1.14695,1.147,372
2026-07-02 16:35,1783010100,1.14705,1.1472,1.14695,1.14705,657
2026-07-02 16:40,1783010400,1.14705,1.14735,1.14695,1.14735,433
2026-07-02 16:45,1783010700,1.14735,1.1475,1.1473,1.14735,528
2026-07-02 16:50,1783011000,1.14735,1.1474,1.1472,1.1472,238
2026-07-02 16:55,1783011300,1.14725,1.1474,1.1471,1.14715,784
2026-07-02 17:00,1783011600,1.14715,1.14715,1.14685,1.14685,589
2026-07-02 17:05,1783011900,1.14685,1.14695,1.14665,1.1468,510
2026-07-02 17:10,1783012200,1.14675,1.147,1.14675,1.14685,263
2026-07-02 17:15,1783012500,1.14685,1.14685,1.14665,1.1468,282
2026-07-02 17:20,1783012800,1.1468,1.14685,1.14665,1.14665,71
2026-07-02 17:25,1783013100,1.1467,1.1467,1.14635,1.14655,309
2026-07-02 17:30,1783013400,1.1465,1.1467,1.1465,1.1465,420
2026-07-02 17:35,1783013700,1.1465,1.1465,1.14635,1.14635,586
2026-07-02 17:40,1783014000,1.1464,1.1464,1.1463,1.1463,467
2026-07-02 17:45,1783014300,1.1463,1.1465,1.1463,1.14635,664
2026-07-02 17:50,1783014600,1.1464,1.1466,1.14625,1.1465,546
2026-07-02 17:55,1783014900,1.1465,1.14655,1.1463,1.14645,875
2026-07-02 18:00,1783015200,1.1464,1.14675,1.1464,1.1467,539
2026-07-02 18:05,1783015500,1.1467,1.147,1.1467,1.147,373
2026-07-02 18:10,1783015800,1.147,1.147,1.14655,1.14655,466
2026-07-02 18:15,1783016100,1.14655,1.1467,1.14635,1.14645,461
2026-07-02 18:20,1783016400,1.1464,1.1466,1.14635,1.14655,438
2026-07-02 18:25,1783016700,1.1466,1.14685,1.1466,1.14665,491
2026-07-02 18:30,1783017000,1.14665,1.14705,1.14665,1.14695,517
2026-07-02 18:35,1783017300,1.14695,1.147,1.14685,1.14695,406
2026-07-02 18:40,1783017600,1.1469,1.1469,1.14665,1.14665,324
2026-07-02 18:45,1783017900,1.1467,1.14675,1.1466,1.14675,181
2026-07-02 18:50,1783018200,1.1467,1.14675,1.14665,1.14665,153
2026-07-02 18:55,1783018500,1.1467,1.14675,1.1466,1.14665,1748
2026-07-02 19:00,1783018800,1.14665,1.14675,1.1464,1.14645,1179
2026-07-02 19:05,1783019100,1.14645,1.1467,1.14645,1.1467,246
2026-07-02 19:10,1783019400,1.1467,1.1467,1.1465,1.1466,196
2026-07-02 19:15,1783019700,1.1466,1.14665,1.14645,1.14645,239
2026-07-02 19:20,1783020000,1.14645,1.1465,1.1463,1.1463,124
2026-07-02 19:25,1783020300,1.1463,1.1464,1.14625,1.1463,182
2026-07-02 19:30,1783020600,1.1463,1.1465,1.14625,1.14635,146
2026-07-02 19:35,1783020900,1.1463,1.1463,1.14615,1.14625,234
2026-07-02 19:40,1783021200,1.14625,1.1463,1.14625,1.1463,100
2026-07-02 19:45,1783021500,1.14625,1.1463,1.146,1.1461,618
2026-07-02 19:50,1783021800,1.1461,1.1464,1.1461,1.14635,453
2026-07-02 19:55,1783022100,1.1464,1.1466,1.14635,1.14645,535
2026-07-02 20:00,1783022400,1.1465,1.14655,1.14635,1.1465,477
2026-07-02 20:05,1783022700,1.14655,1.14665,1.14655,1.1466,144
2026-07-02 20:10,1783023000,1.1466,1.1466,1.14655,1.1466,53
2026-07-02 20:15,1783023300,1.14665,1.1468,1.1466,1.14675,188
2026-07-02 20:20,1783023600,1.1468,1.14685,1.1468,1.14685,97
2026-07-02 20:25,1783023900,1.1469,1.14695,1.14685,1.14685,153
2026-07-02 20:30,1783024200,1.14685,1.14685,1.1468,1.1468,63
2026-07-02 20:35,1783024500,1.14675,1.1468,1.1467,1.14675,44
2026-07-02 20:40,1783024800,1.1467,1.1467,1.1466,1.14665,36
2026-07-02 20:45,1783025100,1.14665,1.14685,1.14665,1.1468,69
2026-07-02 20:50,1783025400,1.14685,1.14695,1.1467,1.1468,169
2026-07-02 20:55,1783025700,1.14675,1.1468,1.14655,1.14655,266
2026-07-02 22:00,1783029600,1.1469,1.1469,1.14665,1.14685,0
2026-07-02 22:05,1783029900,1.14685,1.14685,1.14675,1.14675,64
2026-07-02 22:10,1783030200,1.14675,1.14675,1.14665,1.14665,27
2026-07-02 22:15,1783030500,1.14665,1.1467,1.1466,1.1466,103
2026-07-02 22:20,1783030800,1.1466,1.14665,1.14655,1.14655,106
2026-07-02 22:25,1783031100,1.14655,1.14655,1.1464,1.14645,102
2026-07-02 22:30,1783031400,1.14645,1.14645,1.14635,1.14635,151
2026-07-02 22:35,1783031700,1.14635,1.1464,1.14625,1.1463,173
2026-07-02 22:40,1783032000,1.1463,1.14635,1.1461,1.1462,244
2026-07-02 22:45,1783032300,1.1462,1.14625,1.1461,1.14615,110
2026-07-02 22:50,1783032600,1.14615,1.14615,1.14605,1.14605,97
2026-07-02 22:55,1783032900,1.14605,1.1462,1.14605,1.1462,92
2026-07-02 23:00,1783033200,1.14625,1.14625,1.14615,1.14615,95
2026-07-02 23:05,1783033500,1.14615,1.14625,1.14615,1.14615,90
2026-07-02 23:10,1783033800,1.14615,1.14625,1.1461,1.1461,95
2026-07-02 23:15,1783034100,1.1461,1.1462,1.1461,1.1462,69
2026-07-02 23:20,1783034400,1.14625,1.1463,1.14615,1.1463,111
2026-07-02 23:25,1783034700,1.1463,1.14635,1.1463,1.1463,82
2026-07-02 23:30,1783035000,1.1463,1.1463,1.14605,1.14605,108
2026-07-02 23:35,1783035300,1.14605,1.1461,1.1457,1.1458,246
2026-07-02 23:40,1783035600,1.14575,1.14595,1.14575,1.1459,126
2026-07-02 23:45,1783035900,1.14595,1.146,1.1458,1.14585,141
2026-07-02 23:50,1783036200,1.14585,1.1459,1.1456,1.14565,126
2026-07-02 23:55,1783036500,1.14565,1.14565,1.1455,1.14555,259
2026-07-03 00:00,1783036800,1.1456,1.14575,1.14555,1.1456,294
2026-07-03 00:05,1783037100,1.14555,1.1456,1.1454,1.14545,197
2026-07-03 00:10,1783037400,1.14545,1.14565,1.1454,1.14555,191
2026-07-03 00:15,1783037700,1.14555,1.14555,1.1454,1.14555,141
2026-07-03 00:20,1783038000,1.1456,1.14565,1.14545,1.14555,136
2026-07-03 00:25,1783038300,1.14555,1.1457,1.1455,1.14555,171
2026-07-03 00:30,1783038600,1.1455,1.14555,1.14535,1.1454,524
2026-07-03 00:35,1783038900,1.14545,1.14555,1.1454,1.14545,71
2026-07-03 00:40,1783039200,1.1455,1.14555,1.1454,1.14555,93
2026-07-03 00:45,1783039500,1.14555,1.14575,1.1455,1.14565,363
2026-07-03 00:50,1783039800,1.14565,1.14615,1.14565,1.1461,219
2026-07-03 00:55,1783040100,1.1461,1.1464,1.1459,1.1464,473
2026-07-03 01:00,1783040400,1.1464,1.1467,1.1463,1.1467,459
2026-07-03 01:05,1783040700,1.1466,1.1467,1.14635,1.14665,206
2026-07-03 01:10,1783041000,1.1466,1.14705,1.14655,1.14705,540
2026-07-03 01:15,1783041300,1.14705,1.14755,1.147,1.14755,382
2026-07-03 01:20,1783041600,1.1475,1.1478,1.14745,1.14775,477
2026-07-03 01:25,1783041900,1.1477,1.1477,1.14725,1.14725,275
2026-07-03 01:30,1783042200,1.14725,1.1475,1.1471,1.1475,257
2026-07-03 01:35,1783042500,1.14755,1.1476,1.14715,1.1472,295
2026-07-03 01:40,1783042800,1.1472,1.14745,1.1472,1.14745,257
2026-07-03 01:45,1783043100,1.1474,1.1474,1.14705,1.1471,275
2026-07-03 01:50,1783043400,1.1471,1.14715,1.14695,1.1471,242
2026-07-03 01:55,1783043700,1.1471,1.14715,1.14695,1.147,272
2026-07-03 02:00,1783044000,1.147,1.1471,1.1469,1.14695,189
2026-07-03 02:05,1783044300,1.147,1.1475,1.14695,1.14745,160
2026-07-03 02:10,1783044600,1.1475,1.14755,1.1473,1.1474,136
2026-07-03 02:15,1783044900,1.1474,1.14765,1.1474,1.1475,104
2026-07-03 02:20,1783045200,1.14755,1.1477,1.14745,1.14765,58
2026-07-03 02:25,1783045500,1.1476,1.14775,1.14755,1.1477,72
2026-07-03 02:30,1783045800,1.14775,1.1478,1.1475,1.1475,169
2026-07-03 02:35,1783046100,1.14755,1.14765,1.1475,1.14765,21
2026-07-03 02:40,1783046400,1.14765,1.1477,1.14755,1.1477,47
2026-07-03 02:45,1783046700,1.1477,1.1477,1.1475,1.14755,70
2026-07-03 02:50,1783047000,1.14755,1.14765,1.14755,1.1476,140
2026-07-03 02:55,1783047300,1.1476,1.14765,1.14725,1.1473,389
2026-07-03 03:00,1783047600,1.1473,1.14735,1.14725,1.14725,87
2026-07-03 03:05,1783047900,1.1472,1.1472,1.14715,1.14715,92
2026-07-03 03:10,1783048200,1.14715,1.1473,1.1471,1.1473,28
2026-07-03 03:15,1783048500,1.14725,1.1473,1.1472,1.14725,28
2026-07-03 03:20,1783048800,1.1472,1.14725,1.1471,1.1471,20
2026-07-03 03:25,1783049100,1.1471,1.1472,1.14705,1.1472,33
2026-07-03 03:30,1783049400,1.1472,1.14725,1.1471,1.14725,692
2026-07-03 03:35,1783049700,1.14725,1.14745,1.14725,1.1473,621
2026-07-03 03:40,1783050000,1.1473,1.14745,1.1473,1.1473,192
2026-07-03 03:45,1783050300,1.1473,1.14735,1.14725,1.14735,598
2026-07-03 03:50,1783050600,1.1474,1.14745,1.1473,1.1474,131
2026-07-03 03:55,1783050900,1.1474,1.1475,1.1474,1.14745,133
2026-07-05 22:00,1783288800,1.1471,1.1471,1.14685,1.1469,201
2026-07-05 22:05,1783289100,1.1469,1.14695,1.14675,1.1468,168
2026-07-05 22:10,1783289400,1.1469,1.14695,1.1469,1.1469,12
2026-07-05 22:15,1783289700,1.1469,1.1469,1.1468,1.1469,43
2026-07-05 22:20,1783290000,1.14685,1.147,1.14685,1.147,86
2026-07-05 22:25,1783290300,1.14695,1.1471,1.14695,1.14695,59
2026-07-05 22:30,1783290600,1.14695,1.147,1.1469,1.14695,52
2026-07-05 22:35,1783290900,1.14695,1.14705,1.14695,1.147,60
2026-07-05 22:40,1783291200,1.147,1.14705,1.147,1.14705,62
2026-07-05 22:45,1783291500,1.1471,1.1471,1.14705,1.1471,26
2026-07-05 22:50,1783291800,1.14705,1.1471,1.14695,1.147,49
2026-07-05 22:55,1783292100,1.14695,1.147,1.1469,1.147,61
2026-07-05 23:00,1783292400,1.147,1.14705,1.1468,1.1468,172
2026-07-05 23:05,1783292700,1.14675,1.1468,1.1467,1.1467,69
2026-07-05 23:10,1783293000,1.14665,1.1471,1.14665,1.1471,58
2026-07-05 23:15,1783293300,1.1467,1.1471,1.14665,1.14665,29
2026-07-05 23:20,1783293600,1.14665,1.14685,1.14665,1.14675,36
2026-07-05 23:25,1783293900,1.14675,1.147,1.14675,1.14695,31
2026-07-05 23:30,1783294200,1.14695,1.147,1.1469,1.14695,39
2026-07-05 23:35,1783294500,1.147,1.1471,1.14695,1.14705,25
2026-07-05 23:40,1783294800,1.14705,1.1471,1.14705,1.14705,55
2026-07-05 23:45,1783295100,1.147,1.1471,1.14695,1.147,81
2026-07-05 23:50,1783295400,1.14695,1.14695,1.14685,1.1469,35
2026-07-05 23:55,1783295700,1.1469,1.1471,1.1469,1.147,83
2026-07-06 00:00,1783296000,1.14695,1.1471,1.14685,1.14685,482
2026-07-06 00:05,1783296300,1.1469,1.1471,1.14655,1.1466,117
2026-07-06 00:10,1783296600,1.14665,1.14695,1.1466,1.1469,97
2026-07-06 00:15,1783296900,1.14695,1.1474,1.14695,1.1472,237
2026-07-06 00:20,1783297200,1.14715,1.1472,1.1471,1.1471,41
2026-07-06 00:25,1783297500,1.14705,1.1471,1.147,1.1471,82
2026-07-06 00:30,1783297800,1.1472,1.1474,1.1471,1.1472,152
2026-07-06 00:35,1783298100,1.14715,1.1473,1.1471,1.1473,104
2026-07-06 00:40,1783298400,1.1473,1.1474,1.1473,1.1473,84
2026-07-06 00:45,1783298700,1.1473,1.14735,1.14705,1.1471,81
2026-07-06 00:50,1783299000,1.14715,1.1472,1.147,1.14715,55
2026-07-06 00:55,1783299300,1.1472,1.1473,1.1471,1.1471,180
2026-07-06 01:00,1783299600,1.14715,1.14715,1.147,1.147,43
2026-07-06 01:05,1783299900,1.147,1.147,1.14685,1.14695,293
2026-07-06 01:10,1783300200,1.1471,1.14715,1.14685,1.147,94
2026-07-06 01:15,1783300500,1.14695,1.1471,1.14675,1.1468,111
2026-07-06 01:20,1783300800,1.1468,1.1471,1.1465,1.14655,280
2026-07-06 01:25,1783301100,1.1466,1.1466,1.1464,1.1465,107
2026-07-06 01:30,1783301400,1.1465,1.1466,1.1464,1.1465,164
2026-07-06 01:35,1783301700,1.14655,1.14675,1.1465,1.14675,244
2026-07-06 01:40,1783302000,1.1468,1.1471,1.14665,1.14675,75
2026-07-06 01:45,1783302300,1.1467,1.1471,1.1465,1.1465,54
2026-07-06 01:50,1783302600,1.14645,1.14645,1.14635,1.1464,148
2026-07-06 01:55,1783302900,1.1464,1.1464,1.14615,1.14615,121
2026-07-06 02:00,1783303200,1.14615,1.14635,1.14615,1.1463,155
2026-07-06 02:05,1783303500,1.14625,1.1471,1.1461,1.1462,117
2026-07-06 02:10,1783303800,1.1462,1.1471,1.1462,1.1463,61
2026-07-06 02:15,1783304100,1.14625,1.1463,1.14615,1.1463,96
2026-07-06 02:20,1783304400,1.14635,1.1464,1.14625,1.14625,106
2026-07-06 02:25,1783304700,1.14625,1.1463,1.14625,1.14625,34
2026-07-06 02:30,1783305000,1.14625,1.1471,1.1462,1.1463,123
2026-07-06 02:35,1783305300,1.1463,1.1471,1.1462,1.1463,39
2026-07-06 02:40,1783305600,1.14625,1.1463,1.1462,1.1463,79
2026-07-06 02:45,1783305900,1.1463,1.14645,1.1463,1.1464,13
2026-07-06 02:50,1783306200,1.1464,1.14665,1.1464,1.14665,75
2026-07-06 02:55,1783306500,1.14665,1.1471,1.14655,1.1467,132
2026-07-06 03:00,1783306800,1.14675,1.1471,1.1467,1.1468,112
2026-07-06 03:05,1783307100,1.1468,1.1468,1.1467,1.1467,19
2026-07-06 03:10,1783307400,1.1467,1.14675,1.14655,1.14655,25
2026-07-06 03:15,1783307700,1.1466,1.1466,1.1465,1.1466,49
2026-07-06 03:20,1783308000,1.14655,1.1471,1.1464,1.1464,117
2026-07-06 03:25,1783308300,1.1463,1.1471,1.14625,1.14625,144
2026-07-06 03:30,1783308600,1.14615,1.1462,1.1461,1.1462,288
2026-07-06 03:35,1783308900,1.14615,1.1463,1.14615,1.1463,29
2026-07-06 03:40,1783309200,1.1463,1.1464,1.1463,1.14635,27
2026-07-06 03:45,1783309500,1.14645,1.1471,1.14635,1.14635,36
2026-07-06 03:50,1783309800,1.14635,1.1471,1.1463,1.14635,21
2026-07-06 03:55,1783310100,1.14635,1.1465,1.14635,1.14645,48
2026-07-06 04:00,1783310400,1.1465,1.14655,1.14645,1.14655,79
2026-07-06 04:05,1783310700,1.14655,1.14655,1.1465,1.14655,50
2026-07-06 04:10,1783311000,1.1466,1.14675,1.1466,1.1467,29
2026-07-06 04:15,1783311300,1.14665,1.1467,1.14655,1.14655,31
2026-07-06 04:20,1783311600,1.14655,1.1466,1.1465,1.1466,41
2026-07-06 04:25,1783311900,1.14655,1.14655,1.14655,1.14655,9
2026-07-06 04:30,1783312200,1.14655,1.14665,1.14655,1.1466,25
2026-07-06 04:35,1783312500,1.14655,1.14655,1.1465,1.14655,29
2026-07-06 04:40,1783312800,1.14655,1.14665,1.14655,1.14665,47
2026-07-06 04:45,1783313100,1.14665,1.1467,1.14655,1.1467,24
2026-07-06 04:50,1783313400,1.1466,1.1466,1.14655,1.14655,12
2026-07-06 04:55,1783313700,1.14665,1.14665,1.14655,1.1466,71
2026-07-06 05:00,1783314000,1.14665,1.14665,1.14635,1.14635,60
2026-07-06 05:05,1783314300,1.1463,1.1463,1.14615,1.1462,75
2026-07-06 05:10,1783314600,1.14625,1.1464,1.14625,1.1463,70
2026-07-06 05:15,1783314900,1.1463,1.1463,1.14615,1.1462,59
2026-07-06 05:20,1783315200,1.1462,1.1462,1.14615,1.14615,97
2026-07-06 05:25,1783315500,1.1461,1.1462,1.1461,1.1462,57
2026-07-06 05:30,1783315800,1.14615,1.14655,1.14615,1.1465,130
2026-07-06 05:35,1783316100,1.1465,1.14655,1.14645,1.14645,169
2026-07-06 05:40,1783316400,1.14645,1.14645,1.1463,1.1463,59
2026-07-06 05:45,1783316700,1.14625,1.1465,1.14625,1.14635,127
2026-07-06 05:50,1783317000,1.14635,1.14635,1.14625,1.14635,35
2026-07-06 05:55,1783317300,1.14635,1.14635,1.1456,1.1457,825
2026-07-06 06:00,1783317600,1.14565,1.14615,1.14565,1.14605,401
2026-07-06 06:05,1783317900,1.1461,1.1462,1.1458,1.14615,382
2026-07-06 06:10,1783318200,1.1461,1.1461,1.1458,1.14585,263
2026-07-06 06:15,1783318500,1.14585,1.1459,1.14545,1.1456,248
2026-07-06 06:20,1783318800,1.14555,1.14585,1.1455,1.1458,239
2026-07-06 06:25,1783319100,1.1458,1.1458,1.1455,1.1457,178
2026-07-06 06:30,1783319400,1.1457,1.1458,1.1455,1.1457,218
2026-07-06 06:35,1783319700,1.14565,1.14575,1.14525,1.14565,619
2026-07-06 06:40,1783320000,1.14565,1.1458,1.14565,1.14565,158
2026-07-06 06:45,1783320300,1.14565,1.1459,1.1456,1.14565,168
2026-07-06 06:50,1783320600,1.1456,1.1457,1.1455,1.14555,139
2026-07-06 06:55,1783320900,1.1455,1.1457,1.1453,1.1456,526
2026-07-06 07:00,1783321200,1.1456,1.1456,1.145,1.1453,1075
2026-07-06 07:05,1783321500,1.14535,1.14535,1.1451,1.1452,442
2026-07-06 07:10,1783321800,1.1452,1.14585,1.1451,1.14585,590
2026-07-06 07:15,1783322100,1.14585,1.14615,1.1458,1.14595,734
2026-07-06 07:20,1783322400,1.14595,1.14595,1.14565,1.14575,899
2026-07-06 07:25,1783322700,1.1457,1.14575,1.14545,1.1456,641
2026-07-06 07:30,1783323000,1.1456,1.14585,1.14555,1.1456,672
2026-07-06 07:35,1783323300,1.1456,1.1458,1.1455,1.1458,231
2026-07-06 07:40,1783323600,1.1458,1.14605,1.1458,1.1458,402
2026-07-06 07:45,1783323900,1.14585,1.14595,1.1458,1.14585,424
2026-07-06 07:50,1783324200,1.1458,1.1459,1.14555,1.14575,431
2026-07-06 07:55,1783324500,1.14575,1.14605,1.14575,1.146,200
2026-07-06 08:00,1783324800,1.14595,1.14605,1.14545,1.1457,298
2026-07-06 08:05,1783325100,1.14565,1.1457,1.14545,1.14545,278
2026-07-06 08:10,1783325400,1.1454,1.1455,1.1449,1.14525,1052
2026-07-06 08:15,1783325700,1.14525,1.14545,1.145,1.14505,277
2026-07-06 08:20,1783326000,1.1451,1.1453,1.14505,1.14505,227
2026-07-06 08:25,1783326300,1.14505,1.1452,1.145,1.1452,320
2026-07-06 08:30,1783326600,1.14525,1.1454,1.14505,1.1451,462
2026-07-06 08:35,1783326900,1.14515,1.1453,1.1451,1.14515,551
2026-07-06 08:40,1783327200,1.1452,1.1453,1.14495,1.145,164
2026-07-06 08:45,1783327500,1.145,1.14505,1.1448,1.14485,259
2026-07-06 08:50,1783327800,1.14485,1.14525,1.14485,1.1451,665
2026-07-06 08:55,1783328100,1.14505,1.1454,1.145,1.14535,664
2026-07-06 09:00,1783328400,1.14535,1.14545,1.1451,1.14525,593
2026-07-06 09:05,1783328700,1.1453,1.1454,1.14525,1.1453,483
2026-07-06 09:10,1783329000,1.1453,1.1453,1.14505,1.14515,761
2026-07-06 09:15,1783329300,1.14515,1.14525,1.14505,1.14505,213
2026-07-06 09:20,1783329600,1.14505,1.1453,1.145,1.1453,453
2026-07-06 09:25,1783329900,1.14525,1.1453,1.14505,1.14515,245
2026-07-06 09:30,1783330200,1.1451,1.14525,1.1451,1.14525,275
2026-07-06 09:35,1783330500,1.1452,1.1453,1.14515,1.14515,172
2026-07-06 09:40,1783330800,1.1452,1.14525,1.145,1.14505,351
2026-07-06 09:45,1783331100,1.14505,1.14505,1.14475,1.1448,218
2026-07-06 09:50,1783331400,1.1448,1.1449,1.14445,1.1445,403
2026-07-06 09:55,1783331700,1.1445,1.14465,1.1445,1.14465,211
2026-07-06 10:00,1783332000,1.1446,1.14475,1.1444,1.1445,429
2026-07-06 10:05,1783332300,1.14455,1.1446,1.1443,1.14455,439
2026-07-06 10:10,1783332600,1.1445,1.1449,1.1445,1.1449,210
2026-07-06 10:15,1783332900,1.14485,1.1452,1.1447,1.1451,480
2026-07-06 10:20,1783333200,1.14505,1.1453,1.14495,1.1453,188
2026-07-06 10:25,1783333500,1.14525,1.14525,1.1449,1.1449,231
2026-07-06 10:30,1783333800,1.14485,1.1453,1.14485,1.1453,167
2026-07-06 10:35,1783334100,1.1453,1.1454,1.14525,1.1453,246
2026-07-06 10:40,1783334400,1.14525,1.1453,1.14515,1.14525,200
2026-07-06 10:45,1783334700,1.1452,1.1453,1.14515,1.1452,270
2026-07-06 10:50,1783335000,1.14515,1.1454,1.145,1.14535,918
2026-07-06 10:55,1783335300,1.14535,1.14545,1.14525,1.1453,310
2026-07-06 11:00,1783335600,1.1453,1.14535,1.14505,1.14515,235
2026-07-06 11:05,1783335900,1.14505,1.1452,1.1449,1.1451,454
2026-07-06 11:10,1783336200,1.1451,1.1452,1.14505,1.1452,531
2026-07-06 11:15,1783336500,1.1452,1.14525,1.1449,1.145,340
2026-07-06 11:20,1783336800,1.145,1.14515,1.145,1.14505,117
2026-07-06 11:25,1783337100,1.145,1.1452,1.145,1.14515,197
2026-07-06 11:30,1783337400,1.14515,1.14525,1.14505,1.14525,197
2026-07-06 11:35,1783337700,1.1452,1.1452,1.14475,1.14475,557
2026-07-06 11:40,1783338000,1.1448,1.14495,1.14475,1.1448,558
2026-07-06 11:45,1783338300,1.1448,1.1448,1.1446,1.1447,613
2026-07-06 11:50,1783338600,1.14465,1.14465,1.1445,1.14465,652
2026-07-06 11:55,1783338900,1.14465,1.14495,1.1446,1.14485,774
2026-07-06 12:00,1783339200,1.14485,1.1453,1.1448,1.1453,606
2026-07-06 12:05,1783339500,1.1453,1.1453,1.1448,1.14485,786
2026-07-06 12:10,1783339800,1.1448,1.14515,1.1447,1.14505,386
2026-07-06 12:15,1783340100,1.1451,1.14525,1.14495,1.14505,627
2026-07-06 12:20,1783340400,1.145,1.14505,1.1449,1.1449,1353
2026-07-06 12:25,1783340700,1.1449,1.1451,1.1449,1.14505,615
2026-07-06 12:30,1783341000,1.14505,1.14515,1.14495,1.14495,633
2026-07-06 12:35,1783341300,1.14495,1.145,1.1448,1.145,775
2026-07-06 12:40,1783341600,1.145,1.14505,1.1446,1.14465,575
2026-07-06 12:45,1783341900,1.14465,1.14485,1.1445,1.1447,1095
2026-07-06 12:50,1783342200,1.14475,1.14495,1.1446,1.14485,913
2026-07-06 12:55,1783342500,1.14485,1.14485,1.1444,1.1446,686
2026-07-06 13:00,1783342800,1.1446,1.14485,1.1444,1.14465,791
2026-07-06 13:05,1783343100,1.1447,1.14495,1.14465,1.14495,459
2026-07-06 13:10,1783343400,1.14495,1.14535,1.1449,1.1451,1278
2026-07-06 13:15,1783343700,1.14515,1.14545,1.1451,1.14535,1126
2026-07-06 13:20,1783344000,1.1454,1.1456,1.1453,1.14545,401
2026-07-06 13:25,1783344300,1.14545,1.1455,1.1452,1.14535,1046
2026-07-06 13:30,1783344600,1.14535,1.14545,1.1452,1.1453,685
2026-07-06 13:35,1783344900,1.14525,1.14535,1.1451,1.1452,349
2026-07-06 13:40,1783345200,1.1452,1.14525,1.14495,1.14505,558
2026-07-06 13:45,1783345500,1.14505,1.14505,1.14455,1.14485,1098
2026-07-06 13:50,1783345800,1.14485,1.145,1.1445,1.14455,1486
2026-07-06 13:55,1783346100,1.14455,1.1447,1.14415,1.1446,1515
2026-07-06 14:00,1783346400,1.14455,1.145,1.14435,1.14475,1783
2026-07-06 14:05,1783346700,1.14475,1.14515,1.14475,1.1451,965
2026-07-06 14:10,1783347000,1.1451,1.1453,1.1449,1.14525,537
2026-07-06 14:15,1783347300,1.14525,1.14525,1.14495,1.14505,435
2026-07-06 14:20,1783347600,1.14505,1.1451,1.1449,1.1449,546
2026-07-06 14:25,1783347900,1.1449,1.145,1.1447,1.14475,583
2026-07-06 14:30,1783348200,1.1448,1.1451,1.1447,1.1451,667
2026-07-06 14:35,1783348500,1.14505,1.1451,1.1447,1.14475,551
2026-07-06 14:40,1783348800,1.1447,1.1448,1.14445,1.1445,410
2026-07-06 14:45,1783349100,1.1445,1.14475,1.14445,1.14445,484
2026-07-06 14:50,1783349400,1.14445,1.14475,1.14445,1.14475,799
2026-07-06 14:55,1783349700,1.1447,1.14515,1.1447,1.145,1893
2026-07-06 15:00,1783350000,1.14505,1.14525,1.14495,1.1452,1085
2026-07-06 15:05,1783350300,1.14515,1.14525,1.14505,1.14505,558
2026-07-06 15:10,1783350600,1.14505,1.14505,1.14485,1.145,554
2026-07-06 15:15,1783350900,1.145,1.14505,1.1449,1.1449,338
2026-07-06 15:20,1783351200,1.1449,1.14515,1.1449,1.1451,307
2026-07-06 15:25,1783351500,1.1451,1.14515,1.14495,1.14505,377
2026-07-06 15:30,1783351800,1.14505,1.1452,1.14505,1.14515,568
2026-07-06 15:35,1783352100,1.1451,1.14525,1.145,1.1452,374
2026-07-06 15:40,1783352400,1.1452,1.1457,1.1452,1.1456,689
2026-07-06 15:45,1783352700,1.14565,1.1458,1.1456,1.14575,1137
2026-07-06 15:50,1783353000,1.1458,1.1459,1.14565,1.14575,615
2026-07-06 15:55,1783353300,1.14575,1.14585,1.1456,1.1458,356
2026-07-06 16:00,1783353600,1.14585,1.14605,1.14585,1.14595,844
2026-07-06 16:05,1783353900,1.14595,1.1461,1.14585,1.14605,470
2026-07-06 16:10,1783354200,1.1461,1.1462,1.14595,1.14595,334
2026-07-06 16:15,1783354500,1.14595,1.1463,1.1459,1.14625,668
2026-07-06 16:20,1783354800,1.14625,1.1464,1.1462,1.14625,572
2026-07-06 16:25,1783355100,1.1462,1.14635,1.1462,1.14635,408
2026-07-06 16:30,1783355400,1.1463,1.14635,1.14615,1.1462,432
2026-07-06 16:35,1783355700,1.14615,1.14625,1.14605,1.14615,290
2026-07-06 16:40,1783356000,1.1461,1.14615,1.14595,1.14615,350
2026-07-06 16:45,1783356300,1.1461,1.14625,1.14605,1.1462,1895
2026-07-06 16:50,1783356600,1.1462,1.1465,1.1462,1.1465,305
2026-07-06 16:55,1783356900,1.1465,1.1465,1.1463,1.1464,257
2026-07-06 17:00,1783357200,1.1464,1.1466,1.14635,1.14655,385
2026-07-06 17:05,1783357500,1.1465,1.14655,1.14645,1.14655,256
2026-07-06 17:10,1783357800,1.14655,1.14675,1.14655,1.14675,343
2026-07-06 17:15,1783358100,1.1467,1.1468,1.1467,1.1468,415
2026-07-06 17:20,1783358400,1.14675,1.147,1.14675,1.14695,793
2026-07-06 17:25,1783358700,1.1469,1.147,1.1469,1.1469,186
2026-07-06 17:30,1783359000,1.14695,1.1471,1.1469,1.147,374
2026-07-06 17:35,1783359300,1.14705,1.14715,1.14685,1.14715,295
2026-07-06 17:40,1783359600,1.14715,1.1473,1.1471,1.1472,484
2026-07-06 17:45,1783359900,1.14715,1.1472,1.1471,1.14715,301
2026-07-06 17:50,1783360200,1.14715,1.1472,1.14705,1.14705,488
2026-07-06 17:55,1783360500,1.147,1.147,1.1469,1.14695,359
2026-07-06 18:00,1783360800,1.14695,1.14715,1.14695,1.147,211
2026-07-06 18:05,1783361100,1.147,1.147,1.1468,1.1469,385
2026-07-06 18:10,1783361400,1.14695,1.147,1.14685,1.147,123
2026-07-06 18:15,1783361700,1.147,1.1471,1.14695,1.147,254
2026-07-06 18:20,1783362000,1.14705,1.14705,1.14695,1.14695,409
2026-07-06 18:25,1783362300,1.147,1.1472,1.147,1.1472,419
2026-07-06 18:30,1783362600,1.14725,1.1475,1.1471,1.14745,924
2026-07-06 18:35,1783362900,1.14745,1.1476,1.1474,1.1475,826
2026-07-06 18:40,1783363200,1.14755,1.1476,1.14745,1.1475,421
2026-07-06 18:45,1783363500,1.1475,1.1478,1.1475,1.1478,755
2026-07-06 18:50,1783363800,1.14775,1.1478,1.14765,1.1477,491
2026-07-06 18:55,1783364100,1.14765,1.14785,1.1476,1.1476,2968
2026-07-06 19:00,1783364400,1.1476,1.1476,1.1474,1.14755,1599
2026-07-06 19:05,1783364700,1.1476,1.1476,1.14745,1.14745,367
2026-07-06 19:10,1783365000,1.14745,1.1475,1.1474,1.14745,531
2026-07-06 19:15,1783365300,1.1474,1.14745,1.1474,1.1474,194
2026-07-06 19:20,1783365600,1.1474,1.1474,1.14715,1.1472,568
2026-07-06 19:25,1783365900,1.14715,1.14725,1.14715,1.1472,279
2026-07-06 19:30,1783366200,1.14725,1.1474,1.14725,1.1473,176
2026-07-06 19:35,1783366500,1.1473,1.1474,1.1473,1.14735,72
2026-07-06 19:40,1783366800,1.14735,1.14735,1.14725,1.1473,89
2026-07-06 19:45,1783367100,1.1473,1.1474,1.1473,1.1474,99
2026-07-06 19:50,1783367400,1.1474,1.1475,1.1474,1.14745,295
2026-07-06 19:55,1783367700,1.14745,1.1475,1.1473,1.14745,794
2026-07-06 20:00,1783368000,1.14745,1.1475,1.14735,1.1475,421
2026-07-06 20:05,1783368300,1.14745,1.1475,1.1474,1.14745,156
2026-07-06 20:10,1783368600,1.14745,1.1475,1.1474,1.1474,105
2026-07-06 20:15,1783368900,1.14735,1.14735,1.1473,1.14735,42
2026-07-06 20:20,1783369200,1.14735,1.14745,1.14735,1.14745,49
2026-07-06 20:25,1783369500,1.1474,1.1475,1.1474,1.1475,65
2026-07-06 20:30,1783369800,1.14745,1.1475,1.14745,1.1475,29
2026-07-06 20:35,1783370100,1.1474,1.1474,1.14725,1.1474,84
2026-07-06 20:40,1783370400,1.14735,1.1474,1.1473,1.14735,53
2026-07-06 20:45,1783370700,1.1473,1.14735,1.1473,1.14735,97
2026-07-06 20:50,1783371000,1.14735,1.1474,1.14725,1.1474,148
2026-07-06 20:55,1783371300,1.14735,1.14755,1.14735,1.14745,170
2026-07-06 22:00,1783375200,1.1476,1.1478,1.1475,1.14755,0
2026-07-06 22:05,1783375500,1.1475,1.14755,1.14745,1.1475,88
2026-07-06 22:10,1783375800,1.1475,1.1477,1.1475,1.1477,62
2026-07-06 22:15,1783376100,1.14765,1.14765,1.1476,1.14765,16
2026-07-06 22:20,1783376400,1.14765,1.14765,1.14755,1.14755,47
2026-07-06 22:25,1783376700,1.14755,1.1476,1.14755,1.1476,19
2026-07-06 22:30,1783377000,1.14755,1.1477,1.14755,1.1477,15
2026-07-06 22:35,1783377300,1.14765,1.14765,1.1476,1.1476,33
2026-07-06 22:40,1783377600,1.1476,1.14765,1.1476,1.1476,14
2026-07-06 22:45,1783377900,1.1476,1.14765,1.1476,1.1476,25
2026-07-06 22:50,1783378200,1.14765,1.1477,1.14765,1.14765,17
2026-07-06 22:55,1783378500,1.1477,1.14775,1.1477,1.14775,68
2026-07-06 23:00,1783378800,1.1478,1.14805,1.1478,1.14795,184
2026-07-06 23:05,1783379100,1.1479,1.1479,1.1478,1.14785,40
2026-07-06 23:10,1783379400,1.1478,1.14785,1.14775,1.1478,23
2026-07-06 23:15,1783379700,1.1478,1.14785,1.1478,1.14785,13
2026-07-06 23:20,1783380000,1.1479,1.14795,1.1479,1.1479,24
2026-07-06 23:25,1783380300,1.14785,1.14785,1.14765,1.14765,72
2026-07-06 23:30,1783380600,1.1477,1.1478,1.1477,1.14775,33
2026-07-06 23:35,1783380900,1.14775,1.14775,1.14765,1.14765,16
2026-07-06 23:40,1783381200,1.14765,1.1477,1.14765,1.1477,41
2026-07-06 23:45,1783381500,1.1477,1.1477,1.14765,1.1477,27
2026-07-06 23:50,1783381800,1.14765,1.14765,1.14745,1.14745,102
2026-07-06 23:55,1783382100,1.14745,1.1475,1.14735,1.1474,44
2026-07-07 00:00,1783382400,1.1474,1.1475,1.14735,1.14745,140
2026-07-07 00:05,1783382700,1.1474,1.1475,1.1473,1.1474,74
2026-07-07 00:10,1783383000,1.14745,1.14745,1.14725,1.14735,92
2026-07-07 00:15,1783383300,1.14735,1.14735,1.14715,1.14725,56
2026-07-07 00:20,1783383600,1.14725,1.14725,1.1472,1.1472,72
2026-07-07 00:25,1783383900,1.14725,1.1473,1.14705,1.1471,95
2026-07-07 00:30,1783384200,1.1471,1.14725,1.1471,1.1472,102
2026-07-07 00:35,1783384500,1.14725,1.14725,1.14705,1.14705,91
2026-07-07 00:40,1783384800,1.14705,1.1472,1.14705,1.1472,55
2026-07-07 00:45,1783385100,1.1472,1.1473,1.14715,1.1472,122
2026-07-07 00:50,1783385400,1.1472,1.1475,1.1472,1.1474,356
2026-07-07 00:55,1783385700,1.14735,1.14745,1.1471,1.1471,195
2026-07-07 01:00,1783386000,1.14715,1.14725,1.14705,1.14715,120
2026-07-07 01:05,1783386300,1.1472,1.14725,1.1471,1.14715,249
2026-07-07 01:10,1783386600,1.14715,1.14725,1.1471,1.1472,109
2026-07-07 01:15,1783386900,1.1472,1.14725,1.1471,1.14715,120
2026-07-07 01:20,1783387200,1.14715,1.14715,1.147,1.147,209
2026-07-07 01:25,1783387500,1.147,1.1472,1.14695,1.1472,90
2026-07-07 01:30,1783387800,1.1473,1.14795,1.1473,1.1477,650
2026-07-07 01:35,1783388100,1.14775,1.1478,1.1474,1.1474,156
2026-07-07 01:40,1783388400,1.1474,1.1475,1.1472,1.1472,138
2026-07-07 01:45,1783388700,1.1472,1.1476,1.1472,1.1475,169
2026-07-07 01:50,1783389000,1.14755,1.14795,1.14745,1.1479,245
2026-07-07 01:55,1783389300,1.14795,1.14805,1.14755,1.14765,276
2026-07-07 02:00,1783389600,1.14765,1.14785,1.14765,1.14775,172
2026-07-07 02:05,1783389900,1.14775,1.14775,1.14755,1.14755,81
2026-07-07 02:10,1783390200,1.14755,1.1476,1.14755,1.14755,16
2026-07-07 02:15,1783390500,1.14755,1.1476,1.1475,1.14755,95
2026-07-07 02:20,1783390800,1.14755,1.1476,1.1475,1.14755,51
2026-07-07 02:25,1783391100,1.1476,1.1476,1.14745,1.14745,32
2026-07-07 02:30,1783391400,1.1474,1.1475,1.14735,1.14745,24
2026-07-07 02:35,1783391700,1.1475,1.1476,1.14745,1.14745,41
2026-07-07 02:40,1783392000,1.1475,1.1476,1.14735,1.1474,61
2026-07-07 02:45,1783392300,1.14735,1.1474,1.1473,1.14735,30
2026-07-07 02:50,1783392600,1.14735,1.14735,1.14735,1.14735,20
2026-07-07 02:55,1783392900,1.14735,1.1474,1.1472,1.1472,80
2026-07-07 03:00,1783393200,1.1472,1.14735,1.1472,1.14735,103
2026-07-07 03:05,1783393500,1.14745,1.1475,1.1474,1.1474,25
2026-07-07 03:10,1783393800,1.14735,1.14735,1.14735,1.14735,10
2026-07-07 03:15,1783394100,1.14735,1.14745,1.14735,1.14745,16
2026-07-07 03:20,1783394400,1.14745,1.14755,1.14745,1.14745,164
2026-07-07 03:25,1783394700,1.1475,1.1475,1.14725,1.14725,109
2026-07-07 03:30,1783395000,1.1472,1.14725,1.14715,1.14725,71
2026-07-07 03:35,1783395300,1.14725,1.1473,1.1471,1.1471,94
2026-07-07 03:40,1783395600,1.14715,1.14715,1.147,1.14705,201
2026-07-07 03:45,1783395900,1.147,1.14705,1.1469,1.147,33
2026-07-07 03:50,1783396200,1.147,1.147,1.1469,1.147,26
2026-07-07 03:55,1783396500,1.14695,1.14695,1.14685,1.14695,81
2026-07-07 04:05,1783397100,1.1471,1.1471,1.1471,1.1471,82
2026-07-07 04:10,1783397400,1.1471,1.1471,1.14705,1.14705,24
2026-07-07 04:15,1783397700,1.14705,1.1471,1.14705,1.14705,30
2026-07-07 04:20,1783398000,1.147,1.1471,1.14695,1.1471,46
2026-07-07 04:25,1783398300,1.14695,1.14695,1.1469,1.14695,21
2026-07-07 04:30,1783398600,1.14695,1.1471,1.14695,1.147,95
2026-07-07 04:35,1783398900,1.14705,1.14705,1.147,1.14705,41
2026-07-07 04:40,1783399200,1.1471,1.1472,1.14705,1.14705,36
2026-07-07 04:45,1783399500,1.14705,1.1471,1.147,1.14705,13
2026-07-07 04:50,1783399800,1.1471,1.14715,1.14695,1.147,128
2026-07-07 04:55,1783400100,1.14695,1.14695,1.1468,1.1468,143
2026-07-07 05:00,1783400400,1.1468,1.147,1.14675,1.1469,136
2026-07-07 05:05,1783400700,1.1469,1.14695,1.14685,1.1469,74
2026-07-07 05:10,1783401000,1.1469,1.1469,1.14665,1.14665,277
2026-07-07 05:15,1783401300,1.14665,1.14675,1.1465,1.1465,131
2026-07-07 05:20,1783401600,1.14645,1.14645,1.14625,1.1464,209
2026-07-07 05:25,1783401900,1.14635,1.1464,1.1463,1.1464,132
2026-07-07 05:30,1783402200,1.1464,1.14655,1.14635,1.1465,107
2026-07-07 05:35,1783402500,1.14655,1.14655,1.14645,1.14645,47
2026-07-07 05:40,1783402800,1.1464,1.1465,1.14615,1.14615,159
2026-07-07 05:45,1783403100,1.1462,1.1462,1.1461,1.14615,230
2026-07-07 05:50,1783403400,1.1462,1.1464,1.1461,1.14635,264
2026-07-07 05:55,1783403700,1.14635,1.14645,1.1463,1.14645,196
2026-07-07 06:00,1783404000,1.14645,1.14655,1.14625,1.1463,290
2026-07-07 06:05,1783404300,1.14635,1.14635,1.146,1.146,471
2026-07-07 06:10,1783404600,1.146,1.14605,1.1458,1.146,831
2026-07-07 06:15,1783404900,1.14605,1.1463,1.146,1.1462,288
2026-07-07 06:20,1783405200,1.14625,1.14625,1.1461,1.1462,175
2026-07-07 06:25,1783405500,1.14625,1.14625,1.14605,1.14605,379
2026-07-07 06:30,1783405800,1.1461,1.1464,1.1461,1.1463,128
2026-07-07 06:35,1783406100,1.14625,1.14635,1.14625,1.14635,106
2026-07-07 06:40,1783406400,1.1463,1.1463,1.1462,1.14625,200
2026-07-07 06:45,1783406700,1.1462,1.1463,1.1461,1.1463,220
2026-07-07 06:50,1783407000,1.1463,1.1464,1.14615,1.14615,253
2026-07-07 06:55,1783407300,1.1461,1.14625,1.14605,1.14625,242
2026-07-07 07:00,1783407600,1.1463,1.1463,1.1459,1.1461,449
2026-07-07 07:05,1783407900,1.1461,1.14615,1.146,1.14605,380
2026-07-07 07:10,1783408200,1.14605,1.1462,1.14605,1.14615,228
2026-07-07 07:15,1783408500,1.14615,1.14635,1.14605,1.1463,239
2026-07-07 07:20,1783408800,1.1463,1.14645,1.14595,1.14595,470
2026-07-07 07:25,1783409100,1.146,1.1461,1.14595,1.14595,299
2026-07-07 07:30,1783409400,1.1459,1.14625,1.14585,1.14625,464
2026-07-07 07:35,1783409700,1.14625,1.14625,1.14605,1.14605,195
2026-07-07 07:40,1783410000,1.1461,1.1462,1.14605,1.1461,144
2026-07-07 07:45,1783410300,1.146,1.1461,1.1459,1.14595,331
2026-07-07 07:50,1783410600,1.14595,1.14605,1.1459,1.1459,413
2026-07-07 07:55,1783410900,1.1459,1.14595,1.14575,1.1458,361
2026-07-07 08:00,1783411200,1.1458,1.146,1.14575,1.14595,469
2026-07-07 08:05,1783411500,1.146,1.1461,1.146,1.1461,229
2026-07-07 08:10,1783411800,1.14615,1.1465,1.1461,1.14635,398
2026-07-07 08:15,1783412100,1.14635,1.14645,1.14615,1.1462,425
2026-07-07 08:20,1783412400,1.1462,1.14665,1.1461,1.14655,524
2026-07-07 08:25,1783412700,1.14655,1.1466,1.1465,1.1465,239
2026-07-07 08:30,1783413000,1.14655,1.1468,1.14655,1.1467,840
2026-07-07 08:35,1783413300,1.14675,1.1468,1.1465,1.1467,419
2026-07-07 08:40,1783413600,1.1468,1.14685,1.14635,1.14635,269
2026-07-07 08:45,1783413900,1.14635,1.1466,1.14625,1.1464,441
2026-07-07 08:50,1783414200,1.14645,1.14645,1.146,1.14605,639
2026-07-07 08:55,1783414500,1.14605,1.14615,1.146,1.14605,720
2026-07-07 09:00,1783414800,1.1461,1.1461,1.1459,1.14605,379
2026-07-07 09:05,1783415100,1.1461,1.1462,1.146,1.14605,714
2026-07-07 09:10,1783415400,1.14605,1.1461,1.1459,1.14595,330
2026-07-07 09:15,1783415700,1.146,1.14615,1.146,1.14605,253
2026-07-07 09:20,1783416000,1.146,1.146,1.14585,1.14595,149
2026-07-07 09:25,1783416300,1.14595,1.14605,1.14585,1.14605,311
2026-07-07 09:30,1783416600,1.146,1.146,1.1459,1.146,217
2026-07-07 09:35,1783416900,1.146,1.14615,1.146,1.1461,165
2026-07-07 09:40,1783417200,1.14615,1.14625,1.14605,1.14605,114
2026-07-07 09:45,1783417500,1.1461,1.1462,1.14585,1.14585,275
2026-07-07 09:50,1783417800,1.1458,1.1459,1.14575,1.1459,385
2026-07-07 09:55,1783418100,1.1459,1.14595,1.14575,1.1458,148
2026-07-07 10:00,1783418400,1.14575,1.1459,1.14565,1.1457,324
2026-07-07 10:05,1783418700,1.14565,1.1461,1.14565,1.1461,404
2026-07-07 10:10,1783419000,1.14605,1.1462,1.1459,1.1462,175
2026-07-07 10:15,1783419300,1.14615,1.14625,1.14615,1.1462,124
2026-07-07 10:20,1783419600,1.1462,1.14625,1.14615,1.14625,100
2026-07-07 10:25,1783419900,1.1462,1.1463,1.1462,1.14625,90
2026-07-07 10:30,1783420200,1.14625,1.1464,1.1462,1.1462,158
2026-07-07 10:35,1783420500,1.14625,1.14645,1.1462,1.1464,74
2026-07-07 10:40,1783420800,1.1464,1.14645,1.1463,1.1463,114
2026-07-07 10:45,1783421100,1.14625,1.1463,1.14615,1.1462,111
2026-07-07 10:50,1783421400,1.1462,1.14655,1.1462,1.14655,349
2026-07-07 10:55,1783421700,1.1465,1.1467,1.1465,1.1467,196
2026-07-07 11:00,1783422000,1.1467,1.1467,1.14645,1.14665,240
2026-07-07 11:05,1783422300,1.14665,1.1467,1.1465,1.1465,203
2026-07-07 11:10,1783422600,1.14655,1.14675,1.14655,1.1466,395
2026-07-07 11:15,1783422900,1.1466,1.1469,1.1466,1.1469,246
2026-07-07 11:20,1783423200,1.1469,1.1472,1.14685,1.14685,478
2026-07-07 11:25,1783423500,1.1469,1.147,1.1468,1.14695,398
2026-07-07 11:30,1783423800,1.14695,1.14695,1.1467,1.1469,253
2026-07-07 11:35,1783424100,1.1468,1.14695,1.14675,1.1469,299
2026-07-07 11:40,1783424400,1.14685,1.14685,1.1465,1.14655,201
2026-07-07 11:45,1783424700,1.14655,1.14655,1.1464,1.1465,292
2026-07-07 11:50,1783425000,1.1465,1.1466,1.1458,1.14595,2707
2026-07-07 11:55,1783425300,1.14595,1.14675,1.1459,1.1465,889
2026-07-07 12:00,1783425600,1.14655,1.14675,1.1465,1.14675,649
2026-07-07 12:05,1783425900,1.1467,1.1467,1.14655,1.1466,289
2026-07-07 12:10,1783426200,1.14655,1.1467,1.1464,1.1467,411
2026-07-07 12:15,1783426500,1.14665,1.1467,1.1464,1.1466,1239
2026-07-07 12:20,1783426800,1.14655,1.1471,1.14655,1.14685,863
2026-07-07 12:25,1783427100,1.1469,1.14745,1.1469,1.14735,695
2026-07-07 12:30,1783427400,1.1474,1.1475,1.14725,1.14735,762
2026-07-07 12:35,1783427700,1.14735,1.14735,1.1471,1.1471,333
2026-07-07 12:40,1783428000,1.1471,1.1471,1.1468,1.14685,262
2026-07-07 12:45,1783428300,1.1469,1.1471,1.1469,1.147,243
2026-07-07 12:50,1783428600,1.14695,1.14695,1.14675,1.14685,225
2026-07-07 12:55,1783428900,1.1468,1.14685,1.1467,1.14685,546
2026-07-07 13:00,1783429200,1.1469,1.14695,1.1465,1.1465,1264
2026-07-07 13:05,1783429500,1.1465,1.14655,1.14635,1.14645,730
2026-07-07 13:10,1783429800,1.14645,1.1467,1.1464,1.1466,524
2026-07-07 13:15,1783430100,1.1466,1.14705,1.1466,1.1467,614
2026-07-07 13:20,1783430400,1.1467,1.14695,1.14665,1.14665,803
2026-07-07 13:25,1783430700,1.1467,1.1469,1.14655,1.14675,424
2026-07-07 13:30,1783431000,1.14675,1.1472,1.14675,1.1469,925
2026-07-07 13:35,1783431300,1.1469,1.1473,1.1469,1.14715,424
2026-07-07 13:40,1783431600,1.1472,1.1474,1.14705,1.14725,746
2026-07-07 13:45,1783431900,1.14725,1.1473,1.147,1.1472,290
2026-07-07 13:50,1783432200,1.1472,1.14745,1.1471,1.1472,738
2026-07-07 13:55,1783432500,1.14725,1.14725,1.1467,1.1469,1513
2026-07-07 14:00,1783432800,1.1469,1.14705,1.14605,1.14615,2068
2026-07-07 14:05,1783433100,1.1461,1.14625,1.14575,1.1458,2344
2026-07-07 14:10,1783433400,1.14585,1.14595,1.1456,1.1459,1367
2026-07-07 14:15,1783433700,1.1459,1.14625,1.1458,1.1462,1004
2026-07-07 14:20,1783434000,1.14625,1.1464,1.14605,1.1461,735
2026-07-07 14:25,1783434300,1.1461,1.1463,1.14585,1.1462,645
2026-07-07 14:30,1783434600,1.1463,1.1464,1.1461,1.14635,430
2026-07-07 14:35,1783434900,1.1463,1.1465,1.14615,1.14645,498
2026-07-07 14:40,1783435200,1.1465,1.1466,1.1464,1.1465,429
2026-07-07 14:45,1783435500,1.14655,1.1468,1.14655,1.14675,592
2026-07-07 14:50,1783435800,1.1468,1.14695,1.14675,1.1468,630
2026-07-07 14:55,1783436100,1.1468,1.14685,1.1464,1.14655,1430
2026-07-07 15:00,1783436400,1.14655,1.14665,1.14645,1.1465,1264
2026-07-07 15:05,1783436700,1.14655,1.1468,1.14645,1.1465,517
2026-07-07 15:10,1783437000,1.14655,1.14655,1.14615,1.1463,646
2026-07-07 15:15,1783437300,1.14625,1.14625,1.1458,1.146,670
2026-07-07 15:20,1783437600,1.14595,1.14615,1.1459,1.146,420
2026-07-07 15:25,1783437900,1.14595,1.1461,1.1459,1.1461,402
2026-07-07 15:30,1783438200,1.14615,1.1462,1.1459,1.146,395
2026-07-07 15:35,1783438500,1.146,1.14605,1.14595,1.146,230
2026-07-07 15:40,1783438800,1.14595,1.1461,1.1458,1.1458,382
2026-07-07 15:45,1783439100,1.14585,1.14595,1.14575,1.14575,342
2026-07-07 15:50,1783439400,1.14575,1.14595,1.1457,1.1457,277
2026-07-07 15:55,1783439700,1.14565,1.14575,1.14545,1.14555,694
2026-07-07 16:00,1783440000,1.1456,1.14585,1.1456,1.14565,521
2026-07-07 16:05,1783440300,1.1456,1.1457,1.14545,1.1457,536
2026-07-07 16:10,1783440600,1.14575,1.14575,1.14545,1.1455,365
2026-07-07 16:15,1783440900,1.14555,1.14555,1.14515,1.1452,757
2026-07-07 16:20,1783441200,1.1452,1.1452,1.1451,1.14515,768
2026-07-07 16:25,1783441500,1.1452,1.1452,1.1451,1.14515,148
2026-07-07 16:30,1783441800,1.14515,1.1454,1.14515,1.14525,587
2026-07-07 16:35,1783442100,1.1453,1.14535,1.14515,1.1453,476
2026-07-07 16:40,1783442400,1.14525,1.1453,1.1452,1.1453,351
2026-07-07 16:45,1783442700,1.1453,1.1455,1.14525,1.1455,240
2026-07-07 16:50,1783443000,1.1455,1.1456,1.14535,1.14535,596
2026-07-07 16:55,1783443300,1.14535,1.1456,1.1452,1.14555,1278
2026-07-07 17:00,1783443600,1.14555,1.1458,1.14555,1.1457,1083
2026-07-07 17:05,1783443900,1.14575,1.14585,1.14575,1.1458,210
2026-07-07 17:10,1783444200,1.14575,1.14575,1.1455,1.1456,367
2026-07-07 17:15,1783444500,1.1456,1.14565,1.14545,1.14565,219
2026-07-07 17:20,1783444800,1.1457,1.1458,1.1457,1.1458,182
2026-07-07 17:25,1783445100,1.14575,1.14575,1.1456,1.14565,169
2026-07-07 17:30,1783445400,1.1456,1.14575,1.1456,1.14565,106
2026-07-07 17:35,1783445700,1.1456,1.1458,1.1456,1.14575,428
2026-07-07 17:40,1783446000,1.14575,1.1459,1.1457,1.1459,1122
2026-07-07 17:45,1783446300,1.1459,1.14595,1.1458,1.1459,352
2026-07-07 17:50,1783446600,1.1459,1.14605,1.1459,1.146,366
2026-07-07 17:55,1783446900,1.14605,1.1462,1.146,1.14605,531
2026-07-07 18:00,1783447200,1.1461,1.14615,1.1459,1.14605,329
2026-07-07 18:05,1783447500,1.14605,1.14615,1.14595,1.1461,234
2026-07-07 18:10,1783447800,1.1461,1.14615,1.14585,1.146,403
2026-07-07 18:15,1783448100,1.14595,1.146,1.1459,1.146,587
2026-07-07 18:20,1783448400,1.146,1.14625,1.146,1.14615,558
2026-07-07 18:25,1783448700,1.1462,1.14625,1.14605,1.14605,667
2026-07-07 18:30,1783449000,1.14605,1.14605,1.1458,1.146,846
2026-07-07 18:35,1783449300,1.1461,1.14615,1.14605,1.14605,122
2026-07-07 18:40,1783449600,1.14605,1.14605,1.1459,1.14605,131
2026-07-07 18:45,1783449900,1.14605,1.14615,1.14555,1.14585,2056
2026-07-07 18:50,1783450200,1.14585,1.14585,1.14505,1.14515,1282
2026-07-07 18:55,1783450500,1.14515,1.14545,1.14505,1.14515,2891
2026-07-07 19:00,1783450800,1.14515,1.1452,1.1447,1.14495,1925
2026-07-07 19:05,1783451100,1.14495,1.14495,1.14465,1.1447,485
2026-07-07 19:10,1783451400,1.14475,1.1448,1.1444,1.14445,471
2026-07-07 19:15,1783451700,1.14445,1.1445,1.144,1.14445,2295
2026-07-07 19:20,1783452000,1.14445,1.1446,1.14435,1.14455,373
2026-07-07 19:25,1783452300,1.14455,1.14465,1.14445,1.1445,454
2026-07-07 19:30,1783452600,1.14455,1.1449,1.14455,1.14485,592
2026-07-07 19:35,1783452900,1.14485,1.14495,1.14475,1.1448,550
2026-07-07 19:40,1783453200,1.1448,1.14495,1.14475,1.14485,430
2026-07-07 19:45,1783453500,1.1448,1.14485,1.14465,1.14475,199
2026-07-07 19:50,1783453800,1.1448,1.1449,1.14475,1.14485,220
2026-07-07 19:55,1783454100,1.1448,1.14505,1.1448,1.14495,1061
2026-07-07 20:00,1783454400,1.1449,1.145,1.14475,1.1449,735
2026-07-07 20:05,1783454700,1.1449,1.14495,1.14475,1.1448,71
2026-07-07 20:10,1783455000,1.14475,1.1448,1.14465,1.1447,28
2026-07-07 20:15,1783455300,1.14465,1.1447,1.1445,1.1446,1087
2026-07-07 20:20,1783455600,1.14465,1.14475,1.1446,1.14475,234
2026-07-07 20:25,1783455900,1.1447,1.14475,1.14465,1.1447,223
2026-07-07 20:30,1783456200,1.14465,1.14465,1.1445,1.1445,185
2026-07-07 20:35,1783456500,1.1445,1.14455,1.14435,1.1444,82
2026-07-07 20:40,1783456800,1.14445,1.1445,1.1444,1.14445,153
2026-07-07 20:45,1783457100,1.14445,1.14445,1.14435,1.14445,359
2026-07-07 20:50,1783457400,1.14445,1.1445,1.14435,1.1444,189
2026-07-07 20:55,1783457700,1.1444,1.1445,1.1443,1.1445,202
2026-07-07 22:00,1783461600,1.1442,1.1442,1.14385,1.14405,0
2026-07-07 22:05,1783461900,1.144,1.144,1.1438,1.14385,132
2026-07-07 22:10,1783462200,1.14385,1.1439,1.1438,1.1438,170
2026-07-07 22:15,1783462500,1.1438,1.1439,1.1438,1.14385,126
2026-07-07 22:20,1783462800,1.1439,1.14395,1.14385,1.1439,71
2026-07-07 22:25,1783463100,1.1439,1.14395,1.14375,1.14375,322
2026-07-07 22:30,1783463400,1.14375,1.1438,1.1437,1.14375,137
2026-07-07 22:35,1783463700,1.14375,1.14375,1.1435,1.1437,455
2026-07-07 22:40,1783464000,1.1437,1.14375,1.1437,1.14375,78
2026-07-07 22:45,1783464300,1.14375,1.1438,1.1437,1.14375,80
2026-07-07 22:50,1783464600,1.14375,1.1439,1.14375,1.1439,62
2026-07-07 22:55,1783464900,1.14395,1.14395,1.14395,1.14395,3
2026-07-07 23:00,1783465200,1.1439,1.14405,1.1438,1.144,141
2026-07-07 23:05,1783465500,1.14395,1.14395,1.1438,1.1438,89
2026-07-07 23:10,1783465800,1.14385,1.14385,1.1436,1.14365,64
2026-07-07 23:15,1783466100,1.14365,1.14385,1.14355,1.1438,275
2026-07-07 23:20,1783466400,1.1438,1.1438,1.1437,1.1438,38
2026-07-07 23:25,1783466700,1.14375,1.1438,1.1437,1.14375,51
2026-07-07 23:30,1783467000,1.14375,1.1438,1.1437,1.1438,41
2026-07-07 23:35,1783467300,1.14375,1.1438,1.14365,1.1437,23
2026-07-07 23:40,1783467600,1.1437,1.1437,1.1436,1.1436,55
2026-07-07 23:45,1783467900,1.1436,1.14365,1.14345,1.14345,128
2026-07-07 23:50,1783468200,1.14345,1.1435,1.14345,1.14345,65
2026-07-07 23:55,1783468500,1.14345,1.14345,1.14325,1.1434,159
2026-07-08 00:00,1783468800,1.14335,1.1435,1.14325,1.1435,308
2026-07-08 00:05,1783469100,1.14345,1.1438,1.14345,1.1437,148
2026-07-08 00:10,1783469400,1.1437,1.1439,1.1437,1.14375,156
2026-07-08 00:15,1783469700,1.1438,1.14385,1.14355,1.1437,193
2026-07-08 00:20,1783470000,1.1437,1.1439,1.14355,1.14385,133
2026-07-08 00:25,1783470300,1.14385,1.14405,1.1438,1.144,386
2026-07-08 00:30,1783470600,1.1439,1.14425,1.1439,1.14425,188
2026-07-08 00:35,1783470900,1.1442,1.1444,1.14415,1.14435,110
2026-07-08 00:40,1783471200,1.1444,1.1444,1.1442,1.1442,174
2026-07-08 00:45,1783471500,1.1443,1.14435,1.1442,1.14425,69
2026-07-08 00:50,1783471800,1.1442,1.14435,1.1441,1.14415,122
2026-07-08 00:55,1783472100,1.14415,1.14415,1.14395,1.14405,95
2026-07-08 01:00,1783472400,1.14405,1.1442,1.144,1.144,74
2026-07-08 01:05,1783472700,1.14405,1.14405,1.1438,1.1439,104
2026-07-08 01:10,1783473000,1.14385,1.14405,1.14385,1.14405,84
2026-07-08 01:15,1783473300,1.144,1.14405,1.1438,1.1438,100
2026-07-08 01:20,1783473600,1.1438,1.14385,1.14365,1.1437,137
2026-07-08 01:25,1783473900,1.14375,1.1438,1.1436,1.1437,95
2026-07-08 01:30,1783474200,1.14365,1.1437,1.1435,1.14355,195
2026-07-08 01:35,1783474500,1.14355,1.14355,1.1433,1.14335,394
2026-07-08 01:40,1783474800,1.1433,1.1434,1.1431,1.14325,747
2026-07-08 01:45,1783475100,1.14325,1.1437,1.14325,1.1437,1259
2026-07-08 01:50,1783475400,1.1437,1.14385,1.1435,1.14365,133
2026-07-08 01:55,1783475700,1.14365,1.1439,1.1436,1.1438,81
2026-07-08 02:00,1783476000,1.1438,1.14395,1.1437,1.1437,421
2026-07-08 02:05,1783476300,1.14375,1.1439,1.14375,1.14385,127
2026-07-08 02:10,1783476600,1.1438,1.14385,1.14375,1.14385,250
2026-07-08 02:15,1783476900,1.14385,1.1441,1.14385,1.14405,162
2026-07-08 02:20,1783477200,1.144,1.14445,1.144,1.1443,371
2026-07-08 02:25,1783477500,1.14425,1.14445,1.1442,1.1443,357
2026-07-08 02:30,1783477800,1.1443,1.1443,1.1441,1.14425,127
2026-07-08 02:35,1783478100,1.1443,1.14445,1.1443,1.14445,78
2026-07-08 02:40,1783478400,1.14445,1.14445,1.1444,1.14445,48
2026-07-08 02:45,1783478700,1.14445,1.1445,1.14435,1.14435,125
2026-07-08 02:50,1783479000,1.14435,1.14445,1.1443,1.1444,56
2026-07-08 02:55,1783479300,1.1444,1.1444,1.1443,1.1444,38
2026-07-08 03:00,1783479600,1.14435,1.1446,1.14435,1.1446,158
2026-07-08 03:05,1783479900,1.1446,1.1446,1.14445,1.14455,133
2026-07-08 03:10,1783480200,1.1445,1.1448,1.1445,1.1448,323
2026-07-08 03:15,1783480500,1.1448,1.1448,1.14465,1.1447,73
2026-07-08 03:20,1783480800,1.1447,1.1449,1.14465,1.14475,81
2026-07-08 03:25,1783481100,1.14475,1.1448,1.1447,1.14475,30
2026-07-08 03:30,1783481400,1.1447,1.14475,1.1446,1.14465,48
2026-07-08 03:35,1783481700,1.14465,1.1447,1.1446,1.14465,61
2026-07-08 03:40,1783482000,1.1446,1.1447,1.1446,1.1447,24
2026-07-08 03:45,1783482300,1.1447,1.14475,1.1447,1.14475,63
2026-07-08 03:50,1783482600,1.14475,1.14475,1.1446,1.1446,102
2026-07-08 03:55,1783482900,1.14465,1.14465,1.1446,1.1446,22
2026-07-08 04:05,1783483500,1.14455,1.14455,1.14455,1.14455,173
2026-07-08 04:10,1783483800,1.1445,1.14455,1.14445,1.14445,24
2026-07-08 04:15,1783484100,1.14445,1.1445,1.14445,1.1445,42
2026-07-08 04:20,1783484400,1.1444,1.1445,1.1443,1.1445,29
2026-07-08 04:25,1783484700,1.1445,1.14455,1.1445,1.14455,27
2026-07-08 04:30,1783485000,1.14455,1.1446,1.14455,1.1446,77
2026-07-08 04:35,1783485300,1.1446,1.1448,1.1446,1.14475,121
2026-07-08 04:40,1783485600,1.14475,1.14475,1.1446,1.14465,145
2026-07-08 04:45,1783485900,1.1447,1.14475,1.1446,1.1446,67
2026-07-08 04:50,1783486200,1.1446,1.14475,1.1446,1.14465,29
2026-07-08 04:55,1783486500,1.14465,1.1447,1.1446,1.14465,110
2026-07-08 05:00,1783486800,1.14465,1.145,1.14465,1.14495,317
2026-07-08 05:05,1783487100,1.145,1.1451,1.145,1.145,144
2026-07-08 05:10,1783487400,1.14495,1.14495,1.1447,1.1447,111
2026-07-08 05:15,1783487700,1.14465,1.14485,1.14465,1.14475,93
2026-07-08 05:20,1783488000,1.14475,1.14475,1.14445,1.1445,95
2026-07-08 05:25,1783488300,1.1445,1.14465,1.1445,1.14465,45
2026-07-08 05:30,1783488600,1.1446,1.1449,1.1446,1.1449,113
2026-07-08 05:35,1783488900,1.1449,1.145,1.14485,1.145,155
2026-07-08 05:40,1783489200,1.145,1.1453,1.14495,1.1452,640
2026-07-08 05:45,1783489500,1.1452,1.1453,1.14505,1.14515,523
2026-07-08 05:50,1783489800,1.1451,1.14515,1.14495,1.14515,447
2026-07-08 05:55,1783490100,1.1451,1.1453,1.1451,1.1452,283
2026-07-08 06:00,1783490400,1.1452,1.14565,1.145,1.14505,1026
2026-07-08 06:05,1783490700,1.1451,1.1453,1.14505,1.14525,676
2026-07-08 06:10,1783491000,1.1452,1.14525,1.14495,1.145,342
2026-07-08 06:15,1783491300,1.14505,1.1454,1.14505,1.1454,515
2026-07-08 06:20,1783491600,1.14535,1.1455,1.14525,1.14545,893
2026-07-08 06:25,1783491900,1.14545,1.14555,1.14525,1.14545,594
2026-07-08 06:30,1783492200,1.1455,1.1456,1.14535,1.1454,482
2026-07-08 06:35,1783492500,1.1454,1.14565,1.14525,1.1456,388
2026-07-08 06:40,1783492800,1.1456,1.1456,1.14535,1.1454,483
2026-07-08 06:45,1783493100,1.1454,1.1454,1.14515,1.1452,385
2026-07-08 06:50,1783493400,1.1452,1.1454,1.14505,1.1454,413
2026-07-08 06:55,1783493700,1.14535,1.14555,1.14535,1.1455,528
2026-07-08 07:00,1783494000,1.1455,1.14555,1.1453,1.1455,461
2026-07-08 07:05,1783494300,1.14545,1.14545,1.14505,1.1453,1380
2026-07-08 07:10,1783494600,1.1453,1.1455,1.14515,1.1452,290
2026-07-08 07:15,1783494900,1.14515,1.14535,1.1449,1.14535,640
2026-07-08 07:20,1783495200,1.1454,1.1459,1.14525,1.1457,515
2026-07-08 07:25,1783495500,1.1457,1.14605,1.1456,1.14605,1076
2026-07-08 07:30,1783495800,1.146,1.1464,1.146,1.1461,972
2026-07-08 07:35,1783496100,1.1461,1.1463,1.14585,1.14595,284
2026-07-08 07:40,1783496400,1.14595,1.14625,1.14595,1.14615,212
2026-07-08 07:45,1783496700,1.1461,1.1463,1.146,1.1461,437
2026-07-08 07:50,1783497000,1.1461,1.1461,1.1459,1.14595,403
2026-07-08 07:55,1783497300,1.146,1.14615,1.1458,1.1458,532
2026-07-08 08:00,1783497600,1.1458,1.146,1.1457,1.14595,318
2026-07-08 08:05,1783497900,1.14595,1.14595,1.14565,1.1458,309
2026-07-08 08:10,1783498200,1.1458,1.1458,1.1455,1.1455,1385
2026-07-08 08:15,1783498500,1.1455,1.14575,1.1433,1.144,9596
2026-07-08 08:20,1783498800,1.14395,1.1444,1.1437,1.14395,2031
2026-07-08 08:25,1783499100,1.1439,1.14475,1.1439,1.14455,1589
2026-07-08 08:30,1783499400,1.1446,1.14485,1.14425,1.14455,1246
2026-07-08 08:35,1783499700,1.14455,1.14455,1.14395,1.14415,731
2026-07-08 08:40,1783500000,1.14415,1.14435,1.14375,1.14425,967
2026-07-08 08:45,1783500300,1.14425,1.14505,1.14425,1.1449,3392
2026-07-08 08:50,1783500600,1.1449,1.1449,1.1444,1.1444,1170
2026-07-08 08:55,1783500900,1.14445,1.1447,1.1441,1.14425,1059
2026-07-08 09:00,1783501200,1.14425,1.14435,1.14375,1.14415,1366
2026-07-08 09:05,1783501500,1.14415,1.14415,1.1434,1.14345,775
2026-07-08 09:10,1783501800,1.1434,1.1435,1.1428,1.14285,2198
2026-07-08 09:15,1783502100,1.14285,1.1439,1.14285,1.14375,2789
2026-07-08 09:20,1783502400,1.14375,1.14395,1.14355,1.14365,1580
2026-07-08 09:25,1783502700,1.1436,1.14385,1.1433,1.1438,998
2026-07-08 09:30,1783503000,1.1438,1.14435,1.1437,1.14435,688
2026-07-08 09:35,1783503300,1.14435,1.14435,1.14395,1.1443,592
2026-07-08 09:40,1783503600,1.14425,1.1443,1.144,1.1443,409
2026-07-08 09:45,1783503900,1.14425,1.1443,1.14415,1.1443,268
2026-07-08 09:50,1783504200,1.14425,1.1443,1.14395,1.1442,716
2026-07-08 09:55,1783504500,1.1442,1.1442,1.1436,1.14365,587
2026-07-08 10:00,1783504800,1.1437,1.14395,1.14365,1.14385,816
2026-07-08 10:05,1783505100,1.14385,1.14385,1.14345,1.14345,407
2026-07-08 10:10,1783505400,1.14345,1.1437,1.1434,1.14355,235
2026-07-08 10:15,1783505700,1.14345,1.1439,1.14345,1.1439,299
2026-07-08 10:20,1783506000,1.14395,1.14445,1.14395,1.14435,620
2026-07-08 10:25,1783506300,1.14435,1.14435,1.14425,1.14435,393
2026-07-08 10:30,1783506600,1.1443,1.1446,1.14425,1.14455,315
2026-07-08 10:35,1783506900,1.14455,1.1446,1.14435,1.14455,646
2026-07-08 10:40,1783507200,1.1445,1.1447,1.1444,1.14455,185
2026-07-08 10:45,1783507500,1.1445,1.14455,1.14415,1.14435,267
2026-07-08 10:50,1783507800,1.14435,1.14435,1.14405,1.14425,431
2026-07-08 10:55,1783508100,1.1442,1.1442,1.14405,1.14405,194
2026-07-08 11:00,1783508400,1.14405,1.1441,1.1437,1.1438,722
2026-07-08 11:05,1783508700,1.14385,1.144,1.1438,1.1439,282
2026-07-08 11:10,1783509000,1.14395,1.144,1.14385,1.14385,262
2026-07-08 11:15,1783509300,1.1439,1.14415,1.1439,1.1441,300
2026-07-08 11:20,1783509600,1.14405,1.14405,1.14375,1.14395,178
2026-07-08 11:25,1783509900,1.14395,1.144,1.1438,1.14385,129
2026-07-08 11:30,1783510200,1.14385,1.14385,1.1435,1.1435,135
2026-07-08 11:35,1783510500,1.14355,1.1436,1.14265,1.1427,1476
2026-07-08 11:40,1783510800,1.14265,1.1439,1.14255,1.1436,3702
2026-07-08 11:45,1783511100,1.14365,1.14365,1.1432,1.14325,878
2026-07-08 11:50,1783511400,1.14325,1.14325,1.1429,1.1432,513
2026-07-08 11:55,1783511700,1.14315,1.14315,1.1429,1.1431,821
2026-07-08 12:00,1783512000,1.143,1.1436,1.1429,1.1436,1777
2026-07-08 12:05,1783512300,1.1436,1.14375,1.1435,1.14355,524
2026-07-08 12:10,1783512600,1.14355,1.1436,1.14335,1.14345,332
2026-07-08 12:15,1783512900,1.14345,1.14385,1.14345,1.14365,487
2026-07-08 12:20,1783513200,1.14365,1.14375,1.1435,1.1436,616
2026-07-08 12:25,1783513500,1.14355,1.14375,1.1435,1.1437,637
2026-07-08 12:30,1783513800,1.1437,1.1438,1.1435,1.1436,1106
2026-07-08 12:35,1783514100,1.1436,1.1437,1.1435,1.1437,220
2026-07-08 12:40,1783514400,1.1437,1.14375,1.1436,1.14365,361
2026-07-08 12:45,1783514700,1.14365,1.14385,1.1436,1.1438,373
2026-07-08 12:50,1783515000,1.14375,1.1439,1.14365,1.1438,924
2026-07-08 12:55,1783515300,1.14375,1.14385,1.14275,1.1428,2832
2026-07-08 13:00,1783515600,1.1428,1.1432,1.1428,1.14305,1204
2026-07-08 13:05,1783515900,1.1431,1.14335,1.1429,1.14335,2601
2026-07-08 13:10,1783516200,1.14335,1.14355,1.1432,1.1433,1909
2026-07-08 13:15,1783516500,1.1433,1.1433,1.14295,1.1432,825
2026-07-08 13:20,1783516800,1.14315,1.1434,1.1431,1.14325,833
2026-07-08 13:25,1783517100,1.14325,1.1438,1.1432,1.14345,2186
2026-07-08 13:30,1783517400,1.1435,1.14435,1.1435,1.1443,2433
2026-07-08 13:35,1783517700,1.14435,1.1444,1.14415,1.1443,2962
2026-07-08 13:40,1783518000,1.14425,1.14445,1.14395,1.14435,1072
2026-07-08 13:45,1783518300,1.1443,1.1446,1.14425,1.1445,760
2026-07-08 13:50,1783518600,1.14445,1.14455,1.14405,1.14415,1251
2026-07-08 13:55,1783518900,1.14415,1.14425,1.144,1.14425,1180
2026-07-08 14:00,1783519200,1.1442,1.1445,1.1441,1.1443,613
2026-07-08 14:05,1783519500,1.1443,1.14435,1.1439,1.1441,2795
2026-07-08 14:10,1783519800,1.1441,1.14415,1.1438,1.14385,564
2026-07-08 14:15,1783520100,1.14385,1.14415,1.1438,1.1441,825
2026-07-08 14:20,1783520400,1.1441,1.1444,1.14405,1.14425,502
2026-07-08 14:25,1783520700,1.14425,1.14425,1.14395,1.14405,1267
2026-07-08 14:30,1783521000,1.14405,1.14405,1.14365,1.1437,1111
2026-07-08 14:35,1783521300,1.14365,1.14385,1.14365,1.1438,607
2026-07-08 14:40,1783521600,1.14375,1.144,1.14375,1.1438,839
2026-07-08 14:45,1783521900,1.1438,1.14395,1.1437,1.14375,529
2026-07-08 14:50,1783522200,1.14375,1.144,1.1437,1.14385,1117
2026-07-08 14:55,1783522500,1.14375,1.144,1.1435,1.1439,1687
2026-07-08 15:00,1783522800,1.1439,1.14415,1.14365,1.14415,2246
2026-07-08 15:05,1783523100,1.1441,1.1444,1.14405,1.14405,586
2026-07-08 15:10,1783523400,1.144,1.144,1.14345,1.1435,849
2026-07-08 15:15,1783523700,1.1435,1.14355,1.1431,1.1433,1616
2026-07-08 15:20,1783524000,1.14335,1.1435,1.1432,1.1434,1719
2026-07-08 15:25,1783524300,1.14335,1.14345,1.1432,1.14325,1183
2026-07-08 15:30,1783524600,1.14325,1.1433,1.14275,1.14295,1686
2026-07-08 15:35,1783524900,1.14295,1.1431,1.1425,1.14255,1903
2026-07-08 15:40,1783525200,1.1425,1.14265,1.1423,1.14245,1039
2026-07-08 15:45,1783525500,1.1425,1.1426,1.14235,1.1425,2338
2026-07-08 15:50,1783525800,1.14245,1.1428,1.14245,1.14275,988
2026-07-08 15:55,1783526100,1.14275,1.14295,1.14265,1.1427,1454
2026-07-08 16:00,1783526400,1.1427,1.14285,1.14265,1.1428,713
2026-07-08 16:05,1783526700,1.14285,1.14325,1.14285,1.14305,1008
2026-07-08 16:10,1783527000,1.143,1.1431,1.1429,1.1429,646
2026-07-08 16:15,1783527300,1.1429,1.1433,1.1428,1.1433,889
2026-07-08 16:20,1783527600,1.1433,1.1435,1.1433,1.1433,1479
2026-07-08 16:25,1783527900,1.1433,1.14345,1.14325,1.1433,704
2026-07-08 16:30,1783528200,1.1433,1.1438,1.14325,1.14375,1032
2026-07-08 16:35,1783528500,1.1437,1.1441,1.14365,1.144,2213
2026-07-08 16:40,1783528800,1.144,1.1444,1.1439,1.1444,1180
2026-07-08 16:45,1783529100,1.1444,1.1445,1.14425,1.1444,1013
2026-07-08 16:50,1783529400,1.1444,1.1446,1.1442,1.1445,2172
2026-07-08 16:55,1783529700,1.14455,1.14465,1.14445,1.1446,709
2026-07-08 17:00,1783530000,1.1446,1.14495,1.1446,1.14465,901
2026-07-08 17:05,1783530300,1.1447,1.14535,1.1447,1.14515,1350
2026-07-08 17:10,1783530600,1.14515,1.1456,1.1451,1.1453,504
2026-07-08 17:15,1783530900,1.1453,1.14545,1.1453,1.1454,446
2026-07-08 17:20,1783531200,1.14545,1.14575,1.14545,1.14545,827
2026-07-08 17:25,1783531500,1.14545,1.14585,1.1454,1.1458,1712
2026-07-08 17:30,1783531800,1.1458,1.1459,1.14565,1.1458,404
2026-07-08 17:35,1783532100,1.14575,1.1458,1.1455,1.14555,371
2026-07-08 17:40,1783532400,1.14555,1.1456,1.1453,1.14535,496
2026-07-08 17:45,1783532700,1.14535,1.14545,1.14525,1.14535,306
2026-07-08 17:50,1783533000,1.14535,1.1454,1.1452,1.1453,619
2026-07-08 17:55,1783533300,1.14525,1.14525,1.14505,1.1451,999
2026-07-08 18:00,1783533600,1.14505,1.1456,1.14485,1.14535,1581
2026-07-08 18:05,1783533900,1.14535,1.1456,1.1453,1.14555,326
2026-07-08 18:10,1783534200,1.14555,1.14595,1.14555,1.14595,487
2026-07-08 18:15,1783534500,1.14595,1.14605,1.14575,1.1458,533
2026-07-08 18:20,1783534800,1.1458,1.14605,1.14575,1.14595,185
2026-07-08 18:25,1783535100,1.14595,1.14595,1.1457,1.1458,365
2026-07-08 18:30,1783535400,1.14575,1.1458,1.1456,1.1457,774
2026-07-08 18:35,1783535700,1.1457,1.146,1.14565,1.14595,246
2026-07-08 18:40,1783536000,1.14595,1.1461,1.1459,1.1461,220
2026-07-08 18:45,1783536300,1.14605,1.1461,1.1459,1.14595,243
2026-07-08 18:50,1783536600,1.1459,1.146,1.1458,1.14585,137
2026-07-08 18:55,1783536900,1.1459,1.1459,1.14565,1.1457,1671
2026-07-08 19:00,1783537200,1.14575,1.14595,1.1457,1.1459,529
2026-07-08 19:05,1783537500,1.14595,1.14615,1.1459,1.1461,132
2026-07-08 19:10,1783537800,1.1461,1.1461,1.14595,1.14605,175
2026-07-08 19:15,1783538100,1.14605,1.1461,1.14595,1.146,120
2026-07-08 19:20,1783538400,1.146,1.14615,1.146,1.14605,299
2026-07-08 19:25,1783538700,1.14605,1.14615,1.146,1.14605,168
2026-07-08 19:30,1783539000,1.1461,1.1462,1.14595,1.146,235
2026-07-08 19:35,1783539300,1.14595,1.1461,1.14595,1.14605,180
2026-07-08 19:40,1783539600,1.14605,1.14605,1.1459,1.1459,188
2026-07-08 19:45,1783539900,1.14595,1.14595,1.14545,1.14555,911
2026-07-08 19:50,1783540200,1.14555,1.14585,1.1455,1.14585,703
2026-07-08 19:55,1783540500,1.14585,1.1461,1.1458,1.1459,745
2026-07-08 20:00,1783540800,1.1459,1.1459,1.14575,1.14575,452
2026-07-08 20:05,1783541100,1.14575,1.14595,1.1457,1.14585,263
2026-07-08 20:10,1783541400,1.14585,1.14585,1.1456,1.1456,735
2026-07-08 20:15,1783541700,1.1456,1.14565,1.14545,1.14545,389
2026-07-08 20:20,1783542000,1.14545,1.1455,1.1454,1.14545,227
2026-07-08 20:25,1783542300,1.1454,1.1454,1.1452,1.1452,392
2026-07-08 20:30,1783542600,1.1452,1.14525,1.14505,1.1451,409
2026-07-08 20:35,1783542900,1.14505,1.14505,1.1447,1.14475,396
2026-07-08 20:40,1783543200,1.1448,1.14495,1.1448,1.14485,99
2026-07-08 20:45,1783543500,1.14485,1.1449,1.1448,1.1449,65
2026-07-08 20:50,1783543800,1.1448,1.1449,1.14475,1.1449,88
2026-07-08 20:55,1783544100,1.14485,1.1449,1.14465,1.14485,225
2026-07-08 22:00,1783548000,1.1449,1.1449,1.1447,1.1447,0
2026-07-08 22:05,1783548300,1.1447,1.1448,1.1447,1.14475,65
2026-07-08 22:10,1783548600,1.1447,1.14485,1.1447,1.14475,64
2026-07-08 22:15,1783548900,1.14475,1.1448,1.14475,1.14475,54
2026-07-08 22:20,1783549200,1.14475,1.1448,1.1447,1.1447,54
2026-07-08 22:25,1783549500,1.14475,1.1448,1.1447,1.1447,33
2026-07-08 22:30,1783549800,1.14475,1.1449,1.1447,1.14485,64
2026-07-08 22:35,1783550100,1.14485,1.1449,1.1448,1.14485,52
2026-07-08 22:40,1783550400,1.1449,1.14495,1.14485,1.14485,59
2026-07-08 22:45,1783550700,1.14485,1.14485,1.1448,1.14485,31
2026-07-08 22:50,1783551000,1.1449,1.1449,1.14485,1.14485,31
2026-07-08 22:55,1783551300,1.1448,1.145,1.1448,1.145,60
2026-07-08 23:00,1783551600,1.14495,1.145,1.1449,1.145,29
2026-07-08 23:05,1783551900,1.14495,1.145,1.14485,1.14485,164
2026-07-08 23:10,1783552200,1.14485,1.14485,1.1448,1.1448,54
2026-07-08 23:15,1783552500,1.1448,1.14485,1.14475,1.1448,145
2026-07-08 23:20,1783552800,1.1448,1.14485,1.14475,1.1448,103
2026-07-08 23:25,1783553100,1.1448,1.1449,1.1448,1.1449,64
2026-07-08 23:30,1783553400,1.14485,1.14495,1.14485,1.1449,33
2026-07-08 23:35,1783553700,1.1449,1.145,1.1449,1.14495,84
2026-07-08 23:40,1783554000,1.14495,1.14515,1.14495,1.14515,136
2026-07-08 23:45,1783554300,1.14505,1.14515,1.14505,1.1451,116
2026-07-08 23:50,1783554600,1.1451,1.1451,1.145,1.14505,80
2026-07-08 23:55,1783554900,1.14505,1.1453,1.14505,1.1452,130
2026-07-09 00:00,1783555200,1.1452,1.14545,1.14515,1.14545,237
2026-07-09 00:05,1783555500,1.14545,1.14565,1.14545,1.1456,222
2026-07-09 00:10,1783555800,1.1456,1.1459,1.1456,1.1458,257
2026-07-09 00:15,1783556100,1.1458,1.14585,1.1456,1.14565,173
2026-07-09 00:20,1783556400,1.1457,1.14575,1.14555,1.1457,123
2026-07-09 00:25,1783556700,1.1457,1.1458,1.1457,1.1458,81
2026-07-09 00:30,1783557000,1.1458,1.14605,1.14575,1.14595,742
2026-07-09 00:35,1783557300,1.14595,1.14605,1.1459,1.14595,125
2026-07-09 00:40,1783557600,1.1459,1.14595,1.1457,1.1457,137
2026-07-09 00:45,1783557900,1.14565,1.1457,1.14555,1.14565,142
2026-07-09 00:50,1783558200,1.1456,1.1456,1.14535,1.1454,445
2026-07-09 00:55,1783558500,1.1454,1.14565,1.14535,1.1456,180
2026-07-09 01:00,1783558800,1.1456,1.14575,1.14545,1.1455,212
2026-07-09 01:05,1783559100,1.14545,1.1456,1.1454,1.1456,73
2026-07-09 01:10,1783559400,1.14555,1.14555,1.1453,1.1453,101
2026-07-09 01:15,1783559700,1.1453,1.14545,1.1453,1.14535,51
2026-07-09 01:20,1783560000,1.14545,1.14545,1.1453,1.14535,64
2026-07-09 01:25,1783560300,1.14535,1.1454,1.14515,1.1452,149
2026-07-09 01:30,1783560600,1.14525,1.1453,1.14505,1.1453,232
2026-07-09 01:35,1783560900,1.1453,1.14555,1.14525,1.1454,98
2026-07-09 01:40,1783561200,1.1454,1.1454,1.1453,1.14535,49
2026-07-09 01:45,1783561500,1.14535,1.14535,1.14515,1.14525,156
2026-07-09 01:50,1783561800,1.1453,1.14535,1.14525,1.1453,161
2026-07-09 01:55,1783562100,1.1453,1.14565,1.1453,1.1456,200
2026-07-09 02:00,1783562400,1.14565,1.1458,1.1456,1.1457,262
2026-07-09 02:05,1783562700,1.14575,1.1459,1.14565,1.14575,310
2026-07-09 02:10,1783563000,1.1458,1.14585,1.14565,1.1457,177
2026-07-09 02:15,1783563300,1.14575,1.1458,1.14575,1.1458,24
2026-07-09 02:20,1783563600,1.14575,1.14575,1.1457,1.14575,48
2026-07-09 02:25,1783563900,1.14575,1.14575,1.14565,1.1457,156
2026-07-09 02:30,1783564200,1.1457,1.14575,1.14555,1.14555,173
2026-07-09 02:35,1783564500,1.14555,1.1456,1.1454,1.1455,87
2026-07-09 02:40,1783564800,1.14545,1.14555,1.14545,1.1455,15
2026-07-09 02:45,1783565100,1.14555,1.14575,1.14555,1.14575,121
2026-07-09 02:50,1783565400,1.1457,1.14575,1.1455,1.1455,110
2026-07-09 02:55,1783565700,1.1456,1.1456,1.1455,1.1455,45
2026-07-09 03:00,1783566000,1.14545,1.14555,1.14545,1.14555,44
2026-07-09 03:05,1783566300,1.1456,1.14565,1.1456,1.14565,30
2026-07-09 03:10,1783566600,1.1456,1.14565,1.14555,1.1456,50
2026-07-09 03:15,1783566900,1.14555,1.14555,1.1454,1.14545,100
2026-07-09 03:20,1783567200,1.1454,1.14545,1.14535,1.14545,57
2026-07-09 03:25,1783567500,1.1455,1.14575,1.1455,1.14565,58
2026-07-09 03:30,1783567800,1.1457,1.14605,1.1457,1.1459,195
2026-07-09 03:35,1783568100,1.1459,1.14605,1.1459,1.146,102
2026-07-09 03:40,1783568400,1.146,1.146,1.1458,1.1458,92
2026-07-09 03:45,1783568700,1.1458,1.14585,1.1457,1.1457,52
2026-07-09 03:50,1783569000,1.1457,1.1459,1.1457,1.1459,84
2026-07-09 03:55,1783569300,1.1458,1.1458,1.1457,1.14575,19
2026-07-09 04:05,1783569900,1.14575,1.14575,1.14575,1.14575,91
2026-07-09 04:10,1783570200,1.14575,1.14575,1.14565,1.1457,34
2026-07-09 04:15,1783570500,1.14565,1.14565,1.14535,1.14535,97
2026-07-09 04:20,1783570800,1.1454,1.1456,1.1454,1.14555,89
2026-07-09 04:25,1783571100,1.1456,1.14565,1.14555,1.14555,38
2026-07-09 04:30,1783571400,1.1456,1.1457,1.1456,1.1457,64
2026-07-09 04:35,1783571700,1.1457,1.1457,1.1456,1.1456,72
2026-07-09 04:40,1783572000,1.1456,1.1456,1.14555,1.1456,13
2026-07-09 04:45,1783572300,1.1456,1.14565,1.1456,1.14565,44
2026-07-09 04:50,1783572600,1.14565,1.14575,1.14565,1.14575,12
2026-07-09 04:55,1783572900,1.1457,1.1458,1.1457,1.14575,87
2026-07-09 05:00,1783573200,1.1457,1.14585,1.1457,1.14575,200
2026-07-09 05:05,1783573500,1.1457,1.14575,1.1457,1.14575,31
2026-07-09 05:10,1783573800,1.14575,1.1465,1.14575,1.1462,1826
2026-07-09 05:15,1783574100,1.14625,1.1463,1.1459,1.1461,1132
2026-07-09 05:20,1783574400,1.14605,1.1461,1.14595,1.14605,103
2026-07-09 05:25,1783574700,1.14605,1.1463,1.14605,1.1463,112
2026-07-09 05:30,1783575000,1.1463,1.1464,1.14615,1.1464,139
2026-07-09 05:35,1783575300,1.1464,1.1464,1.1463,1.1464,143
2026-07-09 05:40,1783575600,1.14635,1.14635,1.14605,1.14625,212
2026-07-09 05:45,1783575900,1.14625,1.14635,1.1462,1.1463,96
2026-07-09 05:50,1783576200,1.14635,1.1464,1.14625,1.1463,134
2026-07-09 05:55,1783576500,1.1463,1.14635,1.14605,1.14615,570
2026-07-09 06:00,1783576800,1.14615,1.14675,1.14615,1.14665,983
2026-07-09 06:05,1783577100,1.1466,1.14665,1.1465,1.1466,226
2026-07-09 06:10,1783577400,1.1466,1.14665,1.1464,1.1465,211
2026-07-09 06:15,1783577700,1.14645,1.14675,1.14645,1.14665,208
2026-07-09 06:20,1783578000,1.14665,1.1476,1.14665,1.1475,1625
2026-07-09 06:25,1783578300,1.1475,1.1478,1.1474,1.14775,812
2026-07-09 06:30,1783578600,1.1477,1.148,1.1476,1.148,970
2026-07-09 06:35,1783578900,1.148,1.148,1.1473,1.14755,524
2026-07-09 06:40,1783579200,1.1475,1.1476,1.1472,1.1476,331
2026-07-09 06:45,1783579500,1.14765,1.14765,1.1474,1.14745,688
2026-07-09 06:50,1783579800,1.1474,1.1475,1.14715,1.14715,950
2026-07-09 06:55,1783580100,1.14715,1.1473,1.14705,1.14725,911
2026-07-09 07:00,1783580400,1.14725,1.14725,1.1469,1.147,889
2026-07-09 07:05,1783580700,1.1469,1.1469,1.14655,1.1468,651
2026-07-09 07:10,1783581000,1.14685,1.1469,1.14665,1.14675,752
2026-07-09 07:15,1783581300,1.1467,1.14695,1.14665,1.14685,245
2026-07-09 07:20,1783581600,1.1468,1.1469,1.1467,1.14675,321
2026-07-09 07:25,1783581900,1.14675,1.14685,1.14675,1.1468,267
2026-07-09 07:30,1783582200,1.14685,1.14685,1.1466,1.14665,350
2026-07-09 07:35,1783582500,1.1466,1.14675,1.14655,1.1467,217
2026-07-09 07:40,1783582800,1.14665,1.1467,1.14655,1.1466,312
2026-07-09 07:45,1783583100,1.1466,1.14665,1.1463,1.14655,338
2026-07-09 07:50,1783583400,1.1465,1.14655,1.14635,1.1465,149
2026-07-09 07:55,1783583700,1.14645,1.1466,1.1463,1.1466,368
2026-07-09 08:00,1783584000,1.1466,1.14665,1.14645,1.14655,411
2026-07-09 08:05,1783584300,1.1466,1.1469,1.1465,1.14675,970
2026-07-09 08:10,1783584600,1.1468,1.14685,1.14645,1.1466,317
2026-07-09 08:15,1783584900,1.1466,1.1468,1.1466,1.14675,224
2026-07-09 08:20,1783585200,1.1468,1.1468,1.14655,1.1466,251
2026-07-09 08:25,1783585500,1.1466,1.1467,1.1465,1.1467,178
2026-07-09 08:30,1783585800,1.1467,1.14675,1.14645,1.14645,577
2026-07-09 08:35,1783586100,1.1465,1.1466,1.1464,1.14645,302
2026-07-09 08:40,1783586400,1.1464,1.1464,1.14615,1.1463,823
2026-07-09 08:45,1783586700,1.14625,1.14635,1.14595,1.14595,570
2026-07-09 08:50,1783587000,1.146,1.1461,1.1459,1.1461,285
2026-07-09 08:55,1783587300,1.1461,1.1461,1.14555,1.14565,458
2026-07-09 09:00,1783587600,1.14565,1.1459,1.14565,1.1458,344
2026-07-09 09:05,1783587900,1.1458,1.14585,1.14545,1.1455,371
2026-07-09 09:10,1783588200,1.14545,1.1457,1.14545,1.1456,325
2026-07-09 09:15,1783588500,1.14565,1.14575,1.1456,1.14565,256
2026-07-09 09:20,1783588800,1.14565,1.14585,1.14565,1.1457,219
2026-07-09 09:25,1783589100,1.14565,1.14585,1.1456,1.1458,276
2026-07-09 09:30,1783589400,1.1458,1.1458,1.14555,1.14555,175
2026-07-09 09:35,1783589700,1.14555,1.14575,1.14555,1.1457,422
2026-07-09 09:40,1783590000,1.1457,1.1458,1.14545,1.1457,469
2026-07-09 09:45,1783590300,1.14565,1.1458,1.14565,1.14575,124
2026-07-09 09:50,1783590600,1.1458,1.14595,1.1458,1.14595,125
2026-07-09 09:55,1783590900,1.146,1.1462,1.1459,1.1461,258
2026-07-09 10:00,1783591200,1.1461,1.14615,1.14585,1.1459,270
2026-07-09 10:05,1783591500,1.14595,1.146,1.14575,1.14595,268
2026-07-09 10:10,1783591800,1.1459,1.14595,1.14585,1.14595,186
2026-07-09 10:15,1783592100,1.14595,1.146,1.14575,1.1458,252
2026-07-09 10:20,1783592400,1.1458,1.14585,1.1457,1.14575,145
2026-07-09 10:25,1783592700,1.1457,1.14575,1.14565,1.14575,124
2026-07-09 10:30,1783593000,1.14575,1.14595,1.14565,1.14595,209
2026-07-09 10:35,1783593300,1.146,1.1462,1.14595,1.14595,260
2026-07-09 10:40,1783593600,1.14595,1.14595,1.1457,1.1458,271
2026-07-09 10:45,1783593900,1.1458,1.14585,1.1457,1.14585,314
2026-07-09 10:50,1783594200,1.14585,1.14585,1.14515,1.1454,1068
2026-07-09 10:55,1783594500,1.1454,1.1454,1.1451,1.1453,847
2026-07-09 11:00,1783594800,1.1454,1.1455,1.1452,1.14535,1013
2026-07-09 11:05,1783595100,1.1453,1.14545,1.1452,1.1454,973
2026-07-09 11:10,1783595400,1.1454,1.1456,1.14535,1.1456,1169
2026-07-09 11:15,1783595700,1.1456,1.14565,1.14545,1.14555,261
2026-07-09 11:20,1783596000,1.1455,1.14555,1.14535,1.1454,187
2026-07-09 11:25,1783596300,1.1454,1.14555,1.14535,1.14535,349
2026-07-09 11:30,1783596600,1.14535,1.1456,1.14525,1.14555,651
2026-07-09 11:35,1783596900,1.14555,1.1457,1.14545,1.14565,159
2026-07-09 11:40,1783597200,1.14565,1.1457,1.1456,1.1456,238
2026-07-09 11:45,1783597500,1.1456,1.14575,1.1455,1.14565,1057
2026-07-09 11:50,1783597800,1.14565,1.146,1.14555,1.146,407
2026-07-09 11:55,1783598100,1.14595,1.146,1.14585,1.14595,915
2026-07-09 12:00,1783598400,1.146,1.1464,1.146,1.14625,974
2026-07-09 12:05,1783598700,1.1462,1.1466,1.1461,1.1465,925
2026-07-09 12:10,1783599000,1.14645,1.1466,1.1463,1.1464,427
2026-07-09 12:15,1783599300,1.14645,1.14655,1.1464,1.1465,458
2026-07-09 12:20,1783599600,1.14645,1.1465,1.14615,1.1462,442
2026-07-09 12:25,1783599900,1.14625,1.14635,1.14615,1.1463,651
2026-07-09 12:30,1783600200,1.14635,1.1466,1.14625,1.1463,540
2026-07-09 12:35,1783600500,1.1463,1.14635,1.146,1.14605,874
2026-07-09 12:40,1783600800,1.1461,1.1462,1.1457,1.14585,938
2026-07-09 12:45,1783601100,1.14585,1.1459,1.1456,1.14575,686
2026-07-09 12:50,1783601400,1.14575,1.14585,1.1455,1.1456,526
2026-07-09 12:55,1783601700,1.1456,1.1458,1.14535,1.1455,349
2026-07-09 13:00,1783602000,1.1455,1.14575,1.14545,1.14565,819
2026-07-09 13:05,1783602300,1.14565,1.1461,1.1456,1.146,458
2026-07-09 13:10,1783602600,1.14605,1.14605,1.14585,1.14605,561
2026-07-09 13:15,1783602900,1.1461,1.1467,1.1461,1.1463,1504
2026-07-09 13:20,1783603200,1.14625,1.14635,1.1461,1.1463,468
2026-07-09 13:25,1783603500,1.1463,1.14655,1.1463,1.1465,513
2026-07-09 13:30,1783603800,1.1465,1.1467,1.1462,1.1463,720
2026-07-09 13:35,1783604100,1.14635,1.14645,1.14625,1.1463,692
2026-07-09 13:40,1783604400,1.14625,1.14675,1.14625,1.14655,998
2026-07-09 13:45,1783604700,1.1465,1.14675,1.14635,1.1467,1107
2026-07-09 13:50,1783605000,1.14675,1.14685,1.1466,1.14665,734
2026-07-09 13:55,1783605300,1.14665,1.147,1.14665,1.14695,723
2026-07-09 14:00,1783605600,1.147,1.1476,1.147,1.1476,1517
2026-07-09 14:05,1783605900,1.1476,1.1476,1.14705,1.14705,953
2026-07-09 14:10,1783606200,1.14705,1.1473,1.147,1.1471,484
2026-07-09 14:15,1783606500,1.1471,1.1471,1.1467,1.14675,815
2026-07-09 14:20,1783606800,1.14675,1.14715,1.14675,1.1471,994
2026-07-09 14:25,1783607100,1.1471,1.1471,1.1468,1.14695,732
2026-07-09 14:30,1783607400,1.1469,1.1472,1.1466,1.1472,891
2026-07-09 14:35,1783607700,1.1472,1.1473,1.14675,1.14685,620
2026-07-09 14:40,1783608000,1.14685,1.14685,1.1466,1.14665,574
2026-07-09 14:45,1783608300,1.1467,1.1467,1.1465,1.1465,304
2026-07-09 14:50,1783608600,1.1466,1.14665,1.1463,1.14635,2542
2026-07-09 14:55,1783608900,1.14635,1.1464,1.14615,1.1463,3784
2026-07-09 15:00,1783609200,1.1463,1.14635,1.14595,1.1461,1903
2026-07-09 15:05,1783609500,1.14615,1.1466,1.1461,1.1466,729
2026-07-09 15:10,1783609800,1.1466,1.14665,1.1461,1.14615,618
2026-07-09 15:15,1783610100,1.1462,1.14635,1.14605,1.1461,812
2026-07-09 15:20,1783610400,1.14605,1.1462,1.14595,1.14615,268
2026-07-09 15:25,1783610700,1.14615,1.1465,1.14615,1.1464,481
2026-07-09 15:30,1783611000,1.14635,1.1464,1.1461,1.1463,427
2026-07-09 15:35,1783611300,1.1463,1.14635,1.14615,1.14635,354
2026-07-09 15:40,1783611600,1.14635,1.14675,1.14635,1.14675,522
2026-07-09 15:45,1783611900,1.14675,1.1469,1.14665,1.1467,386
2026-07-09 15:50,1783612200,1.14675,1.1471,1.14675,1.147,534
2026-07-09 15:55,1783612500,1.147,1.14705,1.1468,1.1469,443
2026-07-09 16:00,1783612800,1.1469,1.14705,1.1469,1.147,611
2026-07-09 16:05,1783613100,1.147,1.147,1.1469,1.14695,250
2026-07-09 16:10,1783613400,1.14695,1.1471,1.14675,1.147,874
2026-07-09 16:15,1783613700,1.14695,1.14715,1.14675,1.14675,395
2026-07-09 16:20,1783614000,1.14675,1.14675,1.14655,1.14665,313
2026-07-09 16:25,1783614300,1.14665,1.14685,1.14665,1.1467,231
2026-07-09 16:30,1783614600,1.1467,1.14675,1.14655,1.14655,217
2026-07-09 16:35,1783614900,1.14655,1.147,1.1465,1.14695,694
2026-07-09 16:40,1783615200,1.1469,1.1471,1.14685,1.147,261
2026-07-09 16:45,1783615500,1.147,1.1471,1.147,1.147,288
2026-07-09 16:50,1783615800,1.147,1.147,1.1469,1.1469,266
2026-07-09 16:55,1783616100,1.1469,1.1469,1.14665,1.14675,909
2026-07-09 17:00,1783616400,1.1467,1.14685,1.14665,1.1467,212
2026-07-09 17:05,1783616700,1.1467,1.14675,1.14655,1.1466,439
2026-07-09 17:10,1783617000,1.14665,1.1467,1.1464,1.1467,509
2026-07-09 17:15,1783617300,1.14665,1.147,1.1466,1.147,180
2026-07-09 17:20,1783617600,1.147,1.1471,1.14695,1.147,350
2026-07-09 17:25,1783617900,1.147,1.14705,1.14695,1.14705,200
2026-07-09 17:30,1783618200,1.14705,1.1471,1.14685,1.14685,398
2026-07-09 17:35,1783618500,1.14685,1.14695,1.1467,1.1467,349
2026-07-09 17:40,1783618800,1.1467,1.14675,1.14665,1.1467,144
2026-07-09 17:45,1783619100,1.14675,1.14685,1.1467,1.14675,350
2026-07-09 17:50,1783619400,1.1468,1.14685,1.1467,1.14675,205
2026-07-09 17:55,1783619700,1.14675,1.14685,1.1467,1.1468,185
2026-07-09 18:00,1783620000,1.1468,1.14685,1.14665,1.14665,218
2026-07-09 18:05,1783620300,1.14665,1.14675,1.14655,1.14665,235
2026-07-09 18:10,1783620600,1.1467,1.1467,1.14655,1.14655,405
2026-07-09 18:15,1783620900,1.1466,1.1466,1.1464,1.1464,251
2026-07-09 18:20,1783621200,1.1464,1.14645,1.14625,1.14635,277
2026-07-09 18:25,1783621500,1.14635,1.1464,1.1462,1.14625,300
2026-07-09 18:30,1783621800,1.14625,1.14635,1.1462,1.1463,133
2026-07-09 18:35,1783622100,1.1463,1.1463,1.14615,1.1462,99
2026-07-09 18:40,1783622400,1.1462,1.1464,1.1462,1.14635,379
2026-07-09 18:45,1783622700,1.1463,1.14645,1.14625,1.14645,139
2026-07-09 18:50,1783623000,1.14645,1.14645,1.14625,1.14635,173
2026-07-09 18:55,1783623300,1.1464,1.14645,1.14635,1.14635,853
2026-07-09 19:00,1783623600,1.14635,1.14645,1.14625,1.14625,976
2026-07-09 19:05,1783623900,1.1463,1.14635,1.14615,1.14615,171
2026-07-09 19:10,1783624200,1.14615,1.14615,1.1461,1.14615,312
2026-07-09 19:15,1783624500,1.1462,1.14625,1.14615,1.14625,151
2026-07-09 19:20,1783624800,1.14625,1.14625,1.146,1.14605,204
2026-07-09 19:25,1783625100,1.14605,1.14605,1.14585,1.1459,241
2026-07-09 19:30,1783625400,1.1459,1.146,1.14575,1.14575,485
2026-07-09 19:35,1783625700,1.1458,1.14595,1.1458,1.1459,681
2026-07-09 19:40,1783626000,1.1459,1.14595,1.14575,1.14575,321
2026-07-09 19:45,1783626300,1.1458,1.1458,1.14565,1.14575,701
2026-07-09 19:50,1783626600,1.1457,1.1458,1.14565,1.1457,160
2026-07-09 19:55,1783626900,1.1457,1.14595,1.1456,1.1458,974
2026-07-09 20:00,1783627200,1.1458,1.1459,1.14575,1.1458,558
2026-07-09 20:05,1783627500,1.1458,1.14595,1.1458,1.1459,186
2026-07-09 20:10,1783627800,1.1459,1.146,1.14585,1.146,263
2026-07-09 20:15,1783628100,1.14595,1.14605,1.1459,1.146,302
2026-07-09 20:20,1783628400,1.146,1.146,1.14595,1.146,162
2026-07-09 20:25,1783628700,1.146,1.14605,1.14585,1.1459,233
2026-07-09 20:30,1783629000,1.1459,1.146,1.1459,1.146,68
2026-07-09 20:35,1783629300,1.146,1.14605,1.14595,1.14595,95
2026-07-09 20:40,1783629600,1.14595,1.146,1.14595,1.14595,74
2026-07-09 20:45,1783629900,1.14595,1.14595,1.1459,1.14595,65
2026-07-09 20:50,1783630200,1.1459,1.146,1.14585,1.14595,144
2026-07-09 20:55,1783630500,1.1459,1.14605,1.1459,1.146,221
2026-07-09 22:00,1783634400,1.146,1.146,1.1459,1.146,0
2026-07-09 22:05,1783634700,1.14605,1.14635,1.14605,1.14625,236
2026-07-09 22:10,1783635000,1.14625,1.14625,1.14625,1.14625,17
2026-07-09 22:15,1783635300,1.14625,1.1463,1.14625,1.1463,9
2026-07-09 22:20,1783635600,1.1463,1.1463,1.14625,1.1463,5
2026-07-09 22:25,1783635900,1.1463,1.1463,1.14625,1.14625,3
2026-07-09 22:30,1783636200,1.1463,1.1463,1.1463,1.1463,2
2026-07-09 22:35,1783636500,1.1463,1.1463,1.14625,1.14625,7
2026-07-09 22:40,1783636800,1.14625,1.14625,1.14625,1.14625,1
2026-07-09 22:45,1783637100,1.1463,1.1463,1.14625,1.14625,10
2026-07-09 22:50,1783637400,1.1463,1.1463,1.1463,1.1463,15
2026-07-09 22:55,1783637700,1.1463,1.1463,1.1463,1.1463,19
2026-07-09 23:00,1783638000,1.1463,1.14635,1.1463,1.14635,28
2026-07-09 23:05,1783638300,1.14635,1.1464,1.1463,1.1463,26
2026-07-09 23:10,1783638600,1.14635,1.14635,1.14635,1.14635,4
2026-07-09 23:15,1783638900,1.14635,1.14635,1.1463,1.1463,7
2026-07-09 23:20,1783639200,1.14625,1.1463,1.14615,1.14615,19
2026-07-09 23:25,1783639500,1.14615,1.14615,1.1461,1.14615,33
2026-07-09 23:30,1783639800,1.14615,1.1462,1.1461,1.1461,10
2026-07-09 23:35,1783640100,1.1461,1.14625,1.1461,1.1462,100
2026-07-09 23:40,1783640400,1.1462,1.1463,1.1462,1.14625,68
2026-07-09 23:45,1783640700,1.1463,1.14635,1.14625,1.14625,48
2026-07-09 23:50,1783641000,1.14625,1.1463,1.1462,1.1462,26
2026-07-09 23:55,1783641300,1.1462,1.14625,1.1462,1.14625,25
2026-07-10 00:00,1783641600,1.1463,1.14635,1.1462,1.1463,181
2026-07-10 00:05,1783641900,1.14635,1.14635,1.14625,1.14625,17
2026-07-10 00:10,1783642200,1.14625,1.1463,1.1462,1.1462,59
2026-07-10 00:15,1783642500,1.1462,1.14625,1.14615,1.1462,57
2026-07-10 00:20,1783642800,1.14615,1.14615,1.14605,1.1461,70
2026-07-10 00:25,1783643100,1.1461,1.1461,1.14605,1.1461,44
2026-07-10 00:30,1783643400,1.14605,1.1461,1.14605,1.14605,52
2026-07-10 00:35,1783643700,1.14605,1.14625,1.14605,1.14625,52
2026-07-10 00:40,1783644000,1.14625,1.1465,1.1462,1.14645,129
2026-07-10 00:45,1783644300,1.1465,1.1468,1.14645,1.1467,386
2026-07-10 00:50,1783644600,1.14675,1.14685,1.14665,1.14685,317
2026-07-10 00:55,1783644900,1.14685,1.1472,1.14685,1.147,551
2026-07-10 01:00,1783645200,1.14695,1.147,1.1468,1.14695,211
2026-07-10 01:05,1783645500,1.14695,1.14725,1.1468,1.1472,384
2026-07-10 01:10,1783645800,1.1471,1.14745,1.1471,1.14745,193
2026-07-10 01:15,1783646100,1.1474,1.1477,1.1474,1.14765,451
2026-07-10 01:20,1783646400,1.14765,1.1477,1.1472,1.14725,343
2026-07-10 01:25,1783646700,1.1473,1.1473,1.14715,1.1472,95
2026-07-10 01:30,1783647000,1.1472,1.14745,1.1472,1.14745,165
2026-07-10 01:35,1783647300,1.14745,1.1475,1.14715,1.14735,204
2026-07-10 01:40,1783647600,1.1473,1.1475,1.14725,1.14735,128
2026-07-10 01:45,1783647900,1.14735,1.1476,1.1472,1.1476,293
2026-07-10 01:50,1783648200,1.14755,1.14775,1.1475,1.14765,273
2026-07-10 01:55,1783648500,1.1477,1.14795,1.1477,1.1477,365
2026-07-10 02:00,1783648800,1.1477,1.1479,1.1477,1.14785,441
2026-07-10 02:05,1783649100,1.14785,1.1485,1.1478,1.14835,1431
2026-07-10 02:10,1783649400,1.1483,1.1486,1.1483,1.14855,508
2026-07-10 02:15,1783649700,1.14855,1.14895,1.14855,1.1489,1282
2026-07-10 02:20,1783650000,1.1489,1.149,1.1486,1.14875,562
2026-07-10 02:25,1783650300,1.1487,1.14895,1.1487,1.1487,583
2026-07-10 02:30,1783650600,1.1487,1.1488,1.1486,1.1487,683
2026-07-10 02:35,1783650900,1.1487,1.14875,1.1485,1.14865,637
2026-07-10 02:40,1783651200,1.14865,1.14895,1.1486,1.1489,608
2026-07-10 02:45,1783651500,1.1489,1.149,1.14875,1.14885,458
2026-07-10 02:50,1783651800,1.14885,1.1491,1.14885,1.149,370
2026-07-10 02:55,1783652100,1.149,1.149,1.1488,1.14885,274
2026-07-10 03:00,1783652400,1.14885,1.14895,1.14875,1.1488,282
2026-07-10 03:05,1783652700,1.14875,1.14885,1.14865,1.14885,157
2026-07-10 03:10,1783653000,1.1488,1.1488,1.14855,1.1486,230
2026-07-10 03:15,1783653300,1.1486,1.1486,1.14855,1.1486,104
2026-07-10 03:20,1783653600,1.14855,1.14855,1.14835,1.1484,178
2026-07-10 03:25,1783653900,1.1484,1.14855,1.1484,1.14855,106
2026-07-10 03:30,1783654200,1.1486,1.1487,1.1485,1.14865,144
2026-07-10 03:35,1783654500,1.1486,1.1486,1.1484,1.14845,191
2026-07-10 03:40,1783654800,1.14845,1.14845,1.14835,1.14845,102
2026-07-10 03:45,1783655100,1.1484,1.1484,1.14815,1.14815,102
2026-07-10 03:50,1783655400,1.14815,1.14825,1.14805,1.14805,194
2026-07-10 03:55,1783655700,1.148,1.14805,1.14775,1.1478,476
2026-07-10 04:05,1783656300,1.14775,1.14775,1.14775,1.14775,557
2026-07-10 04:10,1783656600,1.14775,1.14785,1.14765,1.14785,81
2026-07-10 04:15,1783656900,1.14785,1.14785,1.14765,1.1477,186
2026-07-10 04:20,1783657200,1.14765,1.14765,1.14745,1.14745,302
2026-07-10 04:25,1783657500,1.1474,1.1476,1.1474,1.14755,165
2026-07-10 04:30,1783657800,1.1475,1.1475,1.1474,1.14745,63
2026-07-10 04:35,1783658100,1.14745,1.14755,1.14735,1.14735,84
2026-07-10 04:40,1783658400,1.1474,1.1474,1.1472,1.1472,304
2026-07-10 04:45,1783658700,1.1472,1.1472,1.14705,1.14705,325
2026-07-10 04:50,1783659000,1.14715,1.1472,1.14695,1.147,298
2026-07-10 04:55,1783659300,1.147,1.14725,1.1469,1.14725,313
2026-07-10 05:00,1783659600,1.1473,1.14735,1.1472,1.1473,225
2026-07-10 05:05,1783659900,1.1473,1.14745,1.1472,1.1472,296
2026-07-10 05:10,1783660200,1.1472,1.1472,1.147,1.147,189
2026-07-10 05:15,1783660500,1.147,1.14705,1.14695,1.14695,173
2026-07-10 05:20,1783660800,1.1469,1.14695,1.1467,1.1468,168
2026-07-10 05:25,1783661100,1.14675,1.1468,1.1467,1.14675,185
2026-07-10 05:30,1783661400,1.14675,1.1468,1.14665,1.14675,231
2026-07-10 05:35,1783661700,1.1467,1.1468,1.1466,1.14665,245
2026-07-10 05:40,1783662000,1.1466,1.14675,1.1465,1.14675,153
2026-07-10 05:45,1783662300,1.14675,1.147,1.14675,1.14695,325
2026-07-10 05:50,1783662600,1.14695,1.1471,1.14685,1.1469,429
2026-07-10 05:55,1783662900,1.1469,1.147,1.1468,1.14695,294
2026-07-10 06:00,1783663200,1.147,1.14705,1.1469,1.147,294
2026-07-10 06:05,1783663500,1.14705,1.1472,1.14695,1.1471,305
2026-07-10 06:10,1783663800,1.14715,1.1474,1.14715,1.1473,216
2026-07-10 06:15,1783664100,1.1473,1.1476,1.14705,1.14755,294
2026-07-10 06:20,1783664400,1.14755,1.1477,1.14745,1.14755,557
2026-07-10 06:25,1783664700,1.1475,1.14755,1.14715,1.14715,288
2026-07-10 06:30,1783665000,1.14715,1.14735,1.14715,1.1473,174
2026-07-10 06:35,1783665300,1.1474,1.14755,1.14735,1.1475,141
2026-07-10 06:40,1783665600,1.14745,1.14745,1.147,1.147,204
2026-07-10 06:45,1783665900,1.147,1.147,1.14685,1.1469,265
2026-07-10 06:50,1783666200,1.1469,1.1471,1.1469,1.14705,160
2026-07-10 06:55,1783666500,1.14705,1.14725,1.14705,1.14715,171
2026-07-10 07:00,1783666800,1.1472,1.1472,1.14685,1.1469,367
2026-07-10 07:05,1783667100,1.1469,1.1469,1.14675,1.14685,311
2026-07-10 07:10,1783667400,1.14685,1.14695,1.14675,1.1468,433
2026-07-10 07:15,1783667700,1.1468,1.1471,1.1467,1.1471,451
2026-07-10 07:20,1783668000,1.14715,1.1472,1.14695,1.14695,261
2026-07-10 07:25,1783668300,1.147,1.147,1.14675,1.1469,272
2026-07-10 07:30,1783668600,1.14695,1.14705,1.1468,1.14685,219
2026-07-10 07:35,1783668900,1.1468,1.1469,1.14675,1.1468,215
2026-07-10 07:40,1783669200,1.14675,1.14705,1.14675,1.14695,189
2026-07-10 07:45,1783669500,1.147,1.147,1.1466,1.1469,440
2026-07-10 07:50,1783669800,1.14695,1.14715,1.1468,1.1468,357
2026-07-10 07:55,1783670100,1.1468,1.1468,1.1466,1.1467,268
2026-07-10 08:00,1783670400,1.1467,1.1472,1.1465,1.14695,813
2026-07-10 08:05,1783670700,1.14695,1.1472,1.14685,1.147,269
2026-07-10 08:10,1783671000,1.147,1.147,1.14665,1.1467,279
2026-07-10 08:15,1783671300,1.14665,1.14665,1.1464,1.1465,339
2026-07-10 08:20,1783671600,1.1465,1.1465,1.1463,1.1463,369
2026-07-10 08:25,1783671900,1.1463,1.1464,1.14615,1.14635,860
2026-07-10 08:30,1783672200,1.14635,1.14655,1.14635,1.14645,911
2026-07-10 08:35,1783672500,1.14645,1.14645,1.1461,1.1462,643
2026-07-10 08:40,1783672800,1.14625,1.1465,1.1461,1.14645,720
2026-07-10 08:45,1783673100,1.14645,1.14645,1.1462,1.14635,835
2026-07-10 08:50,1783673400,1.14635,1.14635,1.146,1.14615,349
2026-07-10 08:55,1783673700,1.14615,1.1463,1.14595,1.14605,295
2026-07-10 09:00,1783674000,1.14595,1.1464,1.14595,1.14635,549
2026-07-10 09:05,1783674300,1.1464,1.1464,1.14615,1.14615,241
2026-07-10 09:10,1783674600,1.1462,1.14635,1.1461,1.1463,238
2026-07-10 09:15,1783674900,1.1463,1.1463,1.1461,1.14615,307
2026-07-10 09:20,1783675200,1.1461,1.14615,1.146,1.14615,221
2026-07-10 09:25,1783675500,1.1462,1.1463,1.14615,1.1462,86
2026-07-10 09:30,1783675800,1.1462,1.14625,1.14605,1.14605,399
2026-07-10 09:35,1783676100,1.14605,1.14615,1.14595,1.14615,164
2026-07-10 09:40,1783676400,1.14615,1.14625,1.1459,1.1459,455
2026-07-10 09:45,1783676700,1.14595,1.14605,1.14575,1.14585,304
2026-07-10 09:50,1783677000,1.14585,1.1459,1.1456,1.1458,341
2026-07-10 09:55,1783677300,1.14585,1.1459,1.1457,1.1457,279
2026-07-10 10:00,1783677600,1.1457,1.1458,1.14565,1.1458,309
2026-07-10 10:05,1783677900,1.1458,1.1459,1.14575,1.14575,269
2026-07-10 10:10,1783678200,1.14575,1.14585,1.1457,1.14585,159
2026-07-10 10:15,1783678500,1.14585,1.1461,1.1458,1.1461,122
2026-07-10 10:20,1783678800,1.1461,1.1463,1.1461,1.1463,393
2026-07-10 10:25,1783679100,1.1463,1.1463,1.1461,1.1463,366
2026-07-10 10:30,1783679400,1.1463,1.1463,1.14605,1.1461,197
2026-07-10 10:35,1783679700,1.1461,1.14635,1.1461,1.14625,308
2026-07-10 10:40,1783680000,1.1462,1.1462,1.146,1.1461,160
2026-07-10 10:45,1783680300,1.14615,1.14625,1.14605,1.1462,925
2026-07-10 10:50,1783680600,1.1462,1.14645,1.1462,1.14645,340
2026-07-10 10:55,1783680900,1.1464,1.1465,1.1462,1.1463,744
2026-07-10 11:00,1783681200,1.14635,1.1465,1.1463,1.14645,375
2026-07-10 11:05,1783681500,1.1464,1.1464,1.1461,1.14615,516
2026-07-10 11:10,1783681800,1.1461,1.1462,1.14605,1.14605,359
2026-07-10 11:15,1783682100,1.14605,1.14605,1.1459,1.146,301
2026-07-10 11:20,1783682400,1.14605,1.14615,1.14605,1.14615,167
2026-07-10 11:25,1783682700,1.14605,1.14605,1.14565,1.14595,1196
2026-07-10 11:30,1783683000,1.146,1.146,1.1458,1.1459,510
2026-07-10 11:35,1783683300,1.14585,1.1459,1.1456,1.14565,245
2026-07-10 11:40,1783683600,1.14565,1.14605,1.1456,1.1459,161
2026-07-10 11:45,1783683900,1.1459,1.146,1.1459,1.146,125
2026-07-10 11:50,1783684200,1.146,1.14615,1.14595,1.14595,127
2026-07-10 11:55,1783684500,1.1459,1.14615,1.1459,1.1461,435
2026-07-10 12:00,1783684800,1.1461,1.14615,1.14565,1.14575,330
2026-07-10 12:05,1783685100,1.1457,1.1461,1.1457,1.146,1726
2026-07-10 12:10,1783685400,1.146,1.14715,1.14595,1.14655,4234
2026-07-10 12:15,1783685700,1.14655,1.1466,1.14625,1.1463,965
2026-07-10 12:20,1783686000,1.14635,1.14635,1.146,1.1461,976
2026-07-10 12:25,1783686300,1.14605,1.14615,1.14585,1.14595,487
2026-07-10 12:30,1783686600,1.14585,1.146,1.14555,1.14555,1603
2026-07-10 12:35,1783686900,1.1456,1.14595,1.14545,1.1459,682
2026-07-10 12:40,1783687200,1.1459,1.14595,1.1455,1.14555,619
2026-07-10 12:45,1783687500,1.1456,1.14565,1.1453,1.1455,485
2026-07-10 12:50,1783687800,1.1455,1.1456,1.14535,1.1455,343
2026-07-10 12:55,1783688100,1.1455,1.14595,1.14545,1.1459,423
2026-07-10 13:00,1783688400,1.1459,1.1459,1.14525,1.1453,643
2026-07-10 13:05,1783688700,1.1453,1.14545,1.1449,1.14515,1570
2026-07-10 13:10,1783689000,1.14515,1.1453,1.145,1.1452,578
2026-07-10 13:15,1783689300,1.14515,1.14525,1.14495,1.14515,489
2026-07-10 13:20,1783689600,1.1452,1.1453,1.145,1.14505,404
2026-07-10 13:25,1783689900,1.145,1.1452,1.1449,1.14495,1052
2026-07-10 13:30,1783690200,1.145,1.1453,1.1449,1.14505,891
2026-07-10 13:35,1783690500,1.14505,1.1454,1.14495,1.14535,528
2026-07-10 13:40,1783690800,1.14535,1.14565,1.1453,1.14555,1160
2026-07-10 13:45,1783691100,1.1455,1.1456,1.1451,1.1451,683
2026-07-10 13:50,1783691400,1.1451,1.14545,1.1451,1.14515,613
2026-07-10 13:55,1783691700,1.14515,1.14515,1.1449,1.145,1518
2026-07-10 14:00,1783692000,1.14505,1.14505,1.1446,1.1448,1206
2026-07-10 14:05,1783692300,1.1448,1.14505,1.14475,1.145,910
2026-07-10 14:10,1783692600,1.145,1.1453,1.1449,1.1453,1610
2026-07-10 14:15,1783692900,1.1453,1.1453,1.145,1.14525,973
2026-07-10 14:20,1783693200,1.14525,1.1456,1.1452,1.1454,864
2026-07-10 14:25,1783693500,1.14535,1.14565,1.14535,1.1456,1566
2026-07-10 14:30,1783693800,1.1456,1.1458,1.1441,1.145,7132
2026-07-10 14:35,1783694100,1.145,1.14535,1.1448,1.14505,1961
2026-07-10 14:40,1783694400,1.145,1.14525,1.145,1.145,387
2026-07-10 14:45,1783694700,1.145,1.14525,1.14495,1.14515,911
2026-07-10 14:50,1783695000,1.14515,1.1452,1.145,1.1452,451
2026-07-10 14:55,1783695300,1.1452,1.14525,1.14485,1.1452,1053
2026-07-10 15:00,1783695600,1.1452,1.1455,1.1451,1.14535,1648
2026-07-10 15:05,1783695900,1.14535,1.14575,1.1453,1.14565,604
2026-07-10 15:10,1783696200,1.14565,1.14585,1.1456,1.14565,846
2026-07-10 15:15,1783696500,1.14565,1.1462,1.14565,1.1461,782
2026-07-10 15:20,1783696800,1.1461,1.14645,1.1461,1.14615,1040
2026-07-10 15:25,1783697100,1.1462,1.1464,1.1461,1.1463,773
2026-07-10 15:30,1783697400,1.14635,1.1464,1.1462,1.14635,526
2026-07-10 15:35,1783697700,1.14635,1.1465,1.1462,1.14645,1005
2026-07-10 15:40,1783698000,1.14645,1.14645,1.14615,1.14615,901
2026-07-10 15:45,1783698300,1.14615,1.14635,1.14615,1.1463,558
2026-07-10 15:50,1783698600,1.1463,1.1466,1.14625,1.1466,1452
2026-07-10 15:55,1783698900,1.14655,1.14685,1.14655,1.14675,902
2026-07-10 16:00,1783699200,1.1468,1.14685,1.14665,1.1467,1202
2026-07-10 16:05,1783699500,1.1467,1.1469,1.14665,1.14675,828
2026-07-10 16:10,1783699800,1.1468,1.14705,1.1467,1.14695,1818
2026-07-10 16:15,1783700100,1.14695,1.14715,1.14665,1.14675,526
2026-07-10 16:20,1783700400,1.14675,1.1469,1.1466,1.1469,391
2026-07-10 16:25,1783700700,1.1468,1.147,1.1468,1.14695,155
2026-07-10 16:30,1783701000,1.1469,1.14695,1.1467,1.1467,185
2026-07-10 16:35,1783701300,1.14665,1.1468,1.1466,1.1467,442
2026-07-10 16:40,1783701600,1.1467,1.14685,1.1465,1.1465,675
2026-07-10 16:45,1783701900,1.1465,1.14655,1.1464,1.14645,391
2026-07-10 16:50,1783702200,1.14645,1.1466,1.1462,1.14625,389
2026-07-10 16:55,1783702500,1.14625,1.14635,1.14595,1.146,1053
2026-07-10 17:00,1783702800,1.14595,1.1461,1.1458,1.1458,1113
2026-07-10 17:05,1783703100,1.14585,1.14585,1.1456,1.14565,236
2026-07-10 17:10,1783703400,1.14565,1.1458,1.14565,1.14575,314
2026-07-10 17:15,1783703700,1.14575,1.1458,1.14545,1.14545,525
2026-07-10 17:20,1783704000,1.14545,1.14555,1.1453,1.1453,438
2026-07-10 17:25,1783704300,1.1453,1.1455,1.14525,1.1455,358
2026-07-10 17:30,1783704600,1.14545,1.1455,1.14525,1.1453,319
2026-07-10 17:35,1783704900,1.1453,1.14535,1.145,1.14505,642
2026-07-10 17:40,1783705200,1.14505,1.1452,1.14505,1.1452,288
2026-07-10 17:45,1783705500,1.14515,1.14525,1.14515,1.1452,182
2026-07-10 17:50,1783705800,1.14525,1.14525,1.1451,1.1451,327
2026-07-10 17:55,1783706100,1.14515,1.14515,1.1447,1.1448,1197
2026-07-10 18:00,1783706400,1.1448,1.1448,1.14455,1.1447,908
2026-07-10 18:05,1783706700,1.1447,1.1447,1.14455,1.1446,380
2026-07-10 18:10,1783707000,1.1446,1.1448,1.1446,1.1446,728
2026-07-10 18:15,1783707300,1.14465,1.1447,1.14455,1.1446,373
2026-07-10 18:20,1783707600,1.1446,1.1447,1.14435,1.14435,503
2026-07-10 18:25,1783707900,1.14445,1.14475,1.1444,1.1444,1241
2026-07-10 18:30,1783708200,1.14445,1.1446,1.1443,1.1445,323
2026-07-10 18:35,1783708500,1.14455,1.1446,1.1443,1.1444,480
2026-07-10 18:40,1783708800,1.1444,1.1444,1.14415,1.14425,646
2026-07-10 18:45,1783709100,1.1443,1.1445,1.1443,1.1445,256
2026-07-10 18:50,1783709400,1.1445,1.1446,1.14445,1.14455,377
2026-07-10 18:55,1783709700,1.1445,1.14465,1.1444,1.1446,1819
2026-07-10 19:00,1783710000,1.1446,1.14465,1.14445,1.14445,728
2026-07-10 19:05,1783710300,1.14445,1.1445,1.1444,1.1445,146
2026-07-10 19:10,1783710600,1.1445,1.1445,1.14435,1.14445,185
2026-07-10 19:15,1783710900,1.1445,1.14465,1.14445,1.1446,185
2026-07-10 19:20,1783711200,1.14455,1.14465,1.1445,1.14455,280
2026-07-10 19:25,1783711500,1.1446,1.14465,1.14455,1.14465,108
2026-07-10 19:30,1783711800,1.14455,1.14475,1.1445,1.1445,665
2026-07-10 19:35,1783712100,1.14455,1.1446,1.1445,1.1445,144
2026-07-10 19:40,1783712400,1.1445,1.1446,1.14445,1.14445,285
2026-07-10 19:45,1783712700,1.1445,1.1445,1.1444,1.1444,147
2026-07-10 19:50,1783713000,1.14445,1.1445,1.1444,1.14445,141
2026-07-10 19:55,1783713300,1.1445,1.14465,1.14445,1.1446,767
2026-07-10 20:00,1783713600,1.1446,1.14485,1.14455,1.1448,543
2026-07-10 20:05,1783713900,1.1448,1.1448,1.1444,1.14445,603
2026-07-10 20:10,1783714200,1.1444,1.14455,1.1444,1.1445,80
2026-07-10 20:15,1783714500,1.14455,1.14465,1.14455,1.14465,66
2026-07-10 20:20,1783714800,1.1447,1.1447,1.14455,1.14465,51
2026-07-10 20:25,1783715100,1.14455,1.14455,1.1444,1.14445,231
2026-07-10 20:30,1783715400,1.14445,1.14445,1.1443,1.1444,45
2026-07-10 20:35,1783715700,1.1443,1.1443,1.14415,1.1442,387
2026-07-10 20:40,1783716000,1.14425,1.14435,1.1442,1.1443,197
2026-07-10 20:45,1783716300,1.14435,1.14445,1.1443,1.14435,180
2026-07-10 20:50,1783716600,1.14435,1.14445,1.14435,1.14445,182
2026-07-10 20:55,1783716900,1.1444,1.1446,1.14435,1.1446,234
2026-07-12 22:10,1783894200,1.1422,1.14235,1.1418,1.142,321
2026-07-12 22:15,1783894500,1.142,1.14235,1.14185,1.14225,193
2026-07-12 22:20,1783894800,1.14225,1.1424,1.14225,1.1424,92
2026-07-12 22:25,1783895100,1.1424,1.14265,1.14235,1.14245,115
2026-07-12 22:30,1783895400,1.14245,1.14255,1.14235,1.14245,230
2026-07-12 22:35,1783895700,1.1424,1.1425,1.14235,1.1424,124
2026-07-12 22:40,1783896000,1.1424,1.14245,1.1423,1.1424,98
2026-07-12 22:45,1783896300,1.1424,1.1425,1.1424,1.1425,108
2026-07-12 22:50,1783896600,1.14255,1.14255,1.14235,1.14245,213
2026-07-12 22:55,1783896900,1.14245,1.1425,1.1424,1.14245,184
2026-07-12 23:00,1783897200,1.1424,1.14245,1.1423,1.14235,254
2026-07-12 23:05,1783897500,1.14235,1.1425,1.14235,1.1425,60
2026-07-12 23:10,1783897800,1.14245,1.1426,1.14245,1.1426,50
2026-07-12 23:15,1783898100,1.14265,1.1427,1.14265,1.1427,46
2026-07-12 23:20,1783898400,1.14275,1.14285,1.1427,1.14275,123
2026-07-12 23:25,1783898700,1.14275,1.1428,1.14275,1.1428,22
2026-07-12 23:30,1783899000,1.1428,1.14285,1.14255,1.1426,85
2026-07-12 23:35,1783899300,1.14265,1.14275,1.14265,1.14275,43
2026-07-12 23:40,1783899600,1.14275,1.1429,1.14275,1.14285,39
2026-07-12 23:45,1783899900,1.1428,1.1433,1.1428,1.14305,244
2026-07-12 23:50,1783900200,1.14305,1.1432,1.14305,1.14305,107
2026-07-12 23:55,1783900500,1.14305,1.1434,1.143,1.1434,137
2026-07-13 00:00,1783900800,1.1434,1.1434,1.1431,1.14325,404
2026-07-13 00:05,1783901100,1.1433,1.1434,1.14315,1.1432,77
2026-07-13 00:10,1783901400,1.14325,1.14325,1.143,1.14305,202
2026-07-13 00:15,1783901700,1.14305,1.1431,1.14275,1.14275,250
2026-07-13 00:20,1783902000,1.1428,1.14355,1.1428,1.1434,303
2026-07-13 00:25,1783902300,1.14335,1.14335,1.14315,1.14315,102
2026-07-13 00:30,1783902600,1.14315,1.1433,1.1429,1.1429,165
2026-07-13 00:35,1783902900,1.14295,1.143,1.14255,1.1426,864
2026-07-13 00:40,1783903200,1.14255,1.14275,1.1425,1.14265,643
2026-07-13 00:45,1783903500,1.1427,1.1428,1.1426,1.1426,73
2026-07-13 00:50,1783903800,1.14265,1.14275,1.1425,1.1426,185
2026-07-13 00:55,1783904100,1.14265,1.14265,1.14245,1.1425,179
2026-07-13 01:00,1783904400,1.1425,1.1425,1.1422,1.1422,361
2026-07-13 01:05,1783904700,1.14225,1.14225,1.14205,1.14205,388
2026-07-13 01:10,1783905000,1.14205,1.1422,1.14205,1.14205,189
2026-07-13 01:15,1783905300,1.14205,1.1422,1.142,1.1421,335
2026-07-13 01:20,1783905600,1.1421,1.14215,1.14135,1.14165,629
2026-07-13 01:25,1783905900,1.1416,1.14195,1.1416,1.14195,250
2026-07-13 01:30,1783906200,1.14195,1.1422,1.1419,1.14195,195
2026-07-13 01:35,1783906500,1.142,1.14245,1.142,1.14235,94
2026-07-13 01:40,1783906800,1.1423,1.14245,1.1423,1.14245,125
2026-07-13 01:45,1783907100,1.1425,1.1427,1.1424,1.14265,254
2026-07-13 01:50,1783907400,1.14265,1.1427,1.14245,1.14245,133
2026-07-13 01:55,1783907700,1.14245,1.1427,1.1423,1.14265,325
2026-07-13 02:00,1783908000,1.1427,1.14275,1.1423,1.14235,338
2026-07-13 02:05,1783908300,1.1424,1.1425,1.14235,1.14245,323
2026-07-13 02:10,1783908600,1.1425,1.14255,1.14245,1.14245,181
2026-07-13 02:15,1783908900,1.14245,1.14255,1.1424,1.14245,196
2026-07-13 02:20,1783909200,1.14245,1.14255,1.1424,1.14245,163
2026-07-13 02:25,1783909500,1.1425,1.14255,1.14235,1.14245,164
2026-07-13 02:30,1783909800,1.1425,1.1425,1.1424,1.14245,167
2026-07-13 02:35,1783910100,1.1425,1.14285,1.1425,1.14275,247
2026-07-13 02:40,1783910400,1.14275,1.14295,1.14275,1.1429,192
2026-07-13 02:45,1783910700,1.1429,1.1429,1.1426,1.14265,202
2026-07-13 02:50,1783911000,1.1426,1.1426,1.1424,1.14245,202
2026-07-13 02:55,1783911300,1.1425,1.14255,1.14235,1.14235,139
2026-07-13 03:00,1783911600,1.1424,1.14245,1.1422,1.1422,151
2026-07-13 03:05,1783911900,1.1422,1.14225,1.14205,1.1421,95
2026-07-13 03:10,1783912200,1.14215,1.1423,1.14205,1.1423,194
2026-07-13 03:15,1783912500,1.1423,1.14245,1.1423,1.14245,247
2026-07-13 03:20,1783912800,1.14245,1.1425,1.14245,1.14245,51
2026-07-13 03:25,1783913100,1.14235,1.14245,1.14235,1.14245,62
2026-07-13 03:30,1783913400,1.14245,1.14265,1.14245,1.1425,113
2026-07-13 03:35,1783913700,1.1425,1.1425,1.14245,1.1425,76
2026-07-13 03:40,1783914000,1.14255,1.14255,1.14255,1.14255,37
2026-07-13 03:45,1783914300,1.1426,1.1427,1.1426,1.14265,47
2026-07-13 03:50,1783914600,1.1427,1.1427,1.14255,1.14255,52
2026-07-13 03:55,1783914900,1.1426,1.1428,1.1426,1.1428,106
2026-07-13 04:00,1783915200,1.1428,1.14285,1.1427,1.14275,114
2026-07-13 04:05,1783915500,1.1427,1.1428,1.14265,1.14275,61
2026-07-13 04:10,1783915800,1.1427,1.14285,1.14265,1.14285,51
2026-07-13 04:15,1783916100,1.1428,1.14295,1.1428,1.14295,81
2026-07-13 04:20,1783916400,1.1429,1.14295,1.14285,1.14285,40
2026-07-13 04:25,1783916700,1.1429,1.1431,1.14285,1.1431,190
2026-07-13 04:30,1783917000,1.1431,1.1431,1.14305,1.1431,53
2026-07-13 04:35,1783917300,1.1431,1.1432,1.1431,1.1432,142
2026-07-13 04:40,1783917600,1.1432,1.1432,1.14305,1.14305,90
2026-07-13 04:45,1783917900,1.1431,1.14315,1.1431,1.1431,38
2026-07-13 04:50,1783918200,1.1431,1.14325,1.14305,1.14325,92
2026-07-13 04:55,1783918500,1.1433,1.14345,1.1433,1.14335,86
2026-07-13 05:00,1783918800,1.14335,1.1435,1.14335,1.1435,515
2026-07-13 05:05,1783919100,1.14345,1.1437,1.14345,1.1437,440
2026-07-13 05:10,1783919400,1.14365,1.1439,1.1436,1.1438,254
2026-07-13 05:15,1783919700,1.14375,1.14385,1.14345,1.1435,194
2026-07-13 05:20,1783920000,1.14345,1.14355,1.14315,1.1432,288
2026-07-13 05:25,1783920300,1.1433,1.14335,1.1431,1.1431,111
2026-07-13 05:30,1783920600,1.1431,1.1432,1.1429,1.1432,310
2026-07-13 05:35,1783920900,1.14325,1.1433,1.14315,1.1432,66
2026-07-13 05:40,1783921200,1.14325,1.14325,1.1431,1.1431,88
2026-07-13 05:45,1783921500,1.14305,1.14325,1.143,1.14325,117
2026-07-13 05:50,1783921800,1.14325,1.1434,1.14295,1.14295,234
2026-07-13 05:55,1783922100,1.143,1.14305,1.1427,1.1427,463
2026-07-13 06:00,1783922400,1.14285,1.1429,1.1426,1.14275,825
2026-07-13 06:05,1783922700,1.1428,1.14285,1.14255,1.1427,291
2026-07-13 06:10,1783923000,1.1427,1.14285,1.14255,1.1426,437
2026-07-13 06:15,1783923300,1.14265,1.143,1.14265,1.14295,234
2026-07-13 06:20,1783923600,1.14295,1.14325,1.1429,1.14305,485
2026-07-13 06:25,1783923900,1.1431,1.14335,1.14305,1.1433,535
2026-07-13 06:30,1783924200,1.14335,1.1437,1.14325,1.1434,551
2026-07-13 06:35,1783924500,1.14345,1.1437,1.14345,1.14365,286
2026-07-13 06:40,1783924800,1.14365,1.1437,1.14335,1.14345,351
2026-07-13 06:45,1783925100,1.1434,1.1435,1.1433,1.14345,281
2026-07-13 06:50,1783925400,1.14345,1.1436,1.14315,1.14325,409
2026-07-13 06:55,1783925700,1.14325,1.14325,1.143,1.14305,546
2026-07-13 07:00,1783926000,1.1431,1.14355,1.14305,1.1435,388
2026-07-13 07:05,1783926300,1.1435,1.1438,1.14335,1.14375,728
2026-07-13 07:10,1783926600,1.14375,1.14405,1.14365,1.14375,1036
2026-07-13 07:15,1783926900,1.14375,1.1438,1.14355,1.14375,268
2026-07-13 07:20,1783927200,1.14375,1.1439,1.14365,1.14375,309
2026-07-13 07:25,1783927500,1.14375,1.1439,1.1436,1.1439,277
2026-07-13 07:30,1783927800,1.14385,1.144,1.14365,1.144,539
2026-07-13 07:35,1783928100,1.144,1.14515,1.144,1.1449,2773
2026-07-13 07:40,1783928400,1.1449,1.14495,1.1446,1.1446,643
2026-07-13 07:45,1783928700,1.14465,1.1452,1.1446,1.1451,609
2026-07-13 07:50,1783929000,1.1451,1.14555,1.14505,1.1455,1074
2026-07-13 07:55,1783929300,1.14555,1.1456,1.1453,1.14545,779
2026-07-13 08:00,1783929600,1.14545,1.14585,1.1454,1.14575,851
2026-07-13 08:05,1783929900,1.1458,1.1465,1.14575,1.14645,3578
2026-07-13 08:10,1783930200,1.14645,1.1473,1.1464,1.14695,2904
2026-07-13 08:15,1783930500,1.147,1.1476,1.14695,1.14715,1763
2026-07-13 08:20,1783930800,1.1472,1.14725,1.147,1.147,1017
2026-07-13 08:25,1783931100,1.14695,1.14705,1.14665,1.1468,1757
2026-07-13 08:30,1783931400,1.14685,1.14695,1.14665,1.1468,906
2026-07-13 08:35,1783931700,1.14675,1.14685,1.14655,1.14675,841
2026-07-13 08:40,1783932000,1.14675,1.14705,1.14675,1.1469,416
2026-07-13 08:45,1783932300,1.1469,1.14695,1.14675,1.1469,528
2026-07-13 08:50,1783932600,1.1469,1.1469,1.1467,1.14685,513
2026-07-13 08:55,1783932900,1.14685,1.14685,1.1465,1.1466,1096
2026-07-13 09:00,1783933200,1.14655,1.1467,1.1464,1.14665,1283
2026-07-13 09:05,1783933500,1.14665,1.14675,1.14635,1.14635,1212
2026-07-13 09:10,1783933800,1.1464,1.1464,1.1461,1.14615,731
2026-07-13 09:15,1783934100,1.1461,1.1464,1.14605,1.14605,463
2026-07-13 09:20,1783934400,1.1461,1.1461,1.1458,1.14595,602
2026-07-13 09:25,1783934700,1.14595,1.14625,1.1459,1.14615,515
2026-07-13 09:30,1783935000,1.1461,1.14625,1.14595,1.14595,199
2026-07-13 09:35,1783935300,1.14595,1.146,1.1458,1.1458,199
2026-07-13 09:40,1783935600,1.1458,1.14605,1.1457,1.14595,509
2026-07-13 09:45,1783935900,1.14595,1.14605,1.1458,1.1459,152
2026-07-13 09:50,1783936200,1.14585,1.1459,1.14575,1.14585,120
2026-07-13 09:55,1783936500,1.14595,1.1461,1.14595,1.1461,226
2026-07-13 10:00,1783936800,1.1461,1.1462,1.14605,1.1462,204
2026-07-13 10:05,1783937100,1.1462,1.1464,1.14605,1.14635,750
2026-07-13 10:10,1783937400,1.14635,1.1464,1.14615,1.14615,352
2026-07-13 10:15,1783937700,1.1461,1.14615,1.1459,1.14595,303
2026-07-13 10:20,1783938000,1.146,1.146,1.1459,1.1459,443
2026-07-13 10:25,1783938300,1.14595,1.146,1.14575,1.14585,530
2026-07-13 10:30,1783938600,1.14585,1.14595,1.1457,1.14575,121
2026-07-13 10:35,1783938900,1.14575,1.146,1.1456,1.14595,236
2026-07-13 10:40,1783939200,1.146,1.14615,1.1459,1.1459,297
2026-07-13 10:45,1783939500,1.14585,1.1463,1.1458,1.1463,328
2026-07-13 10:50,1783939800,1.14625,1.14645,1.14625,1.1464,239
2026-07-13 10:55,1783940100,1.1464,1.1465,1.14635,1.1465,165
2026-07-13 11:00,1783940400,1.14655,1.14655,1.1462,1.14645,518
2026-07-13 11:05,1783940700,1.14645,1.1467,1.14595,1.146,1049
2026-07-13 11:10,1783941000,1.14595,1.146,1.14575,1.14595,506
2026-07-13 11:15,1783941300,1.146,1.146,1.14555,1.1456,855
2026-07-13 11:20,1783941600,1.14565,1.1457,1.14545,1.1457,591
2026-07-13 11:25,1783941900,1.1457,1.146,1.14565,1.1459,382
2026-07-13 11:30,1783942200,1.14585,1.14605,1.14575,1.146,827
2026-07-13 11:35,1783942500,1.14595,1.14595,1.14565,1.14575,153
2026-07-13 11:40,1783942800,1.1457,1.14595,1.1457,1.14595,63
2026-07-13 11:45,1783943100,1.14595,1.14595,1.1458,1.1459,114
2026-07-13 11:50,1783943400,1.1459,1.14595,1.1457,1.14575,266
2026-07-13 11:55,1783943700,1.14575,1.14585,1.14565,1.1457,254
2026-07-13 12:00,1783944000,1.1457,1.14605,1.14565,1.1457,1263
2026-07-13 12:05,1783944300,1.14565,1.14575,1.14515,1.1453,469
2026-07-13 12:10,1783944600,1.1453,1.1456,1.145,1.1452,854
2026-07-13 12:15,1783944900,1.1452,1.1454,1.14515,1.14525,1035
2026-07-13 12:20,1783945200,1.14525,1.1454,1.1451,1.1454,384
2026-07-13 12:25,1783945500,1.14545,1.1455,1.1451,1.14535,353
2026-07-13 12:30,1783945800,1.1454,1.14565,1.14525,1.1456,454
2026-07-13 12:35,1783946100,1.1456,1.14585,1.1456,1.14565,477
2026-07-13 12:40,1783946400,1.1456,1.1458,1.1455,1.1455,386
2026-07-13 12:45,1783946700,1.1455,1.1458,1.14545,1.1456,789
2026-07-13 12:50,1783947000,1.14555,1.1456,1.1452,1.1455,691
2026-07-13 12:55,1783947300,1.14555,1.14605,1.14555,1.14605,725
2026-07-13 13:00,1783947600,1.1461,1.14635,1.14595,1.14605,666
2026-07-13 13:05,1783947900,1.146,1.14605,1.14585,1.14595,395
2026-07-13 13:10,1783948200,1.146,1.146,1.14555,1.14565,583
2026-07-13 13:15,1783948500,1.14565,1.14565,1.1455,1.1455,438
2026-07-13 13:20,1783948800,1.1455,1.1457,1.1455,1.14565,256
2026-07-13 13:25,1783949100,1.1454,1.14555,1.1453,1.14545,468
2026-07-13 13:30,1783949400,1.14545,1.1456,1.14535,1.1455,484
2026-07-13 13:35,1783949700,1.1455,1.14595,1.14525,1.1453,717
2026-07-13 13:40,1783950000,1.1453,1.14535,1.14495,1.14505,822
2026-07-13 13:45,1783950300,1.14505,1.1452,1.1448,1.1448,890
2026-07-13 13:50,1783950600,1.1448,1.1449,1.1445,1.14485,3855
2026-07-13 13:55,1783950900,1.14485,1.14485,1.1444,1.1445,1720
2026-07-13 14:00,1783951200,1.14445,1.1446,1.14405,1.14435,2396
2026-07-13 14:05,1783951500,1.14435,1.14455,1.14435,1.14445,738
2026-07-13 14:10,1783951800,1.14445,1.14445,1.14425,1.14435,269
2026-07-13 14:15,1783952100,1.14435,1.14445,1.143,1.1434,8515
2026-07-13 14:20,1783952400,1.14335,1.14375,1.14315,1.14365,1743
2026-07-13 14:25,1783952700,1.1436,1.14385,1.14345,1.14375,1922
2026-07-13 14:30,1783953000,1.1438,1.1439,1.1435,1.1435,1366
2026-07-13 14:35,1783953300,1.1435,1.1435,1.14315,1.1432,970
2026-07-13 14:40,1783953600,1.14315,1.14325,1.14295,1.14325,959
2026-07-13 14:45,1783953900,1.14325,1.1437,1.1431,1.1433,1043
2026-07-13 14:50,1783954200,1.1433,1.1433,1.1429,1.14295,887
2026-07-13 14:55,1783954500,1.1429,1.14355,1.1428,1.14355,1954
2026-07-13 15:00,1783954800,1.14355,1.1436,1.1431,1.14315,3327
2026-07-13 15:05,1783955100,1.14315,1.14345,1.1431,1.14325,572
2026-07-13 15:10,1783955400,1.14325,1.14325,1.1427,1.1428,783
2026-07-13 15:15,1783955700,1.14275,1.14305,1.14265,1.14305,637
2026-07-13 15:20,1783956000,1.14305,1.1432,1.143,1.14305,771
2026-07-13 15:25,1783956300,1.14305,1.14305,1.14285,1.1429,448
2026-07-13 15:30,1783956600,1.14295,1.143,1.1426,1.14265,508
2026-07-13 15:35,1783956900,1.1427,1.1429,1.14265,1.14275,583
2026-07-13 15:40,1783957200,1.14275,1.14305,1.1427,1.14295,405
2026-07-13 15:45,1783957500,1.14295,1.14295,1.1426,1.14275,1594
2026-07-13 15:50,1783957800,1.14275,1.1431,1.14275,1.1431,634
2026-07-13 15:55,1783958100,1.14305,1.14335,1.143,1.1431,537
2026-07-13 16:00,1783958400,1.1431,1.1432,1.14295,1.1431,449
2026-07-13 16:05,1783958700,1.1431,1.1432,1.143,1.1431,597
2026-07-13 16:10,1783959000,1.1431,1.1432,1.143,1.14315,331
2026-07-13 16:15,1783959300,1.14315,1.14315,1.1427,1.1428,287
2026-07-13 16:20,1783959600,1.1428,1.1428,1.1425,1.14255,467
2026-07-13 16:25,1783959900,1.14255,1.14265,1.1419,1.1421,3432
2026-07-13 16:30,1783960200,1.14205,1.14215,1.14125,1.1414,3505
2026-07-13 16:35,1783960500,1.1414,1.1417,1.14125,1.1417,1303
2026-07-13 16:40,1783960800,1.14165,1.142,1.1415,1.14195,1545
2026-07-13 16:45,1783961100,1.142,1.1422,1.1415,1.1417,2615
2026-07-13 16:50,1783961400,1.1417,1.1418,1.1413,1.1416,1400
2026-07-13 16:55,1783961700,1.1416,1.14185,1.14145,1.1418,708
2026-07-13 17:00,1783962000,1.14185,1.14185,1.1415,1.1418,2165
2026-07-13 17:05,1783962300,1.1418,1.142,1.1418,1.142,922
2026-07-13 17:10,1783962600,1.14195,1.14195,1.14165,1.1417,1778
2026-07-13 17:15,1783962900,1.1417,1.1418,1.1416,1.14175,3064
2026-07-13 17:20,1783963200,1.14175,1.14185,1.1417,1.1417,764
2026-07-13 17:25,1783963500,1.1417,1.1418,1.1415,1.14165,944
2026-07-13 17:30,1783963800,1.14165,1.14175,1.14155,1.14175,442
2026-07-13 17:35,1783964100,1.14175,1.14175,1.14155,1.14165,227
2026-07-13 17:40,1783964400,1.1416,1.1418,1.1415,1.1418,466
2026-07-13 17:45,1783964700,1.14185,1.14195,1.1417,1.14175,384
2026-07-13 17:50,1783965000,1.14175,1.14175,1.14155,1.14165,507
2026-07-13 17:55,1783965300,1.14165,1.1417,1.14155,1.14155,491
2026-07-13 18:00,1783965600,1.14155,1.14165,1.1414,1.1414,549
2026-07-13 18:05,1783965900,1.14145,1.14185,1.14145,1.14175,1111
2026-07-13 18:10,1783966200,1.14175,1.14175,1.14155,1.1416,674
2026-07-13 18:15,1783966500,1.14165,1.1417,1.14145,1.1416,448
2026-07-13 18:20,1783966800,1.14155,1.14165,1.1415,1.1416,563
2026-07-13 18:25,1783967100,1.1416,1.14175,1.14155,1.1416,464
2026-07-13 18:30,1783967400,1.14165,1.1417,1.14155,1.1416,564
2026-07-13 18:35,1783967700,1.14165,1.14185,1.14165,1.1417,468
2026-07-13 18:40,1783968000,1.1417,1.14185,1.14165,1.14175,629
2026-07-13 18:45,1783968300,1.14175,1.1418,1.1416,1.14165,638
2026-07-13 18:50,1783968600,1.14165,1.14175,1.1416,1.1417,465
2026-07-13 18:55,1783968900,1.1417,1.14175,1.14155,1.14165,2727
2026-07-13 19:00,1783969200,1.14165,1.14175,1.14155,1.1417,1025
2026-07-13 19:05,1783969500,1.1417,1.1417,1.14145,1.14145,409
2026-07-13 19:10,1783969800,1.14145,1.14145,1.14115,1.14115,1039
2026-07-13 19:15,1783970100,1.14115,1.14135,1.1411,1.1413,456
2026-07-13 19:20,1783970400,1.14125,1.1414,1.14125,1.14135,556
2026-07-13 19:25,1783970700,1.14135,1.1414,1.14125,1.14125,239
2026-07-13 19:30,1783971000,1.1413,1.1414,1.14125,1.1414,690
2026-07-13 19:35,1783971300,1.1414,1.1414,1.1412,1.14125,136
2026-07-13 19:40,1783971600,1.1413,1.14135,1.14125,1.1413,170
2026-07-13 19:45,1783971900,1.1413,1.1413,1.1412,1.14125,148
2026-07-13 19:50,1783972200,1.1413,1.1413,1.1412,1.1412,238
2026-07-13 19:55,1783972500,1.14125,1.14135,1.14115,1.1413,349
2026-07-13 20:00,1783972800,1.14125,1.1414,1.14125,1.14135,283
2026-07-13 20:05,1783973100,1.14135,1.1414,1.14125,1.14125,135
2026-07-13 20:10,1783973400,1.14125,1.14125,1.1409,1.14095,557
2026-07-13 20:15,1783973700,1.14095,1.14095,1.1407,1.1409,1064
2026-07-13 20:20,1783974000,1.1409,1.1409,1.1407,1.1407,241
2026-07-13 20:25,1783974300,1.14075,1.14095,1.14075,1.1409,247
2026-07-13 20:30,1783974600,1.1409,1.14095,1.1408,1.1409,202
2026-07-13 20:35,1783974900,1.14095,1.14095,1.1408,1.1409,97
2026-07-13 20:40,1783975200,1.1409,1.141,1.1408,1.1409,84
2026-07-13 20:45,1783975500,1.14095,1.14095,1.1409,1.14095,27
2026-07-13 20:50,1783975800,1.14095,1.14095,1.14085,1.1409,156
2026-07-13 20:55,1783976100,1.1409,1.14115,1.1409,1.14115,380
2026-07-13 22:00,1783980000,1.14115,1.14165,1.1411,1.14125,0
2026-07-13 22:05,1783980300,1.1413,1.14135,1.14105,1.14105,69
2026-07-13 22:10,1783980600,1.1411,1.1412,1.14105,1.1412,48
2026-07-13 22:15,1783980900,1.14125,1.14135,1.1412,1.14135,29
2026-07-13 22:20,1783981200,1.14125,1.1413,1.14125,1.14125,55
2026-07-13 22:25,1783981500,1.14125,1.1413,1.14125,1.1413,18
2026-07-13 22:30,1783981800,1.1413,1.1413,1.14125,1.14125,31
2026-07-13 22:35,1783982100,1.14125,1.1413,1.1412,1.1412,51
2026-07-13 22:40,1783982400,1.1413,1.1414,1.1412,1.1414,82
2026-07-13 22:45,1783982700,1.1414,1.1414,1.1412,1.1412,180
2026-07-13 22:50,1783983000,1.1412,1.1412,1.14105,1.1411,154
2026-07-13 22:55,1783983300,1.1411,1.14115,1.141,1.141,32
2026-07-13 23:00,1783983600,1.14105,1.1411,1.14095,1.14105,82
2026-07-13 23:05,1783983900,1.1411,1.14125,1.1411,1.14115,89
2026-07-13 23:10,1783984200,1.14115,1.1412,1.14105,1.14105,80
2026-07-13 23:15,1783984500,1.141,1.14105,1.14095,1.141,43
2026-07-13 23:20,1783984800,1.141,1.14105,1.1409,1.14105,32
2026-07-13 23:25,1783985100,1.14105,1.1411,1.141,1.141,15
2026-07-13 23:30,1783985400,1.141,1.1411,1.141,1.14105,58
2026-07-13 23:35,1783985700,1.14105,1.14115,1.14105,1.1411,34
2026-07-13 23:40,1783986000,1.14115,1.14125,1.14115,1.14115,136
2026-07-13 23:45,1783986300,1.1412,1.1413,1.1411,1.1412,170
2026-07-13 23:50,1783986600,1.1412,1.14125,1.1411,1.1412,94
2026-07-13 23:55,1783986900,1.14115,1.14125,1.14105,1.14125,52
2026-07-14 00:00,1783987200,1.14125,1.14135,1.14105,1.1411,279
2026-07-14 00:05,1783987500,1.1411,1.14135,1.1411,1.14135,370
2026-07-14 00:10,1783987800,1.1414,1.14155,1.1413,1.14145,275
2026-07-14 00:15,1783988100,1.14135,1.14135,1.14085,1.14085,273
2026-07-14 00:20,1783988400,1.14085,1.14105,1.1407,1.1409,546
2026-07-14 00:25,1783988700,1.14085,1.14095,1.1408,1.1409,180
2026-07-14 00:30,1783989000,1.1409,1.1413,1.1409,1.14125,167
2026-07-14 00:35,1783989300,1.14125,1.14145,1.14125,1.1414,116
2026-07-14 00:40,1783989600,1.1414,1.1419,1.1413,1.1417,1649
2026-07-14 00:45,1783989900,1.14165,1.1418,1.14155,1.1417,277
2026-07-14 00:50,1783990200,1.14175,1.14185,1.1417,1.14175,180
2026-07-14 00:55,1783990500,1.14175,1.14185,1.1414,1.1414,265
2026-07-14 01:00,1783990800,1.1414,1.14165,1.1414,1.14155,119
2026-07-14 01:05,1783991100,1.14155,1.14165,1.14155,1.14165,93
2026-07-14 01:10,1783991400,1.1416,1.14165,1.14155,1.1416,93
2026-07-14 01:15,1783991700,1.1416,1.14185,1.1416,1.14185,142
2026-07-14 01:20,1783992000,1.14185,1.1419,1.14175,1.1418,127
2026-07-14 01:25,1783992300,1.1418,1.14185,1.14145,1.14145,131
2026-07-14 01:30,1783992600,1.14145,1.1417,1.14145,1.14165,106
2026-07-14 01:35,1783992900,1.14155,1.14155,1.1414,1.1415,112
2026-07-14 01:40,1783993200,1.14155,1.1418,1.1415,1.1417,106
2026-07-14 01:45,1783993500,1.1417,1.14175,1.14155,1.1417,253
2026-07-14 01:50,1783993800,1.1417,1.14185,1.14165,1.1418,147
2026-07-14 01:55,1783994100,1.14175,1.142,1.14175,1.1418,135
2026-07-14 02:00,1783994400,1.1418,1.14195,1.1418,1.14195,122
2026-07-14 02:05,1783994700,1.142,1.142,1.1419,1.1419,170
2026-07-14 02:10,1783995000,1.1419,1.142,1.1418,1.14195,86
2026-07-14 02:15,1783995300,1.142,1.1422,1.142,1.14215,115
2026-07-14 02:20,1783995600,1.1422,1.14225,1.14215,1.1422,117
2026-07-14 02:25,1783995900,1.14225,1.14235,1.1422,1.14225,188
2026-07-14 02:30,1783996200,1.14225,1.14235,1.14215,1.1422,171
2026-07-14 02:35,1783996500,1.1422,1.1423,1.14215,1.1423,194
2026-07-14 02:40,1783996800,1.14225,1.1423,1.14215,1.14215,688
2026-07-14 02:45,1783997100,1.14215,1.1422,1.1421,1.14215,73
2026-07-14 02:50,1783997400,1.1421,1.1421,1.142,1.14205,178
2026-07-14 02:55,1783997700,1.14205,1.1421,1.142,1.142,67
2026-07-14 03:00,1783998000,1.142,1.14215,1.14175,1.14175,288
2026-07-14 03:05,1783998300,1.1418,1.14195,1.1418,1.1419,188
2026-07-14 03:10,1783998600,1.14195,1.14215,1.1419,1.14205,216
2026-07-14 03:15,1783998900,1.1421,1.14215,1.1419,1.14195,295
2026-07-14 03:20,1783999200,1.1419,1.142,1.1418,1.142,354
2026-07-14 03:25,1783999500,1.142,1.14225,1.142,1.1422,110
2026-07-14 03:30,1783999800,1.1422,1.1424,1.1422,1.1422,347
2026-07-14 03:35,1784000100,1.14225,1.14255,1.14225,1.1425,201
2026-07-14 03:40,1784000400,1.14245,1.1425,1.1423,1.1423,45
2026-07-14 03:45,1784000700,1.14235,1.1424,1.1423,1.1423,74
2026-07-14 03:50,1784001000,1.14235,1.1424,1.14235,1.14235,131
2026-07-14 03:55,1784001300,1.14235,1.14235,1.1423,1.1423,77
2026-07-14 04:05,1784001900,1.14225,1.14225,1.1421,1.1421,510
2026-07-14 04:10,1784002200,1.14215,1.14225,1.142,1.14225,318
2026-07-14 04:15,1784002500,1.14225,1.14235,1.14225,1.14235,218
2026-07-14 04:20,1784002800,1.14235,1.1424,1.1423,1.14235,177
2026-07-14 04:25,1784003100,1.14235,1.14235,1.1422,1.14225,206
2026-07-14 04:30,1784003400,1.1422,1.14235,1.14215,1.1423,261
2026-07-14 04:35,1784003700,1.14235,1.14235,1.1421,1.14225,370
2026-07-14 04:40,1784004000,1.1423,1.1423,1.14215,1.1422,106
2026-07-14 04:45,1784004300,1.14215,1.14215,1.14185,1.14185,215
2026-07-14 04:50,1784004600,1.14185,1.14195,1.14165,1.14195,339
2026-07-14 04:55,1784004900,1.14195,1.142,1.14195,1.142,127
2026-07-14 05:00,1784005200,1.142,1.1422,1.142,1.1421,128
2026-07-14 05:05,1784005500,1.1421,1.14215,1.1421,1.14215,31
2026-07-14 05:10,1784005800,1.14215,1.1422,1.14215,1.1422,42
2026-07-14 05:15,1784006100,1.1422,1.1423,1.1422,1.1423,88
2026-07-14 05:20,1784006400,1.1423,1.1424,1.1423,1.1423,532
2026-07-14 05:25,1784006700,1.1423,1.14235,1.14225,1.14235,110
2026-07-14 05:30,1784007000,1.14235,1.1425,1.14235,1.1424,164
2026-07-14 05:35,1784007300,1.14245,1.1425,1.1422,1.1422,186
2026-07-14 05:40,1784007600,1.14225,1.1424,1.14225,1.14235,58
2026-07-14 05:45,1784007900,1.14235,1.14235,1.14225,1.1423,123
2026-07-14 05:50,1784008200,1.14225,1.1423,1.14215,1.14225,133
2026-07-14 05:55,1784008500,1.14225,1.14225,1.14205,1.1421,200
2026-07-14 06:00,1784008800,1.14205,1.1422,1.14185,1.1419,248
2026-07-14 06:05,1784009100,1.1418,1.142,1.1418,1.1419,209
2026-07-14 06:10,1784009400,1.14195,1.1421,1.1417,1.14175,198
2026-07-14 06:15,1784009700,1.1418,1.14185,1.1416,1.1417,174
2026-07-14 06:20,1784010000,1.1417,1.1418,1.14165,1.14175,131
2026-07-14 06:25,1784010300,1.1417,1.1417,1.1415,1.14165,333
2026-07-14 06:30,1784010600,1.14165,1.1423,1.1416,1.14215,712
2026-07-14 06:35,1784010900,1.14215,1.14225,1.1419,1.1419,291
2026-07-14 06:40,1784011200,1.1419,1.1419,1.1418,1.1418,292
2026-07-14 06:45,1784011500,1.14175,1.14175,1.14145,1.14145,488
2026-07-14 06:50,1784011800,1.1415,1.14165,1.1414,1.14155,511
2026-07-14 06:55,1784012100,1.1416,1.1417,1.1415,1.1415,525
2026-07-14 07:00,1784012400,1.14155,1.1417,1.1413,1.1417,782
2026-07-14 07:05,1784012700,1.1417,1.1419,1.14165,1.1418,614
2026-07-14 07:10,1784013000,1.14175,1.1418,1.1416,1.14165,442
2026-07-14 07:15,1784013300,1.14155,1.1418,1.14155,1.14175,349
2026-07-14 07:20,1784013600,1.1417,1.1421,1.14165,1.142,446
2026-07-14 07:25,1784013900,1.14205,1.14235,1.14205,1.14225,567
2026-07-14 07:30,1784014200,1.1423,1.1423,1.14185,1.14195,805
2026-07-14 07:35,1784014500,1.1419,1.14215,1.14185,1.14205,1141
2026-07-14 07:40,1784014800,1.14205,1.14205,1.14185,1.14205,294
2026-07-14 07:45,1784015100,1.1421,1.1427,1.1421,1.14265,1032
2026-07-14 07:50,1784015400,1.1426,1.1426,1.14235,1.14255,672
2026-07-14 07:55,1784015700,1.1425,1.1425,1.1423,1.1425,389
2026-07-14 08:00,1784016000,1.1425,1.1427,1.1422,1.14245,690
2026-07-14 08:05,1784016300,1.14245,1.14275,1.1424,1.14275,466
2026-07-14 08:10,1784016600,1.1427,1.14275,1.1425,1.1426,387
2026-07-14 08:15,1784016900,1.1426,1.14265,1.14245,1.14265,799
2026-07-14 08:20,1784017200,1.1426,1.1427,1.1426,1.1427,426
2026-07-14 08:25,1784017500,1.14265,1.14295,1.14265,1.1429,515
2026-07-14 08:30,1784017800,1.14295,1.14315,1.14275,1.1428,1197
2026-07-14 08:35,1784018100,1.1428,1.14305,1.1428,1.143,194
2026-07-14 08:40,1784018400,1.143,1.14355,1.14295,1.1435,1014
2026-07-14 08:45,1784018700,1.14345,1.1435,1.14295,1.14305,629
2026-07-14 08:50,1784019000,1.1431,1.1432,1.14285,1.14305,500
2026-07-14 08:55,1784019300,1.14305,1.1431,1.14285,1.14285,406
2026-07-14 09:00,1784019600,1.1429,1.14325,1.14285,1.14325,368
2026-07-14 09:05,1784019900,1.14325,1.14325,1.143,1.143,349
2026-07-14 09:10,1784020200,1.14305,1.1433,1.14305,1.1433,470
2026-07-14 09:15,1784020500,1.14325,1.14325,1.14275,1.1429,493
2026-07-14 09:20,1784020800,1.14295,1.14295,1.1427,1.14285,524
2026-07-14 09:25,1784021100,1.1428,1.1429,1.14275,1.1428,612
2026-07-14 09:30,1784021400,1.1428,1.14285,1.1426,1.14265,958
2026-07-14 09:35,1784021700,1.14265,1.1428,1.14265,1.14275,165
2026-07-14 09:40,1784022000,1.14275,1.14275,1.1424,1.1425,324
2026-07-14 09:45,1784022300,1.1425,1.14295,1.14245,1.14295,603
2026-07-14 09:50,1784022600,1.1429,1.1432,1.14285,1.14315,366
2026-07-14 09:55,1784022900,1.14315,1.1432,1.143,1.14305,324
2026-07-14 10:00,1784023200,1.14305,1.1431,1.14295,1.143,170
2026-07-14 10:05,1784023500,1.143,1.143,1.1427,1.1427,191
2026-07-14 10:10,1784023800,1.1427,1.14275,1.14265,1.1427,205
2026-07-14 10:15,1784024100,1.1427,1.14285,1.1426,1.14265,570
2026-07-14 10:20,1784024400,1.14265,1.1427,1.14245,1.14245,382
2026-07-14 10:25,1784024700,1.1424,1.1425,1.14235,1.1425,340
2026-07-14 10:30,1784025000,1.1425,1.1425,1.14235,1.14245,355
2026-07-14 10:35,1784025300,1.14245,1.1426,1.14235,1.14245,226
2026-07-14 10:40,1784025600,1.14245,1.14245,1.14225,1.1424,278
2026-07-14 10:45,1784025900,1.14235,1.14245,1.14235,1.14245,142
2026-07-14 10:50,1784026200,1.1424,1.14245,1.1423,1.1423,346
2026-07-14 10:55,1784026500,1.14225,1.1423,1.142,1.1421,358
2026-07-14 11:00,1784026800,1.14215,1.14215,1.14195,1.14195,517
2026-07-14 11:05,1784027100,1.142,1.14225,1.142,1.14225,182
2026-07-14 11:10,1784027400,1.14225,1.1424,1.142,1.14235,2042
2026-07-14 11:15,1784027700,1.1423,1.1423,1.14215,1.14225,449
2026-07-14 11:20,1784028000,1.14225,1.1426,1.14225,1.14255,286
2026-07-14 11:25,1784028300,1.14255,1.1426,1.1424,1.14245,535
2026-07-14 11:30,1784028600,1.1425,1.14285,1.14245,1.1427,540
2026-07-14 11:35,1784028900,1.14275,1.143,1.14275,1.143,452
2026-07-14 11:40,1784029200,1.143,1.14305,1.1429,1.14305,643
2026-07-14 11:45,1784029500,1.14305,1.1436,1.14305,1.14345,1046
2026-07-14 11:50,1784029800,1.1435,1.14385,1.14335,1.14375,1074
2026-07-14 11:55,1784030100,1.1437,1.14375,1.1435,1.14355,1193
2026-07-14 12:00,1784030400,1.14355,1.1437,1.1435,1.1435,1216
2026-07-14 12:05,1784030700,1.1435,1.14365,1.14335,1.1434,526
2026-07-14 12:10,1784031000,1.14345,1.14365,1.1434,1.14355,1466
2026-07-14 12:15,1784031300,1.1436,1.14365,1.1434,1.1435,968
2026-07-14 12:20,1784031600,1.14345,1.1443,1.14345,1.14425,3081
2026-07-14 12:25,1784031900,1.1442,1.14445,1.14415,1.14445,1949
2026-07-14 12:30,1784032200,1.14445,1.1493,1.1436,1.14785,19237
2026-07-14 12:35,1784032500,1.1478,1.14815,1.14665,1.1472,7062
2026-07-14 12:40,1784032800,1.14725,1.1488,1.1472,1.14865,7547
2026-07-14 12:45,1784033100,1.1487,1.1488,1.14795,1.1481,4266
2026-07-14 12:50,1784033400,1.1481,1.14815,1.14705,1.14715,3095
2026-07-14 12:55,1784033700,1.1472,1.14755,1.147,1.1475,4917
2026-07-14 13:00,1784034000,1.1475,1.1483,1.14735,1.14775,4746
2026-07-14 13:05,1784034300,1.14775,1.1484,1.14765,1.14775,2792
2026-07-14 13:10,1784034600,1.14775,1.14805,1.14705,1.1474,1903
2026-07-14 13:15,1784034900,1.1474,1.14795,1.1472,1.14765,2114
2026-07-14 13:20,1784035200,1.1476,1.1481,1.14725,1.1479,1795
2026-07-14 13:25,1784035500,1.14795,1.14825,1.14785,1.1479,1723
2026-07-14 13:30,1784035800,1.1479,1.1482,1.14755,1.1479,2394
2026-07-14 13:35,1784036100,1.1479,1.1482,1.14785,1.14805,1638
2026-07-14 13:40,1784036400,1.14805,1.14825,1.1478,1.1482,1054
2026-07-14 13:45,1784036700,1.14815,1.1482,1.14765,1.1481,1302
2026-07-14 13:50,1784037000,1.1481,1.1483,1.1477,1.1482,1656
2026-07-14 13:55,1784037300,1.14815,1.14835,1.14795,1.1481,1093
2026-07-14 14:00,1784037600,1.14805,1.1485,1.14795,1.14825,1793
2026-07-14 14:05,1784037900,1.14825,1.1487,1.14815,1.1484,1084
2026-07-14 14:10,1784038200,1.14845,1.14875,1.14835,1.1484,1258
2026-07-14 14:15,1784038500,1.14835,1.1484,1.1478,1.14825,1460
2026-07-14 14:20,1784038800,1.14825,1.1483,1.1477,1.14775,1275
2026-07-14 14:25,1784039100,1.14775,1.1478,1.14725,1.14735,1725
2026-07-14 14:30,1784039400,1.1473,1.1488,1.14695,1.14775,6388
2026-07-14 14:35,1784039700,1.1477,1.1479,1.14755,1.14755,999
2026-07-14 14:40,1784040000,1.14755,1.14775,1.1473,1.1477,1357
2026-07-14 14:45,1784040300,1.1477,1.14785,1.1475,1.1476,732
2026-07-14 14:50,1784040600,1.14765,1.14765,1.1469,1.1471,1673
2026-07-14 14:55,1784040900,1.14705,1.14755,1.14695,1.14735,1896
2026-07-14 15:00,1784041200,1.14735,1.14825,1.14705,1.1479,4024
2026-07-14 15:05,1784041500,1.14785,1.14815,1.1476,1.1479,1180
2026-07-14 15:10,1784041800,1.14795,1.14795,1.1476,1.14775,658
2026-07-14 15:15,1784042100,1.14775,1.1478,1.1474,1.1475,851
2026-07-14 15:20,1784042400,1.14745,1.1475,1.14705,1.1471,520
2026-07-14 15:25,1784042700,1.1471,1.14715,1.14695,1.14705,606
2026-07-14 15:30,1784043000,1.14705,1.1472,1.14685,1.147,1054
2026-07-14 15:35,1784043300,1.147,1.147,1.14665,1.14665,940
2026-07-14 15:40,1784043600,1.1467,1.1467,1.1459,1.1462,1729
2026-07-14 15:45,1784043900,1.14625,1.1465,1.1461,1.1461,746
2026-07-14 15:50,1784044200,1.1461,1.1461,1.1456,1.1458,916
2026-07-14 15:55,1784044500,1.14575,1.1458,1.14545,1.1456,692
2026-07-14 16:00,1784044800,1.14565,1.1457,1.1454,1.1454,752
2026-07-14 16:05,1784045100,1.1455,1.1455,1.1453,1.1455,1055
2026-07-14 16:10,1784045400,1.1455,1.14575,1.14545,1.1457,1041
2026-07-14 16:15,1784045700,1.14575,1.1458,1.14555,1.14565,589
2026-07-14 16:20,1784046000,1.14565,1.1458,1.1456,1.14575,366
2026-07-14 16:25,1784046300,1.1458,1.14595,1.14575,1.14595,1316
2026-07-14 16:30,1784046600,1.14595,1.1461,1.14595,1.1461,642
2026-07-14 16:35,1784046900,1.1461,1.1463,1.1461,1.1463,645
2026-07-14 16:40,1784047200,1.1463,1.1463,1.1461,1.1461,256
2026-07-14 16:45,1784047500,1.14615,1.14615,1.14585,1.14595,210
2026-07-14 16:50,1784047800,1.146,1.1462,1.14595,1.1462,258
2026-07-14 16:55,1784048100,1.1462,1.1462,1.146,1.1461,452
2026-07-14 17:00,1784048400,1.14605,1.1462,1.1458,1.1458,410
2026-07-14 17:05,1784048700,1.14585,1.14585,1.1455,1.1456,563
2026-07-14 17:10,1784049000,1.1456,1.1456,1.14515,1.1452,1365
2026-07-14 17:15,1784049300,1.1452,1.14525,1.14485,1.1449,1295
2026-07-14 17:20,1784049600,1.14485,1.1452,1.1448,1.14515,645
2026-07-14 17:25,1784049900,1.14515,1.1455,1.1451,1.1455,461
2026-07-14 17:30,1784050200,1.1455,1.14555,1.14535,1.1454,411
2026-07-14 17:35,1784050500,1.14535,1.14545,1.14525,1.1454,653
2026-07-14 17:40,1784050800,1.1454,1.1455,1.14535,1.1455,255
2026-07-14 17:45,1784051100,1.14545,1.1457,1.1454,1.14565,526
2026-07-14 17:50,1784051400,1.14565,1.1457,1.14555,1.14565,619
2026-07-14 17:55,1784051700,1.14565,1.14565,1.14515,1.14525,836
2026-07-14 18:00,1784052000,1.1452,1.1454,1.1452,1.1453,326
2026-07-14 18:05,1784052300,1.14535,1.14535,1.14525,1.1453,336
2026-07-14 18:10,1784052600,1.14525,1.1453,1.1452,1.14525,357
2026-07-14 18:15,1784052900,1.1453,1.1455,1.1453,1.1454,276
2026-07-14 18:20,1784053200,1.1454,1.1454,1.14495,1.145,1276
2026-07-14 18:25,1784053500,1.145,1.1451,1.1449,1.145,246
2026-07-14 18:30,1784053800,1.145,1.14515,1.145,1.14515,249
2026-07-14 18:35,1784054100,1.14515,1.14515,1.14475,1.14485,1084
2026-07-14 18:40,1784054400,1.1449,1.1449,1.14445,1.1448,1492
2026-07-14 18:45,1784054700,1.14475,1.14495,1.14475,1.1449,413
2026-07-14 18:50,1784055000,1.14485,1.14495,1.14475,1.14495,721
2026-07-14 18:55,1784055300,1.145,1.1453,1.14495,1.14525,2289
2026-07-14 19:00,1784055600,1.1452,1.14535,1.14515,1.1453,1124
2026-07-14 19:05,1784055900,1.1453,1.14535,1.1452,1.1453,298
2026-07-14 19:10,1784056200,1.1453,1.1455,1.14515,1.14545,420
2026-07-14 19:15,1784056500,1.1454,1.14545,1.1452,1.1454,729
2026-07-14 19:20,1784056800,1.1454,1.1454,1.1452,1.14535,308
2026-07-14 19:25,1784057100,1.1453,1.1454,1.14525,1.1454,267
2026-07-14 19:30,1784057400,1.1453,1.14535,1.145,1.14515,1799
2026-07-14 19:35,1784057700,1.1452,1.14525,1.14505,1.14515,174
2026-07-14 19:40,1784058000,1.1451,1.1452,1.1451,1.1452,200
2026-07-14 19:45,1784058300,1.14515,1.1453,1.14515,1.14515,625
2026-07-14 19:50,1784058600,1.14515,1.14525,1.14515,1.14525,189
2026-07-14 19:55,1784058900,1.1452,1.1452,1.14495,1.14495,408
2026-07-14 20:00,1784059200,1.14495,1.145,1.1447,1.14485,535
2026-07-14 20:05,1784059500,1.1448,1.1449,1.14475,1.1449,387
2026-07-14 20:10,1784059800,1.14485,1.14515,1.14485,1.14495,555
2026-07-14 20:15,1784060100,1.1449,1.14495,1.1448,1.1448,22
2026-07-14 20:20,1784060400,1.14485,1.1449,1.14485,1.14485,56
2026-07-14 20:25,1784060700,1.14485,1.145,1.1448,1.1448,114
2026-07-14 20:30,1784061000,1.14485,1.14495,1.1448,1.14485,117
2026-07-14 20:35,1784061300,1.1448,1.14505,1.1448,1.14505,134
2026-07-14 20:40,1784061600,1.145,1.14505,1.1449,1.1449,95
2026-07-14 20:45,1784061900,1.1449,1.14495,1.1449,1.1449,10
2026-07-14 20:50,1784062200,1.1449,1.14505,1.1449,1.145,233
2026-07-14 20:55,1784062500,1.14495,1.14505,1.14495,1.14505,159
2026-07-14 22:00,1784066400,1.14505,1.14515,1.1447,1.14475,0
2026-07-14 22:05,1784066700,1.14475,1.1448,1.14435,1.1447,697
2026-07-14 22:10,1784067000,1.14475,1.14475,1.14455,1.1447,246
2026-07-14 22:15,1784067300,1.14475,1.14475,1.14465,1.14465,110
2026-07-14 22:20,1784067600,1.1447,1.1449,1.1447,1.14475,91
2026-07-14 22:25,1784067900,1.14475,1.14485,1.14465,1.14485,251
2026-07-14 22:30,1784068200,1.14485,1.14495,1.1448,1.14495,309
2026-07-14 22:35,1784068500,1.1449,1.145,1.14485,1.14495,171
2026-07-14 22:40,1784068800,1.14495,1.14495,1.1449,1.1449,74
2026-07-14 22:45,1784069100,1.1449,1.1449,1.14475,1.1448,117
2026-07-14 22:50,1784069400,1.1448,1.14485,1.14475,1.14475,36
2026-07-14 22:55,1784069700,1.14475,1.14485,1.1447,1.14485,47
2026-07-14 23:00,1784070000,1.14485,1.14495,1.1448,1.1449,264
2026-07-14 23:05,1784070300,1.1449,1.145,1.14485,1.145,194
2026-07-14 23:10,1784070600,1.14505,1.14505,1.14495,1.145,91
2026-07-14 23:15,1784070900,1.14505,1.14505,1.14485,1.1449,39
2026-07-14 23:20,1784071200,1.1449,1.145,1.1449,1.1449,29
2026-07-14 23:25,1784071500,1.145,1.14505,1.145,1.14505,69
2026-07-14 23:30,1784071800,1.14505,1.14515,1.14495,1.14505,235
2026-07-14 23:35,1784072100,1.145,1.14515,1.145,1.1451,19
2026-07-14 23:40,1784072400,1.14515,1.1453,1.1451,1.1452,126
2026-07-14 23:45,1784072700,1.14525,1.14525,1.1452,1.14525,190
2026-07-14 23:50,1784073000,1.1452,1.14525,1.1451,1.14525,70
2026-07-14 23:55,1784073300,1.14525,1.1453,1.1452,1.14525,22
2026-07-15 00:00,1784073600,1.1453,1.1457,1.1452,1.1455,777
2026-07-15 00:05,1784073900,1.1455,1.1455,1.14535,1.1455,203
2026-07-15 00:10,1784074200,1.1455,1.14555,1.14535,1.14535,303
2026-07-15 00:15,1784074500,1.14535,1.14555,1.14535,1.1455,184
2026-07-15 00:20,1784074800,1.14545,1.14555,1.14545,1.1455,81
2026-07-15 00:25,1784075100,1.1455,1.14585,1.1455,1.1458,124
2026-07-15 00:30,1784075400,1.1458,1.1458,1.1457,1.1457,72
2026-07-15 00:35,1784075700,1.1457,1.1457,1.14555,1.14555,141
2026-07-15 00:40,1784076000,1.1456,1.1456,1.14545,1.14555,203
2026-07-15 00:45,1784076300,1.1455,1.1457,1.1455,1.1457,129
2026-07-15 00:50,1784076600,1.14575,1.146,1.14575,1.14595,358
2026-07-15 00:55,1784076900,1.146,1.14625,1.14595,1.14615,422
2026-07-15 01:00,1784077200,1.14615,1.1463,1.14605,1.1462,270
2026-07-15 01:05,1784077500,1.1462,1.14635,1.1462,1.14625,161
2026-07-15 01:10,1784077800,1.14625,1.1464,1.1462,1.14635,137
2026-07-15 01:15,1784078100,1.1463,1.14655,1.1463,1.1465,346
2026-07-15 01:20,1784078400,1.14655,1.14655,1.14645,1.14645,197
2026-07-15 01:25,1784078700,1.14645,1.14655,1.14635,1.1464,235
2026-07-15 01:30,1784079000,1.1464,1.1465,1.14625,1.14635,173
2026-07-15 01:35,1784079300,1.14635,1.14645,1.14625,1.1464,100
2026-07-15 01:40,1784079600,1.14645,1.14645,1.14615,1.1462,169
2026-07-15 01:45,1784079900,1.1462,1.14625,1.1461,1.14615,73
2026-07-15 01:50,1784080200,1.1462,1.1462,1.1461,1.14615,97
2026-07-15 01:55,1784080500,1.14615,1.1464,1.14615,1.14635,162
2026-07-15 02:00,1784080800,1.14635,1.14655,1.14625,1.14655,362
2026-07-15 02:05,1784081100,1.1465,1.14675,1.1465,1.14665,335
2026-07-15 02:10,1784081400,1.1467,1.14675,1.1464,1.1464,160
2026-07-15 02:15,1784081700,1.14635,1.14635,1.14625,1.14625,109
2026-07-15 02:20,1784082000,1.1462,1.1463,1.14615,1.1462,113
2026-07-15 02:25,1784082300,1.1462,1.14635,1.1462,1.14635,57
2026-07-15 02:30,1784082600,1.14635,1.14645,1.14635,1.14645,36
2026-07-15 02:35,1784082900,1.1464,1.1465,1.14635,1.1465,145
2026-07-15 02:40,1784083200,1.1465,1.14695,1.1465,1.1469,644
2026-07-15 02:45,1784083500,1.1469,1.14695,1.14685,1.14695,444
2026-07-15 02:50,1784083800,1.14695,1.14695,1.14675,1.14685,67
2026-07-15 02:55,1784084100,1.1469,1.14705,1.14685,1.14685,135
2026-07-15 03:00,1784084400,1.14685,1.14705,1.14685,1.147,196
2026-07-15 03:05,1784084700,1.147,1.147,1.14675,1.1469,53
2026-07-15 03:10,1784085000,1.1468,1.1468,1.14655,1.1466,350
2026-07-15 03:15,1784085300,1.14655,1.14665,1.1462,1.1462,157
2026-07-15 03:20,1784085600,1.14625,1.1463,1.14615,1.14625,152
2026-07-15 03:25,1784085900,1.14625,1.1464,1.14625,1.1463,77
2026-07-15 03:30,1784086200,1.14635,1.1465,1.1463,1.1465,65
2026-07-15 03:35,1784086500,1.1465,1.1465,1.1464,1.1465,47
2026-07-15 03:40,1784086800,1.1465,1.1465,1.1462,1.1462,179
2026-07-15 03:45,1784087100,1.14625,1.1464,1.14625,1.1464,97
2026-07-15 03:50,1784087400,1.14645,1.1466,1.14645,1.1465,87
2026-07-15 03:55,1784087700,1.14655,1.14665,1.1465,1.1466,102
2026-07-15 04:05,1784088300,1.14655,1.14655,1.14655,1.14655,368
2026-07-15 04:10,1784088600,1.14655,1.1466,1.1465,1.14655,50
2026-07-15 04:15,1784088900,1.1465,1.14665,1.1465,1.14665,22
2026-07-15 04:20,1784089200,1.14665,1.1467,1.14665,1.14665,22
2026-07-15 04:25,1784089500,1.1467,1.1469,1.14665,1.1468,151
2026-07-15 04:30,1784089800,1.14675,1.14685,1.14675,1.1468,108
2026-07-15 04:35,1784090100,1.14685,1.14685,1.14675,1.1468,135
2026-07-15 04:40,1784090400,1.14675,1.14675,1.14655,1.1466,62
2026-07-15 04:45,1784090700,1.14665,1.1468,1.1466,1.14675,41
2026-07-15 04:50,1784091000,1.14675,1.14675,1.14665,1.14665,23
2026-07-15 04:55,1784091300,1.1466,1.14665,1.1465,1.14655,117
2026-07-15 05:00,1784091600,1.14655,1.14655,1.14635,1.14645,277
2026-07-15 05:05,1784091900,1.1464,1.14665,1.14635,1.1464,157
2026-07-15 05:10,1784092200,1.14645,1.1465,1.1464,1.1465,52
2026-07-15 05:15,1784092500,1.14655,1.14665,1.1465,1.1466,45
2026-07-15 05:20,1784092800,1.14665,1.14665,1.1466,1.1466,32
2026-07-15 05:25,1784093100,1.14655,1.1466,1.14655,1.1466,45
2026-07-15 05:30,1784093400,1.1466,1.14675,1.1466,1.1467,67
2026-07-15 05:35,1784093700,1.1468,1.1468,1.14665,1.14675,146
2026-07-15 05:40,1784094000,1.1468,1.1469,1.14675,1.1469,80
2026-07-15 05:45,1784094300,1.1469,1.1472,1.1469,1.14715,342
2026-07-15 05:50,1784094600,1.14715,1.14715,1.14705,1.1471,159
2026-07-15 05:55,1784094900,1.1471,1.1471,1.1469,1.1469,206
2026-07-15 06:00,1784095200,1.1469,1.1471,1.14685,1.14695,230
2026-07-15 06:05,1784095500,1.14695,1.14695,1.14675,1.14695,210
2026-07-15 06:10,1784095800,1.14695,1.14695,1.1468,1.14685,156
2026-07-15 06:15,1784096100,1.1468,1.1472,1.1468,1.1472,456
2026-07-15 06:20,1784096400,1.14715,1.14715,1.147,1.1471,170
2026-07-15 06:25,1784096700,1.14715,1.14725,1.14705,1.14705,350
2026-07-15 06:30,1784097000,1.147,1.147,1.1467,1.1469,357
2026-07-15 06:35,1784097300,1.1469,1.14695,1.1468,1.14685,231
2026-07-15 06:40,1784097600,1.14685,1.14685,1.1466,1.1467,643
2026-07-15 06:45,1784097900,1.1467,1.1467,1.14635,1.14635,606
2026-07-15 06:50,1784098200,1.1464,1.1465,1.1461,1.14625,1801
2026-07-15 06:55,1784098500,1.1463,1.14645,1.14565,1.1457,3523
2026-07-15 07:00,1784098800,1.14575,1.146,1.1456,1.1457,1792
2026-07-15 07:05,1784099100,1.1457,1.1458,1.1454,1.14565,736
2026-07-15 07:10,1784099400,1.1457,1.146,1.1457,1.1458,724
2026-07-15 07:15,1784099700,1.14585,1.1459,1.14525,1.1454,917
2026-07-15 07:20,1784100000,1.1454,1.1455,1.1451,1.1452,1070
2026-07-15 07:25,1784100300,1.1452,1.1452,1.1448,1.1451,613
2026-07-15 07:30,1784100600,1.14505,1.1453,1.14495,1.14505,497
2026-07-15 07:35,1784100900,1.14505,1.1451,1.14495,1.1451,177
2026-07-15 07:40,1784101200,1.1451,1.1453,1.145,1.1452,315
2026-07-15 07:45,1784101500,1.1452,1.14525,1.145,1.14515,253
2026-07-15 07:50,1784101800,1.14515,1.1453,1.1451,1.14525,419
2026-07-15 07:55,1784102100,1.1453,1.14535,1.1451,1.14515,384
2026-07-15 08:00,1784102400,1.1452,1.14555,1.1451,1.1455,679
2026-07-15 08:05,1784102700,1.1455,1.14555,1.14515,1.14515,328
2026-07-15 08:10,1784103000,1.1451,1.1452,1.14495,1.1451,361
2026-07-15 08:15,1784103300,1.1451,1.14525,1.14505,1.1452,190
2026-07-15 08:20,1784103600,1.1452,1.1453,1.14515,1.1453,247
2026-07-15 08:25,1784103900,1.1453,1.1454,1.14515,1.14535,606
2026-07-15 08:30,1784104200,1.14535,1.1455,1.14535,1.1454,404
2026-07-15 08:35,1784104500,1.1454,1.1455,1.1453,1.14535,400
2026-07-15 08:40,1784104800,1.1453,1.1454,1.1452,1.1453,193
2026-07-15 08:45,1784105100,1.1453,1.1454,1.1451,1.14515,302
2026-07-15 08:50,1784105400,1.14515,1.1452,1.145,1.1451,366
2026-07-15 08:55,1784105700,1.14505,1.14525,1.14495,1.1452,450
2026-07-15 09:00,1784106000,1.1453,1.1453,1.14485,1.14515,244
2026-07-15 09:05,1784106300,1.14515,1.14525,1.14505,1.14515,236
2026-07-15 09:10,1784106600,1.1452,1.1454,1.1452,1.14525,465
2026-07-15 09:15,1784106900,1.1453,1.1453,1.1451,1.1451,259
2026-07-15 09:20,1784107200,1.1451,1.14535,1.1451,1.1453,295
2026-07-15 09:25,1784107500,1.1453,1.1453,1.145,1.14505,475
2026-07-15 09:30,1784107800,1.14505,1.1451,1.14465,1.1447,619
2026-07-15 09:35,1784108100,1.14475,1.1449,1.14465,1.14475,413
2026-07-15 09:40,1784108400,1.14475,1.14495,1.1447,1.1449,290
2026-07-15 09:45,1784108700,1.1449,1.14505,1.14485,1.14485,284
2026-07-15 09:50,1784109000,1.14485,1.14495,1.1446,1.1449,1206
2026-07-15 09:55,1784109300,1.14495,1.14495,1.1445,1.14455,777
2026-07-15 10:00,1784109600,1.14455,1.14465,1.1444,1.1446,878
2026-07-15 10:05,1784109900,1.1446,1.14465,1.1442,1.1443,1231
2026-07-15 10:10,1784110200,1.14435,1.14445,1.1442,1.14435,324
2026-07-15 10:15,1784110500,1.14435,1.14455,1.1443,1.1444,316
2026-07-15 10:20,1784110800,1.1444,1.14465,1.14405,1.1441,785
2026-07-15 10:25,1784111100,1.14415,1.1442,1.1441,1.14415,398
2026-07-15 10:30,1784111400,1.1442,1.1443,1.14405,1.14405,484
2026-07-15 10:35,1784111700,1.144,1.1443,1.144,1.1442,354
2026-07-15 10:40,1784112000,1.14415,1.14415,1.14395,1.1441,345
2026-07-15 10:45,1784112300,1.1441,1.1443,1.1441,1.14415,430
2026-07-15 10:50,1784112600,1.1441,1.1442,1.1441,1.1442,144
2026-07-15 10:55,1784112900,1.14415,1.1444,1.14405,1.1444,487
2026-07-15 11:00,1784113200,1.1444,1.1446,1.1444,1.1446,454
2026-07-15 11:05,1784113500,1.1446,1.1448,1.14445,1.14465,784
2026-07-15 11:10,1784113800,1.14465,1.1448,1.1445,1.14455,197
2026-07-15 11:15,1784114100,1.14455,1.1446,1.1444,1.1445,168
2026-07-15 11:20,1784114400,1.1445,1.1447,1.1445,1.14465,275
2026-07-15 11:25,1784114700,1.1446,1.14465,1.14435,1.14445,261
2026-07-15 11:30,1784115000,1.1444,1.1446,1.1444,1.1446,245
2026-07-15 11:35,1784115300,1.14465,1.14475,1.14455,1.14455,224
2026-07-15 11:40,1784115600,1.1446,1.1446,1.14435,1.14435,475
2026-07-15 11:45,1784115900,1.14435,1.1444,1.1442,1.1442,336
2026-07-15 11:50,1784116200,1.1442,1.1444,1.14385,1.14405,2690
2026-07-15 11:55,1784116500,1.14405,1.14415,1.14385,1.144,2994
2026-07-15 12:00,1784116800,1.14405,1.1443,1.14385,1.14385,641
2026-07-15 12:05,1784117100,1.1439,1.1439,1.14345,1.14345,1379
2026-07-15 12:10,1784117400,1.1435,1.14385,1.14345,1.14375,831
2026-07-15 12:15,1784117700,1.1438,1.1439,1.14365,1.14365,220
2026-07-15 12:20,1784118000,1.14365,1.1442,1.14365,1.1442,845
2026-07-15 12:25,1784118300,1.14425,1.14435,1.144,1.1442,794
2026-07-15 12:30,1784118600,1.14425,1.1456,1.1442,1.14495,7079
2026-07-15 12:35,1784118900,1.145,1.145,1.1445,1.14475,2091
2026-07-15 12:40,1784119200,1.14475,1.14535,1.14475,1.14535,1882
2026-07-15 12:45,1784119500,1.1453,1.1456,1.1453,1.14555,781
2026-07-15 12:50,1784119800,1.14555,1.14555,1.1453,1.14545,1302
2026-07-15 12:55,1784120100,1.14545,1.1458,1.14525,1.14565,1662
2026-07-15 13:00,1784120400,1.14565,1.14605,1.1456,1.14605,1703
2026-07-15 13:05,1784120700,1.14605,1.1462,1.14595,1.14605,1244
2026-07-15 13:10,1784121000,1.14605,1.14605,1.1455,1.14555,703
2026-07-15 13:15,1784121300,1.14555,1.1462,1.14555,1.1461,548
2026-07-15 13:20,1784121600,1.14605,1.1461,1.14545,1.14555,763
2026-07-15 13:25,1784121900,1.14555,1.14555,1.14515,1.1453,763
2026-07-15 13:30,1784122200,1.14525,1.1456,1.1452,1.14555,744
2026-07-15 13:35,1784122500,1.1455,1.14565,1.14545,1.14555,1038
2026-07-15 13:40,1784122800,1.1455,1.14555,1.1454,1.14545,543
2026-07-15 13:45,1784123100,1.1455,1.14585,1.1453,1.1458,1016
2026-07-15 13:50,1784123400,1.1458,1.146,1.1455,1.14555,1667
2026-07-15 13:55,1784123700,1.14555,1.1464,1.14545,1.1458,2928
2026-07-15 14:00,1784124000,1.14585,1.1461,1.14585,1.14605,528
2026-07-15 14:05,1784124300,1.1461,1.1464,1.14595,1.146,610
2026-07-15 14:10,1784124600,1.146,1.14625,1.14585,1.146,439
2026-07-15 14:15,1784124900,1.14605,1.1464,1.14605,1.14635,620
2026-07-15 14:20,1784125200,1.1464,1.1464,1.14595,1.1461,491
2026-07-15 14:25,1784125500,1.1461,1.14615,1.14585,1.1461,906
2026-07-15 14:30,1784125800,1.1461,1.1465,1.1461,1.14645,995
2026-07-15 14:35,1784126100,1.1465,1.1466,1.1463,1.14635,641
2026-07-15 14:40,1784126400,1.14635,1.14675,1.14625,1.1467,531
2026-07-15 14:45,1784126700,1.14675,1.147,1.1466,1.147,1201
2026-07-15 14:50,1784127000,1.14695,1.14695,1.1462,1.1464,4525
2026-07-15 14:55,1784127300,1.1464,1.14655,1.1461,1.14655,3536
2026-07-15 15:00,1784127600,1.1465,1.14695,1.1465,1.1468,2169
2026-07-15 15:05,1784127900,1.14685,1.147,1.14675,1.1469,1422
2026-07-15 15:10,1784128200,1.1469,1.14695,1.1464,1.1464,915
2026-07-15 15:15,1784128500,1.1464,1.1465,1.14615,1.14645,755
2026-07-15 15:20,1784128800,1.1464,1.14665,1.14635,1.1466,569
2026-07-15 15:25,1784129100,1.14665,1.14685,1.1465,1.14675,752
2026-07-15 15:30,1784129400,1.14675,1.14675,1.14645,1.1466,926
2026-07-15 15:35,1784129700,1.1466,1.14665,1.146,1.14605,2277
2026-07-15 15:40,1784130000,1.14605,1.14635,1.14605,1.14625,933
2026-07-15 15:45,1784130300,1.14625,1.14655,1.14625,1.14625,623
2026-07-15 15:50,1784130600,1.14625,1.14635,1.14605,1.1463,509
2026-07-15 15:55,1784130900,1.14625,1.14645,1.14615,1.14635,571
2026-07-15 16:00,1784131200,1.1463,1.14645,1.146,1.14605,1228
2026-07-15 16:05,1784131500,1.14605,1.14615,1.14585,1.14615,907
2026-07-15 16:10,1784131800,1.1461,1.1464,1.1461,1.1463,728
2026-07-15 16:15,1784132100,1.14625,1.1465,1.14625,1.1463,547
2026-07-15 16:20,1784132400,1.1463,1.14655,1.14625,1.1465,663
2026-07-15 16:25,1784132700,1.14655,1.1468,1.14655,1.1467,444
2026-07-15 16:30,1784133000,1.1467,1.1467,1.1465,1.14655,739
2026-07-15 16:35,1784133300,1.14655,1.14655,1.14625,1.14645,828
2026-07-15 16:40,1784133600,1.14645,1.1465,1.14625,1.14635,409
2026-07-15 16:45,1784133900,1.1464,1.147,1.1463,1.14655,5942
2026-07-15 16:50,1784134200,1.14655,1.147,1.1465,1.14685,1098
2026-07-15 16:55,1784134500,1.14685,1.14705,1.14665,1.147,2064
2026-07-15 17:00,1784134800,1.14705,1.14765,1.147,1.14745,2003
2026-07-15 17:05,1784135100,1.1475,1.14785,1.14735,1.14775,1287
2026-07-15 17:10,1784135400,1.14775,1.14785,1.14765,1.14775,1434
2026-07-15 17:15,1784135700,1.14775,1.148,1.1476,1.148,987
2026-07-15 17:20,1784136000,1.148,1.14825,1.1479,1.1482,835
2026-07-15 17:25,1784136300,1.1482,1.14845,1.1482,1.1484,1948
2026-07-15 17:30,1784136600,1.1484,1.1494,1.1484,1.1492,4747
2026-07-15 17:35,1784136900,1.1492,1.14955,1.14915,1.14945,1285
2026-07-15 17:40,1784137200,1.1495,1.14995,1.14945,1.14985,1280
2026-07-15 17:45,1784137500,1.14985,1.1503,1.1495,1.15025,2766
2026-07-15 17:50,1784137800,1.1503,1.1503,1.14985,1.15,1664
2026-07-15 17:55,1784138100,1.15,1.15035,1.15,1.1502,1271
2026-07-15 18:00,1784138400,1.1502,1.15055,1.15015,1.15045,1594
2026-07-15 18:05,1784138700,1.15045,1.15055,1.15025,1.15025,1297
2026-07-15 18:10,1784139000,1.1502,1.15035,1.15005,1.15015,1317
2026-07-15 18:15,1784139300,1.15015,1.1506,1.1501,1.1506,1020
2026-07-15 18:20,1784139600,1.1506,1.1506,1.15045,1.15045,559
2026-07-15 18:25,1784139900,1.1505,1.1507,1.15045,1.1507,515
2026-07-15 18:30,1784140200,1.1507,1.1511,1.1507,1.1509,1109
2026-07-15 18:35,1784140500,1.15085,1.15085,1.1506,1.1508,760
2026-07-15 18:40,1784140800,1.15075,1.15075,1.1502,1.1502,1050
2026-07-15 18:45,1784141100,1.15015,1.15025,1.14995,1.15,1679
2026-07-15 18:50,1784141400,1.15,1.15005,1.14965,1.14975,1871
2026-07-15 18:55,1784141700,1.14975,1.14985,1.14945,1.14955,2896
2026-07-15 19:00,1784142000,1.1495,1.1499,1.14945,1.14985,1342
2026-07-15 19:05,1784142300,1.14985,1.15015,1.14985,1.1501,690
2026-07-15 19:10,1784142600,1.1501,1.1502,1.15005,1.1502,1052
2026-07-15 19:15,1784142900,1.15025,1.1503,1.1499,1.15,675
2026-07-15 19:20,1784143200,1.14995,1.15015,1.14985,1.15005,425
2026-07-15 19:25,1784143500,1.15005,1.1502,1.15,1.1501,358
2026-07-15 19:30,1784143800,1.1501,1.1501,1.1493,1.1494,1397
2026-07-15 19:35,1784144100,1.14935,1.14945,1.1491,1.1493,863
2026-07-15 19:40,1784144400,1.1493,1.14935,1.1491,1.14915,217
2026-07-15 19:45,1784144700,1.1492,1.1492,1.14905,1.14905,252
2026-07-15 19:50,1784145000,1.14905,1.1492,1.14895,1.149,590
2026-07-15 19:55,1784145300,1.14905,1.1493,1.14905,1.14925,553
2026-07-15 20:00,1784145600,1.1492,1.14925,1.1491,1.1492,555
2026-07-15 20:05,1784145900,1.14915,1.14925,1.14895,1.14895,419
2026-07-15 20:10,1784146200,1.14895,1.14905,1.14895,1.149,130
2026-07-15 20:15,1784146500,1.149,1.1491,1.14895,1.1491,55
2026-07-15 20:20,1784146800,1.1491,1.14925,1.1491,1.14915,199
2026-07-15 20:25,1784147100,1.14915,1.1492,1.1491,1.14915,237
2026-07-15 20:30,1784147400,1.1492,1.1492,1.14895,1.14905,488
2026-07-15 20:35,1784147700,1.14905,1.1491,1.149,1.14905,52
2026-07-15 20:40,1784148000,1.14905,1.14915,1.149,1.14905,101
2026-07-15 20:45,1784148300,1.14915,1.14915,1.14905,1.1491,30
2026-07-15 20:50,1784148600,1.1491,1.14925,1.14905,1.1492,252
2026-07-15 20:55,1784148900,1.1492,1.14925,1.1491,1.1492,220
2026-07-15 22:00,1784152800,1.14925,1.14955,1.14925,1.14935,0
2026-07-15 22:05,1784153100,1.1493,1.14935,1.1493,1.14935,12
2026-07-15 22:10,1784153400,1.1494,1.1494,1.14935,1.14935,9
2026-07-15 22:15,1784153700,1.14925,1.1493,1.14925,1.1493,102
2026-07-15 22:20,1784154000,1.14935,1.14935,1.14925,1.14925,49
2026-07-15 22:25,1784154300,1.14935,1.1494,1.14935,1.1494,19
2026-07-15 22:30,1784154600,1.14945,1.1495,1.14935,1.1494,57
2026-07-15 22:35,1784154900,1.14935,1.1494,1.14935,1.1494,20
2026-07-15 22:40,1784155200,1.1494,1.1494,1.14935,1.1494,7
2026-07-15 22:45,1784155500,1.1494,1.1494,1.14935,1.14935,9
2026-07-15 22:50,1784155800,1.1494,1.14945,1.14925,1.1493,203
2026-07-15 22:55,1784156100,1.1493,1.1494,1.1493,1.1494,16
2026-07-15 23:00,1784156400,1.14945,1.1495,1.1494,1.1494,55
2026-07-15 23:05,1784156700,1.1494,1.1495,1.14935,1.1495,64
2026-07-15 23:10,1784157000,1.1495,1.14955,1.14945,1.14955,57
2026-07-15 23:15,1784157300,1.14955,1.14965,1.1495,1.14965,279
2026-07-15 23:20,1784157600,1.1496,1.1496,1.1495,1.1495,81
2026-07-15 23:25,1784157900,1.14955,1.14965,1.14955,1.14965,45
2026-07-15 23:30,1784158200,1.1496,1.1496,1.14955,1.1496,45
2026-07-15 23:35,1784158500,1.1496,1.1497,1.1496,1.14965,39
2026-07-15 23:40,1784158800,1.14965,1.14975,1.14965,1.14975,92
2026-07-15 23:45,1784159100,1.1497,1.1498,1.1497,1.14975,52
2026-07-15 23:50,1784159400,1.1498,1.1498,1.14965,1.1497,133
2026-07-15 23:55,1784159700,1.1497,1.14975,1.1496,1.14965,115
2026-07-16 00:00,1784160000,1.1497,1.1499,1.1496,1.14975,413
2026-07-16 00:05,1784160300,1.14975,1.14985,1.1497,1.14985,38
2026-07-16 00:10,1784160600,1.1498,1.1501,1.1498,1.1501,82
2026-07-16 00:15,1784160900,1.15005,1.1501,1.14985,1.1499,230
2026-07-16 00:20,1784161200,1.1499,1.1499,1.1497,1.1499,234
2026-07-16 00:25,1784161500,1.1499,1.14995,1.1499,1.1499,82
2026-07-16 00:30,1784161800,1.1499,1.1499,1.14955,1.1496,145
2026-07-16 00:35,1784162100,1.1496,1.1496,1.1495,1.14955,97
2026-07-16 00:40,1784162400,1.14955,1.14975,1.14955,1.14965,197
2026-07-16 00:45,1784162700,1.14965,1.14975,1.14945,1.1495,184
2026-07-16 00:50,1784163000,1.1495,1.14985,1.14945,1.14965,775
2026-07-16 00:55,1784163300,1.14965,1.15015,1.1496,1.15005,707
2026-07-16 01:00,1784163600,1.15005,1.15005,1.14995,1.14995,116
2026-07-16 01:05,1784163900,1.14995,1.15,1.1498,1.1499,99
2026-07-16 01:10,1784164200,1.14985,1.14995,1.14975,1.14995,172
2026-07-16 01:15,1784164500,1.14995,1.14995,1.14955,1.1496,107
2026-07-16 01:20,1784164800,1.14965,1.1499,1.1496,1.14985,315
2026-07-16 01:25,1784165100,1.14985,1.1499,1.14965,1.14965,262
2026-07-16 01:30,1784165400,1.14965,1.14975,1.1494,1.14945,228
2026-07-16 01:35,1784165700,1.14935,1.1494,1.1492,1.1494,192
2026-07-16 01:40,1784166000,1.14935,1.14945,1.1493,1.1494,199
2026-07-16 01:45,1784166300,1.1494,1.14945,1.1493,1.1494,80
2026-07-16 01:50,1784166600,1.14935,1.1494,1.1493,1.1493,98
2026-07-16 01:55,1784166900,1.14925,1.1493,1.1492,1.14925,177
2026-07-16 02:00,1784167200,1.14925,1.14925,1.1491,1.14915,121
2026-07-16 02:05,1784167500,1.14915,1.1492,1.14905,1.1491,208
2026-07-16 02:10,1784167800,1.14915,1.1492,1.1487,1.14885,1286
2026-07-16 02:15,1784168100,1.1488,1.14895,1.14875,1.14895,147
2026-07-16 02:20,1784168400,1.14895,1.14915,1.1489,1.1491,94
2026-07-16 02:25,1784168700,1.1491,1.14915,1.14895,1.14915,72
2026-07-16 02:30,1784169000,1.14915,1.14925,1.149,1.1491,81
2026-07-16 02:35,1784169300,1.14915,1.14915,1.14895,1.149,70
2026-07-16 02:40,1784169600,1.149,1.149,1.14895,1.149,26
2026-07-16 02:45,1784169900,1.14905,1.14905,1.14895,1.14895,40
2026-07-16 02:50,1784170200,1.14895,1.149,1.1489,1.149,58
2026-07-16 02:55,1784170500,1.149,1.1492,1.149,1.14915,113
2026-07-16 03:00,1784170800,1.14915,1.14915,1.14905,1.1491,128
2026-07-16 03:05,1784171100,1.14915,1.14935,1.14915,1.14935,170
2026-07-16 03:10,1784171400,1.14935,1.14935,1.1492,1.14925,41
2026-07-16 03:15,1784171700,1.1493,1.1494,1.1493,1.14935,44
2026-07-16 03:20,1784172000,1.14935,1.14945,1.14935,1.14945,44
2026-07-16 03:25,1784172300,1.14945,1.14955,1.14945,1.1495,77
2026-07-16 03:30,1784172600,1.1495,1.1496,1.1495,1.14955,90
2026-07-16 03:35,1784172900,1.14955,1.14955,1.14955,1.14955,15
2026-07-16 03:40,1784173200,1.14955,1.14955,1.1494,1.14945,54
2026-07-16 03:45,1784173500,1.14935,1.14945,1.14935,1.1494,34
2026-07-16 03:50,1784173800,1.1494,1.1494,1.14925,1.1493,64
2026-07-16 03:55,1784174100,1.14935,1.14935,1.14925,1.1493,52
2026-07-16 04:05,1784174700,1.14915,1.1492,1.1491,1.1491,227
2026-07-16 04:10,1784175000,1.1491,1.14925,1.1491,1.14925,156
2026-07-16 04:15,1784175300,1.1492,1.1492,1.1491,1.1491,69
2026-07-16 04:20,1784175600,1.1491,1.14915,1.1491,1.14915,20
2026-07-16 04:25,1784175900,1.1491,1.1491,1.149,1.14905,52
2026-07-16 04:30,1784176200,1.149,1.1492,1.149,1.1491,77
2026-07-16 04:35,1784176500,1.1491,1.1493,1.1491,1.14925,92
2026-07-16 04:40,1784176800,1.14925,1.1494,1.14925,1.1493,75
2026-07-16 04:45,1784177100,1.14925,1.14935,1.14925,1.1493,25
2026-07-16 04:50,1784177400,1.1493,1.14935,1.1493,1.14935,19
2026-07-16 04:55,1784177700,1.14935,1.14935,1.14925,1.14935,20
2026-07-16 05:00,1784178000,1.1493,1.14935,1.1493,1.14935,135
2026-07-16 05:05,1784178300,1.14935,1.14935,1.1493,1.14935,69
2026-07-16 05:10,1784178600,1.14935,1.1495,1.14935,1.1494,20
2026-07-16 05:20,1784179200,1.1495,1.1495,1.1494,1.1494,175
2026-07-16 05:25,1784179500,1.1494,1.14945,1.14935,1.14935,89
2026-07-16 05:30,1784179800,1.14935,1.1496,1.14935,1.14955,161
2026-07-16 05:35,1784180100,1.14955,1.14955,1.1494,1.1494,67
2026-07-16 05:40,1784180400,1.1494,1.14945,1.14935,1.1494,67
2026-07-16 05:45,1784180700,1.1494,1.1494,1.14915,1.14915,89
2026-07-16 05:50,1784181000,1.14915,1.14925,1.1491,1.14915,109
2026-07-16 05:55,1784181300,1.14915,1.14925,1.1489,1.14905,371
2026-07-16 06:00,1784181600,1.1491,1.14945,1.149,1.14925,591
2026-07-16 06:05,1784181900,1.1493,1.14955,1.14915,1.14945,362
2026-07-16 06:10,1784182200,1.14945,1.14965,1.1494,1.1496,398
2026-07-16 06:15,1784182500,1.14955,1.14955,1.1493,1.14935,534
2026-07-16 06:20,1784182800,1.1494,1.14965,1.14935,1.1496,872
2026-07-16 06:25,1784183100,1.14955,1.1497,1.1495,1.14955,786
2026-07-16 06:30,1784183400,1.1495,1.14955,1.1493,1.1493,418
2026-07-16 06:35,1784183700,1.1493,1.1494,1.14925,1.14935,285
2026-07-16 06:40,1784184000,1.14935,1.1494,1.1492,1.1494,214
2026-07-16 06:45,1784184300,1.14935,1.1495,1.14935,1.1495,419
2026-07-16 06:50,1784184600,1.1495,1.14965,1.14945,1.14955,177
2026-07-16 06:55,1784184900,1.1496,1.1498,1.14955,1.1496,433
2026-07-16 07:00,1784185200,1.1496,1.14975,1.14945,1.1497,551
2026-07-16 07:05,1784185500,1.1497,1.1497,1.1494,1.14955,695
2026-07-16 07:10,1784185800,1.1495,1.14965,1.14945,1.14955,308
2026-07-16 07:15,1784186100,1.14955,1.1499,1.14955,1.14985,451
2026-07-16 07:20,1784186400,1.1498,1.14995,1.1496,1.1498,695
2026-07-16 07:25,1784186700,1.14975,1.14975,1.1495,1.14965,330
2026-07-16 07:30,1784187000,1.1496,1.14965,1.14945,1.1496,450
2026-07-16 07:35,1784187300,1.14965,1.1499,1.14955,1.14975,413
2026-07-16 07:40,1784187600,1.1498,1.1499,1.1497,1.1498,290
2026-07-16 07:45,1784187900,1.1498,1.15035,1.1498,1.1503,775
2026-07-16 07:50,1784188200,1.15025,1.15025,1.14975,1.1499,1032
2026-07-16 07:55,1784188500,1.14995,1.15005,1.1496,1.14965,404
2026-07-16 08:00,1784188800,1.14965,1.1499,1.1494,1.1495,498
2026-07-16 08:05,1784189100,1.1495,1.1495,1.14925,1.14935,336
2026-07-16 08:10,1784189400,1.1493,1.1494,1.14905,1.1491,388
2026-07-16 08:15,1784189700,1.14915,1.1492,1.14895,1.149,601
2026-07-16 08:20,1784190000,1.149,1.14915,1.14895,1.149,463
2026-07-16 08:25,1784190300,1.149,1.14935,1.14895,1.1492,800
2026-07-16 08:30,1784190600,1.14925,1.1495,1.1492,1.1494,450
2026-07-16 08:35,1784190900,1.1494,1.14945,1.1493,1.14935,463
2026-07-16 08:40,1784191200,1.14935,1.14955,1.1493,1.1494,361
2026-07-16 08:45,1784191500,1.1494,1.1494,1.14925,1.1493,305
2026-07-16 08:50,1784191800,1.14935,1.14945,1.14905,1.1491,590
2026-07-16 08:55,1784192100,1.1491,1.1493,1.149,1.14925,357
2026-07-16 09:00,1784192400,1.14925,1.14925,1.149,1.149,349
2026-07-16 09:05,1784192700,1.14905,1.1492,1.14905,1.14905,282
2026-07-16 09:10,1784193000,1.14905,1.1493,1.14905,1.1492,177
2026-07-16 09:15,1784193300,1.1492,1.14935,1.14915,1.1493,554
2026-07-16 09:20,1784193600,1.14925,1.1493,1.1491,1.1491,121
2026-07-16 09:25,1784193900,1.1491,1.14915,1.149,1.14905,296
2026-07-16 09:30,1784194200,1.149,1.14905,1.14875,1.1488,686
2026-07-16 09:35,1784194500,1.14885,1.14905,1.14875,1.149,870
2026-07-16 09:40,1784194800,1.149,1.14925,1.14895,1.14925,472
2026-07-16 09:45,1784195100,1.14925,1.14945,1.1492,1.14945,429
2026-07-16 09:50,1784195400,1.14935,1.14945,1.14925,1.14945,151
2026-07-16 09:55,1784195700,1.1495,1.1495,1.14925,1.1493,235
2026-07-16 10:00,1784196000,1.1493,1.1493,1.1491,1.1492,151
2026-07-16 10:05,1784196300,1.1492,1.1493,1.14915,1.14925,361
2026-07-16 10:10,1784196600,1.1492,1.14935,1.1492,1.1493,202
2026-07-16 10:15,1784196900,1.1493,1.1494,1.1493,1.1493,184
2026-07-16 10:20,1784197200,1.1493,1.1495,1.1493,1.14945,321
2026-07-16 10:25,1784197500,1.14945,1.1495,1.1492,1.14925,283
2026-07-16 10:30,1784197800,1.14925,1.1493,1.1489,1.149,583
2026-07-16 10:35,1784198100,1.149,1.14905,1.14895,1.14895,194
2026-07-16 10:40,1784198400,1.14895,1.14925,1.14895,1.14915,155
2026-07-16 10:45,1784198700,1.14915,1.1493,1.14915,1.1492,245
2026-07-16 10:50,1784199000,1.1492,1.1492,1.14905,1.14915,243
2026-07-16 10:55,1784199300,1.1491,1.1491,1.14865,1.14865,833
2026-07-16 11:00,1784199600,1.1487,1.1489,1.14855,1.14875,662
2026-07-16 11:05,1784199900,1.1487,1.1489,1.1487,1.14885,299
2026-07-16 11:10,1784200200,1.14885,1.14885,1.1487,1.14875,289
2026-07-16 11:15,1784200500,1.1487,1.14895,1.1485,1.1489,302
2026-07-16 11:20,1784200800,1.1489,1.14905,1.1488,1.14895,197
2026-07-16 11:25,1784201100,1.14895,1.14895,1.1486,1.1487,359
2026-07-16 11:30,1784201400,1.14875,1.149,1.14875,1.14895,384
2026-07-16 11:35,1784201700,1.149,1.149,1.14895,1.149,413
2026-07-16 11:40,1784202000,1.1491,1.14935,1.149,1.14915,285
2026-07-16 11:45,1784202300,1.1492,1.1494,1.1485,1.1488,2338
2026-07-16 11:50,1784202600,1.1488,1.14915,1.1483,1.14905,1847
2026-07-16 11:55,1784202900,1.14905,1.1496,1.14905,1.14955,1253
2026-07-16 12:00,1784203200,1.1496,1.1497,1.1494,1.14965,1131
2026-07-16 12:05,1784203500,1.14965,1.14975,1.14945,1.14945,629
2026-07-16 12:10,1784203800,1.1494,1.14945,1.14905,1.14915,835
2026-07-16 12:15,1784204100,1.1492,1.14925,1.1489,1.1492,713
2026-07-16 12:20,1784204400,1.14915,1.1492,1.1488,1.14895,2419
2026-07-16 12:25,1784204700,1.1489,1.14915,1.14865,1.14905,983
2026-07-16 12:30,1784205000,1.149,1.1496,1.14845,1.14855,1379
2026-07-16 12:35,1784205300,1.14855,1.1486,1.14795,1.1483,2827
2026-07-16 12:40,1784205600,1.1483,1.1484,1.1478,1.14795,1185
2026-07-16 12:45,1784205900,1.14795,1.14825,1.1478,1.1481,1227
2026-07-16 12:50,1784206200,1.1481,1.1482,1.1478,1.1479,713
2026-07-16 12:55,1784206500,1.1479,1.1479,1.14735,1.14745,1394
2026-07-16 13:00,1784206800,1.14745,1.1476,1.1471,1.1472,832
2026-07-16 13:05,1784207100,1.14725,1.1477,1.1472,1.1477,910
2026-07-16 13:10,1784207400,1.1477,1.14805,1.14765,1.148,676
2026-07-16 13:15,1784207700,1.148,1.1481,1.1478,1.1481,1741
2026-07-16 13:20,1784208000,1.14805,1.14825,1.14805,1.1482,932
2026-07-16 13:25,1784208300,1.14815,1.14855,1.1481,1.1485,792
2026-07-16 13:30,1784208600,1.1485,1.1486,1.14835,1.14835,1227
2026-07-16 13:35,1784208900,1.14835,1.1485,1.1481,1.1484,511
2026-07-16 13:40,1784209200,1.1484,1.14855,1.148,1.14805,790
2026-07-16 13:45,1784209500,1.14805,1.14805,1.1479,1.148,1274
2026-07-16 13:50,1784209800,1.14805,1.1483,1.1479,1.14825,1143
2026-07-16 13:55,1784210100,1.1482,1.1482,1.14765,1.1477,683
2026-07-16 14:00,1784210400,1.14765,1.14805,1.1476,1.14805,1312
2026-07-16 14:05,1784210700,1.14805,1.14805,1.1477,1.1477,678
2026-07-16 14:10,1784211000,1.14765,1.1477,1.14715,1.1475,782
2026-07-16 14:15,1784211300,1.1475,1.14785,1.1474,1.1478,521
2026-07-16 14:20,1784211600,1.14785,1.1479,1.1476,1.1477,547
2026-07-16 14:25,1784211900,1.1477,1.14785,1.14755,1.1476,725
2026-07-16 14:30,1784212200,1.1476,1.14795,1.1476,1.1478,1072
2026-07-16 14:35,1784212500,1.1478,1.1478,1.147,1.1471,1134
2026-07-16 14:40,1784212800,1.1471,1.14715,1.1469,1.14715,521
2026-07-16 14:45,1784213100,1.14715,1.1473,1.14685,1.14695,611
2026-07-16 14:50,1784213400,1.147,1.14705,1.14665,1.1468,1072
2026-07-16 14:55,1784213700,1.1468,1.1472,1.1467,1.14695,2124
2026-07-16 15:00,1784214000,1.14695,1.147,1.14635,1.14645,2721
2026-07-16 15:05,1784214300,1.1465,1.1467,1.14645,1.1466,550
2026-07-16 15:10,1784214600,1.1466,1.14685,1.1466,1.14685,908
2026-07-16 15:15,1784214900,1.1469,1.147,1.14685,1.14685,580
2026-07-16 15:20,1784215200,1.14685,1.14705,1.1467,1.1467,504
2026-07-16 15:25,1784215500,1.1467,1.14685,1.1467,1.14675,1386
2026-07-16 15:30,1784215800,1.14675,1.14715,1.1467,1.14715,603
2026-07-16 15:35,1784216100,1.14715,1.14725,1.14695,1.1472,570
2026-07-16 15:40,1784216400,1.14715,1.14735,1.14715,1.14735,675
2026-07-16 15:45,1784216700,1.14735,1.14755,1.14725,1.14755,909
2026-07-16 15:50,1784217000,1.14755,1.14765,1.1474,1.1476,831
2026-07-16 15:55,1784217300,1.1476,1.1476,1.14725,1.14735,890
2026-07-16 16:00,1784217600,1.14735,1.14735,1.147,1.14705,475
2026-07-16 16:05,1784217900,1.14705,1.14705,1.14675,1.1468,458
2026-07-16 16:10,1784218200,1.1468,1.14695,1.14675,1.1469,643
2026-07-16 16:15,1784218500,1.14685,1.14695,1.14675,1.14675,327
2026-07-16 16:20,1784218800,1.1467,1.1467,1.1463,1.1464,1545
2026-07-16 16:25,1784219100,1.14635,1.1464,1.1462,1.1463,454
2026-07-16 16:30,1784219400,1.14635,1.14655,1.14625,1.1465,551
2026-07-16 16:35,1784219700,1.14645,1.1465,1.14635,1.14635,225
2026-07-16 16:40,1784220000,1.14635,1.1464,1.14615,1.1464,433
2026-07-16 16:45,1784220300,1.1464,1.14645,1.14625,1.1464,341
2026-07-16 16:50,1784220600,1.14635,1.14645,1.14625,1.14625,158
2026-07-16 16:55,1784220900,1.14625,1.14635,1.14605,1.14615,303
2026-07-16 17:00,1784221200,1.14615,1.1462,1.1458,1.1459,584
2026-07-16 17:05,1784221500,1.14595,1.14595,1.1458,1.14585,263
2026-07-16 17:10,1784221800,1.14585,1.14595,1.1457,1.1459,895
2026-07-16 17:15,1784222100,1.1459,1.1461,1.1458,1.14605,311
2026-07-16 17:20,1784222400,1.14605,1.1461,1.146,1.1461,205
2026-07-16 17:25,1784222700,1.1461,1.14625,1.14605,1.1462,214
2026-07-16 17:30,1784223000,1.1462,1.14625,1.146,1.14605,195
2026-07-16 17:35,1784223300,1.14605,1.14605,1.14595,1.146,162
2026-07-16 17:40,1784223600,1.146,1.14615,1.146,1.14615,340
2026-07-16 17:45,1784223900,1.14615,1.14635,1.1461,1.14625,403
2026-07-16 17:50,1784224200,1.1463,1.1465,1.14625,1.14645,422
2026-07-16 17:55,1784224500,1.1464,1.14645,1.1463,1.1463,702
2026-07-16 18:00,1784224800,1.1463,1.1463,1.1462,1.1462,262
2026-07-16 18:05,1784225100,1.14615,1.14635,1.14615,1.14625,307
2026-07-16 18:10,1784225400,1.1463,1.14645,1.1463,1.14645,190
2026-07-16 18:15,1784225700,1.14645,1.1465,1.14645,1.1465,212
2026-07-16 18:20,1784226000,1.14645,1.1466,1.1464,1.1464,335
2026-07-16 18:25,1784226300,1.14635,1.1464,1.14635,1.14635,145
2026-07-16 18:30,1784226600,1.1463,1.1464,1.14625,1.14625,209
2026-07-16 18:35,1784226900,1.14625,1.14635,1.14625,1.1463,212
2026-07-16 18:40,1784227200,1.1463,1.14645,1.1463,1.1464,142
2026-07-16 18:45,1784227500,1.1464,1.14655,1.1464,1.1464,284
2026-07-16 18:50,1784227800,1.1464,1.14645,1.14635,1.14645,163
2026-07-16 18:55,1784228100,1.1464,1.14655,1.14635,1.14655,2184
2026-07-16 19:00,1784228400,1.1465,1.1467,1.14645,1.1466,1338
2026-07-16 19:05,1784228700,1.1466,1.1466,1.1465,1.14655,174
2026-07-16 19:10,1784229000,1.1465,1.14655,1.14645,1.14645,683
2026-07-16 19:15,1784229300,1.14645,1.14645,1.1463,1.1464,324
2026-07-16 19:20,1784229600,1.14645,1.14645,1.1462,1.1462,322
2026-07-16 19:25,1784229900,1.14625,1.14625,1.1461,1.1462,333
2026-07-16 19:30,1784230200,1.1462,1.14635,1.1462,1.1463,234
2026-07-16 19:35,1784230500,1.1463,1.14645,1.1462,1.1464,183
2026-07-16 19:40,1784230800,1.1464,1.1465,1.1464,1.1464,208
2026-07-16 19:45,1784231100,1.1464,1.14655,1.1464,1.14655,217
2026-07-16 19:50,1784231400,1.1466,1.14685,1.1465,1.1468,300
2026-07-16 19:55,1784231700,1.14685,1.14685,1.14665,1.14675,954
2026-07-16 20:00,1784232000,1.14675,1.14685,1.14665,1.14685,288
2026-07-16 20:05,1784232300,1.14685,1.14685,1.1468,1.1468,59
2026-07-16 20:10,1784232600,1.1468,1.1468,1.14675,1.14675,25
2026-07-16 20:15,1784232900,1.14675,1.1468,1.1467,1.1467,29
2026-07-16 20:20,1784233200,1.14665,1.1467,1.1466,1.1466,52
2026-07-16 20:25,1784233500,1.1466,1.14665,1.14655,1.14665,177
2026-07-16 20:30,1784233800,1.14665,1.1471,1.14665,1.1469,709
2026-07-16 20:35,1784234100,1.14695,1.14705,1.14695,1.14705,37
2026-07-16 20:40,1784234400,1.14705,1.14705,1.14695,1.14695,43
2026-07-16 20:45,1784234700,1.147,1.14705,1.14695,1.14705,76
2026-07-16 20:50,1784235000,1.14705,1.1471,1.147,1.1471,198
2026-07-16 20:55,1784235300,1.1471,1.14715,1.14695,1.14695,206
2026-07-16 22:00,1784239200,1.14685,1.14715,1.14685,1.14715,0
2026-07-16 22:05,1784239500,1.14715,1.14715,1.147,1.1471,62
2026-07-16 22:10,1784239800,1.1471,1.1471,1.14705,1.14705,11
2026-07-16 22:15,1784240100,1.14705,1.14705,1.147,1.14705,6
2026-07-16 22:20,1784240400,1.147,1.14705,1.147,1.147,4
2026-07-16 22:25,1784240700,1.14695,1.147,1.14695,1.147,25
2026-07-16 22:30,1784241000,1.147,1.14705,1.147,1.147,22
2026-07-16 22:35,1784241300,1.14695,1.147,1.14695,1.147,11
2026-07-16 22:40,1784241600,1.14695,1.14695,1.14695,1.14695,1
2026-07-16 22:45,1784241900,1.1469,1.1469,1.14685,1.14685,42
2026-07-16 22:50,1784242200,1.14685,1.1469,1.14685,1.1469,13
2026-07-16 22:55,1784242500,1.1469,1.147,1.1469,1.147,66
2026-07-16 23:00,1784242800,1.147,1.14705,1.147,1.147,18
2026-07-16 23:05,1784243100,1.14695,1.14695,1.14695,1.14695,57
2026-07-16 23:10,1784243400,1.14695,1.14705,1.1469,1.14705,119
2026-07-16 23:15,1784243700,1.14705,1.14705,1.14705,1.14705,3
2026-07-16 23:25,1784244300,1.14705,1.1472,1.14705,1.14715,76
2026-07-16 23:30,1784244600,1.1471,1.1471,1.1471,1.1471,40
2026-07-16 23:35,1784244900,1.14715,1.14725,1.14715,1.14725,36
2026-07-16 23:40,1784245200,1.14725,1.14725,1.14715,1.14715,48
2026-07-16 23:45,1784245500,1.1471,1.1471,1.14705,1.14705,33
2026-07-16 23:50,1784245800,1.14705,1.14705,1.147,1.14705,46
2026-07-16 23:55,1784246100,1.14705,1.14715,1.14705,1.14715,33
2026-07-17 00:00,1784246400,1.1472,1.14725,1.1471,1.14715,134
2026-07-17 00:05,1784246700,1.14715,1.14725,1.1471,1.14715,66
2026-07-17 00:10,1784247000,1.14705,1.1471,1.14705,1.14705,37
2026-07-17 00:15,1784247300,1.1471,1.1472,1.1471,1.1471,70
2026-07-17 00:20,1784247600,1.14705,1.14705,1.1469,1.14695,43
2026-07-17 00:25,1784247900,1.14695,1.14695,1.1468,1.14685,83
2026-07-17 00:30,1784248200,1.1468,1.1469,1.14675,1.14685,114
2026-07-17 00:35,1784248500,1.14685,1.14695,1.14685,1.14685,107
2026-07-17 00:40,1784248800,1.14685,1.14685,1.1468,1.1468,34
2026-07-17 00:45,1784249100,1.1468,1.1469,1.1468,1.1469,40
2026-07-17 00:50,1784249400,1.1469,1.1472,1.1469,1.14715,558
2026-07-17 00:55,1784249700,1.14715,1.14735,1.147,1.1473,880
2026-07-17 01:00,1784250000,1.14735,1.1474,1.14725,1.1473,356
2026-07-17 01:05,1784250300,1.14725,1.14735,1.1471,1.14715,76
2026-07-17 01:10,1784250600,1.1472,1.1472,1.147,1.1471,44
2026-07-17 01:15,1784250900,1.1471,1.14725,1.1471,1.14725,112
2026-07-17 01:20,1784251200,1.1472,1.1473,1.14715,1.14715,37
2026-07-17 01:25,1784251500,1.14715,1.14715,1.14695,1.14695,97
2026-07-17 01:30,1784251800,1.147,1.14705,1.14695,1.147,84
2026-07-17 01:35,1784252100,1.1469,1.1469,1.14685,1.14685,85
2026-07-17 01:40,1784252400,1.14685,1.14695,1.14685,1.14695,31
2026-07-17 01:45,1784252700,1.1469,1.1469,1.14665,1.1467,128
2026-07-17 01:50,1784253000,1.1467,1.1467,1.1464,1.14645,486
2026-07-17 01:55,1784253300,1.14645,1.14655,1.1464,1.1465,160
2026-07-17 02:00,1784253600,1.14655,1.14675,1.14655,1.1466,182
2026-07-17 02:05,1784253900,1.14655,1.1467,1.14655,1.1467,167
2026-07-17 02:10,1784254200,1.1467,1.14675,1.14665,1.14665,29
2026-07-17 02:15,1784254500,1.14675,1.14675,1.1467,1.14675,28
2026-07-17 02:20,1784254800,1.1467,1.14675,1.1466,1.14675,42
2026-07-17 02:25,1784255100,1.1467,1.1467,1.14655,1.14655,42
2026-07-17 02:30,1784255400,1.14655,1.1466,1.14635,1.1464,43
2026-07-17 02:35,1784255700,1.1464,1.14645,1.1463,1.14635,119
2026-07-17 02:40,1784256000,1.1464,1.1464,1.14635,1.14635,28
2026-07-17 02:45,1784256300,1.1464,1.1465,1.14635,1.1465,57
2026-07-17 02:50,1784256600,1.1465,1.14655,1.14635,1.14635,101
2026-07-17 02:55,1784256900,1.14635,1.1464,1.1463,1.1463,93
2026-07-17 03:00,1784257200,1.14635,1.14645,1.1463,1.14645,174
2026-07-17 03:05,1784257500,1.14645,1.14665,1.14645,1.14645,143
2026-07-17 03:10,1784257800,1.14645,1.14645,1.1464,1.1464,43
2026-07-17 03:15,1784258100,1.14645,1.14665,1.14645,1.1466,85
2026-07-17 03:20,1784258400,1.14665,1.14665,1.1465,1.1465,61
2026-07-17 03:25,1784258700,1.1465,1.14655,1.14645,1.14655,21
2026-07-17 03:30,1784259000,1.14655,1.1466,1.1464,1.14645,120
2026-07-17 03:35,1784259300,1.1465,1.1465,1.1463,1.1463,56
2026-07-17 03:40,1784259600,1.1463,1.14635,1.14625,1.14625,22
2026-07-17 03:45,1784259900,1.1463,1.1463,1.1462,1.1463,103
2026-07-17 03:50,1784260200,1.1463,1.14655,1.14625,1.14655,161
2026-07-17 03:55,1784260500,1.14655,1.14655,1.1465,1.14655,60
2026-07-17 04:05,1784261100,1.14645,1.14645,1.1464,1.1464,114
2026-07-17 04:10,1784261400,1.14645,1.14645,1.1464,1.1464,118
2026-07-17 04:15,1784261700,1.14645,1.14645,1.1464,1.1464,25
2026-07-17 04:20,1784262000,1.14645,1.1465,1.1464,1.1464,31
2026-07-17 04:25,1784262300,1.14635,1.14635,1.14625,1.14625,71
2026-07-17 04:30,1784262600,1.1463,1.1464,1.14625,1.1463,64
2026-07-17 04:35,1784262900,1.14635,1.14645,1.14635,1.1464,46
2026-07-17 04:40,1784263200,1.14635,1.14635,1.14625,1.1463,123
2026-07-17 04:45,1784263500,1.14635,1.1464,1.14625,1.14625,58
2026-07-17 04:50,1784263800,1.1462,1.14625,1.1461,1.14625,112
2026-07-17 04:55,1784264100,1.14625,1.14625,1.14625,1.14625,46
2026-07-17 05:00,1784264400,1.1462,1.1463,1.14615,1.1463,189
2026-07-17 05:05,1784264700,1.14635,1.14635,1.1462,1.1463,68
2026-07-17 05:10,1784265000,1.14625,1.14635,1.14625,1.14635,92
2026-07-17 05:15,1784265300,1.14625,1.1464,1.1462,1.14635,187
2026-07-17 05:20,1784265600,1.14635,1.1464,1.14625,1.14625,88
2026-07-17 05:25,1784265900,1.14625,1.14635,1.14625,1.14635,160
2026-07-17 05:30,1784266200,1.14635,1.14655,1.14635,1.14655,154
2026-07-17 05:35,1784266500,1.14655,1.14685,1.1465,1.14685,200
2026-07-17 05:40,1784266800,1.14675,1.14695,1.1467,1.1468,205
2026-07-17 05:45,1784267100,1.1468,1.1469,1.14675,1.1469,209
2026-07-17 05:50,1784267400,1.14685,1.14695,1.1468,1.1469,158
2026-07-17 05:55,1784267700,1.14685,1.14685,1.14655,1.1466,241
2026-07-17 06:00,1784268000,1.14665,1.14685,1.14655,1.14685,169
2026-07-17 06:05,1784268300,1.14685,1.1469,1.14665,1.1467,176
2026-07-17 06:10,1784268600,1.14675,1.1472,1.1467,1.1472,254
2026-07-17 06:15,1784268900,1.14725,1.1475,1.14725,1.14745,660
2026-07-17 06:20,1784269200,1.14745,1.14765,1.14725,1.14765,341
2026-07-17 06:25,1784269500,1.1477,1.14775,1.1475,1.1475,413
2026-07-17 06:30,1784269800,1.14745,1.14765,1.1474,1.14765,228
2026-07-17 06:35,1784270100,1.1476,1.1476,1.14755,1.1476,165
2026-07-17 06:40,1784270400,1.14765,1.1478,1.14755,1.1476,342
2026-07-17 06:45,1784270700,1.14755,1.1478,1.1475,1.14755,957
2026-07-17 06:50,1784271000,1.1475,1.14765,1.1475,1.1476,298
2026-07-17 06:55,1784271300,1.1476,1.14785,1.1475,1.14765,552
2026-07-17 07:00,1784271600,1.1476,1.14785,1.1476,1.1478,711
2026-07-17 07:05,1784271900,1.1478,1.14785,1.1474,1.14745,383
2026-07-17 07:10,1784272200,1.1475,1.1476,1.14735,1.1476,366
2026-07-17 07:15,1784272500,1.14755,1.14755,1.1472,1.1472,401
2026-07-17 07:20,1784272800,1.1472,1.1472,1.1471,1.14715,288
2026-07-17 07:25,1784273100,1.14715,1.14735,1.1471,1.1473,385
2026-07-17 07:30,1784273400,1.14735,1.1476,1.1472,1.1472,297
2026-07-17 07:35,1784273700,1.1472,1.14725,1.1471,1.14725,239
2026-07-17 07:40,1784274000,1.1473,1.1473,1.1471,1.1473,197
2026-07-17 07:45,1784274300,1.1473,1.14755,1.1473,1.1475,261
2026-07-17 07:50,1784274600,1.1475,1.14755,1.1473,1.1474,434
2026-07-17 07:55,1784274900,1.1474,1.1474,1.14715,1.14715,512
2026-07-17 08:00,1784275200,1.14715,1.1474,1.14715,1.1474,389
2026-07-17 08:05,1784275500,1.14735,1.1474,1.14725,1.14725,498
2026-07-17 08:10,1784275800,1.14725,1.14725,1.1467,1.1467,756
2026-07-17 08:15,1784276100,1.1467,1.1467,1.1462,1.14625,1784
2026-07-17 08:20,1784276400,1.1463,1.1467,1.1463,1.1466,661
2026-07-17 08:25,1784276700,1.14655,1.14675,1.14645,1.14665,526
2026-07-17 08:30,1784277000,1.14665,1.14705,1.1466,1.14695,601
2026-07-17 08:35,1784277300,1.1469,1.147,1.14685,1.14685,421
2026-07-17 08:40,1784277600,1.1468,1.1469,1.1466,1.1469,410
2026-07-17 08:45,1784277900,1.1469,1.14695,1.14675,1.1469,400
2026-07-17 08:50,1784278200,1.14685,1.1469,1.1466,1.14665,594
2026-07-17 08:55,1784278500,1.14665,1.14685,1.14665,1.14675,456
2026-07-17 09:00,1784278800,1.14675,1.14685,1.14645,1.1466,1337
2026-07-17 09:05,1784279100,1.1466,1.14685,1.14655,1.14685,286
2026-07-17 09:10,1784279400,1.1468,1.14685,1.1463,1.1465,759
2026-07-17 09:15,1784279700,1.14645,1.14655,1.1464,1.14645,267
2026-07-17 09:20,1784280000,1.1465,1.1467,1.1465,1.1467,229
2026-07-17 09:25,1784280300,1.14675,1.14695,1.1467,1.1468,423
2026-07-17 09:30,1784280600,1.1468,1.1468,1.14645,1.14645,277
2026-07-17 09:35,1784280900,1.1464,1.14645,1.14625,1.1463,130
2026-07-17 09:40,1784281200,1.14635,1.14645,1.14625,1.1464,245
2026-07-17 09:45,1784281500,1.1464,1.14665,1.1464,1.14655,256
2026-07-17 09:50,1784281800,1.14655,1.14665,1.1464,1.1466,397
2026-07-17 09:55,1784282100,1.14665,1.1467,1.1466,1.14665,216
2026-07-17 10:00,1784282400,1.14665,1.14665,1.14625,1.14635,438
2026-07-17 10:05,1784282700,1.1464,1.1465,1.14635,1.1464,351
2026-07-17 10:10,1784283000,1.14645,1.14655,1.1464,1.14655,133
2026-07-17 10:15,1784283300,1.14655,1.14665,1.14615,1.1462,272
2026-07-17 10:20,1784283600,1.1462,1.1463,1.1459,1.14595,544
2026-07-17 10:25,1784283900,1.14595,1.146,1.1458,1.14585,540
2026-07-17 10:30,1784284200,1.1459,1.146,1.1458,1.14585,402
2026-07-17 10:35,1784284500,1.1459,1.1459,1.14585,1.14585,114
2026-07-17 10:40,1784284800,1.1458,1.1459,1.1457,1.1459,246
2026-07-17 10:45,1784285100,1.14585,1.14595,1.1457,1.1458,193
2026-07-17 10:50,1784285400,1.14585,1.14585,1.1453,1.1458,1071
2026-07-17 10:55,1784285700,1.1458,1.1459,1.14525,1.14535,937
2026-07-17 11:00,1784286000,1.14535,1.1455,1.14515,1.1452,549
2026-07-17 11:05,1784286300,1.14525,1.1455,1.14505,1.1455,409
2026-07-17 11:10,1784286600,1.1455,1.14565,1.14545,1.1455,334
2026-07-17 11:15,1784286900,1.14555,1.1457,1.1454,1.1456,297
2026-07-17 11:20,1784287200,1.14565,1.14565,1.1454,1.1455,287
2026-07-17 11:25,1784287500,1.1455,1.1457,1.14545,1.14565,352
2026-07-17 11:30,1784287800,1.1457,1.1459,1.14565,1.1459,402
2026-07-17 11:35,1784288100,1.1459,1.1462,1.1459,1.14615,614
2026-07-17 11:40,1784288400,1.1462,1.1462,1.14595,1.146,248
2026-07-17 11:45,1784288700,1.14595,1.1461,1.1458,1.1458,285
2026-07-17 11:50,1784289000,1.1458,1.14595,1.14555,1.14595,581
2026-07-17 11:55,1784289300,1.14585,1.14585,1.1456,1.1456,365
2026-07-17 12:00,1784289600,1.1457,1.14605,1.1456,1.1459,572
2026-07-17 12:05,1784289900,1.1459,1.1462,1.14585,1.1461,576
2026-07-17 12:10,1784290200,1.14615,1.14615,1.1458,1.1459,281
2026-07-17 12:15,1784290500,1.14595,1.14595,1.1457,1.14585,163
2026-07-17 12:20,1784290800,1.14585,1.146,1.1457,1.14595,252
2026-07-17 12:25,1784291100,1.14595,1.1461,1.1459,1.1461,797
2026-07-17 12:30,1784291400,1.14605,1.14605,1.14545,1.14545,598
2026-07-17 12:35,1784291700,1.1455,1.1456,1.14535,1.1454,362
2026-07-17 12:40,1784292000,1.1454,1.14545,1.14525,1.14535,499
2026-07-17 12:45,1784292300,1.1453,1.1456,1.14515,1.1455,416
2026-07-17 12:50,1784292600,1.1455,1.14555,1.1453,1.1453,278
2026-07-17 12:55,1784292900,1.14535,1.14555,1.1453,1.1455,409
2026-07-17 13:00,1784293200,1.14555,1.14565,1.1452,1.14535,1076
2026-07-17 13:05,1784293500,1.1454,1.1455,1.14525,1.14545,354
2026-07-17 13:10,1784293800,1.14545,1.1458,1.1454,1.1456,668
2026-07-17 13:15,1784294100,1.1456,1.1456,1.1451,1.1452,1212
2026-07-17 13:20,1784294400,1.14525,1.14545,1.1451,1.14525,1335
2026-07-17 13:25,1784294700,1.14525,1.14545,1.14515,1.1452,633
2026-07-17 13:30,1784295000,1.1452,1.1456,1.14515,1.1456,591
2026-07-17 13:35,1784295300,1.1456,1.14595,1.14555,1.14585,1212
2026-07-17 13:40,1784295600,1.14585,1.14585,1.1456,1.14585,855
2026-07-17 13:45,1784295900,1.1458,1.146,1.1457,1.14595,755
2026-07-17 13:50,1784296200,1.14595,1.1464,1.14595,1.1461,1038
2026-07-17 13:55,1784296500,1.1462,1.1463,1.14605,1.14625,986
2026-07-17 14:00,1784296800,1.1463,1.1464,1.14595,1.14615,3302
2026-07-17 14:05,1784297100,1.14615,1.1464,1.1461,1.14625,2740
2026-07-17 14:10,1784297400,1.1462,1.14635,1.1462,1.1463,810
2026-07-17 14:15,1784297700,1.1463,1.14675,1.1463,1.1467,1485
2026-07-17 14:20,1784298000,1.1467,1.14675,1.1465,1.1465,493
2026-07-17 14:25,1784298300,1.14655,1.1466,1.1461,1.14615,781
2026-07-17 14:30,1784298600,1.1462,1.14645,1.14615,1.1463,634
2026-07-17 14:35,1784298900,1.1463,1.1465,1.1462,1.14645,517
2026-07-17 14:40,1784299200,1.1465,1.1469,1.14645,1.14685,1421
2026-07-17 14:45,1784299500,1.1468,1.14705,1.14675,1.1468,792
2026-07-17 14:50,1784299800,1.1468,1.14685,1.14665,1.14675,566
2026-07-17 14:55,1784300100,1.1467,1.1467,1.14645,1.1466,1551
2026-07-17 15:00,1784300400,1.14665,1.14685,1.1465,1.14685,992
2026-07-17 15:05,1784300700,1.14685,1.14695,1.1468,1.14685,284
2026-07-17 15:10,1784301000,1.1468,1.1469,1.1465,1.1466,1121
2026-07-17 15:15,1784301300,1.1466,1.14675,1.14655,1.1467,426
2026-07-17 15:20,1784301600,1.1467,1.1471,1.1467,1.14685,1786
2026-07-17 15:25,1784301900,1.1469,1.1469,1.14675,1.14675,757
2026-07-17 15:30,1784302200,1.1468,1.14685,1.1466,1.14665,1876
2026-07-17 15:35,1784302500,1.14665,1.14685,1.1465,1.1467,1515
2026-07-17 15:40,1784302800,1.14665,1.14665,1.14635,1.14635,892
2026-07-17 15:45,1784303100,1.14635,1.14675,1.14635,1.1466,1761
2026-07-17 15:50,1784303400,1.14655,1.1467,1.14655,1.14655,502
2026-07-17 15:55,1784303700,1.1466,1.1467,1.1465,1.1466,1048
2026-07-17 16:00,1784304000,1.1466,1.14665,1.14605,1.14625,2904
2026-07-17 16:05,1784304300,1.14625,1.1466,1.1461,1.1466,872
2026-07-17 16:10,1784304600,1.14655,1.14665,1.1464,1.14665,643
2026-07-17 16:15,1784304900,1.14665,1.14665,1.14645,1.1465,276
2026-07-17 16:20,1784305200,1.1465,1.1466,1.1464,1.14655,277
2026-07-17 16:25,1784305500,1.14655,1.1468,1.1465,1.14675,417
2026-07-17 16:30,1784305800,1.1467,1.1468,1.1467,1.1467,220
2026-07-17 16:35,1784306100,1.1467,1.14675,1.1465,1.1466,324
2026-07-17 16:40,1784306400,1.1466,1.1467,1.1466,1.14665,261
2026-07-17 16:45,1784306700,1.14665,1.14665,1.14635,1.1465,591
2026-07-17 16:50,1784307000,1.1465,1.1466,1.14645,1.1466,233
2026-07-17 16:55,1784307300,1.14655,1.14655,1.1464,1.1465,265
2026-07-17 17:00,1784307600,1.1465,1.14655,1.1463,1.1464,606
2026-07-17 17:05,1784307900,1.1464,1.14645,1.1462,1.14625,376
2026-07-17 17:10,1784308200,1.14625,1.1463,1.14605,1.14615,219
2026-07-17 17:15,1784308500,1.1461,1.1462,1.14595,1.14595,804
2026-07-17 17:20,1784308800,1.146,1.14615,1.14595,1.146,924
2026-07-17 17:25,1784309100,1.14605,1.14625,1.146,1.1462,340
2026-07-17 17:30,1784309400,1.14625,1.14625,1.1461,1.14625,219
2026-07-17 17:35,1784309700,1.1462,1.14625,1.1461,1.14615,176
2026-07-17 17:40,1784310000,1.1461,1.14615,1.146,1.14605,126
2026-07-17 17:45,1784310300,1.14605,1.14615,1.146,1.14615,162
2026-07-17 17:50,1784310600,1.1461,1.14615,1.14605,1.14615,229
2026-07-17 17:55,1784310900,1.1461,1.14615,1.14605,1.1461,315
2026-07-17 18:00,1784311200,1.14605,1.1461,1.146,1.14605,213
2026-07-17 18:05,1784311500,1.14605,1.1462,1.14605,1.14615,260
2026-07-17 18:10,1784311800,1.14615,1.1463,1.1461,1.1462,614
2026-07-17 18:15,1784312100,1.14615,1.1463,1.1461,1.14625,309
2026-07-17 18:20,1784312400,1.1462,1.14635,1.1462,1.1462,386
2026-07-17 18:25,1784312700,1.1462,1.14635,1.1462,1.1463,114
2026-07-17 18:30,1784313000,1.14635,1.14635,1.1463,1.1463,117
2026-07-17 18:35,1784313300,1.14635,1.14635,1.14625,1.1463,77
2026-07-17 18:40,1784313600,1.14625,1.14625,1.1462,1.1462,128
2026-07-17 18:45,1784313900,1.14625,1.14625,1.14615,1.14615,317
2026-07-17 18:50,1784314200,1.14615,1.14625,1.14615,1.14625,180
2026-07-17 18:55,1784314500,1.14625,1.1463,1.14615,1.1462,1026
2026-07-17 19:00,1784314800,1.1462,1.14625,1.14615,1.1462,1101
2026-07-17 19:05,1784315100,1.1462,1.14625,1.1462,1.14625,2529
2026-07-17 19:10,1784315400,1.14625,1.1463,1.1462,1.1463,267
2026-07-17 19:15,1784315700,1.1462,1.1462,1.14615,1.1462,187
2026-07-17 19:20,1784316000,1.14615,1.1463,1.14615,1.14615,879
2026-07-17 19:25,1784316300,1.14615,1.14625,1.14605,1.14625,242
2026-07-17 19:30,1784316600,1.14625,1.1463,1.1462,1.14625,192
2026-07-17 19:35,1784316900,1.14625,1.1463,1.1461,1.1461,315
2026-07-17 19:40,1784317200,1.14605,1.14655,1.14605,1.1465,1000
2026-07-17 19:45,1784317500,1.14645,1.14655,1.1464,1.14645,352
2026-07-17 19:50,1784317800,1.14645,1.1466,1.14645,1.14655,204
2026-07-17 19:55,1784318100,1.1465,1.1468,1.1465,1.14675,805
2026-07-17 20:00,1784318400,1.1467,1.1469,1.1467,1.1467,818
2026-07-17 20:05,1784318700,1.1468,1.1468,1.14665,1.1467,72
2026-07-17 20:10,1784319000,1.14665,1.1467,1.14655,1.14655,112
2026-07-17 20:15,1784319300,1.14655,1.14665,1.14655,1.1466,61
2026-07-17 20:20,1784319600,1.14655,1.14655,1.1463,1.1464,181
2026-07-17 20:25,1784319900,1.14635,1.14645,1.14635,1.14645,99
2026-07-17 20:30,1784320200,1.1464,1.1465,1.14635,1.14645,104
2026-07-17 20:35,1784320500,1.14635,1.1464,1.14635,1.14635,19
2026-07-17 20:40,1784320800,1.14635,1.1464,1.1463,1.1464,43
2026-07-17 20:45,1784321100,1.14635,1.14645,1.1463,1.1464,99
2026-07-17 20:50,1784321400,1.14645,1.1465,1.14635,1.14645,114
2026-07-17 20:55,1784321700,1.1464,1.1466,1.1462,1.1462,146
2026-07-19 22:10,1784499000,1.1455,1.14565,1.14545,1.1456,228
2026-07-19 22:15,1784499300,1.1456,1.1457,1.1454,1.1455,326
2026-07-19 22:20,1784499600,1.14545,1.14555,1.1454,1.1454,139
2026-07-19 22:25,1784499900,1.14535,1.14535,1.1452,1.14535,178
2026-07-19 22:30,1784500200,1.1453,1.1456,1.14525,1.1455,430
2026-07-19 22:35,1784500500,1.1454,1.1455,1.1454,1.14545,67
2026-07-19 22:40,1784500800,1.1454,1.1455,1.1454,1.1454,44
2026-07-19 22:45,1784501100,1.1454,1.1454,1.14535,1.14535,5
2026-07-19 22:50,1784501400,1.14535,1.14535,1.14525,1.14525,78
2026-07-19 22:55,1784501700,1.14525,1.1453,1.1452,1.14525,77
2026-07-19 23:00,1784502000,1.14525,1.14525,1.1451,1.1451,354
2026-07-19 23:05,1784502300,1.14515,1.1452,1.1451,1.1452,132
2026-07-19 23:10,1784502600,1.1452,1.1452,1.14505,1.14505,146
2026-07-19 23:15,1784502900,1.1451,1.14515,1.14495,1.145,367
2026-07-19 23:20,1784503200,1.145,1.14505,1.1449,1.14505,156
2026-07-19 23:25,1784503500,1.14505,1.14515,1.145,1.14515,82
2026-07-19 23:30,1784503800,1.1451,1.1451,1.14505,1.14505,58
2026-07-19 23:35,1784504100,1.1451,1.1452,1.14505,1.1451,67
2026-07-19 23:40,1784504400,1.14515,1.14525,1.1451,1.14525,58
2026-07-19 23:45,1784504700,1.14525,1.1453,1.1451,1.1453,129
2026-07-19 23:50,1784505000,1.1453,1.14535,1.1451,1.14515,160
2026-07-19 23:55,1784505300,1.1452,1.1453,1.1452,1.1453,62
2026-07-20 00:00,1784505600,1.14535,1.1455,1.14525,1.14545,286
2026-07-20 00:05,1784505900,1.1455,1.1457,1.14545,1.1456,177
2026-07-20 00:10,1784506200,1.1456,1.14565,1.1455,1.14555,149
2026-07-20 00:15,1784506500,1.14555,1.14575,1.14555,1.1457,253
2026-07-20 00:20,1784506800,1.14575,1.14585,1.1456,1.1458,378
2026-07-20 00:25,1784507100,1.1458,1.1459,1.1457,1.1458,99
2026-07-20 00:30,1784507400,1.14575,1.14575,1.14565,1.1457,75
2026-07-20 00:35,1784507700,1.14565,1.14575,1.1456,1.14565,82
2026-07-20 00:40,1784508000,1.14565,1.14575,1.14565,1.14575,86
2026-07-20 00:45,1784508300,1.14575,1.1458,1.1457,1.14575,71
2026-07-20 00:50,1784508600,1.1458,1.1459,1.14575,1.1459,105
2026-07-20 00:55,1784508900,1.14585,1.14595,1.14585,1.14595,122
2026-07-20 01:00,1784509200,1.14595,1.14615,1.14595,1.1461,271
2026-07-20 01:05,1784509500,1.14605,1.14615,1.14595,1.1461,129
2026-07-20 01:10,1784509800,1.14605,1.1461,1.14565,1.14575,245
2026-07-20 01:15,1784510100,1.14575,1.14585,1.14575,1.14575,130
2026-07-20 01:20,1784510400,1.14575,1.1459,1.1457,1.1459,143
2026-07-20 01:25,1784510700,1.1459,1.146,1.14585,1.146,122
2026-07-20 01:30,1784511000,1.14605,1.14615,1.14595,1.146,147
2026-07-20 01:35,1784511300,1.146,1.14605,1.14595,1.146,83
2026-07-20 01:40,1784511600,1.14595,1.14605,1.1457,1.14585,615
2026-07-20 01:45,1784511900,1.14585,1.14595,1.1458,1.1459,134
2026-07-20 01:50,1784512200,1.1459,1.14595,1.1458,1.14595,103
2026-07-20 01:55,1784512500,1.14595,1.1462,1.14595,1.1462,190
2026-07-20 02:00,1784512800,1.14615,1.1463,1.14605,1.1462,359
2026-07-20 02:05,1784513100,1.14625,1.14635,1.14615,1.14625,133
2026-07-20 02:10,1784513400,1.14625,1.14635,1.14615,1.14625,126
2026-07-20 02:15,1784513700,1.14625,1.14625,1.1462,1.1462,53
2026-07-20 02:20,1784514000,1.14625,1.1463,1.14625,1.14625,32
2026-07-20 02:25,1784514300,1.1463,1.1465,1.1463,1.1465,92
2026-07-20 02:30,1784514600,1.1465,1.1465,1.1464,1.14645,35
2026-07-20 02:35,1784514900,1.14645,1.14655,1.14635,1.1465,116
2026-07-20 02:40,1784515200,1.1465,1.14685,1.1465,1.14665,637
2026-07-20 02:45,1784515500,1.14665,1.14675,1.14655,1.14675,89
2026-07-20 02:50,1784515800,1.1468,1.1468,1.14675,1.1468,66
2026-07-20 02:55,1784516100,1.14675,1.14675,1.14665,1.1467,19
2026-07-20 03:00,1784516400,1.1467,1.1467,1.1466,1.14665,63
2026-07-20 03:05,1784516700,1.14665,1.1467,1.14655,1.1466,74
2026-07-20 03:10,1784517000,1.1466,1.1467,1.1466,1.14665,24
2026-07-20 03:15,1784517300,1.14665,1.1467,1.14665,1.1467,20
2026-07-20 03:20,1784517600,1.1467,1.14675,1.1467,1.1467,43
2026-07-20 03:25,1784517900,1.1467,1.1467,1.14665,1.14665,16
2026-07-20 03:30,1784518200,1.1467,1.14675,1.14665,1.1467,36
2026-07-20 03:35,1784518500,1.1467,1.1467,1.14665,1.1467,17
2026-07-20 03:40,1784518800,1.1467,1.14685,1.1467,1.14685,41
2026-07-20 03:45,1784519100,1.14685,1.14685,1.14675,1.1468,11
2026-07-20 03:50,1784519400,1.14675,1.1468,1.14675,1.1468,8
2026-07-20 03:55,1784519700,1.1468,1.1468,1.14675,1.14675,22
2026-07-20 04:00,1784520000,1.1468,1.1468,1.14675,1.1468,150
2026-07-20 04:05,1784520300,1.14675,1.14675,1.14675,1.14675,130
2026-07-20 04:10,1784520600,1.1468,1.14695,1.1468,1.14685,165
2026-07-20 04:15,1784520900,1.14685,1.1469,1.14685,1.14685,44
2026-07-20 04:20,1784521200,1.14685,1.1469,1.1468,1.1469,120
2026-07-20 04:25,1784521500,1.14695,1.147,1.14695,1.147,249
2026-07-20 04:30,1784521800,1.147,1.147,1.14695,1.147,47
2026-07-20 04:35,1784522100,1.147,1.1471,1.14695,1.14705,157
2026-07-20 04:40,1784522400,1.147,1.14705,1.147,1.14705,27
2026-07-20 04:45,1784522700,1.14705,1.14705,1.147,1.147,22
2026-07-20 04:50,1784523000,1.14705,1.1471,1.147,1.14705,62
2026-07-20 04:55,1784523300,1.14705,1.14705,1.147,1.147,130
2026-07-20 05:00,1784523600,1.147,1.14705,1.1469,1.14695,128
2026-07-20 05:05,1784523900,1.14695,1.14695,1.14695,1.14695,6
2026-07-20 05:10,1784524200,1.14695,1.14695,1.14685,1.1469,49
2026-07-20 05:15,1784524500,1.1469,1.14695,1.14685,1.14685,30
2026-07-20 05:20,1784524800,1.14685,1.1469,1.1468,1.14685,135
2026-07-20 05:25,1784525100,1.14685,1.14685,1.1468,1.1468,56
2026-07-20 05:30,1784525400,1.14675,1.14675,1.1467,1.1467,33
2026-07-20 05:35,1784525700,1.1467,1.1467,1.14665,1.14665,225
2026-07-20 05:40,1784526000,1.14665,1.14675,1.1466,1.14665,45
2026-07-20 05:45,1784526300,1.1466,1.1467,1.1466,1.1466,37
2026-07-20 05:50,1784526600,1.1466,1.1468,1.1466,1.1468,107
2026-07-20 05:55,1784526900,1.1468,1.1468,1.1466,1.1466,57
2026-07-20 06:00,1784527200,1.14665,1.1468,1.1466,1.14675,1276
2026-07-20 06:05,1784527500,1.1467,1.1467,1.14635,1.1464,240
2026-07-20 06:10,1784527800,1.14635,1.14635,1.1462,1.1463,237
2026-07-20 06:15,1784528100,1.1463,1.1465,1.14625,1.14635,125
2026-07-20 06:20,1784528400,1.1464,1.1465,1.14635,1.1464,191
2026-07-20 06:25,1784528700,1.14635,1.14635,1.14625,1.14625,329
2026-07-20 06:30,1784529000,1.14625,1.14625,1.146,1.14615,366
2026-07-20 06:35,1784529300,1.1461,1.1464,1.14605,1.1464,164
2026-07-20 06:40,1784529600,1.1464,1.1465,1.14615,1.14615,466
2026-07-20 06:45,1784529900,1.1462,1.14655,1.1462,1.14635,461
2026-07-20 06:50,1784530200,1.1464,1.1464,1.14625,1.14635,144
2026-07-20 06:55,1784530500,1.14635,1.1464,1.14605,1.14615,214
2026-07-20 07:00,1784530800,1.1461,1.1465,1.14605,1.14645,621
2026-07-20 07:05,1784531100,1.1465,1.1465,1.1462,1.1462,393
2026-07-20 07:10,1784531400,1.1462,1.1462,1.146,1.1461,406
2026-07-20 07:15,1784531700,1.14605,1.1463,1.146,1.1463,276
2026-07-20 07:20,1784532000,1.14625,1.14675,1.14625,1.14665,686
2026-07-20 07:25,1784532300,1.14665,1.1468,1.1466,1.1468,558
2026-07-20 07:30,1784532600,1.1468,1.1475,1.1468,1.1475,1751
2026-07-20 07:35,1784532900,1.14745,1.1475,1.14725,1.1474,690
2026-07-20 07:40,1784533200,1.14735,1.1475,1.1473,1.1474,320
2026-07-20 07:45,1784533500,1.1474,1.14745,1.1472,1.1473,709
2026-07-20 07:50,1784533800,1.14725,1.14725,1.14695,1.14695,306
2026-07-20 07:55,1784534100,1.1469,1.14705,1.14685,1.147,811
2026-07-20 08:00,1784534400,1.147,1.14715,1.14695,1.14695,568
2026-07-20 08:05,1784534700,1.1469,1.14695,1.1468,1.1469,286
2026-07-20 08:10,1784535000,1.1469,1.14695,1.14675,1.1468,316
2026-07-20 08:15,1784535300,1.14685,1.1469,1.1467,1.1467,294
2026-07-20 08:20,1784535600,1.14665,1.14665,1.1465,1.1466,505
2026-07-20 08:25,1784535900,1.14665,1.14665,1.14635,1.14645,744
2026-07-20 08:30,1784536200,1.14645,1.14655,1.14635,1.1465,621
2026-07-20 08:35,1784536500,1.1465,1.14685,1.14645,1.14685,390
2026-07-20 08:40,1784536800,1.14685,1.14695,1.14665,1.14665,395
2026-07-20 08:45,1784537100,1.1467,1.1468,1.14665,1.1468,167
2026-07-20 08:50,1784537400,1.14675,1.14675,1.1464,1.14665,415
2026-07-20 08:55,1784537700,1.1467,1.14675,1.14645,1.1465,692
2026-07-20 09:00,1784538000,1.1465,1.1466,1.1462,1.14625,560
2026-07-20 09:05,1784538300,1.14625,1.14625,1.1459,1.14595,552
2026-07-20 09:10,1784538600,1.14595,1.1461,1.14595,1.14605,270
2026-07-20 09:15,1784538900,1.146,1.1461,1.1458,1.1458,424
2026-07-20 09:20,1784539200,1.1458,1.14605,1.14575,1.14605,383
2026-07-20 09:25,1784539500,1.146,1.14605,1.14565,1.1457,368
2026-07-20 09:30,1784539800,1.1457,1.14585,1.14565,1.14575,292
2026-07-20 09:35,1784540100,1.14575,1.1458,1.1456,1.1456,241
2026-07-20 09:40,1784540400,1.1456,1.1458,1.14555,1.14575,295
2026-07-20 09:45,1784540700,1.14575,1.14575,1.14555,1.1456,223
2026-07-20 09:50,1784541000,1.14555,1.1457,1.1455,1.1456,208
2026-07-20 09:55,1784541300,1.14555,1.14565,1.14535,1.1456,618
2026-07-20 10:00,1784541600,1.1456,1.14565,1.14545,1.14555,536
2026-07-20 10:05,1784541900,1.14555,1.14575,1.14545,1.14575,267
2026-07-20 10:10,1784542200,1.14575,1.1459,1.14575,1.1458,363
2026-07-20 10:15,1784542500,1.14575,1.1458,1.1457,1.14575,160
2026-07-20 10:20,1784542800,1.14575,1.1458,1.1457,1.14575,138
2026-07-20 10:25,1784543100,1.1458,1.14585,1.14575,1.1458,260
2026-07-20 10:30,1784543400,1.14575,1.146,1.14575,1.14595,329
2026-07-20 10:35,1784543700,1.14595,1.14615,1.14595,1.14615,308
2026-07-20 10:40,1784544000,1.14615,1.1462,1.146,1.14605,311
2026-07-20 10:45,1784544300,1.14605,1.1461,1.14595,1.14595,100
2026-07-20 10:50,1784544600,1.14595,1.14595,1.14585,1.1459,102
2026-07-20 10:55,1784544900,1.14595,1.14605,1.14565,1.1457,211
2026-07-20 11:00,1784545200,1.14575,1.14595,1.1457,1.1457,281
2026-07-20 11:05,1784545500,1.1457,1.1457,1.14555,1.1456,202
2026-07-20 11:10,1784545800,1.1456,1.14565,1.14545,1.14565,288
2026-07-20 11:15,1784546100,1.14565,1.14575,1.1456,1.1457,464
2026-07-20 11:20,1784546400,1.1457,1.1458,1.1457,1.1457,296
2026-07-20 11:25,1784546700,1.1457,1.14595,1.1457,1.1459,187
2026-07-20 11:30,1784547000,1.14595,1.14665,1.14595,1.14645,2892
2026-07-20 11:35,1784547300,1.14645,1.1465,1.14605,1.1462,571
2026-07-20 11:40,1784547600,1.1462,1.14625,1.14605,1.1461,388
2026-07-20 11:45,1784547900,1.14605,1.1461,1.1459,1.146,476
2026-07-20 11:50,1784548200,1.14595,1.146,1.14585,1.1459,264
2026-07-20 11:55,1784548500,1.14585,1.14585,1.14545,1.14555,756
2026-07-20 12:00,1784548800,1.1456,1.1456,1.1451,1.14545,2256
2026-07-20 12:05,1784549100,1.14545,1.1456,1.1451,1.1452,1422
2026-07-20 12:10,1784549400,1.14515,1.1452,1.1447,1.14485,984
2026-07-20 12:15,1784549700,1.14485,1.1449,1.1444,1.1445,668
2026-07-20 12:20,1784550000,1.1445,1.1446,1.1443,1.14455,1359
2026-07-20 12:25,1784550300,1.1446,1.1446,1.1443,1.1445,975
2026-07-20 12:30,1784550600,1.1445,1.1446,1.14425,1.1445,1275
2026-07-20 12:35,1784550900,1.14455,1.14495,1.1445,1.14485,767
2026-07-20 12:40,1784551200,1.1448,1.1448,1.14455,1.1446,677
2026-07-20 12:45,1784551500,1.1446,1.145,1.1446,1.145,604
2026-07-20 12:50,1784551800,1.145,1.14535,1.14495,1.1452,831
2026-07-20 12:55,1784552100,1.14515,1.1453,1.1449,1.145,411
2026-07-20 13:00,1784552400,1.145,1.14505,1.14465,1.1447,567
2026-07-20 13:05,1784552700,1.14465,1.1447,1.1444,1.1445,505
2026-07-20 13:10,1784553000,1.1445,1.1446,1.1445,1.1446,1663
2026-07-20 13:15,1784553300,1.14455,1.14455,1.1443,1.14435,397
2026-07-20 13:20,1784553600,1.1444,1.14455,1.14435,1.14455,459
2026-07-20 13:25,1784553900,1.14455,1.14465,1.1444,1.14455,464
2026-07-20 13:30,1784554200,1.14455,1.1446,1.1444,1.1445,482
2026-07-20 13:35,1784554500,1.1445,1.1445,1.1442,1.14435,579
2026-07-20 13:40,1784554800,1.14435,1.1444,1.144,1.1441,790
2026-07-20 13:45,1784555100,1.1441,1.14445,1.14405,1.14435,1005
2026-07-20 13:50,1784555400,1.1444,1.1444,1.1442,1.14435,608
2026-07-20 13:55,1784555700,1.1443,1.14445,1.14415,1.14415,585
2026-07-20 14:00,1784556000,1.14415,1.14425,1.14405,1.1441,722
2026-07-20 14:05,1784556300,1.14415,1.1442,1.144,1.144,715
2026-07-20 14:10,1784556600,1.14395,1.14405,1.1438,1.14405,901
2026-07-20 14:15,1784556900,1.14405,1.1444,1.14405,1.14425,984
2026-07-20 14:20,1784557200,1.14425,1.1443,1.1439,1.14395,850
2026-07-20 14:25,1784557500,1.144,1.14435,1.14385,1.14425,986
2026-07-20 14:30,1784557800,1.14425,1.14425,1.1437,1.1438,605
2026-07-20 14:35,1784558100,1.14375,1.14375,1.14355,1.14365,800
2026-07-20 14:40,1784558400,1.14365,1.14365,1.14325,1.14325,1010
2026-07-20 14:45,1784558700,1.14325,1.14365,1.14315,1.14355,1028
2026-07-20 14:50,1784559000,1.14355,1.14355,1.1432,1.1432,510
2026-07-20 14:55,1784559300,1.14315,1.14335,1.14285,1.14325,2314
2026-07-20 15:00,1784559600,1.14325,1.1435,1.14305,1.14345,2434
2026-07-20 15:05,1784559900,1.1435,1.14365,1.14335,1.1436,1444
2026-07-20 15:10,1784560200,1.1436,1.1436,1.1433,1.1433,536
2026-07-20 15:15,1784560500,1.1433,1.1433,1.1431,1.14315,493
2026-07-20 15:20,1784560800,1.1432,1.14345,1.14315,1.14345,577
2026-07-20 15:25,1784561100,1.14345,1.14355,1.1434,1.14355,697
2026-07-20 15:30,1784561400,1.1435,1.14365,1.1435,1.14355,939
2026-07-20 15:35,1784561700,1.14355,1.1437,1.1434,1.14345,727
2026-07-20 15:40,1784562000,1.14345,1.1435,1.1433,1.1434,475
2026-07-20 15:45,1784562300,1.1434,1.14375,1.1434,1.1437,425
2026-07-20 15:50,1784562600,1.1437,1.1438,1.1436,1.1436,273
2026-07-20 15:55,1784562900,1.14365,1.1438,1.14365,1.1437,283
2026-07-20 16:00,1784563200,1.1437,1.144,1.1437,1.1438,838
2026-07-20 16:05,1784563500,1.1438,1.1441,1.1438,1.1441,509
2026-07-20 16:10,1784563800,1.1441,1.1442,1.14405,1.14415,479
2026-07-20 16:15,1784564100,1.1442,1.1443,1.1441,1.1442,1561
2026-07-20 16:20,1784564400,1.14415,1.14425,1.14405,1.14415,304
2026-07-20 16:25,1784564700,1.14415,1.14415,1.14395,1.144,583
2026-07-20 16:30,1784565000,1.144,1.1441,1.144,1.144,220
2026-07-20 16:35,1784565300,1.14395,1.144,1.1439,1.1439,372
2026-07-20 16:40,1784565600,1.1439,1.14395,1.14335,1.1437,2049
2026-07-20 16:45,1784565900,1.1437,1.14375,1.14355,1.14375,265
2026-07-20 16:50,1784566200,1.1437,1.14375,1.14355,1.1437,332
2026-07-20 16:55,1784566500,1.1437,1.1438,1.14365,1.14375,279
2026-07-20 17:00,1784566800,1.1438,1.144,1.1438,1.1439,343
2026-07-20 17:05,1784567100,1.14385,1.14405,1.14385,1.14405,193
2026-07-20 17:10,1784567400,1.14405,1.14405,1.14375,1.1438,783
2026-07-20 17:15,1784567700,1.1438,1.144,1.1438,1.144,274
2026-07-20 17:20,1784568000,1.144,1.1441,1.14395,1.14405,138
2026-07-20 17:25,1784568300,1.14405,1.14415,1.14405,1.1441,180
2026-07-20 17:30,1784568600,1.14405,1.1441,1.144,1.14405,340
2026-07-20 17:35,1784568900,1.144,1.14405,1.1439,1.14395,177
2026-07-20 17:40,1784569200,1.1439,1.144,1.1439,1.14395,700
2026-07-20 17:45,1784569500,1.1439,1.144,1.14385,1.144,168
2026-07-20 17:50,1784569800,1.14395,1.14405,1.1439,1.14395,534
2026-07-20 17:55,1784570100,1.144,1.14405,1.14395,1.14395,340
2026-07-20 18:00,1784570400,1.144,1.14415,1.144,1.1441,138
2026-07-20 18:05,1784570700,1.1441,1.14425,1.14405,1.1442,185
2026-07-20 18:10,1784571000,1.1442,1.1443,1.1442,1.1443,298
2026-07-20 18:15,1784571300,1.1443,1.1445,1.1443,1.1444,1303
2026-07-20 18:20,1784571600,1.1444,1.14445,1.14425,1.14425,929
2026-07-20 18:25,1784571900,1.14425,1.14435,1.14425,1.14425,501
2026-07-20 18:30,1784572200,1.14435,1.14435,1.1441,1.1441,586
2026-07-20 18:35,1784572500,1.14415,1.1442,1.14415,1.1442,354
2026-07-20 18:40,1784572800,1.14415,1.14415,1.144,1.144,310
2026-07-20 18:45,1784573100,1.144,1.1441,1.1439,1.14405,520
2026-07-20 18:50,1784573400,1.14405,1.14405,1.14395,1.144,497
2026-07-20 18:55,1784573700,1.144,1.14415,1.1439,1.1441,3541
2026-07-20 19:00,1784574000,1.1441,1.14425,1.14405,1.14415,691
2026-07-20 19:05,1784574300,1.14415,1.1442,1.1441,1.1442,264
2026-07-20 19:10,1784574600,1.1442,1.1442,1.144,1.144,362
2026-07-20 19:15,1784574900,1.144,1.1441,1.1439,1.1441,249
2026-07-20 19:20,1784575200,1.1441,1.1442,1.14405,1.14415,149
2026-07-20 19:25,1784575500,1.14415,1.14435,1.14405,1.1443,1597
2026-07-20 19:30,1784575800,1.1443,1.1444,1.14425,1.1443,282
2026-07-20 19:35,1784576100,1.1443,1.1443,1.14415,1.1442,512
2026-07-20 19:40,1784576400,1.14425,1.1443,1.1442,1.1442,175
2026-07-20 19:45,1784576700,1.1442,1.1443,1.14415,1.1443,92
2026-07-20 19:50,1784577000,1.1443,1.14435,1.1442,1.1443,354
2026-07-20 19:55,1784577300,1.14425,1.14425,1.1441,1.1442,301
2026-07-20 20:00,1784577600,1.14415,1.1443,1.1441,1.1442,604
2026-07-20 20:05,1784577900,1.1442,1.1442,1.14395,1.144,103
2026-07-20 20:10,1784578200,1.14405,1.14405,1.144,1.14405,11
2026-07-20 20:15,1784578500,1.144,1.144,1.14385,1.14385,210
2026-07-20 20:20,1784578800,1.1439,1.14405,1.14385,1.14405,397
2026-07-20 20:25,1784579100,1.14405,1.1441,1.144,1.1441,42
2026-07-20 20:30,1784579400,1.14405,1.1441,1.14405,1.14405,21
2026-07-20 20:35,1784579700,1.14405,1.14405,1.14385,1.14385,127
2026-07-20 20:40,1784580000,1.1439,1.144,1.1439,1.14395,447
2026-07-20 20:45,1784580300,1.1439,1.14395,1.14385,1.1439,40
2026-07-20 20:50,1784580600,1.1439,1.14395,1.14385,1.14395,152
2026-07-20 20:55,1784580900,1.1439,1.14405,1.1439,1.14395,169
2026-07-20 22:00,1784584800,1.1439,1.1439,1.14365,1.14365,0
2026-07-20 22:05,1784585100,1.1436,1.1438,1.14355,1.1438,213
2026-07-20 22:10,1784585400,1.1438,1.1438,1.14375,1.1438,153
2026-07-20 22:15,1784585700,1.1438,1.1438,1.14375,1.1438,25
2026-07-20 22:20,1784586000,1.1438,1.14385,1.1438,1.14385,12
2026-07-20 22:25,1784586300,1.1438,1.1438,1.1437,1.14375,34
2026-07-20 22:30,1784586600,1.14375,1.14375,1.1437,1.14375,4
2026-07-20 22:35,1784586900,1.14375,1.14375,1.14375,1.14375,4
2026-07-20 22:40,1784587200,1.1438,1.1438,1.1437,1.14375,40
2026-07-20 22:45,1784587500,1.1438,1.1439,1.1438,1.14385,51
2026-07-20 22:50,1784587800,1.14385,1.14385,1.14385,1.14385,19
2026-07-20 22:55,1784588100,1.1439,1.1439,1.14385,1.14385,11
2026-07-20 23:00,1784588400,1.1439,1.1439,1.1438,1.1438,10
2026-07-20 23:05,1784588700,1.1438,1.14385,1.1438,1.14385,15
2026-07-20 23:10,1784589000,1.1439,1.14395,1.1439,1.14395,35
2026-07-20 23:15,1784589300,1.14395,1.14395,1.1439,1.1439,30
2026-07-20 23:20,1784589600,1.1439,1.1439,1.14385,1.14385,30
2026-07-20 23:25,1784589900,1.14385,1.14385,1.14385,1.14385,14
2026-07-20 23:30,1784590200,1.14385,1.1439,1.14385,1.1439,9
2026-07-20 23:35,1784590500,1.1439,1.1439,1.1439,1.1439,8
2026-07-20 23:45,1784591100,1.14385,1.14395,1.14385,1.1439,82
2026-07-20 23:50,1784591400,1.14395,1.144,1.1439,1.144,103
2026-07-20 23:55,1784591700,1.144,1.14415,1.14395,1.14415,244
2026-07-21 00:00,1784592000,1.1441,1.1444,1.1441,1.1443,377
2026-07-21 00:05,1784592300,1.14425,1.1443,1.1441,1.1442,157
2026-07-21 00:10,1784592600,1.1442,1.14425,1.1441,1.14415,72
2026-07-21 00:15,1784592900,1.14415,1.1442,1.144,1.14405,56
2026-07-21 00:20,1784593200,1.1441,1.1441,1.14375,1.14375,129
2026-07-21 00:25,1784593500,1.1438,1.14385,1.14375,1.14385,80
2026-07-21 00:30,1784593800,1.1438,1.1438,1.1437,1.1438,67
2026-07-21 00:35,1784594100,1.1438,1.14385,1.14375,1.14375,45
2026-07-21 00:40,1784594400,1.1438,1.14395,1.1438,1.14395,52
2026-07-21 00:45,1784594700,1.144,1.14415,1.144,1.14415,185
2026-07-21 00:50,1784595000,1.14415,1.14415,1.144,1.14405,212
2026-07-21 00:55,1784595300,1.14405,1.1441,1.1439,1.14395,133
2026-07-21 01:00,1784595600,1.14385,1.14395,1.1438,1.1439,108
2026-07-21 01:05,1784595900,1.14395,1.1441,1.14395,1.14395,76
2026-07-21 01:10,1784596200,1.144,1.14405,1.1439,1.1439,49
2026-07-21 01:15,1784596500,1.1439,1.14425,1.1439,1.1442,185
2026-07-21 01:20,1784596800,1.14415,1.14415,1.14385,1.1439,100
2026-07-21 01:25,1784597100,1.14395,1.1441,1.14385,1.14405,118
2026-07-21 01:30,1784597400,1.14405,1.14415,1.1439,1.14405,160
2026-07-21 01:35,1784597700,1.1441,1.1441,1.14385,1.14385,168
2026-07-21 01:40,1784598000,1.1439,1.1442,1.1439,1.14415,236
2026-07-21 01:45,1784598300,1.14415,1.1442,1.14405,1.14415,93
2026-07-21 01:50,1784598600,1.1441,1.1441,1.144,1.14405,141
2026-07-21 01:55,1784598900,1.14405,1.1441,1.144,1.144,37
2026-07-21 02:00,1784599200,1.14405,1.14415,1.14405,1.14405,56
2026-07-21 02:05,1784599500,1.14405,1.1442,1.14405,1.14405,34
2026-07-21 02:10,1784599800,1.14405,1.1441,1.14405,1.14405,83
2026-07-21 02:15,1784600100,1.144,1.1441,1.144,1.144,61
2026-07-21 02:20,1784600400,1.144,1.14415,1.144,1.14415,77
2026-07-21 02:25,1784600700,1.14415,1.14415,1.14395,1.14395,53
2026-07-21 02:30,1784601000,1.14395,1.144,1.14395,1.144,23
2026-07-21 02:35,1784601300,1.144,1.14405,1.144,1.144,25
2026-07-21 02:40,1784601600,1.144,1.144,1.14395,1.14395,18
2026-07-21 02:45,1784601900,1.1439,1.1439,1.1438,1.14385,87
2026-07-21 02:50,1784602200,1.1438,1.1438,1.1436,1.14365,157
2026-07-21 02:55,1784602500,1.14365,1.14375,1.14365,1.1437,54
2026-07-21 03:00,1784602800,1.1437,1.1438,1.14345,1.1435,146
2026-07-21 03:05,1784603100,1.1435,1.14355,1.1434,1.14355,43
2026-07-21 03:10,1784603400,1.1436,1.14365,1.14345,1.1435,61
2026-07-21 03:15,1784603700,1.1435,1.14365,1.1435,1.1436,51
2026-07-21 03:20,1784604000,1.14365,1.1437,1.1436,1.14365,58
2026-07-21 03:25,1784604300,1.1436,1.14365,1.1436,1.14365,40
2026-07-21 03:30,1784604600,1.1437,1.1438,1.1437,1.1438,63
2026-07-21 03:35,1784604900,1.1438,1.14385,1.1437,1.1438,42
2026-07-21 03:40,1784605200,1.14385,1.14385,1.1438,1.14385,39
2026-07-21 03:45,1784605500,1.1439,1.1441,1.1439,1.1441,100
2026-07-21 03:50,1784605800,1.14405,1.14405,1.14395,1.14395,21
2026-07-21 03:55,1784606100,1.1439,1.1439,1.14385,1.14385,40
2026-07-21 04:05,1784606700,1.144,1.144,1.144,1.144,105
2026-07-21 04:10,1784607000,1.144,1.14405,1.144,1.14405,58
2026-07-21 04:15,1784607300,1.14405,1.1441,1.14405,1.1441,96
2026-07-21 04:20,1784607600,1.1441,1.1441,1.14405,1.1441,22
2026-07-21 04:25,1784607900,1.14405,1.1441,1.14405,1.14405,32
2026-07-21 04:30,1784608200,1.144,1.1441,1.144,1.1441,75
2026-07-21 04:35,1784608500,1.1441,1.14415,1.1441,1.14415,29
2026-07-21 04:40,1784608800,1.1442,1.1442,1.1441,1.1442,22
2026-07-21 04:45,1784609100,1.14425,1.14425,1.1442,1.14425,15
2026-07-21 04:50,1784609400,1.1442,1.14435,1.1442,1.1443,128
2026-07-21 04:55,1784609700,1.1443,1.1444,1.1443,1.14435,94
2026-07-21 05:00,1784610000,1.14435,1.14435,1.14425,1.1443,112
2026-07-21 05:05,1784610300,1.14425,1.14445,1.1442,1.14445,104
2026-07-21 05:10,1784610600,1.1445,1.1445,1.14415,1.14415,88
2026-07-21 05:15,1784610900,1.14415,1.1443,1.14415,1.1443,54
2026-07-21 05:20,1784611200,1.1443,1.1443,1.1442,1.1442,91
2026-07-21 05:25,1784611500,1.1443,1.1443,1.14425,1.1443,22
2026-07-21 05:30,1784611800,1.1443,1.1445,1.1443,1.1444,359
2026-07-21 05:35,1784612100,1.14445,1.14455,1.1444,1.14455,83
2026-07-21 05:40,1784612400,1.14455,1.1447,1.14455,1.1447,151
2026-07-21 05:45,1784612700,1.1447,1.1447,1.14445,1.14445,70
2026-07-21 05:50,1784613000,1.14445,1.14455,1.1444,1.1445,237
2026-07-21 05:55,1784613300,1.14445,1.14445,1.14425,1.14435,175
2026-07-21 06:00,1784613600,1.1443,1.14465,1.14425,1.1446,470
2026-07-21 06:05,1784613900,1.14455,1.14455,1.1444,1.1445,316
2026-07-21 06:10,1784614200,1.1445,1.14455,1.14445,1.1445,134
2026-07-21 06:15,1784614500,1.14445,1.14455,1.14445,1.14455,83
2026-07-21 06:20,1784614800,1.1445,1.1448,1.14445,1.1447,378
2026-07-21 06:25,1784615100,1.14475,1.14475,1.14455,1.14465,210
2026-07-21 06:30,1784615400,1.14455,1.1446,1.14445,1.14455,95
2026-07-21 06:35,1784615700,1.1446,1.1448,1.14455,1.1446,230
2026-07-21 06:40,1784616000,1.1446,1.14485,1.1446,1.14475,700
2026-07-21 06:45,1784616300,1.1448,1.145,1.14475,1.14485,324
2026-07-21 06:50,1784616600,1.14485,1.14485,1.1446,1.1446,107
2026-07-21 06:55,1784616900,1.14465,1.1448,1.1446,1.1447,262
2026-07-21 07:00,1784617200,1.1447,1.14515,1.1447,1.1451,590
2026-07-21 07:05,1784617500,1.1451,1.1452,1.14505,1.1451,351
2026-07-21 07:10,1784617800,1.14505,1.14505,1.14475,1.14475,618
2026-07-21 07:15,1784618100,1.1448,1.14515,1.14475,1.14515,590
2026-07-21 07:20,1784618400,1.1452,1.14535,1.1451,1.1451,499
2026-07-21 07:25,1784618700,1.14505,1.14525,1.145,1.145,727
2026-07-21 07:30,1784619000,1.145,1.14505,1.1448,1.14505,347
2026-07-21 07:35,1784619300,1.14505,1.14505,1.14495,1.145,229
2026-07-21 07:40,1784619600,1.14495,1.14505,1.1448,1.14485,358
2026-07-21 07:45,1784619900,1.14485,1.1449,1.1448,1.14485,669
2026-07-21 07:50,1784620200,1.14485,1.14485,1.14465,1.1447,421
2026-07-21 07:55,1784620500,1.1447,1.1449,1.14465,1.14485,532
2026-07-21 08:00,1784620800,1.14485,1.14495,1.1447,1.1448,504
2026-07-21 08:05,1784621100,1.14485,1.145,1.14475,1.1449,513
2026-07-21 08:10,1784621400,1.1449,1.14495,1.1448,1.1449,349
2026-07-21 08:15,1784621700,1.1449,1.1451,1.1448,1.1451,280
2026-07-21 08:20,1784622000,1.1451,1.1452,1.1449,1.14505,243
2026-07-21 08:25,1784622300,1.14505,1.1451,1.1448,1.1448,480
2026-07-21 08:30,1784622600,1.1448,1.1448,1.14465,1.1447,399
2026-07-21 08:35,1784622900,1.1447,1.1448,1.1444,1.14475,690
2026-07-21 08:40,1784623200,1.1447,1.14495,1.1447,1.14485,229
2026-07-21 08:45,1784623500,1.1449,1.14495,1.14465,1.1447,301
2026-07-21 08:50,1784623800,1.1447,1.14485,1.1447,1.14475,397
2026-07-21 08:55,1784624100,1.1447,1.1447,1.1446,1.14465,394
2026-07-21 09:00,1784624400,1.1447,1.14485,1.1447,1.14485,207
2026-07-21 09:05,1784624700,1.14485,1.1449,1.14475,1.1448,314
2026-07-21 09:10,1784625000,1.14475,1.1448,1.1447,1.1448,242
2026-07-21 09:15,1784625300,1.1448,1.14505,1.1448,1.145,480
2026-07-21 09:20,1784625600,1.14505,1.14505,1.1448,1.1448,402
2026-07-21 09:25,1784625900,1.1448,1.14485,1.1446,1.1447,504
2026-07-21 09:30,1784626200,1.1447,1.1449,1.1446,1.1449,366
2026-07-21 09:35,1784626500,1.1449,1.14545,1.14485,1.1451,903
2026-07-21 09:40,1784626800,1.1451,1.1451,1.1449,1.14495,292
2026-07-21 09:45,1784627100,1.1449,1.14505,1.1449,1.14505,210
2026-07-21 09:50,1784627400,1.145,1.1451,1.145,1.1451,410
2026-07-21 09:55,1784627700,1.14505,1.14505,1.14485,1.14485,196
2026-07-21 10:00,1784628000,1.1448,1.145,1.14475,1.14485,303
2026-07-21 10:05,1784628300,1.14485,1.14495,1.1448,1.14495,217
2026-07-21 10:10,1784628600,1.145,1.14535,1.14495,1.14505,544
2026-07-21 10:15,1784628900,1.145,1.1451,1.14495,1.14505,112
2026-07-21 10:20,1784629200,1.145,1.1451,1.145,1.14505,221
2026-07-21 10:25,1784629500,1.14505,1.1453,1.14505,1.1453,393
2026-07-21 10:30,1784629800,1.14525,1.14535,1.1452,1.1453,190
2026-07-21 10:35,1784630100,1.14535,1.1454,1.14515,1.1452,243
2026-07-21 10:40,1784630400,1.14515,1.1452,1.145,1.14505,270
2026-07-21 10:45,1784630700,1.145,1.145,1.1448,1.14485,437
2026-07-21 10:50,1784631000,1.1448,1.14485,1.1446,1.1448,548
2026-07-21 10:55,1784631300,1.1448,1.14485,1.14455,1.1446,412
2026-07-21 11:00,1784631600,1.1446,1.1447,1.14455,1.1446,363
2026-07-21 11:05,1784631900,1.1446,1.14465,1.1443,1.1444,573
2026-07-21 11:10,1784632200,1.14435,1.1446,1.1442,1.1445,390
2026-07-21 11:15,1784632500,1.14455,1.1447,1.1445,1.1446,369
2026-07-21 11:20,1784632800,1.14455,1.14465,1.1444,1.1446,180
2026-07-21 11:25,1784633100,1.14455,1.1447,1.14455,1.14465,188
2026-07-21 11:30,1784633400,1.14465,1.14475,1.14455,1.1446,241
2026-07-21 11:35,1784633700,1.14455,1.14485,1.14455,1.1448,283
2026-07-21 11:40,1784634000,1.1448,1.14485,1.1447,1.1448,159
2026-07-21 11:45,1784634300,1.1448,1.1448,1.14465,1.14475,139
2026-07-21 11:50,1784634600,1.1448,1.1448,1.14435,1.14435,460
2026-07-21 11:55,1784634900,1.1444,1.1445,1.14435,1.1445,540
2026-07-21 12:00,1784635200,1.14445,1.1446,1.1442,1.1443,846
2026-07-21 12:05,1784635500,1.14435,1.14455,1.1443,1.1443,255
2026-07-21 12:10,1784635800,1.1443,1.1444,1.1442,1.1443,246
2026-07-21 12:15,1784636100,1.1443,1.14435,1.14405,1.14425,886
2026-07-21 12:20,1784636400,1.14435,1.14435,1.1442,1.14425,655
2026-07-21 12:25,1784636700,1.14425,1.1443,1.144,1.14415,481
2026-07-21 12:30,1784637000,1.14415,1.14445,1.14415,1.1444,792
2026-07-21 12:35,1784637300,1.14435,1.1444,1.1442,1.14425,237
2026-07-21 12:40,1784637600,1.14425,1.14425,1.1439,1.1441,806
2026-07-21 12:45,1784637900,1.1441,1.14445,1.14405,1.1444,1771
2026-07-21 12:50,1784638200,1.14435,1.14435,1.1441,1.14425,630
2026-07-21 12:55,1784638500,1.14425,1.1443,1.1441,1.1443,295
2026-07-21 13:00,1784638800,1.1443,1.1443,1.14395,1.1442,463
2026-07-21 13:05,1784639100,1.1442,1.1443,1.1442,1.1442,683
2026-07-21 13:10,1784639400,1.14415,1.14435,1.14415,1.14425,656
2026-07-21 13:15,1784639700,1.14425,1.14425,1.1438,1.1439,1561
2026-07-21 13:20,1784640000,1.1439,1.14395,1.14365,1.14365,1278
2026-07-21 13:25,1784640300,1.1437,1.1437,1.1435,1.14365,858
2026-07-21 13:30,1784640600,1.14365,1.14395,1.14355,1.1438,1400
2026-07-21 13:35,1784640900,1.14375,1.1438,1.14315,1.14335,1148
2026-07-21 13:40,1784641200,1.1433,1.1434,1.1431,1.1432,1189
2026-07-21 13:45,1784641500,1.1432,1.14385,1.14315,1.1438,1797
2026-07-21 13:50,1784641800,1.1438,1.1438,1.14345,1.14365,743
2026-07-21 13:55,1784642100,1.1437,1.1438,1.1436,1.14365,753
2026-07-21 14:00,1784642400,1.14375,1.1441,1.1437,1.1441,708
2026-07-21 14:05,1784642700,1.1441,1.14425,1.1441,1.1441,1360
2026-07-21 14:10,1784643000,1.14405,1.1445,1.14405,1.1445,1040
2026-07-21 14:15,1784643300,1.14445,1.14445,1.14405,1.14405,578
2026-07-21 14:20,1784643600,1.14405,1.14415,1.1439,1.14395,1001
2026-07-21 14:25,1784643900,1.1439,1.144,1.14355,1.1436,783
2026-07-21 14:30,1784644200,1.14355,1.1437,1.14315,1.14315,990
2026-07-21 14:35,1784644500,1.1432,1.14325,1.14295,1.1431,860
2026-07-21 14:40,1784644800,1.1431,1.14345,1.1431,1.14335,602
2026-07-21 14:45,1784645100,1.1434,1.14345,1.14305,1.1432,1189
2026-07-21 14:50,1784645400,1.1432,1.1432,1.1428,1.14305,1953
2026-07-21 14:55,1784645700,1.1431,1.14335,1.143,1.14315,4340
2026-07-21 15:00,1784646000,1.14315,1.1432,1.1429,1.14305,2313
2026-07-21 15:05,1784646300,1.1431,1.14315,1.14285,1.143,729
2026-07-21 15:10,1784646600,1.14305,1.14325,1.143,1.14315,536
2026-07-21 15:15,1784646900,1.14315,1.1435,1.14315,1.14345,1189
2026-07-21 15:20,1784647200,1.14345,1.1437,1.1434,1.1435,960
2026-07-21 15:25,1784647500,1.1435,1.1437,1.14345,1.1435,508
2026-07-21 15:30,1784647800,1.14345,1.14365,1.14335,1.14365,1173
2026-07-21 15:35,1784648100,1.14365,1.14375,1.14335,1.1434,792
2026-07-21 15:40,1784648400,1.14335,1.14345,1.14315,1.14315,738
2026-07-21 15:45,1784648700,1.1432,1.14325,1.14295,1.143,792
2026-07-21 15:50,1784649000,1.14305,1.1432,1.14305,1.14315,397
2026-07-21 15:55,1784649300,1.14315,1.1433,1.1431,1.1433,361
2026-07-21 16:00,1784649600,1.1433,1.14345,1.14325,1.14345,595
2026-07-21 16:05,1784649900,1.14345,1.1435,1.14335,1.14345,463
2026-07-21 16:10,1784650200,1.14345,1.14355,1.1433,1.14335,187
2026-07-21 16:15,1784650500,1.1434,1.1434,1.1433,1.14335,330
2026-07-21 16:20,1784650800,1.1434,1.14345,1.14335,1.14345,189
2026-07-21 16:25,1784651100,1.14345,1.14345,1.1433,1.1434,271
2026-07-21 16:30,1784651400,1.1434,1.1435,1.14325,1.1434,439
2026-07-21 16:35,1784651700,1.1434,1.14345,1.1433,1.14345,199
2026-07-21 16:40,1784652000,1.14345,1.14365,1.14345,1.14355,254
2026-07-21 16:45,1784652300,1.14355,1.14355,1.1435,1.14355,367
2026-07-21 16:50,1784652600,1.14355,1.14355,1.1434,1.1434,302
2026-07-21 16:55,1784652900,1.1434,1.1435,1.14335,1.1434,236
2026-07-21 17:00,1784653200,1.1434,1.1435,1.14335,1.1434,271
2026-07-21 17:05,1784653500,1.14335,1.1434,1.14325,1.14335,583
2026-07-21 17:10,1784653800,1.14335,1.1435,1.1433,1.14345,866
2026-07-21 17:15,1784654100,1.14345,1.14345,1.14335,1.1434,97
2026-07-21 17:20,1784654400,1.14345,1.1435,1.1434,1.1435,109
2026-07-21 17:25,1784654700,1.1435,1.1436,1.1435,1.1436,82
2026-07-21 17:30,1784655000,1.14365,1.14365,1.14355,1.14355,371
2026-07-21 17:35,1784655300,1.14355,1.14355,1.1434,1.14345,107
2026-07-21 17:40,1784655600,1.1434,1.1434,1.1433,1.14335,147
2026-07-21 17:45,1784655900,1.14335,1.14335,1.14325,1.14325,205
2026-07-21 17:50,1784656200,1.1433,1.14345,1.1433,1.1434,164
2026-07-21 17:55,1784656500,1.1434,1.1434,1.1432,1.14325,267
2026-07-21 18:00,1784656800,1.1433,1.1433,1.1429,1.1429,1394
2026-07-21 18:05,1784657100,1.1429,1.143,1.1427,1.14295,562
2026-07-21 18:10,1784657400,1.143,1.14305,1.14275,1.14275,287
2026-07-21 18:15,1784657700,1.1428,1.1428,1.1426,1.1427,383
2026-07-21 18:20,1784658000,1.14265,1.1427,1.14245,1.14265,578
2026-07-21 18:25,1784658300,1.14265,1.1429,1.14265,1.14285,291
2026-07-21 18:30,1784658600,1.14285,1.1429,1.14265,1.14265,263
2026-07-21 18:35,1784658900,1.1426,1.1426,1.1425,1.1426,445
2026-07-21 18:40,1784659200,1.14265,1.14275,1.14255,1.14275,263
2026-07-21 18:45,1784659500,1.1427,1.14285,1.1427,1.14275,249
2026-07-21 18:50,1784659800,1.14275,1.14285,1.1427,1.1428,174
2026-07-21 18:55,1784660100,1.14275,1.1429,1.1427,1.1429,1468
2026-07-21 19:00,1784660400,1.14285,1.143,1.1428,1.1428,497
2026-07-21 19:05,1784660700,1.1428,1.14285,1.1428,1.1428,294
2026-07-21 19:10,1784661000,1.14275,1.1429,1.1427,1.14275,176
2026-07-21 19:15,1784661300,1.1428,1.14285,1.14275,1.14285,71
2026-07-21 19:20,1784661600,1.14285,1.14295,1.1428,1.14295,134
2026-07-21 19:25,1784661900,1.14295,1.143,1.1429,1.1429,120
2026-07-21 19:30,1784662200,1.1429,1.14295,1.1428,1.14295,60
2026-07-21 19:35,1784662500,1.14285,1.14285,1.14265,1.1427,150
2026-07-21 19:40,1784662800,1.14275,1.1428,1.1427,1.1427,83
2026-07-21 19:45,1784663100,1.1427,1.1428,1.14265,1.1428,184
2026-07-21 19:50,1784663400,1.14275,1.1429,1.14275,1.1429,201
2026-07-21 19:55,1784663700,1.14285,1.14285,1.1427,1.14275,231
2026-07-21 20:00,1784664000,1.1428,1.1429,1.1427,1.1429,188
2026-07-21 20:05,1784664300,1.14285,1.1429,1.1428,1.1428,80
2026-07-21 20:10,1784664600,1.1428,1.1428,1.1427,1.14275,111
2026-07-21 20:15,1784664900,1.1427,1.14275,1.1426,1.1426,58
2026-07-21 20:20,1784665200,1.1426,1.1427,1.1426,1.1427,65
2026-07-21 20:25,1784665500,1.14265,1.1427,1.14265,1.1427,73
2026-07-21 20:30,1784665800,1.1427,1.14275,1.14265,1.14265,49
2026-07-21 20:35,1784666100,1.1427,1.1427,1.14265,1.14265,44
2026-07-21 20:40,1784666400,1.14265,1.1427,1.14265,1.14265,49
2026-07-21 20:45,1784666700,1.14265,1.1427,1.1426,1.14265,54
2026-07-21 20:50,1784667000,1.14265,1.1427,1.1425,1.1425,261
2026-07-21 20:55,1784667300,1.14245,1.1425,1.14225,1.1425,322
2026-07-21 22:00,1784671200,1.1425,1.1426,1.14245,1.14255,0
2026-07-21 22:05,1784671500,1.14255,1.14255,1.14255,1.14255,59
2026-07-21 22:10,1784671800,1.14255,1.14255,1.1425,1.1425,82
2026-07-21 22:15,1784672100,1.1425,1.1425,1.14245,1.1425,18
2026-07-21 22:20,1784672400,1.1425,1.14255,1.14245,1.1425,34
2026-07-21 22:25,1784672700,1.1425,1.14265,1.1425,1.1426,47
2026-07-21 22:30,1784673000,1.1426,1.1426,1.1425,1.1426,187
2026-07-21 22:35,1784673300,1.1426,1.14265,1.14255,1.14255,24
2026-07-21 22:40,1784673600,1.14255,1.1426,1.14255,1.14255,25
2026-07-21 22:45,1784673900,1.1426,1.1426,1.1425,1.1425,46
2026-07-21 22:50,1784674200,1.1425,1.14255,1.14245,1.1425,37
2026-07-21 22:55,1784674500,1.1425,1.1425,1.1425,1.1425,10
2026-07-21 23:00,1784674800,1.14245,1.1425,1.1424,1.14245,38
2026-07-21 23:05,1784675100,1.1424,1.1425,1.1424,1.1425,68
2026-07-21 23:10,1784675400,1.1425,1.1425,1.14245,1.1425,35
2026-07-21 23:15,1784675700,1.1425,1.14255,1.1425,1.14255,63
2026-07-21 23:20,1784676000,1.14255,1.14255,1.14245,1.1425,30
2026-07-21 23:25,1784676300,1.1425,1.1425,1.1424,1.14245,37
2026-07-21 23:30,1784676600,1.14245,1.14255,1.14245,1.14255,15
2026-07-21 23:35,1784676900,1.14255,1.14255,1.14255,1.14255,29
2026-07-21 23:40,1784677200,1.1426,1.14265,1.14255,1.14265,82
2026-07-21 23:45,1784677500,1.1426,1.14265,1.1426,1.1426,51
2026-07-21 23:50,1784677800,1.14255,1.1428,1.14255,1.1428,150
2026-07-21 23:55,1784678100,1.1428,1.1428,1.14275,1.14275,105
2026-07-22 00:00,1784678400,1.1428,1.14295,1.1427,1.14295,285
2026-07-22 00:05,1784678700,1.14295,1.14295,1.1427,1.14285,181
2026-07-22 00:10,1784679000,1.1428,1.14295,1.1428,1.14295,73
2026-07-22 00:15,1784679300,1.1429,1.1431,1.1429,1.1431,345
2026-07-22 00:20,1784679600,1.14315,1.14325,1.1431,1.14315,136
2026-07-22 00:25,1784679900,1.14315,1.14325,1.14315,1.14325,43
2026-07-22 00:30,1784680200,1.14325,1.14325,1.1431,1.1431,95
2026-07-22 00:35,1784680500,1.14315,1.14315,1.14285,1.14285,96
2026-07-22 00:40,1784680800,1.14285,1.1429,1.14285,1.1429,107
2026-07-22 00:45,1784681100,1.1429,1.1429,1.14285,1.1429,46
2026-07-22 00:50,1784681400,1.1429,1.14295,1.1428,1.1428,377
2026-07-22 00:55,1784681700,1.1428,1.143,1.14275,1.14295,100
2026-07-22 01:00,1784682000,1.143,1.14325,1.14295,1.143,126
2026-07-22 01:05,1784682300,1.1431,1.1432,1.1431,1.1432,57
2026-07-22 01:10,1784682600,1.1432,1.1432,1.14315,1.14315,27
2026-07-22 01:15,1784682900,1.14315,1.14315,1.14295,1.14295,64
2026-07-22 01:20,1784683200,1.14295,1.143,1.14285,1.14285,51
2026-07-22 01:25,1784683500,1.14285,1.1429,1.1428,1.1429,78
2026-07-22 01:30,1784683800,1.14295,1.14295,1.14255,1.14255,180
2026-07-22 01:35,1784684100,1.14255,1.14265,1.14245,1.14265,81
2026-07-22 01:40,1784684400,1.1426,1.14265,1.1426,1.14265,54
2026-07-22 01:45,1784684700,1.1427,1.1428,1.1427,1.14275,71
2026-07-22 01:50,1784685000,1.14275,1.1428,1.14275,1.1428,27
2026-07-22 01:55,1784685300,1.1428,1.14285,1.14275,1.14285,79
2026-07-22 02:00,1784685600,1.1429,1.1429,1.1427,1.14275,53
2026-07-22 02:05,1784685900,1.1427,1.14285,1.1427,1.14285,43
2026-07-22 02:10,1784686200,1.14285,1.14305,1.14285,1.143,172
2026-07-22 02:15,1784686500,1.143,1.14305,1.143,1.143,9
2026-07-22 02:20,1784686800,1.143,1.14315,1.143,1.14315,119
2026-07-22 02:25,1784687100,1.14315,1.14355,1.14315,1.14335,227
2026-07-22 02:30,1784687400,1.14335,1.14335,1.1432,1.1433,114
2026-07-22 02:35,1784687700,1.14325,1.1433,1.1432,1.1432,25
2026-07-22 02:40,1784688000,1.1432,1.1434,1.1432,1.14325,82
2026-07-22 02:45,1784688300,1.1432,1.1433,1.14315,1.14315,34
2026-07-22 02:50,1784688600,1.1431,1.14325,1.1431,1.14325,61
2026-07-22 02:55,1784688900,1.14325,1.1434,1.14315,1.14315,87
2026-07-22 03:00,1784689200,1.1431,1.14325,1.1431,1.1432,76
2026-07-22 03:05,1784689500,1.1432,1.14325,1.1431,1.1431,23
2026-07-22 03:10,1784689800,1.1431,1.14315,1.143,1.1431,41
2026-07-22 03:15,1784690100,1.14315,1.1432,1.14315,1.1432,83
2026-07-22 03:20,1784690400,1.1432,1.14325,1.1432,1.14325,40
2026-07-22 03:25,1784690700,1.14325,1.14335,1.14325,1.1433,48
2026-07-22 03:30,1784691000,1.14335,1.14335,1.14315,1.14325,47
2026-07-22 03:35,1784691300,1.14325,1.14325,1.14315,1.1432,19
2026-07-22 03:40,1784691600,1.1432,1.1432,1.1432,1.1432,17
2026-07-22 03:45,1784691900,1.1432,1.14325,1.14315,1.1432,51
2026-07-22 03:50,1784692200,1.14315,1.1432,1.14315,1.1432,35
2026-07-22 03:55,1784692500,1.14315,1.14325,1.14315,1.14325,13
2026-07-22 04:05,1784693100,1.1432,1.1432,1.1432,1.1432,80
2026-07-22 04:10,1784693400,1.1432,1.1432,1.14305,1.14315,109
2026-07-22 04:15,1784693700,1.14315,1.14325,1.14315,1.1432,20
2026-07-22 04:20,1784694000,1.1432,1.14325,1.1431,1.14325,38
2026-07-22 04:25,1784694300,1.14325,1.1433,1.14315,1.1433,36
2026-07-22 04:30,1784694600,1.14325,1.1433,1.14325,1.1433,6
2026-07-22 04:35,1784694900,1.1433,1.1433,1.1433,1.1433,27
2026-07-22 04:40,1784695200,1.14335,1.1434,1.14335,1.1434,74
2026-07-22 04:45,1784695500,1.14335,1.14335,1.14335,1.14335,21
2026-07-22 04:50,1784695800,1.1433,1.14335,1.14325,1.1433,48
2026-07-22 04:55,1784696100,1.1433,1.1434,1.1433,1.1434,53
2026-07-22 05:00,1784696400,1.1434,1.14345,1.14335,1.14345,120
2026-07-22 05:05,1784696700,1.1435,1.1435,1.14335,1.14335,71
2026-07-22 05:10,1784697000,1.1434,1.1435,1.1433,1.14335,84
2026-07-22 05:15,1784697300,1.14335,1.14335,1.1433,1.14335,7
2026-07-22 05:20,1784697600,1.14335,1.1435,1.14335,1.1434,51
2026-07-22 05:25,1784697900,1.1434,1.1434,1.1433,1.1433,36
2026-07-22 05:30,1784698200,1.14325,1.1433,1.1431,1.14315,54
2026-07-22 05:35,1784698500,1.14315,1.14325,1.14315,1.14325,63
2026-07-22 05:40,1784698800,1.14325,1.1433,1.14315,1.1433,106
2026-07-22 05:45,1784699100,1.14325,1.14325,1.14325,1.14325,5
2026-07-22 05:50,1784699400,1.1432,1.14335,1.1432,1.14335,204
2026-07-22 05:55,1784699700,1.1433,1.1435,1.1433,1.1435,260
2026-07-22 06:00,1784700000,1.14345,1.144,1.1434,1.1438,1606
2026-07-22 06:05,1784700300,1.14375,1.14375,1.1436,1.14365,368
2026-07-22 06:10,1784700600,1.14365,1.14385,1.14355,1.1437,504
2026-07-22 06:15,1784700900,1.14365,1.14375,1.1436,1.1437,354
2026-07-22 06:20,1784701200,1.14375,1.1438,1.1436,1.14365,523
2026-07-22 06:25,1784701500,1.14365,1.1437,1.1433,1.1434,546
2026-07-22 06:30,1784701800,1.14345,1.1437,1.14325,1.14365,476
2026-07-22 06:35,1784702100,1.14365,1.14375,1.14345,1.14345,241
2026-07-22 06:40,1784702400,1.1435,1.14375,1.14345,1.14365,414
2026-07-22 06:45,1784702700,1.1437,1.14375,1.1436,1.14375,471
2026-07-22 06:50,1784703000,1.1437,1.14375,1.14355,1.1436,165
2026-07-22 06:55,1784703300,1.14355,1.1438,1.1434,1.1438,549
2026-07-22 07:00,1784703600,1.1438,1.1438,1.14345,1.14355,474
2026-07-22 07:05,1784703900,1.14355,1.14375,1.1435,1.14375,371
2026-07-22 07:10,1784704200,1.14375,1.1439,1.1437,1.14385,396
2026-07-22 07:15,1784704500,1.1438,1.14395,1.14365,1.1439,518
2026-07-22 07:20,1784704800,1.1439,1.1441,1.1438,1.1438,862
2026-07-22 07:25,1784705100,1.1438,1.14395,1.1438,1.14385,225
2026-07-22 07:30,1784705400,1.14385,1.1444,1.14385,1.14395,1684
2026-07-22 07:35,1784705700,1.14395,1.14405,1.1437,1.1437,303
2026-07-22 07:40,1784706000,1.1437,1.1437,1.14315,1.1432,682
2026-07-22 07:45,1784706300,1.14325,1.14325,1.1429,1.14315,626
2026-07-22 07:50,1784706600,1.14315,1.14355,1.1431,1.14355,557
2026-07-22 07:55,1784706900,1.1435,1.14365,1.14345,1.1435,583
2026-07-22 08:00,1784707200,1.1435,1.14355,1.1433,1.1433,229
2026-07-22 08:05,1784707500,1.1433,1.14335,1.14305,1.1432,635
2026-07-22 08:10,1784707800,1.1432,1.14325,1.1431,1.1431,381
2026-07-22 08:15,1784708100,1.1431,1.1432,1.143,1.1431,388
2026-07-22 08:20,1784708400,1.1431,1.1434,1.1431,1.1434,229
2026-07-22 08:25,1784708700,1.1434,1.1435,1.1432,1.1434,550
2026-07-22 08:30,1784709000,1.1434,1.14375,1.1434,1.1436,547
2026-07-22 08:35,1784709300,1.1436,1.1437,1.14355,1.1436,228
2026-07-22 08:40,1784709600,1.1436,1.1438,1.1436,1.1437,306
2026-07-22 08:45,1784709900,1.1437,1.14375,1.14345,1.1435,217
2026-07-22 08:50,1784710200,1.14345,1.14345,1.1434,1.14345,132
2026-07-22 08:55,1784710500,1.14345,1.1436,1.14345,1.14355,205
2026-07-22 09:00,1784710800,1.14355,1.14375,1.14355,1.14365,785
2026-07-22 09:05,1784711100,1.14365,1.14375,1.1436,1.1437,148
2026-07-22 09:10,1784711400,1.1437,1.1437,1.1434,1.1435,307
2026-07-22 09:15,1784711700,1.1435,1.14355,1.1434,1.14355,185
2026-07-22 09:20,1784712000,1.14355,1.14355,1.1433,1.14345,224
2026-07-22 09:25,1784712300,1.1435,1.1435,1.1434,1.14345,183
2026-07-22 09:30,1784712600,1.1435,1.1439,1.1434,1.14385,406
2026-07-22 09:35,1784712900,1.14385,1.14385,1.14365,1.1437,274
2026-07-22 09:40,1784713200,1.1437,1.1437,1.1434,1.14345,177
2026-07-22 09:45,1784713500,1.14345,1.1435,1.14325,1.14325,151
2026-07-22 09:50,1784713800,1.14325,1.14325,1.143,1.1432,335
2026-07-22 09:55,1784714100,1.14325,1.14325,1.143,1.14305,558
2026-07-22 10:00,1784714400,1.143,1.14315,1.1427,1.14275,517
2026-07-22 10:05,1784714700,1.1427,1.1429,1.1426,1.1427,485
2026-07-22 10:10,1784715000,1.14275,1.14295,1.1427,1.1429,180
2026-07-22 10:15,1784715300,1.14285,1.14315,1.1428,1.14315,216
2026-07-22 10:20,1784715600,1.1432,1.1433,1.14315,1.14325,318
2026-07-22 10:25,1784715900,1.1432,1.1432,1.1431,1.1431,145
2026-07-22 10:30,1784716200,1.14305,1.14315,1.143,1.1431,148
2026-07-22 10:35,1784716500,1.14305,1.14315,1.14295,1.1431,193
2026-07-22 10:40,1784716800,1.14305,1.1431,1.14295,1.1431,163
2026-07-22 10:45,1784717100,1.14305,1.1432,1.14305,1.1432,111
2026-07-22 10:50,1784717400,1.1432,1.1433,1.14315,1.14315,568
2026-07-22 10:55,1784717700,1.14315,1.14325,1.1429,1.14295,430
2026-07-22 11:00,1784718000,1.1429,1.14305,1.14285,1.1429,598
2026-07-22 11:05,1784718300,1.1429,1.143,1.14285,1.143,154
2026-07-22 11:10,1784718600,1.143,1.1431,1.14295,1.143,290
2026-07-22 11:15,1784718900,1.143,1.1432,1.1429,1.1429,404
2026-07-22 11:20,1784719200,1.14295,1.1431,1.14295,1.14295,82
2026-07-22 11:25,1784719500,1.14295,1.143,1.1428,1.143,190
2026-07-22 11:30,1784719800,1.143,1.1432,1.143,1.14315,164
2026-07-22 11:35,1784720100,1.1431,1.1432,1.143,1.1432,626
2026-07-22 11:40,1784720400,1.1432,1.1432,1.1429,1.1431,1516
2026-07-22 11:45,1784720700,1.14305,1.1433,1.143,1.14315,401
2026-07-22 11:50,1784721000,1.14315,1.14315,1.143,1.14305,287
2026-07-22 11:55,1784721300,1.1431,1.14335,1.14305,1.1433,432
2026-07-22 12:00,1784721600,1.1433,1.1435,1.14325,1.1434,691
2026-07-22 12:05,1784721900,1.14345,1.1436,1.14335,1.14335,568
2026-07-22 12:10,1784722200,1.1434,1.1437,1.1434,1.1437,257
2026-07-22 12:15,1784722500,1.14375,1.14375,1.14355,1.1436,546
2026-07-22 12:20,1784722800,1.14365,1.14365,1.14345,1.1435,768
2026-07-22 12:25,1784723100,1.1435,1.14365,1.1435,1.14355,613
2026-07-22 12:30,1784723400,1.1436,1.14395,1.1436,1.1439,442
2026-07-22 12:35,1784723700,1.14385,1.14395,1.14375,1.1438,321
2026-07-22 12:40,1784724000,1.1438,1.1438,1.14365,1.1437,539
2026-07-22 12:45,1784724300,1.1437,1.1437,1.14325,1.1434,542
2026-07-22 12:50,1784724600,1.1434,1.14365,1.1434,1.1436,527
2026-07-22 12:55,1784724900,1.1436,1.1436,1.1429,1.14335,2176
2026-07-22 13:00,1784725200,1.14335,1.1437,1.1433,1.14355,444
2026-07-22 13:05,1784725500,1.1436,1.1438,1.14355,1.14375,241
2026-07-22 13:10,1784725800,1.14375,1.1438,1.14355,1.14355,704
2026-07-22 13:15,1784726100,1.14355,1.14385,1.1435,1.14385,438
2026-07-22 13:20,1784726400,1.1438,1.14415,1.1437,1.14415,1020
2026-07-22 13:25,1784726700,1.1442,1.14425,1.14405,1.1441,427
2026-07-22 13:30,1784727000,1.1441,1.1447,1.1441,1.1442,1711
2026-07-22 13:35,1784727300,1.14425,1.1445,1.14415,1.1443,773
2026-07-22 13:40,1784727600,1.1443,1.1445,1.1442,1.14435,517
2026-07-22 13:45,1784727900,1.14435,1.1444,1.1441,1.14415,758
2026-07-22 13:50,1784728200,1.1441,1.1443,1.144,1.14415,999
2026-07-22 13:55,1784728500,1.14415,1.14415,1.14375,1.1439,1139
2026-07-22 14:00,1784728800,1.14395,1.14415,1.1439,1.144,660
2026-07-22 14:05,1784729100,1.14405,1.14405,1.14365,1.1438,3283
2026-07-22 14:10,1784729400,1.14375,1.14435,1.1437,1.1442,1179
2026-07-22 14:15,1784729700,1.1442,1.1444,1.1442,1.1442,772
2026-07-22 14:20,1784730000,1.1442,1.1443,1.14385,1.14395,659
2026-07-22 14:25,1784730300,1.1439,1.14395,1.1437,1.14375,2089
2026-07-22 14:30,1784730600,1.14375,1.1439,1.14355,1.14385,1640
2026-07-22 14:35,1784730900,1.14385,1.1439,1.14365,1.1438,662
2026-07-22 14:40,1784731200,1.14385,1.14385,1.14365,1.1437,775
2026-07-22 14:45,1784731500,1.14375,1.1438,1.14365,1.14375,539
2026-07-22 14:50,1784731800,1.14375,1.1439,1.14365,1.14375,1399
2026-07-22 14:55,1784732100,1.14375,1.14375,1.14335,1.1435,2995
2026-07-22 15:00,1784732400,1.14345,1.1437,1.1434,1.1436,1572
2026-07-22 15:05,1784732700,1.1436,1.14375,1.14355,1.1437,379
2026-07-22 15:10,1784733000,1.1437,1.14375,1.14355,1.1436,652
2026-07-22 15:15,1784733300,1.14355,1.14365,1.1434,1.1435,565
2026-07-22 15:20,1784733600,1.14355,1.1439,1.14355,1.14385,460
2026-07-22 15:25,1784733900,1.14385,1.144,1.1438,1.14395,315
2026-07-22 15:30,1784734200,1.144,1.144,1.14345,1.14345,636
2026-07-22 15:35,1784734500,1.14345,1.14365,1.14335,1.14335,790
2026-07-22 15:40,1784734800,1.14335,1.14365,1.14335,1.1436,668
2026-07-22 15:45,1784735100,1.1436,1.1439,1.14355,1.14385,310
2026-07-22 15:50,1784735400,1.14385,1.14395,1.1436,1.14375,669
2026-07-22 15:55,1784735700,1.1437,1.14395,1.14355,1.14395,1189
2026-07-22 16:00,1784736000,1.1439,1.144,1.14375,1.14375,1011
2026-07-22 16:05,1784736300,1.14375,1.14375,1.1435,1.14355,763
2026-07-22 16:10,1784736600,1.14355,1.14355,1.1432,1.1433,1514
2026-07-22 16:15,1784736900,1.14335,1.1434,1.1432,1.14335,868
2026-07-22 16:20,1784737200,1.14335,1.14365,1.1433,1.14365,735
2026-07-22 16:25,1784737500,1.14365,1.1438,1.14355,1.1437,752
2026-07-22 16:30,1784737800,1.1437,1.1438,1.1435,1.1435,375
2026-07-22 16:35,1784738100,1.1435,1.1436,1.14335,1.1434,413
2026-07-22 16:40,1784738400,1.14335,1.1435,1.14335,1.14345,308
2026-07-22 16:45,1784738700,1.14345,1.14355,1.14335,1.1435,318
2026-07-22 16:50,1784739000,1.1435,1.14355,1.14345,1.1435,261
2026-07-22 16:55,1784739300,1.1435,1.14355,1.1435,1.14355,277
2026-07-22 17:00,1784739600,1.1435,1.14365,1.14345,1.14365,293
2026-07-22 17:05,1784739900,1.1436,1.14375,1.1436,1.14365,113
2026-07-22 17:10,1784740200,1.1437,1.1438,1.1437,1.1437,259
2026-07-22 17:15,1784740500,1.1437,1.14385,1.1436,1.14365,1266
2026-07-22 17:20,1784740800,1.14365,1.14385,1.1436,1.14375,1214
2026-07-22 17:25,1784741100,1.1437,1.1438,1.1437,1.14375,303
2026-07-22 17:30,1784741400,1.1437,1.14375,1.1436,1.1436,393
2026-07-22 17:35,1784741700,1.14355,1.1436,1.1434,1.14345,220
2026-07-22 17:40,1784742000,1.1435,1.1436,1.1434,1.14355,247
2026-07-22 17:45,1784742300,1.1436,1.14365,1.14355,1.14365,115
2026-07-22 17:50,1784742600,1.14365,1.1437,1.1436,1.1436,172
2026-07-22 17:55,1784742900,1.14355,1.14365,1.1435,1.1436,219
2026-07-22 18:00,1784743200,1.1436,1.14365,1.14345,1.1435,178
2026-07-22 18:05,1784743500,1.1435,1.14355,1.14345,1.14345,144
2026-07-22 18:10,1784743800,1.1434,1.1435,1.1434,1.14345,106
2026-07-22 18:15,1784744100,1.1435,1.1435,1.1434,1.1435,305
2026-07-22 18:20,1784744400,1.1435,1.14365,1.1435,1.1436,196
2026-07-22 18:25,1784744700,1.1436,1.14365,1.14355,1.1436,131
2026-07-22 18:30,1784745000,1.1436,1.1436,1.1435,1.14355,244
2026-07-22 18:35,1784745300,1.1436,1.1437,1.14355,1.1437,323
2026-07-22 18:40,1784745600,1.1437,1.1437,1.1435,1.14355,562
2026-07-22 18:45,1784745900,1.14355,1.1436,1.1435,1.1436,477
2026-07-22 18:50,1784746200,1.1436,1.14365,1.1435,1.14365,479
2026-07-22 18:55,1784746500,1.14365,1.1437,1.1436,1.14365,693
2026-07-22 19:00,1784746800,1.1437,1.1438,1.14365,1.14375,407
2026-07-22 19:05,1784747100,1.1438,1.14385,1.14365,1.14365,151
2026-07-22 19:10,1784747400,1.1436,1.1436,1.14355,1.1436,79
2026-07-22 19:15,1784747700,1.14355,1.14365,1.14355,1.14365,97
2026-07-22 19:20,1784748000,1.14365,1.14375,1.14365,1.14375,115
2026-07-22 19:25,1784748300,1.1437,1.14375,1.14365,1.1437,146
2026-07-22 19:30,1784748600,1.1437,1.14375,1.14365,1.14365,84
2026-07-22 19:35,1784748900,1.1437,1.1437,1.14365,1.14365,66
2026-07-22 19:40,1784749200,1.14365,1.14375,1.14365,1.1437,36
2026-07-22 19:45,1784749500,1.14375,1.1438,1.14365,1.1437,95
2026-07-22 19:50,1784749800,1.14365,1.14375,1.1436,1.1436,234
2026-07-22 19:55,1784750100,1.1436,1.14375,1.14355,1.14375,553
2026-07-22 20:00,1784750400,1.14375,1.14385,1.14365,1.1437,718
2026-07-22 20:05,1784750700,1.1437,1.1438,1.1437,1.1438,402
2026-07-22 20:10,1784751000,1.1438,1.1438,1.1438,1.1438,23
2026-07-22 20:15,1784751300,1.14375,1.1438,1.14375,1.14375,48
2026-07-22 20:20,1784751600,1.14375,1.14385,1.1437,1.1438,135
2026-07-22 20:25,1784751900,1.1438,1.14385,1.1438,1.1438,69
2026-07-22 20:30,1784752200,1.14375,1.1438,1.1437,1.14375,162
2026-07-22 20:35,1784752500,1.1437,1.1438,1.14365,1.1438,46
2026-07-22 20:40,1784752800,1.14375,1.14385,1.14375,1.14385,12
2026-07-22 20:45,1784753100,1.1438,1.1438,1.14375,1.14375,55
2026-07-22 20:50,1784753400,1.1437,1.1438,1.1437,1.1438,49
2026-07-22 20:55,1784753700,1.14375,1.14385,1.14375,1.14375,59
2026-07-22 22:00,1784757600,1.14365,1.14365,1.14325,1.14325,0
2026-07-22 22:05,1784757900,1.14335,1.14335,1.1433,1.1433,21
2026-07-22 22:10,1784758200,1.14325,1.14325,1.14315,1.14325,57
2026-07-22 22:15,1784758500,1.14325,1.14325,1.1432,1.1432,21
2026-07-22 22:20,1784758800,1.1432,1.14325,1.1432,1.1432,13
2026-07-22 22:25,1784759100,1.1432,1.14325,1.1432,1.1432,25
2026-07-22 22:30,1784759400,1.14325,1.14325,1.1432,1.1432,30
2026-07-22 22:35,1784759700,1.1432,1.14325,1.14315,1.14315,23
2026-07-22 22:40,1784760000,1.1431,1.1431,1.14305,1.1431,53
2026-07-22 22:45,1784760300,1.1431,1.14315,1.14305,1.14315,50
2026-07-22 22:50,1784760600,1.14315,1.1433,1.1431,1.1433,22
2026-07-22 22:55,1784760900,1.1433,1.1433,1.1432,1.14325,16
2026-07-22 23:00,1784761200,1.14335,1.14335,1.14325,1.1433,71
2026-07-22 23:05,1784761500,1.14335,1.14335,1.1433,1.1433,28
2026-07-22 23:10,1784761800,1.1433,1.1434,1.1433,1.14335,76
2026-07-22 23:15,1784762100,1.1434,1.14345,1.1433,1.1434,49
2026-07-22 23:20,1784762400,1.14345,1.1435,1.14345,1.14345,13
2026-07-22 23:25,1784762700,1.1434,1.14345,1.1434,1.14345,43
2026-07-22 23:30,1784763000,1.1435,1.14355,1.14345,1.1435,29
2026-07-22 23:35,1784763300,1.1435,1.1435,1.14345,1.14345,7
2026-07-22 23:40,1784763600,1.14345,1.14355,1.1434,1.14355,40
2026-07-22 23:45,1784763900,1.1435,1.14365,1.1435,1.14355,68
2026-07-22 23:50,1784764200,1.14355,1.14355,1.1435,1.1435,41
2026-07-22 23:55,1784764500,1.14355,1.1436,1.14355,1.1436,36
2026-07-23 00:00,1784764800,1.1436,1.14385,1.1436,1.14375,271
2026-07-23 00:05,1784765100,1.14375,1.1438,1.1437,1.1437,65
2026-07-23 00:10,1784765400,1.1437,1.1437,1.14355,1.14355,53
2026-07-23 00:15,1784765700,1.1436,1.1436,1.1435,1.14355,75
2026-07-23 00:20,1784766000,1.14355,1.1438,1.14355,1.1438,81
2026-07-23 00:25,1784766300,1.1438,1.1439,1.14365,1.14365,57
2026-07-23 00:30,1784766600,1.1437,1.14375,1.14365,1.1437,33
2026-07-23 00:35,1784766900,1.14375,1.1438,1.1437,1.14375,45
2026-07-23 00:40,1784767200,1.14375,1.14385,1.14375,1.14385,43
2026-07-23 00:45,1784767500,1.1438,1.1439,1.1437,1.1437,50
2026-07-23 00:50,1784767800,1.1437,1.1439,1.14365,1.1439,401
2026-07-23 00:55,1784768100,1.1439,1.14425,1.14385,1.14425,428
2026-07-23 01:00,1784768400,1.14425,1.14455,1.1442,1.14425,886
2026-07-23 01:05,1784768700,1.14425,1.14435,1.1442,1.14435,69
2026-07-23 01:10,1784769000,1.14435,1.14435,1.1442,1.1442,103
2026-07-23 01:15,1784769300,1.1442,1.1443,1.14415,1.14425,204
2026-07-23 01:20,1784769600,1.14415,1.1443,1.14415,1.14425,79
2026-07-23 01:25,1784769900,1.1442,1.14435,1.1442,1.14425,170
2026-07-23 01:30,1784770200,1.14425,1.1445,1.1442,1.14445,546
2026-07-23 01:35,1784770500,1.14445,1.1445,1.1442,1.14425,319
2026-07-23 01:40,1784770800,1.14425,1.14445,1.14415,1.14425,213
2026-07-23 01:45,1784771100,1.1442,1.14425,1.14405,1.14415,98
2026-07-23 01:50,1784771400,1.14415,1.14425,1.1441,1.14425,129
2026-07-23 01:55,1784771700,1.14425,1.14425,1.14405,1.1441,82
2026-07-23 02:00,1784772000,1.1441,1.14425,1.1441,1.1442,155
2026-07-23 02:05,1784772300,1.1442,1.1443,1.14415,1.1443,56
2026-07-23 02:10,1784772600,1.14425,1.1443,1.14415,1.1443,53
2026-07-23 02:15,1784772900,1.1443,1.14435,1.14425,1.14435,148
2026-07-23 02:20,1784773200,1.14435,1.14455,1.1443,1.14455,162
2026-07-23 02:25,1784773500,1.14445,1.1445,1.14445,1.1445,79
2026-07-23 02:30,1784773800,1.1445,1.14485,1.1445,1.14475,547
2026-07-23 02:35,1784774100,1.14475,1.1449,1.14475,1.14485,242
2026-07-23 02:40,1784774400,1.14485,1.1451,1.14485,1.145,577
2026-07-23 02:45,1784774700,1.145,1.1452,1.14495,1.1451,221
2026-07-23 02:50,1784775000,1.1451,1.14515,1.14505,1.14515,116
2026-07-23 02:55,1784775300,1.14515,1.14525,1.1451,1.14525,177
2026-07-23 03:00,1784775600,1.14525,1.1454,1.14515,1.14515,337
2026-07-23 03:05,1784775900,1.14515,1.14515,1.14505,1.14515,133
2026-07-23 03:10,1784776200,1.1451,1.1452,1.1448,1.1448,685
2026-07-23 03:15,1784776500,1.1448,1.14515,1.14475,1.14515,152
2026-07-23 03:20,1784776800,1.14515,1.1453,1.14515,1.1453,136
2026-07-23 03:25,1784777100,1.1453,1.1454,1.1452,1.14535,206
2026-07-23 03:30,1784777400,1.14535,1.14545,1.1452,1.14545,305
2026-07-23 03:35,1784777700,1.1454,1.1455,1.1454,1.14545,242
2026-07-23 03:40,1784778000,1.14545,1.1455,1.14545,1.1455,427
2026-07-23 03:45,1784778300,1.1455,1.14555,1.14535,1.1455,529
2026-07-23 03:50,1784778600,1.1455,1.1455,1.14545,1.1455,394
2026-07-23 03:55,1784778900,1.14545,1.14555,1.14545,1.14545,269
2026-07-23 04:05,1784779500,1.1459,1.14595,1.14585,1.14595,1457
2026-07-23 04:10,1784779800,1.14595,1.14605,1.14585,1.1459,1512
2026-07-23 04:15,1784780100,1.1459,1.14595,1.14555,1.14555,669
2026-07-23 04:20,1784780400,1.14555,1.14575,1.14555,1.14575,107
2026-07-23 04:25,1784780700,1.14575,1.146,1.14575,1.146,322
2026-07-23 04:30,1784781000,1.146,1.1461,1.1459,1.14595,510
2026-07-23 04:35,1784781300,1.1459,1.14595,1.1458,1.1458,46
2026-07-23 04:40,1784781600,1.1458,1.1458,1.1457,1.1457,113
2026-07-23 04:45,1784781900,1.1457,1.14595,1.1457,1.14575,203
2026-07-23 04:50,1784782200,1.14575,1.1458,1.14565,1.14565,278
2026-07-23 04:55,1784782500,1.1457,1.1458,1.1455,1.14575,635
2026-07-23 05:00,1784782800,1.1457,1.14595,1.1457,1.14585,202
2026-07-23 05:05,1784783100,1.1459,1.14595,1.1458,1.1459,38
2026-07-23 05:10,1784783400,1.1459,1.14595,1.14575,1.14575,60
2026-07-23 05:15,1784783700,1.1457,1.1457,1.1455,1.1455,158
2026-07-23 05:20,1784784000,1.1455,1.14555,1.14535,1.1454,141
2026-07-23 05:25,1784784300,1.1454,1.1455,1.1454,1.1455,85
2026-07-23 05:30,1784784600,1.1455,1.14555,1.1454,1.14545,82
2026-07-23 05:35,1784784900,1.14545,1.14555,1.1454,1.14545,120
2026-07-23 05:40,1784785200,1.14545,1.14545,1.1454,1.1454,130
2026-07-23 05:45,1784785500,1.1455,1.1455,1.1455,1.1455,70
2026-07-23 05:50,1784785800,1.14545,1.14545,1.1454,1.14545,66
2026-07-23 05:55,1784786100,1.1454,1.14565,1.1454,1.1455,236
2026-07-23 06:00,1784786400,1.1455,1.14575,1.1454,1.14555,685
2026-07-23 06:05,1784786700,1.14555,1.1456,1.14535,1.14535,821
2026-07-23 06:10,1784787000,1.14545,1.14565,1.14545,1.14565,192
2026-07-23 06:15,1784787300,1.1456,1.1457,1.1454,1.1454,313
2026-07-23 06:20,1784787600,1.1454,1.14545,1.1454,1.14545,120
2026-07-23 06:25,1784787900,1.1454,1.1454,1.14525,1.1454,201
2026-07-23 06:30,1784788200,1.1453,1.1453,1.14515,1.1452,324
2026-07-23 06:35,1784788500,1.14515,1.1452,1.14505,1.14505,222
2026-07-23 06:40,1784788800,1.145,1.14515,1.14495,1.14515,334
2026-07-23 06:45,1784789100,1.1451,1.14525,1.1451,1.14525,180
2026-07-23 06:50,1784789400,1.1452,1.1452,1.14505,1.14505,199
2026-07-23 06:55,1784789700,1.1451,1.1451,1.14485,1.145,455
2026-07-23 07:00,1784790000,1.14505,1.14515,1.1447,1.1447,914
2026-07-23 07:05,1784790300,1.1447,1.1449,1.1447,1.1448,398
2026-07-23 07:10,1784790600,1.1448,1.14515,1.1448,1.14515,515
2026-07-23 07:15,1784790900,1.14515,1.14525,1.14505,1.14515,222
2026-07-23 07:20,1784791200,1.14515,1.1452,1.1449,1.1449,373
2026-07-23 07:25,1784791500,1.1449,1.1451,1.1449,1.14505,267
2026-07-23 07:30,1784791800,1.145,1.1452,1.145,1.14515,261
2026-07-23 07:35,1784792100,1.14515,1.14515,1.145,1.145,141
2026-07-23 07:40,1784792400,1.145,1.1451,1.14465,1.14475,587
2026-07-23 07:45,1784792700,1.1447,1.14485,1.14445,1.14485,933
2026-07-23 07:50,1784793000,1.14485,1.14505,1.1447,1.14475,371
2026-07-23 07:55,1784793300,1.14475,1.14505,1.14465,1.14495,337
2026-07-23 08:00,1784793600,1.14495,1.14495,1.1447,1.14475,466
2026-07-23 08:05,1784793900,1.1447,1.1449,1.14465,1.14475,854
2026-07-23 08:10,1784794200,1.1448,1.1448,1.1444,1.1444,205
2026-07-23 08:15,1784794500,1.1444,1.14445,1.14415,1.1442,592
2026-07-23 08:20,1784794800,1.1442,1.14435,1.14415,1.14415,392
2026-07-23 08:25,1784795100,1.1442,1.14425,1.14405,1.14415,741
2026-07-23 08:30,1784795400,1.14415,1.1442,1.1437,1.1437,742
2026-07-23 08:35,1784795700,1.14375,1.1438,1.1434,1.1434,2251
2026-07-23 08:40,1784796000,1.14345,1.1435,1.14315,1.1434,1757
2026-07-23 08:45,1784796300,1.14335,1.1435,1.1433,1.14335,821
2026-07-23 08:50,1784796600,1.1434,1.14365,1.1433,1.1436,846
2026-07-23 08:55,1784796900,1.1436,1.14365,1.14345,1.14345,511
2026-07-23 09:00,1784797200,1.1435,1.14395,1.14345,1.14395,1030
2026-07-23 09:05,1784797500,1.144,1.144,1.1437,1.1438,419
2026-07-23 09:10,1784797800,1.14375,1.14385,1.14355,1.14355,313
2026-07-23 09:15,1784798100,1.14355,1.1438,1.14355,1.14365,841
2026-07-23 09:20,1784798400,1.14365,1.1437,1.14355,1.14365,218
2026-07-23 09:25,1784798700,1.14365,1.14365,1.1434,1.14345,223
2026-07-23 09:30,1784799000,1.14345,1.1436,1.14345,1.1435,414
2026-07-23 09:35,1784799300,1.1435,1.1437,1.1435,1.1436,300
2026-07-23 09:40,1784799600,1.1436,1.1439,1.14355,1.1439,412
2026-07-23 09:45,1784799900,1.1439,1.14395,1.14365,1.14375,311
2026-07-23 09:50,1784800200,1.14375,1.1438,1.14365,1.1438,461
2026-07-23 09:55,1784800500,1.14385,1.1439,1.14365,1.1437,369
2026-07-23 10:00,1784800800,1.14375,1.14375,1.14365,1.14365,243
2026-07-23 10:05,1784801100,1.1437,1.1437,1.1434,1.1435,414
2026-07-23 10:10,1784801400,1.14345,1.14355,1.1433,1.14345,469
2026-07-23 10:15,1784801700,1.1435,1.1435,1.14325,1.14325,246
2026-07-23 10:20,1784802000,1.1432,1.14325,1.14305,1.14315,656
2026-07-23 10:25,1784802300,1.1432,1.14325,1.14315,1.14325,206
2026-07-23 10:30,1784802600,1.1432,1.14345,1.1431,1.1432,510
2026-07-23 10:35,1784802900,1.14325,1.1433,1.14315,1.1433,394
2026-07-23 10:40,1784803200,1.14325,1.14325,1.1431,1.14315,231
2026-07-23 10:45,1784803500,1.1431,1.1431,1.14285,1.14295,532
2026-07-23 10:50,1784803800,1.1429,1.14325,1.1428,1.14325,491
2026-07-23 10:55,1784804100,1.1432,1.14325,1.14285,1.1429,603
2026-07-23 11:00,1784804400,1.1429,1.1429,1.1427,1.14285,562
2026-07-23 11:05,1784804700,1.14285,1.14295,1.14275,1.1429,460
2026-07-23 11:10,1784805000,1.14295,1.14315,1.14285,1.14305,268
2026-07-23 11:15,1784805300,1.14305,1.14305,1.1427,1.1427,315
2026-07-23 11:20,1784805600,1.1427,1.1427,1.1423,1.1424,1365
2026-07-23 11:25,1784805900,1.1424,1.1425,1.1421,1.1422,2627
2026-07-23 11:30,1784806200,1.14225,1.1423,1.1415,1.1416,3150
2026-07-23 11:35,1784806500,1.14165,1.14165,1.14105,1.14115,3646
2026-07-23 11:40,1784806800,1.14115,1.1412,1.1408,1.14115,3380
2026-07-23 11:45,1784807100,1.1412,1.14165,1.1412,1.14155,2228
2026-07-23 11:50,1784807400,1.1416,1.14205,1.14155,1.1417,2047
2026-07-23 11:55,1784807700,1.14165,1.14195,1.14165,1.14195,1024
2026-07-23 12:00,1784808000,1.14195,1.14195,1.1415,1.1416,1171
2026-07-23 12:05,1784808300,1.14165,1.1418,1.14155,1.1417,488
2026-07-23 12:10,1784808600,1.1417,1.142,1.1417,1.14195,1171
2026-07-23 12:15,1784808900,1.142,1.1421,1.141,1.14115,4031
2026-07-23 12:20,1784809200,1.1411,1.1412,1.14055,1.14075,1986
2026-07-23 12:25,1784809500,1.1407,1.14115,1.14055,1.141,1431
2026-07-23 12:30,1784809800,1.14095,1.141,1.1406,1.1409,2055
2026-07-23 12:35,1784810100,1.1409,1.14095,1.1405,1.14065,2295
2026-07-23 12:40,1784810400,1.14065,1.14065,1.14015,1.1403,2162
2026-07-23 12:45,1784810700,1.1403,1.14055,1.14005,1.14045,1781
2026-07-23 12:50,1784811000,1.14045,1.1407,1.14025,1.14065,1662
2026-07-23 12:55,1784811300,1.1407,1.14105,1.14065,1.141,1185
2026-07-23 13:00,1784811600,1.14095,1.1411,1.14045,1.1406,1224
2026-07-23 13:05,1784811900,1.14055,1.14065,1.13985,1.13995,2908
2026-07-23 13:10,1784812200,1.1399,1.14,1.1393,1.13935,1945
2026-07-23 13:15,1784812500,1.13935,1.13975,1.1393,1.1397,1033
2026-07-23 13:20,1784812800,1.1397,1.13995,1.13965,1.1399,1283
2026-07-23 13:25,1784813100,1.1399,1.14035,1.13975,1.1403,1496
2026-07-23 13:30,1784813400,1.1403,1.1407,1.1402,1.1407,1936
2026-07-23 13:35,1784813700,1.1407,1.141,1.14055,1.14065,5350
2026-07-23 13:40,1784814000,1.14065,1.1408,1.14035,1.14035,1802
2026-07-23 13:45,1784814300,1.1403,1.1404,1.14005,1.1404,1617
2026-07-23 13:50,1784814600,1.1404,1.1404,1.1401,1.1402,1024
2026-07-23 13:55,1784814900,1.14025,1.14035,1.13965,1.13965,1765
2026-07-23 14:00,1784815200,1.13975,1.14005,1.13945,1.13945,1660
2026-07-23 14:05,1784815500,1.13945,1.13975,1.1392,1.13945,1313
2026-07-23 14:10,1784815800,1.1395,1.1397,1.13935,1.13965,1830
2026-07-23 14:15,1784816100,1.13965,1.13975,1.1389,1.139,3354
2026-07-23 14:20,1784816400,1.139,1.13935,1.1388,1.13935,1663
2026-07-23 14:25,1784816700,1.13935,1.13955,1.1393,1.1395,1028
2026-07-23 14:30,1784817000,1.1395,1.13975,1.13935,1.1396,857
2026-07-23 14:35,1784817300,1.13955,1.13985,1.1394,1.13975,816
2026-07-23 14:40,1784817600,1.1398,1.13985,1.13925,1.13925,556
2026-07-23 14:45,1784817900,1.13925,1.13945,1.13905,1.13905,626
2026-07-23 14:50,1784818200,1.13905,1.1392,1.13895,1.13895,1462
2026-07-23 14:55,1784818500,1.13895,1.13965,1.13895,1.1396,5001
2026-07-23 15:00,1784818800,1.13965,1.1399,1.1395,1.1399,4196
2026-07-23 15:05,1784819100,1.13985,1.14,1.1395,1.13955,1257
2026-07-23 15:10,1784819400,1.13955,1.1399,1.1395,1.13985,834
2026-07-23 15:15,1784819700,1.1398,1.14,1.13965,1.13965,1222
2026-07-23 15:20,1784820000,1.1397,1.13975,1.1393,1.1395,2209
2026-07-23 15:25,1784820300,1.13955,1.1398,1.13945,1.1396,1323
2026-07-23 15:30,1784820600,1.13955,1.1396,1.1392,1.1393,978
2026-07-23 15:35,1784820900,1.13935,1.1399,1.1391,1.13985,1883
2026-07-23 15:40,1784821200,1.1398,1.1401,1.1398,1.13985,513
2026-07-23 15:45,1784821500,1.1398,1.1398,1.1396,1.1398,431
2026-07-23 15:50,1784821800,1.1398,1.13995,1.13965,1.13995,446
2026-07-23 15:55,1784822100,1.13995,1.14,1.13955,1.13975,1038
2026-07-23 16:00,1784822400,1.13975,1.14005,1.13975,1.1399,479
2026-07-23 16:05,1784822700,1.1399,1.13995,1.1398,1.13985,2059
2026-07-23 16:10,1784823000,1.1398,1.1404,1.1398,1.14025,1761
2026-07-23 16:15,1784823300,1.14025,1.14035,1.13975,1.13985,1485
2026-07-23 16:20,1784823600,1.1399,1.14005,1.1399,1.14,586
2026-07-23 16:25,1784823900,1.14,1.14035,1.14,1.1403,333
2026-07-23 16:30,1784824200,1.14035,1.14045,1.14025,1.14025,2276
2026-07-23 16:35,1784824500,1.1403,1.14035,1.14005,1.1401,460
2026-07-23 16:40,1784824800,1.1402,1.1404,1.14005,1.1403,340
2026-07-23 16:45,1784825100,1.1403,1.1404,1.14015,1.14035,723
2026-07-23 16:50,1784825400,1.14035,1.1405,1.1403,1.1403,872
2026-07-23 16:55,1784825700,1.14035,1.1405,1.14035,1.1405,460
2026-07-23 17:00,1784826000,1.1405,1.14055,1.1403,1.1404,836
2026-07-23 17:05,1784826300,1.14045,1.14055,1.14015,1.14035,653
2026-07-23 17:10,1784826600,1.1403,1.1403,1.14015,1.14015,448
2026-07-23 17:15,1784826900,1.14015,1.1403,1.14005,1.14025,388
2026-07-23 17:20,1784827200,1.1402,1.1403,1.1401,1.14015,222
2026-07-23 17:25,1784827500,1.1402,1.1402,1.14005,1.1401,173
2026-07-23 17:30,1784827800,1.1401,1.1401,1.13995,1.14,127
2026-07-23 17:35,1784828100,1.14,1.14005,1.13985,1.14005,259
2026-07-23 17:40,1784828400,1.14005,1.14005,1.1399,1.1399,246
2026-07-23 17:45,1784828700,1.13985,1.13995,1.13975,1.13985,497
2026-07-23 17:50,1784829000,1.13985,1.14,1.13985,1.13995,251
2026-07-23 17:55,1784829300,1.1399,1.1399,1.1396,1.1396,242
2026-07-23 18:00,1784829600,1.1396,1.13975,1.1396,1.1397,325
2026-07-23 18:05,1784829900,1.1397,1.13995,1.1397,1.13985,344
2026-07-23 18:10,1784830200,1.13985,1.13995,1.1398,1.13985,222
2026-07-23 18:15,1784830500,1.13985,1.14,1.13975,1.1398,354
2026-07-23 18:20,1784830800,1.1398,1.13985,1.13975,1.1398,118
2026-07-23 18:25,1784831100,1.1398,1.14,1.13975,1.13995,213
2026-07-23 18:30,1784831400,1.13995,1.1401,1.13995,1.14,207
2026-07-23 18:35,1784831700,1.14005,1.14005,1.1399,1.1399,275
2026-07-23 18:40,1784832000,1.1399,1.13995,1.13985,1.1399,161
2026-07-23 18:45,1784832300,1.1399,1.14,1.1399,1.13995,205
2026-07-23 18:50,1784832600,1.13995,1.14,1.1399,1.13995,266
2026-07-23 18:55,1784832900,1.1399,1.14015,1.1399,1.1401,1226
2026-07-23 19:00,1784833200,1.1401,1.14025,1.14005,1.14015,941
2026-07-23 19:05,1784833500,1.14015,1.14015,1.14,1.14,271
2026-07-23 19:10,1784833800,1.14005,1.1401,1.13995,1.14,201
2026-07-23 19:15,1784834100,1.13995,1.14005,1.1399,1.1399,166
2026-07-23 19:20,1784834400,1.1399,1.13995,1.13985,1.13995,171
2026-07-23 19:25,1784834700,1.13995,1.1402,1.13995,1.1402,276
2026-07-23 19:30,1784835000,1.1402,1.1405,1.1402,1.1402,305
2026-07-23 19:35,1784835300,1.14025,1.14025,1.14015,1.1402,125
2026-07-23 19:40,1784835600,1.1402,1.1402,1.1401,1.1401,198
2026-07-23 19:45,1784835900,1.1401,1.14015,1.14,1.14005,212
2026-07-23 19:50,1784836200,1.1401,1.14025,1.1401,1.14025,275
2026-07-23 19:55,1784836500,1.14025,1.14035,1.1402,1.14025,353
2026-07-23 20:00,1784836800,1.1402,1.14045,1.1402,1.1404,581
2026-07-23 20:05,1784837100,1.14035,1.1404,1.1403,1.14035,122
2026-07-23 20:10,1784837400,1.1404,1.1404,1.14025,1.1403,70
2026-07-23 20:15,1784837700,1.1403,1.1403,1.1402,1.14025,56
2026-07-23 20:20,1784838000,1.14025,1.14025,1.14025,1.14025,52
2026-07-23 20:25,1784838300,1.14025,1.1404,1.14025,1.1404,628
2026-07-23 20:30,1784838600,1.14035,1.14045,1.14025,1.14025,149
2026-07-23 20:35,1784838900,1.1402,1.14025,1.14015,1.14025,75
2026-07-23 20:40,1784839200,1.1402,1.14025,1.14015,1.14025,207
2026-07-23 20:45,1784839500,1.14025,1.1403,1.1402,1.1402,38
2026-07-23 20:50,1784839800,1.1402,1.14025,1.14015,1.1402,270
2026-07-23 20:55,1784840100,1.1402,1.14025,1.14015,1.1402,105
2026-07-23 22:00,1784844000,1.1402,1.1403,1.1401,1.14025,0
2026-07-23 22:05,1784844300,1.14025,1.14035,1.14025,1.1403,33
2026-07-23 22:10,1784844600,1.14025,1.14025,1.1402,1.14025,519
2026-07-23 22:15,1784844900,1.1402,1.14025,1.1402,1.1402,57
2026-07-23 22:20,1784845200,1.14025,1.14035,1.1402,1.14035,73
2026-07-23 22:25,1784845500,1.14035,1.14035,1.1402,1.1402,74
2026-07-23 22:30,1784845800,1.1402,1.1402,1.14015,1.1402,92
2026-07-23 22:35,1784846100,1.14025,1.14025,1.1402,1.1402,48
2026-07-23 22:40,1784846400,1.14025,1.1403,1.1402,1.1403,30
2026-07-23 22:45,1784846700,1.14025,1.14035,1.14025,1.14035,11
2026-07-23 22:50,1784847000,1.14035,1.1404,1.14035,1.1404,74
2026-07-23 22:55,1784847300,1.14035,1.14045,1.14035,1.1404,38
2026-07-23 23:00,1784847600,1.14035,1.14045,1.1403,1.1403,93
2026-07-23 23:05,1784847900,1.1403,1.14035,1.1403,1.14035,51
2026-07-23 23:10,1784848200,1.14035,1.14035,1.1403,1.1403,44
2026-07-23 23:15,1784848500,1.1403,1.14035,1.1403,1.1403,18
2026-07-23 23:20,1784848800,1.14035,1.1404,1.14035,1.14035,23
2026-07-23 23:25,1784849100,1.14035,1.14035,1.1403,1.1403,8
2026-07-23 23:30,1784849400,1.14035,1.14045,1.1403,1.14035,22
2026-07-23 23:35,1784849700,1.14035,1.14035,1.1403,1.1403,110
2026-07-23 23:40,1784850000,1.1403,1.1403,1.1401,1.14015,939
2026-07-23 23:45,1784850300,1.1402,1.1403,1.1402,1.1402,128
2026-07-23 23:50,1784850600,1.14025,1.14025,1.14005,1.14005,78
2026-07-23 23:55,1784850900,1.14005,1.14015,1.14005,1.1401,72
2026-07-24 00:00,1784851200,1.14005,1.1403,1.13995,1.14015,457
2026-07-24 00:05,1784851500,1.1401,1.14045,1.14005,1.1404,207
2026-07-24 00:10,1784851800,1.14045,1.14045,1.1403,1.1403,56
2026-07-24 00:15,1784852100,1.14035,1.1404,1.14025,1.14025,161
2026-07-24 00:20,1784852400,1.1403,1.14045,1.1403,1.14045,117
2026-07-24 00:25,1784852700,1.1404,1.1404,1.1403,1.14035,70
2026-07-24 00:30,1784853000,1.14035,1.1404,1.1403,1.1403,80
2026-07-24 00:35,1784853300,1.1403,1.14035,1.14025,1.14025,68
2026-07-24 00:40,1784853600,1.1402,1.14025,1.14015,1.14015,44
2026-07-24 00:45,1784853900,1.14015,1.14025,1.1401,1.1402,32
2026-07-24 00:50,1784854200,1.1402,1.1403,1.14015,1.14025,251
2026-07-24 00:55,1784854500,1.14025,1.1409,1.14025,1.1409,506
2026-07-24 01:00,1784854800,1.1409,1.14105,1.1408,1.1409,413
2026-07-24 01:05,1784855100,1.14085,1.14085,1.1407,1.14075,65
2026-07-24 01:10,1784855400,1.1407,1.1409,1.1407,1.1408,111
2026-07-24 01:15,1784855700,1.1408,1.14095,1.14075,1.1409,108
2026-07-24 01:20,1784856000,1.1409,1.141,1.1409,1.141,119
2026-07-24 01:25,1784856300,1.141,1.141,1.14065,1.14065,147
2026-07-24 01:30,1784856600,1.14065,1.14085,1.1406,1.14085,66
2026-07-24 01:35,1784856900,1.14085,1.141,1.1408,1.1409,120
2026-07-24 01:40,1784857200,1.14095,1.14105,1.14095,1.14105,89
2026-07-24 01:45,1784857500,1.141,1.1412,1.141,1.14115,363
2026-07-24 01:50,1784857800,1.1411,1.1411,1.14095,1.14105,190
2026-07-24 01:55,1784858100,1.14105,1.14105,1.14075,1.1408,88
2026-07-24 02:00,1784858400,1.14085,1.1409,1.14075,1.14085,104
2026-07-24 02:05,1784858700,1.1408,1.14085,1.14075,1.14075,44
2026-07-24 02:10,1784859000,1.14075,1.1409,1.14075,1.1409,47
2026-07-24 02:15,1784859300,1.1409,1.14095,1.1408,1.14085,50
2026-07-24 02:20,1784859600,1.1409,1.14095,1.14085,1.14085,73
2026-07-24 02:25,1784859900,1.1408,1.1409,1.1408,1.14085,20
2026-07-24 02:30,1784860200,1.1409,1.1412,1.1409,1.14115,81
2026-07-24 02:35,1784860500,1.14105,1.14105,1.1409,1.1409,17
2026-07-24 02:40,1784860800,1.14095,1.14095,1.1409,1.1409,49
2026-07-24 02:45,1784861100,1.1409,1.14095,1.1406,1.14065,140
2026-07-24 02:50,1784861400,1.14065,1.1408,1.1406,1.1406,199
2026-07-24 02:55,1784861700,1.14065,1.14075,1.14055,1.14055,237
2026-07-24 03:00,1784862000,1.1405,1.1406,1.14045,1.1405,436
2026-07-24 03:05,1784862300,1.1405,1.1405,1.14035,1.14035,60
2026-07-24 03:10,1784862600,1.14035,1.14035,1.14025,1.1403,198
2026-07-24 03:15,1784862900,1.1403,1.14035,1.14025,1.14025,155
2026-07-24 03:20,1784863200,1.14025,1.1403,1.14025,1.14025,35
2026-07-24 03:25,1784863500,1.14025,1.14035,1.14025,1.14035,47
2026-07-24 03:30,1784863800,1.14035,1.14055,1.14035,1.14055,117
2026-07-24 03:35,1784864100,1.1406,1.14065,1.14055,1.1406,57
2026-07-24 03:40,1784864400,1.1406,1.14065,1.1406,1.14065,34
2026-07-24 03:45,1784864700,1.1406,1.1406,1.14055,1.14055,34
2026-07-24 03:50,1784865000,1.1406,1.1407,1.1406,1.14065,54
2026-07-24 03:55,1784865300,1.1406,1.1407,1.14055,1.14065,40
2026-07-24 04:05,1784865900,1.14075,1.14075,1.14075,1.14075,146
2026-07-24 04:10,1784866200,1.14075,1.14075,1.1407,1.14075,42
2026-07-24 04:15,1784866500,1.1408,1.1408,1.1407,1.1407,42
2026-07-24 04:20,1784866800,1.1407,1.1407,1.1406,1.1406,17
2026-07-24 04:25,1784867100,1.14055,1.1406,1.14055,1.14055,33
2026-07-24 04:30,1784867400,1.1405,1.14055,1.14045,1.1405,45
2026-07-24 04:35,1784867700,1.1405,1.14055,1.1404,1.14045,52
2026-07-24 04:40,1784868000,1.14045,1.14045,1.1402,1.14025,91
2026-07-24 04:45,1784868300,1.1402,1.1403,1.14015,1.14015,105
2026-07-24 04:50,1784868600,1.14015,1.14025,1.14005,1.1402,385
2026-07-24 04:55,1784868900,1.1402,1.14035,1.1402,1.14035,84
2026-07-24 05:00,1784869200,1.1404,1.14045,1.1403,1.1404,127
2026-07-24 05:05,1784869500,1.14045,1.14055,1.1404,1.1405,176
2026-07-24 05:10,1784869800,1.1405,1.14055,1.14045,1.14045,99
2026-07-24 05:15,1784870100,1.1405,1.1406,1.1405,1.1406,63
2026-07-24 05:20,1784870400,1.1406,1.1406,1.1406,1.1406,32
2026-07-24 05:25,1784870700,1.1406,1.14065,1.1406,1.14065,25
2026-07-24 05:30,1784871000,1.14065,1.14075,1.1406,1.14065,525
2026-07-24 05:35,1784871300,1.1406,1.14065,1.1406,1.1406,479
2026-07-24 05:40,1784871600,1.1406,1.14065,1.1405,1.1405,57
2026-07-24 05:45,1784871900,1.1405,1.14055,1.14045,1.14055,20
2026-07-24 05:50,1784872200,1.1405,1.1405,1.1403,1.1403,158
2026-07-24 05:55,1784872500,1.1403,1.1403,1.1401,1.1402,143
2026-07-24 06:00,1784872800,1.1402,1.1404,1.14015,1.14025,377
2026-07-24 06:05,1784873100,1.1403,1.1404,1.14025,1.1403,343
2026-07-24 06:10,1784873400,1.14035,1.1404,1.14025,1.1404,294
2026-07-24 06:15,1784873700,1.14045,1.1408,1.14045,1.1408,311
2026-07-24 06:20,1784874000,1.1408,1.141,1.1408,1.14095,382
2026-07-24 06:25,1784874300,1.14095,1.1411,1.14095,1.141,370
2026-07-24 06:30,1784874600,1.141,1.1411,1.1408,1.14105,279
2026-07-24 06:35,1784874900,1.14105,1.14105,1.141,1.141,151
2026-07-24 06:40,1784875200,1.141,1.14105,1.1408,1.1408,489
2026-07-24 06:45,1784875500,1.14085,1.14105,1.1408,1.1409,214
2026-07-24 06:50,1784875800,1.1409,1.141,1.1408,1.1408,416
2026-07-24 06:55,1784876100,1.1408,1.14115,1.1408,1.14115,328
2026-07-24 07:00,1784876400,1.14115,1.14135,1.1411,1.1413,601
2026-07-24 07:05,1784876700,1.1413,1.1418,1.14125,1.1418,1045
2026-07-24 07:10,1784877000,1.1418,1.14205,1.14175,1.1418,509
2026-07-24 07:15,1784877300,1.14185,1.1423,1.14145,1.14165,1303
2026-07-24 07:20,1784877600,1.1417,1.14205,1.14165,1.14205,446
2026-07-24 07:25,1784877900,1.1421,1.1424,1.1421,1.14215,568
2026-07-24 07:30,1784878200,1.1422,1.14255,1.142,1.14215,1307
2026-07-24 07:35,1784878500,1.14215,1.14215,1.14155,1.1416,809
2026-07-24 07:40,1784878800,1.1416,1.14175,1.14145,1.14175,314
2026-07-24 07:45,1784879100,1.1417,1.1417,1.1415,1.1416,307
2026-07-24 07:50,1784879400,1.1416,1.14165,1.14145,1.1416,247
2026-07-24 07:55,1784879700,1.1416,1.1417,1.1414,1.14145,379
2026-07-24 08:00,1784880000,1.14145,1.1415,1.14115,1.14115,526
2026-07-24 08:05,1784880300,1.14115,1.14125,1.14105,1.1412,714
2026-07-24 08:10,1784880600,1.1412,1.1413,1.14115,1.14125,220
2026-07-24 08:15,1784880900,1.1412,1.14125,1.1409,1.141,332
2026-07-24 08:20,1784881200,1.141,1.14105,1.1408,1.14095,475
2026-07-24 08:25,1784881500,1.1409,1.14125,1.1409,1.14115,2224
2026-07-24 08:30,1784881800,1.1412,1.1412,1.141,1.141,542
2026-07-24 08:35,1784882100,1.141,1.14115,1.1409,1.1411,531
2026-07-24 08:40,1784882400,1.1411,1.14115,1.141,1.141,235
2026-07-24 08:45,1784882700,1.14105,1.14105,1.1406,1.1406,248
2026-07-24 08:50,1784883000,1.1406,1.1408,1.14055,1.1408,534
2026-07-24 08:55,1784883300,1.14075,1.14075,1.1406,1.14075,353
2026-07-24 09:00,1784883600,1.1407,1.1409,1.1407,1.1407,297
2026-07-24 09:05,1784883900,1.1407,1.14105,1.1407,1.14105,248
2026-07-24 09:10,1784884200,1.14105,1.14105,1.1409,1.14095,471
2026-07-24 09:15,1784884500,1.14095,1.14115,1.1408,1.1411,401
2026-07-24 09:20,1784884800,1.1411,1.1411,1.14075,1.14085,352
2026-07-24 09:25,1784885100,1.14085,1.1412,1.14085,1.14115,340
2026-07-24 09:30,1784885400,1.1411,1.14115,1.141,1.141,193
2026-07-24 09:35,1784885700,1.14105,1.1411,1.1409,1.1409,679
2026-07-24 09:40,1784886000,1.1409,1.1411,1.14075,1.14105,838
2026-07-24 09:45,1784886300,1.141,1.14115,1.141,1.141,236
2026-07-24 09:50,1784886600,1.14105,1.14115,1.141,1.1411,293
2026-07-24 09:55,1784886900,1.14115,1.1413,1.14105,1.1413,735
2026-07-24 10:00,1784887200,1.14135,1.14145,1.14115,1.14145,577
2026-07-24 10:05,1784887500,1.14145,1.14145,1.1412,1.1413,228
2026-07-24 10:10,1784887800,1.1413,1.1414,1.1412,1.1412,156
2026-07-24 10:15,1784888100,1.1412,1.1414,1.14115,1.1413,407
2026-07-24 10:20,1784888400,1.14135,1.1416,1.1413,1.1416,604
2026-07-24 10:25,1784888700,1.14155,1.1417,1.14145,1.14145,481
2026-07-24 10:30,1784889000,1.1414,1.1416,1.1414,1.14145,294
2026-07-24 10:35,1784889300,1.1415,1.14155,1.1414,1.1414,529
2026-07-24 10:40,1784889600,1.14135,1.14135,1.14115,1.14115,256
2026-07-24 10:45,1784889900,1.1411,1.14125,1.14105,1.1411,1040
2026-07-24 10:50,1784890200,1.14105,1.1411,1.14065,1.14065,584
2026-07-24 10:55,1784890500,1.1407,1.14085,1.14055,1.14075,448
2026-07-24 11:00,1784890800,1.14075,1.14095,1.1406,1.1409,639
2026-07-24 11:05,1784891100,1.1409,1.141,1.14075,1.14095,349
2026-07-24 11:10,1784891400,1.14095,1.14125,1.14095,1.14125,843
2026-07-24 11:15,1784891700,1.14125,1.14125,1.14105,1.14105,258
2026-07-24 11:20,1784892000,1.14105,1.14105,1.14095,1.14095,440
2026-07-24 11:25,1784892300,1.1409,1.14095,1.14065,1.14065,416
2026-07-24 11:30,1784892600,1.14065,1.1407,1.1406,1.1406,415
2026-07-24 11:35,1784892900,1.14065,1.14065,1.1404,1.1404,638
2026-07-24 11:40,1784893200,1.1404,1.14045,1.1403,1.1404,1349
2026-07-24 11:45,1784893500,1.14045,1.14055,1.14035,1.14045,306
2026-07-24 11:50,1784893800,1.14045,1.14045,1.14,1.1401,894
2026-07-24 11:55,1784894100,1.1401,1.1401,1.13955,1.1399,4696
2026-07-24 12:00,1784894400,1.13995,1.1401,1.13965,1.13975,1060
2026-07-24 12:05,1784894700,1.13975,1.1402,1.13965,1.14015,546
2026-07-24 12:10,1784895000,1.14015,1.1403,1.14005,1.1402,480
2026-07-24 12:15,1784895300,1.1402,1.1402,1.14,1.14015,2254
2026-07-24 12:20,1784895600,1.1401,1.14015,1.1399,1.14,1623
2026-07-24 12:25,1784895900,1.14,1.14,1.1397,1.13985,1308
2026-07-24 12:30,1784896200,1.13985,1.14005,1.13945,1.13945,698
2026-07-24 12:35,1784896500,1.1395,1.1397,1.1395,1.13965,428
2026-07-24 12:40,1784896800,1.13965,1.13965,1.13915,1.1393,823
2026-07-24 12:45,1784897100,1.13925,1.1396,1.1392,1.1393,769
2026-07-24 12:50,1784897400,1.1393,1.13945,1.13925,1.13935,399
2026-07-24 12:55,1784897700,1.13935,1.1395,1.1392,1.1394,608
2026-07-24 13:00,1784898000,1.1394,1.13955,1.1391,1.13925,1451
2026-07-24 13:05,1784898300,1.13925,1.13925,1.13905,1.13915,761
2026-07-24 13:10,1784898600,1.13915,1.1397,1.1389,1.1395,2872
2026-07-24 13:15,1784898900,1.1395,1.1398,1.13935,1.13965,1185
2026-07-24 13:20,1784899200,1.13965,1.1398,1.13945,1.13955,1579
2026-07-24 13:25,1784899500,1.1396,1.1396,1.1394,1.1395,620
2026-07-24 13:30,1784899800,1.13945,1.1396,1.1392,1.13935,622
2026-07-24 13:35,1784900100,1.13935,1.1397,1.13925,1.1397,791
2026-07-24 13:40,1784900400,1.1397,1.1398,1.1396,1.13965,1029
2026-07-24 13:45,1784900700,1.1396,1.1397,1.1394,1.13945,1395
2026-07-24 13:50,1784901000,1.13945,1.13975,1.1393,1.13975,990
2026-07-24 13:55,1784901300,1.13975,1.14015,1.13965,1.1401,1795
2026-07-24 14:00,1784901600,1.1401,1.1404,1.14005,1.1401,2130
2026-07-24 14:05,1784901900,1.1401,1.1401,1.1395,1.1398,1616
2026-07-24 14:10,1784902200,1.13975,1.13995,1.1396,1.13965,916
2026-07-24 14:15,1784902500,1.1397,1.1399,1.13965,1.1397,598
2026-07-24 14:20,1784902800,1.13975,1.1402,1.13975,1.13995,1322
2026-07-24 14:25,1784903100,1.14,1.14025,1.13995,1.13995,731
2026-07-24 14:30,1784903400,1.13995,1.14035,1.13995,1.14035,804
2026-07-24 14:35,1784903700,1.14035,1.14035,1.1401,1.1401,391
2026-07-24 14:40,1784904000,1.14015,1.1402,1.14005,1.14005,442
2026-07-24 14:45,1784904300,1.14005,1.1403,1.14,1.1403,486
2026-07-24 14:50,1784904600,1.1402,1.1403,1.1399,1.1401,3100
2026-07-24 14:55,1784904900,1.1401,1.1405,1.1401,1.14025,4988
2026-07-24 15:00,1784905200,1.14025,1.14045,1.1401,1.14035,1329
2026-07-24 15:05,1784905500,1.1404,1.14075,1.1403,1.14075,964
2026-07-24 15:10,1784905800,1.1407,1.14135,1.1407,1.1412,3015
2026-07-24 15:15,1784906100,1.1412,1.14155,1.14095,1.14105,2685
2026-07-24 15:20,1784906400,1.141,1.14115,1.1409,1.141,654
2026-07-24 15:25,1784906700,1.141,1.1411,1.1409,1.1409,622
2026-07-24 15:30,1784907000,1.1409,1.14115,1.1408,1.141,501
2026-07-24 15:35,1784907300,1.141,1.14135,1.1409,1.14135,499
2026-07-24 15:40,1784907600,1.14135,1.14135,1.14085,1.1409,1262
2026-07-24 15:45,1784907900,1.14095,1.14105,1.14085,1.14095,1044
2026-07-24 15:50,1784908200,1.141,1.1411,1.1409,1.14095,1043
2026-07-24 15:55,1784908500,1.14095,1.14095,1.1407,1.1409,504
2026-07-24 16:00,1784908800,1.14085,1.1409,1.1406,1.14075,336
2026-07-24 16:05,1784909100,1.1407,1.14095,1.14065,1.1409,404
2026-07-24 16:10,1784909400,1.1409,1.14105,1.14085,1.141,363
2026-07-24 16:15,1784909700,1.141,1.14105,1.1409,1.141,288
2026-07-24 16:20,1784910000,1.141,1.141,1.14075,1.1408,203
2026-07-24 16:25,1784910300,1.14075,1.14075,1.14065,1.14075,585
2026-07-24 16:30,1784910600,1.14075,1.1408,1.1406,1.1408,660
2026-07-24 16:35,1784910900,1.1408,1.1408,1.1405,1.1405,248
2026-07-24 16:40,1784911200,1.1405,1.14055,1.1404,1.14045,287
2026-07-24 16:45,1784911500,1.14045,1.14045,1.1403,1.14035,251
2026-07-24 16:50,1784911800,1.14035,1.1404,1.1403,1.1404,180
2026-07-24 16:55,1784912100,1.1404,1.1405,1.1402,1.14025,230
2026-07-24 17:00,1784912400,1.1402,1.1402,1.1401,1.1401,468
2026-07-24 17:05,1784912700,1.1401,1.1401,1.1395,1.1397,1910
2026-07-24 17:10,1784913000,1.13965,1.13965,1.13945,1.1396,1169
2026-07-24 17:15,1784913300,1.13955,1.1397,1.13945,1.13945,258
2026-07-24 17:20,1784913600,1.1394,1.13945,1.1393,1.13945,350
2026-07-24 17:25,1784913900,1.13945,1.1396,1.13945,1.1396,165
2026-07-24 17:30,1784914200,1.1396,1.1397,1.13955,1.13955,311
2026-07-24 17:35,1784914500,1.13955,1.13955,1.13935,1.1394,809
2026-07-24 17:40,1784914800,1.1394,1.1394,1.1393,1.1394,422
2026-07-24 17:45,1784915100,1.13935,1.1394,1.1393,1.1393,150
2026-07-24 17:50,1784915400,1.1393,1.1393,1.13915,1.1393,171
2026-07-24 17:55,1784915700,1.13935,1.13945,1.13935,1.13935,344
2026-07-24 18:00,1784916000,1.1394,1.13945,1.13925,1.1393,160
2026-07-24 18:05,1784916300,1.13935,1.1395,1.1393,1.1395,236
2026-07-24 18:10,1784916600,1.1395,1.1395,1.1394,1.13945,135
2026-07-24 18:15,1784916900,1.13945,1.13955,1.13945,1.13945,208
2026-07-24 18:20,1784917200,1.13945,1.13945,1.13925,1.13935,355
2026-07-24 18:25,1784917500,1.1394,1.1394,1.13935,1.13935,229
2026-07-24 18:30,1784917800,1.13935,1.1394,1.1392,1.1392,220
2026-07-24 18:35,1784918100,1.1392,1.13935,1.1392,1.13935,521
2026-07-24 18:40,1784918400,1.1393,1.13935,1.13925,1.1393,214
2026-07-24 18:45,1784918700,1.13935,1.1395,1.1393,1.1394,472
2026-07-24 18:50,1784919000,1.1394,1.13945,1.13935,1.1394,432
2026-07-24 18:55,1784919300,1.1394,1.13945,1.13935,1.1394,1678
2026-07-24 19:00,1784919600,1.1394,1.13955,1.1394,1.13945,624
2026-07-24 19:05,1784919900,1.13945,1.13955,1.13945,1.1395,260
2026-07-24 19:10,1784920200,1.1395,1.13955,1.13945,1.13945,245
2026-07-24 19:15,1784920500,1.13945,1.1395,1.13945,1.13945,206
2026-07-24 19:20,1784920800,1.1395,1.13955,1.13935,1.13935,380
2026-07-24 19:25,1784921100,1.13935,1.13935,1.13925,1.1393,187
2026-07-24 19:30,1784921400,1.1393,1.13945,1.1393,1.13935,260
2026-07-24 19:35,1784921700,1.13935,1.1397,1.13935,1.1396,1289
2026-07-24 19:40,1784922000,1.1396,1.13965,1.1396,1.1396,272
2026-07-24 19:45,1784922300,1.1396,1.1396,1.1395,1.13955,231
2026-07-24 19:50,1784922600,1.1396,1.1396,1.13945,1.1395,183
2026-07-24 19:55,1784922900,1.1395,1.1395,1.1394,1.1394,406
2026-07-24 20:00,1784923200,1.1394,1.1395,1.1394,1.1395,266
2026-07-24 20:05,1784923500,1.13945,1.1395,1.1394,1.13945,139
2026-07-24 20:10,1784923800,1.13945,1.13945,1.13945,1.13945,53
2026-07-24 20:15,1784924100,1.13945,1.13945,1.13935,1.13935,87
2026-07-24 20:20,1784924400,1.1394,1.1394,1.1393,1.13935,77
2026-07-24 20:25,1784924700,1.13935,1.13935,1.13925,1.1393,225
2026-07-24 20:30,1784925000,1.1393,1.13935,1.1392,1.13925,135
2026-07-24 20:35,1784925300,1.13925,1.1393,1.1392,1.1392,68
2026-07-24 20:40,1784925600,1.13925,1.13935,1.13925,1.1393,111
2026-07-24 20:45,1784925900,1.13935,1.1395,1.1393,1.1395,200
2026-07-24 20:50,1784926200,1.13955,1.13955,1.13945,1.13945,121
2026-07-24 20:55,1784926500,1.13945,1.13975,1.1394,1.1394,523
2026-07-26 22:10,1785103800,1.14195,1.1421,1.1416,1.14175,167
2026-07-26 22:15,1785104100,1.1417,1.1418,1.1416,1.14175,162
2026-07-26 22:20,1785104400,1.14175,1.1418,1.14155,1.1416,173
2026-07-26 22:25,1785104700,1.14155,1.1416,1.14145,1.1416,99
2026-07-26 22:30,1785105000,1.1416,1.1416,1.1415,1.14155,84
2026-07-26 22:35,1785105300,1.14155,1.1416,1.1415,1.1415,108
2026-07-26 22:40,1785105600,1.14155,1.1416,1.1415,1.1416,55
2026-07-26 22:45,1785105900,1.1416,1.1416,1.1414,1.14145,66
2026-07-26 22:50,1785106200,1.14145,1.14155,1.14145,1.1415,57
2026-07-26 22:55,1785106500,1.14145,1.14145,1.14125,1.14135,131
2026-07-26 23:00,1785106800,1.14135,1.14145,1.1413,1.1414,186
2026-07-26 23:05,1785107100,1.1414,1.1415,1.1414,1.1415,89
2026-07-26 23:10,1785107400,1.14145,1.14145,1.14135,1.14135,85
2026-07-26 23:15,1785107700,1.14135,1.14145,1.1413,1.14135,175
2026-07-26 23:20,1785108000,1.14135,1.1414,1.14135,1.14135,30
2026-07-26 23:25,1785108300,1.1413,1.14135,1.14125,1.14135,235
2026-07-26 23:30,1785108600,1.14135,1.1415,1.14135,1.1415,79
2026-07-26 23:35,1785108900,1.1415,1.14165,1.1415,1.14155,63
2026-07-26 23:40,1785109200,1.14155,1.1417,1.14155,1.1417,76
2026-07-26 23:45,1785109500,1.14165,1.14175,1.1416,1.1417,70
2026-07-26 23:50,1785109800,1.1417,1.1417,1.14155,1.1416,79
2026-07-26 23:55,1785110100,1.1416,1.14195,1.1416,1.1419,207
2026-07-27 00:00,1785110400,1.1419,1.14225,1.1419,1.1422,953
2026-07-27 00:05,1785110700,1.14215,1.1423,1.14205,1.14225,288
2026-07-27 00:10,1785111000,1.1423,1.1428,1.14225,1.1428,532
2026-07-27 00:15,1785111300,1.14275,1.14285,1.1425,1.1428,548
2026-07-27 00:20,1785111600,1.1428,1.1432,1.14265,1.1431,964
2026-07-27 00:25,1785111900,1.14315,1.1436,1.1431,1.1435,1046
2026-07-27 00:30,1785112200,1.14345,1.14375,1.1434,1.14355,1147
2026-07-27 00:35,1785112500,1.1436,1.1436,1.1429,1.1429,655
2026-07-27 00:40,1785112800,1.1429,1.143,1.1428,1.14285,707
2026-07-27 00:45,1785113100,1.14285,1.143,1.14275,1.14285,329
2026-07-27 00:50,1785113400,1.14285,1.14285,1.14245,1.1425,389
2026-07-27 00:55,1785113700,1.1425,1.14265,1.14245,1.14255,480
2026-07-27 01:00,1785114000,1.1426,1.14305,1.1426,1.1428,549
2026-07-27 01:05,1785114300,1.1428,1.14315,1.1428,1.14305,467
2026-07-27 01:10,1785114600,1.14305,1.14315,1.14295,1.143,395
2026-07-27 01:15,1785114900,1.143,1.1431,1.14295,1.1431,375
2026-07-27 01:20,1785115200,1.1431,1.1432,1.1429,1.143,355
2026-07-27 01:25,1785115500,1.143,1.14305,1.1429,1.14305,149
2026-07-27 01:30,1785115800,1.14305,1.1433,1.14305,1.1431,287
2026-07-27 01:35,1785116100,1.14305,1.14305,1.1428,1.1429,437
2026-07-27 01:40,1785116400,1.1429,1.1432,1.1429,1.1432,237
2026-07-27 01:45,1785116700,1.1432,1.14345,1.1432,1.14345,376
2026-07-27 01:50,1785117000,1.14345,1.14345,1.1432,1.1433,205
2026-07-27 01:55,1785117300,1.1433,1.14385,1.1433,1.14385,355
2026-07-27 02:00,1785117600,1.1438,1.14385,1.1436,1.14365,361
2026-07-27 02:05,1785117900,1.14365,1.14375,1.14355,1.14355,286
2026-07-27 02:10,1785118200,1.14355,1.14365,1.14345,1.14345,194
2026-07-27 02:15,1785118500,1.14345,1.1435,1.14315,1.14325,115
2026-07-27 02:20,1785118800,1.14325,1.14335,1.1432,1.1433,41
2026-07-27 02:25,1785119100,1.14335,1.1435,1.14335,1.14345,86
2026-07-27 02:30,1785119400,1.14345,1.14345,1.14325,1.1434,118
2026-07-27 02:35,1785119700,1.1434,1.14345,1.1432,1.1432,66
2026-07-27 02:40,1785120000,1.14325,1.1433,1.1432,1.14325,27
2026-07-27 02:45,1785120300,1.14325,1.14325,1.14315,1.14315,31
2026-07-27 02:50,1785120600,1.14315,1.14325,1.14315,1.1432,77
2026-07-27 02:55,1785120900,1.1432,1.1432,1.14295,1.14295,245
2026-07-27 03:00,1785121200,1.143,1.1431,1.14285,1.1429,352
2026-07-27 03:05,1785121500,1.14295,1.14295,1.14285,1.14285,166
2026-07-27 03:10,1785121800,1.14285,1.14285,1.1427,1.14275,142
2026-07-27 03:15,1785122100,1.14275,1.14285,1.14275,1.14285,28
2026-07-27 03:20,1785122400,1.14285,1.14285,1.14275,1.1428,37
2026-07-27 03:25,1785122700,1.1428,1.1429,1.1428,1.1428,26
2026-07-27 03:30,1785123000,1.14275,1.14275,1.14255,1.1426,183
2026-07-27 03:35,1785123300,1.1426,1.14275,1.1426,1.1427,56
2026-07-27 03:40,1785123600,1.1427,1.1428,1.1427,1.1428,42
2026-07-27 03:45,1785123900,1.1428,1.14285,1.1428,1.1428,44
2026-07-27 03:50,1785124200,1.1428,1.1429,1.1428,1.1428,49
2026-07-27 03:55,1785124500,1.1428,1.14285,1.14275,1.14275,38
2026-07-27 04:00,1785124800,1.1428,1.1429,1.14275,1.14285,125
2026-07-27 04:05,1785125100,1.14285,1.14285,1.1428,1.1428,24
2026-07-27 04:10,1785125400,1.1428,1.14285,1.14275,1.14285,53
2026-07-27 04:15,1785125700,1.14285,1.1429,1.1428,1.1429,36
2026-07-27 04:20,1785126000,1.1429,1.1429,1.14275,1.14275,18
2026-07-27 04:25,1785126300,1.14275,1.14275,1.14265,1.1427,31
2026-07-27 04:30,1785126600,1.14275,1.1428,1.14275,1.14275,55
2026-07-27 04:35,1785126900,1.14275,1.1428,1.1427,1.1428,13
2026-07-27 04:40,1785127200,1.1428,1.1429,1.14275,1.14275,55
2026-07-27 04:45,1785127500,1.14275,1.1428,1.1427,1.14275,34
2026-07-27 04:50,1785127800,1.1427,1.1427,1.1426,1.14265,146
2026-07-27 04:55,1785128100,1.14265,1.14285,1.14265,1.1428,73
2026-07-27 05:00,1785128400,1.14275,1.14275,1.1427,1.14275,91
2026-07-27 05:05,1785128700,1.1427,1.1429,1.1427,1.1429,19
2026-07-27 05:10,1785129000,1.1429,1.1431,1.14285,1.1431,232
2026-07-27 05:15,1785129300,1.1431,1.14315,1.14305,1.1431,123
2026-07-27 05:20,1785129600,1.14305,1.1431,1.14295,1.143,113
2026-07-27 05:25,1785129900,1.14295,1.143,1.1429,1.143,81
2026-07-27 05:30,1785130200,1.14305,1.14305,1.1428,1.14285,212
2026-07-27 05:35,1785130500,1.1428,1.1429,1.1428,1.1429,177
2026-07-27 05:40,1785130800,1.1429,1.1429,1.14285,1.14285,101
2026-07-27 05:45,1785131100,1.1429,1.14295,1.1428,1.1429,116
2026-07-27 05:50,1785131400,1.1429,1.1431,1.1429,1.1431,94
2026-07-27 05:55,1785131700,1.1431,1.1431,1.143,1.143,218
2026-07-27 06:00,1785132000,1.143,1.1435,1.14295,1.1435,1409
2026-07-27 06:05,1785132300,1.14345,1.1435,1.14325,1.14345,471
2026-07-27 06:10,1785132600,1.14345,1.14375,1.14345,1.1436,395
2026-07-27 06:15,1785132900,1.1436,1.14365,1.14325,1.1433,551
2026-07-27 06:20,1785133200,1.14325,1.14345,1.14315,1.14345,410
2026-07-27 06:25,1785133500,1.1435,1.14375,1.14345,1.1437,310
2026-07-27 06:30,1785133800,1.1437,1.14375,1.14335,1.1436,524
2026-07-27 06:35,1785134100,1.1436,1.1439,1.14345,1.1439,395
2026-07-27 06:40,1785134400,1.1439,1.1442,1.1438,1.14395,695
2026-07-27 06:45,1785134700,1.1439,1.1439,1.1435,1.1435,289
2026-07-27 06:50,1785135000,1.14345,1.1435,1.1433,1.1433,335
2026-07-27 06:55,1785135300,1.1433,1.1434,1.14315,1.14325,564
2026-07-27 07:00,1785135600,1.1432,1.14335,1.1429,1.14305,850
2026-07-27 07:05,1785135900,1.14305,1.14315,1.14295,1.143,1216
2026-07-27 07:10,1785136200,1.143,1.1434,1.1429,1.14335,514
2026-07-27 07:15,1785136500,1.1434,1.1434,1.143,1.1431,670
2026-07-27 07:20,1785136800,1.1431,1.1434,1.143,1.1431,742
2026-07-27 07:25,1785137100,1.14315,1.14325,1.14305,1.1431,537
2026-07-27 07:30,1785137400,1.1431,1.1431,1.14275,1.14295,506
2026-07-27 07:35,1785137700,1.14295,1.1431,1.1427,1.1427,429
2026-07-27 07:40,1785138000,1.1427,1.14285,1.14255,1.14265,232
2026-07-27 07:45,1785138300,1.1427,1.14275,1.14245,1.1425,844
2026-07-27 07:50,1785138600,1.14255,1.14265,1.1424,1.14265,1195
2026-07-27 07:55,1785138900,1.14265,1.14265,1.142,1.1421,1140
2026-07-27 08:00,1785139200,1.1421,1.14225,1.14195,1.14205,549
2026-07-27 08:05,1785139500,1.14205,1.1423,1.142,1.142,490
2026-07-27 08:10,1785139800,1.142,1.14215,1.14195,1.142,523
2026-07-27 08:15,1785140100,1.142,1.1421,1.1419,1.14205,582
2026-07-27 08:20,1785140400,1.14205,1.14215,1.1419,1.14205,171
2026-07-27 08:25,1785140700,1.14205,1.14205,1.1419,1.14195,316
2026-07-27 08:30,1785141000,1.14195,1.14205,1.1419,1.142,299
2026-07-27 08:35,1785141300,1.142,1.1423,1.142,1.1422,378
2026-07-27 08:40,1785141600,1.14225,1.14255,1.1422,1.14225,325
2026-07-27 08:45,1785141900,1.1423,1.1424,1.14215,1.14215,152
2026-07-27 08:50,1785142200,1.14215,1.14255,1.1421,1.14255,433
2026-07-27 08:55,1785142500,1.14255,1.14275,1.14255,1.1426,387
2026-07-27 09:00,1785142800,1.1426,1.1427,1.1425,1.1427,271
2026-07-27 09:05,1785143100,1.1427,1.1427,1.1425,1.1425,282
2026-07-27 09:10,1785143400,1.14245,1.14245,1.1422,1.1422,352
2026-07-27 09:15,1785143700,1.1422,1.14225,1.1421,1.1422,214
2026-07-27 09:20,1785144000,1.1422,1.1423,1.14215,1.1422,187
2026-07-27 09:25,1785144300,1.1422,1.14235,1.1419,1.14195,271
2026-07-27 09:30,1785144600,1.1419,1.1422,1.14185,1.1421,200
2026-07-27 09:35,1785144900,1.14205,1.1422,1.14205,1.1422,219
2026-07-27 09:40,1785145200,1.1422,1.1422,1.1421,1.1421,109
2026-07-27 09:45,1785145500,1.14215,1.14225,1.14205,1.1421,77
2026-07-27 09:50,1785145800,1.1421,1.1422,1.14195,1.14215,315
2026-07-27 09:55,1785146100,1.1421,1.14225,1.142,1.142,282
2026-07-27 10:00,1785146400,1.142,1.14255,1.142,1.14245,503
2026-07-27 10:05,1785146700,1.1425,1.1425,1.1422,1.1422,243
2026-07-27 10:10,1785147000,1.1422,1.1422,1.14175,1.1419,360
2026-07-27 10:15,1785147300,1.14195,1.14225,1.14195,1.14215,214
2026-07-27 10:20,1785147600,1.1422,1.14235,1.14205,1.14225,208
2026-07-27 10:25,1785147900,1.14225,1.1423,1.1421,1.14215,137
2026-07-27 10:30,1785148200,1.14215,1.1423,1.14215,1.14225,418
2026-07-27 10:35,1785148500,1.1422,1.14225,1.1421,1.1421,103
2026-07-27 10:40,1785148800,1.14215,1.14255,1.14215,1.14245,190
2026-07-27 10:45,1785149100,1.1424,1.1424,1.14225,1.1423,109
2026-07-27 10:50,1785149400,1.1423,1.14235,1.1421,1.1423,171
2026-07-27 10:55,1785149700,1.14235,1.1424,1.14185,1.1419,553
2026-07-27 11:00,1785150000,1.1419,1.14195,1.14175,1.1418,230
2026-07-27 11:05,1785150300,1.14175,1.14175,1.1415,1.14165,305
2026-07-27 11:10,1785150600,1.14165,1.1417,1.14155,1.1416,222
2026-07-27 11:15,1785150900,1.14155,1.1418,1.14155,1.14175,188
2026-07-27 11:20,1785151200,1.14175,1.14175,1.1416,1.1416,109
2026-07-27 11:25,1785151500,1.14155,1.1418,1.1415,1.1415,347
2026-07-27 11:30,1785151800,1.1415,1.1419,1.1415,1.14175,470
2026-07-27 11:35,1785152100,1.14175,1.1419,1.1416,1.1417,283
2026-07-27 11:40,1785152400,1.14165,1.14195,1.1416,1.1416,661
2026-07-27 11:45,1785152700,1.1416,1.14165,1.1413,1.1414,790
2026-07-27 11:50,1785153000,1.14135,1.1414,1.1412,1.1412,442
2026-07-27 11:55,1785153300,1.1412,1.1412,1.14095,1.1411,1081
2026-07-27 12:00,1785153600,1.1411,1.14135,1.14105,1.14135,465
2026-07-27 12:05,1785153900,1.1413,1.1414,1.14125,1.14135,334
2026-07-27 12:10,1785154200,1.1413,1.1413,1.1408,1.1408,575
2026-07-27 12:15,1785154500,1.14085,1.14105,1.1408,1.14095,429
2026-07-27 12:20,1785154800,1.14095,1.141,1.1408,1.1408,443
2026-07-27 12:25,1785155100,1.1408,1.14085,1.1407,1.1407,736
2026-07-27 12:30,1785155400,1.14075,1.1408,1.1405,1.14075,803
2026-07-27 12:35,1785155700,1.1407,1.1408,1.14015,1.1402,1088
2026-07-27 12:40,1785156000,1.14025,1.14055,1.14005,1.1405,1347
2026-07-27 12:45,1785156300,1.14045,1.14065,1.1404,1.1404,703
2026-07-27 12:50,1785156600,1.14045,1.14085,1.1404,1.1407,999
2026-07-27 12:55,1785156900,1.14075,1.14095,1.1407,1.14075,486
2026-07-27 13:00,1785157200,1.14075,1.14075,1.14035,1.1404,878
2026-07-27 13:05,1785157500,1.14035,1.1409,1.14035,1.1409,781
2026-07-27 13:10,1785157800,1.1409,1.14105,1.1408,1.1408,547
2026-07-27 13:15,1785158100,1.14075,1.14075,1.14055,1.14055,479
2026-07-27 13:20,1785158400,1.14055,1.1406,1.1404,1.1404,313
2026-07-27 13:25,1785158700,1.1404,1.14045,1.14015,1.1403,844
2026-07-27 13:30,1785159000,1.14035,1.14075,1.1403,1.1404,1634
2026-07-27 13:35,1785159300,1.1404,1.14055,1.1403,1.14045,638
2026-07-27 13:40,1785159600,1.1404,1.14055,1.14025,1.1404,683
2026-07-27 13:45,1785159900,1.14045,1.1405,1.1402,1.14035,652
2026-07-27 13:50,1785160200,1.14035,1.14045,1.14005,1.14005,892
2026-07-27 13:55,1785160500,1.14,1.14005,1.13965,1.13985,1179
2026-07-27 14:00,1785160800,1.1398,1.14,1.1395,1.1399,1355
2026-07-27 14:05,1785161100,1.13985,1.1401,1.13985,1.1399,667
2026-07-27 14:10,1785161400,1.1399,1.14005,1.13985,1.14,516
2026-07-27 14:15,1785161700,1.14,1.14005,1.1397,1.1398,1131
2026-07-27 14:20,1785162000,1.1398,1.13985,1.1397,1.1398,515
2026-07-27 14:25,1785162300,1.1398,1.1398,1.13945,1.13945,655
2026-07-27 14:30,1785162600,1.13945,1.1396,1.13935,1.13945,1075
2026-07-27 14:35,1785162900,1.1395,1.13975,1.1394,1.1397,1095
2026-07-27 14:40,1785163200,1.1397,1.13985,1.1394,1.1395,595
2026-07-27 14:45,1785163500,1.13955,1.1399,1.13955,1.1397,481
2026-07-27 14:50,1785163800,1.13975,1.1398,1.1393,1.13935,773
2026-07-27 14:55,1785164100,1.1394,1.13965,1.13925,1.1396,2417
2026-07-27 15:00,1785164400,1.1396,1.13975,1.13945,1.1397,1783
2026-07-27 15:05,1785164700,1.1397,1.13975,1.13945,1.13945,1050
2026-07-27 15:10,1785165000,1.13945,1.13955,1.1392,1.1395,492
2026-07-27 15:15,1785165300,1.1395,1.1398,1.1395,1.13975,733
2026-07-27 15:20,1785165600,1.13975,1.14,1.1397,1.1399,930
2026-07-27 15:25,1785165900,1.1399,1.1401,1.13975,1.14,1094
2026-07-27 15:30,1785166200,1.14,1.14005,1.13975,1.1398,801
2026-07-27 15:35,1785166500,1.13985,1.14005,1.1398,1.13995,726
2026-07-27 15:40,1785166800,1.13995,1.14,1.13985,1.13995,612
2026-07-27 15:45,1785167100,1.13995,1.13995,1.13975,1.13985,371
2026-07-27 15:50,1785167400,1.13985,1.14015,1.13985,1.14,530
2026-07-27 15:55,1785167700,1.14,1.1402,1.1399,1.1399,781
2026-07-27 16:00,1785168000,1.1399,1.1401,1.13975,1.14005,668
2026-07-27 16:05,1785168300,1.14005,1.1401,1.1399,1.14005,491
2026-07-27 16:10,1785168600,1.14,1.1401,1.14,1.14005,233
2026-07-27 16:15,1785168900,1.14005,1.14045,1.14,1.14045,1651
2026-07-27 16:20,1785169200,1.14045,1.14065,1.1404,1.14055,681
2026-07-27 16:25,1785169500,1.14055,1.1408,1.1405,1.14065,2122
2026-07-27 16:30,1785169800,1.14065,1.14085,1.1406,1.14085,378
2026-07-27 16:35,1785170100,1.14085,1.14095,1.14075,1.1408,426
2026-07-27 16:40,1785170400,1.1408,1.1409,1.14065,1.1407,461
2026-07-27 16:45,1785170700,1.14065,1.1407,1.14045,1.14045,1022
2026-07-27 16:50,1785171000,1.1404,1.1405,1.14035,1.1404,306
2026-07-27 16:55,1785171300,1.1404,1.1404,1.1403,1.14035,256
2026-07-27 17:00,1785171600,1.14035,1.14035,1.1397,1.13975,998
2026-07-27 17:05,1785171900,1.13975,1.14005,1.13965,1.13985,1421
2026-07-27 17:10,1785172200,1.1399,1.14,1.13975,1.13975,2606
2026-07-27 17:15,1785172500,1.13975,1.13975,1.13955,1.1396,311
2026-07-27 17:20,1785172800,1.13955,1.13965,1.13945,1.1395,294
2026-07-27 17:25,1785173100,1.13945,1.1395,1.13935,1.13945,711
2026-07-27 17:30,1785173400,1.1394,1.1397,1.1393,1.13955,386
2026-07-27 17:35,1785173700,1.13955,1.13955,1.13935,1.13935,300
2026-07-27 17:40,1785174000,1.13935,1.1394,1.13925,1.13935,242
2026-07-27 17:45,1785174300,1.1393,1.1394,1.13925,1.1394,263
2026-07-27 17:50,1785174600,1.1394,1.1396,1.1394,1.1396,295
2026-07-27 17:55,1785174900,1.1396,1.1397,1.1396,1.13965,464
2026-07-27 18:00,1785175200,1.13965,1.1397,1.1395,1.13965,237
2026-07-27 18:05,1785175500,1.1397,1.13975,1.13965,1.1397,301
2026-07-27 18:10,1785175800,1.1397,1.13975,1.1396,1.13965,523
2026-07-27 18:15,1785176100,1.13965,1.13965,1.1395,1.13955,876
2026-07-27 18:20,1785176400,1.13955,1.13955,1.13935,1.1394,690
2026-07-27 18:25,1785176700,1.1394,1.13945,1.1393,1.13945,613
2026-07-27 18:30,1785177000,1.1394,1.13955,1.13935,1.13935,810
2026-07-27 18:35,1785177300,1.13935,1.1394,1.13925,1.13925,1032
2026-07-27 18:40,1785177600,1.13925,1.13965,1.1392,1.13935,3493
2026-07-27 18:45,1785177900,1.13935,1.13945,1.1392,1.1392,1193
2026-07-27 18:50,1785178200,1.1392,1.1393,1.1391,1.13925,1181
2026-07-27 18:55,1785178500,1.13925,1.13935,1.1391,1.1392,4552
2026-07-27 19:00,1785178800,1.13925,1.1394,1.13915,1.13915,588
2026-07-27 19:05,1785179100,1.13915,1.13925,1.13915,1.1392,304
2026-07-27 19:10,1785179400,1.1392,1.1393,1.1391,1.13915,534
2026-07-27 19:15,1785179700,1.13915,1.1392,1.1391,1.13915,595
2026-07-27 19:20,1785180000,1.1392,1.1393,1.1392,1.1393,376
2026-07-27 19:25,1785180300,1.1393,1.13945,1.13925,1.13945,237
2026-07-27 19:30,1785180600,1.13945,1.1396,1.13945,1.1395,815
2026-07-27 19:35,1785180900,1.1395,1.1397,1.13945,1.1397,444
2026-07-27 19:40,1785181200,1.13965,1.1397,1.13955,1.1396,466
2026-07-27 19:45,1785181500,1.13965,1.13965,1.13945,1.13945,198
2026-07-27 19:50,1785181800,1.13945,1.1395,1.13945,1.13945,90
2026-07-27 19:55,1785182100,1.13945,1.1395,1.13935,1.1394,224
2026-07-27 20:00,1785182400,1.1394,1.13955,1.1394,1.13945,262
2026-07-27 20:05,1785182700,1.1394,1.1395,1.1394,1.1395,174
2026-07-27 20:10,1785183000,1.1395,1.1396,1.1395,1.1396,431
2026-07-27 20:15,1785183300,1.1396,1.1396,1.1395,1.1395,69
2026-07-27 20:20,1785183600,1.13945,1.13945,1.1394,1.13945,40
2026-07-27 20:25,1785183900,1.1395,1.1395,1.13945,1.13945,84
2026-07-27 20:30,1785184200,1.1395,1.1395,1.13915,1.13915,338
2026-07-27 20:35,1785184500,1.13925,1.13925,1.13915,1.13925,36
2026-07-27 20:40,1785184800,1.13925,1.13925,1.1391,1.1391,257
2026-07-27 20:45,1785185100,1.1391,1.13915,1.13905,1.13915,104
2026-07-27 20:50,1785185400,1.13915,1.1392,1.1391,1.1392,123
2026-07-27 20:55,1785185700,1.13915,1.1392,1.13905,1.13915,0
2026-07-27 22:00,1785189600,1.1395,1.13955,1.13925,1.13935,218
2026-07-27 22:05,1785189900,1.1394,1.1395,1.1394,1.1394,111
2026-07-27 22:10,1785190200,1.13935,1.13935,1.1392,1.13935,106
2026-07-27 22:15,1785190500,1.13935,1.13945,1.13935,1.1394,120
2026-07-27 22:20,1785190800,1.1394,1.1394,1.1392,1.13925,76
2026-07-27 22:25,1785191100,1.1393,1.1393,1.13925,1.13925,57
2026-07-27 22:30,1785191400,1.13925,1.13935,1.13925,1.13925,95
2026-07-27 22:35,1785191700,1.13925,1.1394,1.13925,1.1393,194
2026-07-27 22:40,1785192000,1.1393,1.1393,1.13925,1.13925,57
2026-07-27 22:45,1785192300,1.13925,1.1393,1.1392,1.13925,45
2026-07-27 22:50,1785192600,1.13925,1.1393,1.1392,1.13925,42
2026-07-27 22:55,1785192900,1.13925,1.13925,1.1392,1.1392,107
2026-07-27 23:00,1785193200,1.1393,1.1393,1.13915,1.13925,103
2026-07-27 23:05,1785193500,1.1393,1.1394,1.1393,1.1394,90
2026-07-27 23:10,1785193800,1.13935,1.13935,1.13925,1.1393,326
2026-07-27 23:15,1785194100,1.1393,1.13935,1.1393,1.1393,21
2026-07-27 23:20,1785194400,1.13935,1.13935,1.13925,1.1393,16
2026-07-27 23:25,1785194700,1.1393,1.13935,1.1393,1.13935,14
2026-07-27 23:30,1785195000,1.13935,1.13935,1.13925,1.1393,12
2026-07-27 23:35,1785195300,1.1393,1.1393,1.1392,1.1392,32
2026-07-27 23:40,1785195600,1.1393,1.1393,1.13925,1.1393,38
2026-07-27 23:45,1785195900,1.1393,1.13935,1.1391,1.13915,75
2026-07-27 23:50,1785196200,1.13915,1.1392,1.1391,1.1391,51
2026-07-27 23:55,1785196500,1.1391,1.1393,1.1391,1.13925,129
2026-07-28 00:00,1785196800,1.1392,1.1393,1.1391,1.1391,310
2026-07-28 00:05,1785197100,1.13905,1.13925,1.139,1.1392,627
2026-07-28 00:10,1785197400,1.1392,1.1392,1.13915,1.1392,1033
2026-07-28 00:15,1785197700,1.13915,1.13935,1.13915,1.13935,72
2026-07-28 00:20,1785198000,1.1394,1.1395,1.13935,1.13945,329
2026-07-28 00:25,1785198300,1.1395,1.1396,1.1395,1.13955,176
2026-07-28 00:30,1785198600,1.1396,1.13965,1.1395,1.1396,76
2026-07-28 00:35,1785198900,1.13955,1.13975,1.13955,1.13965,180
2026-07-28 00:40,1785199200,1.1396,1.13965,1.1395,1.13955,72
2026-07-28 00:45,1785199500,1.13955,1.13965,1.1395,1.1396,122
2026-07-28 00:50,1785199800,1.13955,1.13955,1.1394,1.1394,89
2026-07-28 00:55,1785200100,1.13935,1.1398,1.1393,1.13975,485
2026-07-28 01:00,1785200400,1.13975,1.14005,1.13975,1.13985,421
2026-07-28 01:05,1785200700,1.1399,1.1401,1.1399,1.1401,272
2026-07-28 01:10,1785201000,1.14005,1.14005,1.1398,1.13985,138
2026-07-28 01:15,1785201300,1.13985,1.13985,1.1397,1.13975,90
2026-07-28 01:20,1785201600,1.1398,1.1399,1.1398,1.13985,64
2026-07-28 01:25,1785201900,1.13985,1.13995,1.13975,1.1399,83
2026-07-28 01:30,1785202200,1.13985,1.1399,1.1398,1.13985,98
2026-07-28 01:35,1785202500,1.13985,1.1399,1.13975,1.1398,44
2026-07-28 01:40,1785202800,1.13975,1.1398,1.13965,1.1397,51
2026-07-28 01:45,1785203100,1.13965,1.13975,1.13955,1.13955,65
2026-07-28 01:50,1785203400,1.13955,1.1396,1.1394,1.13955,65
2026-07-28 01:55,1785203700,1.13955,1.13965,1.13955,1.13965,52
2026-07-28 02:00,1785204000,1.13965,1.13965,1.13955,1.1396,32
2026-07-28 02:05,1785204300,1.13965,1.13985,1.13965,1.1398,37
2026-07-28 02:10,1785204600,1.13975,1.1398,1.1397,1.13975,168
2026-07-28 02:15,1785204900,1.13975,1.13975,1.1397,1.13975,24
2026-07-28 02:20,1785205200,1.1398,1.13985,1.13975,1.1398,153
2026-07-28 02:25,1785205500,1.13975,1.13975,1.1395,1.13955,160
2026-07-28 02:30,1785205800,1.1395,1.13965,1.1395,1.13955,132
2026-07-28 02:35,1785206100,1.1395,1.13955,1.1395,1.13955,37
2026-07-28 02:40,1785206400,1.1396,1.1397,1.13955,1.1397,52
2026-07-28 02:45,1785206700,1.13965,1.1398,1.1396,1.1398,101
2026-07-28 02:50,1785207000,1.13985,1.1402,1.13985,1.1402,274
2026-07-28 02:55,1785207300,1.1402,1.1402,1.14005,1.14005,34
2026-07-28 03:00,1785207600,1.1401,1.1401,1.13995,1.14005,64
2026-07-28 03:05,1785207900,1.13995,1.1401,1.1399,1.14,53
2026-07-28 03:10,1785208200,1.13995,1.13995,1.13985,1.1399,48
2026-07-28 03:15,1785208500,1.1399,1.1401,1.1399,1.1401,79
2026-07-28 03:20,1785208800,1.14005,1.1401,1.14005,1.1401,47
2026-07-28 03:25,1785209100,1.14015,1.14015,1.1401,1.1401,62
2026-07-28 03:30,1785209400,1.14015,1.14035,1.14015,1.14035,118
2026-07-28 03:35,1785209700,1.1403,1.1403,1.14,1.14005,104
2026-07-28 03:40,1785210000,1.14005,1.14005,1.1399,1.13995,31
2026-07-28 03:45,1785210300,1.13995,1.13995,1.13985,1.1399,61
2026-07-28 03:50,1785210600,1.1399,1.1399,1.13975,1.13985,38
2026-07-28 03:55,1785210900,1.13985,1.13985,1.1397,1.1398,34
2026-07-28 04:05,1785211500,1.1395,1.1395,1.1395,1.1395,280
2026-07-28 04:10,1785211800,1.13955,1.13955,1.13945,1.13945,44
2026-07-28 04:15,1785212100,1.1394,1.13955,1.1394,1.13955,108
2026-07-28 04:20,1785212400,1.1395,1.1395,1.1394,1.1394,48
2026-07-28 04:25,1785212700,1.1394,1.1394,1.1393,1.1394,54
2026-07-28 04:30,1785213000,1.13945,1.13945,1.13935,1.13945,70
2026-07-28 04:35,1785213300,1.13945,1.1395,1.1393,1.13935,85
2026-07-28 04:40,1785213600,1.1394,1.1394,1.1393,1.1394,57
2026-07-28 04:45,1785213900,1.13945,1.1395,1.13935,1.1394,161
2026-07-28 04:50,1785214200,1.1394,1.13945,1.13915,1.1392,145
2026-07-28 04:55,1785214500,1.1392,1.1392,1.13915,1.1392,125
2026-07-28 05:00,1785214800,1.1392,1.1392,1.13905,1.13915,143
2026-07-28 05:05,1785215100,1.13915,1.13915,1.1387,1.1387,547
2026-07-28 05:10,1785215400,1.1387,1.13875,1.1385,1.13855,311
2026-07-28 05:15,1785215700,1.1386,1.13865,1.13855,1.1386,116
2026-07-28 05:20,1785216000,1.13865,1.1387,1.13855,1.1386,85
2026-07-28 05:25,1785216300,1.1386,1.13885,1.13855,1.13885,91
2026-07-28 05:30,1785216600,1.13885,1.13895,1.1388,1.1388,297
2026-07-28 05:35,1785216900,1.1388,1.13885,1.13865,1.1388,210
2026-07-28 05:40,1785217200,1.1387,1.13895,1.1386,1.1389,143
2026-07-28 05:45,1785217500,1.1389,1.1389,1.13875,1.13875,50
2026-07-28 05:50,1785217800,1.13875,1.13885,1.13875,1.13885,60
2026-07-28 05:55,1785218100,1.13885,1.13895,1.13885,1.13895,100
2026-07-28 06:00,1785218400,1.1389,1.1391,1.13885,1.139,403
2026-07-28 06:05,1785218700,1.13905,1.13905,1.13885,1.1389,855
2026-07-28 06:10,1785219000,1.1389,1.1391,1.1389,1.139,252
2026-07-28 06:15,1785219300,1.13905,1.13915,1.139,1.13905,208
2026-07-28 06:20,1785219600,1.139,1.13925,1.139,1.1392,317
2026-07-28 06:25,1785219900,1.13925,1.1395,1.1392,1.1394,479
2026-07-28 06:30,1785220200,1.1394,1.1396,1.1394,1.13945,447
2026-07-28 06:35,1785220500,1.1394,1.13945,1.13935,1.1394,199
2026-07-28 06:40,1785220800,1.13935,1.13945,1.13925,1.1393,311
2026-07-28 06:45,1785221100,1.1393,1.1393,1.13915,1.13915,101
2026-07-28 06:50,1785221400,1.1392,1.13945,1.1391,1.13945,287
2026-07-28 06:55,1785221700,1.13945,1.13945,1.13905,1.1392,418
2026-07-28 07:00,1785222000,1.1392,1.13925,1.13905,1.1391,656
2026-07-28 07:05,1785222300,1.1391,1.1396,1.13905,1.13955,866
2026-07-28 07:10,1785222600,1.1396,1.1397,1.13945,1.13965,508
2026-07-28 07:15,1785222900,1.13965,1.1397,1.1395,1.13955,253
2026-07-28 07:20,1785223200,1.1395,1.1396,1.13935,1.13935,237
2026-07-28 07:25,1785223500,1.1393,1.1395,1.13925,1.1393,268
2026-07-28 07:30,1785223800,1.1393,1.1394,1.1393,1.1394,282
2026-07-28 07:35,1785224100,1.1394,1.1395,1.1393,1.1394,434
2026-07-28 07:40,1785224400,1.1394,1.13945,1.1392,1.13925,139
2026-07-28 07:45,1785224700,1.13925,1.13925,1.13895,1.139,136
2026-07-28 07:50,1785225000,1.139,1.139,1.13865,1.13885,565
2026-07-28 07:55,1785225300,1.13885,1.13895,1.1388,1.13885,179
2026-07-28 08:00,1785225600,1.13885,1.13915,1.13885,1.13915,456
2026-07-28 08:05,1785225900,1.1391,1.13935,1.1391,1.13925,429
2026-07-28 08:10,1785226200,1.13925,1.13925,1.139,1.13915,840
2026-07-28 08:15,1785226500,1.13915,1.1394,1.13915,1.1393,345
2026-07-28 08:20,1785226800,1.1393,1.13955,1.13925,1.13945,254
2026-07-28 08:25,1785227100,1.13945,1.13945,1.13915,1.1394,617
2026-07-28 08:30,1785227400,1.13935,1.1394,1.1392,1.13925,444
2026-07-28 08:35,1785227700,1.1393,1.1395,1.13925,1.1393,320
2026-07-28 08:40,1785228000,1.1393,1.13945,1.1393,1.13945,273
2026-07-28 08:45,1785228300,1.13945,1.1396,1.13935,1.13955,246
2026-07-28 08:50,1785228600,1.13955,1.1396,1.1394,1.13945,165
2026-07-28 08:55,1785228900,1.13945,1.13965,1.13945,1.1396,159
2026-07-28 09:00,1785229200,1.1396,1.13965,1.13945,1.13945,258
2026-07-28 09:05,1785229500,1.1395,1.1395,1.1391,1.1392,255
2026-07-28 09:10,1785229800,1.1391,1.1391,1.139,1.13905,196
2026-07-28 09:15,1785230100,1.13905,1.13915,1.139,1.1391,481
2026-07-28 09:20,1785230400,1.1391,1.1391,1.13895,1.13905,317
2026-07-28 09:25,1785230700,1.139,1.13905,1.13895,1.13895,167
2026-07-28 09:30,1785231000,1.1389,1.1389,1.1387,1.13875,149
2026-07-28 09:35,1785231300,1.1388,1.1388,1.1387,1.13875,245
2026-07-28 09:40,1785231600,1.13875,1.13885,1.13855,1.13855,493
2026-07-28 09:45,1785231900,1.1386,1.1386,1.13835,1.13845,583
2026-07-28 09:50,1785232200,1.13845,1.13845,1.13815,1.13825,213
2026-07-28 09:55,1785232500,1.13825,1.13825,1.13795,1.138,869
2026-07-28 10:00,1785232800,1.13795,1.138,1.13785,1.1379,483
2026-07-28 10:05,1785233100,1.1379,1.1379,1.13775,1.1378,682
2026-07-28 10:10,1785233400,1.13775,1.1381,1.1377,1.138,505
2026-07-28 10:15,1785233700,1.13795,1.138,1.1378,1.13785,132
2026-07-28 10:20,1785234000,1.13785,1.1381,1.1378,1.13805,836
2026-07-28 10:25,1785234300,1.13805,1.13815,1.13795,1.138,328
2026-07-28 10:30,1785234600,1.13795,1.13835,1.13795,1.1383,335
2026-07-28 10:35,1785234900,1.1383,1.1384,1.13815,1.1384,346
2026-07-28 10:40,1785235200,1.1384,1.13845,1.13805,1.13805,469
2026-07-28 10:45,1785235500,1.13805,1.1383,1.13805,1.1382,312
2026-07-28 10:50,1785235800,1.1382,1.13855,1.1382,1.13855,288
2026-07-28 10:55,1785236100,1.13855,1.1386,1.1383,1.1384,502
2026-07-28 11:00,1785236400,1.1384,1.13845,1.13825,1.1383,257
2026-07-28 11:05,1785236700,1.13835,1.13835,1.13805,1.1381,416
2026-07-28 11:10,1785237000,1.1381,1.13825,1.138,1.1382,284
2026-07-28 11:15,1785237300,1.13815,1.1386,1.13815,1.1385,597
2026-07-28 11:20,1785237600,1.13855,1.13875,1.13855,1.13875,331
2026-07-28 11:25,1785237900,1.13875,1.139,1.1387,1.13885,1045
2026-07-28 11:30,1785238200,1.13885,1.1389,1.1387,1.13875,140
2026-07-28 11:35,1785238500,1.13875,1.139,1.13875,1.13895,579
2026-07-28 11:40,1785238800,1.13895,1.13895,1.1387,1.1387,176
2026-07-28 11:45,1785239100,1.1387,1.13875,1.1385,1.1385,276
2026-07-28 11:50,1785239400,1.1385,1.1389,1.13845,1.1388,653
2026-07-28 11:55,1785239700,1.13875,1.1391,1.13875,1.1389,823
2026-07-28 12:00,1785240000,1.1389,1.13895,1.13855,1.1387,510
2026-07-28 12:05,1785240300,1.1387,1.1391,1.1387,1.139,747
2026-07-28 12:10,1785240600,1.139,1.139,1.13875,1.13885,351
2026-07-28 12:15,1785240900,1.1389,1.13895,1.13875,1.1389,243
2026-07-28 12:20,1785241200,1.1388,1.1389,1.1387,1.13875,811
2026-07-28 12:25,1785241500,1.1387,1.1387,1.1386,1.1386,254
2026-07-28 12:30,1785241800,1.13865,1.13865,1.13835,1.1386,1455
2026-07-28 12:35,1785242100,1.13855,1.13875,1.1385,1.13855,837
2026-07-28 12:40,1785242400,1.1386,1.13885,1.13855,1.13885,350
2026-07-28 12:45,1785242700,1.13885,1.13905,1.1388,1.13905,544
2026-07-28 12:50,1785243000,1.1391,1.1392,1.1388,1.13885,359
2026-07-28 12:55,1785243300,1.13885,1.13905,1.13885,1.13895,387
2026-07-28 13:00,1785243600,1.13895,1.1392,1.1389,1.1391,372
2026-07-28 13:05,1785243900,1.1391,1.13935,1.13905,1.1393,818
2026-07-28 13:10,1785244200,1.1393,1.1394,1.139,1.13905,803
2026-07-28 13:15,1785244500,1.13905,1.1392,1.13895,1.13915,1016
2026-07-28 13:20,1785244800,1.1392,1.1394,1.13915,1.13915,451
2026-07-28 13:25,1785245100,1.1392,1.1392,1.139,1.13905,813
2026-07-28 13:30,1785245400,1.13905,1.13935,1.13905,1.13925,753
2026-07-28 13:35,1785245700,1.1393,1.13935,1.1391,1.13915,794
2026-07-28 13:40,1785246000,1.13915,1.13945,1.13915,1.13925,851
2026-07-28 13:45,1785246300,1.13925,1.1397,1.13915,1.13965,1830
2026-07-28 13:50,1785246600,1.1396,1.1397,1.13945,1.1396,1503
2026-07-28 13:55,1785246900,1.1396,1.1396,1.13935,1.1396,1263
2026-07-28 14:00,1785247200,1.13955,1.13975,1.1394,1.13975,1577
2026-07-28 14:05,1785247500,1.13975,1.1399,1.1395,1.13975,1380
2026-07-28 14:10,1785247800,1.1398,1.13995,1.13965,1.1397,566
2026-07-28 14:15,1785248100,1.1397,1.1397,1.1395,1.13955,1105
2026-07-28 14:20,1785248400,1.13955,1.1398,1.13955,1.1398,848
2026-07-28 14:25,1785248700,1.1398,1.14015,1.1398,1.1401,966
2026-07-28 14:30,1785249000,1.1401,1.14025,1.14005,1.14005,554
2026-07-28 14:35,1785249300,1.14,1.1401,1.1399,1.14005,449
2026-07-28 14:40,1785249600,1.14005,1.1403,1.14,1.1402,1068
2026-07-28 14:45,1785249900,1.1402,1.1402,1.13995,1.14005,966
2026-07-28 14:50,1785250200,1.1401,1.1407,1.14005,1.14065,3848
2026-07-28 14:55,1785250500,1.1406,1.141,1.14055,1.14085,7675
2026-07-28 15:00,1785250800,1.14085,1.1411,1.14075,1.14075,4441
2026-07-28 15:05,1785251100,1.14075,1.14115,1.1407,1.14105,1679
2026-07-28 15:10,1785251400,1.14105,1.1419,1.141,1.1418,3151
2026-07-28 15:15,1785251700,1.1418,1.14195,1.1416,1.1419,1794
2026-07-28 15:20,1785252000,1.1419,1.1423,1.1418,1.14185,2471
2026-07-28 15:25,1785252300,1.14185,1.14215,1.14175,1.14195,936
2026-07-28 15:30,1785252600,1.1419,1.1422,1.1418,1.14205,1463
2026-07-28 15:35,1785252900,1.14205,1.1422,1.14185,1.14195,1341
2026-07-28 15:40,1785253200,1.14195,1.14255,1.1419,1.14245,1419
2026-07-28 15:45,1785253500,1.14245,1.1425,1.1422,1.14225,477
2026-07-28 15:50,1785253800,1.14225,1.14235,1.142,1.1423,930
2026-07-28 15:55,1785254100,1.1423,1.14245,1.1422,1.14235,839
2026-07-28 16:00,1785254400,1.14235,1.1426,1.14235,1.1424,828
2026-07-28 16:05,1785254700,1.1424,1.1425,1.1422,1.1425,1026
2026-07-28 16:10,1785255000,1.1425,1.14265,1.14235,1.1426,625
2026-07-28 16:15,1785255300,1.14255,1.14275,1.14255,1.1427,823
2026-07-28 16:20,1785255600,1.14265,1.1428,1.14245,1.14265,1495
2026-07-28 16:25,1785255900,1.14265,1.14285,1.14265,1.1428,610
2026-07-28 16:30,1785256200,1.14285,1.14285,1.14255,1.14275,675
2026-07-28 16:35,1785256500,1.14275,1.14275,1.14255,1.14255,486
2026-07-28 16:40,1785256800,1.14255,1.14255,1.14235,1.14235,745
2026-07-28 16:45,1785257100,1.1424,1.1424,1.14205,1.14205,739
2026-07-28 16:50,1785257400,1.1421,1.1422,1.14205,1.14215,505
2026-07-28 16:55,1785257700,1.1421,1.14215,1.1419,1.142,1104
2026-07-28 17:00,1785258000,1.14195,1.14205,1.14185,1.142,616
2026-07-28 17:05,1785258300,1.142,1.1421,1.14185,1.14185,769
2026-07-28 17:10,1785258600,1.14185,1.14185,1.1417,1.14175,325
2026-07-28 17:15,1785258900,1.14175,1.14185,1.14175,1.14175,678
2026-07-28 17:20,1785259200,1.1418,1.1421,1.1416,1.14165,594
2026-07-28 17:25,1785259500,1.14165,1.14175,1.1416,1.14165,283
2026-07-28 17:30,1785259800,1.1416,1.1417,1.14155,1.1417,516
2026-07-28 17:35,1785260100,1.1417,1.1417,1.14155,1.1417,257
2026-07-28 17:40,1785260400,1.14165,1.14165,1.1415,1.1415,488
2026-07-28 17:45,1785260700,1.14155,1.1416,1.1414,1.14145,534
2026-07-28 17:50,1785261000,1.14145,1.14145,1.14135,1.1414,314
2026-07-28 17:55,1785261300,1.14145,1.14145,1.14115,1.14125,459
2026-07-28 18:00,1785261600,1.14125,1.1414,1.1412,1.14125,466
2026-07-28 18:05,1785261900,1.14125,1.14135,1.1412,1.14135,248
2026-07-28 18:10,1785262200,1.1413,1.14135,1.14115,1.14125,168
2026-07-28 18:15,1785262500,1.1413,1.1415,1.1413,1.14145,268
2026-07-28 18:20,1785262800,1.14145,1.14145,1.1412,1.14125,419
2026-07-28 18:25,1785263100,1.1412,1.1412,1.14105,1.1411,168
2026-07-28 18:30,1785263400,1.14115,1.1412,1.1411,1.14115,134
2026-07-28 18:35,1785263700,1.14115,1.1413,1.1411,1.1412,280
2026-07-28 18:40,1785264000,1.1412,1.1412,1.1411,1.14115,141
2026-07-28 18:45,1785264300,1.14115,1.14115,1.14095,1.14105,454
2026-07-28 18:50,1785264600,1.141,1.14115,1.141,1.14105,211
2026-07-28 18:55,1785264900,1.14105,1.1411,1.14095,1.14105,1328
2026-07-28 19:00,1785265200,1.141,1.14115,1.141,1.14115,958
2026-07-28 19:05,1785265500,1.1412,1.14135,1.1412,1.1413,797
2026-07-28 19:10,1785265800,1.1413,1.1413,1.1411,1.14115,108
2026-07-28 19:15,1785266100,1.14115,1.14135,1.1411,1.14135,111
2026-07-28 19:20,1785266400,1.14135,1.14145,1.1413,1.1413,146
2026-07-28 19:25,1785266700,1.1413,1.14135,1.1412,1.14125,243
2026-07-28 19:30,1785267000,1.1412,1.1414,1.1412,1.1413,652
2026-07-28 19:35,1785267300,1.1413,1.14135,1.14125,1.14125,184
2026-07-28 19:40,1785267600,1.1413,1.14135,1.14125,1.1413,338
2026-07-28 19:45,1785267900,1.14135,1.1415,1.14135,1.14145,465
2026-07-28 19:50,1785268200,1.14145,1.14145,1.14135,1.14145,193
2026-07-28 19:55,1785268500,1.14145,1.14145,1.14105,1.14105,392
2026-07-28 20:00,1785268800,1.14105,1.14115,1.141,1.1411,354
2026-07-28 20:05,1785269100,1.1411,1.1411,1.141,1.1411,157
2026-07-28 20:10,1785269400,1.1411,1.14115,1.1411,1.14115,21
2026-07-28 20:15,1785269700,1.14115,1.14125,1.1411,1.1411,189
2026-07-28 20:20,1785270000,1.1411,1.1411,1.14105,1.1411,43
2026-07-28 20:25,1785270300,1.14105,1.14105,1.1409,1.14095,316
2026-07-28 20:30,1785270600,1.14095,1.141,1.14085,1.141,32
2026-07-28 20:35,1785270900,1.141,1.14105,1.14085,1.1409,357
2026-07-28 20:40,1785271200,1.1409,1.14105,1.1409,1.14105,126
2026-07-28 20:45,1785271500,1.14105,1.14105,1.141,1.141,77
2026-07-28 20:50,1785271800,1.141,1.14115,1.141,1.141,327
2026-07-28 20:55,1785272100,1.141,1.14105,1.14085,1.14105,141
2026-07-28 22:00,1785276000,1.1411,1.14135,1.1411,1.1413,0
2026-07-28 22:05,1785276300,1.1413,1.14135,1.14125,1.1413,84
2026-07-28 22:10,1785276600,1.1413,1.1414,1.14105,1.14105,144
2026-07-28 22:15,1785276900,1.1411,1.1411,1.1409,1.14095,237
2026-07-28 22:20,1785277200,1.1409,1.1409,1.1407,1.1407,314
2026-07-28 22:25,1785277500,1.1407,1.1409,1.14065,1.14075,259
2026-07-28 22:30,1785277800,1.1408,1.14095,1.1408,1.14095,115
2026-07-28 22:35,1785278100,1.1409,1.1409,1.1408,1.1408,71
2026-07-28 22:40,1785278400,1.1408,1.14085,1.1408,1.1408,31
2026-07-28 22:45,1785278700,1.14075,1.1408,1.14075,1.1408,39
2026-07-28 22:50,1785279000,1.1408,1.1408,1.14075,1.1408,115
2026-07-28 22:55,1785279300,1.1408,1.14085,1.1408,1.1408,11
2026-07-28 23:00,1785279600,1.1408,1.1408,1.1406,1.1407,234
2026-07-28 23:05,1785279900,1.1407,1.1407,1.1405,1.1405,143
2026-07-28 23:10,1785280200,1.1405,1.1407,1.1405,1.1407,50
2026-07-28 23:15,1785280500,1.1407,1.14075,1.14065,1.1407,76
2026-07-28 23:20,1785280800,1.1407,1.1408,1.14065,1.1408,209
2026-07-28 23:25,1785281100,1.1407,1.1408,1.1407,1.1408,36
2026-07-28 23:30,1785281400,1.1408,1.1408,1.1407,1.1407,71
2026-07-28 23:35,1785281700,1.1408,1.14085,1.1407,1.1407,35
2026-07-28 23:40,1785282000,1.1407,1.1409,1.1407,1.1409,57
2026-07-28 23:45,1785282300,1.1409,1.1409,1.14065,1.14085,69
2026-07-28 23:50,1785282600,1.14085,1.1409,1.1408,1.14085,108
2026-07-28 23:55,1785282900,1.1408,1.1409,1.1408,1.1409,129
2026-07-29 00:00,1785283200,1.1409,1.1409,1.1406,1.1408,284
2026-07-29 00:05,1785283500,1.1408,1.14085,1.14065,1.14065,184
2026-07-29 00:10,1785283800,1.14065,1.14065,1.14055,1.14065,343
2026-07-29 00:15,1785284100,1.14065,1.141,1.1406,1.1409,364
2026-07-29 00:20,1785284400,1.1409,1.14125,1.1409,1.14105,396
2026-07-29 00:25,1785284700,1.1411,1.1413,1.14105,1.14115,570
2026-07-29 00:30,1785285000,1.1412,1.1413,1.1411,1.14115,187
2026-07-29 00:35,1785285300,1.14115,1.14125,1.1411,1.14115,96
2026-07-29 00:40,1785285600,1.14115,1.14115,1.14105,1.14115,96
2026-07-29 00:45,1785285900,1.14115,1.14125,1.141,1.14105,105
2026-07-29 00:50,1785286200,1.14105,1.1412,1.14095,1.14115,245
2026-07-29 00:55,1785286500,1.14115,1.1414,1.14105,1.14135,705
2026-07-29 01:00,1785286800,1.14135,1.14145,1.14125,1.14125,430
2026-07-29 01:05,1785287100,1.1414,1.1414,1.14115,1.1412,241
2026-07-29 01:10,1785287400,1.1412,1.14125,1.14105,1.1411,120
2026-07-29 01:15,1785287700,1.1411,1.14145,1.14105,1.14145,180
2026-07-29 01:20,1785288000,1.14135,1.1415,1.14135,1.1414,105
2026-07-29 01:25,1785288300,1.14145,1.14145,1.1413,1.1413,65
2026-07-29 01:30,1785288600,1.14125,1.1413,1.1409,1.1413,636
2026-07-29 01:35,1785288900,1.1413,1.14135,1.14085,1.141,193
2026-07-29 01:40,1785289200,1.141,1.141,1.1408,1.1409,166
2026-07-29 01:45,1785289500,1.1409,1.1411,1.14085,1.1411,114
2026-07-29 01:50,1785289800,1.14105,1.1413,1.14105,1.14125,125
2026-07-29 01:55,1785290100,1.1412,1.14145,1.1412,1.1414,70
2026-07-29 02:00,1785290400,1.1414,1.14145,1.1413,1.1414,143
2026-07-29 02:05,1785290700,1.14135,1.14155,1.14135,1.14155,63
2026-07-29 02:10,1785291000,1.1415,1.14175,1.1415,1.14165,229
2026-07-29 02:15,1785291300,1.14165,1.1417,1.14155,1.1416,109
2026-07-29 02:20,1785291600,1.14165,1.14185,1.14165,1.1418,134
2026-07-29 02:25,1785291900,1.1418,1.14185,1.1416,1.14165,63
2026-07-29 02:30,1785292200,1.14165,1.14175,1.14165,1.14175,47
2026-07-29 02:35,1785292500,1.14175,1.14185,1.14175,1.1418,126
2026-07-29 02:40,1785292800,1.1418,1.1418,1.1417,1.14175,78
2026-07-29 02:45,1785293100,1.1417,1.1417,1.1416,1.1416,70
2026-07-29 02:50,1785293400,1.14165,1.14165,1.14155,1.14155,28
2026-07-29 02:55,1785293700,1.14155,1.14185,1.14155,1.14175,94
2026-07-29 03:00,1785294000,1.14175,1.14185,1.14175,1.14185,36
2026-07-29 03:05,1785294300,1.1418,1.1419,1.1418,1.14185,73
2026-07-29 03:10,1785294600,1.14185,1.14195,1.1418,1.14185,363
2026-07-29 03:15,1785294900,1.14185,1.14205,1.14185,1.142,113
2026-07-29 03:20,1785295200,1.142,1.1422,1.142,1.1422,824
2026-07-29 03:25,1785295500,1.1422,1.1422,1.14215,1.1422,110
2026-07-29 03:30,1785295800,1.14215,1.1424,1.14215,1.14225,464
2026-07-29 03:35,1785296100,1.14225,1.1423,1.1422,1.14225,57
2026-07-29 03:40,1785296400,1.1423,1.1423,1.1422,1.1422,52
2026-07-29 03:45,1785296700,1.14225,1.1423,1.14225,1.14225,71
2026-07-29 03:50,1785297000,1.1423,1.14235,1.1421,1.14215,158
2026-07-29 03:55,1785297300,1.14215,1.14215,1.1419,1.1419,177
2026-07-29 04:05,1785297900,1.14215,1.14225,1.14215,1.14225,435
2026-07-29 04:10,1785298200,1.14215,1.1423,1.14215,1.14225,58
2026-07-29 04:15,1785298500,1.1423,1.14245,1.1423,1.1424,146
2026-07-29 04:20,1785298800,1.1424,1.14255,1.14235,1.1424,599
2026-07-29 04:25,1785299100,1.1424,1.1425,1.14215,1.1422,462
2026-07-29 04:30,1785299400,1.1422,1.1424,1.1421,1.14235,279
2026-07-29 04:35,1785299700,1.1424,1.1425,1.14235,1.14245,251
2026-07-29 04:40,1785300000,1.1425,1.14265,1.1425,1.1426,270
2026-07-29 04:45,1785300300,1.14255,1.14265,1.1422,1.1422,218
2026-07-29 04:50,1785300600,1.1422,1.1423,1.14215,1.14225,48
2026-07-29 04:55,1785300900,1.14215,1.14245,1.14215,1.1424,184
2026-07-29 05:00,1785301200,1.14235,1.14255,1.14235,1.1425,77
2026-07-29 05:05,1785301500,1.14255,1.1426,1.1425,1.1425,75
2026-07-29 05:10,1785301800,1.14255,1.14255,1.1425,1.14255,104
2026-07-29 05:15,1785302100,1.14255,1.14255,1.14245,1.1425,56
2026-07-29 05:20,1785302400,1.14245,1.1425,1.1424,1.14245,102
2026-07-29 05:25,1785302700,1.14245,1.14245,1.14225,1.14225,94
2026-07-29 05:30,1785303000,1.14225,1.14225,1.14205,1.14215,174
2026-07-29 05:35,1785303300,1.1421,1.14215,1.14205,1.1421,64
2026-07-29 05:40,1785303600,1.1421,1.14235,1.1421,1.1423,304
2026-07-29 05:45,1785303900,1.1423,1.14235,1.14225,1.1423,84
2026-07-29 05:50,1785304200,1.1423,1.14245,1.14225,1.1424,577
2026-07-29 05:55,1785304500,1.14245,1.14245,1.14205,1.14215,398
2026-07-29 06:00,1785304800,1.14215,1.1424,1.1421,1.14225,306
2026-07-29 06:05,1785305100,1.14225,1.14225,1.14195,1.142,417
2026-07-29 06:10,1785305400,1.14195,1.14205,1.14185,1.14205,322
2026-07-29 06:15,1785305700,1.14205,1.1422,1.14185,1.14185,336
2026-07-29 06:20,1785306000,1.1418,1.1418,1.1417,1.14175,58
2026-07-29 06:25,1785306300,1.1417,1.14175,1.14155,1.14165,223
2026-07-29 06:30,1785306600,1.14165,1.14175,1.1416,1.14175,151
2026-07-29 06:35,1785306900,1.1417,1.1418,1.1416,1.1417,370
2026-07-29 06:40,1785307200,1.1417,1.14175,1.14165,1.1417,162
2026-07-29 06:45,1785307500,1.1417,1.1417,1.1413,1.1413,448
2026-07-29 06:50,1785307800,1.14135,1.14155,1.14135,1.14155,636
2026-07-29 06:55,1785308100,1.1415,1.14155,1.14125,1.14145,776
2026-07-29 07:00,1785308400,1.14145,1.14175,1.1413,1.1417,602
2026-07-29 07:05,1785308700,1.14165,1.1419,1.14165,1.14185,495
2026-07-29 07:10,1785309000,1.14185,1.1419,1.1416,1.14165,197
2026-07-29 07:15,1785309300,1.14165,1.1419,1.14165,1.14185,208
2026-07-29 07:20,1785309600,1.14185,1.142,1.14175,1.14195,230
2026-07-29 07:25,1785309900,1.142,1.142,1.1419,1.14195,265
2026-07-29 07:30,1785310200,1.14195,1.14205,1.1419,1.142,250
2026-07-29 07:35,1785310500,1.14205,1.1424,1.14205,1.14235,646
2026-07-29 07:40,1785310800,1.1423,1.1423,1.14205,1.14205,496
2026-07-29 07:45,1785311100,1.14205,1.14225,1.142,1.14225,790
2026-07-29 07:50,1785311400,1.1423,1.1424,1.14225,1.1423,279
2026-07-29 07:55,1785311700,1.14225,1.1423,1.14195,1.1421,555
2026-07-29 08:00,1785312000,1.1421,1.14215,1.142,1.14215,309
2026-07-29 08:05,1785312300,1.14215,1.14225,1.14195,1.14195,208
2026-07-29 08:10,1785312600,1.14195,1.1421,1.1418,1.14185,242
2026-07-29 08:15,1785312900,1.142,1.14205,1.142,1.14205,355
2026-07-29 08:20,1785313200,1.14205,1.14205,1.1418,1.14185,246
2026-07-29 08:25,1785313500,1.14185,1.14185,1.1417,1.14185,251
2026-07-29 08:30,1785313800,1.1419,1.1419,1.14165,1.14165,617
2026-07-29 08:35,1785314100,1.1416,1.1418,1.1416,1.14175,559
2026-07-29 08:40,1785314400,1.1418,1.14205,1.1418,1.14205,308
2026-07-29 08:45,1785314700,1.14205,1.1423,1.142,1.14225,360
2026-07-29 08:50,1785315000,1.1423,1.1423,1.1421,1.1421,205
2026-07-29 08:55,1785315300,1.14205,1.1421,1.14185,1.14195,282
2026-07-29 09:00,1785315600,1.1419,1.14195,1.14175,1.14195,321
2026-07-29 09:05,1785315900,1.1419,1.14195,1.1418,1.14195,144
2026-07-29 09:10,1785316200,1.142,1.142,1.14185,1.1419,77
2026-07-29 09:15,1785316500,1.14185,1.1419,1.14175,1.14175,293
2026-07-29 09:20,1785316800,1.14175,1.14185,1.14165,1.1418,248
2026-07-29 09:25,1785317100,1.1418,1.1418,1.14175,1.1418,89
2026-07-29 09:30,1785317400,1.1418,1.14195,1.14175,1.1419,180
2026-07-29 09:35,1785317700,1.14185,1.14185,1.14155,1.14155,135
2026-07-29 09:40,1785318000,1.1415,1.1418,1.1415,1.14175,217
2026-07-29 09:45,1785318300,1.14175,1.1419,1.14165,1.1419,201
2026-07-29 09:50,1785318600,1.14185,1.1419,1.14175,1.14175,98
2026-07-29 09:55,1785318900,1.1418,1.14185,1.14145,1.1415,270
2026-07-29 10:00,1785319200,1.14145,1.14155,1.14135,1.14155,217
2026-07-29 10:05,1785319500,1.1415,1.14155,1.1414,1.14145,936
2026-07-29 10:10,1785319800,1.14145,1.1415,1.1413,1.1414,627
2026-07-29 10:15,1785320100,1.1414,1.14145,1.14105,1.1411,382
2026-07-29 10:20,1785320400,1.14115,1.1412,1.14105,1.14105,310
2026-07-29 10:25,1785320700,1.14105,1.1414,1.141,1.1413,986
2026-07-29 10:30,1785321000,1.1413,1.1415,1.14125,1.14125,323
2026-07-29 10:35,1785321300,1.1412,1.1413,1.14115,1.1412,181
2026-07-29 10:40,1785321600,1.14125,1.14125,1.14105,1.1411,162
2026-07-29 10:45,1785321900,1.1411,1.1411,1.14085,1.14085,318
2026-07-29 10:50,1785322200,1.14085,1.14085,1.14065,1.1407,825
2026-07-29 10:55,1785322500,1.14065,1.14085,1.1406,1.1408,437
2026-07-29 11:00,1785322800,1.14085,1.1411,1.1408,1.14105,236
2026-07-29 11:05,1785323100,1.14105,1.1411,1.1408,1.1409,156
2026-07-29 11:10,1785323400,1.14085,1.1411,1.14085,1.141,483
2026-07-29 11:15,1785323700,1.14095,1.1411,1.14095,1.141,136
2026-07-29 11:20,1785324000,1.141,1.141,1.1408,1.14085,101
2026-07-29 11:25,1785324300,1.1409,1.14105,1.1409,1.14105,256
2026-07-29 11:30,1785324600,1.14105,1.1411,1.14085,1.14095,876
2026-07-29 11:35,1785324900,1.14095,1.14095,1.1408,1.14085,457
2026-07-29 11:40,1785325200,1.14085,1.14085,1.1404,1.1405,285
2026-07-29 11:45,1785325500,1.1405,1.14075,1.1405,1.1407,282
2026-07-29 11:50,1785325800,1.1407,1.14075,1.14055,1.14055,150
2026-07-29 11:55,1785326100,1.1406,1.1406,1.14035,1.1405,1668
2026-07-29 12:00,1785326400,1.1405,1.1406,1.14035,1.1405,790
2026-07-29 12:05,1785326700,1.1405,1.14055,1.1402,1.14025,276
2026-07-29 12:10,1785327000,1.14025,1.1403,1.14005,1.1402,427
2026-07-29 12:15,1785327300,1.1402,1.1402,1.13975,1.13995,1564
2026-07-29 12:20,1785327600,1.13995,1.14025,1.1399,1.1402,901
2026-07-29 12:25,1785327900,1.1402,1.14025,1.13995,1.13995,596
2026-07-29 12:30,1785328200,1.13995,1.14015,1.13975,1.1401,661
2026-07-29 12:35,1785328500,1.1401,1.14025,1.14005,1.14025,835
2026-07-29 12:40,1785328800,1.14025,1.14035,1.1401,1.1402,529
2026-07-29 12:45,1785329100,1.1402,1.1403,1.1402,1.1402,440
2026-07-29 12:50,1785329400,1.1402,1.1403,1.14015,1.14025,453
2026-07-29 12:55,1785329700,1.1402,1.14025,1.13995,1.1401,1104
2026-07-29 13:00,1785330000,1.14015,1.14025,1.14,1.14015,665
2026-07-29 13:05,1785330300,1.14015,1.14025,1.13995,1.1402,747
2026-07-29 13:10,1785330600,1.14015,1.1403,1.14015,1.1403,318
2026-07-29 13:15,1785330900,1.1403,1.1406,1.14025,1.1404,657
2026-07-29 13:20,1785331200,1.1404,1.14085,1.1404,1.1408,1030
2026-07-29 13:25,1785331500,1.1408,1.141,1.1407,1.14085,457
2026-07-29 13:30,1785331800,1.14085,1.141,1.14065,1.14075,627
2026-07-29 13:35,1785332100,1.1407,1.141,1.1406,1.1409,1007
2026-07-29 13:40,1785332400,1.1409,1.14105,1.1407,1.14105,627
2026-07-29 13:45,1785332700,1.14105,1.1414,1.141,1.14135,1473
2026-07-29 13:50,1785333000,1.14135,1.1415,1.1412,1.1415,1314
2026-07-29 13:55,1785333300,1.1415,1.1415,1.14125,1.1415,907
2026-07-29 14:00,1785333600,1.1415,1.1416,1.14145,1.14155,903
2026-07-29 14:05,1785333900,1.1415,1.14155,1.14125,1.14125,1245
2026-07-29 14:10,1785334200,1.1412,1.14125,1.1411,1.1411,539
2026-07-29 14:15,1785334500,1.14115,1.14135,1.14095,1.14135,586
2026-07-29 14:20,1785334800,1.14135,1.1415,1.14115,1.1415,617
2026-07-29 14:25,1785335100,1.1415,1.14175,1.14145,1.1417,607
2026-07-29 14:30,1785335400,1.1417,1.14195,1.1417,1.1418,1634
2026-07-29 14:35,1785335700,1.1418,1.142,1.14165,1.1419,1481
2026-07-29 14:40,1785336000,1.1419,1.142,1.14125,1.1415,1158
2026-07-29 14:45,1785336300,1.1415,1.14155,1.14095,1.141,1703
2026-07-29 14:50,1785336600,1.141,1.1411,1.14055,1.1409,2533
2026-07-29 14:55,1785336900,1.1409,1.14105,1.14035,1.14035,5456
2026-07-29 15:00,1785337200,1.14035,1.1407,1.1402,1.1407,4517
2026-07-29 15:05,1785337500,1.1407,1.1408,1.14055,1.14075,817
2026-07-29 15:10,1785337800,1.1408,1.14085,1.1407,1.1408,792
2026-07-29 15:15,1785338100,1.1408,1.14085,1.14035,1.14035,842
2026-07-29 15:20,1785338400,1.1404,1.14045,1.14015,1.1403,605
2026-07-29 15:25,1785338700,1.14035,1.1404,1.14015,1.1403,423
2026-07-29 15:30,1785339000,1.1403,1.1403,1.14015,1.1402,668
2026-07-29 15:35,1785339300,1.1402,1.1404,1.1402,1.1402,425
2026-07-29 15:40,1785339600,1.1402,1.1404,1.14005,1.1404,530
2026-07-29 15:45,1785339900,1.1404,1.1406,1.14035,1.1405,465
2026-07-29 15:50,1785340200,1.1405,1.14055,1.14045,1.14055,305
2026-07-29 15:55,1785340500,1.14055,1.14065,1.14045,1.14055,708
2026-07-29 16:00,1785340800,1.1406,1.1406,1.14035,1.14035,449
2026-07-29 16:05,1785341100,1.1404,1.1404,1.1401,1.14035,772
2026-07-29 16:10,1785341400,1.14035,1.14035,1.1401,1.1401,528
2026-07-29 16:15,1785341700,1.14005,1.1402,1.13995,1.14015,558
2026-07-29 16:20,1785342000,1.14015,1.1404,1.14015,1.14035,566
2026-07-29 16:25,1785342300,1.14035,1.1405,1.14035,1.1405,596
2026-07-29 16:30,1785342600,1.1405,1.1405,1.14025,1.1403,398
2026-07-29 16:35,1785342900,1.1403,1.14045,1.14025,1.1404,349
2026-07-29 16:40,1785343200,1.1404,1.14055,1.14035,1.1405,794
2026-07-29 16:45,1785343500,1.1405,1.1406,1.1405,1.1406,536
2026-07-29 16:50,1785343800,1.1406,1.14075,1.1406,1.1407,1299
2026-07-29 16:55,1785344100,1.1407,1.1409,1.1407,1.14075,503
2026-07-29 17:00,1785344400,1.14075,1.14095,1.14075,1.14085,1541
2026-07-29 17:05,1785344700,1.14085,1.1413,1.14075,1.14125,640
2026-07-29 17:10,1785345000,1.14125,1.1413,1.1411,1.14125,670
2026-07-29 17:15,1785345300,1.1412,1.1414,1.14115,1.14135,1017
2026-07-29 17:20,1785345600,1.14135,1.1416,1.1413,1.1415,275
2026-07-29 17:25,1785345900,1.14145,1.14155,1.1412,1.14135,1481
2026-07-29 17:30,1785346200,1.1414,1.14165,1.14125,1.1416,1610
2026-07-29 17:35,1785346500,1.14165,1.14165,1.1414,1.14145,378
2026-07-29 17:40,1785346800,1.1415,1.14195,1.1415,1.14185,1071
2026-07-29 17:45,1785347100,1.14185,1.1421,1.1418,1.14205,815
2026-07-29 17:50,1785347400,1.14205,1.14235,1.1419,1.14195,1761
2026-07-29 17:55,1785347700,1.14195,1.142,1.1418,1.14185,708
2026-07-29 18:00,1785348000,1.1417,1.14535,1.1409,1.14375,14296
2026-07-29 18:05,1785348300,1.14375,1.1446,1.1437,1.14405,4365
2026-07-29 18:10,1785348600,1.14405,1.14505,1.1438,1.145,3768
2026-07-29 18:15,1785348900,1.14495,1.14515,1.1445,1.14465,3018
2026-07-29 18:20,1785349200,1.1446,1.1446,1.14405,1.14405,1676
2026-07-29 18:25,1785349500,1.14405,1.14445,1.1437,1.14445,2235
2026-07-29 18:30,1785349800,1.14445,1.14495,1.14285,1.14375,7961
2026-07-29 18:35,1785350100,1.14375,1.14495,1.1432,1.14475,2655
2026-07-29 18:40,1785350400,1.1447,1.14585,1.1446,1.14575,3017
2026-07-29 18:45,1785350700,1.1457,1.1471,1.14555,1.14695,5332
2026-07-29 18:50,1785351000,1.1469,1.14725,1.1463,1.1471,3721
2026-07-29 18:55,1785351300,1.1471,1.1474,1.14665,1.14735,3969
2026-07-29 19:00,1785351600,1.14735,1.14775,1.14685,1.14705,2551
2026-07-29 19:05,1785351900,1.14705,1.14725,1.14645,1.14655,4002
2026-07-29 19:10,1785352200,1.1466,1.1474,1.1462,1.14735,3321
2026-07-29 19:15,1785352500,1.14735,1.14885,1.1472,1.14865,4832
2026-07-29 19:20,1785352800,1.14865,1.14865,1.14735,1.14765,4610
2026-07-29 19:25,1785353100,1.1476,1.14775,1.14715,1.1475,1578
2026-07-29 19:30,1785353400,1.1475,1.1475,1.14675,1.14705,2094
2026-07-29 19:35,1785353700,1.14705,1.1476,1.1469,1.1474,2013
2026-07-29 19:40,1785354000,1.1474,1.14805,1.14715,1.14795,2419
2026-07-29 19:45,1785354300,1.14795,1.148,1.1476,1.14795,1252
2026-07-29 19:50,1785354600,1.1479,1.14795,1.1473,1.14735,2393
2026-07-29 19:55,1785354900,1.1473,1.14745,1.14695,1.147,1141
2026-07-29 20:00,1785355200,1.14695,1.14735,1.14685,1.14715,967
2026-07-29 20:05,1785355500,1.14715,1.14725,1.14695,1.1471,385
2026-07-29 20:10,1785355800,1.1471,1.14745,1.1469,1.14735,717
2026-07-29 20:15,1785356100,1.1473,1.14735,1.1471,1.1473,229
2026-07-29 20:20,1785356400,1.1473,1.14745,1.1472,1.14735,302
2026-07-29 20:25,1785356700,1.1474,1.1478,1.1473,1.14775,554
2026-07-29 20:30,1785357000,1.14775,1.14845,1.14765,1.14845,762
2026-07-29 20:35,1785357300,1.14845,1.1487,1.1483,1.1484,878
2026-07-29 20:40,1785357600,1.14845,1.1488,1.14845,1.14875,1319
2026-07-29 20:45,1785357900,1.14875,1.14925,1.1487,1.14885,1068
2026-07-29 20:50,1785358200,1.14885,1.149,1.14865,1.1488,387
2026-07-29 20:55,1785358500,1.14885,1.14915,1.1488,1.1489,487
2026-07-29 22:00,1785362400,1.14855,1.14895,1.1482,1.14885,0
2026-07-29 22:05,1785362700,1.14885,1.14895,1.14865,1.14885,466
2026-07-29 22:10,1785363000,1.14885,1.1489,1.14875,1.1489,168
2026-07-29 22:15,1785363300,1.1489,1.14895,1.14885,1.1489,198
2026-07-29 22:20,1785363600,1.1489,1.14895,1.1488,1.14885,153
2026-07-29 22:25,1785363900,1.1488,1.14885,1.14875,1.14885,102
2026-07-29 22:30,1785364200,1.14885,1.1489,1.1488,1.1489,140
2026-07-29 22:35,1785364500,1.14885,1.14895,1.14885,1.14885,141
2026-07-29 22:40,1785364800,1.1489,1.149,1.1489,1.149,77
2026-07-29 22:45,1785365100,1.149,1.14905,1.149,1.14905,82
2026-07-29 22:50,1785365400,1.14905,1.1491,1.149,1.14905,101
2026-07-29 22:55,1785365700,1.14905,1.1492,1.14905,1.14915,126
2026-07-29 23:00,1785366000,1.1492,1.14935,1.1492,1.14935,172
2026-07-29 23:05,1785366300,1.14935,1.14955,1.14925,1.14945,507
2026-07-29 23:10,1785366600,1.14945,1.14945,1.14905,1.14905,292
2026-07-29 23:15,1785366900,1.1491,1.1491,1.1489,1.14905,105
2026-07-29 23:20,1785367200,1.14905,1.14905,1.14885,1.14885,127
2026-07-29 23:25,1785367500,1.1488,1.1488,1.1487,1.14875,148
2026-07-29 23:30,1785367800,1.14875,1.1488,1.1486,1.1488,141
2026-07-29 23:35,1785368100,1.1488,1.1488,1.1487,1.1487,88
2026-07-29 23:40,1785368400,1.1487,1.14875,1.1485,1.1485,286
2026-07-29 23:45,1785368700,1.14855,1.14875,1.1485,1.14875,167
2026-07-29 23:50,1785369000,1.1488,1.14895,1.14875,1.1488,142
2026-07-29 23:55,1785369300,1.1488,1.1488,1.1487,1.14875,54
2026-07-30 00:00,1785369600,1.1487,1.1488,1.1485,1.14855,512
2026-07-30 00:05,1785369900,1.14855,1.14875,1.1484,1.1487,511
2026-07-30 00:10,1785370200,1.1486,1.14875,1.14855,1.1487,113
2026-07-30 00:15,1785370500,1.14865,1.14875,1.1483,1.1483,324
2026-07-30 00:20,1785370800,1.14835,1.14835,1.1481,1.1482,216
2026-07-30 00:25,1785371100,1.1482,1.1482,1.1476,1.14775,228
2026-07-30 00:30,1785371400,1.14775,1.14785,1.1477,1.14775,81
2026-07-30 00:35,1785371700,1.1478,1.1478,1.1476,1.14765,114
2026-07-30 00:40,1785372000,1.14765,1.1478,1.1476,1.14775,392
2026-07-30 00:45,1785372300,1.1478,1.1479,1.1478,1.1478,409
2026-07-30 00:50,1785372600,1.1478,1.1478,1.14765,1.14775,290
2026-07-30 00:55,1785372900,1.1478,1.14785,1.14775,1.1478,122
2026-07-30 01:00,1785373200,1.14785,1.1481,1.1478,1.14795,1460
2026-07-30 01:05,1785373500,1.14795,1.1481,1.1479,1.1479,112
2026-07-30 01:10,1785373800,1.1479,1.148,1.1478,1.148,185
2026-07-30 01:15,1785374100,1.14795,1.14795,1.1477,1.14775,155
2026-07-30 01:20,1785374400,1.1478,1.14785,1.1474,1.14755,320
2026-07-30 01:25,1785374700,1.1475,1.1476,1.1474,1.14755,108
2026-07-30 01:30,1785375000,1.14755,1.148,1.14745,1.1478,1411
2026-07-30 01:35,1785375300,1.14785,1.14795,1.1477,1.1478,148
2026-07-30 01:40,1785375600,1.14785,1.1479,1.14765,1.14765,439
2026-07-30 01:45,1785375900,1.14765,1.1479,1.1476,1.1477,189
2026-07-30 01:50,1785376200,1.1477,1.1477,1.14735,1.14745,139
2026-07-30 01:55,1785376500,1.14745,1.14745,1.1473,1.1474,162
2026-07-30 02:00,1785376800,1.14735,1.14755,1.14735,1.1475,293
2026-07-30 02:05,1785377100,1.1475,1.1475,1.14735,1.1474,63
2026-07-30 02:10,1785377400,1.1474,1.14745,1.1472,1.1473,189
2026-07-30 02:15,1785377700,1.1473,1.1473,1.14715,1.1472,157
2026-07-30 02:20,1785378000,1.1472,1.14735,1.1472,1.14725,81
2026-07-30 02:25,1785378300,1.1473,1.14735,1.14725,1.1473,43
2026-07-30 02:30,1785378600,1.1473,1.14745,1.1473,1.14745,102
2026-07-30 02:35,1785378900,1.14745,1.14755,1.14745,1.14755,47
2026-07-30 02:40,1785379200,1.14755,1.14755,1.14745,1.14745,98
2026-07-30 02:45,1785379500,1.14745,1.14755,1.14745,1.1475,59
2026-07-30 02:50,1785379800,1.1475,1.14755,1.14745,1.14745,190
2026-07-30 02:55,1785380100,1.14745,1.14745,1.1473,1.1473,76
2026-07-30 03:00,1785380400,1.14735,1.14745,1.1473,1.1474,85
2026-07-30 03:05,1785380700,1.14745,1.14745,1.1473,1.1473,54
2026-07-30 03:10,1785381000,1.1473,1.1473,1.14715,1.14725,91
2026-07-30 03:15,1785381300,1.14725,1.14725,1.14705,1.1471,141
2026-07-30 03:20,1785381600,1.1471,1.14715,1.1468,1.14705,376
2026-07-30 03:25,1785381900,1.14705,1.14715,1.14695,1.14705,195
2026-07-30 03:30,1785382200,1.14705,1.14725,1.147,1.14725,46
2026-07-30 03:35,1785382500,1.14725,1.1473,1.1472,1.1472,67
2026-07-30 03:40,1785382800,1.1472,1.1473,1.1472,1.14725,19
2026-07-30 03:45,1785383100,1.14725,1.14725,1.14715,1.1472,48
2026-07-30 03:50,1785383400,1.1472,1.14725,1.1471,1.14715,125
2026-07-30 03:55,1785383700,1.14715,1.14715,1.14705,1.14705,42
2026-07-30 04:05,1785384300,1.14715,1.1472,1.14715,1.1472,207
2026-07-30 04:10,1785384600,1.1472,1.1473,1.1472,1.1473,36
2026-07-30 04:15,1785384900,1.1473,1.1474,1.1473,1.1473,80
2026-07-30 04:20,1785385200,1.1473,1.1474,1.1473,1.14735,28
2026-07-30 04:25,1785385500,1.1473,1.14735,1.1473,1.1473,27
2026-07-30 04:30,1785385800,1.1473,1.1474,1.1473,1.1474,22
2026-07-30 04:35,1785386100,1.1474,1.1474,1.1473,1.1473,32
2026-07-30 04:40,1785386400,1.1473,1.1474,1.1473,1.14735,56
2026-07-30 04:45,1785386700,1.14735,1.14735,1.1472,1.1472,84
2026-07-30 04:50,1785387000,1.14725,1.14725,1.1471,1.14715,40
2026-07-30 04:55,1785387300,1.14715,1.14715,1.14705,1.14715,85
2026-07-30 05:00,1785387600,1.1471,1.1473,1.14705,1.14725,83
2026-07-30 05:05,1785387900,1.14725,1.14745,1.14725,1.1474,77
2026-07-30 05:10,1785388200,1.14745,1.14755,1.14745,1.1475,58
2026-07-30 05:15,1785388500,1.14755,1.14755,1.14745,1.1475,80
2026-07-30 05:20,1785388800,1.1475,1.14765,1.1475,1.14755,302
2026-07-30 05:25,1785389100,1.1476,1.1477,1.14745,1.14755,246
2026-07-30 05:30,1785389400,1.1476,1.14765,1.1474,1.14745,96
2026-07-30 05:35,1785389700,1.14745,1.14745,1.14725,1.14735,172
2026-07-30 05:40,1785390000,1.14735,1.1474,1.1472,1.1473,233
2026-07-30 05:45,1785390300,1.14725,1.1476,1.14725,1.14735,273
2026-07-30 05:50,1785390600,1.14735,1.14735,1.1472,1.1473,84
2026-07-30 05:55,1785390900,1.14725,1.14725,1.14695,1.14705,286
2026-07-30 06:00,1785391200,1.14705,1.1472,1.14675,1.1469,600
2026-07-30 06:05,1785391500,1.14695,1.147,1.14665,1.14665,876
2026-07-30 06:10,1785391800,1.1468,1.1469,1.1464,1.14655,821
2026-07-30 06:15,1785392100,1.1465,1.1467,1.14645,1.14655,316
2026-07-30 06:20,1785392400,1.14655,1.1466,1.1464,1.14655,303
2026-07-30 06:25,1785392700,1.14655,1.1466,1.1464,1.14655,266
2026-07-30 06:30,1785393000,1.14655,1.14665,1.14635,1.14655,357
2026-07-30 06:35,1785393300,1.14655,1.1469,1.14645,1.1468,926
2026-07-30 06:40,1785393600,1.14685,1.14685,1.14655,1.14665,382
2026-07-30 06:45,1785393900,1.14665,1.14695,1.14665,1.1469,289
2026-07-30 06:50,1785394200,1.1469,1.14715,1.1469,1.147,229
2026-07-30 06:55,1785394500,1.14705,1.14715,1.14665,1.1468,666
2026-07-30 07:00,1785394800,1.1468,1.14715,1.1465,1.14705,2478
2026-07-30 07:05,1785395100,1.147,1.147,1.14665,1.1467,782
2026-07-30 07:10,1785395400,1.1467,1.14675,1.14625,1.14635,1208
2026-07-30 07:15,1785395700,1.1463,1.14655,1.1462,1.14625,798
2026-07-30 07:20,1785396000,1.14625,1.14635,1.14615,1.14625,1050
2026-07-30 07:25,1785396300,1.14625,1.14625,1.1457,1.14575,972
2026-07-30 07:30,1785396600,1.14575,1.1458,1.1455,1.14555,2468
2026-07-30 07:35,1785396900,1.14555,1.1459,1.1455,1.1458,903
2026-07-30 07:40,1785397200,1.14585,1.14595,1.1457,1.14575,700
2026-07-30 07:45,1785397500,1.14575,1.1458,1.14565,1.14575,398
2026-07-30 07:50,1785397800,1.14575,1.1459,1.1457,1.14575,457
2026-07-30 07:55,1785398100,1.1457,1.14595,1.14565,1.1458,416
2026-07-30 08:00,1785398400,1.14575,1.14635,1.14575,1.14625,1189
2026-07-30 08:05,1785398700,1.14625,1.14655,1.1462,1.1464,691
2026-07-30 08:10,1785399000,1.14645,1.14675,1.14645,1.14665,540
2026-07-30 08:15,1785399300,1.14665,1.147,1.14665,1.14685,700
2026-07-30 08:20,1785399600,1.14685,1.1472,1.14685,1.1471,738
2026-07-30 08:25,1785399900,1.1471,1.1475,1.147,1.1475,1734
2026-07-30 08:30,1785400200,1.14745,1.1476,1.14715,1.14715,1241
2026-07-30 08:35,1785400500,1.14715,1.1472,1.14665,1.1467,562
2026-07-30 08:40,1785400800,1.14665,1.14715,1.1466,1.14715,633
2026-07-30 08:45,1785401100,1.1472,1.1474,1.1471,1.1471,945
2026-07-30 08:50,1785401400,1.14715,1.1472,1.1469,1.147,510
2026-07-30 08:55,1785401700,1.14705,1.1472,1.1467,1.1468,795
2026-07-30 09:00,1785402000,1.14685,1.14745,1.14685,1.1474,481
2026-07-30 09:05,1785402300,1.14735,1.1478,1.14725,1.1478,672
2026-07-30 09:10,1785402600,1.14775,1.1479,1.14765,1.14775,889
2026-07-30 09:15,1785402900,1.14775,1.148,1.1477,1.148,389
2026-07-30 09:20,1785403200,1.148,1.1482,1.148,1.1481,406
2026-07-30 09:25,1785403500,1.14815,1.1484,1.1481,1.1482,499
2026-07-30 09:30,1785403800,1.1482,1.14825,1.148,1.1482,903
2026-07-30 09:35,1785404100,1.1482,1.14845,1.1482,1.14825,358
2026-07-30 09:40,1785404400,1.14825,1.14835,1.14825,1.1483,292
2026-07-30 09:45,1785404700,1.1483,1.14875,1.14815,1.14875,600
2026-07-30 09:50,1785405000,1.14875,1.1488,1.14825,1.1484,844
2026-07-30 09:55,1785405300,1.1484,1.1486,1.1484,1.14855,258
2026-07-30 10:00,1785405600,1.1485,1.1486,1.1482,1.1482,350
2026-07-30 10:05,1785405900,1.1482,1.14865,1.14815,1.1486,457
2026-07-30 10:10,1785406200,1.1486,1.1493,1.1486,1.14925,1169
2026-07-30 10:15,1785406500,1.1492,1.15005,1.1492,1.1494,4865
2026-07-30 10:20,1785406800,1.14935,1.1494,1.1489,1.149,1142
2026-07-30 10:25,1785407100,1.149,1.1495,1.149,1.1493,1041
2026-07-30 10:30,1785407400,1.1493,1.14965,1.14925,1.14945,896
2026-07-30 10:35,1785407700,1.14945,1.14955,1.14935,1.1495,399
2026-07-30 10:40,1785408000,1.14945,1.1505,1.14945,1.1501,1995
2026-07-30 10:45,1785408300,1.15005,1.1504,1.15005,1.1502,739
2026-07-30 10:50,1785408600,1.15025,1.15025,1.1497,1.14975,1101
2026-07-30 10:55,1785408900,1.14975,1.14985,1.1493,1.1493,1895
2026-07-30 11:00,1785409200,1.1494,1.1498,1.1493,1.1497,790
2026-07-30 11:05,1785409500,1.14965,1.1497,1.1494,1.14955,576
2026-07-30 11:10,1785409800,1.14955,1.1496,1.14925,1.14925,739
2026-07-30 11:15,1785410100,1.14925,1.14935,1.14905,1.14905,599
2026-07-30 11:20,1785410400,1.14905,1.14905,1.14855,1.14875,971
2026-07-30 11:25,1785410700,1.1488,1.14885,1.1487,1.1488,252
2026-07-30 11:30,1785411000,1.1488,1.14885,1.1486,1.14865,199
2026-07-30 11:35,1785411300,1.14865,1.14875,1.14865,1.1487,572
2026-07-30 11:40,1785411600,1.1487,1.14875,1.14855,1.14855,307
2026-07-30 11:45,1785411900,1.1486,1.14895,1.1486,1.1489,350
2026-07-30 11:50,1785412200,1.1489,1.14935,1.1489,1.1493,766
2026-07-30 11:55,1785412500,1.14925,1.1496,1.1491,1.1496,993
2026-07-30 12:00,1785412800,1.1496,1.14985,1.14955,1.14975,1243
2026-07-30 12:05,1785413100,1.1498,1.1499,1.1496,1.14965,702
2026-07-30 12:10,1785413400,1.14965,1.15015,1.1496,1.15005,883
2026-07-30 12:15,1785413700,1.15005,1.15005,1.14945,1.1496,646
2026-07-30 12:20,1785414000,1.1496,1.1498,1.1495,1.1497,493
2026-07-30 12:25,1785414300,1.1496,1.14985,1.1496,1.14965,450
2026-07-30 12:30,1785414600,1.14965,1.15035,1.1492,1.1496,2276
2026-07-30 12:35,1785414900,1.1496,1.15035,1.14955,1.1503,1631
2026-07-30 12:40,1785415200,1.15025,1.1503,1.1496,1.1502,2318
2026-07-30 12:45,1785415500,1.15015,1.15015,1.1495,1.1496,673
2026-07-30 12:50,1785415800,1.14965,1.1497,1.1491,1.1492,780
2026-07-30 12:55,1785416100,1.14925,1.1496,1.149,1.1493,1181
2026-07-30 13:00,1785416400,1.1493,1.1495,1.149,1.14915,1081
2026-07-30 13:05,1785416700,1.14915,1.14965,1.14915,1.1493,1374
2026-07-30 13:10,1785417000,1.1493,1.14955,1.14915,1.14925,2259
2026-07-30 13:15,1785417300,1.14925,1.14955,1.1492,1.1495,794
2026-07-30 13:20,1785417600,1.14945,1.15,1.1494,1.15,1785
2026-07-30 13:25,1785417900,1.15005,1.15015,1.1499,1.15005,1548
2026-07-30 13:30,1785418200,1.15005,1.1503,1.14995,1.15005,1657
2026-07-30 13:35,1785418500,1.15005,1.15145,1.14995,1.15125,12878
2026-07-30 13:40,1785418800,1.15125,1.1524,1.1507,1.1521,9858
2026-07-30 13:45,1785419100,1.15215,1.15295,1.15185,1.1523,5494
2026-07-30 13:50,1785419400,1.1523,1.1535,1.1519,1.15345,7003
2026-07-30 13:55,1785419700,1.15345,1.1544,1.1533,1.1544,5637
2026-07-30 14:00,1785420000,1.1544,1.15575,1.15425,1.15545,9364
2026-07-30 14:05,1785420300,1.1555,1.15565,1.1538,1.15435,8040
2026-07-30 14:10,1785420600,1.1543,1.1551,1.1543,1.1548,5433
2026-07-30 14:15,1785420900,1.1548,1.15525,1.15435,1.1549,6766
2026-07-30 14:20,1785421200,1.15485,1.15505,1.15405,1.15415,6015
2026-07-30 14:25,1785421500,1.15415,1.1545,1.1539,1.15415,4256
2026-07-30 14:30,1785421800,1.1542,1.15435,1.1536,1.1539,8019
2026-07-30 14:35,1785422100,1.1539,1.154,1.1533,1.15345,3364
2026-07-30 14:40,1785422400,1.1535,1.1538,1.153,1.15325,2950
2026-07-30 14:45,1785422700,1.1533,1.1535,1.15305,1.1532,1838
2026-07-30 14:50,1785423000,1.15325,1.15325,1.1528,1.15295,2763
2026-07-30 14:55,1785423300,1.1529,1.153,1.1523,1.15235,4470
2026-07-30 15:00,1785423600,1.15235,1.15255,1.1521,1.1521,4710
2026-07-30 15:05,1785423900,1.15205,1.15275,1.15205,1.1523,2886
2026-07-30 15:10,1785424200,1.15235,1.15275,1.1519,1.1527,2824
2026-07-30 15:15,1785424500,1.1527,1.15315,1.15265,1.1531,2443
2026-07-30 15:20,1785424800,1.15315,1.1535,1.15315,1.1533,2421
2026-07-30 15:25,1785425100,1.1533,1.1536,1.15315,1.1536,1024
2026-07-30 15:30,1785425400,1.1536,1.15395,1.1534,1.15395,882
2026-07-30 15:35,1785425700,1.1539,1.15415,1.15385,1.1541,946
2026-07-30 15:40,1785426000,1.15415,1.15425,1.15395,1.1542,580
2026-07-30 15:45,1785426300,1.15425,1.15445,1.1541,1.1544,1569
2026-07-30 15:50,1785426600,1.1544,1.1545,1.15405,1.1541,1029
2026-07-30 15:55,1785426900,1.15415,1.1544,1.15405,1.15415,644
2026-07-30 16:00,1785427200,1.1541,1.15485,1.1541,1.15475,1092
2026-07-30 16:05,1785427500,1.15475,1.1548,1.15445,1.1548,1391
2026-07-30 16:10,1785427800,1.1548,1.1548,1.1544,1.1545,1424
2026-07-30 16:15,1785428100,1.15445,1.1549,1.1544,1.15485,859
2026-07-30 16:20,1785428400,1.15485,1.15505,1.1547,1.1548,1322
2026-07-30 16:25,1785428700,1.1548,1.1551,1.15465,1.15505,655
2026-07-30 16:30,1785429000,1.15505,1.1551,1.1549,1.1549,677
2026-07-30 16:35,1785429300,1.15485,1.15505,1.1547,1.155,1858
2026-07-30 16:40,1785429600,1.15495,1.15495,1.15455,1.1546,1446
2026-07-30 16:45,1785429900,1.1546,1.1546,1.1544,1.1545,812
2026-07-30 16:50,1785430200,1.15445,1.15455,1.15425,1.1544,599
2026-07-30 16:55,1785430500,1.15445,1.1549,1.1544,1.1549,783
2026-07-30 17:00,1785430800,1.1549,1.1551,1.15445,1.15445,540
2026-07-30 17:05,1785431100,1.15445,1.1546,1.15445,1.1546,473
2026-07-30 17:10,1785431400,1.15465,1.1547,1.1541,1.1541,1607
2026-07-30 17:15,1785431700,1.15415,1.15415,1.1539,1.154,1821
2026-07-30 17:20,1785432000,1.154,1.15405,1.1539,1.15405,360
2026-07-30 17:25,1785432300,1.154,1.15405,1.1539,1.15395,438
2026-07-30 17:30,1785432600,1.15395,1.15405,1.1536,1.15365,1798
2026-07-30 17:35,1785432900,1.15365,1.15455,1.1534,1.1545,4820
2026-07-30 17:40,1785433200,1.15455,1.155,1.1543,1.15495,2064
2026-07-30 17:45,1785433500,1.15495,1.15495,1.1546,1.1546,1503
2026-07-30 17:50,1785433800,1.1546,1.15515,1.1546,1.1547,2835
2026-07-30 17:55,1785434100,1.1547,1.155,1.1546,1.155,495
2026-07-30 18:00,1785434400,1.15495,1.15525,1.15495,1.1552,1246
2026-07-30 18:05,1785434700,1.15525,1.1555,1.155,1.1554,938
2026-07-30 18:10,1785435000,1.1554,1.1556,1.15535,1.15555,490
2026-07-30 18:15,1785435300,1.1555,1.1555,1.1551,1.1551,429
2026-07-30 18:20,1785435600,1.15515,1.15515,1.15485,1.15485,437
2026-07-30 18:25,1785435900,1.15485,1.1551,1.1548,1.1551,311
2026-07-30 18:30,1785436200,1.15505,1.1554,1.15505,1.1553,671
2026-07-30 18:35,1785436500,1.1553,1.1553,1.15495,1.15495,398
2026-07-30 18:40,1785436800,1.155,1.15515,1.15495,1.15515,548
2026-07-30 18:45,1785437100,1.15515,1.15535,1.15515,1.1553,431
2026-07-30 18:50,1785437400,1.15535,1.15545,1.1552,1.1553,617
2026-07-30 18:55,1785437700,1.1553,1.1556,1.15525,1.15555,4587
2026-07-30 19:00,1785438000,1.15555,1.1556,1.15535,1.1554,1345
2026-07-30 19:05,1785438300,1.1554,1.1556,1.1552,1.15525,733
2026-07-30 19:10,1785438600,1.15525,1.1553,1.1549,1.15495,718
2026-07-30 19:15,1785438900,1.1549,1.1553,1.1548,1.1553,743
2026-07-30 19:20,1785439200,1.15535,1.1555,1.15525,1.1554,624
2026-07-30 19:25,1785439500,1.1554,1.1554,1.1552,1.15525,333
2026-07-30 19:30,1785439800,1.15525,1.1553,1.15505,1.15515,436
2026-07-30 19:35,1785440100,1.15515,1.15515,1.155,1.1551,402
2026-07-30 19:40,1785440400,1.1551,1.15515,1.155,1.15515,176
2026-07-30 19:45,1785440700,1.15515,1.15525,1.1551,1.15525,287
2026-07-30 19:50,1785441000,1.1552,1.1552,1.1549,1.15495,648
2026-07-30 19:55,1785441300,1.15495,1.15525,1.15485,1.15515,1029
2026-07-30 20:00,1785441600,1.15515,1.15525,1.15495,1.15525,798
2026-07-30 20:05,1785441900,1.1553,1.1553,1.15505,1.15515,162
2026-07-30 20:10,1785442200,1.1552,1.1552,1.1551,1.1551,155
2026-07-30 20:15,1785442500,1.1551,1.1551,1.15495,1.15505,345
2026-07-30 20:20,1785442800,1.155,1.155,1.15485,1.15485,114
2026-07-30 20:25,1785443100,1.15485,1.15495,1.1548,1.1548,147
2026-07-30 20:30,1785443400,1.1548,1.155,1.15475,1.1548,170
2026-07-30 20:35,1785443700,1.1548,1.1548,1.1547,1.1548,318
2026-07-30 20:40,1785444000,1.1548,1.15485,1.1547,1.15475,73
2026-07-30 20:45,1785444300,1.15475,1.1548,1.15475,1.15475,188
2026-07-30 20:50,1785444600,1.1548,1.1549,1.1548,1.1549,70
2026-07-30 20:55,1785444900,1.15485,1.155,1.15475,1.15485,272
2026-07-30 22:00,1785448800,1.15475,1.15495,1.15465,1.15495,0
2026-07-30 22:05,1785449100,1.15495,1.15495,1.15465,1.15465,194
2026-07-30 22:10,1785449400,1.15465,1.15475,1.15455,1.1547,166
2026-07-30 22:15,1785449700,1.1547,1.15485,1.15465,1.15475,171
2026-07-30 22:20,1785450000,1.15475,1.15475,1.1546,1.15465,135
2026-07-30 22:25,1785450300,1.15465,1.1547,1.1546,1.1547,213
2026-07-30 22:30,1785450600,1.1547,1.15475,1.15465,1.15475,188
2026-07-30 22:35,1785450900,1.15475,1.15515,1.1547,1.155,321
2026-07-30 22:40,1785451200,1.15505,1.1551,1.15495,1.15505,174
2026-07-30 22:45,1785451500,1.15505,1.1551,1.15495,1.155,148
2026-07-30 22:50,1785451800,1.155,1.15505,1.15485,1.15495,141
2026-07-30 22:55,1785452100,1.1549,1.15495,1.15485,1.1549,124
2026-07-30 23:00,1785452400,1.1549,1.1551,1.15465,1.15475,922
2026-07-30 23:05,1785452700,1.1547,1.1548,1.15465,1.15465,147
2026-07-30 23:10,1785453000,1.1547,1.1547,1.1545,1.1546,219
2026-07-30 23:15,1785453300,1.15455,1.1546,1.15435,1.1546,201
2026-07-30 23:20,1785453600,1.1546,1.1547,1.15455,1.15465,149
2026-07-30 23:25,1785453900,1.1546,1.15475,1.1544,1.15445,676
2026-07-30 23:30,1785454200,1.15445,1.15455,1.15445,1.15445,206
2026-07-30 23:35,1785454500,1.1544,1.15445,1.1542,1.1544,165
2026-07-30 23:40,1785454800,1.15435,1.1545,1.1543,1.15445,107
2026-07-30 23:45,1785455100,1.1545,1.1546,1.15445,1.1545,402
2026-07-30 23:50,1785455400,1.15445,1.15445,1.1543,1.15435,64
2026-07-30 23:55,1785455700,1.1543,1.1544,1.1543,1.1543,109
2026-07-31 00:00,1785456000,1.15435,1.15445,1.15425,1.1544,535
2026-07-31 00:05,1785456300,1.1544,1.1544,1.15405,1.15415,615
2026-07-31 00:10,1785456600,1.15415,1.15435,1.1541,1.15425,156
2026-07-31 00:15,1785456900,1.15425,1.15435,1.1542,1.15435,272
2026-07-31 00:20,1785457200,1.1543,1.1546,1.1542,1.1545,191
2026-07-31 00:25,1785457500,1.1545,1.1545,1.1543,1.1543,96
2026-07-31 00:30,1785457800,1.15425,1.15435,1.15395,1.15395,290
2026-07-31 00:35,1785458100,1.1539,1.15395,1.15375,1.15375,1618
2026-07-31 00:40,1785458400,1.1537,1.1537,1.1535,1.1537,462
2026-07-31 00:45,1785458700,1.15375,1.1538,1.1536,1.15375,265
2026-07-31 00:50,1785459000,1.1538,1.154,1.15375,1.15385,534
2026-07-31 00:55,1785459300,1.15385,1.15395,1.15375,1.1538,498
2026-07-31 01:00,1785459600,1.1538,1.154,1.15375,1.15385,576
2026-07-31 01:05,1785459900,1.15385,1.1539,1.1536,1.15375,291
2026-07-31 01:10,1785460200,1.15375,1.154,1.1535,1.1536,510
2026-07-31 01:15,1785460500,1.1536,1.15365,1.1535,1.1536,516
2026-07-31 01:20,1785460800,1.1536,1.15375,1.1535,1.15375,372
2026-07-31 01:25,1785461100,1.15375,1.15385,1.1537,1.1537,250
2026-07-31 01:30,1785461400,1.1537,1.15415,1.15365,1.15395,558
2026-07-31 01:35,1785461700,1.15395,1.154,1.15345,1.15345,357
2026-07-31 01:40,1785462000,1.15345,1.1536,1.1534,1.1534,402
2026-07-31 01:45,1785462300,1.1534,1.15345,1.15305,1.15315,736
2026-07-31 01:50,1785462600,1.1531,1.1532,1.153,1.1531,404
2026-07-31 01:55,1785462900,1.1531,1.1532,1.15295,1.15295,721
2026-07-31 02:00,1785463200,1.153,1.1533,1.153,1.1532,744
2026-07-31 02:05,1785463500,1.15325,1.1536,1.15325,1.15335,330
2026-07-31 02:10,1785463800,1.15335,1.15365,1.1533,1.1535,162
2026-07-31 02:15,1785464100,1.15345,1.1535,1.15335,1.1534,190
2026-07-31 02:20,1785464400,1.1534,1.15355,1.15335,1.15335,154
2026-07-31 02:25,1785464700,1.15335,1.15335,1.15325,1.1533,99
2026-07-31 02:30,1785465000,1.15335,1.15345,1.1533,1.1534,82
2026-07-31 02:35,1785465300,1.15335,1.15335,1.15325,1.1533,283
2026-07-31 02:40,1785465600,1.15325,1.1533,1.1532,1.15325,66
2026-07-31 02:45,1785465900,1.15325,1.1533,1.15315,1.15315,144
2026-07-31 02:50,1785466200,1.15315,1.15325,1.15305,1.15315,162
2026-07-31 02:55,1785466500,1.15315,1.1532,1.1531,1.1532,138
2026-07-31 03:00,1785466800,1.1532,1.1532,1.15305,1.15305,1216
2026-07-31 03:05,1785467100,1.15305,1.15325,1.15305,1.1532,114
2026-07-31 03:10,1785467400,1.1532,1.1533,1.15285,1.15305,845
2026-07-31 03:15,1785467700,1.153,1.15315,1.15285,1.15285,186
2026-07-31 03:20,1785468000,1.15285,1.15295,1.1528,1.15295,143
2026-07-31 03:25,1785468300,1.153,1.15305,1.1528,1.1529,430
2026-07-31 03:30,1785468600,1.1529,1.153,1.1528,1.1529,651
2026-07-31 03:35,1785468900,1.15285,1.1529,1.15275,1.15275,577
2026-07-31 03:40,1785469200,1.15275,1.1528,1.1526,1.15275,901
2026-07-31 03:45,1785469500,1.1528,1.15305,1.1528,1.153,532
2026-07-31 03:50,1785469800,1.15305,1.1532,1.153,1.15315,203
2026-07-31 03:55,1785470100,1.1532,1.1533,1.15315,1.15325,158
2026-07-31 04:05,1785470700,1.1533,1.15345,1.1533,1.15335,280
2026-07-31 04:10,1785471000,1.15335,1.15335,1.1532,1.1533,37
2026-07-31 04:15,1785471300,1.15325,1.15325,1.15315,1.15325,82
2026-07-31 04:20,1785471600,1.15325,1.15335,1.1532,1.1533,65
2026-07-31 04:25,1785471900,1.15335,1.15335,1.1531,1.1531,72
2026-07-31 04:30,1785472200,1.1531,1.1531,1.15285,1.15295,264
2026-07-31 04:35,1785472500,1.15295,1.153,1.1527,1.15275,217
2026-07-31 04:40,1785472800,1.15275,1.15275,1.15255,1.15255,353
2026-07-31 04:45,1785473100,1.1526,1.1526,1.1524,1.15245,233
2026-07-31 04:50,1785473400,1.15245,1.15275,1.15245,1.15275,181
2026-07-31 04:55,1785473700,1.1527,1.1528,1.1526,1.1528,202
2026-07-31 05:00,1785474000,1.1528,1.15285,1.1526,1.1527,296
2026-07-31 05:05,1785474300,1.1527,1.15275,1.1526,1.15265,182
2026-07-31 05:10,1785474600,1.15265,1.1529,1.15255,1.15255,394
2026-07-31 05:15,1785474900,1.15255,1.15275,1.1525,1.1526,611
2026-07-31 05:20,1785475200,1.1526,1.15265,1.1524,1.15255,711
2026-07-31 05:25,1785475500,1.1525,1.15255,1.15245,1.15245,161
2026-07-31 05:30,1785475800,1.1525,1.1529,1.15245,1.1528,324
2026-07-31 05:35,1785476100,1.15275,1.15285,1.15265,1.15275,523
2026-07-31 05:40,1785476400,1.1528,1.15295,1.1526,1.15265,218
2026-07-31 05:45,1785476700,1.15265,1.15265,1.1524,1.1524,298
2026-07-31 05:50,1785477000,1.1525,1.15265,1.1525,1.1525,104
2026-07-31 05:55,1785477300,1.15255,1.1527,1.1525,1.1526,307
2026-07-31 06:00,1785477600,1.15265,1.1531,1.15255,1.15305,991
2026-07-31 06:05,1785477900,1.1531,1.15355,1.15305,1.15345,670
2026-07-31 06:10,1785478200,1.1535,1.15365,1.15325,1.15365,471
2026-07-31 06:15,1785478500,1.1536,1.15375,1.1535,1.1536,450
2026-07-31 06:20,1785478800,1.15365,1.15375,1.15335,1.15375,239
2026-07-31 06:25,1785479100,1.15375,1.1541,1.1537,1.154,713
2026-07-31 06:30,1785479400,1.154,1.15405,1.1534,1.15345,522
2026-07-31 06:35,1785479700,1.15345,1.15355,1.15305,1.15325,1200
2026-07-31 06:40,1785480000,1.15325,1.1533,1.1531,1.15325,368
2026-07-31 06:45,1785480300,1.1533,1.15385,1.1533,1.1538,711
2026-07-31 06:50,1785480600,1.1538,1.1542,1.15375,1.1539,1028
2026-07-31 06:55,1785480900,1.15385,1.1539,1.15365,1.15365,664
2026-07-31 07:00,1785481200,1.1537,1.1537,1.1535,1.1536,782
2026-07-31 07:05,1785481500,1.15365,1.1537,1.1534,1.1535,546
2026-07-31 07:10,1785481800,1.15355,1.15375,1.15345,1.1537,373
2026-07-31 07:15,1785482100,1.1537,1.1537,1.15335,1.1535,452
2026-07-31 07:20,1785482400,1.1535,1.1535,1.1532,1.1534,694
2026-07-31 07:25,1785482700,1.15335,1.1536,1.15335,1.1534,391
2026-07-31 07:30,1785483000,1.1534,1.1534,1.15315,1.15325,291
2026-07-31 07:35,1785483300,1.1533,1.15355,1.1531,1.15355,306
2026-07-31 07:40,1785483600,1.15355,1.15395,1.15355,1.1538,389
2026-07-31 07:45,1785483900,1.15385,1.1544,1.1538,1.1543,1156
2026-07-31 07:50,1785484200,1.1543,1.15445,1.1536,1.1536,489
2026-07-31 07:55,1785484500,1.15355,1.1536,1.1532,1.1534,1287
2026-07-31 08:00,1785484800,1.1534,1.15355,1.1532,1.1534,666
2026-07-31 08:05,1785485100,1.1534,1.1534,1.1528,1.1529,356
2026-07-31 08:10,1785485400,1.15295,1.15305,1.1528,1.153,363
2026-07-31 08:15,1785485700,1.15305,1.15315,1.15295,1.15315,592
2026-07-31 08:20,1785486000,1.15315,1.15325,1.15295,1.15295,392
2026-07-31 08:25,1785486300,1.15295,1.15305,1.15275,1.15275,350
2026-07-31 08:30,1785486600,1.1527,1.15275,1.1525,1.1525,644
2026-07-31 08:35,1785486900,1.15255,1.15275,1.1524,1.1526,1140
2026-07-31 08:40,1785487200,1.1526,1.15295,1.1526,1.15285,321
2026-07-31 08:45,1785487500,1.1529,1.1535,1.1529,1.1534,577
2026-07-31 08:50,1785487800,1.15345,1.15355,1.1533,1.15335,743
2026-07-31 08:55,1785488100,1.1533,1.1546,1.15325,1.15405,4205
2026-07-31 09:00,1785488400,1.154,1.1545,1.15375,1.1538,2232
2026-07-31 09:05,1785488700,1.15385,1.1542,1.15355,1.1537,2481
2026-07-31 09:10,1785489000,1.1537,1.1538,1.15345,1.1536,1038
2026-07-31 09:15,1785489300,1.15365,1.1537,1.1534,1.15355,468
2026-07-31 09:20,1785489600,1.1535,1.1538,1.1534,1.15345,488
2026-07-31 09:25,1785489900,1.1534,1.1534,1.1529,1.1529,511
2026-07-31 09:30,1785490200,1.1529,1.1532,1.1528,1.15285,812
2026-07-31 09:35,1785490500,1.15285,1.1529,1.1525,1.15265,865
2026-07-31 09:40,1785490800,1.15265,1.1527,1.15225,1.15225,841
2026-07-31 09:45,1785491100,1.15235,1.1529,1.15235,1.15285,362
2026-07-31 09:50,1785491400,1.1528,1.15285,1.1527,1.15275,192
2026-07-31 09:55,1785491700,1.15275,1.1528,1.1524,1.15255,390
2026-07-31 10:00,1785492000,1.1525,1.1527,1.1523,1.15265,366
2026-07-31 10:05,1785492300,1.1527,1.15275,1.1526,1.1527,300
2026-07-31 10:10,1785492600,1.15265,1.15275,1.1526,1.1527,341
2026-07-31 10:15,1785492900,1.15265,1.15265,1.15225,1.1523,520
2026-07-31 10:20,1785493200,1.15235,1.15245,1.1522,1.1522,1589
2026-07-31 10:25,1785493500,1.1522,1.15235,1.1521,1.1522,1027
2026-07-31 10:30,1785493800,1.15215,1.1523,1.1521,1.1523,303
2026-07-31 10:35,1785494100,1.15235,1.15245,1.15205,1.1522,613
2026-07-31 10:40,1785494400,1.1522,1.1524,1.15215,1.1523,510
2026-07-31 10:45,1785494700,1.15225,1.1524,1.15225,1.15235,374
2026-07-31 10:50,1785495000,1.1524,1.1524,1.1521,1.15215,462
2026-07-31 10:55,1785495300,1.15215,1.1523,1.1521,1.15215,563
2026-07-31 11:00,1785495600,1.15215,1.15215,1.15165,1.152,1517
2026-07-31 11:05,1785495900,1.152,1.15215,1.15185,1.15205,345
2026-07-31 11:10,1785496200,1.15205,1.1521,1.1518,1.1518,222
2026-07-31 11:15,1785496500,1.1518,1.1518,1.1514,1.1514,1372
2026-07-31 11:20,1785496800,1.1514,1.1515,1.1512,1.1514,1692
2026-07-31 11:25,1785497100,1.1514,1.1516,1.1513,1.1513,298
2026-07-31 11:30,1785497400,1.1513,1.1513,1.151,1.15115,904
2026-07-31 11:35,1785497700,1.1511,1.1513,1.15095,1.1511,716
2026-07-31 11:40,1785498000,1.15115,1.1512,1.15095,1.15105,717
2026-07-31 11:45,1785498300,1.15105,1.15105,1.15055,1.15075,1478
2026-07-31 11:50,1785498600,1.15075,1.1509,1.1507,1.1508,529
2026-07-31 11:55,1785498900,1.15075,1.1508,1.15045,1.1505,1860
2026-07-31 12:00,1785499200,1.1505,1.15055,1.1501,1.1503,1654
2026-07-31 12:05,1785499500,1.15035,1.15065,1.15035,1.15045,654
2026-07-31 12:10,1785499800,1.15045,1.15065,1.15035,1.15065,708
2026-07-31 12:15,1785500100,1.1506,1.15075,1.1505,1.15065,929
2026-07-31 12:20,1785500400,1.15065,1.1507,1.15055,1.15055,814
2026-07-31 12:25,1785500700,1.15055,1.15075,1.1504,1.1504,1107
2026-07-31 12:30,1785501000,1.1504,1.15065,1.15015,1.1506,1242
2026-07-31 12:35,1785501300,1.15065,1.15065,1.1504,1.1505,1084
2026-07-31 12:40,1785501600,1.1505,1.15055,1.1504,1.15045,642
2026-07-31 12:45,1785501900,1.1505,1.1508,1.15035,1.15065,675
2026-07-31 12:50,1785502200,1.15065,1.15095,1.15055,1.1509,783
2026-07-31 12:55,1785502500,1.1509,1.151,1.15075,1.15075,977
2026-07-31 13:00,1785502800,1.15075,1.15115,1.15075,1.15095,1659
2026-07-31 13:05,1785503100,1.15095,1.151,1.1508,1.151,1067
2026-07-31 13:10,1785503400,1.151,1.15105,1.1506,1.15075,951
2026-07-31 13:15,1785503700,1.15075,1.15115,1.15035,1.1511,1823
2026-07-31 13:20,1785504000,1.15115,1.15235,1.1511,1.1523,9446
2026-07-31 13:25,1785504300,1.1523,1.15235,1.1518,1.152,3728
2026-07-31 13:30,1785504600,1.152,1.1521,1.1509,1.15095,6146
2026-07-31 13:35,1785504900,1.15095,1.1511,1.1478,1.14785,15870
2026-07-31 13:40,1785505200,1.14785,1.1492,1.14745,1.14905,6985
2026-07-31 13:45,1785505500,1.1491,1.1493,1.14845,1.14855,3748
2026-07-31 13:50,1785505800,1.1485,1.14925,1.1485,1.1492,1648
2026-07-31 13:55,1785506100,1.14915,1.14945,1.1486,1.14865,2043
2026-07-31 14:00,1785506400,1.14865,1.149,1.1482,1.1486,5426
2026-07-31 14:05,1785506700,1.1486,1.1487,1.1483,1.14845,2772
2026-07-31 14:10,1785507000,1.1485,1.14945,1.14845,1.1494,2646
2026-07-31 14:15,1785507300,1.1494,1.14975,1.1492,1.14935,2291
2026-07-31 14:20,1785507600,1.1493,1.1497,1.14915,1.14955,1653
2026-07-31 14:25,1785507900,1.1496,1.15,1.14955,1.14995,1691
2026-07-31 14:30,1785508200,1.14995,1.1503,1.14995,1.1503,1798
2026-07-31 14:35,1785508500,1.15025,1.1508,1.1502,1.1508,2405
2026-07-31 14:40,1785508800,1.1508,1.1512,1.15075,1.15115,1496
2026-07-31 14:45,1785509100,1.15115,1.1517,1.1511,1.15135,2293
2026-07-31 14:50,1785509400,1.15135,1.15245,1.15085,1.15205,8322
2026-07-31 14:55,1785509700,1.152,1.1526,1.1517,1.1524,9624
2026-07-31 15:00,1785510000,1.15245,1.15265,1.15175,1.15185,5758
2026-07-31 15:05,1785510300,1.15185,1.1527,1.15185,1.152,2553
2026-07-31 15:10,1785510600,1.15195,1.15235,1.1517,1.1523,2017
2026-07-31 15:15,1785510900,1.1523,1.15275,1.15195,1.15205,1648
2026-07-31 15:20,1785511200,1.15205,1.1525,1.1519,1.1523,1448
2026-07-31 15:25,1785511500,1.1523,1.15275,1.1522,1.1523,1424
2026-07-31 15:30,1785511800,1.1523,1.15245,1.15215,1.15225,1301
2026-07-31 15:35,1785512100,1.1522,1.153,1.15215,1.1528,957
2026-07-31 15:40,1785512400,1.1528,1.15295,1.15265,1.15285,925
2026-07-31 15:45,1785512700,1.1529,1.1533,1.15285,1.15325,1418
2026-07-31 15:50,1785513000,1.1533,1.1537,1.15325,1.15355,1929
2026-07-31 15:55,1785513300,1.15355,1.1538,1.15345,1.1538,932
2026-07-31 16:00,1785513600,1.15375,1.1538,1.1533,1.1535,910
2026-07-31 16:05,1785513900,1.15345,1.15345,1.15335,1.1534,761
2026-07-31 16:10,1785514200,1.15345,1.1539,1.15325,1.15365,880
2026-07-31 16:15,1785514500,1.15365,1.1538,1.15345,1.1536,936
2026-07-31 16:20,1785514800,1.15355,1.1537,1.15325,1.15335,964
2026-07-31 16:25,1785515100,1.15335,1.1535,1.1532,1.15335,453
2026-07-31 16:30,1785515400,1.15335,1.15365,1.15325,1.15355,439
2026-07-31 16:35,1785515700,1.1536,1.1537,1.15355,1.15355,564
2026-07-31 16:40,1785516000,1.1535,1.15365,1.15335,1.15335,373
2026-07-31 16:45,1785516300,1.15335,1.15355,1.15335,1.15355,229
2026-07-31 16:50,1785516600,1.15355,1.1538,1.15355,1.1536,421
2026-07-31 16:55,1785516900,1.1536,1.1537,1.1535,1.1537,527
2026-07-31 17:00,1785517200,1.1537,1.1539,1.1537,1.1538,618
2026-07-31 17:05,1785517500,1.1538,1.1539,1.1537,1.15375,795
2026-07-31 17:10,1785517800,1.15375,1.1543,1.1537,1.1542,515
2026-07-31 17:15,1785518100,1.1542,1.1543,1.15405,1.15405,454
2026-07-31 17:20,1785518400,1.154,1.15465,1.15395,1.15435,1353
2026-07-31 17:25,1785518700,1.15435,1.15475,1.1541,1.1547,2922
2026-07-31 17:30,1785519000,1.1547,1.1553,1.1547,1.15515,2554
2026-07-31 17:35,1785519300,1.15515,1.15535,1.155,1.1553,1609
2026-07-31 17:40,1785519600,1.1553,1.1556,1.1552,1.1555,1234
2026-07-31 17:45,1785519900,1.1555,1.15555,1.15475,1.1552,4067
2026-07-31 17:50,1785520200,1.1552,1.15565,1.15515,1.1556,1821
2026-07-31 17:55,1785520500,1.1556,1.1557,1.15525,1.1553,1232
2026-07-31 18:00,1785520800,1.15525,1.1556,1.15515,1.15535,1463
2026-07-31 18:05,1785521100,1.15535,1.1554,1.15515,1.1553,1200
2026-07-31 18:10,1785521400,1.15525,1.15525,1.15475,1.15475,1533
2026-07-31 18:15,1785521700,1.1548,1.155,1.1546,1.1549,3052
2026-07-31 18:20,1785522000,1.1549,1.155,1.1548,1.15495,513
2026-07-31 18:25,1785522300,1.155,1.15505,1.15475,1.1549,918
2026-07-31 18:30,1785522600,1.1549,1.15495,1.1547,1.15475,549
2026-07-31 18:35,1785522900,1.15475,1.155,1.1547,1.1548,829
2026-07-31 18:40,1785523200,1.1548,1.155,1.15465,1.1547,647
2026-07-31 18:45,1785523500,1.15465,1.15465,1.1544,1.15455,844
2026-07-31 18:50,1785523800,1.1545,1.1547,1.15445,1.1547,513
2026-07-31 18:55,1785524100,1.1547,1.1551,1.1547,1.15505,3911
2026-07-31 19:00,1785524400,1.155,1.1554,1.155,1.15535,1629
2026-07-31 19:05,1785524700,1.15535,1.15535,1.15515,1.1553,381
2026-07-31 19:10,1785525000,1.1553,1.15535,1.1552,1.1552,293
2026-07-31 19:15,1785525300,1.15525,1.15525,1.155,1.15505,254
2026-07-31 19:20,1785525600,1.1551,1.1551,1.155,1.155,306
2026-07-31 19:25,1785525900,1.155,1.1551,1.15495,1.1551,281
2026-07-31 19:30,1785526200,1.15505,1.1551,1.15475,1.15485,368
2026-07-31 19:35,1785526500,1.15485,1.15485,1.1547,1.15485,249
2026-07-31 19:40,1785526800,1.1549,1.15535,1.1549,1.15535,360
2026-07-31 19:45,1785527100,1.15535,1.15545,1.1552,1.15535,379
2026-07-31 19:50,1785527400,1.1553,1.15545,1.15525,1.1554,535
2026-07-31 19:55,1785527700,1.1554,1.1556,1.15505,1.1551,976
2026-07-31 20:00,1785528000,1.1551,1.1551,1.15485,1.15485,721
2026-07-31 20:05,1785528300,1.1549,1.1549,1.1544,1.1545,1211
2026-07-31 20:10,1785528600,1.15455,1.15505,1.15435,1.155,1652
2026-07-31 20:15,1785528900,1.155,1.15545,1.15495,1.15535,2088
2026-07-31 20:20,1785529200,1.15545,1.1559,1.15535,1.15565,1115
2026-07-31 20:25,1785529500,1.1557,1.15575,1.1553,1.15555,835
2026-07-31 20:30,1785529800,1.15565,1.15595,1.1553,1.1553,1025
2026-07-31 20:35,1785530100,1.1554,1.1559,1.1554,1.15565,2500
2026-07-31 20:40,1785530400,1.15565,1.156,1.15555,1.15595,1139
2026-07-31 20:45,1785530700,1.156,1.1564,1.15595,1.15625,887
2026-07-31 20:50,1785531000,1.15625,1.1567,1.1553,1.156,1418
2026-07-31 20:55,1785531300,1.15605,1.1561,1.1541,1.155,4061
2026-08-02 22:10,1785708600,1.15735,1.15775,1.1573,1.1577,428
2026-08-02 22:15,1785708900,1.1577,1.1578,1.1568,1.1569,401
2026-08-02 22:20,1785709200,1.1569,1.1571,1.15675,1.15675,284
2026-08-02 22:25,1785709500,1.1568,1.157,1.1567,1.15695,174
2026-08-02 22:30,1785709800,1.157,1.1571,1.1568,1.1568,231
2026-08-02 22:35,1785710100,1.15685,1.1571,1.1568,1.157,278
2026-08-02 22:40,1785710400,1.1569,1.15705,1.1567,1.1568,209
2026-08-02 22:45,1785710700,1.1567,1.15705,1.1567,1.15705,316
2026-08-02 22:50,1785711000,1.15705,1.1571,1.157,1.157,121
2026-08-02 22:55,1785711300,1.1569,1.1569,1.1567,1.15675,97
2026-08-02 23:00,1785711600,1.15675,1.157,1.1564,1.15665,571
2026-08-02 23:05,1785711900,1.1566,1.1566,1.15635,1.15635,214
2026-08-02 23:10,1785712200,1.15635,1.1565,1.15625,1.15645,314
2026-08-02 23:15,1785712500,1.15645,1.1565,1.1563,1.1563,167
2026-08-02 23:20,1785712800,1.1563,1.15635,1.1562,1.15625,150
2026-08-02 23:25,1785713100,1.1563,1.15645,1.15625,1.15635,180
2026-08-02 23:30,1785713400,1.1564,1.15645,1.1562,1.15625,217
2026-08-02 23:35,1785713700,1.1563,1.1565,1.15625,1.1563,67
2026-08-02 23:40,1785714000,1.1563,1.15635,1.15615,1.15635,157
2026-08-02 23:45,1785714300,1.1563,1.15635,1.15615,1.1563,306
2026-08-02 23:50,1785714600,1.15625,1.1563,1.1562,1.1562,95
2026-08-02 23:55,1785714900,1.15625,1.15635,1.1562,1.15625,84
2026-08-03 00:00,1785715200,1.1563,1.1563,1.15545,1.15575,994
2026-08-03 00:05,1785715500,1.1557,1.15595,1.15565,1.15565,225
2026-08-03 00:10,1785715800,1.15565,1.15575,1.15545,1.1556,257
2026-08-03 00:15,1785716100,1.1556,1.15585,1.15555,1.1557,311
2026-08-03 00:20,1785716400,1.1557,1.15585,1.1555,1.15585,186
2026-08-03 00:25,1785716700,1.15585,1.15675,1.1557,1.15665,2107
2026-08-03 00:30,1785717000,1.1566,1.1571,1.1565,1.15705,1196
2026-08-03 00:35,1785717300,1.1571,1.15725,1.1567,1.157,1179
2026-08-03 00:40,1785717600,1.157,1.15745,1.1569,1.15735,1464
2026-08-03 00:45,1785717900,1.15735,1.15755,1.1566,1.15665,1265
2026-08-03 00:50,1785718200,1.1566,1.15685,1.15635,1.1564,663
2026-08-03 00:55,1785718500,1.15635,1.1564,1.15605,1.15615,359
2026-08-03 01:00,1785718800,1.1562,1.1565,1.1558,1.15605,989
2026-08-03 01:05,1785719100,1.15615,1.15615,1.1557,1.1558,457
2026-08-03 01:10,1785719400,1.15585,1.15585,1.15555,1.15555,350
2026-08-03 01:15,1785719700,1.15555,1.1557,1.1553,1.15535,417
2026-08-03 01:20,1785720000,1.15535,1.1554,1.15525,1.1553,315
2026-08-03 01:25,1785720300,1.15535,1.15545,1.15515,1.15515,367
2026-08-03 01:30,1785720600,1.1551,1.1553,1.155,1.1551,367
2026-08-03 01:35,1785720900,1.1551,1.1552,1.155,1.155,438
2026-08-03 01:40,1785721200,1.15505,1.15525,1.15505,1.1551,259
2026-08-03 01:45,1785721500,1.15515,1.15525,1.155,1.15505,139
2026-08-03 01:50,1785721800,1.1551,1.15515,1.15495,1.155,307
2026-08-03 01:55,1785722100,1.155,1.15515,1.15495,1.15515,124
2026-08-03 02:00,1785722400,1.15515,1.1553,1.1551,1.1552,125
2026-08-03 02:05,1785722700,1.1552,1.15535,1.155,1.1551,294
2026-08-03 02:10,1785723000,1.1551,1.15515,1.1549,1.1549,121
2026-08-03 02:15,1785723300,1.15495,1.15515,1.1548,1.15515,204
2026-08-03 02:20,1785723600,1.1551,1.1551,1.155,1.15505,74
2026-08-03 02:25,1785723900,1.1551,1.15525,1.1551,1.1552,89
2026-08-03 02:30,1785724200,1.15525,1.1553,1.15515,1.15515,167
2026-08-03 02:35,1785724500,1.1552,1.1555,1.1552,1.15545,84
2026-08-03 02:40,1785724800,1.15545,1.15545,1.15515,1.15515,143
2026-08-03 02:45,1785725100,1.1551,1.1552,1.1551,1.1552,89
2026-08-03 02:50,1785725400,1.15525,1.15525,1.1551,1.1551,66
2026-08-03 02:55,1785725700,1.1551,1.1551,1.15505,1.15505,79
2026-08-03 03:00,1785726000,1.155,1.15505,1.15485,1.1549,165
2026-08-03 03:05,1785726300,1.15485,1.15495,1.15485,1.15485,34
2026-08-03 03:10,1785726600,1.1548,1.1548,1.1546,1.15475,259
2026-08-03 03:15,1785726900,1.1547,1.1548,1.15465,1.1548,102
2026-08-03 03:20,1785727200,1.1548,1.15485,1.1547,1.15485,189
2026-08-03 03:25,1785727500,1.15485,1.1549,1.15475,1.15485,72
2026-08-03 03:30,1785727800,1.15485,1.15485,1.1547,1.1547,134
2026-08-03 03:35,1785728100,1.1547,1.15485,1.15465,1.1547,224
2026-08-03 03:40,1785728400,1.1547,1.15475,1.1546,1.15475,124
2026-08-03 03:45,1785728700,1.1547,1.1548,1.15465,1.15475,148
2026-08-03 03:50,1785729000,1.15475,1.15485,1.1547,1.15475,193
2026-08-03 03:55,1785729300,1.15475,1.1549,1.15475,1.1549,98
2026-08-03 04:00,1785729600,1.15495,1.1551,1.15495,1.155,226
2026-08-03 04:05,1785729900,1.15495,1.155,1.1549,1.1549,128
2026-08-03 04:10,1785730200,1.1549,1.15505,1.15485,1.15505,71
2026-08-03 04:15,1785730500,1.1551,1.15515,1.15505,1.1551,142
2026-08-03 04:20,1785730800,1.1552,1.1552,1.15505,1.15505,38
2026-08-03 04:25,1785731100,1.1551,1.1552,1.1551,1.1552,40
2026-08-03 04:30,1785731400,1.1552,1.15525,1.1551,1.15525,29
2026-08-03 04:35,1785731700,1.15525,1.1554,1.15525,1.1554,57
2026-08-03 04:40,1785732000,1.15535,1.1555,1.1553,1.1555,79
2026-08-03 04:45,1785732300,1.1555,1.1555,1.15535,1.1554,69
2026-08-03 04:50,1785732600,1.15535,1.15535,1.1552,1.1553,43
2026-08-03 04:55,1785732900,1.15525,1.15535,1.15525,1.15535,37
2026-08-03 05:00,1785733200,1.1554,1.1555,1.1553,1.15535,75
2026-08-03 05:05,1785733500,1.15535,1.1554,1.1551,1.1551,87
2026-08-03 05:10,1785733800,1.1551,1.1552,1.1551,1.1552,64
2026-08-03 05:15,1785734100,1.15525,1.1553,1.15525,1.15525,40
2026-08-03 05:20,1785734400,1.1553,1.15535,1.1552,1.15525,448
2026-08-03 05:25,1785734700,1.1552,1.15525,1.15515,1.15525,40
2026-08-03 05:30,1785735000,1.1553,1.1555,1.1553,1.1555,122
2026-08-03 05:35,1785735300,1.1555,1.15555,1.1554,1.1554,63
2026-08-03 05:40,1785735600,1.1554,1.15555,1.15525,1.1555,55
2026-08-03 05:45,1785735900,1.15555,1.1556,1.15545,1.15545,182
2026-08-03 05:50,1785736200,1.15545,1.1555,1.15545,1.1555,155
2026-08-03 05:55,1785736500,1.15555,1.1557,1.15555,1.15565,128
2026-08-03 06:00,1785736800,1.1557,1.15575,1.15555,1.15565,533
2026-08-03 06:05,1785737100,1.15565,1.15585,1.1554,1.15545,247
2026-08-03 06:10,1785737400,1.1554,1.15555,1.1552,1.1552,558
2026-08-03 06:15,1785737700,1.1552,1.1555,1.15515,1.1554,509
2026-08-03 06:20,1785738000,1.1554,1.1555,1.15505,1.1553,434
2026-08-03 06:25,1785738300,1.15525,1.1553,1.15505,1.1553,322
2026-08-03 06:30,1785738600,1.15535,1.15535,1.1549,1.15495,335
2026-08-03 06:35,1785738900,1.155,1.155,1.15445,1.1545,947
2026-08-03 06:40,1785739200,1.1545,1.15455,1.15435,1.1545,677
2026-08-03 06:45,1785739500,1.1545,1.1545,1.15435,1.1544,1030
2026-08-03 06:50,1785739800,1.1544,1.15475,1.1544,1.15465,301
2026-08-03 06:55,1785740100,1.15465,1.15475,1.1545,1.15465,572
2026-08-03 07:00,1785740400,1.1546,1.15495,1.1544,1.1545,980
2026-08-03 07:05,1785740700,1.15455,1.15465,1.15415,1.15455,670
2026-08-03 07:10,1785741000,1.1545,1.1549,1.1545,1.15485,378
2026-08-03 07:15,1785741300,1.15485,1.155,1.154,1.15435,1063
2026-08-03 07:20,1785741600,1.15435,1.1546,1.15435,1.15445,864
2026-08-03 07:25,1785741900,1.15445,1.1549,1.15445,1.1548,377
2026-08-03 07:30,1785742200,1.15485,1.1552,1.15485,1.15515,431
2026-08-03 07:35,1785742500,1.15515,1.15515,1.15455,1.15465,576
2026-08-03 07:40,1785742800,1.15465,1.15465,1.1543,1.15455,773
2026-08-03 07:45,1785743100,1.1546,1.15465,1.1544,1.15445,560
2026-08-03 07:50,1785743400,1.15445,1.1546,1.1543,1.1546,333
2026-08-03 07:55,1785743700,1.1546,1.15465,1.15435,1.15455,357
2026-08-03 08:00,1785744000,1.15455,1.15455,1.15435,1.1544,339
2026-08-03 08:05,1785744300,1.15435,1.15455,1.1543,1.1543,359
2026-08-03 08:10,1785744600,1.1543,1.15465,1.15425,1.15465,254
2026-08-03 08:15,1785744900,1.1546,1.15465,1.1542,1.15425,293
2026-08-03 08:20,1785745200,1.15425,1.1546,1.1541,1.1546,330
2026-08-03 08:25,1785745500,1.1546,1.1546,1.1543,1.15435,600
2026-08-03 08:30,1785745800,1.1544,1.1545,1.15425,1.1544,337
2026-08-03 08:35,1785746100,1.15435,1.1547,1.15425,1.1544,526
2026-08-03 08:40,1785746400,1.1544,1.15455,1.15435,1.15445,290
2026-08-03 08:45,1785746700,1.15445,1.15445,1.15425,1.15435,294
2026-08-03 08:50,1785747000,1.1544,1.1544,1.154,1.1542,362
2026-08-03 08:55,1785747300,1.1542,1.15435,1.15415,1.15415,234
2026-08-03 09:00,1785747600,1.1542,1.1544,1.15415,1.15415,335
2026-08-03 09:05,1785747900,1.15415,1.15435,1.1539,1.1542,514
2026-08-03 09:10,1785748200,1.1542,1.15455,1.1542,1.1544,571
2026-08-03 09:15,1785748500,1.15435,1.15435,1.15405,1.1541,332
2026-08-03 09:20,1785748800,1.1541,1.15425,1.1541,1.1542,149
2026-08-03 09:25,1785749100,1.1542,1.15435,1.15405,1.15435,195
2026-08-03 09:30,1785749400,1.15435,1.1545,1.1543,1.15435,244
2026-08-03 09:35,1785749700,1.1544,1.15455,1.15425,1.1545,321
2026-08-03 09:40,1785750000,1.15455,1.1548,1.15455,1.15475,436
2026-08-03 09:45,1785750300,1.1548,1.15495,1.15465,1.1548,432
2026-08-03 09:50,1785750600,1.1548,1.15485,1.1547,1.1547,107
2026-08-03 09:55,1785750900,1.15475,1.15475,1.15415,1.15415,429
2026-08-03 10:00,1785751200,1.15415,1.1544,1.1541,1.15435,430
2026-08-03 10:05,1785751500,1.15435,1.15435,1.15415,1.15425,360
2026-08-03 10:10,1785751800,1.1542,1.1543,1.15405,1.15415,352
2026-08-03 10:15,1785752100,1.1542,1.15435,1.15355,1.1538,2704
2026-08-03 10:20,1785752400,1.15385,1.1541,1.1538,1.1541,496
2026-08-03 10:25,1785752700,1.15415,1.1543,1.15405,1.15425,368
2026-08-03 10:30,1785753000,1.15425,1.15425,1.15395,1.1542,301
2026-08-03 10:35,1785753300,1.1542,1.15425,1.15415,1.15415,243
2026-08-03 10:40,1785753600,1.1542,1.1542,1.154,1.154,331
2026-08-03 10:45,1785753900,1.15405,1.15405,1.1539,1.154,239
2026-08-03 10:50,1785754200,1.15405,1.1544,1.154,1.1542,608
2026-08-03 10:55,1785754500,1.1542,1.15435,1.15415,1.15415,311
2026-08-03 11:00,1785754800,1.15415,1.15455,1.15415,1.15445,576
2026-08-03 11:05,1785755100,1.1545,1.1546,1.15445,1.1545,120
2026-08-03 11:10,1785755400,1.15445,1.1546,1.15445,1.1545,358
2026-08-03 11:15,1785755700,1.15445,1.1545,1.15435,1.1544,336
2026-08-03 11:20,1785756000,1.1544,1.15445,1.154,1.15405,560
2026-08-03 11:25,1785756300,1.15405,1.1542,1.154,1.15415,250
2026-08-03 11:30,1785756600,1.15415,1.15455,1.1541,1.1545,241
2026-08-03 11:35,1785756900,1.15445,1.15445,1.1543,1.15435,580
2026-08-03 11:40,1785757200,1.15435,1.15455,1.15435,1.1545,184
2026-08-03 11:45,1785757500,1.15455,1.15475,1.15455,1.15475,367
2026-08-03 11:50,1785757800,1.15475,1.1549,1.15465,1.15475,1113
2026-08-03 11:55,1785758100,1.15475,1.1552,1.15475,1.1552,560
2026-08-03 12:00,1785758400,1.1552,1.15535,1.1551,1.15525,871
2026-08-03 12:05,1785758700,1.15525,1.15545,1.15515,1.1554,444
2026-08-03 12:10,1785759000,1.1554,1.15545,1.155,1.1551,671
2026-08-03 12:15,1785759300,1.1551,1.1552,1.1549,1.15505,699
2026-08-03 12:20,1785759600,1.15495,1.1551,1.1548,1.155,526
2026-08-03 12:25,1785759900,1.155,1.15505,1.15485,1.1549,423
2026-08-03 12:30,1785760200,1.1549,1.15525,1.15485,1.15525,596
2026-08-03 12:35,1785760500,1.1552,1.1552,1.15455,1.1547,645
2026-08-03 12:40,1785760800,1.15475,1.15475,1.15435,1.1544,474
2026-08-03 12:45,1785761100,1.1544,1.15445,1.1543,1.15435,544
2026-08-03 12:50,1785761400,1.15435,1.1546,1.1542,1.1546,833
2026-08-03 12:55,1785761700,1.1546,1.15485,1.1545,1.1547,454
2026-08-03 13:00,1785762000,1.15475,1.155,1.15475,1.155,959
2026-08-03 13:05,1785762300,1.155,1.15515,1.15475,1.155,893
2026-08-03 13:10,1785762600,1.15505,1.15525,1.1548,1.1549,719
2026-08-03 13:15,1785762900,1.1549,1.1549,1.15455,1.1547,502
2026-08-03 13:20,1785763200,1.15475,1.15495,1.15445,1.1545,888
2026-08-03 13:25,1785763500,1.15455,1.15505,1.1544,1.15505,603
2026-08-03 13:30,1785763800,1.15505,1.15545,1.15495,1.15495,1114
2026-08-03 13:35,1785764100,1.15495,1.15505,1.1545,1.15455,941
2026-08-03 13:40,1785764400,1.15455,1.1549,1.1545,1.1547,447
2026-08-03 13:45,1785764700,1.15465,1.15495,1.1545,1.1546,865
2026-08-03 13:50,1785765000,1.1546,1.15475,1.1544,1.1545,1085
2026-08-03 13:55,1785765300,1.1545,1.15465,1.1541,1.15465,1254
2026-08-03 14:00,1785765600,1.1546,1.1547,1.1538,1.1541,1467
2026-08-03 14:05,1785765900,1.1541,1.1544,1.15375,1.1538,2207
2026-08-03 14:10,1785766200,1.1538,1.154,1.15355,1.1536,1765
2026-08-03 14:15,1785766500,1.1536,1.15425,1.15355,1.1536,1492
2026-08-03 14:20,1785766800,1.15355,1.154,1.15355,1.15385,1331
2026-08-03 14:25,1785767100,1.15385,1.1539,1.1534,1.15345,1204
2026-08-03 14:30,1785767400,1.1535,1.15365,1.15335,1.1536,1056
2026-08-03 14:35,1785767700,1.15365,1.1537,1.1534,1.15345,1263
2026-08-03 14:40,1785768000,1.15345,1.15345,1.15295,1.15325,1500
2026-08-03 14:45,1785768300,1.15325,1.1534,1.15305,1.1533,702
2026-08-03 14:50,1785768600,1.1533,1.15355,1.1531,1.1533,1012
2026-08-03 14:55,1785768900,1.1533,1.1535,1.1531,1.15335,2228
2026-08-03 15:00,1785769200,1.1533,1.15335,1.1527,1.15275,2712
2026-08-03 15:05,1785769500,1.15275,1.15305,1.15245,1.1525,2289
2026-08-03 15:10,1785769800,1.1525,1.1526,1.15215,1.15225,2665
2026-08-03 15:15,1785770100,1.15225,1.15245,1.1522,1.1524,733
2026-08-03 15:20,1785770400,1.15245,1.15265,1.1523,1.1526,992
2026-08-03 15:25,1785770700,1.15255,1.1526,1.1522,1.15235,2295
2026-08-03 15:30,1785771000,1.1524,1.1525,1.152,1.1524,2485
2026-08-03 15:35,1785771300,1.15245,1.15255,1.152,1.1523,2685
2026-08-03 15:40,1785771600,1.15235,1.15245,1.15225,1.1523,735
2026-08-03 15:45,1785771900,1.1523,1.15255,1.1523,1.1524,811
2026-08-03 15:50,1785772200,1.15245,1.15275,1.1524,1.1527,544
2026-08-03 15:55,1785772500,1.1527,1.1529,1.15265,1.15285,442
2026-08-03 16:00,1785772800,1.1529,1.15295,1.15275,1.15285,611
2026-08-03 16:05,1785773100,1.15285,1.1529,1.15255,1.1528,328
2026-08-03 16:10,1785773400,1.15285,1.153,1.15265,1.15275,1158
2026-08-03 16:15,1785773700,1.15275,1.1528,1.1524,1.1525,1080
2026-08-03 16:20,1785774000,1.1525,1.1527,1.1525,1.15265,263
2026-08-03 16:25,1785774300,1.15265,1.1528,1.1525,1.1525,403
2026-08-03 16:30,1785774600,1.1525,1.15265,1.1524,1.1526,353
2026-08-03 16:35,1785774900,1.1526,1.15265,1.1525,1.15265,206
2026-08-03 16:40,1785775200,1.1527,1.15275,1.1526,1.15265,159
2026-08-03 16:45,1785775500,1.15265,1.1527,1.15245,1.1525,181
2026-08-03 16:50,1785775800,1.15255,1.1527,1.1525,1.15265,162
2026-08-03 16:55,1785776100,1.15265,1.15275,1.1525,1.1526,303
2026-08-03 17:00,1785776400,1.1526,1.1526,1.1523,1.15235,524
2026-08-03 17:05,1785776700,1.1524,1.1525,1.1523,1.1523,496
2026-08-03 17:10,1785777000,1.1523,1.15235,1.15225,1.1523,204
2026-08-03 17:15,1785777300,1.1523,1.15235,1.15215,1.15225,254
2026-08-03 17:20,1785777600,1.15225,1.1523,1.15225,1.15225,108
2026-08-03 17:25,1785777900,1.1522,1.1523,1.1522,1.1523,595
2026-08-03 17:30,1785778200,1.1523,1.15245,1.15225,1.15235,1350
2026-08-03 17:35,1785778500,1.15235,1.1524,1.1522,1.15225,409
2026-08-03 17:40,1785778800,1.1523,1.15235,1.15225,1.15235,334
2026-08-03 17:45,1785779100,1.15235,1.15255,1.15235,1.1524,369
2026-08-03 17:50,1785779400,1.1524,1.15245,1.1522,1.15225,283
2026-08-03 17:55,1785779700,1.15225,1.1523,1.15205,1.1521,229
2026-08-03 18:00,1785780000,1.1521,1.15225,1.1521,1.15215,423
2026-08-03 18:05,1785780300,1.1522,1.1525,1.1522,1.15245,149
2026-08-03 18:10,1785780600,1.1525,1.15255,1.1524,1.1524,187
2026-08-03 18:15,1785780900,1.15245,1.1529,1.15245,1.1529,485
2026-08-03 18:20,1785781200,1.1529,1.153,1.1528,1.15285,328
2026-08-03 18:25,1785781500,1.1528,1.15295,1.1528,1.1529,289
2026-08-03 18:30,1785781800,1.15285,1.153,1.15285,1.1529,272
2026-08-03 18:35,1785782100,1.1529,1.15295,1.1528,1.15285,293
2026-08-03 18:40,1785782400,1.15285,1.15315,1.1528,1.15315,505
2026-08-03 18:45,1785782700,1.1531,1.1532,1.15305,1.1532,476
2026-08-03 18:50,1785783000,1.1532,1.15345,1.1532,1.15335,1086
2026-08-03 18:55,1785783300,1.1533,1.1534,1.1532,1.1533,4423
2026-08-03 19:00,1785783600,1.15325,1.1534,1.15315,1.15335,1271
2026-08-03 19:05,1785783900,1.1534,1.1534,1.15315,1.15325,633
2026-08-03 19:10,1785784200,1.15325,1.15335,1.15325,1.1533,424
2026-08-03 19:15,1785784500,1.15325,1.15335,1.15315,1.1532,326
2026-08-03 19:20,1785784800,1.1532,1.15325,1.15315,1.15325,178
2026-08-03 19:25,1785785100,1.1532,1.1533,1.15315,1.15315,144
2026-08-03 19:30,1785785400,1.15315,1.15315,1.153,1.15315,199
2026-08-03 19:35,1785785700,1.1532,1.15325,1.1531,1.15315,129
2026-08-03 19:40,1785786000,1.15315,1.15325,1.1531,1.1532,284
2026-08-03 19:45,1785786300,1.15315,1.15325,1.15305,1.15325,87
2026-08-03 19:50,1785786600,1.1532,1.15325,1.1531,1.1531,59
2026-08-03 19:55,1785786900,1.15315,1.15315,1.1529,1.15295,450
2026-08-03 20:00,1785787200,1.15295,1.153,1.15285,1.153,220
2026-08-03 20:05,1785787500,1.15295,1.153,1.15285,1.15285,215
2026-08-03 20:10,1785787800,1.1529,1.15295,1.1526,1.1527,1176
2026-08-03 20:15,1785788100,1.1527,1.1527,1.15255,1.1527,433
2026-08-03 20:20,1785788400,1.1527,1.15295,1.15265,1.15285,447
2026-08-03 20:25,1785788700,1.1528,1.1528,1.1526,1.1526,163
2026-08-03 20:30,1785789000,1.1527,1.15285,1.15265,1.15285,70
2026-08-03 20:35,1785789300,1.15285,1.15295,1.15275,1.1528,55
2026-08-03 20:40,1785789600,1.15285,1.1529,1.1528,1.1529,33
2026-08-03 20:45,1785789900,1.1529,1.1529,1.15285,1.15285,37
2026-08-03 20:50,1785790200,1.15285,1.1529,1.1527,1.15275,223
2026-08-03 20:55,1785790500,1.15275,1.15285,1.15275,1.1528,60
2026-08-03 22:00,1785794400,1.1528,1.15315,1.1526,1.1526,0
2026-08-03 22:05,1785794700,1.1526,1.15265,1.1526,1.1526,21
2026-08-03 22:10,1785795000,1.1527,1.1527,1.15255,1.1526,47
2026-08-03 22:15,1785795300,1.15265,1.15275,1.1526,1.15265,55
2026-08-03 22:20,1785795600,1.15265,1.1527,1.15265,1.15265,10
2026-08-03 22:25,1785795900,1.15265,1.15265,1.15255,1.15255,94
2026-08-03 22:30,1785796200,1.15255,1.15275,1.15255,1.15265,59
2026-08-03 22:35,1785796500,1.1527,1.1527,1.1526,1.15265,28
2026-08-03 22:40,1785796800,1.15265,1.15275,1.1526,1.15265,75
2026-08-03 22:45,1785797100,1.15275,1.1528,1.15265,1.15275,33
2026-08-03 22:50,1785797400,1.15275,1.15285,1.15275,1.15285,57
2026-08-03 22:55,1785797700,1.15275,1.1528,1.1527,1.15275,16
2026-08-03 23:00,1785798000,1.15275,1.1528,1.1527,1.1527,35
2026-08-03 23:05,1785798300,1.1527,1.1528,1.1527,1.15275,8
2026-08-03 23:10,1785798600,1.1528,1.15285,1.15275,1.15285,9
2026-08-03 23:15,1785798900,1.15285,1.15295,1.15285,1.15285,38
2026-08-03 23:20,1785799200,1.1528,1.1529,1.1528,1.1528,13
2026-08-03 23:25,1785799500,1.1528,1.15285,1.1528,1.1528,19
2026-08-03 23:30,1785799800,1.1528,1.15285,1.15275,1.15285,38
2026-08-03 23:35,1785800100,1.1528,1.1528,1.15265,1.15275,57
2026-08-03 23:40,1785800400,1.1527,1.1527,1.1526,1.1527,186
2026-08-03 23:45,1785800700,1.1526,1.1527,1.15255,1.15265,155
2026-08-03 23:50,1785801000,1.15265,1.15265,1.15255,1.15255,40
2026-08-03 23:55,1785801300,1.15255,1.15265,1.15255,1.1526,70
2026-08-04 00:00,1785801600,1.1526,1.15305,1.1526,1.1529,264
2026-08-04 00:05,1785801900,1.15285,1.1532,1.15285,1.1532,96
2026-08-04 00:10,1785802200,1.15315,1.15325,1.1528,1.15285,789
2026-08-04 00:15,1785802500,1.15285,1.153,1.1528,1.15295,62
2026-08-04 00:20,1785802800,1.153,1.1531,1.153,1.15305,61
2026-08-04 00:25,1785803100,1.15305,1.1531,1.153,1.15305,47
2026-08-04 00:30,1785803400,1.1531,1.15325,1.153,1.15325,204
2026-08-04 00:35,1785803700,1.1533,1.15335,1.15315,1.15335,124
2026-08-04 00:40,1785804000,1.1533,1.1533,1.1531,1.15315,53
2026-08-04 00:45,1785804300,1.1531,1.1531,1.15285,1.15285,89
2026-08-04 00:50,1785804600,1.15285,1.15295,1.15275,1.1529,584
2026-08-04 00:55,1785804900,1.1529,1.1529,1.1524,1.15245,439
2026-08-04 01:00,1785805200,1.1524,1.1524,1.1521,1.15225,267
2026-08-04 01:05,1785805500,1.15235,1.1524,1.15225,1.1523,83
2026-08-04 01:10,1785805800,1.1523,1.1525,1.15225,1.15245,75
2026-08-04 01:15,1785806100,1.15245,1.15275,1.1524,1.15275,110
2026-08-04 01:20,1785806400,1.15275,1.1528,1.15265,1.1528,112
2026-08-04 01:25,1785806700,1.1528,1.15285,1.1527,1.1527,184
2026-08-04 01:30,1785807000,1.15275,1.15315,1.1527,1.1531,153
2026-08-04 01:35,1785807300,1.1531,1.15315,1.15295,1.1531,180
2026-08-04 01:40,1785807600,1.1531,1.15335,1.1531,1.15335,213
2026-08-04 01:45,1785807900,1.15335,1.15335,1.1532,1.15325,299
2026-08-04 01:50,1785808200,1.1532,1.1533,1.15305,1.15325,324
2026-08-04 01:55,1785808500,1.15325,1.15335,1.15315,1.15315,220
2026-08-04 02:00,1785808800,1.15315,1.15325,1.1529,1.1529,163
2026-08-04 02:05,1785809100,1.15285,1.15315,1.15285,1.15305,148
2026-08-04 02:10,1785809400,1.15305,1.1532,1.153,1.15315,107
2026-08-04 02:15,1785809700,1.1531,1.1532,1.1531,1.1531,66
2026-08-04 02:20,1785810000,1.1531,1.1531,1.1528,1.1528,73
2026-08-04 02:25,1785810300,1.15285,1.1529,1.1527,1.15285,54
2026-08-04 02:30,1785810600,1.1528,1.1529,1.1528,1.1529,72
2026-08-04 02:35,1785810900,1.1529,1.1531,1.15285,1.15305,56
2026-08-04 02:40,1785811200,1.153,1.153,1.15295,1.153,49
2026-08-04 02:45,1785811500,1.15305,1.15315,1.153,1.15305,46
2026-08-04 02:50,1785811800,1.15305,1.15305,1.15295,1.153,23
2026-08-04 02:55,1785812100,1.1529,1.15295,1.1527,1.15275,85
2026-08-04 03:00,1785812400,1.15275,1.15305,1.15275,1.1528,114
2026-08-04 03:05,1785812700,1.15265,1.1528,1.15265,1.15275,64
2026-08-04 03:10,1785813000,1.1528,1.1529,1.1528,1.15285,29
2026-08-04 03:15,1785813300,1.15285,1.153,1.15285,1.153,66
2026-08-04 03:20,1785813600,1.15295,1.15305,1.15295,1.15305,90
2026-08-04 03:25,1785813900,1.1531,1.15315,1.15305,1.1531,53
2026-08-04 03:30,1785814200,1.1531,1.15315,1.15305,1.15305,29
2026-08-04 03:35,1785814500,1.15315,1.1533,1.15285,1.15285,216
2026-08-04 03:40,1785814800,1.1528,1.1528,1.15265,1.15265,79
2026-08-04 03:45,1785815100,1.15275,1.1528,1.15275,1.1528,24
2026-08-04 03:50,1785815400,1.1528,1.15285,1.15275,1.15285,15
2026-08-04 03:55,1785815700,1.15285,1.15285,1.1527,1.1527,56
2026-08-04 04:05,1785816300,1.15255,1.15255,1.15255,1.15255,133
2026-08-04 04:10,1785816600,1.1526,1.1526,1.1525,1.15255,54
2026-08-04 04:15,1785816900,1.1526,1.15275,1.15255,1.1527,54
2026-08-04 04:20,1785817200,1.15265,1.1527,1.1526,1.1527,50
2026-08-04 04:25,1785817500,1.1527,1.1528,1.1527,1.1527,35
2026-08-04 04:30,1785817800,1.15275,1.1528,1.15275,1.15275,23
2026-08-04 04:35,1785818100,1.15275,1.1528,1.15275,1.1528,19
2026-08-04 04:40,1785818400,1.1528,1.15285,1.1528,1.1528,33
2026-08-04 04:45,1785818700,1.15285,1.1529,1.15285,1.15285,36
2026-08-04 04:50,1785819000,1.15285,1.15295,1.15275,1.1529,54
2026-08-04 04:55,1785819300,1.1529,1.153,1.15285,1.1529,34
2026-08-04 05:00,1785819600,1.15285,1.1529,1.15275,1.15285,70
2026-08-04 05:05,1785819900,1.1529,1.1529,1.15275,1.15275,57
2026-08-04 05:10,1785820200,1.15275,1.1528,1.15255,1.1526,95
2026-08-04 05:15,1785820500,1.1526,1.15265,1.15255,1.15265,53
2026-08-04 05:20,1785820800,1.15265,1.15275,1.1526,1.15275,47
2026-08-04 05:25,1785821100,1.1528,1.15285,1.1528,1.1528,39
2026-08-04 05:30,1785821400,1.15285,1.1529,1.1527,1.1527,62
2026-08-04 05:35,1785821700,1.15265,1.1527,1.1525,1.15255,67
2026-08-04 05:40,1785822000,1.15255,1.15255,1.15245,1.1525,178
2026-08-04 05:45,1785822300,1.1524,1.15245,1.15225,1.1524,117
2026-08-04 05:50,1785822600,1.15245,1.15245,1.15235,1.15235,100
2026-08-04 05:55,1785822900,1.1524,1.15265,1.1524,1.1526,150
2026-08-04 06:00,1785823200,1.1526,1.15265,1.15235,1.15245,449
2026-08-04 06:05,1785823500,1.1524,1.15255,1.1524,1.15245,238
2026-08-04 06:10,1785823800,1.15255,1.15265,1.1523,1.15265,369
2026-08-04 06:15,1785824100,1.15265,1.15275,1.1525,1.15255,170
2026-08-04 06:20,1785824400,1.15255,1.15285,1.15255,1.15285,134
2026-08-04 06:25,1785824700,1.15285,1.1529,1.1525,1.1525,217
2026-08-04 06:30,1785825000,1.15245,1.1527,1.15245,1.15265,81
2026-08-04 06:35,1785825300,1.1526,1.1527,1.1524,1.15245,233
2026-08-04 06:40,1785825600,1.1524,1.15245,1.1523,1.15235,173
2026-08-04 06:45,1785825900,1.1523,1.1526,1.15225,1.1525,354
2026-08-04 06:50,1785826200,1.1525,1.1525,1.1523,1.1523,249
2026-08-04 06:55,1785826500,1.1523,1.1526,1.1523,1.1526,307
2026-08-04 07:00,1785826800,1.15265,1.15285,1.1525,1.15285,483
2026-08-04 07:05,1785827100,1.1528,1.1529,1.15255,1.15275,622
2026-08-04 07:10,1785827400,1.15275,1.15285,1.1527,1.1528,193
2026-08-04 07:15,1785827700,1.15275,1.15315,1.15275,1.1531,350
2026-08-04 07:20,1785828000,1.1531,1.15355,1.1531,1.15355,560
2026-08-04 07:25,1785828300,1.15355,1.15355,1.15315,1.15315,508
2026-08-04 07:30,1785828600,1.15315,1.1533,1.15295,1.1533,395
2026-08-04 07:35,1785828900,1.15325,1.15335,1.1529,1.15305,449
2026-08-04 07:40,1785829200,1.1531,1.15315,1.1529,1.1529,131
2026-08-04 07:45,1785829500,1.15285,1.15295,1.15275,1.15285,202
2026-08-04 07:50,1785829800,1.1528,1.15315,1.15275,1.15315,306
2026-08-04 07:55,1785830100,1.1531,1.15315,1.1529,1.15295,194
2026-08-04 08:00,1785830400,1.15295,1.15325,1.1529,1.15315,242
2026-08-04 08:05,1785830700,1.1531,1.1533,1.153,1.15315,235
2026-08-04 08:10,1785831000,1.1531,1.1531,1.15275,1.1529,345
2026-08-04 08:15,1785831300,1.1528,1.15295,1.15275,1.15285,241
2026-08-04 08:20,1785831600,1.1529,1.153,1.1528,1.1528,311
2026-08-04 08:25,1785831900,1.15285,1.15315,1.15265,1.1531,829
2026-08-04 08:30,1785832200,1.15305,1.15305,1.15255,1.1527,521
2026-08-04 08:35,1785832500,1.15265,1.15275,1.15255,1.15275,246
2026-08-04 08:40,1785832800,1.15275,1.15295,1.1527,1.1528,150
2026-08-04 08:45,1785833100,1.1528,1.15285,1.15255,1.1528,248
2026-08-04 08:50,1785833400,1.15275,1.15285,1.1526,1.15265,224
2026-08-04 08:55,1785833700,1.15265,1.1527,1.1525,1.1526,265
2026-08-04 09:00,1785834000,1.1527,1.1527,1.1525,1.1525,136
2026-08-04 09:05,1785834300,1.1525,1.1525,1.1522,1.15235,392
2026-08-04 09:10,1785834600,1.15235,1.15265,1.15225,1.1526,221
2026-08-04 09:15,1785834900,1.15255,1.15265,1.15255,1.1526,107
2026-08-04 09:20,1785835200,1.15265,1.1528,1.1526,1.15275,161
2026-08-04 09:25,1785835500,1.15275,1.15305,1.15275,1.1529,195
2026-08-04 09:30,1785835800,1.15295,1.153,1.15275,1.15295,239
2026-08-04 09:35,1785836100,1.15295,1.153,1.1527,1.1527,144
2026-08-04 09:40,1785836400,1.1528,1.1528,1.1526,1.1527,68
2026-08-04 09:45,1785836700,1.1527,1.15275,1.15255,1.15275,651
2026-08-04 09:50,1785837000,1.15265,1.1527,1.15245,1.15255,140
2026-08-04 09:55,1785837300,1.15255,1.15265,1.1525,1.15265,105
2026-08-04 10:00,1785837600,1.1527,1.15285,1.15265,1.1528,379
2026-08-04 10:05,1785837900,1.15275,1.15285,1.1527,1.1528,208
2026-08-04 10:10,1785838200,1.1528,1.153,1.1528,1.1529,101
2026-08-04 10:15,1785838500,1.15285,1.15285,1.15265,1.1527,78
2026-08-04 10:20,1785838800,1.1527,1.15285,1.15265,1.1528,74
2026-08-04 10:25,1785839100,1.1528,1.1529,1.15275,1.15285,152
2026-08-04 10:30,1785839400,1.15285,1.153,1.1528,1.1528,331
2026-08-04 10:35,1785839700,1.1528,1.15295,1.15275,1.1529,116
2026-08-04 10:40,1785840000,1.1529,1.1536,1.15285,1.1533,1020
2026-08-04 10:45,1785840300,1.15335,1.1538,1.1533,1.15345,841
2026-08-04 10:50,1785840600,1.15345,1.15345,1.15325,1.1533,530
2026-08-04 10:55,1785840900,1.15325,1.1534,1.15315,1.15325,190
2026-08-04 11:00,1785841200,1.1533,1.1533,1.15305,1.1531,221
2026-08-04 11:05,1785841500,1.15315,1.15335,1.1531,1.15335,597
2026-08-04 11:10,1785841800,1.1533,1.15355,1.1533,1.1535,175
2026-08-04 11:15,1785842100,1.15355,1.1537,1.1535,1.1536,312
2026-08-04 11:20,1785842400,1.15365,1.15385,1.15365,1.1537,209
2026-08-04 11:25,1785842700,1.1537,1.15385,1.15365,1.15385,325
2026-08-04 11:30,1785843000,1.1539,1.15405,1.1537,1.15375,554
2026-08-04 11:35,1785843300,1.15375,1.1541,1.1537,1.1541,417
2026-08-04 11:40,1785843600,1.15405,1.15425,1.15365,1.15415,665
2026-08-04 11:45,1785843900,1.15415,1.15415,1.1537,1.1537,492
2026-08-04 11:50,1785844200,1.1537,1.1538,1.15345,1.15345,466
2026-08-04 11:55,1785844500,1.15345,1.15385,1.1534,1.1535,1233
2026-08-04 12:00,1785844800,1.15355,1.15375,1.15345,1.15355,615
2026-08-04 12:05,1785845100,1.1536,1.15375,1.15335,1.15335,258
2026-08-04 12:10,1785845400,1.15335,1.15345,1.1533,1.15335,399
2026-08-04 12:15,1785845700,1.1533,1.1534,1.15325,1.15335,382
2026-08-04 12:20,1785846000,1.15335,1.1536,1.15325,1.1536,608
2026-08-04 12:25,1785846300,1.1536,1.15365,1.1533,1.15335,544
2026-08-04 12:30,1785846600,1.15335,1.1539,1.15335,1.15385,510
2026-08-04 12:35,1785846900,1.15385,1.1541,1.15385,1.15405,365
2026-08-04 12:40,1785847200,1.154,1.15425,1.154,1.15405,354
2026-08-04 12:45,1785847500,1.15405,1.15405,1.15375,1.1538,433
2026-08-04 12:50,1785847800,1.1538,1.1538,1.1535,1.1535,558
2026-08-04 12:55,1785848100,1.1535,1.15355,1.15335,1.15335,578
2026-08-04 13:00,1785848400,1.1534,1.15345,1.15295,1.15305,729
2026-08-04 13:05,1785848700,1.153,1.1532,1.153,1.15315,376
2026-08-04 13:10,1785849000,1.15315,1.1533,1.1531,1.15315,265
2026-08-04 13:15,1785849300,1.1532,1.15325,1.15285,1.1529,329
2026-08-04 13:20,1785849600,1.15285,1.1538,1.15285,1.15355,3063
2026-08-04 13:25,1785849900,1.15355,1.15375,1.15345,1.15345,710
2026-08-04 13:30,1785850200,1.1534,1.15385,1.15335,1.15385,1203
2026-08-04 13:35,1785850500,1.1538,1.1544,1.15375,1.1544,2164
2026-08-04 13:40,1785850800,1.1544,1.1544,1.154,1.1542,881
2026-08-04 13:45,1785851100,1.1542,1.1545,1.154,1.15425,1190
2026-08-04 13:50,1785851400,1.15425,1.1544,1.1542,1.1543,919
2026-08-04 13:55,1785851700,1.1543,1.1544,1.15405,1.1543,1249
2026-08-04 14:00,1785852000,1.1543,1.1545,1.1541,1.1544,954
2026-08-04 14:05,1785852300,1.15445,1.15475,1.15425,1.15465,797
2026-08-04 14:10,1785852600,1.1547,1.15495,1.15465,1.1548,1091
2026-08-04 14:15,1785852900,1.15485,1.15495,1.1546,1.15465,1327
2026-08-04 14:20,1785853200,1.15465,1.15485,1.1545,1.15475,729
2026-08-04 14:25,1785853500,1.15475,1.15475,1.15455,1.15455,399
2026-08-04 14:30,1785853800,1.1546,1.15475,1.1545,1.1546,464
2026-08-04 14:35,1785854100,1.15455,1.15475,1.15425,1.1545,1157
2026-08-04 14:40,1785854400,1.1545,1.1547,1.15425,1.15425,856
2026-08-04 14:45,1785854700,1.1542,1.1542,1.1538,1.154,1192
2026-08-04 14:50,1785855000,1.154,1.15435,1.15395,1.15415,1202
2026-08-04 14:55,1785855300,1.1541,1.15425,1.15385,1.1542,1621
2026-08-04 15:00,1785855600,1.1542,1.15445,1.15405,1.15435,1418
2026-08-04 15:05,1785855900,1.1544,1.1544,1.15405,1.1541,1006
2026-08-04 15:10,1785856200,1.1541,1.1541,1.1537,1.1537,1410
2026-08-04 15:15,1785856500,1.15375,1.15375,1.15325,1.1533,1461
2026-08-04 15:20,1785856800,1.1533,1.1536,1.1533,1.1536,539
2026-08-04 15:25,1785857100,1.1536,1.1537,1.15355,1.15365,371
2026-08-04 15:30,1785857400,1.15365,1.1538,1.1535,1.1536,1128
2026-08-04 15:35,1785857700,1.1536,1.15415,1.1532,1.154,2566
2026-08-04 15:40,1785858000,1.154,1.15405,1.1539,1.15405,292
2026-08-04 15:45,1785858300,1.154,1.15415,1.15395,1.15405,1109
2026-08-04 15:50,1785858600,1.15405,1.1544,1.154,1.1544,596
2026-08-04 15:55,1785858900,1.1544,1.15455,1.1543,1.1545,444
2026-08-04 16:00,1785859200,1.15455,1.15455,1.15425,1.15425,439
2026-08-04 16:05,1785859500,1.1542,1.1542,1.154,1.15415,1304
2026-08-04 16:10,1785859800,1.1541,1.15445,1.15405,1.15405,666
2026-08-04 16:15,1785860100,1.15405,1.15405,1.15385,1.154,1222
2026-08-04 16:20,1785860400,1.154,1.15415,1.154,1.154,275
2026-08-04 16:25,1785860700,1.15395,1.15405,1.15385,1.15385,365
2026-08-04 16:30,1785861000,1.15385,1.1539,1.1536,1.1536,290
2026-08-04 16:35,1785861300,1.15365,1.1537,1.15355,1.1536,156
2026-08-04 16:40,1785861600,1.1536,1.1538,1.1536,1.15375,148
2026-08-04 16:45,1785861900,1.1538,1.15385,1.1536,1.1537,369
2026-08-04 16:50,1785862200,1.15365,1.15375,1.15355,1.1536,705
2026-08-04 16:55,1785862500,1.1536,1.1538,1.15355,1.15375,289
2026-08-04 17:00,1785862800,1.15375,1.1541,1.15375,1.1541,432
2026-08-04 17:05,1785863100,1.1541,1.15415,1.154,1.154,156
2026-08-04 17:10,1785863400,1.15395,1.1541,1.1539,1.1541,302
2026-08-04 17:15,1785863700,1.1541,1.1541,1.1539,1.154,601
2026-08-04 17:20,1785864000,1.154,1.15415,1.15385,1.15395,376
2026-08-04 17:25,1785864300,1.154,1.1541,1.15395,1.15395,224
2026-08-04 17:30,1785864600,1.15395,1.15405,1.15395,1.154,228
2026-08-04 17:35,1785864900,1.154,1.15415,1.154,1.15415,212
2026-08-04 17:40,1785865200,1.1542,1.1545,1.1542,1.15445,402
2026-08-04 17:45,1785865500,1.15445,1.15455,1.15435,1.15445,339
2026-08-04 17:50,1785865800,1.15445,1.15445,1.15425,1.15435,235
2026-08-04 17:55,1785866100,1.15435,1.1545,1.1543,1.1543,423
2026-08-04 18:00,1785866400,1.1543,1.15435,1.15425,1.15435,254
2026-08-04 18:05,1785866700,1.1544,1.15455,1.1544,1.1544,325
2026-08-04 18:10,1785867000,1.1544,1.1544,1.1542,1.1543,138
2026-08-04 18:15,1785867300,1.1543,1.1543,1.15415,1.15425,86
2026-08-04 18:20,1785867600,1.15425,1.1544,1.15425,1.1544,384
2026-08-04 18:25,1785867900,1.1544,1.15445,1.1543,1.15435,106
2026-08-04 18:30,1785868200,1.1544,1.15445,1.1543,1.15435,198
2026-08-04 18:35,1785868500,1.1544,1.15445,1.1544,1.15445,69
2026-08-04 18:40,1785868800,1.1545,1.15465,1.1544,1.15465,193
2026-08-04 18:45,1785869100,1.1546,1.15465,1.15455,1.15465,165
2026-08-04 18:50,1785869400,1.15465,1.15515,1.15465,1.15505,1123
2026-08-04 18:55,1785869700,1.155,1.1553,1.155,1.1552,1595
2026-08-04 19:00,1785870000,1.1552,1.1552,1.15505,1.15505,690
2026-08-04 19:05,1785870300,1.15505,1.15525,1.155,1.1552,325
2026-08-04 19:10,1785870600,1.1552,1.1552,1.155,1.155,156
2026-08-04 19:15,1785870900,1.155,1.15505,1.15495,1.15495,176
2026-08-04 19:20,1785871200,1.15495,1.155,1.1549,1.15495,189
2026-08-04 19:25,1785871500,1.15495,1.1551,1.1549,1.1551,216
2026-08-04 19:30,1785871800,1.15515,1.15515,1.15495,1.15495,330
2026-08-04 19:35,1785872100,1.15495,1.15515,1.15495,1.1551,188
2026-08-04 19:40,1785872400,1.15505,1.1551,1.155,1.155,157
2026-08-04 19:45,1785872700,1.155,1.155,1.15495,1.155,283
2026-08-04 19:50,1785873000,1.155,1.15505,1.15485,1.1549,185
2026-08-04 19:55,1785873300,1.15495,1.1551,1.15485,1.155,349
2026-08-04 20:00,1785873600,1.155,1.1551,1.1549,1.15505,257
2026-08-04 20:05,1785873900,1.15505,1.1551,1.155,1.155,251
2026-08-04 20:10,1785874200,1.15505,1.1551,1.15495,1.15505,86
2026-08-04 20:15,1785874500,1.15505,1.1552,1.155,1.1551,98
2026-08-04 20:20,1785874800,1.1551,1.15525,1.1551,1.1552,305
2026-08-04 20:25,1785875100,1.15525,1.1553,1.15515,1.15515,121
2026-08-04 20:30,1785875400,1.15515,1.1552,1.1551,1.1552,54
2026-08-04 20:35,1785875700,1.1551,1.15515,1.15505,1.15505,33
2026-08-04 20:40,1785876000,1.15505,1.15505,1.15495,1.155,66
2026-08-04 20:45,1785876300,1.15495,1.1551,1.15495,1.1551,61
2026-08-04 20:50,1785876600,1.15505,1.15515,1.15495,1.1551,343
2026-08-04 20:55,1785876900,1.15505,1.1553,1.15505,1.15505,482
2026-08-04 22:00,1785880800,1.15495,1.155,1.1548,1.15495,0
2026-08-04 22:05,1785881100,1.15495,1.15495,1.1549,1.1549,66
2026-08-04 22:10,1785881400,1.15495,1.155,1.15495,1.155,25
2026-08-04 22:15,1785881700,1.155,1.155,1.1549,1.15495,24
2026-08-04 22:20,1785882000,1.1549,1.15495,1.15485,1.15485,21
2026-08-04 22:25,1785882300,1.15485,1.15495,1.15485,1.1549,22
2026-08-04 22:30,1785882600,1.15495,1.15505,1.15495,1.15505,43
2026-08-04 22:35,1785882900,1.15505,1.15505,1.155,1.15505,17
2026-08-04 22:40,1785883200,1.1551,1.1551,1.15505,1.15505,53
2026-08-04 22:45,1785883500,1.1551,1.1551,1.15495,1.155,144
2026-08-04 22:50,1785883800,1.155,1.1551,1.155,1.15505,12
2026-08-04 22:55,1785884100,1.15505,1.1551,1.155,1.1551,26
2026-08-04 23:00,1785884400,1.1551,1.1551,1.15485,1.155,132
2026-08-04 23:05,1785884700,1.15495,1.1552,1.15495,1.1551,81
2026-08-04 23:10,1785885000,1.1551,1.1551,1.155,1.15505,73
2026-08-04 23:15,1785885300,1.155,1.155,1.1549,1.1549,40
2026-08-04 23:20,1785885600,1.1549,1.15495,1.1549,1.15495,23
2026-08-04 23:25,1785885900,1.1549,1.15495,1.15485,1.15485,41
2026-08-04 23:30,1785886200,1.1549,1.15495,1.1549,1.1549,21
2026-08-04 23:35,1785886500,1.15485,1.1549,1.1548,1.15485,56
2026-08-04 23:40,1785886800,1.1549,1.1549,1.1548,1.1548,53
2026-08-04 23:45,1785887100,1.1549,1.15495,1.1549,1.15495,34
2026-08-04 23:50,1785887400,1.155,1.15505,1.1549,1.1549,16
2026-08-04 23:55,1785887700,1.1549,1.1551,1.1549,1.15505,57
2026-08-05 00:00,1785888000,1.15505,1.15525,1.155,1.15515,142
2026-08-05 00:05,1785888300,1.1552,1.1553,1.1552,1.1552,83
2026-08-05 00:10,1785888600,1.15515,1.15515,1.155,1.1551,70
2026-08-05 00:15,1785888900,1.1551,1.15525,1.1551,1.15515,45
2026-08-05 00:20,1785889200,1.15515,1.15535,1.1551,1.15525,87
2026-08-05 00:25,1785889500,1.1553,1.1553,1.1552,1.1553,43
2026-08-05 00:30,1785889800,1.1553,1.15545,1.1552,1.15525,63
2026-08-05 00:35,1785890100,1.15525,1.15525,1.1551,1.15525,28
2026-08-05 00:40,1785890400,1.15525,1.15535,1.1551,1.1551,56
2026-08-05 00:45,1785890700,1.15505,1.15505,1.15485,1.15485,139
2026-08-05 00:50,1785891000,1.15485,1.15515,1.15485,1.15515,211
2026-08-05 00:55,1785891300,1.15515,1.15515,1.1549,1.15495,134
2026-08-05 01:00,1785891600,1.155,1.155,1.15475,1.1548,89
2026-08-05 01:05,1785891900,1.1548,1.15505,1.1548,1.155,103
2026-08-05 01:10,1785892200,1.155,1.155,1.15475,1.1548,113
2026-08-05 01:15,1785892500,1.1549,1.155,1.15485,1.155,59
2026-08-05 01:20,1785892800,1.155,1.155,1.1546,1.1546,80
2026-08-05 01:25,1785893100,1.1546,1.15465,1.1545,1.15465,145
2026-08-05 01:30,1785893400,1.1547,1.1547,1.1546,1.15465,59
2026-08-05 01:35,1785893700,1.15465,1.15465,1.1545,1.1545,29
2026-08-05 01:40,1785894000,1.1546,1.15465,1.15455,1.1546,48
2026-08-05 01:45,1785894300,1.15465,1.1547,1.15455,1.15455,115
2026-08-05 01:50,1785894600,1.15455,1.1547,1.15455,1.1546,37
2026-08-05 01:55,1785894900,1.15465,1.15465,1.15455,1.15455,61
2026-08-05 02:00,1785895200,1.15455,1.15495,1.1545,1.15475,206
2026-08-05 02:05,1785895500,1.1547,1.15495,1.1547,1.1549,108
2026-08-05 02:10,1785895800,1.15485,1.15485,1.1547,1.15485,34
2026-08-05 02:15,1785896100,1.1548,1.1549,1.1548,1.1549,34
2026-08-05 02:20,1785896400,1.15495,1.1552,1.15495,1.15515,113
2026-08-05 02:25,1785896700,1.15515,1.15535,1.15515,1.1552,127
2026-08-05 02:30,1785897000,1.15515,1.15535,1.15515,1.15525,108
2026-08-05 02:35,1785897300,1.15525,1.15565,1.15525,1.1555,422
2026-08-05 02:40,1785897600,1.1555,1.1559,1.1555,1.15585,315
2026-08-05 02:45,1785897900,1.1559,1.15595,1.1556,1.15565,156
2026-08-05 02:50,1785898200,1.15565,1.15565,1.1555,1.1556,117
2026-08-05 02:55,1785898500,1.1556,1.1556,1.15535,1.15535,195
2026-08-05 03:00,1785898800,1.15535,1.1556,1.15535,1.1556,59
2026-08-05 03:05,1785899100,1.15555,1.1559,1.15555,1.1559,224
2026-08-05 03:10,1785899400,1.15585,1.1559,1.1558,1.15585,82
2026-08-05 03:15,1785899700,1.1558,1.1559,1.15575,1.15575,69
2026-08-05 03:20,1785900000,1.15575,1.15575,1.1557,1.15575,51
2026-08-05 03:25,1785900300,1.1557,1.1557,1.1556,1.15565,54
2026-08-05 03:30,1785900600,1.1556,1.1556,1.1555,1.1555,22
2026-08-05 03:35,1785900900,1.1555,1.1555,1.15545,1.15545,35
2026-08-05 03:40,1785901200,1.15545,1.15545,1.1554,1.1554,55
2026-08-05 03:45,1785901500,1.15545,1.15555,1.15545,1.1555,40
2026-08-05 03:50,1785901800,1.15555,1.1556,1.15555,1.15555,33
2026-08-05 03:55,1785902100,1.1555,1.1556,1.1555,1.1556,39
2026-08-05 04:10,1785903000,1.1557,1.15575,1.1557,1.1557,172
2026-08-05 04:15,1785903300,1.1557,1.15585,1.1557,1.1558,43
2026-08-05 04:20,1785903600,1.1558,1.1559,1.1558,1.15585,33
2026-08-05 04:25,1785903900,1.15585,1.15585,1.15575,1.1558,49
2026-08-05 04:30,1785904200,1.1558,1.15585,1.1557,1.1557,29
2026-08-05 04:35,1785904500,1.15575,1.1558,1.1556,1.15565,52
2026-08-05 04:40,1785904800,1.1556,1.1557,1.15555,1.15555,52
2026-08-05 04:45,1785905100,1.15555,1.15565,1.15555,1.15555,36
2026-08-05 04:50,1785905400,1.1555,1.1555,1.1554,1.1554,41
2026-08-05 04:55,1785905700,1.1554,1.1555,1.1553,1.15545,185
2026-08-05 05:00,1785906000,1.15545,1.15545,1.15505,1.1551,189
2026-08-05 05:05,1785906300,1.15515,1.1552,1.15505,1.15515,43
2026-08-05 05:10,1785906600,1.15515,1.15525,1.1551,1.15525,132
2026-08-05 05:15,1785906900,1.15525,1.15525,1.1552,1.1552,59
2026-08-05 05:20,1785907200,1.15525,1.15525,1.1552,1.15525,47
2026-08-05 05:25,1785907500,1.1553,1.1554,1.15525,1.1553,45
2026-08-05 05:30,1785907800,1.1553,1.15555,1.1553,1.15535,102
2026-08-05 05:35,1785908100,1.15535,1.15555,1.15535,1.1555,50
2026-08-05 05:40,1785908400,1.15545,1.1555,1.1554,1.1554,60
2026-08-05 05:45,1785908700,1.15545,1.15565,1.1554,1.1555,94
2026-08-05 05:50,1785909000,1.1555,1.1556,1.1553,1.1554,84
2026-08-05 05:55,1785909300,1.15545,1.15555,1.15545,1.15545,89
2026-08-05 06:00,1785909600,1.15545,1.15555,1.15535,1.15555,300
2026-08-05 06:05,1785909900,1.1556,1.1556,1.15545,1.1555,98
2026-08-05 06:10,1785910200,1.1555,1.1556,1.1555,1.1555,90
2026-08-05 06:15,1785910500,1.1555,1.1555,1.1551,1.15525,197
2026-08-05 06:20,1785910800,1.15525,1.15545,1.1552,1.1553,171
2026-08-05 06:25,1785911100,1.15525,1.15535,1.1552,1.15535,289
2026-08-05 06:30,1785911400,1.15535,1.15535,1.15515,1.15535,154
2026-08-05 06:35,1785911700,1.1554,1.15585,1.15535,1.15585,386
2026-08-05 06:40,1785912000,1.1558,1.1561,1.15575,1.15605,404
2026-08-05 06:45,1785912300,1.1561,1.1564,1.1561,1.1563,586
2026-08-05 06:50,1785912600,1.15625,1.15645,1.1562,1.1562,219
2026-08-05 06:55,1785912900,1.1562,1.1564,1.1562,1.1563,394
2026-08-05 07:00,1785913200,1.1563,1.1565,1.1561,1.1561,672
2026-08-05 07:05,1785913500,1.1561,1.1562,1.15585,1.156,401
2026-08-05 07:10,1785913800,1.156,1.15605,1.15565,1.1557,232
2026-08-05 07:15,1785914100,1.1557,1.15585,1.1557,1.1557,301
2026-08-05 07:20,1785914400,1.1557,1.156,1.15565,1.1557,395
2026-08-05 07:25,1785914700,1.15565,1.15565,1.15525,1.15525,442
2026-08-05 07:30,1785915000,1.1553,1.15555,1.15525,1.15545,490
2026-08-05 07:35,1785915300,1.15545,1.15555,1.1554,1.1555,225
2026-08-05 07:40,1785915600,1.1555,1.15565,1.1554,1.15545,203
2026-08-05 07:45,1785915900,1.1554,1.1555,1.1553,1.1555,212
2026-08-05 07:50,1785916200,1.1555,1.1556,1.15535,1.1554,308
2026-08-05 07:55,1785916500,1.15545,1.1558,1.15545,1.15565,187
2026-08-05 08:00,1785916800,1.15565,1.15585,1.1556,1.15575,279
2026-08-05 08:05,1785917100,1.15575,1.15575,1.1556,1.1556,81
2026-08-05 08:10,1785917400,1.1557,1.1558,1.15545,1.15545,607
2026-08-05 08:15,1785917700,1.1555,1.15595,1.1555,1.1559,331
2026-08-05 08:20,1785918000,1.1559,1.1561,1.1559,1.15595,395
2026-08-05 08:25,1785918300,1.15595,1.1562,1.15595,1.15615,525
2026-08-05 08:30,1785918600,1.1562,1.1563,1.156,1.156,718
2026-08-05 08:35,1785918900,1.156,1.1561,1.1557,1.1557,434
2026-08-05 08:40,1785919200,1.15565,1.15565,1.1552,1.15535,1102
2026-08-05 08:45,1785919500,1.1553,1.1553,1.15495,1.15515,451
2026-08-05 08:50,1785919800,1.1552,1.1553,1.1551,1.1552,218
2026-08-05 08:55,1785920100,1.1552,1.15555,1.1552,1.15535,354
2026-08-05 09:00,1785920400,1.15545,1.1556,1.1552,1.15525,840
2026-08-05 09:05,1785920700,1.1553,1.1557,1.15525,1.1556,221
2026-08-05 09:10,1785921000,1.1556,1.15565,1.15545,1.1556,228
2026-08-05 09:15,1785921300,1.1556,1.15575,1.1555,1.15575,188
2026-08-05 09:20,1785921600,1.15575,1.1559,1.15565,1.15575,466
2026-08-05 09:25,1785921900,1.1558,1.156,1.1558,1.1558,311
2026-08-05 09:30,1785922200,1.15585,1.156,1.15565,1.15595,539
2026-08-05 09:35,1785922500,1.1559,1.1561,1.1559,1.15605,179
2026-08-05 09:40,1785922800,1.156,1.1561,1.15595,1.15605,171
2026-08-05 09:45,1785923100,1.156,1.156,1.1559,1.15595,91
2026-08-05 09:50,1785923400,1.15595,1.156,1.1559,1.15595,114
2026-08-05 09:55,1785923700,1.15595,1.156,1.15585,1.15585,141
2026-08-05 10:00,1785924000,1.15585,1.1559,1.1556,1.15585,370
2026-08-05 10:05,1785924300,1.15585,1.15585,1.1557,1.1557,183
2026-08-05 10:10,1785924600,1.15565,1.15565,1.15535,1.1555,397
2026-08-05 10:15,1785924900,1.1555,1.1559,1.15545,1.15585,324
2026-08-05 10:20,1785925200,1.1559,1.1559,1.1556,1.15565,124
2026-08-05 10:25,1785925500,1.15565,1.15565,1.15555,1.1556,193
2026-08-05 10:30,1785925800,1.15565,1.1558,1.1555,1.15555,284
2026-08-05 10:35,1785926100,1.1555,1.1557,1.1555,1.15565,102
2026-08-05 10:40,1785926400,1.15565,1.1557,1.1555,1.15565,259
2026-08-05 10:45,1785926700,1.15565,1.15565,1.1555,1.15555,139
2026-08-05 10:50,1785927000,1.1555,1.15565,1.15545,1.15565,202
2026-08-05 10:55,1785927300,1.1556,1.1559,1.1556,1.1558,118
2026-08-05 11:00,1785927600,1.15585,1.15605,1.15585,1.15605,251
2026-08-05 11:05,1785927900,1.156,1.1562,1.156,1.15615,287
2026-08-05 11:10,1785928200,1.15615,1.1565,1.15615,1.15645,423
2026-08-05 11:15,1785928500,1.15645,1.1566,1.1562,1.1566,503
2026-08-05 11:20,1785928800,1.1566,1.15675,1.15655,1.1566,297
2026-08-05 11:25,1785929100,1.1566,1.157,1.1566,1.15665,550
2026-08-05 11:30,1785929400,1.15665,1.157,1.15655,1.15695,663
2026-08-05 11:35,1785929700,1.15695,1.1573,1.15695,1.1572,812
2026-08-05 11:40,1785930000,1.1572,1.15735,1.1571,1.15715,448
2026-08-05 11:45,1785930300,1.1571,1.1572,1.1568,1.1568,265
2026-08-05 11:50,1785930600,1.1568,1.15695,1.15675,1.1569,205
2026-08-05 11:55,1785930900,1.1569,1.1572,1.15685,1.15715,622
2026-08-05 12:00,1785931200,1.1571,1.1573,1.1571,1.1572,608
2026-08-05 12:05,1785931500,1.15725,1.15735,1.1571,1.15725,419
2026-08-05 12:10,1785931800,1.1572,1.1573,1.15695,1.15705,407
2026-08-05 12:15,1785932100,1.1571,1.15755,1.1571,1.1574,991
2026-08-05 12:20,1785932400,1.1574,1.15755,1.1573,1.1575,516
2026-08-05 12:25,1785932700,1.15745,1.1575,1.1572,1.1572,702
2026-08-05 12:30,1785933000,1.1572,1.1573,1.15685,1.1569,1515
2026-08-05 12:35,1785933300,1.1569,1.1573,1.1569,1.1571,582
2026-08-05 12:40,1785933600,1.1571,1.1571,1.15665,1.15665,679
2026-08-05 12:45,1785933900,1.15665,1.1568,1.15655,1.15675,1277
2026-08-05 12:50,1785934200,1.15675,1.15685,1.1565,1.15655,378
2026-08-05 12:55,1785934500,1.15655,1.1566,1.15635,1.1564,374
2026-08-05 13:00,1785934800,1.1564,1.1566,1.1561,1.15645,3104
2026-08-05 13:05,1785935100,1.1565,1.1566,1.1564,1.15645,279
2026-08-05 13:10,1785935400,1.15645,1.1565,1.15635,1.1564,284
2026-08-05 13:15,1785935700,1.15645,1.15675,1.1564,1.15655,696
2026-08-05 13:20,1785936000,1.15655,1.15685,1.15645,1.1568,590
2026-08-05 13:25,1785936300,1.15685,1.1572,1.1568,1.15705,716
2026-08-05 13:30,1785936600,1.15705,1.15725,1.1569,1.15705,696
2026-08-05 13:35,1785936900,1.15705,1.1571,1.15635,1.15685,2532
2026-08-05 13:40,1785937200,1.1568,1.1568,1.15635,1.15645,1055
2026-08-05 13:45,1785937500,1.1564,1.15645,1.15585,1.15605,1153
2026-08-05 13:50,1785937800,1.15605,1.1563,1.15585,1.1563,954
2026-08-05 13:55,1785938100,1.1563,1.15645,1.156,1.1562,1039
2026-08-05 14:00,1785938400,1.15615,1.15675,1.15575,1.15655,1307
2026-08-05 14:05,1785938700,1.15665,1.15745,1.1566,1.15705,1364
2026-08-05 14:10,1785939000,1.1571,1.15735,1.1568,1.1572,2249
2026-08-05 14:15,1785939300,1.15715,1.15755,1.15715,1.1574,1320
2026-08-05 14:20,1785939600,1.1574,1.15745,1.15705,1.15715,822
2026-08-05 14:25,1785939900,1.1572,1.15735,1.15685,1.1569,1499
2026-08-05 14:30,1785940200,1.15685,1.1569,1.1566,1.1566,730
2026-08-05 14:35,1785940500,1.15665,1.15685,1.1566,1.1567,403
2026-08-05 14:40,1785940800,1.1567,1.15715,1.15665,1.157,1224
2026-08-05 14:45,1785941100,1.157,1.15705,1.15675,1.15685,629
2026-08-05 14:50,1785941400,1.15685,1.157,1.15635,1.1566,1655
2026-08-05 14:55,1785941700,1.1566,1.15725,1.15635,1.1572,1846
2026-08-05 15:00,1785942000,1.15715,1.1575,1.15685,1.15705,2565
2026-08-05 15:05,1785942300,1.15705,1.1571,1.15685,1.157,649
2026-08-05 15:10,1785942600,1.157,1.157,1.1568,1.1568,607
2026-08-05 15:15,1785942900,1.15675,1.15675,1.15635,1.15645,781
2026-08-05 15:20,1785943200,1.15645,1.15665,1.15645,1.15645,347
2026-08-05 15:25,1785943500,1.15645,1.15675,1.15645,1.15655,608
2026-08-05 15:30,1785943800,1.1566,1.1566,1.1563,1.15635,536
2026-08-05 15:35,1785944100,1.15635,1.15685,1.1563,1.15685,489
2026-08-05 15:40,1785944400,1.15685,1.1569,1.1567,1.1568,300
2026-08-05 15:45,1785944700,1.15675,1.1568,1.15615,1.15615,522
2026-08-05 15:50,1785945000,1.15615,1.1564,1.15615,1.1564,411
2026-08-05 15:55,1785945300,1.15645,1.15655,1.15635,1.1565,436
2026-08-05 16:00,1785945600,1.15645,1.1566,1.1562,1.1563,910
2026-08-05 16:05,1785945900,1.15625,1.15645,1.15615,1.15645,927
2026-08-05 16:10,1785946200,1.15645,1.1566,1.1564,1.15655,177
2026-08-05 16:15,1785946500,1.15655,1.15665,1.1565,1.1566,533
2026-08-05 16:20,1785946800,1.15665,1.15675,1.15655,1.1566,458
2026-08-05 16:25,1785947100,1.1566,1.15665,1.1565,1.15665,145
2026-08-05 16:30,1785947400,1.1566,1.1566,1.15645,1.15645,175
2026-08-05 16:35,1785947700,1.15645,1.15645,1.1563,1.1563,141
2026-08-05 16:40,1785948000,1.1563,1.1564,1.15625,1.1564,80
2026-08-05 16:45,1785948300,1.1564,1.1564,1.15625,1.15635,145
2026-08-05 16:50,1785948600,1.15635,1.15655,1.15635,1.15655,707
2026-08-05 16:55,1785948900,1.1566,1.1566,1.1563,1.15645,1142
2026-08-05 17:00,1785949200,1.1565,1.15655,1.1563,1.15635,193
2026-08-05 17:05,1785949500,1.15635,1.15635,1.15615,1.1562,149
2026-08-05 17:10,1785949800,1.15615,1.1563,1.15615,1.1563,151
2026-08-05 17:15,1785950100,1.15625,1.1564,1.15625,1.1564,352
2026-08-05 17:20,1785950400,1.1564,1.1564,1.1563,1.1564,91
2026-08-05 17:25,1785950700,1.1564,1.1568,1.1564,1.1567,191
2026-08-05 17:30,1785951000,1.15675,1.15685,1.1566,1.15685,242
2026-08-05 17:35,1785951300,1.15685,1.1571,1.15685,1.1571,192
2026-08-05 17:40,1785951600,1.15705,1.15725,1.157,1.1572,197
2026-08-05 17:45,1785951900,1.15725,1.15735,1.1572,1.1572,187
2026-08-05 17:50,1785952200,1.15725,1.15735,1.15725,1.15735,330
2026-08-05 17:55,1785952500,1.15735,1.1576,1.15735,1.1575,610
2026-08-05 18:00,1785952800,1.15745,1.15765,1.1574,1.15765,486
2026-08-05 18:05,1785953100,1.1576,1.1577,1.15745,1.1575,378
2026-08-05 18:10,1785953400,1.1575,1.15765,1.15735,1.15735,263
2026-08-05 18:15,1785953700,1.15735,1.1575,1.1573,1.1575,874
2026-08-05 18:20,1785954000,1.1575,1.15765,1.15745,1.15765,259
2026-08-05 18:25,1785954300,1.15755,1.1578,1.15755,1.15775,299
2026-08-05 18:30,1785954600,1.1578,1.1578,1.15745,1.15745,322
2026-08-05 18:35,1785954900,1.15745,1.1575,1.1574,1.15745,179
2026-08-05 18:40,1785955200,1.1574,1.1574,1.15715,1.15725,690
2026-08-05 18:45,1785955500,1.1572,1.1574,1.15715,1.1573,425
2026-08-05 18:50,1785955800,1.15735,1.15735,1.1572,1.15725,634
2026-08-05 18:55,1785956100,1.1573,1.1574,1.1572,1.15725,1565
2026-08-05 19:00,1785956400,1.15725,1.1573,1.15715,1.1572,677
2026-08-05 19:05,1785956700,1.1572,1.1572,1.15705,1.15705,356
2026-08-05 19:10,1785957000,1.1571,1.1571,1.1569,1.157,227
2026-08-05 19:15,1785957300,1.15695,1.157,1.1567,1.1567,321
2026-08-05 19:20,1785957600,1.1567,1.1568,1.15665,1.1567,374
2026-08-05 19:25,1785957900,1.1567,1.15685,1.1566,1.15665,350
2026-08-05 19:30,1785958200,1.15665,1.15685,1.15665,1.1568,265
2026-08-05 19:35,1785958500,1.1568,1.1568,1.1567,1.15675,398
2026-08-05 19:40,1785958800,1.15675,1.15695,1.15675,1.15685,255
2026-08-05 19:45,1785959100,1.15685,1.15695,1.1567,1.15675,268
2026-08-05 19:50,1785959400,1.15675,1.1569,1.1567,1.15685,252
2026-08-05 19:55,1785959700,1.1569,1.15705,1.15685,1.15695,587
2026-08-05 20:00,1785960000,1.1569,1.15715,1.1569,1.15705,385
2026-08-05 20:05,1785960300,1.157,1.1571,1.15695,1.15705,33
2026-08-05 20:10,1785960600,1.157,1.15705,1.15685,1.15685,125
2026-08-05 20:15,1785960900,1.15685,1.15685,1.1568,1.15685,399
2026-08-05 20:20,1785961200,1.1568,1.15695,1.1568,1.15685,77
2026-08-05 20:25,1785961500,1.1569,1.157,1.15685,1.15695,80
2026-08-05 20:30,1785961800,1.15695,1.15725,1.1569,1.1572,86
2026-08-05 20:35,1785962100,1.15725,1.15725,1.15715,1.1572,45
2026-08-05 20:40,1785962400,1.15725,1.15725,1.157,1.15705,32
2026-08-05 20:45,1785962700,1.15705,1.15715,1.15695,1.157,111
2026-08-05 20:50,1785963000,1.15705,1.1572,1.157,1.15715,189
2026-08-05 20:55,1785963300,1.15705,1.1572,1.15705,1.1572,133
2026-08-05 22:00,1785967200,1.1572,1.1572,1.15695,1.157,0
2026-08-05 22:05,1785967500,1.157,1.157,1.1569,1.1569,40
2026-08-05 22:10,1785967800,1.157,1.1571,1.15685,1.15705,93
2026-08-05 22:15,1785968100,1.157,1.15715,1.157,1.1571,39
2026-08-05 22:20,1785968400,1.15715,1.15715,1.1571,1.1571,6
2026-08-05 22:25,1785968700,1.1571,1.15715,1.15705,1.15715,37
2026-08-05 22:30,1785969000,1.15715,1.15715,1.1571,1.15715,16
2026-08-05 22:35,1785969300,1.15715,1.15715,1.1571,1.15715,3
2026-08-05 22:40,1785969600,1.15715,1.1572,1.1571,1.15715,5
2026-08-05 22:45,1785969900,1.1572,1.1572,1.15715,1.1572,21
2026-08-05 22:50,1785970200,1.15715,1.15715,1.15715,1.15715,39
2026-08-05 22:55,1785970500,1.1571,1.1572,1.1571,1.1572,38
2026-08-05 23:00,1785970800,1.15725,1.15725,1.15715,1.15715,19
2026-08-05 23:05,1785971100,1.15715,1.15715,1.1571,1.1571,25
2026-08-05 23:10,1785971400,1.15715,1.1573,1.15715,1.1573,31
2026-08-05 23:15,1785971700,1.15725,1.1573,1.15725,1.1573,7
2026-08-05 23:20,1785972000,1.15725,1.15725,1.1572,1.15725,11
2026-08-05 23:25,1785972300,1.15725,1.15725,1.1572,1.1572,7
2026-08-05 23:30,1785972600,1.1572,1.1572,1.15715,1.15715,4
2026-08-05 23:35,1785972900,1.1572,1.1573,1.1572,1.1573,57
2026-08-05 23:40,1785973200,1.1573,1.15735,1.1572,1.1573,35
2026-08-05 23:45,1785973500,1.1573,1.15745,1.1573,1.15745,65
2026-08-05 23:50,1785973800,1.1575,1.1575,1.15745,1.15745,11
2026-08-05 23:55,1785974100,1.1574,1.1574,1.1573,1.1574,28
2026-08-06 00:00,1785974400,1.1574,1.15745,1.15725,1.1573,72
2026-08-06 00:05,1785974700,1.1573,1.1573,1.15715,1.15725,77
2026-08-06 00:10,1785975000,1.15725,1.15735,1.1572,1.1572,23
2026-08-06 00:15,1785975300,1.1573,1.15735,1.15725,1.1573,87
2026-08-06 00:20,1785975600,1.1573,1.1575,1.1573,1.1575,66
2026-08-06 00:25,1785975900,1.15745,1.15745,1.15735,1.15735,48
2026-08-06 00:30,1785976200,1.15735,1.15745,1.15735,1.15745,49
2026-08-06 00:35,1785976500,1.1575,1.1575,1.15735,1.15745,27
2026-08-06 00:40,1785976800,1.15745,1.15745,1.1573,1.15735,15
2026-08-06 00:45,1785977100,1.1574,1.1575,1.15735,1.1574,152
2026-08-06 00:50,1785977400,1.1574,1.15765,1.1574,1.15755,200
2026-08-06 00:55,1785977700,1.1576,1.1576,1.15735,1.1574,145
2026-08-06 01:00,1785978000,1.1573,1.1574,1.1572,1.15725,123
2026-08-06 01:05,1785978300,1.15725,1.1573,1.15715,1.1573,74
2026-08-06 01:10,1785978600,1.15725,1.15725,1.15705,1.1572,65
2026-08-06 01:15,1785978900,1.15725,1.15725,1.15715,1.15725,67
2026-08-06 01:20,1785979200,1.1572,1.1573,1.15715,1.1573,40
2026-08-06 01:25,1785979500,1.1573,1.15745,1.15715,1.15725,132
2026-08-06 01:30,1785979800,1.1572,1.1573,1.1572,1.1573,83
2026-08-06 01:35,1785980100,1.1573,1.15745,1.1573,1.15745,59
2026-08-06 01:40,1785980400,1.15745,1.15745,1.15735,1.15735,13
2026-08-06 01:45,1785980700,1.15735,1.15735,1.15715,1.15715,67
2026-08-06 01:50,1785981000,1.15715,1.1573,1.15715,1.1572,43
2026-08-06 01:55,1785981300,1.1572,1.15725,1.15715,1.1572,81
2026-08-06 02:00,1785981600,1.15725,1.1573,1.15725,1.1573,128
2026-08-06 02:05,1785981900,1.1573,1.15745,1.1573,1.1574,74
2026-08-06 02:10,1785982200,1.1574,1.15745,1.15725,1.1573,378
2026-08-06 02:15,1785982500,1.1573,1.1574,1.1573,1.1574,91
2026-08-06 02:20,1785982800,1.1574,1.15755,1.1574,1.1574,30
2026-08-06 02:25,1785983100,1.1574,1.1574,1.15715,1.15735,99
2026-08-06 02:30,1785983400,1.1573,1.15735,1.15725,1.15725,41
2026-08-06 02:35,1785983700,1.1573,1.1574,1.1573,1.1574,36
2026-08-06 02:40,1785984000,1.1574,1.15745,1.15735,1.15745,14
2026-08-06 02:45,1785984300,1.15745,1.15745,1.15725,1.1573,26
2026-08-06 02:50,1785984600,1.1573,1.1573,1.15725,1.1573,4
2026-08-06 02:55,1785984900,1.15725,1.15725,1.157,1.1571,233
2026-08-06 03:00,1785985200,1.157,1.15705,1.157,1.15705,17
2026-08-06 03:05,1785985500,1.15705,1.1571,1.157,1.157,44
2026-08-06 03:10,1785985800,1.157,1.157,1.15695,1.15695,30
2026-08-06 03:15,1785986100,1.15695,1.15695,1.15685,1.1569,64
2026-08-06 03:20,1785986400,1.1569,1.1569,1.15665,1.1567,112
2026-08-06 03:25,1785986700,1.15675,1.1568,1.15665,1.15675,123
2026-08-06 03:30,1785987000,1.1567,1.1568,1.1567,1.1568,79
2026-08-06 03:35,1785987300,1.15675,1.15675,1.1566,1.15665,52
2026-08-06 03:40,1785987600,1.1566,1.15665,1.1565,1.1565,92
2026-08-06 03:45,1785987900,1.15645,1.1566,1.15645,1.1566,109
2026-08-06 03:50,1785988200,1.15655,1.1566,1.1565,1.1565,17
2026-08-06 03:55,1785988500,1.15645,1.1565,1.1564,1.1565,74
2026-08-06 04:05,1785989100,1.1566,1.1566,1.1566,1.1566,59
2026-08-06 04:10,1785989400,1.15655,1.15665,1.15655,1.15665,63
2026-08-06 04:15,1785989700,1.1566,1.1566,1.1566,1.1566,11
2026-08-06 04:20,1785990000,1.15655,1.15655,1.15645,1.1565,27
2026-08-06 04:25,1785990300,1.1565,1.15655,1.1565,1.15655,76
2026-08-06 04:30,1785990600,1.15655,1.15665,1.15655,1.1566,28
2026-08-06 04:35,1785990900,1.1566,1.1566,1.1565,1.15655,70
2026-08-06 04:40,1785991200,1.1565,1.15655,1.1565,1.1565,46
2026-08-06 04:45,1785991500,1.1565,1.1565,1.15645,1.1565,57
2026-08-06 04:50,1785991800,1.15655,1.1566,1.1565,1.1565,51
2026-08-06 04:55,1785992100,1.1565,1.1566,1.1565,1.1566,67
2026-08-06 05:00,1785992400,1.1566,1.1566,1.1564,1.1564,81
2026-08-06 05:05,1785992700,1.15645,1.15645,1.15635,1.1564,55
2026-08-06 05:10,1785993000,1.1564,1.1564,1.15615,1.15625,171
2026-08-06 05:15,1785993300,1.15625,1.1563,1.15625,1.15625,28
2026-08-06 05:20,1785993600,1.15625,1.1563,1.15625,1.1563,55
2026-08-06 05:25,1785993900,1.1563,1.15635,1.1563,1.1563,56
2026-08-06 05:30,1785994200,1.15625,1.1564,1.15625,1.1564,99
2026-08-06 05:35,1785994500,1.1564,1.1566,1.1564,1.1566,214
2026-08-06 05:40,1785994800,1.15655,1.15655,1.1565,1.15655,40
2026-08-06 05:45,1785995100,1.15655,1.1566,1.1565,1.1566,41
2026-08-06 05:50,1785995400,1.1566,1.15675,1.1566,1.15675,56
2026-08-06 05:55,1785995700,1.15675,1.15675,1.1566,1.1566,149
2026-08-06 06:00,1785996000,1.1567,1.1569,1.15665,1.1568,435
2026-08-06 06:05,1785996300,1.15675,1.1568,1.1565,1.1565,227
2026-08-06 06:10,1785996600,1.1565,1.1565,1.1563,1.1564,457
2026-08-06 06:15,1785996900,1.15635,1.15645,1.1563,1.15645,194
2026-08-06 06:20,1785997200,1.1564,1.1565,1.15635,1.15645,439
2026-08-06 06:25,1785997500,1.15645,1.15645,1.1562,1.15635,262
2026-08-06 06:30,1785997800,1.1563,1.15635,1.1562,1.1562,181
2026-08-06 06:35,1785998100,1.15615,1.1562,1.1561,1.15615,193
2026-08-06 06:40,1785998400,1.15615,1.1563,1.15605,1.1563,283
2026-08-06 06:45,1785998700,1.1563,1.15645,1.15625,1.15625,106
2026-08-06 06:50,1785999000,1.1562,1.15625,1.1561,1.1561,118
2026-08-06 06:55,1785999300,1.15615,1.15625,1.15605,1.15625,193
2026-08-06 07:00,1785999600,1.1562,1.15625,1.15605,1.15615,244
2026-08-06 07:05,1785999900,1.15615,1.15625,1.1559,1.15595,677
2026-08-06 07:10,1786000200,1.15595,1.1563,1.15595,1.1562,567
2026-08-06 07:15,1786000500,1.1562,1.1564,1.15615,1.15615,221
2026-08-06 07:20,1786000800,1.1561,1.15625,1.15605,1.1561,310
2026-08-06 07:25,1786001100,1.15605,1.1562,1.156,1.15615,222
2026-08-06 07:30,1786001400,1.1562,1.1562,1.15605,1.1562,109
2026-08-06 07:35,1786001700,1.1561,1.1561,1.156,1.15605,356
2026-08-06 07:40,1786002000,1.15605,1.1563,1.15605,1.1562,366
2026-08-06 07:45,1786002300,1.15615,1.15615,1.1558,1.1559,544
2026-08-06 07:50,1786002600,1.1559,1.15615,1.1559,1.15615,436
2026-08-06 07:55,1786002900,1.1561,1.15625,1.15605,1.15615,666
2026-08-06 08:00,1786003200,1.15615,1.1562,1.1556,1.156,1674
2026-08-06 08:05,1786003500,1.15595,1.15615,1.15595,1.1561,502
2026-08-06 08:10,1786003800,1.15615,1.15625,1.15615,1.1562,164
2026-08-06 08:15,1786004100,1.1561,1.1562,1.15605,1.1562,1226
2026-08-06 08:20,1786004400,1.15615,1.1562,1.15595,1.15595,458
2026-08-06 08:25,1786004700,1.156,1.156,1.1558,1.1558,396
2026-08-06 08:30,1786005000,1.15585,1.156,1.1557,1.15595,473
2026-08-06 08:35,1786005300,1.15595,1.156,1.1558,1.15585,332
2026-08-06 08:40,1786005600,1.15585,1.15615,1.15585,1.156,234
2026-08-06 08:45,1786005900,1.15605,1.15605,1.15585,1.15585,306
2026-08-06 08:50,1786006200,1.15585,1.15615,1.15585,1.15595,367
2026-08-06 08:55,1786006500,1.156,1.15605,1.15595,1.15605,122
2026-08-06 09:00,1786006800,1.156,1.156,1.1559,1.15595,410
2026-08-06 09:05,1786007100,1.156,1.1561,1.1558,1.1558,461
2026-08-06 09:10,1786007400,1.15585,1.1561,1.15585,1.1561,265
2026-08-06 09:15,1786007700,1.15605,1.15605,1.15575,1.15585,317
2026-08-06 09:20,1786008000,1.15585,1.15605,1.1558,1.15595,520
2026-08-06 09:25,1786008300,1.15595,1.15595,1.1559,1.15595,160
2026-08-06 09:30,1786008600,1.15595,1.15605,1.15575,1.15575,359
2026-08-06 09:35,1786008900,1.1558,1.1558,1.15545,1.15565,391
2026-08-06 09:40,1786009200,1.15565,1.15565,1.15545,1.1555,242
2026-08-06 09:45,1786009500,1.1555,1.15565,1.15535,1.15565,268
2026-08-06 09:50,1786009800,1.15565,1.1557,1.1556,1.15565,236
2026-08-06 09:55,1786010100,1.1557,1.15575,1.1555,1.15555,459
2026-08-06 10:00,1786010400,1.15555,1.1556,1.15545,1.1556,217
2026-08-06 10:05,1786010700,1.15555,1.15575,1.1555,1.15575,865
2026-08-06 10:10,1786011000,1.15575,1.1558,1.15535,1.1554,978
2026-08-06 10:15,1786011300,1.15535,1.1555,1.15535,1.15545,520
2026-08-06 10:20,1786011600,1.1555,1.15575,1.1555,1.15575,272
2026-08-06 10:25,1786011900,1.15575,1.1559,1.1557,1.15585,316
2026-08-06 10:30,1786012200,1.1558,1.156,1.1558,1.1559,370
2026-08-06 10:35,1786012500,1.15585,1.1559,1.1558,1.1558,241
2026-08-06 10:40,1786012800,1.15585,1.1559,1.15575,1.15575,154
2026-08-06 10:45,1786013100,1.15575,1.1559,1.1557,1.1559,133
2026-08-06 10:50,1786013400,1.1559,1.15595,1.15565,1.1557,125
2026-08-06 10:55,1786013700,1.1557,1.1558,1.15565,1.1558,442
2026-08-06 11:00,1786014000,1.15585,1.1561,1.15585,1.156,197
2026-08-06 11:05,1786014300,1.15595,1.1562,1.15595,1.1562,284
2026-08-06 11:10,1786014600,1.15615,1.1562,1.156,1.156,285
2026-08-06 11:15,1786014900,1.15595,1.1561,1.15595,1.1561,84
2026-08-06 11:20,1786015200,1.15615,1.1562,1.156,1.1562,314
2026-08-06 11:25,1786015500,1.1562,1.1564,1.1562,1.1563,680
2026-08-06 11:30,1786015800,1.15625,1.15625,1.1561,1.1561,463
2026-08-06 11:35,1786016100,1.1561,1.1561,1.15565,1.1557,375
2026-08-06 11:40,1786016400,1.1557,1.15575,1.15555,1.15555,264
2026-08-06 11:45,1786016700,1.1556,1.15575,1.15545,1.1557,503
2026-08-06 11:50,1786017000,1.1557,1.15595,1.15565,1.1559,410
2026-08-06 11:55,1786017300,1.1559,1.1562,1.15575,1.1562,603
2026-08-06 12:00,1786017600,1.15625,1.15625,1.156,1.15605,414
2026-08-06 12:05,1786017900,1.156,1.15605,1.15585,1.15595,237
2026-08-06 12:10,1786018200,1.1559,1.15595,1.15565,1.15565,290
2026-08-06 12:15,1786018500,1.1557,1.15595,1.1557,1.15595,271
2026-08-06 12:20,1786018800,1.15595,1.156,1.15585,1.15585,474
2026-08-06 12:25,1786019100,1.1559,1.15615,1.1559,1.15595,605
2026-08-06 12:30,1786019400,1.15595,1.15625,1.1558,1.1562,689
2026-08-06 12:35,1786019700,1.15615,1.1562,1.15585,1.1559,432
2026-08-06 12:40,1786020000,1.15585,1.156,1.15575,1.1559,948
2026-08-06 12:45,1786020300,1.1559,1.1559,1.15545,1.1555,376
2026-08-06 12:50,1786020600,1.15555,1.1557,1.1554,1.1557,417
2026-08-06 12:55,1786020900,1.1557,1.1558,1.1555,1.1556,326
2026-08-06 13:00,1786021200,1.1556,1.15585,1.1556,1.1558,425
2026-08-06 13:05,1786021500,1.1558,1.1558,1.1554,1.15545,759
2026-08-06 13:10,1786021800,1.1555,1.15555,1.15525,1.1555,747
2026-08-06 13:15,1786022100,1.1555,1.15565,1.1554,1.15565,358
2026-08-06 13:20,1786022400,1.1556,1.1558,1.15555,1.1557,492
2026-08-06 13:25,1786022700,1.15565,1.15575,1.1555,1.1556,474
2026-08-06 13:30,1786023000,1.1556,1.15575,1.1555,1.1557,476
2026-08-06 13:35,1786023300,1.15565,1.1559,1.1556,1.1559,716
2026-08-06 13:40,1786023600,1.1559,1.1561,1.15585,1.15595,555
2026-08-06 13:45,1786023900,1.15595,1.15595,1.1556,1.1556,724
2026-08-06 13:50,1786024200,1.15565,1.1561,1.15565,1.1559,522
2026-08-06 13:55,1786024500,1.15595,1.1562,1.1559,1.156,778
2026-08-06 14:00,1786024800,1.156,1.1561,1.15575,1.15575,750
2026-08-06 14:05,1786025100,1.15575,1.15575,1.155,1.15515,1257
2026-08-06 14:10,1786025400,1.15515,1.1553,1.155,1.15515,788
2026-08-06 14:15,1786025700,1.15515,1.1556,1.15515,1.1555,1494
2026-08-06 14:20,1786026000,1.15545,1.15555,1.15515,1.1554,553
2026-08-06 14:25,1786026300,1.1554,1.1554,1.1551,1.15515,552
2026-08-06 14:30,1786026600,1.15515,1.15535,1.15515,1.1553,469
2026-08-06 14:35,1786026900,1.1553,1.1555,1.1551,1.1551,362
2026-08-06 14:40,1786027200,1.1551,1.15535,1.15505,1.1553,501
2026-08-06 14:45,1786027500,1.15525,1.15525,1.1549,1.1549,916
2026-08-06 14:50,1786027800,1.15495,1.15505,1.15475,1.155,751
2026-08-06 14:55,1786028100,1.155,1.1553,1.1549,1.15525,1751
2026-08-06 15:00,1786028400,1.1552,1.1553,1.15495,1.1551,1899
2026-08-06 15:05,1786028700,1.1551,1.1553,1.1549,1.15495,759
2026-08-06 15:10,1786029000,1.155,1.15505,1.15445,1.15455,879
2026-08-06 15:15,1786029300,1.1545,1.15455,1.1539,1.15395,1350
2026-08-06 15:20,1786029600,1.15395,1.15405,1.15385,1.15405,1083
2026-08-06 15:25,1786029900,1.154,1.15435,1.15395,1.1541,547
2026-08-06 15:30,1786030200,1.15405,1.1541,1.15385,1.1539,810
2026-08-06 15:35,1786030500,1.1539,1.15395,1.1537,1.1538,1321
2026-08-06 15:40,1786030800,1.15375,1.15405,1.15365,1.15395,750
2026-08-06 15:45,1786031100,1.154,1.15415,1.15395,1.15405,781
2026-08-06 15:50,1786031400,1.15405,1.1541,1.1536,1.15365,1467
2026-08-06 15:55,1786031700,1.1537,1.15395,1.15365,1.15375,679
2026-08-06 16:00,1786032000,1.15375,1.1539,1.15365,1.15385,529
2026-08-06 16:05,1786032300,1.15385,1.15395,1.15375,1.1538,548
2026-08-06 16:10,1786032600,1.1538,1.1539,1.15365,1.15375,364
2026-08-06 16:15,1786032900,1.1537,1.1537,1.1532,1.15325,1984
2026-08-06 16:20,1786033200,1.15325,1.1534,1.1532,1.1534,594
2026-08-06 16:25,1786033500,1.1534,1.1537,1.15335,1.15365,625
2026-08-06 16:30,1786033800,1.15365,1.1537,1.1535,1.1536,619
2026-08-06 16:35,1786034100,1.1536,1.15375,1.1535,1.1537,293
2026-08-06 16:40,1786034400,1.15375,1.15375,1.15335,1.1535,224
2026-08-06 16:45,1786034700,1.1535,1.1536,1.1535,1.1536,260
2026-08-06 16:50,1786035000,1.15365,1.1539,1.15365,1.1539,252
2026-08-06 16:55,1786035300,1.15395,1.154,1.1537,1.15375,285
2026-08-06 17:00,1786035600,1.1538,1.15395,1.15375,1.1538,330
2026-08-06 17:05,1786035900,1.15385,1.15385,1.15365,1.1538,200
2026-08-06 17:10,1786036200,1.15385,1.1539,1.1536,1.15365,156
2026-08-06 17:15,1786036500,1.15365,1.15365,1.1535,1.15365,178
2026-08-06 17:20,1786036800,1.15365,1.15375,1.15365,1.15375,145
2026-08-06 17:25,1786037100,1.15375,1.15375,1.15355,1.1537,951
2026-08-06 17:30,1786037400,1.1537,1.15375,1.1535,1.15365,1181
2026-08-06 17:35,1786037700,1.1537,1.1537,1.1535,1.15365,185
2026-08-06 17:40,1786038000,1.15365,1.15365,1.15355,1.1536,158
2026-08-06 17:45,1786038300,1.15365,1.1538,1.1536,1.15375,213
2026-08-06 17:50,1786038600,1.15375,1.15395,1.15375,1.15385,321
2026-08-06 17:55,1786038900,1.1539,1.154,1.15385,1.15395,269
2026-08-06 18:00,1786039200,1.154,1.15405,1.15395,1.15405,264
2026-08-06 18:05,1786039500,1.15405,1.1542,1.15405,1.15415,219
2026-08-06 18:10,1786039800,1.1541,1.15415,1.15405,1.15405,133
2026-08-06 18:15,1786040100,1.15405,1.1541,1.154,1.154,377
2026-08-06 18:20,1786040400,1.154,1.15405,1.1539,1.15395,170
2026-08-06 18:25,1786040700,1.15395,1.15395,1.15385,1.1539,70
2026-08-06 18:30,1786041000,1.15395,1.15405,1.1539,1.15395,219
2026-08-06 18:35,1786041300,1.15395,1.15395,1.1539,1.15395,86
2026-08-06 18:40,1786041600,1.15395,1.15395,1.15385,1.15395,119
2026-08-06 18:45,1786041900,1.15395,1.1541,1.15395,1.15405,212
2026-08-06 18:50,1786042200,1.15405,1.15405,1.15385,1.15395,275
2026-08-06 18:55,1786042500,1.15395,1.1541,1.15395,1.1541,802
2026-08-06 19:00,1786042800,1.1541,1.1543,1.15405,1.15425,792
2026-08-06 19:05,1786043100,1.1542,1.1543,1.1542,1.15425,159
2026-08-06 19:10,1786043400,1.15425,1.15425,1.15395,1.154,477
2026-08-06 19:15,1786043700,1.154,1.15405,1.15395,1.154,502
2026-08-06 19:20,1786044000,1.154,1.1541,1.1537,1.15375,574
2026-08-06 19:25,1786044300,1.1537,1.1538,1.1534,1.1536,1049
2026-08-06 19:30,1786044600,1.1536,1.1538,1.1535,1.15375,729
2026-08-06 19:35,1786044900,1.15375,1.15375,1.1536,1.1536,408
2026-08-06 19:40,1786045200,1.15365,1.15365,1.15355,1.1536,193
2026-08-06 19:45,1786045500,1.1536,1.15365,1.15355,1.15365,327
2026-08-06 19:50,1786045800,1.1537,1.1543,1.1537,1.1542,1244
2026-08-06 19:55,1786046100,1.1542,1.1542,1.1539,1.15405,596
2026-08-06 20:00,1786046400,1.154,1.15405,1.15395,1.15405,118
2026-08-06 20:05,1786046700,1.15405,1.1541,1.15385,1.15385,194
2026-08-06 20:10,1786047000,1.1539,1.1539,1.1538,1.15385,46
2026-08-06 20:15,1786047300,1.15385,1.15385,1.15375,1.15375,11
2026-08-06 20:20,1786047600,1.15375,1.15375,1.1536,1.1537,996
2026-08-06 20:25,1786047900,1.15365,1.15375,1.1536,1.15375,198
2026-08-06 20:30,1786048200,1.1538,1.15385,1.15375,1.15385,138
2026-08-06 20:35,1786048500,1.1539,1.1539,1.1538,1.15385,115
2026-08-06 20:40,1786048800,1.1538,1.15395,1.15375,1.15395,32
2026-08-06 20:45,1786049100,1.15385,1.154,1.15385,1.15395,50
2026-08-06 20:50,1786049400,1.15395,1.154,1.1539,1.15395,149
2026-08-06 20:55,1786049700,1.1539,1.15415,1.1539,1.15415,280
2026-08-06 22:00,1786053600,1.15385,1.15395,1.1538,1.15385,0
2026-08-06 22:05,1786053900,1.15385,1.1539,1.15375,1.1538,28
2026-08-06 22:10,1786054200,1.15375,1.15385,1.15375,1.15385,78
2026-08-06 22:15,1786054500,1.1538,1.1539,1.1538,1.15385,61
2026-08-06 22:20,1786054800,1.15385,1.1539,1.15385,1.15385,57
2026-08-06 22:25,1786055100,1.15385,1.1539,1.15385,1.15385,22
2026-08-06 22:35,1786055700,1.15385,1.15395,1.15385,1.15385,26
2026-08-06 22:40,1786056000,1.15385,1.1539,1.15385,1.1539,15
2026-08-06 22:45,1786056300,1.1539,1.1539,1.1539,1.1539,19
2026-08-06 22:50,1786056600,1.1539,1.1539,1.1539,1.1539,1
2026-08-06 22:55,1786056900,1.1539,1.1539,1.15385,1.15385,40
2026-08-06 23:00,1786057200,1.1539,1.15395,1.1539,1.15395,14
2026-08-06 23:05,1786057500,1.15395,1.154,1.15395,1.15395,45
2026-08-06 23:10,1786057800,1.15395,1.154,1.15395,1.154,25
2026-08-06 23:15,1786058100,1.154,1.15405,1.154,1.154,49
2026-08-06 23:20,1786058400,1.154,1.154,1.15395,1.15395,33
2026-08-06 23:25,1786058700,1.15395,1.154,1.15395,1.154,31
2026-08-06 23:30,1786059000,1.15395,1.15395,1.1539,1.1539,23
2026-08-06 23:35,1786059300,1.1539,1.1539,1.1539,1.1539,7
2026-08-06 23:40,1786059600,1.15395,1.154,1.15395,1.154,43
2026-08-06 23:45,1786059900,1.15405,1.1541,1.15405,1.1541,45
2026-08-06 23:50,1786060200,1.15405,1.15405,1.154,1.154,49
2026-08-06 23:55,1786060500,1.15405,1.1541,1.15405,1.1541,8
2026-08-07 00:00,1786060800,1.15405,1.15405,1.15395,1.15395,92
2026-08-07 00:05,1786061100,1.154,1.154,1.1539,1.15395,56
2026-08-07 00:10,1786061400,1.1539,1.1539,1.15375,1.1538,106
2026-08-07 00:15,1786061700,1.15385,1.15385,1.15365,1.1538,109
2026-08-07 00:20,1786062000,1.15375,1.15375,1.1537,1.15375,55
2026-08-07 00:25,1786062300,1.15375,1.1539,1.15375,1.15385,60
2026-08-07 00:30,1786062600,1.15385,1.1539,1.1538,1.1538,24
2026-08-07 00:35,1786062900,1.15385,1.15385,1.1537,1.15375,52
2026-08-07 00:40,1786063200,1.15375,1.15375,1.1537,1.15375,18
2026-08-07 00:45,1786063500,1.15375,1.1538,1.1537,1.15375,50
2026-08-07 00:50,1786063800,1.15375,1.15385,1.1537,1.15375,122
2026-08-07 00:55,1786064100,1.15375,1.1538,1.1535,1.1536,862
2026-08-07 01:00,1786064400,1.1536,1.1537,1.1535,1.15355,133
2026-08-07 01:05,1786064700,1.15355,1.15385,1.15355,1.15375,60
2026-08-07 01:10,1786065000,1.15375,1.1539,1.15375,1.15385,38
2026-08-07 01:15,1786065300,1.1538,1.15385,1.15375,1.15375,28
2026-08-07 01:20,1786065600,1.1538,1.15385,1.1538,1.15385,20
2026-08-07 01:25,1786065900,1.15385,1.15385,1.15375,1.15385,108
2026-08-07 01:30,1786066200,1.15385,1.15385,1.1537,1.1538,87
2026-08-07 01:35,1786066500,1.1538,1.1539,1.1538,1.15385,54
2026-08-07 01:40,1786066800,1.15385,1.15425,1.15385,1.1541,136
2026-08-07 01:45,1786067100,1.1541,1.1542,1.1539,1.15395,155
2026-08-07 01:50,1786067400,1.15395,1.15395,1.15385,1.1539,53
2026-08-07 01:55,1786067700,1.1539,1.15395,1.1538,1.15385,141
2026-08-07 02:00,1786068000,1.1538,1.154,1.1538,1.1539,83
2026-08-07 02:05,1786068300,1.1539,1.15395,1.1538,1.15385,39
2026-08-07 02:10,1786068600,1.1539,1.1539,1.1538,1.1538,23
2026-08-07 02:15,1786068900,1.1538,1.1538,1.15375,1.15375,66
2026-08-07 02:20,1786069200,1.15375,1.15395,1.15375,1.15395,45
2026-08-07 02:25,1786069500,1.1539,1.1539,1.15385,1.1539,11
2026-08-07 02:30,1786069800,1.1539,1.1539,1.1538,1.15385,108
2026-08-07 02:35,1786070100,1.1538,1.15385,1.15375,1.15385,32
2026-08-07 02:40,1786070400,1.1538,1.15385,1.15375,1.1538,15
2026-08-07 02:45,1786070700,1.1538,1.154,1.1538,1.154,70
2026-08-07 02:50,1786071000,1.154,1.154,1.15385,1.1539,14
2026-08-07 02:55,1786071300,1.15395,1.15395,1.15375,1.1538,37
2026-08-07 03:00,1786071600,1.15385,1.1539,1.1538,1.15385,124
2026-08-07 03:05,1786071900,1.15385,1.15385,1.1537,1.1537,28
2026-08-07 03:10,1786072200,1.15365,1.15375,1.1536,1.15375,32
2026-08-07 03:15,1786072500,1.15375,1.15375,1.1537,1.15375,11
2026-08-07 03:20,1786072800,1.1538,1.15385,1.1537,1.15385,31
2026-08-07 03:25,1786073100,1.1538,1.15385,1.1538,1.1538,7
2026-08-07 03:30,1786073400,1.1538,1.1539,1.1538,1.15385,50
2026-08-07 03:35,1786073700,1.15385,1.1539,1.15385,1.15385,45
2026-08-07 03:40,1786074000,1.15385,1.15385,1.15375,1.1538,11
2026-08-07 03:45,1786074300,1.1538,1.15385,1.1538,1.15385,11
2026-08-07 03:50,1786074600,1.15385,1.15395,1.1538,1.15395,35
2026-08-07 03:55,1786074900,1.15395,1.15395,1.1539,1.15395,46
2026-08-07 04:05,1786075500,1.15385,1.1539,1.15385,1.1539,55
2026-08-07 04:10,1786075800,1.15385,1.15395,1.15385,1.1539,13
2026-08-07 04:15,1786076100,1.1539,1.1539,1.15385,1.1539,22
2026-08-07 04:20,1786076400,1.15385,1.154,1.15385,1.15395,29
2026-08-07 04:25,1786076700,1.15395,1.15395,1.15385,1.1539,22
2026-08-07 04:30,1786077000,1.15385,1.15405,1.15385,1.154,125
2026-08-07 04:35,1786077300,1.154,1.154,1.15395,1.154,82
2026-08-07 04:40,1786077600,1.1539,1.1541,1.1539,1.1541,109
2026-08-07 04:45,1786077900,1.15405,1.1541,1.15395,1.154,42
2026-08-07 04:50,1786078200,1.154,1.15415,1.154,1.15415,74
2026-08-07 04:55,1786078500,1.1541,1.1541,1.15405,1.15405,69
2026-08-07 05:00,1786078800,1.15405,1.1541,1.154,1.1541,92
2026-08-07 05:05,1786079100,1.15405,1.1541,1.15405,1.1541,82
2026-08-07 05:10,1786079400,1.15405,1.1542,1.15405,1.15415,164
2026-08-07 05:15,1786079700,1.15415,1.15415,1.15405,1.15405,30
2026-08-07 05:20,1786080000,1.154,1.154,1.1539,1.15395,105
2026-08-07 05:25,1786080300,1.15395,1.154,1.1538,1.1538,104
2026-08-07 05:30,1786080600,1.15385,1.15395,1.1537,1.1539,312
2026-08-07 05:35,1786080900,1.1539,1.1541,1.1539,1.15405,157
2026-08-07 05:40,1786081200,1.15405,1.1541,1.154,1.154,73
2026-08-07 05:45,1786081500,1.154,1.15405,1.1539,1.15405,72
2026-08-07 05:50,1786081800,1.1541,1.15415,1.154,1.15405,77
2026-08-07 05:55,1786082100,1.154,1.154,1.1539,1.1539,100
2026-08-07 06:00,1786082400,1.1539,1.1541,1.1538,1.15385,463
2026-08-07 06:05,1786082700,1.1538,1.154,1.15375,1.15385,571
2026-08-07 06:10,1786083000,1.15385,1.154,1.15385,1.154,193
2026-08-07 06:15,1786083300,1.15405,1.15405,1.1538,1.1539,287
2026-08-07 06:20,1786083600,1.1539,1.1542,1.1539,1.15415,92
2026-08-07 06:25,1786083900,1.15405,1.1541,1.15395,1.15405,90
2026-08-07 06:30,1786084200,1.15405,1.15405,1.15395,1.15395,161
2026-08-07 06:35,1786084500,1.1539,1.15405,1.1539,1.15395,97
2026-08-07 06:40,1786084800,1.154,1.154,1.1538,1.1539,102
2026-08-07 06:45,1786085100,1.1539,1.15395,1.15385,1.1539,89
2026-08-07 06:50,1786085400,1.1539,1.1541,1.1538,1.15405,270
2026-08-07 06:55,1786085700,1.1541,1.1541,1.15385,1.1539,232
2026-08-07 07:00,1786086000,1.1539,1.1539,1.15365,1.15365,421
2026-08-07 07:05,1786086300,1.1536,1.15375,1.15345,1.1537,384
2026-08-07 07:10,1786086600,1.1537,1.154,1.1537,1.15395,364
2026-08-07 07:15,1786086900,1.15395,1.15405,1.15385,1.1539,191
2026-08-07 07:20,1786087200,1.1539,1.154,1.15385,1.1539,119
2026-08-07 07:25,1786087500,1.15395,1.154,1.15385,1.1539,212
2026-08-07 07:30,1786087800,1.1539,1.15395,1.15375,1.1538,162
2026-08-07 07:35,1786088100,1.15375,1.15385,1.15365,1.1538,267
2026-08-07 07:40,1786088400,1.15375,1.15385,1.1536,1.1537,172
2026-08-07 07:45,1786088700,1.1537,1.1538,1.1537,1.15375,79
2026-08-07 07:50,1786089000,1.1538,1.1539,1.1538,1.1539,288
2026-08-07 07:55,1786089300,1.1539,1.15395,1.15385,1.1539,115
2026-08-07 08:00,1786089600,1.1539,1.15395,1.1537,1.15385,272
2026-08-07 08:05,1786089900,1.1538,1.15385,1.1537,1.15375,127
2026-08-07 08:10,1786090200,1.15375,1.15375,1.1535,1.1535,291
2026-08-07 08:15,1786090500,1.15355,1.1537,1.15355,1.1537,170
2026-08-07 08:20,1786090800,1.1537,1.1538,1.15365,1.1537,220
2026-08-07 08:25,1786091100,1.1537,1.1537,1.1536,1.1536,225
2026-08-07 08:30,1786091400,1.15355,1.1539,1.15355,1.1538,464
2026-08-07 08:35,1786091700,1.1538,1.1539,1.1537,1.15385,276
2026-08-07 08:40,1786092000,1.1539,1.15405,1.1539,1.15405,211
2026-08-07 08:45,1786092300,1.15405,1.1542,1.15395,1.154,302
2026-08-07 08:50,1786092600,1.154,1.1541,1.15395,1.154,243
2026-08-07 08:55,1786092900,1.15405,1.15415,1.15395,1.154,650
2026-08-07 09:00,1786093200,1.154,1.1542,1.154,1.15405,430
2026-08-07 09:05,1786093500,1.15405,1.15415,1.154,1.15415,135
2026-08-07 09:10,1786093800,1.15415,1.15455,1.15415,1.1545,510
2026-08-07 09:15,1786094100,1.1545,1.1546,1.1545,1.15455,131
2026-08-07 09:20,1786094400,1.15455,1.1546,1.1545,1.15455,281
2026-08-07 09:25,1786094700,1.1546,1.1546,1.15435,1.1544,175
2026-08-07 09:30,1786095000,1.15435,1.1544,1.1543,1.1543,258
2026-08-07 09:35,1786095300,1.1543,1.15435,1.1542,1.15425,186
2026-08-07 09:40,1786095600,1.1543,1.1545,1.1543,1.15445,151
2026-08-07 09:45,1786095900,1.15445,1.1546,1.1544,1.1546,158
2026-08-07 09:50,1786096200,1.1546,1.15475,1.15455,1.1547,247
2026-08-07 09:55,1786096500,1.1547,1.15475,1.15455,1.15455,261
2026-08-07 10:00,1786096800,1.15455,1.1546,1.15435,1.1544,244
2026-08-07 10:05,1786097100,1.1544,1.15455,1.15435,1.15445,134
2026-08-07 10:10,1786097400,1.15445,1.15445,1.1543,1.1543,383
2026-08-07 10:15,1786097700,1.15435,1.1545,1.1543,1.1544,197
2026-08-07 10:20,1786098000,1.15445,1.1545,1.15445,1.15445,228
2026-08-07 10:25,1786098300,1.15445,1.15445,1.1543,1.15445,253
2026-08-07 10:30,1786098600,1.1544,1.1545,1.1544,1.15445,346
2026-08-07 10:35,1786098900,1.1544,1.15445,1.1543,1.15445,323
2026-08-07 10:40,1786099200,1.1544,1.15445,1.15425,1.15425,122
2026-08-07 10:45,1786099500,1.1543,1.15445,1.1543,1.15445,175
2026-08-07 10:50,1786099800,1.15445,1.15455,1.1544,1.1544,196
2026-08-07 10:55,1786100100,1.1544,1.1545,1.1544,1.1544,83
2026-08-07 11:00,1786100400,1.1544,1.15465,1.1544,1.15465,465
2026-08-07 11:05,1786100700,1.1546,1.15465,1.15445,1.1546,188
2026-08-07 11:10,1786101000,1.1546,1.15465,1.1545,1.1545,130
2026-08-07 11:15,1786101300,1.1545,1.1545,1.1544,1.1545,251
2026-08-07 11:20,1786101600,1.15455,1.1546,1.15435,1.15435,272
2026-08-07 11:25,1786101900,1.1544,1.15445,1.15435,1.15435,147
2026-08-07 11:30,1786102200,1.15435,1.1547,1.15435,1.1546,268
2026-08-07 11:35,1786102500,1.1546,1.1547,1.1545,1.1547,92
2026-08-07 11:40,1786102800,1.15465,1.15485,1.15465,1.15485,194
2026-08-07 11:45,1786103100,1.15485,1.15495,1.1548,1.15495,176
2026-08-07 11:50,1786103400,1.1549,1.155,1.1548,1.1549,267
2026-08-07 11:55,1786103700,1.1548,1.155,1.1548,1.155,443
2026-08-07 12:00,1786104000,1.155,1.1553,1.15495,1.15525,807
2026-08-07 12:05,1786104300,1.1552,1.15525,1.1551,1.15515,505
2026-08-07 12:10,1786104600,1.1552,1.15545,1.1551,1.1551,1010
2026-08-07 12:15,1786104900,1.1551,1.15515,1.1549,1.15495,582
2026-08-07 12:20,1786105200,1.155,1.15505,1.1546,1.1547,703
2026-08-07 12:25,1786105500,1.15465,1.15475,1.1543,1.1545,1076
2026-08-07 12:30,1786105800,1.1546,1.1589,1.1546,1.15885,13414
2026-08-07 12:35,1786106100,1.1589,1.15905,1.15785,1.159,4840
2026-08-07 12:40,1786106400,1.159,1.15945,1.1587,1.159,3254
2026-08-07 12:45,1786106700,1.15905,1.1598,1.1589,1.1596,2557
2026-08-07 12:50,1786107000,1.1596,1.1596,1.15905,1.15935,3675
2026-08-07 12:55,1786107300,1.15935,1.15935,1.15875,1.15895,2703
2026-08-07 13:00,1786107600,1.15895,1.15915,1.1584,1.15845,1936
2026-08-07 13:05,1786107900,1.15845,1.159,1.15845,1.1588,1934
2026-08-07 13:10,1786108200,1.1588,1.1592,1.1585,1.15915,1443
2026-08-07 13:15,1786108500,1.15915,1.15915,1.1584,1.15855,1343
2026-08-07 13:20,1786108800,1.15855,1.15905,1.1584,1.15905,516
2026-08-07 13:25,1786109100,1.15905,1.15925,1.1587,1.1587,2237
2026-08-07 13:30,1786109400,1.1587,1.1588,1.15785,1.158,1195
2026-08-07 13:35,1786109700,1.15805,1.1587,1.158,1.1587,1500
2026-08-07 13:40,1786110000,1.1587,1.15915,1.1587,1.15885,1316
2026-08-07 13:45,1786110300,1.15885,1.1589,1.15815,1.1582,1189
2026-08-07 13:50,1786110600,1.1582,1.1583,1.158,1.1581,738
2026-08-07 13:55,1786110900,1.15815,1.1582,1.15735,1.1574,3162
2026-08-07 14:00,1786111200,1.15745,1.1575,1.157,1.157,4565
2026-08-07 14:05,1786111500,1.157,1.15745,1.1569,1.15735,2447
2026-08-07 14:10,1786111800,1.1573,1.1575,1.15715,1.1574,1399
2026-08-07 14:15,1786112100,1.15745,1.15805,1.1573,1.15795,1823
2026-08-07 14:20,1786112400,1.15795,1.1581,1.15775,1.1579,717
2026-08-07 14:25,1786112700,1.1579,1.1579,1.1573,1.15735,1011
2026-08-07 14:30,1786113000,1.1574,1.15765,1.1571,1.15755,986
2026-08-07 14:35,1786113300,1.15755,1.15765,1.1573,1.15755,438
2026-08-07 14:40,1786113600,1.15755,1.15765,1.1567,1.1569,813
2026-08-07 14:45,1786113900,1.15685,1.15705,1.1568,1.15695,732
2026-08-07 14:50,1786114200,1.15695,1.15725,1.15685,1.1571,2003
2026-08-07 14:55,1786114500,1.1571,1.15715,1.1569,1.157,1658
2026-08-07 15:00,1786114800,1.157,1.1572,1.1567,1.1567,1880
2026-08-07 15:05,1786115100,1.15675,1.15735,1.1567,1.1573,504
2026-08-07 15:10,1786115400,1.15735,1.1578,1.1573,1.15775,536
2026-08-07 15:15,1786115700,1.1577,1.158,1.1576,1.158,692
2026-08-07 15:20,1786116000,1.1579,1.15805,1.1577,1.1577,434
2026-08-07 15:25,1786116300,1.15775,1.1578,1.15735,1.15735,886
2026-08-07 15:30,1786116600,1.15735,1.1574,1.15705,1.1572,622
2026-08-07 15:35,1786116900,1.15715,1.15775,1.15715,1.1576,726
2026-08-07 15:40,1786117200,1.1576,1.1579,1.1576,1.1578,725
2026-08-07 15:45,1786117500,1.1578,1.15795,1.15755,1.1576,395
2026-08-07 15:50,1786117800,1.1576,1.1576,1.15735,1.15745,520
2026-08-07 15:55,1786118100,1.15745,1.15775,1.15745,1.1575,309
2026-08-07 16:00,1786118400,1.1575,1.1577,1.15745,1.15765,563
2026-08-07 16:05,1786118700,1.1577,1.158,1.1577,1.15775,398
2026-08-07 16:10,1786119000,1.1578,1.15815,1.1578,1.15815,346
2026-08-07 16:15,1786119300,1.1582,1.1582,1.15795,1.15795,244
2026-08-07 16:20,1786119600,1.15795,1.15825,1.1577,1.1579,1412
2026-08-07 16:25,1786119900,1.15795,1.15805,1.15785,1.15795,640
2026-08-07 16:30,1786120200,1.15795,1.15805,1.1578,1.1578,306
2026-08-07 16:35,1786120500,1.15785,1.15795,1.1578,1.15795,250
2026-08-07 16:40,1786120800,1.15795,1.15805,1.1579,1.15795,226
2026-08-07 16:45,1786121100,1.15795,1.15845,1.15795,1.1584,1227
2026-08-07 16:50,1786121400,1.15835,1.15835,1.15775,1.1578,1174
2026-08-07 16:55,1786121700,1.1578,1.1578,1.15755,1.1576,957
2026-08-07 17:00,1786122000,1.1576,1.15775,1.1574,1.1576,719
2026-08-07 17:05,1786122300,1.15765,1.1577,1.1576,1.15765,160
2026-08-07 17:10,1786122600,1.1577,1.15785,1.15765,1.1578,175
2026-08-07 17:15,1786122900,1.1578,1.1578,1.15765,1.1577,109
2026-08-07 17:20,1786123200,1.15765,1.15785,1.1576,1.1578,111
2026-08-07 17:25,1786123500,1.1578,1.15795,1.1578,1.1578,232
2026-08-07 17:30,1786123800,1.1578,1.158,1.1577,1.1578,286
2026-08-07 17:35,1786124100,1.15775,1.15795,1.1577,1.1579,147
2026-08-07 17:40,1786124400,1.15795,1.158,1.1579,1.15795,110
2026-08-07 17:45,1786124700,1.15795,1.15795,1.15785,1.1579,138
2026-08-07 17:50,1786125000,1.1579,1.158,1.15785,1.1579,146
2026-08-07 17:55,1786125300,1.1579,1.15795,1.15775,1.1578,262
2026-08-07 18:00,1786125600,1.15775,1.1578,1.15755,1.1576,176
2026-08-07 18:05,1786125900,1.1576,1.15795,1.1576,1.1579,259
2026-08-07 18:10,1786126200,1.15795,1.158,1.15775,1.1578,505
2026-08-07 18:15,1786126500,1.1578,1.1579,1.15775,1.15775,207
2026-08-07 18:20,1786126800,1.15775,1.1578,1.1577,1.1577,269
2026-08-07 18:25,1786127100,1.15775,1.1579,1.15775,1.1579,340
2026-08-07 18:30,1786127400,1.1579,1.15805,1.1579,1.158,116
2026-08-07 18:35,1786127700,1.15805,1.15805,1.158,1.158,279
2026-08-07 18:40,1786128000,1.158,1.15815,1.15795,1.15805,302
2026-08-07 18:45,1786128300,1.15805,1.1583,1.158,1.1583,421
2026-08-07 18:50,1786128600,1.15825,1.1583,1.1582,1.1582,420
2026-08-07 18:55,1786128900,1.15825,1.15825,1.15805,1.1582,2469
2026-08-07 19:00,1786129200,1.1582,1.15845,1.15815,1.15825,944
2026-08-07 19:05,1786129500,1.1582,1.1583,1.15815,1.1583,184
2026-08-07 19:10,1786129800,1.1583,1.1583,1.1581,1.1581,201
2026-08-07 19:15,1786130100,1.1581,1.1584,1.1581,1.1582,515
2026-08-07 19:20,1786130400,1.15825,1.15855,1.15825,1.1585,290
2026-08-07 19:25,1786130700,1.1585,1.15865,1.15845,1.15865,468
2026-08-07 19:30,1786131000,1.1586,1.15865,1.1585,1.1586,315
2026-08-07 19:35,1786131300,1.1586,1.1586,1.1584,1.1584,321
2026-08-07 19:40,1786131600,1.1584,1.15845,1.15825,1.15825,191
2026-08-07 19:45,1786131900,1.1583,1.15835,1.1582,1.15825,399
2026-08-07 19:50,1786132200,1.15825,1.15825,1.158,1.15805,399
2026-08-07 19:55,1786132500,1.158,1.158,1.15775,1.15785,835
2026-08-07 20:00,1786132800,1.15785,1.1579,1.1577,1.15775,503
2026-08-07 20:05,1786133100,1.1578,1.1578,1.1576,1.15765,146
2026-08-07 20:10,1786133400,1.1576,1.1576,1.15755,1.15755,85
2026-08-07 20:15,1786133700,1.15755,1.15755,1.1574,1.15745,241
2026-08-07 20:20,1786134000,1.15745,1.15745,1.1573,1.15735,373
2026-08-07 20:25,1786134300,1.15735,1.15735,1.15725,1.15735,147
2026-08-07 20:30,1786134600,1.1573,1.15735,1.15725,1.15735,157
2026-08-07 20:35,1786134900,1.1574,1.1575,1.15735,1.1575,654
2026-08-07 20:40,1786135200,1.1575,1.15755,1.1574,1.15745,156
2026-08-07 20:45,1786135500,1.15745,1.15745,1.1573,1.1573,140
2026-08-07 20:50,1786135800,1.1573,1.1575,1.1573,1.1575,98
2026-08-07 20:55,1786136100,1.1575,1.1581,1.1574,1.1581,383
2026-08-09 22:10,1786313400,1.1574,1.1574,1.15725,1.1573,76
2026-08-09 22:15,1786313700,1.15725,1.15735,1.15715,1.15715,116
2026-08-09 22:20,1786314000,1.15715,1.15725,1.15715,1.1572,37
2026-08-09 22:25,1786314300,1.15725,1.1573,1.1571,1.15715,154
2026-08-09 22:30,1786314600,1.15715,1.15725,1.15715,1.1572,40
2026-08-09 22:35,1786314900,1.15725,1.1573,1.15725,1.1573,14
2026-08-09 22:40,1786315200,1.1573,1.15735,1.15725,1.15725,58
2026-08-09 22:45,1786315500,1.1573,1.15735,1.15725,1.15735,27
2026-08-09 22:50,1786315800,1.1573,1.15735,1.15715,1.15715,49
2026-08-09 22:55,1786316100,1.15715,1.1572,1.15715,1.1572,13
2026-08-09 23:00,1786316400,1.1572,1.15735,1.1572,1.15735,21
2026-08-09 23:05,1786316700,1.15735,1.15745,1.1573,1.15735,147
2026-08-09 23:10,1786317000,1.1574,1.1574,1.1573,1.1574,17
2026-08-09 23:15,1786317300,1.15745,1.15745,1.1573,1.1574,10
2026-08-09 23:20,1786317600,1.15735,1.1574,1.15735,1.1574,48
2026-08-09 23:25,1786317900,1.1574,1.15745,1.1574,1.1574,9
2026-08-09 23:30,1786318200,1.1574,1.1574,1.15715,1.15715,61
2026-08-09 23:35,1786318500,1.1572,1.1572,1.15705,1.15715,79
2026-08-09 23:40,1786318800,1.1572,1.15735,1.1572,1.15735,115
2026-08-09 23:45,1786319100,1.1574,1.15745,1.15725,1.1573,113
2026-08-09 23:50,1786319400,1.15735,1.1574,1.15735,1.1574,47
2026-08-09 23:55,1786319700,1.1574,1.1574,1.1572,1.1572,43
2026-08-10 00:00,1786320000,1.1572,1.1575,1.1572,1.1574,348
2026-08-10 00:05,1786320300,1.1574,1.1575,1.15735,1.1574,94
2026-08-10 00:10,1786320600,1.15735,1.1575,1.15725,1.1575,97
2026-08-10 00:15,1786320900,1.15745,1.15745,1.15725,1.15725,51
2026-08-10 00:20,1786321200,1.1572,1.15725,1.1572,1.15725,45
2026-08-10 00:25,1786321500,1.1572,1.15725,1.15715,1.1572,45
2026-08-10 00:30,1786321800,1.15715,1.15725,1.1571,1.1572,82
2026-08-10 00:35,1786322100,1.15715,1.15725,1.1571,1.1571,75
2026-08-10 00:40,1786322400,1.15715,1.15715,1.1571,1.1571,75
2026-08-10 00:45,1786322700,1.15705,1.1573,1.15705,1.1573,79
2026-08-10 00:50,1786323000,1.15735,1.15755,1.15735,1.1574,645
2026-08-10 00:55,1786323300,1.15745,1.1575,1.1574,1.15745,100
2026-08-10 01:00,1786323600,1.15745,1.1575,1.157,1.15715,461
2026-08-10 01:05,1786323900,1.1571,1.1571,1.1569,1.15705,205
2026-08-10 01:10,1786324200,1.157,1.1572,1.15695,1.15715,63
2026-08-10 01:15,1786324500,1.15715,1.1573,1.1571,1.15715,103
2026-08-10 01:20,1786324800,1.15715,1.1572,1.157,1.15715,372
2026-08-10 01:25,1786325100,1.15715,1.1572,1.1571,1.1571,78
2026-08-10 01:30,1786325400,1.1571,1.1571,1.1569,1.157,133
2026-08-10 01:35,1786325700,1.15695,1.15705,1.15685,1.15705,215
2026-08-10 01:40,1786326000,1.15705,1.15715,1.157,1.15705,59
2026-08-10 01:45,1786326300,1.157,1.1572,1.1569,1.1571,101
2026-08-10 01:50,1786326600,1.1571,1.15715,1.1569,1.157,155
2026-08-10 01:55,1786326900,1.15705,1.1571,1.1569,1.15705,124
2026-08-10 02:00,1786327200,1.15705,1.15715,1.15705,1.15715,56
2026-08-10 02:05,1786327500,1.1571,1.1571,1.15695,1.157,55
2026-08-10 02:10,1786327800,1.157,1.157,1.1569,1.157,106
2026-08-10 02:15,1786328100,1.157,1.1571,1.157,1.1571,71
2026-08-10 02:20,1786328400,1.15705,1.15705,1.15695,1.15695,33
2026-08-10 02:25,1786328700,1.157,1.15705,1.15695,1.15705,29
2026-08-10 02:30,1786329000,1.15705,1.15715,1.157,1.15705,108
2026-08-10 02:35,1786329300,1.15705,1.15705,1.15695,1.15695,14
2026-08-10 02:40,1786329600,1.1569,1.15695,1.15685,1.15685,19
2026-08-10 02:45,1786329900,1.15685,1.15685,1.1568,1.15685,47
2026-08-10 02:50,1786330200,1.1569,1.1569,1.1568,1.15685,36
2026-08-10 02:55,1786330500,1.15685,1.15685,1.15675,1.1568,113
2026-08-10 03:00,1786330800,1.15685,1.15685,1.15655,1.1567,196
2026-08-10 03:05,1786331100,1.15665,1.1567,1.1566,1.1566,42
2026-08-10 03:10,1786331400,1.1566,1.1567,1.15655,1.1567,61
2026-08-10 03:15,1786331700,1.15675,1.15675,1.15665,1.1567,48
2026-08-10 03:20,1786332000,1.15675,1.1569,1.15675,1.15685,72
2026-08-10 03:25,1786332300,1.15685,1.15685,1.1566,1.15675,85
2026-08-10 03:30,1786332600,1.15675,1.1568,1.1566,1.1566,37
2026-08-10 03:35,1786332900,1.15665,1.15665,1.1566,1.1566,32
2026-08-10 03:40,1786333200,1.1566,1.15665,1.15655,1.15655,55
2026-08-10 03:45,1786333500,1.1566,1.1567,1.15655,1.1567,89
2026-08-10 03:50,1786333800,1.15665,1.15665,1.1566,1.1566,71
2026-08-10 03:55,1786334100,1.15665,1.15665,1.15655,1.15655,44
2026-08-10 04:00,1786334400,1.15655,1.1566,1.1565,1.1566,41
2026-08-10 04:05,1786334700,1.15655,1.15655,1.15645,1.1565,110
2026-08-10 04:10,1786335000,1.1565,1.1566,1.1565,1.1566,30
2026-08-10 04:15,1786335300,1.15655,1.15655,1.1565,1.1565,87
2026-08-10 04:20,1786335600,1.1565,1.1566,1.1565,1.1566,31
2026-08-10 04:25,1786335900,1.1566,1.15665,1.1566,1.1566,21
2026-08-10 04:30,1786336200,1.1566,1.1566,1.15655,1.15655,35
2026-08-10 04:35,1786336500,1.15655,1.15655,1.1565,1.1565,20
2026-08-10 04:40,1786336800,1.15655,1.15665,1.15655,1.15665,57
2026-08-10 04:45,1786337100,1.15665,1.15685,1.15665,1.15685,52
2026-08-10 04:50,1786337400,1.1568,1.1569,1.1568,1.15685,32
2026-08-10 04:55,1786337700,1.15685,1.15685,1.15675,1.1568,94
2026-08-10 05:00,1786338000,1.1568,1.1569,1.15675,1.1569,56
2026-08-10 05:05,1786338300,1.15695,1.15695,1.1568,1.1568,22
2026-08-10 05:10,1786338600,1.15675,1.15675,1.15665,1.15675,145
2026-08-10 05:15,1786338900,1.15675,1.15675,1.1567,1.1567,34
2026-08-10 05:20,1786339200,1.1567,1.1568,1.1567,1.1568,10
2026-08-10 05:25,1786339500,1.1568,1.1568,1.15675,1.15675,38
2026-08-10 05:30,1786339800,1.1568,1.1568,1.1567,1.1568,134
2026-08-10 05:35,1786340100,1.1568,1.15695,1.1568,1.1569,65
2026-08-10 05:40,1786340400,1.1569,1.15695,1.1568,1.1568,95
2026-08-10 05:45,1786340700,1.1568,1.15695,1.1568,1.1569,54
2026-08-10 05:50,1786341000,1.15695,1.15715,1.15695,1.15715,128
2026-08-10 05:55,1786341300,1.15715,1.15725,1.15705,1.1571,321
2026-08-10 06:00,1786341600,1.15715,1.15715,1.1569,1.1569,527
2026-08-10 06:05,1786341900,1.1569,1.1571,1.1569,1.15705,119
2026-08-10 06:10,1786342200,1.15705,1.15715,1.1569,1.157,372
2026-08-10 06:15,1786342500,1.15705,1.1574,1.157,1.15715,852
2026-08-10 06:20,1786342800,1.15715,1.15725,1.15705,1.15715,209
2026-08-10 06:25,1786343100,1.1571,1.15725,1.1571,1.15725,273
2026-08-10 06:30,1786343400,1.1572,1.1572,1.1571,1.1571,166
2026-08-10 06:35,1786343700,1.1571,1.15725,1.1571,1.1571,127
2026-08-10 06:40,1786344000,1.15715,1.15725,1.157,1.1571,336
2026-08-10 06:45,1786344300,1.1571,1.15715,1.157,1.15705,640
2026-08-10 06:50,1786344600,1.157,1.157,1.1569,1.15695,179
2026-08-10 06:55,1786344900,1.15695,1.1572,1.1569,1.15715,304
2026-08-10 07:00,1786345200,1.1571,1.15715,1.15685,1.15685,478
2026-08-10 07:05,1786345500,1.1569,1.1572,1.1569,1.15705,251
2026-08-10 07:10,1786345800,1.1571,1.1572,1.157,1.157,328
2026-08-10 07:15,1786346100,1.157,1.1572,1.157,1.1572,309
2026-08-10 07:20,1786346400,1.15715,1.15735,1.157,1.15735,275
2026-08-10 07:25,1786346700,1.1573,1.15745,1.15715,1.15725,262
2026-08-10 07:30,1786347000,1.15725,1.15735,1.1572,1.1573,142
2026-08-10 07:35,1786347300,1.15735,1.1577,1.15735,1.1576,572
2026-08-10 07:40,1786347600,1.1576,1.1579,1.1576,1.1579,345
2026-08-10 07:45,1786347900,1.15795,1.15815,1.15775,1.1578,743
2026-08-10 07:50,1786348200,1.15775,1.1578,1.1575,1.1575,379
2026-08-10 07:55,1786348500,1.15755,1.15775,1.15755,1.15775,179
2026-08-10 08:00,1786348800,1.15775,1.15775,1.1576,1.1577,331
2026-08-10 08:05,1786349100,1.15775,1.1579,1.1577,1.1579,424
2026-08-10 08:10,1786349400,1.1579,1.15815,1.1579,1.15815,287
2026-08-10 08:15,1786349700,1.15815,1.15815,1.158,1.1581,452
2026-08-10 08:20,1786350000,1.1581,1.15815,1.158,1.158,125
2026-08-10 08:25,1786350300,1.158,1.1581,1.158,1.1581,229
2026-08-10 08:30,1786350600,1.1581,1.1581,1.1578,1.15785,235
2026-08-10 08:35,1786350900,1.1579,1.15795,1.15785,1.1579,146
2026-08-10 08:40,1786351200,1.15795,1.158,1.15785,1.1579,188
2026-08-10 08:45,1786351500,1.15785,1.15785,1.1578,1.1578,242
2026-08-10 08:50,1786351800,1.15775,1.15785,1.1577,1.15775,181
2026-08-10 08:55,1786352100,1.15775,1.15785,1.1577,1.15775,161
2026-08-10 09:00,1786352400,1.15775,1.15775,1.15755,1.1576,365
2026-08-10 09:05,1786352700,1.1576,1.1579,1.1576,1.15785,286
2026-08-10 09:10,1786353000,1.1578,1.158,1.15775,1.158,198
2026-08-10 09:15,1786353300,1.158,1.158,1.15775,1.15775,82
2026-08-10 09:20,1786353600,1.15775,1.15795,1.1577,1.15795,106
2026-08-10 09:25,1786353900,1.15795,1.15795,1.1578,1.1579,133
2026-08-10 09:30,1786354200,1.15785,1.1579,1.1576,1.1576,113
2026-08-10 09:35,1786354500,1.15765,1.15765,1.1573,1.1574,430
2026-08-10 09:40,1786354800,1.15735,1.1577,1.15735,1.15765,290
2026-08-10 09:45,1786355100,1.1576,1.1577,1.15755,1.1576,397
2026-08-10 09:50,1786355400,1.1576,1.1577,1.1575,1.15765,134
2026-08-10 09:55,1786355700,1.1577,1.1577,1.1573,1.1573,224
2026-08-10 10:00,1786356000,1.1573,1.15735,1.15715,1.15715,972
2026-08-10 10:05,1786356300,1.1571,1.1573,1.1571,1.15725,761
2026-08-10 10:10,1786356600,1.1572,1.15725,1.15715,1.15715,172
2026-08-10 10:15,1786356900,1.15715,1.15725,1.15715,1.15725,171
2026-08-10 10:20,1786357200,1.15725,1.1574,1.1572,1.1573,164
2026-08-10 10:25,1786357500,1.1573,1.1573,1.15725,1.1573,56
2026-08-10 10:30,1786357800,1.15725,1.1574,1.1572,1.1573,626
2026-08-10 10:35,1786358100,1.15735,1.15735,1.1571,1.1572,476
2026-08-10 10:40,1786358400,1.15725,1.1573,1.15705,1.15725,264
2026-08-10 10:45,1786358700,1.15725,1.1573,1.15715,1.1572,219
2026-08-10 10:50,1786359000,1.15715,1.1573,1.15715,1.1572,148
2026-08-10 10:55,1786359300,1.1572,1.15725,1.1571,1.1572,354
2026-08-10 11:00,1786359600,1.15715,1.15725,1.15715,1.1572,278
2026-08-10 11:05,1786359900,1.1572,1.1572,1.157,1.157,315
2026-08-10 11:10,1786360200,1.157,1.157,1.1567,1.15685,479
2026-08-10 11:15,1786360500,1.15685,1.1569,1.15675,1.1568,221
2026-08-10 11:20,1786360800,1.1568,1.1569,1.1567,1.1568,1326
2026-08-10 11:25,1786361100,1.1568,1.15685,1.15665,1.15675,729
2026-08-10 11:30,1786361400,1.15675,1.1568,1.15665,1.15675,182
2026-08-10 11:35,1786361700,1.15675,1.15685,1.1567,1.15685,325
2026-08-10 11:40,1786362000,1.15685,1.15695,1.1567,1.1567,263
2026-08-10 11:45,1786362300,1.15675,1.15675,1.1566,1.1566,187
2026-08-10 11:50,1786362600,1.1566,1.1566,1.1565,1.1566,346
2026-08-10 11:55,1786362900,1.1566,1.1569,1.15655,1.1569,471
2026-08-10 12:00,1786363200,1.1569,1.1569,1.1567,1.15685,621
2026-08-10 12:05,1786363500,1.1568,1.15715,1.1568,1.1571,1407
2026-08-10 12:10,1786363800,1.1571,1.1571,1.15675,1.1568,324
2026-08-10 12:15,1786364100,1.15675,1.15675,1.1566,1.15665,547
2026-08-10 12:20,1786364400,1.15665,1.1568,1.15655,1.15665,587
2026-08-10 12:25,1786364700,1.15665,1.15665,1.1563,1.1565,702
2026-08-10 12:30,1786365000,1.15645,1.15665,1.15635,1.15635,222
2026-08-10 12:35,1786365300,1.1564,1.15645,1.1563,1.1564,595
2026-08-10 12:40,1786365600,1.1564,1.1564,1.1562,1.1562,522
2026-08-10 12:45,1786365900,1.1562,1.1565,1.1561,1.15645,304
2026-08-10 12:50,1786366200,1.1564,1.1565,1.15635,1.15635,450
2026-08-10 12:55,1786366500,1.15635,1.1564,1.1563,1.1563,155
2026-08-10 13:00,1786366800,1.15635,1.15645,1.15625,1.1563,372
2026-08-10 13:05,1786367100,1.1563,1.15655,1.15615,1.15655,572
2026-08-10 13:10,1786367400,1.1565,1.15685,1.1565,1.15685,607
2026-08-10 13:15,1786367700,1.1568,1.15695,1.15675,1.1569,312
2026-08-10 13:20,1786368000,1.15685,1.157,1.15655,1.15665,293
2026-08-10 13:25,1786368300,1.1567,1.15695,1.1567,1.1569,378
2026-08-10 13:30,1786368600,1.1569,1.15695,1.1566,1.15675,591
2026-08-10 13:35,1786368900,1.1568,1.15685,1.1565,1.15655,534
2026-08-10 13:40,1786369200,1.1565,1.15675,1.1564,1.15645,376
2026-08-10 13:45,1786369500,1.1564,1.1567,1.1563,1.1563,849
2026-08-10 13:50,1786369800,1.15635,1.1564,1.156,1.1561,1308
2026-08-10 13:55,1786370100,1.15605,1.1563,1.15605,1.1561,982
2026-08-10 14:00,1786370400,1.1561,1.15625,1.15605,1.15615,887
2026-08-10 14:05,1786370700,1.1562,1.1565,1.1562,1.1564,642
2026-08-10 14:10,1786371000,1.15645,1.15665,1.1563,1.1565,500
2026-08-10 14:15,1786371300,1.1565,1.15675,1.1564,1.15665,538
2026-08-10 14:20,1786371600,1.15665,1.1567,1.1566,1.15665,429
2026-08-10 14:25,1786371900,1.1566,1.157,1.1566,1.15695,507
2026-08-10 14:30,1786372200,1.1569,1.15695,1.1567,1.1569,364
2026-08-10 14:35,1786372500,1.15695,1.1571,1.15685,1.157,366
2026-08-10 14:40,1786372800,1.157,1.1571,1.1569,1.157,635
2026-08-10 14:45,1786373100,1.157,1.1572,1.157,1.15705,685
2026-08-10 14:50,1786373400,1.157,1.157,1.1566,1.1568,590
2026-08-10 14:55,1786373700,1.1568,1.15695,1.1567,1.15685,1413
2026-08-10 15:00,1786374000,1.15685,1.1569,1.1564,1.1565,1330
2026-08-10 15:05,1786374300,1.15645,1.1567,1.1564,1.15645,618
2026-08-10 15:10,1786374600,1.15645,1.15675,1.15645,1.15675,441
2026-08-10 15:15,1786374900,1.15675,1.15695,1.1567,1.15685,903
2026-08-10 15:20,1786375200,1.15685,1.15685,1.15665,1.1567,690
2026-08-10 15:25,1786375500,1.1567,1.1567,1.1563,1.1565,612
2026-08-10 15:30,1786375800,1.15645,1.1566,1.15625,1.15625,426
2026-08-10 15:35,1786376100,1.1563,1.15645,1.15625,1.1563,266
2026-08-10 15:40,1786376400,1.1563,1.15645,1.15625,1.15635,353
2026-08-10 15:45,1786376700,1.15635,1.1565,1.1563,1.1563,394
2026-08-10 15:50,1786377000,1.15635,1.15665,1.15635,1.15665,279
2026-08-10 15:55,1786377300,1.1566,1.15685,1.15655,1.15675,323
2026-08-10 16:00,1786377600,1.1568,1.15695,1.1568,1.1569,463
2026-08-10 16:05,1786377900,1.1569,1.157,1.1568,1.15695,366
2026-08-10 16:10,1786378200,1.1569,1.15705,1.15685,1.1569,236
2026-08-10 16:15,1786378500,1.15685,1.15685,1.1567,1.15675,347
2026-08-10 16:20,1786378800,1.1567,1.15675,1.1566,1.15665,265
2026-08-10 16:25,1786379100,1.15665,1.1569,1.15655,1.1569,195
2026-08-10 16:30,1786379400,1.15685,1.1569,1.1563,1.1568,1932
2026-08-10 16:35,1786379700,1.1568,1.1569,1.15675,1.15675,330
2026-08-10 16:40,1786380000,1.1567,1.15675,1.1563,1.1563,660
2026-08-10 16:45,1786380300,1.1563,1.15635,1.15615,1.15625,581
2026-08-10 16:50,1786380600,1.1562,1.1565,1.1562,1.1564,303
2026-08-10 16:55,1786380900,1.1564,1.15645,1.1563,1.1563,254
2026-08-10 17:00,1786381200,1.1563,1.1564,1.1561,1.15615,297
2026-08-10 17:05,1786381500,1.15615,1.1562,1.156,1.1561,218
2026-08-10 17:10,1786381800,1.15615,1.15615,1.156,1.1561,341
2026-08-10 17:15,1786382100,1.1561,1.1561,1.15585,1.1559,546
2026-08-10 17:20,1786382400,1.15585,1.15595,1.1557,1.1559,1680
2026-08-10 17:25,1786382700,1.1559,1.15605,1.15575,1.15595,1163
2026-08-10 17:30,1786383000,1.156,1.1563,1.156,1.15615,480
2026-08-10 17:35,1786383300,1.1562,1.15625,1.15615,1.1562,188
2026-08-10 17:40,1786383600,1.15615,1.1562,1.1561,1.1561,157
2026-08-10 17:45,1786383900,1.15605,1.15605,1.1559,1.15605,114
2026-08-10 17:50,1786384200,1.15605,1.1561,1.15585,1.15585,185
2026-08-10 17:55,1786384500,1.15585,1.1559,1.1558,1.1559,200
2026-08-10 18:00,1786384800,1.1559,1.156,1.1559,1.15595,216
2026-08-10 18:05,1786385100,1.156,1.15605,1.15595,1.15605,212
2026-08-10 18:10,1786385400,1.15605,1.1561,1.156,1.156,146
2026-08-10 18:15,1786385700,1.15595,1.15595,1.15585,1.15585,239
2026-08-10 18:20,1786386000,1.15585,1.1559,1.15575,1.15585,299
2026-08-10 18:25,1786386300,1.15585,1.15595,1.1558,1.15585,369
2026-08-10 18:30,1786386600,1.1558,1.1561,1.15575,1.15595,810
2026-08-10 18:35,1786386900,1.15595,1.156,1.1559,1.156,298
2026-08-10 18:40,1786387200,1.15605,1.1561,1.156,1.1561,343
2026-08-10 18:45,1786387500,1.15605,1.1561,1.15595,1.15595,478
2026-08-10 18:50,1786387800,1.15595,1.15595,1.1556,1.15565,775
2026-08-10 18:55,1786388100,1.1556,1.1559,1.1556,1.1558,2449
2026-08-10 19:00,1786388400,1.1558,1.15585,1.1557,1.1557,568
2026-08-10 19:05,1786388700,1.1557,1.15575,1.15565,1.1557,141
2026-08-10 19:10,1786389000,1.15565,1.15575,1.15565,1.15575,247
2026-08-10 19:15,1786389300,1.15575,1.1558,1.15565,1.1558,157
2026-08-10 19:20,1786389600,1.1558,1.1559,1.15575,1.15585,110
2026-08-10 19:25,1786389900,1.1558,1.15585,1.1558,1.1558,100
2026-08-10 19:30,1786390200,1.15585,1.1559,1.15575,1.15575,301
2026-08-10 19:35,1786390500,1.15575,1.1559,1.15575,1.1558,158
2026-08-10 19:40,1786390800,1.1558,1.15595,1.1558,1.1559,162
2026-08-10 19:45,1786391100,1.1559,1.15595,1.15585,1.1559,120
2026-08-10 19:50,1786391400,1.1559,1.15595,1.1558,1.1558,243
2026-08-10 19:55,1786391700,1.15585,1.15585,1.1557,1.1557,481
2026-08-10 20:00,1786392000,1.1558,1.1559,1.15575,1.1558,186
2026-08-10 20:05,1786392300,1.15585,1.1559,1.1558,1.15585,39
2026-08-10 20:10,1786392600,1.15585,1.1559,1.15585,1.1559,53
2026-08-10 20:15,1786392900,1.1559,1.1559,1.15585,1.15585,93
2026-08-10 20:20,1786393200,1.15585,1.15585,1.1558,1.15585,113
2026-08-10 20:25,1786393500,1.1558,1.1558,1.15575,1.15575,299
2026-08-10 20:30,1786393800,1.1558,1.1558,1.15575,1.1558,26
2026-08-10 20:35,1786394100,1.1558,1.15585,1.1558,1.15585,95
2026-08-10 20:40,1786394400,1.15585,1.15585,1.15585,1.15585,20
2026-08-10 20:45,1786394700,1.1558,1.15585,1.15575,1.15585,88
2026-08-10 20:50,1786395000,1.15585,1.1559,1.1558,1.15585,59
2026-08-10 20:55,1786395300,1.15585,1.15595,1.1558,1.15595,0
2026-08-10 22:00,1786399200,1.15585,1.156,1.15585,1.1559,61
2026-08-10 22:05,1786399500,1.1559,1.15595,1.15585,1.1559,94
2026-08-10 22:10,1786399800,1.15585,1.1559,1.15585,1.1559,5
2026-08-10 22:15,1786400100,1.1559,1.1559,1.15585,1.15585,6
2026-08-10 22:20,1786400400,1.15585,1.15585,1.1558,1.1558,41
2026-08-10 22:25,1786400700,1.15585,1.15585,1.15585,1.15585,1
2026-08-10 22:30,1786401000,1.15585,1.15585,1.15585,1.15585,23
2026-08-10 22:35,1786401300,1.15585,1.1559,1.15585,1.1559,34
2026-08-10 22:40,1786401600,1.1559,1.1559,1.15585,1.15585,2
2026-08-10 22:45,1786401900,1.15595,1.156,1.1559,1.1559,18
2026-08-10 22:50,1786402200,1.15595,1.15595,1.15595,1.15595,1
2026-08-10 22:55,1786402500,1.15595,1.15595,1.15595,1.15595,5
2026-08-10 23:00,1786402800,1.15595,1.15595,1.1559,1.1559,61
2026-08-10 23:05,1786403100,1.15595,1.15595,1.1559,1.1559,12
2026-08-10 23:10,1786403400,1.1559,1.1559,1.15585,1.1559,13
2026-08-10 23:15,1786403700,1.1559,1.1559,1.15585,1.15585,2
2026-08-10 23:20,1786404000,1.1559,1.15595,1.15585,1.15585,21
2026-08-10 23:25,1786404300,1.15585,1.15585,1.15585,1.15585,3
2026-08-10 23:30,1786404600,1.15585,1.15585,1.1558,1.1558,5
2026-08-10 23:35,1786404900,1.1558,1.1559,1.1558,1.1559,59
2026-08-10 23:40,1786405200,1.15585,1.1559,1.15585,1.15585,38
2026-08-10 23:45,1786405500,1.1559,1.15605,1.1559,1.156,93
2026-08-10 23:50,1786405800,1.156,1.156,1.156,1.156,45
2026-08-10 23:55,1786406100,1.156,1.15625,1.156,1.1562,109
2026-08-11 00:00,1786406400,1.1562,1.1563,1.15615,1.1562,108
2026-08-11 00:05,1786406700,1.1562,1.1562,1.1561,1.1562,44
2026-08-11 00:10,1786407000,1.15625,1.1563,1.15625,1.15625,24
2026-08-11 00:15,1786407300,1.15625,1.1564,1.15625,1.1563,420
2026-08-11 00:20,1786407600,1.15625,1.15635,1.15625,1.1563,137
2026-08-11 00:25,1786407900,1.1563,1.1564,1.1563,1.1564,41
2026-08-11 00:30,1786408200,1.1564,1.1564,1.15625,1.1563,110
2026-08-11 00:35,1786408500,1.1563,1.1564,1.15625,1.15635,37
2026-08-11 00:40,1786408800,1.15635,1.15655,1.15635,1.15645,185
2026-08-11 00:45,1786409100,1.15645,1.15645,1.15635,1.15635,11
2026-08-11 00:50,1786409400,1.1563,1.1564,1.15625,1.15625,34
2026-08-11 00:55,1786409700,1.1563,1.15635,1.1562,1.1562,57
2026-08-11 01:00,1786410000,1.15615,1.1562,1.1559,1.15595,118
2026-08-11 01:05,1786410300,1.15595,1.15625,1.15595,1.1562,76
2026-08-11 01:10,1786410600,1.1562,1.1563,1.15615,1.1563,47
2026-08-11 01:15,1786410900,1.1563,1.1565,1.1563,1.15645,39
2026-08-11 01:20,1786411200,1.1564,1.15645,1.15635,1.15635,34
2026-08-11 01:25,1786411500,1.15635,1.1564,1.1563,1.1564,38
2026-08-11 01:30,1786411800,1.1564,1.15655,1.1564,1.1565,32
2026-08-11 01:35,1786412100,1.1565,1.1565,1.1564,1.1564,38
2026-08-11 01:40,1786412400,1.15645,1.15645,1.15625,1.15625,29
2026-08-11 01:45,1786412700,1.1562,1.1564,1.1562,1.1564,21
2026-08-11 01:50,1786413000,1.15635,1.1564,1.15635,1.1564,27
2026-08-11 01:55,1786413300,1.15645,1.15645,1.1562,1.1562,59
2026-08-11 02:00,1786413600,1.1562,1.1562,1.1561,1.15615,89
2026-08-11 02:05,1786413900,1.15615,1.1562,1.15595,1.15595,176
2026-08-11 02:10,1786414200,1.156,1.15605,1.15595,1.15605,20
2026-08-11 02:15,1786414500,1.15605,1.15605,1.1559,1.1559,59
2026-08-11 02:20,1786414800,1.1559,1.1559,1.15565,1.15565,105
2026-08-11 02:25,1786415100,1.15565,1.15585,1.15565,1.1557,76
2026-08-11 02:30,1786415400,1.1557,1.1558,1.15565,1.1558,53
2026-08-11 02:35,1786415700,1.15575,1.1558,1.1557,1.1557,100
2026-08-11 02:40,1786416000,1.15575,1.15575,1.15575,1.15575,34
2026-08-11 02:45,1786416300,1.15575,1.15575,1.1555,1.1556,127
2026-08-11 02:50,1786416600,1.1556,1.15565,1.1555,1.1555,82
2026-08-11 02:55,1786416900,1.1555,1.15565,1.15545,1.15555,295
2026-08-11 03:00,1786417200,1.1556,1.15565,1.15555,1.15555,58
2026-08-11 03:05,1786417500,1.1556,1.15575,1.1556,1.15565,80
2026-08-11 03:10,1786417800,1.1557,1.1558,1.15565,1.1558,50
2026-08-11 03:15,1786418100,1.1558,1.1559,1.1558,1.15585,56
2026-08-11 03:20,1786418400,1.1559,1.1559,1.15575,1.15585,91
2026-08-11 03:25,1786418700,1.1558,1.15605,1.1558,1.15605,131
2026-08-11 03:30,1786419000,1.15605,1.15605,1.156,1.156,9
2026-08-11 03:35,1786419300,1.15605,1.15605,1.1559,1.15595,100
2026-08-11 03:40,1786419600,1.15595,1.15595,1.1559,1.15595,16
2026-08-11 03:45,1786419900,1.1559,1.1559,1.1559,1.1559,68
2026-08-11 03:50,1786420200,1.15585,1.15585,1.1558,1.15585,36
2026-08-11 03:55,1786420500,1.15585,1.15585,1.15585,1.15585,85
2026-08-11 04:10,1786421400,1.15595,1.15595,1.15595,1.15595,5
2026-08-11 04:15,1786421700,1.15595,1.15605,1.15595,1.156,24
2026-08-11 04:20,1786422000,1.156,1.156,1.15595,1.15595,18
2026-08-11 04:25,1786422300,1.156,1.15605,1.156,1.15605,34
2026-08-11 04:30,1786422600,1.15605,1.1561,1.1559,1.1559,356
2026-08-11 04:35,1786422900,1.15585,1.15585,1.1558,1.1558,117
2026-08-11 04:40,1786423200,1.15585,1.15585,1.15565,1.1557,59
2026-08-11 04:45,1786423500,1.1557,1.1559,1.15555,1.15555,256
2026-08-11 04:50,1786423800,1.15555,1.1557,1.1555,1.1557,69
2026-08-11 04:55,1786424100,1.1557,1.15585,1.1557,1.15585,77
2026-08-11 05:00,1786424400,1.15585,1.15585,1.15575,1.15575,23
2026-08-11 05:05,1786424700,1.1557,1.15575,1.15565,1.15575,23
2026-08-11 05:10,1786425000,1.1557,1.1557,1.15565,1.15565,19
2026-08-11 05:15,1786425300,1.1557,1.1557,1.15565,1.15565,33
2026-08-11 05:20,1786425600,1.15565,1.1557,1.15555,1.1557,75
2026-08-11 05:25,1786425900,1.15565,1.1557,1.15565,1.1557,46
2026-08-11 05:30,1786426200,1.1556,1.1557,1.1556,1.1557,34
2026-08-11 05:35,1786426500,1.15575,1.1558,1.15565,1.1558,121
2026-08-11 05:40,1786426800,1.1558,1.15585,1.15575,1.15585,45
2026-08-11 05:45,1786427100,1.1558,1.15585,1.1557,1.15575,55
2026-08-11 05:50,1786427400,1.1557,1.1557,1.1554,1.15545,99
2026-08-11 05:55,1786427700,1.1555,1.15565,1.1555,1.15565,81
2026-08-11 06:00,1786428000,1.1557,1.1559,1.1556,1.15575,195
2026-08-11 06:05,1786428300,1.1558,1.1558,1.15565,1.1557,53
2026-08-11 06:10,1786428600,1.15565,1.1557,1.1556,1.1556,135
2026-08-11 06:15,1786428900,1.15555,1.15565,1.15535,1.1554,217
2026-08-11 06:20,1786429200,1.15535,1.15535,1.155,1.15505,689
2026-08-11 06:25,1786429500,1.15505,1.15535,1.15505,1.15525,477
2026-08-11 06:30,1786429800,1.15525,1.1553,1.15485,1.15505,584
2026-08-11 06:35,1786430100,1.15505,1.1553,1.155,1.1553,352
2026-08-11 06:40,1786430400,1.1553,1.15535,1.1552,1.15525,233
2026-08-11 06:45,1786430700,1.1552,1.15525,1.1551,1.1552,184
2026-08-11 06:50,1786431000,1.1552,1.15525,1.155,1.15505,234
2026-08-11 06:55,1786431300,1.1551,1.15525,1.155,1.15525,174
2026-08-11 07:00,1786431600,1.1553,1.1555,1.15525,1.15545,590
2026-08-11 07:05,1786431900,1.15545,1.15555,1.15535,1.1554,492
2026-08-11 07:10,1786432200,1.1554,1.15545,1.15535,1.15545,131
2026-08-11 07:15,1786432500,1.1554,1.15545,1.1552,1.1554,267
2026-08-11 07:20,1786432800,1.1554,1.1554,1.15515,1.15525,209
2026-08-11 07:25,1786433100,1.1552,1.15535,1.1552,1.15535,327
2026-08-11 07:30,1786433400,1.15535,1.1554,1.15525,1.15525,305
2026-08-11 07:35,1786433700,1.15525,1.1553,1.15495,1.15495,286
2026-08-11 07:40,1786434000,1.155,1.15505,1.15485,1.15485,236
2026-08-11 07:45,1786434300,1.15485,1.15505,1.1548,1.15495,252
2026-08-11 07:50,1786434600,1.155,1.15505,1.15485,1.155,339
2026-08-11 07:55,1786434900,1.15495,1.15505,1.1547,1.15475,320
2026-08-11 08:00,1786435200,1.15475,1.15485,1.1547,1.15485,873
2026-08-11 08:05,1786435500,1.15485,1.15495,1.1547,1.15495,368
2026-08-11 08:10,1786435800,1.15495,1.15495,1.15475,1.15485,294
2026-08-11 08:15,1786436100,1.1549,1.15495,1.15485,1.15485,133
2026-08-11 08:20,1786436400,1.15485,1.15495,1.1548,1.1549,228
2026-08-11 08:25,1786436700,1.1549,1.155,1.1548,1.155,372
2026-08-11 08:30,1786437000,1.15495,1.1551,1.15495,1.155,602
2026-08-11 08:35,1786437300,1.155,1.1553,1.15495,1.1552,512
2026-08-11 08:40,1786437600,1.15525,1.15545,1.15525,1.1554,356
2026-08-11 08:45,1786437900,1.15535,1.15535,1.1552,1.1553,391
2026-08-11 08:50,1786438200,1.1553,1.1553,1.1551,1.1551,101
2026-08-11 08:55,1786438500,1.15515,1.15525,1.1551,1.15515,209
2026-08-11 09:00,1786438800,1.1552,1.1552,1.15505,1.15515,250
2026-08-11 09:05,1786439100,1.15515,1.15515,1.1549,1.155,107
2026-08-11 09:10,1786439400,1.155,1.15505,1.155,1.155,198
2026-08-11 09:15,1786439700,1.155,1.15505,1.155,1.155,152
2026-08-11 09:20,1786440000,1.15505,1.15505,1.1549,1.1549,207
2026-08-11 09:25,1786440300,1.1549,1.155,1.15485,1.15495,142
2026-08-11 09:30,1786440600,1.15495,1.155,1.15485,1.15495,710
2026-08-11 09:35,1786440900,1.155,1.155,1.1549,1.15495,158
2026-08-11 09:40,1786441200,1.1549,1.155,1.15485,1.155,106
2026-08-11 09:45,1786441500,1.15495,1.1552,1.15495,1.1552,348
2026-08-11 09:50,1786441800,1.15515,1.1552,1.1551,1.15515,152
2026-08-11 09:55,1786442100,1.1552,1.1553,1.15515,1.1553,305
2026-08-11 10:00,1786442400,1.15525,1.15525,1.15505,1.15515,188
2026-08-11 10:05,1786442700,1.1552,1.1554,1.1552,1.1552,153
2026-08-11 10:10,1786443000,1.15525,1.1554,1.15515,1.15515,127
2026-08-11 10:15,1786443300,1.1552,1.1552,1.15495,1.155,495
2026-08-11 10:20,1786443600,1.15495,1.15525,1.1549,1.15505,473
2026-08-11 10:25,1786443900,1.155,1.15535,1.155,1.15525,280
2026-08-11 10:30,1786444200,1.1552,1.1553,1.1551,1.1553,209
2026-08-11 10:35,1786444500,1.1553,1.1554,1.15525,1.15535,170
2026-08-11 10:40,1786444800,1.1553,1.1554,1.1552,1.1552,124
2026-08-11 10:45,1786445100,1.1552,1.1552,1.15515,1.15515,90
2026-08-11 10:50,1786445400,1.1552,1.1552,1.15505,1.15505,102
2026-08-11 10:55,1786445700,1.15505,1.1552,1.15505,1.1552,164
2026-08-11 11:00,1786446000,1.15515,1.1559,1.155,1.1557,2119
2026-08-11 11:05,1786446300,1.15575,1.1559,1.15555,1.15555,834
2026-08-11 11:10,1786446600,1.1556,1.1558,1.1556,1.15575,274
2026-08-11 11:15,1786446900,1.15575,1.1558,1.1555,1.15555,186
2026-08-11 11:20,1786447200,1.15555,1.15555,1.1554,1.15545,87
2026-08-11 11:25,1786447500,1.15545,1.15555,1.15545,1.15545,232
2026-08-11 11:30,1786447800,1.1555,1.1555,1.15525,1.1554,463
2026-08-11 11:35,1786448100,1.15545,1.15545,1.1554,1.1554,309
2026-08-11 11:40,1786448400,1.1554,1.1554,1.15515,1.15515,173
2026-08-11 11:45,1786448700,1.1552,1.15525,1.15505,1.1551,263
2026-08-11 11:50,1786449000,1.15515,1.1553,1.1551,1.15515,305
2026-08-11 11:55,1786449300,1.15515,1.1553,1.1551,1.1552,372
2026-08-11 12:00,1786449600,1.15515,1.15535,1.15515,1.15525,464
2026-08-11 12:05,1786449900,1.15525,1.1556,1.1552,1.15555,305
2026-08-11 12:10,1786450200,1.1556,1.1556,1.1553,1.15535,268
2026-08-11 12:15,1786450500,1.15535,1.1554,1.15525,1.1554,199
2026-08-11 12:20,1786450800,1.1554,1.1555,1.15495,1.1551,1855
2026-08-11 12:25,1786451100,1.1551,1.1553,1.15505,1.15525,320
2026-08-11 12:30,1786451400,1.1553,1.15575,1.15525,1.15555,474
2026-08-11 12:35,1786451700,1.15555,1.1556,1.15545,1.1555,161
2026-08-11 12:40,1786452000,1.15545,1.15565,1.15535,1.15565,444
2026-08-11 12:45,1786452300,1.15565,1.1558,1.1556,1.15575,373
2026-08-11 12:50,1786452600,1.1558,1.1558,1.15565,1.1557,302
2026-08-11 12:55,1786452900,1.1557,1.156,1.1556,1.15575,1052
2026-08-11 13:00,1786453200,1.15575,1.1561,1.15575,1.15585,472
2026-08-11 13:05,1786453500,1.15585,1.156,1.1558,1.1559,618
2026-08-11 13:10,1786453800,1.1559,1.156,1.15575,1.1558,506
2026-08-11 13:15,1786454100,1.1558,1.156,1.15565,1.1557,771
2026-08-11 13:20,1786454400,1.1557,1.1561,1.15565,1.156,936
2026-08-11 13:25,1786454700,1.15605,1.15605,1.15575,1.15575,378
2026-08-11 13:30,1786455000,1.15575,1.15575,1.15545,1.1556,897
2026-08-11 13:35,1786455300,1.15565,1.15595,1.1556,1.15595,534
2026-08-11 13:40,1786455600,1.15595,1.1561,1.15585,1.15605,448
2026-08-11 13:45,1786455900,1.15605,1.1563,1.15605,1.1562,923
2026-08-11 13:50,1786456200,1.1562,1.15645,1.15605,1.1561,1278
2026-08-11 13:55,1786456500,1.15605,1.15615,1.15595,1.15595,735
2026-08-11 14:00,1786456800,1.15595,1.15595,1.15555,1.1557,706
2026-08-11 14:05,1786457100,1.15575,1.1559,1.15565,1.1557,619
2026-08-11 14:10,1786457400,1.1556,1.1557,1.15545,1.1557,581
2026-08-11 14:15,1786457700,1.1557,1.1558,1.15555,1.1557,587
2026-08-11 14:20,1786458000,1.15575,1.1558,1.1556,1.1557,439
2026-08-11 14:25,1786458300,1.1557,1.1558,1.15535,1.1555,662
2026-08-11 14:30,1786458600,1.1555,1.15575,1.15545,1.1557,196
2026-08-11 14:35,1786458900,1.15565,1.1558,1.1556,1.15575,249
2026-08-11 14:40,1786459200,1.15575,1.1558,1.15565,1.1558,323
2026-08-11 14:45,1786459500,1.1558,1.1559,1.1556,1.1556,210
2026-08-11 14:50,1786459800,1.1556,1.1559,1.1556,1.15585,440
2026-08-11 14:55,1786460100,1.15585,1.15585,1.1557,1.15585,912
2026-08-11 15:00,1786460400,1.15585,1.15605,1.15575,1.1559,1060
2026-08-11 15:05,1786460700,1.15585,1.15585,1.1555,1.1556,779
2026-08-11 15:10,1786461000,1.15565,1.1557,1.15535,1.15535,245
2026-08-11 15:15,1786461300,1.1553,1.15535,1.1552,1.15535,515
2026-08-11 15:20,1786461600,1.1553,1.15565,1.1553,1.1555,581
2026-08-11 15:25,1786461900,1.1555,1.15565,1.1555,1.1556,323
2026-08-11 15:30,1786462200,1.15555,1.1557,1.15525,1.1553,997
2026-08-11 15:35,1786462500,1.1553,1.15545,1.1553,1.15545,563
2026-08-11 15:40,1786462800,1.1554,1.15545,1.15525,1.15535,401
2026-08-11 15:45,1786463100,1.1554,1.1556,1.15535,1.1555,254
2026-08-11 15:50,1786463400,1.1555,1.15565,1.15545,1.15565,265
2026-08-11 15:55,1786463700,1.1557,1.1559,1.15565,1.15585,503
2026-08-11 16:00,1786464000,1.1559,1.15595,1.1557,1.1557,730
2026-08-11 16:05,1786464300,1.15565,1.15575,1.1556,1.15575,524
2026-08-11 16:10,1786464600,1.1558,1.15585,1.1557,1.15575,139
2026-08-11 16:15,1786464900,1.1557,1.1557,1.1555,1.1555,195
2026-08-11 16:20,1786465200,1.1555,1.1556,1.1555,1.1556,261
2026-08-11 16:25,1786465500,1.1556,1.15575,1.1556,1.1557,192
2026-08-11 16:30,1786465800,1.1557,1.1557,1.1556,1.15565,167
2026-08-11 16:35,1786466100,1.15565,1.15575,1.15565,1.15575,135
2026-08-11 16:40,1786466400,1.15575,1.1558,1.15565,1.1557,130
2026-08-11 16:45,1786466700,1.1557,1.1557,1.1556,1.15565,135
2026-08-11 16:50,1786467000,1.15565,1.1557,1.1555,1.15555,947
2026-08-11 16:55,1786467300,1.1555,1.1556,1.1555,1.1555,982
2026-08-11 17:00,1786467600,1.15555,1.1556,1.1555,1.15555,238
2026-08-11 17:05,1786467900,1.1555,1.1555,1.1552,1.1552,425
2026-08-11 17:10,1786468200,1.15515,1.15525,1.15515,1.15515,1136
2026-08-11 17:15,1786468500,1.15515,1.1553,1.1551,1.15525,138
2026-08-11 17:20,1786468800,1.15525,1.15535,1.1552,1.15525,158
2026-08-11 17:25,1786469100,1.1552,1.1552,1.15505,1.1551,178
2026-08-11 17:30,1786469400,1.15515,1.1552,1.1551,1.1551,187
2026-08-11 17:35,1786469700,1.1551,1.15525,1.15505,1.15525,197
2026-08-11 17:40,1786470000,1.15525,1.1554,1.15525,1.1553,81
2026-08-11 17:45,1786470300,1.1553,1.1555,1.1553,1.15545,137
2026-08-11 17:50,1786470600,1.15545,1.15545,1.1554,1.1554,153
2026-08-11 17:55,1786470900,1.1554,1.1554,1.15525,1.15535,228
2026-08-11 18:00,1786471200,1.15535,1.1554,1.15525,1.1553,282
2026-08-11 18:05,1786471500,1.1553,1.1553,1.1552,1.1552,103
2026-08-11 18:10,1786471800,1.1552,1.15525,1.15515,1.1552,188
2026-08-11 18:15,1786472100,1.1552,1.15525,1.15515,1.15515,234
2026-08-11 18:20,1786472400,1.1552,1.1552,1.1551,1.15515,89
2026-08-11 18:25,1786472700,1.1552,1.1553,1.1552,1.15525,214
2026-08-11 18:30,1786473000,1.15525,1.15555,1.1552,1.15555,414
2026-08-11 18:35,1786473300,1.1555,1.15565,1.1555,1.1556,176
2026-08-11 18:40,1786473600,1.1556,1.1557,1.15555,1.1557,227
2026-08-11 18:45,1786473900,1.1557,1.1558,1.1557,1.1557,355
2026-08-11 18:50,1786474200,1.1557,1.1557,1.15555,1.15555,214
2026-08-11 18:55,1786474500,1.15555,1.15565,1.1555,1.1556,919
2026-08-11 19:00,1786474800,1.15565,1.1557,1.15565,1.15565,510
2026-08-11 19:05,1786475100,1.1556,1.15575,1.1556,1.15575,165
2026-08-11 19:10,1786475400,1.15575,1.1558,1.1557,1.15575,182
2026-08-11 19:15,1786475700,1.15575,1.15575,1.15555,1.1556,179
2026-08-11 19:20,1786476000,1.1556,1.15575,1.1556,1.15575,102
2026-08-11 19:25,1786476300,1.15575,1.1558,1.15575,1.1558,54
2026-08-11 19:30,1786476600,1.1558,1.15585,1.1558,1.15585,468
2026-08-11 19:35,1786476900,1.15585,1.15585,1.15575,1.15585,62
2026-08-11 19:40,1786477200,1.15585,1.15585,1.15575,1.1558,75
2026-08-11 19:45,1786477500,1.15575,1.15585,1.15575,1.15585,210
2026-08-11 19:50,1786477800,1.15585,1.15585,1.1558,1.1558,14
2026-08-11 19:55,1786478100,1.1558,1.1559,1.15575,1.15585,330
2026-08-11 20:00,1786478400,1.1559,1.15595,1.1558,1.1559,192
2026-08-11 20:05,1786478700,1.1559,1.15595,1.1559,1.15595,44
2026-08-11 20:10,1786479000,1.15595,1.15595,1.1558,1.1558,28
2026-08-11 20:15,1786479300,1.1558,1.1558,1.15575,1.15575,43
2026-08-11 20:20,1786479600,1.1558,1.1558,1.15575,1.1558,5
2026-08-11 20:25,1786479900,1.1558,1.1558,1.1557,1.1557,114
2026-08-11 20:30,1786480200,1.1557,1.15575,1.1557,1.15575,38
2026-08-11 20:35,1786480500,1.1557,1.15575,1.15565,1.15565,30
2026-08-11 20:40,1786480800,1.15565,1.15565,1.15555,1.15555,69
2026-08-11 20:45,1786481100,1.15555,1.1557,1.15555,1.1557,91
2026-08-11 20:50,1786481400,1.15575,1.1558,1.1557,1.1557,97
2026-08-11 20:55,1786481700,1.1558,1.15595,1.15575,1.15595,202
2026-08-11 22:00,1786485600,1.15605,1.15605,1.15585,1.15585,0
2026-08-11 22:05,1786485900,1.15585,1.1559,1.1558,1.1558,76
2026-08-11 22:10,1786486200,1.1558,1.15585,1.1558,1.15585,207
2026-08-11 22:15,1786486500,1.1558,1.15585,1.15575,1.1558,101
2026-08-11 22:20,1786486800,1.15585,1.15585,1.15575,1.1558,87
2026-08-11 22:25,1786487100,1.15585,1.15585,1.15585,1.15585,10
2026-08-11 22:30,1786487400,1.15585,1.1559,1.15575,1.15575,79
2026-08-11 22:35,1786487700,1.1558,1.1558,1.1557,1.1557,40
2026-08-11 22:40,1786488000,1.15575,1.1558,1.1557,1.15575,70
2026-08-11 22:45,1786488300,1.15575,1.1558,1.15575,1.1558,5
2026-08-11 22:50,1786488600,1.1558,1.1558,1.1558,1.1558,14
2026-08-11 22:55,1786488900,1.15585,1.1559,1.15585,1.1559,29
2026-08-11 23:00,1786489200,1.15585,1.1559,1.15585,1.15585,25
2026-08-11 23:05,1786489500,1.1558,1.1559,1.1558,1.1559,19
2026-08-11 23:10,1786489800,1.1559,1.1559,1.1558,1.1558,19
2026-08-11 23:15,1786490100,1.1558,1.1558,1.1558,1.1558,11
2026-08-11 23:20,1786490400,1.1558,1.15585,1.1558,1.15585,28
2026-08-11 23:25,1786490700,1.15585,1.15585,1.1557,1.1557,44
2026-08-11 23:30,1786491000,1.15575,1.1558,1.15565,1.1557,90
2026-08-11 23:35,1786491300,1.15575,1.1558,1.1557,1.1558,13
2026-08-11 23:40,1786491600,1.1558,1.15585,1.1558,1.15585,41
2026-08-11 23:45,1786491900,1.15585,1.15585,1.1558,1.15585,87
2026-08-11 23:50,1786492200,1.15585,1.1559,1.1558,1.1558,19
2026-08-11 23:55,1786492500,1.1559,1.15595,1.15585,1.15585,29
2026-08-12 00:00,1786492800,1.1559,1.156,1.1558,1.15595,62
2026-08-12 00:05,1786493100,1.15595,1.15595,1.1558,1.15595,20
2026-08-12 00:10,1786493400,1.15595,1.156,1.1559,1.1559,51
2026-08-12 00:15,1786493700,1.1559,1.156,1.1559,1.156,63
2026-08-12 00:20,1786494000,1.156,1.156,1.15595,1.156,23
2026-08-12 00:25,1786494300,1.15595,1.156,1.1559,1.15595,131
2026-08-12 00:30,1786494600,1.15595,1.15595,1.15585,1.15585,12
2026-08-12 00:35,1786494900,1.15585,1.15585,1.1558,1.15585,57
2026-08-12 00:40,1786495200,1.1559,1.15595,1.1558,1.1558,35
2026-08-12 00:45,1786495500,1.1558,1.1558,1.15565,1.15565,46
2026-08-12 00:50,1786495800,1.1557,1.1557,1.1555,1.15555,151
2026-08-12 00:55,1786496100,1.15555,1.1557,1.1555,1.15565,168
2026-08-12 01:00,1786496400,1.1556,1.1556,1.15535,1.15535,135
2026-08-12 01:05,1786496700,1.1554,1.1555,1.1553,1.15535,165
2026-08-12 01:10,1786497000,1.1553,1.1553,1.1552,1.1553,244
2026-08-12 01:15,1786497300,1.1553,1.1554,1.15525,1.1553,128
2026-08-12 01:20,1786497600,1.15535,1.15535,1.15525,1.1553,65
2026-08-12 01:25,1786497900,1.15525,1.15535,1.15525,1.15535,138
2026-08-12 01:30,1786498200,1.15535,1.15545,1.15535,1.1554,166
2026-08-12 01:35,1786498500,1.15535,1.1554,1.1553,1.1554,27
2026-08-12 01:40,1786498800,1.1554,1.1555,1.1554,1.1555,39
2026-08-12 01:45,1786499100,1.1555,1.15555,1.1555,1.1555,19
2026-08-12 01:50,1786499400,1.1555,1.1555,1.1554,1.15545,39
2026-08-12 01:55,1786499700,1.15545,1.15545,1.15535,1.15535,56
2026-08-12 02:00,1786500000,1.1553,1.1553,1.1552,1.15525,21
2026-08-12 02:05,1786500300,1.1553,1.15535,1.15525,1.15535,71
2026-08-12 02:10,1786500600,1.15535,1.1554,1.1552,1.1552,46
2026-08-12 02:15,1786500900,1.1552,1.1552,1.1551,1.15515,148
2026-08-12 02:20,1786501200,1.1551,1.1552,1.1551,1.15515,156
2026-08-12 02:25,1786501500,1.1552,1.15525,1.1552,1.15525,23
2026-08-12 02:30,1786501800,1.15525,1.1554,1.15525,1.15535,124
2026-08-12 02:35,1786502100,1.15535,1.1555,1.15535,1.1554,208
2026-08-12 02:40,1786502400,1.1554,1.15545,1.1553,1.15545,15
2026-08-12 02:45,1786502700,1.15545,1.15545,1.1553,1.15535,395
2026-08-12 02:50,1786503000,1.15535,1.15535,1.1553,1.15535,41
2026-08-12 02:55,1786503300,1.15535,1.15535,1.15525,1.15535,71
2026-08-12 03:00,1786503600,1.15535,1.15535,1.15525,1.15525,40
2026-08-12 03:05,1786503900,1.15525,1.1553,1.15525,1.1553,30
2026-08-12 03:10,1786504200,1.15535,1.15535,1.1553,1.1553,76
2026-08-12 03:15,1786504500,1.15525,1.1553,1.15525,1.1553,16
2026-08-12 03:20,1786504800,1.1553,1.15535,1.15525,1.1553,11
2026-08-12 03:25,1786505100,1.15525,1.1553,1.1552,1.1552,33
2026-08-12 03:30,1786505400,1.15525,1.1553,1.1552,1.1552,32
2026-08-12 03:35,1786505700,1.15525,1.1553,1.1552,1.1552,44
2026-08-12 03:40,1786506000,1.1552,1.1552,1.15515,1.15515,49
2026-08-12 03:45,1786506300,1.1551,1.15515,1.1551,1.15515,96
2026-08-12 03:50,1786506600,1.15515,1.15515,1.15505,1.15505,43
2026-08-12 03:55,1786506900,1.1551,1.1551,1.155,1.155,30
2026-08-12 04:05,1786507500,1.1551,1.1551,1.1551,1.1551,286
2026-08-12 04:10,1786507800,1.1551,1.1551,1.155,1.155,70
2026-08-12 04:15,1786508100,1.155,1.155,1.1548,1.1549,381
2026-08-12 04:20,1786508400,1.1549,1.15495,1.1549,1.15495,14
2026-08-12 04:25,1786508700,1.1549,1.155,1.15485,1.15495,340
2026-08-12 04:30,1786509000,1.15495,1.155,1.15495,1.155,17
2026-08-12 04:35,1786509300,1.155,1.155,1.15495,1.155,33
2026-08-12 04:40,1786509600,1.155,1.15515,1.155,1.1551,39
2026-08-12 04:45,1786509900,1.1551,1.1551,1.1551,1.1551,5
2026-08-12 04:50,1786510200,1.1551,1.1551,1.155,1.15505,26
2026-08-12 04:55,1786510500,1.15505,1.15515,1.15505,1.1551,56
2026-08-12 05:00,1786510800,1.1551,1.15515,1.155,1.155,35
2026-08-12 05:05,1786511100,1.15495,1.155,1.15495,1.15495,22
2026-08-12 05:10,1786511400,1.15495,1.15495,1.15485,1.15485,239
2026-08-12 05:15,1786511700,1.15485,1.1549,1.15485,1.15485,71
2026-08-12 05:20,1786512000,1.15485,1.15485,1.15475,1.15475,50
2026-08-12 05:25,1786512300,1.1548,1.15485,1.15475,1.15485,87
2026-08-12 05:30,1786512600,1.1549,1.15505,1.1549,1.155,123
2026-08-12 05:35,1786512900,1.15495,1.155,1.15495,1.155,81
2026-08-12 05:40,1786513200,1.155,1.155,1.15495,1.15495,26
2026-08-12 05:45,1786513500,1.1549,1.1549,1.15485,1.15485,46
2026-08-12 05:50,1786513800,1.15485,1.1549,1.1548,1.1549,55
2026-08-12 05:55,1786514100,1.15495,1.15495,1.15485,1.15495,83
2026-08-12 06:00,1786514400,1.15495,1.155,1.15485,1.15495,234
2026-08-12 06:05,1786514700,1.15495,1.155,1.1549,1.155,115
2026-08-12 06:10,1786515000,1.15495,1.15505,1.15495,1.15505,122
2026-08-12 06:15,1786515300,1.155,1.15515,1.155,1.1551,133
2026-08-12 06:20,1786515600,1.15505,1.15505,1.15505,1.15505,109
2026-08-12 06:25,1786515900,1.1551,1.1551,1.155,1.15505,118
2026-08-12 06:30,1786516200,1.15505,1.15515,1.15495,1.1551,96
2026-08-12 06:35,1786516500,1.1551,1.1551,1.155,1.155,160
2026-08-12 06:40,1786516800,1.155,1.1551,1.155,1.155,150
2026-08-12 06:45,1786517100,1.15505,1.1551,1.155,1.155,136
2026-08-12 06:50,1786517400,1.155,1.15505,1.1549,1.1549,447
2026-08-12 06:55,1786517700,1.155,1.15525,1.15495,1.1552,486
2026-08-12 07:00,1786518000,1.15525,1.1553,1.15515,1.15515,339
2026-08-12 07:05,1786518300,1.15515,1.15545,1.15515,1.1554,320
2026-08-12 07:10,1786518600,1.1554,1.15545,1.1553,1.15535,325
2026-08-12 07:15,1786518900,1.15535,1.15545,1.15535,1.15545,124
2026-08-12 07:20,1786519200,1.15545,1.15545,1.1553,1.15535,193
2026-08-12 07:25,1786519500,1.15535,1.1554,1.15525,1.15525,95
2026-08-12 07:30,1786519800,1.1553,1.1554,1.15525,1.1553,185
2026-08-12 07:35,1786520100,1.15525,1.15545,1.15525,1.15545,178
2026-08-12 07:40,1786520400,1.1554,1.1554,1.1553,1.1553,157
2026-08-12 07:45,1786520700,1.15525,1.15535,1.15525,1.15535,54
2026-08-12 07:50,1786521000,1.15535,1.15535,1.1553,1.1553,293
2026-08-12 07:55,1786521300,1.1553,1.1553,1.1551,1.15525,271
2026-08-12 08:00,1786521600,1.1553,1.1553,1.155,1.155,158
2026-08-12 08:05,1786521900,1.155,1.15525,1.155,1.1552,463
2026-08-12 08:10,1786522200,1.1552,1.15525,1.15515,1.15525,167
2026-08-12 08:15,1786522500,1.1552,1.1554,1.15515,1.15535,210
2026-08-12 08:20,1786522800,1.15535,1.1555,1.1553,1.1553,241
2026-08-12 08:25,1786523100,1.1553,1.15535,1.15525,1.15535,170
2026-08-12 08:30,1786523400,1.1553,1.1554,1.1552,1.1552,867
2026-08-12 08:35,1786523700,1.15525,1.1554,1.1552,1.1554,152
2026-08-12 08:40,1786524000,1.15535,1.15555,1.15535,1.15555,291
2026-08-12 08:45,1786524300,1.15555,1.15555,1.1553,1.1554,358
2026-08-12 08:50,1786524600,1.15545,1.15545,1.15535,1.15535,203
2026-08-12 08:55,1786524900,1.15535,1.15535,1.1552,1.15525,260
2026-08-12 09:00,1786525200,1.15525,1.1555,1.15525,1.1555,116
2026-08-12 09:05,1786525500,1.15545,1.1555,1.15525,1.15535,301
2026-08-12 09:10,1786525800,1.15535,1.15565,1.15535,1.15565,450
2026-08-12 09:15,1786526100,1.1556,1.15575,1.1556,1.15565,475
2026-08-12 09:20,1786526400,1.15565,1.15655,1.15555,1.15615,1914
2026-08-12 09:25,1786526700,1.1562,1.1562,1.15575,1.1558,506
2026-08-12 09:30,1786527000,1.15585,1.156,1.1558,1.15585,690
2026-08-12 09:35,1786527300,1.1559,1.1559,1.15545,1.1556,661
2026-08-12 09:40,1786527600,1.1556,1.1557,1.15535,1.1554,406
2026-08-12 09:45,1786527900,1.1554,1.15545,1.15525,1.15525,250
2026-08-12 09:50,1786528200,1.1553,1.1555,1.15505,1.1552,737
2026-08-12 09:55,1786528500,1.1552,1.1552,1.15505,1.15515,336
2026-08-12 10:00,1786528800,1.1551,1.1553,1.15505,1.1552,312
2026-08-12 10:05,1786529100,1.15525,1.1554,1.15515,1.1552,207
2026-08-12 10:10,1786529400,1.15525,1.1553,1.15515,1.15515,234
2026-08-12 10:15,1786529700,1.15515,1.15535,1.1551,1.1553,301
2026-08-12 10:20,1786530000,1.1553,1.15535,1.15525,1.1553,327
2026-08-12 10:25,1786530300,1.15525,1.1554,1.15525,1.1553,344
2026-08-12 10:30,1786530600,1.1553,1.1553,1.15515,1.15525,208
2026-08-12 10:35,1786530900,1.1552,1.15525,1.1551,1.15525,143
2026-08-12 10:40,1786531200,1.15525,1.15525,1.15515,1.15525,134
2026-08-12 10:45,1786531500,1.1552,1.1554,1.1548,1.15495,1715
2026-08-12 10:50,1786531800,1.155,1.15505,1.15485,1.155,416
2026-08-12 10:55,1786532100,1.155,1.15515,1.15495,1.15505,312
2026-08-12 11:00,1786532400,1.15495,1.15515,1.15495,1.1551,240
2026-08-12 11:05,1786532700,1.15505,1.1552,1.155,1.155,234
2026-08-12 11:10,1786533000,1.155,1.1551,1.1549,1.155,217
2026-08-12 11:15,1786533300,1.155,1.15515,1.15495,1.1551,150
2026-08-12 11:20,1786533600,1.1551,1.15525,1.155,1.15525,189
2026-08-12 11:25,1786533900,1.15525,1.15545,1.15515,1.15545,368
2026-08-12 11:30,1786534200,1.1554,1.1555,1.15535,1.1554,221
2026-08-12 11:35,1786534500,1.1553,1.1555,1.1553,1.1554,592
2026-08-12 11:40,1786534800,1.1555,1.1556,1.1555,1.15555,406
2026-08-12 11:45,1786535100,1.1556,1.15575,1.15555,1.15565,272
2026-08-12 11:50,1786535400,1.1557,1.15605,1.15565,1.156,963
2026-08-12 11:55,1786535700,1.156,1.1561,1.15585,1.1559,729
2026-08-12 12:00,1786536000,1.1559,1.15605,1.15575,1.15595,733
2026-08-12 12:05,1786536300,1.156,1.1561,1.15585,1.15605,265
2026-08-12 12:10,1786536600,1.15605,1.1561,1.15595,1.15605,696
2026-08-12 12:15,1786536900,1.15605,1.15605,1.1558,1.15585,516
2026-08-12 12:20,1786537200,1.1558,1.156,1.15575,1.1558,995
2026-08-12 12:25,1786537500,1.1558,1.15635,1.15565,1.15625,880
2026-08-12 12:30,1786537800,1.1564,1.15795,1.15455,1.15645,9421
2026-08-12 12:35,1786538100,1.1564,1.15705,1.1562,1.157,3108
2026-08-12 12:40,1786538400,1.15695,1.1575,1.1567,1.15735,1995
2026-08-12 12:45,1786538700,1.15725,1.1573,1.15675,1.15715,1441
2026-08-12 12:50,1786539000,1.1572,1.1574,1.157,1.1574,1651
2026-08-12 12:55,1786539300,1.15735,1.1575,1.15705,1.1575,1460
2026-08-12 13:00,1786539600,1.1575,1.15765,1.15715,1.1572,2598
2026-08-12 13:05,1786539900,1.1572,1.15785,1.1572,1.1576,1753
2026-08-12 13:10,1786540200,1.1576,1.1577,1.15655,1.1566,2582
2026-08-12 13:15,1786540500,1.1566,1.15715,1.15645,1.15685,1423
2026-08-12 13:20,1786540800,1.1569,1.15695,1.15655,1.1568,804
2026-08-12 13:25,1786541100,1.15675,1.15695,1.15665,1.15695,495
2026-08-12 13:30,1786541400,1.157,1.1572,1.1569,1.15705,840
2026-08-12 13:35,1786541700,1.15705,1.15705,1.1564,1.15655,808
2026-08-12 13:40,1786542000,1.1566,1.1566,1.15615,1.1562,1382
2026-08-12 13:45,1786542300,1.1562,1.1566,1.1561,1.15645,876
2026-08-12 13:50,1786542600,1.1565,1.1569,1.1565,1.1567,500
2026-08-12 13:55,1786542900,1.1567,1.1568,1.15665,1.15675,711
2026-08-12 14:00,1786543200,1.15675,1.1569,1.15655,1.1569,776
2026-08-12 14:05,1786543500,1.1569,1.1569,1.1565,1.15655,543
2026-08-12 14:10,1786543800,1.1565,1.15665,1.15645,1.15655,498
2026-08-12 14:15,1786544100,1.15655,1.1568,1.1565,1.1566,727
2026-08-12 14:20,1786544400,1.15665,1.157,1.15665,1.1567,395
2026-08-12 14:25,1786544700,1.1567,1.15685,1.15635,1.1564,1224
2026-08-12 14:30,1786545000,1.1564,1.15665,1.1558,1.1562,2872
2026-08-12 14:35,1786545300,1.1563,1.1565,1.1562,1.15635,707
2026-08-12 14:40,1786545600,1.15635,1.15645,1.156,1.156,961
2026-08-12 14:45,1786545900,1.15605,1.15625,1.15565,1.1559,2784
2026-08-12 14:50,1786546200,1.1559,1.1559,1.15545,1.15575,1134
2026-08-12 14:55,1786546500,1.1558,1.1559,1.15565,1.15585,1592
2026-08-12 15:00,1786546800,1.1558,1.1559,1.15535,1.1554,1762
2026-08-12 15:05,1786547100,1.1554,1.15575,1.15535,1.1557,798
2026-08-12 15:10,1786547400,1.1557,1.15595,1.15565,1.1558,635
2026-08-12 15:15,1786547700,1.15575,1.1558,1.1555,1.1556,877
2026-08-12 15:20,1786548000,1.15565,1.15575,1.1556,1.1557,677
2026-08-12 15:25,1786548300,1.1557,1.15575,1.1554,1.1555,647
2026-08-12 15:30,1786548600,1.1555,1.1556,1.1554,1.1555,798
2026-08-12 15:35,1786548900,1.1555,1.1556,1.1554,1.1555,324
2026-08-12 15:40,1786549200,1.1555,1.15555,1.15515,1.1552,446
2026-08-12 15:45,1786549500,1.1552,1.15525,1.15505,1.1552,548
2026-08-12 15:50,1786549800,1.15515,1.15535,1.1551,1.15535,856
2026-08-12 15:55,1786550100,1.15535,1.15555,1.15535,1.15545,554
2026-08-12 16:00,1786550400,1.15545,1.15555,1.1552,1.1553,1253
2026-08-12 16:05,1786550700,1.1553,1.1553,1.1549,1.15505,894
2026-08-12 16:10,1786551000,1.155,1.1552,1.15495,1.1551,784
2026-08-12 16:15,1786551300,1.1551,1.1551,1.15475,1.1548,508
2026-08-12 16:20,1786551600,1.15485,1.15485,1.1547,1.15475,991
2026-08-12 16:25,1786551900,1.1548,1.1549,1.15465,1.1547,390
2026-08-12 16:30,1786552200,1.1547,1.15475,1.1544,1.1544,1133
2026-08-12 16:35,1786552500,1.15445,1.1545,1.15435,1.1545,373
2026-08-12 16:40,1786552800,1.1545,1.15465,1.15445,1.15455,629
2026-08-12 16:45,1786553100,1.1546,1.1546,1.154,1.15405,1254
2026-08-12 16:50,1786553400,1.15405,1.15435,1.154,1.1543,778
2026-08-12 16:55,1786553700,1.15425,1.1544,1.1542,1.1543,368
2026-08-12 17:00,1786554000,1.15435,1.1546,1.1543,1.15445,845
2026-08-12 17:05,1786554300,1.15445,1.15455,1.15435,1.15445,167
2026-08-12 17:10,1786554600,1.15445,1.15445,1.15435,1.15435,2068
2026-08-12 17:15,1786554900,1.1543,1.1543,1.15415,1.1542,200
2026-08-12 17:20,1786555200,1.15425,1.15435,1.15415,1.1542,442
2026-08-12 17:25,1786555500,1.15425,1.15435,1.15425,1.15425,148
2026-08-12 17:30,1786555800,1.15435,1.15445,1.15425,1.1543,420
2026-08-12 17:35,1786556100,1.15425,1.1543,1.15405,1.1541,444
2026-08-12 17:40,1786556400,1.15405,1.1542,1.15375,1.15375,2420
2026-08-12 17:45,1786556700,1.15375,1.1541,1.15375,1.15395,1163
2026-08-12 17:50,1786557000,1.15395,1.15395,1.1538,1.15385,207
2026-08-12 17:55,1786557300,1.1538,1.15385,1.15365,1.15365,420
2026-08-12 18:00,1786557600,1.15365,1.1537,1.1535,1.1537,706
2026-08-12 18:05,1786557900,1.1537,1.15375,1.1536,1.15375,264
2026-08-12 18:10,1786558200,1.15375,1.1541,1.15375,1.15395,872
2026-08-12 18:15,1786558500,1.15395,1.154,1.1539,1.15395,159
2026-08-12 18:20,1786558800,1.15395,1.15405,1.15395,1.154,258
2026-08-12 18:25,1786559100,1.15405,1.15425,1.154,1.154,476
2026-08-12 18:30,1786559400,1.154,1.154,1.1538,1.1539,203
2026-08-12 18:35,1786559700,1.154,1.154,1.1539,1.1539,203
2026-08-12 18:40,1786560000,1.1539,1.1539,1.15385,1.15385,96
2026-08-12 18:45,1786560300,1.1539,1.15395,1.1538,1.1539,204
2026-08-12 18:50,1786560600,1.1539,1.1539,1.15375,1.15375,64
2026-08-12 18:55,1786560900,1.15375,1.15375,1.1535,1.15365,1711
2026-08-12 19:00,1786561200,1.1536,1.1538,1.15355,1.15365,599
2026-08-12 19:05,1786561500,1.15365,1.1537,1.1536,1.1537,300
2026-08-12 19:10,1786561800,1.1537,1.1538,1.1537,1.15375,192
2026-08-12 19:15,1786562100,1.1538,1.15385,1.15375,1.15385,66
2026-08-12 19:20,1786562400,1.15385,1.154,1.15385,1.15385,354
2026-08-12 19:25,1786562700,1.1538,1.15385,1.15375,1.15375,86
2026-08-12 19:30,1786563000,1.15375,1.15375,1.15365,1.1537,353
2026-08-12 19:35,1786563300,1.15365,1.1538,1.15365,1.15375,134
2026-08-12 19:40,1786563600,1.1537,1.1538,1.15365,1.15375,489
2026-08-12 19:45,1786563900,1.1538,1.1538,1.1537,1.15375,207
2026-08-12 19:50,1786564200,1.15375,1.15375,1.15365,1.15365,124
2026-08-12 19:55,1786564500,1.15365,1.1538,1.1535,1.15375,790
2026-08-12 20:00,1786564800,1.15375,1.1539,1.1537,1.1537,195
2026-08-12 20:05,1786565100,1.15375,1.15395,1.15375,1.1538,158
2026-08-12 20:10,1786565400,1.1538,1.1538,1.1537,1.15375,51
2026-08-12 20:15,1786565700,1.15375,1.15375,1.1537,1.15375,59
2026-08-12 20:20,1786566000,1.1537,1.1538,1.1537,1.15375,90
2026-08-12 20:25,1786566300,1.15375,1.1538,1.1537,1.1538,121
2026-08-12 20:30,1786566600,1.15375,1.1538,1.15375,1.1538,54
2026-08-12 20:35,1786566900,1.15385,1.154,1.15385,1.1539,131
2026-08-12 20:40,1786567200,1.1539,1.15395,1.1539,1.15395,96
2026-08-12 20:45,1786567500,1.15395,1.15415,1.15395,1.1541,340
2026-08-12 20:50,1786567800,1.15415,1.15415,1.154,1.154,207
2026-08-12 20:55,1786568100,1.15395,1.1541,1.1539,1.15405,228
2026-08-12 22:00,1786572000,1.1538,1.1539,1.15375,1.15385,0
2026-08-12 22:05,1786572300,1.15385,1.15385,1.1538,1.1538,4
2026-08-12 22:10,1786572600,1.1538,1.1539,1.15375,1.15385,36
2026-08-12 22:15,1786572900,1.1539,1.1539,1.1539,1.1539,7
2026-08-12 22:20,1786573200,1.1539,1.1539,1.1539,1.1539,14
2026-08-12 22:25,1786573500,1.1539,1.1539,1.15385,1.15385,45
2026-08-12 22:30,1786573800,1.15395,1.15395,1.1539,1.1539,38
2026-08-12 22:35,1786574100,1.1539,1.15395,1.1539,1.15395,2
2026-08-12 22:40,1786574400,1.15395,1.15395,1.15395,1.15395,28
2026-08-12 22:45,1786574700,1.15395,1.15395,1.15395,1.15395,4
2026-08-12 22:50,1786575000,1.154,1.15405,1.154,1.15405,11
2026-08-12 22:55,1786575300,1.15405,1.1541,1.15405,1.1541,14
2026-08-12 23:00,1786575600,1.15405,1.15415,1.15405,1.1541,51
2026-08-12 23:05,1786575900,1.1541,1.1541,1.15405,1.1541,23
2026-08-12 23:10,1786576200,1.1541,1.1541,1.15405,1.1541,31
2026-08-12 23:15,1786576500,1.1541,1.15415,1.1541,1.1541,104
2026-08-12 23:20,1786576800,1.1541,1.15415,1.15405,1.15415,99
2026-08-12 23:25,1786577100,1.15415,1.15415,1.1541,1.1541,18
2026-08-12 23:30,1786577400,1.1541,1.15415,1.15405,1.1541,103
2026-08-12 23:35,1786577700,1.15405,1.1541,1.154,1.15405,25
2026-08-12 23:40,1786578000,1.15405,1.1541,1.15405,1.1541,24
2026-08-12 23:45,1786578300,1.1541,1.15415,1.1541,1.1541,51
2026-08-12 23:50,1786578600,1.15405,1.15415,1.15405,1.15415,37
2026-08-12 23:55,1786578900,1.15415,1.1542,1.15415,1.15415,55
2026-08-13 00:00,1786579200,1.1542,1.1544,1.1542,1.1543,313
2026-08-13 00:05,1786579500,1.1543,1.15435,1.1543,1.15435,175
2026-08-13 00:10,1786579800,1.15435,1.15435,1.15425,1.15425,43
2026-08-13 00:15,1786580100,1.1543,1.15435,1.15425,1.15435,187
2026-08-13 00:20,1786580400,1.1544,1.1544,1.1543,1.1544,106
2026-08-13 00:25,1786580700,1.1544,1.1544,1.15425,1.1543,121
2026-08-13 00:30,1786581000,1.15435,1.1545,1.15435,1.1545,457
2026-08-13 00:35,1786581300,1.1545,1.15455,1.1544,1.1544,109
2026-08-13 00:40,1786581600,1.1544,1.1545,1.1544,1.15445,58
2026-08-13 00:45,1786581900,1.1544,1.1544,1.1542,1.1542,103
2026-08-13 00:50,1786582200,1.1542,1.15425,1.1541,1.15415,68
2026-08-13 00:55,1786582500,1.15415,1.15435,1.154,1.1543,405
2026-08-13 01:00,1786582800,1.1543,1.1544,1.15415,1.1542,184
2026-08-13 01:05,1786583100,1.15425,1.15425,1.1541,1.15425,122
2026-08-13 01:10,1786583400,1.15425,1.15435,1.15425,1.1543,152
2026-08-13 01:15,1786583700,1.15425,1.15445,1.15425,1.15435,116
2026-08-13 01:20,1786584000,1.15435,1.1544,1.1543,1.1544,140
2026-08-13 01:25,1786584300,1.1544,1.1544,1.1543,1.15435,120
2026-08-13 01:30,1786584600,1.15435,1.1545,1.1543,1.1545,82
2026-08-13 01:35,1786584900,1.15445,1.1545,1.1543,1.15435,98
2026-08-13 01:40,1786585200,1.15435,1.15435,1.1542,1.1542,150
2026-08-13 01:45,1786585500,1.1542,1.1542,1.15405,1.1541,259
2026-08-13 01:50,1786585800,1.15405,1.1541,1.1538,1.1538,400
2026-08-13 01:55,1786586100,1.1538,1.1539,1.15375,1.15385,207
2026-08-13 02:00,1786586400,1.15385,1.15395,1.15385,1.1539,62
2026-08-13 02:05,1786586700,1.15395,1.15395,1.1539,1.15395,31
2026-08-13 02:10,1786587000,1.1539,1.1539,1.15375,1.15375,57
2026-08-13 02:15,1786587300,1.1538,1.1538,1.1537,1.15375,109
2026-08-13 02:20,1786587600,1.15375,1.15375,1.15365,1.1537,31
2026-08-13 02:25,1786587900,1.15365,1.1537,1.15355,1.15355,114
2026-08-13 02:30,1786588200,1.15355,1.15365,1.1534,1.15345,345
2026-08-13 02:35,1786588500,1.15345,1.15345,1.15335,1.1534,181
2026-08-13 02:40,1786588800,1.15345,1.1536,1.1534,1.15355,24
2026-08-13 02:45,1786589100,1.15355,1.1536,1.1535,1.1536,37
2026-08-13 02:50,1786589400,1.15355,1.15355,1.15355,1.15355,5
2026-08-13 02:55,1786589700,1.1535,1.1536,1.1535,1.1536,76
2026-08-13 03:00,1786590000,1.15355,1.1536,1.15345,1.1536,78
2026-08-13 03:05,1786590300,1.1536,1.1538,1.1536,1.15365,749
2026-08-13 03:10,1786590600,1.15365,1.15375,1.15355,1.1536,232
2026-08-13 03:15,1786590900,1.1535,1.15355,1.1535,1.1535,4
2026-08-13 03:20,1786591200,1.1535,1.1536,1.15335,1.1535,113
2026-08-13 03:25,1786591500,1.15355,1.1536,1.1535,1.1536,87
2026-08-13 03:30,1786591800,1.15355,1.1537,1.15355,1.1536,28
2026-08-13 03:35,1786592100,1.15365,1.15365,1.1536,1.15365,13
2026-08-13 03:40,1786592400,1.1537,1.1537,1.1537,1.1537,29
2026-08-13 03:45,1786592700,1.1537,1.1537,1.15355,1.1536,36
2026-08-13 03:50,1786593000,1.1536,1.1537,1.1536,1.1536,25
2026-08-13 03:55,1786593300,1.1536,1.15365,1.15355,1.1536,103
2026-08-13 04:05,1786593900,1.15355,1.15355,1.15355,1.15355,3
2026-08-13 04:10,1786594200,1.1535,1.1535,1.15345,1.15345,19
2026-08-13 04:15,1786594500,1.1535,1.1535,1.1535,1.1535,35
2026-08-13 04:20,1786594800,1.15345,1.1535,1.15335,1.15345,48
2026-08-13 04:25,1786595100,1.1535,1.15355,1.1535,1.15355,18
2026-08-13 04:30,1786595400,1.1535,1.1536,1.1535,1.1536,43
2026-08-13 04:35,1786595700,1.1535,1.15355,1.1535,1.15355,14
2026-08-13 04:40,1786596000,1.15355,1.1536,1.15355,1.1536,39
2026-08-13 04:45,1786596300,1.15355,1.1538,1.15355,1.15375,382
2026-08-13 04:50,1786596600,1.15375,1.1538,1.1537,1.1537,105
2026-08-13 04:55,1786596900,1.15375,1.15405,1.15375,1.15395,244
2026-08-13 05:00,1786597200,1.15395,1.154,1.1539,1.1539,195
2026-08-13 05:05,1786597500,1.154,1.154,1.1539,1.1539,36
2026-08-13 05:10,1786597800,1.15395,1.15395,1.15385,1.15395,34
2026-08-13 05:15,1786598100,1.15395,1.154,1.15395,1.15395,55
2026-08-13 05:20,1786598400,1.15395,1.154,1.15395,1.154,46
2026-08-13 05:25,1786598700,1.15405,1.1541,1.15405,1.15405,86
2026-08-13 05:30,1786599000,1.154,1.154,1.15385,1.1539,51
2026-08-13 05:35,1786599300,1.1539,1.1539,1.15385,1.1539,20
2026-08-13 05:40,1786599600,1.1539,1.15395,1.1538,1.1538,42
2026-08-13 05:45,1786599900,1.1538,1.1538,1.15375,1.1538,57
2026-08-13 05:50,1786600200,1.15375,1.1539,1.15375,1.1539,61
2026-08-13 05:55,1786600500,1.15385,1.154,1.1538,1.15395,71
2026-08-13 06:00,1786600800,1.15395,1.154,1.15375,1.15375,522
2026-08-13 06:05,1786601100,1.15375,1.15375,1.15355,1.1536,99
2026-08-13 06:10,1786601400,1.1536,1.1536,1.15345,1.15345,444
2026-08-13 06:15,1786601700,1.1534,1.15355,1.1534,1.1535,277
2026-08-13 06:20,1786602000,1.1535,1.1536,1.1534,1.1534,295
2026-08-13 06:25,1786602300,1.1534,1.1534,1.1531,1.1532,599
2026-08-13 06:30,1786602600,1.1532,1.1532,1.15255,1.15265,1484
2026-08-13 06:35,1786602900,1.1526,1.1529,1.1526,1.1528,553
2026-08-13 06:40,1786603200,1.1528,1.15305,1.1528,1.153,213
2026-08-13 06:45,1786603500,1.15305,1.15305,1.1529,1.15305,221
2026-08-13 06:50,1786603800,1.15305,1.1532,1.15305,1.1531,224
2026-08-13 06:55,1786604100,1.15315,1.1532,1.15305,1.1532,294
2026-08-13 07:00,1786604400,1.15315,1.1534,1.15315,1.15325,310
2026-08-13 07:05,1786604700,1.15325,1.1533,1.1532,1.1533,221
2026-08-13 07:10,1786605000,1.1533,1.1533,1.15305,1.15315,296
2026-08-13 07:15,1786605300,1.1532,1.15335,1.1532,1.1533,155
2026-08-13 07:20,1786605600,1.1533,1.1535,1.15325,1.15345,254
2026-08-13 07:25,1786605900,1.1535,1.15355,1.15345,1.15355,195
2026-08-13 07:30,1786606200,1.15355,1.15365,1.1534,1.1535,266
2026-08-13 07:35,1786606500,1.15355,1.1538,1.15355,1.15365,350
2026-08-13 07:40,1786606800,1.1537,1.1539,1.1537,1.15385,224
2026-08-13 07:45,1786607100,1.15385,1.15405,1.15385,1.15385,267
2026-08-13 07:50,1786607400,1.15385,1.1541,1.1538,1.1541,515
2026-08-13 07:55,1786607700,1.1541,1.1542,1.15395,1.154,277
2026-08-13 08:00,1786608000,1.15395,1.154,1.15365,1.15375,255
2026-08-13 08:05,1786608300,1.1537,1.1539,1.15365,1.1539,218
2026-08-13 08:10,1786608600,1.15385,1.154,1.15385,1.1539,228
2026-08-13 08:15,1786608900,1.1539,1.1539,1.1538,1.15385,180
2026-08-13 08:20,1786609200,1.1538,1.15385,1.1538,1.1538,128
2026-08-13 08:25,1786609500,1.15375,1.1539,1.15375,1.15385,138
2026-08-13 08:30,1786609800,1.1539,1.154,1.15385,1.15395,567
2026-08-13 08:35,1786610100,1.15395,1.154,1.15385,1.15395,218
2026-08-13 08:40,1786610400,1.154,1.1541,1.15395,1.15405,185
2026-08-13 08:45,1786610700,1.15405,1.15425,1.15405,1.1542,245
2026-08-13 08:50,1786611000,1.15415,1.1542,1.15395,1.15395,291
2026-08-13 08:55,1786611300,1.15395,1.15395,1.15375,1.15375,328
2026-08-13 09:00,1786611600,1.15375,1.15385,1.15375,1.1538,1280
2026-08-13 09:05,1786611900,1.15375,1.154,1.15375,1.15395,549
2026-08-13 09:10,1786612200,1.15395,1.1542,1.15395,1.1542,299
2026-08-13 09:15,1786612500,1.1542,1.1544,1.15415,1.1543,226
2026-08-13 09:20,1786612800,1.1543,1.15445,1.1543,1.15445,206
2026-08-13 09:25,1786613100,1.15445,1.1546,1.15445,1.1545,315
2026-08-13 09:30,1786613400,1.15445,1.15465,1.15435,1.1545,342
2026-08-13 09:35,1786613700,1.15455,1.15465,1.1545,1.1546,332
2026-08-13 09:40,1786614000,1.1546,1.15465,1.15445,1.15455,250
2026-08-13 09:45,1786614300,1.15455,1.1546,1.15445,1.1545,88
2026-08-13 09:50,1786614600,1.15445,1.15465,1.15445,1.1546,206
2026-08-13 09:55,1786614900,1.1546,1.15485,1.1546,1.15485,246
2026-08-13 10:00,1786615200,1.15485,1.15495,1.15475,1.1549,845
2026-08-13 10:05,1786615500,1.1549,1.15505,1.15485,1.15485,299
2026-08-13 10:10,1786615800,1.15485,1.15495,1.15485,1.1549,470
2026-08-13 10:15,1786616100,1.1549,1.15495,1.1548,1.15495,130
2026-08-13 10:20,1786616400,1.15495,1.1551,1.15495,1.15495,307
2026-08-13 10:25,1786616700,1.15495,1.1551,1.15495,1.1551,234
2026-08-13 10:30,1786617000,1.1551,1.15525,1.1551,1.15515,481
2026-08-13 10:35,1786617300,1.1551,1.15525,1.15505,1.15515,211
2026-08-13 10:40,1786617600,1.15515,1.1552,1.15505,1.1551,129
2026-08-13 10:45,1786617900,1.1551,1.1551,1.1549,1.15495,166
2026-08-13 10:50,1786618200,1.15495,1.155,1.15495,1.155,149
2026-08-13 10:55,1786618500,1.155,1.15505,1.15485,1.15495,341
2026-08-13 11:00,1786618800,1.1549,1.15505,1.15485,1.1549,280
2026-08-13 11:05,1786619100,1.15495,1.1551,1.15495,1.15505,135
2026-08-13 11:10,1786619400,1.15505,1.15525,1.15505,1.1552,454
2026-08-13 11:15,1786619700,1.15525,1.15525,1.155,1.1551,392
2026-08-13 11:20,1786620000,1.1551,1.15525,1.15505,1.1552,675
2026-08-13 11:25,1786620300,1.1552,1.15525,1.1551,1.1552,560
2026-08-13 11:30,1786620600,1.15515,1.15515,1.155,1.1551,258
2026-08-13 11:35,1786620900,1.1551,1.1551,1.15495,1.15505,212
2026-08-13 11:40,1786621200,1.15505,1.15505,1.1549,1.15495,198
2026-08-13 11:45,1786621500,1.155,1.155,1.1549,1.15495,246
2026-08-13 11:50,1786621800,1.155,1.15505,1.1548,1.15485,239
2026-08-13 11:55,1786622100,1.15485,1.15485,1.15465,1.1548,619
2026-08-13 12:00,1786622400,1.1548,1.1549,1.15465,1.1547,918
2026-08-13 12:05,1786622700,1.1547,1.15485,1.15465,1.15475,468
2026-08-13 12:10,1786623000,1.1547,1.1548,1.15465,1.15465,502
2026-08-13 12:15,1786623300,1.15465,1.15465,1.15445,1.15445,369
2026-08-13 12:20,1786623600,1.15445,1.1546,1.1544,1.15445,710
2026-08-13 12:25,1786623900,1.15445,1.15465,1.1544,1.1546,1402
2026-08-13 12:30,1786624200,1.1546,1.1555,1.15395,1.1544,4808
2026-08-13 12:35,1786624500,1.1544,1.15455,1.15425,1.15455,753
2026-08-13 12:40,1786624800,1.1545,1.15465,1.1544,1.15455,581
2026-08-13 12:45,1786625100,1.1545,1.15535,1.1545,1.15515,1974
2026-08-13 12:50,1786625400,1.15515,1.1553,1.1548,1.15495,548
2026-08-13 12:55,1786625700,1.155,1.15585,1.155,1.15575,2559
2026-08-13 13:00,1786626000,1.1558,1.1559,1.1555,1.15575,1767
2026-08-13 13:05,1786626300,1.15575,1.15575,1.1554,1.1554,872
2026-08-13 13:10,1786626600,1.1554,1.15545,1.1552,1.15535,736
2026-08-13 13:15,1786626900,1.1554,1.15555,1.15525,1.1553,290
2026-08-13 13:20,1786627200,1.15535,1.15555,1.1551,1.15515,621
2026-08-13 13:25,1786627500,1.1551,1.15515,1.15485,1.1549,800
2026-08-13 13:30,1786627800,1.1549,1.155,1.15465,1.1547,631
2026-08-13 13:35,1786628100,1.15475,1.1548,1.15445,1.15475,1048
2026-08-13 13:40,1786628400,1.15475,1.1549,1.15465,1.1548,689
2026-08-13 13:45,1786628700,1.1548,1.15495,1.1546,1.1546,501
2026-08-13 13:50,1786629000,1.1546,1.15505,1.15445,1.1548,1395
2026-08-13 13:55,1786629300,1.15485,1.155,1.1546,1.1548,1709
2026-08-13 14:00,1786629600,1.1548,1.1552,1.15455,1.15475,1495
2026-08-13 14:05,1786629900,1.1547,1.1552,1.15455,1.155,681
2026-08-13 14:10,1786630200,1.155,1.15555,1.155,1.15555,885
2026-08-13 14:15,1786630500,1.1555,1.15595,1.15545,1.1559,823
2026-08-13 14:20,1786630800,1.1559,1.15595,1.1554,1.1555,687
2026-08-13 14:25,1786631100,1.1555,1.1555,1.1552,1.15525,332
2026-08-13 14:30,1786631400,1.15525,1.15555,1.1551,1.15535,897
2026-08-13 14:35,1786631700,1.1554,1.1555,1.1551,1.1554,509
2026-08-13 14:40,1786632000,1.1554,1.15555,1.1554,1.1554,524
2026-08-13 14:45,1786632300,1.15545,1.1556,1.1553,1.15535,367
2026-08-13 14:50,1786632600,1.1553,1.1557,1.1553,1.1555,553
2026-08-13 14:55,1786632900,1.15545,1.1559,1.15545,1.1558,2141
2026-08-13 15:00,1786633200,1.1558,1.15595,1.15565,1.15575,1657
2026-08-13 15:05,1786633500,1.1558,1.15585,1.1555,1.15555,916
2026-08-13 15:10,1786633800,1.15555,1.15555,1.15515,1.1552,967
2026-08-13 15:15,1786634100,1.1552,1.1552,1.15485,1.1549,946
2026-08-13 15:20,1786634400,1.15495,1.1551,1.15485,1.1551,746
2026-08-13 15:25,1786634700,1.1551,1.1552,1.15465,1.15475,1908
2026-08-13 15:30,1786635000,1.1547,1.15485,1.1547,1.15475,829
2026-08-13 15:35,1786635300,1.15475,1.155,1.15465,1.15495,803
2026-08-13 15:40,1786635600,1.15495,1.155,1.1547,1.1547,577
2026-08-13 15:45,1786635900,1.1547,1.15485,1.1547,1.1548,268
2026-08-13 15:50,1786636200,1.1548,1.1548,1.1545,1.1545,297
2026-08-13 15:55,1786636500,1.15455,1.15465,1.1544,1.15445,423
2026-08-13 16:00,1786636800,1.15445,1.1546,1.1544,1.1546,599
2026-08-13 16:05,1786637100,1.15455,1.1547,1.15445,1.15445,410
2026-08-13 16:10,1786637400,1.1544,1.1544,1.1542,1.15425,432
2026-08-13 16:15,1786637700,1.15425,1.1543,1.15385,1.15385,866
2026-08-13 16:20,1786638000,1.1539,1.1541,1.1538,1.1541,917
2026-08-13 16:25,1786638300,1.1541,1.1542,1.154,1.15405,443
2026-08-13 16:30,1786638600,1.15405,1.15415,1.1539,1.15415,769
2026-08-13 16:35,1786638900,1.15415,1.15425,1.15415,1.15415,598
2026-08-13 16:40,1786639200,1.1541,1.15435,1.1541,1.1543,373
2026-08-13 16:45,1786639500,1.1543,1.1544,1.1543,1.15435,270
2026-08-13 16:50,1786639800,1.15435,1.1544,1.1543,1.1544,325
2026-08-13 16:55,1786640100,1.1544,1.1544,1.1543,1.15435,253
2026-08-13 17:00,1786640400,1.15435,1.15455,1.1542,1.15425,487
2026-08-13 17:05,1786640700,1.15425,1.15435,1.15415,1.1542,386
2026-08-13 17:10,1786641000,1.1542,1.15435,1.1542,1.1542,188
2026-08-13 17:15,1786641300,1.1542,1.1543,1.15415,1.15415,163
2026-08-13 17:20,1786641600,1.1541,1.1542,1.1541,1.15415,100
2026-08-13 17:25,1786641900,1.15415,1.15415,1.154,1.154,219
2026-08-13 17:30,1786642200,1.15405,1.1541,1.154,1.1541,237
2026-08-13 17:35,1786642500,1.1541,1.1543,1.1541,1.1543,258
2026-08-13 17:40,1786642800,1.15425,1.1543,1.1542,1.1543,106
2026-08-13 17:45,1786643100,1.1543,1.1543,1.1542,1.15425,217
2026-08-13 17:50,1786643400,1.15425,1.1543,1.1541,1.15425,335
2026-08-13 17:55,1786643700,1.1543,1.1543,1.1542,1.1542,227
2026-08-13 18:00,1786644000,1.1542,1.15425,1.154,1.1541,466
2026-08-13 18:05,1786644300,1.15415,1.1542,1.1541,1.1542,222
2026-08-13 18:10,1786644600,1.1542,1.1546,1.1542,1.1545,243
2026-08-13 18:15,1786644900,1.1545,1.1545,1.15445,1.15445,144
2026-08-13 18:20,1786645200,1.15445,1.15445,1.15425,1.15425,185
2026-08-13 18:25,1786645500,1.15425,1.1543,1.15425,1.1543,93
2026-08-13 18:30,1786645800,1.1543,1.15435,1.15425,1.15425,80
2026-08-13 18:35,1786646100,1.15425,1.15445,1.15425,1.15445,258
2026-08-13 18:40,1786646400,1.15445,1.15445,1.1544,1.1544,77
2026-08-13 18:45,1786646700,1.15435,1.15445,1.15435,1.15435,80
2026-08-13 18:50,1786647000,1.15435,1.1544,1.15435,1.1544,180
2026-08-13 18:55,1786647300,1.1544,1.15445,1.15425,1.1543,653
2026-08-13 19:00,1786647600,1.15425,1.15435,1.15425,1.15435,465
2026-08-13 19:05,1786647900,1.15435,1.1544,1.1543,1.1544,164
2026-08-13 19:10,1786648200,1.15435,1.1544,1.1543,1.1544,151
2026-08-13 19:15,1786648500,1.1544,1.15445,1.15435,1.15445,54
2026-08-13 19:20,1786648800,1.1545,1.1545,1.15445,1.1545,82
2026-08-13 19:25,1786649100,1.15445,1.15455,1.15445,1.15455,206
2026-08-13 19:30,1786649400,1.1545,1.1545,1.1544,1.15445,432
2026-08-13 19:35,1786649700,1.1544,1.1545,1.1544,1.1544,209
2026-08-13 19:40,1786650000,1.15435,1.1544,1.1542,1.1542,252
2026-08-13 19:45,1786650300,1.1542,1.1542,1.15415,1.1542,119
2026-08-13 19:50,1786650600,1.15425,1.1543,1.1542,1.1543,206
2026-08-13 19:55,1786650900,1.1543,1.1543,1.1542,1.1543,536
2026-08-13 20:00,1786651200,1.1543,1.15435,1.1542,1.1543,242
2026-08-13 20:05,1786651500,1.15425,1.15425,1.15415,1.15415,90
2026-08-13 20:10,1786651800,1.15415,1.15415,1.15405,1.1541,100
2026-08-13 20:15,1786652100,1.15415,1.15415,1.15405,1.1541,29
2026-08-13 20:20,1786652400,1.1541,1.1541,1.1541,1.1541,46
2026-08-13 20:25,1786652700,1.15415,1.1542,1.15415,1.1542,43
2026-08-13 20:30,1786653000,1.1542,1.15425,1.15415,1.1542,73
2026-08-13 20:35,1786653300,1.1542,1.15425,1.1542,1.1542,90
2026-08-13 20:40,1786653600,1.1542,1.1542,1.1541,1.15415,522
2026-08-13 20:45,1786653900,1.15415,1.1543,1.15415,1.1542,45
2026-08-13 20:50,1786654200,1.15425,1.15435,1.15425,1.15435,110
2026-08-13 20:55,1786654500,1.1543,1.1544,1.1543,1.1543,145
2026-08-13 22:00,1786658400,1.1543,1.15445,1.1543,1.15435,0
2026-08-13 22:05,1786658700,1.1544,1.1544,1.15435,1.15435,27
2026-08-13 22:10,1786659000,1.1544,1.1544,1.1542,1.1542,56
2026-08-13 22:15,1786659300,1.1542,1.15435,1.1542,1.15435,80
2026-08-13 22:20,1786659600,1.1544,1.1545,1.1544,1.1544,74
2026-08-13 22:25,1786659900,1.1544,1.1544,1.15435,1.1544,37
2026-08-13 22:30,1786660200,1.1544,1.1544,1.1543,1.15435,21
2026-08-13 22:35,1786660500,1.15435,1.1544,1.1543,1.1544,52
2026-08-13 22:40,1786660800,1.15435,1.15445,1.15435,1.15445,48
2026-08-13 22:45,1786661100,1.15445,1.1545,1.1544,1.15445,49
2026-08-13 22:50,1786661400,1.15445,1.1545,1.1544,1.15445,67
2026-08-13 22:55,1786661700,1.15445,1.1545,1.15445,1.1545,35
2026-08-13 23:00,1786662000,1.1545,1.1547,1.15445,1.1547,108
2026-08-13 23:05,1786662300,1.15465,1.15465,1.1546,1.1546,38
2026-08-13 23:10,1786662600,1.1546,1.15465,1.1546,1.1546,17
2026-08-13 23:15,1786662900,1.1546,1.15465,1.15455,1.15455,65
2026-08-13 23:20,1786663200,1.15455,1.1546,1.15455,1.15455,35
2026-08-13 23:25,1786663500,1.15455,1.15465,1.15455,1.1546,46
2026-08-13 23:30,1786663800,1.15455,1.1546,1.15455,1.1546,39
2026-08-13 23:35,1786664100,1.1546,1.1546,1.15455,1.1546,53
2026-08-13 23:40,1786664400,1.15465,1.1547,1.1546,1.15465,87
2026-08-13 23:45,1786664700,1.15465,1.15475,1.15465,1.1547,44
2026-08-13 23:50,1786665000,1.1547,1.15475,1.15465,1.1547,52
2026-08-13 23:55,1786665300,1.15475,1.15475,1.1547,1.1547,102
2026-08-14 00:00,1786665600,1.1547,1.1549,1.1547,1.15475,215
2026-08-14 00:05,1786665900,1.15485,1.1549,1.1548,1.15485,77
2026-08-14 00:10,1786666200,1.15485,1.15485,1.1547,1.1548,96
2026-08-14 00:15,1786666500,1.1548,1.1549,1.15475,1.1549,56
2026-08-14 00:20,1786666800,1.1549,1.15505,1.1549,1.155,89
2026-08-14 00:25,1786667100,1.155,1.15505,1.15495,1.155,37
2026-08-14 00:30,1786667400,1.155,1.1551,1.15495,1.15505,38
2026-08-14 00:35,1786667700,1.15505,1.1551,1.15495,1.15495,69
2026-08-14 00:40,1786668000,1.15495,1.155,1.15495,1.15495,14
2026-08-14 00:45,1786668300,1.155,1.15505,1.1549,1.1549,39
2026-08-14 00:50,1786668600,1.15495,1.1552,1.1549,1.15515,464
2026-08-14 00:55,1786668900,1.15515,1.15525,1.15505,1.1552,311
2026-08-14 01:00,1786669200,1.15515,1.15515,1.1549,1.155,93
2026-08-14 01:05,1786669500,1.15495,1.15495,1.1548,1.15485,93
2026-08-14 01:10,1786669800,1.15485,1.15485,1.15465,1.1547,18
2026-08-14 01:15,1786670100,1.1547,1.1549,1.15465,1.1547,103
2026-08-14 01:20,1786670400,1.15465,1.1547,1.1546,1.1546,40
2026-08-14 01:25,1786670700,1.15455,1.1548,1.15455,1.1548,30
2026-08-14 01:30,1786671000,1.1547,1.155,1.1547,1.15495,97
2026-08-14 01:35,1786671300,1.15495,1.1551,1.15495,1.1551,37
2026-08-14 01:40,1786671600,1.155,1.155,1.1549,1.155,58
2026-08-14 01:45,1786671900,1.155,1.15505,1.1549,1.15495,48
2026-08-14 01:50,1786672200,1.155,1.15505,1.155,1.15505,45
2026-08-14 01:55,1786672500,1.15505,1.15505,1.1547,1.1547,87
2026-08-14 02:00,1786672800,1.15475,1.15485,1.15475,1.15485,28
2026-08-14 02:05,1786673100,1.15485,1.1549,1.15485,1.1549,40
2026-08-14 02:10,1786673400,1.15495,1.15495,1.1549,1.1549,42
2026-08-14 02:15,1786673700,1.15495,1.155,1.1549,1.1549,25
2026-08-14 02:20,1786674000,1.15495,1.15495,1.1548,1.1549,112
2026-08-14 02:25,1786674300,1.15495,1.155,1.1549,1.1549,39
2026-08-14 02:30,1786674600,1.15495,1.15505,1.15485,1.15505,64
2026-08-14 02:35,1786674900,1.155,1.155,1.15495,1.155,38
2026-08-14 02:40,1786675200,1.15505,1.1551,1.155,1.15505,7
2026-08-14 02:45,1786675500,1.15505,1.15505,1.15485,1.15485,265
2026-08-14 02:50,1786675800,1.15495,1.15495,1.15475,1.15475,90
2026-08-14 02:55,1786676100,1.15475,1.1548,1.1547,1.15475,70
2026-08-14 03:00,1786676400,1.15475,1.15485,1.1547,1.15485,18
2026-08-14 03:05,1786676700,1.1549,1.1549,1.15485,1.1549,19
2026-08-14 03:10,1786677000,1.1548,1.15485,1.1548,1.15485,29
2026-08-14 03:15,1786677300,1.1549,1.15495,1.15485,1.15495,37
2026-08-14 03:20,1786677600,1.155,1.15525,1.15495,1.15505,561
2026-08-14 03:25,1786677900,1.15505,1.15515,1.155,1.15515,97
2026-08-14 03:30,1786678200,1.15515,1.1552,1.1551,1.15515,60
2026-08-14 03:35,1786678500,1.15515,1.15515,1.155,1.15505,38
2026-08-14 03:40,1786678800,1.1551,1.1551,1.15505,1.15505,23
2026-08-14 03:45,1786679100,1.15505,1.15505,1.155,1.15505,11
2026-08-14 03:50,1786679400,1.1551,1.1551,1.15495,1.155,51
2026-08-14 03:55,1786679700,1.155,1.1551,1.1549,1.155,193
2026-08-14 04:05,1786680300,1.15525,1.1553,1.15525,1.1553,99
2026-08-14 04:10,1786680600,1.15535,1.1554,1.1553,1.1553,86
2026-08-14 04:15,1786680900,1.1553,1.1553,1.1552,1.1552,24
2026-08-14 04:20,1786681200,1.15525,1.15525,1.15515,1.1552,139
2026-08-14 04:25,1786681500,1.1552,1.1552,1.15505,1.15505,367
2026-08-14 04:30,1786681800,1.15505,1.15525,1.15505,1.1552,89
2026-08-14 04:35,1786682100,1.15525,1.1553,1.1552,1.15525,142
2026-08-14 04:40,1786682400,1.15525,1.15525,1.15515,1.1552,24
2026-08-14 04:45,1786682700,1.15515,1.1552,1.1551,1.15515,24
2026-08-14 04:50,1786683000,1.1551,1.1553,1.1551,1.15525,19
2026-08-14 04:55,1786683300,1.1553,1.1553,1.1552,1.1552,38
2026-08-14 05:00,1786683600,1.15525,1.1553,1.1552,1.1553,74
2026-08-14 05:05,1786683900,1.1553,1.15535,1.1552,1.1553,51
2026-08-14 05:10,1786684200,1.1553,1.15535,1.1553,1.15535,101
2026-08-14 05:15,1786684500,1.15535,1.1554,1.1553,1.1554,63
2026-08-14 05:20,1786684800,1.15535,1.15535,1.15525,1.1553,56
2026-08-14 05:25,1786685100,1.1553,1.1555,1.1553,1.15545,53
2026-08-14 05:30,1786685400,1.1554,1.15545,1.15535,1.15545,38
2026-08-14 05:35,1786685700,1.1554,1.1554,1.15535,1.1554,69
2026-08-14 05:40,1786686000,1.15545,1.15565,1.1554,1.15545,426
2026-08-14 05:45,1786686300,1.15545,1.15545,1.1554,1.15545,64
2026-08-14 05:50,1786686600,1.15545,1.15545,1.1554,1.15545,51
2026-08-14 05:55,1786686900,1.1554,1.1555,1.15535,1.1555,60
2026-08-14 06:00,1786687200,1.15555,1.1557,1.15555,1.15565,291
2026-08-14 06:05,1786687500,1.15565,1.15575,1.15555,1.15555,164
2026-08-14 06:10,1786687800,1.15555,1.1556,1.1554,1.15545,142
2026-08-14 06:15,1786688100,1.15545,1.1555,1.15535,1.1554,166
2026-08-14 06:20,1786688400,1.1554,1.1555,1.1553,1.1553,64
2026-08-14 06:25,1786688700,1.1553,1.15535,1.15525,1.15535,123
2026-08-14 06:30,1786689000,1.15535,1.15545,1.15535,1.1554,84
2026-08-14 06:35,1786689300,1.15545,1.1556,1.15545,1.15555,177
2026-08-14 06:40,1786689600,1.1555,1.15565,1.1554,1.1556,130
2026-08-14 06:45,1786689900,1.15565,1.1557,1.1555,1.15565,167
2026-08-14 06:50,1786690200,1.15565,1.1557,1.15545,1.1555,186
2026-08-14 06:55,1786690500,1.15555,1.1558,1.15545,1.15575,188
2026-08-14 07:00,1786690800,1.1558,1.156,1.15575,1.15585,455
2026-08-14 07:05,1786691100,1.1558,1.15585,1.15565,1.1558,228
2026-08-14 07:10,1786691400,1.15585,1.1561,1.15585,1.15585,529
2026-08-14 07:15,1786691700,1.15585,1.156,1.1558,1.156,305
2026-08-14 07:20,1786692000,1.156,1.15605,1.1558,1.15585,228
2026-08-14 07:25,1786692300,1.1558,1.15605,1.1558,1.15595,289
2026-08-14 07:30,1786692600,1.156,1.15605,1.1559,1.1559,230
2026-08-14 07:35,1786692900,1.15585,1.1561,1.15585,1.1561,299
2026-08-14 07:40,1786693200,1.1561,1.1563,1.1561,1.1562,459
2026-08-14 07:45,1786693500,1.15625,1.1565,1.15625,1.1564,414
2026-08-14 07:50,1786693800,1.1564,1.1564,1.1562,1.15625,437
2026-08-14 07:55,1786694100,1.15625,1.15645,1.15625,1.15645,215
2026-08-14 08:00,1786694400,1.15645,1.1567,1.1564,1.15655,829
2026-08-14 08:05,1786694700,1.1566,1.1569,1.1566,1.15685,411
2026-08-14 08:10,1786695000,1.15685,1.15685,1.15665,1.15675,345
2026-08-14 08:15,1786695300,1.15675,1.15675,1.1565,1.15655,671
2026-08-14 08:20,1786695600,1.15655,1.15655,1.1564,1.15655,630
2026-08-14 08:25,1786695900,1.15665,1.15675,1.15655,1.15665,241
2026-08-14 08:30,1786696200,1.15665,1.15665,1.1564,1.15655,720
2026-08-14 08:35,1786696500,1.15655,1.157,1.1565,1.157,736
2026-08-14 08:40,1786696800,1.157,1.1571,1.1567,1.1568,434
2026-08-14 08:45,1786697100,1.15675,1.15675,1.1566,1.15665,447
2026-08-14 08:50,1786697400,1.15665,1.15685,1.15655,1.1568,403
2026-08-14 08:55,1786697700,1.15675,1.15695,1.15675,1.15695,254
2026-08-14 09:00,1786698000,1.15685,1.157,1.1568,1.15685,461
2026-08-14 09:05,1786698300,1.15685,1.15695,1.1568,1.1569,173
2026-08-14 09:10,1786698600,1.1569,1.15695,1.1568,1.15685,259
2026-08-14 09:15,1786698900,1.1568,1.1569,1.15675,1.15675,85
2026-08-14 09:20,1786699200,1.15675,1.15675,1.1567,1.15675,212
2026-08-14 09:25,1786699500,1.1568,1.15685,1.1567,1.15675,480
2026-08-14 09:30,1786699800,1.15675,1.15685,1.1565,1.1565,975
2026-08-14 09:35,1786700100,1.15655,1.15665,1.15645,1.15665,627
2026-08-14 09:40,1786700400,1.1566,1.1566,1.1565,1.1566,196
2026-08-14 09:45,1786700700,1.1566,1.1567,1.15655,1.1566,335
2026-08-14 09:50,1786701000,1.15655,1.15675,1.1565,1.15675,809
2026-08-14 09:55,1786701300,1.15675,1.15685,1.15655,1.1568,569
2026-08-14 10:00,1786701600,1.1568,1.1568,1.15655,1.1566,388
2026-08-14 10:05,1786701900,1.1566,1.1567,1.1566,1.1567,166
2026-08-14 10:10,1786702200,1.15675,1.1569,1.15675,1.1568,145
2026-08-14 10:15,1786702500,1.1568,1.15685,1.1568,1.15685,87
2026-08-14 10:20,1786702800,1.1568,1.15685,1.1568,1.1568,238
2026-08-14 10:25,1786703100,1.1568,1.1568,1.1567,1.1567,328
2026-08-14 10:30,1786703400,1.1567,1.15675,1.1566,1.15665,340
2026-08-14 10:35,1786703700,1.15675,1.1568,1.15665,1.1568,174
2026-08-14 10:40,1786704000,1.1568,1.15685,1.1567,1.15685,193
2026-08-14 10:45,1786704300,1.1569,1.15695,1.1568,1.1568,205
2026-08-14 10:50,1786704600,1.1568,1.157,1.1568,1.15685,203
2026-08-14 10:55,1786704900,1.15685,1.1569,1.15675,1.1569,138
2026-08-14 11:00,1786705200,1.1569,1.1572,1.1569,1.1571,411
2026-08-14 11:05,1786705500,1.15705,1.15705,1.1569,1.15695,300
2026-08-14 11:10,1786705800,1.15695,1.15725,1.15695,1.1572,700
2026-08-14 11:15,1786706100,1.15725,1.1576,1.1572,1.1576,1106
2026-08-14 11:20,1786706400,1.1575,1.15775,1.1575,1.1577,963
2026-08-14 11:25,1786706700,1.1577,1.15775,1.1576,1.15765,380
2026-08-14 11:30,1786707000,1.15765,1.1581,1.15755,1.15805,1771
2026-08-14 11:35,1786707300,1.15805,1.1584,1.158,1.15835,1536
2026-08-14 11:40,1786707600,1.15835,1.15855,1.15815,1.15825,589
2026-08-14 11:45,1786707900,1.1583,1.1583,1.158,1.15825,613
2026-08-14 11:50,1786708200,1.1583,1.1584,1.15805,1.15815,943
2026-08-14 11:55,1786708500,1.1581,1.15815,1.15785,1.1579,1771
2026-08-14 12:00,1786708800,1.15795,1.1583,1.15785,1.15815,718
2026-08-14 12:05,1786709100,1.1582,1.15845,1.158,1.158,1474
2026-08-14 12:10,1786709400,1.158,1.158,1.1576,1.1578,1946
2026-08-14 12:15,1786709700,1.1578,1.15815,1.1578,1.15815,356
2026-08-14 12:20,1786710000,1.15815,1.1585,1.1581,1.1584,1323
2026-08-14 12:25,1786710300,1.15835,1.1584,1.158,1.15835,1584
2026-08-14 12:30,1786710600,1.1584,1.1592,1.1584,1.15865,3496
2026-08-14 12:35,1786710900,1.1587,1.1587,1.15815,1.1582,1979
2026-08-14 12:40,1786711200,1.15815,1.1582,1.15795,1.158,1241
2026-08-14 12:45,1786711500,1.1579,1.15835,1.1579,1.1581,517
2026-08-14 12:50,1786711800,1.1581,1.1582,1.15805,1.15815,492
2026-08-14 12:55,1786712100,1.15815,1.15815,1.1577,1.15795,445
2026-08-14 13:00,1786712400,1.15795,1.15805,1.1576,1.15775,853
2026-08-14 13:05,1786712700,1.15775,1.15775,1.15755,1.15775,794
2026-08-14 13:10,1786713000,1.1578,1.15785,1.15765,1.15765,888
2026-08-14 13:15,1786713300,1.1577,1.1578,1.15765,1.1577,268
2026-08-14 13:20,1786713600,1.1577,1.158,1.1576,1.15795,610
2026-08-14 13:25,1786713900,1.158,1.1583,1.158,1.1581,763
2026-08-14 13:30,1786714200,1.1581,1.1585,1.158,1.15845,1365
2026-08-14 13:35,1786714500,1.1585,1.15945,1.1585,1.15945,5006
2026-08-14 13:40,1786714800,1.1595,1.1596,1.15905,1.1595,2110
2026-08-14 13:45,1786715100,1.1595,1.15975,1.15945,1.1596,1562
2026-08-14 13:50,1786715400,1.15955,1.15985,1.15915,1.15925,2434
2026-08-14 13:55,1786715700,1.1592,1.1594,1.1589,1.1594,3330
2026-08-14 14:00,1786716000,1.15935,1.15975,1.1591,1.15945,3798
2026-08-14 14:05,1786716300,1.15945,1.15945,1.1592,1.1593,583
2026-08-14 14:10,1786716600,1.1593,1.15945,1.15925,1.1593,344
2026-08-14 14:15,1786716900,1.1593,1.15965,1.159,1.1591,1270
2026-08-14 14:20,1786717200,1.1591,1.1595,1.1591,1.15945,504
2026-08-14 14:25,1786717500,1.1595,1.1599,1.1595,1.1597,1042
2026-08-14 14:30,1786717800,1.15965,1.15975,1.1593,1.1593,1333
2026-08-14 14:35,1786718100,1.1593,1.15955,1.1592,1.1595,1263
2026-08-14 14:40,1786718400,1.15955,1.15965,1.15915,1.1596,765
2026-08-14 14:45,1786718700,1.15955,1.15955,1.15925,1.1593,704
2026-08-14 14:50,1786719000,1.15925,1.1595,1.15915,1.1593,771
2026-08-14 14:55,1786719300,1.15925,1.15945,1.15915,1.15945,2795
2026-08-14 15:00,1786719600,1.15945,1.1598,1.15935,1.1596,2540
2026-08-14 15:05,1786719900,1.15965,1.1598,1.15945,1.1595,578
2026-08-14 15:10,1786720200,1.15945,1.1596,1.1594,1.1594,943
2026-08-14 15:15,1786720500,1.1594,1.15965,1.1593,1.1593,681
2026-08-14 15:20,1786720800,1.15935,1.15935,1.1591,1.1591,387
2026-08-14 15:25,1786721100,1.1591,1.1595,1.15905,1.15945,1524
2026-08-14 15:30,1786721400,1.1595,1.1598,1.15945,1.1596,860
2026-08-14 15:35,1786721700,1.15955,1.15985,1.15955,1.1596,593
2026-08-14 15:40,1786722000,1.15955,1.15955,1.1594,1.1595,661
2026-08-14 15:45,1786722300,1.1595,1.1599,1.15945,1.15985,1048
2026-08-14 15:50,1786722600,1.1598,1.15985,1.1595,1.1595,622
2026-08-14 15:55,1786722900,1.15955,1.15965,1.1593,1.1594,391
2026-08-14 16:00,1786723200,1.15935,1.15955,1.15925,1.1594,403
2026-08-14 16:05,1786723500,1.1594,1.1595,1.15915,1.1592,866
2026-08-14 16:10,1786723800,1.1592,1.1592,1.159,1.15905,414
2026-08-14 16:15,1786724100,1.159,1.15935,1.159,1.15925,321
2026-08-14 16:20,1786724400,1.1593,1.15935,1.15915,1.1592,216
2026-08-14 16:25,1786724700,1.1592,1.1592,1.1589,1.15895,591
2026-08-14 16:30,1786725000,1.1589,1.15905,1.1588,1.159,864
2026-08-14 16:35,1786725300,1.15905,1.15915,1.159,1.1591,464
2026-08-14 16:40,1786725600,1.1591,1.1591,1.15875,1.15875,364
2026-08-14 16:45,1786725900,1.1588,1.15885,1.1587,1.1587,412
2026-08-14 16:50,1786726200,1.1587,1.1587,1.1585,1.15855,480
2026-08-14 16:55,1786726500,1.15855,1.15855,1.1584,1.15845,721
2026-08-14 17:00,1786726800,1.15845,1.1585,1.1583,1.1583,367
2026-08-14 17:05,1786727100,1.1583,1.1583,1.1581,1.1581,613
2026-08-14 17:10,1786727400,1.1581,1.15815,1.158,1.15805,474
2026-08-14 17:15,1786727700,1.1581,1.15815,1.15775,1.1578,949
2026-08-14 17:20,1786728000,1.1578,1.15785,1.1578,1.1578,298
2026-08-14 17:25,1786728300,1.1578,1.1579,1.15775,1.15785,983
2026-08-14 17:30,1786728600,1.1579,1.1579,1.15775,1.1579,490
2026-08-14 17:35,1786728900,1.1579,1.158,1.15785,1.1579,374
2026-08-14 17:40,1786729200,1.15795,1.15795,1.15775,1.15775,227
2026-08-14 17:45,1786729500,1.1577,1.15775,1.15765,1.1577,379
2026-08-14 17:50,1786729800,1.1577,1.15785,1.15765,1.1578,686
2026-08-14 17:55,1786730100,1.1578,1.15785,1.1577,1.15785,308
2026-08-14 18:00,1786730400,1.1578,1.15785,1.15765,1.15775,830
2026-08-14 18:05,1786730700,1.1578,1.15795,1.15775,1.1579,227
2026-08-14 18:10,1786731000,1.1579,1.1579,1.15765,1.1577,158
2026-08-14 18:15,1786731300,1.1577,1.15775,1.15765,1.15775,126
2026-08-14 18:20,1786731600,1.1578,1.15785,1.1577,1.15775,327
2026-08-14 18:25,1786731900,1.1578,1.158,1.1578,1.158,203
2026-08-14 18:30,1786732200,1.15795,1.15795,1.1578,1.15785,210
2026-08-14 18:35,1786732500,1.1579,1.15795,1.15785,1.1579,99
2026-08-14 18:40,1786732800,1.1579,1.15795,1.1579,1.1579,166
2026-08-14 18:45,1786733100,1.1579,1.15795,1.1578,1.15785,161
2026-08-14 18:50,1786733400,1.1579,1.158,1.15785,1.15795,217
2026-08-14 18:55,1786733700,1.15795,1.158,1.15785,1.1579,1907
2026-08-14 19:00,1786734000,1.1579,1.158,1.1578,1.15785,930
2026-08-14 19:05,1786734300,1.15785,1.1581,1.1578,1.1581,525
2026-08-14 19:10,1786734600,1.15805,1.15815,1.15805,1.15805,335
2026-08-14 19:15,1786734900,1.15805,1.1581,1.158,1.15805,317
2026-08-14 19:20,1786735200,1.15805,1.1582,1.15805,1.15805,370
2026-08-14 19:25,1786735500,1.1581,1.15825,1.1581,1.15815,184
2026-08-14 19:30,1786735800,1.15815,1.15825,1.1581,1.15815,473
2026-08-14 19:35,1786736100,1.15815,1.15815,1.15785,1.15805,345
2026-08-14 19:40,1786736400,1.15805,1.1581,1.15795,1.15795,154
2026-08-14 19:45,1786736700,1.15795,1.1581,1.15795,1.15805,181
2026-08-14 19:50,1786737000,1.15805,1.1582,1.15805,1.1581,530
2026-08-14 19:55,1786737300,1.15805,1.1582,1.158,1.1582,308
2026-08-14 20:00,1786737600,1.1582,1.1583,1.1581,1.15825,447
2026-08-14 20:05,1786737900,1.1582,1.15825,1.1581,1.15825,233
2026-08-14 20:10,1786738200,1.15825,1.15825,1.15815,1.15815,579
2026-08-14 20:15,1786738500,1.15815,1.15815,1.1581,1.15815,94
2026-08-14 20:20,1786738800,1.15815,1.1582,1.15815,1.15815,81
2026-08-14 20:25,1786739100,1.1582,1.15825,1.15815,1.15825,133
2026-08-14 20:30,1786739400,1.1582,1.15835,1.1582,1.1582,86
2026-08-14 20:35,1786739700,1.1582,1.15825,1.15815,1.1582,76
2026-08-14 20:40,1786740000,1.1582,1.15825,1.1581,1.1581,178
2026-08-14 20:45,1786740300,1.1581,1.15825,1.15805,1.15815,142
2026-08-14 20:50,1786740600,1.1582,1.1583,1.1581,1.1583,212
2026-08-14 20:55,1786740900,1.1583,1.1584,1.1579,1.1579,327
